{
  "category": "K_CAST_IRON",
  "subcategory": "austenitic",
  "material_count": 1,
  "generated": "2026-01-26T10:23:20.575829",
  "materials": [
    {
      "iso_group": "K",
      "material_type": "stainless",
      "iso_p_equivalent": "M",
      "physical": {
        "density": 7930.8180719798,
        "melting_point": 1732.6581218198,
        "boiling_point": 3027.6032283294,
        "liquidus_temperature": 1767.3112924179,
        "solidus_temperature": 1646.0252248905,
        "latent_heat_fusion": 339.2674094291,
        "specific_heat": 449.670340832,
        "thermal_conductivity": 115.1037972655,
        "thermal_expansion": 18.8095369712,
        "electrical_resistivity": 7.1308932826,
        "magnetic_permeability": 239.9499541116,
        "poisson_ratio": 0.3740820958,
        "elastic_modulus": 303.5775507392,
        "shear_modulus": 48.8278569895,
        "bulk_modulus": 69.9267590884
      },
      "mechanical": {
        "hardness": {
          "brinell": 468.0097711715,
          "vickers": 491.4102798918,
          "rockwell_c": 36.8009982788,
          "rockwell_b": null
        },
        "tensile_strength": {
          "typical": 916.4835206452,
          "min": 824.8351917424,
          "max": 1008.1318968714
        },
        "yield_strength": {
          "typical": 729.2702254358,
          "min": 656.3432280539,
          "max": 802.1972741411
        },
        "elongation": 29.913315075,
        "reduction_of_area": 38.8873367592,
        "impact_strength": 125.946304108,
        "fatigue_strength": 366.5934374198,
        "fracture_toughness": 77.8266479883,
        "compressive_strength": 1008.1319038714,
        "true_fracture_stress": 1466.373665194,
        "true_fracture_strain": 0.3889062577,
        "strain_rate_sensitivity": 0.0551623668
      },
      "kienzle": {
        "kc1_1": 2693.0448323449,
        "mc": 0.269352401,
        "kc1_1_milling": 2491.7092022609,
        "mc_milling": 0.2116865133,
        "kc1_1_drilling": 3581.6748178537,
        "mc_drilling": 0.2872587209
      },
      "johnson_cook": {
        "A": 729.2702665975,
        "B": 468.0332801852,
        "n": 0.3474180091,
        "C": 0.0242553949,
        "m": 0.5662722679,
        "T_melt": 1732.6581679815,
        "T_ref": 295.6276417893,
        "epsilon_dot_ref": 0.0016529236
      },
      "taylor": {
        "C": 139.8534267715,
        "n": 0.2695251312,
        "C_carbide": 235.4558283344,
        "n_carbide": 0.3575564352,
        "C_ceramic": 182.8082961219,
        "n_ceramic": 0.2399809016,
        "C_cbn": null,
        "n_cbn": null
      },
      "chip_formation": {
        "chip_type": "continuous",
        "chip_breaking": "poor",
        "shear_angle": 37.9480462067,
        "chip_compression_ratio": 2.236077704,
        "built_up_edge_tendency": "high",
        "segmentation_frequency": null,
        "min_chip_thickness": 0.0146010652,
        "edge_radius_sensitivity": 1.0159585976
      },
      "tribology": {
        "friction_coefficient": 0.5076689993,
        "friction_coefficient_dry": 0.5092817209,
        "friction_coefficient_flood": 0.3612973729,
        "friction_coefficient_mql": 0.3735450152,
        "wear_coefficient": 3.9591943521,
        "adhesion_tendency": "high",
        "abrasiveness": "moderate",
        "galling_tendency": "high",
        "crater_wear_coefficient": 6.7161700332112e-05,
        "flank_wear_coefficient": 6.8161701413919e-05
      },
      "thermal_machining": {
        "thermal_diffusivity": 40.4139885756,
        "heat_partition_coefficient": 0.4762606379,
        "critical_temperature": 693.0633198896,
        "recrystallization_temperature": 606.4304147986,
        "phase_transformation_temperature": 866.3291340716,
        "maximum_cutting_temperature": 1126.2278533446,
        "emissivity": 0.6485367002,
        "heat_transfer_coefficient": 14947.4970236586
      },
      "surface_integrity": {
        "residual_stress_tendency": "neutral",
        "work_hardening_depth": 0.3292103125,
        "white_layer_risk": "low",
        "surface_roughness_achievable": 0.3137489142,
        "burr_formation_tendency": "high",
        "microstructure_sensitivity": "moderate",
        "minimum_uncut_chip_thickness": 0.008850224,
        "ploughing_force_coefficient": 0.3036576953
      },
      "machinability": {
        "aisi_rating": 19.9665563725,
        "relative_to_1212": 0.2885376776,
        "machinability_index": 0.4808423549,
        "power_constant": 2.5741379031,
        "unit_power": 0.0429860574
      },
      "cutting_recommendations": {
        "turning": {
          "speed_roughing": 69.9268260884,
          "speed_finishing": 311.8926390543,
          "feed_roughing": 0.331394633,
          "feed_finishing": 0.1854737771,
          "doc_roughing": 3.8853160469,
          "doc_finishing": 0.677356119
        },
        "milling": {
          "speed_roughing": 317.6069297685,
          "speed_finishing": 299.0232921849,
          "feed_per_tooth_roughing": 0.2190807307,
          "feed_per_tooth_finishing": 0.066356456,
          "doc_roughing": 1.9843452459,
          "doc_finishing": 0.3322094938,
          "woc_roughing": 0.4656659273,
          "woc_finishing": 0.1289270005
        },
        "drilling": {
          "speed": 140.4762906379,
          "feed_per_rev": 0.2637275353,
          "peck_depth_ratio": 0.582422064
        },
        "tool_material": {
          "recommended_grade": "Coated carbide",
          "coating_recommendation": "TiAlN",
          "geometry_recommendation": "Neutral"
        },
        "coolant": {
          "type": "Flood emulsion",
          "pressure": 83.5751947368,
          "flow_rate": 36.6972958589
        }
      },
      "process_specific": {
        "grinding_ratio": 14.3603005851,
        "edm_machinability": 43.4530976147,
        "laser_absorptivity": 0.2399606416,
        "weldability_rating": "good"
      },
      "_gen_v5": {
        "complete": true,
        "params": 127,
        "uid": 1617
      },
      "name": "Malleable Iron M3210 Ferritic (Blackheart)"
    }
  ],
  "enhanced_date": "2026-01-26T10:45:58.259719",
  "physics_complete": true,
  "physics_mode": "accurate",
  "_enhancement_iteration": "2026-01-27T14:09:10.954897",
  "_complete_enhanced": {
    "timestamp": "2026-01-27T14:13:24.916178",
    "version": "2.0"
  }
}