{
  "category": "K_CAST_IRON",
  "subcategory": "ferritic",
  "material_count": 3,
  "generated": "2026-01-26T10:23:20.584877",
  "materials": [
    {
      "iso_group": "K",
      "material_type": "cast_iron",
      "iso_p_equivalent": "K",
      "physical": {
        "density": 7257.4847386493,
        "melting_point": 1416.24542341,
        "boiling_point": 2812.4317002464,
        "liquidus_temperature": 1444.5703400428,
        "solidus_temperature": 1345.4331614041,
        "latent_heat_fusion": 348.0586182232,
        "specific_heat": 518.6813298459,
        "thermal_conductivity": 49.3650915297,
        "thermal_expansion": 26.3309044955,
        "electrical_resistivity": 9.67545983,
        "magnetic_permeability": 332.3797465443,
        "poisson_ratio": 0.2799429045,
        "elastic_modulus": 420.5006276652,
        "shear_modulus": 80.7692489338,
        "bulk_modulus": 327.582436747
      },
      "mechanical": {
        "hardness": {
          "brinell": 230.0366332012,
          "vickers": 241.5384850259,
          "rockwell_c": 13.0036844847,
          "rockwell_b": null
        },
        "tensile_strength": {
          "typical": 946.8131909778,
          "min": 852.1318950446,
          "max": 1041.4945342402
        },
        "yield_strength": {
          "typical": 505.938130805,
          "min": 455.3443428891,
          "max": 556.5319700501
        },
        "elongation": 41.7326068972,
        "reduction_of_area": 54.252416131,
        "impact_strength": 158.8156569802,
        "fatigue_strength": 378.7253055557,
        "fracture_toughness": 35.0427652073,
        "compressive_strength": 1041.4945412402,
        "true_fracture_stress": 1514.9011377291,
        "true_fracture_strain": 0.5425570543,
        "strain_rate_sensitivity": 0.0553088899
      },
      "kienzle": {
        "kc1_1": 832.9067898592,
        "mc": 0.1721118667,
        "kc1_1_milling": 559.7839321219,
        "mc_milling": 0.2147194833,
        "kc1_1_drilling": 666.123212913,
        "mc_drilling": 0.3392636078
      },
      "johnson_cook": {
        "A": 505.9381719696,
        "B": 1102.1876925966,
        "n": 0.5858795504,
        "C": 0.0257205993,
        "m": 0.6582869228,
        "T_melt": 1416.2454695746,
        "T_ref": 293.9841741487,
        "epsilon_dot_ref": 0.0022546359
      },
      "taylor": {
        "C": 478.1449470455,
        "n": 0.3157400303,
        "C_carbide": 358.3997277628,
        "n_carbide": 0.439402592,
        "C_ceramic": 655.414056887,
        "n_ceramic": 0.4976365822,
        "C_cbn": 1379.8567240803,
        "n_cbn": 0.3327057372
      },
      "chip_formation": {
        "chip_type": "continuous",
        "chip_breaking": "excellent",
        "shear_angle": 45.0396213029,
        "chip_compression_ratio": 1.760131431,
        "built_up_edge_tendency": "low",
        "segmentation_frequency": null,
        "min_chip_thickness": 0.0159344015,
        "edge_radius_sensitivity": 0.4325153771
      },
      "tribology": {
        "friction_coefficient": 0.3410878056,
        "friction_coefficient_dry": 0.5160216506,
        "friction_coefficient_flood": 0.1746062891,
        "friction_coefficient_mql": 0.444460769,
        "wear_coefficient": 3.8254050474,
        "adhesion_tendency": "low",
        "abrasiveness": "high",
        "galling_tendency": "low",
        "crater_wear_coefficient": 6.7164600346764e-05,
        "flank_wear_coefficient": 6.8164601989011e-05
      },
      "thermal_machining": {
        "thermal_diffusivity": 15.7619739265,
        "heat_partition_coefficient": 0.6266879912,
        "critical_temperature": 566.4982405286,
        "recrystallization_temperature": 495.6859703581,
        "phase_transformation_temperature": null,
        "maximum_cutting_temperature": 920.5595993811,
        "emissivity": 0.8266563612,
        "heat_transfer_coefficient": 19568.9866451512
      },
      "surface_integrity": {
        "residual_stress_tendency": "compressive",
        "work_hardening_depth": 0.4474032336,
        "white_layer_risk": "low",
        "surface_roughness_achievable": 0.5347915344,
        "burr_formation_tendency": "high",
        "microstructure_sensitivity": "moderate",
        "minimum_uncut_chip_thickness": 0.0025742806,
        "ploughing_force_coefficient": 0.4205807751
      },
      "machinability": {
        "aisi_rating": 94.4332008846,
        "relative_to_1212": 1.0433942522,
        "machinability_index": 1.7389366439,
        "power_constant": 0.7668729419,
        "unit_power": 0.0128649776
      },
      "cutting_recommendations": {
        "turning": {
          "speed_roughing": 327.582503747,
          "speed_finishing": 377.6313447959,
          "feed_roughing": 0.1602591048,
          "feed_finishing": 0.1859133404,
          "doc_roughing": 4.2186493832,
          "doc_finishing": 0.2883939729
        },
        "milling": {
          "speed_roughing": 151.0257331902,
          "speed_finishing": 307.4482006127,
          "feed_per_tooth_roughing": 0.0697278642,
          "feed_per_tooth_finishing": 0.0852673258,
          "doc_roughing": 3.4151144796,
          "doc_finishing": 0.3468615114,
          "woc_roughing": 0.6957025602,
          "woc_finishing": 0.0796229741
        },
        "drilling": {
          "speed": 200.6472308117,
          "feed_per_rev": 0.3400645346,
          "peck_depth_ratio": 0.7303097348
        },
        "tool_material": {
          "recommended_grade": "Coated carbide",
          "coating_recommendation": "None",
          "geometry_recommendation": "Neutral"
        },
        "coolant": {
          "type": "Dry",
          "pressure": 23.9537051182,
          "flow_rate": 51.3126804772
        }
      },
      "process_specific": {
        "grinding_ratio": 9.6008378286,
        "edm_machinability": 58.3590805236,
        "laser_absorptivity": 0.7552719998,
        "weldability_rating": "poor"
      },
      "_gen_v5": {
        "complete": true,
        "params": 127,
        "uid": 1646
      },
      "name": "Malleable Iron M4504 Ferritic"
    },
    {
      "iso_group": "K",
      "material_type": "cast_iron",
      "iso_p_equivalent": "K",
      "physical": {
        "density": 7091.9169730817,
        "melting_point": 1482.4725296372,
        "boiling_point": 2460.6509922548,
        "liquidus_temperature": 1512.1219883946,
        "solidus_temperature": 1408.34891232,
        "latent_heat_fusion": 348.4249185896,
        "specific_heat": 441.1721723369,
        "thermal_conductivity": 355.8852380499,
        "thermal_expansion": 26.1477543124,
        "electrical_resistivity": 7.2285733833,
        "magnetic_permeability": 8.9365231012,
        "poisson_ratio": 0.2567194614,
        "elastic_modulus": 221.7216288863,
        "shear_modulus": 68.7912269559,
        "bulk_modulus": 232.7839019486
      },
      "mechanical": {
        "hardness": {
          "brinell": 338.0952412599,
          "vickers": 355.0000234876,
          "rockwell_c": 23.8095452907,
          "rockwell_b": null
        },
        "tensile_strength": {
          "typical": 1328.3516525163,
          "min": 1195.5165104294,
          "max": 1461.1868419326
        },
        "yield_strength": {
          "typical": 692.332345083,
          "min": 623.0991357394,
          "max": 761.565605756
        },
        "elongation": 10.0476252123,
        "reduction_of_area": 13.0619399407,
        "impact_strength": 117.6434958082,
        "fatigue_strength": 531.3406901712,
        "fracture_toughness": 102.1245722892,
        "compressive_strength": 1461.1868489326,
        "true_fracture_stress": 2125.3626761908,
        "true_fracture_strain": 0.1306522925,
        "strain_rate_sensitivity": 0.0450158497
      },
      "kienzle": {
        "kc1_1": 944.2723854185,
        "mc": 0.2824903772,
        "kc1_1_milling": 944.52007624,
        "mc_milling": 0.2528733295,
        "kc1_1_drilling": 949.3637707481,