{
  "category": "K_CAST_IRON",
  "subcategory": "malleable_iron",
  "material_count": 3,
  "generated": "2026-01-26T10:23:20.611776",
  "materials": [
    {
      "iso_group": "K",
      "material_type": "cast_iron",
      "iso_p_equivalent": "K",
      "physical": {
        "density": 7124.9328460998,
        "melting_point": 1469.6666688337,
        "boiling_point": 2431.3203607723,
        "liquidus_temperature": 1499.0600103774,
        "solidus_temperature": 1396.183344559,
        "latent_heat_fusion": 414.0659442329,
        "specific_heat": 990.0366412036,
        "thermal_conductivity": 408.3394505064,
        "thermal_expansion": 9.4688776359,
        "electrical_resistivity": 8.115020272,
        "magnetic_permeability": 335.0659492329,
        "poisson_ratio": 0.2633495003,
        "elastic_modulus": 166.337013504,
        "shear_modulus": 51.978040145,
        "bulk_modulus": 290.4395796066
      },
      "mechanical": {
        "hardness": {
          "brinell": 346.5201496871,
          "vickers": 363.8461773385,
          "rockwell_c": 24.6520361357,
          "rockwell_b": null
        },
        "tensile_strength": {
          "typical": 1481.7582459252,
          "min": 1333.5824444997,
          "max": 1629.9340946847
        },
        "yield_strength": {
          "typical": 1041.4100954442,
          "min": 937.2691110668,
          "max": 1145.5511311556
        },
        "elongation": 46.4578816249,
        "reduction_of_area": 60.3952732794,
        "impact_strength": 41.0622992293,
        "fatigue_strength": 592.7033275371,
        "fracture_toughness": 88.2784184454,
        "compressive_strength": 1629.9341016847,
        "true_fracture_stress": 2370.8132256473,
        "true_fracture_strain": 0.6039856281,
        "strain_rate_sensitivity": 0.0522685992
      },
      "kienzle": {
        "kc1_1": 1025.0057917384,
        "mc": 0.2611472781,
        "kc1_1_milling": 977.7876634514,
        "mc_milling": 0.2682139912,
        "kc1_1_drilling": 1392.5964014138,
        "mc_drilling": 0.360054819
      },
      "johnson_cook": {
        "A": 1041.4101366112,
        "B": 1100.8704183695,
        "n": 0.2543777213,
        "C": 0.0367218227,
        "m": 1.2867606737,
        "T_melt": 1469.6667150007,
        "T_ref": 302.9585331255,
        "epsilon_dot_ref": 0.0009056762
      },
      "taylor": {
        "C": 283.6416956233,
        "n": 0.317083134,
        "C_carbide": 202.0085059804,
        "n_carbide": 0.2614880644,
        "C_ceramic": 352.0085066095,
        "n_ceramic": 0.4604937274,
        "C_cbn": 533.7209805217,
        "n_cbn": 0.519030526
      },
      "chip_formation": {
        "chip_type": "continuous",
        "chip_breaking": "excellent",
        "shear_angle": 47.8747861419,
        "chip_compression_ratio": 1.9930984664,
        "built_up_edge_tendency": "low",
        "segmentation_frequency": null,
        "min_chip_thickness": 0.0093068092,
        "edge_radius_sensitivity": 0.9667278337
      },
      "tribology": {
        "friction_coefficient": 0.4226262696,
        "friction_coefficient_dry": 0.6348983318,
        "friction_coefficient_flood": 0.2949359619,
        "friction_coefficient_mql": 0.4728124197,
        "wear_coefficient": 1.8827339293,
        "adhesion_tendency": "low",
        "abrasiveness": "high",
        "galling_tendency": "low",
        "crater_wear_coefficient": 6.7167000456777e-05,
        "flank_wear_coefficient": 6.8167005916972e-05
      },
      "thermal_machining": {
        "thermal_diffusivity": 150.3773585443,
        "heat_partition_coefficient": 0.2894474564,
        "critical_temperature": 587.8667387005,
        "recrystallization_temperature": 514.3834062588,
        "phase_transformation_temperature": null,
        "maximum_cutting_temperature": 955.2834089089,
        "emissivity": 0.7174255944,
        "heat_transfer_coefficient": 19703.2967794637
      },
      "surface_integrity": {
        "residual_stress_tendency": "compressive",
        "work_hardening_depth": 0.4946559832,
        "white_layer_risk": "low",
        "surface_roughness_achievable": 0.3886616739,
        "burr_formation_tendency": "high",
        "microstructure_sensitivity": "moderate",
        "minimum_uncut_chip_thickness": 0.0014680559,
        "ploughing_force_coefficient": 0.1664171633
      },
      "machinability": {
        "aisi_rating": 49.3954295528,
        "relative_to_1212": 0.6926825835,
        "machinability_index": 1.1544171945,
        "power_constant": 1.1551513326,
        "unit_power": 0.0193362864
      },
      "cutting_recommendations": {
        "turning": {
          "speed_roughing": 290.4396466066,
          "speed_finishing": 142.1246292915,
          "feed_roughing": 0.3732017201,
          "feed_finishing": 0.1767924637,
          "doc_roughing": 2.5617507287,
          "doc_finishing": 0.6445356114
        },
        "milling": {
          "speed_roughing": 232.5641947311,
          "speed_finishing": 456.044049211,
          "feed_per_tooth_roughing": 0.1659916029,
          "feed_per_tooth_finishing": 0.0928277677,
          "doc_roughing": 1.426103493,
          "doc_finishing": 0.4568737238,
          "woc_roughing": 2.2668869338,
          "woc_finishing": 0.3488537458
        },
        "drilling": {
          "speed": 65.7510159179,
          "feed_per_rev": 0.2932513502,
          "peck_depth_ratio": 0.7346076615
        },
        "tool_material": {
          "recommended_grade": "Coated carbide",
          "coating_recommendation": "None",
          "geometry_recommendation": "Neutral"
        },
        "coolant": {
          "type": "Dry",
          "pressure": 13.4445476114,
          "flow_rate": 19.5422287091
        }
      },
      "process_specific": {
        "grinding_ratio": 11.9305081607,
        "edm_machinability": 44.9231830901,
        "laser_absorptivity": 0.6809862879,
        "weldability_rating": "poor"
      },
      "_gen_v5": {
        "complete": true,
        "params": 127,
        "uid": 1670
      },
      "name": "Malleable Iron M5003 Pearlitic"
    },
    {
      "iso_group": "K",
      "material_type": "cast_iron",
      "iso_p_equivalent": "K",
      "physical": {
        "density": 7276.8253979925,
        "melting_point": 1428.6410278081,
        "boiling_point": 2598.2427555434,
        "liquidus_temperature": 1457.2138565314,
        "solidus_temperature": 1357.2089855848,
        "latent_heat_fusion": 328.9377391048,
        "specific_heat": 776.4102675774,
        "thermal_conductivity": 360.6715628387,
        "thermal_expansion": 18.2722964394,
        "electrical_resistivity": 6.2737504308,
        "magnetic_permeability": 239.7057538728,
        "poisson_ratio": 0.3786242257,
        "elastic_modulus": 284.9206520877,
        "shear_modulus": 84.6154027825,
        "bulk_modulus": 305.9707151378
      },
      "mechanical": {
        "hardness": {
          "brinell": 247.7411509082,
          "vickers": 260.1282286207,
          "rockwell_c": 14.7741362579,
          "rockwell_b": null
        },
        "tensile_strength": {
          "typical": 1501.5384657056,
          "min": 1351.3846423021,
          "max": 1651.6923364433
        },
        "yield_strength": {
          "typical": 1167.4782464085,
          "min": 1050.7304469347,
          "max": 1284.2260972164
        },
        "elongation": 30.4993956665,
        "reduction_of_area": 39.6492415336,
        "impact_strength": 11.0745092416,
        "fatigue_strength": 600.6154154493,
        "fracture_toughness": 45.518955686,
        "compressive_strength": 1651.6923434433,
        "true_fracture_stress": 2402.4615772961,
        "true_fracture_strain": 0.3965253108,
        "strain_rate_sensitivity": 0.0267496738
      },
      "kienzle": {
        "kc1_1": 920.9679326703,
        "mc": 0.1927712098,
        "kc1_1_milling": 617.4875455765,
        "mc_milling": 0.2701920133,
        "kc1_1_drilling": 1118.999528198,