{
  "category": "H_HARDENED",
  "subcategory": "bearing_steel",
  "material_count": 2,
  "generated": "2026-01-26T10:23:20.847137",
  "materials": [
    {
      "iso_group": "H",
      "material_type": "hardened_steel",
      "iso_p_equivalent": "H",
      "physical": {
        "density": 7794.2490854656,
        "melting_point": 1778.7897458062,
        "boiling_point": 2724.6541416657,
        "liquidus_temperature": 1814.3655489388,
        "solidus_temperature": 1689.8502677324,
        "latent_heat_fusion": 432.1611823777,
        "specific_heat": 617.5824287989,
        "thermal_conductivity": 45.262527479,
        "thermal_expansion": 29.85349307,
        "electrical_resistivity": 2.7059849125,
        "magnetic_permeability": 301.8547160712,
        "poisson_ratio": 0.3151444216,
        "elastic_modulus": 102.06350928,
        "shear_modulus": 127.5458057623,
        "bulk_modulus": 183.9194331359
      },
      "mechanical": {
        "hardness": {
          "brinell": 454.9450581616,
          "vickers": 477.6923312862,
          "rockwell_c": 35.4945270327,
          "rockwell_b": null
        },
        "tensile_strength": {
          "typical": 1342.8571470736,
          "min": 1208.5714555827,
          "max": 1477.1428859975
        },
        "yield_strength": {
          "typical": 1021.7191781438,
          "min": 919.5472855459,
          "max": 1123.8911221747
        },
        "elongation": 13.7228389393,
        "reduction_of_area": 17.8397178376,
        "impact_strength": 119.0598572763,
        "fatigue_strength": 537.1428880459,
        "fracture_toughness": 76.8254270419,
        "compressive_strength": 1477.1428929975,
        "true_fracture_stress": 2148.5714675343,
        "true_fracture_strain": 0.1784301227,
        "strain_rate_sensitivity": 0.0318290883
      },
      "kienzle": {
        "kc1_1": 2393.9109324704,
        "mc": 0.2949446414,
        "kc1_1_milling": 2606.6852385952,
        "mc_milling": 0.2543239308,
        "kc1_1_drilling": 3607.831003017,
        "mc_drilling": 0.2160206805
      },
      "johnson_cook": {
        "A": 1021.7192193603,
        "B": 802.844964541,
        "n": 0.1317892482,
        "C": 0.0397377452,
        "m": 0.7901551066,
        "T_melt": 1778.7897920227,
        "T_ref": 293.8816100981,
        "epsilon_dot_ref": 0.0025364949
      },
      "taylor": {
        "C": 76.1232370841,
        "n": 0.3004775669,
        "C_carbide": 143.5507748393,
        "n_carbide": 0.2164966609,
        "C_ceramic": 260.5314523407,
        "n_ceramic": 0.3539736304,
        "C_cbn": 359.6377338332,
        "n_cbn": 0.4789451054
      },
      "chip_formation": {
        "chip_type": "segmented",
        "chip_breaking": "moderate",
        "shear_angle": 28.2337605801,
        "chip_compression_ratio": 2.2099483328,
        "built_up_edge_tendency": "low",
        "segmentation_frequency": 26794.8718540883,
        "min_chip_thickness": 0.0089600944,
        "edge_radius_sensitivity": 1.169511766
      },
      "tribology": {
        "friction_coefficient": 0.498523755,
        "friction_coefficient_dry": 0.6040314705,
        "friction_coefficient_flood": 0.3363890028,
        "friction_coefficient_mql": 0.2764022128,
        "wear_coefficient": 0.5814895585,
        "adhesion_tendency": "low",
        "abrasiveness": "moderate",
        "galling_tendency": "low",
        "crater_wear_coefficient": 6.7216500486935e-05,
        "flank_wear_coefficient": 6.8216502813187e-05
      },
      "thermal_machining": {
        "thermal_diffusivity": 14.2235124399,
        "heat_partition_coefficient": 0.6971398136,
        "critical_temperature": 711.515969539,
        "recrystallization_temperature": 622.5764832487,
        "phase_transformation_temperature": 889.3949461196,
        "maximum_cutting_temperature": 1156.2134089905,
        "emissivity": 0.3387931652,
        "heat_transfer_coefficient": 18042.7351189515
      },
      "surface_integrity": {
        "residual_stress_tendency": "neutral",
        "work_hardening_depth": 0.1673056059,
        "white_layer_risk": "high",
        "surface_roughness_achievable": 0.3198849782,
        "burr_formation_tendency": "moderate",
        "microstructure_sensitivity": "moderate",
        "minimum_uncut_chip_thickness": 0.0049210968,
        "ploughing_force_coefficient": 0.1021437086
      },
      "machinability": {
        "aisi_rating": 16.0500005877,
        "relative_to_1212": 0.1319662735,
        "machinability_index": 0.2198899782,
        "power_constant": 2.7297545655,
        "unit_power": 0.0455797223
      },
      "cutting_recommendations": {
        "turning": {
          "speed_roughing": 183.9195001359,
          "speed_finishing": 298.1197453362,
          "feed_roughing": 0.3273898038,
          "feed_finishing": 0.1154738319,
          "doc_roughing": 2.4750596915,
          "doc_finishing": 0.7797249161
        },
        "milling": {
          "speed_roughing": 308.461630678,
          "speed_finishing": 417.4604106768,
          "feed_per_tooth_roughing": 0.1991540456,
          "feed_per_tooth_finishing": 0.0404517489,
          "doc_roughing": 0.690572407,
          "doc_finishing": 0.4870325034,
          "woc_roughing": 1.0253729418,
          "woc_finishing": 0.0765461029
        },
        "drilling": {
          "speed": 228.8279390443,
          "feed_per_rev": 0.1309803374,
          "peck_depth_ratio": 0.6814697379
        },
        "tool_material": {
          "recommended_grade": "Ceramic",
          "coating_recommendation": "None",
          "geometry_recommendation": "Negative rake"
        },
        "coolant": {
          "type": "Flood emulsion",
          "pressure": 46.2479664644,
          "flow_rate": 11.5080407244
        }
      },
      "process_specific": {
        "grinding_ratio": 14.0990063797,
        "edm_machinability": 80.1881404045,
        "laser_absorptivity": 0.4679460443,
        "weldability_rating": "poor"
      },
      "_gen_v5": {
        "complete": true,
        "params": 127,
        "uid": 2165
      },
      "name": "52100 60 HRC",
      "category": "HARDENED"
    },
    {
      "iso_group": "H",
      "material_type": "hardened_steel",
      "iso_p_equivalent": "H",
      "physical": {
        "density": 7815.9706971873,
        "melting_point": 1754.1008569175,
        "boiling_point": 3203.6435502901,
        "liquidus_temperature": 1789.1828822725,
        "solidus_temperature": 1666.3958232882,
        "latent_heat_fusion": 324.9816951983,
        "specific_heat": 458.6080698247,
        "thermal_conductivity": 272.6617948784,
        "thermal_expansion": 15.2381084547,
        "electrical_resistivity": 2.6986589052,
        "magnetic_permeability": 379.7545939712,
        "poisson_ratio": 0.3904924071,
        "elastic_modulus": 423.1379903546,
        "shear_modulus": 90.9890292056,
        "bulk_modulus": 225.5311547477
      },
      "mechanical": {
        "hardness": {
          "brinell": 460.5616637783,
          "vickers": 483.5897671838,
          "rockwell_c": 36.0561875944,
          "rockwell_b": null
        },
        "tensile_strength": {
          "typical": 1597.3626415792,
          "min": 1437.6264006379,
          "max": 1757.0989299537
        },
        "yield_strength": {
          "typical": 1151.0567942041,
          "min": 1035.9511400003,
          "max": 1266.1624998411
        },
        "elongation": 29.8278450444,
        "reduction_of_area": 38.7762257743,
        "impact_strength": 161.0622992789,
        "fatigue_strength": 638.9450858483,
        "fracture_toughness": 106.9597371763,
        "compressive_strength": 1757.0989369537,
        "true_fracture_stress": 2555.7802587433,
        "true_fracture_strain": 0.3877952022,
        "strain_rate_sensitivity": 0.0480439846
      },
      "kienzle": {
        "kc1_1": 2663.5647870105,
        "mc": 0.2308176574,
        "kc1_1_milling": 2654.3872965161,