{
  "category": "P_STEELS",
  "subcategory": "spring_steel",
  "material_count": 2,
  "generated": "2026-01-26T10:23:20.134229",
  "materials": [
    {
      "iso_group": "P",
      "material_type": "steel",
      "iso_p_equivalent": "P",
      "physical": {
        "density": 7754.2979253911,
        "melting_point": 1745.6715527648,
        "boiling_point": 2939.293134398,
        "liquidus_temperature": 1780.5849919133,
        "solidus_temperature": 1658.3879842198,
        "latent_heat_fusion": 293.18682328,
        "specific_heat": 678.0952491884,
        "thermal_conductivity": 106.7033087965,
        "thermal_expansion": 28.7790118722,
        "electrical_resistivity": 0.4300385132,
        "magnetic_permeability": 491.1099052031,
        "poisson_ratio": 0.2506754339,
        "elastic_modulus": 102.5519096451,
        "shear_modulus": 83.6263917196,
        "bulk_modulus": 95.860824954
      },
      "mechanical": {
        "hardness": {
          "brinell": 293.7728968661,
          "vickers": 308.4615618026,
          "rockwell_c": 19.3773107798,
          "rockwell_b": null
        },
        "tensile_strength": {
          "typical": 706.8131909064,
          "min": 636.131894909,
          "max": 777.4945340902
        },
        "yield_strength": {
          "typical": 448.1316504046,
          "min": 403.3185104573,
          "max": 492.9448415383
        },
        "elongation": 27.5689926622,
        "reduction_of_area": 35.8397175541,
        "impact_strength": 31.1966092898,
        "fatigue_strength": 282.7253054558,
        "fracture_toughness": 98.5592486524,
        "compressive_strength": 777.4945410902,
        "true_fracture_stress": 1130.9011375434,
        "true_fracture_strain": 0.3584299978,
        "strain_rate_sensitivity": 0.0136116268
      },
      "kienzle": {
        "kc1_1": 977.334756257,
        "mc": 0.2015623447,
        "kc1_1_milling": 1088.215195228,
        "mc_milling": 0.1907194119,
        "kc1_1_drilling": 1464.2110268238,
        "mc_drilling": 0.2769436341
      },
      "johnson_cook": {
        "A": 448.1316914978,
        "B": 646.7038933477,
        "n": 0.283803777,
        "C": 0.0165752287,
        "m": 0.870838744,
        "T_melt": 1745.671598858,
        "T_ref": 295.4176295108,
        "epsilon_dot_ref": 0.0024504131
      },
      "taylor": {
        "C": 193.7219921906,
        "n": 0.3951050383,
        "C_carbide": 288.2918186313,
        "n_carbide": 0.216838418,
        "C_ceramic": 732.1197461327,
        "n_ceramic": 0.2659148991,
        "C_cbn": null,
        "n_cbn": null
      },
      "chip_formation": {
        "chip_type": "continuous",
        "chip_breaking": "poor",
        "shear_angle": 36.5414526905,
        "chip_compression_ratio": 1.8876038869,
        "built_up_edge_tendency": "moderate",
        "segmentation_frequency": null,
        "min_chip_thickness": 0.0034898856,
        "edge_radius_sensitivity": 0.6092186024
      },
      "tribology": {
        "friction_coefficient": 0.3857031188,
        "friction_coefficient_dry": 0.4626882458,
        "friction_coefficient_flood": 0.2457905889,
        "friction_coefficient_mql": 0.3594790126,
        "wear_coefficient": 1.8995297065,
        "adhesion_tendency": "low",
        "abrasiveness": "low",
        "galling_tendency": "low",
        "crater_wear_coefficient": 6.7093200255311e-05,
        "flank_wear_coefficient": 6.809320331746e-05
      },
      "thermal_machining": {
        "thermal_diffusivity": 37.2638053569,
        "heat_partition_coefficient": 0.6756500688,
        "critical_temperature": 698.2686921991,
        "recrystallization_temperature": 610.9851155609,
        "phase_transformation_temperature": 872.8358494756,
        "maximum_cutting_temperature": 1134.6865833903,
        "emissivity": 0.1794768026,
        "heat_transfer_coefficient": 27505.4945815877
      },
      "surface_integrity": {
        "residual_stress_tendency": "neutral",
        "work_hardening_depth": 0.3057670198,
        "white_layer_risk": "low",
        "surface_roughness_achievable": 0.4404770921,
        "burr_formation_tendency": "high",
        "microstructure_sensitivity": "moderate",
        "minimum_uncut_chip_thickness": 0.0006230492,
        "ploughing_force_coefficient": 0.1026319858
      },
      "machinability": {
        "aisi_rating": 56.6260156591,
        "relative_to_1212": 0.6128002912,
        "machinability_index": 1.0212800899,
        "power_constant": 1.3710242786,
        "unit_power": 0.0229340963
      },
      "cutting_recommendations": {
        "turning": {
          "speed_roughing": 95.860891954,
          "speed_finishing": 122.3932494864,
          "feed_roughing": 0.4143249674,
          "feed_finishing": 0.0608216939,
          "doc_roughing": 1.1075382006,
          "doc_finishing": 0.4061960993
        },
        "milling": {
          "speed_roughing": 195.6411177342,
          "speed_finishing": 240.7815338746,
          "feed_per_tooth_roughing": 0.1266752898,
          "feed_per_tooth_finishing": 0.0626054717,
          "doc_roughing": 1.6026601958,
          "doc_finishing": 0.2554084485,
          "woc_roughing": 1.2270822202,
          "woc_finishing": 0.1226265657
        },
        "drilling": {
          "speed": 220.2320903252,
          "feed_per_rev": 0.0627018258,
          "peck_depth_ratio": 0.9842779174
        },
        "tool_material": {
          "recommended_grade": "Coated carbide",
          "coating_recommendation": "TiAlN",
          "geometry_recommendation": "Neutral"
        },
        "coolant": {
          "type": "Flood emulsion",
          "pressure": 5.4176855108,
          "flow_rate": 11.5690906622
        }
      },
      "process_specific": {
        "grinding_ratio": 10.8755630305,
        "edm_machinability": 59.6924137855,
        "laser_absorptivity": 0.2918287049,
        "weldability_rating": "excellent"
      },
      "_gen_v5": {
        "complete": true,
        "params": 127,
        "uid": 932
      },
      "name": "AISI 5160 Chromium Spring"
    },
    {
      "iso_group": "P",
      "material_type": "steel",
      "iso_p_equivalent": "P",
      "physical": {
        "density": 7775.5921866855,
        "melting_point": 1776.5091596025,
        "boiling_point": 2667.3666903206,
        "liquidus_temperature": 1812.0393508879,
        "solidus_temperature": 1687.6837107157,
        "latent_heat_fusion": 298.1685082618,
        "specific_heat": 493.0403041336,
        "thermal_conductivity": 175.1770572703,
        "thermal_expansion": 24.1147872081,
        "electrical_resistivity": 9.9855940689,
        "magnetic_permeability": 36.2869503802,
        "poisson_ratio": 0.2942285475,
        "elastic_modulus": 301.0378681312,
        "shear_modulus": 124.7619228552,
        "bulk_modulus": 180.8425099358
      },
      "mechanical": {
        "hardness": {
          "brinell": 119.4139225072,
          "vickers": 125.3846387259,
          "rockwell_c": null,
          "rockwell_b": 47.7655910962
        },
        "tensile_strength": {
          "typical": 1240.0000040933,
          "min": 1116.0000267773,
          "max": 1364.0000285959
        },
        "yield_strength": {
          "typical": 838.6427429044,
          "min": 754.7784937073,
          "max": 922.5070432881
        },
        "elongation": 47.2149023082,
        "reduction_of_area": 61.379400094,
        "impact_strength": 134.2002722935,
        "fatigue_strength": 496.0000307306,
        "fracture_toughness": 50.793680887,
        "compressive_strength": 1364.0000355959,
        "true_fracture_stress": 1984.0000386426,
        "true_fracture_strain": 0.6138268233,
        "strain_rate_sensitivity": 0.0563100396
      },
      "kienzle": {
        "kc1_1": 432.8704010228,
        "mc": 0.2716478149,
        "kc1_1_milling": 345.1777173662,
        "mc_milling": 0.2440380933,
        "kc1_1_drilling": 642.3312705762,
        "mc_drilling": 0.3633856366
      },