src/algorithms/ExtendedTaylorModel.ts(294,9): error TS2322: Type 'string | undefined' is not assignable to type 'string'.
  Type 'undefined' is not assignable to type 'string'.
src/algorithms/KienzleForceModel.ts(219,9): error TS2322: Type 'string | undefined' is not assignable to type 'string'.
  Type 'undefined' is not assignable to type 'string'.
src/algorithms/KienzleForceModel.ts(222,23): error TS7053: Element implicitly has an 'any' type because expression of type 'string' can't be used to index type 'Record<ISOGroup, { kc1_1: number; mc: number; }>'.
  No index signature with a parameter of type 'string' was found on type 'Record<ISOGroup, { kc1_1: number; mc: number; }>'.
src/algorithms/SurfaceFinishPredictor.ts(182,29): error TS7053: Element implicitly has an 'any' type because expression of type 'string' can't be used to index type 'Record<ISOGroup, number>'.
  No index signature with a parameter of type 'string' was found on type 'Record<ISOGroup, number>'.
src/data/wedm-engine-registry.ts(90,14): error TS2322: Type '[{ readonly id: "wire_edm_master_ai"; readonly name: "WireEDMMasterAIEngine"; readonly category: "ai"; readonly purpose: "Master AI hub: strategic decisions, hybrid strategies, cost-optimized analysis, and critical program review"; readonly lines: 1474; readonly capabilities: [...]; readonly actions: [...]; }, ... 5...' is not assignable to type 'WEDMEngineEntry[]'.
  Type '{ readonly id: "wire_edm_master_ai"; readonly name: "WireEDMMasterAIEngine"; readonly category: "ai"; readonly purpose: "Master AI hub: strategic decisions, hybrid strategies, cost-optimized analysis, and critical program review"; readonly lines: 1474; readonly capabilities: [...]; readonly actions: [...]; } | ... 5...' is not assignable to type 'WEDMEngineEntry'.
    Type '{ readonly id: "wire_edm_ai_print_to_program"; readonly name: "WireEDMAIPrintToProgramEngine"; readonly category: "cam"; readonly purpose: "AI-enhanced print-to-program with feature recognition, tolerance interpretation, and auto-strategy selection"; readonly lines: 1129; readonly capabilities: [...]; readonly actio...' is not assignable to type 'WEDMEngineEntry'.
      Types of property 'capabilities' are incompatible.
        Type '["cam", "parameters", "optimize", "ai", "reasoning"]' is not assignable to type 'WEDMCapabilityKey[]'.
          Type '"ai" | "reasoning" | "parameters" | "cam" | "optimize"' is not assignable to type 'WEDMCapabilityKey'.
            Type '"ai"' is not assignable to type 'WEDMCapabilityKey'.
src/data/wedm-engine-registry.ts(462,53): error TS2322: Type '"ai"' is not assignable to type 'WEDMCapabilityKey'.
src/data/wedm-engine-registry.ts(462,59): error TS2322: Type '"reasoning"' is not assignable to type 'WEDMCapabilityKey'.
src/engines/AdaptiveSystemIntegrationEngine.ts(274,44): error TS2554: Expected 8 arguments, but got 5.
src/engines/AdaptiveSystemIntegrationEngine.ts(281,44): error TS2554: Expected 9 arguments, but got 5.
src/engines/AutoPrintToProgramBridgeEngine.ts(119,44): error TS2345: Argument of type 'string' is not assignable to parameter of type '"mill_turn" | "wire_edm" | "sinker_edm" | "text" | "turning" | "milling" | "auto" | "step" | "dxf" | "iges" | "image"'.
src/engines/AutoProgramOrchestratorEngine.ts(2114,34): error TS2339: Property 'vc_base_roughing' does not exist on type 'MaterialEntry'.
src/engines/AutoProgramOrchestratorEngine.ts(2114,72): error TS2339: Property 'vc_base_finishing' does not exist on type 'MaterialEntry'.
src/engines/BarStockCutPlanEngine.ts(128,38): error TS2339: Property 'cuts' does not exist on type 'never'.
src/engines/BarStockCutPlanEngine.ts(132,21): error TS2339: Property 'remnant_mm' does not exist on type 'never'.
src/engines/BarStockCutPlanEngine.ts(133,21): error TS2339: Property 'utilization_pct' does not exist on type 'never'.
src/engines/BarStockCutPlanEngine.ts(133,59): error TS2339: Property 'used_mm' does not exist on type 'never'.
src/engines/BarStockCutPlanEngine.ts(133,80): error TS2339: Property 'length_mm' does not exist on type 'never'.
src/engines/BarStockCutPlanEngine.ts(148,21): error TS2339: Property 'used_mm' does not exist on type 'never'.
src/engines/BarStockCutPlanEngine.ts(151,21): error TS2339: Property 'used_mm' does not exist on type 'never'.
src/engines/BarStockCutPlanEngine.ts(155,36): error TS2339: Property 'cuts' does not exist on type 'never'.
src/engines/BarStockCutPlanEngine.ts(157,24): error TS2339: Property 'cuts' does not exist on type 'never'.
src/engines/BarStockCutPlanEngine.ts(161,19): error TS2339: Property 'remnant_mm' does not exist on type 'never'.
src/engines/BarStockCutPlanEngine.ts(162,19): error TS2339: Property 'utilization_pct' does not exist on type 'never'.
src/engines/BarStockCutPlanEngine.ts(162,57): error TS2339: Property 'used_mm' does not exist on type 'never'.
src/engines/BarStockCutPlanEngine.ts(162,78): error TS2339: Property 'length_mm' does not exist on type 'never'.
src/engines/BliskCADEngine.ts(773,7): error TS2561: Object literal may only specify known properties, but 'index' does not exist in type 'CADOperation'. Did you mean to write 'opIndex'?
src/engines/CADAccuracyValidatorEngine.ts(93,7): error TS2720: Class 'CADAccuracyValidatorEngine' incorrectly implements class 'BaseEngine'. Did you mean to extend 'BaseEngine' and inherit its members as a subclass?
  Type 'CADAccuracyValidatorEngine' is missing the following properties from type 'BaseEngine': getInfo, executeImpl, execute, healthCheck
src/engines/CADAccuracyValidatorEngine.ts(558,35): error TS2362: The left-hand side of an arithmetic operation must be of type 'any', 'number', 'bigint' or an enum type.
src/engines/CADAccuracyValidatorEngine.ts(669,47): error TS2322: Type 'number | undefined' is not assignable to type 'string | number'.
  Type 'undefined' is not assignable to type 'string | number'.
src/engines/CADAdapterRegistry.ts(71,20): error TS2339: Property 'fusion360CADGeneratorAdapter' does not exist on type 'typeof import("H:/prism-tsc-cleanup/mcp-server/src/engines/Fusion360CodeGeneratorEngine")'.
src/engines/CADAdapterRegistry.ts(97,20): error TS2339: Property 'mastercamCADGeneratorAdapter' does not exist on type 'typeof import("H:/prism-tsc-cleanup/mcp-server/src/engines/MastercamCodeGeneratorEngine")'.
src/engines/CADFileClassifierEngine.ts(60,7): error TS2739: Type '{ ".sldprt": { category: "part"; testStrategy: "open_part"; handler: string; }; ".sldasm": { category: "assembly"; testStrategy: "open_assembly"; handler: string; }; ".slddrw": { category: "drawing"; testStrategy: "open_drawing"; handler: string; }; ... 16 more ...; ".x_b": { ...; }; }' is missing the following properties from type 'Record<".step" | ".stp" | ".stl" | ".mcx-8" | ".ipt" | ".dwg" | ".dxf" | ".iam" | ".idw" | ".sat" | ".iges" | ".igs" | ".f3d" | ".hmc" | ".x_t" | ".x_b" | ".sldprt" | ".sldasm" | ".prt" | ... 5 more ... | ".mcam", FormatProfile>': ".dwg", ".dxf", ".sat", ".prt", ".3dm"
src/engines/CADGeometricAugmentationEngine.ts(254,5): error TS2349: This expression is not callable.
  Type '{ info: (msg: string, context?: unknown) => void; warn: (msg: string, context?: unknown) => void; error: (msg: string, context?: unknown) => void; debug: (msg: string, context?: unknown) => void; }' has no call signatures.
src/engines/CADGeometryComparisonEngine.ts(225,7): error TS2720: Class 'CADGeometryComparisonEngine' incorrectly implements class 'BaseEngine'. Did you mean to extend 'BaseEngine' and inherit its members as a subclass?
  Type 'CADGeometryComparisonEngine' is missing the following properties from type 'BaseEngine': getInfo, executeImpl, execute, healthCheck
src/engines/CADKnowledgeGraphEngine.ts(181,90): error TS2353: Object literal may only specify known properties, and 'input' does not exist in type 'EngineCapability'.
src/engines/CADKnowledgeGraphEngine.ts(182,74): error TS2353: Object literal may only specify known properties, and 'input' does not exist in type 'EngineCapability'.
src/engines/CADKnowledgeGraphEngine.ts(183,72): error TS2353: Object literal may only specify known properties, and 'input' does not exist in type 'EngineCapability'.
src/engines/CADKnowledgeGraphEngine.ts(184,70): error TS2353: Object literal may only specify known properties, and 'input' does not exist in type 'EngineCapability'.
src/engines/CADKnowledgeGraphEngine.ts(185,74): error TS2353: Object literal may only specify known properties, and 'input' does not exist in type 'EngineCapability'.
src/engines/CADKnowledgeGraphEngine.ts(186,73): error TS2353: Object literal may only specify known properties, and 'input' does not exist in type 'EngineCapability'.
src/engines/CADKnowledgeGraphEngine.ts(507,40): error TS2554: Expected 1 arguments, but got 0.
src/engines/CadPartLibraryEngine.ts(345,7): error TS2322: Type 'Dirent<string>[]' is not assignable to type 'Dirent<NonSharedBuffer>[]'.
  Type 'Dirent<string>' is not assignable to type 'Dirent<NonSharedBuffer>'.
    Type 'string' is not assignable to type 'NonSharedBuffer'.
src/engines/CadQueryCodeGeneratorEngine.ts(326,47): error TS2339: Property 'generateCadQueryCode' does not exist on type 'CADOperationTaxonomyEngine'.
src/engines/CadQueryCodeGeneratorEngine.ts(379,47): error TS2339: Property 'generateCadQueryCode' does not exist on type 'CADOperationTaxonomyEngine'.
src/engines/CADReasoningChainEngine.ts(118,7): error TS2720: Class 'CADReasoningChainEngine' incorrectly implements class 'BaseEngine'. Did you mean to extend 'BaseEngine' and inherit its members as a subclass?
  Type 'CADReasoningChainEngine' is missing the following properties from type 'BaseEngine': getInfo, executeImpl, execute, healthCheck
src/engines/CADReasoningChainEngine.ts(631,36): error TS2365: Operator '<' cannot be applied to types 'string | number' and 'number'.
src/engines/CADReasoningChainEngine.ts(646,48): error TS2365: Operator '<' cannot be applied to types 'string | number' and 'number'.
src/engines/CADRegenerationTestEngine.ts(137,22): error TS2554: Expected 2-3 arguments, but got 1.
src/engines/CADRegenerationTestEngine.ts(318,15): error TS2339: Property 'neuralCadGenerationEngine' does not exist on type 'typeof import("H:/prism-tsc-cleanup/mcp-server/src/engines/NeuralCADGenerationEngine")'.
src/engines/CADTokenRepresentationEngine.ts(164,14): error TS2515: Non-abstract class 'CADTokenRepresentationEngine' does not implement inherited abstract member validate from class 'BaseEngine'.
src/engines/CADTokenRepresentationEngine.ts(628,13): error TS2416: Property 'executeImpl' in type 'CADTokenRepresentationEngine' is not assignable to the same property in base type 'BaseEngine'.
  Type '(input: unknown) => TokenSequence' is not assignable to type '(input: unknown) => Promise<unknown>'.
    Type 'TokenSequence' is missing the following properties from type 'Promise<unknown>': then, catch, finally, [Symbol.toStringTag]
src/engines/CADTrialErrorLearningEngine.ts(402,19): error TS7053: Element implicitly has an 'any' type because expression of type 'string' can't be used to index type 'Partial<Record<FailureCategory, { failures: number; successes: number; rate: number; }>> | Record<string, { failures: number; successes: number; rate: number; }>'.
  No index signature with a parameter of type 'string' was found on type 'Partial<Record<FailureCategory, { failures: number; successes: number; rate: number; }>> | Record<string, { failures: number; successes: number; rate: number; }>'.
src/engines/CADTrialErrorLearningEngine.ts(537,37): error TS2345: Argument of type 'string' is not assignable to parameter of type 'never'.
src/engines/CAMAGIMasterOrchestratorEngine.ts(708,9): error TS2322: Type 'string' is not assignable to type 'GeometryType'.
src/engines/CAMAGIMasterOrchestratorEngine.ts(729,48): error TS2339: Property 'recommend' does not exist on type 'MastercamStrategyEngine'.
src/engines/CAMAGIMasterOrchestratorEngine.ts(835,29): error TS2339: Property 'operations' does not exist on type 'TribalTip'.
src/engines/CAMAGIMasterOrchestratorEngine.ts(1178,7): error TS2353: Object literal may only specify known properties, and 'type' does not exist in type 'MillOrchestrationRequest'.
src/engines/CATIAMachiningAIOrchestrationEngine.ts(223,52): error TS2339: Property 'selectStrategy' does not exist on type 'CATIAStrategyEngine'.
src/engines/ChatterStabilityLobeEngine.ts(341,26): error TS2351: This expression is not constructable.
  Type 'StabilityLobeDiagramImpl' has no construct signatures.
src/engines/ChatterStabilityLobeEngine.ts(778,26): error TS2351: This expression is not constructable.
  Type 'StabilityLobeDiagramImpl' has no construct signatures.
src/engines/ContentIngestionPipelineEngine.ts(346,15): error TS18047: 'storedTip' is possibly 'null'.
src/engines/ContentIngestionPipelineEngine.ts(347,14): error TS18047: 'storedTip' is possibly 'null'.
src/engines/ContentIngestionPipelineEngine.ts(348,13): error TS18047: 'storedTip' is possibly 'null'.
src/engines/ContentIngestionPipelineEngine.ts(352,19): error TS18047: 'storedTip' is possibly 'null'.
src/engines/ContextBudgetForecastEngine.ts(15,15): error TS2305: Module '"./AtomicStepDecomposerEngine.js"' has no exported member 'BuildStep'.
src/engines/CounterfactualBuildSimulatorEngine.ts(29,15): error TS2305: Module '"./AtomicStepDecomposerEngine.js"' has no exported member 'BuildStep'.
src/engines/CuttingTemperatureEngine.ts(93,19): error TS18048: 'canonical' is possibly 'undefined'.
src/engines/CuttingTemperatureEngine.ts(93,29): error TS2339: Property 'k_thermal' does not exist on type 'MaterialEntry'.
src/engines/cycleSchedulingBridge.ts(247,7): error TS2322: Type 'EstimateCalculatedPayload' is not assignable to type 'Record<string, unknown>'.
  Index signature for type 'string' is missing in type 'EstimateCalculatedPayload'.
src/engines/cycleSchedulingBridge.ts(303,7): error TS2322: Type 'CapacityUpdatedPayload' is not assignable to type 'Record<string, unknown>'.
  Index signature for type 'string' is missing in type 'CapacityUpdatedPayload'.
src/engines/cycleSchedulingBridge.ts(322,36): error TS2339: Property 'getSlots' does not exist on type 'SchedulingEngine'.
src/engines/cycleSchedulingBridge.ts(341,7): error TS2322: Type 'ScheduleUpdatedPayload' is not assignable to type 'Record<string, unknown>'.
  Index signature for type 'string' is missing in type 'ScheduleUpdatedPayload'.
src/engines/cycleSchedulingBridge.ts(381,7): error TS2322: Type 'ActualDurationPayload' is not assignable to type 'Record<string, unknown>'.
  Index signature for type 'string' is missing in type 'ActualDurationPayload'.
src/engines/DarkContentClassifierEngine.ts(309,63): error TS2683: 'this' implicitly has type 'any' because it does not have a type annotation.
src/engines/DarkContentClassifierEngine.ts(311,55): error TS2345: Argument of type 'unknown' is not assignable to parameter of type '{ hasTextLayer?: boolean | undefined; isScanned?: boolean | undefined; isEncrypted?: boolean | undefined; isCorrupted?: boolean | undefined; dpi?: number | undefined; width?: number | undefined; height?: number | undefined; } | undefined'.
src/engines/DesignToFloorPipelineEngine.ts(687,7): error TS2322: Type 'MaterialEntry | undefined' is not assignable to type 'MaterialPhysics'.
  Type 'undefined' is not assignable to type 'MaterialPhysics'.
src/engines/DesignToFloorPipelineEngine.ts(689,7): error TS2322: Type 'MaterialEntry | undefined' is not assignable to type 'MaterialPhysics'.
  Type 'undefined' is not assignable to type 'MaterialPhysics'.
src/engines/DesignToFloorPipelineEngine.ts(953,7): error TS2322: Type 'MaterialEntry | undefined' is not assignable to type 'MaterialPhysics'.
  Type 'undefined' is not assignable to type 'MaterialPhysics'.
src/engines/DesignToFloorPipelineEngine.ts(955,7): error TS2322: Type 'MaterialEntry | undefined' is not assignable to type 'MaterialPhysics'.
  Type 'undefined' is not assignable to type 'MaterialPhysics'.
src/engines/DFMAwareGenerationEngine.ts(152,7): error TS2720: Class 'DFMAwareGenerationEngine' incorrectly implements class 'BaseEngine'. Did you mean to extend 'BaseEngine' and inherit its members as a subclass?
  Type 'DFMAwareGenerationEngine' is missing the following properties from type 'BaseEngine': getInfo, executeImpl, execute, healthCheck
src/engines/E2ShopConnectorEngine.ts(242,45): error TS18048: 'resolved' is possibly 'undefined'.
src/engines/EPackTableImportEngine.ts(22,10): error TS2305: Module '"./WEDMPrintToProgramEngine.js"' has no exported member 'decodeEPackCode'.
src/engines/ERPIntegrationEngine.ts(112,27): error TS18048: 'mat' is possibly 'undefined'.
src/engines/ERPIntegrationEngine.ts(112,48): error TS18048: 'mat' is possibly 'undefined'.
src/engines/EventBus.ts(923,11): error TS2740: Type '{ system: number; task: number; agent: number; swarm: number; calculation: number; data: number; hook: number; error: number; quality: number; audit: number; }' is missing the following properties from type 'Record<EventCategory, number>': cycle_time, estimate, shipping, schedule, and 5 more.
src/engines/ForesightOrchestratorEngine.ts(93,11): error TS2739: Type '{ key: string; severity: 1 | 3 | 5; body: string; }' is missing the following properties from type 'ForesightSection': title, tokens
src/engines/ForesightOrchestratorEngine.ts(94,11): error TS2739: Type '{ key: string; severity: 3; body: string; }' is missing the following properties from type 'ForesightSection': title, tokens
src/engines/ForesightOrchestratorEngine.ts(95,11): error TS2739: Type '{ key: string; severity: 2; body: string; }' is missing the following properties from type 'ForesightSection': title, tokens
src/engines/ForesightOrchestratorEngine.ts(96,11): error TS2739: Type '{ key: string; severity: 4; body: string; }' is missing the following properties from type 'ForesightSection': title, tokens
src/engines/ForesightOrchestratorEngine.ts(112,15): error TS2367: This comparison appears to be unintentional because the types '"ok" | "warn"' and '"block"' have no overlap.
src/engines/FormulaValidationEngine.ts(400,9): error TS2554: Expected 4 arguments, but got 5.
src/engines/FormulaValidationEngine.ts(423,9): error TS2554: Expected 3 arguments, but got 4.
src/engines/FormulaValidationEngine.ts(613,38): error TS2339: Property 'kc1_1' does not exist on type 'MaterialEntry'.
src/engines/FormulaValidationEngine.ts(615,41): error TS2339: Property 'kc1_1' does not exist on type 'MaterialEntry'.
src/engines/FormulaValidationEngine.ts(617,21): error TS2339: Property 'kc1_1' does not exist on type 'MaterialEntry'.
src/engines/Fusion360CodeGeneratorEngine.ts(90,5): error TS2353: Object literal may only specify known properties, and 'notes' does not exist in type 'CADCapabilityMatrix'.
src/engines/Fusion360CodeGeneratorEngine.ts(1007,9): error TS2561: Object literal may only specify known properties, but 'output' does not exist in type 'CADExecutionResult'. Did you mean to write 'outputs'?
src/engines/Fusion360PluginAdapterEngine.ts(140,13): error TS2554: Expected 2-3 arguments, but got 1.
src/engines/FusionAIOrchestrationEngine.ts(254,54): error TS2339: Property 'getPhysicsProfile' does not exist on type 'FusionMaterialBridgeEngine'.
src/engines/FusionAIOrchestrationEngine.ts(275,9): error TS2322: Type '"slot" | "steep_wall" | "freeform_surface" | "open_pocket" | "flat_area" | "deep_cavity" | "closed_pocket"' is not assignable to type 'FusionFeatureType'.
  Type '"slot"' is not assignable to type 'FusionFeatureType'.
src/engines/FusionAIOrchestrationEngine.ts(277,9): error TS2322: Type '"mill_turn" | "5axis_mill" | "3axis_mill" | "4axis_mill" | "5axis_table_head"' is not assignable to type 'FusionMachineType'.
  Type '"5axis_mill"' is not assignable to type 'FusionMachineType'. Did you mean '"3axis_mill"'?
src/engines/FusionAIOrchestrationEngine.ts(338,57): error TS2339: Property 'calculateMillingPhysics' does not exist on type 'FusionMaterialPhysicsBridge'.
src/engines/GapEscalationControllerEngine.ts(418,24): error TS2339: Property 'canHandle' does not exist on type 'GapAnalysis'.
src/engines/GapEscalationControllerEngine.ts(420,19): error TS2339: Property 'canHandle' does not exist on type 'GapAnalysis'.
src/engines/GapEscalationControllerEngine.ts(420,35): error TS2339: Property 'reason' does not exist on type 'GapAnalysis'.
src/engines/GapEscalationControllerEngine.ts(420,65): error TS2339: Property 'reason' does not exist on type 'GapAnalysis'.
src/engines/HurcoV11MillMasterPostEngine.ts(420,34): error TS2339: Property 'kc1_1' does not exist on type 'Record<ISOGroup, { kc1_1: number; mc: number; }>'.
src/engines/HyperCADSCodeGeneratorEngine.ts(65,12): error TS2820: Type '"hypercads"' is not assignable to type '"fusion360" | "mastercam" | "nx" | "hypermill" | "solidworks" | "freecad" | "cadquery" | "onshape" | "inventor" | "creo" | "inventor_hsm" | "hypercad_s" | "catia_v5" | "rhino"'. Did you mean '"hypercad_s"'?
src/engines/HyperCADSCodeGeneratorEngine.ts(68,5): error TS2820: Type '"hypercads"' is not assignable to type '"fusion360" | "mastercam" | "nx" | "hypermill" | "solidworks" | "freecad" | "cadquery" | "onshape" | "inventor" | "creo" | "inventor_hsm" | "hypercad_s" | "catia_v5" | "rhino"'. Did you mean '"hypercad_s"'?
src/engines/HyperCADSCodeGeneratorEngine.ts(203,17): error TS2352: Conversion of type 'string | number | boolean | readonly string[] | readonly number[] | null | undefined' to type 'number[][]' may be a mistake because neither type sufficiently overlaps with the other. If this was intentional, convert the expression to 'unknown' first.
  The type 'readonly number[]' is 'readonly' and cannot be assigned to the mutable type 'number[][]'.
src/engines/HyperMillAIOrchestrationEngine.ts(22,10): error TS2724: '"./HyperMillMaterialBridgeEngine.js"' has no exported member named 'hyperMillMaterialBridgeEngine'. Did you mean 'HyperMillMaterialBridgeEngine'?
src/engines/HyperMillAIOrchestrationEngine.ts(273,56): error TS2554: Expected 3 arguments, but got 1.
src/engines/HyperMillAIOrchestrationEngine.ts(284,28): error TS2339: Property 'primary_strategy' does not exist on type 'StrategySelectionResult'.
src/engines/HyperMillAIOrchestrationEngine.ts(285,39): error TS2339: Property 'primary_strategy' does not exist on type 'StrategySelectionResult'.
src/engines/HyperMillAIOrchestrationEngine.ts(287,33): error TS2339: Property 'primary_strategy' does not exist on type 'StrategySelectionResult'.
src/engines/HyperMillAIOrchestrationEngine.ts(288,35): error TS2339: Property 'primary_strategy' does not exist on type 'StrategySelectionResult'.
src/engines/HyperMillAIOrchestrationEngine.ts(289,37): error TS2339: Property 'cutting_parameters' does not exist on type 'StrategySelectionResult'.
src/engines/HyperMillAIOrchestrationEngine.ts(290,39): error TS2339: Property 'cutting_parameters' does not exist on type 'StrategySelectionResult'.
src/engines/HyperMillAIOrchestrationEngine.ts(356,60): error TS2339: Property 'calculateMillingPhysics' does not exist on type 'HyperMillMaterialPhysicsBridge'.
src/engines/HyperMillDeepLearningEngine.ts(417,5): error TS2322: Type 'null' is not assignable to type 'number | undefined'.
src/engines/HyperMillDeepLearningEngine.ts(486,47): error TS2322: Type '"steep_wall"' is not assignable to type 'HyperMillFeatureType'.
src/engines/HyperMillDeepLearningEngine.ts(490,5): error TS2322: Type 'null' is not assignable to type 'number | undefined'.
src/engines/HyperMillDeepLearningEngine.ts(507,5): error TS2322: Type 'null' is not assignable to type 'number | undefined'.
src/engines/HyperMillDeepLearningEngine.ts(522,47): error TS2322: Type '"steep_wall"' is not assignable to type 'HyperMillFeatureType'.
src/engines/HyperMillDeepLearningEngine.ts(525,5): error TS2322: Type 'null' is not assignable to type 'number | undefined'.
src/engines/HyperMillDeepLearningEngine.ts(613,5): error TS2322: Type 'null' is not assignable to type 'number | undefined'.
src/engines/HyperMillDeepLearningEngine.ts(633,5): error TS2322: Type 'null' is not assignable to type 'number | undefined'.
src/engines/HyperMillDeepLearningEngine.ts(634,5): error TS2322: Type 'null' is not assignable to type 'number | undefined'.
src/engines/HyperMillDeepLearningEngine.ts(651,5): error TS2322: Type 'null' is not assignable to type 'number | undefined'.
src/engines/HyperMillDeepLearningEngine.ts(652,5): error TS2322: Type 'null' is not assignable to type 'number | undefined'.
src/engines/HyperMillDeepLearningEngine.ts(669,5): error TS2322: Type 'null' is not assignable to type 'number | undefined'.
src/engines/HyperMillDeepLearningEngine.ts(687,5): error TS2322: Type 'null' is not assignable to type 'number | undefined'.
src/engines/HyperMillDeepLearningEngine.ts(705,5): error TS2322: Type 'null' is not assignable to type 'number | undefined'.
src/engines/HyperMillDeepLearningEngine.ts(723,5): error TS2322: Type 'null' is not assignable to type 'number | undefined'.
src/engines/HyperMillDeepLearningEngine.ts(743,5): error TS2322: Type 'null' is not assignable to type 'number | undefined'.
src/engines/HyperMillDeepLearningEngine.ts(744,5): error TS2322: Type 'null' is not assignable to type 'number | undefined'.
src/engines/HyperMillDeepLearningEngine.ts(761,5): error TS2322: Type 'null' is not assignable to type 'number | undefined'.
src/engines/HyperMillDeepLearningEngine.ts(762,5): error TS2322: Type 'null' is not assignable to type 'number | undefined'.
src/engines/HyperMillDeepLearningEngine.ts(856,5): error TS2322: Type 'null' is not assignable to type 'number | undefined'.
src/engines/HyperMillDeepLearningEngine.ts(873,5): error TS2322: Type 'null' is not assignable to type 'number | undefined'.
src/engines/HyperMillDeepLearningEngine.ts(874,5): error TS2322: Type 'null' is not assignable to type 'number | undefined'.
src/engines/HyperMillDeepLearningEngine.ts(926,27): error TS2322: Type '"steep_wall"' is not assignable to type 'HyperMillFeatureType'.
src/engines/HyperMillDeepLearningEngine.ts(930,5): error TS2322: Type 'null' is not assignable to type 'number | undefined'.
src/engines/HyperMillDeepLearningEngine.ts(1193,5): error TS2322: Type 'null' is not assignable to type 'number | undefined'.
src/engines/HyperMillEDMBridge.ts(30,8): error TS2614: Module '"./EDMProgramAssemblerEngine.js"' has no exported member 'WireEDMPartProfile'. Did you mean to use 'import WireEDMPartProfile from "./EDMProgramAssemblerEngine.js"' instead?
src/engines/HyperMillEDMBridge.ts(31,8): error TS2614: Module '"./EDMProgramAssemblerEngine.js"' has no exported member 'WireEDMProgram'. Did you mean to use 'import WireEDMProgram from "./EDMProgramAssemblerEngine.js"' instead?
src/engines/HyperMillEDMBridge.ts(32,8): error TS2614: Module '"./EDMProgramAssemblerEngine.js"' has no exported member 'SinkerEDMPartProfile'. Did you mean to use 'import SinkerEDMPartProfile from "./EDMProgramAssemblerEngine.js"' instead?
src/engines/HyperMillEDMBridge.ts(33,8): error TS2614: Module '"./EDMProgramAssemblerEngine.js"' has no exported member 'SinkerEDMProgram'. Did you mean to use 'import SinkerEDMProgram from "./EDMProgramAssemblerEngine.js"' instead?
src/engines/HyperMillEDMBridge.ts(34,8): error TS2614: Module '"./EDMProgramAssemblerEngine.js"' has no exported member 'SinkerCavityFeature'. Did you mean to use 'import SinkerCavityFeature from "./EDMProgramAssemblerEngine.js"' instead?
src/engines/HyperMillEDMBridge.ts(35,8): error TS2614: Module '"./EDMProgramAssemblerEngine.js"' has no exported member 'MicroEDMPartProfile'. Did you mean to use 'import MicroEDMPartProfile from "./EDMProgramAssemblerEngine.js"' instead?
src/engines/HyperMillEDMBridge.ts(36,8): error TS2614: Module '"./EDMProgramAssemblerEngine.js"' has no exported member 'MicroEDMProgram'. Did you mean to use 'import MicroEDMProgram from "./EDMProgramAssemblerEngine.js"' instead?
src/engines/HyperMillEDMBridge.ts(281,24): error TS2339: Property 'assembleWireEDM' does not exist on type 'EDMProgramAssemblerEngine'.
src/engines/HyperMillEDMBridge.ts(329,24): error TS2339: Property 'assembleSinkerEDM' does not exist on type 'EDMProgramAssemblerEngine'.
src/engines/HyperMillEDMBridge.ts(362,24): error TS2339: Property 'assembleMicroEDM' does not exist on type 'EDMProgramAssemblerEngine'.
src/engines/HyperMillPluginAdapterEngine.ts(130,14): error TS2554: Expected 2-3 arguments, but got 1.
src/engines/HyperMillResourceIndexEngine.ts(179,7): error TS2322: Type 'Dirent<string>[]' is not assignable to type 'Dirent<NonSharedBuffer>[]'.
  Type 'Dirent<string>' is not assignable to type 'Dirent<NonSharedBuffer>'.
    Type 'string' is not assignable to type 'NonSharedBuffer'.
src/engines/HyperMillStrategyKnowledgeEngine.ts(1699,13): error TS2339: Property 'category' does not exist on type 'CAMSetup'.
src/engines/HyperMillSurfaceIntegrityBridge.ts(467,19): error TS2339: Property 'maxSafeVc_m_min' does not exist on type 'WhiteLayerThreshold'.
src/engines/HyperMillSurfaceIntegrityBridge.ts(471,63): error TS2339: Property 'description' does not exist on type 'WhiteLayerThreshold'.
src/engines/ImageOCRPipelineEngine.ts(98,9): error TS2554: Expected 1-2 arguments, but got 0.
src/engines/ImageOCRPipelineEngine.ts(133,9): error TS2554: Expected 1-2 arguments, but got 0.
src/engines/ImpellerCADEngine.ts(370,7): error TS2322: Type 'number[][]' is not assignable to type 'string | number | boolean | readonly string[] | readonly number[] | null | undefined'.
  Type 'number[][]' is not assignable to type 'readonly number[]'.
    Type 'number[]' is not assignable to type 'number'.
src/engines/ImpellerCADEngine.ts(433,7): error TS2322: Type 'number[][]' is not assignable to type 'string | number | boolean | readonly string[] | readonly number[] | null | undefined'.
  Type 'number[][]' is not assignable to type 'readonly number[]'.
    Type 'number[]' is not assignable to type 'number'.
src/engines/ImpellerCADEngine.ts(568,7): error TS2322: Type '[number, number, number][]' is not assignable to type 'string | number | boolean | readonly string[] | readonly number[] | null | undefined'.
  Type '[number, number, number][]' is not assignable to type 'readonly number[]'.
    Type '[number, number, number]' is not assignable to type 'number'.
src/engines/ImpellerCADEngine.ts(614,9): error TS2322: Type 'number[][]' is not assignable to type 'string | number | boolean | readonly string[] | readonly number[] | null | undefined'.
  Type 'number[][]' is not assignable to type 'readonly number[]'.
    Type 'number[]' is not assignable to type 'number'.
src/engines/ImpellerCADEngine.ts(629,9): error TS2322: Type 'number[][]' is not assignable to type 'string | number | boolean | readonly string[] | readonly number[] | null | undefined'.
  Type 'number[][]' is not assignable to type 'readonly number[]'.
    Type 'number[]' is not assignable to type 'number'.
src/engines/InfiniteConditionCombinatorEngine.ts(131,51): error TS2352: Conversion of type 'ConditionVector' to type 'Record<string, string>' may be a mistake because neither type sufficiently overlaps with the other. If this was intentional, convert the expression to 'unknown' first.
  Index signature for type 'string' is missing in type 'ConditionVector'.
src/engines/InfiniteConditionCombinatorEngine.ts(267,51): error TS2352: Conversion of type 'ConditionVector' to type 'Record<string, string>' may be a mistake because neither type sufficiently overlaps with the other. If this was intentional, convert the expression to 'unknown' first.
  Index signature for type 'string' is missing in type 'ConditionVector'.
src/engines/IntelligentSequencingAdapter.ts(49,8): error TS2305: Module '"./IntelligentSequencingEngine.js"' has no exported member 'SequenceOperation'.
src/engines/IntelligentSequencingAdapter.ts(50,8): error TS2724: '"./IntelligentSequencingEngine.js"' has no exported member named 'SequenceResult'. Did you mean 'SequencingResult'?
src/engines/InventorCADCodeGeneratorEngine.ts(139,3): error TS2322: Type 'Set<string>' is not assignable to type 'ReadonlySet<"custom" | "sketch_create" | "sketch_line" | "sketch_arc" | "sketch_circle" | "sketch_rectangle" | "sketch_spline" | "sketch_dimension" | "sketch_constraint" | "sketch_trim" | ... 89 more ... | "parameter_table">'.
  Types of property 'forEach' are incompatible.
    Type '(callbackfn: (value: string, value2: string, set: Set<string>) => void, thisArg?: any) => void' is not assignable to type '(callbackfn: (value: "custom" | "sketch_create" | "sketch_line" | "sketch_arc" | "sketch_circle" | "sketch_rectangle" | "sketch_spline" | "sketch_dimension" | "sketch_constraint" | "sketch_trim" | ... 89 more ... | "parameter_table", value2: "custom" | ... 98 more ... | "parameter_table", set: ReadonlySet<...>) => v...'.
      Types of parameters 'callbackfn' and 'callbackfn' are incompatible.
        Types of parameters 'value' and 'value' are incompatible.
          Type 'string' is not assignable to type '"custom" | "sketch_create" | "sketch_line" | "sketch_arc" | "sketch_circle" | "sketch_rectangle" | "sketch_spline" | "sketch_dimension" | "sketch_constraint" | "sketch_trim" | ... 89 more ... | "parameter_table"'.
src/engines/InventorCADCodeGeneratorEngine.ts(528,11): error TS2416: Property 'requireArg' in type 'InventorCADCodeGeneratorEngine' is not assignable to the same property in base type 'UnifiedCADCodeGeneratorBase<InventorCADContext>'.
  Type '<T>(op: CADOperation, key: string, expectedType: "string" | "number" | "boolean" | "object") => T' is not assignable to type '<T>(op: CADOperation, name: string, kind: "string" | "number" | "boolean" | "array") => T'.
    Types of parameters 'expectedType' and 'kind' are incompatible.
      Type '"string" | "number" | "boolean" | "array"' is not assignable to type '"string" | "number" | "boolean" | "object"'.
        Type '"array"' is not assignable to type '"string" | "number" | "boolean" | "object"'.
src/engines/InventorCADCodeGeneratorEngine.ts(730,20): error TS2352: Conversion of type 'string | number | boolean | readonly string[] | readonly number[] | null | undefined' to type '[number, number][]' may be a mistake because neither type sufficiently overlaps with the other. If this was intentional, convert the expression to 'unknown' first.
  The type 'readonly number[]' is 'readonly' and cannot be assigned to the mutable type '[number, number][]'.
src/engines/InventorCADCodeGeneratorEngine.ts(2077,9): error TS2353: Object literal may only specify known properties, and 'warningCount' does not exist in type '{ volumeMm3?: number | undefined; boundingBoxMm?: [number, number, number] | undefined; centerMm?: [number, number, number] | undefined; faceCount?: number | undefined; edgeCount?: number | undefined; ... 4 more ...; operationCount?: number | undefined; }'.
src/engines/InventorHSMPluginAdapterEngine.ts(77,20): error TS2554: Expected 2-3 arguments, but got 1.
src/engines/InventorHSMPluginAdapterEngine.ts(159,24): error TS2554: Expected 2-3 arguments, but got 1.
src/engines/InventorHSMPluginAdapterEngine.ts(188,13): error TS2554: Expected 2-3 arguments, but got 1.
src/engines/JMDieTrainingCorpusEngine.ts(60,22): error TS2554: Expected 2-3 arguments, but got 1.
src/engines/JMDieTrainingCorpusEngine.ts(61,24): error TS2554: Expected 2-3 arguments, but got 1.
src/engines/JMDieTrainingCorpusEngine.ts(216,52): error TS2345: Argument of type '{ text: string; source_path: string; }' is not assignable to parameter of type '{ source_path: string; text: string; max_lines: number; }'.
  Property 'max_lines' is missing in type '{ text: string; source_path: string; }' but required in type '{ source_path: string; text: string; max_lines: number; }'.
src/engines/JMDieTrainingCorpusEngine.ts(231,51): error TS2345: Argument of type '{ text: string; source_path: string; }' is not assignable to parameter of type '{ source_path: string; text: string; max_lines: number; }'.
  Property 'max_lines' is missing in type '{ text: string; source_path: string; }' but required in type '{ source_path: string; text: string; max_lines: number; }'.
src/engines/JMDieTrainingCorpusEngine.ts(246,56): error TS2345: Argument of type '{ text: string; source_path: string; machine_id: string; }' is not assignable to parameter of type '{ source_path: string; text: string; machine_id: string; controller: "fanuc" | "siemens" | "haas" | "okuma" | "mazak" | "unknown" | "hurco"; max_entries: number; }'.
  Type '{ text: string; source_path: string; machine_id: string; }' is missing the following properties from type '{ source_path: string; text: string; machine_id: string; controller: "fanuc" | "siemens" | "haas" | "okuma" | "mazak" | "unknown" | "hurco"; max_entries: number; }': controller, max_entries
src/engines/JMDieTrainingCorpusEngine.ts(286,29): error TS7015: Element implicitly has an 'any' type because index expression is not of type 'number'.
src/engines/JMDieTrainingCorpusEngine.ts(286,71): error TS7015: Element implicitly has an 'any' type because index expression is not of type 'number'.
src/engines/JMDieTrainingCorpusEngine.ts(287,31): error TS7015: Element implicitly has an 'any' type because index expression is not of type 'number'.
src/engines/JMDieTrainingCorpusEngine.ts(287,77): error TS7015: Element implicitly has an 'any' type because index expression is not of type 'number'.
src/engines/JobCostingEngine.ts(146,27): error TS18048: 'mat' is possibly 'undefined'.
src/engines/JobCostingEngine.ts(146,31): error TS2339: Property 'vc_base_finishing' does not exist on type 'MaterialEntry'.
src/engines/JobCostingEngine.ts(146,51): error TS18048: 'mat' is possibly 'undefined'.
src/engines/JobCostingEngine.ts(146,55): error TS2339: Property 'vc_base_roughing' does not exist on type 'MaterialEntry'.
src/engines/JobCostingEngine.ts(159,19): error TS18048: 'mat' is possibly 'undefined'.
src/engines/JobCostingEngine.ts(159,23): error TS2339: Property 'kc1_1' does not exist on type 'MaterialEntry'.
src/engines/JobCostingEngine.ts(160,16): error TS18048: 'mat' is possibly 'undefined'.
src/engines/JobCostingEngine.ts(160,20): error TS2339: Property 'mc' does not exist on type 'MaterialEntry'.
src/engines/JobCostingEngine.ts(297,19): error TS18048: 'resolved' is possibly 'undefined'.
src/engines/JobLifecycleEngine.ts(562,41): error TS2339: Property 'recordJobCost' does not exist on type 'GeneralLedgerEngine'.
src/engines/KnowledgeIngestionOrchestratorEngine.ts(129,14): error TS2654: Non-abstract class 'KnowledgeIngestionOrchestratorEngine' is missing implementations for the following members of 'BaseEngine': 'getCapabilities', 'validate', 'executeImpl'.
src/engines/KnowledgeIngestionOrchestratorEngine.ts(134,5): error TS2554: Expected 1 arguments, but got 0.
src/engines/KnowledgeIngestionOrchestratorEngine.ts(326,71): error TS2339: Property 'formulasFound' does not exist on type '{ totalExtracted: number; byCategory: Record<FormulaCategory, number>; validatedCount: number; averageConfidence: number; }'.
src/engines/KnowledgeIngestionOrchestratorEngine.ts(327,81): error TS2339: Property 'materialsFound' does not exist on type '{ totalExtracted: number; byISOGroup: Record<"unknown" | ISOGroup, number>; validatedCount: number; averageConfidence: number; averagePropertiesPerMaterial: number; }'.
src/engines/KnowledgeIngestionOrchestratorEngine.ts(354,71): error TS2339: Property 'formulasFound' does not exist on type '{ totalExtracted: number; byCategory: Record<FormulaCategory, number>; validatedCount: number; averageConfidence: number; }'.
src/engines/LatheAGIKnowledgeUnificationEngine.ts(216,9): error TS2741: Property 'hops' is missing in type '{}' but required in type '{ hops: number; type?: "operator" | "material" | "tool" | "formula" | "machine" | "strategy" | "part" | "customer" | "tip" | "job" | undefined; id?: string | undefined; label_contains?: string | undefined; }'.
src/engines/LatheJobProfitabilityAnalyticsEngine.ts(199,13): error TS2739: Type '{}' is missing the following properties from type '{ by: "customer" | "part_number"; top_n: number; since_iso?: string | undefined; until_iso?: string | undefined; }': by, top_n
src/engines/LatheLoRADatasetBuilderEngine.ts(560,44): error TS2339: Property 'query' does not exist on type 'TribalKnowledgeEngine'.
src/engines/LatheLoRAExperimentTrackerEngine.ts(252,62): error TS2345: Argument of type 'string | undefined' is not assignable to parameter of type 'string'.
  Type 'undefined' is not assignable to type 'string'.
src/engines/LatheMasterOrchestratorFacadeEngine.ts(231,68): error TS2307: Cannot find module './TribalKnowledgeActivationEngine.js' or its corresponding type declarations.
src/engines/LatheMasterOrchestratorFacadeEngine.ts(256,63): error TS2307: Cannot find module './LatheUnifiedAIOrchestrator.js' or its corresponding type declarations.
src/engines/LatheMasterOrchestratorFacadeEngine.ts(331,13): error TS2307: Cannot find module './LatheProgrammingStyleSelectorEngine.js' or its corresponding type declarations.
src/engines/LatheMasterOrchestratorFacadeEngine.ts(356,62): error TS2307: Cannot find module './LatheProgramCatalogEngine.js' or its corresponding type declarations.
src/engines/LatheMasterOrchestratorFacadeEngine.ts(378,63): error TS2307: Cannot find module './LatheProgrammingCostEngine.js' or its corresponding type declarations.
src/engines/LatheMasterOrchestratorFacadeEngine.ts(398,13): error TS2307: Cannot find module './LathePartFamilyPlanningEngine.js' or its corresponding type declarations.
src/engines/LatheMasterOrchestratorFacadeEngine.ts(451,46): error TS2339: Property 'collision' does not exist on type 'CollisionResult'.
src/engines/LatheMasterOrchestratorFacadeEngine.ts(454,45): error TS2339: Property 'collision' does not exist on type 'CollisionResult'.
src/engines/LatheMasterOrchestratorFacadeEngine.ts(475,69): error TS2554: Expected 9 arguments, but got 5.
src/engines/LatheMasterOrchestratorFacadeEngine.ts(485,17): error TS2554: Expected 1 arguments, but got 4.
src/engines/LatheMasterOrchestratorFacadeEngine.ts(488,44): error TS2345: Argument of type 'string' is not assignable to parameter of type 'number'.
src/engines/LatheMasterOrchestratorFacadeEngine.ts(514,37): error TS2339: Property 'power_kW' does not exist on type 'TurningForces'.
src/engines/LatheMasterOrchestratorFacadeEngine.ts(538,66): error TS2307: Cannot find module './TribalKnowledgeActivationEngine.js' or its corresponding type declarations.
src/engines/LatheMasterOrchestratorFacadeEngine.ts(679,16): error TS2339: Property 'emit' does not exist on type 'EventBus'.
src/engines/LatheMasterPostSelfAwarenessEngine.ts(519,28): error TS2345: Argument of type '{ id: string; name: string; dialect: "generic"; }' is not assignable to parameter of type '{ id: string; name: string; dialect: "fanuc" | "haas" | "okuma" | "mitsubishi" | "mazak" | "generic" | "citizen"; version: string; machineIds: string[]; features?: { cssSupport: boolean; cannedCycles: string[]; ... 6 more ...; partCatcher: boolean; } | undefined; }'.
  Type '{ id: string; name: string; dialect: "generic"; }' is missing the following properties from type '{ id: string; name: string; dialect: "fanuc" | "haas" | "okuma" | "mitsubishi" | "mazak" | "generic" | "citizen"; version: string; machineIds: string[]; features?: { cssSupport: boolean; cannedCycles: string[]; ... 6 more ...; partCatcher: boolean; } | undefined; }': version, machineIds
src/engines/LathePostGeneratorDialectEngine.ts(421,26): error TS2345: Argument of type '{ controller_id: string; cycle_code: string; parameters: { depth_of_cut: number; finish_allowance_x: number; finish_allowance_z: number; profile_start_block: number; profile_end_block: number; feed_rate: number; }; include_comments: true; use_line_numbers: false; }' is not assignable to parameter of type '{ controller_id: string; cycle_code: string; parameters: { depth_of_cut?: number | undefined; finish_allowance_x?: number | undefined; finish_allowance_z?: number | undefined; profile_start_block?: number | undefined; ... 17 more ...; spindle_speed?: number | undefined; }; line_number_start: number; line_number_incr...'.
  Type '{ controller_id: string; cycle_code: string; parameters: { depth_of_cut: number; finish_allowance_x: number; finish_allowance_z: number; profile_start_block: number; profile_end_block: number; feed_rate: number; }; include_comments: true; use_line_numbers: false; }' is missing the following properties from type '{ controller_id: string; cycle_code: string; parameters: { depth_of_cut?: number | undefined; finish_allowance_x?: number | undefined; finish_allowance_z?: number | undefined; profile_start_block?: number | undefined; ... 17 more ...; spindle_speed?: number | undefined; }; line_number_start: number; line_number_incr...': line_number_start, line_number_increment
src/engines/LathePostGeneratorDialectEngine.ts(449,26): error TS2345: Argument of type '{ controller_id: string; cycle_code: string; parameters: { thread_pitch: number; thread_depth: number; thread_angle: number; first_cut_depth: number; thread_end_x: number; thread_end_z: number; }; include_comments: true; use_line_numbers: false; }' is not assignable to parameter of type '{ controller_id: string; cycle_code: string; parameters: { depth_of_cut?: number | undefined; finish_allowance_x?: number | undefined; finish_allowance_z?: number | undefined; profile_start_block?: number | undefined; ... 17 more ...; spindle_speed?: number | undefined; }; line_number_start: number; line_number_incr...'.
  Type '{ controller_id: string; cycle_code: string; parameters: { thread_pitch: number; thread_depth: number; thread_angle: number; first_cut_depth: number; thread_end_x: number; thread_end_z: number; }; include_comments: true; use_line_numbers: false; }' is missing the following properties from type '{ controller_id: string; cycle_code: string; parameters: { depth_of_cut?: number | undefined; finish_allowance_x?: number | undefined; finish_allowance_z?: number | undefined; profile_start_block?: number | undefined; ... 17 more ...; spindle_speed?: number | undefined; }; line_number_start: number; line_number_incr...': line_number_start, line_number_increment
src/engines/LathePostGeneratorDialectEngine.ts(475,26): error TS2345: Argument of type '{ controller_id: string; cycle_code: string; parameters: { hole_depth: number; peck_depth: number; retract_plane: number; feed_rate: number; }; include_comments: true; use_line_numbers: false; }' is not assignable to parameter of type '{ controller_id: string; cycle_code: string; parameters: { depth_of_cut?: number | undefined; finish_allowance_x?: number | undefined; finish_allowance_z?: number | undefined; profile_start_block?: number | undefined; ... 17 more ...; spindle_speed?: number | undefined; }; line_number_start: number; line_number_incr...'.
  Type '{ controller_id: string; cycle_code: string; parameters: { hole_depth: number; peck_depth: number; retract_plane: number; feed_rate: number; }; include_comments: true; use_line_numbers: false; }' is missing the following properties from type '{ controller_id: string; cycle_code: string; parameters: { depth_of_cut?: number | undefined; finish_allowance_x?: number | undefined; finish_allowance_z?: number | undefined; profile_start_block?: number | undefined; ... 17 more ...; spindle_speed?: number | undefined; }; line_number_start: number; line_number_incr...': line_number_start, line_number_increment
src/engines/LathePostGeneratorDialectEngine.ts(564,35): error TS2345: Argument of type '{ controller_id: string; cycle_code: string; parameters: { depth_of_cut?: number | undefined; finish_allowance_x?: number | undefined; finish_allowance_z?: number | undefined; profile_start_block?: number | undefined; ... 17 more ...; spindle_speed?: number | undefined; }; include_comments: false; use_line_numbers: ...' is not assignable to parameter of type '{ controller_id: string; cycle_code: string; parameters: { depth_of_cut?: number | undefined; finish_allowance_x?: number | undefined; finish_allowance_z?: number | undefined; profile_start_block?: number | undefined; ... 17 more ...; spindle_speed?: number | undefined; }; line_number_start: number; line_number_incr...'.
  Type '{ controller_id: string; cycle_code: string; parameters: { depth_of_cut?: number | undefined; finish_allowance_x?: number | undefined; finish_allowance_z?: number | undefined; profile_start_block?: number | undefined; ... 17 more ...; spindle_speed?: number | undefined; }; include_comments: false; use_line_numbers: ...' is missing the following properties from type '{ controller_id: string; cycle_code: string; parameters: { depth_of_cut?: number | undefined; finish_allowance_x?: number | undefined; finish_allowance_z?: number | undefined; profile_start_block?: number | undefined; ... 17 more ...; spindle_speed?: number | undefined; }; line_number_start: number; line_number_incr...': line_number_start, line_number_increment
src/engines/LathePrintFeatureStrategySelectorEngine.ts(91,17): error TS2554: Expected 2-3 arguments, but got 1.
src/engines/LathePrintSetupSelectionEngine.ts(175,26): error TS7053: Element implicitly has an 'any' type because expression of type '"roughing" | "finishing" | "drilling" | "parting" | "threading" | "default"' can't be used to index type '{ readonly roughing: 2.5; readonly finishing: 2; readonly parting: 3; readonly threading: 2.5; readonly default: 2; }'.
  Property 'drilling' does not exist on type '{ readonly roughing: 2.5; readonly finishing: 2; readonly parting: 3; readonly threading: 2.5; readonly default: 2; }'.
src/engines/LathePrintToleranceStackEngine.ts(775,35): error TS2339: Property 'errors' does not exist on type 'ZodError<{ recognition_id: string; datum_chains: { id: string; datums: { id: string; featureId: string; label: string; priority: number; featureType: string; surfaceType: "spherical" | "cylindrical" | "planar" | "conical"; diameter_mm?: number | undefined; z_position_mm?: number | undefined; }[]; totalBudget_mm: num...'.
src/engines/LathePrintToProgramKnowledgeGraphEngine.ts(46,17): error TS2554: Expected 2-3 arguments, but got 1.
src/engines/LathePrintToProgramKnowledgeGraphEngine.ts(57,17): error TS2554: Expected 2-3 arguments, but got 1.
src/engines/LathePrintToProgramKnowledgeGraphEngine.ts(102,19): error TS2554: Expected 2-3 arguments, but got 1.
src/engines/LathePrintToProgramReasoningEngine.ts(39,15): error TS2554: Expected 2-3 arguments, but got 1.
src/engines/LatheProofCarryingEmitEngine.ts(266,9): error TS2322: Type '"BLOCKED" | "SAFE" | "UNVERIFIED"' is not assignable to type '"BLOCKED" | "WARNING" | "SAFE" | "SKIPPED"'.
  Type '"UNVERIFIED"' is not assignable to type '"BLOCKED" | "WARNING" | "SAFE" | "SKIPPED"'.
src/engines/LatheSpeedFeedCalculatorFacadeEngine.ts(199,9): error TS2739: Type 'MaterialEntry' is missing the following properties from type 'MaterialPhysics': kc1_1, mc
src/engines/LatheSpeedFeedCalculatorFacadeEngine.ts(209,9): error TS2739: Type 'MaterialEntry' is missing the following properties from type 'MaterialPhysics': kc1_1, mc
src/engines/LatheSpeedFeedCalculatorFacadeEngine.ts(219,18): error TS2739: Type 'MaterialEntry' is missing the following properties from type 'MaterialPhysics': kc1_1, mc
src/engines/LatheSpeedFeedCalculatorFacadeEngine.ts(226,18): error TS2739: Type 'MaterialEntry' is missing the following properties from type 'MaterialPhysics': kc1_1, mc
src/engines/LatheSpeedFeedCalculatorFacadeEngine.ts(242,11): error TS2353: Object literal may only specify known properties, and 'k_thermal' does not exist in type 'MaterialPhysics'.
src/engines/LatheSpeedFeedCalculatorFacadeEngine.ts(277,43): error TS2339: Property 'vc_base_finishing' does not exist on type 'MaterialPhysics'.
src/engines/LatheSpeedFeedCalculatorFacadeEngine.ts(277,72): error TS2339: Property 'vc_base_roughing' does not exist on type 'MaterialPhysics'.
src/engines/LatheSpeedFeedCalculatorFacadeEngine.ts(434,28): error TS18048: 'material.hardness_HB' is possibly 'undefined'.
src/engines/LatheSpeedFeedCalculatorFacadeEngine.ts(434,63): error TS18048: 'material.hardness_HB' is possibly 'undefined'.
src/engines/LatheSpeedFeedCalculatorFacadeEngine.ts(459,11): error TS2322: Type 'number | undefined' is not assignable to type 'string | number'.
  Type 'undefined' is not assignable to type 'string | number'.
src/engines/LatheSpeedFeedCalculatorFacadeEngine.ts(669,61): error TS2339: Property 'vc_base_roughing' does not exist on type 'MaterialPhysics'.
src/engines/LatheSpeedFeedCalculatorFacadeEngine.ts(765,9): error TS2353: Object literal may only specify known properties, and 'machinability_factor' does not exist in type 'Partial<MaterialPhysics>'.
src/engines/LatheSpeedFeedCalculatorFacadeEngine.ts(765,46): error TS2339: Property 'machinability_factor' does not exist on type 'MaterialPhysics'.
src/engines/LatheSpeedFeedDeepLearningAdvisorEngine.ts(267,7): error TS2739: Type 'MaterialEntry' is missing the following properties from type 'MaterialPhysics': kc1_1, mc
src/engines/LatheSpeedFeedDeepLearningAdvisorEngine.ts(271,7): error TS2739: Type 'MaterialEntry' is missing the following properties from type 'MaterialPhysics': kc1_1, mc
src/engines/LatheSpeedFeedDeepLearningAdvisorEngine.ts(285,7): error TS2322: Type 'number | undefined' is not assignable to type 'number'.
  Type 'undefined' is not assignable to type 'number'.
src/engines/LatheSpeedFeedDeepLearningAdvisorEngine.ts(286,40): error TS2339: Property 'machinability_factor' does not exist on type 'MaterialPhysics'.
src/engines/LatheSpeedFeedDeepLearningAdvisorEngine.ts(287,47): error TS2339: Property 'k_thermal' does not exist on type 'MaterialPhysics'.
src/engines/LatheSpeedFeedDeepLearningAdvisorEngine.ts(337,42): error TS2339: Property 'vc_base_roughing' does not exist on type 'MaterialPhysics'.
src/engines/LatheSpeedFeedDeepLearningAdvisorEngine.ts(337,70): error TS2339: Property 'vc_base_finishing' does not exist on type 'MaterialPhysics'.
src/engines/LatheSpeedFeedDeepLearningAdvisorEngine.ts(338,34): error TS2339: Property 'machinability_factor' does not exist on type 'MaterialPhysics'.
src/engines/LatheSpeedFeedDeepLearningAdvisorEngine.ts(530,64): error TS2339: Property 'machinability_factor' does not exist on type 'MaterialPhysics'.
src/engines/LatheSpeedFeedReasoningBridgeEngine.ts(282,9): error TS2322: Type 'string' is not assignable to type '"roughing" | "finishing" | "semi_finishing" | "drilling" | "boring" | "grooving" | "parting" | "threading"'.
src/engines/LatheSpeedFeedReasoningBridgeEngine.ts(297,9): error TS2322: Type 'string' is not assignable to type '"balanced" | "conservative" | "aggressive" | "maximum_mrr" | undefined'.
src/engines/LatheSpeedFeedReasoningBridgeEngine.ts(302,9): error TS2322: Type 'string' is not assignable to type '"flood" | "mist" | "dry" | "cryogenic" | "high_pressure" | undefined'.
src/engines/LatheSpeedFeedReasoningBridgeEngine.ts(517,11): error TS2739: Type '{ vc_min: number; vc_max: number; feed_min: number; feed_max: number; }' is missing the following properties from type 'SpeedFeedBand': doc_min, doc_max
src/engines/LatheTurningFeatureRecognizerEngine.ts(267,7): error TS2322: Type 'boolean | undefined' is not assignable to type 'boolean'.
  Type 'undefined' is not assignable to type 'boolean'.
src/engines/LatheTurningFeatureRecognizerEngine.ts(320,7): error TS2322: Type 'boolean | undefined' is not assignable to type 'boolean'.
  Type 'undefined' is not assignable to type 'boolean'.
src/engines/LectureNoteExtractionEngine.ts(142,14): error TS2654: Non-abstract class 'LectureNoteExtractionEngine' is missing implementations for the following members of 'BaseEngine': 'getCapabilities', 'validate', 'executeImpl'.
src/engines/LectureNoteExtractionEngine.ts(150,5): error TS2554: Expected 1 arguments, but got 0.
src/engines/LegalGateEngine.ts(129,7): error TS2322: Type 'null' is not assignable to type 'string | undefined'.
src/engines/LegalGateEngine.ts(513,7): error TS2322: Type 'Record<string, CustomerConsent> | null' is not assignable to type 'Record<string, CustomerConsent>'.
  Type 'null' is not assignable to type 'Record<string, CustomerConsent>'.
src/engines/LegalGateEngine.ts(526,7): error TS2322: Type 'Record<string, StandardLicense> | null' is not assignable to type 'Record<string, StandardLicense>'.
  Type 'null' is not assignable to type 'Record<string, StandardLicense>'.
src/engines/LocalLearningEngine.ts(288,20): error TS18046: 'data' is of type 'unknown'.
src/engines/LoRACompositionEngine.ts(161,51): error TS2345: Argument of type '{ domain: "quality" | "post_processor" | "mill" | "lathe" | "mill_turn" | "sinker_edm" | "grinder" | "waterjet" | "laser" | "other" | "speed_feed" | "quote" | "wedm" | "cam" | "erp" | ... 4 more ... | "schedule"; material: string | undefined; machine: string | undefined; operation: string | undefined; top_k: number; }' is not assignable to parameter of type '{ domain: "quality" | "post_processor" | "mill" | "lathe" | "mill_turn" | "sinker_edm" | "grinder" | "waterjet" | "laser" | "other" | "speed_feed" | "quote" | "wedm" | "cam" | "erp" | ... 4 more ... | "schedule"; ... 5 more ...; quality_weights?: number[] | undefined; }'.
  Property 'temperature' is missing in type '{ domain: "quality" | "post_processor" | "mill" | "lathe" | "mill_turn" | "sinker_edm" | "grinder" | "waterjet" | "laser" | "other" | "speed_feed" | "quote" | "wedm" | "cam" | "erp" | ... 4 more ... | "schedule"; material: string | undefined; machine: string | undefined; operation: string | undefined; top_k: number; }' but required in type '{ domain: "quality" | "post_processor" | "mill" | "lathe" | "mill_turn" | "sinker_edm" | "grinder" | "waterjet" | "laser" | "other" | "speed_feed" | "quote" | "wedm" | "cam" | "erp" | ... 4 more ... | "schedule"; ... 5 more ...; quality_weights?: number[] | undefined; }'.
src/engines/MachineAwareSpeedFeedEngine.ts(149,25): error TS2339: Property 'max_feed_mmmin' does not exist on type '{}'.
src/engines/MachineAwareSpeedFeedEngine.ts(149,51): error TS2339: Property 'max_feed' does not exist on type 'MachineSpindle'.
src/engines/MachineAwareSpeedFeedEngine.ts(150,25): error TS2339: Property 'power_continuous_kw' does not exist on type 'MachineSpindle'.
src/engines/MachineAwareSpeedFeedEngine.ts(150,56): error TS2339: Property 'power_kw' does not exist on type 'MachineSpindle'.
src/engines/MachineAwareSpeedFeedEngine.ts(151,26): error TS2339: Property 'max_torque_nm' does not exist on type 'MachineSpindle'.
src/engines/MachineAwareSpeedFeedEngine.ts(151,51): error TS2551: Property 'torque_nm' does not exist on type 'MachineSpindle'. Did you mean 'torque'?
src/engines/MachineAwareSpeedFeedEngine.ts(152,24): error TS2339: Property 'base_rpm' does not exist on type 'MachineSpindle'.
src/engines/MachineAwareSpeedFeedEngine.ts(152,44): error TS2339: Property 'torque_rpm' does not exist on type 'MachineSpindle'.
src/engines/MachineAwareSpeedFeedEngine.ts(153,23): error TS2339: Property 'rapid_mmmin' does not exist on type '{}'.
src/engines/MachineAwareSpeedFeedEngine.ts(397,47): error TS2339: Property 'executeById' does not exist on type 'HookExecutorEngine'.
src/engines/MachineLayerMerger.ts(14,144): error TS2459: Module '"../types.js"' declares 'MachineLayer' locally, but it is not exported.
src/engines/MachineLayerMerger.ts(194,61): error TS2345: Argument of type '{ value: MachineController; layer: any; source_id: string; enriched_at: string; confidence: number; }[]' is not assignable to parameter of type '{ value: Record<string, unknown> | undefined; layer: any; source_id: string; enriched_at: string; confidence: number; }[]'.
  Type '{ value: MachineController; layer: any; source_id: string; enriched_at: string; confidence: number; }' is not assignable to type '{ value: Record<string, unknown> | undefined; layer: any; source_id: string; enriched_at: string; confidence: number; }'.
    Types of property 'value' are incompatible.
      Type 'MachineController' is not assignable to type 'Record<string, unknown>'.
        Index signature for type 'string' is missing in type 'MachineController'.
src/engines/MachineLayerMerger.ts(199,55): error TS2345: Argument of type '{ value: MachineSpindle; layer: any; source_id: string; enriched_at: string; confidence: number; }[]' is not assignable to parameter of type '{ value: Record<string, unknown> | undefined; layer: any; source_id: string; enriched_at: string; confidence: number; }[]'.
  Type '{ value: MachineSpindle; layer: any; source_id: string; enriched_at: string; confidence: number; }' is not assignable to type '{ value: Record<string, unknown> | undefined; layer: any; source_id: string; enriched_at: string; confidence: number; }'.
    Types of property 'value' are incompatible.
      Type 'MachineSpindle' is not assignable to type 'Record<string, unknown>'.
        Index signature for type 'string' is missing in type 'MachineSpindle'.
src/engines/MachineLayerMerger.ts(204,57): error TS2345: Argument of type '{ value: MachineEnvelope; layer: any; source_id: string; enriched_at: string; confidence: number; }[]' is not assignable to parameter of type '{ value: Record<string, unknown> | undefined; layer: any; source_id: string; enriched_at: string; confidence: number; }[]'.
  Type '{ value: MachineEnvelope; layer: any; source_id: string; enriched_at: string; confidence: number; }' is not assignable to type '{ value: Record<string, unknown> | undefined; layer: any; source_id: string; enriched_at: string; confidence: number; }'.
    Types of property 'value' are incompatible.
      Type 'MachineEnvelope' is not assignable to type 'Record<string, unknown>'.
        Index signature for type 'string' is missing in type 'MachineEnvelope'.
src/engines/MachineLayerMerger.ts(209,49): error TS2345: Argument of type '{ value: MachineAxes | undefined; layer: any; source_id: string; enriched_at: string; confidence: number; }[]' is not assignable to parameter of type '{ value: Record<string, unknown> | undefined; layer: any; source_id: string; enriched_at: string; confidence: number; }[]'.
  Type '{ value: MachineAxes | undefined; layer: any; source_id: string; enriched_at: string; confidence: number; }' is not assignable to type '{ value: Record<string, unknown> | undefined; layer: any; source_id: string; enriched_at: string; confidence: number; }'.
    Types of property 'value' are incompatible.
      Type 'MachineAxes | undefined' is not assignable to type 'Record<string, unknown> | undefined'.
        Type 'MachineAxes' is not assignable to type 'Record<string, unknown>'.
          Index signature for type 'string' is missing in type 'MachineAxes'.
src/engines/MachineLayerMerger.ts(214,64): error TS2345: Argument of type '{ value: MachineToolChanger | undefined; layer: any; source_id: string; enriched_at: string; confidence: number; }[]' is not assignable to parameter of type '{ value: Record<string, unknown> | undefined; layer: any; source_id: string; enriched_at: string; confidence: number; }[]'.
  Type '{ value: MachineToolChanger | undefined; layer: any; source_id: string; enriched_at: string; confidence: number; }' is not assignable to type '{ value: Record<string, unknown> | undefined; layer: any; source_id: string; enriched_at: string; confidence: number; }'.
    Types of property 'value' are incompatible.
      Type 'MachineToolChanger | undefined' is not assignable to type 'Record<string, unknown> | undefined'.
        Type 'MachineToolChanger' is not assignable to type 'Record<string, unknown>'.
          Index signature for type 'string' is missing in type 'MachineToolChanger'.
src/engines/MachineLayerMerger.ts(219,55): error TS2345: Argument of type '{ value: MachineCoolant | undefined; layer: any; source_id: string; enriched_at: string; confidence: number; }[]' is not assignable to parameter of type '{ value: Record<string, unknown> | undefined; layer: any; source_id: string; enriched_at: string; confidence: number; }[]'.
  Type '{ value: MachineCoolant | undefined; layer: any; source_id: string; enriched_at: string; confidence: number; }' is not assignable to type '{ value: Record<string, unknown> | undefined; layer: any; source_id: string; enriched_at: string; confidence: number; }'.
    Types of property 'value' are incompatible.
      Type 'MachineCoolant | undefined' is not assignable to type 'Record<string, unknown> | undefined'.
        Type 'MachineCoolant' is not assignable to type 'Record<string, unknown>'.
          Index signature for type 'string' is missing in type 'MachineCoolant'.
src/engines/MachineLayerMerger.ts(224,61): error TS2345: Argument of type '{ value: MachineKinematics | undefined; layer: any; source_id: string; enriched_at: string; confidence: number; }[]' is not assignable to parameter of type '{ value: Record<string, unknown> | undefined; layer: any; source_id: string; enriched_at: string; confidence: number; }[]'.
  Type '{ value: MachineKinematics | undefined; layer: any; source_id: string; enriched_at: string; confidence: number; }' is not assignable to type '{ value: Record<string, unknown> | undefined; layer: any; source_id: string; enriched_at: string; confidence: number; }'.
    Types of property 'value' are incompatible.
      Type 'MachineKinematics | undefined' is not assignable to type 'Record<string, unknown> | undefined'.
        Type 'MachineKinematics' is not assignable to type 'Record<string, unknown>'.
          Index signature for type 'string' is missing in type 'MachineKinematics'.
src/engines/MachineLayerMerger.ts(287,7): error TS2322: Type '"lathe" | "mill_turn" | "swiss" | "other" | "five_axis" | "three_axis" | "four_axis"' is not assignable to type 'MachineAxisTopology'.
  Type '"lathe"' is not assignable to type 'MachineAxisTopology'.
src/engines/MachineLayerMerger.ts(288,19): error TS2352: Conversion of type 'Record<string, unknown>' to type 'MachineController' may be a mistake because neither type sufficiently overlaps with the other. If this was intentional, convert the expression to 'unknown' first.
  Type 'Record<string, unknown>' is missing the following properties from type 'MachineController': manufacturer, model
src/engines/MachineLayerMerger.ts(290,17): error TS2352: Conversion of type 'Record<string, unknown>' to type 'MachineEnvelope' may be a mistake because neither type sufficiently overlaps with the other. If this was intentional, convert the expression to 'unknown' first.
  Type 'Record<string, unknown>' is missing the following properties from type 'MachineEnvelope': x, y, z
src/engines/MachineLayerMerger.ts(291,57): error TS2352: Conversion of type 'Record<string, unknown>' to type 'MachineAxes' may be a mistake because neither type sufficiently overlaps with the other. If this was intentional, convert the expression to 'unknown' first.
  Type 'Record<string, unknown>' is missing the following properties from type 'MachineAxes': linear_axes, rotary_axes
src/engines/MachineLayerMerger.ts(292,72): error TS2352: Conversion of type 'Record<string, unknown>' to type 'MachineToolChanger' may be a mistake because neither type sufficiently overlaps with the other. If this was intentional, convert the expression to 'unknown' first.
  Property 'capacity' is missing in type 'Record<string, unknown>' but required in type 'MachineToolChanger'.
src/engines/MachinePackageSelectionEngine.ts(160,39): error TS2339: Property 'list' does not exist on type 'MachineService'.
src/engines/MachinePackageSelectionEngine.ts(190,9): error TS2353: Object literal may only specify known properties, and 'family' does not exist in type 'MachineController'.
src/engines/MachinePackageSelectionEngine.ts(205,9): error TS2353: Object literal may only specify known properties, and 'type' does not exist in type 'MachineCoolant'.
src/engines/MachinePackageSelectionEngine.ts(209,9): error TS2353: Object literal may only specify known properties, and 'count' does not exist in type 'MachineAxes'.
src/engines/MachinePackageSelectionEngine.ts(226,79): error TS2339: Property 'type' does not exist on type 'CanonicalMachinePackage'.
src/engines/MachinePackageSelectionEngine.ts(259,39): error TS2339: Property 'family' does not exist on type 'MachineController'.
src/engines/MachinePackageSelectionEngine.ts(263,51): error TS2339: Property 'family' does not exist on type 'MachineController'.
src/engines/MachinePackageSelectionEngine.ts(269,36): error TS2339: Property 'type' does not exist on type 'MachineCoolant'.
src/engines/MachinePackageSelectionEngine.ts(284,37): error TS2339: Property 'family' does not exist on type 'MachineController'.
src/engines/MachinePackageSelectionEngine.ts(286,31): error TS2339: Property 'type' does not exist on type 'MachineCoolant'.
src/engines/MachinePackageSelectionEngine.ts(289,7): error TS2322: Type 'string[]' is not assignable to type 'ValidationWarning[]'.
  Type 'string' is not assignable to type 'ValidationWarning'.
src/engines/MachinePackageSelectionEngine.ts(341,32): error TS2339: Property 'count' does not exist on type 'MachineAxes | { count: number; rotary_axes: number; }'.
  Property 'count' does not exist on type 'MachineAxes'.
src/engines/MachinePackageSelectionEngine.ts(356,36): error TS2339: Property 'source_ids' does not exist on type 'CanonicalMachinePackage'.
src/engines/MachinePackageSelectionEngine.ts(380,5): error TS2322: Type '{ canonical_id: string; manufacturer: string; model: string; type: any; controller: { family: string; }; spindle: { max_rpm: number; power: number; }; envelope: { x: number; y: number; z: number; }; coolant: { ...; }; ... 8 more ...; updated_at: string; }[]' is not assignable to type 'CanonicalMachinePackage[]'.
  Type '{ canonical_id: string; manufacturer: string; model: string; type: any; controller: { family: string; }; spindle: { max_rpm: number; power: number; }; envelope: { x: number; y: number; z: number; }; coolant: { ...; }; ... 8 more ...; updated_at: string; }' is missing the following properties from type 'CanonicalMachinePackage': source_record_ids, version, manufacturer_id, raw_type, and 9 more.
src/engines/MachinePackageSelectionEngine.ts(384,47): error TS2339: Property 'type' does not exist on type 'CanonicalMachinePackage'.
src/engines/MachiningIntelligenceOrchestratorEngine.ts(657,24): error TS2339: Property 'cutting_conditions' does not exist on type 'MachiningContext'.
src/engines/MachiningIntelligenceOrchestratorEngine.ts(658,24): error TS2339: Property 'cutting_conditions' does not exist on type 'MachiningContext'.
src/engines/MachiningIntelligenceOrchestratorEngine.ts(663,24): error TS2339: Property 'cutting_conditions' does not exist on type 'MachiningContext'.
src/engines/MachiningIntelligenceOrchestratorEngine.ts(663,81): error TS2339: Property 'recommended_Vc' does not exist on type 'MaterialEntry'.
src/engines/MachiningIntelligenceOrchestratorEngine.ts(670,24): error TS2339: Property 'cutting_conditions' does not exist on type 'MachiningContext'.
src/engines/MachiningIntelligenceOrchestratorEngine.ts(675,35): error TS2339: Property 'stickout_mm' does not exist on type '{ type: string; diameter_mm: number; flutes?: number | undefined; material: string; coating?: string | undefined; }'.
src/engines/MachiningIntelligenceOrchestratorEngine.ts(675,63): error TS2339: Property 'length_mm' does not exist on type '{ type: string; diameter_mm: number; flutes?: number | undefined; material: string; coating?: string | undefined; }'.
src/engines/MachiningIntelligenceOrchestratorEngine.ts(770,82): error TS2339: Property 'section_deflections' does not exist on type 'AssemblyDeflectionResult'.
src/engines/MachiningIntelligenceOrchestratorEngine.ts(773,82): error TS2339: Property 'length' does not exist on type '{ all: { rpm: number; maxStableDepth_mm: number; }[]; peaks: { rpm: number; maxStableDepth_mm: number; }[]; }'.
src/engines/MachiningIntelligenceOrchestratorEngine.ts(794,24): error TS2339: Property 'cutting_conditions' does not exist on type 'MachiningContext'.
src/engines/MachiningIntelligenceOrchestratorEngine.ts(795,24): error TS2339: Property 'cutting_conditions' does not exist on type 'MachiningContext'.
src/engines/MachiningIntelligenceOrchestratorEngine.ts(796,24): error TS2339: Property 'cutting_conditions' does not exist on type 'MachiningContext'.
src/engines/MachiningIntelligenceOrchestratorEngine.ts(796,71): error TS2339: Property 'cutting_conditions' does not exist on type 'MachiningContext'.
src/engines/MachiningIntelligenceOrchestratorEngine.ts(798,24): error TS2339: Property 'cutting_conditions' does not exist on type 'MachiningContext'.
src/engines/MachiningIntelligenceOrchestratorEngine.ts(836,36): error TS2339: Property 'coolant_type' does not exist on type '{ max_spindle_rpm?: number | undefined; max_power_kw?: number | undefined; max_force_n?: number | undefined; target_surface_finish_um?: number | undefined; tool_life_min?: number | undefined; }'.
src/engines/MachiningIntelligenceOrchestratorEngine.ts(1200,23): error TS2345: Argument of type '"adaptive_clearing"' is not assignable to parameter of type 'OperationType'.
src/engines/MachiningIntelligenceOrchestratorEngine.ts(1207,9): error TS2322: Type 'MachineType' is not assignable to type '"mill" | "lathe" | "5axis" | "wire-edm" | "sinker-edm" | "turn-mill"'.
  Type '"wire_edm"' is not assignable to type '"mill" | "lathe" | "5axis" | "wire-edm" | "sinker-edm" | "turn-mill"'. Did you mean '"wire-edm"'?
src/engines/MachiningIntelligenceOrchestratorEngine.ts(1215,29): error TS2339: Property 'cutting_conditions' does not exist on type 'MachiningContext'.
src/engines/MachiningIntelligenceOrchestratorEngine.ts(1216,27): error TS2339: Property 'cutting_conditions' does not exist on type 'MachiningContext'.
src/engines/MachiningIntelligenceOrchestratorEngine.ts(1230,124): error TS2339: Property 'overall' does not exist on type '{ safetyScore: number; confidenceScore: number; completenessScore: number; optimizationScore: number; overallScore: number; }'.
src/engines/MachiningIntelligenceOrchestratorEngine.ts(1235,48): error TS2339: Property 'overall' does not exist on type '{ safetyScore: number; confidenceScore: number; completenessScore: number; optimizationScore: number; overallScore: number; }'.
src/engines/MachiningIntelligenceOrchestratorEngine.ts(1301,24): error TS2339: Property 'cutting_conditions' does not exist on type 'MachiningContext'.
src/engines/MachiningIntelligenceOrchestratorEngine.ts(1302,24): error TS2339: Property 'cutting_conditions' does not exist on type 'MachiningContext'.
src/engines/MachiningIntelligenceOrchestratorEngine.ts(1303,24): error TS2339: Property 'cutting_conditions' does not exist on type 'MachiningContext'.
src/engines/MachiningIntelligenceOrchestratorEngine.ts(1304,24): error TS2339: Property 'cutting_conditions' does not exist on type 'MachiningContext'.
src/engines/MachiningIntelligenceOrchestratorEngine.ts(1321,47): error TS2339: Property 'coolant_type' does not exist on type '{ max_spindle_rpm?: number | undefined; max_power_kw?: number | undefined; max_force_n?: number | undefined; target_surface_finish_um?: number | undefined; tool_life_min?: number | undefined; }'.
src/engines/MachiningIntelligenceOrchestratorEngine.ts(1404,20): error TS2352: Conversion of type '{ schemaVersion: 1; adapterId: string; baseModel: string; trainedAt: string; jobId?: string | undefined; label?: string | undefined; metrics?: { trainLoss?: number | undefined; evalLoss?: number | undefined; exampleCount?: number | undefined; stepCount?: number | undefined; durationSec?: number | undefined; } | unde...' to type '{ id: string; }' may be a mistake because neither type sufficiently overlaps with the other. If this was intentional, convert the expression to 'unknown' first.
  Property 'id' is missing in type '{ schemaVersion: 1; adapterId: string; baseModel: string; trainedAt: string; jobId?: string | undefined; label?: string | undefined; metrics?: { trainLoss?: number | undefined; evalLoss?: number | undefined; exampleCount?: number | undefined; stepCount?: number | undefined; durationSec?: number | undefined; } | unde...' but required in type '{ id: string; }'.
src/engines/MachiningIntelligenceOrchestratorEngine.ts(2679,51): error TS2345: Argument of type '{ dispatchers: string[]; engineCount: number; actionCount: number; }' is not assignable to parameter of type 'string'.
src/engines/MachiningIntelligenceOrchestratorEngine.ts(2681,28): error TS2322: Type '{ dispatchers: string[]; engineCount: number; actionCount: number; }' is not assignable to type 'string'.
src/engines/MachiningIntelligenceOrchestratorEngine.ts(2683,14): error TS2322: Type '{ dispatchers: string[]; engineCount: number; actionCount: number; }' is not assignable to type 'string'.
src/engines/MachiningIntelligenceOrchestratorEngine.ts(2710,5): error TS2739: Type '{ approach: string; steps: string[]; recommendedActions: string[]; }' is missing the following properties from type 'CapabilityMatch': capability, confidence
src/engines/MachiningIntelligenceOrchestratorEngine.ts(2721,5): error TS2740: Type '{ dispatcher: string; engine: string; actions: string[]; }' is missing the following properties from type 'EngineMatch[]': length, pop, push, concat, and 29 more.
src/engines/MachiningIntelligenceOrchestratorEngine.ts(2741,5): error TS2322: Type '{ name: string; dispatcher: string; relevance: number; }[]' is not assignable to type 'CapabilityMatch[]'.
  Type '{ name: string; dispatcher: string; relevance: number; }' is missing the following properties from type 'CapabilityMatch': capability, confidence
src/engines/MachiningIntelligenceOrchestratorEngine.ts(2830,5): error TS2322: Type '{ cutting_speed_m_min: number; feed_mm_rev: number; depth_of_cut_mm: number; } | null' is not assignable to type '{ cutting_speed_m_min: number; feed_mm_rev: number; depth_of_cut_mm: number; confidence: number; sample_size: number; } | null'.
  Type '{ cutting_speed_m_min: number; feed_mm_rev: number; depth_of_cut_mm: number; }' is missing the following properties from type '{ cutting_speed_m_min: number; feed_mm_rev: number; depth_of_cut_mm: number; confidence: number; sample_size: number; }': confidence, sample_size
src/engines/MachiningIntelligenceOrchestratorEngine.ts(3113,69): error TS2345: Argument of type '{ domain?: string | undefined; reason?: string | undefined; }' is not assignable to parameter of type 'boolean'.
src/engines/MarketMaterialPricingEngine.ts(257,24): error TS18048: 'mat' is possibly 'undefined'.
src/engines/MarketMaterialPricingEngine.ts(258,31): error TS18048: 'mat' is possibly 'undefined'.
src/engines/MarketMaterialPricingEngine.ts(258,35): error TS2339: Property 'machinability_factor' does not exist on type 'MaterialEntry'.
src/engines/MarketMaterialPricingEngine.ts(259,20): error TS18048: 'mat' is possibly 'undefined'.
src/engines/MastercamAIOrchestrationEngine.ts(239,45): error TS2339: Property 'iso_group' does not exist on type 'MaterialPhysicsProfile'.
src/engines/MastercamAIOrchestrationEngine.ts(247,9): error TS2322: Type '"slot" | "steep_wall" | "freeform_surface" | "open_pocket" | "flat_area" | "deep_cavity" | "closed_pocket"' is not assignable to type 'MastercamFeatureType'.
  Type '"slot"' is not assignable to type 'MastercamFeatureType'.
src/engines/MastercamAIOrchestrationEngine.ts(248,43): error TS2339: Property 'iso_group' does not exist on type 'MaterialPhysicsProfile'.
src/engines/MastercamAIOrchestrationEngine.ts(249,9): error TS2322: Type '"mill_turn" | "5axis_mill" | "3axis_mill" | "4axis_mill" | "5axis_table_head"' is not assignable to type 'MastercamMachineType'.
  Type '"5axis_mill"' is not assignable to type 'MastercamMachineType'. Did you mean '"3axis_mill"'?
src/engines/MastercamAIOrchestrationEngine.ts(327,50): error TS2339: Property 'iso_group' does not exist on type 'MaterialPhysicsProfile'.
src/engines/MastercamCodeGeneratorEngine.ts(167,5): error TS2353: Object literal may only specify known properties, and 'notes' does not exist in type 'CADCapabilityMatrix'.
src/engines/MastercamCodeGeneratorEngine.ts(501,20): error TS2352: Conversion of type 'string | number | boolean | readonly string[] | readonly number[] | null | undefined' to type 'number[][]' may be a mistake because neither type sufficiently overlaps with the other. If this was intentional, convert the expression to 'unknown' first.
  The type 'readonly number[]' is 'readonly' and cannot be assigned to the mutable type 'number[][]'.
src/engines/MastercamMaterialPhysicsBridge.ts(172,36): error TS2339: Property 'iso_group' does not exist on type 'MaterialPhysicsProfile'.
src/engines/MastercamMaterialPhysicsBridge.ts(172,70): error TS2339: Property 'iso_group' does not exist on type 'MaterialPhysicsProfile'.
src/engines/MastercamMaterialPhysicsBridge.ts(202,17): error TS2339: Property 'iso_group' does not exist on type 'MaterialPhysicsProfile'.
src/engines/MastercamPluginAdapterEngine.ts(196,14): error TS2554: Expected 2-3 arguments, but got 1.
src/engines/MastercamProbingBridge.ts(277,29): error TS2339: Property 'boss' does not exist on type '{ single_point_z: string; bore: string; tool_length: string; tool_breakage: string; }'.
src/engines/MastercamProbingBridge.ts(281,29): error TS2339: Property 'web' does not exist on type '{ single_point_z: string; bore: string; tool_length: string; tool_breakage: string; }'.
src/engines/MastercamProbingBridge.ts(372,5): error TS2322: Type '{ feature_id: string; nominal: number; measured: number; deviation: number; in_tolerance: boolean; action_taken: "none" | "alarm" | "skip" | "update_wcs" | "update_tool" | "alarmed"; timestamp: string; }[]' is not assignable to type 'ProbeVerificationResult[]'.
  Type '{ feature_id: string; nominal: number; measured: number; deviation: number; in_tolerance: boolean; action_taken: "none" | "alarm" | "skip" | "update_wcs" | "update_tool" | "alarmed"; timestamp: string; }' is not assignable to type 'ProbeVerificationResult'.
    Types of property 'action_taken' are incompatible.
      Type '"none" | "alarm" | "skip" | "update_wcs" | "update_tool" | "alarmed"' is not assignable to type '"none" | "skipped" | "compensated" | "alarmed"'.
        Type '"alarm"' is not assignable to type '"none" | "skipped" | "compensated" | "alarmed"'. Did you mean '"alarmed"'?
src/engines/MasterPostProcessorUnifiedAGIEngine.ts(1182,41): error TS2339: Property 'Vc_typical' does not exist on type 'MaterialEntry'.
src/engines/MasterPostProcessorUnifiedAGIEngine.ts(1196,37): error TS2339: Property 'Vc_max' does not exist on type 'MaterialEntry'.
src/engines/MasterPostProcessorUnifiedAGIEngine.ts(1295,9): error TS2322: Type '"accuracy"' is not assignable to type '"quality" | "safety" | "performance" | "efficiency"'.
src/engines/MaterialCalloutParserEngine.ts(431,26): error TS2339: Property 'kc1_1' does not exist on type 'MaterialEntry'.
src/engines/MaterialCalloutParserEngine.ts(432,23): error TS2339: Property 'mc' does not exist on type 'MaterialEntry'.
src/engines/MINBatchExtractorEngine.ts(453,52): error TS2345: Argument of type '{ source_path: string; text: string; }' is not assignable to parameter of type '{ source_path: string; text: string; max_lines: number; }'.
  Property 'max_lines' is missing in type '{ source_path: string; text: string; }' but required in type '{ source_path: string; text: string; max_lines: number; }'.
src/engines/MITCourseRegistryEngine.ts(129,14): error TS2654: Non-abstract class 'MITCourseRegistryEngine' is missing implementations for the following members of 'BaseEngine': 'getCapabilities', 'validate', 'executeImpl'.
src/engines/MITCourseRegistryEngine.ts(140,5): error TS2554: Expected 1 arguments, but got 0.
src/engines/MTConnectRoundTripLatencyBenchEngine.ts(55,24): error TS2554: Expected 2-3 arguments, but got 1.
src/engines/MTConnectRoundTripLatencyBenchEngine.ts(56,25): error TS2554: Expected 2-3 arguments, but got 1.
src/engines/MultiAxisPrintToProgramEngine.ts(448,46): error TS2339: Property 'kc1_1' does not exist on type 'MaterialEntry'.
src/engines/MultiAxisPrintToProgramEngine.ts(448,70): error TS2339: Property 'mc' does not exist on type 'MaterialEntry'.
src/engines/MultiERPConnectorEngine.ts(267,45): error TS18048: 'resolved' is possibly 'undefined'.
src/engines/NeuralCADGenerationEngine.ts(469,67): error TS2345: Argument of type 'TokenSeq' is not assignable to parameter of type 'TokenSequence'.
  Type 'number[]' is missing the following properties from type 'TokenSequence': tokens, opsEncoded, unknownOps, vocabVersion
src/engines/NeuralCADGenerationEngine.ts(470,23): error TS2339: Property 'ops' does not exist on type 'CADProgram'.
src/engines/NeuralCADGenerationEngine.ts(470,42): error TS2339: Property 'ops' does not exist on type 'CADProgram'.
src/engines/NeuralCADGenerationEngine.ts(471,47): error TS2339: Property 'ops' does not exist on type 'CADProgram'.
src/engines/NLHookEngine.ts(941,7): error TS2353: Object literal may only specify known properties, and 'condition' does not exist in type 'HookDefinition'.
src/engines/NXCAMAIOrchestrationEngine.ts(223,52): error TS2339: Property 'selectStrategy' does not exist on type 'NXCAMStrategyEngine'.
src/engines/NXCodeGeneratorEngine.ts(128,5): error TS2353: Object literal may only specify known properties, and 'supportsParametric' does not exist in type 'CADCapabilityMatrix'.
src/engines/OfflineRLOrchestratorEngine.ts(69,7): error TS2322: Type '"mill" | "lathe" | "grinder" | "general" | "wedm" | "sinker" | "welder"' is not assignable to type '"quality" | "post_processor" | "mill" | "lathe" | "mill_turn" | "sinker_edm" | "grinder" | "waterjet" | "laser" | "other" | "speed_feed" | "quote" | "wedm" | "cam" | "erp" | "cad" | ... 4 more ... | undefined'.
  Type '"general"' is not assignable to type '"quality" | "post_processor" | "mill" | "lathe" | "mill_turn" | "sinker_edm" | "grinder" | "waterjet" | "laser" | "other" | "speed_feed" | "quote" | "wedm" | "cam" | "erp" | "cad" | ... 4 more ... | undefined'.
src/engines/PDFHandbookBatchProcessorEngine.ts(28,8): error TS2459: Module '"./PDFTableExtractionEngine.js"' declares 'ExtractedTable' locally, but it is not exported.
src/engines/PDFHandbookBatchProcessorEngine.ts(206,41): error TS2339: Property 'name' does not exist on type 'PDFSource'.
src/engines/PDFHandbookBatchProcessorEngine.ts(307,26): error TS2339: Property 'name' does not exist on type 'PDFSource'.
src/engines/PipelineConsistencyHookEngine.ts(106,19): error TS18048: 'mat' is possibly 'undefined'.
src/engines/PipelineConsistencyHookEngine.ts(106,23): error TS2339: Property 'vc_base_roughing' does not exist on type 'MaterialEntry'.
src/engines/PipelineConsistencyHookEngine.ts(119,41): error TS18048: 'mat' is possibly 'undefined'.
src/engines/PipelineConsistencyHookEngine.ts(119,45): error TS2339: Property 'kc1_1' does not exist on type 'MaterialEntry'.
src/engines/PipelineConsistencyHookEngine.ts(119,52): error TS18048: 'mat' is possibly 'undefined'.
src/engines/PipelineConsistencyHookEngine.ts(119,56): error TS2339: Property 'mc' does not exist on type 'MaterialEntry'.
src/engines/PipelineConsistencyHookEngine.ts(128,116): error TS18048: 'mat' is possibly 'undefined'.
src/engines/PipelineConsistencyHookEngine.ts(128,120): error TS2339: Property 'kc1_1' does not exist on type 'MaterialEntry'.
src/engines/PipelineConsistencyHookEngine.ts(128,133): error TS18048: 'mat' is possibly 'undefined'.
src/engines/PipelineConsistencyHookEngine.ts(128,137): error TS2339: Property 'mc' does not exist on type 'MaterialEntry'.
src/engines/PipelineConsistencyHookEngine.ts(134,41): error TS18048: 'mat' is possibly 'undefined'.
src/engines/PipelineConsistencyHookEngine.ts(134,45): error TS2339: Property 'kc1_1' does not exist on type 'MaterialEntry'.
src/engines/PipelineConsistencyHookEngine.ts(134,52): error TS18048: 'mat' is possibly 'undefined'.
src/engines/PipelineConsistencyHookEngine.ts(134,56): error TS2339: Property 'mc' does not exist on type 'MaterialEntry'.
src/engines/PipelineConsistencyHookEngine.ts(150,38): error TS18048: 'mat' is possibly 'undefined'.
src/engines/PipelineConsistencyHookEngine.ts(150,52): error TS18048: 'mat' is possibly 'undefined'.
src/engines/PipelineConsistencyHookEngine.ts(159,107): error TS18048: 'mat' is possibly 'undefined'.
src/engines/PipelineConsistencyHookEngine.ts(159,126): error TS18048: 'mat' is possibly 'undefined'.
src/engines/PipelineConsistencyHookEngine.ts(183,41): error TS18048: 'mat' is possibly 'undefined'.
src/engines/PipelineConsistencyHookEngine.ts(183,45): error TS2339: Property 'kc1_1' does not exist on type 'MaterialEntry'.
src/engines/PipelineConsistencyHookEngine.ts(183,52): error TS18048: 'mat' is possibly 'undefined'.
src/engines/PipelineConsistencyHookEngine.ts(183,56): error TS2339: Property 'mc' does not exist on type 'MaterialEntry'.
src/engines/PipelineRegistryBridge.ts(234,63): error TS2345: Argument of type 'MaterialEntry' is not assignable to parameter of type 'MaterialPhysics'.
  Type 'MaterialEntry' is missing the following properties from type 'MaterialPhysics': kc1_1, mc
src/engines/PipelineRegistryBridge.ts(243,61): error TS2345: Argument of type 'MaterialEntry' is not assignable to parameter of type 'MaterialPhysics'.
  Type 'MaterialEntry' is missing the following properties from type 'MaterialPhysics': kc1_1, mc
src/engines/PipelineRegistryBridge.ts(249,59): error TS2345: Argument of type 'MaterialEntry' is not assignable to parameter of type 'MaterialPhysics'.
  Type 'MaterialEntry' is missing the following properties from type 'MaterialPhysics': kc1_1, mc
src/engines/PipelineRegistryBridge.ts(259,5): error TS2322: Type 'string | undefined' is not assignable to type 'string'.
  Type 'undefined' is not assignable to type 'string'.
src/engines/PipelineRegistryBridge.ts(265,19): error TS2339: Property 'k_thermal' does not exist on type 'MaterialPhysics'.
src/engines/PipelineRegistryBridge.ts(266,21): error TS2339: Property 'sigma_y_MPa' does not exist on type 'MaterialPhysics'.
src/engines/PipelineRegistryBridge.ts(267,5): error TS2322: Type 'number | undefined' is not assignable to type 'number'.
  Type 'undefined' is not assignable to type 'number'.
src/engines/PipelineRegistryBridge.ts(268,5): error TS2322: Type 'number | undefined' is not assignable to type 'number'.
  Type 'undefined' is not assignable to type 'number'.
src/engines/PipelineRegistryBridge.ts(269,26): error TS2339: Property 'vc_base_roughing' does not exist on type 'MaterialPhysics'.
src/engines/PipelineRegistryBridge.ts(270,27): error TS2339: Property 'vc_base_finishing' does not exist on type 'MaterialPhysics'.
src/engines/PipelineRegistryBridge.ts(271,30): error TS2339: Property 'machinability_factor' does not exist on type 'MaterialPhysics'.
src/engines/PipelineRegistryBridge.ts(272,18): error TS2339: Property 'cp_J_kgK' does not exist on type 'MaterialPhysics'.
src/engines/PipelineRegistryBridge.ts(273,15): error TS2339: Property 'E_GPa' does not exist on type 'MaterialPhysics'.
src/engines/PostProcessorKnowledgeEngine.ts(1743,5): error TS2322: Type 'boolean' is not assignable to type 'string | number'.
src/engines/PostProcessorKnowledgeEngine.ts(1754,5): error TS2322: Type 'boolean' is not assignable to type 'string | number'.
src/engines/PostProcessorPipelineEngine.ts(1199,72): error TS2554: Expected 3 arguments, but got 4.
src/engines/PowerMillAIOrchestrationEngine.ts(233,56): error TS2339: Property 'selectStrategy' does not exist on type 'PowerMillStrategyEngine'.
src/engines/PowerMillUnifiedFunctionIndexEngine.ts(92,23): error TS18046: 'op' is of type 'unknown'.
src/engines/PowerMillUnifiedFunctionIndexEngine.ts(93,19): error TS18046: 'op' is of type 'unknown'.
src/engines/PowerMillUnifiedFunctionIndexEngine.ts(94,26): error TS18046: 'op' is of type 'unknown'.
src/engines/PowerMillUnifiedFunctionIndexEngine.ts(95,22): error TS18046: 'op' is of type 'unknown'.
src/engines/PowerMillUnifiedFunctionIndexEngine.ts(103,23): error TS18046: 'op' is of type 'unknown'.
src/engines/PowerMillUnifiedFunctionIndexEngine.ts(104,19): error TS18046: 'op' is of type 'unknown'.
src/engines/PowerMillUnifiedFunctionIndexEngine.ts(105,26): error TS18046: 'op' is of type 'unknown'.
src/engines/PowerMillUnifiedFunctionIndexEngine.ts(106,22): error TS18046: 'op' is of type 'unknown'.
src/engines/PowerMillUnifiedFunctionIndexEngine.ts(140,5): error TS2322: Type '(string | { operation_id: any; category: any; parameter_count: any; display_name: any; })[]' is not assignable to type 'string[]'.
  Type 'string | { operation_id: any; category: any; parameter_count: any; display_name: any; }' is not assignable to type 'string'.
    Type '{ operation_id: any; category: any; parameter_count: any; display_name: any; }' is not assignable to type 'string'.
src/engines/PPGDialectRankerEngine.ts(231,11): error TS2353: Object literal may only specify known properties, and 'controller_family' does not exist in type '{ controller: string; top_k_programs: number; top_k_tips: number; min_score: number; machine_type?: "mill" | "lathe" | "mill_turn" | "swiss" | "wire_edm" | "sinker_edm" | "grinder" | "unknown" | "5axis" | undefined; machine_id?: string | undefined; material?: string | undefined; operation?: string | undefined; custo...'.
src/engines/PPSinkerEDMPostEngine.ts(332,36): error TS2561: Object literal may only specify known properties, but 'orbit_radius' does not exist in type 'SinkerOperation'. Did you mean to write 'orbit_radius_mm'?
src/engines/PPSinkerEDMPostEngine.ts(339,36): error TS2561: Object literal may only specify known properties, but 'orbit_radius' does not exist in type 'SinkerOperation'. Did you mean to write 'orbit_radius_mm'?
src/engines/PPSinkerEDMPostEngine.ts(345,36): error TS2561: Object literal may only specify known properties, but 'orbit_radius' does not exist in type 'SinkerOperation'. Did you mean to write 'orbit_radius_mm'?
src/engines/PPValidatorAGIWiringEngine.ts(438,40): error TS2339: Property 'kc1_1' does not exist on type 'Record<ISOGroup, { kc1_1: number; mc: number; }>'.
src/engines/PrintToProgramPipelineEngine.ts(789,46): error TS2339: Property 'kc1_1' does not exist on type 'MaterialEntry'.
src/engines/PrintToProgramPipelineEngine.ts(789,70): error TS2339: Property 'mc' does not exist on type 'MaterialEntry'.
src/engines/PrintToProgramPipelineEngine.ts(2403,95): error TS2683: 'this' implicitly has type 'any' because it does not have a type annotation.
src/engines/PrintToProgramPipelineEngine.ts(2418,39): error TS2683: 'this' implicitly has type 'any' because it does not have a type annotation.
src/engines/PrintToProgramPipelineEngine.ts(2440,39): error TS2683: 'this' implicitly has type 'any' because it does not have a type annotation.
src/engines/PrintToProgramPipelineEngine.ts(2442,41): error TS2339: Property 'generateGCode' does not exist on type 'PrintToProgramPipelineEngine'.
src/engines/PrintToProgramPipelineEngine.ts(2455,39): error TS2683: 'this' implicitly has type 'any' because it does not have a type annotation.
src/engines/PrintToProgramPipelineEngine.ts(2467,105): error TS2683: 'this' implicitly has type 'any' because it does not have a type annotation.
src/engines/ProactiveAIIntelligenceEngine.ts(263,20): error TS2339: Property 'length' does not exist on type 'Promise<TribalKnowledgeEntry[]>'.
src/engines/ProactiveAIIntelligenceEngine.ts(269,42): error TS2339: Property 'length' does not exist on type 'Promise<TribalKnowledgeEntry[]>'.
src/engines/ProactiveAIIntelligenceEngine.ts(270,49): error TS2339: Property 'length' does not exist on type 'Promise<TribalKnowledgeEntry[]>'.
src/engines/ProactiveAIIntelligenceEngine.ts(274,31): error TS2339: Property 'length' does not exist on type 'Promise<TribalKnowledgeEntry[]>'.
src/engines/ProactiveAIIntelligenceEngine.ts(292,15): error TS2339: Property 'length' does not exist on type 'Promise<string[]>'.
src/engines/ProactiveAIIntelligenceEngine.ts(293,36): error TS2339: Property 'some' does not exist on type 'Promise<string[]>'.
src/engines/ProactiveAIIntelligenceEngine.ts(301,47): error TS2339: Property 'length' does not exist on type 'Promise<string[]>'.
src/engines/reactiveChainBootstrap.ts(366,39): error TS2339: Property 'recordJobCost' does not exist on type 'GeneralLedgerEngine'.
src/engines/reactiveChainBootstrap.ts(430,47): error TS2339: Property 'updateMachineLoad' does not exist on type 'CapacityPlanningEngine'.
src/engines/reactiveChainBootstrap.ts(463,39): error TS2554: Expected 2 arguments, but got 1.
src/engines/reactiveChainBootstrap.ts(470,29): error TS2339: Property 'schedule_id' does not exist on type '{ best_strategy: ScheduleStrategy; results: Record<string, ScheduleResult>; }'.
src/engines/reactiveChainBootstrap.ts(471,35): error TS2339: Property 'affected_machines' does not exist on type '{ best_strategy: ScheduleStrategy; results: Record<string, ScheduleResult>; }'.
src/engines/reactiveChainBootstrap.ts(472,31): error TS2339: Property 'affected_jobs' does not exist on type '{ best_strategy: ScheduleStrategy; results: Record<string, ScheduleResult>; }'.
src/engines/reactiveChainBootstrap.ts(473,35): error TS2339: Property 'optimization_type' does not exist on type '{ best_strategy: ScheduleStrategy; results: Record<string, ScheduleResult>; }'.
src/engines/reactiveChainBootstrap.ts(474,37): error TS2339: Property 'makespan_before_min' does not exist on type '{ best_strategy: ScheduleStrategy; results: Record<string, ScheduleResult>; }'.
src/engines/reactiveChainBootstrap.ts(475,36): error TS2339: Property 'makespan_after_min' does not exist on type '{ best_strategy: ScheduleStrategy; results: Record<string, ScheduleResult>; }'.
src/engines/reactiveChainBootstrap.ts(476,33): error TS2339: Property 'improvement_pct' does not exist on type '{ best_strategy: ScheduleStrategy; results: Record<string, ScheduleResult>; }'.
src/engines/reactiveChainBootstrap.ts(479,65): error TS2339: Property 'improvement_pct' does not exist on type '{ best_strategy: ScheduleStrategy; results: Record<string, ScheduleResult>; }'.
src/engines/reactiveChainBootstrap.ts(480,57): error TS2339: Property 'improvement_pct' does not exist on type '{ best_strategy: ScheduleStrategy; results: Record<string, ScheduleResult>; }'.
src/engines/RollbackPlannerEngine.ts(15,15): error TS2305: Module '"./AtomicStepDecomposerEngine.js"' has no exported member 'BuildStep'.
src/engines/RunbookEngine.ts(211,62): error TS2345: Argument of type 'string | undefined' is not assignable to parameter of type 'string'.
  Type 'undefined' is not assignable to type 'string'.
src/engines/SafetyExplanationEngine.ts(380,26): error TS2352: Conversion of type 'VetoParams' to type 'Record<string, unknown>' may be a mistake because neither type sufficiently overlaps with the other. If this was intentional, convert the expression to 'unknown' first.
  Index signature for type 'string' is missing in type 'VetoParams'.
src/engines/SafetyExplanationEngine.ts(562,26): error TS2352: Conversion of type 'VetoParams' to type 'Record<string, unknown>' may be a mistake because neither type sufficiently overlaps with the other. If this was intentional, convert the expression to 'unknown' first.
  Index signature for type 'string' is missing in type 'VetoParams'.
src/engines/SessionStabilityEngine.ts(276,11): error TS7034: Variable 'diffs' implicitly has type 'any[]' in some locations where its type cannot be determined.
src/engines/SessionStabilityEngine.ts(282,61): error TS7005: Variable 'diffs' implicitly has an 'any[]' type.
src/engines/ShopConfigurationEngine.ts(22,8): error TS2305: Module '"../data/jm-die-profile.js"' has no exported member 'DevelopmentSeedDomain'.
src/engines/ShopConfigurationEngine.ts(184,26): error TS2339: Property 'domain' does not exist on type '{ readonly id: "jm-die"; readonly name: "JM Die Company"; readonly industry: "Cold-heading dies & tooling (fastener industry)"; readonly location: { readonly city: "Machesney Park"; readonly state: "IL"; readonly full: "Machesney Park, IL"; readonly timezone: "America/Chicago"; }; readonly file_archive_path: "H:PRIS...'.
src/engines/ShopConfigurationEngine.ts(197,7): error TS2739: Type '{ controllers_root: "H:\\PRISM\\JM DIE\\CONTROLLERS"; posts_root: "H:\\PRISM\\JM DIE\\POSTS"; macros_root: "H:\\PRISM\\JM DIE\\MACROS"; tool_holders_root: "H:\\PRISM\\JM DIE\\TOOL HOLDERS"; ... 4 more ...; programs_root: "H:\\PRISM\\JM DIE"; }' is missing the following properties from type 'ShopSourceRoots': company_root, machines_root
src/engines/SkillExecutor.ts(851,30): error TS2339: Property 'metadata' does not exist on type 'SkillLoadResult'.
src/engines/SolidCAMAIOrchestrationEngine.ts(254,55): error TS2339: Property 'selectStrategy' does not exist on type 'SolidCAMStrategyEngine'.
src/engines/SolidCAMAIOrchestrationEngine.ts(290,55): error TS2339: Property 'calculateOptimalLevel' does not exist on type '{ compute: (feature: iMachiningFeature, material: iMachiningMaterial, tool: iMachiningTool, machine: iMachiningMachine, level?: number | undefined) => iMachiningResult; ... 5 more ...; variableStepover: (curvature_profile: { ...; }[], tool_diameter: number, base_ae: number) => { ...; }[]; }'.
src/engines/SolidCAMiMachiningEngine.ts(334,16): error TS2339: Property 'kc1_1' does not exist on type 'MaterialEntry'.
src/engines/SolidCAMiMachiningEngine.ts(335,13): error TS2339: Property 'mc' does not exist on type 'MaterialEntry'.
src/engines/SolidCAMiMachiningEngine.ts(336,18): error TS2339: Property 'vc_base_roughing' does not exist on type 'MaterialEntry'.
src/engines/SolidCAMiMachiningEngine.ts(482,24): error TS2339: Property 'vc_base_roughing' does not exist on type 'MaterialEntry'.
src/engines/SolidWorksAutomationBridge.ts(160,7): error TS2322: Type 'number' is not assignable to type 'undefined'.
src/engines/SolidWorksAutomationBridge.ts(174,7): error TS2322: Type 'number' is not assignable to type 'undefined'.
src/engines/SolidWorksAutomationBridge.ts(189,7): error TS2322: Type 'number' is not assignable to type 'undefined'.
src/engines/SolidWorksAutomationBridge.ts(204,7): error TS2322: Type 'number' is not assignable to type 'undefined'.
src/engines/SolidWorksAutomationBridge.ts(218,7): error TS2322: Type 'number' is not assignable to type 'undefined'.
src/engines/SolidWorksAutomationBridge.ts(235,7): error TS2322: Type 'number' is not assignable to type 'undefined'.
src/engines/SolidWorksCodeGeneratorEngine.ts(223,12): error TS2741: Property 'cadSystem' is missing in type '{ supportedOps: Set<"custom" | "sketch_create" | "sketch_line" | "sketch_arc" | "sketch_circle" | "sketch_rectangle" | "sketch_spline" | "sketch_dimension" | "sketch_constraint" | ... 90 more ... | "parameter_table">; ... 4 more ...; limits: { ...; }; }' but required in type 'CADCapabilityMatrix'.
src/engines/SolidWorksCodeGeneratorEngine.ts(539,28): error TS2881: This expression is never nullish.
src/engines/SolidWorksCodeGeneratorEngine.ts(1127,19): error TS2416: Property 'runScriptBody' in type 'SolidWorksCodeGeneratorEngine' is not assignable to the same property in base type 'UnifiedCADCodeGeneratorBase<SolidWorksGenerationContext>'.
  Type '(script: string, context?: SolidWorksGenerationContext | undefined) => Promise<CADExecutionResult>' is not assignable to type '(script: CADScript<string>) => Promise<CADExecutionResult>'.
    Types of parameters 'script' and 'script' are incompatible.
      Type 'CADScript<string>' is not assignable to type 'string'.
src/engines/SolidWorksCodeGeneratorEngine.ts(1133,9): error TS2353: Object literal may only specify known properties, and 'success' does not exist in type 'CADExecutionResult'.
src/engines/SolidWorksCodeGeneratorEngine.ts(1142,55): error TS2339: Property 'executeVBA' does not exist on type 'SolidWorksAutomationBridge'.
src/engines/SolidWorksCodeGeneratorEngine.ts(1144,9): error TS2353: Object literal may only specify known properties, and 'success' does not exist in type 'CADExecutionResult'.
src/engines/SolidWorksCodeGeneratorEngine.ts(1153,9): error TS2353: Object literal may only specify known properties, and 'success' does not exist in type 'CADExecutionResult'.
src/engines/SpeedFeedAutopilotEngine.ts(179,20): error TS2339: Property 'kc1_1' does not exist on type 'MaterialEntry'.
src/engines/SpeedFeedAutopilotEngine.ts(189,14): error TS2339: Property 'mc' does not exist on type 'MaterialEntry'.
src/engines/SpeedFeedAutopilotEngine.ts(193,37): error TS2339: Property 'k_thermal' does not exist on type 'MaterialEntry'.
src/engines/SpeedFeedOrchestratorEngine.ts(618,19): error TS2339: Property 'kc1_1' does not exist on type 'MaterialEntry'.
src/engines/SpeedFeedOrchestratorEngine.ts(619,16): error TS2339: Property 'mc' does not exist on type 'MaterialEntry'.
src/engines/SprutCAMBridgeEngine.ts(1106,9): error TS2783: 'number' is specified more than once, so this usage will be overwritten.
src/engines/SprutCAMBridgeEngine.ts(1107,9): error TS2783: 'type' is specified more than once, so this usage will be overwritten.
src/engines/SprutCAMBridgeEngine.ts(1108,9): error TS2783: 'diameterMm' is specified more than once, so this usage will be overwritten.
src/engines/StockSizeOptimizerEngine.ts(80,9): error TS18048: 'mat' is possibly 'undefined'.
src/engines/StockSizeOptimizerEngine.ts(80,50): error TS18048: 'mat' is possibly 'undefined'.
src/engines/TestRegistryAdapterEngine.ts(255,5): error TS2739: Type 'MaterialEntry' is missing the following properties from type 'MaterialPhysics': kc1_1, mc
src/engines/TextToCADGenerationEngine.ts(473,7): error TS2352: Conversion of type 'Record<string, unknown>' to type 'TextToCADInput' may be a mistake because neither type sufficiently overlaps with the other. If this was intentional, convert the expression to 'unknown' first.
  Property 'text' is missing in type 'Record<string, unknown>' but required in type 'TextToCADInput'.
src/engines/ToleranceAwareGenerationEngine.ts(195,7): error TS2720: Class 'ToleranceAwareGenerationEngine' incorrectly implements class 'BaseEngine'. Did you mean to extend 'BaseEngine' and inherit its members as a subclass?
  Type 'ToleranceAwareGenerationEngine' is missing the following properties from type 'BaseEngine': getInfo, executeImpl, execute, healthCheck
src/engines/ToleranceAwareGenerationEngine.ts(449,48): error TS2362: The left-hand side of an arithmetic operation must be of type 'any', 'number', 'bigint' or an enum type.
src/engines/ToolCatalogAdaptiveEngine.ts(15,29): error TS2305: Module '"./ToolCatalogEngine.js"' has no exported member 'UnifiedTool'.
src/engines/ToolCatalogAdaptiveEngine.ts(15,42): error TS2305: Module '"./ToolCatalogEngine.js"' has no exported member 'ToolRecommendation'.
src/engines/ToolCatalogAdaptiveEngine.ts(111,45): error TS2339: Property 'searchTools' does not exist on type 'ToolCatalogEngine'.
src/engines/ToolCatalogAdaptiveEngine.ts(135,9): error TS2353: Object literal may only specify known properties, and 'material' does not exist in type '{ operation: string; iso_group: string; diameter_mm?: number | undefined; depth_mm?: number | undefined; finish_required?: boolean | undefined; max_results?: number | undefined; }'.
src/engines/ToolCatalogAdaptiveEngine.ts(144,32): error TS2339: Property 'speed_sfm' does not exist on type '(CatalogTool & { score: number; reasoning: string; })[]'.
src/engines/ToolCatalogAdaptiveEngine.ts(146,32): error TS2339: Property 'feed_per_tooth' does not exist on type '(CatalogTool & { score: number; reasoning: string; })[]'.
src/engines/ToolCatalogAdaptiveEngine.ts(169,33): error TS2339: Property 'wearStage' does not exist on type 'AdaptiveWearAnalysis'.
src/engines/ToolCatalogAdaptiveEngine.ts(169,86): error TS2339: Property 'wearStage' does not exist on type 'AdaptiveWearAnalysis'.
src/engines/ToolEnrichmentEngine.ts(547,37): error TS2339: Property 'vc_base_roughing' does not exist on type 'MaterialEntry'.
src/engines/ToolEnrichmentEngine.ts(548,37): error TS2339: Property 'vc_base_finishing' does not exist on type 'MaterialEntry'.
src/engines/ToolEnrichmentEngine.ts(585,19): error TS2339: Property 'vc_base_roughing' does not exist on type 'MaterialEntry'.
src/engines/ToolEnrichmentEngine.ts(585,47): error TS2339: Property 'vc_base_finishing' does not exist on type 'MaterialEntry'.
src/engines/TribalEnrichmentCoordinatorEngine.ts(80,7): error TS2353: Object literal may only specify known properties, and 'material' does not exist in type 'KnowledgeSearchInput'.
src/engines/TribalEnrichmentCoordinatorEngine.ts(99,7): error TS2353: Object literal may only specify known properties, and 'process' does not exist in type 'PlaybookQuery'.
src/engines/TribalKnowledgeAdvisorEngine.ts(426,21): error TS2339: Property 'tips' does not exist on type 'KnowledgeTip[]'.
src/engines/TribalPlaybookEnforcementEngine.ts(420,57): error TS2339: Property 'getAllRules' does not exist on type 'MachiningPlaybookEngine'.
src/engines/TurningEnvelopeDistanceEngine.ts(35,15): error TS2305: Module '"./TurningInsertLifeEngine.js"' has no exported member 'OpSpec'.
src/engines/TurningInsertLifeEngine.ts(237,69): error TS2554: Expected 3 arguments, but got 4.
src/engines/TurningInsertLifeEngine.ts(271,69): error TS2339: Property 'vc_base_roughing' does not exist on type 'MaterialEntry'.
src/engines/TurningInsertLifeEngine.ts(426,75): error TS2554: Expected 3 arguments, but got 4.
src/engines/TurningInsertLifeEngine.ts(440,65): error TS2554: Expected 3 arguments, but got 4.
src/engines/TurningInsertLifeEngine.ts(454,72): error TS2554: Expected 3 arguments, but got 4.
src/engines/TurningPrintToProgramEngine.ts(637,46): error TS2339: Property 'kc1_1' does not exist on type 'MaterialEntry'.
src/engines/TurningPrintToProgramEngine.ts(637,70): error TS2339: Property 'mc' does not exist on type 'MaterialEntry'.
src/engines/TurningRobustOptimizerEngine.ts(18,15): error TS2305: Module '"./TurningInsertLifeEngine.js"' has no exported member 'OpSpec'.
src/engines/TurningSensitivityAnalysisEngine.ts(23,15): error TS2305: Module '"./TurningInsertLifeEngine.js"' has no exported member 'OpSpec'.
src/engines/TurningStochasticPlanEngine.ts(16,8): error TS2305: Module '"./TurningInsertLifeEngine.js"' has no exported member 'OpSpec'.
src/engines/TurningStochasticPlanEngine.ts(92,45): error TS2339: Property 'insertChangeSchedule' does not exist on type 'TurningInsertLifeEngine'.
src/engines/TurningStochasticPlanEngine.ts(97,48): error TS2339: Property 'wearAccumulation' does not exist on type 'TurningInsertLifeEngine'.
src/engines/TurningWearPredictionEngine.ts(219,27): error TS2339: Property 'k_thermal' does not exist on type 'MaterialEntry'.
src/engines/TurningWearPredictionEngine.ts(318,27): error TS2339: Property 'vc_base_roughing' does not exist on type 'MaterialEntry'.
src/engines/UltimateSpeedFeedEngine.ts(566,23): error TS2339: Property 'kc1_1' does not exist on type 'MaterialEntry'.
src/engines/UltimateSpeedFeedEngine.ts(567,20): error TS2339: Property 'mc' does not exist on type 'MaterialEntry'.
src/engines/UnifiedPhysicsVerifierEngine.ts(146,34): error TS18048: 'mat' is possibly 'undefined'.
src/engines/UnifiedPhysicsVerifierEngine.ts(146,38): error TS2339: Property 'vc_base_finishing' does not exist on type 'MaterialEntry'.
src/engines/UnifiedPhysicsVerifierEngine.ts(146,58): error TS18048: 'mat' is possibly 'undefined'.
src/engines/UnifiedPhysicsVerifierEngine.ts(146,62): error TS2339: Property 'vc_base_roughing' does not exist on type 'MaterialEntry'.
src/engines/UnifiedPhysicsVerifierEngine.ts(166,34): error TS2345: Argument of type 'MaterialEntry | undefined' is not assignable to parameter of type 'MaterialPhysics'.
  Type 'undefined' is not assignable to type 'MaterialPhysics'.
src/engines/UnifiedPhysicsVerifierEngine.ts(169,53): error TS2345: Argument of type 'MaterialEntry | undefined' is not assignable to parameter of type 'MaterialPhysics'.
  Type 'undefined' is not assignable to type 'MaterialPhysics'.
src/engines/UnifiedPhysicsVerifierEngine.ts(172,38): error TS2345: Argument of type 'MaterialEntry | undefined' is not assignable to parameter of type 'MaterialPhysics'.
  Type 'undefined' is not assignable to type 'MaterialPhysics'.
src/engines/UnifiedPhysicsVerifierEngine.ts(175,42): error TS2345: Argument of type 'MaterialEntry | undefined' is not assignable to parameter of type 'MaterialPhysics'.
  Type 'undefined' is not assignable to type 'MaterialPhysics'.
src/engines/UnifiedPhysicsVerifierEngine.ts(178,38): error TS2345: Argument of type 'MaterialEntry | undefined' is not assignable to parameter of type 'MaterialPhysics'.
  Type 'undefined' is not assignable to type 'MaterialPhysics'.
src/engines/UnifiedProgramParserEngine.ts(1206,9): error TS2322: Type '{ type: { value: OperationType; source: "filename"; confidence: number; }; sequence: number; tool: null; speed_rpm: null; feed_ipm: null; doc_in: null; woc_in: null; coolant: { value: "unknown"; source: "inferred"; confidence: number; }; estimated_time_sec: null; g_code: string | ... 1 more ... | undefined; line_num...' is not assignable to type 'ParsedOperation[]'.
  Object literal may only specify known properties, and 'tool' does not exist in type 'ParsedOperation'.
src/engines/UnifiedProgramParserEngine.ts(1226,20): error TS2367: This comparison appears to be unintentional because the types 'OperationType | null' and '"probe"' have no overlap.
src/engines/UnifiedProgramParserEngine.ts(1240,39): error TS2322: Type '"probe"' is not assignable to type 'OperationType | null'.
src/engines/WEDMFeedbackIngestionEngine.ts(168,15): error TS2353: Object literal may only specify known properties, and 'predicted' does not exist in type 'PostOptions'.
src/engines/WEDMFeedbackIngestionEngine.ts(169,63): error TS2363: The right-hand side of an arithmetic operation must be of type 'any', 'number', 'bigint' or an enum type.
src/engines/WEDMFeedbackIngestionEngine.ts(169,79): error TS2363: The right-hand side of an arithmetic operation must be of type 'any', 'number', 'bigint' or an enum type.
src/engines/WEDMGapVoltageControlEngine.ts(324,9): error TS2322: Type 'number' is not assignable to type '80'.
src/engines/WEDMGapVoltageControlEngine.ts(326,9): error TS2322: Type 'number' is not assignable to type '10'.
src/engines/WEDMJobCreatorEngine.ts(18,15): error TS2305: Module '"./WEDMPrintToProgramEngine.js"' has no exported member 'WEDMProgramResult'.
src/engines/WEDMJobCreatorEngine.ts(18,34): error TS2305: Module '"./WEDMPrintToProgramEngine.js"' has no exported member 'PassSummary'.
src/engines/WEDMMultiAgentDispatchEngine.ts(108,7): error TS2322: Type 'string[] | null' is not assignable to type 'string | null'.
  Type 'string[]' is not assignable to type 'string'.
src/engines/WedmProgramIndexEngine.ts(276,7): error TS2322: Type 'Dirent<string>[]' is not assignable to type 'Dirent<NonSharedBuffer>[]'.
  Type 'Dirent<string>' is not assignable to type 'Dirent<NonSharedBuffer>'.
    Type 'string' is not assignable to type 'NonSharedBuffer'.
src/engines/WedmProgramIndexEngine.ts(285,44): error TS2345: Argument of type 'NonSharedBuffer' is not assignable to parameter of type 'string'.
src/engines/WedmProgramIndexEngine.ts(291,11): error TS2345: Argument of type 'NonSharedBuffer' is not assignable to parameter of type 'string'.
src/engines/WedmProgramIndexEngine.ts(301,11): error TS2345: Argument of type 'NonSharedBuffer' is not assignable to parameter of type 'string'.
src/engines/WedmProgramIndexEngine.ts(333,7): error TS2322: Type 'Dirent<string>[]' is not assignable to type 'Dirent<NonSharedBuffer>[]'.
  Type 'Dirent<string>' is not assignable to type 'Dirent<NonSharedBuffer>'.
    Type 'string' is not assignable to type 'NonSharedBuffer'.
src/engines/WedmProgramIndexEngine.ts(339,43): error TS2345: Argument of type 'NonSharedBuffer' is not assignable to parameter of type 'string'.
src/engines/WedmProgramIndexEngine.ts(353,11): error TS2345: Argument of type 'NonSharedBuffer' is not assignable to parameter of type 'string'.
src/engines/WEDMProgramSafetyGateEngine.ts(292,7): error TS2353: Object literal may only specify known properties, and 'threshold' does not exist in type 'SafetyGateResult'.
src/engines/WEDMProgramSafetyGateEngine.ts(376,29): error TS2339: Property 'toUpperCase' does not exist on type 'never'.
src/engines/WEDMSafetyEnvelopeEngine.ts(62,3): error TS2740: Type '{ wire_tension_gf: { min: number; max: number; soft_band: number; }; gap_V: { min: number; max: number; soft_band: number; }; resistivity_Mohm_cm: { min: number; max: number; soft_band: number; }; tank_level_pct: { ...; }; wire_breaks_in_window: { ...; }; }' is missing the following properties from type 'Record<keyof EnvelopeReading, EnvelopeLimit>': X_mm, Y_mm, Z_upper_mm, Z_lower_mm, and 2 more.
src/engines/WEDMSetupSheetEngine.ts(20,3): error TS2305: Module '"./WEDMPrintToProgramEngine.js"' has no exported member 'WEDMProgramResult'.
src/engines/WEDMSetupSheetEngine.ts(21,3): error TS2305: Module '"./WEDMPrintToProgramEngine.js"' has no exported member 'PassSummary'.
src/engines/WEDMWirePremiumROIEngine.ts(18,10): error TS2305: Module '"../data/wire-spec-sheets.js"' has no exported member 'WIRE_SPECS'.
src/engines/WireEDMSettingsEngine.ts(147,24): error TS2339: Property 'kunieda' does not exist on type '{ readonly spark_erosion: { readonly C_d: 2.1; readonly current_exp_d: 0.43; readonly ton_exp_d: 0.44; readonly C_p: 0.54; readonly current_exp_p: 0.38; readonly ton_exp_p: 0.38; readonly C_mrr: 0.0085; ... 5 more ...; readonly source: "DiBitonto et al. ASME J. Eng. Ind. 111(2) 1989; Sato et al. JSME Int. J. 33(4) 1...'.
src/engines/WireEDMSettingsEngine.ts(148,29): error TS2339: Property 'kunieda' does not exist on type '{ readonly spark_erosion: { readonly C_d: 2.1; readonly current_exp_d: 0.43; readonly ton_exp_d: 0.44; readonly C_p: 0.54; readonly current_exp_p: 0.38; readonly ton_exp_p: 0.38; readonly C_mrr: 0.0085; ... 5 more ...; readonly source: "DiBitonto et al. ASME J. Eng. Ind. 111(2) 1989; Sato et al. JSME Int. J. 33(4) 1...'.
src/engines/WireEDMSettingsEngine.ts(149,33): error TS2339: Property 'kunieda' does not exist on type '{ readonly spark_erosion: { readonly C_d: 2.1; readonly current_exp_d: 0.43; readonly ton_exp_d: 0.44; readonly C_p: 0.54; readonly current_exp_p: 0.38; readonly ton_exp_p: 0.38; readonly C_mrr: 0.0085; ... 5 more ...; readonly source: "DiBitonto et al. ASME J. Eng. Ind. 111(2) 1989; Sato et al. JSME Int. J. 33(4) 1...'.
src/engines/WireEDMSettingsEngine.ts(150,28): error TS2339: Property 'kunieda' does not exist on type '{ readonly spark_erosion: { readonly C_d: 2.1; readonly current_exp_d: 0.43; readonly ton_exp_d: 0.44; readonly C_p: 0.54; readonly current_exp_p: 0.38; readonly ton_exp_p: 0.38; readonly C_mrr: 0.0085; ... 5 more ...; readonly source: "DiBitonto et al. ASME J. Eng. Ind. 111(2) 1989; Sato et al. JSME Int. J. 33(4) 1...'.
src/engines/WireEDMSettingsEngine.ts(151,27): error TS2339: Property 'kunieda' does not exist on type '{ readonly spark_erosion: { readonly C_d: 2.1; readonly current_exp_d: 0.43; readonly ton_exp_d: 0.44; readonly C_p: 0.54; readonly current_exp_p: 0.38; readonly ton_exp_p: 0.38; readonly C_mrr: 0.0085; ... 5 more ...; readonly source: "DiBitonto et al. ASME J. Eng. Ind. 111(2) 1989; Sato et al. JSME Int. J. 33(4) 1...'.
src/engines/WireEDMSettingsEngine.ts(152,25): error TS2339: Property 'kunieda' does not exist on type '{ readonly spark_erosion: { readonly C_d: 2.1; readonly current_exp_d: 0.43; readonly ton_exp_d: 0.44; readonly C_p: 0.54; readonly current_exp_p: 0.38; readonly ton_exp_p: 0.38; readonly C_mrr: 0.0085; ... 5 more ...; readonly source: "DiBitonto et al. ASME J. Eng. Ind. 111(2) 1989; Sato et al. JSME Int. J. 33(4) 1...'.
src/engines/WireEDMSettingsEngine.ts(153,27): error TS2339: Property 'kunieda' does not exist on type '{ readonly spark_erosion: { readonly C_d: 2.1; readonly current_exp_d: 0.43; readonly ton_exp_d: 0.44; readonly C_p: 0.54; readonly current_exp_p: 0.38; readonly ton_exp_p: 0.38; readonly C_mrr: 0.0085; ... 5 more ...; readonly source: "DiBitonto et al. ASME J. Eng. Ind. 111(2) 1989; Sato et al. JSME Int. J. 33(4) 1...'.
src/engines/WireEDMSettingsEngine.ts(154,26): error TS2339: Property 'kunieda' does not exist on type '{ readonly spark_erosion: { readonly C_d: 2.1; readonly current_exp_d: 0.43; readonly ton_exp_d: 0.44; readonly C_p: 0.54; readonly current_exp_p: 0.38; readonly ton_exp_p: 0.38; readonly C_mrr: 0.0085; ... 5 more ...; readonly source: "DiBitonto et al. ASME J. Eng. Ind. 111(2) 1989; Sato et al. JSME Int. J. 33(4) 1...'.
src/engines/WireEDMSettingsEngine.ts(155,26): error TS2339: Property 'kunieda' does not exist on type '{ readonly spark_erosion: { readonly C_d: 2.1; readonly current_exp_d: 0.43; readonly ton_exp_d: 0.44; readonly C_p: 0.54; readonly current_exp_p: 0.38; readonly ton_exp_p: 0.38; readonly C_mrr: 0.0085; ... 5 more ...; readonly source: "DiBitonto et al. ASME J. Eng. Ind. 111(2) 1989; Sato et al. JSME Int. J. 33(4) 1...'.
src/engines/WireEDMSettingsEngine.ts(160,19): error TS2339: Property 'cp_J_kgK' does not exist on type 'MaterialEntry'.
src/engines/WireEDMSettingsEngine.ts(162,27): error TS2339: Property 'latent_heat_J_kg' does not exist on type 'MaterialEntry'.
src/engines/WireEDMSettingsEngine.ts(163,37): error TS2339: Property 'kunieda' does not exist on type '{ readonly spark_erosion: { readonly C_d: 2.1; readonly current_exp_d: 0.43; readonly ton_exp_d: 0.44; readonly C_p: 0.54; readonly current_exp_p: 0.38; readonly ton_exp_p: 0.38; readonly C_mrr: 0.0085; ... 5 more ...; readonly source: "DiBitonto et al. ASME J. Eng. Ind. 111(2) 1989; Sato et al. JSME Int. J. 33(4) 1...'.
src/engines/WireEDMSettingsEngine.ts(294,31): error TS2339: Property 'toenshoff' does not exist on type '{ readonly spark_erosion: { readonly C_d: 2.1; readonly current_exp_d: 0.43; readonly ton_exp_d: 0.44; readonly C_p: 0.54; readonly current_exp_p: 0.38; readonly ton_exp_p: 0.38; readonly C_mrr: 0.0085; ... 5 more ...; readonly source: "DiBitonto et al. ASME J. Eng. Ind. 111(2) 1989; Sato et al. JSME Int. J. 33(4) 1...'.
src/engines/WireEDMSettingsEngine.ts(294,96): error TS2339: Property 'toenshoff' does not exist on type '{ readonly spark_erosion: { readonly C_d: 2.1; readonly current_exp_d: 0.43; readonly ton_exp_d: 0.44; readonly C_p: 0.54; readonly current_exp_p: 0.38; readonly ton_exp_p: 0.38; readonly C_mrr: 0.0085; ... 5 more ...; readonly source: "DiBitonto et al. ASME J. Eng. Ind. 111(2) 1989; Sato et al. JSME Int. J. 33(4) 1...'.
src/engines/WireEDMSettingsEngine.ts(444,45): error TS2339: Property 'max_duty_rough' does not exist on type '{ readonly max_current_density_brass: 500; readonly max_current_density_coated: 600; readonly max_current_density_moly: 300; readonly max_current_density_tungsten: 250; readonly max_tension_0_20mm: 12; readonly max_tension_0_25mm: 18; readonly max_tension_0_30mm: 24; readonly warning_threshold: 0.85; readonly source...'.
src/engines/WireEDMSettingsEngine.ts(445,49): error TS2339: Property 'max_duty_rough' does not exist on type '{ readonly max_current_density_brass: 500; readonly max_current_density_coated: 600; readonly max_current_density_moly: 300; readonly max_current_density_tungsten: 250; readonly max_tension_0_20mm: 12; readonly max_tension_0_25mm: 18; readonly max_tension_0_30mm: 24; readonly warning_threshold: 0.85; readonly source...'.
src/hooks/AdvancedManufacturingHooks.ts(917,3): error TS2353: Object literal may only specify known properties, and 'event' does not exist in type 'HookDefinition'.
src/hooks/AdvancedManufacturingHooks.ts(987,3): error TS2353: Object literal may only specify known properties, and 'event' does not exist in type 'HookDefinition'.
src/hooks/AdvancedManufacturingHooks.ts(1058,3): error TS2353: Object literal may only specify known properties, and 'event' does not exist in type 'HookDefinition'.
src/hooks/AgentHooks.ts(333,3): error TS2322: Type '"background"' is not assignable to type 'HookPriority'.
src/hooks/AutomationHooks.ts(293,3): error TS2322: Type '"background"' is not assignable to type 'HookPriority'.
src/hooks/AutomationHooks.ts(341,3): error TS2353: Object literal may only specify known properties, and 'condition' does not exist in type 'HookDefinition'.
src/hooks/AutomationHooks.ts(380,7): error TS2322: Type 'BackupEntry' is not assignable to type 'Record<string, unknown>'.
  Index signature for type 'string' is missing in type 'BackupEntry'.
src/hooks/AutomationHooks.ts(409,37): error TS2339: Property 'previousResults' does not exist on type 'HookContext'.
src/hooks/AutomationHooks.ts(487,7): error TS2322: Type 'NotificationEntry' is not assignable to type 'Record<string, unknown>'.
  Index signature for type 'string' is missing in type 'NotificationEntry'.
src/hooks/CadenceDefinitions.ts(37,3): error TS2353: Object literal may only specify known properties, and 'event' does not exist in type 'HookDefinition'.
src/hooks/CadenceDefinitions.ts(76,3): error TS2353: Object literal may only specify known properties, and 'event' does not exist in type 'HookDefinition'.
src/hooks/CadenceDefinitions.ts(115,3): error TS2353: Object literal may only specify known properties, and 'event' does not exist in type 'HookDefinition'.
src/hooks/CadenceDefinitions.ts(147,3): error TS2353: Object literal may only specify known properties, and 'event' does not exist in type 'HookDefinition'.
src/hooks/CadenceDefinitions.ts(179,3): error TS2353: Object literal may only specify known properties, and 'event' does not exist in type 'HookDefinition'.
src/hooks/CadenceDefinitions.ts(207,3): error TS2353: Object literal may only specify known properties, and 'event' does not exist in type 'HookDefinition'.
src/hooks/CadenceDefinitions.ts(243,3): error TS2353: Object literal may only specify known properties, and 'event' does not exist in type 'HookDefinition'.
src/hooks/CADRegressionSafetyHooks.ts(254,3): error TS2322: Type '"quality"' is not assignable to type 'HookCategory'.
src/hooks/CADRegressionSafetyHooks.ts(286,3): error TS2322: Type '"quality"' is not assignable to type 'HookCategory'.
src/hooks/ControllerHooks.ts(232,3): error TS2353: Object literal may only specify known properties, and 'condition' does not exist in type 'HookDefinition'.
src/hooks/ControllerHooks.ts(318,3): error TS2353: Object literal may only specify known properties, and 'condition' does not exist in type 'HookDefinition'.
src/hooks/ControllerHooks.ts(385,3): error TS2353: Object literal may only specify known properties, and 'condition' does not exist in type 'HookDefinition'.
src/hooks/EnforcementHooks.ts(585,29): error TS2339: Property 'quality' does not exist on type 'HookContext'.
src/hooks/EnforcementHooks.ts(646,28): error TS2339: Property 'quality' does not exist on type 'HookContext'.
src/hooks/ForgeTripleHooks.ts(74,3): error TS2353: Object literal may only specify known properties, and 'condition' does not exist in type 'HookDefinition'.
src/hooks/ForgeTripleHooks.ts(108,3): error TS2353: Object literal may only specify known properties, and 'condition' does not exist in type 'HookDefinition'.
src/hooks/ForgeTripleHooks.ts(134,3): error TS2353: Object literal may only specify known properties, and 'condition' does not exist in type 'HookDefinition'.
src/hooks/ForgeTripleHooks.ts(170,3): error TS2353: Object literal may only specify known properties, and 'condition' does not exist in type 'HookDefinition'.
src/hooks/ForgeTripleHooks.ts(255,3): error TS2353: Object literal may only specify known properties, and 'condition' does not exist in type 'HookDefinition'.
src/hooks/ForgeTripleHooks.ts(284,3): error TS2353: Object literal may only specify known properties, and 'condition' does not exist in type 'HookDefinition'.
src/hooks/ForgeTripleHooks.ts(318,3): error TS2353: Object literal may only specify known properties, and 'condition' does not exist in type 'HookDefinition'.
src/hooks/HyperMillTurningHooks.ts(176,3): error TS2322: Type '"quality"' is not assignable to type 'HookCategory'.
src/hooks/index.ts(100,1): error TS2308: Module "./CrossReferenceHooks.js" has already exported a member named 'preMachineControllerCompatibility'. Consider explicitly re-exporting to resolve the ambiguity.
src/hooks/index.ts(308,38): error TS2367: This comparison appears to be unintentional because the types 'HookPriority' and '"background"' have no overlap.
src/hooks/KnowledgeHooks.ts(234,3): error TS2322: Type '"knowledge"' is not assignable to type 'HookCategory'.
src/hooks/KnowledgeHooks.ts(333,3): error TS2322: Type '"knowledge"' is not assignable to type 'HookCategory'.
src/hooks/LatheSafetyHooks.ts(199,3): error TS2322: Type '"quality"' is not assignable to type 'HookCategory'.
src/hooks/LatheSafetyHooks.ts(234,3): error TS2322: Type '"quality"' is not assignable to type 'HookCategory'.
src/hooks/LatheSafetyHooks.ts(269,3): error TS2322: Type '"quality"' is not assignable to type 'HookCategory'.
src/hooks/LatheSafetyHooks.ts(271,3): error TS2322: Type '"medium"' is not assignable to type 'HookPriority'.
src/hooks/LifecycleHooks.ts(348,25): error TS2365: Operator '+' cannot be applied to types '{}' and 'number'.
src/hooks/LifecycleHooks.ts(383,3): error TS2353: Object literal may only specify known properties, and 'condition' does not exist in type 'HookDefinition'.
src/hooks/LifecycleHooks.ts(386,13): error TS2362: The left-hand side of an arithmetic operation must be of type 'any', 'number', 'bigint' or an enum type.
src/hooks/LifecycleHooks.ts(429,9): error TS2365: Operator '<=' cannot be applied to types '{}' and 'number'.
src/hooks/LifecycleHooks.ts(431,16): error TS2365: Operator '<=' cannot be applied to types '{}' and 'number'.
src/hooks/LifecycleHooks.ts(433,16): error TS2365: Operator '<=' cannot be applied to types '{}' and 'number'.
src/hooks/LifecycleHooks.ts(597,3): error TS2353: Object literal may only specify known properties, and 'condition' does not exist in type 'HookDefinition'.
src/hooks/ManufacturingHooks.ts(190,3): error TS2353: Object literal may only specify known properties, and 'condition' does not exist in type 'HookDefinition'.
src/hooks/ManufacturingHooks.ts(484,3): error TS2353: Object literal may only specify known properties, and 'condition' does not exist in type 'HookDefinition'.
src/hooks/ManufacturingHooks.ts(545,3): error TS2353: Object literal may only specify known properties, and 'condition' does not exist in type 'HookDefinition'.
src/hooks/ManufacturingHooks.ts(672,3): error TS2353: Object literal may only specify known properties, and 'condition' does not exist in type 'HookDefinition'.
src/hooks/ManufacturingHooks.ts(732,3): error TS2353: Object literal may only specify known properties, and 'condition' does not exist in type 'HookDefinition'.
src/hooks/ManufacturingHooks.ts(934,3): error TS2322: Type '"quality"' is not assignable to type 'HookCategory'.
src/hooks/ManufacturingHooks.ts(972,3): error TS2322: Type '"quality"' is not assignable to type 'HookCategory'.
src/hooks/ObservabilityHooks.ts(108,3): error TS2322: Type '"background"' is not assignable to type 'HookPriority'.
src/hooks/ObservabilityHooks.ts(177,3): error TS2353: Object literal may only specify known properties, and 'condition' does not exist in type 'HookDefinition'.
src/hooks/ObservabilityHooks.ts(212,3): error TS2322: Type '"background"' is not assignable to type 'HookPriority'.
src/hooks/ObservabilityHooks.ts(279,9): error TS2365: Operator '<=' cannot be applied to types '{}' and 'number'.
src/hooks/ObservabilityHooks.ts(282,16): error TS2365: Operator '<=' cannot be applied to types '{}' and 'number'.
src/hooks/ObservabilityHooks.ts(285,16): error TS2365: Operator '<=' cannot be applied to types '{}' and 'number'.
src/hooks/ObservabilityHooks.ts(382,3): error TS2353: Object literal may only specify known properties, and 'condition' does not exist in type 'HookDefinition'.
src/hooks/ObservabilityHooks.ts(507,36): error TS2339: Property 'quality' does not exist on type 'HookContext'.
src/hooks/RecoveryHooks.ts(284,3): error TS2353: Object literal may only specify known properties, and 'condition' does not exist in type 'HookDefinition'.
src/hooks/RecoveryHooks.ts(393,3): error TS2353: Object literal may only specify known properties, and 'condition' does not exist in type 'HookDefinition'.
src/hooks/RecoveryHooks.ts(551,3): error TS2353: Object literal may only specify known properties, and 'condition' does not exist in type 'HookDefinition'.
src/hooks/resourceIntegrityHook.ts(30,3): error TS2322: Type '"data-quality"' is not assignable to type 'HookCategory'.
src/hooks/SafetyQualityHooks.ts(1100,3): error TS2322: Type '"quality"' is not assignable to type 'HookCategory'.
src/hooks/SafetyQualityHooks.ts(1145,3): error TS2322: Type '"quality"' is not assignable to type 'HookCategory'.
src/hooks/SafetyQualityHooks.ts(1201,3): error TS2353: Object literal may only specify known properties, and 'condition' does not exist in type 'HookDefinition'.
src/hooks/SchemaHooks.ts(550,3): error TS2353: Object literal may only specify known properties, and 'condition' does not exist in type 'HookDefinition'.
src/hooks/SpecialtyCadences.ts(31,3): error TS2353: Object literal may only specify known properties, and 'event' does not exist in type 'HookDefinition'.
src/hooks/SpecialtyCadences.ts(75,3): error TS2353: Object literal may only specify known properties, and 'event' does not exist in type 'HookDefinition'.
src/hooks/SpecialtyCadences.ts(118,3): error TS2353: Object literal may only specify known properties, and 'event' does not exist in type 'HookDefinition'.
src/hooks/SpecialtyCadences.ts(159,3): error TS2353: Object literal may only specify known properties, and 'event' does not exist in type 'HookDefinition'.
src/hooks/WEDMGnnHooks.ts(47,3): error TS2322: Type '"quality"' is not assignable to type 'HookCategory'.
src/hooks/WEDMLearningHooks.ts(79,3): error TS2322: Type '"medium"' is not assignable to type 'HookPriority'.
src/hooks/WEDMLearningHooks.ts(175,3): error TS2322: Type '"quality"' is not assignable to type 'HookCategory'.
src/hooks/WEDMPerceptionHooks.ts(77,3): error TS2322: Type '"quality"' is not assignable to type 'HookCategory'.
src/hooks/WEDMSafetyHooks.ts(392,3): error TS2322: Type '"quality"' is not assignable to type 'HookCategory'.
src/hooks/WEDMSafetyHooks.ts(394,3): error TS2322: Type '"medium"' is not assignable to type 'HookPriority'.
src/hooks/WEDMSafetyHooks.ts(563,3): error TS2322: Type '"quality"' is not assignable to type 'HookCategory'.
src/hooks/WEDMSafetyHooks.ts(565,3): error TS2322: Type '"medium"' is not assignable to type 'HookPriority'.
src/hooks/WEDMSafetyHooks.ts(604,3): error TS2322: Type '"quality"' is not assignable to type 'HookCategory'.
src/hooks/WEDMSafetyHooks.ts(606,3): error TS2322: Type '"medium"' is not assignable to type 'HookPriority'.
src/hooks/WEDMSafetyHooks.ts(671,3): error TS2322: Type '"audit"' is not assignable to type 'HookCategory'.
src/hooks/WEDMSafetyHooks.ts(681,76): error TS2554: Expected 1-2 arguments, but got 3.
src/hooks/WEDMSafetyHooks.ts(713,70): error TS2554: Expected 1-2 arguments, but got 3.
src/hooks/WEDMSafetyHooks.ts(802,3): error TS2322: Type '"medium"' is not assignable to type 'HookPriority'.
src/hooks/WEDMSafetyHooks.ts(853,32): error TS2339: Property 'files' does not exist on type '{ type: string; id?: string | undefined; path?: string | undefined; data?: Record<string, unknown> | undefined; action?: string | undefined; dispatcher?: string | undefined; input?: Record<...> | undefined; output?: Record<...> | undefined; }'.
src/hooks/WEDMSafetyHooks.ts(1093,26): error TS2339: Property 'threshold' does not exist on type 'SafetyGateResult'.
src/hooks/WEDMSafetyHooks.ts(1095,35): error TS2339: Property 'failing_components' does not exist on type 'SafetyGateResult'.
src/hooks/WEDMSafetyHooks.ts(1291,3): error TS2322: Type '"awareness"' is not assignable to type 'HookCategory'.
src/hooks/WEDMSafetyHooks.ts(1293,3): error TS2322: Type '"medium"' is not assignable to type 'HookPriority'.
src/hooks/WEDMSafetyHooks.ts(1312,9): error TS2322: Type 'number' is not assignable to type 'string[]'.
src/hooks/WEDMSVIHooks.ts(61,3): error TS2322: Type '"awareness"' is not assignable to type 'HookCategory'.
src/hooks/WEDMSVIHooks.ts(63,3): error TS2322: Type '"medium"' is not assignable to type 'HookPriority'.
src/index.ts(704,23): error TS2345: Argument of type 'McpServer' is not assignable to parameter of type 'Server<{ method: string; params?: { [x: string]: unknown; _meta?: { [x: string]: unknown; progressToken?: string | number | undefined; "io.modelcontextprotocol/related-task"?: { taskId: string; } | undefined; } | undefined; } | undefined; }, { ...; }, { ...; }>'.
  Type 'McpServer' is missing the following properties from type 'Server<{ method: string; params?: { [x: string]: unknown; _meta?: { [x: string]: unknown; progressToken?: string | number | undefined; "io.modelcontextprotocol/related-task"?: { taskId: string; } | undefined; } | undefined; } | undefined; }, { ...; }, { ...; }>': _serverInfo, _capabilities, _jsonSchemaValidator, _loggingLevels, and 56 more.
src/index.ts(705,21): error TS2345: Argument of type 'McpServer' is not assignable to parameter of type 'Server<{ method: string; params?: { [x: string]: unknown; _meta?: { [x: string]: unknown; progressToken?: string | number | undefined; "io.modelcontextprotocol/related-task"?: { taskId: string; } | undefined; } | undefined; } | undefined; }, { ...; }, { ...; }>'.
  Type 'McpServer' is missing the following properties from type 'Server<{ method: string; params?: { [x: string]: unknown; _meta?: { [x: string]: unknown; progressToken?: string | number | undefined; "io.modelcontextprotocol/related-task"?: { taskId: string; } | undefined; } | undefined; } | undefined; }, { ...; }, { ...; }>': _serverInfo, _capabilities, _jsonSchemaValidator, _loggingLevels, and 56 more.
src/index.ts(706,23): error TS2345: Argument of type 'McpServer' is not assignable to parameter of type 'Server<{ method: string; params?: { [x: string]: unknown; _meta?: { [x: string]: unknown; progressToken?: string | number | undefined; "io.modelcontextprotocol/related-task"?: { taskId: string; } | undefined; } | undefined; } | undefined; }, { ...; }, { ...; }>'.
  Type 'McpServer' is missing the following properties from type 'Server<{ method: string; params?: { [x: string]: unknown; _meta?: { [x: string]: unknown; progressToken?: string | number | undefined; "io.modelcontextprotocol/related-task"?: { taskId: string; } | undefined; } | undefined; } | undefined; }, { ...; }, { ...; }>': _serverInfo, _capabilities, _jsonSchemaValidator, _loggingLevels, and 56 more.
src/index.ts(707,20): error TS2554: Expected 0 arguments, but got 1.
src/index.ts(899,49): error TS2554: Expected 0 arguments, but got 1.
src/mcp/authHttp.ts(18,38): error TS2339: Property 'authorizationUrl' does not exist on type 'OAuthConfig'.
src/mcp/authHttp.ts(19,30): error TS2339: Property 'tokenUrl' does not exist on type 'OAuthConfig'.
src/mcp/authHttp.ts(20,22): error TS2339: Property 'scopes' does not exist on type 'OAuthConfig'.
src/registries/BaseRegistry.ts(8,10): error TS2724: '"../utils/Logger.js"' has no exported member named 'Logger'. Did you mean 'logger'?
src/routes/milling.ts(75,26): error TS7030: Not all code paths return a value.
src/routes/milling.ts(263,9): error TS2554: Expected 1-2 arguments, but got 3.
src/routes/milling.ts(292,32): error TS7030: Not all code paths return a value.
src/routes/milling.ts(356,29): error TS7030: Not all code paths return a value.
src/routes/milling.ts(384,33): error TS7030: Not all code paths return a value.
src/routes/milling.ts(412,26): error TS7030: Not all code paths return a value.
src/routes/milling.ts(442,31): error TS7030: Not all code paths return a value.
src/routes/operating-system.ts(623,43): error TS2339: Property 'recordTaskEvent' does not exist on type 'typeof ShopFloorCheckInEngine'.
src/routes/ppg.ts(41,97): error TS2339: Property 'kc1_1' does not exist on type 'MaterialEntry'.
src/routes/ppg.ts(41,112): error TS2339: Property 'mc' does not exist on type 'MaterialEntry'.
src/routes/ppg.ts(41,133): error TS2551: Property 'hardness_HB' does not exist on type 'MaterialEntry'. Did you mean 'hardness_HRC'?
src/routes/print.ts(92,29): error TS2339: Property 'primaryType' does not exist on type 'ClassificationResult'.
src/routes/print.ts(94,37): error TS2339: Property 'secondaryTypes' does not exist on type 'ClassificationResult'.
src/routes/print.ts(94,57): error TS7006: Parameter 't' implicitly has an 'any' type.
src/routes/print.ts(99,35): error TS2339: Property 'featureAnalysis' does not exist on type 'ClassificationResult'.
src/routes/print.ts(100,35): error TS2339: Property 'featureAnalysis' does not exist on type 'ClassificationResult'.
src/routes/print.ts(101,36): error TS2339: Property 'featureAnalysis' does not exist on type 'ClassificationResult'.
src/routes/print.ts(102,31): error TS2339: Property 'featureAnalysis' does not exist on type 'ClassificationResult'.
src/routes/print.ts(104,32): error TS2339: Property 'extractedData' does not exist on type 'ClassificationResult'.
src/schemas/aiReasoningActionSchemas.ts(228,14): error TS2739: Type '{ ai_route_mill_pipeline: ZodObject<{ material: ZodOptional<ZodString>; iso_group: ZodOptional<ZodEnum<{ P: "P"; M: "M"; K: "K"; N: "N"; S: "S"; H: "H"; }>>; ... 5 more ...; include_provenance: ZodOptional<...>; }, $loose>; ... 9 more ...; iterate_retrieve: ZodObject<...>; }' is missing the following properties from type 'Record<"ai_route_mill_pipeline" | "ai_mill_agi_reason" | "ai_mill_awareness_query" | "ai_mill_scientific_analyze" | "ai_mill_wisdom_query" | "ai_mill_adaptive_strategy" | "pattern_record" | ... 7 more ... | "iterate_retrieve", ZodType<...>>': sfc_drift_canary_check, ppg_drift_canary_check, sfc_fewshot_predict, ppg_sfc_closed_loop
src/schemas/automationChainSchema.ts(157,15): error TS2554: Expected 2-3 arguments, but got 1.
src/schemas/automationChainSchema.ts(168,23): error TS2554: Expected 2-3 arguments, but got 1.
src/schemas/cadActionSchemas.ts(15,17): error TS2554: Expected 2-3 arguments, but got 1.
src/schemas/cadActionSchemas.ts(51,20): error TS2554: Expected 2-3 arguments, but got 1.
src/schemas/cadActionSchemas.ts(57,17): error TS2554: Expected 2-3 arguments, but got 1.
src/schemas/cadActionSchemas.ts(103,17): error TS2554: Expected 2-3 arguments, but got 1.
src/schemas/cadActionSchemas.ts(117,17): error TS2554: Expected 2-3 arguments, but got 1.
src/schemas/cadActionSchemas.ts(121,17): error TS2554: Expected 2-3 arguments, but got 1.
src/schemas/cadActionSchemas.ts(143,17): error TS2554: Expected 2-3 arguments, but got 1.
src/schemas/cadActionSchemas.ts(147,10): error TS2554: Expected 2-3 arguments, but got 1.
src/schemas/cadOnshapeSchema.ts(328,11): error TS2554: Expected 2-3 arguments, but got 1.
src/schemas/cadOnshapeSchema.ts(375,11): error TS2554: Expected 2-3 arguments, but got 1.
src/schemas/cadRhinoSchema.ts(265,18): error TS2554: Expected 2-3 arguments, but got 1.
src/schemas/cadRhinoSchema.ts(389,11): error TS2554: Expected 2-3 arguments, but got 1.
src/schemas/camFunctionIndexSchema.ts(242,14): error TS7022: 'CAMMenuSchema' implicitly has type 'any' because it does not have a type annotation and is referenced directly or indirectly in its own initializer.
src/schemas/camFunctionIndexSchema.ts(251,29): error TS7024: Function implicitly has return type 'any' because it does not have a return type annotation and is referenced directly or indirectly in one of its return expressions.
src/schemas/camUIElementSchema.ts(386,3): error TS2739: Type '{ shortcut?: { key: string; modifiers: ("shift" | "ctrl" | "meta" | "alt")[]; customizable: boolean; display?: string | undefined; } | undefined; action?: { action_type: "command" | "toggle" | ... 7 more ... | "external_link"; ... 4 more ...; prism_action?: { ...; } | undefined; } | undefined; ... 4 more ...; region...' is missing the following properties from type '{ id: string; name: string; type: "toolbar" | "viewport" | "slider" | "dialog" | "panel" | "tooltip" | "ribbon_tab" | "context_menu" | "menu_bar" | "menu_item" | "menu_separator" | ... 27 more ... | "quickinfo"; ... 20 more ...; prism_category?: string | undefined; }': visible, enabled
src/schemas/camUIElementSchema.ts(406,3): error TS2739: Type '{ icon?: { name: string; } | undefined; shortcut?: { key: string; modifiers: ("shift" | "ctrl" | "meta" | "alt")[]; customizable: boolean; display?: string | undefined; } | undefined; action?: { ...; } | undefined; tooltip?: string | undefined; id: string; name: string; type: "toolbar_button"; }' is missing the following properties from type '{ id: string; name: string; type: "toolbar" | "viewport" | "slider" | "dialog" | "panel" | "tooltip" | "ribbon_tab" | "context_menu" | "menu_bar" | "menu_item" | "menu_separator" | ... 27 more ... | "quickinfo"; ... 20 more ...; prism_category?: string | undefined; }': visible, enabled
src/schemas/camUIElementSchema.ts(424,3): error TS2739: Type '{ icon?: { name: string; } | undefined; action?: { action_type: "command" | "toggle" | "navigate" | "open_dialog" | "open_panel" | "open_submenu" | "set_value" | "execute_macro" | "invoke_api" | "external_link"; ... 4 more ...; prism_action?: { ...; } | undefined; } | undefined; id: string; name: string; type: "ribb...' is missing the following properties from type '{ id: string; name: string; type: "toolbar" | "viewport" | "slider" | "dialog" | "panel" | "tooltip" | "ribbon_tab" | "context_menu" | "menu_bar" | "menu_item" | "menu_separator" | ... 27 more ... | "quickinfo"; ... 20 more ...; prism_category?: string | undefined; }': visible, enabled
src/schemas/camUIElementSchema.ts(447,3): error TS2322: Type '{ description?: string; min?: number; max?: number; unit?: string; prism_relevant?: boolean; id: string; name: string; type: "string" | "number" | "boolean" | "enum"; default_value: string | number | boolean; }' is not assignable to type '{ id: string; name: string; type: "string" | "number" | "boolean" | "path" | "enum" | "color" | "shortcut" | "font"; prism_relevant: boolean; default_value?: string | number | boolean | undefined; ... 5 more ...; options?: { ...; }[] | undefined; }'.
  Types of property 'prism_relevant' are incompatible.
    Type 'boolean | undefined' is not assignable to type 'boolean'.
      Type 'undefined' is not assignable to type 'boolean'.
src/schemas/precompactDossierSchema.ts(182,26): error TS2339: Property 'errors' does not exist on type 'ZodError<{ schemaVersion: 1; sessionId: string; capturedAt: string; tokenEstimate: number; mentalModel: { currentObjective: string; approachTaken: string; keyDecisions: string[]; openQuestions: string[]; blockers: string[]; nextSteps: string[]; lessonsLearned?: string[] | undefined; }; ... 8 more ...; sviTrajectory?...'.
src/schemas/precompactDossierSchema.ts(182,38): error TS7006: Parameter 'e' implicitly has an 'any' type.
src/tools/dispatchers/aiReasoningDispatcher.ts(68,59): error TS2345: Argument of type 'ZodType<unknown, unknown, $ZodTypeInternals<unknown, unknown>>' is not assignable to parameter of type 'Record<string, ZodType<unknown, unknown, $ZodTypeInternals<unknown, unknown>>>'.
  Index signature for type 'string' is missing in type 'ZodType<unknown, unknown, $ZodTypeInternals<unknown, unknown>>'.
src/tools/dispatchers/aiReasoningDispatcher.ts(86,11): error TS2322: Type 'Record<string, unknown> | undefined' is not assignable to type 'ToolGeometry | undefined'.
  Type 'Record<string, unknown>' is missing the following properties from type 'ToolGeometry': diameter_mm, flutes
src/tools/dispatchers/aiReasoningDispatcher.ts(108,11): error TS2322: Type 'Record<string, unknown> | undefined' is not assignable to type 'ToolGeometry | undefined'.
  Type 'Record<string, unknown>' is missing the following properties from type 'ToolGeometry': diameter_mm, flutes
src/tools/dispatchers/aiReasoningDispatcher.ts(155,11): error TS2322: Type 'Record<string, unknown> | undefined' is not assignable to type 'ToolGeometry | undefined'.
  Type 'Record<string, unknown>' is missing the following properties from type 'ToolGeometry': diameter_mm, flutes
src/tools/dispatchers/aiReasoningDispatcher.ts(197,11): error TS2322: Type 'Record<string, unknown> | undefined' is not assignable to type 'ToolGeometry | undefined'.
  Type 'Record<string, unknown>' is missing the following properties from type 'ToolGeometry': diameter_mm, flutes
src/tools/dispatchers/aiReasoningDispatcher.ts(216,11): error TS2322: Type 'string' is not assignable to type '"other" | "api_integration" | "documentation" | "bug_fix" | "engine_building" | "dispatcher_wiring" | "test_creation" | "refactoring" | "physics_calculation" | "cam_programming" | ... 4 more ... | "security_fix"'.
src/tools/dispatchers/aiReasoningDispatcher.ts(238,11): error TS2322: Type 'string | undefined' is not assignable to type '"other" | "api_integration" | "documentation" | "bug_fix" | "engine_building" | "dispatcher_wiring" | "test_creation" | "refactoring" | "physics_calculation" | "cam_programming" | ... 5 more ... | undefined'.
  Type 'string' is not assignable to type '"other" | "api_integration" | "documentation" | "bug_fix" | "engine_building" | "dispatcher_wiring" | "test_creation" | "refactoring" | "physics_calculation" | "cam_programming" | ... 5 more ... | undefined'.
src/tools/dispatchers/aiReasoningDispatcher.ts(275,39): error TS2339: Property 'checkDrift' does not exist on type 'SFCDriftCanaryEngine'.
src/tools/dispatchers/aiReasoningDispatcher.ts(284,39): error TS2339: Property 'checkDrift' does not exist on type 'PPGDriftCanaryEngine'.
src/tools/dispatchers/aiReasoningDispatcher.ts(293,52): error TS2339: Property 'predictForNewMaterial' does not exist on type 'SFCFewShotNewMaterialEngine'.
src/tools/dispatchers/bridgeDispatcher.ts(24,10): error TS2769: No overload matches this call.
  Overload 1 of 6, '(name: string, description: string, paramsSchemaOrAnnotations: { title?: string | undefined; readOnlyHint?: boolean | undefined; destructiveHint?: boolean | undefined; idempotentHint?: boolean | undefined; openWorldHint?: boolean | undefined; } | { ...; }, cb: (args: ShapeOutput<...>, extra: RequestHandlerExtra<...>) => { ...; } | Promise<...>): RegisteredTool', gave the following error.
    Argument of type '(args: ShapeOutput<{ action: ZodEnum<{ stats: "stats"; health: "health"; config: "config"; route: "route"; list_endpoints: "list_endpoints"; list_keys: "list_keys"; route_map: "route_map"; register_endpoint: "register_endpoint"; ... 4 more ...; validate_key: "validate_key"; }>; params: ZodOptional<...>; }>) => Promi...' is not assignable to parameter of type '(args: ShapeOutput<{ action: ZodEnum<{ stats: "stats"; health: "health"; config: "config"; route: "route"; list_endpoints: "list_endpoints"; list_keys: "list_keys"; route_map: "route_map"; register_endpoint: "register_endpoint"; ... 4 more ...; validate_key: "validate_key"; }>; params: ZodOptional<...>; }>, extra: R...'.
      Type 'Promise<DispatcherErrorResult | { content: { type: "text"; text: string; }[]; }>' is not assignable to type '{ [x: string]: unknown; content: ({ type: "text"; text: string; annotations?: { audience?: ("user" | "assistant")[] | undefined; priority?: number | undefined; lastModified?: string | undefined; } | undefined; _meta?: { ...; } | undefined; } | { ...; } | { ...; } | { ...; } | { ...; })[]; _meta?: { ...; } | undefine...'.
        Type 'Promise<DispatcherErrorResult | { content: { type: "text"; text: string; }[]; }>' is not assignable to type 'Promise<{ [x: string]: unknown; content: ({ type: "text"; text: string; annotations?: { audience?: ("user" | "assistant")[] | undefined; priority?: number | undefined; lastModified?: string | undefined; } | undefined; _meta?: { ...; } | undefined; } | { ...; } | { ...; } | { ...; } | { ...; })[]; _meta?: { ...; } | ...'.
          Type 'DispatcherErrorResult | { content: { type: "text"; text: string; }[]; }' is not assignable to type '{ [x: string]: unknown; content: ({ type: "text"; text: string; annotations?: { audience?: ("user" | "assistant")[] | undefined; priority?: number | undefined; lastModified?: string | undefined; } | undefined; _meta?: { ...; } | undefined; } | { ...; } | { ...; } | { ...; } | { ...; })[]; _meta?: { ...; } | undefine...'.
            Property 'content' is missing in type 'DispatcherErrorResult' but required in type '{ [x: string]: unknown; content: ({ type: "text"; text: string; annotations?: { audience?: ("user" | "assistant")[] | undefined; priority?: number | undefined; lastModified?: string | undefined; } | undefined; _meta?: { ...; } | undefined; } | { ...; } | { ...; } | { ...; } | { ...; })[]; _meta?: { ...; } | undefine...'.
  Overload 2 of 6, '(name: string, paramsSchema: { action: ZodEnum<{ stats: "stats"; health: "health"; config: "config"; route: "route"; list_endpoints: "list_endpoints"; list_keys: "list_keys"; route_map: "route_map"; register_endpoint: "register_endpoint"; ... 4 more ...; validate_key: "validate_key"; }>; params: ZodOptional<...>; }, annotations: { ...; }, cb: (args: ShapeOutput<...>, extra: RequestHandlerExtra<...>) => { ...; } | Promise<...>): RegisteredTool', gave the following error.
    Argument of type 'string' is not assignable to parameter of type '{ action: z.ZodEnum<{ stats: "stats"; health: "health"; config: "config"; route: "route"; list_endpoints: "list_endpoints"; list_keys: "list_keys"; route_map: "route_map"; register_endpoint: "register_endpoint"; ... 4 more ...; validate_key: "validate_key"; }>; params: z.ZodOptional<...>; }'.
src/tools/dispatchers/businessDispatcher.ts(2608,19): error TS2339: Property 'costSavingsTrackerEngine' does not exist on type 'typeof import("H:/prism-tsc-cleanup/mcp-server/src/engines/index")'.
src/tools/dispatchers/cadAutomationDispatcher.ts(882,15): error TS2352: Conversion of type 'Record<string, unknown>[]' to type 'readonly CADOperation[]' may be a mistake because neither type sufficiently overlaps with the other. If this was intentional, convert the expression to 'unknown' first.
  Type 'Record<string, unknown>' is missing the following properties from type 'CADOperation': kind, args
src/tools/dispatchers/cadAutomationDispatcher.ts(1796,40): error TS2352: Conversion of type 'Record<string, unknown>[]' to type 'CADOperationInput[]' may be a mistake because neither type sufficiently overlaps with the other. If this was intentional, convert the expression to 'unknown' first.
  Property 'op' is missing in type 'Record<string, unknown>' but required in type 'CADOperationInput'.
src/tools/dispatchers/cadAutomationDispatcher.ts(2647,80): error TS2345: Argument of type '{ description: string; constraints?: string[] | undefined; material?: string | undefined; targetSystem?: string | undefined; verbosity?: "standard" | "verbose" | "minimal" | undefined; }' is not assignable to parameter of type 'ReasonedGenerationInput'.
  Property 'spec' is missing in type '{ description: string; constraints?: string[] | undefined; material?: string | undefined; targetSystem?: string | undefined; verbosity?: "standard" | "verbose" | "minimal" | undefined; }' but required in type 'ReasonedGenerationInput'.
src/tools/dispatchers/cadAutomationDispatcher.ts(2820,82): error TS2345: Argument of type '{ customer?: string | string[] | undefined; machineCategory?: string | string[] | undefined; features?: string[] | undefined; excludeIds?: string[] | undefined; }' is not assignable to parameter of type 'RetrievalFilters'.
  Types of property 'machineCategory' are incompatible.
    Type 'string | string[] | undefined' is not assignable to type 'MachineCategory | MachineCategory[] | undefined'.
      Type 'string' is not assignable to type 'MachineCategory | MachineCategory[] | undefined'.
src/tools/dispatchers/cadAutomationDispatcher.ts(3009,89): error TS2345: Argument of type '{ indexType?: "flat" | "vptree" | undefined; metric?: string | undefined; maxEntries?: number | undefined; } | undefined' is not assignable to parameter of type 'CADIndexConfig | undefined'.
  Type '{ indexType?: "flat" | "vptree" | undefined; metric?: string | undefined; maxEntries?: number | undefined; }' is not assignable to type 'CADIndexConfig'.
    Types of property 'metric' are incompatible.
      Type 'string | undefined' is not assignable to type 'SimilarityMetric | undefined'.
        Type 'string' is not assignable to type 'SimilarityMetric | undefined'.
src/tools/dispatchers/cadAutomationDispatcher.ts(3236,16): error TS2678: Type '"cad_drawing_knowledge_calc"' is not comparable to type '"close" | "route" | "open" | "batch_validate" | "decompose_intent" | "cad_regen_test" | "cad_regen_batch" | "cad_regen_compare" | "export_step" | "cad_corpus_orchestrate" | ... 347 more ... | "cad_corpus_scan_only"'.
src/tools/dispatchers/cadAutomationDispatcher.ts(4448,94): error TS2554: Expected 2 arguments, but got 4.
src/tools/dispatchers/cadAutomationDispatcher.ts(4461,111): error TS2554: Expected 3 arguments, but got 4.
src/tools/dispatchers/cadAutomationDispatcher.ts(4548,108): error TS2554: Expected 3 arguments, but got 4.
src/tools/dispatchers/cadAutomationDispatcher.ts(4592,52): error TS2339: Property 'getParamCount' does not exist on type 'CADSequenceTrainerEngine'.
src/tools/dispatchers/cadAutomationDispatcher.ts(4598,89): error TS2339: Property 'updateOnBatch' does not exist on type 'CADSequenceTrainerEngine'.
src/tools/dispatchers/cadAutomationDispatcher.ts(4603,53): error TS2339: Property 'updateOnBatch' does not exist on type 'CADSequenceTrainerEngine'.
src/tools/dispatchers/cadAutomationDispatcher.ts(4609,90): error TS2339: Property 'scoreSequence' does not exist on type 'CADSequenceTrainerEngine'.
src/tools/dispatchers/cadAutomationDispatcher.ts(4613,52): error TS2339: Property 'scoreSequence' does not exist on type 'CADSequenceTrainerEngine'.
src/tools/dispatchers/cadAutomationDispatcher.ts(4619,89): error TS2339: Property 'predictNext' does not exist on type 'CADSequenceTrainerEngine'.
src/tools/dispatchers/cadAutomationDispatcher.ts(4623,56): error TS2339: Property 'predictNext' does not exist on type 'CADSequenceTrainerEngine'.
src/tools/dispatchers/cadAutomationDispatcher.ts(4629,57): error TS2554: Expected 1 arguments, but got 0.
src/tools/dispatchers/cadAutomationDispatcher.ts(4639,38): error TS2554: Expected 2 arguments, but got 1.
src/tools/dispatchers/cadAutomationDispatcher.ts(4688,89): error TS2554: Expected 2 arguments, but got 3.
src/tools/dispatchers/calcDispatcher.ts(1131,145): error TS2554: Expected 1 arguments, but got 2.
src/tools/dispatchers/calcDispatcher.ts(1135,90): error TS2554: Expected 1 arguments, but got 2.
src/tools/dispatchers/calcDispatcher.ts(8377,66): error TS2307: Cannot find module '../../engines/FaceDriverTorqueEngine.js' or its corresponding type declarations.
src/tools/dispatchers/calcDispatcher.ts(8382,66): error TS2307: Cannot find module '../../engines/FaceDriverTorqueEngine.js' or its corresponding type declarations.
src/tools/dispatchers/calcDispatcher.ts(8387,64): error TS2307: Cannot find module '../../engines/MDOFStabilityEngine.js' or its corresponding type declarations.
src/tools/dispatchers/calcDispatcher.ts(8392,64): error TS2307: Cannot find module '../../engines/MDOFStabilityEngine.js' or its corresponding type declarations.
src/tools/dispatchers/calcDispatcher.ts(8397,64): error TS2307: Cannot find module '../../engines/MDOFStabilityEngine.js' or its corresponding type declarations.
src/tools/dispatchers/calcDispatcher.ts(8412,69): error TS2307: Cannot find module '../../engines/TimoshenkoDeflectionEngine.js' or its corresponding type declarations.
src/tools/dispatchers/calcDispatcher.ts(8417,69): error TS2307: Cannot find module '../../engines/TimoshenkoDeflectionEngine.js' or its corresponding type declarations.
src/tools/dispatchers/calcDispatcher.ts(8422,69): error TS2307: Cannot find module '../../engines/TimoshenkoDeflectionEngine.js' or its corresponding type declarations.
src/tools/dispatchers/calcDispatcher.ts(8427,69): error TS2307: Cannot find module '../../engines/TimoshenkoDeflectionEngine.js' or its corresponding type declarations.
src/tools/dispatchers/calcDispatcher.ts(8433,71): error TS2307: Cannot find module '../../engines/GoalStabilityVerifierEngine.js' or its corresponding type declarations.
src/tools/dispatchers/calcDispatcher.ts(8439,71): error TS2307: Cannot find module '../../engines/GoalStabilityVerifierEngine.js' or its corresponding type declarations.
src/tools/dispatchers/calcDispatcher.ts(8532,69): error TS2307: Cannot find module '../../engines/BanditParameterOptimizerEngine.js' or its corresponding type declarations.
src/tools/dispatchers/calcDispatcher.ts(8538,69): error TS2307: Cannot find module '../../engines/BanditParameterOptimizerEngine.js' or its corresponding type declarations.
src/tools/dispatchers/calcDispatcher.ts(8543,69): error TS2307: Cannot find module '../../engines/BanditParameterOptimizerEngine.js' or its corresponding type declarations.
src/tools/dispatchers/calcDispatcher.ts(8613,119): error TS2554: Expected 1 arguments, but got 2.
src/tools/dispatchers/calcDispatcher.ts(8628,79): error TS2554: Expected 1 arguments, but got 2.
src/tools/dispatchers/camDispatcher.ts(2567,55): error TS2339: Property 'selectForCAM' does not exist on type 'InventoryAwareToolSelectorEngine'.
src/tools/dispatchers/camDispatcher.ts(2793,15): error TS2322: Type '"text" | "pdf" | undefined' is not assignable to type '"json" | "pdf" | "manual_entry"'.
  Type 'undefined' is not assignable to type '"json" | "pdf" | "manual_entry"'.
src/tools/dispatchers/camDispatcher.ts(2813,15): error TS2353: Object literal may only specify known properties, and 'operation' does not exist in type '{ controller_id: string; cycle_code: string; parameters: { depth_of_cut?: number | undefined; finish_allowance_x?: number | undefined; finish_allowance_z?: number | undefined; profile_start_block?: number | undefined; ... 17 more ...; spindle_speed?: number | undefined; }; line_number_start: number; line_number_incr...'.
src/tools/dispatchers/camDispatcher.ts(2857,47): error TS2551: Property 'codes' does not exist on type 'GCodeBlock'. Did you mean 'g_codes'?
src/tools/dispatchers/camDispatcher.ts(3022,15): error TS2353: Object literal may only specify known properties, and 'spec_text' does not exist in type 'SpecIngestionInput'.
src/tools/dispatchers/camDispatcher.ts(3294,64): error TS2345: Argument of type 'Record<string, any>' is not assignable to parameter of type 'RouteInput'.
  Type 'Record<string, any>' is missing the following properties from type 'RouteInput': machineId, program
src/tools/dispatchers/camDispatcher.ts(3312,62): error TS2345: Argument of type 'Record<string, any>' is not assignable to parameter of type 'EmitInput'.
  Type 'Record<string, any>' is missing the following properties from type 'EmitInput': machineId, program
src/tools/dispatchers/camDispatcher.ts(3328,70): error TS2345: Argument of type 'Record<string, any>' is not assignable to parameter of type 'ValidateInput'.
  Type 'Record<string, any>' is missing the following properties from type 'ValidateInput': machineId, program
src/tools/dispatchers/camDispatcher.ts(3344,68): error TS2345: Argument of type 'Record<string, any>' is not assignable to parameter of type 'ExplainInput'.
  Type 'Record<string, any>' is missing the following properties from type 'ExplainInput': machineId, program
src/tools/dispatchers/camDispatcher.ts(3360,74): error TS2345: Argument of type 'Record<string, any>' is not assignable to parameter of type 'CrossCheckInput'.
  Type 'Record<string, any>' is missing the following properties from type 'CrossCheckInput': machineId, program
src/tools/dispatchers/camDispatcher.ts(3461,84): error TS2345: Argument of type 'Record<string, any>' is not assignable to parameter of type 'DeepReasoningInput'.
  Property 'machineId' is missing in type 'Record<string, any>' but required in type 'DeepReasoningInput'.
src/tools/dispatchers/camDispatcher.ts(3462,24): error TS2783: 'success' is specified more than once, so this usage will be overwritten.
src/tools/dispatchers/camDispatcher.ts(3521,88): error TS2345: Argument of type 'Record<string, any>' is not assignable to parameter of type 'EnsembleInput'.
  Type 'Record<string, any>' is missing the following properties from type 'EnsembleInput': machineId, program
src/tools/dispatchers/camDispatcher.ts(3522,24): error TS2783: 'success' is specified more than once, so this usage will be overwritten.
src/tools/dispatchers/camDispatcher.ts(3552,73): error TS2554: Expected 3 arguments, but got 2.
src/tools/dispatchers/camDispatcher.ts(5342,15): error TS2345: Argument of type '{ program_number?: number | undefined; program_comment?: string | undefined; units?: "metric" | "inch" | undefined; submerged?: boolean | undefined; auto_wire_thread?: boolean | undefined; ... 6 more ...; adaptive_control?: boolean | undefined; } | undefined' is not assignable to parameter of type 'Partial<MitsubishiWEDMPostConfig> | undefined'.
  Type '{ program_number?: number | undefined; program_comment?: string | undefined; units?: "metric" | "inch" | undefined; submerged?: boolean | undefined; auto_wire_thread?: boolean | undefined; ... 6 more ...; adaptive_control?: boolean | undefined; }' is not assignable to type 'Partial<MitsubishiWEDMPostConfig>'.
    Types of property 'program_number' are incompatible.
      Type 'number | undefined' is not assignable to type 'string | undefined'.
        Type 'number' is not assignable to type 'string'.
src/tools/dispatchers/camDispatcher.ts(5689,59): error TS2339: Property 'calculate' does not exist on type 'AutoPrintToProgramBridgeEngine'.
src/tools/dispatchers/camDispatcher.ts(5694,41): error TS2339: Property 'calculate' does not exist on type 'AutoPrintToProgramBridgeEngine'.
src/tools/dispatchers/camDispatcher.ts(5759,35): error TS2345: Argument of type 'Record<string, any>' is not assignable to parameter of type 'UnitTagInput'.
  Type 'Record<string, any>' is missing the following properties from type 'UnitTagInput': program_text, declared_unit
src/tools/dispatchers/camDispatcher.ts(5765,31): error TS2345: Argument of type 'Record<string, any>' is not assignable to parameter of type 'UnitTagInput'.
  Type 'Record<string, any>' is missing the following properties from type 'UnitTagInput': program_text, declared_unit
src/tools/dispatchers/camDispatcher.ts(5772,35): error TS2345: Argument of type 'Record<string, any>' is not assignable to parameter of type 'HeadClearanceInput'.
  Type 'Record<string, any>' is missing the following properties from type 'HeadClearanceInput': workpiece_thickness_mm, workpiece_top_z_mm, upper_guide_z_mm
src/tools/dispatchers/camDispatcher.ts(5778,31): error TS2345: Argument of type 'Record<string, any>' is not assignable to parameter of type 'HeadClearanceInput'.
  Type 'Record<string, any>' is missing the following properties from type 'HeadClearanceInput': workpiece_thickness_mm, workpiece_top_z_mm, upper_guide_z_mm
src/tools/dispatchers/camDispatcher.ts(5785,35): error TS2345: Argument of type 'Record<string, any>' is not assignable to parameter of type 'FlushAdequacyInput'.
  Type 'Record<string, any>' is missing the following properties from type 'FlushAdequacyInput': flow_mm3_s, thickness_mm, mode
src/tools/dispatchers/camDispatcher.ts(5791,31): error TS2345: Argument of type 'Record<string, any>' is not assignable to parameter of type 'FlushAdequacyInput'.
  Type 'Record<string, any>' is missing the following properties from type 'FlushAdequacyInput': flow_mm3_s, thickness_mm, mode
src/tools/dispatchers/camDispatcher.ts(5798,35): error TS2345: Argument of type 'Record<string, any>' is not assignable to parameter of type 'ThermalReleaseInput'.
  Type 'Record<string, any>' is missing the following properties from type 'ThermalReleaseInput': material, pulse_on_us
src/tools/dispatchers/camDispatcher.ts(5804,31): error TS2345: Argument of type 'Record<string, any>' is not assignable to parameter of type 'ThermalReleaseInput'.
  Type 'Record<string, any>' is missing the following properties from type 'ThermalReleaseInput': material, pulse_on_us
src/tools/dispatchers/camDispatcher.ts(5811,33): error TS2345: Argument of type 'Record<string, any>' is not assignable to parameter of type 'DialectVerifierInput'.
  Type 'Record<string, any>' is missing the following properties from type 'DialectVerifierInput': program_text, expected_controller
src/tools/dispatchers/camDispatcher.ts(5817,31): error TS2345: Argument of type 'Record<string, any>' is not assignable to parameter of type 'DialectVerifierInput'.
  Type 'Record<string, any>' is missing the following properties from type 'DialectVerifierInput': program_text, expected_controller
src/tools/dispatchers/camDispatcher.ts(5829,59): error TS2345: Argument of type 'Record<string, any>' is not assignable to parameter of type 'CornerTaperInput'.
  Type 'Record<string, any>' is missing the following properties from type 'CornerTaperInput': thickness_mm, slug
src/tools/dispatchers/camDispatcher.ts(5839,63): error TS2345: Argument of type 'Record<string, any>' is not assignable to parameter of type 'CornerTaperInput'.
  Type 'Record<string, any>' is missing the following properties from type 'CornerTaperInput': thickness_mm, slug
src/tools/dispatchers/camDispatcher.ts(5846,54): error TS2345: Argument of type 'Record<string, any>' is not assignable to parameter of type 'MultiPassInput'.
  Type 'Record<string, any>' is missing the following properties from type 'MultiPassInput': thickness_mm, cut_length_mm
src/tools/dispatchers/camDispatcher.ts(10670,94): error TS2551: Property 'hyperMillACConnectionManagerMock' does not exist on type 'typeof import("H:/prism-tsc-cleanup/mcp-server/src/engines/HyperMillACConnectionManager")'. Did you mean 'HyperMillACConnectionManager'?
src/tools/dispatchers/camDispatcher.ts(11009,36): error TS2339: Property 'results' does not exist on type 'MultiProcessResult'.
src/tools/dispatchers/camDispatcher.ts(11625,15): error TS2322: Type 'Uint8Array<ArrayBufferLike>' is not assignable to type 'Uint8Array<ArrayBuffer>'.
  Type 'ArrayBufferLike' is not assignable to type 'ArrayBuffer'.
    Type 'SharedArrayBuffer' is not assignable to type 'ArrayBuffer'.
      Types of property '[Symbol.toStringTag]' are incompatible.
        Type '"SharedArrayBuffer"' is not assignable to type '"ArrayBuffer"'.
src/tools/dispatchers/camDispatcher.ts(13106,55): error TS2307: Cannot find module '../../engines/CAMAnalyzeEngine.js' or its corresponding type declarations.
src/tools/dispatchers/camDispatcher.ts(13113,60): error TS2307: Cannot find module '../../engines/CAMDeepLearningEngine.js' or its corresponding type declarations.
src/tools/dispatchers/camDispatcher.ts(13119,60): error TS2307: Cannot find module '../../engines/CAMDeepLearningEngine.js' or its corresponding type declarations.
src/tools/dispatchers/camDispatcher.ts(13125,60): error TS2307: Cannot find module '../../engines/CAMDeepLearningEngine.js' or its corresponding type declarations.
src/tools/dispatchers/camDispatcher.ts(13131,60): error TS2307: Cannot find module '../../engines/CAMDeepLearningEngine.js' or its corresponding type declarations.
src/tools/dispatchers/camDispatcher.ts(13138,54): error TS2307: Cannot find module '../../engines/CAMExportEngine.js' or its corresponding type declarations.
src/tools/dispatchers/camDispatcher.ts(13144,54): error TS2307: Cannot find module '../../engines/CAMExportEngine.js' or its corresponding type declarations.
src/tools/dispatchers/camDispatcher.ts(13150,54): error TS2307: Cannot find module '../../engines/CAMExportEngine.js' or its corresponding type declarations.
src/tools/dispatchers/camDispatcher.ts(13158,67): error TS2554: Expected 0 arguments, but got 1.
src/tools/dispatchers/camDispatcher.ts(13208,58): error TS2554: Expected 2 arguments, but got 1.
src/tools/dispatchers/camDispatcher.ts(13220,62): error TS2345: Argument of type 'Record<string, any>' is not assignable to parameter of type 'DFMFeature[]'.
  Type 'Record<string, any>' is missing the following properties from type 'DFMFeature[]': length, pop, push, concat, and 29 more.
src/tools/dispatchers/camDispatcher.ts(13227,61): error TS2345: Argument of type 'Record<string, any>' is not assignable to parameter of type 'SdkOptimizeSfInput'.
  Type 'Record<string, any>' is missing the following properties from type 'SdkOptimizeSfInput': material, toolDiameter, fluteCount
src/tools/dispatchers/camDispatcher.ts(13233,59): error TS2345: Argument of type 'Record<string, any>' is not assignable to parameter of type 'SdkCheckSafetyInput'.
  Property 'gcode' is missing in type 'Record<string, any>' but required in type 'SdkCheckSafetyInput'.
src/tools/dispatchers/camDispatcher.ts(13239,63): error TS2345: Argument of type 'Record<string, any>' is not assignable to parameter of type 'SdkSuggestToolInput'.
  Property 'material' is missing in type 'Record<string, any>' but required in type 'SdkSuggestToolInput'.
src/tools/dispatchers/camDispatcher.ts(13245,69): error TS2554: Expected 1 arguments, but got 2.
src/tools/dispatchers/camDispatcher.ts(13257,67): error TS2307: Cannot find module '../../engines/CAMStrategyRecommenderEngine.js' or its corresponding type declarations.
src/tools/dispatchers/camDispatcher.ts(13264,59): error TS2307: Cannot find module '../../engines/CAMToolLibraryEngine.js' or its corresponding type declarations.
src/tools/dispatchers/camDispatcher.ts(13270,59): error TS2307: Cannot find module '../../engines/CAMToolLibraryEngine.js' or its corresponding type declarations.
src/tools/dispatchers/camDispatcher.ts(13276,59): error TS2307: Cannot find module '../../engines/CAMToolLibraryEngine.js' or its corresponding type declarations.
src/tools/dispatchers/camDispatcher.ts(13282,59): error TS2307: Cannot find module '../../engines/CAMToolLibraryEngine.js' or its corresponding type declarations.
src/tools/dispatchers/camDispatcher.ts(13288,59): error TS2307: Cannot find module '../../engines/CAMToolLibraryEngine.js' or its corresponding type declarations.
src/tools/dispatchers/camDispatcher.ts(13294,59): error TS2307: Cannot find module '../../engines/CAMToolLibraryEngine.js' or its corresponding type declarations.
src/tools/dispatchers/camDispatcher.ts(13301,55): error TS2307: Cannot find module '../../engines/CAMToolGetEngine.js' or its corresponding type declarations.
src/tools/dispatchers/camDispatcher.ts(13307,55): error TS2307: Cannot find module '../../engines/CAMToolGetEngine.js' or its corresponding type declarations.
src/tools/dispatchers/camDispatcher.ts(13313,55): error TS2307: Cannot find module '../../engines/CAMToolGetEngine.js' or its corresponding type declarations.
src/tools/dispatchers/camDispatcher.ts(13319,55): error TS2307: Cannot find module '../../engines/CAMToolGetEngine.js' or its corresponding type declarations.
src/tools/dispatchers/camDispatcher.ts(13325,55): error TS2307: Cannot find module '../../engines/CAMToolGetEngine.js' or its corresponding type declarations.
src/tools/dispatchers/camDispatcher.ts(13334,63): error TS2339: Property 'shouldTrigger' does not exist on type '{ should: boolean; reason: TriggerType | null; details: string; }'.
src/tools/dispatchers/camDispatcher.ts(13341,51): error TS2339: Property 'id' does not exist on type 'TrainingRun'.
src/tools/dispatchers/camDispatcher.ts(13348,61): error TS2339: Property 'driftDetected' does not exist on type '{ drifted: boolean; delta: number; triggerRetrain: boolean; }'.
src/tools/dispatchers/camDispatcher.ts(13348,96): error TS2339: Property 'driftAmount' does not exist on type '{ drifted: boolean; delta: number; triggerRetrain: boolean; }'.
src/tools/dispatchers/camDispatcher.ts(13348,126): error TS2339: Property 'threshold' does not exist on type '{ drifted: boolean; delta: number; triggerRetrain: boolean; }'.
src/tools/dispatchers/camDispatcher.ts(13355,63): error TS2339: Property 'shouldTrigger' does not exist on type '{ should: boolean; reason: TriggerType | null; details: string; }'.
src/tools/dispatchers/camDispatcher.ts(13362,51): error TS2339: Property 'id' does not exist on type 'TrainingRun'.
src/tools/dispatchers/camDispatcher.ts(13369,61): error TS2339: Property 'driftDetected' does not exist on type '{ drifted: boolean; delta: number; triggerRetrain: boolean; }'.
src/tools/dispatchers/camDispatcher.ts(13369,96): error TS2339: Property 'driftAmount' does not exist on type '{ drifted: boolean; delta: number; triggerRetrain: boolean; }'.
src/tools/dispatchers/camDispatcher.ts(13369,126): error TS2339: Property 'threshold' does not exist on type '{ drifted: boolean; delta: number; triggerRetrain: boolean; }'.
src/tools/dispatchers/complianceDispatcher.ts(34,10): error TS2769: No overload matches this call.
  Overload 1 of 6, '(name: string, description: string, paramsSchemaOrAnnotations: { title?: string | undefined; readOnlyHint?: boolean | undefined; destructiveHint?: boolean | undefined; idempotentHint?: boolean | undefined; openWorldHint?: boolean | undefined; } | { ...; }, cb: (args: ShapeOutput<...>, extra: RequestHandlerExtra<...>) => { ...; } | Promise<...>): RegisteredTool', gave the following error.
    Argument of type '(args: ShapeOutput<{ action: ZodEnum<{ list_templates: "list_templates"; config: "config"; gap_analysis: "gap_analysis"; resolve_conflicts: "resolve_conflicts"; audit_status: "audit_status"; osha_300_log: "osha_300_log"; ... 10 more ...; legal_dashboard: "legal_dashboard"; }>; params: ZodOptional<...>; }>) => Promis...' is not assignable to parameter of type '(args: ShapeOutput<{ action: ZodEnum<{ list_templates: "list_templates"; config: "config"; gap_analysis: "gap_analysis"; resolve_conflicts: "resolve_conflicts"; audit_status: "audit_status"; osha_300_log: "osha_300_log"; ... 10 more ...; legal_dashboard: "legal_dashboard"; }>; params: ZodOptional<...>; }>, extra: Re...'.
      Type 'Promise<DispatcherErrorResult | { content: { type: "text"; text: string; }[]; }>' is not assignable to type '{ [x: string]: unknown; content: ({ type: "text"; text: string; annotations?: { audience?: ("user" | "assistant")[] | undefined; priority?: number | undefined; lastModified?: string | undefined; } | undefined; _meta?: { ...; } | undefined; } | { ...; } | { ...; } | { ...; } | { ...; })[]; _meta?: { ...; } | undefine...'.
        Type 'Promise<DispatcherErrorResult | { content: { type: "text"; text: string; }[]; }>' is not assignable to type 'Promise<{ [x: string]: unknown; content: ({ type: "text"; text: string; annotations?: { audience?: ("user" | "assistant")[] | undefined; priority?: number | undefined; lastModified?: string | undefined; } | undefined; _meta?: { ...; } | undefined; } | { ...; } | { ...; } | { ...; } | { ...; })[]; _meta?: { ...; } | ...'.
          Type 'DispatcherErrorResult | { content: { type: "text"; text: string; }[]; }' is not assignable to type '{ [x: string]: unknown; content: ({ type: "text"; text: string; annotations?: { audience?: ("user" | "assistant")[] | undefined; priority?: number | undefined; lastModified?: string | undefined; } | undefined; _meta?: { ...; } | undefined; } | { ...; } | { ...; } | { ...; } | { ...; })[]; _meta?: { ...; } | undefine...'.
            Property 'content' is missing in type 'DispatcherErrorResult' but required in type '{ [x: string]: unknown; content: ({ type: "text"; text: string; annotations?: { audience?: ("user" | "assistant")[] | undefined; priority?: number | undefined; lastModified?: string | undefined; } | undefined; _meta?: { ...; } | undefined; } | { ...; } | { ...; } | { ...; } | { ...; })[]; _meta?: { ...; } | undefine...'.
  Overload 2 of 6, '(name: string, paramsSchema: { action: ZodEnum<{ list_templates: "list_templates"; config: "config"; gap_analysis: "gap_analysis"; resolve_conflicts: "resolve_conflicts"; audit_status: "audit_status"; ... 11 more ...; legal_dashboard: "legal_dashboard"; }>; params: ZodOptional<...>; }, annotations: { ...; }, cb: (args: ShapeOutput<...>, extra: RequestHandlerExtra<...>) => { ...; } | Promise<...>): RegisteredTool', gave the following error.
    Argument of type 'string' is not assignable to parameter of type '{ action: z.ZodEnum<{ list_templates: "list_templates"; config: "config"; gap_analysis: "gap_analysis"; resolve_conflicts: "resolve_conflicts"; audit_status: "audit_status"; osha_300_log: "osha_300_log"; ... 10 more ...; legal_dashboard: "legal_dashboard"; }>; params: z.ZodOptional<...>; }'.
src/tools/dispatchers/contextDispatcher.ts(994,60): error TS2307: Cannot find module '../../engines/ContextPriorityEngine.js' or its corresponding type declarations.
src/tools/dispatchers/contextDispatcher.ts(1000,60): error TS2307: Cannot find module '../../engines/ContextPriorityEngine.js' or its corresponding type declarations.
src/tools/dispatchers/contextDispatcher.ts(1010,60): error TS2307: Cannot find module '../../engines/ContextPriorityEngine.js' or its corresponding type declarations.
src/tools/dispatchers/contextDispatcher.ts(1016,60): error TS2307: Cannot find module '../../engines/ContextPriorityEngine.js' or its corresponding type declarations.
src/tools/dispatchers/contextDispatcher.ts(1022,60): error TS2307: Cannot find module '../../engines/ContextPriorityEngine.js' or its corresponding type declarations.
src/tools/dispatchers/dataDispatcher.ts(1985,55): error TS2307: Cannot find module '../../engines/CMMHistoryEngine.js' or its corresponding type declarations.
src/tools/dispatchers/dataDispatcher.ts(1990,55): error TS2307: Cannot find module '../../engines/CMMHistoryEngine.js' or its corresponding type declarations.
src/tools/dispatchers/dataDispatcher.ts(1996,55): error TS2307: Cannot find module '../../engines/CMMHistoryEngine.js' or its corresponding type declarations.
src/tools/dispatchers/dataDispatcher.ts(2001,55): error TS2307: Cannot find module '../../engines/CMMHistoryEngine.js' or its corresponding type declarations.
src/tools/dispatchers/dataDispatcher.ts(2006,55): error TS2307: Cannot find module '../../engines/CMMHistoryEngine.js' or its corresponding type declarations.
src/tools/dispatchers/dataDispatcher.ts(2011,54): error TS2307: Cannot find module '../../engines/CMMImportEngine.js' or its corresponding type declarations.
src/tools/dispatchers/dataDispatcher.ts(2017,54): error TS2307: Cannot find module '../../engines/CMMImportEngine.js' or its corresponding type declarations.
src/tools/dispatchers/dataDispatcher.ts(2022,54): error TS2307: Cannot find module '../../engines/CMMImportEngine.js' or its corresponding type declarations.
src/tools/dispatchers/dataDispatcher.ts(2027,54): error TS2307: Cannot find module '../../engines/CMMImportEngine.js' or its corresponding type declarations.
src/tools/dispatchers/dataDispatcher.ts(2032,54): error TS2307: Cannot find module '../../engines/CMMImportEngine.js' or its corresponding type declarations.
src/tools/dispatchers/dataDispatcher.ts(2042,64): error TS2307: Cannot find module '../../engines/ControllerKnowledgeEngine.js' or its corresponding type declarations.
src/tools/dispatchers/dataDispatcher.ts(2047,62): error TS2307: Cannot find module '../../engines/ControllerKnowledgeEngine.js' or its corresponding type declarations.
src/tools/dispatchers/dataDispatcher.ts(2052,64): error TS2307: Cannot find module '../../engines/ControllerKnowledgeEngine.js' or its corresponding type declarations.
src/tools/dispatchers/dataDispatcher.ts(2058,59): error TS2307: Cannot find module '../../engines/HookControllerEngine.js' or its corresponding type declarations.
src/tools/dispatchers/dataDispatcher.ts(2063,59): error TS2307: Cannot find module '../../engines/HookControllerEngine.js' or its corresponding type declarations.
src/tools/dispatchers/dataDispatcher.ts(2068,59): error TS2307: Cannot find module '../../engines/HookControllerEngine.js' or its corresponding type declarations.
src/tools/dispatchers/dataDispatcher.ts(2074,59): error TS2307: Cannot find module '../../engines/HookControllerEngine.js' or its corresponding type declarations.
src/tools/dispatchers/dataDispatcher.ts(2134,61): error TS2307: Cannot find module '../../engines/MaterialDatabaseEngine.js' or its corresponding type declarations.
src/tools/dispatchers/dataDispatcher.ts(2139,61): error TS2307: Cannot find module '../../engines/MaterialDatabaseEngine.js' or its corresponding type declarations.
src/tools/dispatchers/dataDispatcher.ts(2144,61): error TS2307: Cannot find module '../../engines/MaterialDatabaseEngine.js' or its corresponding type declarations.
src/tools/dispatchers/dataDispatcher.ts(2149,61): error TS2307: Cannot find module '../../engines/MaterialDatabaseEngine.js' or its corresponding type declarations.
src/tools/dispatchers/dataDispatcher.ts(2232,48): error TS2554: Expected 1 arguments, but got 2.
src/tools/dispatchers/devDispatcher.ts(89,135): error TS2551: Property 'errors' does not exist on type 'ValidationResult'. Did you mean 'error'?
src/tools/dispatchers/devDispatcher.ts(1999,39): error TS2783: 'nodeCount' is specified more than once, so this usage will be overwritten.
src/tools/dispatchers/devDispatcher.ts(3324,24): error TS2783: 'success' is specified more than once, so this usage will be overwritten.
src/tools/dispatchers/diagnosisDispatcher.ts(358,15): error TS2554: Expected 1 arguments, but got 2.
src/tools/dispatchers/documentLearningDispatcher.ts(340,74): error TS2551: Property 'errors' does not exist on type 'ValidationResult'. Did you mean 'error'?
src/tools/dispatchers/edmDispatcher.ts(996,26): error TS2339: Property 'assembleWireEDM' does not exist on type 'EDMProgramAssemblerEngine'.
src/tools/dispatchers/edmDispatcher.ts(1002,26): error TS2339: Property 'computeUncertainty' does not exist on type 'EDMProgramAssemblerEngine'.
src/tools/dispatchers/generatorDispatcher.ts(49,80): error TS2551: Property 'errors' does not exist on type 'ValidationResult'. Did you mean 'error'?
src/tools/dispatchers/guardDispatcher.ts(366,7): error TS2322: Type 'Date' is not assignable to type 'string'.
src/tools/dispatchers/guardDispatcher.ts(663,53): error TS2554: Expected 0 arguments, but got 1.
src/tools/dispatchers/guardDispatcher.ts(667,33): error TS2339: Property 'timestamp' does not exist on type 'HookExecution | { tool: string; ts: number; }'.
  Property 'timestamp' does not exist on type '{ tool: string; ts: number; }'.
src/tools/dispatchers/guardDispatcher.ts(667,59): error TS2339: Property 'timestamp' does not exist on type 'HookExecution | { tool: string; ts: number; }'.
  Property 'timestamp' does not exist on type '{ tool: string; ts: number; }'.
src/tools/dispatchers/guardDispatcher.ts(669,49): error TS2554: Expected 0 arguments, but got 1.
src/tools/dispatchers/guardDispatcher.ts(682,76): error TS2339: Property 'success' does not exist on type 'HookExecution | { tool: string; ts: number; }'.
  Property 'success' does not exist on type '{ tool: string; ts: number; }'.
src/tools/dispatchers/guardDispatcher.ts(683,74): error TS2339: Property 'success' does not exist on type 'HookExecution | { tool: string; ts: number; }'.
  Property 'success' does not exist on type '{ tool: string; ts: number; }'.
src/tools/dispatchers/guardDispatcher.ts(684,88): error TS2339: Property 'hook_id' does not exist on type 'HookExecution | { tool: string; ts: number; }'.
  Property 'hook_id' does not exist on type '{ tool: string; ts: number; }'.
src/tools/dispatchers/guardDispatcher.ts(685,88): error TS2339: Property 'tool_name' does not exist on type 'HookExecution | { tool: string; ts: number; }'.
  Property 'tool_name' does not exist on type '{ tool: string; ts: number; }'.
src/tools/dispatchers/guardDispatcher.ts(773,70): error TS2307: Cannot find module '../../engines/AGISafetyContainmentEngine.js' or its corresponding type declarations.
src/tools/dispatchers/guardDispatcher.ts(777,70): error TS2307: Cannot find module '../../engines/AGISafetyContainmentEngine.js' or its corresponding type declarations.
src/tools/dispatchers/guardDispatcher.ts(802,59): error TS2307: Cannot find module '../../engines/BayesianSafetyEngine.js' or its corresponding type declarations.
src/tools/dispatchers/guardDispatcher.ts(808,59): error TS2307: Cannot find module '../../engines/BayesianSafetyEngine.js' or its corresponding type declarations.
src/tools/dispatchers/guardDispatcher.ts(812,59): error TS2307: Cannot find module '../../engines/BayesianSafetyEngine.js' or its corresponding type declarations.
src/tools/dispatchers/guardDispatcher.ts(822,61): error TS2307: Cannot find module '../../engines/DuplicationGuardEngine.js' or its corresponding type declarations.
src/tools/dispatchers/guardDispatcher.ts(826,61): error TS2307: Cannot find module '../../engines/DuplicationGuardEngine.js' or its corresponding type declarations.
src/tools/dispatchers/guardDispatcher.ts(838,57): error TS2307: Cannot find module '../../engines/MachineAuditEngine.js' or its corresponding type declarations.
src/tools/dispatchers/guardDispatcher.ts(842,57): error TS2307: Cannot find module '../../engines/MachineAuditEngine.js' or its corresponding type declarations.
src/tools/dispatchers/guardDispatcher.ts(846,57): error TS2307: Cannot find module '../../engines/MachineAuditEngine.js' or its corresponding type declarations.
src/tools/dispatchers/guardDispatcher.ts(875,69): error TS2307: Cannot find module '../../engines/OperatorActionAuditTrailEngine.js' or its corresponding type declarations.
src/tools/dispatchers/guardDispatcher.ts(879,69): error TS2307: Cannot find module '../../engines/OperatorActionAuditTrailEngine.js' or its corresponding type declarations.
src/tools/dispatchers/guardDispatcher.ts(918,68): error TS2307: Cannot find module '../../engines/SemanticSimilarityGuardEngine.js' or its corresponding type declarations.
src/tools/dispatchers/industryDispatcher.ts(42,137): error TS2551: Property 'errors' does not exist on type 'ValidationResult'. Did you mean 'error'?
src/tools/dispatchers/infraDispatcher.ts(20,10): error TS2769: No overload matches this call.
  Overload 1 of 6, '(name: string, description: string, paramsSchemaOrAnnotations: { title?: string | undefined; readOnlyHint?: boolean | undefined; destructiveHint?: boolean | undefined; idempotentHint?: boolean | undefined; openWorldHint?: boolean | undefined; } | { ...; }, cb: (args: ShapeOutput<...>, extra: RequestHandlerExtra<...>) => { ...; } | Promise<...>): RegisteredTool', gave the following error.
    Argument of type '(args: import("H:/PRISM/mcp-server/node_modules/@modelcontextprotocol/sdk/dist/esm/server/zod-compat").ShapeOutput<{ action: import("H:/PRISM/mcp-server/node_modules/zod/v4/classic/schemas").ZodEnum<{ calibration_status: "calibration_status"; job_status: "job_status"; db_health: "db_health"; persistence_health: "per...' is not assignable to parameter of type '(args: import("H:/PRISM/mcp-server/node_modules/@modelcontextprotocol/sdk/dist/esm/server/zod-compat").ShapeOutput<{ action: import("H:/PRISM/mcp-server/node_modules/zod/v4/classic/schemas").ZodEnum<{ calibration_status: "calibration_status"; job_status: "job_status"; db_health: "db_health"; persistence_health: "per...'.
      Type 'Promise<DispatcherErrorResult | { content: { type: "text"; text: string; }[]; }>' is not assignable to type '{ [x: string]: unknown; content: ({ type: "text"; text: string; annotations?: { audience?: ("user" | "assistant")[] | undefined; priority?: number | undefined; lastModified?: string | undefined; } | undefined; _meta?: { ...; } | undefined; } | { ...; } | { ...; } | { ...; } | { ...; })[]; _meta?: { ...; } | undefine...'.
        Type 'Promise<DispatcherErrorResult | { content: { type: "text"; text: string; }[]; }>' is not assignable to type 'Promise<{ [x: string]: unknown; content: ({ type: "text"; text: string; annotations?: { audience?: ("user" | "assistant")[] | undefined; priority?: number | undefined; lastModified?: string | undefined; } | undefined; _meta?: { ...; } | undefined; } | { ...; } | { ...; } | { ...; } | { ...; })[]; _meta?: { ...; } | ...'.
          Type 'DispatcherErrorResult | { content: { type: "text"; text: string; }[]; }' is not assignable to type '{ [x: string]: unknown; content: ({ type: "text"; text: string; annotations?: { audience?: ("user" | "assistant")[] | undefined; priority?: number | undefined; lastModified?: string | undefined; } | undefined; _meta?: { ...; } | undefined; } | { ...; } | { ...; } | { ...; } | { ...; })[]; _meta?: { ...; } | undefine...'.
            Property 'content' is missing in type 'DispatcherErrorResult' but required in type '{ [x: string]: unknown; content: ({ type: "text"; text: string; annotations?: { audience?: ("user" | "assistant")[] | undefined; priority?: number | undefined; lastModified?: string | undefined; } | undefined; _meta?: { ...; } | undefined; } | { ...; } | { ...; } | { ...; } | { ...; })[]; _meta?: { ...; } | undefine...'.
  Overload 2 of 6, '(name: string, paramsSchema: { action: ZodEnum<{ calibration_status: "calibration_status"; job_status: "job_status"; db_health: "db_health"; persistence_health: "persistence_health"; migration_status: "migration_status"; ... 19 more ...; calibration_overrides_preview: "calibration_overrides_preview"; }>; params: ZodOptional<...>; }, annotations: { ...; }, cb: (args: ShapeOutput<...>, extra: RequestHandlerExtra<...>) => { ...; } | Promise<...>): RegisteredTool', gave the following error.
    Argument of type 'string' is not assignable to parameter of type '{ action: z.ZodEnum<{ calibration_status: "calibration_status"; job_status: "job_status"; db_health: "db_health"; persistence_health: "persistence_health"; migration_status: "migration_status"; ... 19 more ...; calibration_overrides_preview: "calibration_overrides_preview"; }>; params: z.ZodOptional<...>; }'.
src/tools/dispatchers/infraDispatcher.ts(247,15): error TS2353: Object literal may only specify known properties, and 'correlation_id' does not exist in type 'EventBusEvent'.
src/tools/dispatchers/integrationDispatcher.ts(392,15): error TS2554: Expected 1 arguments, but got 2.
src/tools/dispatchers/knowledgeExtDispatcher.ts(262,15): error TS2554: Expected 1 arguments, but got 2.
src/tools/dispatchers/l2EngineDispatcher.ts(367,86): error TS2554: Expected 1 arguments, but got 2.
src/tools/dispatchers/mlDispatcher.ts(191,24): error TS18048: 'validation.error' is possibly 'undefined'.
src/tools/dispatchers/mlDispatcher.ts(203,46): error TS2345: Argument of type '{ root_path: string; max_files: number; file_types: (".nc" | ".MIN" | ".NC" | ".log")[]; exclude_patterns: string[]; parse_logs: boolean; }' is not assignable to parameter of type '{ root_path: string; max_files: number; file_types: (".nc" | ".MIN" | ".NC" | ".log")[]; include_patterns: string[]; exclude_patterns: string[]; parse_logs: boolean; }'.
  Property 'include_patterns' is missing in type '{ root_path: string; max_files: number; file_types: (".nc" | ".MIN" | ".NC" | ".log")[]; exclude_patterns: string[]; parse_logs: boolean; }' but required in type '{ root_path: string; max_files: number; file_types: (".nc" | ".MIN" | ".NC" | ".log")[]; include_patterns: string[]; exclude_patterns: string[]; parse_logs: boolean; }'.
src/tools/dispatchers/mlDispatcher.ts(520,86): error TS2694: Namespace '"H:/prism-tsc-cleanup/mcp-server/src/schemas/outcomeEventSchema"' has no exported member 'OutcomeDomain'.
src/tools/dispatchers/mlDispatcher.ts(535,86): error TS2694: Namespace '"H:/prism-tsc-cleanup/mcp-server/src/schemas/outcomeEventSchema"' has no exported member 'OutcomeDomain'.
src/tools/dispatchers/mlDispatcher.ts(682,46): error TS2345: Argument of type '{ reward_model_id: string; demonstrations: Array<{ demo_id: string; state: number[]; action: number[]; source: "operator_override" | "program_archive" | "expert_annotation" | "successful_job"; confidence: number; }>; epochs: number; }' is not assignable to parameter of type '{ reward_model_id: string; demonstrations: { demo_id: string; state: number[]; action: number[]; source: "operator_override" | "program_archive" | "expert_annotation" | "successful_job"; confidence: number; metadata?: Record<...> | undefined; }[]; policy_samples: { ...; }[]; epochs: number; }'.
  Property 'policy_samples' is missing in type '{ reward_model_id: string; demonstrations: Array<{ demo_id: string; state: number[]; action: number[]; source: "operator_override" | "program_archive" | "expert_annotation" | "successful_job"; confidence: number; }>; epochs: number; }' but required in type '{ reward_model_id: string; demonstrations: { demo_id: string; state: number[]; action: number[]; source: "operator_override" | "program_archive" | "expert_annotation" | "successful_job"; confidence: number; metadata?: Record<...> | undefined; }[]; policy_samples: { ...; }[]; epochs: number; }'.
src/tools/dispatchers/mlDispatcher.ts(750,46): error TS2345: Argument of type '{ policy_id: string; domain: "mill" | "lathe" | "wedm" | "sinker" | "grinder" | "welder" | "general"; epochs: number; batch_size: number; demonstration_source: "both" | "program_archive" | "operator_overrides"; }' is not assignable to parameter of type '{ policy_id: string; domain: "mill" | "lathe" | "grinder" | "general" | "wedm" | "sinker" | "welder"; demonstration_source: "both" | "program_archive" | "operator_overrides"; epochs: number; ... 5 more ...; experience_query?: { ...; } | undefined; }'.
  Property 'eval_interval' is missing in type '{ policy_id: string; domain: "mill" | "lathe" | "wedm" | "sinker" | "grinder" | "welder" | "general"; epochs: number; batch_size: number; demonstration_source: "both" | "program_archive" | "operator_overrides"; }' but required in type '{ policy_id: string; domain: "mill" | "lathe" | "grinder" | "general" | "wedm" | "sinker" | "welder"; demonstration_source: "both" | "program_archive" | "operator_overrides"; epochs: number; ... 5 more ...; experience_query?: { ...; } | undefined; }'.
src/tools/dispatchers/mlDispatcher.ts(1253,15): error TS2322: Type 'number | undefined' is not assignable to type 'number'.
  Type 'undefined' is not assignable to type 'number'.
src/tools/dispatchers/nlHookDispatcher.ts(54,80): error TS2551: Property 'errors' does not exist on type 'ValidationResult'. Did you mean 'error'?
src/tools/dispatchers/pfpDispatcher.ts(33,10): error TS2769: No overload matches this call.
  Overload 1 of 6, '(name: string, description: string, paramsSchemaOrAnnotations: { title?: string | undefined; readOnlyHint?: boolean | undefined; destructiveHint?: boolean | undefined; idempotentHint?: boolean | undefined; openWorldHint?: boolean | undefined; } | { ...; }, cb: (args: ShapeOutput<...>, extra: RequestHandlerExtra<...>) => { ...; } | Promise<...>): RegisteredTool', gave the following error.
    Argument of type '(args: ShapeOutput<{ action: ZodEnum<{ get_dashboard: "get_dashboard"; assess_risk: "assess_risk"; get_patterns: "get_patterns"; get_history: "get_history"; force_extract: "force_extract"; update_config: "update_config"; }>; params: ZodOptional<...>; }>) => Promise<...>' is not assignable to parameter of type '(args: ShapeOutput<{ action: ZodEnum<{ get_dashboard: "get_dashboard"; assess_risk: "assess_risk"; get_patterns: "get_patterns"; get_history: "get_history"; force_extract: "force_extract"; update_config: "update_config"; }>; params: ZodOptional<...>; }>, extra: RequestHandlerExtra<...>) => { ...; } | Promise<...>'.
      Type 'Promise<DispatcherErrorResult | { content: { type: "text"; text: string; }[]; }>' is not assignable to type '{ [x: string]: unknown; content: ({ type: "text"; text: string; annotations?: { audience?: ("user" | "assistant")[] | undefined; priority?: number | undefined; lastModified?: string | undefined; } | undefined; _meta?: { ...; } | undefined; } | { ...; } | { ...; } | { ...; } | { ...; })[]; _meta?: { ...; } | undefine...'.
        Type 'Promise<DispatcherErrorResult | { content: { type: "text"; text: string; }[]; }>' is not assignable to type 'Promise<{ [x: string]: unknown; content: ({ type: "text"; text: string; annotations?: { audience?: ("user" | "assistant")[] | undefined; priority?: number | undefined; lastModified?: string | undefined; } | undefined; _meta?: { ...; } | undefined; } | { ...; } | { ...; } | { ...; } | { ...; })[]; _meta?: { ...; } | ...'.
          Type 'DispatcherErrorResult | { content: { type: "text"; text: string; }[]; }' is not assignable to type '{ [x: string]: unknown; content: ({ type: "text"; text: string; annotations?: { audience?: ("user" | "assistant")[] | undefined; priority?: number | undefined; lastModified?: string | undefined; } | undefined; _meta?: { ...; } | undefined; } | { ...; } | { ...; } | { ...; } | { ...; })[]; _meta?: { ...; } | undefine...'.
            Property 'content' is missing in type 'DispatcherErrorResult' but required in type '{ [x: string]: unknown; content: ({ type: "text"; text: string; annotations?: { audience?: ("user" | "assistant")[] | undefined; priority?: number | undefined; lastModified?: string | undefined; } | undefined; _meta?: { ...; } | undefined; } | { ...; } | { ...; } | { ...; } | { ...; })[]; _meta?: { ...; } | undefine...'.
  Overload 2 of 6, '(name: string, paramsSchema: { action: ZodEnum<{ get_dashboard: "get_dashboard"; assess_risk: "assess_risk"; get_patterns: "get_patterns"; get_history: "get_history"; force_extract: "force_extract"; update_config: "update_config"; }>; params: ZodOptional<...>; }, annotations: { ...; }, cb: (args: ShapeOutput<...>, extra: RequestHandlerExtra<...>) => { ...; } | Promise<...>): RegisteredTool', gave the following error.
    Argument of type 'string' is not assignable to parameter of type '{ action: z.ZodEnum<{ get_dashboard: "get_dashboard"; assess_risk: "assess_risk"; get_patterns: "get_patterns"; get_history: "get_history"; force_extract: "force_extract"; update_config: "update_config"; }>; params: z.ZodOptional<...>; }'.
src/tools/dispatchers/productDispatcher.ts(845,15): error TS2554: Expected 1 arguments, but got 2.
src/tools/dispatchers/ralphDispatcher.ts(93,128): error TS2551: Property 'errors' does not exist on type 'ValidationResult'. Did you mean 'error'?
src/tools/dispatchers/realtimeDispatcher.ts(40,76): error TS2551: Property 'errors' does not exist on type 'ValidationResult'. Did you mean 'error'?
src/tools/dispatchers/securityDispatcher.ts(1568,10): error TS2769: No overload matches this call.
  Overload 1 of 6, '(name: string, description: string, paramsSchemaOrAnnotations: { title?: string | undefined; readOnlyHint?: boolean | undefined; destructiveHint?: boolean | undefined; idempotentHint?: boolean | undefined; openWorldHint?: boolean | undefined; } | { ...; }, cb: (args: ShapeOutput<...>, extra: RequestHandlerExtra<...>) => { ...; } | Promise<...>): RegisteredTool', gave the following error.
    Argument of type '(args: any) => Promise<DispatcherErrorResult | { success: true; data: any; }>' is not assignable to parameter of type '(args: ShapeOutput<{ action: ZodEnum<{ revoke_key: "revoke_key"; rotate_key: "rotate_key"; validate_input: "validate_input"; validate_jwt: "validate_jwt"; validate_query: "validate_query"; validate_path: "validate_path"; ... 220 more ...; legal_check_all: "legal_check_all"; }>; params: ZodOptional<...>; }>, extra: R...'.
      Type 'Promise<DispatcherErrorResult | { success: true; data: any; }>' is not assignable to type '{ [x: string]: unknown; content: ({ type: "text"; text: string; annotations?: { audience?: ("user" | "assistant")[] | undefined; priority?: number | undefined; lastModified?: string | undefined; } | undefined; _meta?: { ...; } | undefined; } | { ...; } | { ...; } | { ...; } | { ...; })[]; _meta?: { ...; } | undefine...'.
        Type 'Promise<DispatcherErrorResult | { success: true; data: any; }>' is not assignable to type 'Promise<{ [x: string]: unknown; content: ({ type: "text"; text: string; annotations?: { audience?: ("user" | "assistant")[] | undefined; priority?: number | undefined; lastModified?: string | undefined; } | undefined; _meta?: { ...; } | undefined; } | { ...; } | { ...; } | { ...; } | { ...; })[]; _meta?: { ...; } | ...'.
          Type 'DispatcherErrorResult | { success: true; data: any; }' is not assignable to type '{ [x: string]: unknown; content: ({ type: "text"; text: string; annotations?: { audience?: ("user" | "assistant")[] | undefined; priority?: number | undefined; lastModified?: string | undefined; } | undefined; _meta?: { ...; } | undefined; } | { ...; } | { ...; } | { ...; } | { ...; })[]; _meta?: { ...; } | undefine...'.
            Property 'content' is missing in type 'DispatcherErrorResult' but required in type '{ [x: string]: unknown; content: ({ type: "text"; text: string; annotations?: { audience?: ("user" | "assistant")[] | undefined; priority?: number | undefined; lastModified?: string | undefined; } | undefined; _meta?: { ...; } | undefined; } | { ...; } | { ...; } | { ...; } | { ...; })[]; _meta?: { ...; } | undefine...'.
  Overload 2 of 6, '(name: string, paramsSchema: ZodRawShapeCompat, annotations: { title?: string | undefined; readOnlyHint?: boolean | undefined; destructiveHint?: boolean | undefined; idempotentHint?: boolean | undefined; openWorldHint?: boolean | undefined; }, cb: (args: ShapeOutput<...>, extra: RequestHandlerExtra<...>) => { ...; } | Promise<...>): RegisteredTool', gave the following error.
    Argument of type 'string' is not assignable to parameter of type 'ZodRawShapeCompat'.
src/tools/dispatchers/shopPracticeDispatcher.ts(757,11): error TS18047: 'tip' is possibly 'null'.
src/tools/dispatchers/shopPracticeDispatcher.ts(758,14): error TS18047: 'tip' is possibly 'null'.
src/tools/dispatchers/shopPracticeDispatcher.ts(759,17): error TS18047: 'tip' is possibly 'null'.
src/tools/dispatchers/shopPracticeDispatcher.ts(760,19): error TS18047: 'tip' is possibly 'null'.
src/tools/dispatchers/shopPracticeDispatcher.ts(762,22): error TS18047: 'tip' is possibly 'null'.
src/tools/dispatchers/shopPracticeDispatcher.ts(762,53): error TS18047: 'tip' is possibly 'null'.
src/tools/dispatchers/shopPracticeDispatcher.ts(937,90): error TS2551: Property 'errors' does not exist on type 'ValidationResult'. Did you mean 'error'?
src/tools/dispatchers/shopPracticeDispatcher.ts(937,111): error TS2551: Property 'errors' does not exist on type 'ValidationResult'. Did you mean 'error'?
src/tools/dispatchers/telemetryDispatcher.ts(34,10): error TS2769: No overload matches this call.
  Overload 1 of 6, '(name: string, description: string, paramsSchemaOrAnnotations: { title?: string | undefined; readOnlyHint?: boolean | undefined; destructiveHint?: boolean | undefined; idempotentHint?: boolean | undefined; openWorldHint?: boolean | undefined; } | { ...; }, cb: (args: ShapeOutput<...>, extra: RequestHandlerExtra<...>) => { ...; } | Promise<...>): RegisteredTool', gave the following error.
    Argument of type '(args: ShapeOutput<{ action: ZodEnum<{ get_anomalies: "get_anomalies"; get_dashboard: "get_dashboard"; acknowledge: "acknowledge"; get_detail: "get_detail"; get_optimization: "get_optimization"; freeze_weights: "freeze_weights"; unfreeze_weights: "unfreeze_weights"; }>; params: ZodOptional<...>; }>) => Promise<...>' is not assignable to parameter of type '(args: ShapeOutput<{ action: ZodEnum<{ get_anomalies: "get_anomalies"; get_dashboard: "get_dashboard"; acknowledge: "acknowledge"; get_detail: "get_detail"; get_optimization: "get_optimization"; freeze_weights: "freeze_weights"; unfreeze_weights: "unfreeze_weights"; }>; params: ZodOptional<...>; }>, extra: RequestHa...'.
      Type 'Promise<DispatcherErrorResult | { content: { type: "text"; text: string; }[]; }>' is not assignable to type '{ [x: string]: unknown; content: ({ type: "text"; text: string; annotations?: { audience?: ("user" | "assistant")[] | undefined; priority?: number | undefined; lastModified?: string | undefined; } | undefined; _meta?: { ...; } | undefined; } | { ...; } | { ...; } | { ...; } | { ...; })[]; _meta?: { ...; } | undefine...'.
        Type 'Promise<DispatcherErrorResult | { content: { type: "text"; text: string; }[]; }>' is not assignable to type 'Promise<{ [x: string]: unknown; content: ({ type: "text"; text: string; annotations?: { audience?: ("user" | "assistant")[] | undefined; priority?: number | undefined; lastModified?: string | undefined; } | undefined; _meta?: { ...; } | undefined; } | { ...; } | { ...; } | { ...; } | { ...; })[]; _meta?: { ...; } | ...'.
          Type 'DispatcherErrorResult | { content: { type: "text"; text: string; }[]; }' is not assignable to type '{ [x: string]: unknown; content: ({ type: "text"; text: string; annotations?: { audience?: ("user" | "assistant")[] | undefined; priority?: number | undefined; lastModified?: string | undefined; } | undefined; _meta?: { ...; } | undefined; } | { ...; } | { ...; } | { ...; } | { ...; })[]; _meta?: { ...; } | undefine...'.
            Property 'content' is missing in type 'DispatcherErrorResult' but required in type '{ [x: string]: unknown; content: ({ type: "text"; text: string; annotations?: { audience?: ("user" | "assistant")[] | undefined; priority?: number | undefined; lastModified?: string | undefined; } | undefined; _meta?: { ...; } | undefined; } | { ...; } | { ...; } | { ...; } | { ...; })[]; _meta?: { ...; } | undefine...'.
  Overload 2 of 6, '(name: string, paramsSchema: { action: ZodEnum<{ get_anomalies: "get_anomalies"; get_dashboard: "get_dashboard"; acknowledge: "acknowledge"; get_detail: "get_detail"; get_optimization: "get_optimization"; freeze_weights: "freeze_weights"; unfreeze_weights: "unfreeze_weights"; }>; params: ZodOptional<...>; }, annotations: { ...; }, cb: (args: ShapeOutput<...>, extra: RequestHandlerExtra<...>) => { ...; } | Promise<...>): RegisteredTool', gave the following error.
    Argument of type 'string' is not assignable to parameter of type '{ action: z.ZodEnum<{ get_anomalies: "get_anomalies"; get_dashboard: "get_dashboard"; acknowledge: "acknowledge"; get_detail: "get_detail"; get_optimization: "get_optimization"; freeze_weights: "freeze_weights"; unfreeze_weights: "unfreeze_weights"; }>; params: z.ZodOptional<...>; }'.
src/tools/dispatchers/tenantDispatcher.ts(24,10): error TS2769: No overload matches this call.
  Overload 1 of 6, '(name: string, description: string, paramsSchemaOrAnnotations: { title?: string | undefined; readOnlyHint?: boolean | undefined; destructiveHint?: boolean | undefined; idempotentHint?: boolean | undefined; openWorldHint?: boolean | undefined; } | { ...; }, cb: (args: ShapeOutput<...>, extra: RequestHandlerExtra<...>) => { ...; } | Promise<...>): RegisteredTool', gave the following error.
    Argument of type '(args: import("H:/PRISM/mcp-server/node_modules/@modelcontextprotocol/sdk/dist/esm/server/zod-compat").ShapeOutput<{ action: import("H:/PRISM/mcp-server/node_modules/zod/v4/classic/schemas").ZodEnum<{ list: "list"; stats: "stats"; config: "config"; get: "get"; delete: "delete"; create: "create"; slb_stats: "slb_stat...' is not assignable to parameter of type '(args: import("H:/PRISM/mcp-server/node_modules/@modelcontextprotocol/sdk/dist/esm/server/zod-compat").ShapeOutput<{ action: import("H:/PRISM/mcp-server/node_modules/zod/v4/classic/schemas").ZodEnum<{ list: "list"; stats: "stats"; config: "config"; get: "get"; delete: "delete"; create: "create"; slb_stats: "slb_stat...'.
      Type 'Promise<DispatcherErrorResult | { content: { type: "text"; text: string; }[]; }>' is not assignable to type '{ [x: string]: unknown; content: ({ type: "text"; text: string; annotations?: { audience?: ("user" | "assistant")[] | undefined; priority?: number | undefined; lastModified?: string | undefined; } | undefined; _meta?: { ...; } | undefined; } | { ...; } | { ...; } | { ...; } | { ...; })[]; _meta?: { ...; } | undefine...'.
        Type 'Promise<DispatcherErrorResult | { content: { type: "text"; text: string; }[]; }>' is not assignable to type 'Promise<{ [x: string]: unknown; content: ({ type: "text"; text: string; annotations?: { audience?: ("user" | "assistant")[] | undefined; priority?: number | undefined; lastModified?: string | undefined; } | undefined; _meta?: { ...; } | undefined; } | { ...; } | { ...; } | { ...; } | { ...; })[]; _meta?: { ...; } | ...'.
          Type 'DispatcherErrorResult | { content: { type: "text"; text: string; }[]; }' is not assignable to type '{ [x: string]: unknown; content: ({ type: "text"; text: string; annotations?: { audience?: ("user" | "assistant")[] | undefined; priority?: number | undefined; lastModified?: string | undefined; } | undefined; _meta?: { ...; } | undefined; } | { ...; } | { ...; } | { ...; } | { ...; })[]; _meta?: { ...; } | undefine...'.
            Property 'content' is missing in type 'DispatcherErrorResult' but required in type '{ [x: string]: unknown; content: ({ type: "text"; text: string; annotations?: { audience?: ("user" | "assistant")[] | undefined; priority?: number | undefined; lastModified?: string | undefined; } | undefined; _meta?: { ...; } | undefined; } | { ...; } | { ...; } | { ...; } | { ...; })[]; _meta?: { ...; } | undefine...'.
  Overload 2 of 6, '(name: string, paramsSchema: { action: ZodEnum<{ list: "list"; stats: "stats"; config: "config"; get: "get"; delete: "delete"; create: "create"; slb_stats: "slb_stats"; suspend: "suspend"; reactivate: "reactivate"; ... 5 more ...; quarantine_pattern: "quarantine_pattern"; }>; params: ZodOptional<...>; }, annotations: { ...; }, cb: (args: ShapeOutput<...>, extra: RequestHandlerExtra<...>) => { ...; } | Promise<...>): RegisteredTool', gave the following error.
    Argument of type 'string' is not assignable to parameter of type '{ action: z.ZodEnum<{ list: "list"; stats: "stats"; config: "config"; get: "get"; delete: "delete"; create: "create"; slb_stats: "slb_stats"; suspend: "suspend"; reactivate: "reactivate"; get_context: "get_context"; ... 4 more ...; quarantine_pattern: "quarantine_pattern"; }>; params: z.ZodOptional<...>; }'.
