{
  "category": "N_NONFERROUS",
  "subcategory": "austenitic",
  "material_count": 1,
  "generated": "2026-01-26T10:23:20.704160",
  "materials": [
    {
      "iso_group": "N",
      "material_type": "stainless",
      "iso_p_equivalent": "M",
      "physical": {
        "density": 7836.8498180394,
        "melting_point": 1723.3052524949,
        "boiling_point": 2968.5458560538,
        "liquidus_temperature": 1757.7713657344,
        "solidus_temperature": 1637.1399990598,
        "latent_heat_fusion": 451.1355413251,
        "specific_heat": 463.4432346328,
        "thermal_conductivity": 408.7301709198,
        "thermal_expansion": 22.6617958514,
        "electrical_resistivity": 2.161418341,
        "magnetic_permeability": 32.3797465693,
        "poisson_ratio": 0.3570857867,
        "elastic_modulus": 225.0427522323,
        "shear_modulus": 64.908443098,
        "bulk_modulus": 60.9890301786
      },
      "mechanical": {
        "hardness": {
          "brinell": 408.7912119808,
          "vickers": 429.2307927694,
          "rockwell_c": 30.8791423877,
          "rockwell_b": null
        },
        "tensile_strength": {
          "typical": 368.7912129808,
          "min": 331.9121148723,
          "max": 405.6703584685
        },
        "yield_strength": {
          "typical": 250.809550633,
          "min": 225.7286207593,
          "max": 275.8905318859
        },
        "elongation": 11.8547070443,
        "reduction_of_area": 15.4111463472,
        "impact_strength": 27.8754860651,
        "fatigue_strength": 147.5165143819,
        "fracture_toughness": 48.3516785412,
        "compressive_strength": 405.6703654685,
        "true_fracture_stress": 590.0659729589,
        "true_fracture_strain": 0.1541443812,
        "strain_rate_sensitivity": 0.0441245437
      },
      "kienzle": {
        "kc1_1": 2035.3759718531,
        "mc": 0.2506466902,
        "kc1_1_milling": 2043.2822654255,
        "mc_milling": 0.1569173105,
        "kc1_1_drilling": 2608.4723052452,
        "mc_drilling": 0.2078008734
      },
      "johnson_cook": {
        "A": 250.8095918226,
        "B": 294.9541980591,
        "n": 0.3226317122,
        "C": 0.0429001115,
        "m": 0.5846361542,
        "T_melt": 1723.3052986845,
        "T_ref": 302.9683011579,
        "epsilon_dot_ref": 0.0019611322
      },
      "taylor": {
        "C": 94.467790388,
        "n": 0.1657400553,
        "C_carbide": 247.1129524873,
        "n_carbide": 0.3025821041,
        "C_ceramic": 237.6129545614,
        "n_ceramic": 0.2310432006,
        "C_cbn": null,
        "n_cbn": null
      },
      "chip_formation": {
        "chip_type": "segmented",
        "chip_breaking": "moderate",
        "shear_angle": 27.1128814162,
        "chip_compression_ratio": 2.1176406136,
        "built_up_edge_tendency": "high",
        "segmentation_frequency": 39090.3541495437,
        "min_chip_thickness": 0.0099026804,
        "edge_radius_sensitivity": 0.9037241933
      },
      "tribology": {
        "friction_coefficient": 0.4662160358,
        "friction_coefficient_dry": 0.3875723471,
        "friction_coefficient_flood": 0.2786966682,
        "friction_coefficient_mql": 0.2651933947,
        "wear_coefficient": 3.133140587,
        "adhesion_tendency": "high",
        "abrasiveness": "moderate",
        "galling_tendency": "high",
        "crater_wear_coefficient": 6.7189600518559e-05,
        "flank_wear_coefficient": 6.8189601528694e-05
      },
      "thermal_machining": {
        "thermal_diffusivity": 150.5238787134,
        "heat_partition_coefficient": 0.5533058428,
        "critical_temperature": 689.3221721876,
        "recrystallization_temperature": 603.1569105628,
        "phase_transformation_temperature": 861.6526994371,
        "maximum_cutting_temperature": 1120.1484883113,
        "emissivity": 0.3006734802,
        "heat_transfer_coefficient": 4568.9866451762
      },
      "surface_integrity": {
        "residual_stress_tendency": "neutral",
        "work_hardening_depth": 0.14862426,
        "white_layer_risk": "low",
        "surface_roughness_achievable": 0.3447018436,
        "burr_formation_tendency": "moderate",
        "microstructure_sensitivity": "moderate",
        "minimum_uncut_chip_thickness": 0.0077171627,
        "ploughing_force_coefficient": 0.2251229246
      },
      "machinability": {
        "aisi_rating": 26.399274532,
        "relative_to_1212": 0.3303241225,
        "machinability_index": 0.5504864111,
        "power_constant": 2.2484358555,
        "unit_power": 0.0375577174
      },
      "cutting_recommendations": {
        "turning": {
          "speed_roughing": 60.9890971786,
          "speed_finishing": 115.7510029405,
          "feed_roughing": 0.213494783,
          "feed_finishing": 0.1523602519,
          "doc_roughing": 2.7107129002,
          "doc_finishing": 0.602533192
        },
        "milling": {
          "speed_roughing": 276.1539383434,
          "speed_finishing": 146.886540076,
          "feed_per_tooth_roughing": 0.1530001725,
          "feed_per_tooth_finishing": 0.037462711,
          "doc_roughing": 1.8356273251,
          "doc_finishing": 0.5186564082,
          "woc_roughing": 0.5115756011,
          "woc_finishing": 0.3491468086
        },
        "drilling": {
          "speed": 171.2943614839,
          "feed_per_rev": 0.1146433141,
          "peck_depth_ratio": 0.2503097598
        },
        "tool_material": {
          "recommended_grade": "Coated carbide",
          "coating_recommendation": "TiAlN",
          "geometry_recommendation": "Neutral"
        },
        "coolant": {
          "type": "Flood emulsion",
          "pressure": 72.8108480003,
          "flow_rate": 26.8804460699
        }
      },
      "process_specific": {
        "grinding_ratio": 13.1759294292,
        "edm_machinability": 50.9573711469,
        "laser_absorptivity": 0.2220852116,
        "weldability_rating": "good"
      },
      "_gen_v5": {
        "complete": true,
        "params": 127,
        "uid": 1896
      },
      "name": "AA 5083-H321"
    }
  ],
  "enhanced_date": "2026-01-26T10:45:58.590383",
  "physics_complete": true,
  "physics_mode": "accurate",
  "_enhanced": {
    "timestamp": "2026-01-27T13:51:21.440644",
    "version": "1.0"
  },
  "_final_fill_complete": "2026-01-27T14:16:12.330444"
}