{
  "category": "N_NONFERROUS",
  "subcategory": "free_machining",
  "material_count": 3,
  "generated": "2026-01-26T10:23:20.742790",
  "materials": [
    {
      "iso_group": "N",
      "material_type": "aluminum",
      "iso_p_equivalent": "N",
      "physical": {
        "density": 2703.235654435,
        "melting_point": 881.1904783898,
        "boiling_point": 1328.0261457543,
        "liquidus_temperature": 898.8142961569,
        "solidus_temperature": 837.1309636696,
        "latent_heat_fusion": 331.1355413348,
        "specific_heat": 958.2417694411,
        "thermal_conductivity": 259.0842612835,
        "thermal_expansion": 23.2722964716,
        "electrical_resistivity": 6.5619067512,
        "magnetic_permeability": 1.0000151993,
        "poisson_ratio": 0.3464630857,
        "elastic_modulus": 398.1318853312,
        "shear_modulus": 100.8425090418,
        "bulk_modulus": 53.589762789
      },
      "mechanical": {
        "hardness": {
          "brinell": 167.6434708428,
          "vickers": 176.0256645842,
          "rockwell_c": null,
          "rockwell_b": 67.0574105364
        },
        "tensile_strength": {
          "typical": 471.2087954081,
          "min": 424.0879390666,
          "max": 518.3296991482
        },
        "yield_strength": {
          "typical": 388.1632846987,
          "min": 349.3469814281,
          "max": 426.9796393679
        },
        "elongation": 2.6483578477,
        "reduction_of_area": 3.4428924013,
        "impact_strength": 36.031774231,
        "fatigue_strength": 188.4835473625,
        "fracture_toughness": 101.0256712249,
        "compressive_strength": 518.3297061482,
        "true_fracture_stress": 753.9341048523,
        "true_fracture_strain": 0.0344618513,
        "strain_rate_sensitivity": 0.0308522701
      },
      "kienzle": {
        "kc1_1": 288.2485524653,
        "mc": 0.2171912665,
        "kc1_1_milling": 223.8521736018,
        "mc_milling": 0.1671590784,
        "kc1_1_drilling": 485.3350515401,
        "mc_drilling": 0.1672929466
      },
      "johnson_cook": {
        "A": 388.163325898,
        "B": 207.6138189728,
        "n": 0.1071250064,
        "C": 0.0229001212,
        "m": 1.2443675436,
        "T_melt": 881.1905245891,
        "T_ref": 299.2271534264,
        "epsilon_dot_ref": 0.002009982
      },
      "taylor": {
        "C": 3100.8375719598,
        "n": 0.3432736425,
        "C_carbide": 4736.3073169653,
        "n_carbide": 0.423744507,
        "C_ceramic": 6114.4937456864,
        "n_ceramic": 0.2236439429,
        "C_cbn": null,
        "n_cbn": null
      },
      "chip_formation": {
        "chip_type": "discontinuous",
        "chip_breaking": "moderate",
        "shear_angle": 21.5890719079,
        "chip_compression_ratio": 1.635345141,
        "built_up_edge_tendency": "high",
        "segmentation_frequency": 25818.0708772701,
        "min_chip_thickness": 0.0083837646,
        "edge_radius_sensitivity": 0.7029916022
      },
      "tribology": {
        "friction_coefficient": 0.2974126267,
        "friction_coefficient_dry": 0.4103318196,
        "friction_coefficient_flood": 0.3813218306,
        "friction_coefficient_mql": 0.2099553092,
        "wear_coefficient": 0.1396401566,
        "adhesion_tendency": "high",
        "abrasiveness": "low",
        "galling_tendency": "low",
        "crater_wear_coefficient": 6.7199300318559e-05,
        "flank_wear_coefficient": 6.8199305652015e-05
      },
      "thermal_machining": {
        "thermal_diffusivity": 94.4066626059,
        "heat_partition_coefficient": 0.5655158647,
        "critical_temperature": 352.4762625552,
        "recrystallization_temperature": 308.4167396357,
        "phase_transformation_temperature": null,
        "maximum_cutting_temperature": 572.7738851527,
        "emissivity": 0.6087076779,
        "heat_transfer_coefficient": 22322.3443985436
      },
      "surface_integrity": {
        "residual_stress_tendency": "compressive",
        "work_hardening_depth": 0.0565607778,
        "white_layer_risk": "low",
        "surface_roughness_achievable": 0.6965821937,
        "burr_formation_tendency": "low",
        "microstructure_sensitivity": "moderate",
        "minimum_uncut_chip_thickness": 0.0070089917,
        "ploughing_force_coefficient": 0.3982120674
      },
      "machinability": {
        "aisi_rating": 557.7640909481,
        "relative_to_1212": 5.3686181493,
        "machinability_index": 8.9476431159,
        "power_constant": 0.335371141,
        "unit_power": 0.005673315
      },
      "cutting_recommendations": {
        "turning": {
          "speed_roughing": 53.589829789,
          "speed_finishing": 132.0635792628,
          "feed_roughing": 0.4241907634,
          "feed_finishing": 0.1125434118,
          "doc_roughing": 2.3309815302,
          "doc_finishing": 0.4687114679
        },
        "milling": {
          "speed_roughing": 107.3505195497,
          "speed_finishing": 175.3358685351,
          "feed_per_tooth_roughing": 0.2351003043,
          "feed_per_tooth_finishing": 0.0227325619,
          "doc_roughing": 0.5425870418,
          "doc_finishing": 0.3186564179,
          "woc_roughing": 2.1609040601,
          "woc_finishing": 0.2369123861
        },
        "drilling": {
          "speed": 176.1783663776,
          "feed_per_rev": 0.2466579759,
          "peck_depth_ratio": 0.8184172176
        },
        "tool_material": {
          "recommended_grade": "Coated carbide",
          "coating_recommendation": "DLC",
          "geometry_recommendation": "Positive rake"
        },
        "coolant": {
          "type": "Flood emulsion",
          "pressure": 66.0831312823,
          "flow_rate": 48.5165877158
        }
      },
      "process_specific": {
        "grinding_ratio": 8.3529746162,
        "edm_machinability": 67.7266019258,
        "laser_absorptivity": 0.2072866865,
        "weldability_rating": "excellent"
      },
      "_gen_v5": {
        "complete": true,
        "params": 127,
        "uid": 1993
      },
      "name": "2011-T3 Free Machining"
    },
    {
      "iso_group": "N",
      "material_type": "aluminum",
      "iso_p_equivalent": "N",
      "physical": {
        "density": 2748.9987801982,
        "melting_point": 916.7142879137,
        "boiling_point": 1829.2871387468,
        "liquidus_temperature": 935.0485818714,
        "solidus_temperature": 870.8785827174,
        "latent_heat_fusion": 240.6593508587,
        "specific_heat": 685.1282163276,
        "thermal_conductivity": 107.0940292934,
        "thermal_expansion": 5.152638352,
        "electrical_resistivity": 7.9587321481,
        "magnetic_permeability": 1.0000151994,
        "poisson_ratio": 0.3464264558,
        "elastic_modulus": 306.9963541957,
        "shear_modulus": 161.6849998844,
        "bulk_modulus": 130.6593598587
      },
      "mechanical": {
        "hardness": {
          "brinell": 202.8083060077,
          "vickers": 212.9487415075,
          "rockwell_c": 10.2808518002,
          "rockwell_b": null
        },
        "tensile_strength": {
          "typical": 1478.6813228807,
          "min": 1330.813213792,
          "max": 1626.5494793682
        },
        "yield_strength": {
          "typical": 937.0037084334,
          "min": 843.3033627895,
          "max": 1030.7041054761
        },
        "elongation": 48.6923138917,
        "reduction_of_area": 63.3000352586,
        "impact_strength": 76.3248145242,
        "fatigue_strength": 591.4725583517,
        "fracture_toughness": 60.8791510785,
        "compressive_strength": 1626.5494863682,
        "true_fracture_stress": 2365.8901488085,
        "true_fracture_strain": 0.63303328,
        "strain_rate_sensitivity": 0.0573235767
      },
      "kienzle": {
        "kc1_1": 404.3983116036,
        "mc": 0.3082779576,
        "kc1_1_milling": 285.0707598808,
        "mc_milling": 0.2679063313,
        "kc1_1_drilling": 432.9351033745,