{
  "category": "N_NONFERROUS",
  "subcategory": "tool_steel",
  "material_count": 1,
  "generated": "2026-01-26T10:23:20.812691",
  "materials": [
    {
      "iso_group": "N",
      "material_type": "aluminum",
      "iso_p_equivalent": "N",
      "physical": {
        "density": 2655.8608070722,
        "melting_point": 896.5619069733,
        "boiling_point": 1699.5266990014,
        "liquidus_temperature": 914.4931533242,
        "solidus_temperature": 851.733820836,
        "latent_heat_fusion": 343.2234534348,
        "specific_heat": 581.5384727499,
        "thermal_conductivity": 341.2332234446,
        "thermal_expansion": 25.7081939196,
        "electrical_resistivity": 8.4642266656,
        "magnetic_permeability": 1.0000152114,
        "poisson_ratio": 0.3109685924,
        "elastic_modulus": 343.7240709355,
        "shear_modulus": 76.9963552077,
        "bulk_modulus": 216.0073452187
      },
      "mechanical": {
        "hardness": {
          "brinell": 431.257634469,
          "vickers": 452.8205364038,
          "rockwell_c": 33.1257846583,
          "rockwell_b": null
        },
        "tensile_strength": {
          "typical": 588.5714327828,
          "min": 529.7143127159,
          "max": 647.4286002725
        },
        "yield_strength": {
          "typical": 319.5892626874,
          "min": 287.6303616301,
          "max": 351.5482151675
        },
        "elongation": 18.8388340502,
        "reduction_of_area": 24.4905114767,
        "impact_strength": 199.4505776619,
        "fatigue_strength": 235.4286023245,
        "fracture_toughness": 98.6569288683,
        "compressive_strength": 647.4286072725,
        "true_fracture_stress": 941.7143246639,
        "true_fracture_strain": 0.2449380541,
        "strain_rate_sensitivity": 0.0395213909
      },
      "kienzle": {
        "kc1_1": 618.9258270977,
        "mc": 0.256605198,
        "kc1_1_milling": 803.2239634861,
        "mc_milling": 0.1788953543,
        "kc1_1_drilling": 764.1738236397,
        "mc_drilling": 0.2385310539
      },
      "johnson_cook": {
        "A": 319.5893038988,
        "B": 672.4554674499,
        "n": 0.495647607,
        "C": 0.0249147853,
        "m": 0.7420964935,
        "T_melt": 896.5619531847,
        "T_ref": 301.2808774922,
        "epsilon_dot_ref": 0.0022048659
      },
      "taylor": {
        "C": 1403.8930172397,
        "n": 0.2213566827,
        "C_carbide": 1470.7814672128,
        "n_carbide": 0.385659049,
        "C_ceramic": 2045.1302758079,
        "n_ceramic": 0.3860615374,
        "C_cbn": null,
        "n_cbn": null
      },
      "chip_formation": {
        "chip_type": "continuous",
        "chip_breaking": "moderate",
        "shear_angle": 31.3033576415,
        "chip_compression_ratio": 2.1625734803,
        "built_up_edge_tendency": "high",
        "segmentation_frequency": null,
        "min_chip_thickness": 0.003646292,
        "edge_radius_sensitivity": 0.9394751308
      },
      "tribology": {
        "friction_coefficient": 0.4819425533,
        "friction_coefficient_dry": 0.4364124177,
        "friction_coefficient_flood": 0.1807723921,
        "friction_coefficient_mql": 0.3070981784,
        "wear_coefficient": 5.7869800725,
        "adhesion_tendency": "high",
        "abrasiveness": "moderate",
        "galling_tendency": "low",
        "crater_wear_coefficient": 6.7211400338706e-05,
        "flank_wear_coefficient": 6.8211402512821e-05
      },
      "thermal_machining": {
        "thermal_diffusivity": 125.2125234239,
        "heat_partition_coefficient": 0.6142338256,
        "critical_temperature": 358.6248340007,
        "recrystallization_temperature": 313.7967396521,
        "phase_transformation_temperature": null,
        "maximum_cutting_temperature": 582.765313744,
        "emissivity": 0.7418700832,
        "heat_transfer_coefficient": 10130.6472068585
      },
      "surface_integrity": {
        "residual_stress_tendency": "compressive",
        "work_hardening_depth": 0.2184655519,
        "white_layer_risk": "low",
        "surface_roughness_achievable": 0.3319581644,
        "burr_formation_tendency": "moderate",
        "microstructure_sensitivity": "moderate",
        "minimum_uncut_chip_thickness": 0.0046427035,
        "ploughing_force_coefficient": 0.3438042651
      },
      "machinability": {
        "aisi_rating": 183.6439077035,
        "relative_to_1212": 2.0870017882,
        "machinability_index": 3.478282506,
        "power_constant": 0.8625994803,
        "unit_power": 0.0144604659
      },
      "cutting_recommendations": {
        "turning": {
          "speed_roughing": 216.0074122187,
          "speed_finishing": 458.9011861125,
          "feed_roughing": 0.414715806,
          "feed_finishing": 0.1385507499,
          "doc_roughing": 1.1466103579,
          "doc_finishing": 0.6263671577
        },
        "milling": {
          "speed_roughing": 291.8804340917,
          "speed_finishing": 207.9366011479,
          "feed_per_tooth_roughing": 0.074660756,
          "feed_per_tooth_finishing": 0.0486373359,
          "doc_roughing": 2.873722585,
          "doc_finishing": 0.3388029501,
          "woc_roughing": 0.9052264165,
          "woc_finishing": 0.2985241198
        },
        "drilling": {
          "speed": 195.6655458768,
          "feed_per_rev": 0.303727585,
          "peck_depth_ratio": 0.4282829196
        },
        "tool_material": {
          "recommended_grade": "Coated carbide",
          "coating_recommendation": "DLC",
          "geometry_recommendation": "Positive rake"
        },
        "coolant": {
          "type": "Flood emulsion",
          "pressure": 43.6032778146,
          "flow_rate": 41.7156109269
        }
      },
      "process_specific": {
        "grinding_ratio": 13.6252579008,
        "edm_machinability": 56.5983968097,
        "laser_absorptivity": 0.5321218634,
        "weldability_rating": "excellent"
      },
      "_gen_v5": {
        "complete": true,
        "params": 127,
        "uid": 2114
      },
      "name": "A201-T7 High Strength Cast"
    }
  ],
  "enhanced_date": "2026-01-26T10:45:58.937268",
  "physics_complete": true,
  "physics_mode": "accurate",
  "_enhanced": {
    "timestamp": "2026-01-27T13:51:21.660134",
    "version": "1.0"
  },
  "_enhancement_iteration": "2026-01-27T14:09:11.523653",
  "_complete_enhanced": {
    "timestamp": "2026-01-27T14:13:25.599061",
    "version": "2.0"
  }
}