{
  "category": "K_CAST_IRON",
  "subcategory": "compacted_graphite",
  "material_count": 6,
  "generated": "2026-01-26T10:23:20.576829",
  "materials": [
    {
      "iso_group": "K",
      "material_type": "cast_iron",
      "iso_p_equivalent": "K",
      "physical": {
        "density": 7124.4444456088,
        "melting_point": 1455.6007347651,
        "boiling_point": 2427.0676059376,
        "liquidus_temperature": 1484.7127576248,
        "solidus_temperature": 1382.8207071912,
        "latent_heat_fusion": 355.6776658421,
        "specific_heat": 572.1611833256,
        "thermal_conductivity": 267.1917093561,
        "thermal_expansion": 18.8400620044,
        "electrical_resistivity": 0.8207589751,
        "magnetic_permeability": 370.4749846394,
        "poisson_ratio": 0.3052176296,
        "elastic_modulus": 212.3443395087,
        "shear_modulus": 49.0842672486,
        "bulk_modulus": 86.9230960875
      },
      "mechanical": {
        "hardness": {
          "brinell": 519.5360227004,
          "vickers": 545.5128439998,
          "rockwell_c": 41.9536234344,
          "rockwell_b": null
        },
        "tensile_strength": {
          "typical": 405.2747294391,
          "min": 364.7472796596,
          "max": 445.8022265474
        },
        "yield_strength": {
          "typical": 332.4638387675,
          "min": 299.2174800552,
          "max": 365.7102488087
        },
        "elongation": 25.2613004257,
        "reduction_of_area": 32.8397177178,
        "impact_strength": 165.1160232804,
        "fatigue_strength": 162.10992094,
        "fracture_toughness": 47.2283573927,
        "compressive_strength": 445.8022335474,
        "true_fracture_stress": 648.439599267,
        "true_fracture_strain": 0.3284300699,
        "strain_rate_sensitivity": 0.0267008311
      },
      "kienzle": {
        "kc1_1": 1535.5176133678,
        "mc": 0.2377040521,
        "kc1_1_milling": 1765.6189991295,
        "mc_milling": 0.1605656369,
        "kc1_1_drilling": 2494.9570758134,
        "mc_drilling": 0.2667898591
      },
      "johnson_cook": {
        "A": 332.4638799319,
        "B": 182.0272688434,
        "n": 0.2674424318,
        "C": 0.0269904403,
        "m": 0.7295933939,
        "T_melt": 1455.6007809295,
        "T_ref": 299.4298395942,
        "epsilon_dot_ref": 0.0016553683
      },
      "taylor": {
        "C": 83.8837149285,
        "n": 0.3347876491,
        "C_carbide": 195.1763131954,
        "n_carbide": 0.29369319,
        "C_ceramic": 229.2127427201,
        "n_ceramic": 0.2569772413,
        "C_cbn": 624.606396836,
        "n_cbn": 0.3753553097
      },
      "chip_formation": {
        "chip_type": "continuous",
        "chip_breaking": "excellent",
        "shear_angle": 35.1568374198,
        "chip_compression_ratio": 2.3391302098,
        "built_up_edge_tendency": "low",
        "segmentation_frequency": null,
        "min_chip_thickness": 0.0092823866,
        "edge_radius_sensitivity": 0.8260684904
      },
      "tribology": {
        "friction_coefficient": 0.5437373781,
        "friction_coefficient_dry": 0.39567977,
        "friction_coefficient_flood": 0.3788797932,
        "friction_coefficient_mql": 0.34563293,
        "wear_coefficient": 2.999064484,
        "adhesion_tendency": "low",
        "abrasiveness": "high",
        "galling_tendency": "low",
        "crater_wear_coefficient": 6.7164400359463e-05,
        "flank_wear_coefficient": 6.8164402434676e-05
      },
      "thermal_machining": {
        "thermal_diffusivity": 97.4469556113,
        "heat_partition_coefficient": 0.4768711412,
        "critical_temperature": 582.2403650704,
        "recrystallization_temperature": 509.4603293322,
        "phase_transformation_temperature": null,
        "maximum_cutting_temperature": 946.1405517617,
        "emissivity": 0.2068273012,
        "heat_transfer_coefficient": 21473.7485499129
      },
      "surface_integrity": {
        "residual_stress_tendency": "compressive",
        "work_hardening_depth": 0.2826901687,
        "white_layer_risk": "low",
        "surface_roughness_achievable": 0.2925575992,
        "burr_formation_tendency": "high",
        "microstructure_sensitivity": "moderate",
        "minimum_uncut_chip_thickness": 0.0042592621,
        "ploughing_force_coefficient": 0.2124244867
      },
      "machinability": {
        "aisi_rating": 32.0546050585,
        "relative_to_1212": 0.4620328079,
        "machinability_index": 0.7700009035,
        "power_constant": 1.7318709067,
        "unit_power": 0.0289482768
      },
      "cutting_recommendations": {
        "turning": {
          "speed_roughing": 86.9231630875,
          "speed_finishing": 390.2320773964,
          "feed_roughing": 0.2090014733,
          "feed_finishing": 0.1000891644,
          "doc_roughing": 2.55564572,
          "doc_finishing": 0.5507627151
        },
        "milling": {
          "speed_roughing": 353.6753058396,
          "speed_finishing": 157.0208501852,
          "feed_per_tooth_roughing": 0.2331466675,
          "feed_per_tooth_finishing": 0.0589132352,
          "doc_roughing": 1.5044917688,
          "doc_finishing": 0.3595599239,
          "woc_roughing": 0.8739687383,
          "woc_finishing": 0.2429929373
        },
        "drilling": {
          "speed": 140.7204908848,
          "feed_per_rev": 0.0744235087,
          "peck_depth_ratio": 0.7912621156
        },
        "tool_material": {
          "recommended_grade": "CBN",
          "coating_recommendation": "None",
          "geometry_recommendation": "Neutral"
        },
        "coolant": {
          "type": "Dry",
          "pressure": 39.9610311253,
          "flow_rate": 25.2931444574
        }
      },
      "process_specific": {
        "grinding_ratio": 15.3908256184,
        "edm_machinability": 43.572755737,
        "laser_absorptivity": 0.2739533182,
        "weldability_rating": "poor"
      },
      "_gen_v5": {
        "complete": true,
        "params": 127,
        "uid": 1644
      },
      "name": "CGI Grade 400 Pearlitic"
    },
    {
      "iso_group": "K",
      "material_type": "cast_iron",
      "iso_p_equivalent": "K",
      "physical": {
        "density": 7357.5091586737,
        "melting_point": 1469.3443245088,
        "boiling_point": 2769.8665549168,
        "liquidus_temperature": 1498.7312191635,
        "solidus_temperature": 1395.8771174479,
        "latent_heat_fusion": 405.4212555857,
        "specific_heat": 982.5641137286,
        "thermal_conductivity": 369.853492018,
        "thermal_expansion": 26.7399399044,
        "electrical_resistivity": 7.8561680107,
        "magnetic_permeability": 391.2320053965,
        "poisson_ratio": 0.3648146993,
        "elastic_modulus": 80.6715678361,
        "shear_modulus": 148.0586262231,
        "bulk_modulus": 333.6630228275
      },
      "mechanical": {
        "hardness": {
          "brinell": 374.8473780119,
          "vickers": 393.589767077,
          "rockwell_c": 27.4847589657,
          "rockwell_b": null
        },
        "tensile_strength": {
          "typical": 718.2417624063,
          "min": 646.4176093302,
          "max": 790.0659628114
        },
        "yield_strength": {
          "typical": 470.5404418179,
          "min": 423.4864228006,
          "max": 517.5945121642
        },
        "elongation": 30.9389561034,
        "reduction_of_area": 40.2206700989,
        "impact_strength": 52.2466704111,
        "fatigue_strength": 287.296734127,
        "fracture_toughness": 79.3406895052,
        "compressive_strength": 790.0659698114,
        "true_fracture_stress": 1149.1868520146,
        "true_fracture_strain": 0.4022395938,
        "strain_rate_sensitivity": 0.0113040058
      },
      "kienzle": {
        "kc1_1": 1544.70076873,
        "mc": 0.2606100351,
        "kc1_1_milling": 1093.1141859049,
        "mc_milling": 0.1918623403,
        "kc1_1_drilling": 1387.2557201829,
        "mc_drilling": 0.2917715442
      },