ISO-10303-21;
HEADER;
FILE_DESCRIPTION(('plain_trilobe - 1 trilobe section(s), 0 transition(s), total length 1.315"'),'2;1');
FILE_NAME('regression-plain-trilobe-C0.228-E0.214.step','2026-05-27T19:53:55.483Z',('PRISM-parametric-electrode-plain_trilobe'),('PRISM'),'PRISM AP242 multi-solid emitter','PRISM','');
FILE_SCHEMA(('AUTOMOTIVE_DESIGN { 1 0 10303 214 3 1 1 }'));
ENDSEC;
DATA;
#1 = CARTESIAN_POINT('s0_bot_0',(0.1125000,0.0000000,0.0000000));
#2 = CARTESIAN_POINT('s0_bot_1',(0.1119531,0.0097946,0.0000000));
#3 = CARTESIAN_POINT('s0_bot_2',(0.1103291,0.0194540,0.0000000));
#4 = CARTESIAN_POINT('s0_bot_3',(0.1076765,0.0288518,0.0000000));
#5 = CARTESIAN_POINT('s0_bot_4',(0.1040710,0.0378787,0.0000000));
#6 = CARTESIAN_POINT('s0_bot_5',(0.0996085,0.0464482,0.0000000));
#7 = CARTESIAN_POINT('s0_bot_6',(0.0943968,0.0545000,0.0000000));
#8 = CARTESIAN_POINT('s0_bot_7',(0.0885455,0.0620002,0.0000000));
#9 = CARTESIAN_POINT('s0_bot_8',(0.0821583,0.0689390,0.0000000));
#10 = CARTESIAN_POINT('s0_bot_9',(0.0753246,0.0753246,0.0000000));
#11 = CARTESIAN_POINT('s0_bot_10',(0.0681155,0.0811769,0.0000000));
#12 = CARTESIAN_POINT('s0_bot_11',(0.0605807,0.0865182,0.0000000));
#13 = CARTESIAN_POINT('s0_bot_12',(0.0527500,0.0913657,0.0000000));
#14 = CARTESIAN_POINT('s0_bot_13',(0.0446366,0.0957236,0.0000000));
#15 = CARTESIAN_POINT('s0_bot_14',(0.0362435,0.0995782,0.0000000));
#16 = CARTESIAN_POINT('s0_bot_15',(0.0275707,0.1028954,0.0000000));
#17 = CARTESIAN_POINT('s0_bot_16',(0.0186238,0.1056206,0.0000000));
#18 = CARTESIAN_POINT('s0_bot_17',(0.0094210,0.1076828,0.0000000));
#19 = CARTESIAN_POINT('s0_bot_18',(0.0000000,0.1090000,0.0000000));
#20 = CARTESIAN_POINT('s0_bot_19',(-0.0095789,0.1094876,0.0000000));
#21 = CARTESIAN_POINT('s0_bot_20',(-0.0192315,0.1090675,0.0000000));
#22 = CARTESIAN_POINT('s0_bot_21',(-0.0288518,0.1076765,0.0000000));
#23 = CARTESIAN_POINT('s0_bot_22',(-0.0383169,0.1052748,0.0000000));
#24 = CARTESIAN_POINT('s0_bot_23',(-0.0474942,0.1018515,0.0000000));
#25 = CARTESIAN_POINT('s0_bot_24',(-0.0562500,0.0974279,0.0000000));
#26 = CARTESIAN_POINT('s0_bot_25',(-0.0644589,0.0920569,0.0000000));
#27 = CARTESIAN_POINT('s0_bot_26',(-0.0720122,0.0858208,0.0000000));
#28 = CARTESIAN_POINT('s0_bot_27',(-0.0788246,0.0788246,0.0000000));
#29 = CARTESIAN_POINT('s0_bot_28',(-0.0848394,0.0711887,0.0000000));
#30 = CARTESIAN_POINT('s0_bot_29',(-0.0900296,0.0630394,0.0000000));
#31 = CARTESIAN_POINT('s0_bot_30',(-0.0943968,0.0545000,0.0000000));
#32 = CARTESIAN_POINT('s0_bot_31',(-0.0979666,0.0456826,0.0000000));
#33 = CARTESIAN_POINT('s0_bot_32',(-0.1007820,0.0366817,0.0000000));
#34 = CARTESIAN_POINT('s0_bot_33',(-0.1028954,0.0275707,0.0000000));
#35 = CARTESIAN_POINT('s0_bot_34',(-0.1043590,0.0184013,0.0000000));
#36 = CARTESIAN_POINT('s0_bot_35',(-0.1052173,0.0092053,0.0000000));
#37 = CARTESIAN_POINT('s0_bot_36',(-0.1055000,0.0000000,0.0000000));
#38 = CARTESIAN_POINT('s0_bot_37',(-0.1052173,-0.0092053,0.0000000));
#39 = CARTESIAN_POINT('s0_bot_38',(-0.1043590,-0.0184013,0.0000000));
#40 = CARTESIAN_POINT('s0_bot_39',(-0.1028954,-0.0275707,0.0000000));
#41 = CARTESIAN_POINT('s0_bot_40',(-0.1007820,-0.0366817,0.0000000));
#42 = CARTESIAN_POINT('s0_bot_41',(-0.0979666,-0.0456826,0.0000000));
#43 = CARTESIAN_POINT('s0_bot_42',(-0.0943968,-0.0545000,0.0000000));
#44 = CARTESIAN_POINT('s0_bot_43',(-0.0900296,-0.0630394,0.0000000));
#45 = CARTESIAN_POINT('s0_bot_44',(-0.0848394,-0.0711887,0.0000000));
#46 = CARTESIAN_POINT('s0_bot_45',(-0.0788246,-0.0788246,0.0000000));
#47 = CARTESIAN_POINT('s0_bot_46',(-0.0720122,-0.0858208,0.0000000));
#48 = CARTESIAN_POINT('s0_bot_47',(-0.0644589,-0.0920569,0.0000000));
#49 = CARTESIAN_POINT('s0_bot_48',(-0.0562500,-0.0974279,0.0000000));
#50 = CARTESIAN_POINT('s0_bot_49',(-0.0474942,-0.1018515,0.0000000));
#51 = CARTESIAN_POINT('s0_bot_50',(-0.0383169,-0.1052748,0.0000000));
#52 = CARTESIAN_POINT('s0_bot_51',(-0.0288518,-0.1076765,0.0000000));
#53 = CARTESIAN_POINT('s0_bot_52',(-0.0192315,-0.1090675,0.0000000));
#54 = CARTESIAN_POINT('s0_bot_53',(-0.0095789,-0.1094876,0.0000000));
#55 = CARTESIAN_POINT('s0_bot_54',(0.0000000,-0.1090000,0.0000000));
#56 = CARTESIAN_POINT('s0_bot_55',(0.0094210,-0.1076828,0.0000000));
#57 = CARTESIAN_POINT('s0_bot_56',(0.0186238,-0.1056206,0.0000000));
#58 = CARTESIAN_POINT('s0_bot_57',(0.0275707,-0.1028954,0.0000000));
#59 = CARTESIAN_POINT('s0_bot_58',(0.0362435,-0.0995782,0.0000000));
#60 = CARTESIAN_POINT('s0_bot_59',(0.0446366,-0.0957236,0.0000000));
#61 = CARTESIAN_POINT('s0_bot_60',(0.0527500,-0.0913657,0.0000000));
#62 = CARTESIAN_POINT('s0_bot_61',(0.0605807,-0.0865182,0.0000000));
#63 = CARTESIAN_POINT('s0_bot_62',(0.0681155,-0.0811769,0.0000000));
#64 = CARTESIAN_POINT('s0_bot_63',(0.0753246,-0.0753246,0.0000000));
#65 = CARTESIAN_POINT('s0_bot_64',(0.0821583,-0.0689390,0.0000000));
#66 = CARTESIAN_POINT('s0_bot_65',(0.0885455,-0.0620002,0.0000000));
#67 = CARTESIAN_POINT('s0_bot_66',(0.0943968,-0.0545000,0.0000000));
#68 = CARTESIAN_POINT('s0_bot_67',(0.0996085,-0.0464482,0.0000000));
#69 = CARTESIAN_POINT('s0_bot_68',(0.1040710,-0.0378787,0.0000000));
#70 = CARTESIAN_POINT('s0_bot_69',(0.1076765,-0.0288518,0.0000000));
#71 = CARTESIAN_POINT('s0_bot_70',(0.1103291,-0.0194540,0.0000000));
#72 = CARTESIAN_POINT('s0_bot_71',(0.1119531,-0.0097946,0.0000000));
#73 = CARTESIAN_POINT('s0_top_0',(0.1125000,0.0000000,1.3150000));
#74 = CARTESIAN_POINT('s0_top_1',(0.1119531,0.0097946,1.3150000));
#75 = CARTESIAN_POINT('s0_top_2',(0.1103291,0.0194540,1.3150000));
#76 = CARTESIAN_POINT('s0_top_3',(0.1076765,0.0288518,1.3150000));
#77 = CARTESIAN_POINT('s0_top_4',(0.1040710,0.0378787,1.3150000));
#78 = CARTESIAN_POINT('s0_top_5',(0.0996085,0.0464482,1.3150000));
#79 = CARTESIAN_POINT('s0_top_6',(0.0943968,0.0545000,1.3150000));
#80 = CARTESIAN_POINT('s0_top_7',(0.0885455,0.0620002,1.3150000));
#81 = CARTESIAN_POINT('s0_top_8',(0.0821583,0.0689390,1.3150000));
#82 = CARTESIAN_POINT('s0_top_9',(0.0753246,0.0753246,1.3150000));
#83 = CARTESIAN_POINT('s0_top_10',(0.0681155,0.0811769,1.3150000));
#84 = CARTESIAN_POINT('s0_top_11',(0.0605807,0.0865182,1.3150000));
#85 = CARTESIAN_POINT('s0_top_12',(0.0527500,0.0913657,1.3150000));
#86 = CARTESIAN_POINT('s0_top_13',(0.0446366,0.0957236,1.3150000));
#87 = CARTESIAN_POINT('s0_top_14',(0.0362435,0.0995782,1.3150000));
#88 = CARTESIAN_POINT('s0_top_15',(0.0275707,0.1028954,1.3150000));
#89 = CARTESIAN_POINT('s0_top_16',(0.0186238,0.1056206,1.3150000));
#90 = CARTESIAN_POINT('s0_top_17',(0.0094210,0.1076828,1.3150000));
#91 = CARTESIAN_POINT('s0_top_18',(0.0000000,0.1090000,1.3150000));
#92 = CARTESIAN_POINT('s0_top_19',(-0.0095789,0.1094876,1.3150000));
#93 = CARTESIAN_POINT('s0_top_20',(-0.0192315,0.1090675,1.3150000));
#94 = CARTESIAN_POINT('s0_top_21',(-0.0288518,0.1076765,1.3150000));
#95 = CARTESIAN_POINT('s0_top_22',(-0.0383169,0.1052748,1.3150000));
#96 = CARTESIAN_POINT('s0_top_23',(-0.0474942,0.1018515,1.3150000));
#97 = CARTESIAN_POINT('s0_top_24',(-0.0562500,0.0974279,1.3150000));
#98 = CARTESIAN_POINT('s0_top_25',(-0.0644589,0.0920569,1.3150000));
#99 = CARTESIAN_POINT('s0_top_26',(-0.0720122,0.0858208,1.3150000));
#100 = CARTESIAN_POINT('s0_top_27',(-0.0788246,0.0788246,1.3150000));
#101 = CARTESIAN_POINT('s0_top_28',(-0.0848394,0.0711887,1.3150000));
#102 = CARTESIAN_POINT('s0_top_29',(-0.0900296,0.0630394,1.3150000));
#103 = CARTESIAN_POINT('s0_top_30',(-0.0943968,0.0545000,1.3150000));
#104 = CARTESIAN_POINT('s0_top_31',(-0.0979666,0.0456826,1.3150000));
#105 = CARTESIAN_POINT('s0_top_32',(-0.1007820,0.0366817,1.3150000));
#106 = CARTESIAN_POINT('s0_top_33',(-0.1028954,0.0275707,1.3150000));
#107 = CARTESIAN_POINT('s0_top_34',(-0.1043590,0.0184013,1.3150000));
#108 = CARTESIAN_POINT('s0_top_35',(-0.1052173,0.0092053,1.3150000));
#109 = CARTESIAN_POINT('s0_top_36',(-0.1055000,0.0000000,1.3150000));
#110 = CARTESIAN_POINT('s0_top_37',(-0.1052173,-0.0092053,1.3150000));
#111 = CARTESIAN_POINT('s0_top_38',(-0.1043590,-0.0184013,1.3150000));
#112 = CARTESIAN_POINT('s0_top_39',(-0.1028954,-0.0275707,1.3150000));
#113 = CARTESIAN_POINT('s0_top_40',(-0.1007820,-0.0366817,1.3150000));
#114 = CARTESIAN_POINT('s0_top_41',(-0.0979666,-0.0456826,1.3150000));
#115 = CARTESIAN_POINT('s0_top_42',(-0.0943968,-0.0545000,1.3150000));
#116 = CARTESIAN_POINT('s0_top_43',(-0.0900296,-0.0630394,1.3150000));
#117 = CARTESIAN_POINT('s0_top_44',(-0.0848394,-0.0711887,1.3150000));
#118 = CARTESIAN_POINT('s0_top_45',(-0.0788246,-0.0788246,1.3150000));
#119 = CARTESIAN_POINT('s0_top_46',(-0.0720122,-0.0858208,1.3150000));
#120 = CARTESIAN_POINT('s0_top_47',(-0.0644589,-0.0920569,1.3150000));
#121 = CARTESIAN_POINT('s0_top_48',(-0.0562500,-0.0974279,1.3150000));
#122 = CARTESIAN_POINT('s0_top_49',(-0.0474942,-0.1018515,1.3150000));
#123 = CARTESIAN_POINT('s0_top_50',(-0.0383169,-0.1052748,1.3150000));
#124 = CARTESIAN_POINT('s0_top_51',(-0.0288518,-0.1076765,1.3150000));
#125 = CARTESIAN_POINT('s0_top_52',(-0.0192315,-0.1090675,1.3150000));
#126 = CARTESIAN_POINT('s0_top_53',(-0.0095789,-0.1094876,1.3150000));
#127 = CARTESIAN_POINT('s0_top_54',(0.0000000,-0.1090000,1.3150000));
#128 = CARTESIAN_POINT('s0_top_55',(0.0094210,-0.1076828,1.3150000));
#129 = CARTESIAN_POINT('s0_top_56',(0.0186238,-0.1056206,1.3150000));
#130 = CARTESIAN_POINT('s0_top_57',(0.0275707,-0.1028954,1.3150000));
#131 = CARTESIAN_POINT('s0_top_58',(0.0362435,-0.0995782,1.3150000));
#132 = CARTESIAN_POINT('s0_top_59',(0.0446366,-0.0957236,1.3150000));
#133 = CARTESIAN_POINT('s0_top_60',(0.0527500,-0.0913657,1.3150000));
#134 = CARTESIAN_POINT('s0_top_61',(0.0605807,-0.0865182,1.3150000));
#135 = CARTESIAN_POINT('s0_top_62',(0.0681155,-0.0811769,1.3150000));
#136 = CARTESIAN_POINT('s0_top_63',(0.0753246,-0.0753246,1.3150000));
#137 = CARTESIAN_POINT('s0_top_64',(0.0821583,-0.0689390,1.3150000));
#138 = CARTESIAN_POINT('s0_top_65',(0.0885455,-0.0620002,1.3150000));
#139 = CARTESIAN_POINT('s0_top_66',(0.0943968,-0.0545000,1.3150000));
#140 = CARTESIAN_POINT('s0_top_67',(0.0996085,-0.0464482,1.3150000));
#141 = CARTESIAN_POINT('s0_top_68',(0.1040710,-0.0378787,1.3150000));
#142 = CARTESIAN_POINT('s0_top_69',(0.1076765,-0.0288518,1.3150000));
#143 = CARTESIAN_POINT('s0_top_70',(0.1103291,-0.0194540,1.3150000));
#144 = CARTESIAN_POINT('s0_top_71',(0.1119531,-0.0097946,1.3150000));
#145 = VERTEX_POINT('s0_bot_v0',#1);
#146 = VERTEX_POINT('s0_bot_v1',#2);
#147 = VERTEX_POINT('s0_bot_v2',#3);
#148 = VERTEX_POINT('s0_bot_v3',#4);
#149 = VERTEX_POINT('s0_bot_v4',#5);
#150 = VERTEX_POINT('s0_bot_v5',#6);
#151 = VERTEX_POINT('s0_bot_v6',#7);
#152 = VERTEX_POINT('s0_bot_v7',#8);
#153 = VERTEX_POINT('s0_bot_v8',#9);
#154 = VERTEX_POINT('s0_bot_v9',#10);
#155 = VERTEX_POINT('s0_bot_v10',#11);
#156 = VERTEX_POINT('s0_bot_v11',#12);
#157 = VERTEX_POINT('s0_bot_v12',#13);
#158 = VERTEX_POINT('s0_bot_v13',#14);
#159 = VERTEX_POINT('s0_bot_v14',#15);
#160 = VERTEX_POINT('s0_bot_v15',#16);
#161 = VERTEX_POINT('s0_bot_v16',#17);
#162 = VERTEX_POINT('s0_bot_v17',#18);
#163 = VERTEX_POINT('s0_bot_v18',#19);
#164 = VERTEX_POINT('s0_bot_v19',#20);
#165 = VERTEX_POINT('s0_bot_v20',#21);
#166 = VERTEX_POINT('s0_bot_v21',#22);
#167 = VERTEX_POINT('s0_bot_v22',#23);
#168 = VERTEX_POINT('s0_bot_v23',#24);
#169 = VERTEX_POINT('s0_bot_v24',#25);
#170 = VERTEX_POINT('s0_bot_v25',#26);
#171 = VERTEX_POINT('s0_bot_v26',#27);
#172 = VERTEX_POINT('s0_bot_v27',#28);
#173 = VERTEX_POINT('s0_bot_v28',#29);
#174 = VERTEX_POINT('s0_bot_v29',#30);
#175 = VERTEX_POINT('s0_bot_v30',#31);
#176 = VERTEX_POINT('s0_bot_v31',#32);
#177 = VERTEX_POINT('s0_bot_v32',#33);
#178 = VERTEX_POINT('s0_bot_v33',#34);
#179 = VERTEX_POINT('s0_bot_v34',#35);
#180 = VERTEX_POINT('s0_bot_v35',#36);
#181 = VERTEX_POINT('s0_bot_v36',#37);
#182 = VERTEX_POINT('s0_bot_v37',#38);
#183 = VERTEX_POINT('s0_bot_v38',#39);
#184 = VERTEX_POINT('s0_bot_v39',#40);
#185 = VERTEX_POINT('s0_bot_v40',#41);
#186 = VERTEX_POINT('s0_bot_v41',#42);
#187 = VERTEX_POINT('s0_bot_v42',#43);
#188 = VERTEX_POINT('s0_bot_v43',#44);
#189 = VERTEX_POINT('s0_bot_v44',#45);
#190 = VERTEX_POINT('s0_bot_v45',#46);
#191 = VERTEX_POINT('s0_bot_v46',#47);
#192 = VERTEX_POINT('s0_bot_v47',#48);
#193 = VERTEX_POINT('s0_bot_v48',#49);
#194 = VERTEX_POINT('s0_bot_v49',#50);
#195 = VERTEX_POINT('s0_bot_v50',#51);
#196 = VERTEX_POINT('s0_bot_v51',#52);
#197 = VERTEX_POINT('s0_bot_v52',#53);
#198 = VERTEX_POINT('s0_bot_v53',#54);
#199 = VERTEX_POINT('s0_bot_v54',#55);
#200 = VERTEX_POINT('s0_bot_v55',#56);
#201 = VERTEX_POINT('s0_bot_v56',#57);
#202 = VERTEX_POINT('s0_bot_v57',#58);
#203 = VERTEX_POINT('s0_bot_v58',#59);
#204 = VERTEX_POINT('s0_bot_v59',#60);
#205 = VERTEX_POINT('s0_bot_v60',#61);
#206 = VERTEX_POINT('s0_bot_v61',#62);
#207 = VERTEX_POINT('s0_bot_v62',#63);
#208 = VERTEX_POINT('s0_bot_v63',#64);
#209 = VERTEX_POINT('s0_bot_v64',#65);
#210 = VERTEX_POINT('s0_bot_v65',#66);
#211 = VERTEX_POINT('s0_bot_v66',#67);
#212 = VERTEX_POINT('s0_bot_v67',#68);
#213 = VERTEX_POINT('s0_bot_v68',#69);
#214 = VERTEX_POINT('s0_bot_v69',#70);
#215 = VERTEX_POINT('s0_bot_v70',#71);
#216 = VERTEX_POINT('s0_bot_v71',#72);
#217 = VERTEX_POINT('s0_top_v0',#73);
#218 = VERTEX_POINT('s0_top_v1',#74);
#219 = VERTEX_POINT('s0_top_v2',#75);
#220 = VERTEX_POINT('s0_top_v3',#76);
#221 = VERTEX_POINT('s0_top_v4',#77);
#222 = VERTEX_POINT('s0_top_v5',#78);
#223 = VERTEX_POINT('s0_top_v6',#79);
#224 = VERTEX_POINT('s0_top_v7',#80);
#225 = VERTEX_POINT('s0_top_v8',#81);
#226 = VERTEX_POINT('s0_top_v9',#82);
#227 = VERTEX_POINT('s0_top_v10',#83);
#228 = VERTEX_POINT('s0_top_v11',#84);
#229 = VERTEX_POINT('s0_top_v12',#85);
#230 = VERTEX_POINT('s0_top_v13',#86);
#231 = VERTEX_POINT('s0_top_v14',#87);
#232 = VERTEX_POINT('s0_top_v15',#88);
#233 = VERTEX_POINT('s0_top_v16',#89);
#234 = VERTEX_POINT('s0_top_v17',#90);
#235 = VERTEX_POINT('s0_top_v18',#91);
#236 = VERTEX_POINT('s0_top_v19',#92);
#237 = VERTEX_POINT('s0_top_v20',#93);
#238 = VERTEX_POINT('s0_top_v21',#94);
#239 = VERTEX_POINT('s0_top_v22',#95);
#240 = VERTEX_POINT('s0_top_v23',#96);
#241 = VERTEX_POINT('s0_top_v24',#97);
#242 = VERTEX_POINT('s0_top_v25',#98);
#243 = VERTEX_POINT('s0_top_v26',#99);
#244 = VERTEX_POINT('s0_top_v27',#100);
#245 = VERTEX_POINT('s0_top_v28',#101);
#246 = VERTEX_POINT('s0_top_v29',#102);
#247 = VERTEX_POINT('s0_top_v30',#103);
#248 = VERTEX_POINT('s0_top_v31',#104);
#249 = VERTEX_POINT('s0_top_v32',#105);
#250 = VERTEX_POINT('s0_top_v33',#106);
#251 = VERTEX_POINT('s0_top_v34',#107);
#252 = VERTEX_POINT('s0_top_v35',#108);
#253 = VERTEX_POINT('s0_top_v36',#109);
#254 = VERTEX_POINT('s0_top_v37',#110);
#255 = VERTEX_POINT('s0_top_v38',#111);
#256 = VERTEX_POINT('s0_top_v39',#112);
#257 = VERTEX_POINT('s0_top_v40',#113);
#258 = VERTEX_POINT('s0_top_v41',#114);
#259 = VERTEX_POINT('s0_top_v42',#115);
#260 = VERTEX_POINT('s0_top_v43',#116);
#261 = VERTEX_POINT('s0_top_v44',#117);
#262 = VERTEX_POINT('s0_top_v45',#118);
#263 = VERTEX_POINT('s0_top_v46',#119);
#264 = VERTEX_POINT('s0_top_v47',#120);
#265 = VERTEX_POINT('s0_top_v48',#121);
#266 = VERTEX_POINT('s0_top_v49',#122);
#267 = VERTEX_POINT('s0_top_v50',#123);
#268 = VERTEX_POINT('s0_top_v51',#124);
#269 = VERTEX_POINT('s0_top_v52',#125);
#270 = VERTEX_POINT('s0_top_v53',#126);
#271 = VERTEX_POINT('s0_top_v54',#127);
#272 = VERTEX_POINT('s0_top_v55',#128);
#273 = VERTEX_POINT('s0_top_v56',#129);
#274 = VERTEX_POINT('s0_top_v57',#130);
#275 = VERTEX_POINT('s0_top_v58',#131);
#276 = VERTEX_POINT('s0_top_v59',#132);
#277 = VERTEX_POINT('s0_top_v60',#133);
#278 = VERTEX_POINT('s0_top_v61',#134);
#279 = VERTEX_POINT('s0_top_v62',#135);
#280 = VERTEX_POINT('s0_top_v63',#136);
#281 = VERTEX_POINT('s0_top_v64',#137);
#282 = VERTEX_POINT('s0_top_v65',#138);
#283 = VERTEX_POINT('s0_top_v66',#139);
#284 = VERTEX_POINT('s0_top_v67',#140);
#285 = VERTEX_POINT('s0_top_v68',#141);
#286 = VERTEX_POINT('s0_top_v69',#142);
#287 = VERTEX_POINT('s0_top_v70',#143);
#288 = VERTEX_POINT('s0_top_v71',#144);
#289 = DIRECTION('s0_bot_e0_dir',(-0.0557501,0.9984448,0.0000000));
#290 = VECTOR('s0_bot_e0_vec',#289,0.0098099);
#291 = CARTESIAN_POINT('s0_bot_e0_origin',(0.1125000,0.0000000,0.0000000));
#292 = LINE('s0_bot_e0_line',#291,#290);
#293 = EDGE_CURVE('s0_bot_e0',#145,#146,#292,.T.);
#294 = DIRECTION('s0_top_e0_dir',(-0.0557501,0.9984448,0.0000000));
#295 = VECTOR('s0_top_e0_vec',#294,0.0098099);
#296 = CARTESIAN_POINT('s0_top_e0_origin',(0.1125000,0.0000000,1.3150000));
#297 = LINE('s0_top_e0_line',#296,#295);
#298 = EDGE_CURVE('s0_top_e0',#217,#218,#297,.T.);
#299 = DIRECTION('s0_vert_e0_dir',(0.0000000,0.0000000,1.0000000));
#300 = VECTOR('s0_vert_e0_vec',#299,1.3150000);
#301 = CARTESIAN_POINT('s0_vert_e0_origin',(0.1125000,0.0000000,0.0000000));
#302 = LINE('s0_vert_e0_line',#301,#300);
#303 = EDGE_CURVE('s0_vert_e0',#145,#217,#302,.T.);
#304 = DIRECTION('s0_bot_e1_dir',(-0.1658012,0.9861592,0.0000000));
#305 = VECTOR('s0_bot_e1_vec',#304,0.0097949);
#306 = CARTESIAN_POINT('s0_bot_e1_origin',(0.1119531,0.0097946,0.0000000));
#307 = LINE('s0_bot_e1_line',#306,#305);
#308 = EDGE_CURVE('s0_bot_e1',#146,#147,#307,.T.);
#309 = DIRECTION('s0_top_e1_dir',(-0.1658012,0.9861592,0.0000000));
#310 = VECTOR('s0_top_e1_vec',#309,0.0097949);
#311 = CARTESIAN_POINT('s0_top_e1_origin',(0.1119531,0.0097946,1.3150000));
#312 = LINE('s0_top_e1_line',#311,#310);
#313 = EDGE_CURVE('s0_top_e1',#218,#219,#312,.T.);
#314 = DIRECTION('s0_vert_e1_dir',(0.0000000,0.0000000,1.0000000));
#315 = VECTOR('s0_vert_e1_vec',#314,1.3150000);
#316 = CARTESIAN_POINT('s0_vert_e1_origin',(0.1119531,0.0097946,0.0000000));
#317 = LINE('s0_vert_e1_line',#316,#315);
#318 = EDGE_CURVE('s0_vert_e1',#146,#218,#317,.T.);
#319 = DIRECTION('s0_bot_e2_dir',(-0.2716458,0.9623973,0.0000000));
#320 = VECTOR('s0_bot_e2_vec',#319,0.0097650);
#321 = CARTESIAN_POINT('s0_bot_e2_origin',(0.1103291,0.0194540,0.0000000));
#322 = LINE('s0_bot_e2_line',#321,#320);
#323 = EDGE_CURVE('s0_bot_e2',#147,#148,#322,.T.);
#324 = DIRECTION('s0_top_e2_dir',(-0.2716458,0.9623973,0.0000000));
#325 = VECTOR('s0_top_e2_vec',#324,0.0097650);
#326 = CARTESIAN_POINT('s0_top_e2_origin',(0.1103291,0.0194540,1.3150000));
#327 = LINE('s0_top_e2_line',#326,#325);
#328 = EDGE_CURVE('s0_top_e2',#219,#220,#327,.T.);
#329 = DIRECTION('s0_vert_e2_dir',(0.0000000,0.0000000,1.0000000));
#330 = VECTOR('s0_vert_e2_vec',#329,1.3150000);
#331 = CARTESIAN_POINT('s0_vert_e2_origin',(0.1103291,0.0194540,0.0000000));
#332 = LINE('s0_vert_e2_line',#331,#330);
#333 = EDGE_CURVE('s0_vert_e2',#147,#219,#332,.T.);
#334 = DIRECTION('s0_bot_e3_dir',(-0.3709239,0.9286633,0.0000000));
#335 = VECTOR('s0_bot_e3_vec',#334,0.0097203);
#336 = CARTESIAN_POINT('s0_bot_e3_origin',(0.1076765,0.0288518,0.0000000));
#337 = LINE('s0_bot_e3_line',#336,#335);
#338 = EDGE_CURVE('s0_bot_e3',#148,#149,#337,.T.);
#339 = DIRECTION('s0_top_e3_dir',(-0.3709239,0.9286633,0.0000000));
#340 = VECTOR('s0_top_e3_vec',#339,0.0097203);
#341 = CARTESIAN_POINT('s0_top_e3_origin',(0.1076765,0.0288518,1.3150000));
#342 = LINE('s0_top_e3_line',#341,#340);
#343 = EDGE_CURVE('s0_top_e3',#220,#221,#342,.T.);
#344 = DIRECTION('s0_vert_e3_dir',(0.0000000,0.0000000,1.0000000));
#345 = VECTOR('s0_vert_e3_vec',#344,1.3150000);
#346 = CARTESIAN_POINT('s0_vert_e3_origin',(0.1076765,0.0288518,0.0000000));
#347 = LINE('s0_vert_e3_line',#346,#345);
#348 = EDGE_CURVE('s0_vert_e3',#148,#220,#347,.T.);
#349 = DIRECTION('s0_bot_e4_dir',(-0.4618641,0.8869507,0.0000000));
#350 = VECTOR('s0_bot_e4_vec',#349,0.0096617);
#351 = CARTESIAN_POINT('s0_bot_e4_origin',(0.1040710,0.0378787,0.0000000));
#352 = LINE('s0_bot_e4_line',#351,#350);
#353 = EDGE_CURVE('s0_bot_e4',#149,#150,#352,.T.);
#354 = DIRECTION('s0_top_e4_dir',(-0.4618641,0.8869507,0.0000000));
#355 = VECTOR('s0_top_e4_vec',#354,0.0096617);
#356 = CARTESIAN_POINT('s0_top_e4_origin',(0.1040710,0.0378787,1.3150000));
#357 = LINE('s0_top_e4_line',#356,#355);
#358 = EDGE_CURVE('s0_top_e4',#221,#222,#357,.T.);
#359 = DIRECTION('s0_vert_e4_dir',(0.0000000,0.0000000,1.0000000));
#360 = VECTOR('s0_vert_e4_vec',#359,1.3150000);
#361 = CARTESIAN_POINT('s0_vert_e4_origin',(0.1040710,0.0378787,0.0000000));
#362 = LINE('s0_vert_e4_line',#361,#360);
#363 = EDGE_CURVE('s0_vert_e4',#149,#221,#362,.T.);
#364 = DIRECTION('s0_bot_e5_dir',(-0.5433837,0.8394844,0.0000000));
#365 = VECTOR('s0_bot_e5_vec',#364,0.0095913);
#366 = CARTESIAN_POINT('s0_bot_e5_origin',(0.0996085,0.0464482,0.0000000));
#367 = LINE('s0_bot_e5_line',#366,#365);
#368 = EDGE_CURVE('s0_bot_e5',#150,#151,#367,.T.);
#369 = DIRECTION('s0_top_e5_dir',(-0.5433837,0.8394844,0.0000000));
#370 = VECTOR('s0_top_e5_vec',#369,0.0095913);
#371 = CARTESIAN_POINT('s0_top_e5_origin',(0.0996085,0.0464482,1.3150000));
#372 = LINE('s0_top_e5_line',#371,#370);
#373 = EDGE_CURVE('s0_top_e5',#222,#223,#372,.T.);
#374 = DIRECTION('s0_vert_e5_dir',(0.0000000,0.0000000,1.0000000));
#375 = VECTOR('s0_vert_e5_vec',#374,1.3150000);
#376 = CARTESIAN_POINT('s0_vert_e5_origin',(0.0996085,0.0464482,0.0000000));
#377 = LINE('s0_vert_e5_line',#376,#375);
#378 = EDGE_CURVE('s0_vert_e5',#150,#222,#377,.T.);
#379 = DIRECTION('s0_bot_e6_dir',(-0.6151001,0.7884490,0.0000000));
#380 = VECTOR('s0_bot_e6_vec',#379,0.0095127);
#381 = CARTESIAN_POINT('s0_bot_e6_origin',(0.0943968,0.0545000,0.0000000));
#382 = LINE('s0_bot_e6_line',#381,#380);
#383 = EDGE_CURVE('s0_bot_e6',#151,#152,#382,.T.);
#384 = DIRECTION('s0_top_e6_dir',(-0.6151001,0.7884490,0.0000000));
#385 = VECTOR('s0_top_e6_vec',#384,0.0095127);
#386 = CARTESIAN_POINT('s0_top_e6_origin',(0.0943968,0.0545000,1.3150000));
#387 = LINE('s0_top_e6_line',#386,#385);
#388 = EDGE_CURVE('s0_top_e6',#223,#224,#387,.T.);
#389 = DIRECTION('s0_vert_e6_dir',(0.0000000,0.0000000,1.0000000));
#390 = VECTOR('s0_vert_e6_vec',#389,1.3150000);
#391 = CARTESIAN_POINT('s0_vert_e6_origin',(0.0943968,0.0545000,0.0000000));
#392 = LINE('s0_vert_e6_line',#391,#390);
#393 = EDGE_CURVE('s0_vert_e6',#151,#223,#392,.T.);
#394 = DIRECTION('s0_bot_e7_dir',(-0.6772654,0.7357388,0.0000000));
#395 = VECTOR('s0_bot_e7_vec',#394,0.0094310);
#396 = CARTESIAN_POINT('s0_bot_e7_origin',(0.0885455,0.0620002,0.0000000));
#397 = LINE('s0_bot_e7_line',#396,#395);
#398 = EDGE_CURVE('s0_bot_e7',#152,#153,#397,.T.);
#399 = DIRECTION('s0_top_e7_dir',(-0.6772654,0.7357388,0.0000000));
#400 = VECTOR('s0_top_e7_vec',#399,0.0094310);
#401 = CARTESIAN_POINT('s0_top_e7_origin',(0.0885455,0.0620002,1.3150000));
#402 = LINE('s0_top_e7_line',#401,#400);
#403 = EDGE_CURVE('s0_top_e7',#224,#225,#402,.T.);
#404 = DIRECTION('s0_vert_e7_dir',(0.0000000,0.0000000,1.0000000));
#405 = VECTOR('s0_vert_e7_vec',#404,1.3150000);
#406 = CARTESIAN_POINT('s0_vert_e7_origin',(0.0885455,0.0620002,0.0000000));
#407 = LINE('s0_vert_e7_line',#406,#405);
#408 = EDGE_CURVE('s0_vert_e7',#152,#224,#407,.T.);
#409 = DIRECTION('s0_bot_e8_dir',(-0.7306490,0.6827533,0.0000000));
#410 = VECTOR('s0_bot_e8_vec',#409,0.0093528);
#411 = CARTESIAN_POINT('s0_bot_e8_origin',(0.0821583,0.0689390,0.0000000));
#412 = LINE('s0_bot_e8_line',#411,#410);
#413 = EDGE_CURVE('s0_bot_e8',#153,#154,#412,.T.);
#414 = DIRECTION('s0_top_e8_dir',(-0.7306490,0.6827533,0.0000000));
#415 = VECTOR('s0_top_e8_vec',#414,0.0093528);
#416 = CARTESIAN_POINT('s0_top_e8_origin',(0.0821583,0.0689390,1.3150000));
#417 = LINE('s0_top_e8_line',#416,#415);
#418 = EDGE_CURVE('s0_top_e8',#225,#226,#417,.T.);
#419 = DIRECTION('s0_vert_e8_dir',(0.0000000,0.0000000,1.0000000));
#420 = VECTOR('s0_vert_e8_vec',#419,1.3150000);
#421 = CARTESIAN_POINT('s0_vert_e8_origin',(0.0821583,0.0689390,0.0000000));
#422 = LINE('s0_vert_e8_line',#421,#420);
#423 = EDGE_CURVE('s0_vert_e8',#153,#225,#422,.T.);
#424 = DIRECTION('s0_bot_e9_dir',(-0.7763863,0.6302574,0.0000000));
#425 = VECTOR('s0_bot_e9_vec',#424,0.0092855);
#426 = CARTESIAN_POINT('s0_bot_e9_origin',(0.0753246,0.0753246,0.0000000));
#427 = LINE('s0_bot_e9_line',#426,#425);
#428 = EDGE_CURVE('s0_bot_e9',#154,#155,#427,.T.);
#429 = DIRECTION('s0_top_e9_dir',(-0.7763863,0.6302574,0.0000000));
#430 = VECTOR('s0_top_e9_vec',#429,0.0092855);
#431 = CARTESIAN_POINT('s0_top_e9_origin',(0.0753246,0.0753246,1.3150000));
#432 = LINE('s0_top_e9_line',#431,#430);
#433 = EDGE_CURVE('s0_top_e9',#226,#227,#432,.T.);
#434 = DIRECTION('s0_vert_e9_dir',(0.0000000,0.0000000,1.0000000));
#435 = VECTOR('s0_vert_e9_vec',#434,1.3150000);
#436 = CARTESIAN_POINT('s0_vert_e9_origin',(0.0753246,0.0753246,0.0000000));
#437 = LINE('s0_vert_e9_line',#436,#435);
#438 = EDGE_CURVE('s0_vert_e9',#154,#226,#437,.T.);
#439 = DIRECTION('s0_bot_e10_dir',(-0.8158100,0.5783200,0.0000000));
#440 = VECTOR('s0_bot_e10_vec',#439,0.0092360);
#441 = CARTESIAN_POINT('s0_bot_e10_origin',(0.0681155,0.0811769,0.0000000));
#442 = LINE('s0_bot_e10_line',#441,#440);
#443 = EDGE_CURVE('s0_bot_e10',#155,#156,#442,.T.);
#444 = DIRECTION('s0_top_e10_dir',(-0.8158100,0.5783200,0.0000000));
#445 = VECTOR('s0_top_e10_vec',#444,0.0092360);
#446 = CARTESIAN_POINT('s0_top_e10_origin',(0.0681155,0.0811769,1.3150000));
#447 = LINE('s0_top_e10_line',#446,#445);
#448 = EDGE_CURVE('s0_top_e10',#227,#228,#447,.T.);
#449 = DIRECTION('s0_vert_e10_dir',(0.0000000,0.0000000,1.0000000));
#450 = VECTOR('s0_vert_e10_vec',#449,1.3150000);
#451 = CARTESIAN_POINT('s0_vert_e10_origin',(0.0681155,0.0811769,0.0000000));
#452 = LINE('s0_vert_e10_line',#451,#450);
#453 = EDGE_CURVE('s0_vert_e10',#155,#227,#452,.T.);
#454 = DIRECTION('s0_bot_e11_dir',(-0.8502719,0.5263436,0.0000000));
#455 = VECTOR('s0_bot_e11_vec',#454,0.0092097);
#456 = CARTESIAN_POINT('s0_bot_e11_origin',(0.0605807,0.0865182,0.0000000));
#457 = LINE('s0_bot_e11_line',#456,#455);
#458 = EDGE_CURVE('s0_bot_e11',#156,#157,#457,.T.);
#459 = DIRECTION('s0_top_e11_dir',(-0.8502719,0.5263436,0.0000000));
#460 = VECTOR('s0_top_e11_vec',#459,0.0092097);
#461 = CARTESIAN_POINT('s0_top_e11_origin',(0.0605807,0.0865182,1.3150000));
#462 = LINE('s0_top_e11_line',#461,#460);
#463 = EDGE_CURVE('s0_top_e11',#228,#229,#462,.T.);
#464 = DIRECTION('s0_vert_e11_dir',(0.0000000,0.0000000,1.0000000));
#465 = VECTOR('s0_vert_e11_vec',#464,1.3150000);
#466 = CARTESIAN_POINT('s0_vert_e11_origin',(0.0605807,0.0865182,0.0000000));
#467 = LINE('s0_vert_e11_line',#466,#465);
#468 = EDGE_CURVE('s0_vert_e11',#156,#228,#467,.T.);
#469 = DIRECTION('s0_bot_e12_dir',(-0.8809629,0.4731853,0.0000000));
#470 = VECTOR('s0_bot_e12_vec',#469,0.0092097);
#471 = CARTESIAN_POINT('s0_bot_e12_origin',(0.0527500,0.0913657,0.0000000));
#472 = LINE('s0_bot_e12_line',#471,#470);
#473 = EDGE_CURVE('s0_bot_e12',#157,#158,#472,.T.);
#474 = DIRECTION('s0_top_e12_dir',(-0.8809629,0.4731853,0.0000000));
#475 = VECTOR('s0_top_e12_vec',#474,0.0092097);
#476 = CARTESIAN_POINT('s0_top_e12_origin',(0.0527500,0.0913657,1.3150000));
#477 = LINE('s0_top_e12_line',#476,#475);
#478 = EDGE_CURVE('s0_top_e12',#229,#230,#477,.T.);
#479 = DIRECTION('s0_vert_e12_dir',(0.0000000,0.0000000,1.0000000));
#480 = VECTOR('s0_vert_e12_vec',#479,1.3150000);
#481 = CARTESIAN_POINT('s0_vert_e12_origin',(0.0527500,0.0913657,0.0000000));
#482 = LINE('s0_vert_e12_line',#481,#480);
#483 = EDGE_CURVE('s0_vert_e12',#157,#229,#482,.T.);
#484 = DIRECTION('s0_bot_e13_dir',(-0.9087448,0.4173522,0.0000000));
#485 = VECTOR('s0_bot_e13_vec',#484,0.0092360);
#486 = CARTESIAN_POINT('s0_bot_e13_origin',(0.0446366,0.0957236,0.0000000));
#487 = LINE('s0_bot_e13_line',#486,#485);
#488 = EDGE_CURVE('s0_bot_e13',#158,#159,#487,.T.);
#489 = DIRECTION('s0_top_e13_dir',(-0.9087448,0.4173522,0.0000000));
#490 = VECTOR('s0_top_e13_vec',#489,0.0092360);
#491 = CARTESIAN_POINT('s0_top_e13_origin',(0.0446366,0.0957236,1.3150000));
#492 = LINE('s0_top_e13_line',#491,#490);
#493 = EDGE_CURVE('s0_top_e13',#230,#231,#492,.T.);
#494 = DIRECTION('s0_vert_e13_dir',(0.0000000,0.0000000,1.0000000));
#495 = VECTOR('s0_vert_e13_vec',#494,1.3150000);
#496 = CARTESIAN_POINT('s0_vert_e13_origin',(0.0446366,0.0957236,0.0000000));
#497 = LINE('s0_vert_e13_line',#496,#495);
#498 = EDGE_CURVE('s0_vert_e13',#158,#230,#497,.T.);
#499 = DIRECTION('s0_bot_e14_dir',(-0.9340120,0.3572415,0.0000000));
#500 = VECTOR('s0_bot_e14_vec',#499,0.0092855);
#501 = CARTESIAN_POINT('s0_bot_e14_origin',(0.0362435,0.0995782,0.0000000));
#502 = LINE('s0_bot_e14_line',#501,#500);
#503 = EDGE_CURVE('s0_bot_e14',#159,#160,#502,.T.);
#504 = DIRECTION('s0_top_e14_dir',(-0.9340120,0.3572415,0.0000000));
#505 = VECTOR('s0_top_e14_vec',#504,0.0092855);
#506 = CARTESIAN_POINT('s0_top_e14_origin',(0.0362435,0.0995782,1.3150000));
#507 = LINE('s0_top_e14_line',#506,#505);
#508 = EDGE_CURVE('s0_top_e14',#231,#232,#507,.T.);
#509 = DIRECTION('s0_vert_e14_dir',(0.0000000,0.0000000,1.0000000));
#510 = VECTOR('s0_vert_e14_vec',#509,1.3150000);
#511 = CARTESIAN_POINT('s0_vert_e14_origin',(0.0362435,0.0995782,0.0000000));
#512 = LINE('s0_vert_e14_line',#511,#510);
#513 = EDGE_CURVE('s0_vert_e14',#159,#231,#512,.T.);
#514 = DIRECTION('s0_bot_e15_dir',(-0.9566062,0.2913839,0.0000000));
#515 = VECTOR('s0_bot_e15_vec',#514,0.0093528);
#516 = CARTESIAN_POINT('s0_bot_e15_origin',(0.0275707,0.1028954,0.0000000));
#517 = LINE('s0_bot_e15_line',#516,#515);
#518 = EDGE_CURVE('s0_bot_e15',#160,#161,#517,.T.);
#519 = DIRECTION('s0_top_e15_dir',(-0.9566062,0.2913839,0.0000000));
#520 = VECTOR('s0_top_e15_vec',#519,0.0093528);
#521 = CARTESIAN_POINT('s0_top_e15_origin',(0.0275707,0.1028954,1.3150000));
#522 = LINE('s0_top_e15_line',#521,#520);
#523 = EDGE_CURVE('s0_top_e15',#232,#233,#522,.T.);
#524 = DIRECTION('s0_vert_e15_dir',(0.0000000,0.0000000,1.0000000));
#525 = VECTOR('s0_vert_e15_vec',#524,1.3150000);
#526 = CARTESIAN_POINT('s0_vert_e15_origin',(0.0275707,0.1028954,0.0000000));
#527 = LINE('s0_vert_e15_line',#526,#525);
#528 = EDGE_CURVE('s0_vert_e15',#160,#232,#527,.T.);
#529 = DIRECTION('s0_bot_e16_dir',(-0.9758012,0.2186597,0.0000000));
#530 = VECTOR('s0_bot_e16_vec',#529,0.0094310);
#531 = CARTESIAN_POINT('s0_bot_e16_origin',(0.0186238,0.1056206,0.0000000));
#532 = LINE('s0_bot_e16_line',#531,#530);
#533 = EDGE_CURVE('s0_bot_e16',#161,#162,#532,.T.);
#534 = DIRECTION('s0_top_e16_dir',(-0.9758012,0.2186597,0.0000000));
#535 = VECTOR('s0_top_e16_vec',#534,0.0094310);
#536 = CARTESIAN_POINT('s0_top_e16_origin',(0.0186238,0.1056206,1.3150000));
#537 = LINE('s0_top_e16_line',#536,#535);
#538 = EDGE_CURVE('s0_top_e16',#233,#234,#537,.T.);
#539 = DIRECTION('s0_vert_e16_dir',(0.0000000,0.0000000,1.0000000));
#540 = VECTOR('s0_vert_e16_vec',#539,1.3150000);
#541 = CARTESIAN_POINT('s0_vert_e16_origin',(0.0186238,0.1056206,0.0000000));
#542 = LINE('s0_vert_e16_line',#541,#540);
#543 = EDGE_CURVE('s0_vert_e16',#161,#233,#542,.T.);
#544 = DIRECTION('s0_bot_e17_dir',(-0.9903669,0.1384678,0.0000000));
#545 = VECTOR('s0_bot_e17_vec',#544,0.0095127);
#546 = CARTESIAN_POINT('s0_bot_e17_origin',(0.0094210,0.1076828,0.0000000));
#547 = LINE('s0_bot_e17_line',#546,#545);
#548 = EDGE_CURVE('s0_bot_e17',#162,#163,#547,.T.);
#549 = DIRECTION('s0_top_e17_dir',(-0.9903669,0.1384678,0.0000000));
#550 = VECTOR('s0_top_e17_vec',#549,0.0095127);
#551 = CARTESIAN_POINT('s0_top_e17_origin',(0.0094210,0.1076828,1.3150000));
#552 = LINE('s0_top_e17_line',#551,#550);
#553 = EDGE_CURVE('s0_top_e17',#234,#235,#552,.T.);
#554 = DIRECTION('s0_vert_e17_dir',(0.0000000,0.0000000,1.0000000));
#555 = VECTOR('s0_vert_e17_vec',#554,1.3150000);
#556 = CARTESIAN_POINT('s0_vert_e17_origin',(0.0094210,0.1076828,0.0000000));
#557 = LINE('s0_vert_e17_line',#556,#555);
#558 = EDGE_CURVE('s0_vert_e17',#162,#234,#557,.T.);
#559 = DIRECTION('s0_bot_e18_dir',(-0.9987067,0.0508419,0.0000000));
#560 = VECTOR('s0_bot_e18_vec',#559,0.0095913);
#561 = CARTESIAN_POINT('s0_bot_e18_origin',(0.0000000,0.1090000,0.0000000));
#562 = LINE('s0_bot_e18_line',#561,#560);
#563 = EDGE_CURVE('s0_bot_e18',#163,#164,#562,.T.);
#564 = DIRECTION('s0_top_e18_dir',(-0.9987067,0.0508419,0.0000000));
#565 = VECTOR('s0_top_e18_vec',#564,0.0095913);
#566 = CARTESIAN_POINT('s0_top_e18_origin',(0.0000000,0.1090000,1.3150000));
#567 = LINE('s0_top_e18_line',#566,#565);
#568 = EDGE_CURVE('s0_top_e18',#235,#236,#567,.T.);
#569 = DIRECTION('s0_vert_e18_dir',(0.0000000,0.0000000,1.0000000));
#570 = VECTOR('s0_vert_e18_vec',#569,1.3150000);
#571 = CARTESIAN_POINT('s0_vert_e18_origin',(0.0000000,0.1090000,0.0000000));
#572 = LINE('s0_vert_e18_line',#571,#570);
#573 = EDGE_CURVE('s0_vert_e18',#163,#235,#572,.T.);
#574 = DIRECTION('s0_bot_e19_dir',(-0.9990539,-0.0434893,0.0000000));
#575 = VECTOR('s0_bot_e19_vec',#574,0.0096617);
#576 = CARTESIAN_POINT('s0_bot_e19_origin',(-0.0095789,0.1094876,0.0000000));
#577 = LINE('s0_bot_e19_line',#576,#575);
#578 = EDGE_CURVE('s0_bot_e19',#164,#165,#577,.T.);
#579 = DIRECTION('s0_top_e19_dir',(-0.9990539,-0.0434893,0.0000000));
#580 = VECTOR('s0_top_e19_vec',#579,0.0096617);
#581 = CARTESIAN_POINT('s0_top_e19_origin',(-0.0095789,0.1094876,1.3150000));
#582 = LINE('s0_top_e19_line',#581,#580);
#583 = EDGE_CURVE('s0_top_e19',#236,#237,#582,.T.);
#584 = DIRECTION('s0_vert_e19_dir',(0.0000000,0.0000000,1.0000000));
#585 = VECTOR('s0_vert_e19_vec',#584,1.3150000);
#586 = CARTESIAN_POINT('s0_vert_e19_origin',(-0.0095789,0.1094876,0.0000000));
#587 = LINE('s0_vert_e19_line',#586,#585);
#588 = EDGE_CURVE('s0_vert_e19',#164,#236,#587,.T.);
#589 = DIRECTION('s0_bot_e20_dir',(-0.9897079,-0.1431021,0.0000000));
#590 = VECTOR('s0_bot_e20_vec',#589,0.0097203);
#591 = CARTESIAN_POINT('s0_bot_e20_origin',(-0.0192315,0.1090675,0.0000000));
#592 = LINE('s0_bot_e20_line',#591,#590);
#593 = EDGE_CURVE('s0_bot_e20',#165,#166,#592,.T.);
#594 = DIRECTION('s0_top_e20_dir',(-0.9897079,-0.1431021,0.0000000));
#595 = VECTOR('s0_top_e20_vec',#594,0.0097203);
#596 = CARTESIAN_POINT('s0_top_e20_origin',(-0.0192315,0.1090675,1.3150000));
#597 = LINE('s0_top_e20_line',#596,#595);
#598 = EDGE_CURVE('s0_top_e20',#237,#238,#597,.T.);
#599 = DIRECTION('s0_vert_e20_dir',(0.0000000,0.0000000,1.0000000));
#600 = VECTOR('s0_vert_e20_vec',#599,1.3150000);
#601 = CARTESIAN_POINT('s0_vert_e20_origin',(-0.0192315,0.1090675,0.0000000));
#602 = LINE('s0_vert_e20_line',#601,#600);
#603 = EDGE_CURVE('s0_vert_e20',#165,#237,#602,.T.);
#604 = DIRECTION('s0_bot_e21_dir',(-0.9692834,-0.2459465,0.0000000));
#605 = VECTOR('s0_bot_e21_vec',#604,0.0097650);
#606 = CARTESIAN_POINT('s0_bot_e21_origin',(-0.0288518,0.1076765,0.0000000));
#607 = LINE('s0_bot_e21_line',#606,#605);
#608 = EDGE_CURVE('s0_bot_e21',#166,#167,#607,.T.);
#609 = DIRECTION('s0_top_e21_dir',(-0.9692834,-0.2459465,0.0000000));
#610 = VECTOR('s0_top_e21_vec',#609,0.0097650);
#611 = CARTESIAN_POINT('s0_top_e21_origin',(-0.0288518,0.1076765,1.3150000));
#612 = LINE('s0_top_e21_line',#611,#610);
#613 = EDGE_CURVE('s0_top_e21',#238,#239,#612,.T.);
#614 = DIRECTION('s0_vert_e21_dir',(0.0000000,0.0000000,1.0000000));
#615 = VECTOR('s0_vert_e21_vec',#614,1.3150000);
#616 = CARTESIAN_POINT('s0_vert_e21_origin',(-0.0288518,0.1076765,0.0000000));
#617 = LINE('s0_vert_e21_line',#616,#615);
#618 = EDGE_CURVE('s0_vert_e21',#166,#238,#617,.T.);
#619 = DIRECTION('s0_bot_e22_dir',(-0.9369395,-0.3494915,0.0000000));
#620 = VECTOR('s0_bot_e22_vec',#619,0.0097949);
#621 = CARTESIAN_POINT('s0_bot_e22_origin',(-0.0383169,0.1052748,0.0000000));
#622 = LINE('s0_bot_e22_line',#621,#620);
#623 = EDGE_CURVE('s0_bot_e22',#167,#168,#622,.T.);
#624 = DIRECTION('s0_top_e22_dir',(-0.9369395,-0.3494915,0.0000000));
#625 = VECTOR('s0_top_e22_vec',#624,0.0097949);
#626 = CARTESIAN_POINT('s0_top_e22_origin',(-0.0383169,0.1052748,1.3150000));
#627 = LINE('s0_top_e22_line',#626,#625);
#628 = EDGE_CURVE('s0_top_e22',#239,#240,#627,.T.);
#629 = DIRECTION('s0_vert_e22_dir',(0.0000000,0.0000000,1.0000000));
#630 = VECTOR('s0_vert_e22_vec',#629,1.3150000);
#631 = CARTESIAN_POINT('s0_vert_e22_origin',(-0.0383169,0.1052748,0.0000000));
#632 = LINE('s0_vert_e22_line',#631,#630);
#633 = EDGE_CURVE('s0_vert_e22',#167,#239,#632,.T.);
#634 = DIRECTION('s0_bot_e23_dir',(-0.8925536,-0.4509414,0.0000000));
#635 = VECTOR('s0_bot_e23_vec',#634,0.0098099);
#636 = CARTESIAN_POINT('s0_bot_e23_origin',(-0.0474942,0.1018515,0.0000000));
#637 = LINE('s0_bot_e23_line',#636,#635);
#638 = EDGE_CURVE('s0_bot_e23',#168,#169,#637,.T.);
#639 = DIRECTION('s0_top_e23_dir',(-0.8925536,-0.4509414,0.0000000));
#640 = VECTOR('s0_top_e23_vec',#639,0.0098099);
#641 = CARTESIAN_POINT('s0_top_e23_origin',(-0.0474942,0.1018515,1.3150000));
#642 = LINE('s0_top_e23_line',#641,#640);
#643 = EDGE_CURVE('s0_top_e23',#240,#241,#642,.T.);
#644 = DIRECTION('s0_vert_e23_dir',(0.0000000,0.0000000,1.0000000));
#645 = VECTOR('s0_vert_e23_vec',#644,1.3150000);
#646 = CARTESIAN_POINT('s0_vert_e23_origin',(-0.0474942,0.1018515,0.0000000));
#647 = LINE('s0_vert_e23_line',#646,#645);
#648 = EDGE_CURVE('s0_vert_e23',#168,#240,#647,.T.);
#649 = DIRECTION('s0_bot_e24_dir',(-0.8368035,-0.5475034,0.0000000));
#650 = VECTOR('s0_bot_e24_vec',#649,0.0098099);
#651 = CARTESIAN_POINT('s0_bot_e24_origin',(-0.0562500,0.0974279,0.0000000));
#652 = LINE('s0_bot_e24_line',#651,#650);
#653 = EDGE_CURVE('s0_bot_e24',#169,#170,#652,.T.);
#654 = DIRECTION('s0_top_e24_dir',(-0.8368035,-0.5475034,0.0000000));
#655 = VECTOR('s0_top_e24_vec',#654,0.0098099);
#656 = CARTESIAN_POINT('s0_top_e24_origin',(-0.0562500,0.0974279,1.3150000));
#657 = LINE('s0_top_e24_line',#656,#655);
#658 = EDGE_CURVE('s0_top_e24',#241,#242,#657,.T.);
#659 = DIRECTION('s0_vert_e24_dir',(0.0000000,0.0000000,1.0000000));
#660 = VECTOR('s0_vert_e24_vec',#659,1.3150000);
#661 = CARTESIAN_POINT('s0_vert_e24_origin',(-0.0562500,0.0974279,0.0000000));
#662 = LINE('s0_vert_e24_line',#661,#660);
#663 = EDGE_CURVE('s0_vert_e24',#169,#241,#662,.T.);
#664 = DIRECTION('s0_bot_e25_dir',(-0.7711383,-0.6366677,0.0000000));
#665 = VECTOR('s0_bot_e25_vec',#664,0.0097949);
#666 = CARTESIAN_POINT('s0_bot_e25_origin',(-0.0644589,0.0920569,0.0000000));
#667 = LINE('s0_bot_e25_line',#666,#665);
#668 = EDGE_CURVE('s0_bot_e25',#170,#171,#667,.T.);
#669 = DIRECTION('s0_top_e25_dir',(-0.7711383,-0.6366677,0.0000000));
#670 = VECTOR('s0_top_e25_vec',#669,0.0097949);
#671 = CARTESIAN_POINT('s0_top_e25_origin',(-0.0644589,0.0920569,1.3150000));
#672 = LINE('s0_top_e25_line',#671,#670);
#673 = EDGE_CURVE('s0_top_e25',#242,#243,#672,.T.);
#674 = DIRECTION('s0_vert_e25_dir',(0.0000000,0.0000000,1.0000000));
#675 = VECTOR('s0_vert_e25_vec',#674,1.3150000);
#676 = CARTESIAN_POINT('s0_vert_e25_origin',(-0.0644589,0.0920569,0.0000000));
#677 = LINE('s0_vert_e25_line',#676,#675);
#678 = EDGE_CURVE('s0_vert_e25',#170,#242,#677,.T.);
#679 = DIRECTION('s0_bot_e26_dir',(-0.6976376,-0.7164508,0.0000000));
#680 = VECTOR('s0_bot_e26_vec',#679,0.0097650);
#681 = CARTESIAN_POINT('s0_bot_e26_origin',(-0.0720122,0.0858208,0.0000000));
#682 = LINE('s0_bot_e26_line',#681,#680);
#683 = EDGE_CURVE('s0_bot_e26',#171,#172,#682,.T.);
#684 = DIRECTION('s0_top_e26_dir',(-0.6976376,-0.7164508,0.0000000));
#685 = VECTOR('s0_top_e26_vec',#684,0.0097650);
#686 = CARTESIAN_POINT('s0_top_e26_origin',(-0.0720122,0.0858208,1.3150000));
#687 = LINE('s0_top_e26_line',#686,#685);
#688 = EDGE_CURVE('s0_top_e26',#243,#244,#687,.T.);
#689 = DIRECTION('s0_vert_e26_dir',(0.0000000,0.0000000,1.0000000));
#690 = VECTOR('s0_vert_e26_vec',#689,1.3150000);
#691 = CARTESIAN_POINT('s0_vert_e26_origin',(-0.0720122,0.0858208,0.0000000));
#692 = LINE('s0_vert_e26_line',#691,#690);
#693 = EDGE_CURVE('s0_vert_e26',#171,#243,#692,.T.);
#694 = DIRECTION('s0_bot_e27_dir',(-0.6187840,-0.7855612,0.0000000));
#695 = VECTOR('s0_bot_e27_vec',#694,0.0097203);
#696 = CARTESIAN_POINT('s0_bot_e27_origin',(-0.0788246,0.0788246,0.0000000));
#697 = LINE('s0_bot_e27_line',#696,#695);
#698 = EDGE_CURVE('s0_bot_e27',#172,#173,#697,.T.);
#699 = DIRECTION('s0_top_e27_dir',(-0.6187840,-0.7855612,0.0000000));
#700 = VECTOR('s0_top_e27_vec',#699,0.0097203);
#701 = CARTESIAN_POINT('s0_top_e27_origin',(-0.0788246,0.0788246,1.3150000));
#702 = LINE('s0_top_e27_line',#701,#700);
#703 = EDGE_CURVE('s0_top_e27',#244,#245,#702,.T.);
#704 = DIRECTION('s0_vert_e27_dir',(0.0000000,0.0000000,1.0000000));
#705 = VECTOR('s0_vert_e27_vec',#704,1.3150000);
#706 = CARTESIAN_POINT('s0_vert_e27_origin',(-0.0788246,0.0788246,0.0000000));
#707 = LINE('s0_vert_e27_line',#706,#705);
#708 = EDGE_CURVE('s0_vert_e27',#172,#244,#707,.T.);
#709 = DIRECTION('s0_bot_e28_dir',(-0.5371898,-0.8434614,0.0000000));
#710 = VECTOR('s0_bot_e28_vec',#709,0.0096617);
#711 = CARTESIAN_POINT('s0_bot_e28_origin',(-0.0848394,0.0711887,0.0000000));
#712 = LINE('s0_bot_e28_line',#711,#710);
#713 = EDGE_CURVE('s0_bot_e28',#173,#174,#712,.T.);
#714 = DIRECTION('s0_top_e28_dir',(-0.5371898,-0.8434614,0.0000000));
#715 = VECTOR('s0_top_e28_vec',#714,0.0096617);
#716 = CARTESIAN_POINT('s0_top_e28_origin',(-0.0848394,0.0711887,1.3150000));
#717 = LINE('s0_top_e28_line',#716,#715);
#718 = EDGE_CURVE('s0_top_e28',#245,#246,#717,.T.);
#719 = DIRECTION('s0_vert_e28_dir',(0.0000000,0.0000000,1.0000000));
#720 = VECTOR('s0_vert_e28_vec',#719,1.3150000);
#721 = CARTESIAN_POINT('s0_vert_e28_origin',(-0.0848394,0.0711887,0.0000000));
#722 = LINE('s0_vert_e28_line',#721,#720);
#723 = EDGE_CURVE('s0_vert_e28',#173,#245,#722,.T.);
#724 = DIRECTION('s0_bot_e29_dir',(-0.4553230,-0.8903263,0.0000000));
#725 = VECTOR('s0_bot_e29_vec',#724,0.0095913);
#726 = CARTESIAN_POINT('s0_bot_e29_origin',(-0.0900296,0.0630394,0.0000000));
#727 = LINE('s0_bot_e29_line',#726,#725);
#728 = EDGE_CURVE('s0_bot_e29',#174,#175,#727,.T.);
#729 = DIRECTION('s0_top_e29_dir',(-0.4553230,-0.8903263,0.0000000));
#730 = VECTOR('s0_top_e29_vec',#729,0.0095913);
#731 = CARTESIAN_POINT('s0_top_e29_origin',(-0.0900296,0.0630394,1.3150000));
#732 = LINE('s0_top_e29_line',#731,#730);
#733 = EDGE_CURVE('s0_top_e29',#246,#247,#732,.T.);
#734 = DIRECTION('s0_vert_e29_dir',(0.0000000,0.0000000,1.0000000));
#735 = VECTOR('s0_vert_e29_vec',#734,1.3150000);
#736 = CARTESIAN_POINT('s0_vert_e29_origin',(-0.0900296,0.0630394,0.0000000));
#737 = LINE('s0_vert_e29_line',#736,#735);
#738 = EDGE_CURVE('s0_vert_e29',#174,#246,#737,.T.);
#739 = DIRECTION('s0_bot_e30_dir',(-0.3752668,-0.9269168,0.0000000));
#740 = VECTOR('s0_bot_e30_vec',#739,0.0095127);
#741 = CARTESIAN_POINT('s0_bot_e30_origin',(-0.0943968,0.0545000,0.0000000));
#742 = LINE('s0_bot_e30_line',#741,#740);
#743 = EDGE_CURVE('s0_bot_e30',#175,#176,#742,.T.);
#744 = DIRECTION('s0_top_e30_dir',(-0.3752668,-0.9269168,0.0000000));
#745 = VECTOR('s0_top_e30_vec',#744,0.0095127);
#746 = CARTESIAN_POINT('s0_top_e30_origin',(-0.0943968,0.0545000,1.3150000));
#747 = LINE('s0_top_e30_line',#746,#745);
#748 = EDGE_CURVE('s0_top_e30',#247,#248,#747,.T.);
#749 = DIRECTION('s0_vert_e30_dir',(0.0000000,0.0000000,1.0000000));
#750 = VECTOR('s0_vert_e30_vec',#749,1.3150000);
#751 = CARTESIAN_POINT('s0_vert_e30_origin',(-0.0943968,0.0545000,0.0000000));
#752 = LINE('s0_vert_e30_line',#751,#750);
#753 = EDGE_CURVE('s0_vert_e30',#175,#247,#752,.T.);
#754 = DIRECTION('s0_bot_e31_dir',(-0.2985357,-0.9543985,0.0000000));
#755 = VECTOR('s0_bot_e31_vec',#754,0.0094310);
#756 = CARTESIAN_POINT('s0_bot_e31_origin',(-0.0979666,0.0456826,0.0000000));
#757 = LINE('s0_bot_e31_line',#756,#755);
#758 = EDGE_CURVE('s0_bot_e31',#176,#177,#757,.T.);
#759 = DIRECTION('s0_top_e31_dir',(-0.2985357,-0.9543985,0.0000000));
#760 = VECTOR('s0_top_e31_vec',#759,0.0094310);
#761 = CARTESIAN_POINT('s0_top_e31_origin',(-0.0979666,0.0456826,1.3150000));
#762 = LINE('s0_top_e31_line',#761,#760);
#763 = EDGE_CURVE('s0_top_e31',#248,#249,#762,.T.);
#764 = DIRECTION('s0_vert_e31_dir',(0.0000000,0.0000000,1.0000000));
#765 = VECTOR('s0_vert_e31_vec',#764,1.3150000);
#766 = CARTESIAN_POINT('s0_vert_e31_origin',(-0.0979666,0.0456826,0.0000000));
#767 = LINE('s0_vert_e31_line',#766,#765);
#768 = EDGE_CURVE('s0_vert_e31',#176,#248,#767,.T.);
#769 = DIRECTION('s0_bot_e32_dir',(-0.2259572,-0.9741372,0.0000000));
#770 = VECTOR('s0_bot_e32_vec',#769,0.0093528);
#771 = CARTESIAN_POINT('s0_bot_e32_origin',(-0.1007820,0.0366817,0.0000000));
#772 = LINE('s0_bot_e32_line',#771,#770);
#773 = EDGE_CURVE('s0_bot_e32',#177,#178,#772,.T.);
#774 = DIRECTION('s0_top_e32_dir',(-0.2259572,-0.9741372,0.0000000));
#775 = VECTOR('s0_top_e32_vec',#774,0.0093528);
#776 = CARTESIAN_POINT('s0_top_e32_origin',(-0.1007820,0.0366817,1.3150000));
#777 = LINE('s0_top_e32_line',#776,#775);
#778 = EDGE_CURVE('s0_top_e32',#249,#250,#777,.T.);
#779 = DIRECTION('s0_vert_e32_dir',(0.0000000,0.0000000,1.0000000));
#780 = VECTOR('s0_vert_e32_vec',#779,1.3150000);
#781 = CARTESIAN_POINT('s0_vert_e32_origin',(-0.1007820,0.0366817,0.0000000));
#782 = LINE('s0_vert_e32_line',#781,#780);
#783 = EDGE_CURVE('s0_vert_e32',#177,#249,#782,.T.);
#784 = DIRECTION('s0_bot_e33_dir',(-0.1576258,-0.9874989,0.0000000));
#785 = VECTOR('s0_bot_e33_vec',#784,0.0092855);
#786 = CARTESIAN_POINT('s0_bot_e33_origin',(-0.1028954,0.0275707,0.0000000));
#787 = LINE('s0_bot_e33_line',#786,#785);
#788 = EDGE_CURVE('s0_bot_e33',#178,#179,#787,.T.);
#789 = DIRECTION('s0_top_e33_dir',(-0.1576258,-0.9874989,0.0000000));
#790 = VECTOR('s0_top_e33_vec',#789,0.0092855);
#791 = CARTESIAN_POINT('s0_top_e33_origin',(-0.1028954,0.0275707,1.3150000));
#792 = LINE('s0_top_e33_line',#791,#790);
#793 = EDGE_CURVE('s0_top_e33',#250,#251,#792,.T.);
#794 = DIRECTION('s0_vert_e33_dir',(0.0000000,0.0000000,1.0000000));
#795 = VECTOR('s0_vert_e33_vec',#794,1.3150000);
#796 = CARTESIAN_POINT('s0_vert_e33_origin',(-0.1028954,0.0275707,0.0000000));
#797 = LINE('s0_vert_e33_line',#796,#795);
#798 = EDGE_CURVE('s0_vert_e33',#178,#250,#797,.T.);
#799 = DIRECTION('s0_bot_e34_dir',(-0.0929348,-0.9956722,0.0000000));
#800 = VECTOR('s0_bot_e34_vec',#799,0.0092360);
#801 = CARTESIAN_POINT('s0_bot_e34_origin',(-0.1043590,0.0184013,0.0000000));
#802 = LINE('s0_bot_e34_line',#801,#800);
#803 = EDGE_CURVE('s0_bot_e34',#179,#180,#802,.T.);
#804 = DIRECTION('s0_top_e34_dir',(-0.0929348,-0.9956722,0.0000000));
#805 = VECTOR('s0_top_e34_vec',#804,0.0092360);
#806 = CARTESIAN_POINT('s0_top_e34_origin',(-0.1043590,0.0184013,1.3150000));
#807 = LINE('s0_top_e34_line',#806,#805);
#808 = EDGE_CURVE('s0_top_e34',#251,#252,#807,.T.);
#809 = DIRECTION('s0_vert_e34_dir',(0.0000000,0.0000000,1.0000000));
#810 = VECTOR('s0_vert_e34_vec',#809,1.3150000);
#811 = CARTESIAN_POINT('s0_vert_e34_origin',(-0.1043590,0.0184013,0.0000000));
#812 = LINE('s0_vert_e34_line',#811,#810);
#813 = EDGE_CURVE('s0_vert_e34',#179,#251,#812,.T.);
#814 = DIRECTION('s0_bot_e35_dir',(-0.0306910,-0.9995289,0.0000000));
#815 = VECTOR('s0_bot_e35_vec',#814,0.0092097);
#816 = CARTESIAN_POINT('s0_bot_e35_origin',(-0.1052173,0.0092053,0.0000000));
#817 = LINE('s0_bot_e35_line',#816,#815);
#818 = EDGE_CURVE('s0_bot_e35',#180,#181,#817,.T.);
#819 = DIRECTION('s0_top_e35_dir',(-0.0306910,-0.9995289,0.0000000));
#820 = VECTOR('s0_top_e35_vec',#819,0.0092097);
#821 = CARTESIAN_POINT('s0_top_e35_origin',(-0.1052173,0.0092053,1.3150000));
#822 = LINE('s0_top_e35_line',#821,#820);
#823 = EDGE_CURVE('s0_top_e35',#252,#253,#822,.T.);
#824 = DIRECTION('s0_vert_e35_dir',(0.0000000,0.0000000,1.0000000));
#825 = VECTOR('s0_vert_e35_vec',#824,1.3150000);
#826 = CARTESIAN_POINT('s0_vert_e35_origin',(-0.1052173,0.0092053,0.0000000));
#827 = LINE('s0_vert_e35_line',#826,#825);
#828 = EDGE_CURVE('s0_vert_e35',#180,#252,#827,.T.);
#829 = DIRECTION('s0_bot_e36_dir',(0.0306910,-0.9995289,0.0000000));
#830 = VECTOR('s0_bot_e36_vec',#829,0.0092097);
#831 = CARTESIAN_POINT('s0_bot_e36_origin',(-0.1055000,0.0000000,0.0000000));
#832 = LINE('s0_bot_e36_line',#831,#830);
#833 = EDGE_CURVE('s0_bot_e36',#181,#182,#832,.T.);
#834 = DIRECTION('s0_top_e36_dir',(0.0306910,-0.9995289,0.0000000));
#835 = VECTOR('s0_top_e36_vec',#834,0.0092097);
#836 = CARTESIAN_POINT('s0_top_e36_origin',(-0.1055000,0.0000000,1.3150000));
#837 = LINE('s0_top_e36_line',#836,#835);
#838 = EDGE_CURVE('s0_top_e36',#253,#254,#837,.T.);
#839 = DIRECTION('s0_vert_e36_dir',(0.0000000,0.0000000,1.0000000));
#840 = VECTOR('s0_vert_e36_vec',#839,1.3150000);
#841 = CARTESIAN_POINT('s0_vert_e36_origin',(-0.1055000,0.0000000,0.0000000));
#842 = LINE('s0_vert_e36_line',#841,#840);
#843 = EDGE_CURVE('s0_vert_e36',#181,#253,#842,.T.);
#844 = DIRECTION('s0_bot_e37_dir',(0.0929348,-0.9956722,0.0000000));
#845 = VECTOR('s0_bot_e37_vec',#844,0.0092360);
#846 = CARTESIAN_POINT('s0_bot_e37_origin',(-0.1052173,-0.0092053,0.0000000));
#847 = LINE('s0_bot_e37_line',#846,#845);
#848 = EDGE_CURVE('s0_bot_e37',#182,#183,#847,.T.);
#849 = DIRECTION('s0_top_e37_dir',(0.0929348,-0.9956722,0.0000000));
#850 = VECTOR('s0_top_e37_vec',#849,0.0092360);
#851 = CARTESIAN_POINT('s0_top_e37_origin',(-0.1052173,-0.0092053,1.3150000));
#852 = LINE('s0_top_e37_line',#851,#850);
#853 = EDGE_CURVE('s0_top_e37',#254,#255,#852,.T.);
#854 = DIRECTION('s0_vert_e37_dir',(0.0000000,0.0000000,1.0000000));
#855 = VECTOR('s0_vert_e37_vec',#854,1.3150000);
#856 = CARTESIAN_POINT('s0_vert_e37_origin',(-0.1052173,-0.0092053,0.0000000));
#857 = LINE('s0_vert_e37_line',#856,#855);
#858 = EDGE_CURVE('s0_vert_e37',#182,#254,#857,.T.);
#859 = DIRECTION('s0_bot_e38_dir',(0.1576258,-0.9874989,0.0000000));
#860 = VECTOR('s0_bot_e38_vec',#859,0.0092855);
#861 = CARTESIAN_POINT('s0_bot_e38_origin',(-0.1043590,-0.0184013,0.0000000));
#862 = LINE('s0_bot_e38_line',#861,#860);
#863 = EDGE_CURVE('s0_bot_e38',#183,#184,#862,.T.);
#864 = DIRECTION('s0_top_e38_dir',(0.1576258,-0.9874989,0.0000000));
#865 = VECTOR('s0_top_e38_vec',#864,0.0092855);
#866 = CARTESIAN_POINT('s0_top_e38_origin',(-0.1043590,-0.0184013,1.3150000));
#867 = LINE('s0_top_e38_line',#866,#865);
#868 = EDGE_CURVE('s0_top_e38',#255,#256,#867,.T.);
#869 = DIRECTION('s0_vert_e38_dir',(0.0000000,0.0000000,1.0000000));
#870 = VECTOR('s0_vert_e38_vec',#869,1.3150000);
#871 = CARTESIAN_POINT('s0_vert_e38_origin',(-0.1043590,-0.0184013,0.0000000));
#872 = LINE('s0_vert_e38_line',#871,#870);
#873 = EDGE_CURVE('s0_vert_e38',#183,#255,#872,.T.);
#874 = DIRECTION('s0_bot_e39_dir',(0.2259572,-0.9741372,0.0000000));
#875 = VECTOR('s0_bot_e39_vec',#874,0.0093528);
#876 = CARTESIAN_POINT('s0_bot_e39_origin',(-0.1028954,-0.0275707,0.0000000));
#877 = LINE('s0_bot_e39_line',#876,#875);
#878 = EDGE_CURVE('s0_bot_e39',#184,#185,#877,.T.);
#879 = DIRECTION('s0_top_e39_dir',(0.2259572,-0.9741372,0.0000000));
#880 = VECTOR('s0_top_e39_vec',#879,0.0093528);
#881 = CARTESIAN_POINT('s0_top_e39_origin',(-0.1028954,-0.0275707,1.3150000));
#882 = LINE('s0_top_e39_line',#881,#880);
#883 = EDGE_CURVE('s0_top_e39',#256,#257,#882,.T.);
#884 = DIRECTION('s0_vert_e39_dir',(0.0000000,0.0000000,1.0000000));
#885 = VECTOR('s0_vert_e39_vec',#884,1.3150000);
#886 = CARTESIAN_POINT('s0_vert_e39_origin',(-0.1028954,-0.0275707,0.0000000));
#887 = LINE('s0_vert_e39_line',#886,#885);
#888 = EDGE_CURVE('s0_vert_e39',#184,#256,#887,.T.);
#889 = DIRECTION('s0_bot_e40_dir',(0.2985357,-0.9543985,0.0000000));
#890 = VECTOR('s0_bot_e40_vec',#889,0.0094310);
#891 = CARTESIAN_POINT('s0_bot_e40_origin',(-0.1007820,-0.0366817,0.0000000));
#892 = LINE('s0_bot_e40_line',#891,#890);
#893 = EDGE_CURVE('s0_bot_e40',#185,#186,#892,.T.);
#894 = DIRECTION('s0_top_e40_dir',(0.2985357,-0.9543985,0.0000000));
#895 = VECTOR('s0_top_e40_vec',#894,0.0094310);
#896 = CARTESIAN_POINT('s0_top_e40_origin',(-0.1007820,-0.0366817,1.3150000));
#897 = LINE('s0_top_e40_line',#896,#895);
#898 = EDGE_CURVE('s0_top_e40',#257,#258,#897,.T.);
#899 = DIRECTION('s0_vert_e40_dir',(0.0000000,0.0000000,1.0000000));
#900 = VECTOR('s0_vert_e40_vec',#899,1.3150000);
#901 = CARTESIAN_POINT('s0_vert_e40_origin',(-0.1007820,-0.0366817,0.0000000));
#902 = LINE('s0_vert_e40_line',#901,#900);
#903 = EDGE_CURVE('s0_vert_e40',#185,#257,#902,.T.);
#904 = DIRECTION('s0_bot_e41_dir',(0.3752668,-0.9269168,0.0000000));
#905 = VECTOR('s0_bot_e41_vec',#904,0.0095127);
#906 = CARTESIAN_POINT('s0_bot_e41_origin',(-0.0979666,-0.0456826,0.0000000));
#907 = LINE('s0_bot_e41_line',#906,#905);
#908 = EDGE_CURVE('s0_bot_e41',#186,#187,#907,.T.);
#909 = DIRECTION('s0_top_e41_dir',(0.3752668,-0.9269168,0.0000000));
#910 = VECTOR('s0_top_e41_vec',#909,0.0095127);
#911 = CARTESIAN_POINT('s0_top_e41_origin',(-0.0979666,-0.0456826,1.3150000));
#912 = LINE('s0_top_e41_line',#911,#910);
#913 = EDGE_CURVE('s0_top_e41',#258,#259,#912,.T.);
#914 = DIRECTION('s0_vert_e41_dir',(0.0000000,0.0000000,1.0000000));
#915 = VECTOR('s0_vert_e41_vec',#914,1.3150000);
#916 = CARTESIAN_POINT('s0_vert_e41_origin',(-0.0979666,-0.0456826,0.0000000));
#917 = LINE('s0_vert_e41_line',#916,#915);
#918 = EDGE_CURVE('s0_vert_e41',#186,#258,#917,.T.);
#919 = DIRECTION('s0_bot_e42_dir',(0.4553230,-0.8903263,0.0000000));
#920 = VECTOR('s0_bot_e42_vec',#919,0.0095913);
#921 = CARTESIAN_POINT('s0_bot_e42_origin',(-0.0943968,-0.0545000,0.0000000));
#922 = LINE('s0_bot_e42_line',#921,#920);
#923 = EDGE_CURVE('s0_bot_e42',#187,#188,#922,.T.);
#924 = DIRECTION('s0_top_e42_dir',(0.4553230,-0.8903263,0.0000000));
#925 = VECTOR('s0_top_e42_vec',#924,0.0095913);
#926 = CARTESIAN_POINT('s0_top_e42_origin',(-0.0943968,-0.0545000,1.3150000));
#927 = LINE('s0_top_e42_line',#926,#925);
#928 = EDGE_CURVE('s0_top_e42',#259,#260,#927,.T.);
#929 = DIRECTION('s0_vert_e42_dir',(0.0000000,0.0000000,1.0000000));
#930 = VECTOR('s0_vert_e42_vec',#929,1.3150000);
#931 = CARTESIAN_POINT('s0_vert_e42_origin',(-0.0943968,-0.0545000,0.0000000));
#932 = LINE('s0_vert_e42_line',#931,#930);
#933 = EDGE_CURVE('s0_vert_e42',#187,#259,#932,.T.);
#934 = DIRECTION('s0_bot_e43_dir',(0.5371898,-0.8434614,0.0000000));
#935 = VECTOR('s0_bot_e43_vec',#934,0.0096617);
#936 = CARTESIAN_POINT('s0_bot_e43_origin',(-0.0900296,-0.0630394,0.0000000));
#937 = LINE('s0_bot_e43_line',#936,#935);
#938 = EDGE_CURVE('s0_bot_e43',#188,#189,#937,.T.);
#939 = DIRECTION('s0_top_e43_dir',(0.5371898,-0.8434614,0.0000000));
#940 = VECTOR('s0_top_e43_vec',#939,0.0096617);
#941 = CARTESIAN_POINT('s0_top_e43_origin',(-0.0900296,-0.0630394,1.3150000));
#942 = LINE('s0_top_e43_line',#941,#940);
#943 = EDGE_CURVE('s0_top_e43',#260,#261,#942,.T.);
#944 = DIRECTION('s0_vert_e43_dir',(0.0000000,0.0000000,1.0000000));
#945 = VECTOR('s0_vert_e43_vec',#944,1.3150000);
#946 = CARTESIAN_POINT('s0_vert_e43_origin',(-0.0900296,-0.0630394,0.0000000));
#947 = LINE('s0_vert_e43_line',#946,#945);
#948 = EDGE_CURVE('s0_vert_e43',#188,#260,#947,.T.);
#949 = DIRECTION('s0_bot_e44_dir',(0.6187840,-0.7855612,0.0000000));
#950 = VECTOR('s0_bot_e44_vec',#949,0.0097203);
#951 = CARTESIAN_POINT('s0_bot_e44_origin',(-0.0848394,-0.0711887,0.0000000));
#952 = LINE('s0_bot_e44_line',#951,#950);
#953 = EDGE_CURVE('s0_bot_e44',#189,#190,#952,.T.);
#954 = DIRECTION('s0_top_e44_dir',(0.6187840,-0.7855612,0.0000000));
#955 = VECTOR('s0_top_e44_vec',#954,0.0097203);
#956 = CARTESIAN_POINT('s0_top_e44_origin',(-0.0848394,-0.0711887,1.3150000));
#957 = LINE('s0_top_e44_line',#956,#955);
#958 = EDGE_CURVE('s0_top_e44',#261,#262,#957,.T.);
#959 = DIRECTION('s0_vert_e44_dir',(0.0000000,0.0000000,1.0000000));
#960 = VECTOR('s0_vert_e44_vec',#959,1.3150000);
#961 = CARTESIAN_POINT('s0_vert_e44_origin',(-0.0848394,-0.0711887,0.0000000));
#962 = LINE('s0_vert_e44_line',#961,#960);
#963 = EDGE_CURVE('s0_vert_e44',#189,#261,#962,.T.);
#964 = DIRECTION('s0_bot_e45_dir',(0.6976376,-0.7164508,0.0000000));
#965 = VECTOR('s0_bot_e45_vec',#964,0.0097650);
#966 = CARTESIAN_POINT('s0_bot_e45_origin',(-0.0788246,-0.0788246,0.0000000));
#967 = LINE('s0_bot_e45_line',#966,#965);
#968 = EDGE_CURVE('s0_bot_e45',#190,#191,#967,.T.);
#969 = DIRECTION('s0_top_e45_dir',(0.6976376,-0.7164508,0.0000000));
#970 = VECTOR('s0_top_e45_vec',#969,0.0097650);
#971 = CARTESIAN_POINT('s0_top_e45_origin',(-0.0788246,-0.0788246,1.3150000));
#972 = LINE('s0_top_e45_line',#971,#970);
#973 = EDGE_CURVE('s0_top_e45',#262,#263,#972,.T.);
#974 = DIRECTION('s0_vert_e45_dir',(0.0000000,0.0000000,1.0000000));
#975 = VECTOR('s0_vert_e45_vec',#974,1.3150000);
#976 = CARTESIAN_POINT('s0_vert_e45_origin',(-0.0788246,-0.0788246,0.0000000));
#977 = LINE('s0_vert_e45_line',#976,#975);
#978 = EDGE_CURVE('s0_vert_e45',#190,#262,#977,.T.);
#979 = DIRECTION('s0_bot_e46_dir',(0.7711383,-0.6366677,0.0000000));
#980 = VECTOR('s0_bot_e46_vec',#979,0.0097949);
#981 = CARTESIAN_POINT('s0_bot_e46_origin',(-0.0720122,-0.0858208,0.0000000));
#982 = LINE('s0_bot_e46_line',#981,#980);
#983 = EDGE_CURVE('s0_bot_e46',#191,#192,#982,.T.);
#984 = DIRECTION('s0_top_e46_dir',(0.7711383,-0.6366677,0.0000000));
#985 = VECTOR('s0_top_e46_vec',#984,0.0097949);
#986 = CARTESIAN_POINT('s0_top_e46_origin',(-0.0720122,-0.0858208,1.3150000));
#987 = LINE('s0_top_e46_line',#986,#985);
#988 = EDGE_CURVE('s0_top_e46',#263,#264,#987,.T.);
#989 = DIRECTION('s0_vert_e46_dir',(0.0000000,0.0000000,1.0000000));
#990 = VECTOR('s0_vert_e46_vec',#989,1.3150000);
#991 = CARTESIAN_POINT('s0_vert_e46_origin',(-0.0720122,-0.0858208,0.0000000));
#992 = LINE('s0_vert_e46_line',#991,#990);
#993 = EDGE_CURVE('s0_vert_e46',#191,#263,#992,.T.);
#994 = DIRECTION('s0_bot_e47_dir',(0.8368035,-0.5475034,0.0000000));
#995 = VECTOR('s0_bot_e47_vec',#994,0.0098099);
#996 = CARTESIAN_POINT('s0_bot_e47_origin',(-0.0644589,-0.0920569,0.0000000));
#997 = LINE('s0_bot_e47_line',#996,#995);
#998 = EDGE_CURVE('s0_bot_e47',#192,#193,#997,.T.);
#999 = DIRECTION('s0_top_e47_dir',(0.8368035,-0.5475034,0.0000000));
#1000 = VECTOR('s0_top_e47_vec',#999,0.0098099);
#1001 = CARTESIAN_POINT('s0_top_e47_origin',(-0.0644589,-0.0920569,1.3150000));
#1002 = LINE('s0_top_e47_line',#1001,#1000);
#1003 = EDGE_CURVE('s0_top_e47',#264,#265,#1002,.T.);
#1004 = DIRECTION('s0_vert_e47_dir',(0.0000000,0.0000000,1.0000000));
#1005 = VECTOR('s0_vert_e47_vec',#1004,1.3150000);
#1006 = CARTESIAN_POINT('s0_vert_e47_origin',(-0.0644589,-0.0920569,0.0000000));
#1007 = LINE('s0_vert_e47_line',#1006,#1005);
#1008 = EDGE_CURVE('s0_vert_e47',#192,#264,#1007,.T.);
#1009 = DIRECTION('s0_bot_e48_dir',(0.8925536,-0.4509414,0.0000000));
#1010 = VECTOR('s0_bot_e48_vec',#1009,0.0098099);
#1011 = CARTESIAN_POINT('s0_bot_e48_origin',(-0.0562500,-0.0974279,0.0000000));
#1012 = LINE('s0_bot_e48_line',#1011,#1010);
#1013 = EDGE_CURVE('s0_bot_e48',#193,#194,#1012,.T.);
#1014 = DIRECTION('s0_top_e48_dir',(0.8925536,-0.4509414,0.0000000));
#1015 = VECTOR('s0_top_e48_vec',#1014,0.0098099);
#1016 = CARTESIAN_POINT('s0_top_e48_origin',(-0.0562500,-0.0974279,1.3150000));
#1017 = LINE('s0_top_e48_line',#1016,#1015);
#1018 = EDGE_CURVE('s0_top_e48',#265,#266,#1017,.T.);
#1019 = DIRECTION('s0_vert_e48_dir',(0.0000000,0.0000000,1.0000000));
#1020 = VECTOR('s0_vert_e48_vec',#1019,1.3150000);
#1021 = CARTESIAN_POINT('s0_vert_e48_origin',(-0.0562500,-0.0974279,0.0000000));
#1022 = LINE('s0_vert_e48_line',#1021,#1020);
#1023 = EDGE_CURVE('s0_vert_e48',#193,#265,#1022,.T.);
#1024 = DIRECTION('s0_bot_e49_dir',(0.9369395,-0.3494915,0.0000000));
#1025 = VECTOR('s0_bot_e49_vec',#1024,0.0097949);
#1026 = CARTESIAN_POINT('s0_bot_e49_origin',(-0.0474942,-0.1018515,0.0000000));
#1027 = LINE('s0_bot_e49_line',#1026,#1025);
#1028 = EDGE_CURVE('s0_bot_e49',#194,#195,#1027,.T.);
#1029 = DIRECTION('s0_top_e49_dir',(0.9369395,-0.3494915,0.0000000));
#1030 = VECTOR('s0_top_e49_vec',#1029,0.0097949);
#1031 = CARTESIAN_POINT('s0_top_e49_origin',(-0.0474942,-0.1018515,1.3150000));
#1032 = LINE('s0_top_e49_line',#1031,#1030);
#1033 = EDGE_CURVE('s0_top_e49',#266,#267,#1032,.T.);
#1034 = DIRECTION('s0_vert_e49_dir',(0.0000000,0.0000000,1.0000000));
#1035 = VECTOR('s0_vert_e49_vec',#1034,1.3150000);
#1036 = CARTESIAN_POINT('s0_vert_e49_origin',(-0.0474942,-0.1018515,0.0000000));
#1037 = LINE('s0_vert_e49_line',#1036,#1035);
#1038 = EDGE_CURVE('s0_vert_e49',#194,#266,#1037,.T.);
#1039 = DIRECTION('s0_bot_e50_dir',(0.9692834,-0.2459465,0.0000000));
#1040 = VECTOR('s0_bot_e50_vec',#1039,0.0097650);
#1041 = CARTESIAN_POINT('s0_bot_e50_origin',(-0.0383169,-0.1052748,0.0000000));
#1042 = LINE('s0_bot_e50_line',#1041,#1040);
#1043 = EDGE_CURVE('s0_bot_e50',#195,#196,#1042,.T.);
#1044 = DIRECTION('s0_top_e50_dir',(0.9692834,-0.2459465,0.0000000));
#1045 = VECTOR('s0_top_e50_vec',#1044,0.0097650);
#1046 = CARTESIAN_POINT('s0_top_e50_origin',(-0.0383169,-0.1052748,1.3150000));
#1047 = LINE('s0_top_e50_line',#1046,#1045);
#1048 = EDGE_CURVE('s0_top_e50',#267,#268,#1047,.T.);
#1049 = DIRECTION('s0_vert_e50_dir',(0.0000000,0.0000000,1.0000000));
#1050 = VECTOR('s0_vert_e50_vec',#1049,1.3150000);
#1051 = CARTESIAN_POINT('s0_vert_e50_origin',(-0.0383169,-0.1052748,0.0000000));
#1052 = LINE('s0_vert_e50_line',#1051,#1050);
#1053 = EDGE_CURVE('s0_vert_e50',#195,#267,#1052,.T.);
#1054 = DIRECTION('s0_bot_e51_dir',(0.9897079,-0.1431021,0.0000000));
#1055 = VECTOR('s0_bot_e51_vec',#1054,0.0097203);
#1056 = CARTESIAN_POINT('s0_bot_e51_origin',(-0.0288518,-0.1076765,0.0000000));
#1057 = LINE('s0_bot_e51_line',#1056,#1055);
#1058 = EDGE_CURVE('s0_bot_e51',#196,#197,#1057,.T.);
#1059 = DIRECTION('s0_top_e51_dir',(0.9897079,-0.1431021,0.0000000));
#1060 = VECTOR('s0_top_e51_vec',#1059,0.0097203);
#1061 = CARTESIAN_POINT('s0_top_e51_origin',(-0.0288518,-0.1076765,1.3150000));
#1062 = LINE('s0_top_e51_line',#1061,#1060);
#1063 = EDGE_CURVE('s0_top_e51',#268,#269,#1062,.T.);
#1064 = DIRECTION('s0_vert_e51_dir',(0.0000000,0.0000000,1.0000000));
#1065 = VECTOR('s0_vert_e51_vec',#1064,1.3150000);
#1066 = CARTESIAN_POINT('s0_vert_e51_origin',(-0.0288518,-0.1076765,0.0000000));
#1067 = LINE('s0_vert_e51_line',#1066,#1065);
#1068 = EDGE_CURVE('s0_vert_e51',#196,#268,#1067,.T.);
#1069 = DIRECTION('s0_bot_e52_dir',(0.9990539,-0.0434893,0.0000000));
#1070 = VECTOR('s0_bot_e52_vec',#1069,0.0096617);
#1071 = CARTESIAN_POINT('s0_bot_e52_origin',(-0.0192315,-0.1090675,0.0000000));
#1072 = LINE('s0_bot_e52_line',#1071,#1070);
#1073 = EDGE_CURVE('s0_bot_e52',#197,#198,#1072,.T.);
#1074 = DIRECTION('s0_top_e52_dir',(0.9990539,-0.0434893,0.0000000));
#1075 = VECTOR('s0_top_e52_vec',#1074,0.0096617);
#1076 = CARTESIAN_POINT('s0_top_e52_origin',(-0.0192315,-0.1090675,1.3150000));
#1077 = LINE('s0_top_e52_line',#1076,#1075);
#1078 = EDGE_CURVE('s0_top_e52',#269,#270,#1077,.T.);
#1079 = DIRECTION('s0_vert_e52_dir',(0.0000000,0.0000000,1.0000000));
#1080 = VECTOR('s0_vert_e52_vec',#1079,1.3150000);
#1081 = CARTESIAN_POINT('s0_vert_e52_origin',(-0.0192315,-0.1090675,0.0000000));
#1082 = LINE('s0_vert_e52_line',#1081,#1080);
#1083 = EDGE_CURVE('s0_vert_e52',#197,#269,#1082,.T.);
#1084 = DIRECTION('s0_bot_e53_dir',(0.9987067,0.0508419,0.0000000));
#1085 = VECTOR('s0_bot_e53_vec',#1084,0.0095913);
#1086 = CARTESIAN_POINT('s0_bot_e53_origin',(-0.0095789,-0.1094876,0.0000000));
#1087 = LINE('s0_bot_e53_line',#1086,#1085);
#1088 = EDGE_CURVE('s0_bot_e53',#198,#199,#1087,.T.);
#1089 = DIRECTION('s0_top_e53_dir',(0.9987067,0.0508419,0.0000000));
#1090 = VECTOR('s0_top_e53_vec',#1089,0.0095913);
#1091 = CARTESIAN_POINT('s0_top_e53_origin',(-0.0095789,-0.1094876,1.3150000));
#1092 = LINE('s0_top_e53_line',#1091,#1090);
#1093 = EDGE_CURVE('s0_top_e53',#270,#271,#1092,.T.);
#1094 = DIRECTION('s0_vert_e53_dir',(0.0000000,0.0000000,1.0000000));
#1095 = VECTOR('s0_vert_e53_vec',#1094,1.3150000);
#1096 = CARTESIAN_POINT('s0_vert_e53_origin',(-0.0095789,-0.1094876,0.0000000));
#1097 = LINE('s0_vert_e53_line',#1096,#1095);
#1098 = EDGE_CURVE('s0_vert_e53',#198,#270,#1097,.T.);
#1099 = DIRECTION('s0_bot_e54_dir',(0.9903669,0.1384678,0.0000000));
#1100 = VECTOR('s0_bot_e54_vec',#1099,0.0095127);
#1101 = CARTESIAN_POINT('s0_bot_e54_origin',(0.0000000,-0.1090000,0.0000000));
#1102 = LINE('s0_bot_e54_line',#1101,#1100);
#1103 = EDGE_CURVE('s0_bot_e54',#199,#200,#1102,.T.);
#1104 = DIRECTION('s0_top_e54_dir',(0.9903669,0.1384678,0.0000000));
#1105 = VECTOR('s0_top_e54_vec',#1104,0.0095127);
#1106 = CARTESIAN_POINT('s0_top_e54_origin',(0.0000000,-0.1090000,1.3150000));
#1107 = LINE('s0_top_e54_line',#1106,#1105);
#1108 = EDGE_CURVE('s0_top_e54',#271,#272,#1107,.T.);
#1109 = DIRECTION('s0_vert_e54_dir',(0.0000000,0.0000000,1.0000000));
#1110 = VECTOR('s0_vert_e54_vec',#1109,1.3150000);
#1111 = CARTESIAN_POINT('s0_vert_e54_origin',(0.0000000,-0.1090000,0.0000000));
#1112 = LINE('s0_vert_e54_line',#1111,#1110);
#1113 = EDGE_CURVE('s0_vert_e54',#199,#271,#1112,.T.);
#1114 = DIRECTION('s0_bot_e55_dir',(0.9758012,0.2186597,0.0000000));
#1115 = VECTOR('s0_bot_e55_vec',#1114,0.0094310);
#1116 = CARTESIAN_POINT('s0_bot_e55_origin',(0.0094210,-0.1076828,0.0000000));
#1117 = LINE('s0_bot_e55_line',#1116,#1115);
#1118 = EDGE_CURVE('s0_bot_e55',#200,#201,#1117,.T.);
#1119 = DIRECTION('s0_top_e55_dir',(0.9758012,0.2186597,0.0000000));
#1120 = VECTOR('s0_top_e55_vec',#1119,0.0094310);
#1121 = CARTESIAN_POINT('s0_top_e55_origin',(0.0094210,-0.1076828,1.3150000));
#1122 = LINE('s0_top_e55_line',#1121,#1120);
#1123 = EDGE_CURVE('s0_top_e55',#272,#273,#1122,.T.);
#1124 = DIRECTION('s0_vert_e55_dir',(0.0000000,0.0000000,1.0000000));
#1125 = VECTOR('s0_vert_e55_vec',#1124,1.3150000);
#1126 = CARTESIAN_POINT('s0_vert_e55_origin',(0.0094210,-0.1076828,0.0000000));
#1127 = LINE('s0_vert_e55_line',#1126,#1125);
#1128 = EDGE_CURVE('s0_vert_e55',#200,#272,#1127,.T.);
#1129 = DIRECTION('s0_bot_e56_dir',(0.9566062,0.2913839,0.0000000));
#1130 = VECTOR('s0_bot_e56_vec',#1129,0.0093528);
#1131 = CARTESIAN_POINT('s0_bot_e56_origin',(0.0186238,-0.1056206,0.0000000));
#1132 = LINE('s0_bot_e56_line',#1131,#1130);
#1133 = EDGE_CURVE('s0_bot_e56',#201,#202,#1132,.T.);
#1134 = DIRECTION('s0_top_e56_dir',(0.9566062,0.2913839,0.0000000));
#1135 = VECTOR('s0_top_e56_vec',#1134,0.0093528);
#1136 = CARTESIAN_POINT('s0_top_e56_origin',(0.0186238,-0.1056206,1.3150000));
#1137 = LINE('s0_top_e56_line',#1136,#1135);
#1138 = EDGE_CURVE('s0_top_e56',#273,#274,#1137,.T.);
#1139 = DIRECTION('s0_vert_e56_dir',(0.0000000,0.0000000,1.0000000));
#1140 = VECTOR('s0_vert_e56_vec',#1139,1.3150000);
#1141 = CARTESIAN_POINT('s0_vert_e56_origin',(0.0186238,-0.1056206,0.0000000));
#1142 = LINE('s0_vert_e56_line',#1141,#1140);
#1143 = EDGE_CURVE('s0_vert_e56',#201,#273,#1142,.T.);
#1144 = DIRECTION('s0_bot_e57_dir',(0.9340120,0.3572415,0.0000000));
#1145 = VECTOR('s0_bot_e57_vec',#1144,0.0092855);
#1146 = CARTESIAN_POINT('s0_bot_e57_origin',(0.0275707,-0.1028954,0.0000000));
#1147 = LINE('s0_bot_e57_line',#1146,#1145);
#1148 = EDGE_CURVE('s0_bot_e57',#202,#203,#1147,.T.);
#1149 = DIRECTION('s0_top_e57_dir',(0.9340120,0.3572415,0.0000000));
#1150 = VECTOR('s0_top_e57_vec',#1149,0.0092855);
#1151 = CARTESIAN_POINT('s0_top_e57_origin',(0.0275707,-0.1028954,1.3150000));
#1152 = LINE('s0_top_e57_line',#1151,#1150);
#1153 = EDGE_CURVE('s0_top_e57',#274,#275,#1152,.T.);
#1154 = DIRECTION('s0_vert_e57_dir',(0.0000000,0.0000000,1.0000000));
#1155 = VECTOR('s0_vert_e57_vec',#1154,1.3150000);
#1156 = CARTESIAN_POINT('s0_vert_e57_origin',(0.0275707,-0.1028954,0.0000000));
#1157 = LINE('s0_vert_e57_line',#1156,#1155);
#1158 = EDGE_CURVE('s0_vert_e57',#202,#274,#1157,.T.);
#1159 = DIRECTION('s0_bot_e58_dir',(0.9087448,0.4173522,0.0000000));
#1160 = VECTOR('s0_bot_e58_vec',#1159,0.0092360);
#1161 = CARTESIAN_POINT('s0_bot_e58_origin',(0.0362435,-0.0995782,0.0000000));
#1162 = LINE('s0_bot_e58_line',#1161,#1160);
#1163 = EDGE_CURVE('s0_bot_e58',#203,#204,#1162,.T.);
#1164 = DIRECTION('s0_top_e58_dir',(0.9087448,0.4173522,0.0000000));
#1165 = VECTOR('s0_top_e58_vec',#1164,0.0092360);
#1166 = CARTESIAN_POINT('s0_top_e58_origin',(0.0362435,-0.0995782,1.3150000));
#1167 = LINE('s0_top_e58_line',#1166,#1165);
#1168 = EDGE_CURVE('s0_top_e58',#275,#276,#1167,.T.);
#1169 = DIRECTION('s0_vert_e58_dir',(0.0000000,0.0000000,1.0000000));
#1170 = VECTOR('s0_vert_e58_vec',#1169,1.3150000);
#1171 = CARTESIAN_POINT('s0_vert_e58_origin',(0.0362435,-0.0995782,0.0000000));
#1172 = LINE('s0_vert_e58_line',#1171,#1170);
#1173 = EDGE_CURVE('s0_vert_e58',#203,#275,#1172,.T.);
#1174 = DIRECTION('s0_bot_e59_dir',(0.8809629,0.4731853,0.0000000));
#1175 = VECTOR('s0_bot_e59_vec',#1174,0.0092097);
#1176 = CARTESIAN_POINT('s0_bot_e59_origin',(0.0446366,-0.0957236,0.0000000));
#1177 = LINE('s0_bot_e59_line',#1176,#1175);
#1178 = EDGE_CURVE('s0_bot_e59',#204,#205,#1177,.T.);
#1179 = DIRECTION('s0_top_e59_dir',(0.8809629,0.4731853,0.0000000));
#1180 = VECTOR('s0_top_e59_vec',#1179,0.0092097);
#1181 = CARTESIAN_POINT('s0_top_e59_origin',(0.0446366,-0.0957236,1.3150000));
#1182 = LINE('s0_top_e59_line',#1181,#1180);
#1183 = EDGE_CURVE('s0_top_e59',#276,#277,#1182,.T.);
#1184 = DIRECTION('s0_vert_e59_dir',(0.0000000,0.0000000,1.0000000));
#1185 = VECTOR('s0_vert_e59_vec',#1184,1.3150000);
#1186 = CARTESIAN_POINT('s0_vert_e59_origin',(0.0446366,-0.0957236,0.0000000));
#1187 = LINE('s0_vert_e59_line',#1186,#1185);
#1188 = EDGE_CURVE('s0_vert_e59',#204,#276,#1187,.T.);
#1189 = DIRECTION('s0_bot_e60_dir',(0.8502719,0.5263436,0.0000000));
#1190 = VECTOR('s0_bot_e60_vec',#1189,0.0092097);
#1191 = CARTESIAN_POINT('s0_bot_e60_origin',(0.0527500,-0.0913657,0.0000000));
#1192 = LINE('s0_bot_e60_line',#1191,#1190);
#1193 = EDGE_CURVE('s0_bot_e60',#205,#206,#1192,.T.);
#1194 = DIRECTION('s0_top_e60_dir',(0.8502719,0.5263436,0.0000000));
#1195 = VECTOR('s0_top_e60_vec',#1194,0.0092097);
#1196 = CARTESIAN_POINT('s0_top_e60_origin',(0.0527500,-0.0913657,1.3150000));
#1197 = LINE('s0_top_e60_line',#1196,#1195);
#1198 = EDGE_CURVE('s0_top_e60',#277,#278,#1197,.T.);
#1199 = DIRECTION('s0_vert_e60_dir',(0.0000000,0.0000000,1.0000000));
#1200 = VECTOR('s0_vert_e60_vec',#1199,1.3150000);
#1201 = CARTESIAN_POINT('s0_vert_e60_origin',(0.0527500,-0.0913657,0.0000000));
#1202 = LINE('s0_vert_e60_line',#1201,#1200);
#1203 = EDGE_CURVE('s0_vert_e60',#205,#277,#1202,.T.);
#1204 = DIRECTION('s0_bot_e61_dir',(0.8158100,0.5783200,0.0000000));
#1205 = VECTOR('s0_bot_e61_vec',#1204,0.0092360);
#1206 = CARTESIAN_POINT('s0_bot_e61_origin',(0.0605807,-0.0865182,0.0000000));
#1207 = LINE('s0_bot_e61_line',#1206,#1205);
#1208 = EDGE_CURVE('s0_bot_e61',#206,#207,#1207,.T.);
#1209 = DIRECTION('s0_top_e61_dir',(0.8158100,0.5783200,0.0000000));
#1210 = VECTOR('s0_top_e61_vec',#1209,0.0092360);
#1211 = CARTESIAN_POINT('s0_top_e61_origin',(0.0605807,-0.0865182,1.3150000));
#1212 = LINE('s0_top_e61_line',#1211,#1210);
#1213 = EDGE_CURVE('s0_top_e61',#278,#279,#1212,.T.);
#1214 = DIRECTION('s0_vert_e61_dir',(0.0000000,0.0000000,1.0000000));
#1215 = VECTOR('s0_vert_e61_vec',#1214,1.3150000);
#1216 = CARTESIAN_POINT('s0_vert_e61_origin',(0.0605807,-0.0865182,0.0000000));
#1217 = LINE('s0_vert_e61_line',#1216,#1215);
#1218 = EDGE_CURVE('s0_vert_e61',#206,#278,#1217,.T.);
#1219 = DIRECTION('s0_bot_e62_dir',(0.7763863,0.6302574,0.0000000));
#1220 = VECTOR('s0_bot_e62_vec',#1219,0.0092855);
#1221 = CARTESIAN_POINT('s0_bot_e62_origin',(0.0681155,-0.0811769,0.0000000));
#1222 = LINE('s0_bot_e62_line',#1221,#1220);
#1223 = EDGE_CURVE('s0_bot_e62',#207,#208,#1222,.T.);
#1224 = DIRECTION('s0_top_e62_dir',(0.7763863,0.6302574,0.0000000));
#1225 = VECTOR('s0_top_e62_vec',#1224,0.0092855);
#1226 = CARTESIAN_POINT('s0_top_e62_origin',(0.0681155,-0.0811769,1.3150000));
#1227 = LINE('s0_top_e62_line',#1226,#1225);
#1228 = EDGE_CURVE('s0_top_e62',#279,#280,#1227,.T.);
#1229 = DIRECTION('s0_vert_e62_dir',(0.0000000,0.0000000,1.0000000));
#1230 = VECTOR('s0_vert_e62_vec',#1229,1.3150000);
#1231 = CARTESIAN_POINT('s0_vert_e62_origin',(0.0681155,-0.0811769,0.0000000));
#1232 = LINE('s0_vert_e62_line',#1231,#1230);
#1233 = EDGE_CURVE('s0_vert_e62',#207,#279,#1232,.T.);
#1234 = DIRECTION('s0_bot_e63_dir',(0.7306490,0.6827533,0.0000000));
#1235 = VECTOR('s0_bot_e63_vec',#1234,0.0093528);
#1236 = CARTESIAN_POINT('s0_bot_e63_origin',(0.0753246,-0.0753246,0.0000000));
#1237 = LINE('s0_bot_e63_line',#1236,#1235);
#1238 = EDGE_CURVE('s0_bot_e63',#208,#209,#1237,.T.);
#1239 = DIRECTION('s0_top_e63_dir',(0.7306490,0.6827533,0.0000000));
#1240 = VECTOR('s0_top_e63_vec',#1239,0.0093528);
#1241 = CARTESIAN_POINT('s0_top_e63_origin',(0.0753246,-0.0753246,1.3150000));
#1242 = LINE('s0_top_e63_line',#1241,#1240);
#1243 = EDGE_CURVE('s0_top_e63',#280,#281,#1242,.T.);
#1244 = DIRECTION('s0_vert_e63_dir',(0.0000000,0.0000000,1.0000000));
#1245 = VECTOR('s0_vert_e63_vec',#1244,1.3150000);
#1246 = CARTESIAN_POINT('s0_vert_e63_origin',(0.0753246,-0.0753246,0.0000000));
#1247 = LINE('s0_vert_e63_line',#1246,#1245);
#1248 = EDGE_CURVE('s0_vert_e63',#208,#280,#1247,.T.);
#1249 = DIRECTION('s0_bot_e64_dir',(0.6772654,0.7357388,0.0000000));
#1250 = VECTOR('s0_bot_e64_vec',#1249,0.0094310);
#1251 = CARTESIAN_POINT('s0_bot_e64_origin',(0.0821583,-0.0689390,0.0000000));
#1252 = LINE('s0_bot_e64_line',#1251,#1250);
#1253 = EDGE_CURVE('s0_bot_e64',#209,#210,#1252,.T.);
#1254 = DIRECTION('s0_top_e64_dir',(0.6772654,0.7357388,0.0000000));
#1255 = VECTOR('s0_top_e64_vec',#1254,0.0094310);
#1256 = CARTESIAN_POINT('s0_top_e64_origin',(0.0821583,-0.0689390,1.3150000));
#1257 = LINE('s0_top_e64_line',#1256,#1255);
#1258 = EDGE_CURVE('s0_top_e64',#281,#282,#1257,.T.);
#1259 = DIRECTION('s0_vert_e64_dir',(0.0000000,0.0000000,1.0000000));
#1260 = VECTOR('s0_vert_e64_vec',#1259,1.3150000);
#1261 = CARTESIAN_POINT('s0_vert_e64_origin',(0.0821583,-0.0689390,0.0000000));
#1262 = LINE('s0_vert_e64_line',#1261,#1260);
#1263 = EDGE_CURVE('s0_vert_e64',#209,#281,#1262,.T.);
#1264 = DIRECTION('s0_bot_e65_dir',(0.6151001,0.7884490,0.0000000));
#1265 = VECTOR('s0_bot_e65_vec',#1264,0.0095127);
#1266 = CARTESIAN_POINT('s0_bot_e65_origin',(0.0885455,-0.0620002,0.0000000));
#1267 = LINE('s0_bot_e65_line',#1266,#1265);
#1268 = EDGE_CURVE('s0_bot_e65',#210,#211,#1267,.T.);
#1269 = DIRECTION('s0_top_e65_dir',(0.6151001,0.7884490,0.0000000));
#1270 = VECTOR('s0_top_e65_vec',#1269,0.0095127);
#1271 = CARTESIAN_POINT('s0_top_e65_origin',(0.0885455,-0.0620002,1.3150000));
#1272 = LINE('s0_top_e65_line',#1271,#1270);
#1273 = EDGE_CURVE('s0_top_e65',#282,#283,#1272,.T.);
#1274 = DIRECTION('s0_vert_e65_dir',(0.0000000,0.0000000,1.0000000));
#1275 = VECTOR('s0_vert_e65_vec',#1274,1.3150000);
#1276 = CARTESIAN_POINT('s0_vert_e65_origin',(0.0885455,-0.0620002,0.0000000));
#1277 = LINE('s0_vert_e65_line',#1276,#1275);
#1278 = EDGE_CURVE('s0_vert_e65',#210,#282,#1277,.T.);
#1279 = DIRECTION('s0_bot_e66_dir',(0.5433837,0.8394844,0.0000000));
#1280 = VECTOR('s0_bot_e66_vec',#1279,0.0095913);
#1281 = CARTESIAN_POINT('s0_bot_e66_origin',(0.0943968,-0.0545000,0.0000000));
#1282 = LINE('s0_bot_e66_line',#1281,#1280);
#1283 = EDGE_CURVE('s0_bot_e66',#211,#212,#1282,.T.);
#1284 = DIRECTION('s0_top_e66_dir',(0.5433837,0.8394844,0.0000000));
#1285 = VECTOR('s0_top_e66_vec',#1284,0.0095913);
#1286 = CARTESIAN_POINT('s0_top_e66_origin',(0.0943968,-0.0545000,1.3150000));
#1287 = LINE('s0_top_e66_line',#1286,#1285);
#1288 = EDGE_CURVE('s0_top_e66',#283,#284,#1287,.T.);
#1289 = DIRECTION('s0_vert_e66_dir',(0.0000000,0.0000000,1.0000000));
#1290 = VECTOR('s0_vert_e66_vec',#1289,1.3150000);
#1291 = CARTESIAN_POINT('s0_vert_e66_origin',(0.0943968,-0.0545000,0.0000000));
#1292 = LINE('s0_vert_e66_line',#1291,#1290);
#1293 = EDGE_CURVE('s0_vert_e66',#211,#283,#1292,.T.);
#1294 = DIRECTION('s0_bot_e67_dir',(0.4618641,0.8869507,0.0000000));
#1295 = VECTOR('s0_bot_e67_vec',#1294,0.0096617);
#1296 = CARTESIAN_POINT('s0_bot_e67_origin',(0.0996085,-0.0464482,0.0000000));
#1297 = LINE('s0_bot_e67_line',#1296,#1295);
#1298 = EDGE_CURVE('s0_bot_e67',#212,#213,#1297,.T.);
#1299 = DIRECTION('s0_top_e67_dir',(0.4618641,0.8869507,0.0000000));
#1300 = VECTOR('s0_top_e67_vec',#1299,0.0096617);
#1301 = CARTESIAN_POINT('s0_top_e67_origin',(0.0996085,-0.0464482,1.3150000));
#1302 = LINE('s0_top_e67_line',#1301,#1300);
#1303 = EDGE_CURVE('s0_top_e67',#284,#285,#1302,.T.);
#1304 = DIRECTION('s0_vert_e67_dir',(0.0000000,0.0000000,1.0000000));
#1305 = VECTOR('s0_vert_e67_vec',#1304,1.3150000);
#1306 = CARTESIAN_POINT('s0_vert_e67_origin',(0.0996085,-0.0464482,0.0000000));
#1307 = LINE('s0_vert_e67_line',#1306,#1305);
#1308 = EDGE_CURVE('s0_vert_e67',#212,#284,#1307,.T.);
#1309 = DIRECTION('s0_bot_e68_dir',(0.3709239,0.9286633,0.0000000));
#1310 = VECTOR('s0_bot_e68_vec',#1309,0.0097203);
#1311 = CARTESIAN_POINT('s0_bot_e68_origin',(0.1040710,-0.0378787,0.0000000));
#1312 = LINE('s0_bot_e68_line',#1311,#1310);
#1313 = EDGE_CURVE('s0_bot_e68',#213,#214,#1312,.T.);
#1314 = DIRECTION('s0_top_e68_dir',(0.3709239,0.9286633,0.0000000));
#1315 = VECTOR('s0_top_e68_vec',#1314,0.0097203);
#1316 = CARTESIAN_POINT('s0_top_e68_origin',(0.1040710,-0.0378787,1.3150000));
#1317 = LINE('s0_top_e68_line',#1316,#1315);
#1318 = EDGE_CURVE('s0_top_e68',#285,#286,#1317,.T.);
#1319 = DIRECTION('s0_vert_e68_dir',(0.0000000,0.0000000,1.0000000));
#1320 = VECTOR('s0_vert_e68_vec',#1319,1.3150000);
#1321 = CARTESIAN_POINT('s0_vert_e68_origin',(0.1040710,-0.0378787,0.0000000));
#1322 = LINE('s0_vert_e68_line',#1321,#1320);
#1323 = EDGE_CURVE('s0_vert_e68',#213,#285,#1322,.T.);
#1324 = DIRECTION('s0_bot_e69_dir',(0.2716458,0.9623973,0.0000000));
#1325 = VECTOR('s0_bot_e69_vec',#1324,0.0097650);
#1326 = CARTESIAN_POINT('s0_bot_e69_origin',(0.1076765,-0.0288518,0.0000000));
#1327 = LINE('s0_bot_e69_line',#1326,#1325);
#1328 = EDGE_CURVE('s0_bot_e69',#214,#215,#1327,.T.);
#1329 = DIRECTION('s0_top_e69_dir',(0.2716458,0.9623973,0.0000000));
#1330 = VECTOR('s0_top_e69_vec',#1329,0.0097650);
#1331 = CARTESIAN_POINT('s0_top_e69_origin',(0.1076765,-0.0288518,1.3150000));
#1332 = LINE('s0_top_e69_line',#1331,#1330);
#1333 = EDGE_CURVE('s0_top_e69',#286,#287,#1332,.T.);
#1334 = DIRECTION('s0_vert_e69_dir',(0.0000000,0.0000000,1.0000000));
#1335 = VECTOR('s0_vert_e69_vec',#1334,1.3150000);
#1336 = CARTESIAN_POINT('s0_vert_e69_origin',(0.1076765,-0.0288518,0.0000000));
#1337 = LINE('s0_vert_e69_line',#1336,#1335);
#1338 = EDGE_CURVE('s0_vert_e69',#214,#286,#1337,.T.);
#1339 = DIRECTION('s0_bot_e70_dir',(0.1658012,0.9861592,0.0000000));
#1340 = VECTOR('s0_bot_e70_vec',#1339,0.0097949);
#1341 = CARTESIAN_POINT('s0_bot_e70_origin',(0.1103291,-0.0194540,0.0000000));
#1342 = LINE('s0_bot_e70_line',#1341,#1340);
#1343 = EDGE_CURVE('s0_bot_e70',#215,#216,#1342,.T.);
#1344 = DIRECTION('s0_top_e70_dir',(0.1658012,0.9861592,0.0000000));
#1345 = VECTOR('s0_top_e70_vec',#1344,0.0097949);
#1346 = CARTESIAN_POINT('s0_top_e70_origin',(0.1103291,-0.0194540,1.3150000));
#1347 = LINE('s0_top_e70_line',#1346,#1345);
#1348 = EDGE_CURVE('s0_top_e70',#287,#288,#1347,.T.);
#1349 = DIRECTION('s0_vert_e70_dir',(0.0000000,0.0000000,1.0000000));
#1350 = VECTOR('s0_vert_e70_vec',#1349,1.3150000);
#1351 = CARTESIAN_POINT('s0_vert_e70_origin',(0.1103291,-0.0194540,0.0000000));
#1352 = LINE('s0_vert_e70_line',#1351,#1350);
#1353 = EDGE_CURVE('s0_vert_e70',#215,#287,#1352,.T.);
#1354 = DIRECTION('s0_bot_e71_dir',(0.0557501,0.9984448,0.0000000));
#1355 = VECTOR('s0_bot_e71_vec',#1354,0.0098099);
#1356 = CARTESIAN_POINT('s0_bot_e71_origin',(0.1119531,-0.0097946,0.0000000));
#1357 = LINE('s0_bot_e71_line',#1356,#1355);
#1358 = EDGE_CURVE('s0_bot_e71',#216,#145,#1357,.T.);
#1359 = DIRECTION('s0_top_e71_dir',(0.0557501,0.9984448,0.0000000));
#1360 = VECTOR('s0_top_e71_vec',#1359,0.0098099);
#1361 = CARTESIAN_POINT('s0_top_e71_origin',(0.1119531,-0.0097946,1.3150000));
#1362 = LINE('s0_top_e71_line',#1361,#1360);
#1363 = EDGE_CURVE('s0_top_e71',#288,#217,#1362,.T.);
#1364 = DIRECTION('s0_vert_e71_dir',(0.0000000,0.0000000,1.0000000));
#1365 = VECTOR('s0_vert_e71_vec',#1364,1.3150000);
#1366 = CARTESIAN_POINT('s0_vert_e71_origin',(0.1119531,-0.0097946,0.0000000));
#1367 = LINE('s0_vert_e71_line',#1366,#1365);
#1368 = EDGE_CURVE('s0_vert_e71',#216,#288,#1367,.T.);
#1369 = ORIENTED_EDGE('',*,*,#1358,.F.);
#1370 = ORIENTED_EDGE('',*,*,#1343,.F.);
#1371 = ORIENTED_EDGE('',*,*,#1328,.F.);
#1372 = ORIENTED_EDGE('',*,*,#1313,.F.);
#1373 = ORIENTED_EDGE('',*,*,#1298,.F.);
#1374 = ORIENTED_EDGE('',*,*,#1283,.F.);
#1375 = ORIENTED_EDGE('',*,*,#1268,.F.);
#1376 = ORIENTED_EDGE('',*,*,#1253,.F.);
#1377 = ORIENTED_EDGE('',*,*,#1238,.F.);
#1378 = ORIENTED_EDGE('',*,*,#1223,.F.);
#1379 = ORIENTED_EDGE('',*,*,#1208,.F.);
#1380 = ORIENTED_EDGE('',*,*,#1193,.F.);
#1381 = ORIENTED_EDGE('',*,*,#1178,.F.);
#1382 = ORIENTED_EDGE('',*,*,#1163,.F.);
#1383 = ORIENTED_EDGE('',*,*,#1148,.F.);
#1384 = ORIENTED_EDGE('',*,*,#1133,.F.);
#1385 = ORIENTED_EDGE('',*,*,#1118,.F.);
#1386 = ORIENTED_EDGE('',*,*,#1103,.F.);
#1387 = ORIENTED_EDGE('',*,*,#1088,.F.);
#1388 = ORIENTED_EDGE('',*,*,#1073,.F.);
#1389 = ORIENTED_EDGE('',*,*,#1058,.F.);
#1390 = ORIENTED_EDGE('',*,*,#1043,.F.);
#1391 = ORIENTED_EDGE('',*,*,#1028,.F.);
#1392 = ORIENTED_EDGE('',*,*,#1013,.F.);
#1393 = ORIENTED_EDGE('',*,*,#998,.F.);
#1394 = ORIENTED_EDGE('',*,*,#983,.F.);
#1395 = ORIENTED_EDGE('',*,*,#968,.F.);
#1396 = ORIENTED_EDGE('',*,*,#953,.F.);
#1397 = ORIENTED_EDGE('',*,*,#938,.F.);
#1398 = ORIENTED_EDGE('',*,*,#923,.F.);
#1399 = ORIENTED_EDGE('',*,*,#908,.F.);
#1400 = ORIENTED_EDGE('',*,*,#893,.F.);
#1401 = ORIENTED_EDGE('',*,*,#878,.F.);
#1402 = ORIENTED_EDGE('',*,*,#863,.F.);
#1403 = ORIENTED_EDGE('',*,*,#848,.F.);
#1404 = ORIENTED_EDGE('',*,*,#833,.F.);
#1405 = ORIENTED_EDGE('',*,*,#818,.F.);
#1406 = ORIENTED_EDGE('',*,*,#803,.F.);
#1407 = ORIENTED_EDGE('',*,*,#788,.F.);
#1408 = ORIENTED_EDGE('',*,*,#773,.F.);
#1409 = ORIENTED_EDGE('',*,*,#758,.F.);
#1410 = ORIENTED_EDGE('',*,*,#743,.F.);
#1411 = ORIENTED_EDGE('',*,*,#728,.F.);
#1412 = ORIENTED_EDGE('',*,*,#713,.F.);
#1413 = ORIENTED_EDGE('',*,*,#698,.F.);
#1414 = ORIENTED_EDGE('',*,*,#683,.F.);
#1415 = ORIENTED_EDGE('',*,*,#668,.F.);
#1416 = ORIENTED_EDGE('',*,*,#653,.F.);
#1417 = ORIENTED_EDGE('',*,*,#638,.F.);
#1418 = ORIENTED_EDGE('',*,*,#623,.F.);
#1419 = ORIENTED_EDGE('',*,*,#608,.F.);
#1420 = ORIENTED_EDGE('',*,*,#593,.F.);
#1421 = ORIENTED_EDGE('',*,*,#578,.F.);
#1422 = ORIENTED_EDGE('',*,*,#563,.F.);
#1423 = ORIENTED_EDGE('',*,*,#548,.F.);
#1424 = ORIENTED_EDGE('',*,*,#533,.F.);
#1425 = ORIENTED_EDGE('',*,*,#518,.F.);
#1426 = ORIENTED_EDGE('',*,*,#503,.F.);
#1427 = ORIENTED_EDGE('',*,*,#488,.F.);
#1428 = ORIENTED_EDGE('',*,*,#473,.F.);
#1429 = ORIENTED_EDGE('',*,*,#458,.F.);
#1430 = ORIENTED_EDGE('',*,*,#443,.F.);
#1431 = ORIENTED_EDGE('',*,*,#428,.F.);
#1432 = ORIENTED_EDGE('',*,*,#413,.F.);
#1433 = ORIENTED_EDGE('',*,*,#398,.F.);
#1434 = ORIENTED_EDGE('',*,*,#383,.F.);
#1435 = ORIENTED_EDGE('',*,*,#368,.F.);
#1436 = ORIENTED_EDGE('',*,*,#353,.F.);
#1437 = ORIENTED_EDGE('',*,*,#338,.F.);
#1438 = ORIENTED_EDGE('',*,*,#323,.F.);
#1439 = ORIENTED_EDGE('',*,*,#308,.F.);
#1440 = ORIENTED_EDGE('',*,*,#293,.F.);
#1441 = EDGE_LOOP('s0_bottom_loop',(#1369,#1370,#1371,#1372,#1373,#1374,#1375,#1376,#1377,#1378,#1379,#1380,#1381,#1382,#1383,#1384,#1385,#1386,#1387,#1388,#1389,#1390,#1391,#1392,#1393,#1394,#1395,#1396,#1397,#1398,#1399,#1400,#1401,#1402,#1403,#1404,#1405,#1406,#1407,#1408,#1409,#1410,#1411,#1412,#1413,#1414,#1415,#1416,#1417,#1418,#1419,#1420,#1421,#1422,#1423,#1424,#1425,#1426,#1427,#1428,#1429,#1430,#1431,#1432,#1433,#1434,#1435,#1436,#1437,#1438,#1439,#1440));
#1442 = FACE_OUTER_BOUND('',#1441,.T.);
#1443 = CARTESIAN_POINT('s0_bottom_plane_loc',(0.0000000,0.0000000,0.0000000));
#1444 = DIRECTION('s0_bottom_plane_axis',(0.0000000,0.0000000,-1.0000000));
#1445 = DIRECTION('s0_bottom_plane_ref',(1.0000000,0.0000000,0.0000000));
#1446 = AXIS2_PLACEMENT_3D('s0_bottom_plane_place',#1443,#1444,#1445);
#1447 = PLANE('s0_bottom_plane',#1446);
#1448 = ADVANCED_FACE('s0_bottom_face',(#1442),#1447,.T.);
#1449 = ORIENTED_EDGE('',*,*,#298,.T.);
#1450 = ORIENTED_EDGE('',*,*,#313,.T.);
#1451 = ORIENTED_EDGE('',*,*,#328,.T.);
#1452 = ORIENTED_EDGE('',*,*,#343,.T.);
#1453 = ORIENTED_EDGE('',*,*,#358,.T.);
#1454 = ORIENTED_EDGE('',*,*,#373,.T.);
#1455 = ORIENTED_EDGE('',*,*,#388,.T.);
#1456 = ORIENTED_EDGE('',*,*,#403,.T.);
#1457 = ORIENTED_EDGE('',*,*,#418,.T.);
#1458 = ORIENTED_EDGE('',*,*,#433,.T.);
#1459 = ORIENTED_EDGE('',*,*,#448,.T.);
#1460 = ORIENTED_EDGE('',*,*,#463,.T.);
#1461 = ORIENTED_EDGE('',*,*,#478,.T.);
#1462 = ORIENTED_EDGE('',*,*,#493,.T.);
#1463 = ORIENTED_EDGE('',*,*,#508,.T.);
#1464 = ORIENTED_EDGE('',*,*,#523,.T.);
#1465 = ORIENTED_EDGE('',*,*,#538,.T.);
#1466 = ORIENTED_EDGE('',*,*,#553,.T.);
#1467 = ORIENTED_EDGE('',*,*,#568,.T.);
#1468 = ORIENTED_EDGE('',*,*,#583,.T.);
#1469 = ORIENTED_EDGE('',*,*,#598,.T.);
#1470 = ORIENTED_EDGE('',*,*,#613,.T.);
#1471 = ORIENTED_EDGE('',*,*,#628,.T.);
#1472 = ORIENTED_EDGE('',*,*,#643,.T.);
#1473 = ORIENTED_EDGE('',*,*,#658,.T.);
#1474 = ORIENTED_EDGE('',*,*,#673,.T.);
#1475 = ORIENTED_EDGE('',*,*,#688,.T.);
#1476 = ORIENTED_EDGE('',*,*,#703,.T.);
#1477 = ORIENTED_EDGE('',*,*,#718,.T.);
#1478 = ORIENTED_EDGE('',*,*,#733,.T.);
#1479 = ORIENTED_EDGE('',*,*,#748,.T.);
#1480 = ORIENTED_EDGE('',*,*,#763,.T.);
#1481 = ORIENTED_EDGE('',*,*,#778,.T.);
#1482 = ORIENTED_EDGE('',*,*,#793,.T.);
#1483 = ORIENTED_EDGE('',*,*,#808,.T.);
#1484 = ORIENTED_EDGE('',*,*,#823,.T.);
#1485 = ORIENTED_EDGE('',*,*,#838,.T.);
#1486 = ORIENTED_EDGE('',*,*,#853,.T.);
#1487 = ORIENTED_EDGE('',*,*,#868,.T.);
#1488 = ORIENTED_EDGE('',*,*,#883,.T.);
#1489 = ORIENTED_EDGE('',*,*,#898,.T.);
#1490 = ORIENTED_EDGE('',*,*,#913,.T.);
#1491 = ORIENTED_EDGE('',*,*,#928,.T.);
#1492 = ORIENTED_EDGE('',*,*,#943,.T.);
#1493 = ORIENTED_EDGE('',*,*,#958,.T.);
#1494 = ORIENTED_EDGE('',*,*,#973,.T.);
#1495 = ORIENTED_EDGE('',*,*,#988,.T.);
#1496 = ORIENTED_EDGE('',*,*,#1003,.T.);
#1497 = ORIENTED_EDGE('',*,*,#1018,.T.);
#1498 = ORIENTED_EDGE('',*,*,#1033,.T.);
#1499 = ORIENTED_EDGE('',*,*,#1048,.T.);
#1500 = ORIENTED_EDGE('',*,*,#1063,.T.);
#1501 = ORIENTED_EDGE('',*,*,#1078,.T.);
#1502 = ORIENTED_EDGE('',*,*,#1093,.T.);
#1503 = ORIENTED_EDGE('',*,*,#1108,.T.);
#1504 = ORIENTED_EDGE('',*,*,#1123,.T.);
#1505 = ORIENTED_EDGE('',*,*,#1138,.T.);
#1506 = ORIENTED_EDGE('',*,*,#1153,.T.);
#1507 = ORIENTED_EDGE('',*,*,#1168,.T.);
#1508 = ORIENTED_EDGE('',*,*,#1183,.T.);
#1509 = ORIENTED_EDGE('',*,*,#1198,.T.);
#1510 = ORIENTED_EDGE('',*,*,#1213,.T.);
#1511 = ORIENTED_EDGE('',*,*,#1228,.T.);
#1512 = ORIENTED_EDGE('',*,*,#1243,.T.);
#1513 = ORIENTED_EDGE('',*,*,#1258,.T.);
#1514 = ORIENTED_EDGE('',*,*,#1273,.T.);
#1515 = ORIENTED_EDGE('',*,*,#1288,.T.);
#1516 = ORIENTED_EDGE('',*,*,#1303,.T.);
#1517 = ORIENTED_EDGE('',*,*,#1318,.T.);
#1518 = ORIENTED_EDGE('',*,*,#1333,.T.);
#1519 = ORIENTED_EDGE('',*,*,#1348,.T.);
#1520 = ORIENTED_EDGE('',*,*,#1363,.T.);
#1521 = EDGE_LOOP('s0_top_loop',(#1449,#1450,#1451,#1452,#1453,#1454,#1455,#1456,#1457,#1458,#1459,#1460,#1461,#1462,#1463,#1464,#1465,#1466,#1467,#1468,#1469,#1470,#1471,#1472,#1473,#1474,#1475,#1476,#1477,#1478,#1479,#1480,#1481,#1482,#1483,#1484,#1485,#1486,#1487,#1488,#1489,#1490,#1491,#1492,#1493,#1494,#1495,#1496,#1497,#1498,#1499,#1500,#1501,#1502,#1503,#1504,#1505,#1506,#1507,#1508,#1509,#1510,#1511,#1512,#1513,#1514,#1515,#1516,#1517,#1518,#1519,#1520));
#1522 = FACE_OUTER_BOUND('',#1521,.T.);
#1523 = CARTESIAN_POINT('s0_top_plane_loc',(0.0000000,0.0000000,1.3150000));
#1524 = DIRECTION('s0_top_plane_axis',(0.0000000,0.0000000,1.0000000));
#1525 = DIRECTION('s0_top_plane_ref',(1.0000000,0.0000000,0.0000000));
#1526 = AXIS2_PLACEMENT_3D('s0_top_plane_place',#1523,#1524,#1525);
#1527 = PLANE('s0_top_plane',#1526);
#1528 = ADVANCED_FACE('s0_top_face',(#1522),#1527,.T.);
#1529 = ORIENTED_EDGE('',*,*,#293,.T.);
#1530 = ORIENTED_EDGE('',*,*,#318,.T.);
#1531 = ORIENTED_EDGE('',*,*,#298,.F.);
#1532 = ORIENTED_EDGE('',*,*,#303,.F.);
#1533 = EDGE_LOOP('s0_side_loop_0',(#1529,#1530,#1531,#1532));
#1534 = FACE_OUTER_BOUND('',#1533,.T.);
#1535 = CARTESIAN_POINT('s0_side_plane_0_loc',(0.1122265,0.0048973,0.0000000));
#1536 = DIRECTION('s0_side_plane_0_axis',(0.9984448,0.0557501,0.0000000));
#1537 = DIRECTION('s0_side_plane_0_ref',(-0.0557501,0.9984448,0.0000000));
#1538 = AXIS2_PLACEMENT_3D('s0_side_plane_0_place',#1535,#1536,#1537);
#1539 = PLANE('s0_side_plane_0',#1538);
#1540 = ADVANCED_FACE('s0_side_face_0',(#1534),#1539,.T.);
#1541 = ORIENTED_EDGE('',*,*,#308,.T.);
#1542 = ORIENTED_EDGE('',*,*,#333,.T.);
#1543 = ORIENTED_EDGE('',*,*,#313,.F.);
#1544 = ORIENTED_EDGE('',*,*,#318,.F.);
#1545 = EDGE_LOOP('s0_side_loop_1',(#1541,#1542,#1543,#1544));
#1546 = FACE_OUTER_BOUND('',#1545,.T.);
#1547 = CARTESIAN_POINT('s0_side_plane_1_loc',(0.1111411,0.0146243,0.0000000));
#1548 = DIRECTION('s0_side_plane_1_axis',(0.9861592,0.1658012,0.0000000));
#1549 = DIRECTION('s0_side_plane_1_ref',(-0.1658012,0.9861592,0.0000000));
#1550 = AXIS2_PLACEMENT_3D('s0_side_plane_1_place',#1547,#1548,#1549);
#1551 = PLANE('s0_side_plane_1',#1550);
#1552 = ADVANCED_FACE('s0_side_face_1',(#1546),#1551,.T.);
#1553 = ORIENTED_EDGE('',*,*,#323,.T.);
#1554 = ORIENTED_EDGE('',*,*,#348,.T.);
#1555 = ORIENTED_EDGE('',*,*,#328,.F.);
#1556 = ORIENTED_EDGE('',*,*,#333,.F.);
#1557 = EDGE_LOOP('s0_side_loop_2',(#1553,#1554,#1555,#1556));
#1558 = FACE_OUTER_BOUND('',#1557,.T.);
#1559 = CARTESIAN_POINT('s0_side_plane_2_loc',(0.1090028,0.0241529,0.0000000));
#1560 = DIRECTION('s0_side_plane_2_axis',(0.9623973,0.2716458,0.0000000));
#1561 = DIRECTION('s0_side_plane_2_ref',(-0.2716458,0.9623973,0.0000000));
#1562 = AXIS2_PLACEMENT_3D('s0_side_plane_2_place',#1559,#1560,#1561);
#1563 = PLANE('s0_side_plane_2',#1562);
#1564 = ADVANCED_FACE('s0_side_face_2',(#1558),#1563,.T.);
#1565 = ORIENTED_EDGE('',*,*,#338,.T.);
#1566 = ORIENTED_EDGE('',*,*,#363,.T.);
#1567 = ORIENTED_EDGE('',*,*,#343,.F.);
#1568 = ORIENTED_EDGE('',*,*,#348,.F.);
#1569 = EDGE_LOOP('s0_side_loop_3',(#1565,#1566,#1567,#1568));
#1570 = FACE_OUTER_BOUND('',#1569,.T.);
#1571 = CARTESIAN_POINT('s0_side_plane_3_loc',(0.1058737,0.0333653,0.0000000));
#1572 = DIRECTION('s0_side_plane_3_axis',(0.9286633,0.3709239,0.0000000));
#1573 = DIRECTION('s0_side_plane_3_ref',(-0.3709239,0.9286633,0.0000000));
#1574 = AXIS2_PLACEMENT_3D('s0_side_plane_3_place',#1571,#1572,#1573);
#1575 = PLANE('s0_side_plane_3',#1574);
#1576 = ADVANCED_FACE('s0_side_face_3',(#1570),#1575,.T.);
#1577 = ORIENTED_EDGE('',*,*,#353,.T.);
#1578 = ORIENTED_EDGE('',*,*,#378,.T.);
#1579 = ORIENTED_EDGE('',*,*,#358,.F.);
#1580 = ORIENTED_EDGE('',*,*,#363,.F.);
#1581 = EDGE_LOOP('s0_side_loop_4',(#1577,#1578,#1579,#1580));
#1582 = FACE_OUTER_BOUND('',#1581,.T.);
#1583 = CARTESIAN_POINT('s0_side_plane_4_loc',(0.1018398,0.0421635,0.0000000));
#1584 = DIRECTION('s0_side_plane_4_axis',(0.8869507,0.4618641,0.0000000));
#1585 = DIRECTION('s0_side_plane_4_ref',(-0.4618641,0.8869507,0.0000000));
#1586 = AXIS2_PLACEMENT_3D('s0_side_plane_4_place',#1583,#1584,#1585);
#1587 = PLANE('s0_side_plane_4',#1586);
#1588 = ADVANCED_FACE('s0_side_face_4',(#1582),#1587,.T.);
#1589 = ORIENTED_EDGE('',*,*,#368,.T.);
#1590 = ORIENTED_EDGE('',*,*,#393,.T.);
#1591 = ORIENTED_EDGE('',*,*,#373,.F.);
#1592 = ORIENTED_EDGE('',*,*,#378,.F.);
#1593 = EDGE_LOOP('s0_side_loop_5',(#1589,#1590,#1591,#1592));
#1594 = FACE_OUTER_BOUND('',#1593,.T.);
#1595 = CARTESIAN_POINT('s0_side_plane_5_loc',(0.0970027,0.0504741,0.0000000));
#1596 = DIRECTION('s0_side_plane_5_axis',(0.8394844,0.5433837,0.0000000));
#1597 = DIRECTION('s0_side_plane_5_ref',(-0.5433837,0.8394844,0.0000000));
#1598 = AXIS2_PLACEMENT_3D('s0_side_plane_5_place',#1595,#1596,#1597);
#1599 = PLANE('s0_side_plane_5',#1598);
#1600 = ADVANCED_FACE('s0_side_face_5',(#1594),#1599,.T.);
#1601 = ORIENTED_EDGE('',*,*,#383,.T.);
#1602 = ORIENTED_EDGE('',*,*,#408,.T.);
#1603 = ORIENTED_EDGE('',*,*,#388,.F.);
#1604 = ORIENTED_EDGE('',*,*,#393,.F.);
#1605 = EDGE_LOOP('s0_side_loop_6',(#1601,#1602,#1603,#1604));
#1606 = FACE_OUTER_BOUND('',#1605,.T.);
#1607 = CARTESIAN_POINT('s0_side_plane_6_loc',(0.0914711,0.0582501,0.0000000));
#1608 = DIRECTION('s0_side_plane_6_axis',(0.7884490,0.6151001,0.0000000));
#1609 = DIRECTION('s0_side_plane_6_ref',(-0.6151001,0.7884490,0.0000000));
#1610 = AXIS2_PLACEMENT_3D('s0_side_plane_6_place',#1607,#1608,#1609);
#1611 = PLANE('s0_side_plane_6',#1610);
#1612 = ADVANCED_FACE('s0_side_face_6',(#1606),#1611,.T.);
#1613 = ORIENTED_EDGE('',*,*,#398,.T.);
#1614 = ORIENTED_EDGE('',*,*,#423,.T.);
#1615 = ORIENTED_EDGE('',*,*,#403,.F.);
#1616 = ORIENTED_EDGE('',*,*,#408,.F.);
#1617 = EDGE_LOOP('s0_side_loop_7',(#1613,#1614,#1615,#1616));
#1618 = FACE_OUTER_BOUND('',#1617,.T.);
#1619 = CARTESIAN_POINT('s0_side_plane_7_loc',(0.0853519,0.0654696,0.0000000));
#1620 = DIRECTION('s0_side_plane_7_axis',(0.7357388,0.6772654,0.0000000));
#1621 = DIRECTION('s0_side_plane_7_ref',(-0.6772654,0.7357388,0.0000000));
#1622 = AXIS2_PLACEMENT_3D('s0_side_plane_7_place',#1619,#1620,#1621);
#1623 = PLANE('s0_side_plane_7',#1622);
#1624 = ADVANCED_FACE('s0_side_face_7',(#1618),#1623,.T.);
#1625 = ORIENTED_EDGE('',*,*,#413,.T.);
#1626 = ORIENTED_EDGE('',*,*,#438,.T.);
#1627 = ORIENTED_EDGE('',*,*,#418,.F.);
#1628 = ORIENTED_EDGE('',*,*,#423,.F.);
#1629 = EDGE_LOOP('s0_side_loop_8',(#1625,#1626,#1627,#1628));
#1630 = FACE_OUTER_BOUND('',#1629,.T.);
#1631 = CARTESIAN_POINT('s0_side_plane_8_loc',(0.0787415,0.0721318,0.0000000));
#1632 = DIRECTION('s0_side_plane_8_axis',(0.6827533,0.7306490,0.0000000));
#1633 = DIRECTION('s0_side_plane_8_ref',(-0.7306490,0.6827533,0.0000000));
#1634 = AXIS2_PLACEMENT_3D('s0_side_plane_8_place',#1631,#1632,#1633);
#1635 = PLANE('s0_side_plane_8',#1634);
#1636 = ADVANCED_FACE('s0_side_face_8',(#1630),#1635,.T.);
#1637 = ORIENTED_EDGE('',*,*,#428,.T.);
#1638 = ORIENTED_EDGE('',*,*,#453,.T.);
#1639 = ORIENTED_EDGE('',*,*,#433,.F.);
#1640 = ORIENTED_EDGE('',*,*,#438,.F.);
#1641 = EDGE_LOOP('s0_side_loop_9',(#1637,#1638,#1639,#1640));
#1642 = FACE_OUTER_BOUND('',#1641,.T.);
#1643 = CARTESIAN_POINT('s0_side_plane_9_loc',(0.0717201,0.0782508,0.0000000));
#1644 = DIRECTION('s0_side_plane_9_axis',(0.6302574,0.7763863,0.0000000));
#1645 = DIRECTION('s0_side_plane_9_ref',(-0.7763863,0.6302574,0.0000000));
#1646 = AXIS2_PLACEMENT_3D('s0_side_plane_9_place',#1643,#1644,#1645);
#1647 = PLANE('s0_side_plane_9',#1646);
#1648 = ADVANCED_FACE('s0_side_face_9',(#1642),#1647,.T.);
#1649 = ORIENTED_EDGE('',*,*,#443,.T.);
#1650 = ORIENTED_EDGE('',*,*,#468,.T.);
#1651 = ORIENTED_EDGE('',*,*,#448,.F.);
#1652 = ORIENTED_EDGE('',*,*,#453,.F.);
#1653 = EDGE_LOOP('s0_side_loop_10',(#1649,#1650,#1651,#1652));
#1654 = FACE_OUTER_BOUND('',#1653,.T.);
#1655 = CARTESIAN_POINT('s0_side_plane_10_loc',(0.0643481,0.0838476,0.0000000));
#1656 = DIRECTION('s0_side_plane_10_axis',(0.5783200,0.8158100,0.0000000));
#1657 = DIRECTION('s0_side_plane_10_ref',(-0.8158100,0.5783200,0.0000000));
#1658 = AXIS2_PLACEMENT_3D('s0_side_plane_10_place',#1655,#1656,#1657);
#1659 = PLANE('s0_side_plane_10',#1658);
#1660 = ADVANCED_FACE('s0_side_face_10',(#1654),#1659,.T.);
#1661 = ORIENTED_EDGE('',*,*,#458,.T.);
#1662 = ORIENTED_EDGE('',*,*,#483,.T.);
#1663 = ORIENTED_EDGE('',*,*,#463,.F.);
#1664 = ORIENTED_EDGE('',*,*,#468,.F.);
#1665 = EDGE_LOOP('s0_side_loop_11',(#1661,#1662,#1663,#1664));
#1666 = FACE_OUTER_BOUND('',#1665,.T.);
#1667 = CARTESIAN_POINT('s0_side_plane_11_loc',(0.0566654,0.0889420,0.0000000));
#1668 = DIRECTION('s0_side_plane_11_axis',(0.5263436,0.8502719,0.0000000));
#1669 = DIRECTION('s0_side_plane_11_ref',(-0.8502719,0.5263436,0.0000000));
#1670 = AXIS2_PLACEMENT_3D('s0_side_plane_11_place',#1667,#1668,#1669);
#1671 = PLANE('s0_side_plane_11',#1670);
#1672 = ADVANCED_FACE('s0_side_face_11',(#1666),#1671,.T.);
#1673 = ORIENTED_EDGE('',*,*,#473,.T.);
#1674 = ORIENTED_EDGE('',*,*,#498,.T.);
#1675 = ORIENTED_EDGE('',*,*,#478,.F.);
#1676 = ORIENTED_EDGE('',*,*,#483,.F.);
#1677 = EDGE_LOOP('s0_side_loop_12',(#1673,#1674,#1675,#1676));
#1678 = FACE_OUTER_BOUND('',#1677,.T.);
#1679 = CARTESIAN_POINT('s0_side_plane_12_loc',(0.0486933,0.0935446,0.0000000));
#1680 = DIRECTION('s0_side_plane_12_axis',(0.4731853,0.8809629,0.0000000));
#1681 = DIRECTION('s0_side_plane_12_ref',(-0.8809629,0.4731853,0.0000000));
#1682 = AXIS2_PLACEMENT_3D('s0_side_plane_12_place',#1679,#1680,#1681);
#1683 = PLANE('s0_side_plane_12',#1682);
#1684 = ADVANCED_FACE('s0_side_face_12',(#1678),#1683,.T.);
#1685 = ORIENTED_EDGE('',*,*,#488,.T.);
#1686 = ORIENTED_EDGE('',*,*,#513,.T.);
#1687 = ORIENTED_EDGE('',*,*,#493,.F.);
#1688 = ORIENTED_EDGE('',*,*,#498,.F.);
#1689 = EDGE_LOOP('s0_side_loop_13',(#1685,#1686,#1687,#1688));
#1690 = FACE_OUTER_BOUND('',#1689,.T.);
#1691 = CARTESIAN_POINT('s0_side_plane_13_loc',(0.0404401,0.0976509,0.0000000));
#1692 = DIRECTION('s0_side_plane_13_axis',(0.4173522,0.9087448,0.0000000));
#1693 = DIRECTION('s0_side_plane_13_ref',(-0.9087448,0.4173522,0.0000000));
#1694 = AXIS2_PLACEMENT_3D('s0_side_plane_13_place',#1691,#1692,#1693);
#1695 = PLANE('s0_side_plane_13',#1694);
#1696 = ADVANCED_FACE('s0_side_face_13',(#1690),#1695,.T.);
#1697 = ORIENTED_EDGE('',*,*,#503,.T.);
#1698 = ORIENTED_EDGE('',*,*,#528,.T.);
#1699 = ORIENTED_EDGE('',*,*,#508,.F.);
#1700 = ORIENTED_EDGE('',*,*,#513,.F.);
#1701 = EDGE_LOOP('s0_side_loop_14',(#1697,#1698,#1699,#1700));
#1702 = FACE_OUTER_BOUND('',#1701,.T.);
#1703 = CARTESIAN_POINT('s0_side_plane_14_loc',(0.0319071,0.1012368,0.0000000));
#1704 = DIRECTION('s0_side_plane_14_axis',(0.3572415,0.9340120,0.0000000));
#1705 = DIRECTION('s0_side_plane_14_ref',(-0.9340120,0.3572415,0.0000000));
#1706 = AXIS2_PLACEMENT_3D('s0_side_plane_14_place',#1703,#1704,#1705);
#1707 = PLANE('s0_side_plane_14',#1706);
#1708 = ADVANCED_FACE('s0_side_face_14',(#1702),#1707,.T.);
#1709 = ORIENTED_EDGE('',*,*,#518,.T.);
#1710 = ORIENTED_EDGE('',*,*,#543,.T.);
#1711 = ORIENTED_EDGE('',*,*,#523,.F.);
#1712 = ORIENTED_EDGE('',*,*,#528,.F.);
#1713 = EDGE_LOOP('s0_side_loop_15',(#1709,#1710,#1711,#1712));
#1714 = FACE_OUTER_BOUND('',#1713,.T.);
#1715 = CARTESIAN_POINT('s0_side_plane_15_loc',(0.0230972,0.1042580,0.0000000));
#1716 = DIRECTION('s0_side_plane_15_axis',(0.2913839,0.9566062,0.0000000));
#1717 = DIRECTION('s0_side_plane_15_ref',(-0.9566062,0.2913839,0.0000000));
#1718 = AXIS2_PLACEMENT_3D('s0_side_plane_15_place',#1715,#1716,#1717);
#1719 = PLANE('s0_side_plane_15',#1718);
#1720 = ADVANCED_FACE('s0_side_face_15',(#1714),#1719,.T.);
#1721 = ORIENTED_EDGE('',*,*,#533,.T.);
#1722 = ORIENTED_EDGE('',*,*,#558,.T.);
#1723 = ORIENTED_EDGE('',*,*,#538,.F.);
#1724 = ORIENTED_EDGE('',*,*,#543,.F.);
#1725 = EDGE_LOOP('s0_side_loop_16',(#1721,#1722,#1723,#1724));
#1726 = FACE_OUTER_BOUND('',#1725,.T.);
#1727 = CARTESIAN_POINT('s0_side_plane_16_loc',(0.0140224,0.1066517,0.0000000));
#1728 = DIRECTION('s0_side_plane_16_axis',(0.2186597,0.9758012,0.0000000));
#1729 = DIRECTION('s0_side_plane_16_ref',(-0.9758012,0.2186597,0.0000000));
#1730 = AXIS2_PLACEMENT_3D('s0_side_plane_16_place',#1727,#1728,#1729);
#1731 = PLANE('s0_side_plane_16',#1730);
#1732 = ADVANCED_FACE('s0_side_face_16',(#1726),#1731,.T.);
#1733 = ORIENTED_EDGE('',*,*,#548,.T.);
#1734 = ORIENTED_EDGE('',*,*,#573,.T.);
#1735 = ORIENTED_EDGE('',*,*,#553,.F.);
#1736 = ORIENTED_EDGE('',*,*,#558,.F.);
#1737 = EDGE_LOOP('s0_side_loop_17',(#1733,#1734,#1735,#1736));
#1738 = FACE_OUTER_BOUND('',#1737,.T.);
#1739 = CARTESIAN_POINT('s0_side_plane_17_loc',(0.0047105,0.1083414,0.0000000));
#1740 = DIRECTION('s0_side_plane_17_axis',(0.1384678,0.9903669,0.0000000));
#1741 = DIRECTION('s0_side_plane_17_ref',(-0.9903669,0.1384678,0.0000000));
#1742 = AXIS2_PLACEMENT_3D('s0_side_plane_17_place',#1739,#1740,#1741);
#1743 = PLANE('s0_side_plane_17',#1742);
#1744 = ADVANCED_FACE('s0_side_face_17',(#1738),#1743,.T.);
#1745 = ORIENTED_EDGE('',*,*,#563,.T.);
#1746 = ORIENTED_EDGE('',*,*,#588,.T.);
#1747 = ORIENTED_EDGE('',*,*,#568,.F.);
#1748 = ORIENTED_EDGE('',*,*,#573,.F.);
#1749 = EDGE_LOOP('s0_side_loop_18',(#1745,#1746,#1747,#1748));
#1750 = FACE_OUTER_BOUND('',#1749,.T.);
#1751 = CARTESIAN_POINT('s0_side_plane_18_loc',(-0.0047895,0.1092438,0.0000000));
#1752 = DIRECTION('s0_side_plane_18_axis',(0.0508419,0.9987067,0.0000000));
#1753 = DIRECTION('s0_side_plane_18_ref',(-0.9987067,0.0508419,0.0000000));
#1754 = AXIS2_PLACEMENT_3D('s0_side_plane_18_place',#1751,#1752,#1753);
#1755 = PLANE('s0_side_plane_18',#1754);
#1756 = ADVANCED_FACE('s0_side_face_18',(#1750),#1755,.T.);
#1757 = ORIENTED_EDGE('',*,*,#578,.T.);
#1758 = ORIENTED_EDGE('',*,*,#603,.T.);
#1759 = ORIENTED_EDGE('',*,*,#583,.F.);
#1760 = ORIENTED_EDGE('',*,*,#588,.F.);
#1761 = EDGE_LOOP('s0_side_loop_19',(#1757,#1758,#1759,#1760));
#1762 = FACE_OUTER_BOUND('',#1761,.T.);
#1763 = CARTESIAN_POINT('s0_side_plane_19_loc',(-0.0144052,0.1092776,0.0000000));
#1764 = DIRECTION('s0_side_plane_19_axis',(-0.0434893,0.9990539,0.0000000));
#1765 = DIRECTION('s0_side_plane_19_ref',(-0.9990539,-0.0434893,0.0000000));
#1766 = AXIS2_PLACEMENT_3D('s0_side_plane_19_place',#1763,#1764,#1765);
#1767 = PLANE('s0_side_plane_19',#1766);
#1768 = ADVANCED_FACE('s0_side_face_19',(#1762),#1767,.T.);
#1769 = ORIENTED_EDGE('',*,*,#593,.T.);
#1770 = ORIENTED_EDGE('',*,*,#618,.T.);
#1771 = ORIENTED_EDGE('',*,*,#598,.F.);
#1772 = ORIENTED_EDGE('',*,*,#603,.F.);
#1773 = EDGE_LOOP('s0_side_loop_20',(#1769,#1770,#1771,#1772));
#1774 = FACE_OUTER_BOUND('',#1773,.T.);
#1775 = CARTESIAN_POINT('s0_side_plane_20_loc',(-0.0240417,0.1083720,0.0000000));
#1776 = DIRECTION('s0_side_plane_20_axis',(-0.1431021,0.9897079,0.0000000));
#1777 = DIRECTION('s0_side_plane_20_ref',(-0.9897079,-0.1431021,0.0000000));
#1778 = AXIS2_PLACEMENT_3D('s0_side_plane_20_place',#1775,#1776,#1777);
#1779 = PLANE('s0_side_plane_20',#1778);
#1780 = ADVANCED_FACE('s0_side_face_20',(#1774),#1779,.T.);
#1781 = ORIENTED_EDGE('',*,*,#608,.T.);
#1782 = ORIENTED_EDGE('',*,*,#633,.T.);
#1783 = ORIENTED_EDGE('',*,*,#613,.F.);
#1784 = ORIENTED_EDGE('',*,*,#618,.F.);
#1785 = EDGE_LOOP('s0_side_loop_21',(#1781,#1782,#1783,#1784));
#1786 = FACE_OUTER_BOUND('',#1785,.T.);
#1787 = CARTESIAN_POINT('s0_side_plane_21_loc',(-0.0335844,0.1064756,0.0000000));
#1788 = DIRECTION('s0_side_plane_21_axis',(-0.2459465,0.9692834,0.0000000));
#1789 = DIRECTION('s0_side_plane_21_ref',(-0.9692834,-0.2459465,0.0000000));
#1790 = AXIS2_PLACEMENT_3D('s0_side_plane_21_place',#1787,#1788,#1789);
#1791 = PLANE('s0_side_plane_21',#1790);
#1792 = ADVANCED_FACE('s0_side_face_21',(#1786),#1791,.T.);
#1793 = ORIENTED_EDGE('',*,*,#623,.T.);
#1794 = ORIENTED_EDGE('',*,*,#648,.T.);
#1795 = ORIENTED_EDGE('',*,*,#628,.F.);
#1796 = ORIENTED_EDGE('',*,*,#633,.F.);
#1797 = EDGE_LOOP('s0_side_loop_22',(#1793,#1794,#1795,#1796));
#1798 = FACE_OUTER_BOUND('',#1797,.T.);
#1799 = CARTESIAN_POINT('s0_side_plane_22_loc',(-0.0429055,0.1035632,0.0000000));
#1800 = DIRECTION('s0_side_plane_22_axis',(-0.3494915,0.9369395,0.0000000));
#1801 = DIRECTION('s0_side_plane_22_ref',(-0.9369395,-0.3494915,0.0000000));
#1802 = AXIS2_PLACEMENT_3D('s0_side_plane_22_place',#1799,#1800,#1801);
#1803 = PLANE('s0_side_plane_22',#1802);
#1804 = ADVANCED_FACE('s0_side_face_22',(#1798),#1803,.T.);
#1805 = ORIENTED_EDGE('',*,*,#638,.T.);
#1806 = ORIENTED_EDGE('',*,*,#663,.T.);
#1807 = ORIENTED_EDGE('',*,*,#643,.F.);
#1808 = ORIENTED_EDGE('',*,*,#648,.F.);
#1809 = EDGE_LOOP('s0_side_loop_23',(#1805,#1806,#1807,#1808));
#1810 = FACE_OUTER_BOUND('',#1809,.T.);
#1811 = CARTESIAN_POINT('s0_side_plane_23_loc',(-0.0518721,0.0996397,0.0000000));
#1812 = DIRECTION('s0_side_plane_23_axis',(-0.4509414,0.8925536,0.0000000));
#1813 = DIRECTION('s0_side_plane_23_ref',(-0.8925536,-0.4509414,0.0000000));
#1814 = AXIS2_PLACEMENT_3D('s0_side_plane_23_place',#1811,#1812,#1813);
#1815 = PLANE('s0_side_plane_23',#1814);
#1816 = ADVANCED_FACE('s0_side_face_23',(#1810),#1815,.T.);
#1817 = ORIENTED_EDGE('',*,*,#653,.T.);
#1818 = ORIENTED_EDGE('',*,*,#678,.T.);
#1819 = ORIENTED_EDGE('',*,*,#658,.F.);
#1820 = ORIENTED_EDGE('',*,*,#663,.F.);
#1821 = EDGE_LOOP('s0_side_loop_24',(#1817,#1818,#1819,#1820));
#1822 = FACE_OUTER_BOUND('',#1821,.T.);
#1823 = CARTESIAN_POINT('s0_side_plane_24_loc',(-0.0603545,0.0947424,0.0000000));
#1824 = DIRECTION('s0_side_plane_24_axis',(-0.5475034,0.8368035,0.0000000));
#1825 = DIRECTION('s0_side_plane_24_ref',(-0.8368035,-0.5475034,0.0000000));
#1826 = AXIS2_PLACEMENT_3D('s0_side_plane_24_place',#1823,#1824,#1825);
#1827 = PLANE('s0_side_plane_24',#1826);
#1828 = ADVANCED_FACE('s0_side_face_24',(#1822),#1827,.T.);
#1829 = ORIENTED_EDGE('',*,*,#668,.T.);
#1830 = ORIENTED_EDGE('',*,*,#693,.T.);
#1831 = ORIENTED_EDGE('',*,*,#673,.F.);
#1832 = ORIENTED_EDGE('',*,*,#678,.F.);
#1833 = EDGE_LOOP('s0_side_loop_25',(#1829,#1830,#1831,#1832));
#1834 = FACE_OUTER_BOUND('',#1833,.T.);
#1835 = CARTESIAN_POINT('s0_side_plane_25_loc',(-0.0682356,0.0889389,0.0000000));
#1836 = DIRECTION('s0_side_plane_25_axis',(-0.6366677,0.7711383,0.0000000));
#1837 = DIRECTION('s0_side_plane_25_ref',(-0.7711383,-0.6366677,0.0000000));
#1838 = AXIS2_PLACEMENT_3D('s0_side_plane_25_place',#1835,#1836,#1837);
#1839 = PLANE('s0_side_plane_25',#1838);
#1840 = ADVANCED_FACE('s0_side_face_25',(#1834),#1839,.T.);
#1841 = ORIENTED_EDGE('',*,*,#683,.T.);
#1842 = ORIENTED_EDGE('',*,*,#708,.T.);
#1843 = ORIENTED_EDGE('',*,*,#688,.F.);
#1844 = ORIENTED_EDGE('',*,*,#693,.F.);
#1845 = EDGE_LOOP('s0_side_loop_26',(#1841,#1842,#1843,#1844));
#1846 = FACE_OUTER_BOUND('',#1845,.T.);
#1847 = CARTESIAN_POINT('s0_side_plane_26_loc',(-0.0754184,0.0823227,0.0000000));
#1848 = DIRECTION('s0_side_plane_26_axis',(-0.7164508,0.6976376,0.0000000));
#1849 = DIRECTION('s0_side_plane_26_ref',(-0.6976376,-0.7164508,0.0000000));
#1850 = AXIS2_PLACEMENT_3D('s0_side_plane_26_place',#1847,#1848,#1849);
#1851 = PLANE('s0_side_plane_26',#1850);
#1852 = ADVANCED_FACE('s0_side_face_26',(#1846),#1851,.T.);
#1853 = ORIENTED_EDGE('',*,*,#698,.T.);
#1854 = ORIENTED_EDGE('',*,*,#723,.T.);
#1855 = ORIENTED_EDGE('',*,*,#703,.F.);
#1856 = ORIENTED_EDGE('',*,*,#708,.F.);
#1857 = EDGE_LOOP('s0_side_loop_27',(#1853,#1854,#1855,#1856));
#1858 = FACE_OUTER_BOUND('',#1857,.T.);
#1859 = CARTESIAN_POINT('s0_side_plane_27_loc',(-0.0818320,0.0750067,0.0000000));
#1860 = DIRECTION('s0_side_plane_27_axis',(-0.7855612,0.6187840,0.0000000));
#1861 = DIRECTION('s0_side_plane_27_ref',(-0.6187840,-0.7855612,0.0000000));
#1862 = AXIS2_PLACEMENT_3D('s0_side_plane_27_place',#1859,#1860,#1861);
#1863 = PLANE('s0_side_plane_27',#1862);
#1864 = ADVANCED_FACE('s0_side_face_27',(#1858),#1863,.T.);
#1865 = ORIENTED_EDGE('',*,*,#713,.T.);
#1866 = ORIENTED_EDGE('',*,*,#738,.T.);
#1867 = ORIENTED_EDGE('',*,*,#718,.F.);
#1868 = ORIENTED_EDGE('',*,*,#723,.F.);
#1869 = EDGE_LOOP('s0_side_loop_28',(#1865,#1866,#1867,#1868));
#1870 = FACE_OUTER_BOUND('',#1869,.T.);
#1871 = CARTESIAN_POINT('s0_side_plane_28_loc',(-0.0874345,0.0671141,0.0000000));
#1872 = DIRECTION('s0_side_plane_28_axis',(-0.8434614,0.5371898,0.0000000));
#1873 = DIRECTION('s0_side_plane_28_ref',(-0.5371898,-0.8434614,0.0000000));
#1874 = AXIS2_PLACEMENT_3D('s0_side_plane_28_place',#1871,#1872,#1873);
#1875 = PLANE('s0_side_plane_28',#1874);
#1876 = ADVANCED_FACE('s0_side_face_28',(#1870),#1875,.T.);
#1877 = ORIENTED_EDGE('',*,*,#728,.T.);
#1878 = ORIENTED_EDGE('',*,*,#753,.T.);
#1879 = ORIENTED_EDGE('',*,*,#733,.F.);
#1880 = ORIENTED_EDGE('',*,*,#738,.F.);
#1881 = EDGE_LOOP('s0_side_loop_29',(#1877,#1878,#1879,#1880));
#1882 = FACE_OUTER_BOUND('',#1881,.T.);
#1883 = CARTESIAN_POINT('s0_side_plane_29_loc',(-0.0922132,0.0587697,0.0000000));
#1884 = DIRECTION('s0_side_plane_29_axis',(-0.8903263,0.4553230,0.0000000));
#1885 = DIRECTION('s0_side_plane_29_ref',(-0.4553230,-0.8903263,0.0000000));
#1886 = AXIS2_PLACEMENT_3D('s0_side_plane_29_place',#1883,#1884,#1885);
#1887 = PLANE('s0_side_plane_29',#1886);
#1888 = ADVANCED_FACE('s0_side_face_29',(#1882),#1887,.T.);
#1889 = ORIENTED_EDGE('',*,*,#743,.T.);
#1890 = ORIENTED_EDGE('',*,*,#768,.T.);
#1891 = ORIENTED_EDGE('',*,*,#748,.F.);
#1892 = ORIENTED_EDGE('',*,*,#753,.F.);
#1893 = EDGE_LOOP('s0_side_loop_30',(#1889,#1890,#1891,#1892));
#1894 = FACE_OUTER_BOUND('',#1893,.T.);
#1895 = CARTESIAN_POINT('s0_side_plane_30_loc',(-0.0961817,0.0500913,0.0000000));
#1896 = DIRECTION('s0_side_plane_30_axis',(-0.9269168,0.3752668,0.0000000));
#1897 = DIRECTION('s0_side_plane_30_ref',(-0.3752668,-0.9269168,0.0000000));
#1898 = AXIS2_PLACEMENT_3D('s0_side_plane_30_place',#1895,#1896,#1897);
#1899 = PLANE('s0_side_plane_30',#1898);
#1900 = ADVANCED_FACE('s0_side_face_30',(#1894),#1899,.T.);
#1901 = ORIENTED_EDGE('',*,*,#758,.T.);
#1902 = ORIENTED_EDGE('',*,*,#783,.T.);
#1903 = ORIENTED_EDGE('',*,*,#763,.F.);
#1904 = ORIENTED_EDGE('',*,*,#768,.F.);
#1905 = EDGE_LOOP('s0_side_loop_31',(#1901,#1902,#1903,#1904));
#1906 = FACE_OUTER_BOUND('',#1905,.T.);
#1907 = CARTESIAN_POINT('s0_side_plane_31_loc',(-0.0993743,0.0411821,0.0000000));
#1908 = DIRECTION('s0_side_plane_31_axis',(-0.9543985,0.2985357,0.0000000));
#1909 = DIRECTION('s0_side_plane_31_ref',(-0.2985357,-0.9543985,0.0000000));
#1910 = AXIS2_PLACEMENT_3D('s0_side_plane_31_place',#1907,#1908,#1909);
#1911 = PLANE('s0_side_plane_31',#1910);
#1912 = ADVANCED_FACE('s0_side_face_31',(#1906),#1911,.T.);
#1913 = ORIENTED_EDGE('',*,*,#773,.T.);
#1914 = ORIENTED_EDGE('',*,*,#798,.T.);
#1915 = ORIENTED_EDGE('',*,*,#778,.F.);
#1916 = ORIENTED_EDGE('',*,*,#783,.F.);
#1917 = EDGE_LOOP('s0_side_loop_32',(#1913,#1914,#1915,#1916));
#1918 = FACE_OUTER_BOUND('',#1917,.T.);
#1919 = CARTESIAN_POINT('s0_side_plane_32_loc',(-0.1018387,0.0321262,0.0000000));
#1920 = DIRECTION('s0_side_plane_32_axis',(-0.9741372,0.2259572,0.0000000));
#1921 = DIRECTION('s0_side_plane_32_ref',(-0.2259572,-0.9741372,0.0000000));
#1922 = AXIS2_PLACEMENT_3D('s0_side_plane_32_place',#1919,#1920,#1921);
#1923 = PLANE('s0_side_plane_32',#1922);
#1924 = ADVANCED_FACE('s0_side_face_32',(#1918),#1923,.T.);
#1925 = ORIENTED_EDGE('',*,*,#788,.T.);
#1926 = ORIENTED_EDGE('',*,*,#813,.T.);
#1927 = ORIENTED_EDGE('',*,*,#793,.F.);
#1928 = ORIENTED_EDGE('',*,*,#798,.F.);
#1929 = EDGE_LOOP('s0_side_loop_33',(#1925,#1926,#1927,#1928));
#1930 = FACE_OUTER_BOUND('',#1929,.T.);
#1931 = CARTESIAN_POINT('s0_side_plane_33_loc',(-0.1036272,0.0229860,0.0000000));
#1932 = DIRECTION('s0_side_plane_33_axis',(-0.9874989,0.1576258,0.0000000));
#1933 = DIRECTION('s0_side_plane_33_ref',(-0.1576258,-0.9874989,0.0000000));
#1934 = AXIS2_PLACEMENT_3D('s0_side_plane_33_place',#1931,#1932,#1933);
#1935 = PLANE('s0_side_plane_33',#1934);
#1936 = ADVANCED_FACE('s0_side_face_33',(#1930),#1935,.T.);
#1937 = ORIENTED_EDGE('',*,*,#803,.T.);
#1938 = ORIENTED_EDGE('',*,*,#828,.T.);
#1939 = ORIENTED_EDGE('',*,*,#808,.F.);
#1940 = ORIENTED_EDGE('',*,*,#813,.F.);
#1941 = EDGE_LOOP('s0_side_loop_34',(#1937,#1938,#1939,#1940));
#1942 = FACE_OUTER_BOUND('',#1941,.T.);
#1943 = CARTESIAN_POINT('s0_side_plane_34_loc',(-0.1047882,0.0138033,0.0000000));
#1944 = DIRECTION('s0_side_plane_34_axis',(-0.9956722,0.0929348,0.0000000));
#1945 = DIRECTION('s0_side_plane_34_ref',(-0.0929348,-0.9956722,0.0000000));
#1946 = AXIS2_PLACEMENT_3D('s0_side_plane_34_place',#1943,#1944,#1945);
#1947 = PLANE('s0_side_plane_34',#1946);
#1948 = ADVANCED_FACE('s0_side_face_34',(#1942),#1947,.T.);
#1949 = ORIENTED_EDGE('',*,*,#818,.T.);
#1950 = ORIENTED_EDGE('',*,*,#843,.T.);
#1951 = ORIENTED_EDGE('',*,*,#823,.F.);
#1952 = ORIENTED_EDGE('',*,*,#828,.F.);
#1953 = EDGE_LOOP('s0_side_loop_35',(#1949,#1950,#1951,#1952));
#1954 = FACE_OUTER_BOUND('',#1953,.T.);
#1955 = CARTESIAN_POINT('s0_side_plane_35_loc',(-0.1053587,0.0046027,0.0000000));
#1956 = DIRECTION('s0_side_plane_35_axis',(-0.9995289,0.0306910,0.0000000));
#1957 = DIRECTION('s0_side_plane_35_ref',(-0.0306910,-0.9995289,0.0000000));
#1958 = AXIS2_PLACEMENT_3D('s0_side_plane_35_place',#1955,#1956,#1957);
#1959 = PLANE('s0_side_plane_35',#1958);
#1960 = ADVANCED_FACE('s0_side_face_35',(#1954),#1959,.T.);
#1961 = ORIENTED_EDGE('',*,*,#833,.T.);
#1962 = ORIENTED_EDGE('',*,*,#858,.T.);
#1963 = ORIENTED_EDGE('',*,*,#838,.F.);
#1964 = ORIENTED_EDGE('',*,*,#843,.F.);
#1965 = EDGE_LOOP('s0_side_loop_36',(#1961,#1962,#1963,#1964));
#1966 = FACE_OUTER_BOUND('',#1965,.T.);
#1967 = CARTESIAN_POINT('s0_side_plane_36_loc',(-0.1053587,-0.0046027,0.0000000));
#1968 = DIRECTION('s0_side_plane_36_axis',(-0.9995289,-0.0306910,0.0000000));
#1969 = DIRECTION('s0_side_plane_36_ref',(0.0306910,-0.9995289,0.0000000));
#1970 = AXIS2_PLACEMENT_3D('s0_side_plane_36_place',#1967,#1968,#1969);
#1971 = PLANE('s0_side_plane_36',#1970);
#1972 = ADVANCED_FACE('s0_side_face_36',(#1966),#1971,.T.);
#1973 = ORIENTED_EDGE('',*,*,#848,.T.);
#1974 = ORIENTED_EDGE('',*,*,#873,.T.);
#1975 = ORIENTED_EDGE('',*,*,#853,.F.);
#1976 = ORIENTED_EDGE('',*,*,#858,.F.);
#1977 = EDGE_LOOP('s0_side_loop_37',(#1973,#1974,#1975,#1976));
#1978 = FACE_OUTER_BOUND('',#1977,.T.);
#1979 = CARTESIAN_POINT('s0_side_plane_37_loc',(-0.1047882,-0.0138033,0.0000000));
#1980 = DIRECTION('s0_side_plane_37_axis',(-0.9956722,-0.0929348,0.0000000));
#1981 = DIRECTION('s0_side_plane_37_ref',(0.0929348,-0.9956722,0.0000000));
#1982 = AXIS2_PLACEMENT_3D('s0_side_plane_37_place',#1979,#1980,#1981);
#1983 = PLANE('s0_side_plane_37',#1982);
#1984 = ADVANCED_FACE('s0_side_face_37',(#1978),#1983,.T.);
#1985 = ORIENTED_EDGE('',*,*,#863,.T.);
#1986 = ORIENTED_EDGE('',*,*,#888,.T.);
#1987 = ORIENTED_EDGE('',*,*,#868,.F.);
#1988 = ORIENTED_EDGE('',*,*,#873,.F.);
#1989 = EDGE_LOOP('s0_side_loop_38',(#1985,#1986,#1987,#1988));
#1990 = FACE_OUTER_BOUND('',#1989,.T.);
#1991 = CARTESIAN_POINT('s0_side_plane_38_loc',(-0.1036272,-0.0229860,0.0000000));
#1992 = DIRECTION('s0_side_plane_38_axis',(-0.9874989,-0.1576258,0.0000000));
#1993 = DIRECTION('s0_side_plane_38_ref',(0.1576258,-0.9874989,0.0000000));
#1994 = AXIS2_PLACEMENT_3D('s0_side_plane_38_place',#1991,#1992,#1993);
#1995 = PLANE('s0_side_plane_38',#1994);
#1996 = ADVANCED_FACE('s0_side_face_38',(#1990),#1995,.T.);
#1997 = ORIENTED_EDGE('',*,*,#878,.T.);
#1998 = ORIENTED_EDGE('',*,*,#903,.T.);
#1999 = ORIENTED_EDGE('',*,*,#883,.F.);
#2000 = ORIENTED_EDGE('',*,*,#888,.F.);
#2001 = EDGE_LOOP('s0_side_loop_39',(#1997,#1998,#1999,#2000));
#2002 = FACE_OUTER_BOUND('',#2001,.T.);
#2003 = CARTESIAN_POINT('s0_side_plane_39_loc',(-0.1018387,-0.0321262,0.0000000));
#2004 = DIRECTION('s0_side_plane_39_axis',(-0.9741372,-0.2259572,0.0000000));
#2005 = DIRECTION('s0_side_plane_39_ref',(0.2259572,-0.9741372,0.0000000));
#2006 = AXIS2_PLACEMENT_3D('s0_side_plane_39_place',#2003,#2004,#2005);
#2007 = PLANE('s0_side_plane_39',#2006);
#2008 = ADVANCED_FACE('s0_side_face_39',(#2002),#2007,.T.);
#2009 = ORIENTED_EDGE('',*,*,#893,.T.);
#2010 = ORIENTED_EDGE('',*,*,#918,.T.);
#2011 = ORIENTED_EDGE('',*,*,#898,.F.);
#2012 = ORIENTED_EDGE('',*,*,#903,.F.);
#2013 = EDGE_LOOP('s0_side_loop_40',(#2009,#2010,#2011,#2012));
#2014 = FACE_OUTER_BOUND('',#2013,.T.);
#2015 = CARTESIAN_POINT('s0_side_plane_40_loc',(-0.0993743,-0.0411821,0.0000000));
#2016 = DIRECTION('s0_side_plane_40_axis',(-0.9543985,-0.2985357,0.0000000));
#2017 = DIRECTION('s0_side_plane_40_ref',(0.2985357,-0.9543985,0.0000000));
#2018 = AXIS2_PLACEMENT_3D('s0_side_plane_40_place',#2015,#2016,#2017);
#2019 = PLANE('s0_side_plane_40',#2018);
#2020 = ADVANCED_FACE('s0_side_face_40',(#2014),#2019,.T.);
#2021 = ORIENTED_EDGE('',*,*,#908,.T.);
#2022 = ORIENTED_EDGE('',*,*,#933,.T.);
#2023 = ORIENTED_EDGE('',*,*,#913,.F.);
#2024 = ORIENTED_EDGE('',*,*,#918,.F.);
#2025 = EDGE_LOOP('s0_side_loop_41',(#2021,#2022,#2023,#2024));
#2026 = FACE_OUTER_BOUND('',#2025,.T.);
#2027 = CARTESIAN_POINT('s0_side_plane_41_loc',(-0.0961817,-0.0500913,0.0000000));
#2028 = DIRECTION('s0_side_plane_41_axis',(-0.9269168,-0.3752668,0.0000000));
#2029 = DIRECTION('s0_side_plane_41_ref',(0.3752668,-0.9269168,0.0000000));
#2030 = AXIS2_PLACEMENT_3D('s0_side_plane_41_place',#2027,#2028,#2029);
#2031 = PLANE('s0_side_plane_41',#2030);
#2032 = ADVANCED_FACE('s0_side_face_41',(#2026),#2031,.T.);
#2033 = ORIENTED_EDGE('',*,*,#923,.T.);
#2034 = ORIENTED_EDGE('',*,*,#948,.T.);
#2035 = ORIENTED_EDGE('',*,*,#928,.F.);
#2036 = ORIENTED_EDGE('',*,*,#933,.F.);
#2037 = EDGE_LOOP('s0_side_loop_42',(#2033,#2034,#2035,#2036));
#2038 = FACE_OUTER_BOUND('',#2037,.T.);
#2039 = CARTESIAN_POINT('s0_side_plane_42_loc',(-0.0922132,-0.0587697,0.0000000));
#2040 = DIRECTION('s0_side_plane_42_axis',(-0.8903263,-0.4553230,0.0000000));
#2041 = DIRECTION('s0_side_plane_42_ref',(0.4553230,-0.8903263,0.0000000));
#2042 = AXIS2_PLACEMENT_3D('s0_side_plane_42_place',#2039,#2040,#2041);
#2043 = PLANE('s0_side_plane_42',#2042);
#2044 = ADVANCED_FACE('s0_side_face_42',(#2038),#2043,.T.);
#2045 = ORIENTED_EDGE('',*,*,#938,.T.);
#2046 = ORIENTED_EDGE('',*,*,#963,.T.);
#2047 = ORIENTED_EDGE('',*,*,#943,.F.);
#2048 = ORIENTED_EDGE('',*,*,#948,.F.);
#2049 = EDGE_LOOP('s0_side_loop_43',(#2045,#2046,#2047,#2048));
#2050 = FACE_OUTER_BOUND('',#2049,.T.);
#2051 = CARTESIAN_POINT('s0_side_plane_43_loc',(-0.0874345,-0.0671141,0.0000000));
#2052 = DIRECTION('s0_side_plane_43_axis',(-0.8434614,-0.5371898,0.0000000));
#2053 = DIRECTION('s0_side_plane_43_ref',(0.5371898,-0.8434614,0.0000000));
#2054 = AXIS2_PLACEMENT_3D('s0_side_plane_43_place',#2051,#2052,#2053);
#2055 = PLANE('s0_side_plane_43',#2054);
#2056 = ADVANCED_FACE('s0_side_face_43',(#2050),#2055,.T.);
#2057 = ORIENTED_EDGE('',*,*,#953,.T.);
#2058 = ORIENTED_EDGE('',*,*,#978,.T.);
#2059 = ORIENTED_EDGE('',*,*,#958,.F.);
#2060 = ORIENTED_EDGE('',*,*,#963,.F.);
#2061 = EDGE_LOOP('s0_side_loop_44',(#2057,#2058,#2059,#2060));
#2062 = FACE_OUTER_BOUND('',#2061,.T.);
#2063 = CARTESIAN_POINT('s0_side_plane_44_loc',(-0.0818320,-0.0750067,0.0000000));
#2064 = DIRECTION('s0_side_plane_44_axis',(-0.7855612,-0.6187840,0.0000000));
#2065 = DIRECTION('s0_side_plane_44_ref',(0.6187840,-0.7855612,0.0000000));
#2066 = AXIS2_PLACEMENT_3D('s0_side_plane_44_place',#2063,#2064,#2065);
#2067 = PLANE('s0_side_plane_44',#2066);
#2068 = ADVANCED_FACE('s0_side_face_44',(#2062),#2067,.T.);
#2069 = ORIENTED_EDGE('',*,*,#968,.T.);
#2070 = ORIENTED_EDGE('',*,*,#993,.T.);
#2071 = ORIENTED_EDGE('',*,*,#973,.F.);
#2072 = ORIENTED_EDGE('',*,*,#978,.F.);
#2073 = EDGE_LOOP('s0_side_loop_45',(#2069,#2070,#2071,#2072));
#2074 = FACE_OUTER_BOUND('',#2073,.T.);
#2075 = CARTESIAN_POINT('s0_side_plane_45_loc',(-0.0754184,-0.0823227,0.0000000));
#2076 = DIRECTION('s0_side_plane_45_axis',(-0.7164508,-0.6976376,0.0000000));
#2077 = DIRECTION('s0_side_plane_45_ref',(0.6976376,-0.7164508,0.0000000));
#2078 = AXIS2_PLACEMENT_3D('s0_side_plane_45_place',#2075,#2076,#2077);
#2079 = PLANE('s0_side_plane_45',#2078);
#2080 = ADVANCED_FACE('s0_side_face_45',(#2074),#2079,.T.);
#2081 = ORIENTED_EDGE('',*,*,#983,.T.);
#2082 = ORIENTED_EDGE('',*,*,#1008,.T.);
#2083 = ORIENTED_EDGE('',*,*,#988,.F.);
#2084 = ORIENTED_EDGE('',*,*,#993,.F.);
#2085 = EDGE_LOOP('s0_side_loop_46',(#2081,#2082,#2083,#2084));
#2086 = FACE_OUTER_BOUND('',#2085,.T.);
#2087 = CARTESIAN_POINT('s0_side_plane_46_loc',(-0.0682356,-0.0889389,0.0000000));
#2088 = DIRECTION('s0_side_plane_46_axis',(-0.6366677,-0.7711383,0.0000000));
#2089 = DIRECTION('s0_side_plane_46_ref',(0.7711383,-0.6366677,0.0000000));
#2090 = AXIS2_PLACEMENT_3D('s0_side_plane_46_place',#2087,#2088,#2089);
#2091 = PLANE('s0_side_plane_46',#2090);
#2092 = ADVANCED_FACE('s0_side_face_46',(#2086),#2091,.T.);
#2093 = ORIENTED_EDGE('',*,*,#998,.T.);
#2094 = ORIENTED_EDGE('',*,*,#1023,.T.);
#2095 = ORIENTED_EDGE('',*,*,#1003,.F.);
#2096 = ORIENTED_EDGE('',*,*,#1008,.F.);
#2097 = EDGE_LOOP('s0_side_loop_47',(#2093,#2094,#2095,#2096));
#2098 = FACE_OUTER_BOUND('',#2097,.T.);
#2099 = CARTESIAN_POINT('s0_side_plane_47_loc',(-0.0603545,-0.0947424,0.0000000));
#2100 = DIRECTION('s0_side_plane_47_axis',(-0.5475034,-0.8368035,0.0000000));
#2101 = DIRECTION('s0_side_plane_47_ref',(0.8368035,-0.5475034,0.0000000));
#2102 = AXIS2_PLACEMENT_3D('s0_side_plane_47_place',#2099,#2100,#2101);
#2103 = PLANE('s0_side_plane_47',#2102);
#2104 = ADVANCED_FACE('s0_side_face_47',(#2098),#2103,.T.);
#2105 = ORIENTED_EDGE('',*,*,#1013,.T.);
#2106 = ORIENTED_EDGE('',*,*,#1038,.T.);
#2107 = ORIENTED_EDGE('',*,*,#1018,.F.);
#2108 = ORIENTED_EDGE('',*,*,#1023,.F.);
#2109 = EDGE_LOOP('s0_side_loop_48',(#2105,#2106,#2107,#2108));
#2110 = FACE_OUTER_BOUND('',#2109,.T.);
#2111 = CARTESIAN_POINT('s0_side_plane_48_loc',(-0.0518721,-0.0996397,0.0000000));
#2112 = DIRECTION('s0_side_plane_48_axis',(-0.4509414,-0.8925536,0.0000000));
#2113 = DIRECTION('s0_side_plane_48_ref',(0.8925536,-0.4509414,0.0000000));
#2114 = AXIS2_PLACEMENT_3D('s0_side_plane_48_place',#2111,#2112,#2113);
#2115 = PLANE('s0_side_plane_48',#2114);
#2116 = ADVANCED_FACE('s0_side_face_48',(#2110),#2115,.T.);
#2117 = ORIENTED_EDGE('',*,*,#1028,.T.);
#2118 = ORIENTED_EDGE('',*,*,#1053,.T.);
#2119 = ORIENTED_EDGE('',*,*,#1033,.F.);
#2120 = ORIENTED_EDGE('',*,*,#1038,.F.);
#2121 = EDGE_LOOP('s0_side_loop_49',(#2117,#2118,#2119,#2120));
#2122 = FACE_OUTER_BOUND('',#2121,.T.);
#2123 = CARTESIAN_POINT('s0_side_plane_49_loc',(-0.0429055,-0.1035632,0.0000000));
#2124 = DIRECTION('s0_side_plane_49_axis',(-0.3494915,-0.9369395,0.0000000));
#2125 = DIRECTION('s0_side_plane_49_ref',(0.9369395,-0.3494915,0.0000000));
#2126 = AXIS2_PLACEMENT_3D('s0_side_plane_49_place',#2123,#2124,#2125);
#2127 = PLANE('s0_side_plane_49',#2126);
#2128 = ADVANCED_FACE('s0_side_face_49',(#2122),#2127,.T.);
#2129 = ORIENTED_EDGE('',*,*,#1043,.T.);
#2130 = ORIENTED_EDGE('',*,*,#1068,.T.);
#2131 = ORIENTED_EDGE('',*,*,#1048,.F.);
#2132 = ORIENTED_EDGE('',*,*,#1053,.F.);
#2133 = EDGE_LOOP('s0_side_loop_50',(#2129,#2130,#2131,#2132));
#2134 = FACE_OUTER_BOUND('',#2133,.T.);
#2135 = CARTESIAN_POINT('s0_side_plane_50_loc',(-0.0335844,-0.1064756,0.0000000));
#2136 = DIRECTION('s0_side_plane_50_axis',(-0.2459465,-0.9692834,0.0000000));
#2137 = DIRECTION('s0_side_plane_50_ref',(0.9692834,-0.2459465,0.0000000));
#2138 = AXIS2_PLACEMENT_3D('s0_side_plane_50_place',#2135,#2136,#2137);
#2139 = PLANE('s0_side_plane_50',#2138);
#2140 = ADVANCED_FACE('s0_side_face_50',(#2134),#2139,.T.);
#2141 = ORIENTED_EDGE('',*,*,#1058,.T.);
#2142 = ORIENTED_EDGE('',*,*,#1083,.T.);
#2143 = ORIENTED_EDGE('',*,*,#1063,.F.);
#2144 = ORIENTED_EDGE('',*,*,#1068,.F.);
#2145 = EDGE_LOOP('s0_side_loop_51',(#2141,#2142,#2143,#2144));
#2146 = FACE_OUTER_BOUND('',#2145,.T.);
#2147 = CARTESIAN_POINT('s0_side_plane_51_loc',(-0.0240417,-0.1083720,0.0000000));
#2148 = DIRECTION('s0_side_plane_51_axis',(-0.1431021,-0.9897079,0.0000000));
#2149 = DIRECTION('s0_side_plane_51_ref',(0.9897079,-0.1431021,0.0000000));
#2150 = AXIS2_PLACEMENT_3D('s0_side_plane_51_place',#2147,#2148,#2149);
#2151 = PLANE('s0_side_plane_51',#2150);
#2152 = ADVANCED_FACE('s0_side_face_51',(#2146),#2151,.T.);
#2153 = ORIENTED_EDGE('',*,*,#1073,.T.);
#2154 = ORIENTED_EDGE('',*,*,#1098,.T.);
#2155 = ORIENTED_EDGE('',*,*,#1078,.F.);
#2156 = ORIENTED_EDGE('',*,*,#1083,.F.);
#2157 = EDGE_LOOP('s0_side_loop_52',(#2153,#2154,#2155,#2156));
#2158 = FACE_OUTER_BOUND('',#2157,.T.);
#2159 = CARTESIAN_POINT('s0_side_plane_52_loc',(-0.0144052,-0.1092776,0.0000000));
#2160 = DIRECTION('s0_side_plane_52_axis',(-0.0434893,-0.9990539,0.0000000));
#2161 = DIRECTION('s0_side_plane_52_ref',(0.9990539,-0.0434893,0.0000000));
#2162 = AXIS2_PLACEMENT_3D('s0_side_plane_52_place',#2159,#2160,#2161);
#2163 = PLANE('s0_side_plane_52',#2162);
#2164 = ADVANCED_FACE('s0_side_face_52',(#2158),#2163,.T.);
#2165 = ORIENTED_EDGE('',*,*,#1088,.T.);
#2166 = ORIENTED_EDGE('',*,*,#1113,.T.);
#2167 = ORIENTED_EDGE('',*,*,#1093,.F.);
#2168 = ORIENTED_EDGE('',*,*,#1098,.F.);
#2169 = EDGE_LOOP('s0_side_loop_53',(#2165,#2166,#2167,#2168));
#2170 = FACE_OUTER_BOUND('',#2169,.T.);
#2171 = CARTESIAN_POINT('s0_side_plane_53_loc',(-0.0047895,-0.1092438,0.0000000));
#2172 = DIRECTION('s0_side_plane_53_axis',(0.0508419,-0.9987067,0.0000000));
#2173 = DIRECTION('s0_side_plane_53_ref',(0.9987067,0.0508419,0.0000000));
#2174 = AXIS2_PLACEMENT_3D('s0_side_plane_53_place',#2171,#2172,#2173);
#2175 = PLANE('s0_side_plane_53',#2174);
#2176 = ADVANCED_FACE('s0_side_face_53',(#2170),#2175,.T.);
#2177 = ORIENTED_EDGE('',*,*,#1103,.T.);
#2178 = ORIENTED_EDGE('',*,*,#1128,.T.);
#2179 = ORIENTED_EDGE('',*,*,#1108,.F.);
#2180 = ORIENTED_EDGE('',*,*,#1113,.F.);
#2181 = EDGE_LOOP('s0_side_loop_54',(#2177,#2178,#2179,#2180));
#2182 = FACE_OUTER_BOUND('',#2181,.T.);
#2183 = CARTESIAN_POINT('s0_side_plane_54_loc',(0.0047105,-0.1083414,0.0000000));
#2184 = DIRECTION('s0_side_plane_54_axis',(0.1384678,-0.9903669,0.0000000));
#2185 = DIRECTION('s0_side_plane_54_ref',(0.9903669,0.1384678,0.0000000));
#2186 = AXIS2_PLACEMENT_3D('s0_side_plane_54_place',#2183,#2184,#2185);
#2187 = PLANE('s0_side_plane_54',#2186);
#2188 = ADVANCED_FACE('s0_side_face_54',(#2182),#2187,.T.);
#2189 = ORIENTED_EDGE('',*,*,#1118,.T.);
#2190 = ORIENTED_EDGE('',*,*,#1143,.T.);
#2191 = ORIENTED_EDGE('',*,*,#1123,.F.);
#2192 = ORIENTED_EDGE('',*,*,#1128,.F.);
#2193 = EDGE_LOOP('s0_side_loop_55',(#2189,#2190,#2191,#2192));
#2194 = FACE_OUTER_BOUND('',#2193,.T.);
#2195 = CARTESIAN_POINT('s0_side_plane_55_loc',(0.0140224,-0.1066517,0.0000000));
#2196 = DIRECTION('s0_side_plane_55_axis',(0.2186597,-0.9758012,0.0000000));
#2197 = DIRECTION('s0_side_plane_55_ref',(0.9758012,0.2186597,0.0000000));
#2198 = AXIS2_PLACEMENT_3D('s0_side_plane_55_place',#2195,#2196,#2197);
#2199 = PLANE('s0_side_plane_55',#2198);
#2200 = ADVANCED_FACE('s0_side_face_55',(#2194),#2199,.T.);
#2201 = ORIENTED_EDGE('',*,*,#1133,.T.);
#2202 = ORIENTED_EDGE('',*,*,#1158,.T.);
#2203 = ORIENTED_EDGE('',*,*,#1138,.F.);
#2204 = ORIENTED_EDGE('',*,*,#1143,.F.);
#2205 = EDGE_LOOP('s0_side_loop_56',(#2201,#2202,#2203,#2204));
#2206 = FACE_OUTER_BOUND('',#2205,.T.);
#2207 = CARTESIAN_POINT('s0_side_plane_56_loc',(0.0230972,-0.1042580,0.0000000));
#2208 = DIRECTION('s0_side_plane_56_axis',(0.2913839,-0.9566062,0.0000000));
#2209 = DIRECTION('s0_side_plane_56_ref',(0.9566062,0.2913839,0.0000000));
#2210 = AXIS2_PLACEMENT_3D('s0_side_plane_56_place',#2207,#2208,#2209);
#2211 = PLANE('s0_side_plane_56',#2210);
#2212 = ADVANCED_FACE('s0_side_face_56',(#2206),#2211,.T.);
#2213 = ORIENTED_EDGE('',*,*,#1148,.T.);
#2214 = ORIENTED_EDGE('',*,*,#1173,.T.);
#2215 = ORIENTED_EDGE('',*,*,#1153,.F.);
#2216 = ORIENTED_EDGE('',*,*,#1158,.F.);
#2217 = EDGE_LOOP('s0_side_loop_57',(#2213,#2214,#2215,#2216));
#2218 = FACE_OUTER_BOUND('',#2217,.T.);
#2219 = CARTESIAN_POINT('s0_side_plane_57_loc',(0.0319071,-0.1012368,0.0000000));
#2220 = DIRECTION('s0_side_plane_57_axis',(0.3572415,-0.9340120,0.0000000));
#2221 = DIRECTION('s0_side_plane_57_ref',(0.9340120,0.3572415,0.0000000));
#2222 = AXIS2_PLACEMENT_3D('s0_side_plane_57_place',#2219,#2220,#2221);
#2223 = PLANE('s0_side_plane_57',#2222);
#2224 = ADVANCED_FACE('s0_side_face_57',(#2218),#2223,.T.);
#2225 = ORIENTED_EDGE('',*,*,#1163,.T.);
#2226 = ORIENTED_EDGE('',*,*,#1188,.T.);
#2227 = ORIENTED_EDGE('',*,*,#1168,.F.);
#2228 = ORIENTED_EDGE('',*,*,#1173,.F.);
#2229 = EDGE_LOOP('s0_side_loop_58',(#2225,#2226,#2227,#2228));
#2230 = FACE_OUTER_BOUND('',#2229,.T.);
#2231 = CARTESIAN_POINT('s0_side_plane_58_loc',(0.0404401,-0.0976509,0.0000000));
#2232 = DIRECTION('s0_side_plane_58_axis',(0.4173522,-0.9087448,0.0000000));
#2233 = DIRECTION('s0_side_plane_58_ref',(0.9087448,0.4173522,0.0000000));
#2234 = AXIS2_PLACEMENT_3D('s0_side_plane_58_place',#2231,#2232,#2233);
#2235 = PLANE('s0_side_plane_58',#2234);
#2236 = ADVANCED_FACE('s0_side_face_58',(#2230),#2235,.T.);
#2237 = ORIENTED_EDGE('',*,*,#1178,.T.);
#2238 = ORIENTED_EDGE('',*,*,#1203,.T.);
#2239 = ORIENTED_EDGE('',*,*,#1183,.F.);
#2240 = ORIENTED_EDGE('',*,*,#1188,.F.);
#2241 = EDGE_LOOP('s0_side_loop_59',(#2237,#2238,#2239,#2240));
#2242 = FACE_OUTER_BOUND('',#2241,.T.);
#2243 = CARTESIAN_POINT('s0_side_plane_59_loc',(0.0486933,-0.0935446,0.0000000));
#2244 = DIRECTION('s0_side_plane_59_axis',(0.4731853,-0.8809629,0.0000000));
#2245 = DIRECTION('s0_side_plane_59_ref',(0.8809629,0.4731853,0.0000000));
#2246 = AXIS2_PLACEMENT_3D('s0_side_plane_59_place',#2243,#2244,#2245);
#2247 = PLANE('s0_side_plane_59',#2246);
#2248 = ADVANCED_FACE('s0_side_face_59',(#2242),#2247,.T.);
#2249 = ORIENTED_EDGE('',*,*,#1193,.T.);
#2250 = ORIENTED_EDGE('',*,*,#1218,.T.);
#2251 = ORIENTED_EDGE('',*,*,#1198,.F.);
#2252 = ORIENTED_EDGE('',*,*,#1203,.F.);
#2253 = EDGE_LOOP('s0_side_loop_60',(#2249,#2250,#2251,#2252));
#2254 = FACE_OUTER_BOUND('',#2253,.T.);
#2255 = CARTESIAN_POINT('s0_side_plane_60_loc',(0.0566654,-0.0889420,0.0000000));
#2256 = DIRECTION('s0_side_plane_60_axis',(0.5263436,-0.8502719,0.0000000));
#2257 = DIRECTION('s0_side_plane_60_ref',(0.8502719,0.5263436,0.0000000));
#2258 = AXIS2_PLACEMENT_3D('s0_side_plane_60_place',#2255,#2256,#2257);
#2259 = PLANE('s0_side_plane_60',#2258);
#2260 = ADVANCED_FACE('s0_side_face_60',(#2254),#2259,.T.);
#2261 = ORIENTED_EDGE('',*,*,#1208,.T.);
#2262 = ORIENTED_EDGE('',*,*,#1233,.T.);
#2263 = ORIENTED_EDGE('',*,*,#1213,.F.);
#2264 = ORIENTED_EDGE('',*,*,#1218,.F.);
#2265 = EDGE_LOOP('s0_side_loop_61',(#2261,#2262,#2263,#2264));
#2266 = FACE_OUTER_BOUND('',#2265,.T.);
#2267 = CARTESIAN_POINT('s0_side_plane_61_loc',(0.0643481,-0.0838476,0.0000000));
#2268 = DIRECTION('s0_side_plane_61_axis',(0.5783200,-0.8158100,0.0000000));
#2269 = DIRECTION('s0_side_plane_61_ref',(0.8158100,0.5783200,0.0000000));
#2270 = AXIS2_PLACEMENT_3D('s0_side_plane_61_place',#2267,#2268,#2269);
#2271 = PLANE('s0_side_plane_61',#2270);
#2272 = ADVANCED_FACE('s0_side_face_61',(#2266),#2271,.T.);
#2273 = ORIENTED_EDGE('',*,*,#1223,.T.);
#2274 = ORIENTED_EDGE('',*,*,#1248,.T.);
#2275 = ORIENTED_EDGE('',*,*,#1228,.F.);
#2276 = ORIENTED_EDGE('',*,*,#1233,.F.);
#2277 = EDGE_LOOP('s0_side_loop_62',(#2273,#2274,#2275,#2276));
#2278 = FACE_OUTER_BOUND('',#2277,.T.);
#2279 = CARTESIAN_POINT('s0_side_plane_62_loc',(0.0717201,-0.0782508,0.0000000));
#2280 = DIRECTION('s0_side_plane_62_axis',(0.6302574,-0.7763863,0.0000000));
#2281 = DIRECTION('s0_side_plane_62_ref',(0.7763863,0.6302574,0.0000000));
#2282 = AXIS2_PLACEMENT_3D('s0_side_plane_62_place',#2279,#2280,#2281);
#2283 = PLANE('s0_side_plane_62',#2282);
#2284 = ADVANCED_FACE('s0_side_face_62',(#2278),#2283,.T.);
#2285 = ORIENTED_EDGE('',*,*,#1238,.T.);
#2286 = ORIENTED_EDGE('',*,*,#1263,.T.);
#2287 = ORIENTED_EDGE('',*,*,#1243,.F.);
#2288 = ORIENTED_EDGE('',*,*,#1248,.F.);
#2289 = EDGE_LOOP('s0_side_loop_63',(#2285,#2286,#2287,#2288));
#2290 = FACE_OUTER_BOUND('',#2289,.T.);
#2291 = CARTESIAN_POINT('s0_side_plane_63_loc',(0.0787415,-0.0721318,0.0000000));
#2292 = DIRECTION('s0_side_plane_63_axis',(0.6827533,-0.7306490,0.0000000));
#2293 = DIRECTION('s0_side_plane_63_ref',(0.7306490,0.6827533,0.0000000));
#2294 = AXIS2_PLACEMENT_3D('s0_side_plane_63_place',#2291,#2292,#2293);
#2295 = PLANE('s0_side_plane_63',#2294);
#2296 = ADVANCED_FACE('s0_side_face_63',(#2290),#2295,.T.);
#2297 = ORIENTED_EDGE('',*,*,#1253,.T.);
#2298 = ORIENTED_EDGE('',*,*,#1278,.T.);
#2299 = ORIENTED_EDGE('',*,*,#1258,.F.);
#2300 = ORIENTED_EDGE('',*,*,#1263,.F.);
#2301 = EDGE_LOOP('s0_side_loop_64',(#2297,#2298,#2299,#2300));
#2302 = FACE_OUTER_BOUND('',#2301,.T.);
#2303 = CARTESIAN_POINT('s0_side_plane_64_loc',(0.0853519,-0.0654696,0.0000000));
#2304 = DIRECTION('s0_side_plane_64_axis',(0.7357388,-0.6772654,0.0000000));
#2305 = DIRECTION('s0_side_plane_64_ref',(0.6772654,0.7357388,0.0000000));
#2306 = AXIS2_PLACEMENT_3D('s0_side_plane_64_place',#2303,#2304,#2305);
#2307 = PLANE('s0_side_plane_64',#2306);
#2308 = ADVANCED_FACE('s0_side_face_64',(#2302),#2307,.T.);
#2309 = ORIENTED_EDGE('',*,*,#1268,.T.);
#2310 = ORIENTED_EDGE('',*,*,#1293,.T.);
#2311 = ORIENTED_EDGE('',*,*,#1273,.F.);
#2312 = ORIENTED_EDGE('',*,*,#1278,.F.);
#2313 = EDGE_LOOP('s0_side_loop_65',(#2309,#2310,#2311,#2312));
#2314 = FACE_OUTER_BOUND('',#2313,.T.);
#2315 = CARTESIAN_POINT('s0_side_plane_65_loc',(0.0914711,-0.0582501,0.0000000));
#2316 = DIRECTION('s0_side_plane_65_axis',(0.7884490,-0.6151001,0.0000000));
#2317 = DIRECTION('s0_side_plane_65_ref',(0.6151001,0.7884490,0.0000000));
#2318 = AXIS2_PLACEMENT_3D('s0_side_plane_65_place',#2315,#2316,#2317);
#2319 = PLANE('s0_side_plane_65',#2318);
#2320 = ADVANCED_FACE('s0_side_face_65',(#2314),#2319,.T.);
#2321 = ORIENTED_EDGE('',*,*,#1283,.T.);
#2322 = ORIENTED_EDGE('',*,*,#1308,.T.);
#2323 = ORIENTED_EDGE('',*,*,#1288,.F.);
#2324 = ORIENTED_EDGE('',*,*,#1293,.F.);
#2325 = EDGE_LOOP('s0_side_loop_66',(#2321,#2322,#2323,#2324));
#2326 = FACE_OUTER_BOUND('',#2325,.T.);
#2327 = CARTESIAN_POINT('s0_side_plane_66_loc',(0.0970027,-0.0504741,0.0000000));
#2328 = DIRECTION('s0_side_plane_66_axis',(0.8394844,-0.5433837,0.0000000));
#2329 = DIRECTION('s0_side_plane_66_ref',(0.5433837,0.8394844,0.0000000));
#2330 = AXIS2_PLACEMENT_3D('s0_side_plane_66_place',#2327,#2328,#2329);
#2331 = PLANE('s0_side_plane_66',#2330);
#2332 = ADVANCED_FACE('s0_side_face_66',(#2326),#2331,.T.);
#2333 = ORIENTED_EDGE('',*,*,#1298,.T.);
#2334 = ORIENTED_EDGE('',*,*,#1323,.T.);
#2335 = ORIENTED_EDGE('',*,*,#1303,.F.);
#2336 = ORIENTED_EDGE('',*,*,#1308,.F.);
#2337 = EDGE_LOOP('s0_side_loop_67',(#2333,#2334,#2335,#2336));
#2338 = FACE_OUTER_BOUND('',#2337,.T.);
#2339 = CARTESIAN_POINT('s0_side_plane_67_loc',(0.1018398,-0.0421635,0.0000000));
#2340 = DIRECTION('s0_side_plane_67_axis',(0.8869507,-0.4618641,0.0000000));
#2341 = DIRECTION('s0_side_plane_67_ref',(0.4618641,0.8869507,0.0000000));
#2342 = AXIS2_PLACEMENT_3D('s0_side_plane_67_place',#2339,#2340,#2341);
#2343 = PLANE('s0_side_plane_67',#2342);
#2344 = ADVANCED_FACE('s0_side_face_67',(#2338),#2343,.T.);
#2345 = ORIENTED_EDGE('',*,*,#1313,.T.);
#2346 = ORIENTED_EDGE('',*,*,#1338,.T.);
#2347 = ORIENTED_EDGE('',*,*,#1318,.F.);
#2348 = ORIENTED_EDGE('',*,*,#1323,.F.);
#2349 = EDGE_LOOP('s0_side_loop_68',(#2345,#2346,#2347,#2348));
#2350 = FACE_OUTER_BOUND('',#2349,.T.);
#2351 = CARTESIAN_POINT('s0_side_plane_68_loc',(0.1058737,-0.0333653,0.0000000));
#2352 = DIRECTION('s0_side_plane_68_axis',(0.9286633,-0.3709239,0.0000000));
#2353 = DIRECTION('s0_side_plane_68_ref',(0.3709239,0.9286633,0.0000000));
#2354 = AXIS2_PLACEMENT_3D('s0_side_plane_68_place',#2351,#2352,#2353);
#2355 = PLANE('s0_side_plane_68',#2354);
#2356 = ADVANCED_FACE('s0_side_face_68',(#2350),#2355,.T.);
#2357 = ORIENTED_EDGE('',*,*,#1328,.T.);
#2358 = ORIENTED_EDGE('',*,*,#1353,.T.);
#2359 = ORIENTED_EDGE('',*,*,#1333,.F.);
#2360 = ORIENTED_EDGE('',*,*,#1338,.F.);
#2361 = EDGE_LOOP('s0_side_loop_69',(#2357,#2358,#2359,#2360));
#2362 = FACE_OUTER_BOUND('',#2361,.T.);
#2363 = CARTESIAN_POINT('s0_side_plane_69_loc',(0.1090028,-0.0241529,0.0000000));
#2364 = DIRECTION('s0_side_plane_69_axis',(0.9623973,-0.2716458,0.0000000));
#2365 = DIRECTION('s0_side_plane_69_ref',(0.2716458,0.9623973,0.0000000));
#2366 = AXIS2_PLACEMENT_3D('s0_side_plane_69_place',#2363,#2364,#2365);
#2367 = PLANE('s0_side_plane_69',#2366);
#2368 = ADVANCED_FACE('s0_side_face_69',(#2362),#2367,.T.);
#2369 = ORIENTED_EDGE('',*,*,#1343,.T.);
#2370 = ORIENTED_EDGE('',*,*,#1368,.T.);
#2371 = ORIENTED_EDGE('',*,*,#1348,.F.);
#2372 = ORIENTED_EDGE('',*,*,#1353,.F.);
#2373 = EDGE_LOOP('s0_side_loop_70',(#2369,#2370,#2371,#2372));
#2374 = FACE_OUTER_BOUND('',#2373,.T.);
#2375 = CARTESIAN_POINT('s0_side_plane_70_loc',(0.1111411,-0.0146243,0.0000000));
#2376 = DIRECTION('s0_side_plane_70_axis',(0.9861592,-0.1658012,0.0000000));
#2377 = DIRECTION('s0_side_plane_70_ref',(0.1658012,0.9861592,0.0000000));
#2378 = AXIS2_PLACEMENT_3D('s0_side_plane_70_place',#2375,#2376,#2377);
#2379 = PLANE('s0_side_plane_70',#2378);
#2380 = ADVANCED_FACE('s0_side_face_70',(#2374),#2379,.T.);
#2381 = ORIENTED_EDGE('',*,*,#1358,.T.);
#2382 = ORIENTED_EDGE('',*,*,#303,.T.);
#2383 = ORIENTED_EDGE('',*,*,#1363,.F.);
#2384 = ORIENTED_EDGE('',*,*,#1368,.F.);
#2385 = EDGE_LOOP('s0_side_loop_71',(#2381,#2382,#2383,#2384));
#2386 = FACE_OUTER_BOUND('',#2385,.T.);
#2387 = CARTESIAN_POINT('s0_side_plane_71_loc',(0.1122265,-0.0048973,0.0000000));
#2388 = DIRECTION('s0_side_plane_71_axis',(0.9984448,-0.0557501,0.0000000));
#2389 = DIRECTION('s0_side_plane_71_ref',(0.0557501,0.9984448,0.0000000));
#2390 = AXIS2_PLACEMENT_3D('s0_side_plane_71_place',#2387,#2388,#2389);
#2391 = PLANE('s0_side_plane_71',#2390);
#2392 = ADVANCED_FACE('s0_side_face_71',(#2386),#2391,.T.);
#2393 = CLOSED_SHELL('TrilobeSection_1_shell',(#1448,#1528,#1540,#1552,#1564,#1576,#1588,#1600,#1612,#1624,#1636,#1648,#1660,#1672,#1684,#1696,#1708,#1720,#1732,#1744,#1756,#1768,#1780,#1792,#1804,#1816,#1828,#1840,#1852,#1864,#1876,#1888,#1900,#1912,#1924,#1936,#1948,#1960,#1972,#1984,#1996,#2008,#2020,#2032,#2044,#2056,#2068,#2080,#2092,#2104,#2116,#2128,#2140,#2152,#2164,#2176,#2188,#2200,#2212,#2224,#2236,#2248,#2260,#2272,#2284,#2296,#2308,#2320,#2332,#2344,#2356,#2368,#2380,#2392));
#2394 = MANIFOLD_SOLID_BREP('TrilobeSection_1_solid',#2393);
#2395 = CARTESIAN_POINT('world_origin',(0.0000000,0.0000000,0.0000000));
#2396 = DIRECTION('world_z',(0.0000000,0.0000000,1.0000000));
#2397 = DIRECTION('world_x',(1.0000000,0.0000000,0.0000000));
#2398 = AXIS2_PLACEMENT_3D('world_place',#2395,#2396,#2397);
#2399 = ( LENGTH_UNIT() NAMED_UNIT(*) SI_UNIT(.MILLI.,.METRE.) );
#2400 = DIMENSIONAL_EXPONENTS(1.0,0.0,0.0,0.0,0.0,0.0,0.0);
#2401 = LENGTH_MEASURE_WITH_UNIT(LENGTH_MEASURE(25.4),#2399);
#2402 = ( CONVERSION_BASED_UNIT('INCH',#2401) LENGTH_UNIT() NAMED_UNIT(#2400) );
#2403 = ( NAMED_UNIT(*) PLANE_ANGLE_UNIT() SI_UNIT($,.RADIAN.) );
#2404 = ( NAMED_UNIT(*) SI_UNIT($,.STERADIAN.) SOLID_ANGLE_UNIT() );
#2405 = UNCERTAINTY_MEASURE_WITH_UNIT(LENGTH_MEASURE(1.E-05),#2402,'distance_accuracy_value','confusion accuracy');
#2406 = ( GEOMETRIC_REPRESENTATION_CONTEXT(3) GLOBAL_UNCERTAINTY_ASSIGNED_CONTEXT((#2405)) GLOBAL_UNIT_ASSIGNED_CONTEXT((#2402,#2403,#2404)) REPRESENTATION_CONTEXT('Context #1','3D Context with UNIT and UNCERTAINTY') );
#2407 = APPLICATION_CONTEXT('automotive design');
#2408 = APPLICATION_PROTOCOL_DEFINITION('international standard','automotive_design',2009,#2407);
#2409 = PRODUCT_CONTEXT('',#2407,'mechanical');
#2410 = PRODUCT('regression-plain-trilobe-C0.228-E0.214','regression-plain-trilobe-C0.228-E0.214','plain_trilobe - 1 trilobe section(s), 0 transition(s), total length 1.315"',(#2409));
#2411 = PRODUCT_RELATED_PRODUCT_CATEGORY('part',$,(#2410));
#2412 = PRODUCT_DEFINITION_CONTEXT('part definition',#2407,'design');
#2413 = PRODUCT_DEFINITION_FORMATION('','',#2410);
#2414 = PRODUCT_DEFINITION('design','',#2413,#2412);
#2415 = PRODUCT_DEFINITION_SHAPE('','',#2414);
#2416 = ADVANCED_BREP_SHAPE_REPRESENTATION('',(#2398,#2394),#2406);
#2417 = SHAPE_DEFINITION_REPRESENTATION(#2415,#2416);
ENDSEC;
END-ISO-10303-21;
