{
  "category": "X_SPECIALTY",
  "subcategory": "precipitation_hardening",
  "material_count": 4,
  "generated": "2026-01-26T10:23:21.196637",
  "materials": [
    {
      "iso_group": "X",
      "material_type": "stainless",
      "iso_p_equivalent": "M",
      "physical": {
        "density": 7794.3589756294,
        "melting_point": 1754.9047641752,
        "boiling_point": 3406.5294261785,
        "liquidus_temperature": 1790.0028677291,
        "solidus_temperature": 1667.1595352368,
        "latent_heat_fusion": 451.8681421385,
        "specific_heat": 465.3479966184,
        "thermal_conductivity": 367.3138095842,
        "thermal_expansion": 8.1868264572,
        "electrical_resistivity": 4.8793671398,
        "magnetic_permeability": 268.1550824255,
        "poisson_ratio": 0.2773422777,
        "elastic_modulus": 423.9194311898,
        "shear_modulus": 47.4725457429,
        "bulk_modulus": 172.0513013217
      },
      "mechanical": {
        "hardness": {
          "brinell": 522.8327261031,
          "vickers": 548.9743826787,
          "rockwell_c": 42.2832938807,
          "rockwell_b": null
        },
        "tensile_strength": {
          "typical": 737.1428614133,
          "min": 663.4285985424,
          "max": 810.857171825
        },
        "yield_strength": {
          "typical": 596.9597156884,
          "min": 537.26376939,
          "max": 656.6557135276
        },
        "elongation": 3.0146582851,
        "reduction_of_area": 3.919083041,
        "impact_strength": 159.9389782093,
        "fatigue_strength": 294.8571738357,
        "fracture_toughness": 51.6972219676,
        "compressive_strength": 810.857178825,
        "true_fracture_stress": 1179.4286105317,
        "true_fracture_strain": 0.0392238281,
        "strain_rate_sensitivity": 0.054588605
      },
      "kienzle": {
        "kc1_1": 2419.9111990876,
        "mc": 0.3138457942,
        "kc1_1_milling": 2941.2373518139,
        "mc_milling": 0.1937525561,
        "kc1_1_drilling": 4082.3405258643,
        "mc_drilling": 0.1689047393
      },
      "johnson_cook": {
        "A": 596.9597569588,
        "B": 350.4579065826,
        "n": 0.5411910115,
        "C": 0.0430222924,
        "m": 0.5871759175,
        "T_melt": 1754.9048104456,
        "T_ref": 301.9328922032,
        "epsilon_dot_ref": 0.0008032155
      },
      "taylor": {
        "C": 101.9341915567,
        "n": 0.283627804,
        "C_carbide": 110.8501206377,
        "n_carbide": 0.4417958601,
        "C_ceramic": 161.773055528,
        "n_ceramic": 0.3421055525,
        "C_cbn": null,
        "n_cbn": null
      },
      "chip_formation": {
        "chip_type": "segmented",
        "chip_breaking": "moderate",
        "shear_angle": 21.8088522415,
        "chip_compression_ratio": 2.3457237226,
        "built_up_edge_tendency": "high",
        "segmentation_frequency": 49554.334613605,
        "min_chip_thickness": 0.0077782191,
        "edge_radius_sensitivity": 1.2829184133
      },
      "tribology": {
        "friction_coefficient": 0.5460451764,
        "friction_coefficient_dry": 0.4694283498,
        "friction_coefficient_flood": 0.3713707417,
        "friction_coefficient_mql": 0.2121531825,
        "wear_coefficient": 7.788282141,
        "adhesion_tendency": "high",
        "abrasiveness": "moderate",
        "galling_tendency": "high",
        "crater_wear_coefficient": 6.727040051978e-05,
        "flank_wear_coefficient": 6.8270401544567e-05
      },
      "thermal_machining": {
        "thermal_diffusivity": 134.9927432631,
        "heat_partition_coefficient": 0.2638065341,
        "critical_temperature": 701.9619769405,
        "recrystallization_temperature": 614.2167397317,
        "phase_transformation_temperature": 877.452455358,
        "maximum_cutting_temperature": 1140.6881709843,
        "emissivity": 0.4909299713,
        "heat_transfer_coefficient": 16357.7534340238
      },
      "surface_integrity": {
        "residual_stress_tendency": "neutral",
        "work_hardening_depth": 0.0602238533,
        "white_layer_risk": "low",
        "surface_roughness_achievable": 0.2913440329,
        "burr_formation_tendency": "low",
        "microstructure_sensitivity": "moderate",
        "minimum_uncut_chip_thickness": 0.0024010042,
        "ploughing_force_coefficient": 0.4239996843
      },
      "machinability": {
        "aisi_rating": 17.6396187593,
        "relative_to_1212": 0.2582910497,
        "machinability_index": 0.4304312359,
        "power_constant": 2.875664264,
        "unit_power": 0.0480116036
      },
      "cutting_recommendations": {
        "turning": {
          "speed_roughing": 172.0513683217,
          "speed_finishing": 379.8779871483,
          "feed_roughing": 0.2268770372,
          "feed_finishing": 0.1837522741,
          "doc_roughing": 2.1795774499,
          "doc_finishing": 0.8553293656
        },
        "milling": {
          "speed_roughing": 355.9829982533,
          "speed_finishing": 249.2064424767,
          "feed_per_tooth_roughing": 0.2271394474,
          "feed_per_tooth_finishing": 0.0233187136,
          "doc_roughing": 3.1469827173,
          "doc_finishing": 0.5198774902,
          "woc_roughing": 0.5179248882,
          "woc_finishing": 0.3180846184
        },
        "drilling": {
          "speed": 55.4946057649,
          "feed_per_rev": 0.1961818565,
          "peck_depth_ratio": 0.6275503778
        },
        "tool_material": {
          "recommended_grade": "CBN",
          "coating_recommendation": "TiAlN",
          "geometry_recommendation": "Neutral"
        },
        "coolant": {
          "type": "Flood emulsion",
          "pressure": 22.3065745769,
          "flow_rate": 51.7400310103
        }
      },
      "process_specific": {
        "grinding_ratio": 15.4567597925,
        "edm_machinability": 42.8206190909,
        "laser_absorptivity": 0.4442098345,
        "weldability_rating": "good"
      },
      "_gen_v5": {
        "complete": true,
        "params": 127,
        "uid": 2704
      },
      "name": "PM SS 17-4PH",
      "category": "PM"
    },
    {
      "iso_group": "X",
      "material_type": "stainless",
      "iso_p_equivalent": "M",
      "physical": {
        "density": 7746.3003675709,
        "melting_point": 1761.5225907931,
        "boiling_point": 2687.0209751311,
        "liquidus_temperature": 1796.7530508795,
        "solidus_temperature": 1673.4464705239,
        "latent_heat_fusion": 279.2674095379,
        "specific_heat": 980.8058720764,
        "thermal_conductivity": 404.3345666051,
        "thermal_expansion": 29.4627727333,
        "electrical_resistivity": 8.1150203755,
        "magnetic_permeability": 297.3370116075,
        "poisson_ratio": 0.3690272595,
        "elastic_modulus": 84.4810917516,
        "shear_modulus": 110.0732783438,
        "bulk_modulus": 271.9780412485
      },
      "mechanical": {
        "hardness": {
          "brinell": 243.5897468602,
          "vickers": 255.7692544737,
          "rockwell_c": 14.3589959565,
          "rockwell_b": null
        },
        "tensile_strength": {
          "typical": 1765.2747295452,
          "min": 1588.7472798612,
          "max": 1941.8022267702
        },
        "yield_strength": {
          "typical": 1298.9102742153,
          "min": 1169.0192720643,
          "max": 1428.8013279073
        },
        "elongation": 40.6581259286,
        "reduction_of_area": 52.8555909777,
        "impact_strength": 95.5677938383,
        "fatigue_strength": 706.1099210886,
        "fracture_toughness": 82.4176126881,
        "compressive_strength": 1941.8022337702,
        "true_fracture_stress": 2824.4395995428,
        "true_fracture_strain": 0.5285889076,
        "strain_rate_sensitivity": 0.0540879946
      },
      "kienzle": {
        "kc1_1": 1030.8664903621,
        "mc": 0.3270814475,
        "kc1_1_milling": 996.2196430193,
        "mc_milling": 0.296565743,
        "kc1_1_drilling": 1703.6500731016,