ISO-10303-21;
HEADER;
FILE_DESCRIPTION(('blisk patterned assembly for onshape (valid AP242 multi-body)'),'2;1');
FILE_NAME('blisk_onshape.step','2026-05-27T16:21:22.820Z',('PRISM-slot-delta-iter118'),('PRISM'),'PRISM AP242 multi-solid emitter','PRISM','');
FILE_SCHEMA(('AUTOMOTIVE_DESIGN { 1 0 10303 214 3 1 1 }'));
ENDSEC;
DATA;
#1 = CARTESIAN_POINT('s0_bot_0',(25.0000000,0.0000000,0.0000000));
#2 = CARTESIAN_POINT('s0_bot_1',(17.6776695,17.6776695,0.0000000));
#3 = CARTESIAN_POINT('s0_bot_2',(0.0000000,25.0000000,0.0000000));
#4 = CARTESIAN_POINT('s0_bot_3',(-17.6776695,17.6776695,0.0000000));
#5 = CARTESIAN_POINT('s0_bot_4',(-25.0000000,0.0000000,0.0000000));
#6 = CARTESIAN_POINT('s0_bot_5',(-17.6776695,-17.6776695,0.0000000));
#7 = CARTESIAN_POINT('s0_bot_6',(0.0000000,-25.0000000,0.0000000));
#8 = CARTESIAN_POINT('s0_bot_7',(17.6776695,-17.6776695,0.0000000));
#9 = CARTESIAN_POINT('s0_top_0',(25.0000000,0.0000000,15.0000000));
#10 = CARTESIAN_POINT('s0_top_1',(17.6776695,17.6776695,15.0000000));
#11 = CARTESIAN_POINT('s0_top_2',(0.0000000,25.0000000,15.0000000));
#12 = CARTESIAN_POINT('s0_top_3',(-17.6776695,17.6776695,15.0000000));
#13 = CARTESIAN_POINT('s0_top_4',(-25.0000000,0.0000000,15.0000000));
#14 = CARTESIAN_POINT('s0_top_5',(-17.6776695,-17.6776695,15.0000000));
#15 = CARTESIAN_POINT('s0_top_6',(0.0000000,-25.0000000,15.0000000));
#16 = CARTESIAN_POINT('s0_top_7',(17.6776695,-17.6776695,15.0000000));
#17 = VERTEX_POINT('s0_bot_v0',#1);
#18 = VERTEX_POINT('s0_bot_v1',#2);
#19 = VERTEX_POINT('s0_bot_v2',#3);
#20 = VERTEX_POINT('s0_bot_v3',#4);
#21 = VERTEX_POINT('s0_bot_v4',#5);
#22 = VERTEX_POINT('s0_bot_v5',#6);
#23 = VERTEX_POINT('s0_bot_v6',#7);
#24 = VERTEX_POINT('s0_bot_v7',#8);
#25 = VERTEX_POINT('s0_top_v0',#9);
#26 = VERTEX_POINT('s0_top_v1',#10);
#27 = VERTEX_POINT('s0_top_v2',#11);
#28 = VERTEX_POINT('s0_top_v3',#12);
#29 = VERTEX_POINT('s0_top_v4',#13);
#30 = VERTEX_POINT('s0_top_v5',#14);
#31 = VERTEX_POINT('s0_top_v6',#15);
#32 = VERTEX_POINT('s0_top_v7',#16);
#33 = DIRECTION('s0_bot_e0_dir',(-0.3826834,0.9238795,0.0000000));
#34 = VECTOR('s0_bot_e0_vec',#33,19.1341716);
#35 = CARTESIAN_POINT('s0_bot_e0_origin',(25.0000000,0.0000000,0.0000000));
#36 = LINE('s0_bot_e0_line',#35,#34);
#37 = EDGE_CURVE('s0_bot_e0',#17,#18,#36,.T.);
#38 = DIRECTION('s0_top_e0_dir',(-0.3826834,0.9238795,0.0000000));
#39 = VECTOR('s0_top_e0_vec',#38,19.1341716);
#40 = CARTESIAN_POINT('s0_top_e0_origin',(25.0000000,0.0000000,15.0000000));
#41 = LINE('s0_top_e0_line',#40,#39);
#42 = EDGE_CURVE('s0_top_e0',#25,#26,#41,.T.);
#43 = DIRECTION('s0_vert_e0_dir',(0.0000000,0.0000000,1.0000000));
#44 = VECTOR('s0_vert_e0_vec',#43,15.0000000);
#45 = CARTESIAN_POINT('s0_vert_e0_origin',(25.0000000,0.0000000,0.0000000));
#46 = LINE('s0_vert_e0_line',#45,#44);
#47 = EDGE_CURVE('s0_vert_e0',#17,#25,#46,.T.);
#48 = DIRECTION('s0_bot_e1_dir',(-0.9238795,0.3826834,0.0000000));
#49 = VECTOR('s0_bot_e1_vec',#48,19.1341716);
#50 = CARTESIAN_POINT('s0_bot_e1_origin',(17.6776695,17.6776695,0.0000000));
#51 = LINE('s0_bot_e1_line',#50,#49);
#52 = EDGE_CURVE('s0_bot_e1',#18,#19,#51,.T.);
#53 = DIRECTION('s0_top_e1_dir',(-0.9238795,0.3826834,0.0000000));
#54 = VECTOR('s0_top_e1_vec',#53,19.1341716);
#55 = CARTESIAN_POINT('s0_top_e1_origin',(17.6776695,17.6776695,15.0000000));
#56 = LINE('s0_top_e1_line',#55,#54);
#57 = EDGE_CURVE('s0_top_e1',#26,#27,#56,.T.);
#58 = DIRECTION('s0_vert_e1_dir',(0.0000000,0.0000000,1.0000000));
#59 = VECTOR('s0_vert_e1_vec',#58,15.0000000);
#60 = CARTESIAN_POINT('s0_vert_e1_origin',(17.6776695,17.6776695,0.0000000));
#61 = LINE('s0_vert_e1_line',#60,#59);
#62 = EDGE_CURVE('s0_vert_e1',#18,#26,#61,.T.);
#63 = DIRECTION('s0_bot_e2_dir',(-0.9238795,-0.3826834,0.0000000));
#64 = VECTOR('s0_bot_e2_vec',#63,19.1341716);
#65 = CARTESIAN_POINT('s0_bot_e2_origin',(0.0000000,25.0000000,0.0000000));
#66 = LINE('s0_bot_e2_line',#65,#64);
#67 = EDGE_CURVE('s0_bot_e2',#19,#20,#66,.T.);
#68 = DIRECTION('s0_top_e2_dir',(-0.9238795,-0.3826834,0.0000000));
#69 = VECTOR('s0_top_e2_vec',#68,19.1341716);
#70 = CARTESIAN_POINT('s0_top_e2_origin',(0.0000000,25.0000000,15.0000000));
#71 = LINE('s0_top_e2_line',#70,#69);
#72 = EDGE_CURVE('s0_top_e2',#27,#28,#71,.T.);
#73 = DIRECTION('s0_vert_e2_dir',(0.0000000,0.0000000,1.0000000));
#74 = VECTOR('s0_vert_e2_vec',#73,15.0000000);
#75 = CARTESIAN_POINT('s0_vert_e2_origin',(0.0000000,25.0000000,0.0000000));
#76 = LINE('s0_vert_e2_line',#75,#74);
#77 = EDGE_CURVE('s0_vert_e2',#19,#27,#76,.T.);
#78 = DIRECTION('s0_bot_e3_dir',(-0.3826834,-0.9238795,0.0000000));
#79 = VECTOR('s0_bot_e3_vec',#78,19.1341716);
#80 = CARTESIAN_POINT('s0_bot_e3_origin',(-17.6776695,17.6776695,0.0000000));
#81 = LINE('s0_bot_e3_line',#80,#79);
#82 = EDGE_CURVE('s0_bot_e3',#20,#21,#81,.T.);
#83 = DIRECTION('s0_top_e3_dir',(-0.3826834,-0.9238795,0.0000000));
#84 = VECTOR('s0_top_e3_vec',#83,19.1341716);
#85 = CARTESIAN_POINT('s0_top_e3_origin',(-17.6776695,17.6776695,15.0000000));
#86 = LINE('s0_top_e3_line',#85,#84);
#87 = EDGE_CURVE('s0_top_e3',#28,#29,#86,.T.);
#88 = DIRECTION('s0_vert_e3_dir',(0.0000000,0.0000000,1.0000000));
#89 = VECTOR('s0_vert_e3_vec',#88,15.0000000);
#90 = CARTESIAN_POINT('s0_vert_e3_origin',(-17.6776695,17.6776695,0.0000000));
#91 = LINE('s0_vert_e3_line',#90,#89);
#92 = EDGE_CURVE('s0_vert_e3',#20,#28,#91,.T.);
#93 = DIRECTION('s0_bot_e4_dir',(0.3826834,-0.9238795,0.0000000));
#94 = VECTOR('s0_bot_e4_vec',#93,19.1341716);
#95 = CARTESIAN_POINT('s0_bot_e4_origin',(-25.0000000,0.0000000,0.0000000));
#96 = LINE('s0_bot_e4_line',#95,#94);
#97 = EDGE_CURVE('s0_bot_e4',#21,#22,#96,.T.);
#98 = DIRECTION('s0_top_e4_dir',(0.3826834,-0.9238795,0.0000000));
#99 = VECTOR('s0_top_e4_vec',#98,19.1341716);
#100 = CARTESIAN_POINT('s0_top_e4_origin',(-25.0000000,0.0000000,15.0000000));
#101 = LINE('s0_top_e4_line',#100,#99);
#102 = EDGE_CURVE('s0_top_e4',#29,#30,#101,.T.);
#103 = DIRECTION('s0_vert_e4_dir',(0.0000000,0.0000000,1.0000000));
#104 = VECTOR('s0_vert_e4_vec',#103,15.0000000);
#105 = CARTESIAN_POINT('s0_vert_e4_origin',(-25.0000000,0.0000000,0.0000000));
#106 = LINE('s0_vert_e4_line',#105,#104);
#107 = EDGE_CURVE('s0_vert_e4',#21,#29,#106,.T.);
#108 = DIRECTION('s0_bot_e5_dir',(0.9238795,-0.3826834,0.0000000));
#109 = VECTOR('s0_bot_e5_vec',#108,19.1341716);
#110 = CARTESIAN_POINT('s0_bot_e5_origin',(-17.6776695,-17.6776695,0.0000000));
#111 = LINE('s0_bot_e5_line',#110,#109);
#112 = EDGE_CURVE('s0_bot_e5',#22,#23,#111,.T.);
#113 = DIRECTION('s0_top_e5_dir',(0.9238795,-0.3826834,0.0000000));
#114 = VECTOR('s0_top_e5_vec',#113,19.1341716);
#115 = CARTESIAN_POINT('s0_top_e5_origin',(-17.6776695,-17.6776695,15.0000000));
#116 = LINE('s0_top_e5_line',#115,#114);
#117 = EDGE_CURVE('s0_top_e5',#30,#31,#116,.T.);
#118 = DIRECTION('s0_vert_e5_dir',(0.0000000,0.0000000,1.0000000));
#119 = VECTOR('s0_vert_e5_vec',#118,15.0000000);
#120 = CARTESIAN_POINT('s0_vert_e5_origin',(-17.6776695,-17.6776695,0.0000000));
#121 = LINE('s0_vert_e5_line',#120,#119);
#122 = EDGE_CURVE('s0_vert_e5',#22,#30,#121,.T.);
#123 = DIRECTION('s0_bot_e6_dir',(0.9238795,0.3826834,0.0000000));
#124 = VECTOR('s0_bot_e6_vec',#123,19.1341716);
#125 = CARTESIAN_POINT('s0_bot_e6_origin',(0.0000000,-25.0000000,0.0000000));
#126 = LINE('s0_bot_e6_line',#125,#124);
#127 = EDGE_CURVE('s0_bot_e6',#23,#24,#126,.T.);
#128 = DIRECTION('s0_top_e6_dir',(0.9238795,0.3826834,0.0000000));
#129 = VECTOR('s0_top_e6_vec',#128,19.1341716);
#130 = CARTESIAN_POINT('s0_top_e6_origin',(0.0000000,-25.0000000,15.0000000));
#131 = LINE('s0_top_e6_line',#130,#129);
#132 = EDGE_CURVE('s0_top_e6',#31,#32,#131,.T.);
#133 = DIRECTION('s0_vert_e6_dir',(0.0000000,0.0000000,1.0000000));
#134 = VECTOR('s0_vert_e6_vec',#133,15.0000000);
#135 = CARTESIAN_POINT('s0_vert_e6_origin',(0.0000000,-25.0000000,0.0000000));
#136 = LINE('s0_vert_e6_line',#135,#134);
#137 = EDGE_CURVE('s0_vert_e6',#23,#31,#136,.T.);
#138 = DIRECTION('s0_bot_e7_dir',(0.3826834,0.9238795,0.0000000));
#139 = VECTOR('s0_bot_e7_vec',#138,19.1341716);
#140 = CARTESIAN_POINT('s0_bot_e7_origin',(17.6776695,-17.6776695,0.0000000));
#141 = LINE('s0_bot_e7_line',#140,#139);
#142 = EDGE_CURVE('s0_bot_e7',#24,#17,#141,.T.);
#143 = DIRECTION('s0_top_e7_dir',(0.3826834,0.9238795,0.0000000));
#144 = VECTOR('s0_top_e7_vec',#143,19.1341716);
#145 = CARTESIAN_POINT('s0_top_e7_origin',(17.6776695,-17.6776695,15.0000000));
#146 = LINE('s0_top_e7_line',#145,#144);
#147 = EDGE_CURVE('s0_top_e7',#32,#25,#146,.T.);
#148 = DIRECTION('s0_vert_e7_dir',(0.0000000,0.0000000,1.0000000));
#149 = VECTOR('s0_vert_e7_vec',#148,15.0000000);
#150 = CARTESIAN_POINT('s0_vert_e7_origin',(17.6776695,-17.6776695,0.0000000));
#151 = LINE('s0_vert_e7_line',#150,#149);
#152 = EDGE_CURVE('s0_vert_e7',#24,#32,#151,.T.);
#153 = ORIENTED_EDGE('',*,*,#142,.F.);
#154 = ORIENTED_EDGE('',*,*,#127,.F.);
#155 = ORIENTED_EDGE('',*,*,#112,.F.);
#156 = ORIENTED_EDGE('',*,*,#97,.F.);
#157 = ORIENTED_EDGE('',*,*,#82,.F.);
#158 = ORIENTED_EDGE('',*,*,#67,.F.);
#159 = ORIENTED_EDGE('',*,*,#52,.F.);
#160 = ORIENTED_EDGE('',*,*,#37,.F.);
#161 = EDGE_LOOP('s0_bottom_loop',(#153,#154,#155,#156,#157,#158,#159,#160));
#162 = FACE_OUTER_BOUND('',#161,.T.);
#163 = CARTESIAN_POINT('s0_bottom_plane_loc',(0.0000000,0.0000000,0.0000000));
#164 = DIRECTION('s0_bottom_plane_axis',(0.0000000,0.0000000,-1.0000000));
#165 = DIRECTION('s0_bottom_plane_ref',(1.0000000,0.0000000,0.0000000));
#166 = AXIS2_PLACEMENT_3D('s0_bottom_plane_place',#163,#164,#165);
#167 = PLANE('s0_bottom_plane',#166);
#168 = ADVANCED_FACE('s0_bottom_face',(#162),#167,.T.);
#169 = ORIENTED_EDGE('',*,*,#42,.T.);
#170 = ORIENTED_EDGE('',*,*,#57,.T.);
#171 = ORIENTED_EDGE('',*,*,#72,.T.);
#172 = ORIENTED_EDGE('',*,*,#87,.T.);
#173 = ORIENTED_EDGE('',*,*,#102,.T.);
#174 = ORIENTED_EDGE('',*,*,#117,.T.);
#175 = ORIENTED_EDGE('',*,*,#132,.T.);
#176 = ORIENTED_EDGE('',*,*,#147,.T.);
#177 = EDGE_LOOP('s0_top_loop',(#169,#170,#171,#172,#173,#174,#175,#176));
#178 = FACE_OUTER_BOUND('',#177,.T.);
#179 = CARTESIAN_POINT('s0_top_plane_loc',(0.0000000,0.0000000,15.0000000));
#180 = DIRECTION('s0_top_plane_axis',(0.0000000,0.0000000,1.0000000));
#181 = DIRECTION('s0_top_plane_ref',(1.0000000,0.0000000,0.0000000));
#182 = AXIS2_PLACEMENT_3D('s0_top_plane_place',#179,#180,#181);
#183 = PLANE('s0_top_plane',#182);
#184 = ADVANCED_FACE('s0_top_face',(#178),#183,.T.);
#185 = ORIENTED_EDGE('',*,*,#37,.T.);
#186 = ORIENTED_EDGE('',*,*,#62,.T.);
#187 = ORIENTED_EDGE('',*,*,#42,.F.);
#188 = ORIENTED_EDGE('',*,*,#47,.F.);
#189 = EDGE_LOOP('s0_side_loop_0',(#185,#186,#187,#188));
#190 = FACE_OUTER_BOUND('',#189,.T.);
#191 = CARTESIAN_POINT('s0_side_plane_0_loc',(21.3388348,8.8388348,0.0000000));
#192 = DIRECTION('s0_side_plane_0_axis',(0.9238795,0.3826834,0.0000000));
#193 = DIRECTION('s0_side_plane_0_ref',(-0.3826834,0.9238795,0.0000000));
#194 = AXIS2_PLACEMENT_3D('s0_side_plane_0_place',#191,#192,#193);
#195 = PLANE('s0_side_plane_0',#194);
#196 = ADVANCED_FACE('s0_side_face_0',(#190),#195,.T.);
#197 = ORIENTED_EDGE('',*,*,#52,.T.);
#198 = ORIENTED_EDGE('',*,*,#77,.T.);
#199 = ORIENTED_EDGE('',*,*,#57,.F.);
#200 = ORIENTED_EDGE('',*,*,#62,.F.);
#201 = EDGE_LOOP('s0_side_loop_1',(#197,#198,#199,#200));
#202 = FACE_OUTER_BOUND('',#201,.T.);
#203 = CARTESIAN_POINT('s0_side_plane_1_loc',(8.8388348,21.3388348,0.0000000));
#204 = DIRECTION('s0_side_plane_1_axis',(0.3826834,0.9238795,0.0000000));
#205 = DIRECTION('s0_side_plane_1_ref',(-0.9238795,0.3826834,0.0000000));
#206 = AXIS2_PLACEMENT_3D('s0_side_plane_1_place',#203,#204,#205);
#207 = PLANE('s0_side_plane_1',#206);
#208 = ADVANCED_FACE('s0_side_face_1',(#202),#207,.T.);
#209 = ORIENTED_EDGE('',*,*,#67,.T.);
#210 = ORIENTED_EDGE('',*,*,#92,.T.);
#211 = ORIENTED_EDGE('',*,*,#72,.F.);
#212 = ORIENTED_EDGE('',*,*,#77,.F.);
#213 = EDGE_LOOP('s0_side_loop_2',(#209,#210,#211,#212));
#214 = FACE_OUTER_BOUND('',#213,.T.);
#215 = CARTESIAN_POINT('s0_side_plane_2_loc',(-8.8388348,21.3388348,0.0000000));
#216 = DIRECTION('s0_side_plane_2_axis',(-0.3826834,0.9238795,0.0000000));
#217 = DIRECTION('s0_side_plane_2_ref',(-0.9238795,-0.3826834,0.0000000));
#218 = AXIS2_PLACEMENT_3D('s0_side_plane_2_place',#215,#216,#217);
#219 = PLANE('s0_side_plane_2',#218);
#220 = ADVANCED_FACE('s0_side_face_2',(#214),#219,.T.);
#221 = ORIENTED_EDGE('',*,*,#82,.T.);
#222 = ORIENTED_EDGE('',*,*,#107,.T.);
#223 = ORIENTED_EDGE('',*,*,#87,.F.);
#224 = ORIENTED_EDGE('',*,*,#92,.F.);
#225 = EDGE_LOOP('s0_side_loop_3',(#221,#222,#223,#224));
#226 = FACE_OUTER_BOUND('',#225,.T.);
#227 = CARTESIAN_POINT('s0_side_plane_3_loc',(-21.3388348,8.8388348,0.0000000));
#228 = DIRECTION('s0_side_plane_3_axis',(-0.9238795,0.3826834,0.0000000));
#229 = DIRECTION('s0_side_plane_3_ref',(-0.3826834,-0.9238795,0.0000000));
#230 = AXIS2_PLACEMENT_3D('s0_side_plane_3_place',#227,#228,#229);
#231 = PLANE('s0_side_plane_3',#230);
#232 = ADVANCED_FACE('s0_side_face_3',(#226),#231,.T.);
#233 = ORIENTED_EDGE('',*,*,#97,.T.);
#234 = ORIENTED_EDGE('',*,*,#122,.T.);
#235 = ORIENTED_EDGE('',*,*,#102,.F.);
#236 = ORIENTED_EDGE('',*,*,#107,.F.);
#237 = EDGE_LOOP('s0_side_loop_4',(#233,#234,#235,#236));
#238 = FACE_OUTER_BOUND('',#237,.T.);
#239 = CARTESIAN_POINT('s0_side_plane_4_loc',(-21.3388348,-8.8388348,0.0000000));
#240 = DIRECTION('s0_side_plane_4_axis',(-0.9238795,-0.3826834,0.0000000));
#241 = DIRECTION('s0_side_plane_4_ref',(0.3826834,-0.9238795,0.0000000));
#242 = AXIS2_PLACEMENT_3D('s0_side_plane_4_place',#239,#240,#241);
#243 = PLANE('s0_side_plane_4',#242);
#244 = ADVANCED_FACE('s0_side_face_4',(#238),#243,.T.);
#245 = ORIENTED_EDGE('',*,*,#112,.T.);
#246 = ORIENTED_EDGE('',*,*,#137,.T.);
#247 = ORIENTED_EDGE('',*,*,#117,.F.);
#248 = ORIENTED_EDGE('',*,*,#122,.F.);
#249 = EDGE_LOOP('s0_side_loop_5',(#245,#246,#247,#248));
#250 = FACE_OUTER_BOUND('',#249,.T.);
#251 = CARTESIAN_POINT('s0_side_plane_5_loc',(-8.8388348,-21.3388348,0.0000000));
#252 = DIRECTION('s0_side_plane_5_axis',(-0.3826834,-0.9238795,0.0000000));
#253 = DIRECTION('s0_side_plane_5_ref',(0.9238795,-0.3826834,0.0000000));
#254 = AXIS2_PLACEMENT_3D('s0_side_plane_5_place',#251,#252,#253);
#255 = PLANE('s0_side_plane_5',#254);
#256 = ADVANCED_FACE('s0_side_face_5',(#250),#255,.T.);
#257 = ORIENTED_EDGE('',*,*,#127,.T.);
#258 = ORIENTED_EDGE('',*,*,#152,.T.);
#259 = ORIENTED_EDGE('',*,*,#132,.F.);
#260 = ORIENTED_EDGE('',*,*,#137,.F.);
#261 = EDGE_LOOP('s0_side_loop_6',(#257,#258,#259,#260));
#262 = FACE_OUTER_BOUND('',#261,.T.);
#263 = CARTESIAN_POINT('s0_side_plane_6_loc',(8.8388348,-21.3388348,0.0000000));
#264 = DIRECTION('s0_side_plane_6_axis',(0.3826834,-0.9238795,0.0000000));
#265 = DIRECTION('s0_side_plane_6_ref',(0.9238795,0.3826834,0.0000000));
#266 = AXIS2_PLACEMENT_3D('s0_side_plane_6_place',#263,#264,#265);
#267 = PLANE('s0_side_plane_6',#266);
#268 = ADVANCED_FACE('s0_side_face_6',(#262),#267,.T.);
#269 = ORIENTED_EDGE('',*,*,#142,.T.);
#270 = ORIENTED_EDGE('',*,*,#47,.T.);
#271 = ORIENTED_EDGE('',*,*,#147,.F.);
#272 = ORIENTED_EDGE('',*,*,#152,.F.);
#273 = EDGE_LOOP('s0_side_loop_7',(#269,#270,#271,#272));
#274 = FACE_OUTER_BOUND('',#273,.T.);
#275 = CARTESIAN_POINT('s0_side_plane_7_loc',(21.3388348,-8.8388348,0.0000000));
#276 = DIRECTION('s0_side_plane_7_axis',(0.9238795,-0.3826834,0.0000000));
#277 = DIRECTION('s0_side_plane_7_ref',(0.3826834,0.9238795,0.0000000));
#278 = AXIS2_PLACEMENT_3D('s0_side_plane_7_place',#275,#276,#277);
#279 = PLANE('s0_side_plane_7',#278);
#280 = ADVANCED_FACE('s0_side_face_7',(#274),#279,.T.);
#281 = CLOSED_SHELL('Hub_shell',(#168,#184,#196,#208,#220,#232,#244,#256,#268,#280));
#282 = MANIFOLD_SOLID_BREP('Hub_solid',#281);
#283 = CARTESIAN_POINT('s1_bot_0',(32.5000000,-9.0000000,0.0000000));
#284 = CARTESIAN_POINT('s1_bot_1',(37.5000000,-9.0000000,0.0000000));
#285 = CARTESIAN_POINT('s1_bot_2',(37.5000000,9.0000000,0.0000000));
#286 = CARTESIAN_POINT('s1_bot_3',(32.5000000,9.0000000,0.0000000));
#287 = CARTESIAN_POINT('s1_top_0',(32.5000000,-9.0000000,18.0000000));
#288 = CARTESIAN_POINT('s1_top_1',(37.5000000,-9.0000000,18.0000000));
#289 = CARTESIAN_POINT('s1_top_2',(37.5000000,9.0000000,18.0000000));
#290 = CARTESIAN_POINT('s1_top_3',(32.5000000,9.0000000,18.0000000));
#291 = VERTEX_POINT('s1_bot_v0',#283);
#292 = VERTEX_POINT('s1_bot_v1',#284);
#293 = VERTEX_POINT('s1_bot_v2',#285);
#294 = VERTEX_POINT('s1_bot_v3',#286);
#295 = VERTEX_POINT('s1_top_v0',#287);
#296 = VERTEX_POINT('s1_top_v1',#288);
#297 = VERTEX_POINT('s1_top_v2',#289);
#298 = VERTEX_POINT('s1_top_v3',#290);
#299 = DIRECTION('s1_bot_e0_dir',(1.0000000,0.0000000,0.0000000));
#300 = VECTOR('s1_bot_e0_vec',#299,5.0000000);
#301 = CARTESIAN_POINT('s1_bot_e0_origin',(32.5000000,-9.0000000,0.0000000));
#302 = LINE('s1_bot_e0_line',#301,#300);
#303 = EDGE_CURVE('s1_bot_e0',#291,#292,#302,.T.);
#304 = DIRECTION('s1_top_e0_dir',(1.0000000,0.0000000,0.0000000));
#305 = VECTOR('s1_top_e0_vec',#304,5.0000000);
#306 = CARTESIAN_POINT('s1_top_e0_origin',(32.5000000,-9.0000000,18.0000000));
#307 = LINE('s1_top_e0_line',#306,#305);
#308 = EDGE_CURVE('s1_top_e0',#295,#296,#307,.T.);
#309 = DIRECTION('s1_vert_e0_dir',(0.0000000,0.0000000,1.0000000));
#310 = VECTOR('s1_vert_e0_vec',#309,18.0000000);
#311 = CARTESIAN_POINT('s1_vert_e0_origin',(32.5000000,-9.0000000,0.0000000));
#312 = LINE('s1_vert_e0_line',#311,#310);
#313 = EDGE_CURVE('s1_vert_e0',#291,#295,#312,.T.);
#314 = DIRECTION('s1_bot_e1_dir',(0.0000000,1.0000000,0.0000000));
#315 = VECTOR('s1_bot_e1_vec',#314,18.0000000);
#316 = CARTESIAN_POINT('s1_bot_e1_origin',(37.5000000,-9.0000000,0.0000000));
#317 = LINE('s1_bot_e1_line',#316,#315);
#318 = EDGE_CURVE('s1_bot_e1',#292,#293,#317,.T.);
#319 = DIRECTION('s1_top_e1_dir',(0.0000000,1.0000000,0.0000000));
#320 = VECTOR('s1_top_e1_vec',#319,18.0000000);
#321 = CARTESIAN_POINT('s1_top_e1_origin',(37.5000000,-9.0000000,18.0000000));
#322 = LINE('s1_top_e1_line',#321,#320);
#323 = EDGE_CURVE('s1_top_e1',#296,#297,#322,.T.);
#324 = DIRECTION('s1_vert_e1_dir',(0.0000000,0.0000000,1.0000000));
#325 = VECTOR('s1_vert_e1_vec',#324,18.0000000);
#326 = CARTESIAN_POINT('s1_vert_e1_origin',(37.5000000,-9.0000000,0.0000000));
#327 = LINE('s1_vert_e1_line',#326,#325);
#328 = EDGE_CURVE('s1_vert_e1',#292,#296,#327,.T.);
#329 = DIRECTION('s1_bot_e2_dir',(-1.0000000,0.0000000,0.0000000));
#330 = VECTOR('s1_bot_e2_vec',#329,5.0000000);
#331 = CARTESIAN_POINT('s1_bot_e2_origin',(37.5000000,9.0000000,0.0000000));
#332 = LINE('s1_bot_e2_line',#331,#330);
#333 = EDGE_CURVE('s1_bot_e2',#293,#294,#332,.T.);
#334 = DIRECTION('s1_top_e2_dir',(-1.0000000,0.0000000,0.0000000));
#335 = VECTOR('s1_top_e2_vec',#334,5.0000000);
#336 = CARTESIAN_POINT('s1_top_e2_origin',(37.5000000,9.0000000,18.0000000));
#337 = LINE('s1_top_e2_line',#336,#335);
#338 = EDGE_CURVE('s1_top_e2',#297,#298,#337,.T.);
#339 = DIRECTION('s1_vert_e2_dir',(0.0000000,0.0000000,1.0000000));
#340 = VECTOR('s1_vert_e2_vec',#339,18.0000000);
#341 = CARTESIAN_POINT('s1_vert_e2_origin',(37.5000000,9.0000000,0.0000000));
#342 = LINE('s1_vert_e2_line',#341,#340);
#343 = EDGE_CURVE('s1_vert_e2',#293,#297,#342,.T.);
#344 = DIRECTION('s1_bot_e3_dir',(0.0000000,-1.0000000,0.0000000));
#345 = VECTOR('s1_bot_e3_vec',#344,18.0000000);
#346 = CARTESIAN_POINT('s1_bot_e3_origin',(32.5000000,9.0000000,0.0000000));
#347 = LINE('s1_bot_e3_line',#346,#345);
#348 = EDGE_CURVE('s1_bot_e3',#294,#291,#347,.T.);
#349 = DIRECTION('s1_top_e3_dir',(0.0000000,-1.0000000,0.0000000));
#350 = VECTOR('s1_top_e3_vec',#349,18.0000000);
#351 = CARTESIAN_POINT('s1_top_e3_origin',(32.5000000,9.0000000,18.0000000));
#352 = LINE('s1_top_e3_line',#351,#350);
#353 = EDGE_CURVE('s1_top_e3',#298,#295,#352,.T.);
#354 = DIRECTION('s1_vert_e3_dir',(0.0000000,0.0000000,1.0000000));
#355 = VECTOR('s1_vert_e3_vec',#354,18.0000000);
#356 = CARTESIAN_POINT('s1_vert_e3_origin',(32.5000000,9.0000000,0.0000000));
#357 = LINE('s1_vert_e3_line',#356,#355);
#358 = EDGE_CURVE('s1_vert_e3',#294,#298,#357,.T.);
#359 = ORIENTED_EDGE('',*,*,#348,.F.);
#360 = ORIENTED_EDGE('',*,*,#333,.F.);
#361 = ORIENTED_EDGE('',*,*,#318,.F.);
#362 = ORIENTED_EDGE('',*,*,#303,.F.);
#363 = EDGE_LOOP('s1_bottom_loop',(#359,#360,#361,#362));
#364 = FACE_OUTER_BOUND('',#363,.T.);
#365 = CARTESIAN_POINT('s1_bottom_plane_loc',(0.0000000,0.0000000,0.0000000));
#366 = DIRECTION('s1_bottom_plane_axis',(0.0000000,0.0000000,-1.0000000));
#367 = DIRECTION('s1_bottom_plane_ref',(1.0000000,0.0000000,0.0000000));
#368 = AXIS2_PLACEMENT_3D('s1_bottom_plane_place',#365,#366,#367);
#369 = PLANE('s1_bottom_plane',#368);
#370 = ADVANCED_FACE('s1_bottom_face',(#364),#369,.T.);
#371 = ORIENTED_EDGE('',*,*,#308,.T.);
#372 = ORIENTED_EDGE('',*,*,#323,.T.);
#373 = ORIENTED_EDGE('',*,*,#338,.T.);
#374 = ORIENTED_EDGE('',*,*,#353,.T.);
#375 = EDGE_LOOP('s1_top_loop',(#371,#372,#373,#374));
#376 = FACE_OUTER_BOUND('',#375,.T.);
#377 = CARTESIAN_POINT('s1_top_plane_loc',(0.0000000,0.0000000,18.0000000));
#378 = DIRECTION('s1_top_plane_axis',(0.0000000,0.0000000,1.0000000));
#379 = DIRECTION('s1_top_plane_ref',(1.0000000,0.0000000,0.0000000));
#380 = AXIS2_PLACEMENT_3D('s1_top_plane_place',#377,#378,#379);
#381 = PLANE('s1_top_plane',#380);
#382 = ADVANCED_FACE('s1_top_face',(#376),#381,.T.);
#383 = ORIENTED_EDGE('',*,*,#303,.T.);
#384 = ORIENTED_EDGE('',*,*,#328,.T.);
#385 = ORIENTED_EDGE('',*,*,#308,.F.);
#386 = ORIENTED_EDGE('',*,*,#313,.F.);
#387 = EDGE_LOOP('s1_side_loop_0',(#383,#384,#385,#386));
#388 = FACE_OUTER_BOUND('',#387,.T.);
#389 = CARTESIAN_POINT('s1_side_plane_0_loc',(35.0000000,-9.0000000,0.0000000));
#390 = DIRECTION('s1_side_plane_0_axis',(0.0000000,-1.0000000,0.0000000));
#391 = DIRECTION('s1_side_plane_0_ref',(1.0000000,0.0000000,0.0000000));
#392 = AXIS2_PLACEMENT_3D('s1_side_plane_0_place',#389,#390,#391);
#393 = PLANE('s1_side_plane_0',#392);
#394 = ADVANCED_FACE('s1_side_face_0',(#388),#393,.T.);
#395 = ORIENTED_EDGE('',*,*,#318,.T.);
#396 = ORIENTED_EDGE('',*,*,#343,.T.);
#397 = ORIENTED_EDGE('',*,*,#323,.F.);
#398 = ORIENTED_EDGE('',*,*,#328,.F.);
#399 = EDGE_LOOP('s1_side_loop_1',(#395,#396,#397,#398));
#400 = FACE_OUTER_BOUND('',#399,.T.);
#401 = CARTESIAN_POINT('s1_side_plane_1_loc',(37.5000000,0.0000000,0.0000000));
#402 = DIRECTION('s1_side_plane_1_axis',(1.0000000,0.0000000,0.0000000));
#403 = DIRECTION('s1_side_plane_1_ref',(0.0000000,1.0000000,0.0000000));
#404 = AXIS2_PLACEMENT_3D('s1_side_plane_1_place',#401,#402,#403);
#405 = PLANE('s1_side_plane_1',#404);
#406 = ADVANCED_FACE('s1_side_face_1',(#400),#405,.T.);
#407 = ORIENTED_EDGE('',*,*,#333,.T.);
#408 = ORIENTED_EDGE('',*,*,#358,.T.);
#409 = ORIENTED_EDGE('',*,*,#338,.F.);
#410 = ORIENTED_EDGE('',*,*,#343,.F.);
#411 = EDGE_LOOP('s1_side_loop_2',(#407,#408,#409,#410));
#412 = FACE_OUTER_BOUND('',#411,.T.);
#413 = CARTESIAN_POINT('s1_side_plane_2_loc',(35.0000000,9.0000000,0.0000000));
#414 = DIRECTION('s1_side_plane_2_axis',(0.0000000,1.0000000,0.0000000));
#415 = DIRECTION('s1_side_plane_2_ref',(-1.0000000,0.0000000,0.0000000));
#416 = AXIS2_PLACEMENT_3D('s1_side_plane_2_place',#413,#414,#415);
#417 = PLANE('s1_side_plane_2',#416);
#418 = ADVANCED_FACE('s1_side_face_2',(#412),#417,.T.);
#419 = ORIENTED_EDGE('',*,*,#348,.T.);
#420 = ORIENTED_EDGE('',*,*,#313,.T.);
#421 = ORIENTED_EDGE('',*,*,#353,.F.);
#422 = ORIENTED_EDGE('',*,*,#358,.F.);
#423 = EDGE_LOOP('s1_side_loop_3',(#419,#420,#421,#422));
#424 = FACE_OUTER_BOUND('',#423,.T.);
#425 = CARTESIAN_POINT('s1_side_plane_3_loc',(32.5000000,0.0000000,0.0000000));
#426 = DIRECTION('s1_side_plane_3_axis',(-1.0000000,0.0000000,0.0000000));
#427 = DIRECTION('s1_side_plane_3_ref',(0.0000000,-1.0000000,0.0000000));
#428 = AXIS2_PLACEMENT_3D('s1_side_plane_3_place',#425,#426,#427);
#429 = PLANE('s1_side_plane_3',#428);
#430 = ADVANCED_FACE('s1_side_face_3',(#424),#429,.T.);
#431 = CLOSED_SHELL('Blade1_shell',(#370,#382,#394,#406,#418,#430));
#432 = MANIFOLD_SOLID_BREP('Blade1_solid',#431);
#433 = CARTESIAN_POINT('s2_bot_0',(33.7219608,-0.2817135,0.0000000));
#434 = CARTESIAN_POINT('s2_bot_1',(38.5515899,1.0123818,0.0000000));
#435 = CARTESIAN_POINT('s2_bot_2',(33.8928471,18.3990466,0.0000000));
#436 = CARTESIAN_POINT('s2_bot_3',(29.0632179,17.1049514,0.0000000));
#437 = CARTESIAN_POINT('s2_top_0',(33.7219608,-0.2817135,18.0000000));
#438 = CARTESIAN_POINT('s2_top_1',(38.5515899,1.0123818,18.0000000));
#439 = CARTESIAN_POINT('s2_top_2',(33.8928471,18.3990466,18.0000000));
#440 = CARTESIAN_POINT('s2_top_3',(29.0632179,17.1049514,18.0000000));
#441 = VERTEX_POINT('s2_bot_v0',#433);
#442 = VERTEX_POINT('s2_bot_v1',#434);
#443 = VERTEX_POINT('s2_bot_v2',#435);
#444 = VERTEX_POINT('s2_bot_v3',#436);
#445 = VERTEX_POINT('s2_top_v0',#437);
#446 = VERTEX_POINT('s2_top_v1',#438);
#447 = VERTEX_POINT('s2_top_v2',#439);
#448 = VERTEX_POINT('s2_top_v3',#440);
#449 = DIRECTION('s2_bot_e0_dir',(0.9659258,0.2588190,0.0000000));
#450 = VECTOR('s2_bot_e0_vec',#449,5.0000000);
#451 = CARTESIAN_POINT('s2_bot_e0_origin',(33.7219608,-0.2817135,0.0000000));
#452 = LINE('s2_bot_e0_line',#451,#450);
#453 = EDGE_CURVE('s2_bot_e0',#441,#442,#452,.T.);
#454 = DIRECTION('s2_top_e0_dir',(0.9659258,0.2588190,0.0000000));
#455 = VECTOR('s2_top_e0_vec',#454,5.0000000);
#456 = CARTESIAN_POINT('s2_top_e0_origin',(33.7219608,-0.2817135,18.0000000));
#457 = LINE('s2_top_e0_line',#456,#455);
#458 = EDGE_CURVE('s2_top_e0',#445,#446,#457,.T.);
#459 = DIRECTION('s2_vert_e0_dir',(0.0000000,0.0000000,1.0000000));
#460 = VECTOR('s2_vert_e0_vec',#459,18.0000000);
#461 = CARTESIAN_POINT('s2_vert_e0_origin',(33.7219608,-0.2817135,0.0000000));
#462 = LINE('s2_vert_e0_line',#461,#460);
#463 = EDGE_CURVE('s2_vert_e0',#441,#445,#462,.T.);
#464 = DIRECTION('s2_bot_e1_dir',(-0.2588190,0.9659258,0.0000000));
#465 = VECTOR('s2_bot_e1_vec',#464,18.0000000);
#466 = CARTESIAN_POINT('s2_bot_e1_origin',(38.5515899,1.0123818,0.0000000));
#467 = LINE('s2_bot_e1_line',#466,#465);
#468 = EDGE_CURVE('s2_bot_e1',#442,#443,#467,.T.);
#469 = DIRECTION('s2_top_e1_dir',(-0.2588190,0.9659258,0.0000000));
#470 = VECTOR('s2_top_e1_vec',#469,18.0000000);
#471 = CARTESIAN_POINT('s2_top_e1_origin',(38.5515899,1.0123818,18.0000000));
#472 = LINE('s2_top_e1_line',#471,#470);
#473 = EDGE_CURVE('s2_top_e1',#446,#447,#472,.T.);
#474 = DIRECTION('s2_vert_e1_dir',(0.0000000,0.0000000,1.0000000));
#475 = VECTOR('s2_vert_e1_vec',#474,18.0000000);
#476 = CARTESIAN_POINT('s2_vert_e1_origin',(38.5515899,1.0123818,0.0000000));
#477 = LINE('s2_vert_e1_line',#476,#475);
#478 = EDGE_CURVE('s2_vert_e1',#442,#446,#477,.T.);
#479 = DIRECTION('s2_bot_e2_dir',(-0.9659258,-0.2588190,0.0000000));
#480 = VECTOR('s2_bot_e2_vec',#479,5.0000000);
#481 = CARTESIAN_POINT('s2_bot_e2_origin',(33.8928471,18.3990466,0.0000000));
#482 = LINE('s2_bot_e2_line',#481,#480);
#483 = EDGE_CURVE('s2_bot_e2',#443,#444,#482,.T.);
#484 = DIRECTION('s2_top_e2_dir',(-0.9659258,-0.2588190,0.0000000));
#485 = VECTOR('s2_top_e2_vec',#484,5.0000000);
#486 = CARTESIAN_POINT('s2_top_e2_origin',(33.8928471,18.3990466,18.0000000));
#487 = LINE('s2_top_e2_line',#486,#485);
#488 = EDGE_CURVE('s2_top_e2',#447,#448,#487,.T.);
#489 = DIRECTION('s2_vert_e2_dir',(0.0000000,0.0000000,1.0000000));
#490 = VECTOR('s2_vert_e2_vec',#489,18.0000000);
#491 = CARTESIAN_POINT('s2_vert_e2_origin',(33.8928471,18.3990466,0.0000000));
#492 = LINE('s2_vert_e2_line',#491,#490);
#493 = EDGE_CURVE('s2_vert_e2',#443,#447,#492,.T.);
#494 = DIRECTION('s2_bot_e3_dir',(0.2588190,-0.9659258,0.0000000));
#495 = VECTOR('s2_bot_e3_vec',#494,18.0000000);
#496 = CARTESIAN_POINT('s2_bot_e3_origin',(29.0632179,17.1049514,0.0000000));
#497 = LINE('s2_bot_e3_line',#496,#495);
#498 = EDGE_CURVE('s2_bot_e3',#444,#441,#497,.T.);
#499 = DIRECTION('s2_top_e3_dir',(0.2588190,-0.9659258,0.0000000));
#500 = VECTOR('s2_top_e3_vec',#499,18.0000000);
#501 = CARTESIAN_POINT('s2_top_e3_origin',(29.0632179,17.1049514,18.0000000));
#502 = LINE('s2_top_e3_line',#501,#500);
#503 = EDGE_CURVE('s2_top_e3',#448,#445,#502,.T.);
#504 = DIRECTION('s2_vert_e3_dir',(0.0000000,0.0000000,1.0000000));
#505 = VECTOR('s2_vert_e3_vec',#504,18.0000000);
#506 = CARTESIAN_POINT('s2_vert_e3_origin',(29.0632179,17.1049514,0.0000000));
#507 = LINE('s2_vert_e3_line',#506,#505);
#508 = EDGE_CURVE('s2_vert_e3',#444,#448,#507,.T.);
#509 = ORIENTED_EDGE('',*,*,#498,.F.);
#510 = ORIENTED_EDGE('',*,*,#483,.F.);
#511 = ORIENTED_EDGE('',*,*,#468,.F.);
#512 = ORIENTED_EDGE('',*,*,#453,.F.);
#513 = EDGE_LOOP('s2_bottom_loop',(#509,#510,#511,#512));
#514 = FACE_OUTER_BOUND('',#513,.T.);
#515 = CARTESIAN_POINT('s2_bottom_plane_loc',(0.0000000,0.0000000,0.0000000));
#516 = DIRECTION('s2_bottom_plane_axis',(0.0000000,0.0000000,-1.0000000));
#517 = DIRECTION('s2_bottom_plane_ref',(1.0000000,0.0000000,0.0000000));
#518 = AXIS2_PLACEMENT_3D('s2_bottom_plane_place',#515,#516,#517);
#519 = PLANE('s2_bottom_plane',#518);
#520 = ADVANCED_FACE('s2_bottom_face',(#514),#519,.T.);
#521 = ORIENTED_EDGE('',*,*,#458,.T.);
#522 = ORIENTED_EDGE('',*,*,#473,.T.);
#523 = ORIENTED_EDGE('',*,*,#488,.T.);
#524 = ORIENTED_EDGE('',*,*,#503,.T.);
#525 = EDGE_LOOP('s2_top_loop',(#521,#522,#523,#524));
#526 = FACE_OUTER_BOUND('',#525,.T.);
#527 = CARTESIAN_POINT('s2_top_plane_loc',(0.0000000,0.0000000,18.0000000));
#528 = DIRECTION('s2_top_plane_axis',(0.0000000,0.0000000,1.0000000));
#529 = DIRECTION('s2_top_plane_ref',(1.0000000,0.0000000,0.0000000));
#530 = AXIS2_PLACEMENT_3D('s2_top_plane_place',#527,#528,#529);
#531 = PLANE('s2_top_plane',#530);
#532 = ADVANCED_FACE('s2_top_face',(#526),#531,.T.);
#533 = ORIENTED_EDGE('',*,*,#453,.T.);
#534 = ORIENTED_EDGE('',*,*,#478,.T.);
#535 = ORIENTED_EDGE('',*,*,#458,.F.);
#536 = ORIENTED_EDGE('',*,*,#463,.F.);
#537 = EDGE_LOOP('s2_side_loop_0',(#533,#534,#535,#536));
#538 = FACE_OUTER_BOUND('',#537,.T.);
#539 = CARTESIAN_POINT('s2_side_plane_0_loc',(36.1367753,0.3653341,0.0000000));
#540 = DIRECTION('s2_side_plane_0_axis',(0.2588190,-0.9659258,0.0000000));
#541 = DIRECTION('s2_side_plane_0_ref',(0.9659258,0.2588190,0.0000000));
#542 = AXIS2_PLACEMENT_3D('s2_side_plane_0_place',#539,#540,#541);
#543 = PLANE('s2_side_plane_0',#542);
#544 = ADVANCED_FACE('s2_side_face_0',(#538),#543,.T.);
#545 = ORIENTED_EDGE('',*,*,#468,.T.);
#546 = ORIENTED_EDGE('',*,*,#493,.T.);
#547 = ORIENTED_EDGE('',*,*,#473,.F.);
#548 = ORIENTED_EDGE('',*,*,#478,.F.);
#549 = EDGE_LOOP('s2_side_loop_1',(#545,#546,#547,#548));
#550 = FACE_OUTER_BOUND('',#549,.T.);
#551 = CARTESIAN_POINT('s2_side_plane_1_loc',(36.2222185,9.7057142,0.0000000));
#552 = DIRECTION('s2_side_plane_1_axis',(0.9659258,0.2588190,0.0000000));
#553 = DIRECTION('s2_side_plane_1_ref',(-0.2588190,0.9659258,0.0000000));
#554 = AXIS2_PLACEMENT_3D('s2_side_plane_1_place',#551,#552,#553);
#555 = PLANE('s2_side_plane_1',#554);
#556 = ADVANCED_FACE('s2_side_face_1',(#550),#555,.T.);
#557 = ORIENTED_EDGE('',*,*,#483,.T.);
#558 = ORIENTED_EDGE('',*,*,#508,.T.);
#559 = ORIENTED_EDGE('',*,*,#488,.F.);
#560 = ORIENTED_EDGE('',*,*,#493,.F.);
#561 = EDGE_LOOP('s2_side_loop_2',(#557,#558,#559,#560));
#562 = FACE_OUTER_BOUND('',#561,.T.);
#563 = CARTESIAN_POINT('s2_side_plane_2_loc',(31.4780325,17.7519990,0.0000000));
#564 = DIRECTION('s2_side_plane_2_axis',(-0.2588190,0.9659258,0.0000000));
#565 = DIRECTION('s2_side_plane_2_ref',(-0.9659258,-0.2588190,0.0000000));
#566 = AXIS2_PLACEMENT_3D('s2_side_plane_2_place',#563,#564,#565);
#567 = PLANE('s2_side_plane_2',#566);
#568 = ADVANCED_FACE('s2_side_face_2',(#562),#567,.T.);
#569 = ORIENTED_EDGE('',*,*,#498,.T.);
#570 = ORIENTED_EDGE('',*,*,#463,.T.);
#571 = ORIENTED_EDGE('',*,*,#503,.F.);
#572 = ORIENTED_EDGE('',*,*,#508,.F.);
#573 = EDGE_LOOP('s2_side_loop_3',(#569,#570,#571,#572));
#574 = FACE_OUTER_BOUND('',#573,.T.);
#575 = CARTESIAN_POINT('s2_side_plane_3_loc',(31.3925894,8.4116190,0.0000000));
#576 = DIRECTION('s2_side_plane_3_axis',(-0.9659258,-0.2588190,0.0000000));
#577 = DIRECTION('s2_side_plane_3_ref',(0.2588190,-0.9659258,0.0000000));
#578 = AXIS2_PLACEMENT_3D('s2_side_plane_3_place',#575,#576,#577);
#579 = PLANE('s2_side_plane_3',#578);
#580 = ADVANCED_FACE('s2_side_face_3',(#574),#579,.T.);
#581 = CLOSED_SHELL('Blade2_shell',(#520,#532,#544,#556,#568,#580));
#582 = MANIFOLD_SOLID_BREP('Blade2_solid',#581);
#583 = CARTESIAN_POINT('s3_bot_0',(32.6458256,8.4557714,0.0000000));
#584 = CARTESIAN_POINT('s3_bot_1',(36.9759526,10.9557714,0.0000000));
#585 = CARTESIAN_POINT('s3_bot_2',(27.9759526,26.5442286,0.0000000));
#586 = CARTESIAN_POINT('s3_bot_3',(23.6458256,24.0442286,0.0000000));
#587 = CARTESIAN_POINT('s3_top_0',(32.6458256,8.4557714,18.0000000));
#588 = CARTESIAN_POINT('s3_top_1',(36.9759526,10.9557714,18.0000000));
#589 = CARTESIAN_POINT('s3_top_2',(27.9759526,26.5442286,18.0000000));
#590 = CARTESIAN_POINT('s3_top_3',(23.6458256,24.0442286,18.0000000));
#591 = VERTEX_POINT('s3_bot_v0',#583);
#592 = VERTEX_POINT('s3_bot_v1',#584);
#593 = VERTEX_POINT('s3_bot_v2',#585);
#594 = VERTEX_POINT('s3_bot_v3',#586);
#595 = VERTEX_POINT('s3_top_v0',#587);
#596 = VERTEX_POINT('s3_top_v1',#588);
#597 = VERTEX_POINT('s3_top_v2',#589);
#598 = VERTEX_POINT('s3_top_v3',#590);
#599 = DIRECTION('s3_bot_e0_dir',(0.8660254,0.5000000,0.0000000));
#600 = VECTOR('s3_bot_e0_vec',#599,5.0000000);
#601 = CARTESIAN_POINT('s3_bot_e0_origin',(32.6458256,8.4557714,0.0000000));
#602 = LINE('s3_bot_e0_line',#601,#600);
#603 = EDGE_CURVE('s3_bot_e0',#591,#592,#602,.T.);
#604 = DIRECTION('s3_top_e0_dir',(0.8660254,0.5000000,0.0000000));
#605 = VECTOR('s3_top_e0_vec',#604,5.0000000);
#606 = CARTESIAN_POINT('s3_top_e0_origin',(32.6458256,8.4557714,18.0000000));
#607 = LINE('s3_top_e0_line',#606,#605);
#608 = EDGE_CURVE('s3_top_e0',#595,#596,#607,.T.);
#609 = DIRECTION('s3_vert_e0_dir',(0.0000000,0.0000000,1.0000000));
#610 = VECTOR('s3_vert_e0_vec',#609,18.0000000);
#611 = CARTESIAN_POINT('s3_vert_e0_origin',(32.6458256,8.4557714,0.0000000));
#612 = LINE('s3_vert_e0_line',#611,#610);
#613 = EDGE_CURVE('s3_vert_e0',#591,#595,#612,.T.);
#614 = DIRECTION('s3_bot_e1_dir',(-0.5000000,0.8660254,0.0000000));
#615 = VECTOR('s3_bot_e1_vec',#614,18.0000000);
#616 = CARTESIAN_POINT('s3_bot_e1_origin',(36.9759526,10.9557714,0.0000000));
#617 = LINE('s3_bot_e1_line',#616,#615);
#618 = EDGE_CURVE('s3_bot_e1',#592,#593,#617,.T.);
#619 = DIRECTION('s3_top_e1_dir',(-0.5000000,0.8660254,0.0000000));
#620 = VECTOR('s3_top_e1_vec',#619,18.0000000);
#621 = CARTESIAN_POINT('s3_top_e1_origin',(36.9759526,10.9557714,18.0000000));
#622 = LINE('s3_top_e1_line',#621,#620);
#623 = EDGE_CURVE('s3_top_e1',#596,#597,#622,.T.);
#624 = DIRECTION('s3_vert_e1_dir',(0.0000000,0.0000000,1.0000000));
#625 = VECTOR('s3_vert_e1_vec',#624,18.0000000);
#626 = CARTESIAN_POINT('s3_vert_e1_origin',(36.9759526,10.9557714,0.0000000));
#627 = LINE('s3_vert_e1_line',#626,#625);
#628 = EDGE_CURVE('s3_vert_e1',#592,#596,#627,.T.);
#629 = DIRECTION('s3_bot_e2_dir',(-0.8660254,-0.5000000,0.0000000));
#630 = VECTOR('s3_bot_e2_vec',#629,5.0000000);
#631 = CARTESIAN_POINT('s3_bot_e2_origin',(27.9759526,26.5442286,0.0000000));
#632 = LINE('s3_bot_e2_line',#631,#630);
#633 = EDGE_CURVE('s3_bot_e2',#593,#594,#632,.T.);
#634 = DIRECTION('s3_top_e2_dir',(-0.8660254,-0.5000000,0.0000000));
#635 = VECTOR('s3_top_e2_vec',#634,5.0000000);
#636 = CARTESIAN_POINT('s3_top_e2_origin',(27.9759526,26.5442286,18.0000000));
#637 = LINE('s3_top_e2_line',#636,#635);
#638 = EDGE_CURVE('s3_top_e2',#597,#598,#637,.T.);
#639 = DIRECTION('s3_vert_e2_dir',(0.0000000,0.0000000,1.0000000));
#640 = VECTOR('s3_vert_e2_vec',#639,18.0000000);
#641 = CARTESIAN_POINT('s3_vert_e2_origin',(27.9759526,26.5442286,0.0000000));
#642 = LINE('s3_vert_e2_line',#641,#640);
#643 = EDGE_CURVE('s3_vert_e2',#593,#597,#642,.T.);
#644 = DIRECTION('s3_bot_e3_dir',(0.5000000,-0.8660254,0.0000000));
#645 = VECTOR('s3_bot_e3_vec',#644,18.0000000);
#646 = CARTESIAN_POINT('s3_bot_e3_origin',(23.6458256,24.0442286,0.0000000));
#647 = LINE('s3_bot_e3_line',#646,#645);
#648 = EDGE_CURVE('s3_bot_e3',#594,#591,#647,.T.);
#649 = DIRECTION('s3_top_e3_dir',(0.5000000,-0.8660254,0.0000000));
#650 = VECTOR('s3_top_e3_vec',#649,18.0000000);
#651 = CARTESIAN_POINT('s3_top_e3_origin',(23.6458256,24.0442286,18.0000000));
#652 = LINE('s3_top_e3_line',#651,#650);
#653 = EDGE_CURVE('s3_top_e3',#598,#595,#652,.T.);
#654 = DIRECTION('s3_vert_e3_dir',(0.0000000,0.0000000,1.0000000));
#655 = VECTOR('s3_vert_e3_vec',#654,18.0000000);
#656 = CARTESIAN_POINT('s3_vert_e3_origin',(23.6458256,24.0442286,0.0000000));
#657 = LINE('s3_vert_e3_line',#656,#655);
#658 = EDGE_CURVE('s3_vert_e3',#594,#598,#657,.T.);
#659 = ORIENTED_EDGE('',*,*,#648,.F.);
#660 = ORIENTED_EDGE('',*,*,#633,.F.);
#661 = ORIENTED_EDGE('',*,*,#618,.F.);
#662 = ORIENTED_EDGE('',*,*,#603,.F.);
#663 = EDGE_LOOP('s3_bottom_loop',(#659,#660,#661,#662));
#664 = FACE_OUTER_BOUND('',#663,.T.);
#665 = CARTESIAN_POINT('s3_bottom_plane_loc',(0.0000000,0.0000000,0.0000000));
#666 = DIRECTION('s3_bottom_plane_axis',(0.0000000,0.0000000,-1.0000000));
#667 = DIRECTION('s3_bottom_plane_ref',(1.0000000,0.0000000,0.0000000));
#668 = AXIS2_PLACEMENT_3D('s3_bottom_plane_place',#665,#666,#667);
#669 = PLANE('s3_bottom_plane',#668);
#670 = ADVANCED_FACE('s3_bottom_face',(#664),#669,.T.);
#671 = ORIENTED_EDGE('',*,*,#608,.T.);
#672 = ORIENTED_EDGE('',*,*,#623,.T.);
#673 = ORIENTED_EDGE('',*,*,#638,.T.);
#674 = ORIENTED_EDGE('',*,*,#653,.T.);
#675 = EDGE_LOOP('s3_top_loop',(#671,#672,#673,#674));
#676 = FACE_OUTER_BOUND('',#675,.T.);
#677 = CARTESIAN_POINT('s3_top_plane_loc',(0.0000000,0.0000000,18.0000000));
#678 = DIRECTION('s3_top_plane_axis',(0.0000000,0.0000000,1.0000000));
#679 = DIRECTION('s3_top_plane_ref',(1.0000000,0.0000000,0.0000000));
#680 = AXIS2_PLACEMENT_3D('s3_top_plane_place',#677,#678,#679);
#681 = PLANE('s3_top_plane',#680);
#682 = ADVANCED_FACE('s3_top_face',(#676),#681,.T.);
#683 = ORIENTED_EDGE('',*,*,#603,.T.);
#684 = ORIENTED_EDGE('',*,*,#628,.T.);
#685 = ORIENTED_EDGE('',*,*,#608,.F.);
#686 = ORIENTED_EDGE('',*,*,#613,.F.);
#687 = EDGE_LOOP('s3_side_loop_0',(#683,#684,#685,#686));
#688 = FACE_OUTER_BOUND('',#687,.T.);
#689 = CARTESIAN_POINT('s3_side_plane_0_loc',(34.8108891,9.7057714,0.0000000));
#690 = DIRECTION('s3_side_plane_0_axis',(0.5000000,-0.8660254,0.0000000));
#691 = DIRECTION('s3_side_plane_0_ref',(0.8660254,0.5000000,0.0000000));
#692 = AXIS2_PLACEMENT_3D('s3_side_plane_0_place',#689,#690,#691);
#693 = PLANE('s3_side_plane_0',#692);
#694 = ADVANCED_FACE('s3_side_face_0',(#688),#693,.T.);
#695 = ORIENTED_EDGE('',*,*,#618,.T.);
#696 = ORIENTED_EDGE('',*,*,#643,.T.);
#697 = ORIENTED_EDGE('',*,*,#623,.F.);
#698 = ORIENTED_EDGE('',*,*,#628,.F.);
#699 = EDGE_LOOP('s3_side_loop_1',(#695,#696,#697,#698));
#700 = FACE_OUTER_BOUND('',#699,.T.);
#701 = CARTESIAN_POINT('s3_side_plane_1_loc',(32.4759526,18.7500000,0.0000000));
#702 = DIRECTION('s3_side_plane_1_axis',(0.8660254,0.5000000,0.0000000));
#703 = DIRECTION('s3_side_plane_1_ref',(-0.5000000,0.8660254,0.0000000));
#704 = AXIS2_PLACEMENT_3D('s3_side_plane_1_place',#701,#702,#703);
#705 = PLANE('s3_side_plane_1',#704);
#706 = ADVANCED_FACE('s3_side_face_1',(#700),#705,.T.);
#707 = ORIENTED_EDGE('',*,*,#633,.T.);
#708 = ORIENTED_EDGE('',*,*,#658,.T.);
#709 = ORIENTED_EDGE('',*,*,#638,.F.);
#710 = ORIENTED_EDGE('',*,*,#643,.F.);
#711 = EDGE_LOOP('s3_side_loop_2',(#707,#708,#709,#710));
#712 = FACE_OUTER_BOUND('',#711,.T.);
#713 = CARTESIAN_POINT('s3_side_plane_2_loc',(25.8108891,25.2942286,0.0000000));
#714 = DIRECTION('s3_side_plane_2_axis',(-0.5000000,0.8660254,0.0000000));
#715 = DIRECTION('s3_side_plane_2_ref',(-0.8660254,-0.5000000,0.0000000));
#716 = AXIS2_PLACEMENT_3D('s3_side_plane_2_place',#713,#714,#715);
#717 = PLANE('s3_side_plane_2',#716);
#718 = ADVANCED_FACE('s3_side_face_2',(#712),#717,.T.);
#719 = ORIENTED_EDGE('',*,*,#648,.T.);
#720 = ORIENTED_EDGE('',*,*,#613,.T.);
#721 = ORIENTED_EDGE('',*,*,#653,.F.);
#722 = ORIENTED_EDGE('',*,*,#658,.F.);
#723 = EDGE_LOOP('s3_side_loop_3',(#719,#720,#721,#722));
#724 = FACE_OUTER_BOUND('',#723,.T.);
#725 = CARTESIAN_POINT('s3_side_plane_3_loc',(28.1458256,16.2500000,0.0000000));
#726 = DIRECTION('s3_side_plane_3_axis',(-0.8660254,-0.5000000,0.0000000));
#727 = DIRECTION('s3_side_plane_3_ref',(0.5000000,-0.8660254,0.0000000));
#728 = AXIS2_PLACEMENT_3D('s3_side_plane_3_place',#725,#726,#727);
#729 = PLANE('s3_side_plane_3',#728);
#730 = ADVANCED_FACE('s3_side_face_3',(#724),#729,.T.);
#731 = CLOSED_SHELL('Blade3_shell',(#670,#682,#694,#706,#718,#730));
#732 = MANIFOLD_SOLID_BREP('Blade3_solid',#731);
#733 = CARTESIAN_POINT('s4_bot_0',(29.3449314,16.6170094,0.0000000));
#734 = CARTESIAN_POINT('s4_bot_1',(32.8804653,20.1525433,0.0000000));
#735 = CARTESIAN_POINT('s4_bot_2',(20.1525433,32.8804653,0.0000000));
#736 = CARTESIAN_POINT('s4_bot_3',(16.6170094,29.3449314,0.0000000));
#737 = CARTESIAN_POINT('s4_top_0',(29.3449314,16.6170094,18.0000000));
#738 = CARTESIAN_POINT('s4_top_1',(32.8804653,20.1525433,18.0000000));
#739 = CARTESIAN_POINT('s4_top_2',(20.1525433,32.8804653,18.0000000));
#740 = CARTESIAN_POINT('s4_top_3',(16.6170094,29.3449314,18.0000000));
#741 = VERTEX_POINT('s4_bot_v0',#733);
#742 = VERTEX_POINT('s4_bot_v1',#734);
#743 = VERTEX_POINT('s4_bot_v2',#735);
#744 = VERTEX_POINT('s4_bot_v3',#736);
#745 = VERTEX_POINT('s4_top_v0',#737);
#746 = VERTEX_POINT('s4_top_v1',#738);
#747 = VERTEX_POINT('s4_top_v2',#739);
#748 = VERTEX_POINT('s4_top_v3',#740);
#749 = DIRECTION('s4_bot_e0_dir',(0.7071068,0.7071068,0.0000000));
#750 = VECTOR('s4_bot_e0_vec',#749,5.0000000);
#751 = CARTESIAN_POINT('s4_bot_e0_origin',(29.3449314,16.6170094,0.0000000));
#752 = LINE('s4_bot_e0_line',#751,#750);
#753 = EDGE_CURVE('s4_bot_e0',#741,#742,#752,.T.);
#754 = DIRECTION('s4_top_e0_dir',(0.7071068,0.7071068,0.0000000));
#755 = VECTOR('s4_top_e0_vec',#754,5.0000000);
#756 = CARTESIAN_POINT('s4_top_e0_origin',(29.3449314,16.6170094,18.0000000));
#757 = LINE('s4_top_e0_line',#756,#755);
#758 = EDGE_CURVE('s4_top_e0',#745,#746,#757,.T.);
#759 = DIRECTION('s4_vert_e0_dir',(0.0000000,0.0000000,1.0000000));
#760 = VECTOR('s4_vert_e0_vec',#759,18.0000000);
#761 = CARTESIAN_POINT('s4_vert_e0_origin',(29.3449314,16.6170094,0.0000000));
#762 = LINE('s4_vert_e0_line',#761,#760);
#763 = EDGE_CURVE('s4_vert_e0',#741,#745,#762,.T.);
#764 = DIRECTION('s4_bot_e1_dir',(-0.7071068,0.7071068,0.0000000));
#765 = VECTOR('s4_bot_e1_vec',#764,18.0000000);
#766 = CARTESIAN_POINT('s4_bot_e1_origin',(32.8804653,20.1525433,0.0000000));
#767 = LINE('s4_bot_e1_line',#766,#765);
#768 = EDGE_CURVE('s4_bot_e1',#742,#743,#767,.T.);
#769 = DIRECTION('s4_top_e1_dir',(-0.7071068,0.7071068,0.0000000));
#770 = VECTOR('s4_top_e1_vec',#769,18.0000000);
#771 = CARTESIAN_POINT('s4_top_e1_origin',(32.8804653,20.1525433,18.0000000));
#772 = LINE('s4_top_e1_line',#771,#770);
#773 = EDGE_CURVE('s4_top_e1',#746,#747,#772,.T.);
#774 = DIRECTION('s4_vert_e1_dir',(0.0000000,0.0000000,1.0000000));
#775 = VECTOR('s4_vert_e1_vec',#774,18.0000000);
#776 = CARTESIAN_POINT('s4_vert_e1_origin',(32.8804653,20.1525433,0.0000000));
#777 = LINE('s4_vert_e1_line',#776,#775);
#778 = EDGE_CURVE('s4_vert_e1',#742,#746,#777,.T.);
#779 = DIRECTION('s4_bot_e2_dir',(-0.7071068,-0.7071068,0.0000000));
#780 = VECTOR('s4_bot_e2_vec',#779,5.0000000);
#781 = CARTESIAN_POINT('s4_bot_e2_origin',(20.1525433,32.8804653,0.0000000));
#782 = LINE('s4_bot_e2_line',#781,#780);
#783 = EDGE_CURVE('s4_bot_e2',#743,#744,#782,.T.);
#784 = DIRECTION('s4_top_e2_dir',(-0.7071068,-0.7071068,0.0000000));
#785 = VECTOR('s4_top_e2_vec',#784,5.0000000);
#786 = CARTESIAN_POINT('s4_top_e2_origin',(20.1525433,32.8804653,18.0000000));
#787 = LINE('s4_top_e2_line',#786,#785);
#788 = EDGE_CURVE('s4_top_e2',#747,#748,#787,.T.);
#789 = DIRECTION('s4_vert_e2_dir',(0.0000000,0.0000000,1.0000000));
#790 = VECTOR('s4_vert_e2_vec',#789,18.0000000);
#791 = CARTESIAN_POINT('s4_vert_e2_origin',(20.1525433,32.8804653,0.0000000));
#792 = LINE('s4_vert_e2_line',#791,#790);
#793 = EDGE_CURVE('s4_vert_e2',#743,#747,#792,.T.);
#794 = DIRECTION('s4_bot_e3_dir',(0.7071068,-0.7071068,0.0000000));
#795 = VECTOR('s4_bot_e3_vec',#794,18.0000000);
#796 = CARTESIAN_POINT('s4_bot_e3_origin',(16.6170094,29.3449314,0.0000000));
#797 = LINE('s4_bot_e3_line',#796,#795);
#798 = EDGE_CURVE('s4_bot_e3',#744,#741,#797,.T.);
#799 = DIRECTION('s4_top_e3_dir',(0.7071068,-0.7071068,0.0000000));
#800 = VECTOR('s4_top_e3_vec',#799,18.0000000);
#801 = CARTESIAN_POINT('s4_top_e3_origin',(16.6170094,29.3449314,18.0000000));
#802 = LINE('s4_top_e3_line',#801,#800);
#803 = EDGE_CURVE('s4_top_e3',#748,#745,#802,.T.);
#804 = DIRECTION('s4_vert_e3_dir',(0.0000000,0.0000000,1.0000000));
#805 = VECTOR('s4_vert_e3_vec',#804,18.0000000);
#806 = CARTESIAN_POINT('s4_vert_e3_origin',(16.6170094,29.3449314,0.0000000));
#807 = LINE('s4_vert_e3_line',#806,#805);
#808 = EDGE_CURVE('s4_vert_e3',#744,#748,#807,.T.);
#809 = ORIENTED_EDGE('',*,*,#798,.F.);
#810 = ORIENTED_EDGE('',*,*,#783,.F.);
#811 = ORIENTED_EDGE('',*,*,#768,.F.);
#812 = ORIENTED_EDGE('',*,*,#753,.F.);
#813 = EDGE_LOOP('s4_bottom_loop',(#809,#810,#811,#812));
#814 = FACE_OUTER_BOUND('',#813,.T.);
#815 = CARTESIAN_POINT('s4_bottom_plane_loc',(0.0000000,0.0000000,0.0000000));
#816 = DIRECTION('s4_bottom_plane_axis',(0.0000000,0.0000000,-1.0000000));
#817 = DIRECTION('s4_bottom_plane_ref',(1.0000000,0.0000000,0.0000000));
#818 = AXIS2_PLACEMENT_3D('s4_bottom_plane_place',#815,#816,#817);
#819 = PLANE('s4_bottom_plane',#818);
#820 = ADVANCED_FACE('s4_bottom_face',(#814),#819,.T.);
#821 = ORIENTED_EDGE('',*,*,#758,.T.);
#822 = ORIENTED_EDGE('',*,*,#773,.T.);
#823 = ORIENTED_EDGE('',*,*,#788,.T.);
#824 = ORIENTED_EDGE('',*,*,#803,.T.);
#825 = EDGE_LOOP('s4_top_loop',(#821,#822,#823,#824));
#826 = FACE_OUTER_BOUND('',#825,.T.);
#827 = CARTESIAN_POINT('s4_top_plane_loc',(0.0000000,0.0000000,18.0000000));
#828 = DIRECTION('s4_top_plane_axis',(0.0000000,0.0000000,1.0000000));
#829 = DIRECTION('s4_top_plane_ref',(1.0000000,0.0000000,0.0000000));
#830 = AXIS2_PLACEMENT_3D('s4_top_plane_place',#827,#828,#829);
#831 = PLANE('s4_top_plane',#830);
#832 = ADVANCED_FACE('s4_top_face',(#826),#831,.T.);
#833 = ORIENTED_EDGE('',*,*,#753,.T.);
#834 = ORIENTED_EDGE('',*,*,#778,.T.);
#835 = ORIENTED_EDGE('',*,*,#758,.F.);
#836 = ORIENTED_EDGE('',*,*,#763,.F.);
#837 = EDGE_LOOP('s4_side_loop_0',(#833,#834,#835,#836));
#838 = FACE_OUTER_BOUND('',#837,.T.);
#839 = CARTESIAN_POINT('s4_side_plane_0_loc',(31.1126984,18.3847763,0.0000000));
#840 = DIRECTION('s4_side_plane_0_axis',(0.7071068,-0.7071068,0.0000000));
#841 = DIRECTION('s4_side_plane_0_ref',(0.7071068,0.7071068,0.0000000));
#842 = AXIS2_PLACEMENT_3D('s4_side_plane_0_place',#839,#840,#841);
#843 = PLANE('s4_side_plane_0',#842);
#844 = ADVANCED_FACE('s4_side_face_0',(#838),#843,.T.);
#845 = ORIENTED_EDGE('',*,*,#768,.T.);
#846 = ORIENTED_EDGE('',*,*,#793,.T.);
#847 = ORIENTED_EDGE('',*,*,#773,.F.);
#848 = ORIENTED_EDGE('',*,*,#778,.F.);
#849 = EDGE_LOOP('s4_side_loop_1',(#845,#846,#847,#848));
#850 = FACE_OUTER_BOUND('',#849,.T.);
#851 = CARTESIAN_POINT('s4_side_plane_1_loc',(26.5165043,26.5165043,0.0000000));
#852 = DIRECTION('s4_side_plane_1_axis',(0.7071068,0.7071068,0.0000000));
#853 = DIRECTION('s4_side_plane_1_ref',(-0.7071068,0.7071068,0.0000000));
#854 = AXIS2_PLACEMENT_3D('s4_side_plane_1_place',#851,#852,#853);
#855 = PLANE('s4_side_plane_1',#854);
#856 = ADVANCED_FACE('s4_side_face_1',(#850),#855,.T.);
#857 = ORIENTED_EDGE('',*,*,#783,.T.);
#858 = ORIENTED_EDGE('',*,*,#808,.T.);
#859 = ORIENTED_EDGE('',*,*,#788,.F.);
#860 = ORIENTED_EDGE('',*,*,#793,.F.);
#861 = EDGE_LOOP('s4_side_loop_2',(#857,#858,#859,#860));
#862 = FACE_OUTER_BOUND('',#861,.T.);
#863 = CARTESIAN_POINT('s4_side_plane_2_loc',(18.3847763,31.1126984,0.0000000));
#864 = DIRECTION('s4_side_plane_2_axis',(-0.7071068,0.7071068,0.0000000));
#865 = DIRECTION('s4_side_plane_2_ref',(-0.7071068,-0.7071068,0.0000000));
#866 = AXIS2_PLACEMENT_3D('s4_side_plane_2_place',#863,#864,#865);
#867 = PLANE('s4_side_plane_2',#866);
#868 = ADVANCED_FACE('s4_side_face_2',(#862),#867,.T.);
#869 = ORIENTED_EDGE('',*,*,#798,.T.);
#870 = ORIENTED_EDGE('',*,*,#763,.T.);
#871 = ORIENTED_EDGE('',*,*,#803,.F.);
#872 = ORIENTED_EDGE('',*,*,#808,.F.);
#873 = EDGE_LOOP('s4_side_loop_3',(#869,#870,#871,#872));
#874 = FACE_OUTER_BOUND('',#873,.T.);
#875 = CARTESIAN_POINT('s4_side_plane_3_loc',(22.9809704,22.9809704,0.0000000));
#876 = DIRECTION('s4_side_plane_3_axis',(-0.7071068,-0.7071068,0.0000000));
#877 = DIRECTION('s4_side_plane_3_ref',(0.7071068,-0.7071068,0.0000000));
#878 = AXIS2_PLACEMENT_3D('s4_side_plane_3_place',#875,#876,#877);
#879 = PLANE('s4_side_plane_3',#878);
#880 = ADVANCED_FACE('s4_side_face_3',(#874),#879,.T.);
#881 = CLOSED_SHELL('Blade4_shell',(#820,#832,#844,#856,#868,#880));
#882 = MANIFOLD_SOLID_BREP('Blade4_solid',#881);
#883 = CARTESIAN_POINT('s5_bot_0',(24.0442286,23.6458256,0.0000000));
#884 = CARTESIAN_POINT('s5_bot_1',(26.5442286,27.9759526,0.0000000));
#885 = CARTESIAN_POINT('s5_bot_2',(10.9557714,36.9759526,0.0000000));
#886 = CARTESIAN_POINT('s5_bot_3',(8.4557714,32.6458256,0.0000000));
#887 = CARTESIAN_POINT('s5_top_0',(24.0442286,23.6458256,18.0000000));
#888 = CARTESIAN_POINT('s5_top_1',(26.5442286,27.9759526,18.0000000));
#889 = CARTESIAN_POINT('s5_top_2',(10.9557714,36.9759526,18.0000000));
#890 = CARTESIAN_POINT('s5_top_3',(8.4557714,32.6458256,18.0000000));
#891 = VERTEX_POINT('s5_bot_v0',#883);
#892 = VERTEX_POINT('s5_bot_v1',#884);
#893 = VERTEX_POINT('s5_bot_v2',#885);
#894 = VERTEX_POINT('s5_bot_v3',#886);
#895 = VERTEX_POINT('s5_top_v0',#887);
#896 = VERTEX_POINT('s5_top_v1',#888);
#897 = VERTEX_POINT('s5_top_v2',#889);
#898 = VERTEX_POINT('s5_top_v3',#890);
#899 = DIRECTION('s5_bot_e0_dir',(0.5000000,0.8660254,0.0000000));
#900 = VECTOR('s5_bot_e0_vec',#899,5.0000000);
#901 = CARTESIAN_POINT('s5_bot_e0_origin',(24.0442286,23.6458256,0.0000000));
#902 = LINE('s5_bot_e0_line',#901,#900);
#903 = EDGE_CURVE('s5_bot_e0',#891,#892,#902,.T.);
#904 = DIRECTION('s5_top_e0_dir',(0.5000000,0.8660254,0.0000000));
#905 = VECTOR('s5_top_e0_vec',#904,5.0000000);
#906 = CARTESIAN_POINT('s5_top_e0_origin',(24.0442286,23.6458256,18.0000000));
#907 = LINE('s5_top_e0_line',#906,#905);
#908 = EDGE_CURVE('s5_top_e0',#895,#896,#907,.T.);
#909 = DIRECTION('s5_vert_e0_dir',(0.0000000,0.0000000,1.0000000));
#910 = VECTOR('s5_vert_e0_vec',#909,18.0000000);
#911 = CARTESIAN_POINT('s5_vert_e0_origin',(24.0442286,23.6458256,0.0000000));
#912 = LINE('s5_vert_e0_line',#911,#910);
#913 = EDGE_CURVE('s5_vert_e0',#891,#895,#912,.T.);
#914 = DIRECTION('s5_bot_e1_dir',(-0.8660254,0.5000000,0.0000000));
#915 = VECTOR('s5_bot_e1_vec',#914,18.0000000);
#916 = CARTESIAN_POINT('s5_bot_e1_origin',(26.5442286,27.9759526,0.0000000));
#917 = LINE('s5_bot_e1_line',#916,#915);
#918 = EDGE_CURVE('s5_bot_e1',#892,#893,#917,.T.);
#919 = DIRECTION('s5_top_e1_dir',(-0.8660254,0.5000000,0.0000000));
#920 = VECTOR('s5_top_e1_vec',#919,18.0000000);
#921 = CARTESIAN_POINT('s5_top_e1_origin',(26.5442286,27.9759526,18.0000000));
#922 = LINE('s5_top_e1_line',#921,#920);
#923 = EDGE_CURVE('s5_top_e1',#896,#897,#922,.T.);
#924 = DIRECTION('s5_vert_e1_dir',(0.0000000,0.0000000,1.0000000));
#925 = VECTOR('s5_vert_e1_vec',#924,18.0000000);
#926 = CARTESIAN_POINT('s5_vert_e1_origin',(26.5442286,27.9759526,0.0000000));
#927 = LINE('s5_vert_e1_line',#926,#925);
#928 = EDGE_CURVE('s5_vert_e1',#892,#896,#927,.T.);
#929 = DIRECTION('s5_bot_e2_dir',(-0.5000000,-0.8660254,0.0000000));
#930 = VECTOR('s5_bot_e2_vec',#929,5.0000000);
#931 = CARTESIAN_POINT('s5_bot_e2_origin',(10.9557714,36.9759526,0.0000000));
#932 = LINE('s5_bot_e2_line',#931,#930);
#933 = EDGE_CURVE('s5_bot_e2',#893,#894,#932,.T.);
#934 = DIRECTION('s5_top_e2_dir',(-0.5000000,-0.8660254,0.0000000));
#935 = VECTOR('s5_top_e2_vec',#934,5.0000000);
#936 = CARTESIAN_POINT('s5_top_e2_origin',(10.9557714,36.9759526,18.0000000));
#937 = LINE('s5_top_e2_line',#936,#935);
#938 = EDGE_CURVE('s5_top_e2',#897,#898,#937,.T.);
#939 = DIRECTION('s5_vert_e2_dir',(0.0000000,0.0000000,1.0000000));
#940 = VECTOR('s5_vert_e2_vec',#939,18.0000000);
#941 = CARTESIAN_POINT('s5_vert_e2_origin',(10.9557714,36.9759526,0.0000000));
#942 = LINE('s5_vert_e2_line',#941,#940);
#943 = EDGE_CURVE('s5_vert_e2',#893,#897,#942,.T.);
#944 = DIRECTION('s5_bot_e3_dir',(0.8660254,-0.5000000,0.0000000));
#945 = VECTOR('s5_bot_e3_vec',#944,18.0000000);
#946 = CARTESIAN_POINT('s5_bot_e3_origin',(8.4557714,32.6458256,0.0000000));
#947 = LINE('s5_bot_e3_line',#946,#945);
#948 = EDGE_CURVE('s5_bot_e3',#894,#891,#947,.T.);
#949 = DIRECTION('s5_top_e3_dir',(0.8660254,-0.5000000,0.0000000));
#950 = VECTOR('s5_top_e3_vec',#949,18.0000000);
#951 = CARTESIAN_POINT('s5_top_e3_origin',(8.4557714,32.6458256,18.0000000));
#952 = LINE('s5_top_e3_line',#951,#950);
#953 = EDGE_CURVE('s5_top_e3',#898,#895,#952,.T.);
#954 = DIRECTION('s5_vert_e3_dir',(0.0000000,0.0000000,1.0000000));
#955 = VECTOR('s5_vert_e3_vec',#954,18.0000000);
#956 = CARTESIAN_POINT('s5_vert_e3_origin',(8.4557714,32.6458256,0.0000000));
#957 = LINE('s5_vert_e3_line',#956,#955);
#958 = EDGE_CURVE('s5_vert_e3',#894,#898,#957,.T.);
#959 = ORIENTED_EDGE('',*,*,#948,.F.);
#960 = ORIENTED_EDGE('',*,*,#933,.F.);
#961 = ORIENTED_EDGE('',*,*,#918,.F.);
#962 = ORIENTED_EDGE('',*,*,#903,.F.);
#963 = EDGE_LOOP('s5_bottom_loop',(#959,#960,#961,#962));
#964 = FACE_OUTER_BOUND('',#963,.T.);
#965 = CARTESIAN_POINT('s5_bottom_plane_loc',(0.0000000,0.0000000,0.0000000));
#966 = DIRECTION('s5_bottom_plane_axis',(0.0000000,0.0000000,-1.0000000));
#967 = DIRECTION('s5_bottom_plane_ref',(1.0000000,0.0000000,0.0000000));
#968 = AXIS2_PLACEMENT_3D('s5_bottom_plane_place',#965,#966,#967);
#969 = PLANE('s5_bottom_plane',#968);
#970 = ADVANCED_FACE('s5_bottom_face',(#964),#969,.T.);
#971 = ORIENTED_EDGE('',*,*,#908,.T.);
#972 = ORIENTED_EDGE('',*,*,#923,.T.);
#973 = ORIENTED_EDGE('',*,*,#938,.T.);
#974 = ORIENTED_EDGE('',*,*,#953,.T.);
#975 = EDGE_LOOP('s5_top_loop',(#971,#972,#973,#974));
#976 = FACE_OUTER_BOUND('',#975,.T.);
#977 = CARTESIAN_POINT('s5_top_plane_loc',(0.0000000,0.0000000,18.0000000));
#978 = DIRECTION('s5_top_plane_axis',(0.0000000,0.0000000,1.0000000));
#979 = DIRECTION('s5_top_plane_ref',(1.0000000,0.0000000,0.0000000));
#980 = AXIS2_PLACEMENT_3D('s5_top_plane_place',#977,#978,#979);
#981 = PLANE('s5_top_plane',#980);
#982 = ADVANCED_FACE('s5_top_face',(#976),#981,.T.);
#983 = ORIENTED_EDGE('',*,*,#903,.T.);
#984 = ORIENTED_EDGE('',*,*,#928,.T.);
#985 = ORIENTED_EDGE('',*,*,#908,.F.);
#986 = ORIENTED_EDGE('',*,*,#913,.F.);
#987 = EDGE_LOOP('s5_side_loop_0',(#983,#984,#985,#986));
#988 = FACE_OUTER_BOUND('',#987,.T.);
#989 = CARTESIAN_POINT('s5_side_plane_0_loc',(25.2942286,25.8108891,0.0000000));
#990 = DIRECTION('s5_side_plane_0_axis',(0.8660254,-0.5000000,0.0000000));
#991 = DIRECTION('s5_side_plane_0_ref',(0.5000000,0.8660254,0.0000000));
#992 = AXIS2_PLACEMENT_3D('s5_side_plane_0_place',#989,#990,#991);
#993 = PLANE('s5_side_plane_0',#992);
#994 = ADVANCED_FACE('s5_side_face_0',(#988),#993,.T.);
#995 = ORIENTED_EDGE('',*,*,#918,.T.);
#996 = ORIENTED_EDGE('',*,*,#943,.T.);
#997 = ORIENTED_EDGE('',*,*,#923,.F.);
#998 = ORIENTED_EDGE('',*,*,#928,.F.);
#999 = EDGE_LOOP('s5_side_loop_1',(#995,#996,#997,#998));
#1000 = FACE_OUTER_BOUND('',#999,.T.);
#1001 = CARTESIAN_POINT('s5_side_plane_1_loc',(18.7500000,32.4759526,0.0000000));
#1002 = DIRECTION('s5_side_plane_1_axis',(0.5000000,0.8660254,0.0000000));
#1003 = DIRECTION('s5_side_plane_1_ref',(-0.8660254,0.5000000,0.0000000));
#1004 = AXIS2_PLACEMENT_3D('s5_side_plane_1_place',#1001,#1002,#1003);
#1005 = PLANE('s5_side_plane_1',#1004);
#1006 = ADVANCED_FACE('s5_side_face_1',(#1000),#1005,.T.);
#1007 = ORIENTED_EDGE('',*,*,#933,.T.);
#1008 = ORIENTED_EDGE('',*,*,#958,.T.);
#1009 = ORIENTED_EDGE('',*,*,#938,.F.);
#1010 = ORIENTED_EDGE('',*,*,#943,.F.);
#1011 = EDGE_LOOP('s5_side_loop_2',(#1007,#1008,#1009,#1010));
#1012 = FACE_OUTER_BOUND('',#1011,.T.);
#1013 = CARTESIAN_POINT('s5_side_plane_2_loc',(9.7057714,34.8108891,0.0000000));
#1014 = DIRECTION('s5_side_plane_2_axis',(-0.8660254,0.5000000,0.0000000));
#1015 = DIRECTION('s5_side_plane_2_ref',(-0.5000000,-0.8660254,0.0000000));
#1016 = AXIS2_PLACEMENT_3D('s5_side_plane_2_place',#1013,#1014,#1015);
#1017 = PLANE('s5_side_plane_2',#1016);
#1018 = ADVANCED_FACE('s5_side_face_2',(#1012),#1017,.T.);
#1019 = ORIENTED_EDGE('',*,*,#948,.T.);
#1020 = ORIENTED_EDGE('',*,*,#913,.T.);
#1021 = ORIENTED_EDGE('',*,*,#953,.F.);
#1022 = ORIENTED_EDGE('',*,*,#958,.F.);
#1023 = EDGE_LOOP('s5_side_loop_3',(#1019,#1020,#1021,#1022));
#1024 = FACE_OUTER_BOUND('',#1023,.T.);
#1025 = CARTESIAN_POINT('s5_side_plane_3_loc',(16.2500000,28.1458256,0.0000000));
#1026 = DIRECTION('s5_side_plane_3_axis',(-0.5000000,-0.8660254,0.0000000));
#1027 = DIRECTION('s5_side_plane_3_ref',(0.8660254,-0.5000000,0.0000000));
#1028 = AXIS2_PLACEMENT_3D('s5_side_plane_3_place',#1025,#1026,#1027);
#1029 = PLANE('s5_side_plane_3',#1028);
#1030 = ADVANCED_FACE('s5_side_face_3',(#1024),#1029,.T.);
#1031 = CLOSED_SHELL('Blade5_shell',(#970,#982,#994,#1006,#1018,#1030));
#1032 = MANIFOLD_SOLID_BREP('Blade5_solid',#1031);
#1033 = CARTESIAN_POINT('s6_bot_0',(17.1049514,29.0632179,0.0000000));
#1034 = CARTESIAN_POINT('s6_bot_1',(18.3990466,33.8928471,0.0000000));
#1035 = CARTESIAN_POINT('s6_bot_2',(1.0123818,38.5515899,0.0000000));
#1036 = CARTESIAN_POINT('s6_bot_3',(-0.2817135,33.7219608,0.0000000));
#1037 = CARTESIAN_POINT('s6_top_0',(17.1049514,29.0632179,18.0000000));
#1038 = CARTESIAN_POINT('s6_top_1',(18.3990466,33.8928471,18.0000000));
#1039 = CARTESIAN_POINT('s6_top_2',(1.0123818,38.5515899,18.0000000));
#1040 = CARTESIAN_POINT('s6_top_3',(-0.2817135,33.7219608,18.0000000));
#1041 = VERTEX_POINT('s6_bot_v0',#1033);
#1042 = VERTEX_POINT('s6_bot_v1',#1034);
#1043 = VERTEX_POINT('s6_bot_v2',#1035);
#1044 = VERTEX_POINT('s6_bot_v3',#1036);
#1045 = VERTEX_POINT('s6_top_v0',#1037);
#1046 = VERTEX_POINT('s6_top_v1',#1038);
#1047 = VERTEX_POINT('s6_top_v2',#1039);
#1048 = VERTEX_POINT('s6_top_v3',#1040);
#1049 = DIRECTION('s6_bot_e0_dir',(0.2588190,0.9659258,0.0000000));
#1050 = VECTOR('s6_bot_e0_vec',#1049,5.0000000);
#1051 = CARTESIAN_POINT('s6_bot_e0_origin',(17.1049514,29.0632179,0.0000000));
#1052 = LINE('s6_bot_e0_line',#1051,#1050);
#1053 = EDGE_CURVE('s6_bot_e0',#1041,#1042,#1052,.T.);
#1054 = DIRECTION('s6_top_e0_dir',(0.2588190,0.9659258,0.0000000));
#1055 = VECTOR('s6_top_e0_vec',#1054,5.0000000);
#1056 = CARTESIAN_POINT('s6_top_e0_origin',(17.1049514,29.0632179,18.0000000));
#1057 = LINE('s6_top_e0_line',#1056,#1055);
#1058 = EDGE_CURVE('s6_top_e0',#1045,#1046,#1057,.T.);
#1059 = DIRECTION('s6_vert_e0_dir',(0.0000000,0.0000000,1.0000000));
#1060 = VECTOR('s6_vert_e0_vec',#1059,18.0000000);
#1061 = CARTESIAN_POINT('s6_vert_e0_origin',(17.1049514,29.0632179,0.0000000));
#1062 = LINE('s6_vert_e0_line',#1061,#1060);
#1063 = EDGE_CURVE('s6_vert_e0',#1041,#1045,#1062,.T.);
#1064 = DIRECTION('s6_bot_e1_dir',(-0.9659258,0.2588190,0.0000000));
#1065 = VECTOR('s6_bot_e1_vec',#1064,18.0000000);
#1066 = CARTESIAN_POINT('s6_bot_e1_origin',(18.3990466,33.8928471,0.0000000));
#1067 = LINE('s6_bot_e1_line',#1066,#1065);
#1068 = EDGE_CURVE('s6_bot_e1',#1042,#1043,#1067,.T.);
#1069 = DIRECTION('s6_top_e1_dir',(-0.9659258,0.2588190,0.0000000));
#1070 = VECTOR('s6_top_e1_vec',#1069,18.0000000);
#1071 = CARTESIAN_POINT('s6_top_e1_origin',(18.3990466,33.8928471,18.0000000));
#1072 = LINE('s6_top_e1_line',#1071,#1070);
#1073 = EDGE_CURVE('s6_top_e1',#1046,#1047,#1072,.T.);
#1074 = DIRECTION('s6_vert_e1_dir',(0.0000000,0.0000000,1.0000000));
#1075 = VECTOR('s6_vert_e1_vec',#1074,18.0000000);
#1076 = CARTESIAN_POINT('s6_vert_e1_origin',(18.3990466,33.8928471,0.0000000));
#1077 = LINE('s6_vert_e1_line',#1076,#1075);
#1078 = EDGE_CURVE('s6_vert_e1',#1042,#1046,#1077,.T.);
#1079 = DIRECTION('s6_bot_e2_dir',(-0.2588190,-0.9659258,0.0000000));
#1080 = VECTOR('s6_bot_e2_vec',#1079,5.0000000);
#1081 = CARTESIAN_POINT('s6_bot_e2_origin',(1.0123818,38.5515899,0.0000000));
#1082 = LINE('s6_bot_e2_line',#1081,#1080);
#1083 = EDGE_CURVE('s6_bot_e2',#1043,#1044,#1082,.T.);
#1084 = DIRECTION('s6_top_e2_dir',(-0.2588190,-0.9659258,0.0000000));
#1085 = VECTOR('s6_top_e2_vec',#1084,5.0000000);
#1086 = CARTESIAN_POINT('s6_top_e2_origin',(1.0123818,38.5515899,18.0000000));
#1087 = LINE('s6_top_e2_line',#1086,#1085);
#1088 = EDGE_CURVE('s6_top_e2',#1047,#1048,#1087,.T.);
#1089 = DIRECTION('s6_vert_e2_dir',(0.0000000,0.0000000,1.0000000));
#1090 = VECTOR('s6_vert_e2_vec',#1089,18.0000000);
#1091 = CARTESIAN_POINT('s6_vert_e2_origin',(1.0123818,38.5515899,0.0000000));
#1092 = LINE('s6_vert_e2_line',#1091,#1090);
#1093 = EDGE_CURVE('s6_vert_e2',#1043,#1047,#1092,.T.);
#1094 = DIRECTION('s6_bot_e3_dir',(0.9659258,-0.2588190,0.0000000));
#1095 = VECTOR('s6_bot_e3_vec',#1094,18.0000000);
#1096 = CARTESIAN_POINT('s6_bot_e3_origin',(-0.2817135,33.7219608,0.0000000));
#1097 = LINE('s6_bot_e3_line',#1096,#1095);
#1098 = EDGE_CURVE('s6_bot_e3',#1044,#1041,#1097,.T.);
#1099 = DIRECTION('s6_top_e3_dir',(0.9659258,-0.2588190,0.0000000));
#1100 = VECTOR('s6_top_e3_vec',#1099,18.0000000);
#1101 = CARTESIAN_POINT('s6_top_e3_origin',(-0.2817135,33.7219608,18.0000000));
#1102 = LINE('s6_top_e3_line',#1101,#1100);
#1103 = EDGE_CURVE('s6_top_e3',#1048,#1045,#1102,.T.);
#1104 = DIRECTION('s6_vert_e3_dir',(0.0000000,0.0000000,1.0000000));
#1105 = VECTOR('s6_vert_e3_vec',#1104,18.0000000);
#1106 = CARTESIAN_POINT('s6_vert_e3_origin',(-0.2817135,33.7219608,0.0000000));
#1107 = LINE('s6_vert_e3_line',#1106,#1105);
#1108 = EDGE_CURVE('s6_vert_e3',#1044,#1048,#1107,.T.);
#1109 = ORIENTED_EDGE('',*,*,#1098,.F.);
#1110 = ORIENTED_EDGE('',*,*,#1083,.F.);
#1111 = ORIENTED_EDGE('',*,*,#1068,.F.);
#1112 = ORIENTED_EDGE('',*,*,#1053,.F.);
#1113 = EDGE_LOOP('s6_bottom_loop',(#1109,#1110,#1111,#1112));
#1114 = FACE_OUTER_BOUND('',#1113,.T.);
#1115 = CARTESIAN_POINT('s6_bottom_plane_loc',(0.0000000,0.0000000,0.0000000));
#1116 = DIRECTION('s6_bottom_plane_axis',(0.0000000,0.0000000,-1.0000000));
#1117 = DIRECTION('s6_bottom_plane_ref',(1.0000000,0.0000000,0.0000000));
#1118 = AXIS2_PLACEMENT_3D('s6_bottom_plane_place',#1115,#1116,#1117);
#1119 = PLANE('s6_bottom_plane',#1118);
#1120 = ADVANCED_FACE('s6_bottom_face',(#1114),#1119,.T.);
#1121 = ORIENTED_EDGE('',*,*,#1058,.T.);
#1122 = ORIENTED_EDGE('',*,*,#1073,.T.);
#1123 = ORIENTED_EDGE('',*,*,#1088,.T.);
#1124 = ORIENTED_EDGE('',*,*,#1103,.T.);
#1125 = EDGE_LOOP('s6_top_loop',(#1121,#1122,#1123,#1124));
#1126 = FACE_OUTER_BOUND('',#1125,.T.);
#1127 = CARTESIAN_POINT('s6_top_plane_loc',(0.0000000,0.0000000,18.0000000));
#1128 = DIRECTION('s6_top_plane_axis',(0.0000000,0.0000000,1.0000000));
#1129 = DIRECTION('s6_top_plane_ref',(1.0000000,0.0000000,0.0000000));
#1130 = AXIS2_PLACEMENT_3D('s6_top_plane_place',#1127,#1128,#1129);
#1131 = PLANE('s6_top_plane',#1130);
#1132 = ADVANCED_FACE('s6_top_face',(#1126),#1131,.T.);
#1133 = ORIENTED_EDGE('',*,*,#1053,.T.);
#1134 = ORIENTED_EDGE('',*,*,#1078,.T.);
#1135 = ORIENTED_EDGE('',*,*,#1058,.F.);
#1136 = ORIENTED_EDGE('',*,*,#1063,.F.);
#1137 = EDGE_LOOP('s6_side_loop_0',(#1133,#1134,#1135,#1136));
#1138 = FACE_OUTER_BOUND('',#1137,.T.);
#1139 = CARTESIAN_POINT('s6_side_plane_0_loc',(17.7519990,31.4780325,0.0000000));
#1140 = DIRECTION('s6_side_plane_0_axis',(0.9659258,-0.2588190,0.0000000));
#1141 = DIRECTION('s6_side_plane_0_ref',(0.2588190,0.9659258,0.0000000));
#1142 = AXIS2_PLACEMENT_3D('s6_side_plane_0_place',#1139,#1140,#1141);
#1143 = PLANE('s6_side_plane_0',#1142);
#1144 = ADVANCED_FACE('s6_side_face_0',(#1138),#1143,.T.);
#1145 = ORIENTED_EDGE('',*,*,#1068,.T.);
#1146 = ORIENTED_EDGE('',*,*,#1093,.T.);
#1147 = ORIENTED_EDGE('',*,*,#1073,.F.);
#1148 = ORIENTED_EDGE('',*,*,#1078,.F.);
#1149 = EDGE_LOOP('s6_side_loop_1',(#1145,#1146,#1147,#1148));
#1150 = FACE_OUTER_BOUND('',#1149,.T.);
#1151 = CARTESIAN_POINT('s6_side_plane_1_loc',(9.7057142,36.2222185,0.0000000));
#1152 = DIRECTION('s6_side_plane_1_axis',(0.2588190,0.9659258,0.0000000));
#1153 = DIRECTION('s6_side_plane_1_ref',(-0.9659258,0.2588190,0.0000000));
#1154 = AXIS2_PLACEMENT_3D('s6_side_plane_1_place',#1151,#1152,#1153);
#1155 = PLANE('s6_side_plane_1',#1154);
#1156 = ADVANCED_FACE('s6_side_face_1',(#1150),#1155,.T.);
#1157 = ORIENTED_EDGE('',*,*,#1083,.T.);
#1158 = ORIENTED_EDGE('',*,*,#1108,.T.);
#1159 = ORIENTED_EDGE('',*,*,#1088,.F.);
#1160 = ORIENTED_EDGE('',*,*,#1093,.F.);
#1161 = EDGE_LOOP('s6_side_loop_2',(#1157,#1158,#1159,#1160));
#1162 = FACE_OUTER_BOUND('',#1161,.T.);
#1163 = CARTESIAN_POINT('s6_side_plane_2_loc',(0.3653341,36.1367753,0.0000000));
#1164 = DIRECTION('s6_side_plane_2_axis',(-0.9659258,0.2588190,0.0000000));
#1165 = DIRECTION('s6_side_plane_2_ref',(-0.2588190,-0.9659258,0.0000000));
#1166 = AXIS2_PLACEMENT_3D('s6_side_plane_2_place',#1163,#1164,#1165);
#1167 = PLANE('s6_side_plane_2',#1166);
#1168 = ADVANCED_FACE('s6_side_face_2',(#1162),#1167,.T.);
#1169 = ORIENTED_EDGE('',*,*,#1098,.T.);
#1170 = ORIENTED_EDGE('',*,*,#1063,.T.);
#1171 = ORIENTED_EDGE('',*,*,#1103,.F.);
#1172 = ORIENTED_EDGE('',*,*,#1108,.F.);
#1173 = EDGE_LOOP('s6_side_loop_3',(#1169,#1170,#1171,#1172));
#1174 = FACE_OUTER_BOUND('',#1173,.T.);
#1175 = CARTESIAN_POINT('s6_side_plane_3_loc',(8.4116190,31.3925894,0.0000000));
#1176 = DIRECTION('s6_side_plane_3_axis',(-0.2588190,-0.9659258,0.0000000));
#1177 = DIRECTION('s6_side_plane_3_ref',(0.9659258,-0.2588190,0.0000000));
#1178 = AXIS2_PLACEMENT_3D('s6_side_plane_3_place',#1175,#1176,#1177);
#1179 = PLANE('s6_side_plane_3',#1178);
#1180 = ADVANCED_FACE('s6_side_face_3',(#1174),#1179,.T.);
#1181 = CLOSED_SHELL('Blade6_shell',(#1120,#1132,#1144,#1156,#1168,#1180));
#1182 = MANIFOLD_SOLID_BREP('Blade6_solid',#1181);
#1183 = CARTESIAN_POINT('s7_bot_0',(9.0000000,32.5000000,0.0000000));
#1184 = CARTESIAN_POINT('s7_bot_1',(9.0000000,37.5000000,0.0000000));
#1185 = CARTESIAN_POINT('s7_bot_2',(-9.0000000,37.5000000,0.0000000));
#1186 = CARTESIAN_POINT('s7_bot_3',(-9.0000000,32.5000000,0.0000000));
#1187 = CARTESIAN_POINT('s7_top_0',(9.0000000,32.5000000,18.0000000));
#1188 = CARTESIAN_POINT('s7_top_1',(9.0000000,37.5000000,18.0000000));
#1189 = CARTESIAN_POINT('s7_top_2',(-9.0000000,37.5000000,18.0000000));
#1190 = CARTESIAN_POINT('s7_top_3',(-9.0000000,32.5000000,18.0000000));
#1191 = VERTEX_POINT('s7_bot_v0',#1183);
#1192 = VERTEX_POINT('s7_bot_v1',#1184);
#1193 = VERTEX_POINT('s7_bot_v2',#1185);
#1194 = VERTEX_POINT('s7_bot_v3',#1186);
#1195 = VERTEX_POINT('s7_top_v0',#1187);
#1196 = VERTEX_POINT('s7_top_v1',#1188);
#1197 = VERTEX_POINT('s7_top_v2',#1189);
#1198 = VERTEX_POINT('s7_top_v3',#1190);
#1199 = DIRECTION('s7_bot_e0_dir',(0.0000000,1.0000000,0.0000000));
#1200 = VECTOR('s7_bot_e0_vec',#1199,5.0000000);
#1201 = CARTESIAN_POINT('s7_bot_e0_origin',(9.0000000,32.5000000,0.0000000));
#1202 = LINE('s7_bot_e0_line',#1201,#1200);
#1203 = EDGE_CURVE('s7_bot_e0',#1191,#1192,#1202,.T.);
#1204 = DIRECTION('s7_top_e0_dir',(0.0000000,1.0000000,0.0000000));
#1205 = VECTOR('s7_top_e0_vec',#1204,5.0000000);
#1206 = CARTESIAN_POINT('s7_top_e0_origin',(9.0000000,32.5000000,18.0000000));
#1207 = LINE('s7_top_e0_line',#1206,#1205);
#1208 = EDGE_CURVE('s7_top_e0',#1195,#1196,#1207,.T.);
#1209 = DIRECTION('s7_vert_e0_dir',(0.0000000,0.0000000,1.0000000));
#1210 = VECTOR('s7_vert_e0_vec',#1209,18.0000000);
#1211 = CARTESIAN_POINT('s7_vert_e0_origin',(9.0000000,32.5000000,0.0000000));
#1212 = LINE('s7_vert_e0_line',#1211,#1210);
#1213 = EDGE_CURVE('s7_vert_e0',#1191,#1195,#1212,.T.);
#1214 = DIRECTION('s7_bot_e1_dir',(-1.0000000,0.0000000,0.0000000));
#1215 = VECTOR('s7_bot_e1_vec',#1214,18.0000000);
#1216 = CARTESIAN_POINT('s7_bot_e1_origin',(9.0000000,37.5000000,0.0000000));
#1217 = LINE('s7_bot_e1_line',#1216,#1215);
#1218 = EDGE_CURVE('s7_bot_e1',#1192,#1193,#1217,.T.);
#1219 = DIRECTION('s7_top_e1_dir',(-1.0000000,0.0000000,0.0000000));
#1220 = VECTOR('s7_top_e1_vec',#1219,18.0000000);
#1221 = CARTESIAN_POINT('s7_top_e1_origin',(9.0000000,37.5000000,18.0000000));
#1222 = LINE('s7_top_e1_line',#1221,#1220);
#1223 = EDGE_CURVE('s7_top_e1',#1196,#1197,#1222,.T.);
#1224 = DIRECTION('s7_vert_e1_dir',(0.0000000,0.0000000,1.0000000));
#1225 = VECTOR('s7_vert_e1_vec',#1224,18.0000000);
#1226 = CARTESIAN_POINT('s7_vert_e1_origin',(9.0000000,37.5000000,0.0000000));
#1227 = LINE('s7_vert_e1_line',#1226,#1225);
#1228 = EDGE_CURVE('s7_vert_e1',#1192,#1196,#1227,.T.);
#1229 = DIRECTION('s7_bot_e2_dir',(0.0000000,-1.0000000,0.0000000));
#1230 = VECTOR('s7_bot_e2_vec',#1229,5.0000000);
#1231 = CARTESIAN_POINT('s7_bot_e2_origin',(-9.0000000,37.5000000,0.0000000));
#1232 = LINE('s7_bot_e2_line',#1231,#1230);
#1233 = EDGE_CURVE('s7_bot_e2',#1193,#1194,#1232,.T.);
#1234 = DIRECTION('s7_top_e2_dir',(0.0000000,-1.0000000,0.0000000));
#1235 = VECTOR('s7_top_e2_vec',#1234,5.0000000);
#1236 = CARTESIAN_POINT('s7_top_e2_origin',(-9.0000000,37.5000000,18.0000000));
#1237 = LINE('s7_top_e2_line',#1236,#1235);
#1238 = EDGE_CURVE('s7_top_e2',#1197,#1198,#1237,.T.);
#1239 = DIRECTION('s7_vert_e2_dir',(0.0000000,0.0000000,1.0000000));
#1240 = VECTOR('s7_vert_e2_vec',#1239,18.0000000);
#1241 = CARTESIAN_POINT('s7_vert_e2_origin',(-9.0000000,37.5000000,0.0000000));
#1242 = LINE('s7_vert_e2_line',#1241,#1240);
#1243 = EDGE_CURVE('s7_vert_e2',#1193,#1197,#1242,.T.);
#1244 = DIRECTION('s7_bot_e3_dir',(1.0000000,0.0000000,0.0000000));
#1245 = VECTOR('s7_bot_e3_vec',#1244,18.0000000);
#1246 = CARTESIAN_POINT('s7_bot_e3_origin',(-9.0000000,32.5000000,0.0000000));
#1247 = LINE('s7_bot_e3_line',#1246,#1245);
#1248 = EDGE_CURVE('s7_bot_e3',#1194,#1191,#1247,.T.);
#1249 = DIRECTION('s7_top_e3_dir',(1.0000000,0.0000000,0.0000000));
#1250 = VECTOR('s7_top_e3_vec',#1249,18.0000000);
#1251 = CARTESIAN_POINT('s7_top_e3_origin',(-9.0000000,32.5000000,18.0000000));
#1252 = LINE('s7_top_e3_line',#1251,#1250);
#1253 = EDGE_CURVE('s7_top_e3',#1198,#1195,#1252,.T.);
#1254 = DIRECTION('s7_vert_e3_dir',(0.0000000,0.0000000,1.0000000));
#1255 = VECTOR('s7_vert_e3_vec',#1254,18.0000000);
#1256 = CARTESIAN_POINT('s7_vert_e3_origin',(-9.0000000,32.5000000,0.0000000));
#1257 = LINE('s7_vert_e3_line',#1256,#1255);
#1258 = EDGE_CURVE('s7_vert_e3',#1194,#1198,#1257,.T.);
#1259 = ORIENTED_EDGE('',*,*,#1248,.F.);
#1260 = ORIENTED_EDGE('',*,*,#1233,.F.);
#1261 = ORIENTED_EDGE('',*,*,#1218,.F.);
#1262 = ORIENTED_EDGE('',*,*,#1203,.F.);
#1263 = EDGE_LOOP('s7_bottom_loop',(#1259,#1260,#1261,#1262));
#1264 = FACE_OUTER_BOUND('',#1263,.T.);
#1265 = CARTESIAN_POINT('s7_bottom_plane_loc',(0.0000000,0.0000000,0.0000000));
#1266 = DIRECTION('s7_bottom_plane_axis',(0.0000000,0.0000000,-1.0000000));
#1267 = DIRECTION('s7_bottom_plane_ref',(1.0000000,0.0000000,0.0000000));
#1268 = AXIS2_PLACEMENT_3D('s7_bottom_plane_place',#1265,#1266,#1267);
#1269 = PLANE('s7_bottom_plane',#1268);
#1270 = ADVANCED_FACE('s7_bottom_face',(#1264),#1269,.T.);
#1271 = ORIENTED_EDGE('',*,*,#1208,.T.);
#1272 = ORIENTED_EDGE('',*,*,#1223,.T.);
#1273 = ORIENTED_EDGE('',*,*,#1238,.T.);
#1274 = ORIENTED_EDGE('',*,*,#1253,.T.);
#1275 = EDGE_LOOP('s7_top_loop',(#1271,#1272,#1273,#1274));
#1276 = FACE_OUTER_BOUND('',#1275,.T.);
#1277 = CARTESIAN_POINT('s7_top_plane_loc',(0.0000000,0.0000000,18.0000000));
#1278 = DIRECTION('s7_top_plane_axis',(0.0000000,0.0000000,1.0000000));
#1279 = DIRECTION('s7_top_plane_ref',(1.0000000,0.0000000,0.0000000));
#1280 = AXIS2_PLACEMENT_3D('s7_top_plane_place',#1277,#1278,#1279);
#1281 = PLANE('s7_top_plane',#1280);
#1282 = ADVANCED_FACE('s7_top_face',(#1276),#1281,.T.);
#1283 = ORIENTED_EDGE('',*,*,#1203,.T.);
#1284 = ORIENTED_EDGE('',*,*,#1228,.T.);
#1285 = ORIENTED_EDGE('',*,*,#1208,.F.);
#1286 = ORIENTED_EDGE('',*,*,#1213,.F.);
#1287 = EDGE_LOOP('s7_side_loop_0',(#1283,#1284,#1285,#1286));
#1288 = FACE_OUTER_BOUND('',#1287,.T.);
#1289 = CARTESIAN_POINT('s7_side_plane_0_loc',(9.0000000,35.0000000,0.0000000));
#1290 = DIRECTION('s7_side_plane_0_axis',(1.0000000,0.0000000,0.0000000));
#1291 = DIRECTION('s7_side_plane_0_ref',(0.0000000,1.0000000,0.0000000));
#1292 = AXIS2_PLACEMENT_3D('s7_side_plane_0_place',#1289,#1290,#1291);
#1293 = PLANE('s7_side_plane_0',#1292);
#1294 = ADVANCED_FACE('s7_side_face_0',(#1288),#1293,.T.);
#1295 = ORIENTED_EDGE('',*,*,#1218,.T.);
#1296 = ORIENTED_EDGE('',*,*,#1243,.T.);
#1297 = ORIENTED_EDGE('',*,*,#1223,.F.);
#1298 = ORIENTED_EDGE('',*,*,#1228,.F.);
#1299 = EDGE_LOOP('s7_side_loop_1',(#1295,#1296,#1297,#1298));
#1300 = FACE_OUTER_BOUND('',#1299,.T.);
#1301 = CARTESIAN_POINT('s7_side_plane_1_loc',(0.0000000,37.5000000,0.0000000));
#1302 = DIRECTION('s7_side_plane_1_axis',(0.0000000,1.0000000,0.0000000));
#1303 = DIRECTION('s7_side_plane_1_ref',(-1.0000000,0.0000000,0.0000000));
#1304 = AXIS2_PLACEMENT_3D('s7_side_plane_1_place',#1301,#1302,#1303);
#1305 = PLANE('s7_side_plane_1',#1304);
#1306 = ADVANCED_FACE('s7_side_face_1',(#1300),#1305,.T.);
#1307 = ORIENTED_EDGE('',*,*,#1233,.T.);
#1308 = ORIENTED_EDGE('',*,*,#1258,.T.);
#1309 = ORIENTED_EDGE('',*,*,#1238,.F.);
#1310 = ORIENTED_EDGE('',*,*,#1243,.F.);
#1311 = EDGE_LOOP('s7_side_loop_2',(#1307,#1308,#1309,#1310));
#1312 = FACE_OUTER_BOUND('',#1311,.T.);
#1313 = CARTESIAN_POINT('s7_side_plane_2_loc',(-9.0000000,35.0000000,0.0000000));
#1314 = DIRECTION('s7_side_plane_2_axis',(-1.0000000,0.0000000,0.0000000));
#1315 = DIRECTION('s7_side_plane_2_ref',(0.0000000,-1.0000000,0.0000000));
#1316 = AXIS2_PLACEMENT_3D('s7_side_plane_2_place',#1313,#1314,#1315);
#1317 = PLANE('s7_side_plane_2',#1316);
#1318 = ADVANCED_FACE('s7_side_face_2',(#1312),#1317,.T.);
#1319 = ORIENTED_EDGE('',*,*,#1248,.T.);
#1320 = ORIENTED_EDGE('',*,*,#1213,.T.);
#1321 = ORIENTED_EDGE('',*,*,#1253,.F.);
#1322 = ORIENTED_EDGE('',*,*,#1258,.F.);
#1323 = EDGE_LOOP('s7_side_loop_3',(#1319,#1320,#1321,#1322));
#1324 = FACE_OUTER_BOUND('',#1323,.T.);
#1325 = CARTESIAN_POINT('s7_side_plane_3_loc',(0.0000000,32.5000000,0.0000000));
#1326 = DIRECTION('s7_side_plane_3_axis',(0.0000000,-1.0000000,0.0000000));
#1327 = DIRECTION('s7_side_plane_3_ref',(1.0000000,0.0000000,0.0000000));
#1328 = AXIS2_PLACEMENT_3D('s7_side_plane_3_place',#1325,#1326,#1327);
#1329 = PLANE('s7_side_plane_3',#1328);
#1330 = ADVANCED_FACE('s7_side_face_3',(#1324),#1329,.T.);
#1331 = CLOSED_SHELL('Blade7_shell',(#1270,#1282,#1294,#1306,#1318,#1330));
#1332 = MANIFOLD_SOLID_BREP('Blade7_solid',#1331);
#1333 = CARTESIAN_POINT('s8_bot_0',(0.2817135,33.7219608,0.0000000));
#1334 = CARTESIAN_POINT('s8_bot_1',(-1.0123818,38.5515899,0.0000000));
#1335 = CARTESIAN_POINT('s8_bot_2',(-18.3990466,33.8928471,0.0000000));
#1336 = CARTESIAN_POINT('s8_bot_3',(-17.1049514,29.0632179,0.0000000));
#1337 = CARTESIAN_POINT('s8_top_0',(0.2817135,33.7219608,18.0000000));
#1338 = CARTESIAN_POINT('s8_top_1',(-1.0123818,38.5515899,18.0000000));
#1339 = CARTESIAN_POINT('s8_top_2',(-18.3990466,33.8928471,18.0000000));
#1340 = CARTESIAN_POINT('s8_top_3',(-17.1049514,29.0632179,18.0000000));
#1341 = VERTEX_POINT('s8_bot_v0',#1333);
#1342 = VERTEX_POINT('s8_bot_v1',#1334);
#1343 = VERTEX_POINT('s8_bot_v2',#1335);
#1344 = VERTEX_POINT('s8_bot_v3',#1336);
#1345 = VERTEX_POINT('s8_top_v0',#1337);
#1346 = VERTEX_POINT('s8_top_v1',#1338);
#1347 = VERTEX_POINT('s8_top_v2',#1339);
#1348 = VERTEX_POINT('s8_top_v3',#1340);
#1349 = DIRECTION('s8_bot_e0_dir',(-0.2588190,0.9659258,0.0000000));
#1350 = VECTOR('s8_bot_e0_vec',#1349,5.0000000);
#1351 = CARTESIAN_POINT('s8_bot_e0_origin',(0.2817135,33.7219608,0.0000000));
#1352 = LINE('s8_bot_e0_line',#1351,#1350);
#1353 = EDGE_CURVE('s8_bot_e0',#1341,#1342,#1352,.T.);
#1354 = DIRECTION('s8_top_e0_dir',(-0.2588190,0.9659258,0.0000000));
#1355 = VECTOR('s8_top_e0_vec',#1354,5.0000000);
#1356 = CARTESIAN_POINT('s8_top_e0_origin',(0.2817135,33.7219608,18.0000000));
#1357 = LINE('s8_top_e0_line',#1356,#1355);
#1358 = EDGE_CURVE('s8_top_e0',#1345,#1346,#1357,.T.);
#1359 = DIRECTION('s8_vert_e0_dir',(0.0000000,0.0000000,1.0000000));
#1360 = VECTOR('s8_vert_e0_vec',#1359,18.0000000);
#1361 = CARTESIAN_POINT('s8_vert_e0_origin',(0.2817135,33.7219608,0.0000000));
#1362 = LINE('s8_vert_e0_line',#1361,#1360);
#1363 = EDGE_CURVE('s8_vert_e0',#1341,#1345,#1362,.T.);
#1364 = DIRECTION('s8_bot_e1_dir',(-0.9659258,-0.2588190,0.0000000));
#1365 = VECTOR('s8_bot_e1_vec',#1364,18.0000000);
#1366 = CARTESIAN_POINT('s8_bot_e1_origin',(-1.0123818,38.5515899,0.0000000));
#1367 = LINE('s8_bot_e1_line',#1366,#1365);
#1368 = EDGE_CURVE('s8_bot_e1',#1342,#1343,#1367,.T.);
#1369 = DIRECTION('s8_top_e1_dir',(-0.9659258,-0.2588190,0.0000000));
#1370 = VECTOR('s8_top_e1_vec',#1369,18.0000000);
#1371 = CARTESIAN_POINT('s8_top_e1_origin',(-1.0123818,38.5515899,18.0000000));
#1372 = LINE('s8_top_e1_line',#1371,#1370);
#1373 = EDGE_CURVE('s8_top_e1',#1346,#1347,#1372,.T.);
#1374 = DIRECTION('s8_vert_e1_dir',(0.0000000,0.0000000,1.0000000));
#1375 = VECTOR('s8_vert_e1_vec',#1374,18.0000000);
#1376 = CARTESIAN_POINT('s8_vert_e1_origin',(-1.0123818,38.5515899,0.0000000));
#1377 = LINE('s8_vert_e1_line',#1376,#1375);
#1378 = EDGE_CURVE('s8_vert_e1',#1342,#1346,#1377,.T.);
#1379 = DIRECTION('s8_bot_e2_dir',(0.2588190,-0.9659258,0.0000000));
#1380 = VECTOR('s8_bot_e2_vec',#1379,5.0000000);
#1381 = CARTESIAN_POINT('s8_bot_e2_origin',(-18.3990466,33.8928471,0.0000000));
#1382 = LINE('s8_bot_e2_line',#1381,#1380);
#1383 = EDGE_CURVE('s8_bot_e2',#1343,#1344,#1382,.T.);
#1384 = DIRECTION('s8_top_e2_dir',(0.2588190,-0.9659258,0.0000000));
#1385 = VECTOR('s8_top_e2_vec',#1384,5.0000000);
#1386 = CARTESIAN_POINT('s8_top_e2_origin',(-18.3990466,33.8928471,18.0000000));
#1387 = LINE('s8_top_e2_line',#1386,#1385);
#1388 = EDGE_CURVE('s8_top_e2',#1347,#1348,#1387,.T.);
#1389 = DIRECTION('s8_vert_e2_dir',(0.0000000,0.0000000,1.0000000));
#1390 = VECTOR('s8_vert_e2_vec',#1389,18.0000000);
#1391 = CARTESIAN_POINT('s8_vert_e2_origin',(-18.3990466,33.8928471,0.0000000));
#1392 = LINE('s8_vert_e2_line',#1391,#1390);
#1393 = EDGE_CURVE('s8_vert_e2',#1343,#1347,#1392,.T.);
#1394 = DIRECTION('s8_bot_e3_dir',(0.9659258,0.2588190,0.0000000));
#1395 = VECTOR('s8_bot_e3_vec',#1394,18.0000000);
#1396 = CARTESIAN_POINT('s8_bot_e3_origin',(-17.1049514,29.0632179,0.0000000));
#1397 = LINE('s8_bot_e3_line',#1396,#1395);
#1398 = EDGE_CURVE('s8_bot_e3',#1344,#1341,#1397,.T.);
#1399 = DIRECTION('s8_top_e3_dir',(0.9659258,0.2588190,0.0000000));
#1400 = VECTOR('s8_top_e3_vec',#1399,18.0000000);
#1401 = CARTESIAN_POINT('s8_top_e3_origin',(-17.1049514,29.0632179,18.0000000));
#1402 = LINE('s8_top_e3_line',#1401,#1400);
#1403 = EDGE_CURVE('s8_top_e3',#1348,#1345,#1402,.T.);
#1404 = DIRECTION('s8_vert_e3_dir',(0.0000000,0.0000000,1.0000000));
#1405 = VECTOR('s8_vert_e3_vec',#1404,18.0000000);
#1406 = CARTESIAN_POINT('s8_vert_e3_origin',(-17.1049514,29.0632179,0.0000000));
#1407 = LINE('s8_vert_e3_line',#1406,#1405);
#1408 = EDGE_CURVE('s8_vert_e3',#1344,#1348,#1407,.T.);
#1409 = ORIENTED_EDGE('',*,*,#1398,.F.);
#1410 = ORIENTED_EDGE('',*,*,#1383,.F.);
#1411 = ORIENTED_EDGE('',*,*,#1368,.F.);
#1412 = ORIENTED_EDGE('',*,*,#1353,.F.);
#1413 = EDGE_LOOP('s8_bottom_loop',(#1409,#1410,#1411,#1412));
#1414 = FACE_OUTER_BOUND('',#1413,.T.);
#1415 = CARTESIAN_POINT('s8_bottom_plane_loc',(0.0000000,0.0000000,0.0000000));
#1416 = DIRECTION('s8_bottom_plane_axis',(0.0000000,0.0000000,-1.0000000));
#1417 = DIRECTION('s8_bottom_plane_ref',(1.0000000,0.0000000,0.0000000));
#1418 = AXIS2_PLACEMENT_3D('s8_bottom_plane_place',#1415,#1416,#1417);
#1419 = PLANE('s8_bottom_plane',#1418);
#1420 = ADVANCED_FACE('s8_bottom_face',(#1414),#1419,.T.);
#1421 = ORIENTED_EDGE('',*,*,#1358,.T.);
#1422 = ORIENTED_EDGE('',*,*,#1373,.T.);
#1423 = ORIENTED_EDGE('',*,*,#1388,.T.);
#1424 = ORIENTED_EDGE('',*,*,#1403,.T.);
#1425 = EDGE_LOOP('s8_top_loop',(#1421,#1422,#1423,#1424));
#1426 = FACE_OUTER_BOUND('',#1425,.T.);
#1427 = CARTESIAN_POINT('s8_top_plane_loc',(0.0000000,0.0000000,18.0000000));
#1428 = DIRECTION('s8_top_plane_axis',(0.0000000,0.0000000,1.0000000));
#1429 = DIRECTION('s8_top_plane_ref',(1.0000000,0.0000000,0.0000000));
#1430 = AXIS2_PLACEMENT_3D('s8_top_plane_place',#1427,#1428,#1429);
#1431 = PLANE('s8_top_plane',#1430);
#1432 = ADVANCED_FACE('s8_top_face',(#1426),#1431,.T.);
#1433 = ORIENTED_EDGE('',*,*,#1353,.T.);
#1434 = ORIENTED_EDGE('',*,*,#1378,.T.);
#1435 = ORIENTED_EDGE('',*,*,#1358,.F.);
#1436 = ORIENTED_EDGE('',*,*,#1363,.F.);
#1437 = EDGE_LOOP('s8_side_loop_0',(#1433,#1434,#1435,#1436));
#1438 = FACE_OUTER_BOUND('',#1437,.T.);
#1439 = CARTESIAN_POINT('s8_side_plane_0_loc',(-0.3653341,36.1367753,0.0000000));
#1440 = DIRECTION('s8_side_plane_0_axis',(0.9659258,0.2588190,0.0000000));
#1441 = DIRECTION('s8_side_plane_0_ref',(-0.2588190,0.9659258,0.0000000));
#1442 = AXIS2_PLACEMENT_3D('s8_side_plane_0_place',#1439,#1440,#1441);
#1443 = PLANE('s8_side_plane_0',#1442);
#1444 = ADVANCED_FACE('s8_side_face_0',(#1438),#1443,.T.);
#1445 = ORIENTED_EDGE('',*,*,#1368,.T.);
#1446 = ORIENTED_EDGE('',*,*,#1393,.T.);
#1447 = ORIENTED_EDGE('',*,*,#1373,.F.);
#1448 = ORIENTED_EDGE('',*,*,#1378,.F.);
#1449 = EDGE_LOOP('s8_side_loop_1',(#1445,#1446,#1447,#1448));
#1450 = FACE_OUTER_BOUND('',#1449,.T.);
#1451 = CARTESIAN_POINT('s8_side_plane_1_loc',(-9.7057142,36.2222185,0.0000000));
#1452 = DIRECTION('s8_side_plane_1_axis',(-0.2588190,0.9659258,0.0000000));
#1453 = DIRECTION('s8_side_plane_1_ref',(-0.9659258,-0.2588190,0.0000000));
#1454 = AXIS2_PLACEMENT_3D('s8_side_plane_1_place',#1451,#1452,#1453);
#1455 = PLANE('s8_side_plane_1',#1454);
#1456 = ADVANCED_FACE('s8_side_face_1',(#1450),#1455,.T.);
#1457 = ORIENTED_EDGE('',*,*,#1383,.T.);
#1458 = ORIENTED_EDGE('',*,*,#1408,.T.);
#1459 = ORIENTED_EDGE('',*,*,#1388,.F.);
#1460 = ORIENTED_EDGE('',*,*,#1393,.F.);
#1461 = EDGE_LOOP('s8_side_loop_2',(#1457,#1458,#1459,#1460));
#1462 = FACE_OUTER_BOUND('',#1461,.T.);
#1463 = CARTESIAN_POINT('s8_side_plane_2_loc',(-17.7519990,31.4780325,0.0000000));
#1464 = DIRECTION('s8_side_plane_2_axis',(-0.9659258,-0.2588190,0.0000000));
#1465 = DIRECTION('s8_side_plane_2_ref',(0.2588190,-0.9659258,0.0000000));
#1466 = AXIS2_PLACEMENT_3D('s8_side_plane_2_place',#1463,#1464,#1465);
#1467 = PLANE('s8_side_plane_2',#1466);
#1468 = ADVANCED_FACE('s8_side_face_2',(#1462),#1467,.T.);
#1469 = ORIENTED_EDGE('',*,*,#1398,.T.);
#1470 = ORIENTED_EDGE('',*,*,#1363,.T.);
#1471 = ORIENTED_EDGE('',*,*,#1403,.F.);
#1472 = ORIENTED_EDGE('',*,*,#1408,.F.);
#1473 = EDGE_LOOP('s8_side_loop_3',(#1469,#1470,#1471,#1472));
#1474 = FACE_OUTER_BOUND('',#1473,.T.);
#1475 = CARTESIAN_POINT('s8_side_plane_3_loc',(-8.4116190,31.3925894,0.0000000));
#1476 = DIRECTION('s8_side_plane_3_axis',(0.2588190,-0.9659258,0.0000000));
#1477 = DIRECTION('s8_side_plane_3_ref',(0.9659258,0.2588190,0.0000000));
#1478 = AXIS2_PLACEMENT_3D('s8_side_plane_3_place',#1475,#1476,#1477);
#1479 = PLANE('s8_side_plane_3',#1478);
#1480 = ADVANCED_FACE('s8_side_face_3',(#1474),#1479,.T.);
#1481 = CLOSED_SHELL('Blade8_shell',(#1420,#1432,#1444,#1456,#1468,#1480));
#1482 = MANIFOLD_SOLID_BREP('Blade8_solid',#1481);
#1483 = CARTESIAN_POINT('s9_bot_0',(-8.4557714,32.6458256,0.0000000));
#1484 = CARTESIAN_POINT('s9_bot_1',(-10.9557714,36.9759526,0.0000000));
#1485 = CARTESIAN_POINT('s9_bot_2',(-26.5442286,27.9759526,0.0000000));
#1486 = CARTESIAN_POINT('s9_bot_3',(-24.0442286,23.6458256,0.0000000));
#1487 = CARTESIAN_POINT('s9_top_0',(-8.4557714,32.6458256,18.0000000));
#1488 = CARTESIAN_POINT('s9_top_1',(-10.9557714,36.9759526,18.0000000));
#1489 = CARTESIAN_POINT('s9_top_2',(-26.5442286,27.9759526,18.0000000));
#1490 = CARTESIAN_POINT('s9_top_3',(-24.0442286,23.6458256,18.0000000));
#1491 = VERTEX_POINT('s9_bot_v0',#1483);
#1492 = VERTEX_POINT('s9_bot_v1',#1484);
#1493 = VERTEX_POINT('s9_bot_v2',#1485);
#1494 = VERTEX_POINT('s9_bot_v3',#1486);
#1495 = VERTEX_POINT('s9_top_v0',#1487);
#1496 = VERTEX_POINT('s9_top_v1',#1488);
#1497 = VERTEX_POINT('s9_top_v2',#1489);
#1498 = VERTEX_POINT('s9_top_v3',#1490);
#1499 = DIRECTION('s9_bot_e0_dir',(-0.5000000,0.8660254,0.0000000));
#1500 = VECTOR('s9_bot_e0_vec',#1499,5.0000000);
#1501 = CARTESIAN_POINT('s9_bot_e0_origin',(-8.4557714,32.6458256,0.0000000));
#1502 = LINE('s9_bot_e0_line',#1501,#1500);
#1503 = EDGE_CURVE('s9_bot_e0',#1491,#1492,#1502,.T.);
#1504 = DIRECTION('s9_top_e0_dir',(-0.5000000,0.8660254,0.0000000));
#1505 = VECTOR('s9_top_e0_vec',#1504,5.0000000);
#1506 = CARTESIAN_POINT('s9_top_e0_origin',(-8.4557714,32.6458256,18.0000000));
#1507 = LINE('s9_top_e0_line',#1506,#1505);
#1508 = EDGE_CURVE('s9_top_e0',#1495,#1496,#1507,.T.);
#1509 = DIRECTION('s9_vert_e0_dir',(0.0000000,0.0000000,1.0000000));
#1510 = VECTOR('s9_vert_e0_vec',#1509,18.0000000);
#1511 = CARTESIAN_POINT('s9_vert_e0_origin',(-8.4557714,32.6458256,0.0000000));
#1512 = LINE('s9_vert_e0_line',#1511,#1510);
#1513 = EDGE_CURVE('s9_vert_e0',#1491,#1495,#1512,.T.);
#1514 = DIRECTION('s9_bot_e1_dir',(-0.8660254,-0.5000000,0.0000000));
#1515 = VECTOR('s9_bot_e1_vec',#1514,18.0000000);
#1516 = CARTESIAN_POINT('s9_bot_e1_origin',(-10.9557714,36.9759526,0.0000000));
#1517 = LINE('s9_bot_e1_line',#1516,#1515);
#1518 = EDGE_CURVE('s9_bot_e1',#1492,#1493,#1517,.T.);
#1519 = DIRECTION('s9_top_e1_dir',(-0.8660254,-0.5000000,0.0000000));
#1520 = VECTOR('s9_top_e1_vec',#1519,18.0000000);
#1521 = CARTESIAN_POINT('s9_top_e1_origin',(-10.9557714,36.9759526,18.0000000));
#1522 = LINE('s9_top_e1_line',#1521,#1520);
#1523 = EDGE_CURVE('s9_top_e1',#1496,#1497,#1522,.T.);
#1524 = DIRECTION('s9_vert_e1_dir',(0.0000000,0.0000000,1.0000000));
#1525 = VECTOR('s9_vert_e1_vec',#1524,18.0000000);
#1526 = CARTESIAN_POINT('s9_vert_e1_origin',(-10.9557714,36.9759526,0.0000000));
#1527 = LINE('s9_vert_e1_line',#1526,#1525);
#1528 = EDGE_CURVE('s9_vert_e1',#1492,#1496,#1527,.T.);
#1529 = DIRECTION('s9_bot_e2_dir',(0.5000000,-0.8660254,0.0000000));
#1530 = VECTOR('s9_bot_e2_vec',#1529,5.0000000);
#1531 = CARTESIAN_POINT('s9_bot_e2_origin',(-26.5442286,27.9759526,0.0000000));
#1532 = LINE('s9_bot_e2_line',#1531,#1530);
#1533 = EDGE_CURVE('s9_bot_e2',#1493,#1494,#1532,.T.);
#1534 = DIRECTION('s9_top_e2_dir',(0.5000000,-0.8660254,0.0000000));
#1535 = VECTOR('s9_top_e2_vec',#1534,5.0000000);
#1536 = CARTESIAN_POINT('s9_top_e2_origin',(-26.5442286,27.9759526,18.0000000));
#1537 = LINE('s9_top_e2_line',#1536,#1535);
#1538 = EDGE_CURVE('s9_top_e2',#1497,#1498,#1537,.T.);
#1539 = DIRECTION('s9_vert_e2_dir',(0.0000000,0.0000000,1.0000000));
#1540 = VECTOR('s9_vert_e2_vec',#1539,18.0000000);
#1541 = CARTESIAN_POINT('s9_vert_e2_origin',(-26.5442286,27.9759526,0.0000000));
#1542 = LINE('s9_vert_e2_line',#1541,#1540);
#1543 = EDGE_CURVE('s9_vert_e2',#1493,#1497,#1542,.T.);
#1544 = DIRECTION('s9_bot_e3_dir',(0.8660254,0.5000000,0.0000000));
#1545 = VECTOR('s9_bot_e3_vec',#1544,18.0000000);
#1546 = CARTESIAN_POINT('s9_bot_e3_origin',(-24.0442286,23.6458256,0.0000000));
#1547 = LINE('s9_bot_e3_line',#1546,#1545);
#1548 = EDGE_CURVE('s9_bot_e3',#1494,#1491,#1547,.T.);
#1549 = DIRECTION('s9_top_e3_dir',(0.8660254,0.5000000,0.0000000));
#1550 = VECTOR('s9_top_e3_vec',#1549,18.0000000);
#1551 = CARTESIAN_POINT('s9_top_e3_origin',(-24.0442286,23.6458256,18.0000000));
#1552 = LINE('s9_top_e3_line',#1551,#1550);
#1553 = EDGE_CURVE('s9_top_e3',#1498,#1495,#1552,.T.);
#1554 = DIRECTION('s9_vert_e3_dir',(0.0000000,0.0000000,1.0000000));
#1555 = VECTOR('s9_vert_e3_vec',#1554,18.0000000);
#1556 = CARTESIAN_POINT('s9_vert_e3_origin',(-24.0442286,23.6458256,0.0000000));
#1557 = LINE('s9_vert_e3_line',#1556,#1555);
#1558 = EDGE_CURVE('s9_vert_e3',#1494,#1498,#1557,.T.);
#1559 = ORIENTED_EDGE('',*,*,#1548,.F.);
#1560 = ORIENTED_EDGE('',*,*,#1533,.F.);
#1561 = ORIENTED_EDGE('',*,*,#1518,.F.);
#1562 = ORIENTED_EDGE('',*,*,#1503,.F.);
#1563 = EDGE_LOOP('s9_bottom_loop',(#1559,#1560,#1561,#1562));
#1564 = FACE_OUTER_BOUND('',#1563,.T.);
#1565 = CARTESIAN_POINT('s9_bottom_plane_loc',(0.0000000,0.0000000,0.0000000));
#1566 = DIRECTION('s9_bottom_plane_axis',(0.0000000,0.0000000,-1.0000000));
#1567 = DIRECTION('s9_bottom_plane_ref',(1.0000000,0.0000000,0.0000000));
#1568 = AXIS2_PLACEMENT_3D('s9_bottom_plane_place',#1565,#1566,#1567);
#1569 = PLANE('s9_bottom_plane',#1568);
#1570 = ADVANCED_FACE('s9_bottom_face',(#1564),#1569,.T.);
#1571 = ORIENTED_EDGE('',*,*,#1508,.T.);
#1572 = ORIENTED_EDGE('',*,*,#1523,.T.);
#1573 = ORIENTED_EDGE('',*,*,#1538,.T.);
#1574 = ORIENTED_EDGE('',*,*,#1553,.T.);
#1575 = EDGE_LOOP('s9_top_loop',(#1571,#1572,#1573,#1574));
#1576 = FACE_OUTER_BOUND('',#1575,.T.);
#1577 = CARTESIAN_POINT('s9_top_plane_loc',(0.0000000,0.0000000,18.0000000));
#1578 = DIRECTION('s9_top_plane_axis',(0.0000000,0.0000000,1.0000000));
#1579 = DIRECTION('s9_top_plane_ref',(1.0000000,0.0000000,0.0000000));
#1580 = AXIS2_PLACEMENT_3D('s9_top_plane_place',#1577,#1578,#1579);
#1581 = PLANE('s9_top_plane',#1580);
#1582 = ADVANCED_FACE('s9_top_face',(#1576),#1581,.T.);
#1583 = ORIENTED_EDGE('',*,*,#1503,.T.);
#1584 = ORIENTED_EDGE('',*,*,#1528,.T.);
#1585 = ORIENTED_EDGE('',*,*,#1508,.F.);
#1586 = ORIENTED_EDGE('',*,*,#1513,.F.);
#1587 = EDGE_LOOP('s9_side_loop_0',(#1583,#1584,#1585,#1586));
#1588 = FACE_OUTER_BOUND('',#1587,.T.);
#1589 = CARTESIAN_POINT('s9_side_plane_0_loc',(-9.7057714,34.8108891,0.0000000));
#1590 = DIRECTION('s9_side_plane_0_axis',(0.8660254,0.5000000,0.0000000));
#1591 = DIRECTION('s9_side_plane_0_ref',(-0.5000000,0.8660254,0.0000000));
#1592 = AXIS2_PLACEMENT_3D('s9_side_plane_0_place',#1589,#1590,#1591);
#1593 = PLANE('s9_side_plane_0',#1592);
#1594 = ADVANCED_FACE('s9_side_face_0',(#1588),#1593,.T.);
#1595 = ORIENTED_EDGE('',*,*,#1518,.T.);
#1596 = ORIENTED_EDGE('',*,*,#1543,.T.);
#1597 = ORIENTED_EDGE('',*,*,#1523,.F.);
#1598 = ORIENTED_EDGE('',*,*,#1528,.F.);
#1599 = EDGE_LOOP('s9_side_loop_1',(#1595,#1596,#1597,#1598));
#1600 = FACE_OUTER_BOUND('',#1599,.T.);
#1601 = CARTESIAN_POINT('s9_side_plane_1_loc',(-18.7500000,32.4759526,0.0000000));
#1602 = DIRECTION('s9_side_plane_1_axis',(-0.5000000,0.8660254,0.0000000));
#1603 = DIRECTION('s9_side_plane_1_ref',(-0.8660254,-0.5000000,0.0000000));
#1604 = AXIS2_PLACEMENT_3D('s9_side_plane_1_place',#1601,#1602,#1603);
#1605 = PLANE('s9_side_plane_1',#1604);
#1606 = ADVANCED_FACE('s9_side_face_1',(#1600),#1605,.T.);
#1607 = ORIENTED_EDGE('',*,*,#1533,.T.);
#1608 = ORIENTED_EDGE('',*,*,#1558,.T.);
#1609 = ORIENTED_EDGE('',*,*,#1538,.F.);
#1610 = ORIENTED_EDGE('',*,*,#1543,.F.);
#1611 = EDGE_LOOP('s9_side_loop_2',(#1607,#1608,#1609,#1610));
#1612 = FACE_OUTER_BOUND('',#1611,.T.);
#1613 = CARTESIAN_POINT('s9_side_plane_2_loc',(-25.2942286,25.8108891,0.0000000));
#1614 = DIRECTION('s9_side_plane_2_axis',(-0.8660254,-0.5000000,0.0000000));
#1615 = DIRECTION('s9_side_plane_2_ref',(0.5000000,-0.8660254,0.0000000));
#1616 = AXIS2_PLACEMENT_3D('s9_side_plane_2_place',#1613,#1614,#1615);
#1617 = PLANE('s9_side_plane_2',#1616);
#1618 = ADVANCED_FACE('s9_side_face_2',(#1612),#1617,.T.);
#1619 = ORIENTED_EDGE('',*,*,#1548,.T.);
#1620 = ORIENTED_EDGE('',*,*,#1513,.T.);
#1621 = ORIENTED_EDGE('',*,*,#1553,.F.);
#1622 = ORIENTED_EDGE('',*,*,#1558,.F.);
#1623 = EDGE_LOOP('s9_side_loop_3',(#1619,#1620,#1621,#1622));
#1624 = FACE_OUTER_BOUND('',#1623,.T.);
#1625 = CARTESIAN_POINT('s9_side_plane_3_loc',(-16.2500000,28.1458256,0.0000000));
#1626 = DIRECTION('s9_side_plane_3_axis',(0.5000000,-0.8660254,0.0000000));
#1627 = DIRECTION('s9_side_plane_3_ref',(0.8660254,0.5000000,0.0000000));
#1628 = AXIS2_PLACEMENT_3D('s9_side_plane_3_place',#1625,#1626,#1627);
#1629 = PLANE('s9_side_plane_3',#1628);
#1630 = ADVANCED_FACE('s9_side_face_3',(#1624),#1629,.T.);
#1631 = CLOSED_SHELL('Blade9_shell',(#1570,#1582,#1594,#1606,#1618,#1630));
#1632 = MANIFOLD_SOLID_BREP('Blade9_solid',#1631);
#1633 = CARTESIAN_POINT('s10_bot_0',(-16.6170094,29.3449314,0.0000000));
#1634 = CARTESIAN_POINT('s10_bot_1',(-20.1525433,32.8804653,0.0000000));
#1635 = CARTESIAN_POINT('s10_bot_2',(-32.8804653,20.1525433,0.0000000));
#1636 = CARTESIAN_POINT('s10_bot_3',(-29.3449314,16.6170094,0.0000000));
#1637 = CARTESIAN_POINT('s10_top_0',(-16.6170094,29.3449314,18.0000000));
#1638 = CARTESIAN_POINT('s10_top_1',(-20.1525433,32.8804653,18.0000000));
#1639 = CARTESIAN_POINT('s10_top_2',(-32.8804653,20.1525433,18.0000000));
#1640 = CARTESIAN_POINT('s10_top_3',(-29.3449314,16.6170094,18.0000000));
#1641 = VERTEX_POINT('s10_bot_v0',#1633);
#1642 = VERTEX_POINT('s10_bot_v1',#1634);
#1643 = VERTEX_POINT('s10_bot_v2',#1635);
#1644 = VERTEX_POINT('s10_bot_v3',#1636);
#1645 = VERTEX_POINT('s10_top_v0',#1637);
#1646 = VERTEX_POINT('s10_top_v1',#1638);
#1647 = VERTEX_POINT('s10_top_v2',#1639);
#1648 = VERTEX_POINT('s10_top_v3',#1640);
#1649 = DIRECTION('s10_bot_e0_dir',(-0.7071068,0.7071068,0.0000000));
#1650 = VECTOR('s10_bot_e0_vec',#1649,5.0000000);
#1651 = CARTESIAN_POINT('s10_bot_e0_origin',(-16.6170094,29.3449314,0.0000000));
#1652 = LINE('s10_bot_e0_line',#1651,#1650);
#1653 = EDGE_CURVE('s10_bot_e0',#1641,#1642,#1652,.T.);
#1654 = DIRECTION('s10_top_e0_dir',(-0.7071068,0.7071068,0.0000000));
#1655 = VECTOR('s10_top_e0_vec',#1654,5.0000000);
#1656 = CARTESIAN_POINT('s10_top_e0_origin',(-16.6170094,29.3449314,18.0000000));
#1657 = LINE('s10_top_e0_line',#1656,#1655);
#1658 = EDGE_CURVE('s10_top_e0',#1645,#1646,#1657,.T.);
#1659 = DIRECTION('s10_vert_e0_dir',(0.0000000,0.0000000,1.0000000));
#1660 = VECTOR('s10_vert_e0_vec',#1659,18.0000000);
#1661 = CARTESIAN_POINT('s10_vert_e0_origin',(-16.6170094,29.3449314,0.0000000));
#1662 = LINE('s10_vert_e0_line',#1661,#1660);
#1663 = EDGE_CURVE('s10_vert_e0',#1641,#1645,#1662,.T.);
#1664 = DIRECTION('s10_bot_e1_dir',(-0.7071068,-0.7071068,0.0000000));
#1665 = VECTOR('s10_bot_e1_vec',#1664,18.0000000);
#1666 = CARTESIAN_POINT('s10_bot_e1_origin',(-20.1525433,32.8804653,0.0000000));
#1667 = LINE('s10_bot_e1_line',#1666,#1665);
#1668 = EDGE_CURVE('s10_bot_e1',#1642,#1643,#1667,.T.);
#1669 = DIRECTION('s10_top_e1_dir',(-0.7071068,-0.7071068,0.0000000));
#1670 = VECTOR('s10_top_e1_vec',#1669,18.0000000);
#1671 = CARTESIAN_POINT('s10_top_e1_origin',(-20.1525433,32.8804653,18.0000000));
#1672 = LINE('s10_top_e1_line',#1671,#1670);
#1673 = EDGE_CURVE('s10_top_e1',#1646,#1647,#1672,.T.);
#1674 = DIRECTION('s10_vert_e1_dir',(0.0000000,0.0000000,1.0000000));
#1675 = VECTOR('s10_vert_e1_vec',#1674,18.0000000);
#1676 = CARTESIAN_POINT('s10_vert_e1_origin',(-20.1525433,32.8804653,0.0000000));
#1677 = LINE('s10_vert_e1_line',#1676,#1675);
#1678 = EDGE_CURVE('s10_vert_e1',#1642,#1646,#1677,.T.);
#1679 = DIRECTION('s10_bot_e2_dir',(0.7071068,-0.7071068,0.0000000));
#1680 = VECTOR('s10_bot_e2_vec',#1679,5.0000000);
#1681 = CARTESIAN_POINT('s10_bot_e2_origin',(-32.8804653,20.1525433,0.0000000));
#1682 = LINE('s10_bot_e2_line',#1681,#1680);
#1683 = EDGE_CURVE('s10_bot_e2',#1643,#1644,#1682,.T.);
#1684 = DIRECTION('s10_top_e2_dir',(0.7071068,-0.7071068,0.0000000));
#1685 = VECTOR('s10_top_e2_vec',#1684,5.0000000);
#1686 = CARTESIAN_POINT('s10_top_e2_origin',(-32.8804653,20.1525433,18.0000000));
#1687 = LINE('s10_top_e2_line',#1686,#1685);
#1688 = EDGE_CURVE('s10_top_e2',#1647,#1648,#1687,.T.);
#1689 = DIRECTION('s10_vert_e2_dir',(0.0000000,0.0000000,1.0000000));
#1690 = VECTOR('s10_vert_e2_vec',#1689,18.0000000);
#1691 = CARTESIAN_POINT('s10_vert_e2_origin',(-32.8804653,20.1525433,0.0000000));
#1692 = LINE('s10_vert_e2_line',#1691,#1690);
#1693 = EDGE_CURVE('s10_vert_e2',#1643,#1647,#1692,.T.);
#1694 = DIRECTION('s10_bot_e3_dir',(0.7071068,0.7071068,0.0000000));
#1695 = VECTOR('s10_bot_e3_vec',#1694,18.0000000);
#1696 = CARTESIAN_POINT('s10_bot_e3_origin',(-29.3449314,16.6170094,0.0000000));
#1697 = LINE('s10_bot_e3_line',#1696,#1695);
#1698 = EDGE_CURVE('s10_bot_e3',#1644,#1641,#1697,.T.);
#1699 = DIRECTION('s10_top_e3_dir',(0.7071068,0.7071068,0.0000000));
#1700 = VECTOR('s10_top_e3_vec',#1699,18.0000000);
#1701 = CARTESIAN_POINT('s10_top_e3_origin',(-29.3449314,16.6170094,18.0000000));
#1702 = LINE('s10_top_e3_line',#1701,#1700);
#1703 = EDGE_CURVE('s10_top_e3',#1648,#1645,#1702,.T.);
#1704 = DIRECTION('s10_vert_e3_dir',(0.0000000,0.0000000,1.0000000));
#1705 = VECTOR('s10_vert_e3_vec',#1704,18.0000000);
#1706 = CARTESIAN_POINT('s10_vert_e3_origin',(-29.3449314,16.6170094,0.0000000));
#1707 = LINE('s10_vert_e3_line',#1706,#1705);
#1708 = EDGE_CURVE('s10_vert_e3',#1644,#1648,#1707,.T.);
#1709 = ORIENTED_EDGE('',*,*,#1698,.F.);
#1710 = ORIENTED_EDGE('',*,*,#1683,.F.);
#1711 = ORIENTED_EDGE('',*,*,#1668,.F.);
#1712 = ORIENTED_EDGE('',*,*,#1653,.F.);
#1713 = EDGE_LOOP('s10_bottom_loop',(#1709,#1710,#1711,#1712));
#1714 = FACE_OUTER_BOUND('',#1713,.T.);
#1715 = CARTESIAN_POINT('s10_bottom_plane_loc',(0.0000000,0.0000000,0.0000000));
#1716 = DIRECTION('s10_bottom_plane_axis',(0.0000000,0.0000000,-1.0000000));
#1717 = DIRECTION('s10_bottom_plane_ref',(1.0000000,0.0000000,0.0000000));
#1718 = AXIS2_PLACEMENT_3D('s10_bottom_plane_place',#1715,#1716,#1717);
#1719 = PLANE('s10_bottom_plane',#1718);
#1720 = ADVANCED_FACE('s10_bottom_face',(#1714),#1719,.T.);
#1721 = ORIENTED_EDGE('',*,*,#1658,.T.);
#1722 = ORIENTED_EDGE('',*,*,#1673,.T.);
#1723 = ORIENTED_EDGE('',*,*,#1688,.T.);
#1724 = ORIENTED_EDGE('',*,*,#1703,.T.);
#1725 = EDGE_LOOP('s10_top_loop',(#1721,#1722,#1723,#1724));
#1726 = FACE_OUTER_BOUND('',#1725,.T.);
#1727 = CARTESIAN_POINT('s10_top_plane_loc',(0.0000000,0.0000000,18.0000000));
#1728 = DIRECTION('s10_top_plane_axis',(0.0000000,0.0000000,1.0000000));
#1729 = DIRECTION('s10_top_plane_ref',(1.0000000,0.0000000,0.0000000));
#1730 = AXIS2_PLACEMENT_3D('s10_top_plane_place',#1727,#1728,#1729);
#1731 = PLANE('s10_top_plane',#1730);
#1732 = ADVANCED_FACE('s10_top_face',(#1726),#1731,.T.);
#1733 = ORIENTED_EDGE('',*,*,#1653,.T.);
#1734 = ORIENTED_EDGE('',*,*,#1678,.T.);
#1735 = ORIENTED_EDGE('',*,*,#1658,.F.);
#1736 = ORIENTED_EDGE('',*,*,#1663,.F.);
#1737 = EDGE_LOOP('s10_side_loop_0',(#1733,#1734,#1735,#1736));
#1738 = FACE_OUTER_BOUND('',#1737,.T.);
#1739 = CARTESIAN_POINT('s10_side_plane_0_loc',(-18.3847763,31.1126984,0.0000000));
#1740 = DIRECTION('s10_side_plane_0_axis',(0.7071068,0.7071068,0.0000000));
#1741 = DIRECTION('s10_side_plane_0_ref',(-0.7071068,0.7071068,0.0000000));
#1742 = AXIS2_PLACEMENT_3D('s10_side_plane_0_place',#1739,#1740,#1741);
#1743 = PLANE('s10_side_plane_0',#1742);
#1744 = ADVANCED_FACE('s10_side_face_0',(#1738),#1743,.T.);
#1745 = ORIENTED_EDGE('',*,*,#1668,.T.);
#1746 = ORIENTED_EDGE('',*,*,#1693,.T.);
#1747 = ORIENTED_EDGE('',*,*,#1673,.F.);
#1748 = ORIENTED_EDGE('',*,*,#1678,.F.);
#1749 = EDGE_LOOP('s10_side_loop_1',(#1745,#1746,#1747,#1748));
#1750 = FACE_OUTER_BOUND('',#1749,.T.);
#1751 = CARTESIAN_POINT('s10_side_plane_1_loc',(-26.5165043,26.5165043,0.0000000));
#1752 = DIRECTION('s10_side_plane_1_axis',(-0.7071068,0.7071068,0.0000000));
#1753 = DIRECTION('s10_side_plane_1_ref',(-0.7071068,-0.7071068,0.0000000));
#1754 = AXIS2_PLACEMENT_3D('s10_side_plane_1_place',#1751,#1752,#1753);
#1755 = PLANE('s10_side_plane_1',#1754);
#1756 = ADVANCED_FACE('s10_side_face_1',(#1750),#1755,.T.);
#1757 = ORIENTED_EDGE('',*,*,#1683,.T.);
#1758 = ORIENTED_EDGE('',*,*,#1708,.T.);
#1759 = ORIENTED_EDGE('',*,*,#1688,.F.);
#1760 = ORIENTED_EDGE('',*,*,#1693,.F.);
#1761 = EDGE_LOOP('s10_side_loop_2',(#1757,#1758,#1759,#1760));
#1762 = FACE_OUTER_BOUND('',#1761,.T.);
#1763 = CARTESIAN_POINT('s10_side_plane_2_loc',(-31.1126984,18.3847763,0.0000000));
#1764 = DIRECTION('s10_side_plane_2_axis',(-0.7071068,-0.7071068,0.0000000));
#1765 = DIRECTION('s10_side_plane_2_ref',(0.7071068,-0.7071068,0.0000000));
#1766 = AXIS2_PLACEMENT_3D('s10_side_plane_2_place',#1763,#1764,#1765);
#1767 = PLANE('s10_side_plane_2',#1766);
#1768 = ADVANCED_FACE('s10_side_face_2',(#1762),#1767,.T.);
#1769 = ORIENTED_EDGE('',*,*,#1698,.T.);
#1770 = ORIENTED_EDGE('',*,*,#1663,.T.);
#1771 = ORIENTED_EDGE('',*,*,#1703,.F.);
#1772 = ORIENTED_EDGE('',*,*,#1708,.F.);
#1773 = EDGE_LOOP('s10_side_loop_3',(#1769,#1770,#1771,#1772));
#1774 = FACE_OUTER_BOUND('',#1773,.T.);
#1775 = CARTESIAN_POINT('s10_side_plane_3_loc',(-22.9809704,22.9809704,0.0000000));
#1776 = DIRECTION('s10_side_plane_3_axis',(0.7071068,-0.7071068,0.0000000));
#1777 = DIRECTION('s10_side_plane_3_ref',(0.7071068,0.7071068,0.0000000));
#1778 = AXIS2_PLACEMENT_3D('s10_side_plane_3_place',#1775,#1776,#1777);
#1779 = PLANE('s10_side_plane_3',#1778);
#1780 = ADVANCED_FACE('s10_side_face_3',(#1774),#1779,.T.);
#1781 = CLOSED_SHELL('Blade10_shell',(#1720,#1732,#1744,#1756,#1768,#1780));
#1782 = MANIFOLD_SOLID_BREP('Blade10_solid',#1781);
#1783 = CARTESIAN_POINT('s11_bot_0',(-23.6458256,24.0442286,0.0000000));
#1784 = CARTESIAN_POINT('s11_bot_1',(-27.9759526,26.5442286,0.0000000));
#1785 = CARTESIAN_POINT('s11_bot_2',(-36.9759526,10.9557714,0.0000000));
#1786 = CARTESIAN_POINT('s11_bot_3',(-32.6458256,8.4557714,0.0000000));
#1787 = CARTESIAN_POINT('s11_top_0',(-23.6458256,24.0442286,18.0000000));
#1788 = CARTESIAN_POINT('s11_top_1',(-27.9759526,26.5442286,18.0000000));
#1789 = CARTESIAN_POINT('s11_top_2',(-36.9759526,10.9557714,18.0000000));
#1790 = CARTESIAN_POINT('s11_top_3',(-32.6458256,8.4557714,18.0000000));
#1791 = VERTEX_POINT('s11_bot_v0',#1783);
#1792 = VERTEX_POINT('s11_bot_v1',#1784);
#1793 = VERTEX_POINT('s11_bot_v2',#1785);
#1794 = VERTEX_POINT('s11_bot_v3',#1786);
#1795 = VERTEX_POINT('s11_top_v0',#1787);
#1796 = VERTEX_POINT('s11_top_v1',#1788);
#1797 = VERTEX_POINT('s11_top_v2',#1789);
#1798 = VERTEX_POINT('s11_top_v3',#1790);
#1799 = DIRECTION('s11_bot_e0_dir',(-0.8660254,0.5000000,0.0000000));
#1800 = VECTOR('s11_bot_e0_vec',#1799,5.0000000);
#1801 = CARTESIAN_POINT('s11_bot_e0_origin',(-23.6458256,24.0442286,0.0000000));
#1802 = LINE('s11_bot_e0_line',#1801,#1800);
#1803 = EDGE_CURVE('s11_bot_e0',#1791,#1792,#1802,.T.);
#1804 = DIRECTION('s11_top_e0_dir',(-0.8660254,0.5000000,0.0000000));
#1805 = VECTOR('s11_top_e0_vec',#1804,5.0000000);
#1806 = CARTESIAN_POINT('s11_top_e0_origin',(-23.6458256,24.0442286,18.0000000));
#1807 = LINE('s11_top_e0_line',#1806,#1805);
#1808 = EDGE_CURVE('s11_top_e0',#1795,#1796,#1807,.T.);
#1809 = DIRECTION('s11_vert_e0_dir',(0.0000000,0.0000000,1.0000000));
#1810 = VECTOR('s11_vert_e0_vec',#1809,18.0000000);
#1811 = CARTESIAN_POINT('s11_vert_e0_origin',(-23.6458256,24.0442286,0.0000000));
#1812 = LINE('s11_vert_e0_line',#1811,#1810);
#1813 = EDGE_CURVE('s11_vert_e0',#1791,#1795,#1812,.T.);
#1814 = DIRECTION('s11_bot_e1_dir',(-0.5000000,-0.8660254,0.0000000));
#1815 = VECTOR('s11_bot_e1_vec',#1814,18.0000000);
#1816 = CARTESIAN_POINT('s11_bot_e1_origin',(-27.9759526,26.5442286,0.0000000));
#1817 = LINE('s11_bot_e1_line',#1816,#1815);
#1818 = EDGE_CURVE('s11_bot_e1',#1792,#1793,#1817,.T.);
#1819 = DIRECTION('s11_top_e1_dir',(-0.5000000,-0.8660254,0.0000000));
#1820 = VECTOR('s11_top_e1_vec',#1819,18.0000000);
#1821 = CARTESIAN_POINT('s11_top_e1_origin',(-27.9759526,26.5442286,18.0000000));
#1822 = LINE('s11_top_e1_line',#1821,#1820);
#1823 = EDGE_CURVE('s11_top_e1',#1796,#1797,#1822,.T.);
#1824 = DIRECTION('s11_vert_e1_dir',(0.0000000,0.0000000,1.0000000));
#1825 = VECTOR('s11_vert_e1_vec',#1824,18.0000000);
#1826 = CARTESIAN_POINT('s11_vert_e1_origin',(-27.9759526,26.5442286,0.0000000));
#1827 = LINE('s11_vert_e1_line',#1826,#1825);
#1828 = EDGE_CURVE('s11_vert_e1',#1792,#1796,#1827,.T.);
#1829 = DIRECTION('s11_bot_e2_dir',(0.8660254,-0.5000000,0.0000000));
#1830 = VECTOR('s11_bot_e2_vec',#1829,5.0000000);
#1831 = CARTESIAN_POINT('s11_bot_e2_origin',(-36.9759526,10.9557714,0.0000000));
#1832 = LINE('s11_bot_e2_line',#1831,#1830);
#1833 = EDGE_CURVE('s11_bot_e2',#1793,#1794,#1832,.T.);
#1834 = DIRECTION('s11_top_e2_dir',(0.8660254,-0.5000000,0.0000000));
#1835 = VECTOR('s11_top_e2_vec',#1834,5.0000000);
#1836 = CARTESIAN_POINT('s11_top_e2_origin',(-36.9759526,10.9557714,18.0000000));
#1837 = LINE('s11_top_e2_line',#1836,#1835);
#1838 = EDGE_CURVE('s11_top_e2',#1797,#1798,#1837,.T.);
#1839 = DIRECTION('s11_vert_e2_dir',(0.0000000,0.0000000,1.0000000));
#1840 = VECTOR('s11_vert_e2_vec',#1839,18.0000000);
#1841 = CARTESIAN_POINT('s11_vert_e2_origin',(-36.9759526,10.9557714,0.0000000));
#1842 = LINE('s11_vert_e2_line',#1841,#1840);
#1843 = EDGE_CURVE('s11_vert_e2',#1793,#1797,#1842,.T.);
#1844 = DIRECTION('s11_bot_e3_dir',(0.5000000,0.8660254,0.0000000));
#1845 = VECTOR('s11_bot_e3_vec',#1844,18.0000000);
#1846 = CARTESIAN_POINT('s11_bot_e3_origin',(-32.6458256,8.4557714,0.0000000));
#1847 = LINE('s11_bot_e3_line',#1846,#1845);
#1848 = EDGE_CURVE('s11_bot_e3',#1794,#1791,#1847,.T.);
#1849 = DIRECTION('s11_top_e3_dir',(0.5000000,0.8660254,0.0000000));
#1850 = VECTOR('s11_top_e3_vec',#1849,18.0000000);
#1851 = CARTESIAN_POINT('s11_top_e3_origin',(-32.6458256,8.4557714,18.0000000));
#1852 = LINE('s11_top_e3_line',#1851,#1850);
#1853 = EDGE_CURVE('s11_top_e3',#1798,#1795,#1852,.T.);
#1854 = DIRECTION('s11_vert_e3_dir',(0.0000000,0.0000000,1.0000000));
#1855 = VECTOR('s11_vert_e3_vec',#1854,18.0000000);
#1856 = CARTESIAN_POINT('s11_vert_e3_origin',(-32.6458256,8.4557714,0.0000000));
#1857 = LINE('s11_vert_e3_line',#1856,#1855);
#1858 = EDGE_CURVE('s11_vert_e3',#1794,#1798,#1857,.T.);
#1859 = ORIENTED_EDGE('',*,*,#1848,.F.);
#1860 = ORIENTED_EDGE('',*,*,#1833,.F.);
#1861 = ORIENTED_EDGE('',*,*,#1818,.F.);
#1862 = ORIENTED_EDGE('',*,*,#1803,.F.);
#1863 = EDGE_LOOP('s11_bottom_loop',(#1859,#1860,#1861,#1862));
#1864 = FACE_OUTER_BOUND('',#1863,.T.);
#1865 = CARTESIAN_POINT('s11_bottom_plane_loc',(0.0000000,0.0000000,0.0000000));
#1866 = DIRECTION('s11_bottom_plane_axis',(0.0000000,0.0000000,-1.0000000));
#1867 = DIRECTION('s11_bottom_plane_ref',(1.0000000,0.0000000,0.0000000));
#1868 = AXIS2_PLACEMENT_3D('s11_bottom_plane_place',#1865,#1866,#1867);
#1869 = PLANE('s11_bottom_plane',#1868);
#1870 = ADVANCED_FACE('s11_bottom_face',(#1864),#1869,.T.);
#1871 = ORIENTED_EDGE('',*,*,#1808,.T.);
#1872 = ORIENTED_EDGE('',*,*,#1823,.T.);
#1873 = ORIENTED_EDGE('',*,*,#1838,.T.);
#1874 = ORIENTED_EDGE('',*,*,#1853,.T.);
#1875 = EDGE_LOOP('s11_top_loop',(#1871,#1872,#1873,#1874));
#1876 = FACE_OUTER_BOUND('',#1875,.T.);
#1877 = CARTESIAN_POINT('s11_top_plane_loc',(0.0000000,0.0000000,18.0000000));
#1878 = DIRECTION('s11_top_plane_axis',(0.0000000,0.0000000,1.0000000));
#1879 = DIRECTION('s11_top_plane_ref',(1.0000000,0.0000000,0.0000000));
#1880 = AXIS2_PLACEMENT_3D('s11_top_plane_place',#1877,#1878,#1879);
#1881 = PLANE('s11_top_plane',#1880);
#1882 = ADVANCED_FACE('s11_top_face',(#1876),#1881,.T.);
#1883 = ORIENTED_EDGE('',*,*,#1803,.T.);
#1884 = ORIENTED_EDGE('',*,*,#1828,.T.);
#1885 = ORIENTED_EDGE('',*,*,#1808,.F.);
#1886 = ORIENTED_EDGE('',*,*,#1813,.F.);
#1887 = EDGE_LOOP('s11_side_loop_0',(#1883,#1884,#1885,#1886));
#1888 = FACE_OUTER_BOUND('',#1887,.T.);
#1889 = CARTESIAN_POINT('s11_side_plane_0_loc',(-25.8108891,25.2942286,0.0000000));
#1890 = DIRECTION('s11_side_plane_0_axis',(0.5000000,0.8660254,0.0000000));
#1891 = DIRECTION('s11_side_plane_0_ref',(-0.8660254,0.5000000,0.0000000));
#1892 = AXIS2_PLACEMENT_3D('s11_side_plane_0_place',#1889,#1890,#1891);
#1893 = PLANE('s11_side_plane_0',#1892);
#1894 = ADVANCED_FACE('s11_side_face_0',(#1888),#1893,.T.);
#1895 = ORIENTED_EDGE('',*,*,#1818,.T.);
#1896 = ORIENTED_EDGE('',*,*,#1843,.T.);
#1897 = ORIENTED_EDGE('',*,*,#1823,.F.);
#1898 = ORIENTED_EDGE('',*,*,#1828,.F.);
#1899 = EDGE_LOOP('s11_side_loop_1',(#1895,#1896,#1897,#1898));
#1900 = FACE_OUTER_BOUND('',#1899,.T.);
#1901 = CARTESIAN_POINT('s11_side_plane_1_loc',(-32.4759526,18.7500000,0.0000000));
#1902 = DIRECTION('s11_side_plane_1_axis',(-0.8660254,0.5000000,0.0000000));
#1903 = DIRECTION('s11_side_plane_1_ref',(-0.5000000,-0.8660254,0.0000000));
#1904 = AXIS2_PLACEMENT_3D('s11_side_plane_1_place',#1901,#1902,#1903);
#1905 = PLANE('s11_side_plane_1',#1904);
#1906 = ADVANCED_FACE('s11_side_face_1',(#1900),#1905,.T.);
#1907 = ORIENTED_EDGE('',*,*,#1833,.T.);
#1908 = ORIENTED_EDGE('',*,*,#1858,.T.);
#1909 = ORIENTED_EDGE('',*,*,#1838,.F.);
#1910 = ORIENTED_EDGE('',*,*,#1843,.F.);
#1911 = EDGE_LOOP('s11_side_loop_2',(#1907,#1908,#1909,#1910));
#1912 = FACE_OUTER_BOUND('',#1911,.T.);
#1913 = CARTESIAN_POINT('s11_side_plane_2_loc',(-34.8108891,9.7057714,0.0000000));
#1914 = DIRECTION('s11_side_plane_2_axis',(-0.5000000,-0.8660254,0.0000000));
#1915 = DIRECTION('s11_side_plane_2_ref',(0.8660254,-0.5000000,0.0000000));
#1916 = AXIS2_PLACEMENT_3D('s11_side_plane_2_place',#1913,#1914,#1915);
#1917 = PLANE('s11_side_plane_2',#1916);
#1918 = ADVANCED_FACE('s11_side_face_2',(#1912),#1917,.T.);
#1919 = ORIENTED_EDGE('',*,*,#1848,.T.);
#1920 = ORIENTED_EDGE('',*,*,#1813,.T.);
#1921 = ORIENTED_EDGE('',*,*,#1853,.F.);
#1922 = ORIENTED_EDGE('',*,*,#1858,.F.);
#1923 = EDGE_LOOP('s11_side_loop_3',(#1919,#1920,#1921,#1922));
#1924 = FACE_OUTER_BOUND('',#1923,.T.);
#1925 = CARTESIAN_POINT('s11_side_plane_3_loc',(-28.1458256,16.2500000,0.0000000));
#1926 = DIRECTION('s11_side_plane_3_axis',(0.8660254,-0.5000000,0.0000000));
#1927 = DIRECTION('s11_side_plane_3_ref',(0.5000000,0.8660254,0.0000000));
#1928 = AXIS2_PLACEMENT_3D('s11_side_plane_3_place',#1925,#1926,#1927);
#1929 = PLANE('s11_side_plane_3',#1928);
#1930 = ADVANCED_FACE('s11_side_face_3',(#1924),#1929,.T.);
#1931 = CLOSED_SHELL('Blade11_shell',(#1870,#1882,#1894,#1906,#1918,#1930));
#1932 = MANIFOLD_SOLID_BREP('Blade11_solid',#1931);
#1933 = CARTESIAN_POINT('s12_bot_0',(-29.0632179,17.1049514,0.0000000));
#1934 = CARTESIAN_POINT('s12_bot_1',(-33.8928471,18.3990466,0.0000000));
#1935 = CARTESIAN_POINT('s12_bot_2',(-38.5515899,1.0123818,0.0000000));
#1936 = CARTESIAN_POINT('s12_bot_3',(-33.7219608,-0.2817135,0.0000000));
#1937 = CARTESIAN_POINT('s12_top_0',(-29.0632179,17.1049514,18.0000000));
#1938 = CARTESIAN_POINT('s12_top_1',(-33.8928471,18.3990466,18.0000000));
#1939 = CARTESIAN_POINT('s12_top_2',(-38.5515899,1.0123818,18.0000000));
#1940 = CARTESIAN_POINT('s12_top_3',(-33.7219608,-0.2817135,18.0000000));
#1941 = VERTEX_POINT('s12_bot_v0',#1933);
#1942 = VERTEX_POINT('s12_bot_v1',#1934);
#1943 = VERTEX_POINT('s12_bot_v2',#1935);
#1944 = VERTEX_POINT('s12_bot_v3',#1936);
#1945 = VERTEX_POINT('s12_top_v0',#1937);
#1946 = VERTEX_POINT('s12_top_v1',#1938);
#1947 = VERTEX_POINT('s12_top_v2',#1939);
#1948 = VERTEX_POINT('s12_top_v3',#1940);
#1949 = DIRECTION('s12_bot_e0_dir',(-0.9659258,0.2588190,0.0000000));
#1950 = VECTOR('s12_bot_e0_vec',#1949,5.0000000);
#1951 = CARTESIAN_POINT('s12_bot_e0_origin',(-29.0632179,17.1049514,0.0000000));
#1952 = LINE('s12_bot_e0_line',#1951,#1950);
#1953 = EDGE_CURVE('s12_bot_e0',#1941,#1942,#1952,.T.);
#1954 = DIRECTION('s12_top_e0_dir',(-0.9659258,0.2588190,0.0000000));
#1955 = VECTOR('s12_top_e0_vec',#1954,5.0000000);
#1956 = CARTESIAN_POINT('s12_top_e0_origin',(-29.0632179,17.1049514,18.0000000));
#1957 = LINE('s12_top_e0_line',#1956,#1955);
#1958 = EDGE_CURVE('s12_top_e0',#1945,#1946,#1957,.T.);
#1959 = DIRECTION('s12_vert_e0_dir',(0.0000000,0.0000000,1.0000000));
#1960 = VECTOR('s12_vert_e0_vec',#1959,18.0000000);
#1961 = CARTESIAN_POINT('s12_vert_e0_origin',(-29.0632179,17.1049514,0.0000000));
#1962 = LINE('s12_vert_e0_line',#1961,#1960);
#1963 = EDGE_CURVE('s12_vert_e0',#1941,#1945,#1962,.T.);
#1964 = DIRECTION('s12_bot_e1_dir',(-0.2588190,-0.9659258,0.0000000));
#1965 = VECTOR('s12_bot_e1_vec',#1964,18.0000000);
#1966 = CARTESIAN_POINT('s12_bot_e1_origin',(-33.8928471,18.3990466,0.0000000));
#1967 = LINE('s12_bot_e1_line',#1966,#1965);
#1968 = EDGE_CURVE('s12_bot_e1',#1942,#1943,#1967,.T.);
#1969 = DIRECTION('s12_top_e1_dir',(-0.2588190,-0.9659258,0.0000000));
#1970 = VECTOR('s12_top_e1_vec',#1969,18.0000000);
#1971 = CARTESIAN_POINT('s12_top_e1_origin',(-33.8928471,18.3990466,18.0000000));
#1972 = LINE('s12_top_e1_line',#1971,#1970);
#1973 = EDGE_CURVE('s12_top_e1',#1946,#1947,#1972,.T.);
#1974 = DIRECTION('s12_vert_e1_dir',(0.0000000,0.0000000,1.0000000));
#1975 = VECTOR('s12_vert_e1_vec',#1974,18.0000000);
#1976 = CARTESIAN_POINT('s12_vert_e1_origin',(-33.8928471,18.3990466,0.0000000));
#1977 = LINE('s12_vert_e1_line',#1976,#1975);
#1978 = EDGE_CURVE('s12_vert_e1',#1942,#1946,#1977,.T.);
#1979 = DIRECTION('s12_bot_e2_dir',(0.9659258,-0.2588190,0.0000000));
#1980 = VECTOR('s12_bot_e2_vec',#1979,5.0000000);
#1981 = CARTESIAN_POINT('s12_bot_e2_origin',(-38.5515899,1.0123818,0.0000000));
#1982 = LINE('s12_bot_e2_line',#1981,#1980);
#1983 = EDGE_CURVE('s12_bot_e2',#1943,#1944,#1982,.T.);
#1984 = DIRECTION('s12_top_e2_dir',(0.9659258,-0.2588190,0.0000000));
#1985 = VECTOR('s12_top_e2_vec',#1984,5.0000000);
#1986 = CARTESIAN_POINT('s12_top_e2_origin',(-38.5515899,1.0123818,18.0000000));
#1987 = LINE('s12_top_e2_line',#1986,#1985);
#1988 = EDGE_CURVE('s12_top_e2',#1947,#1948,#1987,.T.);
#1989 = DIRECTION('s12_vert_e2_dir',(0.0000000,0.0000000,1.0000000));
#1990 = VECTOR('s12_vert_e2_vec',#1989,18.0000000);
#1991 = CARTESIAN_POINT('s12_vert_e2_origin',(-38.5515899,1.0123818,0.0000000));
#1992 = LINE('s12_vert_e2_line',#1991,#1990);
#1993 = EDGE_CURVE('s12_vert_e2',#1943,#1947,#1992,.T.);
#1994 = DIRECTION('s12_bot_e3_dir',(0.2588190,0.9659258,0.0000000));
#1995 = VECTOR('s12_bot_e3_vec',#1994,18.0000000);
#1996 = CARTESIAN_POINT('s12_bot_e3_origin',(-33.7219608,-0.2817135,0.0000000));
#1997 = LINE('s12_bot_e3_line',#1996,#1995);
#1998 = EDGE_CURVE('s12_bot_e3',#1944,#1941,#1997,.T.);
#1999 = DIRECTION('s12_top_e3_dir',(0.2588190,0.9659258,0.0000000));
#2000 = VECTOR('s12_top_e3_vec',#1999,18.0000000);
#2001 = CARTESIAN_POINT('s12_top_e3_origin',(-33.7219608,-0.2817135,18.0000000));
#2002 = LINE('s12_top_e3_line',#2001,#2000);
#2003 = EDGE_CURVE('s12_top_e3',#1948,#1945,#2002,.T.);
#2004 = DIRECTION('s12_vert_e3_dir',(0.0000000,0.0000000,1.0000000));
#2005 = VECTOR('s12_vert_e3_vec',#2004,18.0000000);
#2006 = CARTESIAN_POINT('s12_vert_e3_origin',(-33.7219608,-0.2817135,0.0000000));
#2007 = LINE('s12_vert_e3_line',#2006,#2005);
#2008 = EDGE_CURVE('s12_vert_e3',#1944,#1948,#2007,.T.);
#2009 = ORIENTED_EDGE('',*,*,#1998,.F.);
#2010 = ORIENTED_EDGE('',*,*,#1983,.F.);
#2011 = ORIENTED_EDGE('',*,*,#1968,.F.);
#2012 = ORIENTED_EDGE('',*,*,#1953,.F.);
#2013 = EDGE_LOOP('s12_bottom_loop',(#2009,#2010,#2011,#2012));
#2014 = FACE_OUTER_BOUND('',#2013,.T.);
#2015 = CARTESIAN_POINT('s12_bottom_plane_loc',(0.0000000,0.0000000,0.0000000));
#2016 = DIRECTION('s12_bottom_plane_axis',(0.0000000,0.0000000,-1.0000000));
#2017 = DIRECTION('s12_bottom_plane_ref',(1.0000000,0.0000000,0.0000000));
#2018 = AXIS2_PLACEMENT_3D('s12_bottom_plane_place',#2015,#2016,#2017);
#2019 = PLANE('s12_bottom_plane',#2018);
#2020 = ADVANCED_FACE('s12_bottom_face',(#2014),#2019,.T.);
#2021 = ORIENTED_EDGE('',*,*,#1958,.T.);
#2022 = ORIENTED_EDGE('',*,*,#1973,.T.);
#2023 = ORIENTED_EDGE('',*,*,#1988,.T.);
#2024 = ORIENTED_EDGE('',*,*,#2003,.T.);
#2025 = EDGE_LOOP('s12_top_loop',(#2021,#2022,#2023,#2024));
#2026 = FACE_OUTER_BOUND('',#2025,.T.);
#2027 = CARTESIAN_POINT('s12_top_plane_loc',(0.0000000,0.0000000,18.0000000));
#2028 = DIRECTION('s12_top_plane_axis',(0.0000000,0.0000000,1.0000000));
#2029 = DIRECTION('s12_top_plane_ref',(1.0000000,0.0000000,0.0000000));
#2030 = AXIS2_PLACEMENT_3D('s12_top_plane_place',#2027,#2028,#2029);
#2031 = PLANE('s12_top_plane',#2030);
#2032 = ADVANCED_FACE('s12_top_face',(#2026),#2031,.T.);
#2033 = ORIENTED_EDGE('',*,*,#1953,.T.);
#2034 = ORIENTED_EDGE('',*,*,#1978,.T.);
#2035 = ORIENTED_EDGE('',*,*,#1958,.F.);
#2036 = ORIENTED_EDGE('',*,*,#1963,.F.);
#2037 = EDGE_LOOP('s12_side_loop_0',(#2033,#2034,#2035,#2036));
#2038 = FACE_OUTER_BOUND('',#2037,.T.);
#2039 = CARTESIAN_POINT('s12_side_plane_0_loc',(-31.4780325,17.7519990,0.0000000));
#2040 = DIRECTION('s12_side_plane_0_axis',(0.2588190,0.9659258,0.0000000));
#2041 = DIRECTION('s12_side_plane_0_ref',(-0.9659258,0.2588190,0.0000000));
#2042 = AXIS2_PLACEMENT_3D('s12_side_plane_0_place',#2039,#2040,#2041);
#2043 = PLANE('s12_side_plane_0',#2042);
#2044 = ADVANCED_FACE('s12_side_face_0',(#2038),#2043,.T.);
#2045 = ORIENTED_EDGE('',*,*,#1968,.T.);
#2046 = ORIENTED_EDGE('',*,*,#1993,.T.);
#2047 = ORIENTED_EDGE('',*,*,#1973,.F.);
#2048 = ORIENTED_EDGE('',*,*,#1978,.F.);
#2049 = EDGE_LOOP('s12_side_loop_1',(#2045,#2046,#2047,#2048));
#2050 = FACE_OUTER_BOUND('',#2049,.T.);
#2051 = CARTESIAN_POINT('s12_side_plane_1_loc',(-36.2222185,9.7057142,0.0000000));
#2052 = DIRECTION('s12_side_plane_1_axis',(-0.9659258,0.2588190,0.0000000));
#2053 = DIRECTION('s12_side_plane_1_ref',(-0.2588190,-0.9659258,0.0000000));
#2054 = AXIS2_PLACEMENT_3D('s12_side_plane_1_place',#2051,#2052,#2053);
#2055 = PLANE('s12_side_plane_1',#2054);
#2056 = ADVANCED_FACE('s12_side_face_1',(#2050),#2055,.T.);
#2057 = ORIENTED_EDGE('',*,*,#1983,.T.);
#2058 = ORIENTED_EDGE('',*,*,#2008,.T.);
#2059 = ORIENTED_EDGE('',*,*,#1988,.F.);
#2060 = ORIENTED_EDGE('',*,*,#1993,.F.);
#2061 = EDGE_LOOP('s12_side_loop_2',(#2057,#2058,#2059,#2060));
#2062 = FACE_OUTER_BOUND('',#2061,.T.);
#2063 = CARTESIAN_POINT('s12_side_plane_2_loc',(-36.1367753,0.3653341,0.0000000));
#2064 = DIRECTION('s12_side_plane_2_axis',(-0.2588190,-0.9659258,0.0000000));
#2065 = DIRECTION('s12_side_plane_2_ref',(0.9659258,-0.2588190,0.0000000));
#2066 = AXIS2_PLACEMENT_3D('s12_side_plane_2_place',#2063,#2064,#2065);
#2067 = PLANE('s12_side_plane_2',#2066);
#2068 = ADVANCED_FACE('s12_side_face_2',(#2062),#2067,.T.);
#2069 = ORIENTED_EDGE('',*,*,#1998,.T.);
#2070 = ORIENTED_EDGE('',*,*,#1963,.T.);
#2071 = ORIENTED_EDGE('',*,*,#2003,.F.);
#2072 = ORIENTED_EDGE('',*,*,#2008,.F.);
#2073 = EDGE_LOOP('s12_side_loop_3',(#2069,#2070,#2071,#2072));
#2074 = FACE_OUTER_BOUND('',#2073,.T.);
#2075 = CARTESIAN_POINT('s12_side_plane_3_loc',(-31.3925894,8.4116190,0.0000000));
#2076 = DIRECTION('s12_side_plane_3_axis',(0.9659258,-0.2588190,0.0000000));
#2077 = DIRECTION('s12_side_plane_3_ref',(0.2588190,0.9659258,0.0000000));
#2078 = AXIS2_PLACEMENT_3D('s12_side_plane_3_place',#2075,#2076,#2077);
#2079 = PLANE('s12_side_plane_3',#2078);
#2080 = ADVANCED_FACE('s12_side_face_3',(#2074),#2079,.T.);
#2081 = CLOSED_SHELL('Blade12_shell',(#2020,#2032,#2044,#2056,#2068,#2080));
#2082 = MANIFOLD_SOLID_BREP('Blade12_solid',#2081);
#2083 = CARTESIAN_POINT('s13_bot_0',(-32.5000000,9.0000000,0.0000000));
#2084 = CARTESIAN_POINT('s13_bot_1',(-37.5000000,9.0000000,0.0000000));
#2085 = CARTESIAN_POINT('s13_bot_2',(-37.5000000,-9.0000000,0.0000000));
#2086 = CARTESIAN_POINT('s13_bot_3',(-32.5000000,-9.0000000,0.0000000));
#2087 = CARTESIAN_POINT('s13_top_0',(-32.5000000,9.0000000,18.0000000));
#2088 = CARTESIAN_POINT('s13_top_1',(-37.5000000,9.0000000,18.0000000));
#2089 = CARTESIAN_POINT('s13_top_2',(-37.5000000,-9.0000000,18.0000000));
#2090 = CARTESIAN_POINT('s13_top_3',(-32.5000000,-9.0000000,18.0000000));
#2091 = VERTEX_POINT('s13_bot_v0',#2083);
#2092 = VERTEX_POINT('s13_bot_v1',#2084);
#2093 = VERTEX_POINT('s13_bot_v2',#2085);
#2094 = VERTEX_POINT('s13_bot_v3',#2086);
#2095 = VERTEX_POINT('s13_top_v0',#2087);
#2096 = VERTEX_POINT('s13_top_v1',#2088);
#2097 = VERTEX_POINT('s13_top_v2',#2089);
#2098 = VERTEX_POINT('s13_top_v3',#2090);
#2099 = DIRECTION('s13_bot_e0_dir',(-1.0000000,0.0000000,0.0000000));
#2100 = VECTOR('s13_bot_e0_vec',#2099,5.0000000);
#2101 = CARTESIAN_POINT('s13_bot_e0_origin',(-32.5000000,9.0000000,0.0000000));
#2102 = LINE('s13_bot_e0_line',#2101,#2100);
#2103 = EDGE_CURVE('s13_bot_e0',#2091,#2092,#2102,.T.);
#2104 = DIRECTION('s13_top_e0_dir',(-1.0000000,0.0000000,0.0000000));
#2105 = VECTOR('s13_top_e0_vec',#2104,5.0000000);
#2106 = CARTESIAN_POINT('s13_top_e0_origin',(-32.5000000,9.0000000,18.0000000));
#2107 = LINE('s13_top_e0_line',#2106,#2105);
#2108 = EDGE_CURVE('s13_top_e0',#2095,#2096,#2107,.T.);
#2109 = DIRECTION('s13_vert_e0_dir',(0.0000000,0.0000000,1.0000000));
#2110 = VECTOR('s13_vert_e0_vec',#2109,18.0000000);
#2111 = CARTESIAN_POINT('s13_vert_e0_origin',(-32.5000000,9.0000000,0.0000000));
#2112 = LINE('s13_vert_e0_line',#2111,#2110);
#2113 = EDGE_CURVE('s13_vert_e0',#2091,#2095,#2112,.T.);
#2114 = DIRECTION('s13_bot_e1_dir',(0.0000000,-1.0000000,0.0000000));
#2115 = VECTOR('s13_bot_e1_vec',#2114,18.0000000);
#2116 = CARTESIAN_POINT('s13_bot_e1_origin',(-37.5000000,9.0000000,0.0000000));
#2117 = LINE('s13_bot_e1_line',#2116,#2115);
#2118 = EDGE_CURVE('s13_bot_e1',#2092,#2093,#2117,.T.);
#2119 = DIRECTION('s13_top_e1_dir',(0.0000000,-1.0000000,0.0000000));
#2120 = VECTOR('s13_top_e1_vec',#2119,18.0000000);
#2121 = CARTESIAN_POINT('s13_top_e1_origin',(-37.5000000,9.0000000,18.0000000));
#2122 = LINE('s13_top_e1_line',#2121,#2120);
#2123 = EDGE_CURVE('s13_top_e1',#2096,#2097,#2122,.T.);
#2124 = DIRECTION('s13_vert_e1_dir',(0.0000000,0.0000000,1.0000000));
#2125 = VECTOR('s13_vert_e1_vec',#2124,18.0000000);
#2126 = CARTESIAN_POINT('s13_vert_e1_origin',(-37.5000000,9.0000000,0.0000000));
#2127 = LINE('s13_vert_e1_line',#2126,#2125);
#2128 = EDGE_CURVE('s13_vert_e1',#2092,#2096,#2127,.T.);
#2129 = DIRECTION('s13_bot_e2_dir',(1.0000000,0.0000000,0.0000000));
#2130 = VECTOR('s13_bot_e2_vec',#2129,5.0000000);
#2131 = CARTESIAN_POINT('s13_bot_e2_origin',(-37.5000000,-9.0000000,0.0000000));
#2132 = LINE('s13_bot_e2_line',#2131,#2130);
#2133 = EDGE_CURVE('s13_bot_e2',#2093,#2094,#2132,.T.);
#2134 = DIRECTION('s13_top_e2_dir',(1.0000000,0.0000000,0.0000000));
#2135 = VECTOR('s13_top_e2_vec',#2134,5.0000000);
#2136 = CARTESIAN_POINT('s13_top_e2_origin',(-37.5000000,-9.0000000,18.0000000));
#2137 = LINE('s13_top_e2_line',#2136,#2135);
#2138 = EDGE_CURVE('s13_top_e2',#2097,#2098,#2137,.T.);
#2139 = DIRECTION('s13_vert_e2_dir',(0.0000000,0.0000000,1.0000000));
#2140 = VECTOR('s13_vert_e2_vec',#2139,18.0000000);
#2141 = CARTESIAN_POINT('s13_vert_e2_origin',(-37.5000000,-9.0000000,0.0000000));
#2142 = LINE('s13_vert_e2_line',#2141,#2140);
#2143 = EDGE_CURVE('s13_vert_e2',#2093,#2097,#2142,.T.);
#2144 = DIRECTION('s13_bot_e3_dir',(0.0000000,1.0000000,0.0000000));
#2145 = VECTOR('s13_bot_e3_vec',#2144,18.0000000);
#2146 = CARTESIAN_POINT('s13_bot_e3_origin',(-32.5000000,-9.0000000,0.0000000));
#2147 = LINE('s13_bot_e3_line',#2146,#2145);
#2148 = EDGE_CURVE('s13_bot_e3',#2094,#2091,#2147,.T.);
#2149 = DIRECTION('s13_top_e3_dir',(0.0000000,1.0000000,0.0000000));
#2150 = VECTOR('s13_top_e3_vec',#2149,18.0000000);
#2151 = CARTESIAN_POINT('s13_top_e3_origin',(-32.5000000,-9.0000000,18.0000000));
#2152 = LINE('s13_top_e3_line',#2151,#2150);
#2153 = EDGE_CURVE('s13_top_e3',#2098,#2095,#2152,.T.);
#2154 = DIRECTION('s13_vert_e3_dir',(0.0000000,0.0000000,1.0000000));
#2155 = VECTOR('s13_vert_e3_vec',#2154,18.0000000);
#2156 = CARTESIAN_POINT('s13_vert_e3_origin',(-32.5000000,-9.0000000,0.0000000));
#2157 = LINE('s13_vert_e3_line',#2156,#2155);
#2158 = EDGE_CURVE('s13_vert_e3',#2094,#2098,#2157,.T.);
#2159 = ORIENTED_EDGE('',*,*,#2148,.F.);
#2160 = ORIENTED_EDGE('',*,*,#2133,.F.);
#2161 = ORIENTED_EDGE('',*,*,#2118,.F.);
#2162 = ORIENTED_EDGE('',*,*,#2103,.F.);
#2163 = EDGE_LOOP('s13_bottom_loop',(#2159,#2160,#2161,#2162));
#2164 = FACE_OUTER_BOUND('',#2163,.T.);
#2165 = CARTESIAN_POINT('s13_bottom_plane_loc',(0.0000000,0.0000000,0.0000000));
#2166 = DIRECTION('s13_bottom_plane_axis',(0.0000000,0.0000000,-1.0000000));
#2167 = DIRECTION('s13_bottom_plane_ref',(1.0000000,0.0000000,0.0000000));
#2168 = AXIS2_PLACEMENT_3D('s13_bottom_plane_place',#2165,#2166,#2167);
#2169 = PLANE('s13_bottom_plane',#2168);
#2170 = ADVANCED_FACE('s13_bottom_face',(#2164),#2169,.T.);
#2171 = ORIENTED_EDGE('',*,*,#2108,.T.);
#2172 = ORIENTED_EDGE('',*,*,#2123,.T.);
#2173 = ORIENTED_EDGE('',*,*,#2138,.T.);
#2174 = ORIENTED_EDGE('',*,*,#2153,.T.);
#2175 = EDGE_LOOP('s13_top_loop',(#2171,#2172,#2173,#2174));
#2176 = FACE_OUTER_BOUND('',#2175,.T.);
#2177 = CARTESIAN_POINT('s13_top_plane_loc',(0.0000000,0.0000000,18.0000000));
#2178 = DIRECTION('s13_top_plane_axis',(0.0000000,0.0000000,1.0000000));
#2179 = DIRECTION('s13_top_plane_ref',(1.0000000,0.0000000,0.0000000));
#2180 = AXIS2_PLACEMENT_3D('s13_top_plane_place',#2177,#2178,#2179);
#2181 = PLANE('s13_top_plane',#2180);
#2182 = ADVANCED_FACE('s13_top_face',(#2176),#2181,.T.);
#2183 = ORIENTED_EDGE('',*,*,#2103,.T.);
#2184 = ORIENTED_EDGE('',*,*,#2128,.T.);
#2185 = ORIENTED_EDGE('',*,*,#2108,.F.);
#2186 = ORIENTED_EDGE('',*,*,#2113,.F.);
#2187 = EDGE_LOOP('s13_side_loop_0',(#2183,#2184,#2185,#2186));
#2188 = FACE_OUTER_BOUND('',#2187,.T.);
#2189 = CARTESIAN_POINT('s13_side_plane_0_loc',(-35.0000000,9.0000000,0.0000000));
#2190 = DIRECTION('s13_side_plane_0_axis',(0.0000000,1.0000000,0.0000000));
#2191 = DIRECTION('s13_side_plane_0_ref',(-1.0000000,0.0000000,0.0000000));
#2192 = AXIS2_PLACEMENT_3D('s13_side_plane_0_place',#2189,#2190,#2191);
#2193 = PLANE('s13_side_plane_0',#2192);
#2194 = ADVANCED_FACE('s13_side_face_0',(#2188),#2193,.T.);
#2195 = ORIENTED_EDGE('',*,*,#2118,.T.);
#2196 = ORIENTED_EDGE('',*,*,#2143,.T.);
#2197 = ORIENTED_EDGE('',*,*,#2123,.F.);
#2198 = ORIENTED_EDGE('',*,*,#2128,.F.);
#2199 = EDGE_LOOP('s13_side_loop_1',(#2195,#2196,#2197,#2198));
#2200 = FACE_OUTER_BOUND('',#2199,.T.);
#2201 = CARTESIAN_POINT('s13_side_plane_1_loc',(-37.5000000,0.0000000,0.0000000));
#2202 = DIRECTION('s13_side_plane_1_axis',(-1.0000000,0.0000000,0.0000000));
#2203 = DIRECTION('s13_side_plane_1_ref',(0.0000000,-1.0000000,0.0000000));
#2204 = AXIS2_PLACEMENT_3D('s13_side_plane_1_place',#2201,#2202,#2203);
#2205 = PLANE('s13_side_plane_1',#2204);
#2206 = ADVANCED_FACE('s13_side_face_1',(#2200),#2205,.T.);
#2207 = ORIENTED_EDGE('',*,*,#2133,.T.);
#2208 = ORIENTED_EDGE('',*,*,#2158,.T.);
#2209 = ORIENTED_EDGE('',*,*,#2138,.F.);
#2210 = ORIENTED_EDGE('',*,*,#2143,.F.);
#2211 = EDGE_LOOP('s13_side_loop_2',(#2207,#2208,#2209,#2210));
#2212 = FACE_OUTER_BOUND('',#2211,.T.);
#2213 = CARTESIAN_POINT('s13_side_plane_2_loc',(-35.0000000,-9.0000000,0.0000000));
#2214 = DIRECTION('s13_side_plane_2_axis',(0.0000000,-1.0000000,0.0000000));
#2215 = DIRECTION('s13_side_plane_2_ref',(1.0000000,0.0000000,0.0000000));
#2216 = AXIS2_PLACEMENT_3D('s13_side_plane_2_place',#2213,#2214,#2215);
#2217 = PLANE('s13_side_plane_2',#2216);
#2218 = ADVANCED_FACE('s13_side_face_2',(#2212),#2217,.T.);
#2219 = ORIENTED_EDGE('',*,*,#2148,.T.);
#2220 = ORIENTED_EDGE('',*,*,#2113,.T.);
#2221 = ORIENTED_EDGE('',*,*,#2153,.F.);
#2222 = ORIENTED_EDGE('',*,*,#2158,.F.);
#2223 = EDGE_LOOP('s13_side_loop_3',(#2219,#2220,#2221,#2222));
#2224 = FACE_OUTER_BOUND('',#2223,.T.);
#2225 = CARTESIAN_POINT('s13_side_plane_3_loc',(-32.5000000,0.0000000,0.0000000));
#2226 = DIRECTION('s13_side_plane_3_axis',(1.0000000,0.0000000,0.0000000));
#2227 = DIRECTION('s13_side_plane_3_ref',(0.0000000,1.0000000,0.0000000));
#2228 = AXIS2_PLACEMENT_3D('s13_side_plane_3_place',#2225,#2226,#2227);
#2229 = PLANE('s13_side_plane_3',#2228);
#2230 = ADVANCED_FACE('s13_side_face_3',(#2224),#2229,.T.);
#2231 = CLOSED_SHELL('Blade13_shell',(#2170,#2182,#2194,#2206,#2218,#2230));
#2232 = MANIFOLD_SOLID_BREP('Blade13_solid',#2231);
#2233 = CARTESIAN_POINT('s14_bot_0',(-33.7219608,0.2817135,0.0000000));
#2234 = CARTESIAN_POINT('s14_bot_1',(-38.5515899,-1.0123818,0.0000000));
#2235 = CARTESIAN_POINT('s14_bot_2',(-33.8928471,-18.3990466,0.0000000));
#2236 = CARTESIAN_POINT('s14_bot_3',(-29.0632179,-17.1049514,0.0000000));
#2237 = CARTESIAN_POINT('s14_top_0',(-33.7219608,0.2817135,18.0000000));
#2238 = CARTESIAN_POINT('s14_top_1',(-38.5515899,-1.0123818,18.0000000));
#2239 = CARTESIAN_POINT('s14_top_2',(-33.8928471,-18.3990466,18.0000000));
#2240 = CARTESIAN_POINT('s14_top_3',(-29.0632179,-17.1049514,18.0000000));
#2241 = VERTEX_POINT('s14_bot_v0',#2233);
#2242 = VERTEX_POINT('s14_bot_v1',#2234);
#2243 = VERTEX_POINT('s14_bot_v2',#2235);
#2244 = VERTEX_POINT('s14_bot_v3',#2236);
#2245 = VERTEX_POINT('s14_top_v0',#2237);
#2246 = VERTEX_POINT('s14_top_v1',#2238);
#2247 = VERTEX_POINT('s14_top_v2',#2239);
#2248 = VERTEX_POINT('s14_top_v3',#2240);
#2249 = DIRECTION('s14_bot_e0_dir',(-0.9659258,-0.2588190,0.0000000));
#2250 = VECTOR('s14_bot_e0_vec',#2249,5.0000000);
#2251 = CARTESIAN_POINT('s14_bot_e0_origin',(-33.7219608,0.2817135,0.0000000));
#2252 = LINE('s14_bot_e0_line',#2251,#2250);
#2253 = EDGE_CURVE('s14_bot_e0',#2241,#2242,#2252,.T.);
#2254 = DIRECTION('s14_top_e0_dir',(-0.9659258,-0.2588190,0.0000000));
#2255 = VECTOR('s14_top_e0_vec',#2254,5.0000000);
#2256 = CARTESIAN_POINT('s14_top_e0_origin',(-33.7219608,0.2817135,18.0000000));
#2257 = LINE('s14_top_e0_line',#2256,#2255);
#2258 = EDGE_CURVE('s14_top_e0',#2245,#2246,#2257,.T.);
#2259 = DIRECTION('s14_vert_e0_dir',(0.0000000,0.0000000,1.0000000));
#2260 = VECTOR('s14_vert_e0_vec',#2259,18.0000000);
#2261 = CARTESIAN_POINT('s14_vert_e0_origin',(-33.7219608,0.2817135,0.0000000));
#2262 = LINE('s14_vert_e0_line',#2261,#2260);
#2263 = EDGE_CURVE('s14_vert_e0',#2241,#2245,#2262,.T.);
#2264 = DIRECTION('s14_bot_e1_dir',(0.2588190,-0.9659258,0.0000000));
#2265 = VECTOR('s14_bot_e1_vec',#2264,18.0000000);
#2266 = CARTESIAN_POINT('s14_bot_e1_origin',(-38.5515899,-1.0123818,0.0000000));
#2267 = LINE('s14_bot_e1_line',#2266,#2265);
#2268 = EDGE_CURVE('s14_bot_e1',#2242,#2243,#2267,.T.);
#2269 = DIRECTION('s14_top_e1_dir',(0.2588190,-0.9659258,0.0000000));
#2270 = VECTOR('s14_top_e1_vec',#2269,18.0000000);
#2271 = CARTESIAN_POINT('s14_top_e1_origin',(-38.5515899,-1.0123818,18.0000000));
#2272 = LINE('s14_top_e1_line',#2271,#2270);
#2273 = EDGE_CURVE('s14_top_e1',#2246,#2247,#2272,.T.);
#2274 = DIRECTION('s14_vert_e1_dir',(0.0000000,0.0000000,1.0000000));
#2275 = VECTOR('s14_vert_e1_vec',#2274,18.0000000);
#2276 = CARTESIAN_POINT('s14_vert_e1_origin',(-38.5515899,-1.0123818,0.0000000));
#2277 = LINE('s14_vert_e1_line',#2276,#2275);
#2278 = EDGE_CURVE('s14_vert_e1',#2242,#2246,#2277,.T.);
#2279 = DIRECTION('s14_bot_e2_dir',(0.9659258,0.2588190,0.0000000));
#2280 = VECTOR('s14_bot_e2_vec',#2279,5.0000000);
#2281 = CARTESIAN_POINT('s14_bot_e2_origin',(-33.8928471,-18.3990466,0.0000000));
#2282 = LINE('s14_bot_e2_line',#2281,#2280);
#2283 = EDGE_CURVE('s14_bot_e2',#2243,#2244,#2282,.T.);
#2284 = DIRECTION('s14_top_e2_dir',(0.9659258,0.2588190,0.0000000));
#2285 = VECTOR('s14_top_e2_vec',#2284,5.0000000);
#2286 = CARTESIAN_POINT('s14_top_e2_origin',(-33.8928471,-18.3990466,18.0000000));
#2287 = LINE('s14_top_e2_line',#2286,#2285);
#2288 = EDGE_CURVE('s14_top_e2',#2247,#2248,#2287,.T.);
#2289 = DIRECTION('s14_vert_e2_dir',(0.0000000,0.0000000,1.0000000));
#2290 = VECTOR('s14_vert_e2_vec',#2289,18.0000000);
#2291 = CARTESIAN_POINT('s14_vert_e2_origin',(-33.8928471,-18.3990466,0.0000000));
#2292 = LINE('s14_vert_e2_line',#2291,#2290);
#2293 = EDGE_CURVE('s14_vert_e2',#2243,#2247,#2292,.T.);
#2294 = DIRECTION('s14_bot_e3_dir',(-0.2588190,0.9659258,0.0000000));
#2295 = VECTOR('s14_bot_e3_vec',#2294,18.0000000);
#2296 = CARTESIAN_POINT('s14_bot_e3_origin',(-29.0632179,-17.1049514,0.0000000));
#2297 = LINE('s14_bot_e3_line',#2296,#2295);
#2298 = EDGE_CURVE('s14_bot_e3',#2244,#2241,#2297,.T.);
#2299 = DIRECTION('s14_top_e3_dir',(-0.2588190,0.9659258,0.0000000));
#2300 = VECTOR('s14_top_e3_vec',#2299,18.0000000);
#2301 = CARTESIAN_POINT('s14_top_e3_origin',(-29.0632179,-17.1049514,18.0000000));
#2302 = LINE('s14_top_e3_line',#2301,#2300);
#2303 = EDGE_CURVE('s14_top_e3',#2248,#2245,#2302,.T.);
#2304 = DIRECTION('s14_vert_e3_dir',(0.0000000,0.0000000,1.0000000));
#2305 = VECTOR('s14_vert_e3_vec',#2304,18.0000000);
#2306 = CARTESIAN_POINT('s14_vert_e3_origin',(-29.0632179,-17.1049514,0.0000000));
#2307 = LINE('s14_vert_e3_line',#2306,#2305);
#2308 = EDGE_CURVE('s14_vert_e3',#2244,#2248,#2307,.T.);
#2309 = ORIENTED_EDGE('',*,*,#2298,.F.);
#2310 = ORIENTED_EDGE('',*,*,#2283,.F.);
#2311 = ORIENTED_EDGE('',*,*,#2268,.F.);
#2312 = ORIENTED_EDGE('',*,*,#2253,.F.);
#2313 = EDGE_LOOP('s14_bottom_loop',(#2309,#2310,#2311,#2312));
#2314 = FACE_OUTER_BOUND('',#2313,.T.);
#2315 = CARTESIAN_POINT('s14_bottom_plane_loc',(0.0000000,0.0000000,0.0000000));
#2316 = DIRECTION('s14_bottom_plane_axis',(0.0000000,0.0000000,-1.0000000));
#2317 = DIRECTION('s14_bottom_plane_ref',(1.0000000,0.0000000,0.0000000));
#2318 = AXIS2_PLACEMENT_3D('s14_bottom_plane_place',#2315,#2316,#2317);
#2319 = PLANE('s14_bottom_plane',#2318);
#2320 = ADVANCED_FACE('s14_bottom_face',(#2314),#2319,.T.);
#2321 = ORIENTED_EDGE('',*,*,#2258,.T.);
#2322 = ORIENTED_EDGE('',*,*,#2273,.T.);
#2323 = ORIENTED_EDGE('',*,*,#2288,.T.);
#2324 = ORIENTED_EDGE('',*,*,#2303,.T.);
#2325 = EDGE_LOOP('s14_top_loop',(#2321,#2322,#2323,#2324));
#2326 = FACE_OUTER_BOUND('',#2325,.T.);
#2327 = CARTESIAN_POINT('s14_top_plane_loc',(0.0000000,0.0000000,18.0000000));
#2328 = DIRECTION('s14_top_plane_axis',(0.0000000,0.0000000,1.0000000));
#2329 = DIRECTION('s14_top_plane_ref',(1.0000000,0.0000000,0.0000000));
#2330 = AXIS2_PLACEMENT_3D('s14_top_plane_place',#2327,#2328,#2329);
#2331 = PLANE('s14_top_plane',#2330);
#2332 = ADVANCED_FACE('s14_top_face',(#2326),#2331,.T.);
#2333 = ORIENTED_EDGE('',*,*,#2253,.T.);
#2334 = ORIENTED_EDGE('',*,*,#2278,.T.);
#2335 = ORIENTED_EDGE('',*,*,#2258,.F.);
#2336 = ORIENTED_EDGE('',*,*,#2263,.F.);
#2337 = EDGE_LOOP('s14_side_loop_0',(#2333,#2334,#2335,#2336));
#2338 = FACE_OUTER_BOUND('',#2337,.T.);
#2339 = CARTESIAN_POINT('s14_side_plane_0_loc',(-36.1367753,-0.3653341,0.0000000));
#2340 = DIRECTION('s14_side_plane_0_axis',(-0.2588190,0.9659258,0.0000000));
#2341 = DIRECTION('s14_side_plane_0_ref',(-0.9659258,-0.2588190,0.0000000));
#2342 = AXIS2_PLACEMENT_3D('s14_side_plane_0_place',#2339,#2340,#2341);
#2343 = PLANE('s14_side_plane_0',#2342);
#2344 = ADVANCED_FACE('s14_side_face_0',(#2338),#2343,.T.);
#2345 = ORIENTED_EDGE('',*,*,#2268,.T.);
#2346 = ORIENTED_EDGE('',*,*,#2293,.T.);
#2347 = ORIENTED_EDGE('',*,*,#2273,.F.);
#2348 = ORIENTED_EDGE('',*,*,#2278,.F.);
#2349 = EDGE_LOOP('s14_side_loop_1',(#2345,#2346,#2347,#2348));
#2350 = FACE_OUTER_BOUND('',#2349,.T.);
#2351 = CARTESIAN_POINT('s14_side_plane_1_loc',(-36.2222185,-9.7057142,0.0000000));
#2352 = DIRECTION('s14_side_plane_1_axis',(-0.9659258,-0.2588190,0.0000000));
#2353 = DIRECTION('s14_side_plane_1_ref',(0.2588190,-0.9659258,0.0000000));
#2354 = AXIS2_PLACEMENT_3D('s14_side_plane_1_place',#2351,#2352,#2353);
#2355 = PLANE('s14_side_plane_1',#2354);
#2356 = ADVANCED_FACE('s14_side_face_1',(#2350),#2355,.T.);
#2357 = ORIENTED_EDGE('',*,*,#2283,.T.);
#2358 = ORIENTED_EDGE('',*,*,#2308,.T.);
#2359 = ORIENTED_EDGE('',*,*,#2288,.F.);
#2360 = ORIENTED_EDGE('',*,*,#2293,.F.);
#2361 = EDGE_LOOP('s14_side_loop_2',(#2357,#2358,#2359,#2360));
#2362 = FACE_OUTER_BOUND('',#2361,.T.);
#2363 = CARTESIAN_POINT('s14_side_plane_2_loc',(-31.4780325,-17.7519990,0.0000000));
#2364 = DIRECTION('s14_side_plane_2_axis',(0.2588190,-0.9659258,0.0000000));
#2365 = DIRECTION('s14_side_plane_2_ref',(0.9659258,0.2588190,0.0000000));
#2366 = AXIS2_PLACEMENT_3D('s14_side_plane_2_place',#2363,#2364,#2365);
#2367 = PLANE('s14_side_plane_2',#2366);
#2368 = ADVANCED_FACE('s14_side_face_2',(#2362),#2367,.T.);
#2369 = ORIENTED_EDGE('',*,*,#2298,.T.);
#2370 = ORIENTED_EDGE('',*,*,#2263,.T.);
#2371 = ORIENTED_EDGE('',*,*,#2303,.F.);
#2372 = ORIENTED_EDGE('',*,*,#2308,.F.);
#2373 = EDGE_LOOP('s14_side_loop_3',(#2369,#2370,#2371,#2372));
#2374 = FACE_OUTER_BOUND('',#2373,.T.);
#2375 = CARTESIAN_POINT('s14_side_plane_3_loc',(-31.3925894,-8.4116190,0.0000000));
#2376 = DIRECTION('s14_side_plane_3_axis',(0.9659258,0.2588190,0.0000000));
#2377 = DIRECTION('s14_side_plane_3_ref',(-0.2588190,0.9659258,0.0000000));
#2378 = AXIS2_PLACEMENT_3D('s14_side_plane_3_place',#2375,#2376,#2377);
#2379 = PLANE('s14_side_plane_3',#2378);
#2380 = ADVANCED_FACE('s14_side_face_3',(#2374),#2379,.T.);
#2381 = CLOSED_SHELL('Blade14_shell',(#2320,#2332,#2344,#2356,#2368,#2380));
#2382 = MANIFOLD_SOLID_BREP('Blade14_solid',#2381);
#2383 = CARTESIAN_POINT('s15_bot_0',(-32.6458256,-8.4557714,0.0000000));
#2384 = CARTESIAN_POINT('s15_bot_1',(-36.9759526,-10.9557714,0.0000000));
#2385 = CARTESIAN_POINT('s15_bot_2',(-27.9759526,-26.5442286,0.0000000));
#2386 = CARTESIAN_POINT('s15_bot_3',(-23.6458256,-24.0442286,0.0000000));
#2387 = CARTESIAN_POINT('s15_top_0',(-32.6458256,-8.4557714,18.0000000));
#2388 = CARTESIAN_POINT('s15_top_1',(-36.9759526,-10.9557714,18.0000000));
#2389 = CARTESIAN_POINT('s15_top_2',(-27.9759526,-26.5442286,18.0000000));
#2390 = CARTESIAN_POINT('s15_top_3',(-23.6458256,-24.0442286,18.0000000));
#2391 = VERTEX_POINT('s15_bot_v0',#2383);
#2392 = VERTEX_POINT('s15_bot_v1',#2384);
#2393 = VERTEX_POINT('s15_bot_v2',#2385);
#2394 = VERTEX_POINT('s15_bot_v3',#2386);
#2395 = VERTEX_POINT('s15_top_v0',#2387);
#2396 = VERTEX_POINT('s15_top_v1',#2388);
#2397 = VERTEX_POINT('s15_top_v2',#2389);
#2398 = VERTEX_POINT('s15_top_v3',#2390);
#2399 = DIRECTION('s15_bot_e0_dir',(-0.8660254,-0.5000000,0.0000000));
#2400 = VECTOR('s15_bot_e0_vec',#2399,5.0000000);
#2401 = CARTESIAN_POINT('s15_bot_e0_origin',(-32.6458256,-8.4557714,0.0000000));
#2402 = LINE('s15_bot_e0_line',#2401,#2400);
#2403 = EDGE_CURVE('s15_bot_e0',#2391,#2392,#2402,.T.);
#2404 = DIRECTION('s15_top_e0_dir',(-0.8660254,-0.5000000,0.0000000));
#2405 = VECTOR('s15_top_e0_vec',#2404,5.0000000);
#2406 = CARTESIAN_POINT('s15_top_e0_origin',(-32.6458256,-8.4557714,18.0000000));
#2407 = LINE('s15_top_e0_line',#2406,#2405);
#2408 = EDGE_CURVE('s15_top_e0',#2395,#2396,#2407,.T.);
#2409 = DIRECTION('s15_vert_e0_dir',(0.0000000,0.0000000,1.0000000));
#2410 = VECTOR('s15_vert_e0_vec',#2409,18.0000000);
#2411 = CARTESIAN_POINT('s15_vert_e0_origin',(-32.6458256,-8.4557714,0.0000000));
#2412 = LINE('s15_vert_e0_line',#2411,#2410);
#2413 = EDGE_CURVE('s15_vert_e0',#2391,#2395,#2412,.T.);
#2414 = DIRECTION('s15_bot_e1_dir',(0.5000000,-0.8660254,0.0000000));
#2415 = VECTOR('s15_bot_e1_vec',#2414,18.0000000);
#2416 = CARTESIAN_POINT('s15_bot_e1_origin',(-36.9759526,-10.9557714,0.0000000));
#2417 = LINE('s15_bot_e1_line',#2416,#2415);
#2418 = EDGE_CURVE('s15_bot_e1',#2392,#2393,#2417,.T.);
#2419 = DIRECTION('s15_top_e1_dir',(0.5000000,-0.8660254,0.0000000));
#2420 = VECTOR('s15_top_e1_vec',#2419,18.0000000);
#2421 = CARTESIAN_POINT('s15_top_e1_origin',(-36.9759526,-10.9557714,18.0000000));
#2422 = LINE('s15_top_e1_line',#2421,#2420);
#2423 = EDGE_CURVE('s15_top_e1',#2396,#2397,#2422,.T.);
#2424 = DIRECTION('s15_vert_e1_dir',(0.0000000,0.0000000,1.0000000));
#2425 = VECTOR('s15_vert_e1_vec',#2424,18.0000000);
#2426 = CARTESIAN_POINT('s15_vert_e1_origin',(-36.9759526,-10.9557714,0.0000000));
#2427 = LINE('s15_vert_e1_line',#2426,#2425);
#2428 = EDGE_CURVE('s15_vert_e1',#2392,#2396,#2427,.T.);
#2429 = DIRECTION('s15_bot_e2_dir',(0.8660254,0.5000000,0.0000000));
#2430 = VECTOR('s15_bot_e2_vec',#2429,5.0000000);
#2431 = CARTESIAN_POINT('s15_bot_e2_origin',(-27.9759526,-26.5442286,0.0000000));
#2432 = LINE('s15_bot_e2_line',#2431,#2430);
#2433 = EDGE_CURVE('s15_bot_e2',#2393,#2394,#2432,.T.);
#2434 = DIRECTION('s15_top_e2_dir',(0.8660254,0.5000000,0.0000000));
#2435 = VECTOR('s15_top_e2_vec',#2434,5.0000000);
#2436 = CARTESIAN_POINT('s15_top_e2_origin',(-27.9759526,-26.5442286,18.0000000));
#2437 = LINE('s15_top_e2_line',#2436,#2435);
#2438 = EDGE_CURVE('s15_top_e2',#2397,#2398,#2437,.T.);
#2439 = DIRECTION('s15_vert_e2_dir',(0.0000000,0.0000000,1.0000000));
#2440 = VECTOR('s15_vert_e2_vec',#2439,18.0000000);
#2441 = CARTESIAN_POINT('s15_vert_e2_origin',(-27.9759526,-26.5442286,0.0000000));
#2442 = LINE('s15_vert_e2_line',#2441,#2440);
#2443 = EDGE_CURVE('s15_vert_e2',#2393,#2397,#2442,.T.);
#2444 = DIRECTION('s15_bot_e3_dir',(-0.5000000,0.8660254,0.0000000));
#2445 = VECTOR('s15_bot_e3_vec',#2444,18.0000000);
#2446 = CARTESIAN_POINT('s15_bot_e3_origin',(-23.6458256,-24.0442286,0.0000000));
#2447 = LINE('s15_bot_e3_line',#2446,#2445);
#2448 = EDGE_CURVE('s15_bot_e3',#2394,#2391,#2447,.T.);
#2449 = DIRECTION('s15_top_e3_dir',(-0.5000000,0.8660254,0.0000000));
#2450 = VECTOR('s15_top_e3_vec',#2449,18.0000000);
#2451 = CARTESIAN_POINT('s15_top_e3_origin',(-23.6458256,-24.0442286,18.0000000));
#2452 = LINE('s15_top_e3_line',#2451,#2450);
#2453 = EDGE_CURVE('s15_top_e3',#2398,#2395,#2452,.T.);
#2454 = DIRECTION('s15_vert_e3_dir',(0.0000000,0.0000000,1.0000000));
#2455 = VECTOR('s15_vert_e3_vec',#2454,18.0000000);
#2456 = CARTESIAN_POINT('s15_vert_e3_origin',(-23.6458256,-24.0442286,0.0000000));
#2457 = LINE('s15_vert_e3_line',#2456,#2455);
#2458 = EDGE_CURVE('s15_vert_e3',#2394,#2398,#2457,.T.);
#2459 = ORIENTED_EDGE('',*,*,#2448,.F.);
#2460 = ORIENTED_EDGE('',*,*,#2433,.F.);
#2461 = ORIENTED_EDGE('',*,*,#2418,.F.);
#2462 = ORIENTED_EDGE('',*,*,#2403,.F.);
#2463 = EDGE_LOOP('s15_bottom_loop',(#2459,#2460,#2461,#2462));
#2464 = FACE_OUTER_BOUND('',#2463,.T.);
#2465 = CARTESIAN_POINT('s15_bottom_plane_loc',(0.0000000,0.0000000,0.0000000));
#2466 = DIRECTION('s15_bottom_plane_axis',(0.0000000,0.0000000,-1.0000000));
#2467 = DIRECTION('s15_bottom_plane_ref',(1.0000000,0.0000000,0.0000000));
#2468 = AXIS2_PLACEMENT_3D('s15_bottom_plane_place',#2465,#2466,#2467);
#2469 = PLANE('s15_bottom_plane',#2468);
#2470 = ADVANCED_FACE('s15_bottom_face',(#2464),#2469,.T.);
#2471 = ORIENTED_EDGE('',*,*,#2408,.T.);
#2472 = ORIENTED_EDGE('',*,*,#2423,.T.);
#2473 = ORIENTED_EDGE('',*,*,#2438,.T.);
#2474 = ORIENTED_EDGE('',*,*,#2453,.T.);
#2475 = EDGE_LOOP('s15_top_loop',(#2471,#2472,#2473,#2474));
#2476 = FACE_OUTER_BOUND('',#2475,.T.);
#2477 = CARTESIAN_POINT('s15_top_plane_loc',(0.0000000,0.0000000,18.0000000));
#2478 = DIRECTION('s15_top_plane_axis',(0.0000000,0.0000000,1.0000000));
#2479 = DIRECTION('s15_top_plane_ref',(1.0000000,0.0000000,0.0000000));
#2480 = AXIS2_PLACEMENT_3D('s15_top_plane_place',#2477,#2478,#2479);
#2481 = PLANE('s15_top_plane',#2480);
#2482 = ADVANCED_FACE('s15_top_face',(#2476),#2481,.T.);
#2483 = ORIENTED_EDGE('',*,*,#2403,.T.);
#2484 = ORIENTED_EDGE('',*,*,#2428,.T.);
#2485 = ORIENTED_EDGE('',*,*,#2408,.F.);
#2486 = ORIENTED_EDGE('',*,*,#2413,.F.);
#2487 = EDGE_LOOP('s15_side_loop_0',(#2483,#2484,#2485,#2486));
#2488 = FACE_OUTER_BOUND('',#2487,.T.);
#2489 = CARTESIAN_POINT('s15_side_plane_0_loc',(-34.8108891,-9.7057714,0.0000000));
#2490 = DIRECTION('s15_side_plane_0_axis',(-0.5000000,0.8660254,0.0000000));
#2491 = DIRECTION('s15_side_plane_0_ref',(-0.8660254,-0.5000000,0.0000000));
#2492 = AXIS2_PLACEMENT_3D('s15_side_plane_0_place',#2489,#2490,#2491);
#2493 = PLANE('s15_side_plane_0',#2492);
#2494 = ADVANCED_FACE('s15_side_face_0',(#2488),#2493,.T.);
#2495 = ORIENTED_EDGE('',*,*,#2418,.T.);
#2496 = ORIENTED_EDGE('',*,*,#2443,.T.);
#2497 = ORIENTED_EDGE('',*,*,#2423,.F.);
#2498 = ORIENTED_EDGE('',*,*,#2428,.F.);
#2499 = EDGE_LOOP('s15_side_loop_1',(#2495,#2496,#2497,#2498));
#2500 = FACE_OUTER_BOUND('',#2499,.T.);
#2501 = CARTESIAN_POINT('s15_side_plane_1_loc',(-32.4759526,-18.7500000,0.0000000));
#2502 = DIRECTION('s15_side_plane_1_axis',(-0.8660254,-0.5000000,0.0000000));
#2503 = DIRECTION('s15_side_plane_1_ref',(0.5000000,-0.8660254,0.0000000));
#2504 = AXIS2_PLACEMENT_3D('s15_side_plane_1_place',#2501,#2502,#2503);
#2505 = PLANE('s15_side_plane_1',#2504);
#2506 = ADVANCED_FACE('s15_side_face_1',(#2500),#2505,.T.);
#2507 = ORIENTED_EDGE('',*,*,#2433,.T.);
#2508 = ORIENTED_EDGE('',*,*,#2458,.T.);
#2509 = ORIENTED_EDGE('',*,*,#2438,.F.);
#2510 = ORIENTED_EDGE('',*,*,#2443,.F.);
#2511 = EDGE_LOOP('s15_side_loop_2',(#2507,#2508,#2509,#2510));
#2512 = FACE_OUTER_BOUND('',#2511,.T.);
#2513 = CARTESIAN_POINT('s15_side_plane_2_loc',(-25.8108891,-25.2942286,0.0000000));
#2514 = DIRECTION('s15_side_plane_2_axis',(0.5000000,-0.8660254,0.0000000));
#2515 = DIRECTION('s15_side_plane_2_ref',(0.8660254,0.5000000,0.0000000));
#2516 = AXIS2_PLACEMENT_3D('s15_side_plane_2_place',#2513,#2514,#2515);
#2517 = PLANE('s15_side_plane_2',#2516);
#2518 = ADVANCED_FACE('s15_side_face_2',(#2512),#2517,.T.);
#2519 = ORIENTED_EDGE('',*,*,#2448,.T.);
#2520 = ORIENTED_EDGE('',*,*,#2413,.T.);
#2521 = ORIENTED_EDGE('',*,*,#2453,.F.);
#2522 = ORIENTED_EDGE('',*,*,#2458,.F.);
#2523 = EDGE_LOOP('s15_side_loop_3',(#2519,#2520,#2521,#2522));
#2524 = FACE_OUTER_BOUND('',#2523,.T.);
#2525 = CARTESIAN_POINT('s15_side_plane_3_loc',(-28.1458256,-16.2500000,0.0000000));
#2526 = DIRECTION('s15_side_plane_3_axis',(0.8660254,0.5000000,0.0000000));
#2527 = DIRECTION('s15_side_plane_3_ref',(-0.5000000,0.8660254,0.0000000));
#2528 = AXIS2_PLACEMENT_3D('s15_side_plane_3_place',#2525,#2526,#2527);
#2529 = PLANE('s15_side_plane_3',#2528);
#2530 = ADVANCED_FACE('s15_side_face_3',(#2524),#2529,.T.);
#2531 = CLOSED_SHELL('Blade15_shell',(#2470,#2482,#2494,#2506,#2518,#2530));
#2532 = MANIFOLD_SOLID_BREP('Blade15_solid',#2531);
#2533 = CARTESIAN_POINT('s16_bot_0',(-29.3449314,-16.6170094,0.0000000));
#2534 = CARTESIAN_POINT('s16_bot_1',(-32.8804653,-20.1525433,0.0000000));
#2535 = CARTESIAN_POINT('s16_bot_2',(-20.1525433,-32.8804653,0.0000000));
#2536 = CARTESIAN_POINT('s16_bot_3',(-16.6170094,-29.3449314,0.0000000));
#2537 = CARTESIAN_POINT('s16_top_0',(-29.3449314,-16.6170094,18.0000000));
#2538 = CARTESIAN_POINT('s16_top_1',(-32.8804653,-20.1525433,18.0000000));
#2539 = CARTESIAN_POINT('s16_top_2',(-20.1525433,-32.8804653,18.0000000));
#2540 = CARTESIAN_POINT('s16_top_3',(-16.6170094,-29.3449314,18.0000000));
#2541 = VERTEX_POINT('s16_bot_v0',#2533);
#2542 = VERTEX_POINT('s16_bot_v1',#2534);
#2543 = VERTEX_POINT('s16_bot_v2',#2535);
#2544 = VERTEX_POINT('s16_bot_v3',#2536);
#2545 = VERTEX_POINT('s16_top_v0',#2537);
#2546 = VERTEX_POINT('s16_top_v1',#2538);
#2547 = VERTEX_POINT('s16_top_v2',#2539);
#2548 = VERTEX_POINT('s16_top_v3',#2540);
#2549 = DIRECTION('s16_bot_e0_dir',(-0.7071068,-0.7071068,0.0000000));
#2550 = VECTOR('s16_bot_e0_vec',#2549,5.0000000);
#2551 = CARTESIAN_POINT('s16_bot_e0_origin',(-29.3449314,-16.6170094,0.0000000));
#2552 = LINE('s16_bot_e0_line',#2551,#2550);
#2553 = EDGE_CURVE('s16_bot_e0',#2541,#2542,#2552,.T.);
#2554 = DIRECTION('s16_top_e0_dir',(-0.7071068,-0.7071068,0.0000000));
#2555 = VECTOR('s16_top_e0_vec',#2554,5.0000000);
#2556 = CARTESIAN_POINT('s16_top_e0_origin',(-29.3449314,-16.6170094,18.0000000));
#2557 = LINE('s16_top_e0_line',#2556,#2555);
#2558 = EDGE_CURVE('s16_top_e0',#2545,#2546,#2557,.T.);
#2559 = DIRECTION('s16_vert_e0_dir',(0.0000000,0.0000000,1.0000000));
#2560 = VECTOR('s16_vert_e0_vec',#2559,18.0000000);
#2561 = CARTESIAN_POINT('s16_vert_e0_origin',(-29.3449314,-16.6170094,0.0000000));
#2562 = LINE('s16_vert_e0_line',#2561,#2560);
#2563 = EDGE_CURVE('s16_vert_e0',#2541,#2545,#2562,.T.);
#2564 = DIRECTION('s16_bot_e1_dir',(0.7071068,-0.7071068,0.0000000));
#2565 = VECTOR('s16_bot_e1_vec',#2564,18.0000000);
#2566 = CARTESIAN_POINT('s16_bot_e1_origin',(-32.8804653,-20.1525433,0.0000000));
#2567 = LINE('s16_bot_e1_line',#2566,#2565);
#2568 = EDGE_CURVE('s16_bot_e1',#2542,#2543,#2567,.T.);
#2569 = DIRECTION('s16_top_e1_dir',(0.7071068,-0.7071068,0.0000000));
#2570 = VECTOR('s16_top_e1_vec',#2569,18.0000000);
#2571 = CARTESIAN_POINT('s16_top_e1_origin',(-32.8804653,-20.1525433,18.0000000));
#2572 = LINE('s16_top_e1_line',#2571,#2570);
#2573 = EDGE_CURVE('s16_top_e1',#2546,#2547,#2572,.T.);
#2574 = DIRECTION('s16_vert_e1_dir',(0.0000000,0.0000000,1.0000000));
#2575 = VECTOR('s16_vert_e1_vec',#2574,18.0000000);
#2576 = CARTESIAN_POINT('s16_vert_e1_origin',(-32.8804653,-20.1525433,0.0000000));
#2577 = LINE('s16_vert_e1_line',#2576,#2575);
#2578 = EDGE_CURVE('s16_vert_e1',#2542,#2546,#2577,.T.);
#2579 = DIRECTION('s16_bot_e2_dir',(0.7071068,0.7071068,0.0000000));
#2580 = VECTOR('s16_bot_e2_vec',#2579,5.0000000);
#2581 = CARTESIAN_POINT('s16_bot_e2_origin',(-20.1525433,-32.8804653,0.0000000));
#2582 = LINE('s16_bot_e2_line',#2581,#2580);
#2583 = EDGE_CURVE('s16_bot_e2',#2543,#2544,#2582,.T.);
#2584 = DIRECTION('s16_top_e2_dir',(0.7071068,0.7071068,0.0000000));
#2585 = VECTOR('s16_top_e2_vec',#2584,5.0000000);
#2586 = CARTESIAN_POINT('s16_top_e2_origin',(-20.1525433,-32.8804653,18.0000000));
#2587 = LINE('s16_top_e2_line',#2586,#2585);
#2588 = EDGE_CURVE('s16_top_e2',#2547,#2548,#2587,.T.);
#2589 = DIRECTION('s16_vert_e2_dir',(0.0000000,0.0000000,1.0000000));
#2590 = VECTOR('s16_vert_e2_vec',#2589,18.0000000);
#2591 = CARTESIAN_POINT('s16_vert_e2_origin',(-20.1525433,-32.8804653,0.0000000));
#2592 = LINE('s16_vert_e2_line',#2591,#2590);
#2593 = EDGE_CURVE('s16_vert_e2',#2543,#2547,#2592,.T.);
#2594 = DIRECTION('s16_bot_e3_dir',(-0.7071068,0.7071068,0.0000000));
#2595 = VECTOR('s16_bot_e3_vec',#2594,18.0000000);
#2596 = CARTESIAN_POINT('s16_bot_e3_origin',(-16.6170094,-29.3449314,0.0000000));
#2597 = LINE('s16_bot_e3_line',#2596,#2595);
#2598 = EDGE_CURVE('s16_bot_e3',#2544,#2541,#2597,.T.);
#2599 = DIRECTION('s16_top_e3_dir',(-0.7071068,0.7071068,0.0000000));
#2600 = VECTOR('s16_top_e3_vec',#2599,18.0000000);
#2601 = CARTESIAN_POINT('s16_top_e3_origin',(-16.6170094,-29.3449314,18.0000000));
#2602 = LINE('s16_top_e3_line',#2601,#2600);
#2603 = EDGE_CURVE('s16_top_e3',#2548,#2545,#2602,.T.);
#2604 = DIRECTION('s16_vert_e3_dir',(0.0000000,0.0000000,1.0000000));
#2605 = VECTOR('s16_vert_e3_vec',#2604,18.0000000);
#2606 = CARTESIAN_POINT('s16_vert_e3_origin',(-16.6170094,-29.3449314,0.0000000));
#2607 = LINE('s16_vert_e3_line',#2606,#2605);
#2608 = EDGE_CURVE('s16_vert_e3',#2544,#2548,#2607,.T.);
#2609 = ORIENTED_EDGE('',*,*,#2598,.F.);
#2610 = ORIENTED_EDGE('',*,*,#2583,.F.);
#2611 = ORIENTED_EDGE('',*,*,#2568,.F.);
#2612 = ORIENTED_EDGE('',*,*,#2553,.F.);
#2613 = EDGE_LOOP('s16_bottom_loop',(#2609,#2610,#2611,#2612));
#2614 = FACE_OUTER_BOUND('',#2613,.T.);
#2615 = CARTESIAN_POINT('s16_bottom_plane_loc',(0.0000000,0.0000000,0.0000000));
#2616 = DIRECTION('s16_bottom_plane_axis',(0.0000000,0.0000000,-1.0000000));
#2617 = DIRECTION('s16_bottom_plane_ref',(1.0000000,0.0000000,0.0000000));
#2618 = AXIS2_PLACEMENT_3D('s16_bottom_plane_place',#2615,#2616,#2617);
#2619 = PLANE('s16_bottom_plane',#2618);
#2620 = ADVANCED_FACE('s16_bottom_face',(#2614),#2619,.T.);
#2621 = ORIENTED_EDGE('',*,*,#2558,.T.);
#2622 = ORIENTED_EDGE('',*,*,#2573,.T.);
#2623 = ORIENTED_EDGE('',*,*,#2588,.T.);
#2624 = ORIENTED_EDGE('',*,*,#2603,.T.);
#2625 = EDGE_LOOP('s16_top_loop',(#2621,#2622,#2623,#2624));
#2626 = FACE_OUTER_BOUND('',#2625,.T.);
#2627 = CARTESIAN_POINT('s16_top_plane_loc',(0.0000000,0.0000000,18.0000000));
#2628 = DIRECTION('s16_top_plane_axis',(0.0000000,0.0000000,1.0000000));
#2629 = DIRECTION('s16_top_plane_ref',(1.0000000,0.0000000,0.0000000));
#2630 = AXIS2_PLACEMENT_3D('s16_top_plane_place',#2627,#2628,#2629);
#2631 = PLANE('s16_top_plane',#2630);
#2632 = ADVANCED_FACE('s16_top_face',(#2626),#2631,.T.);
#2633 = ORIENTED_EDGE('',*,*,#2553,.T.);
#2634 = ORIENTED_EDGE('',*,*,#2578,.T.);
#2635 = ORIENTED_EDGE('',*,*,#2558,.F.);
#2636 = ORIENTED_EDGE('',*,*,#2563,.F.);
#2637 = EDGE_LOOP('s16_side_loop_0',(#2633,#2634,#2635,#2636));
#2638 = FACE_OUTER_BOUND('',#2637,.T.);
#2639 = CARTESIAN_POINT('s16_side_plane_0_loc',(-31.1126984,-18.3847763,0.0000000));
#2640 = DIRECTION('s16_side_plane_0_axis',(-0.7071068,0.7071068,0.0000000));
#2641 = DIRECTION('s16_side_plane_0_ref',(-0.7071068,-0.7071068,0.0000000));
#2642 = AXIS2_PLACEMENT_3D('s16_side_plane_0_place',#2639,#2640,#2641);
#2643 = PLANE('s16_side_plane_0',#2642);
#2644 = ADVANCED_FACE('s16_side_face_0',(#2638),#2643,.T.);
#2645 = ORIENTED_EDGE('',*,*,#2568,.T.);
#2646 = ORIENTED_EDGE('',*,*,#2593,.T.);
#2647 = ORIENTED_EDGE('',*,*,#2573,.F.);
#2648 = ORIENTED_EDGE('',*,*,#2578,.F.);
#2649 = EDGE_LOOP('s16_side_loop_1',(#2645,#2646,#2647,#2648));
#2650 = FACE_OUTER_BOUND('',#2649,.T.);
#2651 = CARTESIAN_POINT('s16_side_plane_1_loc',(-26.5165043,-26.5165043,0.0000000));
#2652 = DIRECTION('s16_side_plane_1_axis',(-0.7071068,-0.7071068,0.0000000));
#2653 = DIRECTION('s16_side_plane_1_ref',(0.7071068,-0.7071068,0.0000000));
#2654 = AXIS2_PLACEMENT_3D('s16_side_plane_1_place',#2651,#2652,#2653);
#2655 = PLANE('s16_side_plane_1',#2654);
#2656 = ADVANCED_FACE('s16_side_face_1',(#2650),#2655,.T.);
#2657 = ORIENTED_EDGE('',*,*,#2583,.T.);
#2658 = ORIENTED_EDGE('',*,*,#2608,.T.);
#2659 = ORIENTED_EDGE('',*,*,#2588,.F.);
#2660 = ORIENTED_EDGE('',*,*,#2593,.F.);
#2661 = EDGE_LOOP('s16_side_loop_2',(#2657,#2658,#2659,#2660));
#2662 = FACE_OUTER_BOUND('',#2661,.T.);
#2663 = CARTESIAN_POINT('s16_side_plane_2_loc',(-18.3847763,-31.1126984,0.0000000));
#2664 = DIRECTION('s16_side_plane_2_axis',(0.7071068,-0.7071068,0.0000000));
#2665 = DIRECTION('s16_side_plane_2_ref',(0.7071068,0.7071068,0.0000000));
#2666 = AXIS2_PLACEMENT_3D('s16_side_plane_2_place',#2663,#2664,#2665);
#2667 = PLANE('s16_side_plane_2',#2666);
#2668 = ADVANCED_FACE('s16_side_face_2',(#2662),#2667,.T.);
#2669 = ORIENTED_EDGE('',*,*,#2598,.T.);
#2670 = ORIENTED_EDGE('',*,*,#2563,.T.);
#2671 = ORIENTED_EDGE('',*,*,#2603,.F.);
#2672 = ORIENTED_EDGE('',*,*,#2608,.F.);
#2673 = EDGE_LOOP('s16_side_loop_3',(#2669,#2670,#2671,#2672));
#2674 = FACE_OUTER_BOUND('',#2673,.T.);
#2675 = CARTESIAN_POINT('s16_side_plane_3_loc',(-22.9809704,-22.9809704,0.0000000));
#2676 = DIRECTION('s16_side_plane_3_axis',(0.7071068,0.7071068,0.0000000));
#2677 = DIRECTION('s16_side_plane_3_ref',(-0.7071068,0.7071068,0.0000000));
#2678 = AXIS2_PLACEMENT_3D('s16_side_plane_3_place',#2675,#2676,#2677);
#2679 = PLANE('s16_side_plane_3',#2678);
#2680 = ADVANCED_FACE('s16_side_face_3',(#2674),#2679,.T.);
#2681 = CLOSED_SHELL('Blade16_shell',(#2620,#2632,#2644,#2656,#2668,#2680));
#2682 = MANIFOLD_SOLID_BREP('Blade16_solid',#2681);
#2683 = CARTESIAN_POINT('s17_bot_0',(-24.0442286,-23.6458256,0.0000000));
#2684 = CARTESIAN_POINT('s17_bot_1',(-26.5442286,-27.9759526,0.0000000));
#2685 = CARTESIAN_POINT('s17_bot_2',(-10.9557714,-36.9759526,0.0000000));
#2686 = CARTESIAN_POINT('s17_bot_3',(-8.4557714,-32.6458256,0.0000000));
#2687 = CARTESIAN_POINT('s17_top_0',(-24.0442286,-23.6458256,18.0000000));
#2688 = CARTESIAN_POINT('s17_top_1',(-26.5442286,-27.9759526,18.0000000));
#2689 = CARTESIAN_POINT('s17_top_2',(-10.9557714,-36.9759526,18.0000000));
#2690 = CARTESIAN_POINT('s17_top_3',(-8.4557714,-32.6458256,18.0000000));
#2691 = VERTEX_POINT('s17_bot_v0',#2683);
#2692 = VERTEX_POINT('s17_bot_v1',#2684);
#2693 = VERTEX_POINT('s17_bot_v2',#2685);
#2694 = VERTEX_POINT('s17_bot_v3',#2686);
#2695 = VERTEX_POINT('s17_top_v0',#2687);
#2696 = VERTEX_POINT('s17_top_v1',#2688);
#2697 = VERTEX_POINT('s17_top_v2',#2689);
#2698 = VERTEX_POINT('s17_top_v3',#2690);
#2699 = DIRECTION('s17_bot_e0_dir',(-0.5000000,-0.8660254,0.0000000));
#2700 = VECTOR('s17_bot_e0_vec',#2699,5.0000000);
#2701 = CARTESIAN_POINT('s17_bot_e0_origin',(-24.0442286,-23.6458256,0.0000000));
#2702 = LINE('s17_bot_e0_line',#2701,#2700);
#2703 = EDGE_CURVE('s17_bot_e0',#2691,#2692,#2702,.T.);
#2704 = DIRECTION('s17_top_e0_dir',(-0.5000000,-0.8660254,0.0000000));
#2705 = VECTOR('s17_top_e0_vec',#2704,5.0000000);
#2706 = CARTESIAN_POINT('s17_top_e0_origin',(-24.0442286,-23.6458256,18.0000000));
#2707 = LINE('s17_top_e0_line',#2706,#2705);
#2708 = EDGE_CURVE('s17_top_e0',#2695,#2696,#2707,.T.);
#2709 = DIRECTION('s17_vert_e0_dir',(0.0000000,0.0000000,1.0000000));
#2710 = VECTOR('s17_vert_e0_vec',#2709,18.0000000);
#2711 = CARTESIAN_POINT('s17_vert_e0_origin',(-24.0442286,-23.6458256,0.0000000));
#2712 = LINE('s17_vert_e0_line',#2711,#2710);
#2713 = EDGE_CURVE('s17_vert_e0',#2691,#2695,#2712,.T.);
#2714 = DIRECTION('s17_bot_e1_dir',(0.8660254,-0.5000000,0.0000000));
#2715 = VECTOR('s17_bot_e1_vec',#2714,18.0000000);
#2716 = CARTESIAN_POINT('s17_bot_e1_origin',(-26.5442286,-27.9759526,0.0000000));
#2717 = LINE('s17_bot_e1_line',#2716,#2715);
#2718 = EDGE_CURVE('s17_bot_e1',#2692,#2693,#2717,.T.);
#2719 = DIRECTION('s17_top_e1_dir',(0.8660254,-0.5000000,0.0000000));
#2720 = VECTOR('s17_top_e1_vec',#2719,18.0000000);
#2721 = CARTESIAN_POINT('s17_top_e1_origin',(-26.5442286,-27.9759526,18.0000000));
#2722 = LINE('s17_top_e1_line',#2721,#2720);
#2723 = EDGE_CURVE('s17_top_e1',#2696,#2697,#2722,.T.);
#2724 = DIRECTION('s17_vert_e1_dir',(0.0000000,0.0000000,1.0000000));
#2725 = VECTOR('s17_vert_e1_vec',#2724,18.0000000);
#2726 = CARTESIAN_POINT('s17_vert_e1_origin',(-26.5442286,-27.9759526,0.0000000));
#2727 = LINE('s17_vert_e1_line',#2726,#2725);
#2728 = EDGE_CURVE('s17_vert_e1',#2692,#2696,#2727,.T.);
#2729 = DIRECTION('s17_bot_e2_dir',(0.5000000,0.8660254,0.0000000));
#2730 = VECTOR('s17_bot_e2_vec',#2729,5.0000000);
#2731 = CARTESIAN_POINT('s17_bot_e2_origin',(-10.9557714,-36.9759526,0.0000000));
#2732 = LINE('s17_bot_e2_line',#2731,#2730);
#2733 = EDGE_CURVE('s17_bot_e2',#2693,#2694,#2732,.T.);
#2734 = DIRECTION('s17_top_e2_dir',(0.5000000,0.8660254,0.0000000));
#2735 = VECTOR('s17_top_e2_vec',#2734,5.0000000);
#2736 = CARTESIAN_POINT('s17_top_e2_origin',(-10.9557714,-36.9759526,18.0000000));
#2737 = LINE('s17_top_e2_line',#2736,#2735);
#2738 = EDGE_CURVE('s17_top_e2',#2697,#2698,#2737,.T.);
#2739 = DIRECTION('s17_vert_e2_dir',(0.0000000,0.0000000,1.0000000));
#2740 = VECTOR('s17_vert_e2_vec',#2739,18.0000000);
#2741 = CARTESIAN_POINT('s17_vert_e2_origin',(-10.9557714,-36.9759526,0.0000000));
#2742 = LINE('s17_vert_e2_line',#2741,#2740);
#2743 = EDGE_CURVE('s17_vert_e2',#2693,#2697,#2742,.T.);
#2744 = DIRECTION('s17_bot_e3_dir',(-0.8660254,0.5000000,0.0000000));
#2745 = VECTOR('s17_bot_e3_vec',#2744,18.0000000);
#2746 = CARTESIAN_POINT('s17_bot_e3_origin',(-8.4557714,-32.6458256,0.0000000));
#2747 = LINE('s17_bot_e3_line',#2746,#2745);
#2748 = EDGE_CURVE('s17_bot_e3',#2694,#2691,#2747,.T.);
#2749 = DIRECTION('s17_top_e3_dir',(-0.8660254,0.5000000,0.0000000));
#2750 = VECTOR('s17_top_e3_vec',#2749,18.0000000);
#2751 = CARTESIAN_POINT('s17_top_e3_origin',(-8.4557714,-32.6458256,18.0000000));
#2752 = LINE('s17_top_e3_line',#2751,#2750);
#2753 = EDGE_CURVE('s17_top_e3',#2698,#2695,#2752,.T.);
#2754 = DIRECTION('s17_vert_e3_dir',(0.0000000,0.0000000,1.0000000));
#2755 = VECTOR('s17_vert_e3_vec',#2754,18.0000000);
#2756 = CARTESIAN_POINT('s17_vert_e3_origin',(-8.4557714,-32.6458256,0.0000000));
#2757 = LINE('s17_vert_e3_line',#2756,#2755);
#2758 = EDGE_CURVE('s17_vert_e3',#2694,#2698,#2757,.T.);
#2759 = ORIENTED_EDGE('',*,*,#2748,.F.);
#2760 = ORIENTED_EDGE('',*,*,#2733,.F.);
#2761 = ORIENTED_EDGE('',*,*,#2718,.F.);
#2762 = ORIENTED_EDGE('',*,*,#2703,.F.);
#2763 = EDGE_LOOP('s17_bottom_loop',(#2759,#2760,#2761,#2762));
#2764 = FACE_OUTER_BOUND('',#2763,.T.);
#2765 = CARTESIAN_POINT('s17_bottom_plane_loc',(0.0000000,0.0000000,0.0000000));
#2766 = DIRECTION('s17_bottom_plane_axis',(0.0000000,0.0000000,-1.0000000));
#2767 = DIRECTION('s17_bottom_plane_ref',(1.0000000,0.0000000,0.0000000));
#2768 = AXIS2_PLACEMENT_3D('s17_bottom_plane_place',#2765,#2766,#2767);
#2769 = PLANE('s17_bottom_plane',#2768);
#2770 = ADVANCED_FACE('s17_bottom_face',(#2764),#2769,.T.);
#2771 = ORIENTED_EDGE('',*,*,#2708,.T.);
#2772 = ORIENTED_EDGE('',*,*,#2723,.T.);
#2773 = ORIENTED_EDGE('',*,*,#2738,.T.);
#2774 = ORIENTED_EDGE('',*,*,#2753,.T.);
#2775 = EDGE_LOOP('s17_top_loop',(#2771,#2772,#2773,#2774));
#2776 = FACE_OUTER_BOUND('',#2775,.T.);
#2777 = CARTESIAN_POINT('s17_top_plane_loc',(0.0000000,0.0000000,18.0000000));
#2778 = DIRECTION('s17_top_plane_axis',(0.0000000,0.0000000,1.0000000));
#2779 = DIRECTION('s17_top_plane_ref',(1.0000000,0.0000000,0.0000000));
#2780 = AXIS2_PLACEMENT_3D('s17_top_plane_place',#2777,#2778,#2779);
#2781 = PLANE('s17_top_plane',#2780);
#2782 = ADVANCED_FACE('s17_top_face',(#2776),#2781,.T.);
#2783 = ORIENTED_EDGE('',*,*,#2703,.T.);
#2784 = ORIENTED_EDGE('',*,*,#2728,.T.);
#2785 = ORIENTED_EDGE('',*,*,#2708,.F.);
#2786 = ORIENTED_EDGE('',*,*,#2713,.F.);
#2787 = EDGE_LOOP('s17_side_loop_0',(#2783,#2784,#2785,#2786));
#2788 = FACE_OUTER_BOUND('',#2787,.T.);
#2789 = CARTESIAN_POINT('s17_side_plane_0_loc',(-25.2942286,-25.8108891,0.0000000));
#2790 = DIRECTION('s17_side_plane_0_axis',(-0.8660254,0.5000000,0.0000000));
#2791 = DIRECTION('s17_side_plane_0_ref',(-0.5000000,-0.8660254,0.0000000));
#2792 = AXIS2_PLACEMENT_3D('s17_side_plane_0_place',#2789,#2790,#2791);
#2793 = PLANE('s17_side_plane_0',#2792);
#2794 = ADVANCED_FACE('s17_side_face_0',(#2788),#2793,.T.);
#2795 = ORIENTED_EDGE('',*,*,#2718,.T.);
#2796 = ORIENTED_EDGE('',*,*,#2743,.T.);
#2797 = ORIENTED_EDGE('',*,*,#2723,.F.);
#2798 = ORIENTED_EDGE('',*,*,#2728,.F.);
#2799 = EDGE_LOOP('s17_side_loop_1',(#2795,#2796,#2797,#2798));
#2800 = FACE_OUTER_BOUND('',#2799,.T.);
#2801 = CARTESIAN_POINT('s17_side_plane_1_loc',(-18.7500000,-32.4759526,0.0000000));
#2802 = DIRECTION('s17_side_plane_1_axis',(-0.5000000,-0.8660254,0.0000000));
#2803 = DIRECTION('s17_side_plane_1_ref',(0.8660254,-0.5000000,0.0000000));
#2804 = AXIS2_PLACEMENT_3D('s17_side_plane_1_place',#2801,#2802,#2803);
#2805 = PLANE('s17_side_plane_1',#2804);
#2806 = ADVANCED_FACE('s17_side_face_1',(#2800),#2805,.T.);
#2807 = ORIENTED_EDGE('',*,*,#2733,.T.);
#2808 = ORIENTED_EDGE('',*,*,#2758,.T.);
#2809 = ORIENTED_EDGE('',*,*,#2738,.F.);
#2810 = ORIENTED_EDGE('',*,*,#2743,.F.);
#2811 = EDGE_LOOP('s17_side_loop_2',(#2807,#2808,#2809,#2810));
#2812 = FACE_OUTER_BOUND('',#2811,.T.);
#2813 = CARTESIAN_POINT('s17_side_plane_2_loc',(-9.7057714,-34.8108891,0.0000000));
#2814 = DIRECTION('s17_side_plane_2_axis',(0.8660254,-0.5000000,0.0000000));
#2815 = DIRECTION('s17_side_plane_2_ref',(0.5000000,0.8660254,0.0000000));
#2816 = AXIS2_PLACEMENT_3D('s17_side_plane_2_place',#2813,#2814,#2815);
#2817 = PLANE('s17_side_plane_2',#2816);
#2818 = ADVANCED_FACE('s17_side_face_2',(#2812),#2817,.T.);
#2819 = ORIENTED_EDGE('',*,*,#2748,.T.);
#2820 = ORIENTED_EDGE('',*,*,#2713,.T.);
#2821 = ORIENTED_EDGE('',*,*,#2753,.F.);
#2822 = ORIENTED_EDGE('',*,*,#2758,.F.);
#2823 = EDGE_LOOP('s17_side_loop_3',(#2819,#2820,#2821,#2822));
#2824 = FACE_OUTER_BOUND('',#2823,.T.);
#2825 = CARTESIAN_POINT('s17_side_plane_3_loc',(-16.2500000,-28.1458256,0.0000000));
#2826 = DIRECTION('s17_side_plane_3_axis',(0.5000000,0.8660254,0.0000000));
#2827 = DIRECTION('s17_side_plane_3_ref',(-0.8660254,0.5000000,0.0000000));
#2828 = AXIS2_PLACEMENT_3D('s17_side_plane_3_place',#2825,#2826,#2827);
#2829 = PLANE('s17_side_plane_3',#2828);
#2830 = ADVANCED_FACE('s17_side_face_3',(#2824),#2829,.T.);
#2831 = CLOSED_SHELL('Blade17_shell',(#2770,#2782,#2794,#2806,#2818,#2830));
#2832 = MANIFOLD_SOLID_BREP('Blade17_solid',#2831);
#2833 = CARTESIAN_POINT('s18_bot_0',(-17.1049514,-29.0632179,0.0000000));
#2834 = CARTESIAN_POINT('s18_bot_1',(-18.3990466,-33.8928471,0.0000000));
#2835 = CARTESIAN_POINT('s18_bot_2',(-1.0123818,-38.5515899,0.0000000));
#2836 = CARTESIAN_POINT('s18_bot_3',(0.2817135,-33.7219608,0.0000000));
#2837 = CARTESIAN_POINT('s18_top_0',(-17.1049514,-29.0632179,18.0000000));
#2838 = CARTESIAN_POINT('s18_top_1',(-18.3990466,-33.8928471,18.0000000));
#2839 = CARTESIAN_POINT('s18_top_2',(-1.0123818,-38.5515899,18.0000000));
#2840 = CARTESIAN_POINT('s18_top_3',(0.2817135,-33.7219608,18.0000000));
#2841 = VERTEX_POINT('s18_bot_v0',#2833);
#2842 = VERTEX_POINT('s18_bot_v1',#2834);
#2843 = VERTEX_POINT('s18_bot_v2',#2835);
#2844 = VERTEX_POINT('s18_bot_v3',#2836);
#2845 = VERTEX_POINT('s18_top_v0',#2837);
#2846 = VERTEX_POINT('s18_top_v1',#2838);
#2847 = VERTEX_POINT('s18_top_v2',#2839);
#2848 = VERTEX_POINT('s18_top_v3',#2840);
#2849 = DIRECTION('s18_bot_e0_dir',(-0.2588190,-0.9659258,0.0000000));
#2850 = VECTOR('s18_bot_e0_vec',#2849,5.0000000);
#2851 = CARTESIAN_POINT('s18_bot_e0_origin',(-17.1049514,-29.0632179,0.0000000));
#2852 = LINE('s18_bot_e0_line',#2851,#2850);
#2853 = EDGE_CURVE('s18_bot_e0',#2841,#2842,#2852,.T.);
#2854 = DIRECTION('s18_top_e0_dir',(-0.2588190,-0.9659258,0.0000000));
#2855 = VECTOR('s18_top_e0_vec',#2854,5.0000000);
#2856 = CARTESIAN_POINT('s18_top_e0_origin',(-17.1049514,-29.0632179,18.0000000));
#2857 = LINE('s18_top_e0_line',#2856,#2855);
#2858 = EDGE_CURVE('s18_top_e0',#2845,#2846,#2857,.T.);
#2859 = DIRECTION('s18_vert_e0_dir',(0.0000000,0.0000000,1.0000000));
#2860 = VECTOR('s18_vert_e0_vec',#2859,18.0000000);
#2861 = CARTESIAN_POINT('s18_vert_e0_origin',(-17.1049514,-29.0632179,0.0000000));
#2862 = LINE('s18_vert_e0_line',#2861,#2860);
#2863 = EDGE_CURVE('s18_vert_e0',#2841,#2845,#2862,.T.);
#2864 = DIRECTION('s18_bot_e1_dir',(0.9659258,-0.2588190,0.0000000));
#2865 = VECTOR('s18_bot_e1_vec',#2864,18.0000000);
#2866 = CARTESIAN_POINT('s18_bot_e1_origin',(-18.3990466,-33.8928471,0.0000000));
#2867 = LINE('s18_bot_e1_line',#2866,#2865);
#2868 = EDGE_CURVE('s18_bot_e1',#2842,#2843,#2867,.T.);
#2869 = DIRECTION('s18_top_e1_dir',(0.9659258,-0.2588190,0.0000000));
#2870 = VECTOR('s18_top_e1_vec',#2869,18.0000000);
#2871 = CARTESIAN_POINT('s18_top_e1_origin',(-18.3990466,-33.8928471,18.0000000));
#2872 = LINE('s18_top_e1_line',#2871,#2870);
#2873 = EDGE_CURVE('s18_top_e1',#2846,#2847,#2872,.T.);
#2874 = DIRECTION('s18_vert_e1_dir',(0.0000000,0.0000000,1.0000000));
#2875 = VECTOR('s18_vert_e1_vec',#2874,18.0000000);
#2876 = CARTESIAN_POINT('s18_vert_e1_origin',(-18.3990466,-33.8928471,0.0000000));
#2877 = LINE('s18_vert_e1_line',#2876,#2875);
#2878 = EDGE_CURVE('s18_vert_e1',#2842,#2846,#2877,.T.);
#2879 = DIRECTION('s18_bot_e2_dir',(0.2588190,0.9659258,0.0000000));
#2880 = VECTOR('s18_bot_e2_vec',#2879,5.0000000);
#2881 = CARTESIAN_POINT('s18_bot_e2_origin',(-1.0123818,-38.5515899,0.0000000));
#2882 = LINE('s18_bot_e2_line',#2881,#2880);
#2883 = EDGE_CURVE('s18_bot_e2',#2843,#2844,#2882,.T.);
#2884 = DIRECTION('s18_top_e2_dir',(0.2588190,0.9659258,0.0000000));
#2885 = VECTOR('s18_top_e2_vec',#2884,5.0000000);
#2886 = CARTESIAN_POINT('s18_top_e2_origin',(-1.0123818,-38.5515899,18.0000000));
#2887 = LINE('s18_top_e2_line',#2886,#2885);
#2888 = EDGE_CURVE('s18_top_e2',#2847,#2848,#2887,.T.);
#2889 = DIRECTION('s18_vert_e2_dir',(0.0000000,0.0000000,1.0000000));
#2890 = VECTOR('s18_vert_e2_vec',#2889,18.0000000);
#2891 = CARTESIAN_POINT('s18_vert_e2_origin',(-1.0123818,-38.5515899,0.0000000));
#2892 = LINE('s18_vert_e2_line',#2891,#2890);
#2893 = EDGE_CURVE('s18_vert_e2',#2843,#2847,#2892,.T.);
#2894 = DIRECTION('s18_bot_e3_dir',(-0.9659258,0.2588190,0.0000000));
#2895 = VECTOR('s18_bot_e3_vec',#2894,18.0000000);
#2896 = CARTESIAN_POINT('s18_bot_e3_origin',(0.2817135,-33.7219608,0.0000000));
#2897 = LINE('s18_bot_e3_line',#2896,#2895);
#2898 = EDGE_CURVE('s18_bot_e3',#2844,#2841,#2897,.T.);
#2899 = DIRECTION('s18_top_e3_dir',(-0.9659258,0.2588190,0.0000000));
#2900 = VECTOR('s18_top_e3_vec',#2899,18.0000000);
#2901 = CARTESIAN_POINT('s18_top_e3_origin',(0.2817135,-33.7219608,18.0000000));
#2902 = LINE('s18_top_e3_line',#2901,#2900);
#2903 = EDGE_CURVE('s18_top_e3',#2848,#2845,#2902,.T.);
#2904 = DIRECTION('s18_vert_e3_dir',(0.0000000,0.0000000,1.0000000));
#2905 = VECTOR('s18_vert_e3_vec',#2904,18.0000000);
#2906 = CARTESIAN_POINT('s18_vert_e3_origin',(0.2817135,-33.7219608,0.0000000));
#2907 = LINE('s18_vert_e3_line',#2906,#2905);
#2908 = EDGE_CURVE('s18_vert_e3',#2844,#2848,#2907,.T.);
#2909 = ORIENTED_EDGE('',*,*,#2898,.F.);
#2910 = ORIENTED_EDGE('',*,*,#2883,.F.);
#2911 = ORIENTED_EDGE('',*,*,#2868,.F.);
#2912 = ORIENTED_EDGE('',*,*,#2853,.F.);
#2913 = EDGE_LOOP('s18_bottom_loop',(#2909,#2910,#2911,#2912));
#2914 = FACE_OUTER_BOUND('',#2913,.T.);
#2915 = CARTESIAN_POINT('s18_bottom_plane_loc',(0.0000000,0.0000000,0.0000000));
#2916 = DIRECTION('s18_bottom_plane_axis',(0.0000000,0.0000000,-1.0000000));
#2917 = DIRECTION('s18_bottom_plane_ref',(1.0000000,0.0000000,0.0000000));
#2918 = AXIS2_PLACEMENT_3D('s18_bottom_plane_place',#2915,#2916,#2917);
#2919 = PLANE('s18_bottom_plane',#2918);
#2920 = ADVANCED_FACE('s18_bottom_face',(#2914),#2919,.T.);
#2921 = ORIENTED_EDGE('',*,*,#2858,.T.);
#2922 = ORIENTED_EDGE('',*,*,#2873,.T.);
#2923 = ORIENTED_EDGE('',*,*,#2888,.T.);
#2924 = ORIENTED_EDGE('',*,*,#2903,.T.);
#2925 = EDGE_LOOP('s18_top_loop',(#2921,#2922,#2923,#2924));
#2926 = FACE_OUTER_BOUND('',#2925,.T.);
#2927 = CARTESIAN_POINT('s18_top_plane_loc',(0.0000000,0.0000000,18.0000000));
#2928 = DIRECTION('s18_top_plane_axis',(0.0000000,0.0000000,1.0000000));
#2929 = DIRECTION('s18_top_plane_ref',(1.0000000,0.0000000,0.0000000));
#2930 = AXIS2_PLACEMENT_3D('s18_top_plane_place',#2927,#2928,#2929);
#2931 = PLANE('s18_top_plane',#2930);
#2932 = ADVANCED_FACE('s18_top_face',(#2926),#2931,.T.);
#2933 = ORIENTED_EDGE('',*,*,#2853,.T.);
#2934 = ORIENTED_EDGE('',*,*,#2878,.T.);
#2935 = ORIENTED_EDGE('',*,*,#2858,.F.);
#2936 = ORIENTED_EDGE('',*,*,#2863,.F.);
#2937 = EDGE_LOOP('s18_side_loop_0',(#2933,#2934,#2935,#2936));
#2938 = FACE_OUTER_BOUND('',#2937,.T.);
#2939 = CARTESIAN_POINT('s18_side_plane_0_loc',(-17.7519990,-31.4780325,0.0000000));
#2940 = DIRECTION('s18_side_plane_0_axis',(-0.9659258,0.2588190,0.0000000));
#2941 = DIRECTION('s18_side_plane_0_ref',(-0.2588190,-0.9659258,0.0000000));
#2942 = AXIS2_PLACEMENT_3D('s18_side_plane_0_place',#2939,#2940,#2941);
#2943 = PLANE('s18_side_plane_0',#2942);
#2944 = ADVANCED_FACE('s18_side_face_0',(#2938),#2943,.T.);
#2945 = ORIENTED_EDGE('',*,*,#2868,.T.);
#2946 = ORIENTED_EDGE('',*,*,#2893,.T.);
#2947 = ORIENTED_EDGE('',*,*,#2873,.F.);
#2948 = ORIENTED_EDGE('',*,*,#2878,.F.);
#2949 = EDGE_LOOP('s18_side_loop_1',(#2945,#2946,#2947,#2948));
#2950 = FACE_OUTER_BOUND('',#2949,.T.);
#2951 = CARTESIAN_POINT('s18_side_plane_1_loc',(-9.7057142,-36.2222185,0.0000000));
#2952 = DIRECTION('s18_side_plane_1_axis',(-0.2588190,-0.9659258,0.0000000));
#2953 = DIRECTION('s18_side_plane_1_ref',(0.9659258,-0.2588190,0.0000000));
#2954 = AXIS2_PLACEMENT_3D('s18_side_plane_1_place',#2951,#2952,#2953);
#2955 = PLANE('s18_side_plane_1',#2954);
#2956 = ADVANCED_FACE('s18_side_face_1',(#2950),#2955,.T.);
#2957 = ORIENTED_EDGE('',*,*,#2883,.T.);
#2958 = ORIENTED_EDGE('',*,*,#2908,.T.);
#2959 = ORIENTED_EDGE('',*,*,#2888,.F.);
#2960 = ORIENTED_EDGE('',*,*,#2893,.F.);
#2961 = EDGE_LOOP('s18_side_loop_2',(#2957,#2958,#2959,#2960));
#2962 = FACE_OUTER_BOUND('',#2961,.T.);
#2963 = CARTESIAN_POINT('s18_side_plane_2_loc',(-0.3653341,-36.1367753,0.0000000));
#2964 = DIRECTION('s18_side_plane_2_axis',(0.9659258,-0.2588190,0.0000000));
#2965 = DIRECTION('s18_side_plane_2_ref',(0.2588190,0.9659258,0.0000000));
#2966 = AXIS2_PLACEMENT_3D('s18_side_plane_2_place',#2963,#2964,#2965);
#2967 = PLANE('s18_side_plane_2',#2966);
#2968 = ADVANCED_FACE('s18_side_face_2',(#2962),#2967,.T.);
#2969 = ORIENTED_EDGE('',*,*,#2898,.T.);
#2970 = ORIENTED_EDGE('',*,*,#2863,.T.);
#2971 = ORIENTED_EDGE('',*,*,#2903,.F.);
#2972 = ORIENTED_EDGE('',*,*,#2908,.F.);
#2973 = EDGE_LOOP('s18_side_loop_3',(#2969,#2970,#2971,#2972));
#2974 = FACE_OUTER_BOUND('',#2973,.T.);
#2975 = CARTESIAN_POINT('s18_side_plane_3_loc',(-8.4116190,-31.3925894,0.0000000));
#2976 = DIRECTION('s18_side_plane_3_axis',(0.2588190,0.9659258,0.0000000));
#2977 = DIRECTION('s18_side_plane_3_ref',(-0.9659258,0.2588190,0.0000000));
#2978 = AXIS2_PLACEMENT_3D('s18_side_plane_3_place',#2975,#2976,#2977);
#2979 = PLANE('s18_side_plane_3',#2978);
#2980 = ADVANCED_FACE('s18_side_face_3',(#2974),#2979,.T.);
#2981 = CLOSED_SHELL('Blade18_shell',(#2920,#2932,#2944,#2956,#2968,#2980));
#2982 = MANIFOLD_SOLID_BREP('Blade18_solid',#2981);
#2983 = CARTESIAN_POINT('s19_bot_0',(-9.0000000,-32.5000000,0.0000000));
#2984 = CARTESIAN_POINT('s19_bot_1',(-9.0000000,-37.5000000,0.0000000));
#2985 = CARTESIAN_POINT('s19_bot_2',(9.0000000,-37.5000000,0.0000000));
#2986 = CARTESIAN_POINT('s19_bot_3',(9.0000000,-32.5000000,0.0000000));
#2987 = CARTESIAN_POINT('s19_top_0',(-9.0000000,-32.5000000,18.0000000));
#2988 = CARTESIAN_POINT('s19_top_1',(-9.0000000,-37.5000000,18.0000000));
#2989 = CARTESIAN_POINT('s19_top_2',(9.0000000,-37.5000000,18.0000000));
#2990 = CARTESIAN_POINT('s19_top_3',(9.0000000,-32.5000000,18.0000000));
#2991 = VERTEX_POINT('s19_bot_v0',#2983);
#2992 = VERTEX_POINT('s19_bot_v1',#2984);
#2993 = VERTEX_POINT('s19_bot_v2',#2985);
#2994 = VERTEX_POINT('s19_bot_v3',#2986);
#2995 = VERTEX_POINT('s19_top_v0',#2987);
#2996 = VERTEX_POINT('s19_top_v1',#2988);
#2997 = VERTEX_POINT('s19_top_v2',#2989);
#2998 = VERTEX_POINT('s19_top_v3',#2990);
#2999 = DIRECTION('s19_bot_e0_dir',(0.0000000,-1.0000000,0.0000000));
#3000 = VECTOR('s19_bot_e0_vec',#2999,5.0000000);
#3001 = CARTESIAN_POINT('s19_bot_e0_origin',(-9.0000000,-32.5000000,0.0000000));
#3002 = LINE('s19_bot_e0_line',#3001,#3000);
#3003 = EDGE_CURVE('s19_bot_e0',#2991,#2992,#3002,.T.);
#3004 = DIRECTION('s19_top_e0_dir',(0.0000000,-1.0000000,0.0000000));
#3005 = VECTOR('s19_top_e0_vec',#3004,5.0000000);
#3006 = CARTESIAN_POINT('s19_top_e0_origin',(-9.0000000,-32.5000000,18.0000000));
#3007 = LINE('s19_top_e0_line',#3006,#3005);
#3008 = EDGE_CURVE('s19_top_e0',#2995,#2996,#3007,.T.);
#3009 = DIRECTION('s19_vert_e0_dir',(0.0000000,0.0000000,1.0000000));
#3010 = VECTOR('s19_vert_e0_vec',#3009,18.0000000);
#3011 = CARTESIAN_POINT('s19_vert_e0_origin',(-9.0000000,-32.5000000,0.0000000));
#3012 = LINE('s19_vert_e0_line',#3011,#3010);
#3013 = EDGE_CURVE('s19_vert_e0',#2991,#2995,#3012,.T.);
#3014 = DIRECTION('s19_bot_e1_dir',(1.0000000,0.0000000,0.0000000));
#3015 = VECTOR('s19_bot_e1_vec',#3014,18.0000000);
#3016 = CARTESIAN_POINT('s19_bot_e1_origin',(-9.0000000,-37.5000000,0.0000000));
#3017 = LINE('s19_bot_e1_line',#3016,#3015);
#3018 = EDGE_CURVE('s19_bot_e1',#2992,#2993,#3017,.T.);
#3019 = DIRECTION('s19_top_e1_dir',(1.0000000,0.0000000,0.0000000));
#3020 = VECTOR('s19_top_e1_vec',#3019,18.0000000);
#3021 = CARTESIAN_POINT('s19_top_e1_origin',(-9.0000000,-37.5000000,18.0000000));
#3022 = LINE('s19_top_e1_line',#3021,#3020);
#3023 = EDGE_CURVE('s19_top_e1',#2996,#2997,#3022,.T.);
#3024 = DIRECTION('s19_vert_e1_dir',(0.0000000,0.0000000,1.0000000));
#3025 = VECTOR('s19_vert_e1_vec',#3024,18.0000000);
#3026 = CARTESIAN_POINT('s19_vert_e1_origin',(-9.0000000,-37.5000000,0.0000000));
#3027 = LINE('s19_vert_e1_line',#3026,#3025);
#3028 = EDGE_CURVE('s19_vert_e1',#2992,#2996,#3027,.T.);
#3029 = DIRECTION('s19_bot_e2_dir',(0.0000000,1.0000000,0.0000000));
#3030 = VECTOR('s19_bot_e2_vec',#3029,5.0000000);
#3031 = CARTESIAN_POINT('s19_bot_e2_origin',(9.0000000,-37.5000000,0.0000000));
#3032 = LINE('s19_bot_e2_line',#3031,#3030);
#3033 = EDGE_CURVE('s19_bot_e2',#2993,#2994,#3032,.T.);
#3034 = DIRECTION('s19_top_e2_dir',(0.0000000,1.0000000,0.0000000));
#3035 = VECTOR('s19_top_e2_vec',#3034,5.0000000);
#3036 = CARTESIAN_POINT('s19_top_e2_origin',(9.0000000,-37.5000000,18.0000000));
#3037 = LINE('s19_top_e2_line',#3036,#3035);
#3038 = EDGE_CURVE('s19_top_e2',#2997,#2998,#3037,.T.);
#3039 = DIRECTION('s19_vert_e2_dir',(0.0000000,0.0000000,1.0000000));
#3040 = VECTOR('s19_vert_e2_vec',#3039,18.0000000);
#3041 = CARTESIAN_POINT('s19_vert_e2_origin',(9.0000000,-37.5000000,0.0000000));
#3042 = LINE('s19_vert_e2_line',#3041,#3040);
#3043 = EDGE_CURVE('s19_vert_e2',#2993,#2997,#3042,.T.);
#3044 = DIRECTION('s19_bot_e3_dir',(-1.0000000,0.0000000,0.0000000));
#3045 = VECTOR('s19_bot_e3_vec',#3044,18.0000000);
#3046 = CARTESIAN_POINT('s19_bot_e3_origin',(9.0000000,-32.5000000,0.0000000));
#3047 = LINE('s19_bot_e3_line',#3046,#3045);
#3048 = EDGE_CURVE('s19_bot_e3',#2994,#2991,#3047,.T.);
#3049 = DIRECTION('s19_top_e3_dir',(-1.0000000,0.0000000,0.0000000));
#3050 = VECTOR('s19_top_e3_vec',#3049,18.0000000);
#3051 = CARTESIAN_POINT('s19_top_e3_origin',(9.0000000,-32.5000000,18.0000000));
#3052 = LINE('s19_top_e3_line',#3051,#3050);
#3053 = EDGE_CURVE('s19_top_e3',#2998,#2995,#3052,.T.);
#3054 = DIRECTION('s19_vert_e3_dir',(0.0000000,0.0000000,1.0000000));
#3055 = VECTOR('s19_vert_e3_vec',#3054,18.0000000);
#3056 = CARTESIAN_POINT('s19_vert_e3_origin',(9.0000000,-32.5000000,0.0000000));
#3057 = LINE('s19_vert_e3_line',#3056,#3055);
#3058 = EDGE_CURVE('s19_vert_e3',#2994,#2998,#3057,.T.);
#3059 = ORIENTED_EDGE('',*,*,#3048,.F.);
#3060 = ORIENTED_EDGE('',*,*,#3033,.F.);
#3061 = ORIENTED_EDGE('',*,*,#3018,.F.);
#3062 = ORIENTED_EDGE('',*,*,#3003,.F.);
#3063 = EDGE_LOOP('s19_bottom_loop',(#3059,#3060,#3061,#3062));
#3064 = FACE_OUTER_BOUND('',#3063,.T.);
#3065 = CARTESIAN_POINT('s19_bottom_plane_loc',(0.0000000,0.0000000,0.0000000));
#3066 = DIRECTION('s19_bottom_plane_axis',(0.0000000,0.0000000,-1.0000000));
#3067 = DIRECTION('s19_bottom_plane_ref',(1.0000000,0.0000000,0.0000000));
#3068 = AXIS2_PLACEMENT_3D('s19_bottom_plane_place',#3065,#3066,#3067);
#3069 = PLANE('s19_bottom_plane',#3068);
#3070 = ADVANCED_FACE('s19_bottom_face',(#3064),#3069,.T.);
#3071 = ORIENTED_EDGE('',*,*,#3008,.T.);
#3072 = ORIENTED_EDGE('',*,*,#3023,.T.);
#3073 = ORIENTED_EDGE('',*,*,#3038,.T.);
#3074 = ORIENTED_EDGE('',*,*,#3053,.T.);
#3075 = EDGE_LOOP('s19_top_loop',(#3071,#3072,#3073,#3074));
#3076 = FACE_OUTER_BOUND('',#3075,.T.);
#3077 = CARTESIAN_POINT('s19_top_plane_loc',(0.0000000,0.0000000,18.0000000));
#3078 = DIRECTION('s19_top_plane_axis',(0.0000000,0.0000000,1.0000000));
#3079 = DIRECTION('s19_top_plane_ref',(1.0000000,0.0000000,0.0000000));
#3080 = AXIS2_PLACEMENT_3D('s19_top_plane_place',#3077,#3078,#3079);
#3081 = PLANE('s19_top_plane',#3080);
#3082 = ADVANCED_FACE('s19_top_face',(#3076),#3081,.T.);
#3083 = ORIENTED_EDGE('',*,*,#3003,.T.);
#3084 = ORIENTED_EDGE('',*,*,#3028,.T.);
#3085 = ORIENTED_EDGE('',*,*,#3008,.F.);
#3086 = ORIENTED_EDGE('',*,*,#3013,.F.);
#3087 = EDGE_LOOP('s19_side_loop_0',(#3083,#3084,#3085,#3086));
#3088 = FACE_OUTER_BOUND('',#3087,.T.);
#3089 = CARTESIAN_POINT('s19_side_plane_0_loc',(-9.0000000,-35.0000000,0.0000000));
#3090 = DIRECTION('s19_side_plane_0_axis',(-1.0000000,0.0000000,0.0000000));
#3091 = DIRECTION('s19_side_plane_0_ref',(0.0000000,-1.0000000,0.0000000));
#3092 = AXIS2_PLACEMENT_3D('s19_side_plane_0_place',#3089,#3090,#3091);
#3093 = PLANE('s19_side_plane_0',#3092);
#3094 = ADVANCED_FACE('s19_side_face_0',(#3088),#3093,.T.);
#3095 = ORIENTED_EDGE('',*,*,#3018,.T.);
#3096 = ORIENTED_EDGE('',*,*,#3043,.T.);
#3097 = ORIENTED_EDGE('',*,*,#3023,.F.);
#3098 = ORIENTED_EDGE('',*,*,#3028,.F.);
#3099 = EDGE_LOOP('s19_side_loop_1',(#3095,#3096,#3097,#3098));
#3100 = FACE_OUTER_BOUND('',#3099,.T.);
#3101 = CARTESIAN_POINT('s19_side_plane_1_loc',(0.0000000,-37.5000000,0.0000000));
#3102 = DIRECTION('s19_side_plane_1_axis',(0.0000000,-1.0000000,0.0000000));
#3103 = DIRECTION('s19_side_plane_1_ref',(1.0000000,0.0000000,0.0000000));
#3104 = AXIS2_PLACEMENT_3D('s19_side_plane_1_place',#3101,#3102,#3103);
#3105 = PLANE('s19_side_plane_1',#3104);
#3106 = ADVANCED_FACE('s19_side_face_1',(#3100),#3105,.T.);
#3107 = ORIENTED_EDGE('',*,*,#3033,.T.);
#3108 = ORIENTED_EDGE('',*,*,#3058,.T.);
#3109 = ORIENTED_EDGE('',*,*,#3038,.F.);
#3110 = ORIENTED_EDGE('',*,*,#3043,.F.);
#3111 = EDGE_LOOP('s19_side_loop_2',(#3107,#3108,#3109,#3110));
#3112 = FACE_OUTER_BOUND('',#3111,.T.);
#3113 = CARTESIAN_POINT('s19_side_plane_2_loc',(9.0000000,-35.0000000,0.0000000));
#3114 = DIRECTION('s19_side_plane_2_axis',(1.0000000,0.0000000,0.0000000));
#3115 = DIRECTION('s19_side_plane_2_ref',(0.0000000,1.0000000,0.0000000));
#3116 = AXIS2_PLACEMENT_3D('s19_side_plane_2_place',#3113,#3114,#3115);
#3117 = PLANE('s19_side_plane_2',#3116);
#3118 = ADVANCED_FACE('s19_side_face_2',(#3112),#3117,.T.);
#3119 = ORIENTED_EDGE('',*,*,#3048,.T.);
#3120 = ORIENTED_EDGE('',*,*,#3013,.T.);
#3121 = ORIENTED_EDGE('',*,*,#3053,.F.);
#3122 = ORIENTED_EDGE('',*,*,#3058,.F.);
#3123 = EDGE_LOOP('s19_side_loop_3',(#3119,#3120,#3121,#3122));
#3124 = FACE_OUTER_BOUND('',#3123,.T.);
#3125 = CARTESIAN_POINT('s19_side_plane_3_loc',(0.0000000,-32.5000000,0.0000000));
#3126 = DIRECTION('s19_side_plane_3_axis',(0.0000000,1.0000000,0.0000000));
#3127 = DIRECTION('s19_side_plane_3_ref',(-1.0000000,0.0000000,0.0000000));
#3128 = AXIS2_PLACEMENT_3D('s19_side_plane_3_place',#3125,#3126,#3127);
#3129 = PLANE('s19_side_plane_3',#3128);
#3130 = ADVANCED_FACE('s19_side_face_3',(#3124),#3129,.T.);
#3131 = CLOSED_SHELL('Blade19_shell',(#3070,#3082,#3094,#3106,#3118,#3130));
#3132 = MANIFOLD_SOLID_BREP('Blade19_solid',#3131);
#3133 = CARTESIAN_POINT('s20_bot_0',(-0.2817135,-33.7219608,0.0000000));
#3134 = CARTESIAN_POINT('s20_bot_1',(1.0123818,-38.5515899,0.0000000));
#3135 = CARTESIAN_POINT('s20_bot_2',(18.3990466,-33.8928471,0.0000000));
#3136 = CARTESIAN_POINT('s20_bot_3',(17.1049514,-29.0632179,0.0000000));
#3137 = CARTESIAN_POINT('s20_top_0',(-0.2817135,-33.7219608,18.0000000));
#3138 = CARTESIAN_POINT('s20_top_1',(1.0123818,-38.5515899,18.0000000));
#3139 = CARTESIAN_POINT('s20_top_2',(18.3990466,-33.8928471,18.0000000));
#3140 = CARTESIAN_POINT('s20_top_3',(17.1049514,-29.0632179,18.0000000));
#3141 = VERTEX_POINT('s20_bot_v0',#3133);
#3142 = VERTEX_POINT('s20_bot_v1',#3134);
#3143 = VERTEX_POINT('s20_bot_v2',#3135);
#3144 = VERTEX_POINT('s20_bot_v3',#3136);
#3145 = VERTEX_POINT('s20_top_v0',#3137);
#3146 = VERTEX_POINT('s20_top_v1',#3138);
#3147 = VERTEX_POINT('s20_top_v2',#3139);
#3148 = VERTEX_POINT('s20_top_v3',#3140);
#3149 = DIRECTION('s20_bot_e0_dir',(0.2588190,-0.9659258,0.0000000));
#3150 = VECTOR('s20_bot_e0_vec',#3149,5.0000000);
#3151 = CARTESIAN_POINT('s20_bot_e0_origin',(-0.2817135,-33.7219608,0.0000000));
#3152 = LINE('s20_bot_e0_line',#3151,#3150);
#3153 = EDGE_CURVE('s20_bot_e0',#3141,#3142,#3152,.T.);
#3154 = DIRECTION('s20_top_e0_dir',(0.2588190,-0.9659258,0.0000000));
#3155 = VECTOR('s20_top_e0_vec',#3154,5.0000000);
#3156 = CARTESIAN_POINT('s20_top_e0_origin',(-0.2817135,-33.7219608,18.0000000));
#3157 = LINE('s20_top_e0_line',#3156,#3155);
#3158 = EDGE_CURVE('s20_top_e0',#3145,#3146,#3157,.T.);
#3159 = DIRECTION('s20_vert_e0_dir',(0.0000000,0.0000000,1.0000000));
#3160 = VECTOR('s20_vert_e0_vec',#3159,18.0000000);
#3161 = CARTESIAN_POINT('s20_vert_e0_origin',(-0.2817135,-33.7219608,0.0000000));
#3162 = LINE('s20_vert_e0_line',#3161,#3160);
#3163 = EDGE_CURVE('s20_vert_e0',#3141,#3145,#3162,.T.);
#3164 = DIRECTION('s20_bot_e1_dir',(0.9659258,0.2588190,0.0000000));
#3165 = VECTOR('s20_bot_e1_vec',#3164,18.0000000);
#3166 = CARTESIAN_POINT('s20_bot_e1_origin',(1.0123818,-38.5515899,0.0000000));
#3167 = LINE('s20_bot_e1_line',#3166,#3165);
#3168 = EDGE_CURVE('s20_bot_e1',#3142,#3143,#3167,.T.);
#3169 = DIRECTION('s20_top_e1_dir',(0.9659258,0.2588190,0.0000000));
#3170 = VECTOR('s20_top_e1_vec',#3169,18.0000000);
#3171 = CARTESIAN_POINT('s20_top_e1_origin',(1.0123818,-38.5515899,18.0000000));
#3172 = LINE('s20_top_e1_line',#3171,#3170);
#3173 = EDGE_CURVE('s20_top_e1',#3146,#3147,#3172,.T.);
#3174 = DIRECTION('s20_vert_e1_dir',(0.0000000,0.0000000,1.0000000));
#3175 = VECTOR('s20_vert_e1_vec',#3174,18.0000000);
#3176 = CARTESIAN_POINT('s20_vert_e1_origin',(1.0123818,-38.5515899,0.0000000));
#3177 = LINE('s20_vert_e1_line',#3176,#3175);
#3178 = EDGE_CURVE('s20_vert_e1',#3142,#3146,#3177,.T.);
#3179 = DIRECTION('s20_bot_e2_dir',(-0.2588190,0.9659258,0.0000000));
#3180 = VECTOR('s20_bot_e2_vec',#3179,5.0000000);
#3181 = CARTESIAN_POINT('s20_bot_e2_origin',(18.3990466,-33.8928471,0.0000000));
#3182 = LINE('s20_bot_e2_line',#3181,#3180);
#3183 = EDGE_CURVE('s20_bot_e2',#3143,#3144,#3182,.T.);
#3184 = DIRECTION('s20_top_e2_dir',(-0.2588190,0.9659258,0.0000000));
#3185 = VECTOR('s20_top_e2_vec',#3184,5.0000000);
#3186 = CARTESIAN_POINT('s20_top_e2_origin',(18.3990466,-33.8928471,18.0000000));
#3187 = LINE('s20_top_e2_line',#3186,#3185);
#3188 = EDGE_CURVE('s20_top_e2',#3147,#3148,#3187,.T.);
#3189 = DIRECTION('s20_vert_e2_dir',(0.0000000,0.0000000,1.0000000));
#3190 = VECTOR('s20_vert_e2_vec',#3189,18.0000000);
#3191 = CARTESIAN_POINT('s20_vert_e2_origin',(18.3990466,-33.8928471,0.0000000));
#3192 = LINE('s20_vert_e2_line',#3191,#3190);
#3193 = EDGE_CURVE('s20_vert_e2',#3143,#3147,#3192,.T.);
#3194 = DIRECTION('s20_bot_e3_dir',(-0.9659258,-0.2588190,0.0000000));
#3195 = VECTOR('s20_bot_e3_vec',#3194,18.0000000);
#3196 = CARTESIAN_POINT('s20_bot_e3_origin',(17.1049514,-29.0632179,0.0000000));
#3197 = LINE('s20_bot_e3_line',#3196,#3195);
#3198 = EDGE_CURVE('s20_bot_e3',#3144,#3141,#3197,.T.);
#3199 = DIRECTION('s20_top_e3_dir',(-0.9659258,-0.2588190,0.0000000));
#3200 = VECTOR('s20_top_e3_vec',#3199,18.0000000);
#3201 = CARTESIAN_POINT('s20_top_e3_origin',(17.1049514,-29.0632179,18.0000000));
#3202 = LINE('s20_top_e3_line',#3201,#3200);
#3203 = EDGE_CURVE('s20_top_e3',#3148,#3145,#3202,.T.);
#3204 = DIRECTION('s20_vert_e3_dir',(0.0000000,0.0000000,1.0000000));
#3205 = VECTOR('s20_vert_e3_vec',#3204,18.0000000);
#3206 = CARTESIAN_POINT('s20_vert_e3_origin',(17.1049514,-29.0632179,0.0000000));
#3207 = LINE('s20_vert_e3_line',#3206,#3205);
#3208 = EDGE_CURVE('s20_vert_e3',#3144,#3148,#3207,.T.);
#3209 = ORIENTED_EDGE('',*,*,#3198,.F.);
#3210 = ORIENTED_EDGE('',*,*,#3183,.F.);
#3211 = ORIENTED_EDGE('',*,*,#3168,.F.);
#3212 = ORIENTED_EDGE('',*,*,#3153,.F.);
#3213 = EDGE_LOOP('s20_bottom_loop',(#3209,#3210,#3211,#3212));
#3214 = FACE_OUTER_BOUND('',#3213,.T.);
#3215 = CARTESIAN_POINT('s20_bottom_plane_loc',(0.0000000,0.0000000,0.0000000));
#3216 = DIRECTION('s20_bottom_plane_axis',(0.0000000,0.0000000,-1.0000000));
#3217 = DIRECTION('s20_bottom_plane_ref',(1.0000000,0.0000000,0.0000000));
#3218 = AXIS2_PLACEMENT_3D('s20_bottom_plane_place',#3215,#3216,#3217);
#3219 = PLANE('s20_bottom_plane',#3218);
#3220 = ADVANCED_FACE('s20_bottom_face',(#3214),#3219,.T.);
#3221 = ORIENTED_EDGE('',*,*,#3158,.T.);
#3222 = ORIENTED_EDGE('',*,*,#3173,.T.);
#3223 = ORIENTED_EDGE('',*,*,#3188,.T.);
#3224 = ORIENTED_EDGE('',*,*,#3203,.T.);
#3225 = EDGE_LOOP('s20_top_loop',(#3221,#3222,#3223,#3224));
#3226 = FACE_OUTER_BOUND('',#3225,.T.);
#3227 = CARTESIAN_POINT('s20_top_plane_loc',(0.0000000,0.0000000,18.0000000));
#3228 = DIRECTION('s20_top_plane_axis',(0.0000000,0.0000000,1.0000000));
#3229 = DIRECTION('s20_top_plane_ref',(1.0000000,0.0000000,0.0000000));
#3230 = AXIS2_PLACEMENT_3D('s20_top_plane_place',#3227,#3228,#3229);
#3231 = PLANE('s20_top_plane',#3230);
#3232 = ADVANCED_FACE('s20_top_face',(#3226),#3231,.T.);
#3233 = ORIENTED_EDGE('',*,*,#3153,.T.);
#3234 = ORIENTED_EDGE('',*,*,#3178,.T.);
#3235 = ORIENTED_EDGE('',*,*,#3158,.F.);
#3236 = ORIENTED_EDGE('',*,*,#3163,.F.);
#3237 = EDGE_LOOP('s20_side_loop_0',(#3233,#3234,#3235,#3236));
#3238 = FACE_OUTER_BOUND('',#3237,.T.);
#3239 = CARTESIAN_POINT('s20_side_plane_0_loc',(0.3653341,-36.1367753,0.0000000));
#3240 = DIRECTION('s20_side_plane_0_axis',(-0.9659258,-0.2588190,0.0000000));
#3241 = DIRECTION('s20_side_plane_0_ref',(0.2588190,-0.9659258,0.0000000));
#3242 = AXIS2_PLACEMENT_3D('s20_side_plane_0_place',#3239,#3240,#3241);
#3243 = PLANE('s20_side_plane_0',#3242);
#3244 = ADVANCED_FACE('s20_side_face_0',(#3238),#3243,.T.);
#3245 = ORIENTED_EDGE('',*,*,#3168,.T.);
#3246 = ORIENTED_EDGE('',*,*,#3193,.T.);
#3247 = ORIENTED_EDGE('',*,*,#3173,.F.);
#3248 = ORIENTED_EDGE('',*,*,#3178,.F.);
#3249 = EDGE_LOOP('s20_side_loop_1',(#3245,#3246,#3247,#3248));
#3250 = FACE_OUTER_BOUND('',#3249,.T.);
#3251 = CARTESIAN_POINT('s20_side_plane_1_loc',(9.7057142,-36.2222185,0.0000000));
#3252 = DIRECTION('s20_side_plane_1_axis',(0.2588190,-0.9659258,0.0000000));
#3253 = DIRECTION('s20_side_plane_1_ref',(0.9659258,0.2588190,0.0000000));
#3254 = AXIS2_PLACEMENT_3D('s20_side_plane_1_place',#3251,#3252,#3253);
#3255 = PLANE('s20_side_plane_1',#3254);
#3256 = ADVANCED_FACE('s20_side_face_1',(#3250),#3255,.T.);
#3257 = ORIENTED_EDGE('',*,*,#3183,.T.);
#3258 = ORIENTED_EDGE('',*,*,#3208,.T.);
#3259 = ORIENTED_EDGE('',*,*,#3188,.F.);
#3260 = ORIENTED_EDGE('',*,*,#3193,.F.);
#3261 = EDGE_LOOP('s20_side_loop_2',(#3257,#3258,#3259,#3260));
#3262 = FACE_OUTER_BOUND('',#3261,.T.);
#3263 = CARTESIAN_POINT('s20_side_plane_2_loc',(17.7519990,-31.4780325,0.0000000));
#3264 = DIRECTION('s20_side_plane_2_axis',(0.9659258,0.2588190,0.0000000));
#3265 = DIRECTION('s20_side_plane_2_ref',(-0.2588190,0.9659258,0.0000000));
#3266 = AXIS2_PLACEMENT_3D('s20_side_plane_2_place',#3263,#3264,#3265);
#3267 = PLANE('s20_side_plane_2',#3266);
#3268 = ADVANCED_FACE('s20_side_face_2',(#3262),#3267,.T.);
#3269 = ORIENTED_EDGE('',*,*,#3198,.T.);
#3270 = ORIENTED_EDGE('',*,*,#3163,.T.);
#3271 = ORIENTED_EDGE('',*,*,#3203,.F.);
#3272 = ORIENTED_EDGE('',*,*,#3208,.F.);
#3273 = EDGE_LOOP('s20_side_loop_3',(#3269,#3270,#3271,#3272));
#3274 = FACE_OUTER_BOUND('',#3273,.T.);
#3275 = CARTESIAN_POINT('s20_side_plane_3_loc',(8.4116190,-31.3925894,0.0000000));
#3276 = DIRECTION('s20_side_plane_3_axis',(-0.2588190,0.9659258,0.0000000));
#3277 = DIRECTION('s20_side_plane_3_ref',(-0.9659258,-0.2588190,0.0000000));
#3278 = AXIS2_PLACEMENT_3D('s20_side_plane_3_place',#3275,#3276,#3277);
#3279 = PLANE('s20_side_plane_3',#3278);
#3280 = ADVANCED_FACE('s20_side_face_3',(#3274),#3279,.T.);
#3281 = CLOSED_SHELL('Blade20_shell',(#3220,#3232,#3244,#3256,#3268,#3280));
#3282 = MANIFOLD_SOLID_BREP('Blade20_solid',#3281);
#3283 = CARTESIAN_POINT('s21_bot_0',(8.4557714,-32.6458256,0.0000000));
#3284 = CARTESIAN_POINT('s21_bot_1',(10.9557714,-36.9759526,0.0000000));
#3285 = CARTESIAN_POINT('s21_bot_2',(26.5442286,-27.9759526,0.0000000));
#3286 = CARTESIAN_POINT('s21_bot_3',(24.0442286,-23.6458256,0.0000000));
#3287 = CARTESIAN_POINT('s21_top_0',(8.4557714,-32.6458256,18.0000000));
#3288 = CARTESIAN_POINT('s21_top_1',(10.9557714,-36.9759526,18.0000000));
#3289 = CARTESIAN_POINT('s21_top_2',(26.5442286,-27.9759526,18.0000000));
#3290 = CARTESIAN_POINT('s21_top_3',(24.0442286,-23.6458256,18.0000000));
#3291 = VERTEX_POINT('s21_bot_v0',#3283);
#3292 = VERTEX_POINT('s21_bot_v1',#3284);
#3293 = VERTEX_POINT('s21_bot_v2',#3285);
#3294 = VERTEX_POINT('s21_bot_v3',#3286);
#3295 = VERTEX_POINT('s21_top_v0',#3287);
#3296 = VERTEX_POINT('s21_top_v1',#3288);
#3297 = VERTEX_POINT('s21_top_v2',#3289);
#3298 = VERTEX_POINT('s21_top_v3',#3290);
#3299 = DIRECTION('s21_bot_e0_dir',(0.5000000,-0.8660254,0.0000000));
#3300 = VECTOR('s21_bot_e0_vec',#3299,5.0000000);
#3301 = CARTESIAN_POINT('s21_bot_e0_origin',(8.4557714,-32.6458256,0.0000000));
#3302 = LINE('s21_bot_e0_line',#3301,#3300);
#3303 = EDGE_CURVE('s21_bot_e0',#3291,#3292,#3302,.T.);
#3304 = DIRECTION('s21_top_e0_dir',(0.5000000,-0.8660254,0.0000000));
#3305 = VECTOR('s21_top_e0_vec',#3304,5.0000000);
#3306 = CARTESIAN_POINT('s21_top_e0_origin',(8.4557714,-32.6458256,18.0000000));
#3307 = LINE('s21_top_e0_line',#3306,#3305);
#3308 = EDGE_CURVE('s21_top_e0',#3295,#3296,#3307,.T.);
#3309 = DIRECTION('s21_vert_e0_dir',(0.0000000,0.0000000,1.0000000));
#3310 = VECTOR('s21_vert_e0_vec',#3309,18.0000000);
#3311 = CARTESIAN_POINT('s21_vert_e0_origin',(8.4557714,-32.6458256,0.0000000));
#3312 = LINE('s21_vert_e0_line',#3311,#3310);
#3313 = EDGE_CURVE('s21_vert_e0',#3291,#3295,#3312,.T.);
#3314 = DIRECTION('s21_bot_e1_dir',(0.8660254,0.5000000,0.0000000));
#3315 = VECTOR('s21_bot_e1_vec',#3314,18.0000000);
#3316 = CARTESIAN_POINT('s21_bot_e1_origin',(10.9557714,-36.9759526,0.0000000));
#3317 = LINE('s21_bot_e1_line',#3316,#3315);
#3318 = EDGE_CURVE('s21_bot_e1',#3292,#3293,#3317,.T.);
#3319 = DIRECTION('s21_top_e1_dir',(0.8660254,0.5000000,0.0000000));
#3320 = VECTOR('s21_top_e1_vec',#3319,18.0000000);
#3321 = CARTESIAN_POINT('s21_top_e1_origin',(10.9557714,-36.9759526,18.0000000));
#3322 = LINE('s21_top_e1_line',#3321,#3320);
#3323 = EDGE_CURVE('s21_top_e1',#3296,#3297,#3322,.T.);
#3324 = DIRECTION('s21_vert_e1_dir',(0.0000000,0.0000000,1.0000000));
#3325 = VECTOR('s21_vert_e1_vec',#3324,18.0000000);
#3326 = CARTESIAN_POINT('s21_vert_e1_origin',(10.9557714,-36.9759526,0.0000000));
#3327 = LINE('s21_vert_e1_line',#3326,#3325);
#3328 = EDGE_CURVE('s21_vert_e1',#3292,#3296,#3327,.T.);
#3329 = DIRECTION('s21_bot_e2_dir',(-0.5000000,0.8660254,0.0000000));
#3330 = VECTOR('s21_bot_e2_vec',#3329,5.0000000);
#3331 = CARTESIAN_POINT('s21_bot_e2_origin',(26.5442286,-27.9759526,0.0000000));
#3332 = LINE('s21_bot_e2_line',#3331,#3330);
#3333 = EDGE_CURVE('s21_bot_e2',#3293,#3294,#3332,.T.);
#3334 = DIRECTION('s21_top_e2_dir',(-0.5000000,0.8660254,0.0000000));
#3335 = VECTOR('s21_top_e2_vec',#3334,5.0000000);
#3336 = CARTESIAN_POINT('s21_top_e2_origin',(26.5442286,-27.9759526,18.0000000));
#3337 = LINE('s21_top_e2_line',#3336,#3335);
#3338 = EDGE_CURVE('s21_top_e2',#3297,#3298,#3337,.T.);
#3339 = DIRECTION('s21_vert_e2_dir',(0.0000000,0.0000000,1.0000000));
#3340 = VECTOR('s21_vert_e2_vec',#3339,18.0000000);
#3341 = CARTESIAN_POINT('s21_vert_e2_origin',(26.5442286,-27.9759526,0.0000000));
#3342 = LINE('s21_vert_e2_line',#3341,#3340);
#3343 = EDGE_CURVE('s21_vert_e2',#3293,#3297,#3342,.T.);
#3344 = DIRECTION('s21_bot_e3_dir',(-0.8660254,-0.5000000,0.0000000));
#3345 = VECTOR('s21_bot_e3_vec',#3344,18.0000000);
#3346 = CARTESIAN_POINT('s21_bot_e3_origin',(24.0442286,-23.6458256,0.0000000));
#3347 = LINE('s21_bot_e3_line',#3346,#3345);
#3348 = EDGE_CURVE('s21_bot_e3',#3294,#3291,#3347,.T.);
#3349 = DIRECTION('s21_top_e3_dir',(-0.8660254,-0.5000000,0.0000000));
#3350 = VECTOR('s21_top_e3_vec',#3349,18.0000000);
#3351 = CARTESIAN_POINT('s21_top_e3_origin',(24.0442286,-23.6458256,18.0000000));
#3352 = LINE('s21_top_e3_line',#3351,#3350);
#3353 = EDGE_CURVE('s21_top_e3',#3298,#3295,#3352,.T.);
#3354 = DIRECTION('s21_vert_e3_dir',(0.0000000,0.0000000,1.0000000));
#3355 = VECTOR('s21_vert_e3_vec',#3354,18.0000000);
#3356 = CARTESIAN_POINT('s21_vert_e3_origin',(24.0442286,-23.6458256,0.0000000));
#3357 = LINE('s21_vert_e3_line',#3356,#3355);
#3358 = EDGE_CURVE('s21_vert_e3',#3294,#3298,#3357,.T.);
#3359 = ORIENTED_EDGE('',*,*,#3348,.F.);
#3360 = ORIENTED_EDGE('',*,*,#3333,.F.);
#3361 = ORIENTED_EDGE('',*,*,#3318,.F.);
#3362 = ORIENTED_EDGE('',*,*,#3303,.F.);
#3363 = EDGE_LOOP('s21_bottom_loop',(#3359,#3360,#3361,#3362));
#3364 = FACE_OUTER_BOUND('',#3363,.T.);
#3365 = CARTESIAN_POINT('s21_bottom_plane_loc',(0.0000000,0.0000000,0.0000000));
#3366 = DIRECTION('s21_bottom_plane_axis',(0.0000000,0.0000000,-1.0000000));
#3367 = DIRECTION('s21_bottom_plane_ref',(1.0000000,0.0000000,0.0000000));
#3368 = AXIS2_PLACEMENT_3D('s21_bottom_plane_place',#3365,#3366,#3367);
#3369 = PLANE('s21_bottom_plane',#3368);
#3370 = ADVANCED_FACE('s21_bottom_face',(#3364),#3369,.T.);
#3371 = ORIENTED_EDGE('',*,*,#3308,.T.);
#3372 = ORIENTED_EDGE('',*,*,#3323,.T.);
#3373 = ORIENTED_EDGE('',*,*,#3338,.T.);
#3374 = ORIENTED_EDGE('',*,*,#3353,.T.);
#3375 = EDGE_LOOP('s21_top_loop',(#3371,#3372,#3373,#3374));
#3376 = FACE_OUTER_BOUND('',#3375,.T.);
#3377 = CARTESIAN_POINT('s21_top_plane_loc',(0.0000000,0.0000000,18.0000000));
#3378 = DIRECTION('s21_top_plane_axis',(0.0000000,0.0000000,1.0000000));
#3379 = DIRECTION('s21_top_plane_ref',(1.0000000,0.0000000,0.0000000));
#3380 = AXIS2_PLACEMENT_3D('s21_top_plane_place',#3377,#3378,#3379);
#3381 = PLANE('s21_top_plane',#3380);
#3382 = ADVANCED_FACE('s21_top_face',(#3376),#3381,.T.);
#3383 = ORIENTED_EDGE('',*,*,#3303,.T.);
#3384 = ORIENTED_EDGE('',*,*,#3328,.T.);
#3385 = ORIENTED_EDGE('',*,*,#3308,.F.);
#3386 = ORIENTED_EDGE('',*,*,#3313,.F.);
#3387 = EDGE_LOOP('s21_side_loop_0',(#3383,#3384,#3385,#3386));
#3388 = FACE_OUTER_BOUND('',#3387,.T.);
#3389 = CARTESIAN_POINT('s21_side_plane_0_loc',(9.7057714,-34.8108891,0.0000000));
#3390 = DIRECTION('s21_side_plane_0_axis',(-0.8660254,-0.5000000,0.0000000));
#3391 = DIRECTION('s21_side_plane_0_ref',(0.5000000,-0.8660254,0.0000000));
#3392 = AXIS2_PLACEMENT_3D('s21_side_plane_0_place',#3389,#3390,#3391);
#3393 = PLANE('s21_side_plane_0',#3392);
#3394 = ADVANCED_FACE('s21_side_face_0',(#3388),#3393,.T.);
#3395 = ORIENTED_EDGE('',*,*,#3318,.T.);
#3396 = ORIENTED_EDGE('',*,*,#3343,.T.);
#3397 = ORIENTED_EDGE('',*,*,#3323,.F.);
#3398 = ORIENTED_EDGE('',*,*,#3328,.F.);
#3399 = EDGE_LOOP('s21_side_loop_1',(#3395,#3396,#3397,#3398));
#3400 = FACE_OUTER_BOUND('',#3399,.T.);
#3401 = CARTESIAN_POINT('s21_side_plane_1_loc',(18.7500000,-32.4759526,0.0000000));
#3402 = DIRECTION('s21_side_plane_1_axis',(0.5000000,-0.8660254,0.0000000));
#3403 = DIRECTION('s21_side_plane_1_ref',(0.8660254,0.5000000,0.0000000));
#3404 = AXIS2_PLACEMENT_3D('s21_side_plane_1_place',#3401,#3402,#3403);
#3405 = PLANE('s21_side_plane_1',#3404);
#3406 = ADVANCED_FACE('s21_side_face_1',(#3400),#3405,.T.);
#3407 = ORIENTED_EDGE('',*,*,#3333,.T.);
#3408 = ORIENTED_EDGE('',*,*,#3358,.T.);
#3409 = ORIENTED_EDGE('',*,*,#3338,.F.);
#3410 = ORIENTED_EDGE('',*,*,#3343,.F.);
#3411 = EDGE_LOOP('s21_side_loop_2',(#3407,#3408,#3409,#3410));
#3412 = FACE_OUTER_BOUND('',#3411,.T.);
#3413 = CARTESIAN_POINT('s21_side_plane_2_loc',(25.2942286,-25.8108891,0.0000000));
#3414 = DIRECTION('s21_side_plane_2_axis',(0.8660254,0.5000000,0.0000000));
#3415 = DIRECTION('s21_side_plane_2_ref',(-0.5000000,0.8660254,0.0000000));
#3416 = AXIS2_PLACEMENT_3D('s21_side_plane_2_place',#3413,#3414,#3415);
#3417 = PLANE('s21_side_plane_2',#3416);
#3418 = ADVANCED_FACE('s21_side_face_2',(#3412),#3417,.T.);
#3419 = ORIENTED_EDGE('',*,*,#3348,.T.);
#3420 = ORIENTED_EDGE('',*,*,#3313,.T.);
#3421 = ORIENTED_EDGE('',*,*,#3353,.F.);
#3422 = ORIENTED_EDGE('',*,*,#3358,.F.);
#3423 = EDGE_LOOP('s21_side_loop_3',(#3419,#3420,#3421,#3422));
#3424 = FACE_OUTER_BOUND('',#3423,.T.);
#3425 = CARTESIAN_POINT('s21_side_plane_3_loc',(16.2500000,-28.1458256,0.0000000));
#3426 = DIRECTION('s21_side_plane_3_axis',(-0.5000000,0.8660254,0.0000000));
#3427 = DIRECTION('s21_side_plane_3_ref',(-0.8660254,-0.5000000,0.0000000));
#3428 = AXIS2_PLACEMENT_3D('s21_side_plane_3_place',#3425,#3426,#3427);
#3429 = PLANE('s21_side_plane_3',#3428);
#3430 = ADVANCED_FACE('s21_side_face_3',(#3424),#3429,.T.);
#3431 = CLOSED_SHELL('Blade21_shell',(#3370,#3382,#3394,#3406,#3418,#3430));
#3432 = MANIFOLD_SOLID_BREP('Blade21_solid',#3431);
#3433 = CARTESIAN_POINT('s22_bot_0',(16.6170094,-29.3449314,0.0000000));
#3434 = CARTESIAN_POINT('s22_bot_1',(20.1525433,-32.8804653,0.0000000));
#3435 = CARTESIAN_POINT('s22_bot_2',(32.8804653,-20.1525433,0.0000000));
#3436 = CARTESIAN_POINT('s22_bot_3',(29.3449314,-16.6170094,0.0000000));
#3437 = CARTESIAN_POINT('s22_top_0',(16.6170094,-29.3449314,18.0000000));
#3438 = CARTESIAN_POINT('s22_top_1',(20.1525433,-32.8804653,18.0000000));
#3439 = CARTESIAN_POINT('s22_top_2',(32.8804653,-20.1525433,18.0000000));
#3440 = CARTESIAN_POINT('s22_top_3',(29.3449314,-16.6170094,18.0000000));
#3441 = VERTEX_POINT('s22_bot_v0',#3433);
#3442 = VERTEX_POINT('s22_bot_v1',#3434);
#3443 = VERTEX_POINT('s22_bot_v2',#3435);
#3444 = VERTEX_POINT('s22_bot_v3',#3436);
#3445 = VERTEX_POINT('s22_top_v0',#3437);
#3446 = VERTEX_POINT('s22_top_v1',#3438);
#3447 = VERTEX_POINT('s22_top_v2',#3439);
#3448 = VERTEX_POINT('s22_top_v3',#3440);
#3449 = DIRECTION('s22_bot_e0_dir',(0.7071068,-0.7071068,0.0000000));
#3450 = VECTOR('s22_bot_e0_vec',#3449,5.0000000);
#3451 = CARTESIAN_POINT('s22_bot_e0_origin',(16.6170094,-29.3449314,0.0000000));
#3452 = LINE('s22_bot_e0_line',#3451,#3450);
#3453 = EDGE_CURVE('s22_bot_e0',#3441,#3442,#3452,.T.);
#3454 = DIRECTION('s22_top_e0_dir',(0.7071068,-0.7071068,0.0000000));
#3455 = VECTOR('s22_top_e0_vec',#3454,5.0000000);
#3456 = CARTESIAN_POINT('s22_top_e0_origin',(16.6170094,-29.3449314,18.0000000));
#3457 = LINE('s22_top_e0_line',#3456,#3455);
#3458 = EDGE_CURVE('s22_top_e0',#3445,#3446,#3457,.T.);
#3459 = DIRECTION('s22_vert_e0_dir',(0.0000000,0.0000000,1.0000000));
#3460 = VECTOR('s22_vert_e0_vec',#3459,18.0000000);
#3461 = CARTESIAN_POINT('s22_vert_e0_origin',(16.6170094,-29.3449314,0.0000000));
#3462 = LINE('s22_vert_e0_line',#3461,#3460);
#3463 = EDGE_CURVE('s22_vert_e0',#3441,#3445,#3462,.T.);
#3464 = DIRECTION('s22_bot_e1_dir',(0.7071068,0.7071068,0.0000000));
#3465 = VECTOR('s22_bot_e1_vec',#3464,18.0000000);
#3466 = CARTESIAN_POINT('s22_bot_e1_origin',(20.1525433,-32.8804653,0.0000000));
#3467 = LINE('s22_bot_e1_line',#3466,#3465);
#3468 = EDGE_CURVE('s22_bot_e1',#3442,#3443,#3467,.T.);
#3469 = DIRECTION('s22_top_e1_dir',(0.7071068,0.7071068,0.0000000));
#3470 = VECTOR('s22_top_e1_vec',#3469,18.0000000);
#3471 = CARTESIAN_POINT('s22_top_e1_origin',(20.1525433,-32.8804653,18.0000000));
#3472 = LINE('s22_top_e1_line',#3471,#3470);
#3473 = EDGE_CURVE('s22_top_e1',#3446,#3447,#3472,.T.);
#3474 = DIRECTION('s22_vert_e1_dir',(0.0000000,0.0000000,1.0000000));
#3475 = VECTOR('s22_vert_e1_vec',#3474,18.0000000);
#3476 = CARTESIAN_POINT('s22_vert_e1_origin',(20.1525433,-32.8804653,0.0000000));
#3477 = LINE('s22_vert_e1_line',#3476,#3475);
#3478 = EDGE_CURVE('s22_vert_e1',#3442,#3446,#3477,.T.);
#3479 = DIRECTION('s22_bot_e2_dir',(-0.7071068,0.7071068,0.0000000));
#3480 = VECTOR('s22_bot_e2_vec',#3479,5.0000000);
#3481 = CARTESIAN_POINT('s22_bot_e2_origin',(32.8804653,-20.1525433,0.0000000));
#3482 = LINE('s22_bot_e2_line',#3481,#3480);
#3483 = EDGE_CURVE('s22_bot_e2',#3443,#3444,#3482,.T.);
#3484 = DIRECTION('s22_top_e2_dir',(-0.7071068,0.7071068,0.0000000));
#3485 = VECTOR('s22_top_e2_vec',#3484,5.0000000);
#3486 = CARTESIAN_POINT('s22_top_e2_origin',(32.8804653,-20.1525433,18.0000000));
#3487 = LINE('s22_top_e2_line',#3486,#3485);
#3488 = EDGE_CURVE('s22_top_e2',#3447,#3448,#3487,.T.);
#3489 = DIRECTION('s22_vert_e2_dir',(0.0000000,0.0000000,1.0000000));
#3490 = VECTOR('s22_vert_e2_vec',#3489,18.0000000);
#3491 = CARTESIAN_POINT('s22_vert_e2_origin',(32.8804653,-20.1525433,0.0000000));
#3492 = LINE('s22_vert_e2_line',#3491,#3490);
#3493 = EDGE_CURVE('s22_vert_e2',#3443,#3447,#3492,.T.);
#3494 = DIRECTION('s22_bot_e3_dir',(-0.7071068,-0.7071068,0.0000000));
#3495 = VECTOR('s22_bot_e3_vec',#3494,18.0000000);
#3496 = CARTESIAN_POINT('s22_bot_e3_origin',(29.3449314,-16.6170094,0.0000000));
#3497 = LINE('s22_bot_e3_line',#3496,#3495);
#3498 = EDGE_CURVE('s22_bot_e3',#3444,#3441,#3497,.T.);
#3499 = DIRECTION('s22_top_e3_dir',(-0.7071068,-0.7071068,0.0000000));
#3500 = VECTOR('s22_top_e3_vec',#3499,18.0000000);
#3501 = CARTESIAN_POINT('s22_top_e3_origin',(29.3449314,-16.6170094,18.0000000));
#3502 = LINE('s22_top_e3_line',#3501,#3500);
#3503 = EDGE_CURVE('s22_top_e3',#3448,#3445,#3502,.T.);
#3504 = DIRECTION('s22_vert_e3_dir',(0.0000000,0.0000000,1.0000000));
#3505 = VECTOR('s22_vert_e3_vec',#3504,18.0000000);
#3506 = CARTESIAN_POINT('s22_vert_e3_origin',(29.3449314,-16.6170094,0.0000000));
#3507 = LINE('s22_vert_e3_line',#3506,#3505);
#3508 = EDGE_CURVE('s22_vert_e3',#3444,#3448,#3507,.T.);
#3509 = ORIENTED_EDGE('',*,*,#3498,.F.);
#3510 = ORIENTED_EDGE('',*,*,#3483,.F.);
#3511 = ORIENTED_EDGE('',*,*,#3468,.F.);
#3512 = ORIENTED_EDGE('',*,*,#3453,.F.);
#3513 = EDGE_LOOP('s22_bottom_loop',(#3509,#3510,#3511,#3512));
#3514 = FACE_OUTER_BOUND('',#3513,.T.);
#3515 = CARTESIAN_POINT('s22_bottom_plane_loc',(0.0000000,0.0000000,0.0000000));
#3516 = DIRECTION('s22_bottom_plane_axis',(0.0000000,0.0000000,-1.0000000));
#3517 = DIRECTION('s22_bottom_plane_ref',(1.0000000,0.0000000,0.0000000));
#3518 = AXIS2_PLACEMENT_3D('s22_bottom_plane_place',#3515,#3516,#3517);
#3519 = PLANE('s22_bottom_plane',#3518);
#3520 = ADVANCED_FACE('s22_bottom_face',(#3514),#3519,.T.);
#3521 = ORIENTED_EDGE('',*,*,#3458,.T.);
#3522 = ORIENTED_EDGE('',*,*,#3473,.T.);
#3523 = ORIENTED_EDGE('',*,*,#3488,.T.);
#3524 = ORIENTED_EDGE('',*,*,#3503,.T.);
#3525 = EDGE_LOOP('s22_top_loop',(#3521,#3522,#3523,#3524));
#3526 = FACE_OUTER_BOUND('',#3525,.T.);
#3527 = CARTESIAN_POINT('s22_top_plane_loc',(0.0000000,0.0000000,18.0000000));
#3528 = DIRECTION('s22_top_plane_axis',(0.0000000,0.0000000,1.0000000));
#3529 = DIRECTION('s22_top_plane_ref',(1.0000000,0.0000000,0.0000000));
#3530 = AXIS2_PLACEMENT_3D('s22_top_plane_place',#3527,#3528,#3529);
#3531 = PLANE('s22_top_plane',#3530);
#3532 = ADVANCED_FACE('s22_top_face',(#3526),#3531,.T.);
#3533 = ORIENTED_EDGE('',*,*,#3453,.T.);
#3534 = ORIENTED_EDGE('',*,*,#3478,.T.);
#3535 = ORIENTED_EDGE('',*,*,#3458,.F.);
#3536 = ORIENTED_EDGE('',*,*,#3463,.F.);
#3537 = EDGE_LOOP('s22_side_loop_0',(#3533,#3534,#3535,#3536));
#3538 = FACE_OUTER_BOUND('',#3537,.T.);
#3539 = CARTESIAN_POINT('s22_side_plane_0_loc',(18.3847763,-31.1126984,0.0000000));
#3540 = DIRECTION('s22_side_plane_0_axis',(-0.7071068,-0.7071068,0.0000000));
#3541 = DIRECTION('s22_side_plane_0_ref',(0.7071068,-0.7071068,0.0000000));
#3542 = AXIS2_PLACEMENT_3D('s22_side_plane_0_place',#3539,#3540,#3541);
#3543 = PLANE('s22_side_plane_0',#3542);
#3544 = ADVANCED_FACE('s22_side_face_0',(#3538),#3543,.T.);
#3545 = ORIENTED_EDGE('',*,*,#3468,.T.);
#3546 = ORIENTED_EDGE('',*,*,#3493,.T.);
#3547 = ORIENTED_EDGE('',*,*,#3473,.F.);
#3548 = ORIENTED_EDGE('',*,*,#3478,.F.);
#3549 = EDGE_LOOP('s22_side_loop_1',(#3545,#3546,#3547,#3548));
#3550 = FACE_OUTER_BOUND('',#3549,.T.);
#3551 = CARTESIAN_POINT('s22_side_plane_1_loc',(26.5165043,-26.5165043,0.0000000));
#3552 = DIRECTION('s22_side_plane_1_axis',(0.7071068,-0.7071068,0.0000000));
#3553 = DIRECTION('s22_side_plane_1_ref',(0.7071068,0.7071068,0.0000000));
#3554 = AXIS2_PLACEMENT_3D('s22_side_plane_1_place',#3551,#3552,#3553);
#3555 = PLANE('s22_side_plane_1',#3554);
#3556 = ADVANCED_FACE('s22_side_face_1',(#3550),#3555,.T.);
#3557 = ORIENTED_EDGE('',*,*,#3483,.T.);
#3558 = ORIENTED_EDGE('',*,*,#3508,.T.);
#3559 = ORIENTED_EDGE('',*,*,#3488,.F.);
#3560 = ORIENTED_EDGE('',*,*,#3493,.F.);
#3561 = EDGE_LOOP('s22_side_loop_2',(#3557,#3558,#3559,#3560));
#3562 = FACE_OUTER_BOUND('',#3561,.T.);
#3563 = CARTESIAN_POINT('s22_side_plane_2_loc',(31.1126984,-18.3847763,0.0000000));
#3564 = DIRECTION('s22_side_plane_2_axis',(0.7071068,0.7071068,0.0000000));
#3565 = DIRECTION('s22_side_plane_2_ref',(-0.7071068,0.7071068,0.0000000));
#3566 = AXIS2_PLACEMENT_3D('s22_side_plane_2_place',#3563,#3564,#3565);
#3567 = PLANE('s22_side_plane_2',#3566);
#3568 = ADVANCED_FACE('s22_side_face_2',(#3562),#3567,.T.);
#3569 = ORIENTED_EDGE('',*,*,#3498,.T.);
#3570 = ORIENTED_EDGE('',*,*,#3463,.T.);
#3571 = ORIENTED_EDGE('',*,*,#3503,.F.);
#3572 = ORIENTED_EDGE('',*,*,#3508,.F.);
#3573 = EDGE_LOOP('s22_side_loop_3',(#3569,#3570,#3571,#3572));
#3574 = FACE_OUTER_BOUND('',#3573,.T.);
#3575 = CARTESIAN_POINT('s22_side_plane_3_loc',(22.9809704,-22.9809704,0.0000000));
#3576 = DIRECTION('s22_side_plane_3_axis',(-0.7071068,0.7071068,0.0000000));
#3577 = DIRECTION('s22_side_plane_3_ref',(-0.7071068,-0.7071068,0.0000000));
#3578 = AXIS2_PLACEMENT_3D('s22_side_plane_3_place',#3575,#3576,#3577);
#3579 = PLANE('s22_side_plane_3',#3578);
#3580 = ADVANCED_FACE('s22_side_face_3',(#3574),#3579,.T.);
#3581 = CLOSED_SHELL('Blade22_shell',(#3520,#3532,#3544,#3556,#3568,#3580));
#3582 = MANIFOLD_SOLID_BREP('Blade22_solid',#3581);
#3583 = CARTESIAN_POINT('s23_bot_0',(23.6458256,-24.0442286,0.0000000));
#3584 = CARTESIAN_POINT('s23_bot_1',(27.9759526,-26.5442286,0.0000000));
#3585 = CARTESIAN_POINT('s23_bot_2',(36.9759526,-10.9557714,0.0000000));
#3586 = CARTESIAN_POINT('s23_bot_3',(32.6458256,-8.4557714,0.0000000));
#3587 = CARTESIAN_POINT('s23_top_0',(23.6458256,-24.0442286,18.0000000));
#3588 = CARTESIAN_POINT('s23_top_1',(27.9759526,-26.5442286,18.0000000));
#3589 = CARTESIAN_POINT('s23_top_2',(36.9759526,-10.9557714,18.0000000));
#3590 = CARTESIAN_POINT('s23_top_3',(32.6458256,-8.4557714,18.0000000));
#3591 = VERTEX_POINT('s23_bot_v0',#3583);
#3592 = VERTEX_POINT('s23_bot_v1',#3584);
#3593 = VERTEX_POINT('s23_bot_v2',#3585);
#3594 = VERTEX_POINT('s23_bot_v3',#3586);
#3595 = VERTEX_POINT('s23_top_v0',#3587);
#3596 = VERTEX_POINT('s23_top_v1',#3588);
#3597 = VERTEX_POINT('s23_top_v2',#3589);
#3598 = VERTEX_POINT('s23_top_v3',#3590);
#3599 = DIRECTION('s23_bot_e0_dir',(0.8660254,-0.5000000,0.0000000));
#3600 = VECTOR('s23_bot_e0_vec',#3599,5.0000000);
#3601 = CARTESIAN_POINT('s23_bot_e0_origin',(23.6458256,-24.0442286,0.0000000));
#3602 = LINE('s23_bot_e0_line',#3601,#3600);
#3603 = EDGE_CURVE('s23_bot_e0',#3591,#3592,#3602,.T.);
#3604 = DIRECTION('s23_top_e0_dir',(0.8660254,-0.5000000,0.0000000));
#3605 = VECTOR('s23_top_e0_vec',#3604,5.0000000);
#3606 = CARTESIAN_POINT('s23_top_e0_origin',(23.6458256,-24.0442286,18.0000000));
#3607 = LINE('s23_top_e0_line',#3606,#3605);
#3608 = EDGE_CURVE('s23_top_e0',#3595,#3596,#3607,.T.);
#3609 = DIRECTION('s23_vert_e0_dir',(0.0000000,0.0000000,1.0000000));
#3610 = VECTOR('s23_vert_e0_vec',#3609,18.0000000);
#3611 = CARTESIAN_POINT('s23_vert_e0_origin',(23.6458256,-24.0442286,0.0000000));
#3612 = LINE('s23_vert_e0_line',#3611,#3610);
#3613 = EDGE_CURVE('s23_vert_e0',#3591,#3595,#3612,.T.);
#3614 = DIRECTION('s23_bot_e1_dir',(0.5000000,0.8660254,0.0000000));
#3615 = VECTOR('s23_bot_e1_vec',#3614,18.0000000);
#3616 = CARTESIAN_POINT('s23_bot_e1_origin',(27.9759526,-26.5442286,0.0000000));
#3617 = LINE('s23_bot_e1_line',#3616,#3615);
#3618 = EDGE_CURVE('s23_bot_e1',#3592,#3593,#3617,.T.);
#3619 = DIRECTION('s23_top_e1_dir',(0.5000000,0.8660254,0.0000000));
#3620 = VECTOR('s23_top_e1_vec',#3619,18.0000000);
#3621 = CARTESIAN_POINT('s23_top_e1_origin',(27.9759526,-26.5442286,18.0000000));
#3622 = LINE('s23_top_e1_line',#3621,#3620);
#3623 = EDGE_CURVE('s23_top_e1',#3596,#3597,#3622,.T.);
#3624 = DIRECTION('s23_vert_e1_dir',(0.0000000,0.0000000,1.0000000));
#3625 = VECTOR('s23_vert_e1_vec',#3624,18.0000000);
#3626 = CARTESIAN_POINT('s23_vert_e1_origin',(27.9759526,-26.5442286,0.0000000));
#3627 = LINE('s23_vert_e1_line',#3626,#3625);
#3628 = EDGE_CURVE('s23_vert_e1',#3592,#3596,#3627,.T.);
#3629 = DIRECTION('s23_bot_e2_dir',(-0.8660254,0.5000000,0.0000000));
#3630 = VECTOR('s23_bot_e2_vec',#3629,5.0000000);
#3631 = CARTESIAN_POINT('s23_bot_e2_origin',(36.9759526,-10.9557714,0.0000000));
#3632 = LINE('s23_bot_e2_line',#3631,#3630);
#3633 = EDGE_CURVE('s23_bot_e2',#3593,#3594,#3632,.T.);
#3634 = DIRECTION('s23_top_e2_dir',(-0.8660254,0.5000000,0.0000000));
#3635 = VECTOR('s23_top_e2_vec',#3634,5.0000000);
#3636 = CARTESIAN_POINT('s23_top_e2_origin',(36.9759526,-10.9557714,18.0000000));
#3637 = LINE('s23_top_e2_line',#3636,#3635);
#3638 = EDGE_CURVE('s23_top_e2',#3597,#3598,#3637,.T.);
#3639 = DIRECTION('s23_vert_e2_dir',(0.0000000,0.0000000,1.0000000));
#3640 = VECTOR('s23_vert_e2_vec',#3639,18.0000000);
#3641 = CARTESIAN_POINT('s23_vert_e2_origin',(36.9759526,-10.9557714,0.0000000));
#3642 = LINE('s23_vert_e2_line',#3641,#3640);
#3643 = EDGE_CURVE('s23_vert_e2',#3593,#3597,#3642,.T.);
#3644 = DIRECTION('s23_bot_e3_dir',(-0.5000000,-0.8660254,0.0000000));
#3645 = VECTOR('s23_bot_e3_vec',#3644,18.0000000);
#3646 = CARTESIAN_POINT('s23_bot_e3_origin',(32.6458256,-8.4557714,0.0000000));
#3647 = LINE('s23_bot_e3_line',#3646,#3645);
#3648 = EDGE_CURVE('s23_bot_e3',#3594,#3591,#3647,.T.);
#3649 = DIRECTION('s23_top_e3_dir',(-0.5000000,-0.8660254,0.0000000));
#3650 = VECTOR('s23_top_e3_vec',#3649,18.0000000);
#3651 = CARTESIAN_POINT('s23_top_e3_origin',(32.6458256,-8.4557714,18.0000000));
#3652 = LINE('s23_top_e3_line',#3651,#3650);
#3653 = EDGE_CURVE('s23_top_e3',#3598,#3595,#3652,.T.);
#3654 = DIRECTION('s23_vert_e3_dir',(0.0000000,0.0000000,1.0000000));
#3655 = VECTOR('s23_vert_e3_vec',#3654,18.0000000);
#3656 = CARTESIAN_POINT('s23_vert_e3_origin',(32.6458256,-8.4557714,0.0000000));
#3657 = LINE('s23_vert_e3_line',#3656,#3655);
#3658 = EDGE_CURVE('s23_vert_e3',#3594,#3598,#3657,.T.);
#3659 = ORIENTED_EDGE('',*,*,#3648,.F.);
#3660 = ORIENTED_EDGE('',*,*,#3633,.F.);
#3661 = ORIENTED_EDGE('',*,*,#3618,.F.);
#3662 = ORIENTED_EDGE('',*,*,#3603,.F.);
#3663 = EDGE_LOOP('s23_bottom_loop',(#3659,#3660,#3661,#3662));
#3664 = FACE_OUTER_BOUND('',#3663,.T.);
#3665 = CARTESIAN_POINT('s23_bottom_plane_loc',(0.0000000,0.0000000,0.0000000));
#3666 = DIRECTION('s23_bottom_plane_axis',(0.0000000,0.0000000,-1.0000000));
#3667 = DIRECTION('s23_bottom_plane_ref',(1.0000000,0.0000000,0.0000000));
#3668 = AXIS2_PLACEMENT_3D('s23_bottom_plane_place',#3665,#3666,#3667);
#3669 = PLANE('s23_bottom_plane',#3668);
#3670 = ADVANCED_FACE('s23_bottom_face',(#3664),#3669,.T.);
#3671 = ORIENTED_EDGE('',*,*,#3608,.T.);
#3672 = ORIENTED_EDGE('',*,*,#3623,.T.);
#3673 = ORIENTED_EDGE('',*,*,#3638,.T.);
#3674 = ORIENTED_EDGE('',*,*,#3653,.T.);
#3675 = EDGE_LOOP('s23_top_loop',(#3671,#3672,#3673,#3674));
#3676 = FACE_OUTER_BOUND('',#3675,.T.);
#3677 = CARTESIAN_POINT('s23_top_plane_loc',(0.0000000,0.0000000,18.0000000));
#3678 = DIRECTION('s23_top_plane_axis',(0.0000000,0.0000000,1.0000000));
#3679 = DIRECTION('s23_top_plane_ref',(1.0000000,0.0000000,0.0000000));
#3680 = AXIS2_PLACEMENT_3D('s23_top_plane_place',#3677,#3678,#3679);
#3681 = PLANE('s23_top_plane',#3680);
#3682 = ADVANCED_FACE('s23_top_face',(#3676),#3681,.T.);
#3683 = ORIENTED_EDGE('',*,*,#3603,.T.);
#3684 = ORIENTED_EDGE('',*,*,#3628,.T.);
#3685 = ORIENTED_EDGE('',*,*,#3608,.F.);
#3686 = ORIENTED_EDGE('',*,*,#3613,.F.);
#3687 = EDGE_LOOP('s23_side_loop_0',(#3683,#3684,#3685,#3686));
#3688 = FACE_OUTER_BOUND('',#3687,.T.);
#3689 = CARTESIAN_POINT('s23_side_plane_0_loc',(25.8108891,-25.2942286,0.0000000));
#3690 = DIRECTION('s23_side_plane_0_axis',(-0.5000000,-0.8660254,0.0000000));
#3691 = DIRECTION('s23_side_plane_0_ref',(0.8660254,-0.5000000,0.0000000));
#3692 = AXIS2_PLACEMENT_3D('s23_side_plane_0_place',#3689,#3690,#3691);
#3693 = PLANE('s23_side_plane_0',#3692);
#3694 = ADVANCED_FACE('s23_side_face_0',(#3688),#3693,.T.);
#3695 = ORIENTED_EDGE('',*,*,#3618,.T.);
#3696 = ORIENTED_EDGE('',*,*,#3643,.T.);
#3697 = ORIENTED_EDGE('',*,*,#3623,.F.);
#3698 = ORIENTED_EDGE('',*,*,#3628,.F.);
#3699 = EDGE_LOOP('s23_side_loop_1',(#3695,#3696,#3697,#3698));
#3700 = FACE_OUTER_BOUND('',#3699,.T.);
#3701 = CARTESIAN_POINT('s23_side_plane_1_loc',(32.4759526,-18.7500000,0.0000000));
#3702 = DIRECTION('s23_side_plane_1_axis',(0.8660254,-0.5000000,0.0000000));
#3703 = DIRECTION('s23_side_plane_1_ref',(0.5000000,0.8660254,0.0000000));
#3704 = AXIS2_PLACEMENT_3D('s23_side_plane_1_place',#3701,#3702,#3703);
#3705 = PLANE('s23_side_plane_1',#3704);
#3706 = ADVANCED_FACE('s23_side_face_1',(#3700),#3705,.T.);
#3707 = ORIENTED_EDGE('',*,*,#3633,.T.);
#3708 = ORIENTED_EDGE('',*,*,#3658,.T.);
#3709 = ORIENTED_EDGE('',*,*,#3638,.F.);
#3710 = ORIENTED_EDGE('',*,*,#3643,.F.);
#3711 = EDGE_LOOP('s23_side_loop_2',(#3707,#3708,#3709,#3710));
#3712 = FACE_OUTER_BOUND('',#3711,.T.);
#3713 = CARTESIAN_POINT('s23_side_plane_2_loc',(34.8108891,-9.7057714,0.0000000));
#3714 = DIRECTION('s23_side_plane_2_axis',(0.5000000,0.8660254,0.0000000));
#3715 = DIRECTION('s23_side_plane_2_ref',(-0.8660254,0.5000000,0.0000000));
#3716 = AXIS2_PLACEMENT_3D('s23_side_plane_2_place',#3713,#3714,#3715);
#3717 = PLANE('s23_side_plane_2',#3716);
#3718 = ADVANCED_FACE('s23_side_face_2',(#3712),#3717,.T.);
#3719 = ORIENTED_EDGE('',*,*,#3648,.T.);
#3720 = ORIENTED_EDGE('',*,*,#3613,.T.);
#3721 = ORIENTED_EDGE('',*,*,#3653,.F.);
#3722 = ORIENTED_EDGE('',*,*,#3658,.F.);
#3723 = EDGE_LOOP('s23_side_loop_3',(#3719,#3720,#3721,#3722));
#3724 = FACE_OUTER_BOUND('',#3723,.T.);
#3725 = CARTESIAN_POINT('s23_side_plane_3_loc',(28.1458256,-16.2500000,0.0000000));
#3726 = DIRECTION('s23_side_plane_3_axis',(-0.8660254,0.5000000,0.0000000));
#3727 = DIRECTION('s23_side_plane_3_ref',(-0.5000000,-0.8660254,0.0000000));
#3728 = AXIS2_PLACEMENT_3D('s23_side_plane_3_place',#3725,#3726,#3727);
#3729 = PLANE('s23_side_plane_3',#3728);
#3730 = ADVANCED_FACE('s23_side_face_3',(#3724),#3729,.T.);
#3731 = CLOSED_SHELL('Blade23_shell',(#3670,#3682,#3694,#3706,#3718,#3730));
#3732 = MANIFOLD_SOLID_BREP('Blade23_solid',#3731);
#3733 = CARTESIAN_POINT('s24_bot_0',(29.0632179,-17.1049514,0.0000000));
#3734 = CARTESIAN_POINT('s24_bot_1',(33.8928471,-18.3990466,0.0000000));
#3735 = CARTESIAN_POINT('s24_bot_2',(38.5515899,-1.0123818,0.0000000));
#3736 = CARTESIAN_POINT('s24_bot_3',(33.7219608,0.2817135,0.0000000));
#3737 = CARTESIAN_POINT('s24_top_0',(29.0632179,-17.1049514,18.0000000));
#3738 = CARTESIAN_POINT('s24_top_1',(33.8928471,-18.3990466,18.0000000));
#3739 = CARTESIAN_POINT('s24_top_2',(38.5515899,-1.0123818,18.0000000));
#3740 = CARTESIAN_POINT('s24_top_3',(33.7219608,0.2817135,18.0000000));
#3741 = VERTEX_POINT('s24_bot_v0',#3733);
#3742 = VERTEX_POINT('s24_bot_v1',#3734);
#3743 = VERTEX_POINT('s24_bot_v2',#3735);
#3744 = VERTEX_POINT('s24_bot_v3',#3736);
#3745 = VERTEX_POINT('s24_top_v0',#3737);
#3746 = VERTEX_POINT('s24_top_v1',#3738);
#3747 = VERTEX_POINT('s24_top_v2',#3739);
#3748 = VERTEX_POINT('s24_top_v3',#3740);
#3749 = DIRECTION('s24_bot_e0_dir',(0.9659258,-0.2588190,0.0000000));
#3750 = VECTOR('s24_bot_e0_vec',#3749,5.0000000);
#3751 = CARTESIAN_POINT('s24_bot_e0_origin',(29.0632179,-17.1049514,0.0000000));
#3752 = LINE('s24_bot_e0_line',#3751,#3750);
#3753 = EDGE_CURVE('s24_bot_e0',#3741,#3742,#3752,.T.);
#3754 = DIRECTION('s24_top_e0_dir',(0.9659258,-0.2588190,0.0000000));
#3755 = VECTOR('s24_top_e0_vec',#3754,5.0000000);
#3756 = CARTESIAN_POINT('s24_top_e0_origin',(29.0632179,-17.1049514,18.0000000));
#3757 = LINE('s24_top_e0_line',#3756,#3755);
#3758 = EDGE_CURVE('s24_top_e0',#3745,#3746,#3757,.T.);
#3759 = DIRECTION('s24_vert_e0_dir',(0.0000000,0.0000000,1.0000000));
#3760 = VECTOR('s24_vert_e0_vec',#3759,18.0000000);
#3761 = CARTESIAN_POINT('s24_vert_e0_origin',(29.0632179,-17.1049514,0.0000000));
#3762 = LINE('s24_vert_e0_line',#3761,#3760);
#3763 = EDGE_CURVE('s24_vert_e0',#3741,#3745,#3762,.T.);
#3764 = DIRECTION('s24_bot_e1_dir',(0.2588190,0.9659258,0.0000000));
#3765 = VECTOR('s24_bot_e1_vec',#3764,18.0000000);
#3766 = CARTESIAN_POINT('s24_bot_e1_origin',(33.8928471,-18.3990466,0.0000000));
#3767 = LINE('s24_bot_e1_line',#3766,#3765);
#3768 = EDGE_CURVE('s24_bot_e1',#3742,#3743,#3767,.T.);
#3769 = DIRECTION('s24_top_e1_dir',(0.2588190,0.9659258,0.0000000));
#3770 = VECTOR('s24_top_e1_vec',#3769,18.0000000);
#3771 = CARTESIAN_POINT('s24_top_e1_origin',(33.8928471,-18.3990466,18.0000000));
#3772 = LINE('s24_top_e1_line',#3771,#3770);
#3773 = EDGE_CURVE('s24_top_e1',#3746,#3747,#3772,.T.);
#3774 = DIRECTION('s24_vert_e1_dir',(0.0000000,0.0000000,1.0000000));
#3775 = VECTOR('s24_vert_e1_vec',#3774,18.0000000);
#3776 = CARTESIAN_POINT('s24_vert_e1_origin',(33.8928471,-18.3990466,0.0000000));
#3777 = LINE('s24_vert_e1_line',#3776,#3775);
#3778 = EDGE_CURVE('s24_vert_e1',#3742,#3746,#3777,.T.);
#3779 = DIRECTION('s24_bot_e2_dir',(-0.9659258,0.2588190,0.0000000));
#3780 = VECTOR('s24_bot_e2_vec',#3779,5.0000000);
#3781 = CARTESIAN_POINT('s24_bot_e2_origin',(38.5515899,-1.0123818,0.0000000));
#3782 = LINE('s24_bot_e2_line',#3781,#3780);
#3783 = EDGE_CURVE('s24_bot_e2',#3743,#3744,#3782,.T.);
#3784 = DIRECTION('s24_top_e2_dir',(-0.9659258,0.2588190,0.0000000));
#3785 = VECTOR('s24_top_e2_vec',#3784,5.0000000);
#3786 = CARTESIAN_POINT('s24_top_e2_origin',(38.5515899,-1.0123818,18.0000000));
#3787 = LINE('s24_top_e2_line',#3786,#3785);
#3788 = EDGE_CURVE('s24_top_e2',#3747,#3748,#3787,.T.);
#3789 = DIRECTION('s24_vert_e2_dir',(0.0000000,0.0000000,1.0000000));
#3790 = VECTOR('s24_vert_e2_vec',#3789,18.0000000);
#3791 = CARTESIAN_POINT('s24_vert_e2_origin',(38.5515899,-1.0123818,0.0000000));
#3792 = LINE('s24_vert_e2_line',#3791,#3790);
#3793 = EDGE_CURVE('s24_vert_e2',#3743,#3747,#3792,.T.);
#3794 = DIRECTION('s24_bot_e3_dir',(-0.2588190,-0.9659258,0.0000000));
#3795 = VECTOR('s24_bot_e3_vec',#3794,18.0000000);
#3796 = CARTESIAN_POINT('s24_bot_e3_origin',(33.7219608,0.2817135,0.0000000));
#3797 = LINE('s24_bot_e3_line',#3796,#3795);
#3798 = EDGE_CURVE('s24_bot_e3',#3744,#3741,#3797,.T.);
#3799 = DIRECTION('s24_top_e3_dir',(-0.2588190,-0.9659258,0.0000000));
#3800 = VECTOR('s24_top_e3_vec',#3799,18.0000000);
#3801 = CARTESIAN_POINT('s24_top_e3_origin',(33.7219608,0.2817135,18.0000000));
#3802 = LINE('s24_top_e3_line',#3801,#3800);
#3803 = EDGE_CURVE('s24_top_e3',#3748,#3745,#3802,.T.);
#3804 = DIRECTION('s24_vert_e3_dir',(0.0000000,0.0000000,1.0000000));
#3805 = VECTOR('s24_vert_e3_vec',#3804,18.0000000);
#3806 = CARTESIAN_POINT('s24_vert_e3_origin',(33.7219608,0.2817135,0.0000000));
#3807 = LINE('s24_vert_e3_line',#3806,#3805);
#3808 = EDGE_CURVE('s24_vert_e3',#3744,#3748,#3807,.T.);
#3809 = ORIENTED_EDGE('',*,*,#3798,.F.);
#3810 = ORIENTED_EDGE('',*,*,#3783,.F.);
#3811 = ORIENTED_EDGE('',*,*,#3768,.F.);
#3812 = ORIENTED_EDGE('',*,*,#3753,.F.);
#3813 = EDGE_LOOP('s24_bottom_loop',(#3809,#3810,#3811,#3812));
#3814 = FACE_OUTER_BOUND('',#3813,.T.);
#3815 = CARTESIAN_POINT('s24_bottom_plane_loc',(0.0000000,0.0000000,0.0000000));
#3816 = DIRECTION('s24_bottom_plane_axis',(0.0000000,0.0000000,-1.0000000));
#3817 = DIRECTION('s24_bottom_plane_ref',(1.0000000,0.0000000,0.0000000));
#3818 = AXIS2_PLACEMENT_3D('s24_bottom_plane_place',#3815,#3816,#3817);
#3819 = PLANE('s24_bottom_plane',#3818);
#3820 = ADVANCED_FACE('s24_bottom_face',(#3814),#3819,.T.);
#3821 = ORIENTED_EDGE('',*,*,#3758,.T.);
#3822 = ORIENTED_EDGE('',*,*,#3773,.T.);
#3823 = ORIENTED_EDGE('',*,*,#3788,.T.);
#3824 = ORIENTED_EDGE('',*,*,#3803,.T.);
#3825 = EDGE_LOOP('s24_top_loop',(#3821,#3822,#3823,#3824));
#3826 = FACE_OUTER_BOUND('',#3825,.T.);
#3827 = CARTESIAN_POINT('s24_top_plane_loc',(0.0000000,0.0000000,18.0000000));
#3828 = DIRECTION('s24_top_plane_axis',(0.0000000,0.0000000,1.0000000));
#3829 = DIRECTION('s24_top_plane_ref',(1.0000000,0.0000000,0.0000000));
#3830 = AXIS2_PLACEMENT_3D('s24_top_plane_place',#3827,#3828,#3829);
#3831 = PLANE('s24_top_plane',#3830);
#3832 = ADVANCED_FACE('s24_top_face',(#3826),#3831,.T.);
#3833 = ORIENTED_EDGE('',*,*,#3753,.T.);
#3834 = ORIENTED_EDGE('',*,*,#3778,.T.);
#3835 = ORIENTED_EDGE('',*,*,#3758,.F.);
#3836 = ORIENTED_EDGE('',*,*,#3763,.F.);
#3837 = EDGE_LOOP('s24_side_loop_0',(#3833,#3834,#3835,#3836));
#3838 = FACE_OUTER_BOUND('',#3837,.T.);
#3839 = CARTESIAN_POINT('s24_side_plane_0_loc',(31.4780325,-17.7519990,0.0000000));
#3840 = DIRECTION('s24_side_plane_0_axis',(-0.2588190,-0.9659258,0.0000000));
#3841 = DIRECTION('s24_side_plane_0_ref',(0.9659258,-0.2588190,0.0000000));
#3842 = AXIS2_PLACEMENT_3D('s24_side_plane_0_place',#3839,#3840,#3841);
#3843 = PLANE('s24_side_plane_0',#3842);
#3844 = ADVANCED_FACE('s24_side_face_0',(#3838),#3843,.T.);
#3845 = ORIENTED_EDGE('',*,*,#3768,.T.);
#3846 = ORIENTED_EDGE('',*,*,#3793,.T.);
#3847 = ORIENTED_EDGE('',*,*,#3773,.F.);
#3848 = ORIENTED_EDGE('',*,*,#3778,.F.);
#3849 = EDGE_LOOP('s24_side_loop_1',(#3845,#3846,#3847,#3848));
#3850 = FACE_OUTER_BOUND('',#3849,.T.);
#3851 = CARTESIAN_POINT('s24_side_plane_1_loc',(36.2222185,-9.7057142,0.0000000));
#3852 = DIRECTION('s24_side_plane_1_axis',(0.9659258,-0.2588190,0.0000000));
#3853 = DIRECTION('s24_side_plane_1_ref',(0.2588190,0.9659258,0.0000000));
#3854 = AXIS2_PLACEMENT_3D('s24_side_plane_1_place',#3851,#3852,#3853);
#3855 = PLANE('s24_side_plane_1',#3854);
#3856 = ADVANCED_FACE('s24_side_face_1',(#3850),#3855,.T.);
#3857 = ORIENTED_EDGE('',*,*,#3783,.T.);
#3858 = ORIENTED_EDGE('',*,*,#3808,.T.);
#3859 = ORIENTED_EDGE('',*,*,#3788,.F.);
#3860 = ORIENTED_EDGE('',*,*,#3793,.F.);
#3861 = EDGE_LOOP('s24_side_loop_2',(#3857,#3858,#3859,#3860));
#3862 = FACE_OUTER_BOUND('',#3861,.T.);
#3863 = CARTESIAN_POINT('s24_side_plane_2_loc',(36.1367753,-0.3653341,0.0000000));
#3864 = DIRECTION('s24_side_plane_2_axis',(0.2588190,0.9659258,0.0000000));
#3865 = DIRECTION('s24_side_plane_2_ref',(-0.9659258,0.2588190,0.0000000));
#3866 = AXIS2_PLACEMENT_3D('s24_side_plane_2_place',#3863,#3864,#3865);
#3867 = PLANE('s24_side_plane_2',#3866);
#3868 = ADVANCED_FACE('s24_side_face_2',(#3862),#3867,.T.);
#3869 = ORIENTED_EDGE('',*,*,#3798,.T.);
#3870 = ORIENTED_EDGE('',*,*,#3763,.T.);
#3871 = ORIENTED_EDGE('',*,*,#3803,.F.);
#3872 = ORIENTED_EDGE('',*,*,#3808,.F.);
#3873 = EDGE_LOOP('s24_side_loop_3',(#3869,#3870,#3871,#3872));
#3874 = FACE_OUTER_BOUND('',#3873,.T.);
#3875 = CARTESIAN_POINT('s24_side_plane_3_loc',(31.3925894,-8.4116190,0.0000000));
#3876 = DIRECTION('s24_side_plane_3_axis',(-0.9659258,0.2588190,0.0000000));
#3877 = DIRECTION('s24_side_plane_3_ref',(-0.2588190,-0.9659258,0.0000000));
#3878 = AXIS2_PLACEMENT_3D('s24_side_plane_3_place',#3875,#3876,#3877);
#3879 = PLANE('s24_side_plane_3',#3878);
#3880 = ADVANCED_FACE('s24_side_face_3',(#3874),#3879,.T.);
#3881 = CLOSED_SHELL('Blade24_shell',(#3820,#3832,#3844,#3856,#3868,#3880));
#3882 = MANIFOLD_SOLID_BREP('Blade24_solid',#3881);
#3883 = CARTESIAN_POINT('world_origin',(0.0000000,0.0000000,0.0000000));
#3884 = DIRECTION('world_z',(0.0000000,0.0000000,1.0000000));
#3885 = DIRECTION('world_x',(1.0000000,0.0000000,0.0000000));
#3886 = AXIS2_PLACEMENT_3D('world_place',#3883,#3884,#3885);
#3887 = ( LENGTH_UNIT() NAMED_UNIT(*) SI_UNIT(.MILLI.,.METRE.) );
#3888 = ( NAMED_UNIT(*) PLANE_ANGLE_UNIT() SI_UNIT($,.RADIAN.) );
#3889 = ( NAMED_UNIT(*) SI_UNIT($,.STERADIAN.) SOLID_ANGLE_UNIT() );
#3890 = UNCERTAINTY_MEASURE_WITH_UNIT(LENGTH_MEASURE(1.E-05),#3887,'distance_accuracy_value','confusion accuracy');
#3891 = ( GEOMETRIC_REPRESENTATION_CONTEXT(3) GLOBAL_UNCERTAINTY_ASSIGNED_CONTEXT((#3890)) GLOBAL_UNIT_ASSIGNED_CONTEXT((#3887,#3888,#3889)) REPRESENTATION_CONTEXT('Context #1','3D Context with UNIT and UNCERTAINTY') );
#3892 = APPLICATION_CONTEXT('automotive design');
#3893 = APPLICATION_PROTOCOL_DEFINITION('international standard','automotive_design',2009,#3892);
#3894 = PRODUCT_CONTEXT('',#3892,'mechanical');
#3895 = PRODUCT('blisk_onshape','blisk_onshape','blisk patterned assembly for onshape (valid AP242 multi-body)',(#3894));
#3896 = PRODUCT_RELATED_PRODUCT_CATEGORY('part',$,(#3895));
#3897 = PRODUCT_DEFINITION_CONTEXT('part definition',#3892,'design');
#3898 = PRODUCT_DEFINITION_FORMATION('','',#3895);
#3899 = PRODUCT_DEFINITION('design','',#3898,#3897);
#3900 = PRODUCT_DEFINITION_SHAPE('','',#3899);
#3901 = ADVANCED_BREP_SHAPE_REPRESENTATION('',(#3886,#282,#432,#582,#732,#882,#1032,#1182,#1332,#1482,#1632,#1782,#1932,#2082,#2232,#2382,#2532,#2682,#2832,#2982,#3132,#3282,#3432,#3582,#3732,#3882),#3891);
#3902 = SHAPE_DEFINITION_REPRESENTATION(#3900,#3901);
ENDSEC;
END-ISO-10303-21;
