ISO-10303-21;
HEADER;
/* Generated by software containing ST-Developer
 * from STEP Tools, Inc. (www.steptools.com) 
 */

FILE_DESCRIPTION(
/* description */ (''),
/* implementation_level */ '2;1');

FILE_NAME(
/* name */ 'nurbs-blade-real.step',
/* time_stamp */ '2026-06-10T11:13:57-05:00',
/* author */ (''),
/* organization */ (''),
/* preprocessor_version */ 'ST-DEVELOPER v20.1',
/* originating_system */ 'Autodesk Translation Framework v15.8.0.0',
/* authorisation */ '');

FILE_SCHEMA (('AUTOMOTIVE_DESIGN { 1 0 10303 214 3 1 1 }'));
ENDSEC;

DATA;
#10=MECHANICAL_DESIGN_GEOMETRIC_PRESENTATION_REPRESENTATION('',(#13),#6250);
#11=SHAPE_REPRESENTATION_RELATIONSHIP('SRR','None',#6260,#12);
#12=ADVANCED_BREP_SHAPE_REPRESENTATION('',(#14),#6249);
#13=STYLED_ITEM('',(#6269),#14);
#14=MANIFOLD_SOLID_BREP('Body4',#41);
#15=B_SPLINE_CURVE_WITH_KNOTS('',3,(#6231,#6232,#6233,#6234,#6235,#6236,
#6237,#6238,#6239,#6240,#6241,#6242,#6243,#6244,#6245,#6246),
 .UNSPECIFIED.,.F.,.F.,(4,1,1,1,1,1,1,1,1,1,1,1,1,4),(0.,0.142857142857143,
0.178571428571429,0.285714285714286,0.428571428571429,0.464285714285714,
0.5,0.571428571428571,0.678571428571428,0.714285714285714,0.785714285714286,
0.857142857142857,0.892857142857143,1.),.UNSPECIFIED.);
#16=B_SPLINE_SURFACE_WITH_KNOTS('',3,3,((#663,#664,#665,#666,#667,#668,
#669,#670,#671,#672,#673,#674,#675,#676,#677,#678),(#679,#680,#681,#682,
#683,#684,#685,#686,#687,#688,#689,#690,#691,#692,#693,#694),(#695,#696,
#697,#698,#699,#700,#701,#702,#703,#704,#705,#706,#707,#708,#709,#710),
(#711,#712,#713,#714,#715,#716,#717,#718,#719,#720,#721,#722,#723,#724,
#725,#726),(#727,#728,#729,#730,#731,#732,#733,#734,#735,#736,#737,#738,
#739,#740,#741,#742),(#743,#744,#745,#746,#747,#748,#749,#750,#751,#752,
#753,#754,#755,#756,#757,#758),(#759,#760,#761,#762,#763,#764,#765,#766,
#767,#768,#769,#770,#771,#772,#773,#774),(#775,#776,#777,#778,#779,#780,
#781,#782,#783,#784,#785,#786,#787,#788,#789,#790),(#791,#792,#793,#794,
#795,#796,#797,#798,#799,#800,#801,#802,#803,#804,#805,#806),(#807,#808,
#809,#810,#811,#812,#813,#814,#815,#816,#817,#818,#819,#820,#821,#822),
(#823,#824,#825,#826,#827,#828,#829,#830,#831,#832,#833,#834,#835,#836,
#837,#838),(#839,#840,#841,#842,#843,#844,#845,#846,#847,#848,#849,#850,
#851,#852,#853,#854),(#855,#856,#857,#858,#859,#860,#861,#862,#863,#864,
#865,#866,#867,#868,#869,#870),(#871,#872,#873,#874,#875,#876,#877,#878,
#879,#880,#881,#882,#883,#884,#885,#886),(#887,#888,#889,#890,#891,#892,
#893,#894,#895,#896,#897,#898,#899,#900,#901,#902),(#903,#904,#905,#906,
#907,#908,#909,#910,#911,#912,#913,#914,#915,#916,#917,#918),(#919,#920,
#921,#922,#923,#924,#925,#926,#927,#928,#929,#930,#931,#932,#933,#934),
(#935,#936,#937,#938,#939,#940,#941,#942,#943,#944,#945,#946,#947,#948,
#949,#950),(#951,#952,#953,#954,#955,#956,#957,#958,#959,#960,#961,#962,
#963,#964,#965,#966),(#967,#968,#969,#970,#971,#972,#973,#974,#975,#976,
#977,#978,#979,#980,#981,#982),(#983,#984,#985,#986,#987,#988,#989,#990,
#991,#992,#993,#994,#995,#996,#997,#998),(#999,#1000,#1001,#1002,#1003,
#1004,#1005,#1006,#1007,#1008,#1009,#1010,#1011,#1012,#1013,#1014),(#1015,
#1016,#1017,#1018,#1019,#1020,#1021,#1022,#1023,#1024,#1025,#1026,#1027,
#1028,#1029,#1030),(#1031,#1032,#1033,#1034,#1035,#1036,#1037,#1038,#1039,
#1040,#1041,#1042,#1043,#1044,#1045,#1046),(#1047,#1048,#1049,#1050,#1051,
#1052,#1053,#1054,#1055,#1056,#1057,#1058,#1059,#1060,#1061,#1062),(#1063,
#1064,#1065,#1066,#1067,#1068,#1069,#1070,#1071,#1072,#1073,#1074,#1075,
#1076,#1077,#1078),(#1079,#1080,#1081,#1082,#1083,#1084,#1085,#1086,#1087,
#1088,#1089,#1090,#1091,#1092,#1093,#1094),(#1095,#1096,#1097,#1098,#1099,
#1100,#1101,#1102,#1103,#1104,#1105,#1106,#1107,#1108,#1109,#1110),(#1111,
#1112,#1113,#1114,#1115,#1116,#1117,#1118,#1119,#1120,#1121,#1122,#1123,
#1124,#1125,#1126),(#1127,#1128,#1129,#1130,#1131,#1132,#1133,#1134,#1135,
#1136,#1137,#1138,#1139,#1140,#1141,#1142),(#1143,#1144,#1145,#1146,#1147,
#1148,#1149,#1150,#1151,#1152,#1153,#1154,#1155,#1156,#1157,#1158),(#1159,
#1160,#1161,#1162,#1163,#1164,#1165,#1166,#1167,#1168,#1169,#1170,#1171,
#1172,#1173,#1174),(#1175,#1176,#1177,#1178,#1179,#1180,#1181,#1182,#1183,
#1184,#1185,#1186,#1187,#1188,#1189,#1190),(#1191,#1192,#1193,#1194,#1195,
#1196,#1197,#1198,#1199,#1200,#1201,#1202,#1203,#1204,#1205,#1206),(#1207,
#1208,#1209,#1210,#1211,#1212,#1213,#1214,#1215,#1216,#1217,#1218,#1219,
#1220,#1221,#1222),(#1223,#1224,#1225,#1226,#1227,#1228,#1229,#1230,#1231,
#1232,#1233,#1234,#1235,#1236,#1237,#1238),(#1239,#1240,#1241,#1242,#1243,
#1244,#1245,#1246,#1247,#1248,#1249,#1250,#1251,#1252,#1253,#1254),(#1255,
#1256,#1257,#1258,#1259,#1260,#1261,#1262,#1263,#1264,#1265,#1266,#1267,
#1268,#1269,#1270),(#1271,#1272,#1273,#1274,#1275,#1276,#1277,#1278,#1279,
#1280,#1281,#1282,#1283,#1284,#1285,#1286),(#1287,#1288,#1289,#1290,#1291,
#1292,#1293,#1294,#1295,#1296,#1297,#1298,#1299,#1300,#1301,#1302),(#1303,
#1304,#1305,#1306,#1307,#1308,#1309,#1310,#1311,#1312,#1313,#1314,#1315,
#1316,#1317,#1318),(#1319,#1320,#1321,#1322,#1323,#1324,#1325,#1326,#1327,
#1328,#1329,#1330,#1331,#1332,#1333,#1334),(#1335,#1336,#1337,#1338,#1339,
#1340,#1341,#1342,#1343,#1344,#1345,#1346,#1347,#1348,#1349,#1350),(#1351,
#1352,#1353,#1354,#1355,#1356,#1357,#1358,#1359,#1360,#1361,#1362,#1363,
#1364,#1365,#1366),(#1367,#1368,#1369,#1370,#1371,#1372,#1373,#1374,#1375,
#1376,#1377,#1378,#1379,#1380,#1381,#1382),(#1383,#1384,#1385,#1386,#1387,
#1388,#1389,#1390,#1391,#1392,#1393,#1394,#1395,#1396,#1397,#1398),(#1399,
#1400,#1401,#1402,#1403,#1404,#1405,#1406,#1407,#1408,#1409,#1410,#1411,
#1412,#1413,#1414),(#1415,#1416,#1417,#1418,#1419,#1420,#1421,#1422,#1423,
#1424,#1425,#1426,#1427,#1428,#1429,#1430),(#1431,#1432,#1433,#1434,#1435,
#1436,#1437,#1438,#1439,#1440,#1441,#1442,#1443,#1444,#1445,#1446),(#1447,
#1448,#1449,#1450,#1451,#1452,#1453,#1454,#1455,#1456,#1457,#1458,#1459,
#1460,#1461,#1462),(#1463,#1464,#1465,#1466,#1467,#1468,#1469,#1470,#1471,
#1472,#1473,#1474,#1475,#1476,#1477,#1478),(#1479,#1480,#1481,#1482,#1483,
#1484,#1485,#1486,#1487,#1488,#1489,#1490,#1491,#1492,#1493,#1494),(#1495,
#1496,#1497,#1498,#1499,#1500,#1501,#1502,#1503,#1504,#1505,#1506,#1507,
#1508,#1509,#1510),(#1511,#1512,#1513,#1514,#1515,#1516,#1517,#1518,#1519,
#1520,#1521,#1522,#1523,#1524,#1525,#1526),(#1527,#1528,#1529,#1530,#1531,
#1532,#1533,#1534,#1535,#1536,#1537,#1538,#1539,#1540,#1541,#1542),(#1543,
#1544,#1545,#1546,#1547,#1548,#1549,#1550,#1551,#1552,#1553,#1554,#1555,
#1556,#1557,#1558),(#1559,#1560,#1561,#1562,#1563,#1564,#1565,#1566,#1567,
#1568,#1569,#1570,#1571,#1572,#1573,#1574),(#1575,#1576,#1577,#1578,#1579,
#1580,#1581,#1582,#1583,#1584,#1585,#1586,#1587,#1588,#1589,#1590),(#1591,
#1592,#1593,#1594,#1595,#1596,#1597,#1598,#1599,#1600,#1601,#1602,#1603,
#1604,#1605,#1606),(#1607,#1608,#1609,#1610,#1611,#1612,#1613,#1614,#1615,
#1616,#1617,#1618,#1619,#1620,#1621,#1622),(#1623,#1624,#1625,#1626,#1627,
#1628,#1629,#1630,#1631,#1632,#1633,#1634,#1635,#1636,#1637,#1638),(#1639,
#1640,#1641,#1642,#1643,#1644,#1645,#1646,#1647,#1648,#1649,#1650,#1651,
#1652,#1653,#1654),(#1655,#1656,#1657,#1658,#1659,#1660,#1661,#1662,#1663,
#1664,#1665,#1666,#1667,#1668,#1669,#1670),(#1671,#1672,#1673,#1674,#1675,
#1676,#1677,#1678,#1679,#1680,#1681,#1682,#1683,#1684,#1685,#1686),(#1687,
#1688,#1689,#1690,#1691,#1692,#1693,#1694,#1695,#1696,#1697,#1698,#1699,
#1700,#1701,#1702),(#1703,#1704,#1705,#1706,#1707,#1708,#1709,#1710,#1711,
#1712,#1713,#1714,#1715,#1716,#1717,#1718),(#1719,#1720,#1721,#1722,#1723,
#1724,#1725,#1726,#1727,#1728,#1729,#1730,#1731,#1732,#1733,#1734),(#1735,
#1736,#1737,#1738,#1739,#1740,#1741,#1742,#1743,#1744,#1745,#1746,#1747,
#1748,#1749,#1750),(#1751,#1752,#1753,#1754,#1755,#1756,#1757,#1758,#1759,
#1760,#1761,#1762,#1763,#1764,#1765,#1766),(#1767,#1768,#1769,#1770,#1771,
#1772,#1773,#1774,#1775,#1776,#1777,#1778,#1779,#1780,#1781,#1782),(#1783,
#1784,#1785,#1786,#1787,#1788,#1789,#1790,#1791,#1792,#1793,#1794,#1795,
#1796,#1797,#1798),(#1799,#1800,#1801,#1802,#1803,#1804,#1805,#1806,#1807,
#1808,#1809,#1810,#1811,#1812,#1813,#1814),(#1815,#1816,#1817,#1818,#1819,
#1820,#1821,#1822,#1823,#1824,#1825,#1826,#1827,#1828,#1829,#1830),(#1831,
#1832,#1833,#1834,#1835,#1836,#1837,#1838,#1839,#1840,#1841,#1842,#1843,
#1844,#1845,#1846),(#1847,#1848,#1849,#1850,#1851,#1852,#1853,#1854,#1855,
#1856,#1857,#1858,#1859,#1860,#1861,#1862),(#1863,#1864,#1865,#1866,#1867,
#1868,#1869,#1870,#1871,#1872,#1873,#1874,#1875,#1876,#1877,#1878),(#1879,
#1880,#1881,#1882,#1883,#1884,#1885,#1886,#1887,#1888,#1889,#1890,#1891,
#1892,#1893,#1894),(#1895,#1896,#1897,#1898,#1899,#1900,#1901,#1902,#1903,
#1904,#1905,#1906,#1907,#1908,#1909,#1910),(#1911,#1912,#1913,#1914,#1915,
#1916,#1917,#1918,#1919,#1920,#1921,#1922,#1923,#1924,#1925,#1926),(#1927,
#1928,#1929,#1930,#1931,#1932,#1933,#1934,#1935,#1936,#1937,#1938,#1939,
#1940,#1941,#1942),(#1943,#1944,#1945,#1946,#1947,#1948,#1949,#1950,#1951,
#1952,#1953,#1954,#1955,#1956,#1957,#1958),(#1959,#1960,#1961,#1962,#1963,
#1964,#1965,#1966,#1967,#1968,#1969,#1970,#1971,#1972,#1973,#1974),(#1975,
#1976,#1977,#1978,#1979,#1980,#1981,#1982,#1983,#1984,#1985,#1986,#1987,
#1988,#1989,#1990),(#1991,#1992,#1993,#1994,#1995,#1996,#1997,#1998,#1999,
#2000,#2001,#2002,#2003,#2004,#2005,#2006),(#2007,#2008,#2009,#2010,#2011,
#2012,#2013,#2014,#2015,#2016,#2017,#2018,#2019,#2020,#2021,#2022),(#2023,
#2024,#2025,#2026,#2027,#2028,#2029,#2030,#2031,#2032,#2033,#2034,#2035,
#2036,#2037,#2038),(#2039,#2040,#2041,#2042,#2043,#2044,#2045,#2046,#2047,
#2048,#2049,#2050,#2051,#2052,#2053,#2054),(#2055,#2056,#2057,#2058,#2059,
#2060,#2061,#2062,#2063,#2064,#2065,#2066,#2067,#2068,#2069,#2070),(#2071,
#2072,#2073,#2074,#2075,#2076,#2077,#2078,#2079,#2080,#2081,#2082,#2083,
#2084,#2085,#2086),(#2087,#2088,#2089,#2090,#2091,#2092,#2093,#2094,#2095,
#2096,#2097,#2098,#2099,#2100,#2101,#2102),(#2103,#2104,#2105,#2106,#2107,
#2108,#2109,#2110,#2111,#2112,#2113,#2114,#2115,#2116,#2117,#2118),(#2119,
#2120,#2121,#2122,#2123,#2124,#2125,#2126,#2127,#2128,#2129,#2130,#2131,
#2132,#2133,#2134),(#2135,#2136,#2137,#2138,#2139,#2140,#2141,#2142,#2143,
#2144,#2145,#2146,#2147,#2148,#2149,#2150),(#2151,#2152,#2153,#2154,#2155,
#2156,#2157,#2158,#2159,#2160,#2161,#2162,#2163,#2164,#2165,#2166),(#2167,
#2168,#2169,#2170,#2171,#2172,#2173,#2174,#2175,#2176,#2177,#2178,#2179,
#2180,#2181,#2182),(#2183,#2184,#2185,#2186,#2187,#2188,#2189,#2190,#2191,
#2192,#2193,#2194,#2195,#2196,#2197,#2198),(#2199,#2200,#2201,#2202,#2203,
#2204,#2205,#2206,#2207,#2208,#2209,#2210,#2211,#2212,#2213,#2214),(#2215,
#2216,#2217,#2218,#2219,#2220,#2221,#2222,#2223,#2224,#2225,#2226,#2227,
#2228,#2229,#2230),(#2231,#2232,#2233,#2234,#2235,#2236,#2237,#2238,#2239,
#2240,#2241,#2242,#2243,#2244,#2245,#2246),(#2247,#2248,#2249,#2250,#2251,
#2252,#2253,#2254,#2255,#2256,#2257,#2258,#2259,#2260,#2261,#2262),(#2263,
#2264,#2265,#2266,#2267,#2268,#2269,#2270,#2271,#2272,#2273,#2274,#2275,
#2276,#2277,#2278),(#2279,#2280,#2281,#2282,#2283,#2284,#2285,#2286,#2287,
#2288,#2289,#2290,#2291,#2292,#2293,#2294),(#2295,#2296,#2297,#2298,#2299,
#2300,#2301,#2302,#2303,#2304,#2305,#2306,#2307,#2308,#2309,#2310),(#2311,
#2312,#2313,#2314,#2315,#2316,#2317,#2318,#2319,#2320,#2321,#2322,#2323,
#2324,#2325,#2326),(#2327,#2328,#2329,#2330,#2331,#2332,#2333,#2334,#2335,
#2336,#2337,#2338,#2339,#2340,#2341,#2342),(#2343,#2344,#2345,#2346,#2347,
#2348,#2349,#2350,#2351,#2352,#2353,#2354,#2355,#2356,#2357,#2358),(#2359,
#2360,#2361,#2362,#2363,#2364,#2365,#2366,#2367,#2368,#2369,#2370,#2371,
#2372,#2373,#2374),(#2375,#2376,#2377,#2378,#2379,#2380,#2381,#2382,#2383,
#2384,#2385,#2386,#2387,#2388,#2389,#2390),(#2391,#2392,#2393,#2394,#2395,
#2396,#2397,#2398,#2399,#2400,#2401,#2402,#2403,#2404,#2405,#2406),(#2407,
#2408,#2409,#2410,#2411,#2412,#2413,#2414,#2415,#2416,#2417,#2418,#2419,
#2420,#2421,#2422),(#2423,#2424,#2425,#2426,#2427,#2428,#2429,#2430,#2431,
#2432,#2433,#2434,#2435,#2436,#2437,#2438),(#2439,#2440,#2441,#2442,#2443,
#2444,#2445,#2446,#2447,#2448,#2449,#2450,#2451,#2452,#2453,#2454),(#2455,
#2456,#2457,#2458,#2459,#2460,#2461,#2462,#2463,#2464,#2465,#2466,#2467,
#2468,#2469,#2470),(#2471,#2472,#2473,#2474,#2475,#2476,#2477,#2478,#2479,
#2480,#2481,#2482,#2483,#2484,#2485,#2486),(#2487,#2488,#2489,#2490,#2491,
#2492,#2493,#2494,#2495,#2496,#2497,#2498,#2499,#2500,#2501,#2502),(#2503,
#2504,#2505,#2506,#2507,#2508,#2509,#2510,#2511,#2512,#2513,#2514,#2515,
#2516,#2517,#2518),(#2519,#2520,#2521,#2522,#2523,#2524,#2525,#2526,#2527,
#2528,#2529,#2530,#2531,#2532,#2533,#2534),(#2535,#2536,#2537,#2538,#2539,
#2540,#2541,#2542,#2543,#2544,#2545,#2546,#2547,#2548,#2549,#2550),(#2551,
#2552,#2553,#2554,#2555,#2556,#2557,#2558,#2559,#2560,#2561,#2562,#2563,
#2564,#2565,#2566),(#2567,#2568,#2569,#2570,#2571,#2572,#2573,#2574,#2575,
#2576,#2577,#2578,#2579,#2580,#2581,#2582),(#2583,#2584,#2585,#2586,#2587,
#2588,#2589,#2590,#2591,#2592,#2593,#2594,#2595,#2596,#2597,#2598),(#2599,
#2600,#2601,#2602,#2603,#2604,#2605,#2606,#2607,#2608,#2609,#2610,#2611,
#2612,#2613,#2614),(#2615,#2616,#2617,#2618,#2619,#2620,#2621,#2622,#2623,
#2624,#2625,#2626,#2627,#2628,#2629,#2630),(#2631,#2632,#2633,#2634,#2635,
#2636,#2637,#2638,#2639,#2640,#2641,#2642,#2643,#2644,#2645,#2646),(#2647,
#2648,#2649,#2650,#2651,#2652,#2653,#2654,#2655,#2656,#2657,#2658,#2659,
#2660,#2661,#2662),(#2663,#2664,#2665,#2666,#2667,#2668,#2669,#2670,#2671,
#2672,#2673,#2674,#2675,#2676,#2677,#2678),(#2679,#2680,#2681,#2682,#2683,
#2684,#2685,#2686,#2687,#2688,#2689,#2690,#2691,#2692,#2693,#2694),(#2695,
#2696,#2697,#2698,#2699,#2700,#2701,#2702,#2703,#2704,#2705,#2706,#2707,
#2708,#2709,#2710),(#2711,#2712,#2713,#2714,#2715,#2716,#2717,#2718,#2719,
#2720,#2721,#2722,#2723,#2724,#2725,#2726),(#2727,#2728,#2729,#2730,#2731,
#2732,#2733,#2734,#2735,#2736,#2737,#2738,#2739,#2740,#2741,#2742),(#2743,
#2744,#2745,#2746,#2747,#2748,#2749,#2750,#2751,#2752,#2753,#2754,#2755,
#2756,#2757,#2758),(#2759,#2760,#2761,#2762,#2763,#2764,#2765,#2766,#2767,
#2768,#2769,#2770,#2771,#2772,#2773,#2774),(#2775,#2776,#2777,#2778,#2779,
#2780,#2781,#2782,#2783,#2784,#2785,#2786,#2787,#2788,#2789,#2790),(#2791,
#2792,#2793,#2794,#2795,#2796,#2797,#2798,#2799,#2800,#2801,#2802,#2803,
#2804,#2805,#2806),(#2807,#2808,#2809,#2810,#2811,#2812,#2813,#2814,#2815,
#2816,#2817,#2818,#2819,#2820,#2821,#2822),(#2823,#2824,#2825,#2826,#2827,
#2828,#2829,#2830,#2831,#2832,#2833,#2834,#2835,#2836,#2837,#2838),(#2839,
#2840,#2841,#2842,#2843,#2844,#2845,#2846,#2847,#2848,#2849,#2850,#2851,
#2852,#2853,#2854),(#2855,#2856,#2857,#2858,#2859,#2860,#2861,#2862,#2863,
#2864,#2865,#2866,#2867,#2868,#2869,#2870),(#2871,#2872,#2873,#2874,#2875,
#2876,#2877,#2878,#2879,#2880,#2881,#2882,#2883,#2884,#2885,#2886),(#2887,
#2888,#2889,#2890,#2891,#2892,#2893,#2894,#2895,#2896,#2897,#2898,#2899,
#2900,#2901,#2902),(#2903,#2904,#2905,#2906,#2907,#2908,#2909,#2910,#2911,
#2912,#2913,#2914,#2915,#2916,#2917,#2918),(#2919,#2920,#2921,#2922,#2923,
#2924,#2925,#2926,#2927,#2928,#2929,#2930,#2931,#2932,#2933,#2934),(#2935,
#2936,#2937,#2938,#2939,#2940,#2941,#2942,#2943,#2944,#2945,#2946,#2947,
#2948,#2949,#2950),(#2951,#2952,#2953,#2954,#2955,#2956,#2957,#2958,#2959,
#2960,#2961,#2962,#2963,#2964,#2965,#2966),(#2967,#2968,#2969,#2970,#2971,
#2972,#2973,#2974,#2975,#2976,#2977,#2978,#2979,#2980,#2981,#2982),(#2983,
#2984,#2985,#2986,#2987,#2988,#2989,#2990,#2991,#2992,#2993,#2994,#2995,
#2996,#2997,#2998),(#2999,#3000,#3001,#3002,#3003,#3004,#3005,#3006,#3007,
#3008,#3009,#3010,#3011,#3012,#3013,#3014),(#3015,#3016,#3017,#3018,#3019,
#3020,#3021,#3022,#3023,#3024,#3025,#3026,#3027,#3028,#3029,#3030),(#3031,
#3032,#3033,#3034,#3035,#3036,#3037,#3038,#3039,#3040,#3041,#3042,#3043,
#3044,#3045,#3046),(#3047,#3048,#3049,#3050,#3051,#3052,#3053,#3054,#3055,
#3056,#3057,#3058,#3059,#3060,#3061,#3062),(#3063,#3064,#3065,#3066,#3067,
#3068,#3069,#3070,#3071,#3072,#3073,#3074,#3075,#3076,#3077,#3078),(#3079,
#3080,#3081,#3082,#3083,#3084,#3085,#3086,#3087,#3088,#3089,#3090,#3091,
#3092,#3093,#3094),(#3095,#3096,#3097,#3098,#3099,#3100,#3101,#3102,#3103,
#3104,#3105,#3106,#3107,#3108,#3109,#3110),(#3111,#3112,#3113,#3114,#3115,
#3116,#3117,#3118,#3119,#3120,#3121,#3122,#3123,#3124,#3125,#3126),(#3127,
#3128,#3129,#3130,#3131,#3132,#3133,#3134,#3135,#3136,#3137,#3138,#3139,
#3140,#3141,#3142),(#3143,#3144,#3145,#3146,#3147,#3148,#3149,#3150,#3151,
#3152,#3153,#3154,#3155,#3156,#3157,#3158),(#3159,#3160,#3161,#3162,#3163,
#3164,#3165,#3166,#3167,#3168,#3169,#3170,#3171,#3172,#3173,#3174),(#3175,
#3176,#3177,#3178,#3179,#3180,#3181,#3182,#3183,#3184,#3185,#3186,#3187,
#3188,#3189,#3190),(#3191,#3192,#3193,#3194,#3195,#3196,#3197,#3198,#3199,
#3200,#3201,#3202,#3203,#3204,#3205,#3206),(#3207,#3208,#3209,#3210,#3211,
#3212,#3213,#3214,#3215,#3216,#3217,#3218,#3219,#3220,#3221,#3222),(#3223,
#3224,#3225,#3226,#3227,#3228,#3229,#3230,#3231,#3232,#3233,#3234,#3235,
#3236,#3237,#3238),(#3239,#3240,#3241,#3242,#3243,#3244,#3245,#3246,#3247,
#3248,#3249,#3250,#3251,#3252,#3253,#3254),(#3255,#3256,#3257,#3258,#3259,
#3260,#3261,#3262,#3263,#3264,#3265,#3266,#3267,#3268,#3269,#3270),(#3271,
#3272,#3273,#3274,#3275,#3276,#3277,#3278,#3279,#3280,#3281,#3282,#3283,
#3284,#3285,#3286),(#3287,#3288,#3289,#3290,#3291,#3292,#3293,#3294,#3295,
#3296,#3297,#3298,#3299,#3300,#3301,#3302),(#3303,#3304,#3305,#3306,#3307,
#3308,#3309,#3310,#3311,#3312,#3313,#3314,#3315,#3316,#3317,#3318),(#3319,
#3320,#3321,#3322,#3323,#3324,#3325,#3326,#3327,#3328,#3329,#3330,#3331,
#3332,#3333,#3334),(#3335,#3336,#3337,#3338,#3339,#3340,#3341,#3342,#3343,
#3344,#3345,#3346,#3347,#3348,#3349,#3350),(#3351,#3352,#3353,#3354,#3355,
#3356,#3357,#3358,#3359,#3360,#3361,#3362,#3363,#3364,#3365,#3366),(#3367,
#3368,#3369,#3370,#3371,#3372,#3373,#3374,#3375,#3376,#3377,#3378,#3379,
#3380,#3381,#3382),(#3383,#3384,#3385,#3386,#3387,#3388,#3389,#3390,#3391,
#3392,#3393,#3394,#3395,#3396,#3397,#3398),(#3399,#3400,#3401,#3402,#3403,
#3404,#3405,#3406,#3407,#3408,#3409,#3410,#3411,#3412,#3413,#3414),(#3415,
#3416,#3417,#3418,#3419,#3420,#3421,#3422,#3423,#3424,#3425,#3426,#3427,
#3428,#3429,#3430),(#3431,#3432,#3433,#3434,#3435,#3436,#3437,#3438,#3439,
#3440,#3441,#3442,#3443,#3444,#3445,#3446),(#3447,#3448,#3449,#3450,#3451,
#3452,#3453,#3454,#3455,#3456,#3457,#3458,#3459,#3460,#3461,#3462),(#3463,
#3464,#3465,#3466,#3467,#3468,#3469,#3470,#3471,#3472,#3473,#3474,#3475,
#3476,#3477,#3478),(#3479,#3480,#3481,#3482,#3483,#3484,#3485,#3486,#3487,
#3488,#3489,#3490,#3491,#3492,#3493,#3494),(#3495,#3496,#3497,#3498,#3499,
#3500,#3501,#3502,#3503,#3504,#3505,#3506,#3507,#3508,#3509,#3510),(#3511,
#3512,#3513,#3514,#3515,#3516,#3517,#3518,#3519,#3520,#3521,#3522,#3523,
#3524,#3525,#3526),(#3527,#3528,#3529,#3530,#3531,#3532,#3533,#3534,#3535,
#3536,#3537,#3538,#3539,#3540,#3541,#3542),(#3543,#3544,#3545,#3546,#3547,
#3548,#3549,#3550,#3551,#3552,#3553,#3554,#3555,#3556,#3557,#3558),(#3559,
#3560,#3561,#3562,#3563,#3564,#3565,#3566,#3567,#3568,#3569,#3570,#3571,
#3572,#3573,#3574),(#3575,#3576,#3577,#3578,#3579,#3580,#3581,#3582,#3583,
#3584,#3585,#3586,#3587,#3588,#3589,#3590),(#3591,#3592,#3593,#3594,#3595,
#3596,#3597,#3598,#3599,#3600,#3601,#3602,#3603,#3604,#3605,#3606),(#3607,
#3608,#3609,#3610,#3611,#3612,#3613,#3614,#3615,#3616,#3617,#3618,#3619,
#3620,#3621,#3622),(#3623,#3624,#3625,#3626,#3627,#3628,#3629,#3630,#3631,
#3632,#3633,#3634,#3635,#3636,#3637,#3638),(#3639,#3640,#3641,#3642,#3643,
#3644,#3645,#3646,#3647,#3648,#3649,#3650,#3651,#3652,#3653,#3654),(#3655,
#3656,#3657,#3658,#3659,#3660,#3661,#3662,#3663,#3664,#3665,#3666,#3667,
#3668,#3669,#3670),(#3671,#3672,#3673,#3674,#3675,#3676,#3677,#3678,#3679,
#3680,#3681,#3682,#3683,#3684,#3685,#3686),(#3687,#3688,#3689,#3690,#3691,
#3692,#3693,#3694,#3695,#3696,#3697,#3698,#3699,#3700,#3701,#3702),(#3703,
#3704,#3705,#3706,#3707,#3708,#3709,#3710,#3711,#3712,#3713,#3714,#3715,
#3716,#3717,#3718),(#3719,#3720,#3721,#3722,#3723,#3724,#3725,#3726,#3727,
#3728,#3729,#3730,#3731,#3732,#3733,#3734),(#3735,#3736,#3737,#3738,#3739,
#3740,#3741,#3742,#3743,#3744,#3745,#3746,#3747,#3748,#3749,#3750),(#3751,
#3752,#3753,#3754,#3755,#3756,#3757,#3758,#3759,#3760,#3761,#3762,#3763,
#3764,#3765,#3766),(#3767,#3768,#3769,#3770,#3771,#3772,#3773,#3774,#3775,
#3776,#3777,#3778,#3779,#3780,#3781,#3782),(#3783,#3784,#3785,#3786,#3787,
#3788,#3789,#3790,#3791,#3792,#3793,#3794,#3795,#3796,#3797,#3798),(#3799,
#3800,#3801,#3802,#3803,#3804,#3805,#3806,#3807,#3808,#3809,#3810,#3811,
#3812,#3813,#3814),(#3815,#3816,#3817,#3818,#3819,#3820,#3821,#3822,#3823,
#3824,#3825,#3826,#3827,#3828,#3829,#3830),(#3831,#3832,#3833,#3834,#3835,
#3836,#3837,#3838,#3839,#3840,#3841,#3842,#3843,#3844,#3845,#3846),(#3847,
#3848,#3849,#3850,#3851,#3852,#3853,#3854,#3855,#3856,#3857,#3858,#3859,
#3860,#3861,#3862),(#3863,#3864,#3865,#3866,#3867,#3868,#3869,#3870,#3871,
#3872,#3873,#3874,#3875,#3876,#3877,#3878),(#3879,#3880,#3881,#3882,#3883,
#3884,#3885,#3886,#3887,#3888,#3889,#3890,#3891,#3892,#3893,#3894),(#3895,
#3896,#3897,#3898,#3899,#3900,#3901,#3902,#3903,#3904,#3905,#3906,#3907,
#3908,#3909,#3910),(#3911,#3912,#3913,#3914,#3915,#3916,#3917,#3918,#3919,
#3920,#3921,#3922,#3923,#3924,#3925,#3926),(#3927,#3928,#3929,#3930,#3931,
#3932,#3933,#3934,#3935,#3936,#3937,#3938,#3939,#3940,#3941,#3942),(#3943,
#3944,#3945,#3946,#3947,#3948,#3949,#3950,#3951,#3952,#3953,#3954,#3955,
#3956,#3957,#3958),(#3959,#3960,#3961,#3962,#3963,#3964,#3965,#3966,#3967,
#3968,#3969,#3970,#3971,#3972,#3973,#3974),(#3975,#3976,#3977,#3978,#3979,
#3980,#3981,#3982,#3983,#3984,#3985,#3986,#3987,#3988,#3989,#3990),(#3991,
#3992,#3993,#3994,#3995,#3996,#3997,#3998,#3999,#4000,#4001,#4002,#4003,
#4004,#4005,#4006),(#4007,#4008,#4009,#4010,#4011,#4012,#4013,#4014,#4015,
#4016,#4017,#4018,#4019,#4020,#4021,#4022),(#4023,#4024,#4025,#4026,#4027,
#4028,#4029,#4030,#4031,#4032,#4033,#4034,#4035,#4036,#4037,#4038),(#4039,
#4040,#4041,#4042,#4043,#4044,#4045,#4046,#4047,#4048,#4049,#4050,#4051,
#4052,#4053,#4054),(#4055,#4056,#4057,#4058,#4059,#4060,#4061,#4062,#4063,
#4064,#4065,#4066,#4067,#4068,#4069,#4070),(#4071,#4072,#4073,#4074,#4075,
#4076,#4077,#4078,#4079,#4080,#4081,#4082,#4083,#4084,#4085,#4086),(#4087,
#4088,#4089,#4090,#4091,#4092,#4093,#4094,#4095,#4096,#4097,#4098,#4099,
#4100,#4101,#4102),(#4103,#4104,#4105,#4106,#4107,#4108,#4109,#4110,#4111,
#4112,#4113,#4114,#4115,#4116,#4117,#4118),(#4119,#4120,#4121,#4122,#4123,
#4124,#4125,#4126,#4127,#4128,#4129,#4130,#4131,#4132,#4133,#4134),(#4135,
#4136,#4137,#4138,#4139,#4140,#4141,#4142,#4143,#4144,#4145,#4146,#4147,
#4148,#4149,#4150),(#4151,#4152,#4153,#4154,#4155,#4156,#4157,#4158,#4159,
#4160,#4161,#4162,#4163,#4164,#4165,#4166),(#4167,#4168,#4169,#4170,#4171,
#4172,#4173,#4174,#4175,#4176,#4177,#4178,#4179,#4180,#4181,#4182),(#4183,
#4184,#4185,#4186,#4187,#4188,#4189,#4190,#4191,#4192,#4193,#4194,#4195,
#4196,#4197,#4198),(#4199,#4200,#4201,#4202,#4203,#4204,#4205,#4206,#4207,
#4208,#4209,#4210,#4211,#4212,#4213,#4214),(#4215,#4216,#4217,#4218,#4219,
#4220,#4221,#4222,#4223,#4224,#4225,#4226,#4227,#4228,#4229,#4230),(#4231,
#4232,#4233,#4234,#4235,#4236,#4237,#4238,#4239,#4240,#4241,#4242,#4243,
#4244,#4245,#4246),(#4247,#4248,#4249,#4250,#4251,#4252,#4253,#4254,#4255,
#4256,#4257,#4258,#4259,#4260,#4261,#4262),(#4263,#4264,#4265,#4266,#4267,
#4268,#4269,#4270,#4271,#4272,#4273,#4274,#4275,#4276,#4277,#4278),(#4279,
#4280,#4281,#4282,#4283,#4284,#4285,#4286,#4287,#4288,#4289,#4290,#4291,
#4292,#4293,#4294),(#4295,#4296,#4297,#4298,#4299,#4300,#4301,#4302,#4303,
#4304,#4305,#4306,#4307,#4308,#4309,#4310),(#4311,#4312,#4313,#4314,#4315,
#4316,#4317,#4318,#4319,#4320,#4321,#4322,#4323,#4324,#4325,#4326),(#4327,
#4328,#4329,#4330,#4331,#4332,#4333,#4334,#4335,#4336,#4337,#4338,#4339,
#4340,#4341,#4342),(#4343,#4344,#4345,#4346,#4347,#4348,#4349,#4350,#4351,
#4352,#4353,#4354,#4355,#4356,#4357,#4358),(#4359,#4360,#4361,#4362,#4363,
#4364,#4365,#4366,#4367,#4368,#4369,#4370,#4371,#4372,#4373,#4374),(#4375,
#4376,#4377,#4378,#4379,#4380,#4381,#4382,#4383,#4384,#4385,#4386,#4387,
#4388,#4389,#4390),(#4391,#4392,#4393,#4394,#4395,#4396,#4397,#4398,#4399,
#4400,#4401,#4402,#4403,#4404,#4405,#4406),(#4407,#4408,#4409,#4410,#4411,
#4412,#4413,#4414,#4415,#4416,#4417,#4418,#4419,#4420,#4421,#4422),(#4423,
#4424,#4425,#4426,#4427,#4428,#4429,#4430,#4431,#4432,#4433,#4434,#4435,
#4436,#4437,#4438),(#4439,#4440,#4441,#4442,#4443,#4444,#4445,#4446,#4447,
#4448,#4449,#4450,#4451,#4452,#4453,#4454),(#4455,#4456,#4457,#4458,#4459,
#4460,#4461,#4462,#4463,#4464,#4465,#4466,#4467,#4468,#4469,#4470),(#4471,
#4472,#4473,#4474,#4475,#4476,#4477,#4478,#4479,#4480,#4481,#4482,#4483,
#4484,#4485,#4486),(#4487,#4488,#4489,#4490,#4491,#4492,#4493,#4494,#4495,
#4496,#4497,#4498,#4499,#4500,#4501,#4502),(#4503,#4504,#4505,#4506,#4507,
#4508,#4509,#4510,#4511,#4512,#4513,#4514,#4515,#4516,#4517,#4518),(#4519,
#4520,#4521,#4522,#4523,#4524,#4525,#4526,#4527,#4528,#4529,#4530,#4531,
#4532,#4533,#4534),(#4535,#4536,#4537,#4538,#4539,#4540,#4541,#4542,#4543,
#4544,#4545,#4546,#4547,#4548,#4549,#4550),(#4551,#4552,#4553,#4554,#4555,
#4556,#4557,#4558,#4559,#4560,#4561,#4562,#4563,#4564,#4565,#4566),(#4567,
#4568,#4569,#4570,#4571,#4572,#4573,#4574,#4575,#4576,#4577,#4578,#4579,
#4580,#4581,#4582),(#4583,#4584,#4585,#4586,#4587,#4588,#4589,#4590,#4591,
#4592,#4593,#4594,#4595,#4596,#4597,#4598),(#4599,#4600,#4601,#4602,#4603,
#4604,#4605,#4606,#4607,#4608,#4609,#4610,#4611,#4612,#4613,#4614),(#4615,
#4616,#4617,#4618,#4619,#4620,#4621,#4622,#4623,#4624,#4625,#4626,#4627,
#4628,#4629,#4630),(#4631,#4632,#4633,#4634,#4635,#4636,#4637,#4638,#4639,
#4640,#4641,#4642,#4643,#4644,#4645,#4646),(#4647,#4648,#4649,#4650,#4651,
#4652,#4653,#4654,#4655,#4656,#4657,#4658,#4659,#4660,#4661,#4662),(#4663,
#4664,#4665,#4666,#4667,#4668,#4669,#4670,#4671,#4672,#4673,#4674,#4675,
#4676,#4677,#4678),(#4679,#4680,#4681,#4682,#4683,#4684,#4685,#4686,#4687,
#4688,#4689,#4690,#4691,#4692,#4693,#4694),(#4695,#4696,#4697,#4698,#4699,
#4700,#4701,#4702,#4703,#4704,#4705,#4706,#4707,#4708,#4709,#4710),(#4711,
#4712,#4713,#4714,#4715,#4716,#4717,#4718,#4719,#4720,#4721,#4722,#4723,
#4724,#4725,#4726),(#4727,#4728,#4729,#4730,#4731,#4732,#4733,#4734,#4735,
#4736,#4737,#4738,#4739,#4740,#4741,#4742),(#4743,#4744,#4745,#4746,#4747,
#4748,#4749,#4750,#4751,#4752,#4753,#4754,#4755,#4756,#4757,#4758),(#4759,
#4760,#4761,#4762,#4763,#4764,#4765,#4766,#4767,#4768,#4769,#4770,#4771,
#4772,#4773,#4774),(#4775,#4776,#4777,#4778,#4779,#4780,#4781,#4782,#4783,
#4784,#4785,#4786,#4787,#4788,#4789,#4790),(#4791,#4792,#4793,#4794,#4795,
#4796,#4797,#4798,#4799,#4800,#4801,#4802,#4803,#4804,#4805,#4806),(#4807,
#4808,#4809,#4810,#4811,#4812,#4813,#4814,#4815,#4816,#4817,#4818,#4819,
#4820,#4821,#4822),(#4823,#4824,#4825,#4826,#4827,#4828,#4829,#4830,#4831,
#4832,#4833,#4834,#4835,#4836,#4837,#4838),(#4839,#4840,#4841,#4842,#4843,
#4844,#4845,#4846,#4847,#4848,#4849,#4850,#4851,#4852,#4853,#4854),(#4855,
#4856,#4857,#4858,#4859,#4860,#4861,#4862,#4863,#4864,#4865,#4866,#4867,
#4868,#4869,#4870),(#4871,#4872,#4873,#4874,#4875,#4876,#4877,#4878,#4879,
#4880,#4881,#4882,#4883,#4884,#4885,#4886),(#4887,#4888,#4889,#4890,#4891,
#4892,#4893,#4894,#4895,#4896,#4897,#4898,#4899,#4900,#4901,#4902),(#4903,
#4904,#4905,#4906,#4907,#4908,#4909,#4910,#4911,#4912,#4913,#4914,#4915,
#4916,#4917,#4918),(#4919,#4920,#4921,#4922,#4923,#4924,#4925,#4926,#4927,
#4928,#4929,#4930,#4931,#4932,#4933,#4934),(#4935,#4936,#4937,#4938,#4939,
#4940,#4941,#4942,#4943,#4944,#4945,#4946,#4947,#4948,#4949,#4950),(#4951,
#4952,#4953,#4954,#4955,#4956,#4957,#4958,#4959,#4960,#4961,#4962,#4963,
#4964,#4965,#4966),(#4967,#4968,#4969,#4970,#4971,#4972,#4973,#4974,#4975,
#4976,#4977,#4978,#4979,#4980,#4981,#4982),(#4983,#4984,#4985,#4986,#4987,
#4988,#4989,#4990,#4991,#4992,#4993,#4994,#4995,#4996,#4997,#4998),(#4999,
#5000,#5001,#5002,#5003,#5004,#5005,#5006,#5007,#5008,#5009,#5010,#5011,
#5012,#5013,#5014),(#5015,#5016,#5017,#5018,#5019,#5020,#5021,#5022,#5023,
#5024,#5025,#5026,#5027,#5028,#5029,#5030),(#5031,#5032,#5033,#5034,#5035,
#5036,#5037,#5038,#5039,#5040,#5041,#5042,#5043,#5044,#5045,#5046),(#5047,
#5048,#5049,#5050,#5051,#5052,#5053,#5054,#5055,#5056,#5057,#5058,#5059,
#5060,#5061,#5062),(#5063,#5064,#5065,#5066,#5067,#5068,#5069,#5070,#5071,
#5072,#5073,#5074,#5075,#5076,#5077,#5078),(#5079,#5080,#5081,#5082,#5083,
#5084,#5085,#5086,#5087,#5088,#5089,#5090,#5091,#5092,#5093,#5094),(#5095,
#5096,#5097,#5098,#5099,#5100,#5101,#5102,#5103,#5104,#5105,#5106,#5107,
#5108,#5109,#5110),(#5111,#5112,#5113,#5114,#5115,#5116,#5117,#5118,#5119,
#5120,#5121,#5122,#5123,#5124,#5125,#5126),(#5127,#5128,#5129,#5130,#5131,
#5132,#5133,#5134,#5135,#5136,#5137,#5138,#5139,#5140,#5141,#5142),(#5143,
#5144,#5145,#5146,#5147,#5148,#5149,#5150,#5151,#5152,#5153,#5154,#5155,
#5156,#5157,#5158),(#5159,#5160,#5161,#5162,#5163,#5164,#5165,#5166,#5167,
#5168,#5169,#5170,#5171,#5172,#5173,#5174),(#5175,#5176,#5177,#5178,#5179,
#5180,#5181,#5182,#5183,#5184,#5185,#5186,#5187,#5188,#5189,#5190),(#5191,
#5192,#5193,#5194,#5195,#5196,#5197,#5198,#5199,#5200,#5201,#5202,#5203,
#5204,#5205,#5206),(#5207,#5208,#5209,#5210,#5211,#5212,#5213,#5214,#5215,
#5216,#5217,#5218,#5219,#5220,#5221,#5222),(#5223,#5224,#5225,#5226,#5227,
#5228,#5229,#5230,#5231,#5232,#5233,#5234,#5235,#5236,#5237,#5238),(#5239,
#5240,#5241,#5242,#5243,#5244,#5245,#5246,#5247,#5248,#5249,#5250,#5251,
#5252,#5253,#5254),(#5255,#5256,#5257,#5258,#5259,#5260,#5261,#5262,#5263,
#5264,#5265,#5266,#5267,#5268,#5269,#5270),(#5271,#5272,#5273,#5274,#5275,
#5276,#5277,#5278,#5279,#5280,#5281,#5282,#5283,#5284,#5285,#5286),(#5287,
#5288,#5289,#5290,#5291,#5292,#5293,#5294,#5295,#5296,#5297,#5298,#5299,
#5300,#5301,#5302),(#5303,#5304,#5305,#5306,#5307,#5308,#5309,#5310,#5311,
#5312,#5313,#5314,#5315,#5316,#5317,#5318),(#5319,#5320,#5321,#5322,#5323,
#5324,#5325,#5326,#5327,#5328,#5329,#5330,#5331,#5332,#5333,#5334),(#5335,
#5336,#5337,#5338,#5339,#5340,#5341,#5342,#5343,#5344,#5345,#5346,#5347,
#5348,#5349,#5350),(#5351,#5352,#5353,#5354,#5355,#5356,#5357,#5358,#5359,
#5360,#5361,#5362,#5363,#5364,#5365,#5366),(#5367,#5368,#5369,#5370,#5371,
#5372,#5373,#5374,#5375,#5376,#5377,#5378,#5379,#5380,#5381,#5382),(#5383,
#5384,#5385,#5386,#5387,#5388,#5389,#5390,#5391,#5392,#5393,#5394,#5395,
#5396,#5397,#5398),(#5399,#5400,#5401,#5402,#5403,#5404,#5405,#5406,#5407,
#5408,#5409,#5410,#5411,#5412,#5413,#5414),(#5415,#5416,#5417,#5418,#5419,
#5420,#5421,#5422,#5423,#5424,#5425,#5426,#5427,#5428,#5429,#5430),(#5431,
#5432,#5433,#5434,#5435,#5436,#5437,#5438,#5439,#5440,#5441,#5442,#5443,
#5444,#5445,#5446),(#5447,#5448,#5449,#5450,#5451,#5452,#5453,#5454,#5455,
#5456,#5457,#5458,#5459,#5460,#5461,#5462),(#5463,#5464,#5465,#5466,#5467,
#5468,#5469,#5470,#5471,#5472,#5473,#5474,#5475,#5476,#5477,#5478),(#5479,
#5480,#5481,#5482,#5483,#5484,#5485,#5486,#5487,#5488,#5489,#5490,#5491,
#5492,#5493,#5494),(#5495,#5496,#5497,#5498,#5499,#5500,#5501,#5502,#5503,
#5504,#5505,#5506,#5507,#5508,#5509,#5510),(#5511,#5512,#5513,#5514,#5515,
#5516,#5517,#5518,#5519,#5520,#5521,#5522,#5523,#5524,#5525,#5526),(#5527,
#5528,#5529,#5530,#5531,#5532,#5533,#5534,#5535,#5536,#5537,#5538,#5539,
#5540,#5541,#5542),(#5543,#5544,#5545,#5546,#5547,#5548,#5549,#5550,#5551,
#5552,#5553,#5554,#5555,#5556,#5557,#5558),(#5559,#5560,#5561,#5562,#5563,
#5564,#5565,#5566,#5567,#5568,#5569,#5570,#5571,#5572,#5573,#5574),(#5575,
#5576,#5577,#5578,#5579,#5580,#5581,#5582,#5583,#5584,#5585,#5586,#5587,
#5588,#5589,#5590),(#5591,#5592,#5593,#5594,#5595,#5596,#5597,#5598,#5599,
#5600,#5601,#5602,#5603,#5604,#5605,#5606),(#5607,#5608,#5609,#5610,#5611,
#5612,#5613,#5614,#5615,#5616,#5617,#5618,#5619,#5620,#5621,#5622),(#5623,
#5624,#5625,#5626,#5627,#5628,#5629,#5630,#5631,#5632,#5633,#5634,#5635,
#5636,#5637,#5638),(#5639,#5640,#5641,#5642,#5643,#5644,#5645,#5646,#5647,
#5648,#5649,#5650,#5651,#5652,#5653,#5654),(#5655,#5656,#5657,#5658,#5659,
#5660,#5661,#5662,#5663,#5664,#5665,#5666,#5667,#5668,#5669,#5670),(#5671,
#5672,#5673,#5674,#5675,#5676,#5677,#5678,#5679,#5680,#5681,#5682,#5683,
#5684,#5685,#5686),(#5687,#5688,#5689,#5690,#5691,#5692,#5693,#5694,#5695,
#5696,#5697,#5698,#5699,#5700,#5701,#5702),(#5703,#5704,#5705,#5706,#5707,
#5708,#5709,#5710,#5711,#5712,#5713,#5714,#5715,#5716,#5717,#5718),(#5719,
#5720,#5721,#5722,#5723,#5724,#5725,#5726,#5727,#5728,#5729,#5730,#5731,
#5732,#5733,#5734),(#5735,#5736,#5737,#5738,#5739,#5740,#5741,#5742,#5743,
#5744,#5745,#5746,#5747,#5748,#5749,#5750),(#5751,#5752,#5753,#5754,#5755,
#5756,#5757,#5758,#5759,#5760,#5761,#5762,#5763,#5764,#5765,#5766),(#5767,
#5768,#5769,#5770,#5771,#5772,#5773,#5774,#5775,#5776,#5777,#5778,#5779,
#5780,#5781,#5782),(#5783,#5784,#5785,#5786,#5787,#5788,#5789,#5790,#5791,
#5792,#5793,#5794,#5795,#5796,#5797,#5798),(#5799,#5800,#5801,#5802,#5803,
#5804,#5805,#5806,#5807,#5808,#5809,#5810,#5811,#5812,#5813,#5814),(#5815,
#5816,#5817,#5818,#5819,#5820,#5821,#5822,#5823,#5824,#5825,#5826,#5827,
#5828,#5829,#5830),(#5831,#5832,#5833,#5834,#5835,#5836,#5837,#5838,#5839,
#5840,#5841,#5842,#5843,#5844,#5845,#5846),(#5847,#5848,#5849,#5850,#5851,
#5852,#5853,#5854,#5855,#5856,#5857,#5858,#5859,#5860,#5861,#5862),(#5863,
#5864,#5865,#5866,#5867,#5868,#5869,#5870,#5871,#5872,#5873,#5874,#5875,
#5876,#5877,#5878),(#5879,#5880,#5881,#5882,#5883,#5884,#5885,#5886,#5887,
#5888,#5889,#5890,#5891,#5892,#5893,#5894),(#5895,#5896,#5897,#5898,#5899,
#5900,#5901,#5902,#5903,#5904,#5905,#5906,#5907,#5908,#5909,#5910),(#5911,
#5912,#5913,#5914,#5915,#5916,#5917,#5918,#5919,#5920,#5921,#5922,#5923,
#5924,#5925,#5926),(#5927,#5928,#5929,#5930,#5931,#5932,#5933,#5934,#5935,
#5936,#5937,#5938,#5939,#5940,#5941,#5942),(#5943,#5944,#5945,#5946,#5947,
#5948,#5949,#5950,#5951,#5952,#5953,#5954,#5955,#5956,#5957,#5958),(#5959,
#5960,#5961,#5962,#5963,#5964,#5965,#5966,#5967,#5968,#5969,#5970,#5971,
#5972,#5973,#5974),(#5975,#5976,#5977,#5978,#5979,#5980,#5981,#5982,#5983,
#5984,#5985,#5986,#5987,#5988,#5989,#5990),(#5991,#5992,#5993,#5994,#5995,
#5996,#5997,#5998,#5999,#6000,#6001,#6002,#6003,#6004,#6005,#6006),(#6007,
#6008,#6009,#6010,#6011,#6012,#6013,#6014,#6015,#6016,#6017,#6018,#6019,
#6020,#6021,#6022),(#6023,#6024,#6025,#6026,#6027,#6028,#6029,#6030,#6031,
#6032,#6033,#6034,#6035,#6036,#6037,#6038),(#6039,#6040,#6041,#6042,#6043,
#6044,#6045,#6046,#6047,#6048,#6049,#6050,#6051,#6052,#6053,#6054),(#6055,
#6056,#6057,#6058,#6059,#6060,#6061,#6062,#6063,#6064,#6065,#6066,#6067,
#6068,#6069,#6070),(#6071,#6072,#6073,#6074,#6075,#6076,#6077,#6078,#6079,
#6080,#6081,#6082,#6083,#6084,#6085,#6086),(#6087,#6088,#6089,#6090,#6091,
#6092,#6093,#6094,#6095,#6096,#6097,#6098,#6099,#6100,#6101,#6102),(#6103,
#6104,#6105,#6106,#6107,#6108,#6109,#6110,#6111,#6112,#6113,#6114,#6115,
#6116,#6117,#6118),(#6119,#6120,#6121,#6122,#6123,#6124,#6125,#6126,#6127,
#6128,#6129,#6130,#6131,#6132,#6133,#6134),(#6135,#6136,#6137,#6138,#6139,
#6140,#6141,#6142,#6143,#6144,#6145,#6146,#6147,#6148,#6149,#6150),(#6151,
#6152,#6153,#6154,#6155,#6156,#6157,#6158,#6159,#6160,#6161,#6162,#6163,
#6164,#6165,#6166),(#6167,#6168,#6169,#6170,#6171,#6172,#6173,#6174,#6175,
#6176,#6177,#6178,#6179,#6180,#6181,#6182),(#6183,#6184,#6185,#6186,#6187,
#6188,#6189,#6190,#6191,#6192,#6193,#6194,#6195,#6196,#6197,#6198),(#6199,
#6200,#6201,#6202,#6203,#6204,#6205,#6206,#6207,#6208,#6209,#6210,#6211,
#6212,#6213,#6214),(#6215,#6216,#6217,#6218,#6219,#6220,#6221,#6222,#6223,
#6224,#6225,#6226,#6227,#6228,#6229,#6230)),.UNSPECIFIED.,.T.,.F.,.F.,(4,
1,1,1,1,1,1,1,1,1,1,1,1,1,1,1,1,1,1,1,1,1,1,1,1,1,1,1,1,1,1,1,1,1,1,1,1,
1,1,1,1,1,1,1,1,1,1,1,1,1,1,1,1,1,1,1,1,1,1,1,1,1,1,1,1,1,1,1,1,1,1,1,1,
1,1,1,1,1,1,1,1,1,1,1,1,1,1,1,1,1,1,1,1,1,1,1,1,1,1,1,1,1,1,1,1,1,1,1,1,
1,1,1,1,1,1,1,1,1,1,1,1,1,1,1,1,1,1,1,1,1,1,1,1,1,1,1,1,1,1,1,1,1,1,1,1,
1,1,1,1,1,1,1,1,1,1,1,1,1,1,1,1,1,1,1,1,1,1,1,1,1,1,1,1,1,1,1,1,1,1,1,1,
1,1,1,1,1,1,1,1,1,1,1,1,1,1,1,1,1,1,1,1,1,1,1,1,1,1,1,1,1,1,1,1,1,1,1,1,
1,1,1,1,1,1,1,1,1,1,1,1,1,1,1,1,1,1,1,1,1,1,1,1,1,1,1,1,1,1,1,1,1,1,1,1,
1,1,1,1,1,1,1,1,1,1,1,1,1,1,1,1,1,1,1,1,1,1,1,1,1,1,1,1,1,1,1,1,1,1,1,1,
1,1,1,1,1,1,1,1,1,1,1,1,1,1,1,1,1,1,1,1,1,1,1,1,1,1,1,1,1,1,1,1,1,1,1,1,
1,1,1,1,1,1,1,1,1,1,1,1,1,1,1,1,1,1,1,1,4),(4,1,1,1,1,1,1,1,1,1,1,1,1,4),
(0.,0.00446428571428571,0.00892857142857143,0.0133928571428571,0.0178571428571429,
0.0223214285714286,0.0267857142857143,0.03125,0.0357142857142857,0.0401785714285714,
0.0446428571428571,0.0491071428571428,0.0535714285714286,0.0580357142857143,
0.0625,0.0669642857142857,0.0714285714285714,0.0758928571428571,0.0803571428571428,
0.0848214285714286,0.0892857142857143,0.09375,0.0982142857142857,0.102678571428571,
0.107142857142857,0.111607142857143,0.116071428571429,0.120535714285714,
0.122767857142857,0.125,0.129464285714286,0.133928571428571,0.138392857142857,
0.140625,0.141741071428571,0.142857142857143,0.147321428571429,0.151785714285714,
0.15625,0.160714285714286,0.162946428571429,0.165178571428571,0.169642857142857,
0.174107142857143,0.178571428571429,0.183035714285714,0.1875,0.191964285714286,
0.196428571428571,0.200892857142857,0.205357142857143,0.209821428571429,
0.214285714285714,0.21875,0.223214285714286,0.227678571428571,0.232142857142857,
0.236607142857143,0.241071428571429,0.245535714285714,0.25,0.254464285714286,
0.258928571428571,0.263392857142857,0.267857142857143,0.272321428571429,
0.276785714285714,0.28125,0.285714285714286,0.290178571428571,0.294642857142857,
0.299107142857143,0.303571428571429,0.308035714285714,0.3125,0.316964285714286,
0.321428571428571,0.325892857142857,0.330357142857143,0.334821428571428,
0.339285714285714,0.34375,0.348214285714286,0.352678571428571,0.357142857142857,
0.361607142857143,0.366071428571428,0.370535714285714,0.375,0.379464285714286,
0.383928571428571,0.388392857142857,0.392857142857143,0.397321428571428,
0.401785714285714,0.40625,0.410714285714286,0.415178571428571,0.419642857142857,
0.424107142857143,0.428571428571429,0.431547619047619,0.43452380952381,
0.4375,0.44047619047619,0.443452380952381,0.446428571428571,0.449404761904762,
0.452380952380952,0.455357142857143,0.458333333333333,0.461309523809524,
0.464285714285714,0.467261904761905,0.470238095238095,0.473214285714286,
0.476190476190476,0.479166666666667,0.482142857142857,0.485119047619048,
0.488095238095238,0.491071428571428,0.494047619047619,0.497023809523809,
0.5,0.50297619047619,0.504464285714286,0.505952380952381,0.507440476190476,
0.508928571428571,0.511904761904762,0.51264880952381,0.513392857142857,
0.514136904761905,0.514880952380952,0.516369047619048,0.517857142857143,
0.520833333333333,0.523809523809524,0.526785714285714,0.528273809523809,
0.529761904761905,0.532738095238095,0.535714285714286,0.538690476190476,
0.541666666666667,0.544642857142857,0.547619047619048,0.550595238095238,
0.553571428571429,0.556547619047619,0.55952380952381,0.5625,0.56547619047619,
0.568452380952381,0.571428571428571,0.574404761904762,0.577380952380952,
0.580357142857143,0.583333333333333,0.586309523809524,0.589285714285714,
0.592261904761905,0.595238095238095,0.598214285714286,0.601190476190476,
0.604166666666667,0.607142857142857,0.610119047619047,0.613095238095238,
0.616071428571428,0.617559523809524,0.618303571428571,0.619047619047619,
0.62202380952381,0.625,0.62797619047619,0.630952380952381,0.633928571428571,
0.635416666666667,0.636904761904762,0.639880952380952,0.642857142857143,
0.645833333333333,0.648809523809524,0.651785714285714,0.654761904761905,
0.654767717633928,0.654773530505952,0.654779343377976,0.65478515625,0.654808407738095,
0.654854910714286,0.654947916666667,0.655133928571428,0.655505952380952,
0.655691964285714,0.655784970238095,0.655877976190476,0.656063988095238,
0.65625,0.656994047619047,0.657738095238095,0.658482142857143,0.65922619047619,
0.659598214285714,0.659970238095238,0.660714285714286,0.661458333333333,
0.662202380952381,0.663690476190476,0.665178571428571,0.665225074404762,
0.665271577380952,0.665364583333333,0.665550595238095,0.665922619047619,
0.666108630952381,0.666294642857143,0.666387648809524,0.666434151785714,
0.666480654761905,0.666527157738095,0.666573660714286,0.666596912202381,
0.666602725074405,0.666608537946428,0.666620163690476,0.666643415178571,
0.666655040922619,0.666657947358631,0.666660853794643,0.666663760230655,
0.666666666666667,0.669642857142857,0.672619047619048,0.674107142857143,
0.675595238095238,0.678571428571429,0.67875744047619,0.678803943452381,
0.678850446428571,0.678896949404762,0.678943452380952,0.679129464285714,
0.679222470238095,0.679315476190476,0.679501488095238,0.6796875,0.680059523809524,
0.680803571428571,0.681175595238095,0.681361607142857,0.681547619047619,
0.682291666666667,0.683035714285714,0.68452380952381,0.686011904761905,
0.6875,0.69047619047619,0.691964285714286,0.693452380952381,0.696428571428571,
0.699404761904762,0.702380952380952,0.705357142857143,0.708333333333333,
0.711309523809524,0.714285714285714,0.716517857142857,0.71875,0.723214285714286,
0.727678571428571,0.732142857142857,0.736607142857143,0.741071428571428,
0.743303571428571,0.745535714285714,0.75,0.754464285714286,0.756696428571428,
0.758928571428571,0.763392857142857,0.767857142857143,0.772321428571428,
0.776785714285714,0.78125,0.785714285714286,0.787946428571428,0.790178571428571,
0.792410714285714,0.794642857142857,0.796875,0.799107142857143,0.803571428571428,
0.808035714285714,0.810267857142857,0.8125,0.816964285714286,0.821428571428571,
0.825892857142857,0.830357142857143,0.834821428571428,0.839285714285714,
0.84375,0.848214285714286,0.850446428571428,0.852678571428571,0.857142857142857,
0.861607142857143,0.863839285714286,0.866071428571429,0.870535714285714,
0.875,0.879464285714286,0.883928571428571,0.888392857142857,0.892857142857143,
0.897321428571428,0.901785714285714,0.904017857142857,0.90625,0.910714285714286,
0.915178571428571,0.917410714285714,0.919642857142857,0.924107142857143,
0.928571428571429,0.933035714285714,0.9375,0.941964285714286,0.946428571428571,
0.950892857142857,0.955357142857143,0.957589285714286,0.959821428571429,
0.964285714285714,0.96875,0.970982142857143,0.973214285714286,0.977678571428572,
0.982142857142857,0.986607142857143,0.991071428571429,0.995535714285714,
1.),(0.,0.142857142857143,0.178571428571429,0.285714285714286,0.428571428571429,
0.464285714285714,0.5,0.571428571428571,0.678571428571428,0.714285714285714,
0.785714285714286,0.857142857142857,0.892857142857143,1.),.UNSPECIFIED.);
#17=FACE_OUTER_BOUND('',#20,.T.);
#18=FACE_OUTER_BOUND('',#21,.T.);
#19=FACE_OUTER_BOUND('',#22,.T.);
#20=EDGE_LOOP('',(#30));
#21=EDGE_LOOP('',(#31));
#22=EDGE_LOOP('',(#32,#33,#34,#35));
#23=(
BOUNDED_CURVE()
B_SPLINE_CURVE(5,(#66,#67,#68,#69,#70,#71,#72,#73,#74,#75,#76,#77,#78,#79,
#80,#81,#82,#83,#84,#85,#86,#87,#88,#89,#90,#91,#92,#93,#94,#95,#96,#97,
#98,#99,#100,#101,#102,#103,#104,#105,#106,#107,#108,#109,#110,#111,#112,
#113,#114,#115,#116,#117,#118,#119,#120,#121,#122,#123,#124,#125,#126,#127,
#128,#129,#130,#131,#132,#133,#134,#135,#136,#137,#138,#139,#140,#141,#142,
#143,#144,#145,#146,#147,#148,#149,#150,#151,#152,#153,#154,#155,#156,#157,
#158,#159,#160,#161,#162,#163,#164,#165,#166,#167,#168,#169,#170,#171,#172,
#173,#174,#175,#176,#177,#178,#179,#180,#181,#182,#183,#184,#185,#186,#187,
#188,#189,#190,#191,#192,#193,#194,#195,#196,#197,#198,#199,#200,#201,#202,
#203,#204,#205,#206,#207,#208,#209,#210,#211,#212,#213,#214,#215,#216,#217,
#218,#219,#220,#221,#222,#223,#224,#225,#226,#227,#228,#229,#230,#231,#232,
#233,#234,#235,#236,#237,#238,#239,#240,#241,#242,#243,#244,#245,#246,#247,
#248,#249,#250,#251,#252,#253,#254,#255,#256,#257,#258,#259,#260,#261,#262,
#263,#264,#265,#266,#267,#268,#269,#270,#271,#272,#273,#274,#275,#276,#277,
#278,#279,#280,#281,#282,#283,#284,#285,#286,#287,#288,#289,#290,#291,#292,
#293,#294,#295,#296,#297,#298,#299,#300,#301,#302,#303,#304,#305,#306,#307,
#308,#309,#310,#311,#312,#313,#314,#315,#316,#317,#318,#319,#320,#321,#322,
#323,#324,#325,#326,#327,#328,#329,#330,#331,#332,#333,#334,#335,#336,#337,
#338,#339,#340,#341,#342,#343,#344,#345,#346,#347,#348,#349,#350,#351,#352,
#353,#354,#355,#356,#357,#358,#359,#360),.UNSPECIFIED.,.T.,.F.)
B_SPLINE_CURVE_WITH_KNOTS((6,1,1,1,1,1,1,1,1,1,1,1,1,1,1,1,1,1,1,1,1,1,
1,1,1,1,1,1,1,1,1,1,1,1,1,1,1,1,1,1,1,1,1,1,1,1,1,1,1,1,1,1,1,1,1,1,1,1,
1,1,1,1,1,1,1,1,1,1,1,1,1,1,1,1,1,1,1,1,1,1,1,1,1,1,1,1,1,1,1,1,1,1,1,1,
1,1,1,1,1,1,1,1,1,1,1,1,1,1,1,1,1,1,1,1,1,1,1,1,1,1,1,1,1,1,1,1,1,1,1,1,
1,1,1,1,1,1,1,1,1,1,1,1,1,1,1,1,1,1,1,1,1,1,1,1,1,1,1,1,1,1,1,1,1,1,1,1,
1,1,1,1,1,1,1,1,1,1,1,1,1,1,1,1,1,1,1,1,1,1,1,1,1,1,1,1,1,1,1,1,1,1,1,1,
1,1,1,1,1,1,1,1,1,1,1,1,1,1,1,1,1,1,1,1,1,1,1,1,1,1,1,1,1,1,1,1,1,1,1,1,
1,1,1,1,1,1,1,1,1,1,1,1,1,1,1,1,1,1,1,1,1,1,1,1,1,1,1,1,1,1,1,1,1,1,1,1,
1,1,1,1,1,1,1,1,1,1,1,1,1,1,1,1,6),(0.,0.00344827586206897,0.00689655172413793,
0.0103448275862069,0.0137931034482759,0.0172413793103448,0.0206896551724138,
0.0241379310344828,0.0275862068965517,0.0310344827586207,0.0344827586206897,
0.0379310344827586,0.0413793103448276,0.0448275862068966,0.0482758620689655,
0.0517241379310345,0.0551724137931034,0.0586206896551724,0.0620689655172414,
0.0655172413793103,0.0689655172413793,0.0724137931034483,0.0758620689655173,
0.0793103448275862,0.0827586206896552,0.0862068965517242,0.0896551724137931,
0.0931034482758621,0.0965517241379311,0.1,0.103448275862069,0.106896551724138,
0.110344827586207,0.113793103448276,0.117241379310345,0.120689655172414,
0.124137931034483,0.127586206896552,0.131034482758621,0.13448275862069,
0.137931034482759,0.141379310344828,0.144827586206897,0.148275862068966,
0.151724137931035,0.155172413793104,0.158620689655173,0.162068965517242,
0.165517241379311,0.16896551724138,0.172413793103448,0.175862068965517,
0.179310344827586,0.182758620689655,0.186206896551724,0.189655172413793,
0.193103448275862,0.196551724137931,0.2,0.203448275862069,0.206896551724138,
0.210344827586207,0.213793103448276,0.217241379310345,0.220689655172414,
0.224137931034483,0.227586206896552,0.231034482758621,0.23448275862069,
0.237931034482759,0.241379310344828,0.244827586206897,0.248275862068966,
0.251724137931035,0.255172413793104,0.258620689655173,0.262068965517242,
0.265517241379311,0.26896551724138,0.272413793103449,0.275862068965518,
0.279310344827587,0.282758620689656,0.286206896551725,0.289655172413794,
0.293103448275862,0.296551724137931,0.3,0.303448275862069,0.306896551724138,
0.310344827586207,0.313793103448276,0.317241379310345,0.320689655172414,
0.324137931034483,0.327586206896552,0.331034482758621,0.33448275862069,
0.337931034482759,0.341379310344828,0.344827586206897,0.348275862068966,
0.351724137931035,0.355172413793104,0.358620689655173,0.362068965517242,
0.365517241379311,0.36896551724138,0.372413793103449,0.375862068965518,
0.379310344827587,0.382758620689656,0.386206896551725,0.389655172413794,
0.393103448275863,0.396551724137932,0.400000000000001,0.40344827586207,
0.406896551724139,0.410344827586208,0.413793103448277,0.417241379310345,
0.420689655172414,0.424137931034483,0.427586206896552,0.431034482758621,
0.43448275862069,0.437931034482759,0.441379310344828,0.444827586206897,
0.448275862068966,0.451724137931035,0.455172413793104,0.458620689655173,
0.462068965517242,0.465517241379311,0.46896551724138,0.472413793103449,
0.475862068965518,0.479310344827587,0.482758620689656,0.486206896551725,
0.489655172413794,0.493103448275863,0.496551724137932,0.500000000000001,
0.50344827586207,0.506896551724139,0.510344827586208,0.513793103448277,
0.517241379310346,0.520689655172415,0.524137931034484,0.527586206896553,
0.531034482758622,0.534482758620691,0.537931034482759,0.541379310344828,
0.544827586206897,0.548275862068966,0.551724137931035,0.555172413793104,
0.558620689655173,0.562068965517242,0.565517241379311,0.56896551724138,
0.572413793103449,0.575862068965518,0.579310344827587,0.582758620689656,
0.586206896551725,0.589655172413794,0.593103448275863,0.596551724137932,
0.600000000000001,0.60344827586207,0.606896551724139,0.610344827586208,
0.613793103448277,0.617241379310346,0.620689655172415,0.624137931034484,
0.627586206896553,0.631034482758622,0.634482758620691,0.63793103448276,
0.641379310344829,0.644827586206898,0.648275862068967,0.651724137931036,
0.655172413793105,0.658620689655174,0.662068965517242,0.665517241379311,
0.66896551724138,0.672413793103449,0.675862068965518,0.679310344827587,
0.682758620689656,0.686206896551725,0.689655172413794,0.693103448275863,
0.696551724137932,0.700000000000001,0.70344827586207,0.706896551724139,
0.710344827586208,0.713793103448277,0.717241379310346,0.720689655172415,
0.724137931034484,0.727586206896553,0.731034482758622,0.734482758620691,
0.73793103448276,0.741379310344829,0.744827586206898,0.748275862068967,
0.751724137931036,0.755172413793105,0.758620689655174,0.762068965517243,
0.765517241379312,0.768965517241381,0.77241379310345,0.775862068965519,
0.779310344827588,0.782758620689657,0.786206896551725,0.789655172413794,
0.793103448275863,0.796551724137932,0.800000000000001,0.80344827586207,
0.806896551724139,0.810344827586208,0.813793103448277,0.817241379310346,
0.820689655172415,0.824137931034484,0.827586206896553,0.831034482758622,
0.834482758620691,0.83793103448276,0.841379310344829,0.844827586206898,
0.848275862068967,0.851724137931036,0.855172413793105,0.858620689655174,
0.862068965517243,0.865517241379312,0.868965517241381,0.87241379310345,
0.875862068965519,0.879310344827588,0.882758620689657,0.886206896551726,
0.889655172413795,0.893103448275864,0.896551724137933,0.900000000000002,
0.903448275862071,0.90689655172414,0.910344827586208,0.913793103448277,
0.917241379310346,0.920689655172415,0.924137931034484,0.927586206896553,
0.931034482758622,0.934482758620691,0.93793103448276,0.941379310344829,
0.944827586206898,0.948275862068967,0.951724137931036,0.955172413793105,
0.958620689655174,0.962068965517243,0.965517241379312,0.968965517241381,
0.97241379310345,0.975862068965519,0.979310344827588,0.982758620689657,
0.986206896551726,0.989655172413795,0.993103448275864,0.996551724137933,
1.),.UNSPECIFIED.)
CURVE()
GEOMETRIC_REPRESENTATION_ITEM()
RATIONAL_B_SPLINE_CURVE((1.,1.,1.,1.,1.,1.,1.,1.,1.,1.,1.,1.,1.,1.,1.,1.,
1.,1.,1.,1.,1.,1.,1.,1.,1.,1.,1.,1.,1.,1.,1.,1.,1.,1.,1.,1.,1.,1.,1.,1.,
1.,1.,1.,1.,1.,1.,1.,1.,1.,1.,1.,1.,1.,1.,1.,1.,1.,1.,1.,1.,1.,1.,1.,1.,
1.,1.,1.,1.,1.,1.,1.,1.,1.,1.,1.,1.,1.,1.,1.,1.,1.,1.,1.,1.,1.,1.,1.,1.,
1.,1.,1.,1.,1.,1.,1.,1.,1.,1.,1.,1.,1.,1.,1.,1.,1.,1.,1.,1.,1.,1.,1.,1.,
1.,1.,1.,1.,1.,1.,1.,1.,1.,1.,1.,1.,1.,1.,1.,1.,1.,1.,1.,1.,1.,1.,1.,1.,
1.,1.,1.,1.,1.,1.,1.,1.,1.,1.,1.,1.,1.,1.,1.,1.,1.,1.,1.,1.,1.,1.,1.,1.,
1.,1.,1.,1.,1.,1.,1.,1.,1.,1.,1.,1.,1.,1.,1.,1.,1.,1.,1.,1.,1.,1.,1.,1.,
1.,1.,1.,1.,1.,1.,1.,1.,1.,1.,1.,1.,1.,1.,1.,1.,1.,1.,1.,1.,1.,1.,1.,1.,
1.,1.,1.,1.,1.,1.,1.,1.,1.,1.,1.,1.,1.,1.,1.,1.,1.,1.,1.,1.,1.,1.,1.,1.,
1.,1.,1.,1.,1.,1.,1.,1.,1.,1.,1.,1.,1.,1.,1.,1.,1.,1.,1.,1.,1.,1.,1.,1.,
1.,1.,1.,1.,1.,1.,1.,1.,1.,1.,1.,1.,1.,1.,1.,1.,1.,1.,1.,1.,1.,1.,1.,1.,
1.,1.,1.,1.,1.,1.,1.,1.,1.,1.,1.,1.,1.,1.,1.))
REPRESENTATION_ITEM('')
);
#24=(
BOUNDED_CURVE()
B_SPLINE_CURVE(5,(#363,#364,#365,#366,#367,#368,#369,#370,#371,#372,#373,
#374,#375,#376,#377,#378,#379,#380,#381,#382,#383,#384,#385,#386,#387,#388,
#389,#390,#391,#392,#393,#394,#395,#396,#397,#398,#399,#400,#401,#402,#403,
#404,#405,#406,#407,#408,#409,#410,#411,#412,#413,#414,#415,#416,#417,#418,
#419,#420,#421,#422,#423,#424,#425,#426,#427,#428,#429,#430,#431,#432,#433,
#434,#435,#436,#437,#438,#439,#440,#441,#442,#443,#444,#445,#446,#447,#448,
#449,#450,#451,#452,#453,#454,#455,#456,#457,#458,#459,#460,#461,#462,#463,
#464,#465,#466,#467,#468,#469,#470,#471,#472,#473,#474,#475,#476,#477,#478,
#479,#480,#481,#482,#483,#484,#485,#486,#487,#488,#489,#490,#491,#492,#493,
#494,#495,#496,#497,#498,#499,#500,#501,#502,#503,#504,#505,#506,#507,#508,
#509,#510,#511,#512,#513,#514,#515,#516,#517,#518,#519,#520,#521,#522,#523,
#524,#525,#526,#527,#528,#529,#530,#531,#532,#533,#534,#535,#536,#537,#538,
#539,#540,#541,#542,#543,#544,#545,#546,#547,#548,#549,#550,#551,#552,#553,
#554,#555,#556,#557,#558,#559,#560,#561,#562,#563,#564,#565,#566,#567,#568,
#569,#570,#571,#572,#573,#574,#575,#576,#577,#578,#579,#580,#581,#582,#583,
#584,#585,#586,#587,#588,#589,#590,#591,#592,#593,#594,#595,#596,#597,#598,
#599,#600,#601,#602,#603,#604,#605,#606,#607,#608,#609,#610,#611,#612,#613,
#614,#615,#616,#617,#618,#619,#620,#621,#622,#623,#624,#625,#626,#627,#628,
#629,#630,#631,#632,#633,#634,#635,#636,#637,#638,#639,#640,#641,#642,#643,
#644,#645,#646,#647,#648,#649,#650,#651,#652,#653,#654,#655,#656,#657,#658,
#659,#660,#661,#662),.UNSPECIFIED.,.T.,.F.)
B_SPLINE_CURVE_WITH_KNOTS((6,1,1,1,1,1,1,1,1,1,1,1,1,1,1,1,1,1,1,1,1,1,
1,1,1,1,1,1,1,1,1,1,1,1,1,1,1,1,1,1,1,1,1,1,1,1,1,5,1,1,1,1,1,1,1,1,1,1,
1,1,1,1,1,1,1,1,1,1,1,1,1,1,1,1,1,1,1,1,1,1,1,1,1,1,1,1,1,1,1,1,1,1,1,1,
1,1,1,1,1,1,1,1,1,1,1,1,1,1,1,1,1,1,1,1,1,1,1,1,1,1,1,1,1,1,1,1,1,1,1,1,
1,1,1,1,1,1,1,1,1,1,1,1,1,1,1,1,1,1,1,1,1,1,1,1,1,1,1,1,1,1,1,1,1,1,1,1,
1,1,1,1,1,1,1,1,1,1,1,1,1,1,1,1,1,1,1,1,1,1,1,1,1,1,1,1,1,1,1,1,1,1,1,1,
1,1,1,1,1,1,1,1,1,1,1,1,1,1,1,1,1,1,1,1,1,1,1,1,1,1,1,1,1,1,1,1,1,1,1,1,
1,1,1,1,1,1,1,1,1,1,1,1,1,1,1,1,1,1,1,1,1,1,1,1,1,1,1,1,1,1,1,1,1,1,1,1,
1,1,1,1,1,1,1,1,1,1,1,1,1,1,1,1,1,6),(0.840918203480466,0.841379310344829,
0.844827586206898,0.848275862068967,0.851724137931036,0.855172413793105,
0.858620689655174,0.862068965517243,0.865517241379312,0.868965517241381,
0.87241379310345,0.875862068965519,0.879310344827588,0.882758620689657,
0.886206896551726,0.889655172413795,0.893103448275864,0.896551724137933,
0.900000000000002,0.903448275862071,0.90689655172414,0.910344827586208,
0.913793103448277,0.917241379310346,0.920689655172415,0.924137931034484,
0.927586206896553,0.931034482758622,0.934482758620691,0.93793103448276,
0.941379310344829,0.944827586206898,0.948275862068967,0.951724137931036,
0.955172413793105,0.958620689655174,0.962068965517243,0.965517241379312,
0.968965517241381,0.97241379310345,0.975862068965519,0.979310344827588,
0.982758620689657,0.986206896551726,0.989655172413795,0.993103448275864,
0.996551724137933,1.,1.00344827586207,1.00689655172414,1.01034482758621,
1.01379310344828,1.01724137931034,1.02068965517241,1.02413793103448,1.02758620689655,
1.03103448275862,1.03448275862069,1.03793103448276,1.04137931034483,1.0448275862069,
1.04827586206897,1.05172413793103,1.0551724137931,1.05862068965517,1.06206896551724,
1.06551724137931,1.06896551724138,1.07241379310345,1.07586206896552,1.07931034482759,
1.08275862068966,1.08620689655172,1.08965517241379,1.09310344827586,1.09655172413793,
1.1,1.10344827586207,1.10689655172414,1.11034482758621,1.11379310344828,
1.11724137931034,1.12068965517241,1.12413793103448,1.12758620689655,1.13103448275862,
1.13448275862069,1.13793103448276,1.14137931034483,1.1448275862069,1.14827586206897,
1.15172413793103,1.1551724137931,1.15862068965517,1.16206896551724,1.16551724137931,
1.16896551724138,1.17241379310345,1.17586206896552,1.17931034482759,1.18275862068966,
1.18620689655172,1.18965517241379,1.19310344827586,1.19655172413793,1.2,
1.20344827586207,1.20689655172414,1.21034482758621,1.21379310344828,1.21724137931035,
1.22068965517241,1.22413793103448,1.22758620689655,1.23103448275862,1.23448275862069,
1.23793103448276,1.24137931034483,1.2448275862069,1.24827586206897,1.25172413793103,
1.2551724137931,1.25862068965517,1.26206896551724,1.26551724137931,1.26896551724138,
1.27241379310345,1.27586206896552,1.27931034482759,1.28275862068966,1.28620689655172,
1.28965517241379,1.29310344827586,1.29655172413793,1.3,1.30344827586207,
1.30689655172414,1.31034482758621,1.31379310344828,1.31724137931035,1.32068965517241,
1.32413793103448,1.32758620689655,1.33103448275862,1.33448275862069,1.33793103448276,
1.34137931034483,1.3448275862069,1.34827586206897,1.35172413793103,1.3551724137931,
1.35862068965517,1.36206896551724,1.36551724137931,1.36896551724138,1.37241379310345,
1.37586206896552,1.37931034482759,1.38275862068966,1.38620689655172,1.38965517241379,
1.39310344827586,1.39655172413793,1.4,1.40344827586207,1.40689655172414,
1.41034482758621,1.41379310344828,1.41724137931035,1.42068965517241,1.42413793103448,
1.42758620689655,1.43103448275862,1.43448275862069,1.43793103448276,1.44137931034483,
1.4448275862069,1.44827586206897,1.45172413793104,1.4551724137931,1.45862068965517,
1.46206896551724,1.46551724137931,1.46896551724138,1.47241379310345,1.47586206896552,
1.47931034482759,1.48275862068966,1.48620689655172,1.48965517241379,1.49310344827586,
1.49655172413793,1.5,1.50344827586207,1.50689655172414,1.51034482758621,
1.51379310344828,1.51724137931035,1.52068965517241,1.52413793103448,1.52758620689655,
1.53103448275862,1.53448275862069,1.53793103448276,1.54137931034483,1.5448275862069,
1.54827586206897,1.55172413793104,1.5551724137931,1.55862068965517,1.56206896551724,
1.56551724137931,1.56896551724138,1.57241379310345,1.57586206896552,1.57931034482759,
1.58275862068966,1.58620689655173,1.58965517241379,1.59310344827586,1.59655172413793,
1.6,1.60344827586207,1.60689655172414,1.61034482758621,1.61379310344828,
1.61724137931035,1.62068965517241,1.62413793103448,1.62758620689655,1.63103448275862,
1.63448275862069,1.63793103448276,1.64137931034483,1.6448275862069,1.64827586206897,
1.65172413793104,1.6551724137931,1.65862068965517,1.66206896551724,1.66551724137931,
1.66896551724138,1.67241379310345,1.67586206896552,1.67931034482759,1.68275862068966,
1.68620689655173,1.68965517241379,1.69310344827586,1.69655172413793,1.7,
1.70344827586207,1.70689655172414,1.71034482758621,1.71379310344828,1.71724137931035,
1.72068965517242,1.72413793103448,1.72758620689655,1.73103448275862,1.73448275862069,
1.73793103448276,1.74137931034483,1.7448275862069,1.74827586206897,1.75172413793104,
1.7551724137931,1.75862068965517,1.76206896551724,1.76551724137931,1.76896551724138,
1.77241379310345,1.77586206896552,1.77931034482759,1.78275862068966,1.78620689655173,
1.78965517241379,1.79310344827586,1.79655172413793,1.8,1.80344827586207,
1.80689655172414,1.81034482758621,1.81379310344828,1.81724137931035,1.82068965517242,
1.82413793103448,1.82758620689655,1.83103448275862,1.83448275862069,1.83793103448276,
1.84091820348047),.UNSPECIFIED.)
CURVE()
GEOMETRIC_REPRESENTATION_ITEM()
RATIONAL_B_SPLINE_CURVE((1.,1.,1.,1.,1.,1.,1.,1.,1.,1.,1.,1.,1.,1.,1.,1.,
1.,1.,1.,1.,1.,1.,1.,1.,1.,1.,1.,1.,1.,1.,1.,1.,1.,1.,1.,1.,1.,1.,1.,1.,
1.,1.,1.,1.,1.,1.,1.,1.,1.,1.,1.,1.,1.,1.,1.,1.,1.,1.,1.,1.,1.,1.,1.,1.,
1.,1.,1.,1.,1.,1.,1.,1.,1.,1.,1.,1.,1.,1.,1.,1.,1.,1.,1.,1.,1.,1.,1.,1.,
1.,1.,1.,1.,1.,1.,1.,1.,1.,1.,1.,1.,1.,1.,1.,1.,1.,1.,1.,1.,1.,1.,1.,1.,
1.,1.,1.,1.,1.,1.,1.,1.,1.,1.,1.,1.,1.,1.,1.,1.,1.,1.,1.,1.,1.,1.,1.,1.,
1.,1.,1.,1.,1.,1.,1.,1.,1.,1.,1.,1.,1.,1.,1.,1.,1.,1.,1.,1.,1.,1.,1.,1.,
1.,1.,1.,1.,1.,1.,1.,1.,1.,1.,1.,1.,1.,1.,1.,1.,1.,1.,1.,1.,1.,1.,1.,1.,
1.,1.,1.,1.,1.,1.,1.,1.,1.,1.,1.,1.,1.,1.,1.,1.,1.,1.,1.,1.,1.,1.,1.,1.,
1.,1.,1.,1.,1.,1.,1.,1.,1.,1.,1.,1.,1.,1.,1.,1.,1.,1.,1.,1.,1.,1.,1.,1.,
1.,1.,1.,1.,1.,1.,1.,1.,1.,1.,1.,1.,1.,1.,1.,1.,1.,1.,1.,1.,1.,1.,1.,1.,
1.,1.,1.,1.,1.,1.,1.,1.,1.,1.,1.,1.,1.,1.,1.,1.,1.,1.,1.,1.,1.,1.,1.,1.,
1.,1.,1.,1.,1.,1.,1.,1.,1.,1.,1.,1.,1.,1.,1.,1.,1.,1.,1.,1.))
REPRESENTATION_ITEM('')
);
#25=VERTEX_POINT('',#65);
#26=VERTEX_POINT('',#362);
#27=EDGE_CURVE('',#25,#25,#23,.T.);
#28=EDGE_CURVE('',#26,#26,#24,.T.);
#29=EDGE_CURVE('',#26,#25,#15,.T.);
#30=ORIENTED_EDGE('',*,*,#27,.F.);
#31=ORIENTED_EDGE('',*,*,#28,.T.);
#32=ORIENTED_EDGE('',*,*,#28,.F.);
#33=ORIENTED_EDGE('',*,*,#29,.T.);
#34=ORIENTED_EDGE('',*,*,#27,.T.);
#35=ORIENTED_EDGE('',*,*,#29,.F.);
#36=PLANE('',#55);
#37=PLANE('',#56);
#38=ADVANCED_FACE('',(#17),#36,.T.);
#39=ADVANCED_FACE('',(#18),#37,.F.);
#40=ADVANCED_FACE('',(#19),#16,.F.);
#41=CLOSED_SHELL('',(#38,#39,#40));
#42=DERIVED_UNIT_ELEMENT(#44,1.);
#43=DERIVED_UNIT_ELEMENT(#6254,-3.);
#44=(
MASS_UNIT()
NAMED_UNIT(*)
SI_UNIT(.KILO.,.GRAM.)
);
#45=DERIVED_UNIT((#42,#43));
#46=MEASURE_REPRESENTATION_ITEM('density measure',
POSITIVE_RATIO_MEASURE(7850.),#45);
#47=PROPERTY_DEFINITION_REPRESENTATION(#52,#49);
#48=PROPERTY_DEFINITION_REPRESENTATION(#53,#50);
#49=REPRESENTATION('material name',(#51),#6249);
#50=REPRESENTATION('density',(#46),#6249);
#51=DESCRIPTIVE_REPRESENTATION_ITEM('Steel','Steel');
#52=PROPERTY_DEFINITION('material property','material name',#6262);
#53=PROPERTY_DEFINITION('material property','density of part',#6262);
#54=AXIS2_PLACEMENT_3D('',#63,#57,#58);
#55=AXIS2_PLACEMENT_3D('',#64,#59,#60);
#56=AXIS2_PLACEMENT_3D('',#361,#61,#62);
#57=DIRECTION('axis',(0.,0.,1.));
#58=DIRECTION('refdir',(1.,0.,0.));
#59=DIRECTION('center_axis',(8.65626596311174E-16,-3.91200544782543E-15,
1.));
#60=DIRECTION('ref_axis',(1.,0.,-8.65626596311174E-16));
#61=DIRECTION('center_axis',(0.,0.,1.));
#62=DIRECTION('ref_axis',(1.,0.,0.));
#63=CARTESIAN_POINT('',(0.,0.,0.));
#64=CARTESIAN_POINT('Origin',(0.240038095275534,0.0643686529501175,1.1811024));
#65=CARTESIAN_POINT('',(0.,0.,1.1811024));
#66=CARTESIAN_POINT('Ctrl Pts',(0.,0.,1.1811024));
#67=CARTESIAN_POINT('Ctrl Pts',(-8.30861298595002E-5,0.000309835418133806,
1.1811024));
#68=CARTESIAN_POINT('Ctrl Pts',(-0.000206821387600481,0.000940921511956786,
1.1811024));
#69=CARTESIAN_POINT('Ctrl Pts',(-0.000263921115338713,0.00191739879379594,
1.1811024));
#70=CARTESIAN_POINT('Ctrl Pts',(-8.8084506471267E-5,0.00325872298698672,
1.1811024));
#71=CARTESIAN_POINT('Ctrl Pts',(0.00050868723342164,0.0049502988225465,
1.1811024));
#72=CARTESIAN_POINT('Ctrl Pts',(0.00142950595120152,0.00662201223841188,
1.1811024));
#73=CARTESIAN_POINT('Ctrl Pts',(0.00262765521839858,0.00826512340687745,
1.1811024));
#74=CARTESIAN_POINT('Ctrl Pts',(0.00406213459640233,0.0098843655937816,
1.1811024));
#75=CARTESIAN_POINT('Ctrl Pts',(0.00569963985575877,0.0114885642769204,
1.1811024));
#76=CARTESIAN_POINT('Ctrl Pts',(0.00751547196943606,0.0130804415469302,
1.1811024));
#77=CARTESIAN_POINT('Ctrl Pts',(0.00949140471317908,0.0146593467823671,
1.1811024));
#78=CARTESIAN_POINT('Ctrl Pts',(0.0116136432671949,0.0162230931434367,1.1811024));
#79=CARTESIAN_POINT('Ctrl Pts',(0.0138704863153475,0.01777050214067,1.1811024));
#80=CARTESIAN_POINT('Ctrl Pts',(0.0162510650850755,0.019302389893268,1.1811024));
#81=CARTESIAN_POINT('Ctrl Pts',(0.0187456872195138,0.020820470314711,1.1811024));
#82=CARTESIAN_POINT('Ctrl Pts',(0.0213457796955654,0.0223267956476361,1.1811024));
#83=CARTESIAN_POINT('Ctrl Pts',(0.0240440246443717,0.0238228785765885,1.1811024));
#84=CARTESIAN_POINT('Ctrl Pts',(0.0268343125318797,0.0253092833951486,1.1811024));
#85=CARTESIAN_POINT('Ctrl Pts',(0.0297114763314693,0.026786011625495,1.1811024));
#86=CARTESIAN_POINT('Ctrl Pts',(0.0326710597696483,0.028252739031045,1.1811024));
#87=CARTESIAN_POINT('Ctrl Pts',(0.0357090820990132,0.0297090974661009,1.1811024));
#88=CARTESIAN_POINT('Ctrl Pts',(0.0388217793210721,0.031154973652817,1.1811024));
#89=CARTESIAN_POINT('Ctrl Pts',(0.0420055795017304,0.0325904784586888,1.1811024));
#90=CARTESIAN_POINT('Ctrl Pts',(0.0452571249040763,0.0340158457762676,1.1811024));
#91=CARTESIAN_POINT('Ctrl Pts',(0.0485732779396293,0.0354313558652547,1.1811024));
#92=CARTESIAN_POINT('Ctrl Pts',(0.0519511336232723,0.0368372492428185,1.1811024));
#93=CARTESIAN_POINT('Ctrl Pts',(0.0553880301109337,0.0382336423425438,1.1811024));
#94=CARTESIAN_POINT('Ctrl Pts',(0.0588815167383666,0.0396205607141587,1.1811024));
#95=CARTESIAN_POINT('Ctrl Pts',(0.0624293208371886,0.0409979753017072,1.1811024));
#96=CARTESIAN_POINT('Ctrl Pts',(0.0660293143881189,0.0423658386057296,1.1811024));
#97=CARTESIAN_POINT('Ctrl Pts',(0.0696794822614787,0.04372411844294,1.1811024));
#98=CARTESIAN_POINT('Ctrl Pts',(0.0733778858551228,0.0450728391216933,1.1811024));
#99=CARTESIAN_POINT('Ctrl Pts',(0.0771226599581854,0.0464120688411724,1.1811024));
#100=CARTESIAN_POINT('Ctrl Pts',(0.0809120170582731,0.0477418952296554,
1.1811024));
#101=CARTESIAN_POINT('Ctrl Pts',(0.0847442494338781,0.0490624040529152,
1.1811024));
#102=CARTESIAN_POINT('Ctrl Pts',(0.0886177314357779,0.0503736586116352,
1.1811024));
#103=CARTESIAN_POINT('Ctrl Pts',(0.0925309234972651,0.051675673958324,1.1811024));
#104=CARTESIAN_POINT('Ctrl Pts',(0.0964823692343402,0.0529684100297425,
1.1811024));
#105=CARTESIAN_POINT('Ctrl Pts',(0.100470679172894,0.0542518006880235,1.1811024));
#106=CARTESIAN_POINT('Ctrl Pts',(0.104494517709009,0.0555257743036391,1.1811024));
#107=CARTESIAN_POINT('Ctrl Pts',(0.108552588222705,0.0567902788014871,1.1811024));
#108=CARTESIAN_POINT('Ctrl Pts',(0.112643620261404,0.0580453023268115,1.1811024));
#109=CARTESIAN_POINT('Ctrl Pts',(0.116766352586023,0.0592909020877295,1.1811024));
#110=CARTESIAN_POINT('Ctrl Pts',(0.120919535490921,0.06052719582665,1.1811024));
#111=CARTESIAN_POINT('Ctrl Pts',(0.125101941968347,0.0617543362285514,1.1811024));
#112=CARTESIAN_POINT('Ctrl Pts',(0.129312375896228,0.0629724910382826,1.1811024));
#113=CARTESIAN_POINT('Ctrl Pts',(0.133549681842851,0.0641818201554596,1.1811024));
#114=CARTESIAN_POINT('Ctrl Pts',(0.137812753297874,0.0653824555469682,1.1811024));
#115=CARTESIAN_POINT('Ctrl Pts',(0.142100543888735,0.0665744759735957,1.1811024));
#116=CARTESIAN_POINT('Ctrl Pts',(0.146412059224305,0.0677579150793877,1.1811024));
#117=CARTESIAN_POINT('Ctrl Pts',(0.150746344141941,0.0689327773333039,1.1811024));
#118=CARTESIAN_POINT('Ctrl Pts',(0.155102471677848,0.0700990511221378,1.1811024));
#119=CARTESIAN_POINT('Ctrl Pts',(0.159479530974624,0.0712567234153545,1.1811024));
#120=CARTESIAN_POINT('Ctrl Pts',(0.163876616446015,0.0724057928693694,1.1811024));
#121=CARTESIAN_POINT('Ctrl Pts',(0.168292814330908,0.0735462858947705,1.1811024));
#122=CARTESIAN_POINT('Ctrl Pts',(0.17272720436197,0.0746782559998548,1.1811024));
#123=CARTESIAN_POINT('Ctrl Pts',(0.177178865982723,0.0758017781800001,1.1811024));
#124=CARTESIAN_POINT('Ctrl Pts',(0.181646882954251,0.0769169449660895,1.1811024));
#125=CARTESIAN_POINT('Ctrl Pts',(0.186130348836307,0.0780238617733347,1.1811024));
#126=CARTESIAN_POINT('Ctrl Pts',(0.190628371625454,0.0791226425691746,1.1811024));
#127=CARTESIAN_POINT('Ctrl Pts',(0.195140079929389,0.0802134053618997,1.1811024));
#128=CARTESIAN_POINT('Ctrl Pts',(0.199664623144764,0.0812962679485999,1.1811024));
#129=CARTESIAN_POINT('Ctrl Pts',(0.204201167658277,0.0823713437230217,1.1811024));
#130=CARTESIAN_POINT('Ctrl Pts',(0.208748894256536,0.0834387375520535,1.1811024));
#131=CARTESIAN_POINT('Ctrl Pts',(0.213306994980164,0.084498541440528,1.1811024));
#132=CARTESIAN_POINT('Ctrl Pts',(0.217874670350957,0.0855508307088298,1.1811024));
#133=CARTESIAN_POINT('Ctrl Pts',(0.222451126114031,0.0865956589239384,1.1811024));
#134=CARTESIAN_POINT('Ctrl Pts',(0.227035571278957,0.0876330568029518,1.1811024));
#135=CARTESIAN_POINT('Ctrl Pts',(0.231627218681494,0.0886630391192566,1.1811024));
#136=CARTESIAN_POINT('Ctrl Pts',(0.236225285013117,0.08968560990404,1.1811024));
#137=CARTESIAN_POINT('Ctrl Pts',(0.240828991064761,0.0907007683376284,1.1811024));
#138=CARTESIAN_POINT('Ctrl Pts',(0.24543756187579,0.0917085143250901,1.1811024));
#139=CARTESIAN_POINT('Ctrl Pts',(0.250050226932078,0.0927088542567078,1.1811024));
#140=CARTESIAN_POINT('Ctrl Pts',(0.254666220320388,0.0937018065511216,1.1811024));
#141=CARTESIAN_POINT('Ctrl Pts',(0.259284779916932,0.0946874009761843,1.1811024));
#142=CARTESIAN_POINT('Ctrl Pts',(0.263905146595862,0.095665678156681,1.1811024));
#143=CARTESIAN_POINT('Ctrl Pts',(0.268526563434524,0.0966366889417681,1.1811024));
#144=CARTESIAN_POINT('Ctrl Pts',(0.273148274911523,0.0976004939960507,1.1811024));
#145=CARTESIAN_POINT('Ctrl Pts',(0.277769526128349,0.098557162913917,1.1811024));
#146=CARTESIAN_POINT('Ctrl Pts',(0.282389561968829,0.0995067745166971,1.1811024));
#147=CARTESIAN_POINT('Ctrl Pts',(0.287007626582755,0.100449411051617,1.1811024));
#148=CARTESIAN_POINT('Ctrl Pts',(0.291622963006777,0.101385149784304,1.1811024));
#149=CARTESIAN_POINT('Ctrl Pts',(0.296234812734015,0.102314055613209,1.1811024));
#150=CARTESIAN_POINT('Ctrl Pts',(0.300842415320306,0.103236172857057,1.1811024));
#151=CARTESIAN_POINT('Ctrl Pts',(0.305445007939135,0.104151518324781,1.1811024));
#152=CARTESIAN_POINT('Ctrl Pts',(0.310041825045119,0.105060071567634,1.1811024));
#153=CARTESIAN_POINT('Ctrl Pts',(0.314632097687684,0.105961774274575,1.1811024));
#154=CARTESIAN_POINT('Ctrl Pts',(0.319215052264411,0.106856544406037,1.1811024));
#155=CARTESIAN_POINT('Ctrl Pts',(0.323789909403579,0.10774428683672,1.1811024));
#156=CARTESIAN_POINT('Ctrl Pts',(0.328355882795747,0.108624905550313,1.1811024));
#157=CARTESIAN_POINT('Ctrl Pts',(0.332912178043701,0.109498314832487,1.1811024));
#158=CARTESIAN_POINT('Ctrl Pts',(0.337457991511353,0.110364451700263,1.1811024));
#159=CARTESIAN_POINT('Ctrl Pts',(0.341992509151458,0.111223285446445,1.1811024));
#160=CARTESIAN_POINT('Ctrl Pts',(0.346514905153447,0.112074806680824,1.1811024));
#161=CARTESIAN_POINT('Ctrl Pts',(0.351024340605219,0.112919018365727,1.1811024));
#162=CARTESIAN_POINT('Ctrl Pts',(0.355519962156694,0.113755926124655,1.1811024));
#163=CARTESIAN_POINT('Ctrl Pts',(0.360000900663817,0.114585528778326,1.1811024));
#164=CARTESIAN_POINT('Ctrl Pts',(0.364466269882451,0.115407808977055,1.1811024));
#165=CARTESIAN_POINT('Ctrl Pts',(0.368915165023307,0.116222723259267,1.1811024));
#166=CARTESIAN_POINT('Ctrl Pts',(0.373346664930463,0.117030208341193,1.1811024));
#167=CARTESIAN_POINT('Ctrl Pts',(0.377759834447687,0.117830188194398,1.1811024));
#168=CARTESIAN_POINT('Ctrl Pts',(0.382153726662144,0.11862258072426,1.1811024));
#169=CARTESIAN_POINT('Ctrl Pts',(0.386527385319753,0.119407304864573,1.1811024));
#170=CARTESIAN_POINT('Ctrl Pts',(0.390879846883415,0.120184286910807,1.1811024));
#171=CARTESIAN_POINT('Ctrl Pts',(0.395210143504734,0.120953468745977,1.1811024));
#172=CARTESIAN_POINT('Ctrl Pts',(0.399517294238539,0.121714791876851,1.1811024));
#173=CARTESIAN_POINT('Ctrl Pts',(0.40380029511459,0.12246817913097,1.1811024));
#174=CARTESIAN_POINT('Ctrl Pts',(0.408058109607723,0.123213517153922,1.1811024));
#175=CARTESIAN_POINT('Ctrl Pts',(0.412289658960339,0.123950638649307,1.1811024));
#176=CARTESIAN_POINT('Ctrl Pts',(0.416493812512571,0.124679304527098,1.1811024));
#177=CARTESIAN_POINT('Ctrl Pts',(0.420669378185737,0.125399186713223,1.1811024));
#178=CARTESIAN_POINT('Ctrl Pts',(0.424815111185561,0.126109934064405,1.1811024));
#179=CARTESIAN_POINT('Ctrl Pts',(0.42892972205623,0.126811234691683,1.1811024));
#180=CARTESIAN_POINT('Ctrl Pts',(0.433011885734735,0.1275028843824,1.1811024));
#181=CARTESIAN_POINT('Ctrl Pts',(0.437060248450062,0.128184841637983,1.1811024));
#182=CARTESIAN_POINT('Ctrl Pts',(0.441073439724389,0.128857314592633,1.1811024));
#183=CARTESIAN_POINT('Ctrl Pts',(0.445050068261931,0.129520747184682,1.1811024));
#184=CARTESIAN_POINT('Ctrl Pts',(0.448988682883817,0.130175586088299,1.1811024));
#185=CARTESIAN_POINT('Ctrl Pts',(0.452887741362604,0.130822097894991,1.1811024));
#186=CARTESIAN_POINT('Ctrl Pts',(0.456745574688186,0.131460155950889,1.1811024));
#187=CARTESIAN_POINT('Ctrl Pts',(0.460560356548367,0.132089063984233,1.1811024));
#188=CARTESIAN_POINT('Ctrl Pts',(0.464330061943098,0.13270730094121,1.1811024));
#189=CARTESIAN_POINT('Ctrl Pts',(0.468052527392846,0.133313016574521,1.1811024));
#190=CARTESIAN_POINT('Ctrl Pts',(0.471725519559015,0.133904596013588,1.1811024));
#191=CARTESIAN_POINT('Ctrl Pts',(0.475346809442054,0.134481250775112,1.1811024));
#192=CARTESIAN_POINT('Ctrl Pts',(0.478914224834374,0.135043483474802,1.1811024));
#193=CARTESIAN_POINT('Ctrl Pts',(0.482425761502842,0.135593900216282,1.1811024));
#194=CARTESIAN_POINT('Ctrl Pts',(0.485879384168822,0.136136182049672,1.1811024));
#195=CARTESIAN_POINT('Ctrl Pts',(0.489272712690731,0.136673377030235,1.1811024));
#196=CARTESIAN_POINT('Ctrl Pts',(0.492602734642941,0.137206344563098,1.1811024));
#197=CARTESIAN_POINT('Ctrl Pts',(0.495865531425348,0.137732290631771,1.1811024));
#198=CARTESIAN_POINT('Ctrl Pts',(0.49905593159984,0.138242845425757,1.1811024));
#199=CARTESIAN_POINT('Ctrl Pts',(0.502168090957052,0.138727799541389,1.1811024));
#200=CARTESIAN_POINT('Ctrl Pts',(0.505196288412604,0.139180067256115,1.1811024));
#201=CARTESIAN_POINT('Ctrl Pts',(0.508135478259451,0.139599363883588,1.1811024));
#202=CARTESIAN_POINT('Ctrl Pts',(0.510982342015141,0.13999844864003,1.1811024));
#203=CARTESIAN_POINT('Ctrl Pts',(0.513734656805205,0.140400728346469,1.1811024));
#204=CARTESIAN_POINT('Ctrl Pts',(0.516387907032274,0.140823327297114,1.1811024));
#205=CARTESIAN_POINT('Ctrl Pts',(0.51893305934046,0.1412667411183,1.1811024));
#206=CARTESIAN_POINT('Ctrl Pts',(0.521352749722421,0.141694926877885,1.1811024));
#207=CARTESIAN_POINT('Ctrl Pts',(0.523622174903797,0.142044122936555,1.1811024));
#208=CARTESIAN_POINT('Ctrl Pts',(0.525717664986632,0.142276854911659,1.1811024));
#209=CARTESIAN_POINT('Ctrl Pts',(0.527622328504195,0.142420948339931,1.1811024));
#210=CARTESIAN_POINT('Ctrl Pts',(0.529335731187756,0.142625445069607,1.1811024));
#211=CARTESIAN_POINT('Ctrl Pts',(0.530822919377275,0.142998341499077,1.1811024));
#212=CARTESIAN_POINT('Ctrl Pts',(0.531953614523639,0.143414568519398,1.1811024));
#213=CARTESIAN_POINT('Ctrl Pts',(0.532457389512025,0.14336659548714,1.1811024));
#214=CARTESIAN_POINT('Ctrl Pts',(0.532168754164556,0.142580452292951,1.1811024));
#215=CARTESIAN_POINT('Ctrl Pts',(0.531224692820245,0.141500700897909,1.1811024));
#216=CARTESIAN_POINT('Ctrl Pts',(0.529863204363101,0.140675549523897,1.1811024));
#217=CARTESIAN_POINT('Ctrl Pts',(0.528231859015939,0.140158024029577,1.1811024));
#218=CARTESIAN_POINT('Ctrl Pts',(0.526403952761286,0.139708330471408,1.1811024));
#219=CARTESIAN_POINT('Ctrl Pts',(0.524413778052999,0.139071984183078,1.1811024));
#220=CARTESIAN_POINT('Ctrl Pts',(0.522282860846893,0.138207289890739,1.1811024));
#221=CARTESIAN_POINT('Ctrl Pts',(0.520023862451917,0.137188689653187,1.1811024));
#222=CARTESIAN_POINT('Ctrl Pts',(0.51764458937231,0.136135387579045,1.1811024));
#223=CARTESIAN_POINT('Ctrl Pts',(0.51515275166087,0.135114915321789,1.1811024));
#224=CARTESIAN_POINT('Ctrl Pts',(0.512557162874372,0.134127424227728,1.1811024));
#225=CARTESIAN_POINT('Ctrl Pts',(0.509866463450488,0.133142328779055,1.1811024));
#226=CARTESIAN_POINT('Ctrl Pts',(0.50708865626635,0.132117447648718,1.1811024));
#227=CARTESIAN_POINT('Ctrl Pts',(0.504230135955148,0.131030244434957,1.1811024));
#228=CARTESIAN_POINT('Ctrl Pts',(0.501295692422205,0.129882235916609,1.1811024));
#229=CARTESIAN_POINT('Ctrl Pts',(0.498289059614755,0.128687422176125,1.1811024));
#230=CARTESIAN_POINT('Ctrl Pts',(0.495213301633211,0.127465464746642,1.1811024));
#231=CARTESIAN_POINT('Ctrl Pts',(0.492071286515821,0.126232482474953,1.1811024));
#232=CARTESIAN_POINT('Ctrl Pts',(0.48886606130368,0.124994125860163,1.1811024));
#233=CARTESIAN_POINT('Ctrl Pts',(0.485600709182238,0.123749190959664,1.1811024));
#234=CARTESIAN_POINT('Ctrl Pts',(0.482278250485005,0.122492382601083,1.1811024));
#235=CARTESIAN_POINT('Ctrl Pts',(0.478901534027927,0.121217243452841,1.1811024));
#236=CARTESIAN_POINT('Ctrl Pts',(0.475473116157256,0.119919374870098,1.1811024));
#237=CARTESIAN_POINT('Ctrl Pts',(0.471995197734109,0.11859836733225,1.1811024));
#238=CARTESIAN_POINT('Ctrl Pts',(0.468469718953186,0.117256239004681,1.1811024));
#239=CARTESIAN_POINT('Ctrl Pts',(0.464898424533843,0.115896533309839,1.1811024));
#240=CARTESIAN_POINT('Ctrl Pts',(0.461282939180629,0.114523177939518,1.1811024));
#241=CARTESIAN_POINT('Ctrl Pts',(0.457624842134214,0.113139391666444,1.1811024));
#242=CARTESIAN_POINT('Ctrl Pts',(0.453925731925697,0.111746728613673,1.1811024));
#243=CARTESIAN_POINT('Ctrl Pts',(0.45018719593783,0.110345604237337,1.1811024));
#244=CARTESIAN_POINT('Ctrl Pts',(0.44641078989224,0.108935665696242,1.1811024));
#245=CARTESIAN_POINT('Ctrl Pts',(0.442598012471146,0.1075162363124,1.1811024));
#246=CARTESIAN_POINT('Ctrl Pts',(0.438750284391818,0.106086696164578,1.1811024));
#247=CARTESIAN_POINT('Ctrl Pts',(0.434868919509824,0.104646972069276,1.1811024));
#248=CARTESIAN_POINT('Ctrl Pts',(0.430955131472714,0.103197545578268,1.1811024));
#249=CARTESIAN_POINT('Ctrl Pts',(0.427010056813418,0.101739238696934,1.1811024));
#250=CARTESIAN_POINT('Ctrl Pts',(0.423034772825949,0.100273070005878,1.1811024));
#251=CARTESIAN_POINT('Ctrl Pts',(0.419030317648332,0.0988000811084867,1.1811024));
#252=CARTESIAN_POINT('Ctrl Pts',(0.414997709292666,0.0973211768574734,1.1811024));
#253=CARTESIAN_POINT('Ctrl Pts',(0.410937965410211,0.0958369567812676,1.1811024));
#254=CARTESIAN_POINT('Ctrl Pts',(0.406852098627098,0.0943477919866712,1.1811024));
#255=CARTESIAN_POINT('Ctrl Pts',(0.402741111624928,0.0928539041931274,1.1811024));
#256=CARTESIAN_POINT('Ctrl Pts',(0.398605992275876,0.0913554446843868,1.1811024));
#257=CARTESIAN_POINT('Ctrl Pts',(0.394447708833626,0.0898525718011996,1.1811024));
#258=CARTESIAN_POINT('Ctrl Pts',(0.390267204911693,0.0883455325783229,1.1811024));
#259=CARTESIAN_POINT('Ctrl Pts',(0.386065395093253,0.086834732453721,1.1811024));
#260=CARTESIAN_POINT('Ctrl Pts',(0.381843167092979,0.0853206819377374,1.1811024));
#261=CARTESIAN_POINT('Ctrl Pts',(0.377601383409516,0.0838039529092196,1.1811024));
#262=CARTESIAN_POINT('Ctrl Pts',(0.373340883171742,0.0822851310456978,1.1811024));
#263=CARTESIAN_POINT('Ctrl Pts',(0.369062483898285,0.0807647703646326,1.1811024));
#264=CARTESIAN_POINT('Ctrl Pts',(0.364766983299881,0.0792433457529828,1.1811024));
#265=CARTESIAN_POINT('Ctrl Pts',(0.360455161042656,0.0777212094625633,1.1811024));
#266=CARTESIAN_POINT('Ctrl Pts',(0.356127780005164,0.0761986303340742,1.1811024));
#267=CARTESIAN_POINT('Ctrl Pts',(0.3517855875496,0.0746758300070484,1.1811024));
#268=CARTESIAN_POINT('Ctrl Pts',(0.347429316791793,0.0731530198697912,1.1811024));
#269=CARTESIAN_POINT('Ctrl Pts',(0.343059687859916,0.0716304385674349,1.1811024));
#270=CARTESIAN_POINT('Ctrl Pts',(0.338677409183077,0.070108387217831,1.1811024));
#271=CARTESIAN_POINT('Ctrl Pts',(0.334283178697108,0.0685872710922711,1.1811024));
#272=CARTESIAN_POINT('Ctrl Pts',(0.329877685931789,0.0670675745092505,1.1811024));
#273=CARTESIAN_POINT('Ctrl Pts',(0.325461614248683,0.0655498263412582,1.1811024));
#274=CARTESIAN_POINT('Ctrl Pts',(0.321035642966251,0.0640345695138405,1.1811024));
#275=CARTESIAN_POINT('Ctrl Pts',(0.316600449665198,0.0625223273289229,1.1811024));
#276=CARTESIAN_POINT('Ctrl Pts',(0.312156712106627,0.0610135746395029,1.1811024));
#277=CARTESIAN_POINT('Ctrl Pts',(0.307705111096324,0.05950869816216,1.1811024));
#278=CARTESIAN_POINT('Ctrl Pts',(0.303246329277278,0.0580080026434999,1.1811024));
#279=CARTESIAN_POINT('Ctrl Pts',(0.298781047356022,0.0565117456029314,1.1811024));
#280=CARTESIAN_POINT('Ctrl Pts',(0.294309941169572,0.0550201630675986,1.1811024));
#281=CARTESIAN_POINT('Ctrl Pts',(0.289833678261787,0.0535334998490826,1.1811024));
#282=CARTESIAN_POINT('Ctrl Pts',(0.285352915000186,0.0520520359744394,1.1811024));
#283=CARTESIAN_POINT('Ctrl Pts',(0.280868292661361,0.0505761193571876,1.1811024));
#284=CARTESIAN_POINT('Ctrl Pts',(0.276380436553181,0.0491061808917375,1.1811024));
#285=CARTESIAN_POINT('Ctrl Pts',(0.271889962468074,0.0476427074942478,1.1811024));
#286=CARTESIAN_POINT('Ctrl Pts',(0.267397481717807,0.046186223281495,1.1811024));
#287=CARTESIAN_POINT('Ctrl Pts',(0.262903606717794,0.0447372675679454,1.1811024));
#288=CARTESIAN_POINT('Ctrl Pts',(0.258408956367603,0.0432963741169777,1.1811024));
#289=CARTESIAN_POINT('Ctrl Pts',(0.253914161446765,0.0418640501026187,1.1811024));
#290=CARTESIAN_POINT('Ctrl Pts',(0.249419870205873,0.0404407545056788,1.1811024));
#291=CARTESIAN_POINT('Ctrl Pts',(0.244926744396901,0.0390269086799949,1.1811024));
#292=CARTESIAN_POINT('Ctrl Pts',(0.24043545498632,0.03762290792843,1.1811024));
#293=CARTESIAN_POINT('Ctrl Pts',(0.23594667807133,0.036229132567395,1.1811024));
#294=CARTESIAN_POINT('Ctrl Pts',(0.23146109051788,0.0348459595116033,1.1811024));
#295=CARTESIAN_POINT('Ctrl Pts',(0.226979366168587,0.0334737729209829,1.1811024));
#296=CARTESIAN_POINT('Ctrl Pts',(0.222502170663099,0.0321129770603373,1.1811024));
#297=CARTESIAN_POINT('Ctrl Pts',(0.218030162763506,0.0307639988684513,1.1811024));
#298=CARTESIAN_POINT('Ctrl Pts',(0.213563998932701,0.0294272854436714,1.1811024));
#299=CARTESIAN_POINT('Ctrl Pts',(0.209104336854913,0.0281033030907484,1.1811024));
#300=CARTESIAN_POINT('Ctrl Pts',(0.204651839475733,0.0267925357986679,1.1811024));
#301=CARTESIAN_POINT('Ctrl Pts',(0.200207178633117,0.0254954837831304,1.1811024));
#302=CARTESIAN_POINT('Ctrl Pts',(0.195771039319929,0.0242126624436236,1.1811024));
#303=CARTESIAN_POINT('Ctrl Pts',(0.191344122053868,0.0229445995627286,1.1811024));
#304=CARTESIAN_POINT('Ctrl Pts',(0.186927142475852,0.0216918297043445,1.1811024));
#305=CARTESIAN_POINT('Ctrl Pts',(0.182520831623013,0.0204548893817397,1.1811024));
#306=CARTESIAN_POINT('Ctrl Pts',(0.178125935899639,0.0192343117088234,1.1811024));
#307=CARTESIAN_POINT('Ctrl Pts',(0.17374321724925,0.0180306217450421,1.1811024));
#308=CARTESIAN_POINT('Ctrl Pts',(0.169373453070728,0.0168443304047163,1.1811024));
#309=CARTESIAN_POINT('Ctrl Pts',(0.165017436779493,0.0156759325343344,1.1811024));
#310=CARTESIAN_POINT('Ctrl Pts',(0.160675980477754,0.0145259189076616,1.1811024));
#311=CARTESIAN_POINT('Ctrl Pts',(0.156349917241219,0.0133947858106359,1.1811024));
#312=CARTESIAN_POINT('Ctrl Pts',(0.152040103635048,0.0122830457901111,1.1811024));
#313=CARTESIAN_POINT('Ctrl Pts',(0.147747421956518,0.0111912374107239,1.1811024));
#314=CARTESIAN_POINT('Ctrl Pts',(0.143472783020785,0.0101199366268948,1.1811024));
#315=CARTESIAN_POINT('Ctrl Pts',(0.139217127414462,0.00906976384074331,
1.1811024));
#316=CARTESIAN_POINT('Ctrl Pts',(0.134981420034618,0.00804137278357246,
1.1811024));
#317=CARTESIAN_POINT('Ctrl Pts',(0.130766645791278,0.00703544215332035,
1.1811024));
#318=CARTESIAN_POINT('Ctrl Pts',(0.126573804450877,0.00605266587605023,
1.1811024));
#319=CARTESIAN_POINT('Ctrl Pts',(0.122403906777191,0.00509374464877636,
1.1811024));
#320=CARTESIAN_POINT('Ctrl Pts',(0.118257967864769,0.00415937525367469,
1.1811024));
#321=CARTESIAN_POINT('Ctrl Pts',(0.114137009145867,0.00325024638616961,
1.1811024));
#322=CARTESIAN_POINT('Ctrl Pts',(0.11004207963604,0.00236704863090859,1.1811024));
#323=CARTESIAN_POINT('Ctrl Pts',(0.105974272872392,0.00151048143144498,
1.1811024));
#324=CARTESIAN_POINT('Ctrl Pts',(0.101934746359409,0.000681261505901298,
1.1811024));
#325=CARTESIAN_POINT('Ctrl Pts',(0.0979247381297064,-0.000119869926302308,
1.1811024));
#326=CARTESIAN_POINT('Ctrl Pts',(0.0939455891369205,-0.000892137964854608,
1.1811024));
#327=CARTESIAN_POINT('Ctrl Pts',(0.0899987405028896,-0.0016347327371003,
1.1811024));
#328=CARTESIAN_POINT('Ctrl Pts',(0.0860857175195777,-0.00234681201767547,
1.1811024));
#329=CARTESIAN_POINT('Ctrl Pts',(0.0822081172445823,-0.00302750311412586,
1.1811024));
#330=CARTESIAN_POINT('Ctrl Pts',(0.0783675957253825,-0.00367590401003994,
1.1811024));
#331=CARTESIAN_POINT('Ctrl Pts',(0.0745658527416698,-0.0042910873083968,
1.1811024));
#332=CARTESIAN_POINT('Ctrl Pts',(0.0708046256457037,-0.00487209544410994,
1.1811024));
#333=CARTESIAN_POINT('Ctrl Pts',(0.0670857244855199,-0.00541789756694673,
1.1811024));
#334=CARTESIAN_POINT('Ctrl Pts',(0.063411061274792,-0.00592735161427523,
1.1811024));
#335=CARTESIAN_POINT('Ctrl Pts',(0.0597826815182775,-0.00639916483812546,
1.1811024));
#336=CARTESIAN_POINT('Ctrl Pts',(0.0562027948647152,-0.00683185385928356,
1.1811024));
#337=CARTESIAN_POINT('Ctrl Pts',(0.0526738059311836,-0.00722370789329768,
1.1811024));
#338=CARTESIAN_POINT('Ctrl Pts',(0.049198335670447,-0.00757286427987182,
1.1811024));
#339=CARTESIAN_POINT('Ctrl Pts',(0.0457792428330678,-0.00787738622334744,
1.1811024));
#340=CARTESIAN_POINT('Ctrl Pts',(0.0424196458015949,-0.00813533030306227,
1.1811024));
#341=CARTESIAN_POINT('Ctrl Pts',(0.0391229433484344,-0.00834484018031282,
1.1811024));
#342=CARTESIAN_POINT('Ctrl Pts',(0.035892839104733,-0.00850416471295242,
1.1811024));
#343=CARTESIAN_POINT('Ctrl Pts',(0.0327333989971434,-0.00861131098671201,
1.1811024));
#344=CARTESIAN_POINT('Ctrl Pts',(0.0296490953018685,-0.00866372371810816,
1.1811024));
#345=CARTESIAN_POINT('Ctrl Pts',(0.0266448749832654,-0.0086579953760851,
1.1811024));
#346=CARTESIAN_POINT('Ctrl Pts',(0.0237261703285133,-0.00858945964043275,
1.1811024));
#347=CARTESIAN_POINT('Ctrl Pts',(0.0208991826524326,-0.00845242954507822,
1.1811024));
#348=CARTESIAN_POINT('Ctrl Pts',(0.0181712785710819,-0.00824084460110987,
1.1811024));
#349=CARTESIAN_POINT('Ctrl Pts',(0.0155513728053645,-0.00794860463800913,
1.1811024));
#350=CARTESIAN_POINT('Ctrl Pts',(0.0130502647055086,-0.00757047154657927,
1.1811024));
#351=CARTESIAN_POINT('Ctrl Pts',(0.0106812041593427,-0.00710073724727621,
1.1811024));
#352=CARTESIAN_POINT('Ctrl Pts',(0.00846053020215167,-0.006530266750375,
1.1811024));
#353=CARTESIAN_POINT('Ctrl Pts',(0.00640843267416699,-0.0058442076633934,
1.1811024));
#354=CARTESIAN_POINT('Ctrl Pts',(0.00454932994519714,-0.00501896171342487,
1.1811024));
#355=CARTESIAN_POINT('Ctrl Pts',(0.00291623113779432,-0.0040308572668592,
1.1811024));
#356=CARTESIAN_POINT('Ctrl Pts',(0.00155376887507292,-0.00286469151635528,
1.1811024));
#357=CARTESIAN_POINT('Ctrl Pts',(0.000730728137097653,-0.00179183096068925,
1.1811024));
#358=CARTESIAN_POINT('Ctrl Pts',(0.000291695391556444,-0.000918090996845725,
1.1811024));
#359=CARTESIAN_POINT('Ctrl Pts',(8.30861298594674E-5,-0.000309835418133643,
1.1811024));
#360=CARTESIAN_POINT('Ctrl Pts',(0.,0.,1.1811024));
#361=CARTESIAN_POINT('Origin',(0.336708271410335,-0.00313971440381564,0.));
#362=CARTESIAN_POINT('',(0.19411817515506,-0.0353489845199216,0.));
#363=CARTESIAN_POINT('Ctrl Pts',(0.194118175154772,-0.0353489845199186,
0.));
#364=CARTESIAN_POINT('Ctrl Pts',(0.193965877968806,-0.0353474105339795,
0.));
#365=CARTESIAN_POINT('Ctrl Pts',(0.192674869793225,-0.0353339227232239,
0.));
#366=CARTESIAN_POINT('Ctrl Pts',(0.190248429560756,-0.0353062515561797,
0.));
#367=CARTESIAN_POINT('Ctrl Pts',(0.186694096209858,-0.0352592400777344,
0.));
#368=CARTESIAN_POINT('Ctrl Pts',(0.18202414620906,-0.0351846801026458,0.));
#369=CARTESIAN_POINT('Ctrl Pts',(0.17640557183151,-0.0350746217710303,0.));
#370=CARTESIAN_POINT('Ctrl Pts',(0.170818344731594,-0.0349441527335849,
0.));
#371=CARTESIAN_POINT('Ctrl Pts',(0.165263805296691,-0.0347927232766752,
0.));
#372=CARTESIAN_POINT('Ctrl Pts',(0.159743324702213,-0.0346197969280637,
0.));
#373=CARTESIAN_POINT('Ctrl Pts',(0.154258313353067,-0.0344248731163632,
0.));
#374=CARTESIAN_POINT('Ctrl Pts',(0.148810229580694,-0.0342075154899667,
0.));
#375=CARTESIAN_POINT('Ctrl Pts',(0.143400587882389,-0.0339673640871447,
0.));
#376=CARTESIAN_POINT('Ctrl Pts',(0.138030965796189,-0.0337040867781229,
0.));
#377=CARTESIAN_POINT('Ctrl Pts',(0.132703010874939,-0.0334173413792402,
0.));
#378=CARTESIAN_POINT('Ctrl Pts',(0.127418447857481,-0.0331067311077855,
0.));
#379=CARTESIAN_POINT('Ctrl Pts',(0.122179085230247,-0.0327717685679625,
0.));
#380=CARTESIAN_POINT('Ctrl Pts',(0.116986823370336,-0.0324118219601777,
0.));
#381=CARTESIAN_POINT('Ctrl Pts',(0.111843656656485,-0.032026126581588,0.));
#382=CARTESIAN_POINT('Ctrl Pts',(0.106751670268123,-0.0316138540553081,
0.));
#383=CARTESIAN_POINT('Ctrl Pts',(0.101713038319768,-0.0311741660778421,
0.));
#384=CARTESIAN_POINT('Ctrl Pts',(0.0967300217853536,-0.0307062731973798,
0.));
#385=CARTESIAN_POINT('Ctrl Pts',(0.0918049657389572,-0.0302094945294198,
0.));
#386=CARTESIAN_POINT('Ctrl Pts',(0.0869402991172467,-0.0296833082319357,
0.));
#387=CARTESIAN_POINT('Ctrl Pts',(0.0821385735627076,-0.0291272425046325,
0.));
#388=CARTESIAN_POINT('Ctrl Pts',(0.0774024999501741,-0.0285407773270145,
0.));
#389=CARTESIAN_POINT('Ctrl Pts',(0.0727349859333507,-0.0279232393186249,
0.));
#390=CARTESIAN_POINT('Ctrl Pts',(0.0681391727670589,-0.0272737059677238,
0.));
#391=CARTESIAN_POINT('Ctrl Pts',(0.0636184732753041,-0.0265908885339188,
0.));
#392=CARTESIAN_POINT('Ctrl Pts',(0.0591765980984202,-0.0258732590862831,
0.));
#393=CARTESIAN_POINT('Ctrl Pts',(0.0548175805034296,-0.0251192067108262,
0.));
#394=CARTESIAN_POINT('Ctrl Pts',(0.0505458020575465,-0.0243271795635188,
0.));
#395=CARTESIAN_POINT('Ctrl Pts',(0.0463660171967189,-0.023495841452625,
0.));
#396=CARTESIAN_POINT('Ctrl Pts',(0.0422833806759155,-0.0226241994434417,
0.));
#397=CARTESIAN_POINT('Ctrl Pts',(0.0383036002314429,-0.0217111519143472,
0.));
#398=CARTESIAN_POINT('Ctrl Pts',(0.0344330782478997,-0.0207550165773609,
0.));
#399=CARTESIAN_POINT('Ctrl Pts',(0.0306790718189003,-0.0197531409312028,
0.));
#400=CARTESIAN_POINT('Ctrl Pts',(0.0270498110505021,-0.0187012945637688,
0.));
#401=CARTESIAN_POINT('Ctrl Pts',(0.0235547655894443,-0.0175939598154643,
0.));
#402=CARTESIAN_POINT('Ctrl Pts',(0.0202049714396433,-0.0164255232451893,
0.));
#403=CARTESIAN_POINT('Ctrl Pts',(0.0170134330298811,-0.0151909638942528,
0.));
#404=CARTESIAN_POINT('Ctrl Pts',(0.0139952820702136,-0.0138873211594959,
0.));
#405=CARTESIAN_POINT('Ctrl Pts',(0.0111688252635243,-0.0125125718512607,
0.));
#406=CARTESIAN_POINT('Ctrl Pts',(0.00855744726162366,-0.0110611491354585,
0.));
#407=CARTESIAN_POINT('Ctrl Pts',(0.00619149027056598,-0.00952108562717378,
0.));
#408=CARTESIAN_POINT('Ctrl Pts',(0.00410969552955995,-0.00786869144923958,
0.));
#409=CARTESIAN_POINT('Ctrl Pts',(0.00236277053104739,-0.00608166575532265,
0.));
#410=CARTESIAN_POINT('Ctrl Pts',(0.00101489197494806,-0.00415304735652773,
0.));
#411=CARTESIAN_POINT('Ctrl Pts',(0.000323676870134391,-0.0025174180416048,
0.));
#412=CARTESIAN_POINT('Ctrl Pts',(5.88503400241813E-5,-0.0012619077242666,
0.));
#413=CARTESIAN_POINT('Ctrl Pts',(-1.23077222011433E-16,-0.000420635908089704,
0.));
#414=CARTESIAN_POINT('Ctrl Pts',(0.,0.,0.));
#415=CARTESIAN_POINT('Ctrl Pts',(1.23082557652045E-16,0.00042063590808992,
0.));
#416=CARTESIAN_POINT('Ctrl Pts',(5.88503400249651E-5,0.00126190772427249,
0.));
#417=CARTESIAN_POINT('Ctrl Pts',(0.000323676870135982,0.00251741804163161,
0.));
#418=CARTESIAN_POINT('Ctrl Pts',(0.0010148919749504,0.00415304735658657,
0.));
#419=CARTESIAN_POINT('Ctrl Pts',(0.00236277053104795,0.00608166575532155,
0.));
#420=CARTESIAN_POINT('Ctrl Pts',(0.00410969552955763,0.00786869144909261,
0.));
#421=CARTESIAN_POINT('Ctrl Pts',(0.00619149027056325,0.00952108562697094,
0.));
#422=CARTESIAN_POINT('Ctrl Pts',(0.00855744726162489,0.0110611491354449,
0.));
#423=CARTESIAN_POINT('Ctrl Pts',(0.0111688252635337,0.0125125718516512,
0.));
#424=CARTESIAN_POINT('Ctrl Pts',(0.013995282070228,0.0138873211601628,0.));
#425=CARTESIAN_POINT('Ctrl Pts',(0.0170134330298909,0.0151909638947132,
0.));
#426=CARTESIAN_POINT('Ctrl Pts',(0.0202049714396382,0.0164255232448029,
0.));
#427=CARTESIAN_POINT('Ctrl Pts',(0.0235547655894212,0.01759395981397,0.));
#428=CARTESIAN_POINT('Ctrl Pts',(0.0270498110504713,0.018701294561718,0.));
#429=CARTESIAN_POINT('Ctrl Pts',(0.0306790718188812,0.019753140929855,0.));
#430=CARTESIAN_POINT('Ctrl Pts',(0.0344330782479157,0.020755016578233,0.));
#431=CARTESIAN_POINT('Ctrl Pts',(0.0383036002315051,0.0217111519181761,
0.));
#432=CARTESIAN_POINT('Ctrl Pts',(0.0422833806760079,0.0226241994492632,
0.));
#433=CARTESIAN_POINT('Ctrl Pts',(0.0463660171968004,0.023495841457789,0.));
#434=CARTESIAN_POINT('Ctrl Pts',(0.0505458020575625,0.0243271795644424,
0.));
#435=CARTESIAN_POINT('Ctrl Pts',(0.0548175805033366,0.0251192067045439,
0.));
#436=CARTESIAN_POINT('Ctrl Pts',(0.0591765980982198,0.0258732590728241,
0.));
#437=CARTESIAN_POINT('Ctrl Pts',(0.063618473275058,0.026590888517252,0.));
#438=CARTESIAN_POINT('Ctrl Pts',(0.0681391727668765,0.0272737059551544,
0.));
#439=CARTESIAN_POINT('Ctrl Pts',(0.0727349859333561,0.0279232393187475,
0.));
#440=CARTESIAN_POINT('Ctrl Pts',(0.0774024999504545,0.0285407773460371,
0.));
#441=CARTESIAN_POINT('Ctrl Pts',(0.0821385735632463,0.0291272425415598,
0.));
#442=CARTESIAN_POINT('Ctrl Pts',(0.0869402991179012,0.0296833082770109,
0.));
#443=CARTESIAN_POINT('Ctrl Pts',(0.0918049657394775,0.03020949456541,0.));
#444=CARTESIAN_POINT('Ctrl Pts',(0.0967300217854508,0.0307062732039392,
0.));
#445=CARTESIAN_POINT('Ctrl Pts',(0.101713038319207,0.0311741660386797,0.));
#446=CARTESIAN_POINT('Ctrl Pts',(0.106751670266881,0.0316138539687419,0.));
#447=CARTESIAN_POINT('Ctrl Pts',(0.111843656654816,0.0320261264654323,0.));
#448=CARTESIAN_POINT('Ctrl Pts',(0.116986823368765,0.0324118218505915,0.));
#449=CARTESIAN_POINT('Ctrl Pts',(0.122179085229447,0.0327717685119466,0.));
#450=CARTESIAN_POINT('Ctrl Pts',(0.127418447858096,0.0331067311504705,0.));
#451=CARTESIAN_POINT('Ctrl Pts',(0.132703010877286,0.0334173415429909,0.));
#452=CARTESIAN_POINT('Ctrl Pts',(0.138030965799998,0.0337040870442892,0.));
#453=CARTESIAN_POINT('Ctrl Pts',(0.143400587886761,0.0339673643928254,0.));
#454=CARTESIAN_POINT('Ctrl Pts',(0.148810229584215,0.03420751573618,0.));
#455=CARTESIAN_POINT('Ctrl Pts',(0.15425831335412,0.0344248731898621,0.));
#456=CARTESIAN_POINT('Ctrl Pts',(0.159743324699444,0.0346197967340524,0.));
#457=CARTESIAN_POINT('Ctrl Pts',(0.16526380528972,0.0347927227882606,0.));
#458=CARTESIAN_POINT('Ctrl Pts',(0.17081834472144,0.0349441520218696,0.));
#459=CARTESIAN_POINT('Ctrl Pts',(0.176405571820601,0.035074621005905,0.));
#460=CARTESIAN_POINT('Ctrl Pts',(0.182024146200874,0.0351846795280917,0.));
#461=CARTESIAN_POINT('Ctrl Pts',(0.187672749501287,0.0352748650439034,0.));
#462=CARTESIAN_POINT('Ctrl Pts',(0.19335007726746,0.0353456795185347,0.));
#463=CARTESIAN_POINT('Ctrl Pts',(0.199054829208573,0.0353975621390723,0.));
#464=CARTESIAN_POINT('Ctrl Pts',(0.204785716791604,0.035430901913134,0.));
#465=CARTESIAN_POINT('Ctrl Pts',(0.210541473105276,0.0354460552942082,0.));
#466=CARTESIAN_POINT('Ctrl Pts',(0.216320861748784,0.0354433618171341,0.));
#467=CARTESIAN_POINT('Ctrl Pts',(0.222122686517092,0.0354231610414719,0.));
#468=CARTESIAN_POINT('Ctrl Pts',(0.227945799846771,0.0353858078293468,0.));
#469=CARTESIAN_POINT('Ctrl Pts',(0.233789114161662,0.0353316912396658,0.));
#470=CARTESIAN_POINT('Ctrl Pts',(0.239651591713736,0.0352612270489078,0.));
#471=CARTESIAN_POINT('Ctrl Pts',(0.245532229856017,0.0351748447191437,0.));
#472=CARTESIAN_POINT('Ctrl Pts',(0.251430048130693,0.0350729765122089,0.));
#473=CARTESIAN_POINT('Ctrl Pts',(0.257344074066287,0.0349560451885882,0.));
#474=CARTESIAN_POINT('Ctrl Pts',(0.26327333076618,0.0348244535145866,0.));
#475=CARTESIAN_POINT('Ctrl Pts',(0.269216820606857,0.0346785699614752,0.));
#476=CARTESIAN_POINT('Ctrl Pts',(0.275173525781868,0.0345187307835912,0.));
#477=CARTESIAN_POINT('Ctrl Pts',(0.281142418463949,0.0343452514589557,0.));
#478=CARTESIAN_POINT('Ctrl Pts',(0.28712246791238,0.0341584351185061,0.));
#479=CARTESIAN_POINT('Ctrl Pts',(0.293112649074581,0.033958582529483,0.));
#480=CARTESIAN_POINT('Ctrl Pts',(0.299111950014356,0.0337460006989439,0.));
#481=CARTESIAN_POINT('Ctrl Pts',(0.305119381138022,0.0335210138027172,0.));
#482=CARTESIAN_POINT('Ctrl Pts',(0.311133979270907,0.0332839672516426,0.));
#483=CARTESIAN_POINT('Ctrl Pts',(0.31715480214133,0.0330352188910262,0.));
#484=CARTESIAN_POINT('Ctrl Pts',(0.32318092494305,0.0327751329927556,0.));
#485=CARTESIAN_POINT('Ctrl Pts',(0.329211436063492,0.0325040731211221,0.));
#486=CARTESIAN_POINT('Ctrl Pts',(0.335245433177456,0.0322223955010915,0.));
#487=CARTESIAN_POINT('Ctrl Pts',(0.341282019165587,0.0319304421211974,0.));
#488=CARTESIAN_POINT('Ctrl Pts',(0.347320298160295,0.0316285340855458,0.));
#489=CARTESIAN_POINT('Ctrl Pts',(0.353359375440136,0.0313169754111583,0.));
#490=CARTESIAN_POINT('Ctrl Pts',(0.359398357305167,0.0309960567316866,0.));
#491=CARTESIAN_POINT('Ctrl Pts',(0.365436350912654,0.0306660589579087,0.));
#492=CARTESIAN_POINT('Ctrl Pts',(0.371472464233995,0.0303272571284771,0.));
#493=CARTESIAN_POINT('Ctrl Pts',(0.377505805715835,0.0299799237753064,0.));
#494=CARTESIAN_POINT('Ctrl Pts',(0.383535484687829,0.0296243335214163,0.));
#495=CARTESIAN_POINT('Ctrl Pts',(0.389560608216393,0.0292607618226444,0.));
#496=CARTESIAN_POINT('Ctrl Pts',(0.395580276131292,0.0288894807484876,0.));
#497=CARTESIAN_POINT('Ctrl Pts',(0.401593576741305,0.0285107558000874,0.));
#498=CARTESIAN_POINT('Ctrl Pts',(0.407599582008632,0.0281248420617543,0.));
#499=CARTESIAN_POINT('Ctrl Pts',(0.413597343543489,0.0277319811831702,0.));
#500=CARTESIAN_POINT('Ctrl Pts',(0.419585886818451,0.0273323966831804,0.));
#501=CARTESIAN_POINT('Ctrl Pts',(0.425564210872806,0.0269262943501304,0.));
#502=CARTESIAN_POINT('Ctrl Pts',(0.431531299870858,0.0265138736172335,0.));
#503=CARTESIAN_POINT('Ctrl Pts',(0.437486132195678,0.026095336652249,0.));
#504=CARTESIAN_POINT('Ctrl Pts',(0.443427690581518,0.0256708984226471,0.));
#505=CARTESIAN_POINT('Ctrl Pts',(0.449354971674414,0.0252407961989159,0.));
#506=CARTESIAN_POINT('Ctrl Pts',(0.455266996144404,0.0248052996472889,0.));
#507=CARTESIAN_POINT('Ctrl Pts',(0.461162817710157,0.024364719704497,0.));
#508=CARTESIAN_POINT('Ctrl Pts',(0.467041504722172,0.023919386620279,0.));
#509=CARTESIAN_POINT('Ctrl Pts',(0.47290212250564,0.0234696287989599,0.));
#510=CARTESIAN_POINT('Ctrl Pts',(0.478743715669579,0.0230157517358342,0.));
#511=CARTESIAN_POINT('Ctrl Pts',(0.484565289863273,0.0225580160206202,0.));
#512=CARTESIAN_POINT('Ctrl Pts',(0.490365795097282,0.0220966178320058,0.));
#513=CARTESIAN_POINT('Ctrl Pts',(0.496144104873865,0.0216316628214646,0.));
#514=CARTESIAN_POINT('Ctrl Pts',(0.501899030979388,0.0211631962427594,0.));
#515=CARTESIAN_POINT('Ctrl Pts',(0.50762934479039,0.0206912434225908,0.));
#516=CARTESIAN_POINT('Ctrl Pts',(0.51333379584299,0.0202158457663923,0.));
#517=CARTESIAN_POINT('Ctrl Pts',(0.519011132584406,0.0197371005573544,0.));
#518=CARTESIAN_POINT('Ctrl Pts',(0.524660119771038,0.0192551946500722,0.));
#519=CARTESIAN_POINT('Ctrl Pts',(0.530279563582836,0.0187704524269892,0.));
#520=CARTESIAN_POINT('Ctrl Pts',(0.535868289325908,0.0182832958379182,0.));
#521=CARTESIAN_POINT('Ctrl Pts',(0.541425105518848,0.017794179131756,0.));
#522=CARTESIAN_POINT('Ctrl Pts',(0.546948773093569,0.0173035331782042,0.));
#523=CARTESIAN_POINT('Ctrl Pts',(0.552437971260478,0.0168117033811787,0.));
#524=CARTESIAN_POINT('Ctrl Pts',(0.557891267593129,0.0163188959434617,0.));
#525=CARTESIAN_POINT('Ctrl Pts',(0.56330707889681,0.0158251056851036,0.));
#526=CARTESIAN_POINT('Ctrl Pts',(0.568683715298472,0.0153302110908221,0.));
#527=CARTESIAN_POINT('Ctrl Pts',(0.574019435548941,0.014834092040789,0.));
#528=CARTESIAN_POINT('Ctrl Pts',(0.579312500112351,0.0143367427947316,0.));
#529=CARTESIAN_POINT('Ctrl Pts',(0.584561221284113,0.0138383797046754,0.));
#530=CARTESIAN_POINT('Ctrl Pts',(0.589764023884911,0.0133395685382559,0.));
#531=CARTESIAN_POINT('Ctrl Pts',(0.594919473492137,0.0128412913290729,0.));
#532=CARTESIAN_POINT('Ctrl Pts',(0.600026108091233,0.0123446464928374,0.));
#533=CARTESIAN_POINT('Ctrl Pts',(0.605082299419114,0.011850604464258,0.));
#534=CARTESIAN_POINT('Ctrl Pts',(0.610086090078423,0.0113597178651016,0.));
#535=CARTESIAN_POINT('Ctrl Pts',(0.615035070212627,0.0108719061323547,0.));
#536=CARTESIAN_POINT('Ctrl Pts',(0.619926162830262,0.0103860680862879,0.));
#537=CARTESIAN_POINT('Ctrl Pts',(0.624755856830788,0.00990053889243972,
0.));
#538=CARTESIAN_POINT('Ctrl Pts',(0.629520602344749,0.0094138553939071,0.));
#539=CARTESIAN_POINT('Ctrl Pts',(0.634217193841604,0.00892549391045147,
0.));
#540=CARTESIAN_POINT('Ctrl Pts',(0.638843069205775,0.00843645980323976,
0.));
#541=CARTESIAN_POINT('Ctrl Pts',(0.643396864109798,0.00795033354511941,
0.));
#542=CARTESIAN_POINT('Ctrl Pts',(0.647877974946198,0.00747254132659269,
0.));
#543=CARTESIAN_POINT('Ctrl Pts',(0.652285287576137,0.00700813508438927,
0.));
#544=CARTESIAN_POINT('Ctrl Pts',(0.656616038969144,0.00655980399284613,
0.));
#545=CARTESIAN_POINT('Ctrl Pts',(0.660864842814925,0.00612619474760923,
0.));
#546=CARTESIAN_POINT('Ctrl Pts',(0.665022090248537,0.00569907512072772,
0.));
#547=CARTESIAN_POINT('Ctrl Pts',(0.669075738367748,0.00526674627708573,
0.));
#548=CARTESIAN_POINT('Ctrl Pts',(0.673014842768117,0.0048206463277055,0.));
#549=CARTESIAN_POINT('Ctrl Pts',(0.67683214422674,0.00436025933591677,0.));
#550=CARTESIAN_POINT('Ctrl Pts',(0.680527938939826,0.00390027599637163,
0.));
#551=CARTESIAN_POINT('Ctrl Pts',(0.684110589894171,0.00347189284650961,
0.));
#552=CARTESIAN_POINT('Ctrl Pts',(0.687584649774062,0.00310220140819671,
0.));
#553=CARTESIAN_POINT('Ctrl Pts',(0.690942072616375,0.00279929738826452,
0.));
#554=CARTESIAN_POINT('Ctrl Pts',(0.694149872216207,0.00253045949555202,
0.));
#555=CARTESIAN_POINT('Ctrl Pts',(0.697147075408624,0.00221852122718031,
0.));
#556=CARTESIAN_POINT('Ctrl Pts',(0.69988385778146,0.00181481139372753,0.));
#557=CARTESIAN_POINT('Ctrl Pts',(0.702342736227132,0.00134353078492299,
0.));
#558=CARTESIAN_POINT('Ctrl Pts',(0.704592214672296,0.000994246010693638,
0.));
#559=CARTESIAN_POINT('Ctrl Pts',(0.706652359208567,0.000939433983498773,
0.));
#560=CARTESIAN_POINT('Ctrl Pts',(0.708322585089376,0.00109486910181532,
0.));
#561=CARTESIAN_POINT('Ctrl Pts',(0.709000473156721,0.000871805769091696,
0.));
#562=CARTESIAN_POINT('Ctrl Pts',(0.708309577248045,-6.37681185330251E-5,
0.));
#563=CARTESIAN_POINT('Ctrl Pts',(0.706654328867481,-0.00112561138692492,
0.));
#564=CARTESIAN_POINT('Ctrl Pts',(0.704600738734403,-0.00166835986474901,
0.));
#565=CARTESIAN_POINT('Ctrl Pts',(0.702348167829281,-0.00172415179618708,
0.));
#566=CARTESIAN_POINT('Ctrl Pts',(0.699881717757363,-0.0016632689029197,
0.));
#567=CARTESIAN_POINT('Ctrl Pts',(0.697141456695432,-0.00181822559233863,
0.));
#568=CARTESIAN_POINT('Ctrl Pts',(0.694145450667896,-0.00221929823423084,
0.));
#569=CARTESIAN_POINT('Ctrl Pts',(0.690941488266809,-0.00275807314319311,
0.));
#570=CARTESIAN_POINT('Ctrl Pts',(0.687587130897352,-0.00327701482936423,
0.));
#571=CARTESIAN_POINT('Ctrl Pts',(0.684113925717886,-0.00370649220287705,
0.));
#572=CARTESIAN_POINT('Ctrl Pts',(0.680530180628032,-0.00405791184869624,
0.));
#573=CARTESIAN_POINT('Ctrl Pts',(0.676832432666952,-0.00438052045752327,
0.));
#574=CARTESIAN_POINT('Ctrl Pts',(0.673013584062569,-0.00473216597954965,
0.));
#575=CARTESIAN_POINT('Ctrl Pts',(0.669073916247043,-0.0051386637838161,
0.));
#576=CARTESIAN_POINT('Ctrl Pts',(0.665020628280829,-0.00559631559176468,
0.));
#577=CARTESIAN_POINT('Ctrl Pts',(0.660864269937086,-0.00608592856769002,
0.));
#578=CARTESIAN_POINT('Ctrl Pts',(0.656616360709947,-0.00658241861333655,
0.));
#579=CARTESIAN_POINT('Ctrl Pts',(0.652286135591658,-0.00706773928936914,
0.));
#580=CARTESIAN_POINT('Ctrl Pts',(0.647878899759685,-0.00753754312283789,
0.));
#581=CARTESIAN_POINT('Ctrl Pts',(0.643397507693153,-0.00799556851156893,
0.));
#582=CARTESIAN_POINT('Ctrl Pts',(0.638843266078281,-0.00845029717561249,
0.));
#583=CARTESIAN_POINT('Ctrl Pts',(0.634216987762164,-0.00891100940646018,
0.));
#584=CARTESIAN_POINT('Ctrl Pts',(0.629520168664663,-0.00938337378460525,
0.));
#585=CARTESIAN_POINT('Ctrl Pts',(0.624755393937122,-0.00986800399447904,
0.));
#586=CARTESIAN_POINT('Ctrl Pts',(0.61992582816759,-0.010362546026376,0.));
#587=CARTESIAN_POINT('Ctrl Pts',(0.615034941481159,-0.0108628581297516,
0.));
#588=CARTESIAN_POINT('Ctrl Pts',(0.610086157898018,-0.0113644846246256,
0.));
#589=CARTESIAN_POINT('Ctrl Pts',(0.60508249265928,-0.0118641865169689,0.));
#590=CARTESIAN_POINT('Ctrl Pts',(0.60002633866617,-0.0123608526520875,0.));
#591=CARTESIAN_POINT('Ctrl Pts',(0.594919664506001,-0.0128547169041115,
0.));
#592=CARTESIAN_POINT('Ctrl Pts',(0.589764128482849,-0.0133469202952196,
0.));
#593=CARTESIAN_POINT('Ctrl Pts',(0.584561229031481,-0.0138389242353751,
0.));
#594=CARTESIAN_POINT('Ctrl Pts',(0.579312432831006,-0.0143320138671927,
0.));
#595=CARTESIAN_POINT('Ctrl Pts',(0.574019330276672,-0.014826692888156,0.));
#596=CARTESIAN_POINT('Ctrl Pts',(0.568683609721411,-0.0153227905157958,
0.));
#597=CARTESIAN_POINT('Ctrl Pts',(0.563307001787399,-0.015819685983572,0.));
#598=CARTESIAN_POINT('Ctrl Pts',(0.557891233424422,-0.0163164943664319,
0.));
#599=CARTESIAN_POINT('Ctrl Pts',(0.552437979238955,-0.0168122641555223,
0.));
#600=CARTESIAN_POINT('Ctrl Pts',(0.546948810756949,-0.0173061803819206,
0.));
#601=CARTESIAN_POINT('Ctrl Pts',(0.541425156098352,-0.0177977341564743,
0.));
#602=CARTESIAN_POINT('Ctrl Pts',(0.535868336905009,-0.0182866399765785,
0.));
#603=CARTESIAN_POINT('Ctrl Pts',(0.530279596705745,-0.0187727804994255,
0.));
#604=CARTESIAN_POINT('Ctrl Pts',(0.524660133217956,-0.0192561397782606,
0.));
#605=CARTESIAN_POINT('Ctrl Pts',(0.519011127505856,-0.0197367436073056,
0.));
#606=CARTESIAN_POINT('Ctrl Pts',(0.513333777998745,-0.0202145915692269,
0.));
#607=CARTESIAN_POINT('Ctrl Pts',(0.507629321535153,-0.0206896089100279,
0.));
#608=CARTESIAN_POINT('Ctrl Pts',(0.501899009200965,-0.021161665529722,0.));
#609=CARTESIAN_POINT('Ctrl Pts',(0.496144089528797,-0.0216305842820563,
0.));
#610=CARTESIAN_POINT('Ctrl Pts',(0.490365788491593,-0.022096153546554,0.));
#611=CARTESIAN_POINT('Ctrl Pts',(0.484565291595547,-0.0225581377750519,
0.));
#612=CARTESIAN_POINT('Ctrl Pts',(0.478743723319082,-0.0230162893868742,
0.));
#613=CARTESIAN_POINT('Ctrl Pts',(0.472902132889782,-0.0234703586558871,
0.));
#614=CARTESIAN_POINT('Ctrl Pts',(0.467041514788955,-0.0239200941715653,
0.));
#615=CARTESIAN_POINT('Ctrl Pts',(0.461162825175043,-0.024365244379806,0.));
#616=CARTESIAN_POINT('Ctrl Pts',(0.455266999830164,-0.0248055587042271,
0.));
#617=CARTESIAN_POINT('Ctrl Pts',(0.449354971569952,-0.0252407888571908,
0.));
#618=CARTESIAN_POINT('Ctrl Pts',(0.443427687616777,-0.0256706900432875,
0.));
#619=CARTESIAN_POINT('Ctrl Pts',(0.437486127722945,-0.0260950222814619,
0.));
#620=CARTESIAN_POINT('Ctrl Pts',(0.431531295253099,-0.0265135490523375,
0.));
#621=CARTESIAN_POINT('Ctrl Pts',(0.425564207194974,-0.0269260358485033,
0.));
#622=CARTESIAN_POINT('Ctrl Pts',(0.419585884714097,-0.0273322487753242,
0.));
#623=CARTESIAN_POINT('Ctrl Pts',(0.413597343143889,-0.0277319530966322,
0.));
#624=CARTESIAN_POINT('Ctrl Pts',(0.407599583002014,-0.028124911883685,0.));
#625=CARTESIAN_POINT('Ctrl Pts',(0.401593578571185,-0.0285108844174699,
0.));
#626=CARTESIAN_POINT('Ctrl Pts',(0.395580278194733,-0.028889625782872,0.));
#627=CARTESIAN_POINT('Ctrl Pts',(0.389560609997653,-0.0292608870239216,
0.));
#628=CARTESIAN_POINT('Ctrl Pts',(0.383535485848486,-0.0296244151022222,
0.));
#629=CARTESIAN_POINT('Ctrl Pts',(0.3775058061313,-0.0299799529782392,0.));
#630=CARTESIAN_POINT('Ctrl Pts',(0.371472463983821,-0.0303272395443287,
0.));
#631=CARTESIAN_POINT('Ctrl Pts',(0.365436350214035,-0.0306660098526827,
0.));
#632=CARTESIAN_POINT('Ctrl Pts',(0.359398356418968,-0.0309959944414955,
0.));
#633=CARTESIAN_POINT('Ctrl Pts',(0.35335937460704,-0.0313169168535518,0.));
#634=CARTESIAN_POINT('Ctrl Pts',(0.347320297554921,-0.0316284915343428,
0.));
#635=CARTESIAN_POINT('Ctrl Pts',(0.341282018873399,-0.0319304215836166,
0.));
#636=CARTESIAN_POINT('Ctrl Pts',(0.335245433192462,-0.0322223965560377,
0.));
#637=CARTESIAN_POINT('Ctrl Pts',(0.329211436307467,-0.0325040902703808,
0.));
#638=CARTESIAN_POINT('Ctrl Pts',(0.323180925306323,-0.0327751585276353,
0.));
#639=CARTESIAN_POINT('Ctrl Pts',(0.317154802514697,-0.0330352451355122,
0.));
#640=CARTESIAN_POINT('Ctrl Pts',(0.311133979568076,-0.033283988140431,0.));
#641=CARTESIAN_POINT('Ctrl Pts',(0.305119381308979,-0.0335210258199983,
0.));
#642=CARTESIAN_POINT('Ctrl Pts',(0.29911195004914,-0.0337460031443092,0.));
#643=CARTESIAN_POINT('Ctrl Pts',(0.293112648998455,-0.0339585771785838,
0.));
#644=CARTESIAN_POINT('Ctrl Pts',(0.287122467770066,-0.0341584251148498,
0.));
#645=CARTESIAN_POINT('Ctrl Pts',(0.281142418303577,-0.03434524018593,0.));
#646=CARTESIAN_POINT('Ctrl Pts',(0.275173525644272,-0.0345187211115058,
0.));
#647=CARTESIAN_POINT('Ctrl Pts',(0.269216820518391,-0.0346785637429645,
0.));
#648=CARTESIAN_POINT('Ctrl Pts',(0.263273330735941,-0.0348244513891018,
0.));
#649=CARTESIAN_POINT('Ctrl Pts',(0.257344074087085,-0.0349560466508209,
0.));
#650=CARTESIAN_POINT('Ctrl Pts',(0.251430048184718,-0.0350729803102902,
0.));
#651=CARTESIAN_POINT('Ctrl Pts',(0.245532229922522,-0.0351748493945137,
0.));
#652=CARTESIAN_POINT('Ctrl Pts',(0.23965159177415,-0.0352612312960252,0.));
#653=CARTESIAN_POINT('Ctrl Pts',(0.233789114203181,-0.035331694158447,0.));
#654=CARTESIAN_POINT('Ctrl Pts',(0.227945799863981,-0.0353858090392261,
0.));
#655=CARTESIAN_POINT('Ctrl Pts',(0.222122686511872,-0.0354231606746959,
0.));
#656=CARTESIAN_POINT('Ctrl Pts',(0.216320861728237,-0.035443360373434,0.));
#657=CARTESIAN_POINT('Ctrl Pts',(0.210541473078249,-0.0354460533954961,
0.));
#658=CARTESIAN_POINT('Ctrl Pts',(0.204939649853476,-0.0354313053949775,
0.));
#659=CARTESIAN_POINT('Ctrl Pts',(0.200507564925688,-0.0354059957378049,
0.));
#660=CARTESIAN_POINT('Ctrl Pts',(0.197232536531413,-0.0353796219545698,
0.));
#661=CARTESIAN_POINT('Ctrl Pts',(0.19510479554045,-0.0353591812061171,0.));
#662=CARTESIAN_POINT('Ctrl Pts',(0.194118175154772,-0.0353489845199186,
0.));
#663=CARTESIAN_POINT('Ctrl Pts',(0.19411817515506,-0.0353489845199216,0.));
#664=CARTESIAN_POINT('Ctrl Pts',(0.185263910725146,-0.032307458129002,0.0567601138423144));
#665=CARTESIAN_POINT('Ctrl Pts',(0.173389479807166,-0.0289084694399096,
0.127535464086568));
#666=CARTESIAN_POINT('Ctrl Pts',(0.152653165927428,-0.0243121387126698,
0.240423792738714));
#667=CARTESIAN_POINT('Ctrl Pts',(0.130828963488969,-0.0203033147901385,
0.353039229092864));
#668=CARTESIAN_POINT('Ctrl Pts',(0.104615161392339,-0.0179955482547293,
0.465059693498232));
#669=CARTESIAN_POINT('Ctrl Pts',(0.0857246261137952,-0.0163353677402448,
0.548909022206259));
#670=CARTESIAN_POINT('Ctrl Pts',(0.0739066664115482,-0.0151263071308035,
0.604831775878566));
#671=CARTESIAN_POINT('Ctrl Pts',(0.0553978270592117,-0.0135222178278678,
0.688351213059818));
#672=CARTESIAN_POINT('Ctrl Pts',(0.0366548895916508,-0.0121878960146363,
0.771568829422437));
#673=CARTESIAN_POINT('Ctrl Pts',(0.0216425057183209,-0.0104570567792475,
0.855275419608873));
#674=CARTESIAN_POINT('Ctrl Pts',(0.0125823307981861,-0.00860676278164322,
0.925562965782283));
#675=CARTESIAN_POINT('Ctrl Pts',(0.00615558358295192,-0.00650391525351063,
0.996173720821899));
#676=CARTESIAN_POINT('Ctrl Pts',(0.000972178609080872,-0.00373101311509716,
1.08123025122663));
#677=CARTESIAN_POINT('Ctrl Pts',(-0.000294389164504259,-0.00166872656973318,
1.13820999838313));
#678=CARTESIAN_POINT('Ctrl Pts',(0.,0.,1.1811024));
#679=CARTESIAN_POINT('Ctrl Pts',(0.191660689323387,-0.0353235864922441,
0.));
#680=CARTESIAN_POINT('Ctrl Pts',(0.182841935916067,-0.0323083193799557,
0.0567601138423144));
#681=CARTESIAN_POINT('Ctrl Pts',(0.171020150209525,-0.0289348786372123,
0.127535464086568));
#682=CARTESIAN_POINT('Ctrl Pts',(0.150383410903928,-0.0243657989242851,
0.240423792738714));
#683=CARTESIAN_POINT('Ctrl Pts',(0.128673809577765,-0.0203711762050065,
0.353039229092864));
#684=CARTESIAN_POINT('Ctrl Pts',(0.102579702314735,-0.0180707293891761,
0.465059693498232));
#685=CARTESIAN_POINT('Ctrl Pts',(0.0838081156535623,-0.0163925243694235,
0.548909022206259));
#686=CARTESIAN_POINT('Ctrl Pts',(0.0720808143330965,-0.015163088348898,
0.604831775878567));
#687=CARTESIAN_POINT('Ctrl Pts',(0.0537214248103944,-0.0135142990500441,
0.688351213059818));
#688=CARTESIAN_POINT('Ctrl Pts',(0.0351513916777151,-0.0121147655817428,
0.771568829422438));
#689=CARTESIAN_POINT('Ctrl Pts',(0.0203467512083858,-0.0102983314893308,
0.855275419608873));
#690=CARTESIAN_POINT('Ctrl Pts',(0.0114854598887535,-0.00836353982873329,
0.925562965782283));
#691=CARTESIAN_POINT('Ctrl Pts',(0.00528465387586932,-0.00615982176063089,
0.996173720821899));
#692=CARTESIAN_POINT('Ctrl Pts',(0.000397064061481257,-0.00325117385873064,
1.08123025122663));
#693=CARTESIAN_POINT('Ctrl Pts',(-0.00065025521664054,-0.00108523187129613,
1.13820999838313));
#694=CARTESIAN_POINT('Ctrl Pts',(-0.000179278107583743,0.000668543684961338,
1.1811024));
#695=CARTESIAN_POINT('Ctrl Pts',(0.18676094427052,-0.0352622429437573,0.));
#696=CARTESIAN_POINT('Ctrl Pts',(0.178013488540362,-0.0322992085136593,
0.0567601138423143));
#697=CARTESIAN_POINT('Ctrl Pts',(0.166297751282864,-0.0289762812101119,
0.127535464086568));
#698=CARTESIAN_POINT('Ctrl Pts',(0.145862144440494,-0.0244604803574879,
0.240423792738714));
#699=CARTESIAN_POINT('Ctrl Pts',(0.124384571866879,-0.0204924170812851,
0.353039229092864));
#700=CARTESIAN_POINT('Ctrl Pts',(0.0985314859845054,-0.0182063745842397,
0.465059693498232));
#701=CARTESIAN_POINT('Ctrl Pts',(0.0800018315073604,-0.0164894846275304,
0.54890902220626));
#702=CARTESIAN_POINT('Ctrl Pts',(0.0684604645207095,-0.015216790110079,
0.604831775878567));
#703=CARTESIAN_POINT('Ctrl Pts',(0.0504043346852267,-0.0134720568980682,
0.688351213059818));
#704=CARTESIAN_POINT('Ctrl Pts',(0.032184865359485,-0.0119330713312802,
0.771568829422438));
#705=CARTESIAN_POINT('Ctrl Pts',(0.0178126721414166,-0.00993722280749969,
0.855275419608873));
#706=CARTESIAN_POINT('Ctrl Pts',(0.00937465002470557,-0.00782807143637999,
0.925562965782283));
#707=CARTESIAN_POINT('Ctrl Pts',(0.00365966279390263,-0.0054177541642919,
0.996173720821899));
#708=CARTESIAN_POINT('Ctrl Pts',(-0.000586783695906451,-0.00223216240695992,
1.08123025122663));
#709=CARTESIAN_POINT('Ctrl Pts',(-0.00115589625685801,0.000144135412237687,
1.13820999838313));
#710=CARTESIAN_POINT('Ctrl Pts',(-0.00029724622293998,0.00207025644259231,
1.1811024));
#711=CARTESIAN_POINT('Ctrl Pts',(0.179459821890261,-0.035137626849688,0.));
#712=CARTESIAN_POINT('Ctrl Pts',(0.170820070973418,-0.0322522017205676,
0.0567601138423144));
#713=CARTESIAN_POINT('Ctrl Pts',(0.159265790715742,-0.0290033057667638,
0.127535464086569));
#714=CARTESIAN_POINT('Ctrl Pts',(0.139138003354705,-0.0245637346682237,
0.240423792738715));
#715=CARTESIAN_POINT('Ctrl Pts',(0.118017800755226,-0.0206295362034308,
0.353039229092864));
#716=CARTESIAN_POINT('Ctrl Pts',(0.0925297054154908,-0.0183647908805485,
0.465059693498232));
#717=CARTESIAN_POINT('Ctrl Pts',(0.0743768442451714,-0.016580920181788,
0.54890902220626));
#718=CARTESIAN_POINT('Ctrl Pts',(0.0631296653103557,-0.0152356964510308,
0.604831775878567));
#719=CARTESIAN_POINT('Ctrl Pts',(0.0455505113999413,-0.0133205661234043,
0.688351213059819));
#720=CARTESIAN_POINT('Ctrl Pts',(0.027884901279274,-0.0115348280425564,
0.771568829422438));
#721=CARTESIAN_POINT('Ctrl Pts',(0.0142172143645928,-0.0092467943704751,
0.855275419608874));
#722=CARTESIAN_POINT('Ctrl Pts',(0.00648470166039231,-0.00687394243650906,
0.925562965782283));
#723=CARTESIAN_POINT('Ctrl Pts',(0.00158973665803591,-0.00416103677856415,
0.996173720821899));
#724=CARTESIAN_POINT('Ctrl Pts',(-0.00156635598418199,-0.00057868644263064,
1.08123025122663));
#725=CARTESIAN_POINT('Ctrl Pts',(-0.00131511499296043,0.00209261817297443,
1.13820999838313));
#726=CARTESIAN_POINT('Ctrl Pts',(0.000211460437398352,0.00425696845256344,
1.1811024));
#727=CARTESIAN_POINT('Ctrl Pts',(0.1722100351488,-0.0349792947745693,0.));
#728=CARTESIAN_POINT('Ctrl Pts',(0.163678669516942,-0.0321709323528396,
0.0567601138423143));
#729=CARTESIAN_POINT('Ctrl Pts',(0.152288335345556,-0.028994403858871,0.127535464086569));
#730=CARTESIAN_POINT('Ctrl Pts',(0.132474666922935,-0.0246273659317103,
0.240423792738714));
#731=CARTESIAN_POINT('Ctrl Pts',(0.111722229977173,-0.020720499373901,0.353039229092864));
#732=CARTESIAN_POINT('Ctrl Pts',(0.0866001742038009,-0.0184774728796373,
0.465059693498232));
#733=CARTESIAN_POINT('Ctrl Pts',(0.0688403909866549,-0.0166162509470697,
0.54890902220626));
#734=CARTESIAN_POINT('Ctrl Pts',(0.0579043361680647,-0.0151902623830926,
0.604831775878567));
#735=CARTESIAN_POINT('Ctrl Pts',(0.0408379681207121,-0.0130702330405452,
0.688351213059819));
#736=CARTESIAN_POINT('Ctrl Pts',(0.0237748418809467,-0.0109880761111395,
0.771568829422438));
#737=CARTESIAN_POINT('Ctrl Pts',(0.0108717888733578,-0.00838465068190221,
0.855275419608874));
#738=CARTESIAN_POINT('Ctrl Pts',(0.00390165469168176,-0.0057581733321554,
0.925562965782284));
#739=CARTESIAN_POINT('Ctrl Pts',(-0.000107294182173058,-0.00277062566992414,
0.9961737208219));
#740=CARTESIAN_POINT('Ctrl Pts',(-0.00208551035092888,0.00115706401442101,
1.08123025122663));
#741=CARTESIAN_POINT('Ctrl Pts',(-0.000948407972389402,0.00407379002231418,
1.13820999838313));
#742=CARTESIAN_POINT('Ctrl Pts',(0.0012995258491957,0.00643054005657617,
1.1811024));
#743=CARTESIAN_POINT('Ctrl Pts',(0.165014471939646,-0.0347860609558411,
0.));
#744=CARTESIAN_POINT('Ctrl Pts',(0.156592074866468,-0.0320544392763492,
0.0567601138423144));
#745=CARTESIAN_POINT('Ctrl Pts',(0.145368320746069,-0.0289486619421495,
0.127535464086569));
#746=CARTESIAN_POINT('Ctrl Pts',(0.125875265659765,-0.0246504544313071,
0.240423792738715));
#747=CARTESIAN_POINT('Ctrl Pts',(0.105502353052377,-0.0207634930525602,
0.353039229092864));
#748=CARTESIAN_POINT('Ctrl Pts',(0.0807439802050429,-0.0185450816341491,
0.465059693498233));
#749=CARTESIAN_POINT('Ctrl Pts',(0.0633966400030436,-0.0165938386233237,
0.54890902220626));
#750=CARTESIAN_POINT('Ctrl Pts',(0.0527910453494701,-0.0150767458953873,
0.604831775878567));
#751=CARTESIAN_POINT('Ctrl Pts',(0.0362907079356147,-0.0127056438020632,
0.688351213059819));
#752=CARTESIAN_POINT('Ctrl Pts',(0.0199049847285737,-0.0102599287050967,
0.771568829422438));
#753=CARTESIAN_POINT('Ctrl Pts',(0.00783418915813123,-0.00731042019289709,
0.855275419608874));
#754=CARTESIAN_POINT('Ctrl Pts',(0.00166915969104713,-0.00444536034202962,
0.925562965782284));
#755=CARTESIAN_POINT('Ctrl Pts',(-0.00141457543896479,-0.00122274474784789,
0.996173720821899));
#756=CARTESIAN_POINT('Ctrl Pts',(-0.00217250973687183,0.00297804344581734,
1.08123025122663));
#757=CARTESIAN_POINT('Ctrl Pts',(-0.000124735759134817,0.00607109241344297,
1.13820999838313));
#758=CARTESIAN_POINT('Ctrl Pts',(0.00286097072455621,0.00855635689644217,
1.1811024));
#759=CARTESIAN_POINT('Ctrl Pts',(0.15787610117925,-0.0345567586347285,0.));
#760=CARTESIAN_POINT('Ctrl Pts',(0.149563136288406,-0.0319017059975841,
0.0567601138423143));
#761=CARTESIAN_POINT('Ctrl Pts',(0.138508766321474,-0.0288650086699335,
0.127535464086569));
#762=CARTESIAN_POINT('Ctrl Pts',(0.119343007109505,-0.0246318928427899,
0.240423792738714));
#763=CARTESIAN_POINT('Ctrl Pts',(0.099363070577922,-0.0207562261091743,
0.353039229092864));
#764=CARTESIAN_POINT('Ctrl Pts',(0.0749609489127948,-0.0185697243199363,
0.465059693498232));
#765=CARTESIAN_POINT('Ctrl Pts',(0.0580493675464488,-0.0165128115450586,
0.54890902220626));
#766=CARTESIAN_POINT('Ctrl Pts',(0.0477971484071733,-0.0148908992945401,
0.604831775878567));
#767=CARTESIAN_POINT('Ctrl Pts',(0.0319381024095636,-0.0122072041656727,
0.688351213059819));
#768=CARTESIAN_POINT('Ctrl Pts',(0.016337821513219,-0.00930781166937526,
0.771568829422439));
#769=CARTESIAN_POINT('Ctrl Pts',(0.00517956284004108,-0.00596776786372878,
0.855275419608874));
#770=CARTESIAN_POINT('Ctrl Pts',(-0.000149664785018647,-0.0028787035968443,
0.925562965782284));
#771=CARTESIAN_POINT('Ctrl Pts',(-0.00229494430843626,0.000533794657617155,
0.9961737208219));
#772=CARTESIAN_POINT('Ctrl Pts',(-0.00183514671363069,0.0049225422604046,
1.08123025122663));
#773=CARTESIAN_POINT('Ctrl Pts',(0.00110618577462355,0.00810892602455305,
1.13820999838313));
#774=CARTESIAN_POINT('Ctrl Pts',(0.00480801582998854,0.010645466148935,
1.1811024));
#775=CARTESIAN_POINT('Ctrl Pts',(0.150798002848603,-0.034290326552128,0.));
#776=CARTESIAN_POINT('Ctrl Pts',(0.142594791119873,-0.0317117020638713,
0.0567601138423145));
#777=CARTESIAN_POINT('Ctrl Pts',(0.131712838743318,-0.0287422851027553,
0.127535464086568));
#778=CARTESIAN_POINT('Ctrl Pts',(0.112881179518857,-0.024570324705282,0.240423792738715));
#779=CARTESIAN_POINT('Ctrl Pts',(0.0933099119921075,-0.0206963990582084,
0.353039229092864));
#780=CARTESIAN_POINT('Ctrl Pts',(0.0692483138536513,-0.0185516666091266,
0.465059693498232));
#781=CARTESIAN_POINT('Ctrl Pts',(0.0528012503876276,-0.0163713588879472,
0.54890902220626));
#782=CARTESIAN_POINT('Ctrl Pts',(0.0429309057462956,-0.014628609889398,
0.604831775878567));
#783=CARTESIAN_POINT('Ctrl Pts',(0.0278191780574505,-0.0115609680993366,
0.688351213059819));
#784=CARTESIAN_POINT('Ctrl Pts',(0.0131586782600639,-0.00810313854914633,
0.771568829422438));
#785=CARTESIAN_POINT('Ctrl Pts',(0.00301497191089639,-0.00431893733079913,
0.855275419608873));
#786=CARTESIAN_POINT('Ctrl Pts',(-0.0014575869296514,-0.00101943032397694,
0.925562965782284));
#787=CARTESIAN_POINT('Ctrl Pts',(-0.00267740938967134,0.00253524294016287,
0.996173720821899));
#788=CARTESIAN_POINT('Ctrl Pts',(-0.0010506670719823,0.00702008842324039,
1.08123025122663));
#789=CARTESIAN_POINT('Ctrl Pts',(0.00272093496776425,0.0102092846918616,
1.13820999838313));
#790=CARTESIAN_POINT('Ctrl Pts',(0.00707440893980988,0.0127124027245426,
1.1811024));
#791=CARTESIAN_POINT('Ctrl Pts',(0.143783399742242,-0.0339859012579016,
0.));
#792=CARTESIAN_POINT('Ctrl Pts',(0.135690102044614,-0.0314834465034131,
0.0567601138423143));
#793=CARTESIAN_POINT('Ctrl Pts',(0.124983915092341,-0.028579369938622,0.127535464086569));
#794=CARTESIAN_POINT('Ctrl Pts',(0.106493163058961,-0.0244641558962827,
0.240423792738714));
#795=CARTESIAN_POINT('Ctrl Pts',(0.0873492133427538,-0.0205823231997636,
0.353039229092864));
#796=CARTESIAN_POINT('Ctrl Pts',(0.063599533904909,-0.0184860576176052,
0.465059693498232));
#797=CARTESIAN_POINT('Ctrl Pts',(0.0476531895538044,-0.016165177509152,
0.54890902220626));
#798=CARTESIAN_POINT('Ctrl Pts',(0.0382015062244046,-0.0142866465433985,
0.604831775878567));
#799=CARTESIAN_POINT('Ctrl Pts',(0.0239861320978289,-0.0107699281682279,
0.688351213059819));
#800=CARTESIAN_POINT('Ctrl Pts',(0.0104846088608831,-0.00665858464983791,
0.771568829422438));
#801=CARTESIAN_POINT('Ctrl Pts',(0.00149135761687295,-0.00238239594183814,
0.855275419608873));
#802=CARTESIAN_POINT('Ctrl Pts',(-0.0021112236831356,0.00111388410933392,
0.925562965782283));
#803=CARTESIAN_POINT('Ctrl Pts',(-0.00244675397793831,0.00476543500505826,
0.996173720821899));
#804=CARTESIAN_POINT('Ctrl Pts',(0.000241460938933288,0.00926002660729856,
1.08123025122663));
#805=CARTESIAN_POINT('Ctrl Pts',(0.00472582922039076,0.0123673638781535,
1.13820999838313));
#806=CARTESIAN_POINT('Ctrl Pts',(0.00961572893500549,0.0147580242634678,
1.1811024));
#807=CARTESIAN_POINT('Ctrl Pts',(0.136835684663988,-0.0336427552747308,
0.));
#808=CARTESIAN_POINT('Ctrl Pts',(0.128852261136202,-0.031216053228666,0.0567601138423145));
#809=CARTESIAN_POINT('Ctrl Pts',(0.118325451934541,-0.0283753048611347,
0.127535464086568));
#810=CARTESIAN_POINT('Ctrl Pts',(0.10018257281573,-0.0243116914645987,0.240423792738715));
#811=CARTESIAN_POINT('Ctrl Pts',(0.0814873742353729,-0.0204130058624693,
0.353039229092864));
#812=CARTESIAN_POINT('Ctrl Pts',(0.0580106371973047,-0.0183626600381871,
0.465059693498232));
#813=CARTESIAN_POINT('Ctrl Pts',(0.0426080057686887,-0.0158870022886073,
0.54890902220626));
#814=CARTESIAN_POINT('Ctrl Pts',(0.0336191243456618,-0.0138620333698038,
0.604831775878567));
#815=CARTESIAN_POINT('Ctrl Pts',(0.0204861721848473,-0.00985350032840325,
0.688351213059819));
#816=CARTESIAN_POINT('Ctrl Pts',(0.00841846730765022,-0.00502776557062703,
0.771568829422438));
#817=CARTESIAN_POINT('Ctrl Pts',(0.000740972892047528,-0.000232146675197622,
0.855275419608873));
#818=CARTESIAN_POINT('Ctrl Pts',(-0.00198422932815416,0.00344697231277215,
0.925562965782283));
#819=CARTESIAN_POINT('Ctrl Pts',(-0.00149995699154623,0.00715887548787933,
0.996173720821899));
#820=CARTESIAN_POINT('Ctrl Pts',(0.00209850854309998,0.0115967342609584,
1.08123025122663));
#821=CARTESIAN_POINT('Ctrl Pts',(0.00713266610742753,0.0145586235811164,
1.13820999838313));
#822=CARTESIAN_POINT('Ctrl Pts',(0.0124010464856768,0.0167781234794958,
1.1811024));
#823=CARTESIAN_POINT('Ctrl Pts',(0.129958445964808,-0.0332601314683908,
0.));
#824=CARTESIAN_POINT('Ctrl Pts',(0.122084554943231,-0.030908817885793,0.0567601138423143));
#825=CARTESIAN_POINT('Ctrl Pts',(0.111740706350946,-0.0281295325731785,
0.127535464086569));
#826=CARTESIAN_POINT('Ctrl Pts',(0.0939534555822534,-0.0241114276936706,
0.240423792738715));
#827=CARTESIAN_POINT('Ctrl Pts',(0.0757295737489916,-0.0201880233656267,
0.353039229092865));
#828=CARTESIAN_POINT('Ctrl Pts',(0.0524910204622681,-0.0181665417250958,
0.465059693498233));
#829=CARTESIAN_POINT('Ctrl Pts',(0.0376768147699272,-0.01552606075972,0.548909022206261));
#830=CARTESIAN_POINT('Ctrl Pts',(0.0291952344018258,-0.0133502884807433,
0.604831775878568));
#831=CARTESIAN_POINT('Ctrl Pts',(0.0173308243590029,-0.00884096864763653,
0.68835121305982));
#832=CARTESIAN_POINT('Ctrl Pts',(0.00697100200064051,-0.00329173317767179,
0.771568829422439));
#833=CARTESIAN_POINT('Ctrl Pts',(0.000771523579672872,0.00202026069508006,
0.855275419608874));
#834=CARTESIAN_POINT('Ctrl Pts',(-0.00107325864354431,0.0058684507538538,
0.925562965782284));
#835=CARTESIAN_POINT('Ctrl Pts',(0.000160282280715329,0.00961826883842152,
0.9961737208219));
#836=CARTESIAN_POINT('Ctrl Pts',(0.00450895062128856,0.013964135484967,
1.08123025122663));
#837=CARTESIAN_POINT('Ctrl Pts',(0.0099226576665324,0.0167498729458948,
1.13820999838313));
#838=CARTESIAN_POINT('Ctrl Pts',(0.0154053489852988,0.0187710761314114,
1.1811024));
#839=CARTESIAN_POINT('Ctrl Pts',(0.123155492474589,-0.0328371048284442,
0.));
#840=CARTESIAN_POINT('Ctrl Pts',(0.115390347318126,-0.0305612590096423,
0.0567601138423145));
#841=CARTESIAN_POINT('Ctrl Pts',(0.105232725660609,-0.0278419840649247,
0.127535464086569));
#842=CARTESIAN_POINT('Ctrl Pts',(0.0878102817660614,-0.0238621995666794,
0.240423792738715));
#843=CARTESIAN_POINT('Ctrl Pts',(0.0700800156315899,-0.0199069739848191,
0.353039229092864));
#844=CARTESIAN_POINT('Ctrl Pts',(0.0470628391862382,-0.0178802120837769,
0.465059693498233));
#845=CARTESIAN_POINT('Ctrl Pts',(0.0328790573092302,-0.015068290867538,
0.54890902220626));
#846=CARTESIAN_POINT('Ctrl Pts',(0.0249433122568664,-0.0127435235387426,
0.604831775878567));
#847=CARTESIAN_POINT('Ctrl Pts',(0.0144999615600048,-0.00775980128922742,
0.688351213059819));
#848=CARTESIAN_POINT('Ctrl Pts',(0.0060699302624111,-0.00153253882372406,
0.771568829422437));
#849=CARTESIAN_POINT('Ctrl Pts',(0.00147784317851757,0.00426062363585379,
0.855275419608873));
#850=CARTESIAN_POINT('Ctrl Pts',(0.000513143471696732,0.0082645149808606,
0.925562965782283));
#851=CARTESIAN_POINT('Ctrl Pts',(0.00243450538057678,0.0120448818286535,
0.996173720821899));
#852=CARTESIAN_POINT('Ctrl Pts',(0.00739723339999757,0.0162967623479583,
1.08123025122663));
#853=CARTESIAN_POINT('Ctrl Pts',(0.0130470599776037,0.0189105422603869,
1.13820999838313));
#854=CARTESIAN_POINT('Ctrl Pts',(0.0186062665866936,0.0207398291938382,
1.1811024));
#855=CARTESIAN_POINT('Ctrl Pts',(0.11643088039385,-0.032372413269128,0.));
#856=CARTESIAN_POINT('Ctrl Pts',(0.108773076485291,-0.0301729835561028,
0.0567601138423143));
#857=CARTESIAN_POINT('Ctrl Pts',(0.0988045155910877,-0.0275128350024243,
0.127535464086569));
#858=CARTESIAN_POINT('Ctrl Pts',(0.0817577936904508,-0.0235630867167679,
0.240423792738714));
#859=CARTESIAN_POINT('Ctrl Pts',(0.0645432421004751,-0.0195684022720069,
0.353039229092864));
#860=CARTESIAN_POINT('Ctrl Pts',(0.041752379793618,-0.0174884161977509,
0.465059693498233));
#861=CARTESIAN_POINT('Ctrl Pts',(0.0282380630958173,-0.0144984465014887,
0.54890902220626));
#862=CARTESIAN_POINT('Ctrl Pts',(0.0208797897927694,-0.0120292229601575,
0.604831775878567));
#863=CARTESIAN_POINT('Ctrl Pts',(0.0119701024753958,-0.00661750935943719,
0.688351213059819));
#864=CARTESIAN_POINT('Ctrl Pts',(0.0056296421444525,0.000210438716588773,
0.771568829422437));
#865=CARTESIAN_POINT('Ctrl Pts',(0.00273567311961429,0.00643034132658817,
0.855275419608873));
#866=CARTESIAN_POINT('Ctrl Pts',(0.00264756117989429,0.0105761856490036,
0.925562965782282));
#867=CARTESIAN_POINT('Ctrl Pts',(0.0052073467926616,0.0143875678691342,
0.996173720821899));
#868=CARTESIAN_POINT('Ctrl Pts',(0.010678232867072,0.0185613793132959,1.08123025122663));
#869=CARTESIAN_POINT('Ctrl Pts',(0.016454169814031,0.0210264972257839,1.13820999838313));
#870=CARTESIAN_POINT('Ctrl Pts',(0.0219847546077561,0.0226886664326487,
1.1811024));
#871=CARTESIAN_POINT('Ctrl Pts',(0.109788928983869,-0.0318644161651181,
0.));
#872=CARTESIAN_POINT('Ctrl Pts',(0.102236249289748,-0.0297433172614827,
0.0567601138423144));
#873=CARTESIAN_POINT('Ctrl Pts',(0.092459119794865,-0.0271419065002156,
0.127535464086569));
#874=CARTESIAN_POINT('Ctrl Pts',(0.0758009784170095,-0.0232129625908316,
0.240423792738715));
#875=CARTESIAN_POINT('Ctrl Pts',(0.0591247973518257,-0.0191695506714221,
0.353039229092864));
#876=CARTESIAN_POINT('Ctrl Pts',(0.0365865936247164,-0.0169806392531469,
0.465059693498233));
#877=CARTESIAN_POINT('Ctrl Pts',(0.0237794765823828,-0.0138029902829797,
0.54890902220626));
#878=CARTESIAN_POINT('Ctrl Pts',(0.017024854972632,-0.0111929172741575,
0.604831775878567));
#879=CARTESIAN_POINT('Ctrl Pts',(0.00972707153454078,-0.00540147022875135,
0.688351213059819));
#880=CARTESIAN_POINT('Ctrl Pts',(0.00558193183641377,0.00194545666828963,
0.771568829422438));
#881=CARTESIAN_POINT('Ctrl Pts',(0.00444273163308473,0.00853414820796774,
0.855275419608874));
#882=CARTESIAN_POINT('Ctrl Pts',(0.0052244155773149,0.0128069827845759,
0.925562965782283));
#883=CARTESIAN_POINT('Ctrl Pts',(0.00838280771793168,0.0166490727472583,
0.996173720821899));
#884=CARTESIAN_POINT('Ctrl Pts',(0.0142809468436393,0.0207603989004642,
1.08123025122663));
#885=CARTESIAN_POINT('Ctrl Pts',(0.0201008905420941,0.0231003657571976,
1.13820999838313));
#886=CARTESIAN_POINT('Ctrl Pts',(0.0255251636046812,0.0246206582814142,
1.1811024));
#887=CARTESIAN_POINT('Ctrl Pts',(0.103234212132706,-0.031311305730933,0.));
#888=CARTESIAN_POINT('Ctrl Pts',(0.0957834123122649,-0.0292709913987182,
0.0567601138423144));
#889=CARTESIAN_POINT('Ctrl Pts',(0.0861995874327837,-0.0267280601807182,
0.127535464086569));
#890=CARTESIAN_POINT('Ctrl Pts',(0.0699451076542528,-0.0228097993432102,
0.240423792738715));
#891=CARTESIAN_POINT('Ctrl Pts',(0.0538313680169821,-0.018706689927308,
0.353039229092864));
#892=CARTESIAN_POINT('Ctrl Pts',(0.0315934948200588,-0.0163491908572188,
0.465059693498233));
#893=CARTESIAN_POINT('Ctrl Pts',(0.0195318217940896,-0.012971146549252,
0.54890902220626));
#894=CARTESIAN_POINT('Ctrl Pts',(0.0134030898153367,-0.0102221072251348,
0.604831775878567));
#895=CARTESIAN_POINT('Ctrl Pts',(0.00776677358672271,-0.00409523871792143,
0.688351213059819));
#896=CARTESIAN_POINT('Ctrl Pts',(0.00587679818177501,0.00369374261822334,
0.771568829422438));
#897=CARTESIAN_POINT('Ctrl Pts',(0.00651955745541766,0.0105950865619885,
0.855275419608873));
#898=CARTESIAN_POINT('Ctrl Pts',(0.00816067754158834,0.0149785039075326,
0.925562965782283));
#899=CARTESIAN_POINT('Ctrl Pts',(0.0118848380110718,0.0188474963112787,
0.996173720821899));
#900=CARTESIAN_POINT('Ctrl Pts',(0.0181487696210592,0.0229057295544499,
1.08123025122663));
#901=CARTESIAN_POINT('Ctrl Pts',(0.0239528282475039,0.0251381994655951,
1.13820999838313));
#902=CARTESIAN_POINT('Ctrl Pts',(0.0292150763533938,0.0265364934814945,
1.1811024));
#903=CARTESIAN_POINT('Ctrl Pts',(0.0967715519924017,-0.0307113104000657,
0.));
#904=CARTESIAN_POINT('Ctrl Pts',(0.0894181061111733,-0.0287540919886973,
0.0567601138423143));
#905=CARTESIAN_POINT('Ctrl Pts',(0.0800289226720234,-0.0262690605920084,
0.127535464086569));
#906=CARTESIAN_POINT('Ctrl Pts',(0.0641957411120459,-0.0223504992842277,
0.240423792738715));
#907=CARTESIAN_POINT('Ctrl Pts',(0.0486709176116768,-0.0181756881544254,
0.353039229092864));
#908=CARTESIAN_POINT('Ctrl Pts',(0.0268025291974197,-0.0155878814051457,
0.465059693498233));
#909=CARTESIAN_POINT('Ctrl Pts',(0.0155271078385193,-0.0119955140582014,
0.548909022206261));
#910=CARTESIAN_POINT('Ctrl Pts',(0.0100442219248092,-0.00910882378610425,
0.604831775878567));
#911=CARTESIAN_POINT('Ctrl Pts',(0.00609638561423008,-0.00268990545096581,
0.688351213059819));
#912=CARTESIAN_POINT('Ctrl Pts',(0.0064842758309546,0.0054650601241937,
0.771568829422438));
#913=CARTESIAN_POINT('Ctrl Pts',(0.00891153931178369,0.012622779510808,
0.855275419608874));
#914=CARTESIAN_POINT('Ctrl Pts',(0.0113977035446305,0.0170993558447906,
0.925562965782284));
#915=CARTESIAN_POINT('Ctrl Pts',(0.0156586793903486,0.0209897179927957,
0.9961737208219));
#916=CARTESIAN_POINT('Ctrl Pts',(0.0222400278588409,0.0250014793671224,
1.08123025122663));
#917=CARTESIAN_POINT('Ctrl Pts',(0.0279840228053803,0.0271416774181097,
1.13820999838313));
#918=CARTESIAN_POINT('Ctrl Pts',(0.0330443572597429,0.0284356751793919,
1.1811024));
#919=CARTESIAN_POINT('Ctrl Pts',(0.0904060076655303,-0.0300629193284691,
0.));
#920=CARTESIAN_POINT('Ctrl Pts',(0.083143410781706,-0.0281912406822722,
0.0567601138423145));
#921=CARTESIAN_POINT('Ctrl Pts',(0.0739493523447195,-0.0257633247869404,
0.127535464086569));
#922=CARTESIAN_POINT('Ctrl Pts',(0.0585583284307466,-0.0218321707027856,
0.240423792738715));
#923=CARTESIAN_POINT('Ctrl Pts',(0.0436527553833625,-0.0175721464222484,
0.353039229092864));
#924=CARTESIAN_POINT('Ctrl Pts',(0.0222485575412955,-0.0146863019770128,
0.465059693498233));
#925=CARTESIAN_POINT('Ctrl Pts',(0.0118056717425703,-0.0108639094522135,
0.548909022206261));
#926=CARTESIAN_POINT('Ctrl Pts',(0.00698788022272206,-0.0078406383386112,
0.604831775878567));
#927=CARTESIAN_POINT('Ctrl Pts',(0.00473612923795321,-0.00117602783358297,
0.68835121305982));
#928=CARTESIAN_POINT('Ctrl Pts',(0.00739105474317544,0.00726319305730987,
0.771568829422439));
#929=CARTESIAN_POINT('Ctrl Pts',(0.0115820894206163,0.0146166887247435,
0.855275419608874));
#930=CARTESIAN_POINT('Ctrl Pts',(0.0148938513215074,0.0191675614749954,
0.925562965782284));
#931=CARTESIAN_POINT('Ctrl Pts',(0.0196639964411027,0.0230730903003705,
0.9961737208219));
#932=CARTESIAN_POINT('Ctrl Pts',(0.0265228714077753,0.0270450989216814,
1.08123025122663));
#933=CARTESIAN_POINT('Ctrl Pts',(0.0321739689789658,0.0291090259131923,
1.13820999838313));
#934=CARTESIAN_POINT('Ctrl Pts',(0.0370043115688289,0.0303174421885998,
1.1811024));
#935=CARTESIAN_POINT('Ctrl Pts',(0.0841428879238736,-0.0293650104905283,
0.));
#936=CARTESIAN_POINT('Ctrl Pts',(0.076961459358156,-0.0275833198325131,
0.0567601138423143));
#937=CARTESIAN_POINT('Ctrl Pts',(0.0679615339244842,-0.0252126292246851,
0.127535464086569));
#938=CARTESIAN_POINT('Ctrl Pts',(0.0530377942383004,-0.021253927960783,
0.240423792738715));
#939=CARTESIAN_POINT('Ctrl Pts',(0.0387876701444765,-0.0168911644026714,
0.353039229092865));
#940=CARTESIAN_POINT('Ctrl Pts',(0.0179764374828797,-0.0136199905626607,
0.465059693498233));
#941=CARTESIAN_POINT('Ctrl Pts',(0.00842173491017488,-0.00954508974003697,
0.548909022206261));
#942=CARTESIAN_POINT('Ctrl Pts',(0.00428905451303844,-0.00638467632972765,
0.604831775878568));
#943=CARTESIAN_POINT('Ctrl Pts',(0.00372135370431566,0.000472181430223292,
0.68835121305982));
#944=CARTESIAN_POINT('Ctrl Pts',(0.00859672351030718,0.00909939095807218,
0.771568829422439));
#945=CARTESIAN_POINT('Ctrl Pts',(0.0145049893382379,0.0165768962719223,
0.855275419608875));
#946=CARTESIAN_POINT('Ctrl Pts',(0.0186162024645372,0.0211796618410598,
0.925562965782285));
#947=CARTESIAN_POINT('Ctrl Pts',(0.0238671960817966,0.025092536610061,0.996173720821901));
#948=CARTESIAN_POINT('Ctrl Pts',(0.0309696066580689,0.0290318466896783,
1.08123025122663));
#949=CARTESIAN_POINT('Ctrl Pts',(0.0365043784221119,0.0310375491129765,
1.13820999838313));
#950=CARTESIAN_POINT('Ctrl Pts',(0.0410868849701455,0.0321816904230771,
1.1811024));
#951=CARTESIAN_POINT('Ctrl Pts',(0.0779878735824835,-0.0286165297578371,
0.));
#952=CARTESIAN_POINT('Ctrl Pts',(0.0708728569357548,-0.0269338607007878,
0.0567601138423145));
#953=CARTESIAN_POINT('Ctrl Pts',(0.062063539867917,-0.0246229782927137,
0.127535464086569));
#954=CARTESIAN_POINT('Ctrl Pts',(0.047637956722526,-0.0206177682496397,
0.240423792738715));
#955=CARTESIAN_POINT('Ctrl Pts',(0.0340881099711562,-0.0161277088116954,
0.353039229092865));
#956=CARTESIAN_POINT('Ctrl Pts',(0.0140465718524288,-0.0123480637263606,
0.465059693498233));
#957=CARTESIAN_POINT('Ctrl Pts',(0.00545045861542806,-0.00798491689351071,
0.548909022206261));
#958=CARTESIAN_POINT('Ctrl Pts',(0.00202530913639244,-0.00468313346995635,
0.604831775878568));
#959=CARTESIAN_POINT('Ctrl Pts',(0.00310666692047853,0.00230193751591788,
0.68835121305982));
#960=CARTESIAN_POINT('Ctrl Pts',(0.0101122913528428,0.0109977189933063,
0.771568829422438));
#961=CARTESIAN_POINT('Ctrl Pts',(0.0176590404042718,0.0185092220077209,
0.855275419608874));
#962=CARTESIAN_POINT('Ctrl Pts',(0.0225344797907545,0.0231353084719144,
0.925562965782284));
#963=CARTESIAN_POINT('Ctrl Pts',(0.0282356789958139,0.0270442233051309,
0.9961737208219));
#964=CARTESIAN_POINT('Ctrl Pts',(0.0355525315745963,0.0309570339636619,
1.08123025122663));
#965=CARTESIAN_POINT('Ctrl Pts',(0.0409570251959161,0.0329245859361559,
1.13820999838313));
#966=CARTESIAN_POINT('Ctrl Pts',(0.0452845867626351,0.0340288248592834,
1.1811024));
#967=CARTESIAN_POINT('Ctrl Pts',(0.0719471544651959,-0.0278161205085232,
0.));
#968=CARTESIAN_POINT('Ctrl Pts',(0.0648760051578421,-0.0262448206718958,
0.0567601138423144));
#969=CARTESIAN_POINT('Ctrl Pts',(0.0562497269804752,-0.0239980842126418,
0.127535464086569));
#970=CARTESIAN_POINT('Ctrl Pts',(0.0423611686184779,-0.0199243591388082,
0.240423792738715));
#971=CARTESIAN_POINT('Ctrl Pts',(0.0295690690523435,-0.0152771512124307,
0.353039229092864));
#972=CARTESIAN_POINT('Ctrl Pts',(0.0105424065236717,-0.0108396469018834,
0.465059693498233));
#973=CARTESIAN_POINT('Ctrl Pts',(0.00299781356177141,-0.0061426199565823,
0.54890902220626));
#974=CARTESIAN_POINT('Ctrl Pts',(0.000307266815203125,-0.00269239919278965,
0.604831775878567));
#975=CARTESIAN_POINT('Ctrl Pts',(0.00297420198580468,0.00434971698265612,
0.688351213059819));
#976=CARTESIAN_POINT('Ctrl Pts',(0.0119638539962924,0.0129785860352656,
0.771568829422439));
#977=CARTESIAN_POINT('Ctrl Pts',(0.021028145661154,0.020421156741716,0.855275419608875));
#978=CARTESIAN_POINT('Ctrl Pts',(0.0266200208192094,0.0250373413265806,
0.925562965782285));
#979=CARTESIAN_POINT('Ctrl Pts',(0.0327363012616094,0.0289280102045791,
0.996173720821901));
#980=CARTESIAN_POINT('Ctrl Pts',(0.0402425104492537,0.0328190734312218,
1.08123025122663));
#981=CARTESIAN_POINT('Ctrl Pts',(0.0455129764475745,0.0347692382935208,
1.13820999838313));
#982=CARTESIAN_POINT('Ctrl Pts',(0.0495905428945864,0.0358594416613823,
1.1811024));
#983=CARTESIAN_POINT('Ctrl Pts',(0.0660275642187508,-0.026961738317892,
0.));
#984=CARTESIAN_POINT('Ctrl Pts',(0.0589661990641596,-0.0255111255394713,
0.0567601138423144));
#985=CARTESIAN_POINT('Ctrl Pts',(0.0505093588102971,-0.0233307764854022,
0.127535464086569));
#986=CARTESIAN_POINT('Ctrl Pts',(0.0372080054817266,-0.0191672709060214,
0.240423792738715));
#987=CARTESIAN_POINT('Ctrl Pts',(0.0252496282818714,-0.0143354705204062,
0.353039229092865));
#988=CARTESIAN_POINT('Ctrl Pts',(0.00758093203945478,-0.00910730493247769,
0.465059693498234));
#989=CARTESIAN_POINT('Ctrl Pts',(0.00121426038828614,-0.00403687917495477,
0.548909022206261));
#990=CARTESIAN_POINT('Ctrl Pts',(-0.0007068963111599,-0.00043283411017842,
0.604831775878569));
#991=CARTESIAN_POINT('Ctrl Pts',(0.00344514677350817,0.00660034255565924,
0.68835121305982));
#992=CARTESIAN_POINT('Ctrl Pts',(0.0141977640676627,0.0150378689467746,
0.77156882942244));
#993=CARTESIAN_POINT('Ctrl Pts',(0.0246016687322581,0.0223168205369576,
0.855275419608875));
#994=CARTESIAN_POINT('Ctrl Pts',(0.0308445740359358,0.0268920391653055,
0.925562965782285));
#995=CARTESIAN_POINT('Ctrl Pts',(0.0373334406084649,0.0307507047560903,
0.996173720821901));
#996=CARTESIAN_POINT('Ctrl Pts',(0.0450071204182715,0.0346234969205079,
1.08123025122663));
#997=CARTESIAN_POINT('Ctrl Pts',(0.0501515583443696,0.0365746585040107,
1.13820999838313));
#998=CARTESIAN_POINT('Ctrl Pts',(0.0539985341597277,0.0376740147332209,
1.1811024));
#999=CARTESIAN_POINT('Ctrl Pts',(0.060236711403768,-0.0260504033374485,
0.));
#1000=CARTESIAN_POINT('Ctrl Pts',(0.053141068968624,-0.0247195142274182,
0.0567601138423143));
#1001=CARTESIAN_POINT('Ctrl Pts',(0.0448351803399268,-0.0226011098291674,
0.127535464086569));
#1002=CARTESIAN_POINT('Ctrl Pts',(0.0321825205882854,-0.0183307791744305,
0.240423792738715));
#1003=CARTESIAN_POINT('Ctrl Pts',(0.0211515122611544,-0.0132972019850695,
0.353039229092864));
#1004=CARTESIAN_POINT('Ctrl Pts',(0.00527461272955592,-0.00720751411144236,
0.465059693498232));
#1005=CARTESIAN_POINT('Ctrl Pts',(0.000243094553731746,-0.00174760297053856,
0.54890902220626));
#1006=CARTESIAN_POINT('Ctrl Pts',(-0.000866885299001894,0.00200889990122117,
0.604831775878567));
#1007=CARTESIAN_POINT('Ctrl Pts',(0.00463507184688246,0.00898440027905168,
0.688351213059819));
#1008=CARTESIAN_POINT('Ctrl Pts',(0.0168595822554758,0.0171444358470678,
0.771568829422439));
#1009=CARTESIAN_POINT('Ctrl Pts',(0.0283717097027603,0.0241948036753957,
0.855275419608874));
#1010=CARTESIAN_POINT('Ctrl Pts',(0.0351835054501281,0.0287071759199229,
0.925562965782285));
#1011=CARTESIAN_POINT('Ctrl Pts',(0.0419952283665386,0.0325244859099962,
0.9961737208219));
#1012=CARTESIAN_POINT('Ctrl Pts',(0.0498170032424741,0.0363819085479602,
1.08123025122663));
#1013=CARTESIAN_POINT('Ctrl Pts',(0.0548540159313727,0.0383474632809494,
1.13820999838313));
#1014=CARTESIAN_POINT('Ctrl Pts',(0.0585029969720157,0.0394727005727074,
1.1811024));
#1015=CARTESIAN_POINT('Ctrl Pts',(0.0545830710551226,-0.0250786754116189,
0.));
#1016=CARTESIAN_POINT('Ctrl Pts',(0.0474120857654694,-0.0238515717571644,
0.0567601138423144));
#1017=CARTESIAN_POINT('Ctrl Pts',(0.0392416994698185,-0.0217808108983888,
0.127535464086569));
#1018=CARTESIAN_POINT('Ctrl Pts',(0.0273029068592557,-0.0173921972954202,
0.240423792738715));
#1019=CARTESIAN_POINT('Ctrl Pts',(0.0172950890144554,-0.0121540553058222,
0.353039229092865));
#1020=CARTESIAN_POINT('Ctrl Pts',(0.0036470722555519,-0.00521986619963428,
0.465059693498233));
#1021=CARTESIAN_POINT('Ctrl Pts',(0.000106397665013878,0.000612087040807921,
0.548909022206261));
#1022=CARTESIAN_POINT('Ctrl Pts',(-0.000152568674749633,0.00450987418984186,
0.604831775878568));
#1023=CARTESIAN_POINT('Ctrl Pts',(0.0065555869381268,0.0114025651527999,
0.68835121305982));
#1024=CARTESIAN_POINT('Ctrl Pts',(0.0199477403505922,0.0192520403467593,
0.771568829422439));
#1025=CARTESIAN_POINT('Ctrl Pts',(0.0323273464903234,0.0260502678027593,
0.855275419608875));
#1026=CARTESIAN_POINT('Ctrl Pts',(0.0396230712486076,0.0304909345603081,
0.925562965782285));
#1027=CARTESIAN_POINT('Ctrl Pts',(0.0467074734575037,0.034264104624272,
0.996173720821901));
#1028=CARTESIAN_POINT('Ctrl Pts',(0.0546599485724558,0.0381089806550597,
1.08123025122663));
#1029=CARTESIAN_POINT('Ctrl Pts',(0.0596115521233394,0.0400960287432134,
1.13820999838313));
#1030=CARTESIAN_POINT('Ctrl Pts',(0.0630989033013712,0.0412554648786235,
1.1811024));
#1031=CARTESIAN_POINT('Ctrl Pts',(0.0490760850838066,-0.0240431641936441,
0.));
#1032=CARTESIAN_POINT('Ctrl Pts',(0.0418057226849149,-0.0228885017978125,
0.0567601138423144));
#1033=CARTESIAN_POINT('Ctrl Pts',(0.033767007701548,-0.0208408621006862,
0.127535464086569));
#1034=CARTESIAN_POINT('Ctrl Pts',(0.0226028626312902,-0.0163279061878781,
0.240423792738715));
#1035=CARTESIAN_POINT('Ctrl Pts',(0.0136996191228833,-0.01089679845871,
0.353039229092865));
#1036=CARTESIAN_POINT('Ctrl Pts',(0.00262690821000547,-0.00322404979585433,
0.465059693498233));
#1037=CARTESIAN_POINT('Ctrl Pts',(0.000696373624666738,0.00292843536115033,
0.548909022206261));
#1038=CARTESIAN_POINT('Ctrl Pts',(0.001316619698991,0.00694630291409626,
0.604831775878567));
#1039=CARTESIAN_POINT('Ctrl Pts',(0.00910657141430981,0.0137545808110034,
0.688351213059819));
#1040=CARTESIAN_POINT('Ctrl Pts',(0.0234095492039561,0.0213135664051636,
0.771568829422439));
#1041=CARTESIAN_POINT('Ctrl Pts',(0.0364536114874776,0.0278776551371897,
0.855275419608875));
#1042=CARTESIAN_POINT('Ctrl Pts',(0.0441603872762535,0.0322508533346508,
0.925562965782285));
#1043=CARTESIAN_POINT('Ctrl Pts',(0.0514741967266264,0.0359837952680135,
0.996173720821901));
#1044=CARTESIAN_POINT('Ctrl Pts',(0.0595415762202418,0.0398190440108765,
1.08123025122664));
#1045=CARTESIAN_POINT('Ctrl Pts',(0.0644256950230175,0.0418285379654651,
1.13820999838313));
#1046=CARTESIAN_POINT('Ctrl Pts',(0.067781644419783,0.0430222058844618,
1.1811024));
#1047=CARTESIAN_POINT('Ctrl Pts',(0.0437262327741783,-0.022941159308498,
0.));
#1048=CARTESIAN_POINT('Ctrl Pts',(0.0363535571430112,-0.0218185072159702,
0.0567601138423144));
#1049=CARTESIAN_POINT('Ctrl Pts',(0.0284570918160471,-0.0197632672406119,
0.127535464086569));
#1050=CARTESIAN_POINT('Ctrl Pts',(0.0181229345236538,-0.0151223792383664,
0.240423792738715));
#1051=CARTESIAN_POINT('Ctrl Pts',(0.0103878313321304,-0.00951762242693971,
0.353039229092864));
#1052=CARTESIAN_POINT('Ctrl Pts',(0.00212404736045813,-0.00126189366839418,
0.465059693498233));
#1053=CARTESIAN_POINT('Ctrl Pts',(0.00187809014723122,0.005140399795298,
0.54890902220626));
#1054=CARTESIAN_POINT('Ctrl Pts',(0.00339162834413467,0.00925138419916875,
0.604831775878567));
#1055=CARTESIAN_POINT('Ctrl Pts',(0.012164212627486,0.0159862560834491,
0.688351213059819));
#1056=CARTESIAN_POINT('Ctrl Pts',(0.0271819619312043,0.0233037228078469,
0.771568829422439));
#1057=CARTESIAN_POINT('Ctrl Pts',(0.0407355034900142,0.0296742608035406,
0.855275419608874));
#1058=CARTESIAN_POINT('Ctrl Pts',(0.048795693252512,0.0339912787930228,
0.925562965782285));
#1059=CARTESIAN_POINT('Ctrl Pts',(0.0563040289406461,0.0376914806804869,
0.9961737208219));
#1060=CARTESIAN_POINT('Ctrl Pts',(0.0644718590279269,0.0415199992920126,
1.08123025122663));
#1061=CARTESIAN_POINT('Ctrl Pts',(0.0693005472780638,0.0435495006044821,
1.13820999838313));
#1062=CARTESIAN_POINT('Ctrl Pts',(0.0725469047318926,0.0447728943007728,
1.1811024));
#1063=CARTESIAN_POINT('Ctrl Pts',(0.0385452711787413,-0.0217704659147773,
0.));
#1064=CARTESIAN_POINT('Ctrl Pts',(0.0310877298451562,-0.0206382702121445,
0.0567601138423144));
#1065=CARTESIAN_POINT('Ctrl Pts',(0.0233586668979084,-0.0185435748858646,
0.127535464086569));
#1066=CARTESIAN_POINT('Ctrl Pts',(0.0139073940200751,-0.0137698552280474,
0.240423792738715));
#1067=CARTESIAN_POINT('Ctrl Pts',(0.00738999262354446,-0.00800989985606069,
0.353039229092865));
#1068=CARTESIAN_POINT('Ctrl Pts',(0.00207105304976956,0.000673592677844811,
0.465059693498233));
#1069=CARTESIAN_POINT('Ctrl Pts',(0.00354431363521467,0.00725460750815118,
0.548909022206261));
#1070=CARTESIAN_POINT('Ctrl Pts',(0.00595224235813394,0.0114313820572106,
0.604831775878568));
#1071=CARTESIAN_POINT('Ctrl Pts',(0.0156277612712171,0.0181024944578491,
0.68835121305982));
#1072=CARTESIAN_POINT('Ctrl Pts',(0.0312132081745986,0.0252252786772213,
0.771568829422439));
#1073=CARTESIAN_POINT('Ctrl Pts',(0.0451601861045814,0.0314412116174394,
0.855275419608875));
#1074=CARTESIAN_POINT('Ctrl Pts',(0.0535282755960477,0.0357126256815131,
0.925562965782285));
#1075=CARTESIAN_POINT('Ctrl Pts',(0.0612030136324009,0.0393871472969561,
0.996173720821901));
#1076=CARTESIAN_POINT('Ctrl Pts',(0.0694579677300447,0.0432116220981173,
1.08123025122664));
#1077=CARTESIAN_POINT('Ctrl Pts',(0.0742386620365657,0.0452588040871171,
1.13820999838313));
#1078=CARTESIAN_POINT('Ctrl Pts',(0.0773905770914767,0.0465076465735887,
1.1811024));
#1079=CARTESIAN_POINT('Ctrl Pts',(0.0335467699548654,-0.0205277340783735,
0.));
#1080=CARTESIAN_POINT('Ctrl Pts',(0.0260437279272346,-0.0193431257628742,
0.0567601138423144));
#1081=CARTESIAN_POINT('Ctrl Pts',(0.0185239546005755,-0.0171750951714293,
0.127535464086569));
#1082=CARTESIAN_POINT('Ctrl Pts',(0.0100103703022031,-0.0122591092063339,
0.240423792738715));
#1083=CARTESIAN_POINT('Ctrl Pts',(0.00475024813768924,-0.00635802857781098,
0.353039229092865));
#1084=CARTESIAN_POINT('Ctrl Pts',(0.00242479533559107,0.00261032123863236,
0.465059693498233));
#1085=CARTESIAN_POINT('Ctrl Pts',(0.00561488906257194,0.00930232568838029,
0.548909022206261));
#1086=CARTESIAN_POINT('Ctrl Pts',(0.00890554071571865,0.0135178734004352,
0.604831775878568));
#1087=CARTESIAN_POINT('Ctrl Pts',(0.019417859779461,0.0201281565256083,
0.68835121305982));
#1088=CARTESIAN_POINT('Ctrl Pts',(0.0354619277605019,0.027090486901401,
0.77156882942244));
#1089=CARTESIAN_POINT('Ctrl Pts',(0.0497167560338793,0.0331810381420419,
0.855275419608875));
#1090=CARTESIAN_POINT('Ctrl Pts',(0.0583563702524558,0.0374139567570506,
0.925562965782285));
#1091=CARTESIAN_POINT('Ctrl Pts',(0.0661746046452575,0.0410680332777477,
0.996173720821901));
#1092=CARTESIAN_POINT('Ctrl Pts',(0.0745043231268427,0.0448908635833543,
1.08123025122663));
#1093=CARTESIAN_POINT('Ctrl Pts',(0.0792410849450635,0.0469547363900114,
1.13820999838313));
#1094=CARTESIAN_POINT('Ctrl Pts',(0.0823087697473813,0.048226648333099,
1.1811024));
#1095=CARTESIAN_POINT('Ctrl Pts',(0.0287466596470222,-0.0192068643217378,
0.));
#1096=CARTESIAN_POINT('Ctrl Pts',(0.0212636429111996,-0.0179161213815001,
0.0567601138423145));
#1097=CARTESIAN_POINT('Ctrl Pts',(0.0140163087836912,-0.0156307364326011,
0.127535464086569));
#1098=CARTESIAN_POINT('Ctrl Pts',(0.00650313651447105,-0.0105540907088574,
0.240423792738715));
#1099=CARTESIAN_POINT('Ctrl Pts',(0.00253438458806121,-0.00452176439575297,
0.353039229092865));
#1100=CARTESIAN_POINT('Ctrl Pts',(0.00316898879123464,0.00457645450955638,
0.465059693498233));
#1101=CARTESIAN_POINT('Ctrl Pts',(0.00803662456320148,0.0113038196949948,
0.548909022206261));
#1102=CARTESIAN_POINT('Ctrl Pts',(0.0121846946802166,0.0155272007800465,
0.604831775878568));
#1103=CARTESIAN_POINT('Ctrl Pts',(0.0234751259897524,0.0220744607743122,
0.68835121305982));
#1104=CARTESIAN_POINT('Ctrl Pts',(0.0398963821358957,0.0289051423911773,
0.771568829422439));
#1105=CARTESIAN_POINT('Ctrl Pts',(0.0543960963862699,0.0348956852267671,
0.855275419608874));
#1106=CARTESIAN_POINT('Ctrl Pts',(0.0632770774702097,0.0390951865851145,
0.925562965782284));
#1107=CARTESIAN_POINT('Ctrl Pts',(0.0712196657253835,0.0427330366803173,
0.9961737208219));
#1108=CARTESIAN_POINT('Ctrl Pts',(0.0796126289319677,0.0465563328769226,
1.08123025122663));
#1109=CARTESIAN_POINT('Ctrl Pts',(0.0843073858840503,0.0486365378127824,
1.13820999838313));
#1110=CARTESIAN_POINT('Ctrl Pts',(0.0872978161814962,0.049930077265015,
1.1811024));
#1111=CARTESIAN_POINT('Ctrl Pts',(0.0249275733735301,-0.0180323766217087,
0.));
#1112=CARTESIAN_POINT('Ctrl Pts',(0.0175437470714746,-0.0165931205100427,
0.0567601138423143));
#1113=CARTESIAN_POINT('Ctrl Pts',(0.0105997182046599,-0.0141595625391422,
0.127535464086569));
#1114=CARTESIAN_POINT('Ctrl Pts',(0.00398506991842853,-0.00892393842704727,
0.240423792738715));
#1115=CARTESIAN_POINT('Ctrl Pts',(0.00111973131148778,-0.00278780572064255,
0.353039229092865));
#1116=CARTESIAN_POINT('Ctrl Pts',(0.00412166182122789,0.00626121700808476,
0.465059693498234));
#1117=CARTESIAN_POINT('Ctrl Pts',(0.0103205489938916,0.01294020186853,0.548909022206261));
#1118=CARTESIAN_POINT('Ctrl Pts',(0.0151487739759077,0.0171379942595317,
0.604831775878568));
#1119=CARTESIAN_POINT('Ctrl Pts',(0.0270406706554989,0.0236281554953821,
0.68835121305982));
#1120=CARTESIAN_POINT('Ctrl Pts',(0.043725536202488,0.0303744760175993,
0.77156882942244));
#1121=CARTESIAN_POINT('Ctrl Pts',(0.0583913758127079,0.0363044281263875,
0.855275419608875));
#1122=CARTESIAN_POINT('Ctrl Pts',(0.0674517261585134,0.0404798669268929,
0.925562965782285));
#1123=CARTESIAN_POINT('Ctrl Pts',(0.0754842598323239,0.0441075803187183,
0.996173720821901));
#1124=CARTESIAN_POINT('Ctrl Pts',(0.0839209593199355,0.0479328359532884,
1.08123025122663));
#1125=CARTESIAN_POINT('Ctrl Pts',(0.0885813168843721,0.0500263251366007,
1.13820999838313));
#1126=CARTESIAN_POINT('Ctrl Pts',(0.0915115384237235,0.0513366961781556,
1.1811024));
#1127=CARTESIAN_POINT('Ctrl Pts',(0.0219923438539942,-0.0170424119717168,
0.));
#1128=CARTESIAN_POINT('Ctrl Pts',(0.0147604279406727,-0.0154457097849687,
0.0567601138423145));
#1129=CARTESIAN_POINT('Ctrl Pts',(0.00812488252135124,-0.0128613683508865,
0.127535464086569));
#1130=CARTESIAN_POINT('Ctrl Pts',(0.00228033213835372,-0.00748246042516975,
0.240423792738715));
#1131=CARTESIAN_POINT('Ctrl Pts',(0.000315417270931324,-0.00126690626333527,
0.353039229092865));
#1132=CARTESIAN_POINT('Ctrl Pts',(0.00509993687401143,0.00764164283453141,
0.465059693498233));
#1133=CARTESIAN_POINT('Ctrl Pts',(0.0122983734061677,0.0142317442492022,
0.548909022206261));
#1134=CARTESIAN_POINT('Ctrl Pts',(0.0176398226300517,0.0183882872704113,
0.604831775878568));
#1135=CARTESIAN_POINT('Ctrl Pts',(0.0299838101607051,0.0248294148250065,
0.68835121305982));
#1136=CARTESIAN_POINT('Ctrl Pts',(0.0468579316957458,0.0315239773485621,
0.771568829422439));
#1137=CARTESIAN_POINT('Ctrl Pts',(0.0616417138326659,0.0374195894079406,
0.855275419608875));
#1138=CARTESIAN_POINT('Ctrl Pts',(0.0708338394495893,0.0415779699150109,
0.925562965782285));
#1139=CARTESIAN_POINT('Ctrl Pts',(0.0789311979290905,0.0451995697661165,
0.9961737208219));
#1140=CARTESIAN_POINT('Ctrl Pts',(0.0873978447485293,0.0490272624780433,
1.08123025122663));
#1141=CARTESIAN_POINT('Ctrl Pts',(0.0920307056518905,0.0511311372756796,
1.13820999838313));
#1142=CARTESIAN_POINT('Ctrl Pts',(0.094914631112498,0.0524542166841818,
1.1811024));
#1143=CARTESIAN_POINT('Ctrl Pts',(0.0191417611997439,-0.0160170350554461,
0.));
#1144=CARTESIAN_POINT('Ctrl Pts',(0.012120016023534,-0.0142406778452884,
0.0567601138423143));
#1145=CARTESIAN_POINT('Ctrl Pts',(0.00584536157065309,-0.0114870227424849,
0.127535464086569));
#1146=CARTESIAN_POINT('Ctrl Pts',(0.000810719727372609,-0.0059566564861722,
0.240423792738715));
#1147=CARTESIAN_POINT('Ctrl Pts',(-0.000241002846386026,0.000334811887087417,
0.353039229092865));
#1148=CARTESIAN_POINT('Ctrl Pts',(0.00623109803586587,0.00904097465558337,
0.465059693498233));
#1149=CARTESIAN_POINT('Ctrl Pts',(0.0143750104155802,0.0155115738563864,
0.548909022206261));
#1150=CARTESIAN_POINT('Ctrl Pts',(0.0202048105096991,0.0196141491003323,
0.604831775878568));
#1151=CARTESIAN_POINT('Ctrl Pts',(0.0329807409987447,0.0260042384310015,
0.68835121305982));
#1152=CARTESIAN_POINT('Ctrl Pts',(0.0500326677147189,0.0326568398990949,
0.771568829422439));
#1153=CARTESIAN_POINT('Ctrl Pts',(0.0649270964171935,0.0385269347188983,
0.855275419608875));
#1154=CARTESIAN_POINT('Ctrl Pts',(0.0742435336953291,0.0426696610495485,
0.925562965782285));
#1155=CARTESIAN_POINT('Ctrl Pts',(0.0824012880381062,0.0462864165110664,
0.996173720821901));
#1156=CARTESIAN_POINT('Ctrl Pts',(0.090894623530619,0.050117107832385,1.08123025122663));
#1157=CARTESIAN_POINT('Ctrl Pts',(0.09549992279875,0.0522312169200141,1.13820999838313));
#1158=CARTESIAN_POINT('Ctrl Pts',(0.0983386305961517,0.0535665301500182,
1.1811024));
#1159=CARTESIAN_POINT('Ctrl Pts',(0.0157460942171589,-0.0146657141114458,
0.));
#1160=CARTESIAN_POINT('Ctrl Pts',(0.0091150469943849,-0.0126311650949754,
0.0567601138423144));
#1161=CARTESIAN_POINT('Ctrl Pts',(0.00340661132204936,-0.00963898671005441,
0.127535464086569));
#1162=CARTESIAN_POINT('Ctrl Pts',(-0.000530277680023099,-0.00390975395665564,
0.240423792738715));
#1163=CARTESIAN_POINT('Ctrl Pts',(-0.000414778402957753,0.00246790268297765,
0.353039229092865));
#1164=CARTESIAN_POINT('Ctrl Pts',(0.00794895077988792,0.0108183280126583,
0.465059693498233));
#1165=CARTESIAN_POINT('Ctrl Pts',(0.0171534711995142,0.0170888430512061,
0.548909022206261));
#1166=CARTESIAN_POINT('Ctrl Pts',(0.02353892111443,0.0211028385192506,0.604831775878568));
#1167=CARTESIAN_POINT('Ctrl Pts',(0.0368154709429795,0.0274260295243933,
0.68835121305982));
#1168=CARTESIAN_POINT('Ctrl Pts',(0.054073585491606,0.0340432016535904,
0.771568829422439));
#1169=CARTESIAN_POINT('Ctrl Pts',(0.06909767965415,0.0398965292758404,0.855275419608875));
#1170=CARTESIAN_POINT('Ctrl Pts',(0.0785561282013831,0.0440222275527891,
0.925562965782285));
#1171=CARTESIAN_POINT('Ctrl Pts',(0.0867816761427943,0.047635171688572,
0.996173720821901));
#1172=CARTESIAN_POINT('Ctrl Pts',(0.0953024386893586,0.0514706470207834,
1.08123025122663));
#1173=CARTESIAN_POINT('Ctrl Pts',(0.0998730019177398,0.0535973171294196,
1.13820999838313));
#1174=CARTESIAN_POINT('Ctrl Pts',(0.10265689507459,0.0549471120053911,1.1811024));
#1175=CARTESIAN_POINT('Ctrl Pts',(0.0119740242910004,-0.0129269096304553,
0.));
#1176=CARTESIAN_POINT('Ctrl Pts',(0.00605811629982131,-0.0105729821082966,
0.0567601138423144));
#1177=CARTESIAN_POINT('Ctrl Pts',(0.00124795149545667,-0.00729124964526854,
0.127535464086569));
#1178=CARTESIAN_POINT('Ctrl Pts',(-0.00121385851905071,-0.00133835135520153,
0.240423792738715));
#1179=CARTESIAN_POINT('Ctrl Pts',(0.000344573299063347,0.00511814483774917,
0.353039229092865));
#1180=CARTESIAN_POINT('Ctrl Pts',(0.0105344148668259,0.0129533761178921,
0.465059693498233));
#1181=CARTESIAN_POINT('Ctrl Pts',(0.0207700880183754,0.0189415557178933,
0.548909022206261));
#1182=CARTESIAN_POINT('Ctrl Pts',(0.0277150888860256,0.0228313768214499,
0.604831775878568));
#1183=CARTESIAN_POINT('Ctrl Pts',(0.0415262186433024,0.0290734293026216,
0.68835121305982));
#1184=CARTESIAN_POINT('Ctrl Pts',(0.0590203424920842,0.0356672313245374,
0.771568829422439));
#1185=CARTESIAN_POINT('Ctrl Pts',(0.0741989510020792,0.0415169269658852,
0.855275419608875));
#1186=CARTESIAN_POINT('Ctrl Pts',(0.0838081965997231,0.0456258689731059,
0.925562965782285));
#1187=CARTESIAN_POINT('Ctrl Pts',(0.0921043840279531,0.0492372119700731,
0.996173720821901));
#1188=CARTESIAN_POINT('Ctrl Pts',(0.10064910298156,0.0530800615961779,1.08123025122663));
#1189=CARTESIAN_POINT('Ctrl Pts',(0.105177146440473,0.0552216817728145,
1.13820999838313));
#1190=CARTESIAN_POINT('Ctrl Pts',(0.107897173721254,0.0565879754476782,
1.1811024));
#1191=CARTESIAN_POINT('Ctrl Pts',(0.00912050571340264,-0.0113740695917272,
0.));
#1192=CARTESIAN_POINT('Ctrl Pts',(0.00398607835414606,-0.00879055631620172,
0.0567601138423144));
#1193=CARTESIAN_POINT('Ctrl Pts',(8.87703604499978E-5,-0.00530518395449801,
0.127535464086569));
#1194=CARTESIAN_POINT('Ctrl Pts',(-0.00103266008869453,0.000790864344341738,
0.240423792738715));
#1195=CARTESIAN_POINT('Ctrl Pts',(0.00175012515039943,0.00728173312804808,
0.353039229092865));
#1196=CARTESIAN_POINT('Ctrl Pts',(0.0131017044855366,0.0146899774579408,
0.465059693498233));
#1197=CARTESIAN_POINT('Ctrl Pts',(0.0240019640655354,0.0204465165672245,
0.548909022206261));
#1198=CARTESIAN_POINT('Ctrl Pts',(0.0313266459117153,0.024233907467272,
0.604831775878568));
#1199=CARTESIAN_POINT('Ctrl Pts',(0.045531374405604,0.0304120765621057,
0.68835121305982));
#1200=CARTESIAN_POINT('Ctrl Pts',(0.0632167211112619,0.036994963561043,
0.771568829422439));
#1201=CARTESIAN_POINT('Ctrl Pts',(0.0785261971302086,0.0428480769795143,
0.855275419608875));
#1202=CARTESIAN_POINT('Ctrl Pts',(0.0882463189982848,0.0469459130271294,
0.925562965782285));
#1203=CARTESIAN_POINT('Ctrl Pts',(0.0965933223007455,0.0505578766252423,
0.996173720821901));
#1204=CARTESIAN_POINT('Ctrl Pts',(0.105150942073483,0.0544082542937251,
1.08123025122663));
#1205=CARTESIAN_POINT('Ctrl Pts',(0.109642542768253,0.0565624516222153,
1.13820999838313));
#1206=CARTESIAN_POINT('Ctrl Pts',(0.112310394664819,0.0579421171107484,
1.1811024));
#1207=CARTESIAN_POINT('Ctrl Pts',(0.00730341252338623,-0.0102214001518365,
0.));
#1208=CARTESIAN_POINT('Ctrl Pts',(0.00278102762309616,-0.00751753187769539,
0.0567601138423144));
#1209=CARTESIAN_POINT('Ctrl Pts',(-0.000422203364904753,-0.00392873064680543,
0.127535464086569));
#1210=CARTESIAN_POINT('Ctrl Pts',(-0.000573761781552823,0.00222912372169737,
0.240423792738715));
#1211=CARTESIAN_POINT('Ctrl Pts',(0.00306429175349056,0.00872093654217516,
0.353039229092865));
#1212=CARTESIAN_POINT('Ctrl Pts',(0.015080703494185,0.0158637841811613,
0.465059693498233));
#1213=CARTESIAN_POINT('Ctrl Pts',(0.0263655875554109,0.0214767298625657,
0.548909022206261));
#1214=CARTESIAN_POINT('Ctrl Pts',(0.033919495863352,0.0251997345336669,
0.604831775878568));
#1215=CARTESIAN_POINT('Ctrl Pts',(0.0483765947102113,0.031337061706231,
0.68835121305982));
#1216=CARTESIAN_POINT('Ctrl Pts',(0.0661923547707383,0.0379138654663985,
0.771568829422439));
#1217=CARTESIAN_POINT('Ctrl Pts',(0.0815930972775889,0.0437698509599692,
0.855275419608875));
#1218=CARTESIAN_POINT('Ctrl Pts',(0.0913839376107641,0.0478613873589016,
0.925562965782285));
#1219=CARTESIAN_POINT('Ctrl Pts',(0.0997625475403236,0.0514746307225675,
0.996173720821901));
#1220=CARTESIAN_POINT('Ctrl Pts',(0.108325693153265,0.0553310271917399,
1.08123025122663));
#1221=CARTESIAN_POINT('Ctrl Pts',(0.112791118806285,0.0574941656903593,
1.13820999838313));
#1222=CARTESIAN_POINT('Ctrl Pts',(0.115422772916666,0.0588831174601964,
1.1811024));
#1223=CARTESIAN_POINT('Ctrl Pts',(0.00632188132592025,-0.00954087904418602,
0.));
#1224=CARTESIAN_POINT('Ctrl Pts',(0.00216254275973931,-0.00678180014113617,
0.0567601138423144));
#1225=CARTESIAN_POINT('Ctrl Pts',(-0.000633116235594617,-0.00314703044028812,
0.127535464086569));
#1226=CARTESIAN_POINT('Ctrl Pts',(-0.00022582911743332,0.00303338038023329,
0.240423792738715));
#1227=CARTESIAN_POINT('Ctrl Pts',(0.00389819119725425,0.00951817436609593,
0.353039229092865));
#1228=CARTESIAN_POINT('Ctrl Pts',(0.016258440830139,0.0165212047124254,
0.465059693498233));
#1229=CARTESIAN_POINT('Ctrl Pts',(0.0277434580131087,0.0220585629955101,
0.548909022206261));
#1230=CARTESIAN_POINT('Ctrl Pts',(0.0354192783200225,0.0257473179340405,
0.604831775878568));
#1231=CARTESIAN_POINT('Ctrl Pts',(0.0500145359430134,0.03186252806338,0.68835121305982));
#1232=CARTESIAN_POINT('Ctrl Pts',(0.0679036296100806,0.0384361395869092,
0.77156882942244));
#1233=CARTESIAN_POINT('Ctrl Pts',(0.083356139668125,0.0442937157230154,
0.855275419608875));
#1234=CARTESIAN_POINT('Ctrl Pts',(0.0931855246365005,0.0483820752830322,
0.925562965782285));
#1235=CARTESIAN_POINT('Ctrl Pts',(0.101581087898926,0.0519962806696802,
0.996173720821901));
#1236=CARTESIAN_POINT('Ctrl Pts',(0.110146413202651,0.0558563354476065,
1.08123025122664));
#1237=CARTESIAN_POINT('Ctrl Pts',(0.114596674511851,0.0580246304580705,
1.13820999838313));
#1238=CARTESIAN_POINT('Ctrl Pts',(0.117207712085289,0.0594188777898462,
1.1811024));
#1239=CARTESIAN_POINT('Ctrl Pts',(0.00490926780943372,-0.0084967753942697,
0.));
#1240=CARTESIAN_POINT('Ctrl Pts',(0.00130539575128886,-0.00566909575486332,
0.0567601138423144));
#1241=CARTESIAN_POINT('Ctrl Pts',(-0.000870397427561949,-0.00197925790893237,
0.127535464086569));
#1242=CARTESIAN_POINT('Ctrl Pts',(0.000377709992173432,0.00422159962172282,
0.240423792738715));
#1243=CARTESIAN_POINT('Ctrl Pts',(0.0052268368861487,0.010687931658744,
0.353039229092865));
#1244=CARTESIAN_POINT('Ctrl Pts',(0.0180695836625272,0.0174936684163917,
0.465059693498233));
#1245=CARTESIAN_POINT('Ctrl Pts',(0.0298366280907028,0.022924410758798,
0.548909022206261));
#1246=CARTESIAN_POINT('Ctrl Pts',(0.0376868432351727,0.026564444203025,
0.604831775878568));
#1247=CARTESIAN_POINT('Ctrl Pts',(0.0524835473366585,0.0326477184157631,
0.68835121305982));
#1248=CARTESIAN_POINT('Ctrl Pts',(0.0704814200526142,0.039216792837391,
0.771568829422439));
#1249=CARTESIAN_POINT('Ctrl Pts',(0.0860110839663207,0.0450766498269262,
0.855275419608875));
#1250=CARTESIAN_POINT('Ctrl Pts',(0.0958964746230502,0.0491606664108816,
0.925562965782285));
#1251=CARTESIAN_POINT('Ctrl Pts',(0.104316373904133,0.052776541610419,0.996173720821901));
#1252=CARTESIAN_POINT('Ctrl Pts',(0.112884004363155,0.0566423054765793,
1.08123025122664));
#1253=CARTESIAN_POINT('Ctrl Pts',(0.117311305864506,0.0588183878678412,
1.13820999838313));
#1254=CARTESIAN_POINT('Ctrl Pts',(0.119891474462133,0.0602205727273543,
1.1811024));
#1255=CARTESIAN_POINT('Ctrl Pts',(0.0030252884350944,-0.00683696667343821,
0.));
#1256=CARTESIAN_POINT('Ctrl Pts',(0.000285701186371369,-0.00396316879700805,
0.0567601138423144));
#1257=CARTESIAN_POINT('Ctrl Pts',(-0.000937424223523241,-0.000245423072986246,
0.127535464086569));
#1258=CARTESIAN_POINT('Ctrl Pts',(0.00157323158273394,0.00593280188701845,
0.240423792738715));
#1259=CARTESIAN_POINT('Ctrl Pts',(0.00749117177184522,0.0123398048990612,
0.353039229092865));
#1260=CARTESIAN_POINT('Ctrl Pts',(0.0209442500128078,0.0188994254626145,
0.465059693498233));
#1261=CARTESIAN_POINT('Ctrl Pts',(0.0330722659357466,0.0241973542999589,
0.548909022206261));
#1262=CARTESIAN_POINT('Ctrl Pts',(0.0411547459159977,0.0277748932925504,
0.604831775878568));
#1263=CARTESIAN_POINT('Ctrl Pts',(0.0562328840146372,0.0338149938345346,
0.68835121305982));
#1264=CARTESIAN_POINT('Ctrl Pts',(0.0743889133463997,0.0403777774504776,
0.77156882942244));
#1265=CARTESIAN_POINT('Ctrl Pts',(0.0900319377250839,0.0462403716056196,
0.855275419608875));
#1266=CARTESIAN_POINT('Ctrl Pts',(0.0999947213890315,0.0503194312332905,
0.925562965782285));
#1267=CARTESIAN_POINT('Ctrl Pts',(0.108447067392224,0.0539386423011436,
0.996173720821901));
#1268=CARTESIAN_POINT('Ctrl Pts',(0.117014575366552,0.0578137999761817,
1.08123025122663));
#1269=CARTESIAN_POINT('Ctrl Pts',(0.121406599166049,0.0600017651244546,
1.13820999838313));
#1270=CARTESIAN_POINT('Ctrl Pts',(0.123940626760089,0.0614158539701192,
1.1811024));
#1271=CARTESIAN_POINT('Ctrl Pts',(0.00113446703000007,-0.00438700930755521,
0.));
#1272=CARTESIAN_POINT('Ctrl Pts',(-0.000463757276871553,-0.00157327453644167,
0.0567601138423145));
#1273=CARTESIAN_POINT('Ctrl Pts',(-0.000441603641523845,0.0020627586309902,
0.127535464086569));
#1274=CARTESIAN_POINT('Ctrl Pts',(0.00368529222380754,0.00809219857824097,
0.240423792738715));
#1275=CARTESIAN_POINT('Ctrl Pts',(0.0109486364076817,0.0143467656112682,
0.353039229092864));
#1276=CARTESIAN_POINT('Ctrl Pts',(0.0250507073555685,0.0206709728980555,
0.465059693498233));
#1277=CARTESIAN_POINT('Ctrl Pts',(0.0375687537589534,0.0258425984514495,
0.54890902220626));
#1278=CARTESIAN_POINT('Ctrl Pts',(0.0459145534903224,0.0293560821191146,
0.604831775878567));
#1279=CARTESIAN_POINT('Ctrl Pts',(0.0613300829014381,0.035347063561635,
0.688351213059819));
#1280=CARTESIAN_POINT('Ctrl Pts',(0.0796848404330682,0.041903686390394,
0.771568829422439));
#1281=CARTESIAN_POINT('Ctrl Pts',(0.0954708842105589,0.0477694664807485,
0.855275419608874));
#1282=CARTESIAN_POINT('Ctrl Pts',(0.105524107275716,0.0518451049785804,
0.925562965782285));
#1283=CARTESIAN_POINT('Ctrl Pts',(0.11401141059161,0.0554705593605785,0.9961737208219));
#1284=CARTESIAN_POINT('Ctrl Pts',(0.122571455519519,0.0593600500526413,
1.08123025122663));
#1285=CARTESIAN_POINT('Ctrl Pts',(0.1269144752209,0.0615643812818528,1.13820999838313));
#1286=CARTESIAN_POINT('Ctrl Pts',(0.129387024679329,0.0629944225677932,
1.1811024));
#1287=CARTESIAN_POINT('Ctrl Pts',(3.71122457597978E-5,-0.0017361087606299,
0.));
#1288=CARTESIAN_POINT('Ctrl Pts',(-0.000510961809610455,0.000921101811204279,
0.0567601138423143));
#1289=CARTESIAN_POINT('Ctrl Pts',(0.000652411309845373,0.00438047375466397,
0.127535464086569));
#1290=CARTESIAN_POINT('Ctrl Pts',(0.00625026436821611,0.0101644983161956,
0.240423792738715));
#1291=CARTESIAN_POINT('Ctrl Pts',(0.0147307874240819,0.0162052480113832,
0.353039229092864));
#1292=CARTESIAN_POINT('Ctrl Pts',(0.0293790553094634,0.0223592252000184,
0.465059693498233));
#1293=CARTESIAN_POINT('Ctrl Pts',(0.0422293275225281,0.0274408515657264,
0.54890902220626));
#1294=CARTESIAN_POINT('Ctrl Pts',(0.0508045225086722,0.0309038457476623,
0.604831775878567));
#1295=CARTESIAN_POINT('Ctrl Pts',(0.066523935735868,0.0368522547273383,
0.688351213059819));
#1296=CARTESIAN_POINT('Ctrl Pts',(0.0850647801279442,0.0434062685446229,
0.771568829422439));
#1297=CARTESIAN_POINT('Ctrl Pts',(0.100983722260831,0.049276478550683,0.855275419608875));
#1298=CARTESIAN_POINT('Ctrl Pts',(0.11111576405881,0.0533516577543901,0.925562965782285));
#1299=CARTESIAN_POINT('Ctrl Pts',(0.119630048878883,0.056985194218431,0.9961737208219));
#1300=CARTESIAN_POINT('Ctrl Pts',(0.128175639868456,0.0608908079475377,
1.08123025122663));
#1301=CARTESIAN_POINT('Ctrl Pts',(0.132467553269522,0.0631120783304697,
1.13820999838313));
#1302=CARTESIAN_POINT('Ctrl Pts',(0.134878430258119,0.0645582027991636,
1.1811024));
#1303=CARTESIAN_POINT('Ctrl Pts',(-7.66894476739848E-5,0.00054658436954347,
0.));
#1304=CARTESIAN_POINT('Ctrl Pts',(0.000115667173917502,0.00302517332966888,
0.0567601138423144));
#1305=CARTESIAN_POINT('Ctrl Pts',(0.00208667350433755,0.00629048403849907,
0.127535464086569));
#1306=CARTESIAN_POINT('Ctrl Pts',(0.0087300744057463,0.0118236362137172,
0.240423792738715));
#1307=CARTESIAN_POINT('Ctrl Pts',(0.0180804010514195,0.0176581013618521,
0.353039229092864));
#1308=CARTESIAN_POINT('Ctrl Pts',(0.0331370970181039,0.0237084765004149,
0.465059693498232));
#1309=CARTESIAN_POINT('Ctrl Pts',(0.0462372037100062,0.0287365885661463,
0.54890902220626));
#1310=CARTESIAN_POINT('Ctrl Pts',(0.0549828563770208,0.0321660613101893,
0.604831775878567));
#1311=CARTESIAN_POINT('Ctrl Pts',(0.0709300985102895,0.0380840887613061,
0.688351213059819));
#1312=CARTESIAN_POINT('Ctrl Pts',(0.0896157920352309,0.0446389010829131,
0.771568829422439));
#1313=CARTESIAN_POINT('Ctrl Pts',(0.105636199668224,0.0505143544386357,
0.855275419608874));
#1314=CARTESIAN_POINT('Ctrl Pts',(0.115825060614876,0.0545914373359782,
0.925562965782285));
#1315=CARTESIAN_POINT('Ctrl Pts',(0.124355472102943,0.0582332175046643,
0.9961737208219));
#1316=CARTESIAN_POINT('Ctrl Pts',(0.132883452244038,0.062153707724068,1.08123025122663));
#1317=CARTESIAN_POINT('Ctrl Pts',(0.137130958823825,0.0643895877680369,
1.13820999838313));
#1318=CARTESIAN_POINT('Ctrl Pts',(0.139490126782094,0.0658492497343402,
1.1811024));
#1319=CARTESIAN_POINT('Ctrl Pts',(0.000326696291974164,0.00234699453973994,
0.));
#1320=CARTESIAN_POINT('Ctrl Pts',(0.00101917970571733,0.00467473766431093,
0.0567601138423143));
#1321=CARTESIAN_POINT('Ctrl Pts',(0.00353871325275872,0.00777777660912511,
0.127535464086569));
#1322=CARTESIAN_POINT('Ctrl Pts',(0.01090035894038,0.0131058281168302,0.240423792738715));
#1323=CARTESIAN_POINT('Ctrl Pts',(0.0208541810906188,0.0187748073382842,
0.353039229092864));
#1324=CARTESIAN_POINT('Ctrl Pts',(0.0362216711199631,0.0247584975219303,
0.465059693498233));
#1325=CARTESIAN_POINT('Ctrl Pts',(0.0495120258890686,0.0297528863341112,
0.54890902220626));
#1326=CARTESIAN_POINT('Ctrl Pts',(0.0583843124124459,0.0331597647630031,
0.604831775878567));
#1327=CARTESIAN_POINT('Ctrl Pts',(0.0744999468754007,0.0390566998559769,
0.688351213059819));
#1328=CARTESIAN_POINT('Ctrl Pts',(0.0932955788151092,0.0456135734606175,
0.771568829422439));
#1329=CARTESIAN_POINT('Ctrl Pts',(0.109391469731252,0.0514941531841449,
0.855275419608874));
#1330=CARTESIAN_POINT('Ctrl Pts',(0.11962086959478,0.0555740205314586,0.925562965782285));
#1331=CARTESIAN_POINT('Ctrl Pts',(0.128160557282572,0.0592232599867236,
0.9961737208219));
#1332=CARTESIAN_POINT('Ctrl Pts',(0.136671262806759,0.0631564614013857,
1.08123025122663));
#1333=CARTESIAN_POINT('Ctrl Pts',(0.140882141478995,0.0654043142228007,
1.13820999838313));
#1334=CARTESIAN_POINT('Ctrl Pts',(0.143199690502534,0.0668748875492242,
1.1811024));
#1335=CARTESIAN_POINT('Ctrl Pts',(0.00103601762712869,0.0041093956716331,
0.));
#1336=CARTESIAN_POINT('Ctrl Pts',(0.00217212273277041,0.00628702940934441,
0.0567601138423145));
#1337=CARTESIAN_POINT('Ctrl Pts',(0.00518010894959023,0.00922948683830047,
0.127535464086569));
#1338=CARTESIAN_POINT('Ctrl Pts',(0.0131875082900889,0.0143562848617682,
0.240423792738715));
#1339=CARTESIAN_POINT('Ctrl Pts',(0.0236880754182493,0.0198643318855442,
0.353039229092864));
#1340=CARTESIAN_POINT('Ctrl Pts',(0.0393564541789026,0.025790347901733,
0.465059693498232));
#1341=CARTESIAN_POINT('Ctrl Pts',(0.052831015074452,0.0307560414180502,
0.54890902220626));
#1342=CARTESIAN_POINT('Ctrl Pts',(0.0618238601664992,0.0341429095243507,
0.604831775878567));
#1343=CARTESIAN_POINT('Ctrl Pts',(0.0780991402216093,0.0400209509292252,
0.688351213059819));
#1344=CARTESIAN_POINT('Ctrl Pts',(0.0970007498924492,0.0465807239979392,
0.771568829422439));
#1345=CARTESIAN_POINT('Ctrl Pts',(0.113168368762083,0.0524670337051175,
0.855275419608874));
#1346=CARTESIAN_POINT('Ctrl Pts',(0.123435136836015,0.0565504927621218,
0.925562965782284));
#1347=CARTESIAN_POINT('Ctrl Pts',(0.131981750893904,0.0602077510919881,
0.996173720821899));
#1348=CARTESIAN_POINT('Ctrl Pts',(0.140473106950095,0.0641541836740922,
1.08123025122663));
#1349=CARTESIAN_POINT('Ctrl Pts',(0.144646626513757,0.0664141932228129,
1.13820999838313));
#1350=CARTESIAN_POINT('Ctrl Pts',(0.146922375852284,0.0678957298901036,
1.1811024));
#1351=CARTESIAN_POINT('Ctrl Pts',(0.00244945718671646,0.00620218356919564,
0.));
#1352=CARTESIAN_POINT('Ctrl Pts',(0.00404356346730755,0.00820541813910647,
0.0567601138423142));
#1353=CARTESIAN_POINT('Ctrl Pts',(0.00756043127616969,0.0109618527998516,
0.127535464086569));
#1354=CARTESIAN_POINT('Ctrl Pts',(0.0162510741802891,0.0158575305776475,
0.240423792738715));
#1355=CARTESIAN_POINT('Ctrl Pts',(0.0273381638523859,0.0211821201809602,
0.353039229092864));
#1356=CARTESIAN_POINT('Ctrl Pts',(0.0433655380725955,0.0270490790836592,
0.465059693498233));
#1357=CARTESIAN_POINT('Ctrl Pts',(0.0570597230906405,0.0319861733285902,
0.54890902220626));
#1358=CARTESIAN_POINT('Ctrl Pts',(0.0661926560418135,0.0353523537166152,
0.604831775878567));
#1359=CARTESIAN_POINT('Ctrl Pts',(0.082652034593104,0.0412109810170199,
0.688351213059819));
#1360=CARTESIAN_POINT('Ctrl Pts',(0.101678690180559,0.0477757320352702,
0.771568829422439));
#1361=CARTESIAN_POINT('Ctrl Pts',(0.117928992188155,0.0536703295688206,
0.855275419608874));
#1362=CARTESIAN_POINT('Ctrl Pts',(0.128236725844792,0.0577597216592813,
0.925562965782285));
#1363=CARTESIAN_POINT('Ctrl Pts',(0.136787716674418,0.0614280223041061,
0.9961737208219));
#1364=CARTESIAN_POINT('Ctrl Pts',(0.14525108798807,0.0653919280532297,1.08123025122663));
#1365=CARTESIAN_POINT('Ctrl Pts',(0.149376545980496,0.0676674645732658,
1.13820999838313));
#1366=CARTESIAN_POINT('Ctrl Pts',(0.151599683333598,0.0691627975737056,
1.1811024));
#1367=CARTESIAN_POINT('Ctrl Pts',(0.00480873443535532,0.0084774800847159,
0.));
#1368=CARTESIAN_POINT('Ctrl Pts',(0.00684029679511602,0.0103125086402031,
0.0567601138423145));
#1369=CARTESIAN_POINT('Ctrl Pts',(0.0108483349985777,0.01288955884599,0.127535464086569));
#1370=CARTESIAN_POINT('Ctrl Pts',(0.0202116873277731,0.0175619516790645,
0.240423792738715));
#1371=CARTESIAN_POINT('Ctrl Pts',(0.0318856475578319,0.0227093228120016,
0.353039229092864));
#1372=CARTESIAN_POINT('Ctrl Pts',(0.0483149003152931,0.0285171284819543,
0.465059693498233));
#1373=CARTESIAN_POINT('Ctrl Pts',(0.0622545559259404,0.0334264748921986,
0.54890902220626));
#1374=CARTESIAN_POINT('Ctrl Pts',(0.0715400628587188,0.0367731989206282,
0.604831775878567));
#1375=CARTESIAN_POINT('Ctrl Pts',(0.0881984141738178,0.0426150223479978,
0.688351213059819));
#1376=CARTESIAN_POINT('Ctrl Pts',(0.107363078835419,0.0491877226239256,
0.771568829422439));
#1377=CARTESIAN_POINT('Ctrl Pts',(0.123701727881798,0.0550942019520351,
0.855275419608874));
#1378=CARTESIAN_POINT('Ctrl Pts',(0.134049959919821,0.0591928407994928,
0.925562965782284));
#1379=CARTESIAN_POINT('Ctrl Pts',(0.142599726624251,0.0628759359970972,
0.9961737208219));
#1380=CARTESIAN_POINT('Ctrl Pts',(0.151023718918073,0.0668621965850036,
1.08123025122663));
#1381=CARTESIAN_POINT('Ctrl Pts',(0.155089375730563,0.0691568587715579,
1.13820999838313));
#1382=CARTESIAN_POINT('Ctrl Pts',(0.157248761491949,0.0706688793185237,
1.1811024));
#1383=CARTESIAN_POINT('Ctrl Pts',(0.0076966646962718,0.0105390086092083,
0.));
#1384=CARTESIAN_POINT('Ctrl Pts',(0.0100842386350904,0.0122441120772983,
0.0567601138423142));
#1385=CARTESIAN_POINT('Ctrl Pts',(0.0144961382498244,0.0146822893527009,
0.127535464086569));
#1386=CARTESIAN_POINT('Ctrl Pts',(0.0244223989867643,0.019180851186841,
0.240423792738715));
#1387=CARTESIAN_POINT('Ctrl Pts',(0.0365944331131221,0.0241898040649194,
0.353039229092864));
#1388=CARTESIAN_POINT('Ctrl Pts',(0.0533963317360059,0.029946369523674,
0.465059693498232));
#1389=CARTESIAN_POINT('Ctrl Pts',(0.0675630292088789,0.0348325806988246,
0.54890902220626));
#1390=CARTESIAN_POINT('Ctrl Pts',(0.0769868435930017,0.0381641566299057,
0.604831775878567));
#1391=CARTESIAN_POINT('Ctrl Pts',(0.0938244260254274,0.0439949512288586,
0.688351213059819));
#1392=CARTESIAN_POINT('Ctrl Pts',(0.113115005898804,0.0505777750198973,
0.771568829422438));
#1393=CARTESIAN_POINT('Ctrl Pts',(0.129531393306831,0.0564982553905173,
0.855275419608874));
#1394=CARTESIAN_POINT('Ctrl Pts',(0.139911921277209,0.0606081364562053,
0.925562965782284));
#1395=CARTESIAN_POINT('Ctrl Pts',(0.148454312512508,0.0643075005431234,
0.996173720821899));
#1396=CARTESIAN_POINT('Ctrl Pts',(0.156833385272183,0.0683174345974749,
1.08123025122663));
#1397=CARTESIAN_POINT('Ctrl Pts',(0.160837176432043,0.0706316988739634,
1.13820999838313));
#1398=CARTESIAN_POINT('Ctrl Pts',(0.162932178401413,0.0721605394022672,
1.1811024));
#1399=CARTESIAN_POINT('Ctrl Pts',(0.0110172645813007,0.0124392277472629,
0.));
#1400=CARTESIAN_POINT('Ctrl Pts',(0.0137006119597989,0.014040579439611,
0.0567601138423145));
#1401=CARTESIAN_POINT('Ctrl Pts',(0.0184509463946816,0.0163677472806662,
0.127535464086569));
#1402=CARTESIAN_POINT('Ctrl Pts',(0.0288564244004208,0.0207270478637483,
0.240423792738715));
#1403=CARTESIAN_POINT('Ctrl Pts',(0.0414574703437363,0.0256251274779998,
0.353039229092864));
#1404=CARTESIAN_POINT('Ctrl Pts',(0.0586034460615458,0.0313379822233922,
0.465059693498232));
#1405=CARTESIAN_POINT('Ctrl Pts',(0.0729790261976124,0.0362056028658049,
0.54890902220626));
#1406=CARTESIAN_POINT('Ctrl Pts',(0.0825280151827784,0.0395257717314069,
0.604831775878567));
#1407=CARTESIAN_POINT('Ctrl Pts',(0.0995268379233353,0.0453505401196618,
0.688351213059818));
#1408=CARTESIAN_POINT('Ctrl Pts',(0.118931305711789,0.0519459418130799,
0.771568829422438));
#1409=CARTESIAN_POINT('Ctrl Pts',(0.135415077103522,0.0578826615409579,
0.855275419608873));
#1410=CARTESIAN_POINT('Ctrl Pts',(0.145820096333871,0.0620056949834755,
0.925562965782283));
#1411=CARTESIAN_POINT('Ctrl Pts',(0.154349238351302,0.0657227542924962,
0.996173720821898));
#1412=CARTESIAN_POINT('Ctrl Pts',(0.162678072639373,0.0697576514198996,
1.08123025122663));
#1413=CARTESIAN_POINT('Ctrl Pts',(0.166617986615405,0.0720920006242868,
1.13820999838313));
#1414=CARTESIAN_POINT('Ctrl Pts',(0.168647958879954,0.0736378120954085,
1.1811024));
#1415=CARTESIAN_POINT('Ctrl Pts',(0.0147011198409784,0.0142102807697364,
0.));
#1416=CARTESIAN_POINT('Ctrl Pts',(0.0176345081997569,0.0157264742622104,
0.0567601138423143));
#1417=CARTESIAN_POINT('Ctrl Pts',(0.0226731546354347,0.0179627013944998,
0.127535464086569));
#1418=CARTESIAN_POINT('Ctrl Pts',(0.0334922882426013,0.0222080823815303,
0.240423792738714));
#1419=CARTESIAN_POINT('Ctrl Pts',(0.0464671963460394,0.0270159211119046,
0.353039229092864));
#1420=CARTESIAN_POINT('Ctrl Pts',(0.0639299437539978,0.0326926471002396,
0.465059693498232));
#1421=CARTESIAN_POINT('Ctrl Pts',(0.0784968891292891,0.0375463177258924,
0.548909022206259));
#1422=CARTESIAN_POINT('Ctrl Pts',(0.0881589331338301,0.0408585265620463,
0.604831775878566));
#1423=CARTESIAN_POINT('Ctrl Pts',(0.105302432548657,0.0466817931008513,
0.688351213059818));
#1424=CARTESIAN_POINT('Ctrl Pts',(0.12480894010282,0.0532923399770741,0.771568829422437));
#1425=CARTESIAN_POINT('Ctrl Pts',(0.141350006318978,0.0592475641834407,
0.855275419608873));
#1426=CARTESIAN_POINT('Ctrl Pts',(0.151772064678431,0.0633856054826058,
0.925562965782283));
#1427=CARTESIAN_POINT('Ctrl Pts',(0.160282320099311,0.0671217609679515,
0.996173720821899));
#1428=CARTESIAN_POINT('Ctrl Pts',(0.168555779154568,0.0711829084797751,
1.08123025122663));
#1429=CARTESIAN_POINT('Ctrl Pts',(0.1724298365495,0.0735378468862074,1.13820999838313));
#1430=CARTESIAN_POINT('Ctrl Pts',(0.174394107310333,0.0751008096617047,
1.1811024));
#1431=CARTESIAN_POINT('Ctrl Pts',(0.0186983059719424,0.0158629537893439,
0.));
#1432=CARTESIAN_POINT('Ctrl Pts',(0.02184578416361,0.0173104023630753,0.0567601138423144));
#1433=CARTESIAN_POINT('Ctrl Pts',(0.027132983912427,0.019473366572159,0.127535464086569));
#1434=CARTESIAN_POINT('Ctrl Pts',(0.0383126522840459,0.0236273807151157,
0.240423792738714));
#1435=CARTESIAN_POINT('Ctrl Pts',(0.0516159435550001,0.0283634181546733,
0.353039229092864));
#1436=CARTESIAN_POINT('Ctrl Pts',(0.0693696472074794,0.0340111958973429,
0.465059693498232));
#1437=CARTESIAN_POINT('Ctrl Pts',(0.0841112595456728,0.0388553576603406,
0.548909022206259));
#1438=CARTESIAN_POINT('Ctrl Pts',(0.09387513071147,0.0421628544164492,0.604831775878566));
#1439=CARTESIAN_POINT('Ctrl Pts',(0.111147945520009,0.047988907841708,0.688351213059818));
#1440=CARTESIAN_POINT('Ctrl Pts',(0.130744951911655,0.0546171572687992,
0.771568829422437));
#1441=CARTESIAN_POINT('Ctrl Pts',(0.147333535035671,0.0605931384768998,
0.855275419608873));
#1442=CARTESIAN_POINT('Ctrl Pts',(0.157765506698081,0.0647480036061975,
0.925562965782283));
#1443=CARTESIAN_POINT('Ctrl Pts',(0.166251447130646,0.0685046423422961,
0.996173720821899));
#1444=CARTESIAN_POINT('Ctrl Pts',(0.174464543240507,0.0725933305369953,
1.08123025122663));
#1445=CARTESIAN_POINT('Ctrl Pts',(0.178270774108969,0.0749693830273987,
1.13820999838313));
#1446=CARTESIAN_POINT('Ctrl Pts',(0.180168627465892,0.0765497030042508,
1.1811024));
#1447=CARTESIAN_POINT('Ctrl Pts',(0.0229722016282319,0.0174022237121601,
0.));
#1448=CARTESIAN_POINT('Ctrl Pts',(0.0263045151968068,0.0187964264337644,
0.0567601138423145));
#1449=CARTESIAN_POINT('Ctrl Pts',(0.0318074928465289,0.0209028931839648,
0.127535464086568));
#1450=CARTESIAN_POINT('Ctrl Pts',(0.0433032667792266,0.0249868806339228,
0.240423792738714));
#1451=CARTESIAN_POINT('Ctrl Pts',(0.0568962689587812,0.0296686080643574,
0.353039229092864));
#1452=CARTESIAN_POINT('Ctrl Pts',(0.074916617097937,0.0352943226335006,
0.465059693498232));
#1453=CARTESIAN_POINT('Ctrl Pts',(0.0898170733174124,0.0401332579326455,
0.54890902220626));
#1454=CARTESIAN_POINT('Ctrl Pts',(0.0996723262934405,0.0434391697589055,
0.604831775878567));
#1455=CARTESIAN_POINT('Ctrl Pts',(0.117060133067317,0.0492721713023599,
0.688351213059819));
#1456=CARTESIAN_POINT('Ctrl Pts',(0.136736482706286,0.0559206721591412,
0.771568829422438));
#1457=CARTESIAN_POINT('Ctrl Pts',(0.153363151240109,0.0619196503735549,
0.855275419608873));
#1458=CARTESIAN_POINT('Ctrl Pts',(0.163798212670882,0.0660931265139959,
0.925562965782283));
#1459=CARTESIAN_POINT('Ctrl Pts',(0.172254595181634,0.0698716187408853,
0.996173720821899));
#1460=CARTESIAN_POINT('Ctrl Pts',(0.180402460267577,0.0739891271849477,
1.08123025122663));
#1461=CARTESIAN_POINT('Ctrl Pts',(0.184138882095653,0.0763868200104328,
1.13820999838313));
#1462=CARTESIAN_POINT('Ctrl Pts',(0.185969542155565,0.0779847091102428,
1.1811024));
#1463=CARTESIAN_POINT('Ctrl Pts',(0.0274930668965473,0.0188374555858385,
0.));
#1464=CARTESIAN_POINT('Ctrl Pts',(0.0309860300100665,0.0201919147422013,
0.0567601138423143));
#1465=CARTESIAN_POINT('Ctrl Pts',(0.0366774904832589,0.0222565436027136,
0.127535464086569));
#1466=CARTESIAN_POINT('Ctrl Pts',(0.0484516331760545,0.0262893458953937,
0.240423792738715));
#1467=CARTESIAN_POINT('Ctrl Pts',(0.0623010251873134,0.0309323381333289,
0.353039229092864));
#1468=CARTESIAN_POINT('Ctrl Pts',(0.08056518524396,0.0365426714614797,0.465059693498232));
#1469=CARTESIAN_POINT('Ctrl Pts',(0.0956095276429552,0.0413805776176012,
0.54890902220626));
#1470=CARTESIAN_POINT('Ctrl Pts',(0.105546421771551,0.0446879015553997,
0.604831775878567));
#1471=CARTESIAN_POINT('Ctrl Pts',(0.123035822209288,0.0505318626366784,
0.688351213059819));
#1472=CARTESIAN_POINT('Ctrl Pts',(0.142780775782001,0.0572032111794967,
0.771568829422438));
#1473=CARTESIAN_POINT('Ctrl Pts',(0.159436444143769,0.0632274449415545,
0.855275419608873));
#1474=CARTESIAN_POINT('Ctrl Pts',(0.169868052838976,0.0674212909909472,
0.925562965782283));
#1475=CARTESIAN_POINT('Ctrl Pts',(0.17828980254163,0.0712229839818037,0.996173720821899));
#1476=CARTESIAN_POINT('Ctrl Pts',(0.186367671423878,0.0753705663766009,
1.08123025122663));
#1477=CARTESIAN_POINT('Ctrl Pts',(0.19003228256455,0.0777904112488354,1.13820999838313));
#1478=CARTESIAN_POINT('Ctrl Pts',(0.191794909150111,0.0794060713937237,
1.1811024));
#1479=CARTESIAN_POINT('Ctrl Pts',(0.0322368552413575,0.0201809318922958,
0.));
#1480=CARTESIAN_POINT('Ctrl Pts',(0.0358701279460343,0.0215064715775818,
0.0567601138423145));
#1481=CARTESIAN_POINT('Ctrl Pts',(0.0417268595122217,0.0235411363762405,
0.127535464086569));
#1482=CARTESIAN_POINT('Ctrl Pts',(0.0537468185662271,0.0275382591204197,
0.240423792738715));
#1483=CARTESIAN_POINT('Ctrl Pts',(0.0678234518411143,0.0321555518569106,
0.353039229092864));
#1484=CARTESIAN_POINT('Ctrl Pts',(0.0863100184928568,0.0377569656414197,
0.465059693498232));
#1485=CARTESIAN_POINT('Ctrl Pts',(0.101484135351665,0.0425979522338937,
0.54890902220626));
#1486=CARTESIAN_POINT('Ctrl Pts',(0.111493565453985,0.0459095243448211,
0.604831775878567));
#1487=CARTESIAN_POINT('Ctrl Pts',(0.129071974290778,0.0517682662777511,
0.688351213059818));
#1488=CARTESIAN_POINT('Ctrl Pts',(0.148875183886106,0.0584651277614086,
0.771568829422438));
#1489=CARTESIAN_POINT('Ctrl Pts',(0.165551089621633,0.0645169024420033,
0.855275419608874));
#1490=CARTESIAN_POINT('Ctrl Pts',(0.17597295962546,0.0687328437661136,0.925562965782284));
#1491=CARTESIAN_POINT('Ctrl Pts',(0.184355156750353,0.0725590566685848,
0.996173720821899));
#1492=CARTESIAN_POINT('Ctrl Pts',(0.192358361703052,0.0767379353023161,
1.08123025122663));
#1493=CARTESIAN_POINT('Ctrl Pts',(0.195949145819604,0.0791804255099395,
1.13820999838313));
#1494=CARTESIAN_POINT('Ctrl Pts',(0.197642843523665,0.0808140461763609,
1.1811024));
#1495=CARTESIAN_POINT('Ctrl Pts',(0.0371837470441348,0.0214438845751474,
0.));
#1496=CARTESIAN_POINT('Ctrl Pts',(0.0409399195066921,0.022748978431511,
0.0567601138423143));
#1497=CARTESIAN_POINT('Ctrl Pts',(0.0469419077007508,0.0247630570116444,
0.127535464086569));
#1498=CARTESIAN_POINT('Ctrl Pts',(0.0591791719308948,0.028737051331045,
0.240423792738715));
#1499=CARTESIAN_POINT('Ctrl Pts',(0.0734572135254948,0.0333394009892129,
0.353039229092864));
#1500=CARTESIAN_POINT('Ctrl Pts',(0.09214614619783,0.0389380849079409,0.465059693498233));
#1501=CARTESIAN_POINT('Ctrl Pts',(0.107436727886734,0.043786134039133,0.54890902220626));
#1502=CARTESIAN_POINT('Ctrl Pts',(0.117510155801051,0.0471046194471894,
0.604831775878567));
#1503=CARTESIAN_POINT('Ctrl Pts',(0.135165687212331,0.052981751987897,0.688351213059819));
#1504=CARTESIAN_POINT('Ctrl Pts',(0.155017153331578,0.0597068057768652,
0.771568829422438));
#1505=CARTESIAN_POINT('Ctrl Pts',(0.171704816276749,0.0657883978455296,
0.855275419608874));
#1506=CARTESIAN_POINT('Ctrl Pts',(0.182110893081633,0.0700281134618168,
0.925562965782284));
#1507=CARTESIAN_POINT('Ctrl Pts',(0.190448762677639,0.0738801324905905,
0.9961737208219));
#1508=CARTESIAN_POINT('Ctrl Pts',(0.198372736454881,0.078091499852478,1.08123025122663));
#1509=CARTESIAN_POINT('Ctrl Pts',(0.201887677613455,0.0805571180190063,
1.13820999838313));
#1510=CARTESIAN_POINT('Ctrl Pts',(0.20351151410691,0.0822088856849528,1.1811024));
#1511=CARTESIAN_POINT('Ctrl Pts',(0.0423171355508841,0.0226335219977358,
0.));
#1512=CARTESIAN_POINT('Ctrl Pts',(0.0461811291334629,0.0239253034502977,
0.0567601138423145));
#1513=CARTESIAN_POINT('Ctrl Pts',(0.0523108734550851,0.025926775221831,
0.127535464086569));
#1514=CARTESIAN_POINT('Ctrl Pts',(0.0647401971250246,0.0298884443063098,
0.240423792738715));
#1515=CARTESIAN_POINT('Ctrl Pts',(0.0791965056754085,0.0344852351103443,
0.353039229092865));
#1516=CARTESIAN_POINT('Ctrl Pts',(0.0980690005644468,0.0400870508193989,
0.465059693498233));
#1517=CARTESIAN_POINT('Ctrl Pts',(0.113463461815368,0.0449459559161285,
0.548909022206261));
#1518=CARTESIAN_POINT('Ctrl Pts',(0.123592844174128,0.0482738571830812,
0.604831775878567));
#1519=CARTESIAN_POINT('Ctrl Pts',(0.141314202380173,0.0541727802973427,
0.68835121305982));
#1520=CARTESIAN_POINT('Ctrl Pts',(0.161204209081999,0.0609286317893334,
0.77156882942244));
#1521=CARTESIAN_POINT('Ctrl Pts',(0.177895385731938,0.0670422529736411,
0.855275419608875));
#1522=CARTESIAN_POINT('Ctrl Pts',(0.188279819460926,0.071307363930642,0.925562965782286));
#1523=CARTESIAN_POINT('Ctrl Pts',(0.196568723031103,0.0751864418097972,
0.996173720821901));
#1524=CARTESIAN_POINT('Ctrl Pts',(0.204409005132888,0.0794314715284859,
1.08123025122664));
#1525=CARTESIAN_POINT('Ctrl Pts',(0.207846106426345,0.0819207067667052,
1.13820999838313));
#1526=CARTESIAN_POINT('Ctrl Pts',(0.209399134746048,0.0835908234361864,
1.1811024));
#1527=CARTESIAN_POINT('Ctrl Pts',(0.0476228512776915,0.0237537441991949,
0.));
#1528=CARTESIAN_POINT('Ctrl Pts',(0.0515814801664457,0.0250387474021392,
0.0567601138423143));
#1529=CARTESIAN_POINT('Ctrl Pts',(0.05782355223725,0.0270349348205859,0.127535464086569));
#1530=CARTESIAN_POINT('Ctrl Pts',(0.0704223657881843,0.0309942708811348,
0.240423792738715));
#1531=CARTESIAN_POINT('Ctrl Pts',(0.0850360243155126,0.0355942229479185,
0.353039229092865));
#1532=CARTESIAN_POINT('Ctrl Pts',(0.104074358408672,0.041204820163249,0.465059693498233));
#1533=CARTESIAN_POINT('Ctrl Pts',(0.119560744245629,0.0460782268300304,
0.548909022206261));
#1534=CARTESIAN_POINT('Ctrl Pts',(0.129738461887239,0.0494179302593722,
0.604831775878568));
#1535=CARTESIAN_POINT('Ctrl Pts',(0.147514847361371,0.055341854788242,0.68835121305982));
#1536=CARTESIAN_POINT('Ctrl Pts',(0.167433916355919,0.0621309564060104,
0.77156882942244));
#1537=CARTESIAN_POINT('Ctrl Pts',(0.184120565880223,0.068278702890963,0.855275419608875));
#1538=CARTESIAN_POINT('Ctrl Pts',(0.194477691508478,0.0725707690707022,
0.925562965782286));
#1539=CARTESIAN_POINT('Ctrl Pts',(0.202713122756383,0.0764781296885197,
0.996173720821902));
#1540=CARTESIAN_POINT('Ctrl Pts',(0.210465368962256,0.0807579918243265,
1.08123025122664));
#1541=CARTESIAN_POINT('Ctrl Pts',(0.213822671611786,0.0832713576724704,
1.13820999838314));
#1542=CARTESIAN_POINT('Ctrl Pts',(0.215303951603438,0.0849600588846445,
1.1811024));
#1543=CARTESIAN_POINT('Ctrl Pts',(0.0530887140983755,0.0248068958749407,
0.));
#1544=CARTESIAN_POINT('Ctrl Pts',(0.0571303408981816,0.0260913319591567,
0.0567601138423144));
#1545=CARTESIAN_POINT('Ctrl Pts',(0.0634710014027479,0.0280892176619462,
0.127535464086569));
#1546=CARTESIAN_POINT('Ctrl Pts',(0.0762189448496006,0.0320557772828949,
0.240423792738715));
#1547=CARTESIAN_POINT('Ctrl Pts',(0.0909708798425456,0.0366672547766496,
0.353039229092865));
#1548=CARTESIAN_POINT('Ctrl Pts',(0.11015827224399,0.0422921967026431,0.465059693498233));
#1549=CARTESIAN_POINT('Ctrl Pts',(0.125725179588812,0.0471836626407724,
0.548909022206261));
#1550=CARTESIAN_POINT('Ctrl Pts',(0.13594398050824,0.0505374784457963,0.604831775878568));
#1551=CARTESIAN_POINT('Ctrl Pts',(0.153765020813589,0.0564894559379525,
0.68835121305982));
#1552=CARTESIAN_POINT('Ctrl Pts',(0.173703882537799,0.0633140907074547,
0.771568829422441));
#1553=CARTESIAN_POINT('Ctrl Pts',(0.190378146548933,0.069497930155369,0.855275419608876));
#1554=CARTESIAN_POINT('Ctrl Pts',(0.200702467785987,0.0738184528796298,
0.925562965782287));
#1555=CARTESIAN_POINT('Ctrl Pts',(0.208880046942778,0.0777552919314738,
0.996173720821902));
#1556=CARTESIAN_POINT('Ctrl Pts',(0.216540031229123,0.0820711536528715,
1.08123025122664));
#1557=CARTESIAN_POINT('Ctrl Pts',(0.219815623815048,0.0846091877992859,
1.13820999838314));
#1558=CARTESIAN_POINT('Ctrl Pts',(0.22122423353417,0.086316742181069,1.1811024));
#1559=CARTESIAN_POINT('Ctrl Pts',(0.0587039391771313,0.0257954384186146,
0.));
#1560=CARTESIAN_POINT('Ctrl Pts',(0.0628182375507164,0.0270850903428215,
0.0567601138423144));
#1561=CARTESIAN_POINT('Ctrl Pts',(0.069245185174958,0.0290912011943837,
0.12753546408657));
#1562=CARTESIAN_POINT('Ctrl Pts',(0.0821237791814663,0.0330740013700046,
0.240423792738716));
#1563=CARTESIAN_POINT('Ctrl Pts',(0.096996493571118,0.0377049460790684,
0.353039229092865));
#1564=CARTESIAN_POINT('Ctrl Pts',(0.116316984195876,0.043349771778115,0.465059693498234));
#1565=CARTESIAN_POINT('Ctrl Pts',(0.131953497413804,0.0482628148965009,
0.548909022206262));
#1566=CARTESIAN_POINT('Ctrl Pts',(0.142206454050633,0.0516330009042896,
0.604831775878569));
#1567=CARTESIAN_POINT('Ctrl Pts',(0.160062163825227,0.0576159661143687,
0.688351213059821));
#1568=CARTESIAN_POINT('Ctrl Pts',(0.18001175603466,0.0644783032584756,0.771568829422441));
#1569=CARTESIAN_POINT('Ctrl Pts',(0.196665955918564,0.0707001102602199,
0.855275419608877));
#1570=CARTESIAN_POINT('Ctrl Pts',(0.206952134783985,0.0750505416135416,
0.925562965782287));
#1571=CARTESIAN_POINT('Ctrl Pts',(0.21506760153286,0.0790180230431847,0.996173720821903));
#1572=CARTESIAN_POINT('Ctrl Pts',(0.222631209637412,0.083371031663974,1.08123025122664));
#1573=CARTESIAN_POINT('Ctrl Pts',(0.225823225994775,0.0859342737665744,
1.13820999838314));
#1574=CARTESIAN_POINT('Ctrl Pts',(0.227158261248008,0.0876609601776145,
1.18110240000001));
#1575=CARTESIAN_POINT('Ctrl Pts',(0.064458812946763,0.0267226546036697,
0.));
#1576=CARTESIAN_POINT('Ctrl Pts',(0.0686365681669256,0.0280226400391742,
0.0567601138423144));
#1577=CARTESIAN_POINT('Ctrl Pts',(0.0751387242921075,0.0300428097723844,
0.12753546408657));
#1578=CARTESIAN_POINT('Ctrl Pts',(0.0881311050331333,0.0340500347052972,
0.240423792738716));
#1579=CARTESIAN_POINT('Ctrl Pts',(0.10310846683729,0.0387077505855072,0.353039229092866));
#1580=CARTESIAN_POINT('Ctrl Pts',(0.122546845402412,0.0443779395882235,
0.465059693498235));
#1581=CARTESIAN_POINT('Ctrl Pts',(0.138242502786856,0.0493160450880359,
0.548909022206262));
#1582=CARTESIAN_POINT('Ctrl Pts',(0.148522987496486,0.0527048092405783,
0.604831775878569));
#1583=CARTESIAN_POINT('Ctrl Pts',(0.166403751224643,0.0587216288491366,
0.688351213059821));
#1584=CARTESIAN_POINT('Ctrl Pts',(0.186355232876871,0.0656238270147007,
0.771568829422442));
#1585=CARTESIAN_POINT('Ctrl Pts',(0.202981876948914,0.0718854520837153,
0.855275419608878));
#1586=CARTESIAN_POINT('Ctrl Pts',(0.213224727442719,0.07626720926852,0.925562965782288));
#1587=CARTESIAN_POINT('Ctrl Pts',(0.221273933011083,0.0802664607137355,
0.996173720821904));
#1588=CARTESIAN_POINT('Ctrl Pts',(0.228737150397388,0.0846577181638429,
1.08123025122664));
#1589=CARTESIAN_POINT('Ctrl Pts',(0.231843759725693,0.0872466761261634,
1.13820999838314));
#1590=CARTESIAN_POINT('Ctrl Pts',(0.233104325528662,0.0889927487088218,
1.18110240000001));
#1591=CARTESIAN_POINT('Ctrl Pts',(0.0703446108702022,0.027592012679995,
0.));
#1592=CARTESIAN_POINT('Ctrl Pts',(0.0745774913119535,0.0289067911551036,
0.0567601138423145));
#1593=CARTESIAN_POINT('Ctrl Pts',(0.0811447649100518,0.0309461501740977,
0.12753546408657));
#1594=CARTESIAN_POINT('Ctrl Pts',(0.0942354103921001,0.0349851205498216,
0.240423792738716));
#1595=CARTESIAN_POINT('Ctrl Pts',(0.109302450231826,0.0396762316615412,
0.353039229092866));
#1596=CARTESIAN_POINT('Ctrl Pts',(0.128844271181865,0.0453770587601272,
0.465059693498235));
#1597=CARTESIAN_POINT('Ctrl Pts',(0.144589076156135,0.0503436240766123,
0.548909022206262));
#1598=CARTESIAN_POINT('Ctrl Pts',(0.154890756436061,0.0537531066103698,
0.60483177587857));
#1599=CARTESIAN_POINT('Ctrl Pts',(0.172787321354934,0.0598066198444651,
0.688351213059822));
#1600=CARTESIAN_POINT('Ctrl Pts',(0.192732083543031,0.0667509192301934,
0.771568829422442));
#1601=CARTESIAN_POINT('Ctrl Pts',(0.20932386838314,0.0730542514519017,0.855275419608878));
#1602=CARTESIAN_POINT('Ctrl Pts',(0.219518349041434,0.0774687232608973,
0.925562965782288));
#1603=CARTESIAN_POINT('Ctrl Pts',(0.227497244743078,0.0815008247386347,
0.996173720821904));
#1604=CARTESIAN_POINT('Ctrl Pts',(0.234856139037962,0.0859313538865526,
1.08123025122664));
#1605=CARTESIAN_POINT('Ctrl Pts',(0.237875530846019,0.0885464650724843,
1.13820999838314));
#1606=CARTESIAN_POINT('Ctrl Pts',(0.23906072822318,0.0903121146954902,1.18110240000001));
#1607=CARTESIAN_POINT('Ctrl Pts',(0.0763535003489721,0.0284066741434469,
0.));
#1608=CARTESIAN_POINT('Ctrl Pts',(0.0806338700853155,0.0297401685731081,
0.0567601138423143));
#1609=CARTESIAN_POINT('Ctrl Pts',(0.087256961981984,0.0318032750541816,
0.12753546408657));
#1610=CARTESIAN_POINT('Ctrl Pts',(0.100431461871084,0.0358805673868897,
0.240423792738716));
#1611=CARTESIAN_POINT('Ctrl Pts',(0.115574198903708,0.0406110979797851,
0.353039229092866));
#1612=CARTESIAN_POINT('Ctrl Pts',(0.135205776362591,0.0463475316552035,
0.465059693498235));
#1613=CARTESIAN_POINT('Ctrl Pts',(0.150990196665287,0.0513458230396521,
0.548909022206263));
#1614=CARTESIAN_POINT('Ctrl Pts',(0.161307025864178,0.0547780854628897,
0.60483177587857));
#1615=CARTESIAN_POINT('Ctrl Pts',(0.179210491127553,0.0608711323443262,
0.688351213059822));
#1616=CARTESIAN_POINT('Ctrl Pts',(0.199140162844446,0.0678599072977269,
0.771568829422442));
#1617=CARTESIAN_POINT('Ctrl Pts',(0.2156899713764,0.0742069077117362,0.855275419608878));
#1618=CARTESIAN_POINT('Ctrl Pts',(0.225831175469788,0.078655452755467,0.925562965782288));
#1619=CARTESIAN_POINT('Ctrl Pts',(0.233735799620652,0.082721422067663,0.996173720821904));
#1620=CARTESIAN_POINT('Ctrl Pts',(0.240986501592213,0.0871921349026994,
1.08123025122664));
#1621=CARTESIAN_POINT('Ctrl Pts',(0.243916870121765,0.089833733336858,1.13820999838314));
#1622=CARTESIAN_POINT('Ctrl Pts',(0.245025782841923,0.0916190561945447,
1.18110240000001));
#1623=CARTESIAN_POINT('Ctrl Pts',(0.0824784496564769,0.0291689545223454,
0.));
#1624=CARTESIAN_POINT('Ctrl Pts',(0.0867992286880036,0.0305248118475602,
0.0567601138423145));
#1625=CARTESIAN_POINT('Ctrl Pts',(0.093469483307802,0.0326158985854786,
0.12753546408657));
#1626=CARTESIAN_POINT('Ctrl Pts',(0.106714354942921,0.0367376459864525,
0.240423792738716));
#1627=CARTESIAN_POINT('Ctrl Pts',(0.121919650801186,0.0415132312116188,
0.353039229092866));
#1628=CARTESIAN_POINT('Ctrl Pts',(0.141628019668487,0.0472898821241982,
0.465059693498235));
#1629=CARTESIAN_POINT('Ctrl Pts',(0.157442964519774,0.0523230020511429,
0.548909022206263));
#1630=CARTESIAN_POINT('Ctrl Pts',(0.167769162772261,0.0557800211182709,
0.60483177587857));
#1631=CARTESIAN_POINT('Ctrl Pts',(0.185670955617871,0.0619154411036588,
0.688351213059823));
#1632=CARTESIAN_POINT('Ctrl Pts',(0.20557739496254,0.0689511828599581,0.771568829422443));
#1633=CARTESIAN_POINT('Ctrl Pts',(0.222078285903593,0.0753438717814292,
0.855275419608879));
#1634=CARTESIAN_POINT('Ctrl Pts',(0.232161429968847,0.0798278098436377,
0.925562965782289));
#1635=CARTESIAN_POINT('Ctrl Pts',(0.23998789733085,0.0839285941161104,0.996173720821905));
#1636=CARTESIAN_POINT('Ctrl Pts',(0.247126588786647,0.0884402813989035,
1.08123025122664));
#1637=CARTESIAN_POINT('Ctrl Pts',(0.249966125696837,0.0911085908967028,
1.13820999838314));
#1638=CARTESIAN_POINT('Ctrl Pts',(0.250997814954996,0.0929135833130479,
1.18110240000001));
#1639=CARTESIAN_POINT('Ctrl Pts',(0.0887131117753614,0.0298803370730187,
0.));
#1640=CARTESIAN_POINT('Ctrl Pts',(0.0930676915414136,0.0312621399885116,
0.0567601138423142));
#1641=CARTESIAN_POINT('Ctrl Pts',(0.0997770015240246,0.0333853582861558,
0.12753546408657));
#1642=CARTESIAN_POINT('Ctrl Pts',(0.113079562083575,0.0375575219505679,
0.240423792738716));
#1643=CARTESIAN_POINT('Ctrl Pts',(0.128335009955103,0.0423836212075155,
0.353039229092867));
#1644=CARTESIAN_POINT('Ctrl Pts',(0.148107855300365,0.0482048059313978,
0.465059693498236));
#1645=CARTESIAN_POINT('Ctrl Pts',(0.163944631373343,0.05327570292039,0.548909022206264));
#1646=CARTESIAN_POINT('Ctrl Pts',(0.174274657216124,0.0567593762528723,
0.604831775878571));
#1647=CARTESIAN_POINT('Ctrl Pts',(0.192166495861233,0.0629399726962678,
0.688351213059823));
#1648=CARTESIAN_POINT('Ctrl Pts',(0.212041763249776,0.0700252019275833,
0.771568829422444));
#1649=CARTESIAN_POINT('Ctrl Pts',(0.228486950624106,0.0764655963680735,
0.85527541960888));
#1650=CARTESIAN_POINT('Ctrl Pts',(0.238507360460044,0.080986191697999,0.925562965782291));
#1651=CARTESIAN_POINT('Ctrl Pts',(0.246251853482795,0.0851226636563368,
0.996173720821907));
#1652=CARTESIAN_POINT('Ctrl Pts',(0.253274761509481,0.0896760050797009,
1.08123025122664));
#1653=CARTESIAN_POINT('Ctrl Pts',(0.256021656016814,0.0923711578485823,
1.13820999838314));
#1654=CARTESIAN_POINT('Ctrl Pts',(0.256975163089599,0.0941957372285633,
1.18110240000001));
#1655=CARTESIAN_POINT('Ctrl Pts',(0.0950516802102864,0.0305419318725775,
0.));
#1656=CARTESIAN_POINT('Ctrl Pts',(0.0994339005151058,0.0319532756827181,
0.0567601138423145));
#1657=CARTESIAN_POINT('Ctrl Pts',(0.106174673493656,0.0341127700889581,
0.127535464086571));
#1658=CARTESIAN_POINT('Ctrl Pts',(0.119522970826019,0.0383412641928814,
0.240423792738717));
#1659=CARTESIAN_POINT('Ctrl Pts',(0.134816820446187,0.0432232631640666,
0.353039229092867));
#1660=CARTESIAN_POINT('Ctrl Pts',(0.154642356597399,0.0490931255897729,
0.465059693498237));
#1661=CARTESIAN_POINT('Ctrl Pts',(0.170492595962272,0.0542046332156567,
0.548909022206265));
#1662=CARTESIAN_POINT('Ctrl Pts',(0.180821107123017,0.0577167912696499,
0.604831775878572));
#1663=CARTESIAN_POINT('Ctrl Pts',(0.198694957030768,0.0639452829835515,
0.688351213059824));
#1664=CARTESIAN_POINT('Ctrl Pts',(0.218531285593779,0.0710824429337311,
0.771568829422445));
#1665=CARTESIAN_POINT('Ctrl Pts',(0.234914118394275,0.0775724821056464,
0.855275419608881));
#1666=CARTESIAN_POINT('Ctrl Pts',(0.244867215968837,0.0821309289375445,
0.925562965782292));
#1667=CARTESIAN_POINT('Ctrl Pts',(0.252525979455159,0.0863038909097865,
0.996173720821907));
#1668=CARTESIAN_POINT('Ctrl Pts',(0.259429376558978,0.0908994805177313,
1.08123025122664));
#1669=CARTESIAN_POINT('Ctrl Pts',(0.262081821687035,0.0936215509595717,
1.13820999838314));
#1670=CARTESIAN_POINT('Ctrl Pts',(0.262956175827846,0.0954655908886874,
1.18110240000001));
#1671=CARTESIAN_POINT('Ctrl Pts',(0.101488763626032,0.0311547974366441,
0.));
#1672=CARTESIAN_POINT('Ctrl Pts',(0.105892908670519,0.032599268436182,0.0567601138423143));
#1673=CARTESIAN_POINT('Ctrl Pts',(0.112658050956761,0.0347991647508339,
0.127535464086571));
#1674=CARTESIAN_POINT('Ctrl Pts',(0.126040820453854,0.0390898574121533,
0.240423792738717));
#1675=CARTESIAN_POINT('Ctrl Pts',(0.141361923186968,0.0440330804032335,
0.353039229092868));
#1676=CARTESIAN_POINT('Ctrl Pts',(0.161228780948436,0.0499556978699607,
0.465059693498237));
#1677=CARTESIAN_POINT('Ctrl Pts',(0.177084373508291,0.0551105702665554,
0.548909022206265));
#1678=CARTESIAN_POINT('Ctrl Pts',(0.187406190908876,0.0586529846553982,
0.604831775878572));
#1679=CARTESIAN_POINT('Ctrl Pts',(0.205254223506782,0.0649319597237001,
0.688351213059825));
#1680=CARTESIAN_POINT('Ctrl Pts',(0.225043988213502,0.0721233271675312,
0.771568829422446));
#1681=CARTESIAN_POINT('Ctrl Pts',(0.241357931228782,0.0786648147585599,
0.855275419608882));
#1682=CARTESIAN_POINT('Ctrl Pts',(0.251239224755802,0.0832622340828751,
0.925562965782293));
#1683=CARTESIAN_POINT('Ctrl Pts',(0.25880856466196,0.0874724345775461,0.996173720821909));
#1684=CARTESIAN_POINT('Ctrl Pts',(0.265588774989445,0.0921108222802374,
1.08123025122664));
#1685=CARTESIAN_POINT('Ctrl Pts',(0.26814497852194,0.094859872482888,1.13820999838314));
#1686=CARTESIAN_POINT('Ctrl Pts',(0.268939209111087,0.0967232470991781,
1.18110240000001));
#1687=CARTESIAN_POINT('Ctrl Pts',(0.108019236535337,0.0317203337695532,
0.));
#1688=CARTESIAN_POINT('Ctrl Pts',(0.112440033100086,0.0332013797837722,
0.0567601138423144));
#1689=CARTESIAN_POINT('Ctrl Pts',(0.119222945569698,0.0354456568597607,
0.127535464086571));
#1690=CARTESIAN_POINT('Ctrl Pts',(0.132629582568558,0.0398042369413186,
0.240423792738717));
#1691=CARTESIAN_POINT('Ctrl Pts',(0.147967357265391,0.0448138577774341,
0.353039229092868));
#1692=CARTESIAN_POINT('Ctrl Pts',(0.167864511108734,0.0507933306180204,
0.465059693498238));
#1693=CARTESIAN_POINT('Ctrl Pts',(0.183717559122854,0.0559942788265127,
0.548909022206266));
#1694=CARTESIAN_POINT('Ctrl Pts',(0.194027642258135,0.0595686698355718,
0.604831775878573));
#1695=CARTESIAN_POINT('Ctrl Pts',(0.211842203820945,0.0659005535219937,
0.688351213059825));
#1696=CARTESIAN_POINT('Ctrl Pts',(0.231577895649088,0.0731481841191964,
0.771568829422446));
#1697=CARTESIAN_POINT('Ctrl Pts',(0.247816513136572,0.0797427567018866,
0.855275419608882));
#1698=CARTESIAN_POINT('Ctrl Pts',(0.257621590277221,0.0843802019458361,
0.925562965782293));
#1699=CARTESIAN_POINT('Ctrl Pts',(0.265097874132883,0.0886283568289888,
0.996173720821909));
#1700=CARTESIAN_POINT('Ctrl Pts',(0.271751280522021,0.0933100906361625,
1.08123025122664));
#1701=CARTESIAN_POINT('Ctrl Pts',(0.274209475591245,0.0960862121150911,
1.13820999838314));
#1702=CARTESIAN_POINT('Ctrl Pts',(0.274922623287015,0.0979688356260004,
1.18110240000001));
#1703=CARTESIAN_POINT('Ctrl Pts',(0.11463821694644,0.0322402709540123,0.));
#1704=CARTESIAN_POINT('Ctrl Pts',(0.119070812690275,0.0337610801161483,
0.0567601138423143));
#1705=CARTESIAN_POINT('Ctrl Pts',(0.125865358356623,0.0360534431339932,
0.127535464086572));
#1706=CARTESIAN_POINT('Ctrl Pts',(0.139285878042635,0.0404852823334375,
0.240423792738718));
#1707=CARTESIAN_POINT('Ctrl Pts',(0.154630271059487,0.0455662251648957,
0.353039229092869));
#1708=CARTESIAN_POINT('Ctrl Pts',(0.174546997912818,0.0516067033749996,
0.465059693498239));
#1709=CARTESIAN_POINT('Ctrl Pts',(0.190389792175387,0.0568564145784906,
0.548909022206266));
#1710=CARTESIAN_POINT('Ctrl Pts',(0.200683225518173,0.0604644572687334,
0.604831775878574));
#1711=CARTESIAN_POINT('Ctrl Pts',(0.218456821726791,0.0668515164115933,
0.688351213059826));
#1712=CARTESIAN_POINT('Ctrl Pts',(0.238131037575932,0.0741572573930487,
0.771568829422448));
#1713=CARTESIAN_POINT('Ctrl Pts',(0.254287987004553,0.0808063990451876,
0.855275419608884));
#1714=CARTESIAN_POINT('Ctrl Pts',(0.264012510926767,0.0854848718426775,
0.925562965782295));
#1715=CARTESIAN_POINT('Ctrl Pts',(0.271392166779283,0.0897716834639766,
0.996173720821912));
#1716=CARTESIAN_POINT('Ctrl Pts',(0.277915211924416,0.0944973355560126,
1.08123025122665));
#1717=CARTESIAN_POINT('Ctrl Pts',(0.280273659946685,0.0973006698167051,
1.13820999838315));
#1718=CARTESIAN_POINT('Ctrl Pts',(0.280904780183698,0.0992025130898443,
1.18110240000001));
#1719=CARTESIAN_POINT('Ctrl Pts',(0.121341061652303,0.0327164234596829,
0.));
#1720=CARTESIAN_POINT('Ctrl Pts',(0.12578096166216,0.0342798719795446,0.0567601138423144));
#1721=CARTESIAN_POINT('Ctrl Pts',(0.132581405375045,0.0366237000836387,
0.127535464086572));
#1722=CARTESIAN_POINT('Ctrl Pts',(0.146006368959767,0.0411337827215555,
0.240423792738718));
#1723=CARTESIAN_POINT('Ctrl Pts',(0.161347802313208,0.046290670157378,0.353039229092869));
#1724=CARTESIAN_POINT('Ctrl Pts',(0.181273693161674,0.052396316985762,0.46505969349824));
#1725=CARTESIAN_POINT('Ctrl Pts',(0.197098719893187,0.0576974523132432,
0.548909022206267));
#1726=CARTESIAN_POINT('Ctrl Pts',(0.20737071353328,0.0613407806144388,0.604831775878575));
#1727=CARTESIAN_POINT('Ctrl Pts',(0.225096009059963,0.0677851605823994,
0.688351213059827));
#1728=CARTESIAN_POINT('Ctrl Pts',(0.244701455616331,0.075150716683337,0.77156882942245));
#1729=CARTESIAN_POINT('Ctrl Pts',(0.260770488478861,0.0818558114833531,
0.855275419608885));
#1730=CARTESIAN_POINT('Ctrl Pts',(0.270410196694543,0.0865762840324164,
0.925562965782296));
#1731=CARTESIAN_POINT('Ctrl Pts',(0.27768971074639,0.0909024559551564,0.996173720821912));
#1732=CARTESIAN_POINT('Ctrl Pts',(0.284078893371375,0.0956726319596245,
1.08123025122665));
#1733=CARTESIAN_POINT('Ctrl Pts',(0.286335880596157,0.0985033693371088,
1.13820999838315));
#1734=CARTESIAN_POINT('Ctrl Pts',(0.286884040454367,0.100424455383435,1.18110240000002));
#1735=CARTESIAN_POINT('Ctrl Pts',(0.128123381959308,0.0331505013542919,
0.));
#1736=CARTESIAN_POINT('Ctrl Pts',(0.132566370010264,0.0347591588387058,
0.0567601138423144));
#1737=CARTESIAN_POINT('Ctrl Pts',(0.139367298353291,0.0371575082262155,
0.127535464086573));
#1738=CARTESIAN_POINT('Ctrl Pts',(0.152787729436462,0.0417504306143355,
0.240423792738719));
#1739=CARTESIAN_POINT('Ctrl Pts',(0.168117044022119,0.0469875824681392,
0.35303922909287));
#1740=CARTESIAN_POINT('Ctrl Pts',(0.188042041888737,0.0531625345816478,
0.46505969349824));
#1741=CARTESIAN_POINT('Ctrl Pts',(0.203842004392558,0.0585177257878189,
0.548909022206268));
#1742=CARTESIAN_POINT('Ctrl Pts',(0.214087900952746,0.0621979384362517,
0.604831775878576));
#1743=CARTESIAN_POINT('Ctrl Pts',(0.231757723197604,0.0687017079262235,
0.688351213059828));
#1744=CARTESIAN_POINT('Ctrl Pts',(0.251287221175666,0.0761287139550835,
0.771568829422452));
#1745=CARTESIAN_POINT('Ctrl Pts',(0.267262182693503,0.0828910975733543,
0.855275419608888));
#1746=CARTESIAN_POINT('Ctrl Pts',(0.276812884419522,0.0876545267339208,
0.925562965782299));
#1747=CARTESIAN_POINT('Ctrl Pts',(0.283988795628085,0.0920207648848241,
0.996173720821915));
#1748=CARTESIAN_POINT('Ctrl Pts',(0.290240661609209,0.0968360909961883,
1.08123025122665));
#1749=CARTESIAN_POINT('Ctrl Pts',(0.292394491034328,0.0996944506411011,
1.13820999838315));
#1750=CARTESIAN_POINT('Ctrl Pts',(0.292858761950917,0.101634832639209,1.18110240000002));
#1751=CARTESIAN_POINT('Ctrl Pts',(0.134981051343481,0.0335438776287906,
0.));
#1752=CARTESIAN_POINT('Ctrl Pts',(0.139423126875752,0.0352000936430428,
0.0567601138423143));
#1753=CARTESIAN_POINT('Ctrl Pts',(0.146219384019717,0.0376557853063197,
0.127535464086573));
#1754=CARTESIAN_POINT('Ctrl Pts',(0.15962669691802,0.0423358501946641,0.240423792738719));
#1755=CARTESIAN_POINT('Ctrl Pts',(0.174935101664246,0.0476573516769378,
0.353039229092871));
#1756=CARTESIAN_POINT('Ctrl Pts',(0.19484951750904,0.0539056691894857,0.465059693498241));
#1757=CARTESIAN_POINT('Ctrl Pts',(0.210617345886086,0.0593175069953647,
0.548909022206269));
#1758=CARTESIAN_POINT('Ctrl Pts',(0.220832622332199,0.0630361715690528,
0.604831775878577));
#1759=CARTESIAN_POINT('Ctrl Pts',(0.238439963378541,0.0696013673453221,
0.68835121305983));
#1760=CARTESIAN_POINT('Ctrl Pts',(0.257886453455222,0.0770914551584553,
0.771568829422453));
#1761=CARTESIAN_POINT('Ctrl Pts',(0.273761282310358,0.0839124562698835,
0.855275419608889));
#1762=CARTESIAN_POINT('Ctrl Pts',(0.283218853174928,0.0887197848463079,
0.9255629657823));
#1763=CARTESIAN_POINT('Ctrl Pts',(0.290287744294368,0.0931267815205451,
0.996173720821916));
#1764=CARTESIAN_POINT('Ctrl Pts',(0.296398872534335,0.0979878672656484,
1.08123025122665));
#1765=CARTESIAN_POINT('Ctrl Pts',(0.298447851479428,0.100874057145234,1.13820999838315));
#1766=CARTESIAN_POINT('Ctrl Pts',(0.298827298258266,0.102833779830706,1.18110240000002));
#1767=CARTESIAN_POINT('Ctrl Pts',(0.141910197328882,0.0338975500756394,
0.));
#1768=CARTESIAN_POINT('Ctrl Pts',(0.146347530887498,0.0356035662488951,
0.0567601138423145));
#1769=CARTESIAN_POINT('Ctrl Pts',(0.153134171995144,0.0381192999125282,
0.127535464086574));
#1770=CARTESIAN_POINT('Ctrl Pts',(0.166520116135257,0.0428906421295853,
0.240423792738719));
#1771=CARTESIAN_POINT('Ctrl Pts',(0.181799145304523,0.0483004341810764,
0.353039229092872));
#1772=CARTESIAN_POINT('Ctrl Pts',(0.201693655043491,0.0546260578827222,
0.465059693498243));
#1773=CARTESIAN_POINT('Ctrl Pts',(0.217422504057412,0.060097076735649,0.548909022206271));
#1774=CARTESIAN_POINT('Ctrl Pts',(0.227602767878843,0.0638557298442753,
0.604831775878579));
#1775=CARTESIAN_POINT('Ctrl Pts',(0.245140779663841,0.0704843848843582,
0.688351213059831));
#1776=CARTESIAN_POINT('Ctrl Pts',(0.264497321230672,0.078039222334214,0.771568829422455));
#1777=CARTESIAN_POINT('Ctrl Pts',(0.280266044760684,0.0849201816365426,
0.855275419608891));
#1778=CARTESIAN_POINT('Ctrl Pts',(0.289626419264971,0.0897723287577222,
0.925562965782302));
#1779=CARTESIAN_POINT('Ctrl Pts',(0.296584907247609,0.0942207386991094,
0.996173720821919));
#1780=CARTESIAN_POINT('Ctrl Pts',(0.302551896108712,0.0991281332765455,
1.08123025122665));
#1781=CARTESIAN_POINT('Ctrl Pts',(0.304494325433131,0.102042308641649,1.13820999838315));
#1782=CARTESIAN_POINT('Ctrl Pts',(0.30478799714607,0.10402136993091,1.18110240000002));
#1783=CARTESIAN_POINT('Ctrl Pts',(0.148907174775329,0.0342123071960487,
0.));
#1784=CARTESIAN_POINT('Ctrl Pts',(0.153336088503726,0.0359703360801179,
0.0567601138423144));
#1785=CARTESIAN_POINT('Ctrl Pts',(0.160108357077512,0.0385487711320755,
0.127535464086574));
#1786=CARTESIAN_POINT('Ctrl Pts',(0.173464984727754,0.0434154496270285,
0.24042379273872));
#1787=CARTESIAN_POINT('Ctrl Pts',(0.188706468275275,0.0489173951046311,
0.353039229092872));
#1788=CARTESIAN_POINT('Ctrl Pts',(0.208572091051385,0.0553241386654283,
0.465059693498243));
#1789=CARTESIAN_POINT('Ctrl Pts',(0.22425532391207,0.0608568068557311,0.548909022206271));
#1790=CARTESIAN_POINT('Ctrl Pts',(0.234396302139017,0.0646569498104749,
0.604831775878579));
#1791=CARTESIAN_POINT('Ctrl Pts',(0.251858278851915,0.0713510866131611,
0.688351213059832));
#1792=CARTESIAN_POINT('Ctrl Pts',(0.271118032709479,0.0789723624665862,
0.771568829422457));
#1793=CARTESIAN_POINT('Ctrl Pts',(0.286774751995131,0.0859146120252847,
0.855275419608893));
#1794=CARTESIAN_POINT('Ctrl Pts',(0.296033913560588,0.0908124515348059,
0.925562965782305));
#1795=CARTESIAN_POINT('Ctrl Pts',(0.302878641425881,0.0953028652314252,
0.996173720821921));
#1796=CARTESIAN_POINT('Ctrl Pts',(0.308698100786442,0.100257020757198,1.08123025122666));
#1797=CARTESIAN_POINT('Ctrl Pts',(0.310532271123883,0.103199255478164,1.13820999838316));
#1798=CARTESIAN_POINT('Ctrl Pts',(0.310739199178592,0.105197582657535,1.18110240000002));
#1799=CARTESIAN_POINT('Ctrl Pts',(0.155968540916286,0.0344888692202339,
0.));
#1800=CARTESIAN_POINT('Ctrl Pts',(0.160385512263049,0.0363011481581902,
0.0567601138423144));
#1801=CARTESIAN_POINT('Ctrl Pts',(0.167138839702489,0.0389449583121217,
0.127535464086575));
#1802=CARTESIAN_POINT('Ctrl Pts',(0.180458494000791,0.0439110189410527,
0.24042379273872));
#1803=CARTESIAN_POINT('Ctrl Pts',(0.195654538437149,0.0495089456345549,
0.353039229092873));
#1804=CARTESIAN_POINT('Ctrl Pts',(0.215482591789957,0.0560005004275039,
0.465059693498245));
#1805=CARTESIAN_POINT('Ctrl Pts',(0.231113749177492,0.0615972080658703,
0.548909022206273));
#1806=CARTESIAN_POINT('Ctrl Pts',(0.241211270442638,0.0654402967589587,
0.604831775878581));
#1807=CARTESIAN_POINT('Ctrl Pts',(0.258590621716996,0.072201894678997,0.688351213059834));
#1808=CARTESIAN_POINT('Ctrl Pts',(0.277746822709195,0.0798912659976586,
0.771568829422459));
#1809=CARTESIAN_POINT('Ctrl Pts',(0.293285692133295,0.0868960832580437,
0.855275419608895));
#1810=CARTESIAN_POINT('Ctrl Pts',(0.302439661952741,0.0918404163263,0.925562965782306));
#1811=CARTESIAN_POINT('Ctrl Pts',(0.309167292382377,0.096373335490963,0.996173720821924));
#1812=CARTESIAN_POINT('Ctrl Pts',(0.31483584039972,0.10137458109701,1.08123025122666));
#1813=CARTESIAN_POINT('Ctrl Pts',(0.31656003390782,0.104344853192913,1.13820999838316));
#1814=CARTESIAN_POINT('Ctrl Pts',(0.316679235555275,0.106362293696697,1.18110240000003));
#1815=CARTESIAN_POINT('Ctrl Pts',(0.1630910298403,0.0347280483568696,0.));
#1816=CARTESIAN_POINT('Ctrl Pts',(0.167492696485405,0.0365968403285987,
0.0567601138423144));
#1817=CARTESIAN_POINT('Ctrl Pts',(0.174222702570131,0.0393087139191936,
0.127535464086575));
#1818=CARTESIAN_POINT('Ctrl Pts',(0.187498006362593,0.0443781887915835,
0.240423792738721));
#1819=CARTESIAN_POINT('Ctrl Pts',(0.20264097599332,0.0500758854445543,0.353039229092874));
#1820=CARTESIAN_POINT('Ctrl Pts',(0.222423028406978,0.0566558290024051,
0.465059693498246));
#1821=CARTESIAN_POINT('Ctrl Pts',(0.237995796659814,0.0623188784587356,
0.548909022206274));
#1822=CARTESIAN_POINT('Ctrl Pts',(0.248045773287695,0.0662063127733579,
0.604831775878582));
#1823=CARTESIAN_POINT('Ctrl Pts',(0.265335998271278,0.0730372702482847,
0.688351213059835));
#1824=CARTESIAN_POINT('Ctrl Pts',(0.284381929706346,0.0807963070429279,
0.771568829422461));
#1825=CARTESIAN_POINT('Ctrl Pts',(0.299797138987035,0.0878648731901019,
0.855275419608897));
#1826=CARTESIAN_POINT('Ctrl Pts',(0.308841967438559,0.092856412158412,0.925562965782309));
#1827=CARTESIAN_POINT('Ctrl Pts',(0.315449179529002,0.0974322421242435,
0.996173720821926));
#1828=CARTESIAN_POINT('Ctrl Pts',(0.320963443783068,0.102480784047496,1.08123025122666));
#1829=CARTESIAN_POINT('Ctrl Pts',(0.322575939288714,0.105478983339731,1.13820999838316));
#1830=CARTESIAN_POINT('Ctrl Pts',(0.322606423984191,0.107515314905148,1.18110240000003));
#1831=CARTESIAN_POINT('Ctrl Pts',(0.170271526134814,0.0349308591540514,
0.));
#1832=CARTESIAN_POINT('Ctrl Pts',(0.174654683920792,0.0368584056148419,
0.0567601138423143));
#1833=CARTESIAN_POINT('Ctrl Pts',(0.181357171042958,0.039640996541657,0.127535464086576));
#1834=CARTESIAN_POINT('Ctrl Pts',(0.194581010603553,0.0448178488032547,
0.240423792738722));
#1835=CARTESIAN_POINT('Ctrl Pts',(0.209663506821267,0.0506190221106135,
0.353039229092875));
#1836=CARTESIAN_POINT('Ctrl Pts',(0.229391340222941,0.0572908382724739,
0.465059693498248));
#1837=CARTESIAN_POINT('Ctrl Pts',(0.244899525540922,0.0630224418441937,
0.548909022206276));
#1838=CARTESIAN_POINT('Ctrl Pts',(0.254897938612848,0.0669555573261648,
0.604831775878584));
#1839=CARTESIAN_POINT('Ctrl Pts',(0.272092602609334,0.0738576518505416,
0.688351213059837));
#1840=CARTESIAN_POINT('Ctrl Pts',(0.291021572453361,0.0816877800673105,
0.771568829422463));
#1841=CARTESIAN_POINT('Ctrl Pts',(0.306307331070797,0.0888211441576325,
0.855275419608899));
#1842=CARTESIAN_POINT('Ctrl Pts',(0.315239092072514,0.0938605089050664,
0.92556296578231));
#1843=CARTESIAN_POINT('Ctrl Pts',(0.321722581446081,0.0984795691588645,
0.996173720821928));
#1844=CARTESIAN_POINT('Ctrl Pts',(0.327079204534778,0.103575518061064,1.08123025122666));
#1845=CARTESIAN_POINT('Ctrl Pts',(0.328578286031314,0.106601476708919,1.13820999838317));
#1846=CARTESIAN_POINT('Ctrl Pts',(0.328519064495335,0.108656437349938,1.18110240000003));
#1847=CARTESIAN_POINT('Ctrl Pts',(0.177507034408932,0.0350984499037681,
0.));
#1848=CARTESIAN_POINT('Ctrl Pts',(0.181868631586578,0.0370869290621618,
0.0567601138423145));
#1849=CARTESIAN_POINT('Ctrl Pts',(0.188539575723726,0.0399428135210907,
0.127535464086577));
#1850=CARTESIAN_POINT('Ctrl Pts',(0.201705082294379,0.0452308871257347,
0.240423792738723));
#1851=CARTESIAN_POINT('Ctrl Pts',(0.216719922987741,0.0511391230648842,
0.353039229092877));
#1852=CARTESIAN_POINT('Ctrl Pts',(0.236385500070053,0.0579062100498111,
0.465059693498249));
#1853=CARTESIAN_POINT('Ctrl Pts',(0.251823007894873,0.0637084882336187,
0.548909022206278));
#1854=CARTESIAN_POINT('Ctrl Pts',(0.261765895731859,0.0676885515494386,
0.604831775878586));
#1855=CARTESIAN_POINT('Ctrl Pts',(0.278858614797077,0.0746634171674551,
0.688351213059839));
#1856=CARTESIAN_POINT('Ctrl Pts',(0.297663942426671,0.0825658888194527,
0.771568829422465));
#1857=CARTESIAN_POINT('Ctrl Pts',(0.312814471375077,0.0897649542807173,
0.855275419608902));
#1858=CARTESIAN_POINT('Ctrl Pts',(0.3216292593127,0.0948526798004944,0.925562965782314));
#1859=CARTESIAN_POINT('Ctrl Pts',(0.327985738750764,0.0995152230509751,
0.996173720821931));
#1860=CARTESIAN_POINT('Ctrl Pts',(0.333181382484953,0.104658628552847,1.08123025122667));
#1861=CARTESIAN_POINT('Ctrl Pts',(0.334565344939109,0.10771215392762,1.13820999838317));
#1862=CARTESIAN_POINT('Ctrl Pts',(0.334415435224099,0.109785472240057,1.18110240000004));
#1863=CARTESIAN_POINT('Ctrl Pts',(0.184794647496216,0.0352320092317746,
0.));
#1864=CARTESIAN_POINT('Ctrl Pts',(0.189131774073291,0.0372835050029475,
0.0567601138423143));
#1865=CARTESIAN_POINT('Ctrl Pts',(0.19576731151499,0.0402151488657829,0.127535464086578));
#1866=CARTESIAN_POINT('Ctrl Pts',(0.208867839497206,0.0456181290346927,
0.240423792738724));
#1867=CARTESIAN_POINT('Ctrl Pts',(0.223808038125216,0.0516368632076256,
0.353039229092878));
#1868=CARTESIAN_POINT('Ctrl Pts',(0.243403473729363,0.0585025224482109,
0.465059693498252));
#1869=CARTESIAN_POINT('Ctrl Pts',(0.258764294586515,0.0643775040478453,
0.548909022206281));
#1870=CARTESIAN_POINT('Ctrl Pts',(0.268647745816788,0.0684057149224246,
0.604831775878589));
#1871=CARTESIAN_POINT('Ctrl Pts',(0.285632184048804,0.0754548514299362,
0.688351213059842));
#1872=CARTESIAN_POINT('Ctrl Pts',(0.304307204467163,0.0834307629270953,
0.771568829422469));
#1873=CARTESIAN_POINT('Ctrl Pts',(0.319316739675781,0.0906963098393538,
0.855275419608905));
#1874=CARTESIAN_POINT('Ctrl Pts',(0.328010669201576,0.0958328661487081,
0.925562965782317));
#1875=CARTESIAN_POINT('Ctrl Pts',(0.334236868368227,0.10053910188708,0.996173720821935));
#1876=CARTESIAN_POINT('Ctrl Pts',(0.339268212972827,0.105729983952173,1.08123025122667));
#1877=CARTESIAN_POINT('Ctrl Pts',(0.340535361537909,0.108810882390542,1.13820999838317));
#1878=CARTESIAN_POINT('Ctrl Pts',(0.340293788254437,0.11090229694754,1.18110240000004));
#1879=CARTESIAN_POINT('Ctrl Pts',(0.192131516687003,0.03533268154303,0.));
#1880=CARTESIAN_POINT('Ctrl Pts',(0.196441392414895,0.0374491666639212,
0.0567601138423145));
#1881=CARTESIAN_POINT('Ctrl Pts',(0.203037805864041,0.0404589078771994,
0.127535464086579));
#1882=CARTESIAN_POINT('Ctrl Pts',(0.216066912405503,0.0459802988824218,
0.240423792738725));
#1883=CARTESIAN_POINT('Ctrl Pts',(0.230925660152721,0.0521128013529368,
0.35303922909288));
#1884=CARTESIAN_POINT('Ctrl Pts',(0.250443200374234,0.0590802196157766,
0.465059693498254));
#1885=CARTESIAN_POINT('Ctrl Pts',(0.265721401820771,0.0650298453238882,
0.548909022206283));
#1886=CARTESIAN_POINT('Ctrl Pts',(0.275541552080356,0.0691073436154369,
0.604831775878591));
#1887=CARTESIAN_POINT('Ctrl Pts',(0.292411426115741,0.0762321466623696,
0.688351213059845));
#1888=CARTESIAN_POINT('Ctrl Pts',(0.310949502764831,0.08428248712298,0.771568829422473));
#1889=CARTESIAN_POINT('Ctrl Pts',(0.32581230352294,0.0916152141950413,0.85527541960891));
#1890=CARTESIAN_POINT('Ctrl Pts',(0.334381509992074,0.0968010300520819,
0.925562965782322));
#1891=CARTESIAN_POINT('Ctrl Pts',(0.34047417338557,0.1015511452068,0.99617372082194));
#1892=CARTESIAN_POINT('Ctrl Pts',(0.345337912247081,0.106789515099412,1.08123025122668));
#1893=CARTESIAN_POINT('Ctrl Pts',(0.346486556483774,0.109897602881252,1.13820999838318));
#1894=CARTESIAN_POINT('Ctrl Pts',(0.346152345146529,0.112006868692985,1.18110240000005));
#1895=CARTESIAN_POINT('Ctrl Pts',(0.199514817690388,0.035401470893982,0.));
#1896=CARTESIAN_POINT('Ctrl Pts',(0.203794790955483,0.037584825350109,0.0567601138423143));
#1897=CARTESIAN_POINT('Ctrl Pts',(0.210348507388816,0.0406748930022106,
0.127535464086581));
#1898=CARTESIAN_POINT('Ctrl Pts',(0.223299946815991,0.0463180387062665,
0.240423792738726));
#1899=CARTESIAN_POINT('Ctrl Pts',(0.238070606519954,0.0525674309753032,
0.353039229092882));
#1900=CARTESIAN_POINT('Ctrl Pts',(0.257502613906561,0.059639661215487,0.465059693498256));
#1901=CARTESIAN_POINT('Ctrl Pts',(0.272692334369799,0.0656657866758187,
0.548909022206285));
#1902=CARTESIAN_POINT('Ctrl Pts',(0.282445363738809,0.069793660307365,0.604831775878594));
#1903=CARTESIAN_POINT('Ctrl Pts',(0.299194445935382,0.0769954573331421,
0.688351213059847));
#1904=CARTESIAN_POINT('Ctrl Pts',(0.317588979047536,0.085121162024729,0.771568829422476));
#1905=CARTESIAN_POINT('Ctrl Pts',(0.332299331797852,0.0925217258543129,
0.855275419608913));
#1906=CARTESIAN_POINT('Ctrl Pts',(0.340739968357381,0.0977572019690685,
0.925562965782325));
#1907=CARTESIAN_POINT('Ctrl Pts',(0.346695849476144,0.102551365095394,0.996173720821944));
#1908=CARTESIAN_POINT('Ctrl Pts',(0.351388679018576,0.107837220656364,1.08123025122668));
#1909=CARTESIAN_POINT('Ctrl Pts',(0.352417123563547,0.110972312836629,1.13820999838318));
#1910=CARTESIAN_POINT('Ctrl Pts',(0.351989292093855,0.113099188302817,1.18110240000005));
#1911=CARTESIAN_POINT('Ctrl Pts',(0.206941752857303,0.03543922864333,0.));
#1912=CARTESIAN_POINT('Ctrl Pts',(0.211189300903185,0.0376912709504569,
0.0567601138423144));
#1913=CARTESIAN_POINT('Ctrl Pts',(0.217696891227038,0.0408638178645698,
0.127535464086582));
#1914=CARTESIAN_POINT('Ctrl Pts',(0.230564613094878,0.0466319388054358,
0.240423792738728));
#1915=CARTESIAN_POINT('Ctrl Pts',(0.245240716701822,0.0530012237686995,
0.353039229092884));
#1916=CARTESIAN_POINT('Ctrl Pts',(0.264579662983179,0.0601811687188458,
0.465059693498259));
#1917=CARTESIAN_POINT('Ctrl Pts',(0.279675108322819,0.0662855691236327,
0.548909022206288));
#1918=CARTESIAN_POINT('Ctrl Pts',(0.289357239472507,0.0704648628065001,
0.604831775878597));
#1919=CARTESIAN_POINT('Ctrl Pts',(0.305979359320955,0.0777449530962591,
0.688351213059851));
#1920=CARTESIAN_POINT('Ctrl Pts',(0.324223789939868,0.0859469612438991,
0.771568829422481));
#1921=CARTESIAN_POINT('Ctrl Pts',(0.338776007389295,0.0934160122928081,
0.855275419608918));
#1922=CARTESIAN_POINT('Ctrl Pts',(0.347084238788742,0.0987015245636168,
0.925562965782331));
#1923=CARTESIAN_POINT('Ctrl Pts',(0.352900090604558,0.103539874551239,0.99617372082195));
#1924=CARTESIAN_POINT('Ctrl Pts',(0.357418695511213,0.108873171674721,1.08123025122669));
#1925=CARTESIAN_POINT('Ctrl Pts',(0.358325227375858,0.112035050436518,1.13820999838319));
#1926=CARTESIAN_POINT('Ctrl Pts',(0.357802774950687,0.114179266411475,1.18110240000006));
#1927=CARTESIAN_POINT('Ctrl Pts',(0.214409587654985,0.0354467191572235,
0.));
#1928=CARTESIAN_POINT('Ctrl Pts',(0.218622308106483,0.0377692273288253,
0.0567601138423144));
#1929=CARTESIAN_POINT('Ctrl Pts',(0.225080478521228,0.0410263527388807,
0.127535464086584));
#1930=CARTESIAN_POINT('Ctrl Pts',(0.237858617976762,0.0469225741009394,
0.240423792738729));
#1931=CARTESIAN_POINT('Ctrl Pts',(0.252433859331994,0.0534146595177159,
0.353039229092887));
#1932=CARTESIAN_POINT('Ctrl Pts',(0.271672329802312,0.0607050740315926,
0.465059693498262));
#1933=CARTESIAN_POINT('Ctrl Pts',(0.286667773626373,0.0668894507201939,
0.548909022206292));
#1934=CARTESIAN_POINT('Ctrl Pts',(0.296275270283613,0.0711211716982708,
0.6048317758786));
#1935=CARTESIAN_POINT('Ctrl Pts',(0.312764310250074,0.0784808464212933,
0.688351213059855));
#1936=CARTESIAN_POINT('Ctrl Pts',(0.33085211445802,0.0867601271835912,0.771568829422486));
#1937=CARTESIAN_POINT('Ctrl Pts',(0.3452405268746,0.094298321474713,0.855275419608923));
#1938=CARTESIAN_POINT('Ctrl Pts',(0.353412520213293,0.0996342149581561,
0.925562965782336));
#1939=CARTESIAN_POINT('Ctrl Pts',(0.35908508375088,0.104516845095848,0.996173720821956));
#1940=CARTESIAN_POINT('Ctrl Pts',(0.363426121287257,0.109897468601847,1.08123025122669));
#1941=CARTESIAN_POINT('Ctrl Pts',(0.364208997663868,0.113085855421511,1.1382099983832));
#1942=CARTESIAN_POINT('Ctrl Pts',(0.363590894581912,0.115247089438351,1.18110240000007));
#1943=CARTESIAN_POINT('Ctrl Pts',(0.221915683138386,0.0354246764243952,
0.));
#1944=CARTESIAN_POINT('Ctrl Pts',(0.226091278217406,0.0378194025986028,
0.0567601138423144));
#1945=CARTESIAN_POINT('Ctrl Pts',(0.232496854587802,0.0411631685285136,
0.127535464086585));
#1946=CARTESIAN_POINT('Ctrl Pts',(0.245179716968847,0.0471905438082701,
0.240423792738731));
#1947=CARTESIAN_POINT('Ctrl Pts',(0.259647941258962,0.0538082619357749,
0.35303922909289));
#1948=CARTESIAN_POINT('Ctrl Pts',(0.278778652358636,0.061211778034047,0.465059693498266));
#1949=CARTESIAN_POINT('Ctrl Pts',(0.293668440012314,0.0674777649202748,
0.548909022206296));
#1950=CARTESIAN_POINT('Ctrl Pts',(0.30319760541766,0.0717628833118709,0.604831775878604));
#1951=CARTESIAN_POINT('Ctrl Pts',(0.31954748890361,0.0792034136545687,0.688351213059859));
#1952=CARTESIAN_POINT('Ctrl Pts',(0.337472158507965,0.0875609421680668,
0.771568829422492));
#1953=CARTESIAN_POINT('Ctrl Pts',(0.351691094701872,0.0951689175022764,
0.85527541960893));
#1954=CARTESIAN_POINT('Ctrl Pts',(0.359723006748352,0.10055549058999,0.925562965782343));
#1955=CARTESIAN_POINT('Ctrl Pts',(0.365248998205215,0.105482431913169,0.996173720821963));
#1956=CARTESIAN_POINT('Ctrl Pts',(0.369409083060652,0.110910175493812,1.0812302512267));
#1957=CARTESIAN_POINT('Ctrl Pts',(0.370066521284973,0.11412471737051,1.13820999838321));
#1958=CARTESIAN_POINT('Ctrl Pts',(0.36935170152718,0.116302583241946,1.18110240000008));
#1959=CARTESIAN_POINT('Ctrl Pts',(0.229457530194247,0.0353738646636906,
0.));
#1960=CARTESIAN_POINT('Ctrl Pts',(0.233593782254086,0.037842535004605,0.0567601138423143));
#1961=CARTESIAN_POINT('Ctrl Pts',(0.239943685702487,0.0412749678377031,
0.127535464086587));
#1962=CARTESIAN_POINT('Ctrl Pts',(0.252525721082049,0.0474364861838298,
0.240423792738733));
#1963=CARTESIAN_POINT('Ctrl Pts',(0.266880906886104,0.0541826006942496,
0.353039229092893));
#1964=CARTESIAN_POINT('Ctrl Pts',(0.285896726244642,0.0617017645254118,
0.46505969349827));
#1965=CARTESIAN_POINT('Ctrl Pts',(0.300675279372342,0.0680509338969081,
0.5489090222063));
#1966=CARTESIAN_POINT('Ctrl Pts',(0.310122454342711,0.0723903794620291,
0.604831775878609));
#1967=CARTESIAN_POINT('Ctrl Pts',(0.326327130999025,0.0799129843722566,
0.688351213059864));
#1968=CARTESIAN_POINT('Ctrl Pts',(0.344082150735467,0.0883496872652503,
0.771568829422499));
#1969=CARTESIAN_POINT('Ctrl Pts',(0.358125917027007,0.0960280209570704,
0.855275419608937));
#1970=CARTESIAN_POINT('Ctrl Pts',(0.366013881688978,0.101465508813402,0.925562965782351));
#1971=CARTESIAN_POINT('Ctrl Pts',(0.371389980754767,0.106436720731758,0.996173720821972));
#1972=CARTESIAN_POINT('Ctrl Pts',(0.375365672382928,0.111911283720583,1.08123025122671));
#1973=CARTESIAN_POINT('Ctrl Pts',(0.375895842479326,0.115151557649093,1.13820999838322));
#1974=CARTESIAN_POINT('Ctrl Pts',(0.375083198706373,0.117345612557446,1.18110240000009));
#1975=CARTESIAN_POINT('Ctrl Pts',(0.237032780158374,0.0352951336952768,
0.));
#1976=CARTESIAN_POINT('Ctrl Pts',(0.24112751863206,0.037839426359164,0.0567601138423145));
#1977=CARTESIAN_POINT('Ctrl Pts',(0.247418731374862,0.0413624950035446,
0.127535464086589));
#1978=CARTESIAN_POINT('Ctrl Pts',(0.259894495786069,0.0476610609758307,
0.240423792738735));
#1979=CARTESIAN_POINT('Ctrl Pts',(0.274130725965306,0.0545382521240428,
0.353039229092896));
#1980=CARTESIAN_POINT('Ctrl Pts',(0.293024681232723,0.0621755603102181,
0.465059693498274));
#1981=CARTESIAN_POINT('Ctrl Pts',(0.307686498748255,0.0686094262715086,
0.548909022206305));
#1982=CARTESIAN_POINT('Ctrl Pts',(0.317048058714752,0.0730040828081869,
0.604831775878614));
#1983=CARTESIAN_POINT('Ctrl Pts',(0.333101493287482,0.0806098863931216,
0.68835121305987));
#1984=CARTESIAN_POINT('Ctrl Pts',(0.350680326562711,0.0891265747895705,
0.771568829422506));
#1985=CARTESIAN_POINT('Ctrl Pts',(0.364543193483392,0.0968757390578138,
0.855275419608944));
#1986=CARTESIAN_POINT('Ctrl Pts',(0.3722833135107,0.102364306070249,0.925562965782359));
#1987=CARTESIAN_POINT('Ctrl Pts',(0.377506155739249,0.10737968322064,0.996173720821981));
#1988=CARTESIAN_POINT('Ctrl Pts',(0.381293950167976,0.112900694250915,1.08123025122672));
#1989=CARTESIAN_POINT('Ctrl Pts',(0.381694970092638,0.116166235647382,1.13820999838323));
#1990=CARTESIAN_POINT('Ctrl Pts',(0.380783350513663,0.118376008934099,1.1811024000001));
#1991=CARTESIAN_POINT('Ctrl Pts',(0.244639214563721,0.0351894000594848,
0.));
#1992=CARTESIAN_POINT('Ctrl Pts',(0.248690291734083,0.0378109227312034,
0.0567601138423143));
#1993=CARTESIAN_POINT('Ctrl Pts',(0.254919831247254,0.0414265159586849,
0.127535464086592));
#1994=CARTESIAN_POINT('Ctrl Pts',(0.267283954500595,0.0478649262794696,
0.240423792738738));
#1995=CARTESIAN_POINT('Ctrl Pts',(0.281395390238281,0.0548757722919116,
0.3530392290929));
#1996=CARTESIAN_POINT('Ctrl Pts',(0.300160662847288,0.0626337012427212,
0.465059693498279));
#1997=CARTESIAN_POINT('Ctrl Pts',(0.314700315812195,0.0691537184235348,
0.54890902220631));
#1998=CARTESIAN_POINT('Ctrl Pts',(0.323972666286152,0.0736044159649288,
0.60483177587862));
#1999=CARTESIAN_POINT('Ctrl Pts',(0.339868830727331,0.0812943989030302,
0.688351213059876));
#2000=CARTESIAN_POINT('Ctrl Pts',(0.357264912627907,0.0898916942291752,
0.771568829422515));
#2001=CARTESIAN_POINT('Ctrl Pts',(0.370941108559466,0.0977120121522777,
0.855275419608953));
#2002=CARTESIAN_POINT('Ctrl Pts',(0.378529451080809,0.103251752096858,0.925562965782368));
#2003=CARTESIAN_POINT('Ctrl Pts',(0.383595624078252,0.108311144433772,0.996173720821991));
#2004=CARTESIAN_POINT('Ctrl Pts',(0.387191950000344,0.113878206006491,1.08123025122673));
#2005=CARTESIAN_POINT('Ctrl Pts',(0.387461883594598,0.117168555785193,1.13820999838324));
#2006=CARTESIAN_POINT('Ctrl Pts',(0.386450090751179,0.119393594050161,1.18110240000011));
#2007=CARTESIAN_POINT('Ctrl Pts',(0.252274692344227,0.0350576005417807,
0.));
#2008=CARTESIAN_POINT('Ctrl Pts',(0.256279974413705,0.0377578757334973,
0.0567601138423144));
#2009=CARTESIAN_POINT('Ctrl Pts',(0.262444882194949,0.0414677866315509,
0.127535464086594));
#2010=CARTESIAN_POINT('Ctrl Pts',(0.274692049669651,0.048048712685522,0.24042379273874));
#2011=CARTESIAN_POINT('Ctrl Pts',(0.288672912756246,0.0551956752429176,
0.353039229092904));
#2012=CARTESIAN_POINT('Ctrl Pts',(0.307302815515439,0.0630766898527862,
0.465059693498285));
#2013=CARTESIAN_POINT('Ctrl Pts',(0.321714934734972,0.0696842503603045,
0.548909022206316));
#2014=CARTESIAN_POINT('Ctrl Pts',(0.330894504726143,0.0741917606914004,
0.604831775878626));
#2015=CARTESIAN_POINT('Ctrl Pts',(0.346627372073899,0.0819667352942893,
0.688351213059883));
#2016=CARTESIAN_POINT('Ctrl Pts',(0.363834107051393,0.0906450328844221,
0.771568829422524));
#2017=CARTESIAN_POINT('Ctrl Pts',(0.377317817455781,0.0985366611237046,
0.855275419608963));
#2018=CARTESIAN_POINT('Ctrl Pts',(0.384750413516454,0.104127604779786,0.925562965782378));
#2019=CARTESIAN_POINT('Ctrl Pts',(0.389656457863448,0.10923083809592,0.996173720822002));
#2020=CARTESIAN_POINT('Ctrl Pts',(0.393057678858796,0.11484356447107,1.08123025122674));
#2021=CARTESIAN_POINT('Ctrl Pts',(0.393194538378523,0.118158305321076,1.13820999838325));
#2022=CARTESIAN_POINT('Ctrl Pts',(0.392081331614436,0.120398206149118,1.18110240000012));
#2023=CARTESIAN_POINT('Ctrl Pts',(0.259937102741716,0.0349006523427309,
0.));
#2024=CARTESIAN_POINT('Ctrl Pts',(0.26389447465298,0.0376811077119303,0.0567601138423143));
#2025=CARTESIAN_POINT('Ctrl Pts',(0.269991818210639,0.0414870230602697,
0.127535464086598));
#2026=CARTESIAN_POINT('Ctrl Pts',(0.282116764519113,0.048212995791484,0.240423792738744));
#2027=CARTESIAN_POINT('Ctrl Pts',(0.295961326254578,0.055498407706398,0.353039229092909));
#2028=CARTESIAN_POINT('Ctrl Pts',(0.314449264009203,0.0635049464537612,
0.465059693498291));
#2029=CARTESIAN_POINT('Ctrl Pts',(0.328728520032027,0.0702013764830104,
0.548909022206323));
#2030=CARTESIAN_POINT('Ctrl Pts',(0.337811753218168,0.0747664135290313,
0.604831775878633));
#2031=CARTESIAN_POINT('Ctrl Pts',(0.353375293307882,0.0826270309908695,
0.688351213059891));
#2032=CARTESIAN_POINT('Ctrl Pts',(0.370386058022153,0.0913865145315736,
0.771568829422535));
#2033=CARTESIAN_POINT('Ctrl Pts',(0.383671430417483,0.0993494602299273,
0.855275419608974));
#2034=CARTESIAN_POINT('Ctrl Pts',(0.390944278301888,0.104991589452505,0.92556296578239));
#2035=CARTESIAN_POINT('Ctrl Pts',(0.395686692799517,0.110138481825555,0.996173720822015));
#2036=CARTESIAN_POINT('Ctrl Pts',(0.398889115034391,0.115796520507776,1.08123025122675));
#2037=CARTESIAN_POINT('Ctrl Pts',(0.39889086764372,0.119135293063235,1.13820999838327));
#2038=CARTESIAN_POINT('Ctrl Pts',(0.397674968737014,0.121389717977983,1.18110240000014));
#2039=CARTESIAN_POINT('Ctrl Pts',(0.267624313183457,0.0347194079975306,
0.));
#2040=CARTESIAN_POINT('Ctrl Pts',(0.271531697268227,0.0375813826418791,
0.0567601138423145));
#2041=CARTESIAN_POINT('Ctrl Pts',(0.27755858603632,0.0414848878129403,0.127535464086601));
#2042=CARTESIAN_POINT('Ctrl Pts',(0.289556104371516,0.0483582986038678,
0.240423792738747));
#2043=CARTESIAN_POINT('Ctrl Pts',(0.303258685472588,0.0557843631480591,
0.353039229092914));
#2044=CARTESIAN_POINT('Ctrl Pts',(0.321598112950697,0.0639188052635459,
0.465059693498298));
#2045=CARTESIAN_POINT('Ctrl Pts',(0.335739193590897,0.0707053595204112,
0.54890902220633));
#2046=CARTESIAN_POINT('Ctrl Pts',(0.344722538441564,0.0753285817688236,
0.604831775878641));
#2047=CARTESIAN_POINT('Ctrl Pts',(0.360110712061985,0.0832753615828775,
0.688351213059899));
#2048=CARTESIAN_POINT('Ctrl Pts',(0.376918855364413,0.0921160521745537,
0.771568829422545));
#2049=CARTESIAN_POINT('Ctrl Pts',(0.390000001178711,0.100150207209625,0.855275419608985));
#2050=CARTESIAN_POINT('Ctrl Pts',(0.397109066953422,0.105843463057594,0.925562965782402));
#2051=CARTESIAN_POINT('Ctrl Pts',(0.401684310766624,0.111033823709247,0.996173720822027));
#2052=CARTESIAN_POINT('Ctrl Pts',(0.404684186594251,0.116736844149602,1.08123025122677));
#2053=CARTESIAN_POINT('Ctrl Pts',(0.404548757905402,0.120099331163035,1.13820999838328));
#2054=CARTESIAN_POINT('Ctrl Pts',(0.403228854252398,0.122367989059113,1.18110240000015));
#2055=CARTESIAN_POINT('Ctrl Pts',(0.275334132449807,0.0345146250762678,
0.));
#2056=CARTESIAN_POINT('Ctrl Pts',(0.279189515102458,0.0374593948580325,
0.0567601138423143));
#2057=CARTESIAN_POINT('Ctrl Pts',(0.285143125427382,0.0414619987916126,
0.127535464086607));
#2058=CARTESIAN_POINT('Ctrl Pts',(0.297008089587242,0.0484851215086725,
0.240423792738752));
#2059=CARTESIAN_POINT('Ctrl Pts',(0.310563070511765,0.0560539275648151,
0.353039229092922));
#2060=CARTESIAN_POINT('Ctrl Pts',(0.328747462643407,0.0643185494364288,
0.465059693498308));
#2061=CARTESIAN_POINT('Ctrl Pts',(0.342745053571383,0.0711964042893294,
0.548909022206341));
#2062=CARTESIAN_POINT('Ctrl Pts',(0.351624953637111,0.0758784183231806,
0.604831775878652));
#2063=CARTESIAN_POINT('Ctrl Pts',(0.366831700091457,0.0839117939985459,
0.688351213059911));
#2064=CARTESIAN_POINT('Ctrl Pts',(0.383430529783397,0.0928336235345548,
0.771568829422562));
#2065=CARTESIAN_POINT('Ctrl Pts',(0.396301514503848,0.100938805951269,0.855275419609002));
#2066=CARTESIAN_POINT('Ctrl Pts',(0.403242726059334,0.10668308363272,0.92556296578242));
#2067=CARTESIAN_POINT('Ctrl Pts',(0.407647214748291,0.111916686731652,0.996173720822047));
#2068=CARTESIAN_POINT('Ctrl Pts',(0.410440739863523,0.117664327039136,1.08123025122679));
#2069=CARTESIAN_POINT('Ctrl Pts',(0.410166013547297,0.121050199409959,1.1382099983833));
#2070=CARTESIAN_POINT('Ctrl Pts',(0.408740758933154,0.123332795598483,1.18110240000017));
#2071=CARTESIAN_POINT('Ctrl Pts',(0.283064332011277,0.0342869930050116,
0.));
#2072=CARTESIAN_POINT('Ctrl Pts',(0.286865781746111,0.0373157977652629,
0.0567601138423145));
#2073=CARTESIAN_POINT('Ctrl Pts',(0.292743373874324,0.0414189586492556,
0.127535464086608));
#2074=CARTESIAN_POINT('Ctrl Pts',(0.304470753702666,0.048593973352426,0.240423792738754));
#2075=CARTESIAN_POINT('Ctrl Pts',(0.317872581765353,0.0563075118253302,
0.353039229092925));
#2076=CARTESIAN_POINT('Ctrl Pts',(0.33589541875805,0.0647044405887973,0.465059693498312));
#2077=CARTESIAN_POINT('Ctrl Pts',(0.349744189706604,0.0716746871122638,
0.548909022206345));
#2078=CARTESIAN_POINT('Ctrl Pts',(0.358517075078866,0.0764160510571493,
0.604831775878657));
#2079=CARTESIAN_POINT('Ctrl Pts',(0.373536296060343,0.084536422300213,0.688351213059916));
#2080=CARTESIAN_POINT('Ctrl Pts',(0.389919058359444,0.0935393169576961,
0.771568829422569));
#2081=CARTESIAN_POINT('Ctrl Pts',(0.402573883503287,0.101715312472307,0.85527541960901));
#2082=CARTESIAN_POINT('Ctrl Pts',(0.409343119012325,0.107510445505074,0.925562965782428));
#2083=CARTESIAN_POINT('Ctrl Pts',(0.413573214637605,0.112786986597352,0.996173720822056));
#2084=CARTESIAN_POINT('Ctrl Pts',(0.416156517612875,0.118578772071791,1.0812302512268));
#2085=CARTESIAN_POINT('Ctrl Pts',(0.415740330092774,0.12198761081502,1.13820999838332));
#2086=CARTESIAN_POINT('Ctrl Pts',(0.414208341140535,0.124283774034313,1.18110240000018));
#2087=CARTESIAN_POINT('Ctrl Pts',(0.290812677830387,0.0340371688400798,
0.));
#2088=CARTESIAN_POINT('Ctrl Pts',(0.294558352002653,0.0371512388515623,
0.0567601138423142));
#2089=CARTESIAN_POINT('Ctrl Pts',(0.300357276226085,0.0413563906466107,
0.127535464086615));
#2090=CARTESIAN_POINT('Ctrl Pts',(0.311942143448198,0.048685406652814,0.24042379273876));
#2091=CARTESIAN_POINT('Ctrl Pts',(0.325185334834589,0.0565455850753616,
0.353039229092934));
#2092=CARTESIAN_POINT('Ctrl Pts',(0.343040100453747,0.0650767601898641,
0.465059693498324));
#2093=CARTESIAN_POINT('Ctrl Pts',(0.356734698503619,0.0721403937360124,
0.548909022206358));
#2094=CARTESIAN_POINT('Ctrl Pts',(0.365396979673307,0.0769416154371281,
0.60483177587867));
#2095=CARTESIAN_POINT('Ctrl Pts',(0.380222525737075,0.0851493805628624,
0.688351213059931));
#2096=CARTESIAN_POINT('Ctrl Pts',(0.39638238583762,0.0942333148257883,0.771568829422588));
#2097=CARTESIAN_POINT('Ctrl Pts',(0.408814967665135,0.102479893306189,0.85527541960903));
#2098=CARTESIAN_POINT('Ctrl Pts',(0.415408037118869,0.108325624981252,0.925562965782449));
#2099=CARTESIAN_POINT('Ctrl Pts',(0.419460027409049,0.11364466635246,0.996173720822078));
#2100=CARTESIAN_POINT('Ctrl Pts',(0.421829143156907,0.119479918913914,1.08123025122682));
#2101=CARTESIAN_POINT('Ctrl Pts',(0.421269263720771,0.122911131902269,1.13820999838334));
#2102=CARTESIAN_POINT('Ctrl Pts',(0.419629104578478,0.125220340451759,1.18110240000021));
#2103=CARTESIAN_POINT('Ctrl Pts',(0.29857695727423,0.0337658097723002,0.));
#2104=CARTESIAN_POINT('Ctrl Pts',(0.302265098405284,0.0369663929313056,
0.0567601138423145));
#2105=CARTESIAN_POINT('Ctrl Pts',(0.307982791590294,0.0412749705604164,
0.12753546408662));
#2106=CARTESIAN_POINT('Ctrl Pts',(0.319420317112873,0.0487600502691688,
0.240423792738766));
#2107=CARTESIAN_POINT('Ctrl Pts',(0.332499454883683,0.0567687062177045,
0.353039229092943));
#2108=CARTESIAN_POINT('Ctrl Pts',(0.350179648098178,0.0654358493978032,
0.465059693498336));
#2109=CARTESIAN_POINT('Ctrl Pts',(0.363714698135908,0.0725937548974526,
0.548909022206371));
#2110=CARTESIAN_POINT('Ctrl Pts',(0.372262762714052,0.0774552850673944,
0.604831775878684));
#2111=CARTESIAN_POINT('Ctrl Pts',(0.38688842229813,0.0857508481350822,0.688351213059945));
#2112=CARTESIAN_POINT('Ctrl Pts',(0.402818447497606,0.0949158602342126,
0.771568829422607));
#2113=CARTESIAN_POINT('Ctrl Pts',(0.415022594484255,0.103232771488452,0.85527541960905));
#2114=CARTESIAN_POINT('Ctrl Pts',(0.421435218267711,0.109128728660058,0.925562965782471));
#2115=CARTESIAN_POINT('Ctrl Pts',(0.425305291196159,0.114489659952759,0.996173720822101));
#2116=CARTESIAN_POINT('Ctrl Pts',(0.427456126576198,0.120367436127719,1.08123025122685));
#2117=CARTESIAN_POINT('Ctrl Pts',(0.4267502315978,0.123820206021312,1.13820999838337));
#2118=CARTESIAN_POINT('Ctrl Pts',(0.425000392323336,0.12614174080378,1.18110240000024));
#2119=CARTESIAN_POINT('Ctrl Pts',(0.306355011017607,0.0334736098672458,
0.));
#2120=CARTESIAN_POINT('Ctrl Pts',(0.309983932454056,0.0367619801024852,
0.0567601138423144));
#2121=CARTESIAN_POINT('Ctrl Pts',(0.315617903902461,0.0411754274829874,
0.127535464086627));
#2122=CARTESIAN_POINT('Ctrl Pts',(0.326903343562764,0.0488185936130586,
0.240423792738773));
#2123=CARTESIAN_POINT('Ctrl Pts',(0.339813067926737,0.0569774974484219,
0.353039229092954));
#2124=CARTESIAN_POINT('Ctrl Pts',(0.357312217229951,0.065782108224694,0.46505969349835));
#2125=CARTESIAN_POINT('Ctrl Pts',(0.370682325622933,0.0730350523300422,
0.548909022206385));
#2126=CARTESIAN_POINT('Ctrl Pts',(0.379112536926365,0.0779572794368033,
0.6048317758787));
#2127=CARTESIAN_POINT('Ctrl Pts',(0.393532029205309,0.0863410325929502,
0.688351213059962));
#2128=CARTESIAN_POINT('Ctrl Pts',(0.409225177204917,0.09558719947045,0.77156882942263));
#2129=CARTESIAN_POINT('Ctrl Pts',(0.421194572957137,0.103974160821603,0.855275419609073));
#2130=CARTESIAN_POINT('Ctrl Pts',(0.42742236430377,0.109919857861232,0.925562965782495));
#2131=CARTESIAN_POINT('Ctrl Pts',(0.431106586267815,0.115321908091335,0.996173720822128));
#2132=CARTESIAN_POINT('Ctrl Pts',(0.43303489027032,0.121241022522251,1.08123025122687));
#2133=CARTESIAN_POINT('Ctrl Pts',(0.432180539806845,0.124714328970536,1.1382099983834));
#2134=CARTESIAN_POINT('Ctrl Pts',(0.430319417124373,0.127047295059182,1.18110240000027));
#2135=CARTESIAN_POINT('Ctrl Pts',(0.314144750855057,0.0331613190468546,
0.));
#2136=CARTESIAN_POINT('Ctrl Pts',(0.317712816465851,0.036538760034363,0.0567601138423144));
#2137=CARTESIAN_POINT('Ctrl Pts',(0.323260627299805,0.0410585143544386,
0.127535464086635));
#2138=CARTESIAN_POINT('Ctrl Pts',(0.334389299224516,0.0488617361380977,
0.240423792738781));
#2139=CARTESIAN_POINT('Ctrl Pts',(0.347124291637543,0.0571725815799458,
0.353039229092966));
#2140=CARTESIAN_POINT('Ctrl Pts',(0.364435962441596,0.066115965786227,0.465059693498366));
#2141=CARTESIAN_POINT('Ctrl Pts',(0.377635720679662,0.0734646015876679,
0.548909022206402));
#2142=CARTESIAN_POINT('Ctrl Pts',(0.385944417656202,0.0784478515180013,
0.604831775878717));
#2143=CARTESIAN_POINT('Ctrl Pts',(0.400151393803874,0.086920139402465,0.688351213059981));
#2144=CARTESIAN_POINT('Ctrl Pts',(0.415600515396628,0.0962475194045914,
0.771568829422655));
#2145=CARTESIAN_POINT('Ctrl Pts',(0.427328712822045,0.104704199918646,0.8552754196091));
#2146=CARTESIAN_POINT('Ctrl Pts',(0.43336716523322,0.110699071599789,0.925562965782524));
#2147=CARTESIAN_POINT('Ctrl Pts',(0.436861462673165,0.116141370587433,0.996173720822159));
#2148=CARTESIAN_POINT('Ctrl Pts',(0.438562798763533,0.122100497870067,1.08123025122691));
#2149=CARTESIAN_POINT('Ctrl Pts',(0.437557413336955,0.125593209995167,1.13820999838344));
#2150=CARTESIAN_POINT('Ctrl Pts',(0.435583290427371,0.127936619363837,1.1811024000003));
#2151=CARTESIAN_POINT('Ctrl Pts',(0.321944146126823,0.0328297198198049,
0.));
#2152=CARTESIAN_POINT('Ctrl Pts',(0.325449752809449,0.0362974979115374,
0.0567601138423144));
#2153=CARTESIAN_POINT('Ctrl Pts',(0.330908997996769,0.0409249643809239,
0.127535464086644));
#2154=CARTESIAN_POINT('Ctrl Pts',(0.341876262075249,0.0488901380567264,
0.24042379273879));
#2155=CARTESIAN_POINT('Ctrl Pts',(0.354431230048404,0.0573545314143286,
0.353039229092979));
#2156=CARTESIAN_POINT('Ctrl Pts',(0.371549028360639,0.0664378564512452,
0.465059693498384));
#2157=CARTESIAN_POINT('Ctrl Pts',(0.384573014092331,0.073882738337584,0.548909022206421));
#2158=CARTESIAN_POINT('Ctrl Pts',(0.392756510228994,0.0789272788956955,
0.604831775878737));
#2159=CARTESIAN_POINT('Ctrl Pts',(0.40674455108646,0.0874883469744905,0.688351213060003));
#2160=CARTESIAN_POINT('Ctrl Pts',(0.421942387987647,0.09689689298946,0.771568829422684));
#2161=CARTESIAN_POINT('Ctrl Pts',(0.433422804036191,0.105422897762988,0.85527541960913));
#2162=CARTESIAN_POINT('Ctrl Pts',(0.439267284355887,0.111466364984327,0.925562965782555));
#2163=CARTESIAN_POINT('Ctrl Pts',(0.442567434690647,0.116948057507126,0.996173720822193));
#2164=CARTESIAN_POINT('Ctrl Pts',(0.444037167967447,0.12294591831992,1.08123025122694));
#2165=CARTESIAN_POINT('Ctrl Pts',(0.442878018224834,0.126456959896499,1.13820999838348));
#2166=CARTESIAN_POINT('Ctrl Pts',(0.440789056024449,0.128809879488066,1.18110240000035));
#2167=CARTESIAN_POINT('Ctrl Pts',(0.329751209048092,0.0324796023662457,
0.));
#2168=CARTESIAN_POINT('Ctrl Pts',(0.33319277252797,0.0360389286482097,0.0567601138423144));
#2169=CARTESIAN_POINT('Ctrl Pts',(0.338561065799381,0.0407754458362659,
0.127535464086654));
#2170=CARTESIAN_POINT('Ctrl Pts',(0.349362305756013,0.0489043692935942,
0.240423792738799));
#2171=CARTESIAN_POINT('Ctrl Pts',(0.361731967986447,0.0575238177165812,
0.353039229092994));
#2172=CARTESIAN_POINT('Ctrl Pts',(0.378649543914999,0.0667481928472496,
0.465059693498403));
#2173=CARTESIAN_POINT('Ctrl Pts',(0.391492317364631,0.0742898025759596,
0.548909022206442));
#2174=CARTESIAN_POINT('Ctrl Pts',(0.399546896131266,0.0793958531386439,
0.60483177587876));
#2175=CARTESIAN_POINT('Ctrl Pts',(0.413309495586509,0.0880457891263067,
0.688351213060027));
#2176=CARTESIAN_POINT('Ctrl Pts',(0.428248657565123,0.0975352463894278,
0.771568829422717));
#2177=CARTESIAN_POINT('Ctrl Pts',(0.439474557935234,0.106130101038016,0.855275419609164));
#2178=CARTESIAN_POINT('Ctrl Pts',(0.445120303130526,0.112221654295034,0.925562965782592));
#2179=CARTESIAN_POINT('Ctrl Pts',(0.448221936652195,0.117742043212151,0.996173720822232));
#2180=CARTESIAN_POINT('Ctrl Pts',(0.44945524140431,0.123777635420916,1.08123025122698));
#2181=CARTESIAN_POINT('Ctrl Pts',(0.448139457640873,0.127306190138253,1.13820999838352));
#2182=CARTESIAN_POINT('Ctrl Pts',(0.445933704495836,0.129667924312,1.18110240000039));
#2183=CARTESIAN_POINT('Ctrl Pts',(0.337563980314305,0.0321117404946962,
0.));
#2184=CARTESIAN_POINT('Ctrl Pts',(0.34093992410969,0.0357637224471515,0.0567601138423143));
#2185=CARTESIAN_POINT('Ctrl Pts',(0.346214885734398,0.0406105185480289,
0.127535464086665));
#2186=CARTESIAN_POINT('Ctrl Pts',(0.356845493692523,0.0489048601089039,
0.240423792738811));
#2187=CARTESIAN_POINT('Ctrl Pts',(0.369024565691452,0.0576807595632195,
0.353039229093011));
#2188=CARTESIAN_POINT('Ctrl Pts',(0.385735616147452,0.0670473385728546,
0.465059693498426));
#2189=CARTESIAN_POINT('Ctrl Pts',(0.398391712575745,0.0746861237136067,
0.548909022206466));
#2190=CARTESIAN_POINT('Ctrl Pts',(0.406313619210326,0.0798538663392662,
0.604831775878785));
#2191=CARTESIAN_POINT('Ctrl Pts',(0.419844159174675,0.0885925610786699,
0.688351213060055));
#2192=CARTESIAN_POINT('Ctrl Pts',(0.434517089247829,0.0981623906965271,
0.771568829422753));
#2193=CARTESIAN_POINT('Ctrl Pts',(0.445481560498119,0.106825500970407,0.855275419609202));
#2194=CARTESIAN_POINT('Ctrl Pts',(0.450923664060899,0.112964714348304,0.925562965782632));
#2195=CARTESIAN_POINT('Ctrl Pts',(0.45382225455047,0.118523297851109,0.996173720822276));
#2196=CARTESIAN_POINT('Ctrl Pts',(0.454814107609297,0.12459596647237,1.08123025122703));
#2197=CARTESIAN_POINT('Ctrl Pts',(0.453338679081629,0.128141544795573,1.13820999838357));
#2198=CARTESIAN_POINT('Ctrl Pts',(0.451014072462726,0.130511697941704,1.18110240000044));
#2199=CARTESIAN_POINT('Ctrl Pts',(0.345380513836608,0.0317268651908564,
0.));
#2200=CARTESIAN_POINT('Ctrl Pts',(0.348689264423133,0.0354724784962754,
0.0567601138423145));
#2201=CARTESIAN_POINT('Ctrl Pts',(0.353868514723423,0.040430646103839,0.127535464086677));
#2202=CARTESIAN_POINT('Ctrl Pts',(0.364323880993514,0.0488919272402958,
0.240423792738823));
#2203=CARTESIAN_POINT('Ctrl Pts',(0.376307062642454,0.0578255563193588,
0.35303922909303));
#2204=CARTESIAN_POINT('Ctrl Pts',(0.392805331182886,0.0673356059564417,
0.465059693498451));
#2205=CARTESIAN_POINT('Ctrl Pts',(0.405269247411563,0.0750720026138637,
0.548909022206493));
#2206=CARTESIAN_POINT('Ctrl Pts',(0.413054675729597,0.0803015821347433,
0.604831775878813));
#2207=CARTESIAN_POINT('Ctrl Pts',(0.426346390872928,0.0891287136326431,
0.688351213060085));
#2208=CARTESIAN_POINT('Ctrl Pts',(0.440745316721499,0.0987780592399047,
0.771568829422794));
#2209=CARTESIAN_POINT('Ctrl Pts',(0.451441222351377,0.107508646461848,0.855275419609244));
#2210=CARTESIAN_POINT('Ctrl Pts',(0.456674606578335,0.11369510202001,0.925562965782677));
#2211=CARTESIAN_POINT('Ctrl Pts',(0.459365446023126,0.119291475011008,0.996173720822324));
#2212=CARTESIAN_POINT('Ctrl Pts',(0.460110599520146,0.12540077252748,1.08123025122708));
#2213=CARTESIAN_POINT('Ctrl Pts',(0.458472358708514,0.128963100259526,1.13820999838363));
#2214=CARTESIAN_POINT('Ctrl Pts',(0.456026714817094,0.131341482297944,1.1811024000005));
#2215=CARTESIAN_POINT('Ctrl Pts',(0.353198866918385,0.0313256527991811,
0.));
#2216=CARTESIAN_POINT('Ctrl Pts',(0.356438854813795,0.0351657429450435,
0.0567601138423143));
#2217=CARTESIAN_POINT('Ctrl Pts',(0.361520013073646,0.040236240320528,0.127535464086692));
#2218=CARTESIAN_POINT('Ctrl Pts',(0.371795520432884,0.0488658361972411,
0.240423792738838));
#2219=CARTESIAN_POINT('Ctrl Pts',(0.383577485000572,0.057958355268086,0.353039229093053));
#2220=CARTESIAN_POINT('Ctrl Pts',(0.399856755901073,0.0676132610607172,
0.46505969349848));
#2221=CARTESIAN_POINT('Ctrl Pts',(0.412122930999122,0.0754476893683214,
0.548909022206524));
#2222=CARTESIAN_POINT('Ctrl Pts',(0.419768005865555,0.0807391991518607,
0.604831775878846));
#2223=CARTESIAN_POINT('Ctrl Pts',(0.43281394228191,0.0896542448022071,0.688351213060121));
#2224=CARTESIAN_POINT('Ctrl Pts',(0.446930819902366,0.0993819539148318,
0.771568829422842));
#2225=CARTESIAN_POINT('Ctrl Pts',(0.457350745002426,0.108178979369884,0.855275419609294));
#2226=CARTESIAN_POINT('Ctrl Pts',(0.462370119999624,0.114412110099409,0.92556296578273));
#2227=CARTESIAN_POINT('Ctrl Pts',(0.464848277066171,0.120045738190568,0.996173720822381));
#2228=CARTESIAN_POINT('Ctrl Pts',(0.465341208692244,0.1261910861684,1.08123025122714));
#2229=CARTESIAN_POINT('Ctrl Pts',(0.46353679807033,0.129769821264623,1.1382099983837));
#2230=CARTESIAN_POINT('Ctrl Pts',(0.460967786843355,0.132156202202055,1.18110240000057));
#2231=CARTESIAN_POINT('Ctrl Pts',(0.361017099864212,0.030908738914021,0.));
#2232=CARTESIAN_POINT('Ctrl Pts',(0.364186763593386,0.0348440421017284,
0.0567601138423144));
#2233=CARTESIAN_POINT('Ctrl Pts',(0.36916744952413,0.0400277111632358,0.127535464086708));
#2234=CARTESIAN_POINT('Ctrl Pts',(0.37925846826173,0.0488268582474883,0.240423792738854));
#2235=CARTESIAN_POINT('Ctrl Pts',(0.390833852221342,0.058079310265941,0.353039229093077));
#2236=CARTESIAN_POINT('Ctrl Pts',(0.406887928496567,0.0678805091483758,
0.465059693498512));
#2237=CARTESIAN_POINT('Ctrl Pts',(0.418950724031797,0.0758133537943734,
0.548909022206557));
#2238=CARTESIAN_POINT('Ctrl Pts',(0.426451485860463,0.0811668189025386,
0.604831775878882));
#2239=CARTESIAN_POINT('Ctrl Pts',(0.439244485192969,0.0901691484342218,
0.688351213060159));
#2240=CARTESIAN_POINT('Ctrl Pts',(0.453070983529436,0.0999739288581651,
0.771568829422893));
#2241=CARTESIAN_POINT('Ctrl Pts',(0.463207195259588,0.108836050880375,0.855275419609347));
#2242=CARTESIAN_POINT('Ctrl Pts',(0.468007003430904,0.115114898872788,0.925562965782786));
#2243=CARTESIAN_POINT('Ctrl Pts',(0.470267250627012,0.120784737823052,0.996173720822442));
#2244=CARTESIAN_POINT('Ctrl Pts',(0.470502059738512,0.12696483450435,1.0812302512272));
#2245=CARTESIAN_POINT('Ctrl Pts',(0.468527848043037,0.130559054624592,1.13820999838377));
#2246=CARTESIAN_POINT('Ctrl Pts',(0.465832922324372,0.132952714452882,1.18110240000064));
#2247=CARTESIAN_POINT('Ctrl Pts',(0.368833275593721,0.0304767317173756,
0.));
#2248=CARTESIAN_POINT('Ctrl Pts',(0.371931068884088,0.03450791741556,0.0567601138423144));
#2249=CARTESIAN_POINT('Ctrl Pts',(0.376808906942897,0.0398055201046388,
0.127535464086727));
#2250=CARTESIAN_POINT('Ctrl Pts',(0.386710790779853,0.0487753322206723,
0.240423792738872));
#2251=CARTESIAN_POINT('Ctrl Pts',(0.398074184640661,0.0581886442472666,
0.353039229093106));
#2252=CARTESIAN_POINT('Ctrl Pts',(0.413896845798302,0.0681374751410042,
0.465059693498549));
#2253=CARTESIAN_POINT('Ctrl Pts',(0.42575052600398,0.0761690459618647,0.548909022206598));
#2254=CARTESIAN_POINT('Ctrl Pts',(0.433102920272497,0.08158441552208,0.604831775878924));
#2255=CARTESIAN_POINT('Ctrl Pts',(0.445635629269225,0.0906734105149543,
0.688351213060205));
#2256=CARTESIAN_POINT('Ctrl Pts',(0.459163154500872,0.100554035687432,0.771568829422954));
#2257=CARTESIAN_POINT('Ctrl Pts',(0.469007596915394,0.109479685947857,0.855275419609411));
#2258=CARTESIAN_POINT('Ctrl Pts',(0.473581975298594,0.115802814635754,0.925562965782854));
#2259=CARTESIAN_POINT('Ctrl Pts',(0.475618731063949,0.121507136285331,0.996173720822516));
#2260=CARTESIAN_POINT('Ctrl Pts',(0.475589048535078,0.127719658123268,1.08123025122728));
#2261=CARTESIAN_POINT('Ctrl Pts',(0.473441053399834,0.131327587875568,1.13820999838386));
#2262=CARTESIAN_POINT('Ctrl Pts',(0.470617380800911,0.133727067861777,1.18110240000072));
#2263=CARTESIAN_POINT('Ctrl Pts',(0.376645458664372,0.0300302249902362,
0.));
#2264=CARTESIAN_POINT('Ctrl Pts',(0.379669859891913,0.0341579550040689,
0.0567601138423143));
#2265=CARTESIAN_POINT('Ctrl Pts',(0.384442485671274,0.0395702238824819,
0.127535464086746));
#2266=CARTESIAN_POINT('Ctrl Pts',(0.39415056858466,0.0487117164224044,0.240423792738891));
#2267=CARTESIAN_POINT('Ctrl Pts',(0.405296508738644,0.0582867018555263,
0.353039229093135));
#2268=CARTESIAN_POINT('Ctrl Pts',(0.420881454914028,0.0683842001685583,
0.465059693498588));
#2269=CARTESIAN_POINT('Ctrl Pts',(0.432520167236052,0.0765146766885023,
0.548909022206638));
#2270=CARTESIAN_POINT('Ctrl Pts',(0.439720038970941,0.0819918300473149,
0.604831775878967));
#2271=CARTESIAN_POINT('Ctrl Pts',(0.451984933367476,0.0911669799241329,
0.688351213060251));
#2272=CARTESIAN_POINT('Ctrl Pts',(0.465204676127279,0.101122463566664,0.771568829423016));
#2273=CARTESIAN_POINT('Ctrl Pts',(0.474748995984263,0.110110053591675,0.855275419609475));
#2274=CARTESIAN_POINT('Ctrl Pts',(0.479091770087445,0.116475722163814,0.925562965782922));
#2275=CARTESIAN_POINT('Ctrl Pts',(0.480899078887144,0.122212316161578,0.996173720822589));
#2276=CARTESIAN_POINT('Ctrl Pts',(0.480598028924462,0.12845418333193,1.08123025122736));
#2277=CARTESIAN_POINT('Ctrl Pts',(0.478271879292826,0.132073391004693,1.13820999838394));
#2278=CARTESIAN_POINT('Ctrl Pts',(0.475316307218259,0.134476654278913,1.18110240000081));
#2279=CARTESIAN_POINT('Ctrl Pts',(0.383584354148258,0.029620969965081,0.));
#2280=CARTESIAN_POINT('Ctrl Pts',(0.386542190495456,0.0338351323607735,
0.0567601138423145));
#2281=CARTESIAN_POINT('Ctrl Pts',(0.391219204006055,0.0393499815996076,
0.127535464086769));
#2282=CARTESIAN_POINT('Ctrl Pts',(0.400750849427366,0.0486449094496446,
0.240423792738915));
#2283=CARTESIAN_POINT('Ctrl Pts',(0.411698587640729,0.0583642338234867,
0.353039229093171));
#2284=CARTESIAN_POINT('Ctrl Pts',(0.427066517185963,0.0685943880730856,
0.465059693498635));
#2285=CARTESIAN_POINT('Ctrl Pts',(0.438508834410569,0.076812806357518,0.548909022206689));
#2286=CARTESIAN_POINT('Ctrl Pts',(0.445569352312694,0.0823447448332979,
0.604831775879021));
#2287=CARTESIAN_POINT('Ctrl Pts',(0.45758938911516,0.0915961961152483,0.688351213060309));
#2288=CARTESIAN_POINT('Ctrl Pts',(0.470527592086688,0.101617685779919,0.771568829423093));
#2289=CARTESIAN_POINT('Ctrl Pts',(0.479797498472677,0.110659185510788,0.855275419609556));
#2290=CARTESIAN_POINT('Ctrl Pts',(0.483928656302495,0.117061209269625,0.925562965783007));
#2291=CARTESIAN_POINT('Ctrl Pts',(0.485526396497709,0.122824570295805,0.996173720822681));
#2292=CARTESIAN_POINT('Ctrl Pts',(0.484977571107355,0.129089786659871,1.08123025122745));
#2293=CARTESIAN_POINT('Ctrl Pts',(0.482488824270924,0.132716817579633,1.13820999838405));
#2294=CARTESIAN_POINT('Ctrl Pts',(0.479412911283734,0.135121578647051,1.18110240000092));
#2295=CARTESIAN_POINT('Ctrl Pts',(0.389650790281999,0.029254246071335,0.));
#2296=CARTESIAN_POINT('Ctrl Pts',(0.392549430732583,0.0335445100696504,
0.0567601138423144));
#2297=CARTESIAN_POINT('Ctrl Pts',(0.397141265261366,0.0391496025988027,
0.127535464086781));
#2298=CARTESIAN_POINT('Ctrl Pts',(0.406515467189868,0.0485793469139904,
0.240423792738927));
#2299=CARTESIAN_POINT('Ctrl Pts',(0.417286156540055,0.0584253643383432,
0.353039229093189));
#2300=CARTESIAN_POINT('Ctrl Pts',(0.432459939901702,0.0687716482740215,
0.465059693498659));
#2301=CARTESIAN_POINT('Ctrl Pts',(0.443726455620734,0.0770669396870319,
0.548909022206714));
#2302=CARTESIAN_POINT('Ctrl Pts',(0.450662223436469,0.082646727639262,0.604831775879048));
#2303=CARTESIAN_POINT('Ctrl Pts',(0.462462967402898,0.0919648044218344,
0.688351213060339));
#2304=CARTESIAN_POINT('Ctrl Pts',(0.475148928319454,0.102043810205138,0.771568829423133));
#2305=CARTESIAN_POINT('Ctrl Pts',(0.484173013294645,0.111132007336591,0.855275419609597));
#2306=CARTESIAN_POINT('Ctrl Pts',(0.488114658221915,0.117565248122257,0.925562965783051));
#2307=CARTESIAN_POINT('Ctrl Pts',(0.48952473748309,0.123351258258415,0.996173720822729));
#2308=CARTESIAN_POINT('Ctrl Pts',(0.488754060014465,0.129635809436534,1.0812302512275));
#2309=CARTESIAN_POINT('Ctrl Pts',(0.486119745106075,0.133268809106914,1.13820999838411));
#2310=CARTESIAN_POINT('Ctrl Pts',(0.482936105286849,0.13567413909858,1.18110240000097));
#2311=CARTESIAN_POINT('Ctrl Pts',(0.394846517427472,0.0289341707875414,
0.));
#2312=CARTESIAN_POINT('Ctrl Pts',(0.397693772069239,0.0332899975563739,
0.0567601138423144));
#2313=CARTESIAN_POINT('Ctrl Pts',(0.402211556440364,0.038972776178881,0.127535464086795));
#2314=CARTESIAN_POINT('Ctrl Pts',(0.411448698352458,0.0485184445612433,
0.24042379273894));
#2315=CARTESIAN_POINT('Ctrl Pts',(0.422065127447447,0.0584733021947059,
0.35303922909321));
#2316=CARTESIAN_POINT('Ctrl Pts',(0.437069550107262,0.0689190542058707,
0.465059693498686));
#2317=CARTESIAN_POINT('Ctrl Pts',(0.448182627496899,0.0772801454410243,
0.548909022206743));
#2318=CARTESIAN_POINT('Ctrl Pts',(0.455009504972346,0.0829008926909208,
0.604831775879078));
#2319=CARTESIAN_POINT('Ctrl Pts',(0.466618770129341,0.0922759598311993,
0.688351213060372));
#2320=CARTESIAN_POINT('Ctrl Pts',(0.479084412019627,0.102404084864725,0.771568829423176));
#2321=CARTESIAN_POINT('Ctrl Pts',(0.487893794079582,0.111532137095144,0.855275419609642));
#2322=CARTESIAN_POINT('Ctrl Pts',(0.491669938901107,0.117992012964385,0.925562965783099));
#2323=CARTESIAN_POINT('Ctrl Pts',(0.492916135538879,0.123797312670078,0.996173720822781));
#2324=CARTESIAN_POINT('Ctrl Pts',(0.491951719652136,0.130098290836105,1.08123025122756));
#2325=CARTESIAN_POINT('Ctrl Pts',(0.489190284917082,0.133736308090738,1.13820999838417));
#2326=CARTESIAN_POINT('Ctrl Pts',(0.485912572076568,0.136142054534766,1.18110240000104));
#2327=CARTESIAN_POINT('Ctrl Pts',(0.400037583481871,0.0286085258231343,
0.));
#2328=CARTESIAN_POINT('Ctrl Pts',(0.402832810518762,0.0330302509890161,
0.0567601138423144));
#2329=CARTESIAN_POINT('Ctrl Pts',(0.407275505271685,0.038791048348946,0.127535464086809));
#2330=CARTESIAN_POINT('Ctrl Pts',(0.416373469076908,0.0484529921614661,
0.240423792738954));
#2331=CARTESIAN_POINT('Ctrl Pts',(0.426833113063266,0.0585169134307754,
0.353039229093232));
#2332=CARTESIAN_POINT('Ctrl Pts',(0.441665208194551,0.0690619962800342,
0.465059693498715));
#2333=CARTESIAN_POINT('Ctrl Pts',(0.452622056356473,0.077488762741884,0.548909022206774));
#2334=CARTESIAN_POINT('Ctrl Pts',(0.459338045728437,0.0831504119926448,
0.604831775879111));
#2335=CARTESIAN_POINT('Ctrl Pts',(0.47075224583634,0.0925823012717307,0.688351213060407));
#2336=CARTESIAN_POINT('Ctrl Pts',(0.482993360474628,0.102759300018663,0.771568829423223));
#2337=CARTESIAN_POINT('Ctrl Pts',(0.491583926992818,0.111927118647308,0.855275419609691));
#2338=CARTESIAN_POINT('Ctrl Pts',(0.495191406651852,0.118413715253703,0.925562965783151));
#2339=CARTESIAN_POINT('Ctrl Pts',(0.496270571464245,0.124238495526212,0.996173720822837));
#2340=CARTESIAN_POINT('Ctrl Pts',(0.495108681960156,0.130556230861077,1.08123025122762));
#2341=CARTESIAN_POINT('Ctrl Pts',(0.49221766525267,0.134199575808696,1.13820999838423));
#2342=CARTESIAN_POINT('Ctrl Pts',(0.488844050634701,0.136606019233403,1.1811024000011));
#2343=CARTESIAN_POINT('Ctrl Pts',(0.405223393656879,0.0282774763945731,
0.));
#2344=CARTESIAN_POINT('Ctrl Pts',(0.407965953872592,0.0327654293200678,
0.0567601138423145));
#2345=CARTESIAN_POINT('Ctrl Pts',(0.41233251803552,0.0386045691302289,0.127535464086825));
#2346=CARTESIAN_POINT('Ctrl Pts',(0.421289176503347,0.0483831263992752,
0.240423792738971));
#2347=CARTESIAN_POINT('Ctrl Pts',(0.431589489447233,0.0585563159130059,
0.353039229093257));
#2348=CARTESIAN_POINT('Ctrl Pts',(0.446246296010553,0.0692005985352152,
0.465059693498747));
#2349=CARTESIAN_POINT('Ctrl Pts',(0.457044083611141,0.0776928923674185,
0.548909022206809));
#2350=CARTESIAN_POINT('Ctrl Pts',(0.463647143372106,0.0833953690606568,
0.604831775879147));
#2351=CARTESIAN_POINT('Ctrl Pts',(0.474862592619534,0.0928838176723983,
0.688351213060446));
#2352=CARTESIAN_POINT('Ctrl Pts',(0.486874833811329,0.1031093065523,0.771568829423276));
#2353=CARTESIAN_POINT('Ctrl Pts',(0.495242309297044,0.11231675703444,0.855275419609746));
#2354=CARTESIAN_POINT('Ctrl Pts',(0.498677812482373,0.118830223382093,0.925562965783209));
#2355=CARTESIAN_POINT('Ctrl Pts',(0.499586629177559,0.124674799542881,0.9961737208229));
#2356=CARTESIAN_POINT('Ctrl Pts',(0.498223312876893,0.131009836992151,1.08123025122768));
#2357=CARTESIAN_POINT('Ctrl Pts',(0.495200090295992,0.134659013018242,1.13820999838431));
#2358=CARTESIAN_POINT('Ctrl Pts',(0.491728615190208,0.137066613252375,1.18110240000118));
#2359=CARTESIAN_POINT('Ctrl Pts',(0.410403342532106,0.0279411807356934,
0.));
#2360=CARTESIAN_POINT('Ctrl Pts',(0.413092597621995,0.0324956748348843,
0.0567601138423143));
#2361=CARTESIAN_POINT('Ctrl Pts',(0.417381987224181,0.0384134645095864,
0.127535464086843));
#2362=CARTESIAN_POINT('Ctrl Pts',(0.426195204643452,0.0483089607373542,
0.240423792738988));
#2363=CARTESIAN_POINT('Ctrl Pts',(0.436333618716234,0.058591606586075,0.353039229093283));
#2364=CARTESIAN_POINT('Ctrl Pts',(0.450812206037532,0.0693350414201746,
0.465059693498783));
#2365=CARTESIAN_POINT('Ctrl Pts',(0.461448058627873,0.0778926983290273,
0.548909022206846));
#2366=CARTESIAN_POINT('Ctrl Pts',(0.46793609297431,0.0836358866198584,0.604831775879187));
#2367=CARTESIAN_POINT('Ctrl Pts',(0.478948974547547,0.093180497984882,0.688351213060489));
#2368=CARTESIAN_POINT('Ctrl Pts',(0.49072780905854,0.103453890442372,0.771568829423334));
#2369=CARTESIAN_POINT('Ctrl Pts',(0.498867693968778,0.112700618340126,0.855275419609807));
#2370=CARTESIAN_POINT('Ctrl Pts',(0.502127705462885,0.119240926158921,0.925562965783273));
#2371=CARTESIAN_POINT('Ctrl Pts',(0.502862623180265,0.125105420859348,0.996173720822969));
#2372=CARTESIAN_POINT('Ctrl Pts',(0.50129361833644,0.131458059248782,1.08123025122776));
#2373=CARTESIAN_POINT('Ctrl Pts',(0.498135336403897,0.135113396330972,1.13820999838439));
#2374=CARTESIAN_POINT('Ctrl Pts',(0.49456385599073,0.137522473255286,1.18110240000126));
#2375=CARTESIAN_POINT('Ctrl Pts',(0.415576811457727,0.0275997880732975,
0.));
#2376=CARTESIAN_POINT('Ctrl Pts',(0.418212124395467,0.0322211145264407,
0.0567601138423144));
#2377=CARTESIAN_POINT('Ctrl Pts',(0.422423292685039,0.0382178399767203,
0.127535464086863));
#2378=CARTESIAN_POINT('Ctrl Pts',(0.431090926104287,0.0482305884098989,
0.240423792739008));
#2379=CARTESIAN_POINT('Ctrl Pts',(0.441064850073013,0.0586228617710454,
0.353039229093314));
#2380=CARTESIAN_POINT('Ctrl Pts',(0.455362337875184,0.069465548201137,0.465059693498822));
#2381=CARTESIAN_POINT('Ctrl Pts',(0.465833331689479,0.0780883874225346,
0.548909022206888));
#2382=CARTESIAN_POINT('Ctrl Pts',(0.472204176991357,0.0838720975169393,
0.604831775879232));
#2383=CARTESIAN_POINT('Ctrl Pts',(0.483010511581098,0.0934723218135706,
0.688351213060538));
#2384=CARTESIAN_POINT('Ctrl Pts',(0.494551172409656,0.103792798377799,0.771568829423398));
#2385=CARTESIAN_POINT('Ctrl Pts',(0.502458672590505,0.113078019066394,0.855275419609873));
#2386=CARTESIAN_POINT('Ctrl Pts',(0.505539398055373,0.119644625710933,0.925562965783344));
#2387=CARTESIAN_POINT('Ctrl Pts',(0.506096537679434,0.125528498713212,0.996173720823046));
#2388=CARTESIAN_POINT('Ctrl Pts',(0.504317145692374,0.131898106298037,1.08123025122784));
#2389=CARTESIAN_POINT('Ctrl Pts',(0.501020620562489,0.13555919144868,1.13820999838448));
#2390=CARTESIAN_POINT('Ctrl Pts',(0.497346720891612,0.137969442432184,1.18110240000135));
#2391=CARTESIAN_POINT('Ctrl Pts',(0.420743166912372,0.0272534373988268,
0.));
#2392=CARTESIAN_POINT('Ctrl Pts',(0.423323904410344,0.0319418625535915,
0.0567601138423144));
#2393=CARTESIAN_POINT('Ctrl Pts',(0.427455803794938,0.0380177860884652,
0.127535464086884));
#2394=CARTESIAN_POINT('Ctrl Pts',(0.435975704482129,0.0481480865242883,
0.240423792739029));
#2395=CARTESIAN_POINT('Ctrl Pts',(0.445782522525581,0.058650141463423,0.353039229093346));
#2396=CARTESIAN_POINT('Ctrl Pts',(0.459896086199744,0.0695923461782974,
0.465059693498865));
#2397=CARTESIAN_POINT('Ctrl Pts',(0.470199241571207,0.0782801714780667,
0.548909022206933));
#2398=CARTESIAN_POINT('Ctrl Pts',(0.476450656282338,0.0841041220314527,
0.604831775879279));
#2399=CARTESIAN_POINT('Ctrl Pts',(0.487046287860713,0.0937592822865366,
0.688351213060589));
#2400=CARTESIAN_POINT('Ctrl Pts',(0.498343754446341,0.104125832054427,0.771568829423467));
#2401=CARTESIAN_POINT('Ctrl Pts',(0.50601373566617,0.113448220186747,0.855275419609945));
#2402=CARTESIAN_POINT('Ctrl Pts',(0.50891104085433,0.12003982812613,0.92556296578342));
#2403=CARTESIAN_POINT('Ctrl Pts',(0.509286115703597,0.125941530574905,0.996173720823128));
#2404=CARTESIAN_POINT('Ctrl Pts',(0.507291087338345,0.132326022103252,1.08123025122792));
#2405=CARTESIAN_POINT('Ctrl Pts',(0.503852714033032,0.135991265231821,1.13820999838458));
#2406=CARTESIAN_POINT('Ctrl Pts',(0.500073634257797,0.138401383295377,1.18110240000144));
#2407=CARTESIAN_POINT('Ctrl Pts',(0.425901762802703,0.0269022599343194,
0.));
#2408=CARTESIAN_POINT('Ctrl Pts',(0.428427298570311,0.031658025099141,0.0567601138423144));
#2409=CARTESIAN_POINT('Ctrl Pts',(0.432478883078503,0.037813384691954,0.127535464086909));
#2410=CARTESIAN_POINT('Ctrl Pts',(0.440848896900818,0.0480615202182247,
0.240423792739054));
#2411=CARTESIAN_POINT('Ctrl Pts',(0.450485966651632,0.0586734914999243,
0.353039229093384));
#2412=CARTESIAN_POINT('Ctrl Pts',(0.464412828152112,0.0697156271664468,
0.465059693498915));
#2413=CARTESIAN_POINT('Ctrl Pts',(0.474545102640557,0.0784682269463956,
0.548909022206987));
#2414=CARTESIAN_POINT('Ctrl Pts',(0.480674762527089,0.0843320519050783,
0.604831775879336));
#2415=CARTESIAN_POINT('Ctrl Pts',(0.491055354167411,0.0940413654176393,
0.688351213060651));
#2416=CARTESIAN_POINT('Ctrl Pts',(0.502104349044707,0.104452820492916,0.771568829423549));
#2417=CARTESIAN_POINT('Ctrl Pts',(0.509531326510622,0.113810554227975,0.85527541961003));
#2418=CARTESIAN_POINT('Ctrl Pts',(0.512240722044239,0.120425154850318,0.92556296578351));
#2419=CARTESIAN_POINT('Ctrl Pts',(0.512429017150774,0.126342178835838,0.996173720823226));
#2420=CARTESIAN_POINT('Ctrl Pts',(0.510212523467929,0.132738085297849,1.08123025122803));
#2421=CARTESIAN_POINT('Ctrl Pts',(0.506628251484074,0.136404768064725,1.13820999838469));
#2422=CARTESIAN_POINT('Ctrl Pts',(0.502740864072344,0.13881248646414,1.18110240000156));
#2423=CARTESIAN_POINT('Ctrl Pts',(0.431051945760717,0.026546384350159,0.));
#2424=CARTESIAN_POINT('Ctrl Pts',(0.433521663837077,0.0313697073832327,
0.0567601138423143));
#2425=CARTESIAN_POINT('Ctrl Pts',(0.437491891233195,0.0376047168407009,
0.127535464086932));
#2426=CARTESIAN_POINT('Ctrl Pts',(0.445709856943318,0.0479709471641784,
0.240423792739077));
#2427=CARTESIAN_POINT('Ctrl Pts',(0.455174506366146,0.058692946467312,0.353039229093419));
#2428=CARTESIAN_POINT('Ctrl Pts',(0.468911909219288,0.0698355032003941,
0.465059693498961));
#2429=CARTESIAN_POINT('Ctrl Pts',(0.478870191073983,0.0786526518685,0.548909022207036));
#2430=CARTESIAN_POINT('Ctrl Pts',(0.484875690028826,0.0845559319242501,
0.604831775879388));
#2431=CARTESIAN_POINT('Ctrl Pts',(0.495036735619898,0.0943185516919415,
0.688351213060706));
#2432=CARTESIAN_POINT('Ctrl Pts',(0.505831745903824,0.104773651572421,0.771568829423623));
#2433=CARTESIAN_POINT('Ctrl Pts',(0.51300991071586,0.114164614236256,0.855275419610108));
#2434=CARTESIAN_POINT('Ctrl Pts',(0.515526574734363,0.120799773650122,0.925562965783593));
#2435=CARTESIAN_POINT('Ctrl Pts',(0.515522974190213,0.126729039718373,0.996173720823315));
#2436=CARTESIAN_POINT('Ctrl Pts',(0.513078642030809,0.133132065232065,1.08123025122812));
#2437=CARTESIAN_POINT('Ctrl Pts',(0.509344003085498,0.136796797901059,1.13820999838479));
#2438=CARTESIAN_POINT('Ctrl Pts',(0.505344835375369,0.139199275824276,1.18110240000166));
#2439=CARTESIAN_POINT('Ctrl Pts',(0.436193059581078,0.0261859412056424,
0.));
#2440=CARTESIAN_POINT('Ctrl Pts',(0.438606357843578,0.0310770198842743,
0.0567601138423144));
#2441=CARTESIAN_POINT('Ctrl Pts',(0.442494191711473,0.0373918700469622,
0.127535464086967));
#2442=CARTESIAN_POINT('Ctrl Pts',(0.450557937564737,0.0478764223422845,
0.240423792739113));
#2443=CARTESIAN_POINT('Ctrl Pts',(0.459847460371577,0.058708531694693,0.353039229093474));
#2444=CARTESIAN_POINT('Ctrl Pts',(0.473392631925198,0.0699519723142687,
0.465059693499032));
#2445=CARTESIAN_POINT('Ctrl Pts',(0.483173732877046,0.0788334295032324,
0.548909022207112));
#2446=CARTESIAN_POINT('Ctrl Pts',(0.489052588231061,0.0847757451109895,
0.604831775879469));
#2447=CARTESIAN_POINT('Ctrl Pts',(0.498989431015476,0.0945907881277443,
0.688351213060794));
#2448=CARTESIAN_POINT('Ctrl Pts',(0.509524741347179,0.105088225704621,0.771568829423739));
#2449=CARTESIAN_POINT('Ctrl Pts',(0.516448017690046,0.114510347468392,0.855275419610229));
#2450=CARTESIAN_POINT('Ctrl Pts',(0.518766861755745,0.121163763201527,0.925562965783721));
#2451=CARTESIAN_POINT('Ctrl Pts',(0.518565932404629,0.127102389786964,0.996173720823454));
#2452=CARTESIAN_POINT('Ctrl Pts',(0.515886962601542,0.1335085413805,1.08123025122826));
#2453=CARTESIAN_POINT('Ctrl Pts',(0.511997163261846,0.137168191698195,1.13820999838496));
#2454=CARTESIAN_POINT('Ctrl Pts',(0.507882476543306,0.139562813771103,1.18110240000183));
#2455=CARTESIAN_POINT('Ctrl Pts',(0.441324449921929,0.0258210676091512,
0.));
#2456=CARTESIAN_POINT('Ctrl Pts',(0.443680743868837,0.0307800850693663,
0.0567601138423144));
#2457=CARTESIAN_POINT('Ctrl Pts',(0.447485155288793,0.0371749454259082,
0.127535464086982));
#2458=CARTESIAN_POINT('Ctrl Pts',(0.455392493624888,0.0477780016773992,
0.240423792739127));
#2459=CARTESIAN_POINT('Ctrl Pts',(0.464504143896635,0.0587202654405843,
0.353039229093496));
#2460=CARTESIAN_POINT('Ctrl Pts',(0.477854239843055,0.0700648664719578,
0.465059693499061));
#2461=CARTESIAN_POINT('Ctrl Pts',(0.487454888666392,0.0790103783162544,
0.548909022207143));
#2462=CARTESIAN_POINT('Ctrl Pts',(0.493204553306697,0.084991391554944,0.604831775879501));
#2463=CARTESIAN_POINT('Ctrl Pts',(0.502912422765058,0.0948579897318418,
0.688351213060829));
#2464=CARTESIAN_POINT('Ctrl Pts',(0.513182176471879,0.105396486503686,0.771568829423786));
#2465=CARTESIAN_POINT('Ctrl Pts',(0.519844322553015,0.114848267321071,0.855275419610278));
#2466=CARTESIAN_POINT('Ctrl Pts',(0.52196010342871,0.121518607076866,0.925562965783773));
#2467=CARTESIAN_POINT('Ctrl Pts',(0.521556237222042,0.127465067417514,0.99617372082351));
#2468=CARTESIAN_POINT('Ctrl Pts',(0.518635602018074,0.13387235182006,1.08123025122832));
#2469=CARTESIAN_POINT('Ctrl Pts',(0.514585680475871,0.137525437013418,1.13820999838502));
#2470=CARTESIAN_POINT('Ctrl Pts',(0.510351600191822,0.139911012527732,1.18110240000189));
#2471=CARTESIAN_POINT('Ctrl Pts',(0.446445469178481,0.0254519120790704,
0.));
#2472=CARTESIAN_POINT('Ctrl Pts',(0.448744194293368,0.0304790393410571,
0.0567601138423144));
#2473=CARTESIAN_POINT('Ctrl Pts',(0.452464163027486,0.0369540596632941,
0.127535464087018));
#2474=CARTESIAN_POINT('Ctrl Pts',(0.460212884025601,0.0476757442156308,
0.240423792739164));
#2475=CARTESIAN_POINT('Ctrl Pts',(0.469143870960182,0.0587281661236423,
0.353039229093552));
#2476=CARTESIAN_POINT('Ctrl Pts',(0.48229592074171,0.0701738667679183,0.465059693499135));
#2477=CARTESIAN_POINT('Ctrl Pts',(0.491712759630564,0.0791831798890138,
0.548909022207221));
#2478=CARTESIAN_POINT('Ctrl Pts',(0.497330634001795,0.085202717322122,0.604831775879584));
#2479=CARTESIAN_POINT('Ctrl Pts',(0.506804697965525,0.095120129983144,0.688351213060919));
#2480=CARTESIAN_POINT('Ctrl Pts',(0.516802982781448,0.105698615587281,0.771568829423906));
#2481=CARTESIAN_POINT('Ctrl Pts',(0.523197683198315,0.115179621786345,0.855275419610402));
#2482=CARTESIAN_POINT('Ctrl Pts',(0.525105076527113,0.121867217928743,0.925562965783905));
#2483=CARTESIAN_POINT('Ctrl Pts',(0.524492571884081,0.127822279664595,0.996173720823652));
#2484=CARTESIAN_POINT('Ctrl Pts',(0.521323118430108,0.134232045660627,1.08123025122847));
#2485=CARTESIAN_POINT('Ctrl Pts',(0.517108019195242,0.137879839176225,1.13820999838519));
#2486=CARTESIAN_POINT('Ctrl Pts',(0.512750593953403,0.140257526743807,1.18110240000206));
#2487=CARTESIAN_POINT('Ctrl Pts',(0.451555480839156,0.0250786388567556,
0.));
#2488=CARTESIAN_POINT('Ctrl Pts',(0.453796091504157,0.0301740330942525,
0.0567601138423144));
#2489=CARTESIAN_POINT('Ctrl Pts',(0.457430603465492,0.0367293405622046,
0.127535464087056));
#2490=CARTESIAN_POINT('Ctrl Pts',(0.465018468127415,0.0475697113419113,
0.240423792739202));
#2491=CARTESIAN_POINT('Ctrl Pts',(0.473765950435039,0.0587322547725946,
0.35303922909361));
#2492=CARTESIAN_POINT('Ctrl Pts',(0.486716831979057,0.0702785895690974,
0.465059693499211));
#2493=CARTESIAN_POINT('Ctrl Pts',(0.495946413004229,0.0793514657771646,
0.548909022207302));
#2494=CARTESIAN_POINT('Ctrl Pts',(0.501429840999208,0.085409533604913,0.60483177587967));
#2495=CARTESIAN_POINT('Ctrl Pts',(0.510665252919202,0.0953773226644654,
0.688351213061011));
#2496=CARTESIAN_POINT('Ctrl Pts',(0.520386177293497,0.105995198858872,0.77156882942403));
#2497=CARTESIAN_POINT('Ctrl Pts',(0.526507033456191,0.115506129885625,0.855275419610531));
#2498=CARTESIAN_POINT('Ctrl Pts',(0.528200534805503,0.122212816542096,0.925562965784042));
#2499=CARTESIAN_POINT('Ctrl Pts',(0.527373437031904,0.12817922777327,0.9961737208238));
#2500=CARTESIAN_POINT('Ctrl Pts',(0.523947636984275,0.134595663460101,1.08123025122863));
#2501=CARTESIAN_POINT('Ctrl Pts',(0.519561991931439,0.138241719088022,1.13820999838536));
#2502=CARTESIAN_POINT('Ctrl Pts',(0.515077001377828,0.140614623611643,1.18110240000223));
#2503=CARTESIAN_POINT('Ctrl Pts',(0.456653864758917,0.0247014332083049,
0.));
#2504=CARTESIAN_POINT('Ctrl Pts',(0.458835829112307,0.0298652321199177,
0.0567601138423144));
#2505=CARTESIAN_POINT('Ctrl Pts',(0.4623838707082,0.0365009273885955,0.127535464087097));
#2506=CARTESIAN_POINT('Ctrl Pts',(0.469808602993712,0.0474599721896923,
0.240423792739243));
#2507=CARTESIAN_POINT('Ctrl Pts',(0.478369681063554,0.0587325609455533,
0.353039229093673));
#2508=CARTESIAN_POINT('Ctrl Pts',(0.491116132494675,0.0703787049329,0.465059693499294));
#2509=CARTESIAN_POINT('Ctrl Pts',(0.500154911279398,0.0795149267318841,
0.548909022207391));
#2510=CARTESIAN_POINT('Ctrl Pts',(0.505501157655125,0.0856116545050848,
0.604831775879763));
#2511=CARTESIAN_POINT('Ctrl Pts',(0.514493073854607,0.0956298275261433,
0.688351213061113));
#2512=CARTESIAN_POINT('Ctrl Pts',(0.523930799138834,0.106287199768863,0.771568829424164));
#2513=CARTESIAN_POINT('Ctrl Pts',(0.529771208300841,0.115829530396045,0.855275419610672));
#2514=CARTESIAN_POINT('Ctrl Pts',(0.531244885829313,0.122557770528989,0.925562965784191));
#2515=CARTESIAN_POINT('Ctrl Pts',(0.530196631648383,0.1285389820134,0.996173720823961));
#2516=CARTESIAN_POINT('Ctrl Pts',(0.526506049457461,0.134967169580361,1.0812302512288));
#2517=CARTESIAN_POINT('Ctrl Pts',(0.521943733388655,0.138615694466723,1.13820999838555));
#2518=CARTESIAN_POINT('Ctrl Pts',(0.51732630289084,0.14098743404788,1.18110240000242));
#2519=CARTESIAN_POINT('Ctrl Pts',(0.461740015624228,0.0243204990995581,
0.));
#2520=CARTESIAN_POINT('Ctrl Pts',(0.46386280841276,0.0295528134830943,0.0567601138423143));
#2521=CARTESIAN_POINT('Ctrl Pts',(0.467323359227845,0.0362689659110536,
0.127535464087142));
#2522=CARTESIAN_POINT('Ctrl Pts',(0.47458263930223,0.0473466051598512,0.240423792739287));
#2523=CARTESIAN_POINT('Ctrl Pts',(0.482954347358602,0.0587291270997643,
0.353039229093742));
#2524=CARTESIAN_POINT('Ctrl Pts',(0.495493013107622,0.0704740424618361,
0.465059693499384));
#2525=CARTESIAN_POINT('Ctrl Pts',(0.504337340369601,0.0796734122362947,
0.548909022207486));
#2526=CARTESIAN_POINT('Ctrl Pts',(0.509543548634443,0.0858089161054151,
0.604831775879864));
#2527=CARTESIAN_POINT('Ctrl Pts',(0.51828712938266,0.095878102650828,0.688351213061222));
#2528=CARTESIAN_POINT('Ctrl Pts',(0.527435877291055,0.106576063041344,0.771568829424311));
#2529=CARTESIAN_POINT('Ctrl Pts',(0.532988793469933,0.116151193786289,0.855275419610824));
#2530=CARTESIAN_POINT('Ctrl Pts',(0.53423585657573,0.122902281481039,0.925562965784352));
#2531=CARTESIAN_POINT('Ctrl Pts',(0.532958668294215,0.128899843661636,0.996173720824136));
#2532=CARTESIAN_POINT('Ctrl Pts',(0.528993062476922,0.135341857070567,1.08123025122898));
#2533=CARTESIAN_POINT('Ctrl Pts',(0.524246450245775,0.138994436736688,1.13820999838576));
#2534=CARTESIAN_POINT('Ctrl Pts',(0.519490407323552,0.141366305144908,1.18110240000263));
#2535=CARTESIAN_POINT('Ctrl Pts',(0.466813333785193,0.0239360482849028,
0.));
#2536=CARTESIAN_POINT('Ctrl Pts',(0.468876429362608,0.0292369554847303,
0.0567601138423145));
#2537=CARTESIAN_POINT('Ctrl Pts',(0.472248455286314,0.0360336003002364,
0.127535464087191));
#2538=CARTESIAN_POINT('Ctrl Pts',(0.479339916494253,0.047229699957007,0.240423792739336));
#2539=CARTESIAN_POINT('Ctrl Pts',(0.487519215996615,0.0587220144031253,
0.353039229093816));
#2540=CARTESIAN_POINT('Ctrl Pts',(0.499846724704507,0.0705646930945084,
0.465059693499481));
#2541=CARTESIAN_POINT('Ctrl Pts',(0.508492835017499,0.0798270237160162,
0.54890902220759));
#2542=CARTESIAN_POINT('Ctrl Pts',(0.513555969437523,0.0860012094714213,
0.604831775879974));
#2543=CARTESIAN_POINT('Ctrl Pts',(0.52204635156628,0.0961227977290652,0.688351213061341));
#2544=CARTESIAN_POINT('Ctrl Pts',(0.530900366651844,0.106863649594576,0.771568829424469));
#2545=CARTESIAN_POINT('Ctrl Pts',(0.536157962966172,0.116471690420701,0.855275419610989));
#2546=CARTESIAN_POINT('Ctrl Pts',(0.53717020690531,0.123243373466044,0.925562965784527));
#2547=CARTESIAN_POINT('Ctrl Pts',(0.535654315787537,0.129253522283706,0.996173720824325));
#2548=CARTESIAN_POINT('Ctrl Pts',(0.531400505658847,0.135703350906873,1.08123025122918));
#2549=CARTESIAN_POINT('Ctrl Pts',(0.526459528282171,0.139354691223617,1.13820999838598));
#2550=CARTESIAN_POINT('Ctrl Pts',(0.521556601621012,0.141721995363021,1.18110240000285));
#2551=CARTESIAN_POINT('Ctrl Pts',(0.471873216999008,0.023548290395169,0.));
#2552=CARTESIAN_POINT('Ctrl Pts',(0.473876082062682,0.0289178275058888,
0.0567601138423142));
#2553=CARTESIAN_POINT('Ctrl Pts',(0.477158528583513,0.0357949619923261,
0.127535464087244));
#2554=CARTESIAN_POINT('Ctrl Pts',(0.484079759066665,0.0471093629034695,
0.240423792739389));
#2555=CARTESIAN_POINT('Ctrl Pts',(0.492063530630495,0.0587112937716709,
0.353039229093897));
#2556=CARTESIAN_POINT('Ctrl Pts',(0.504176620724067,0.0706511684592142,
0.465059693499587));
#2557=CARTESIAN_POINT('Ctrl Pts',(0.512620610328638,0.0799762168558085,
0.548909022207703));
#2558=CARTESIAN_POINT('Ctrl Pts',(0.517537391046361,0.0861885851630823,
0.604831775880094));
#2559=CARTESIAN_POINT('Ctrl Pts',(0.525769518244313,0.0963641431085517,
0.68835121306147));
#2560=CARTESIAN_POINT('Ctrl Pts',(0.534322811592033,0.107150516648765,0.771568829424642));
#2561=CARTESIAN_POINT('Ctrl Pts',(0.53927612483786,0.116789205890546,0.855275419611169));
#2562=CARTESIAN_POINT('Ctrl Pts',(0.540043567514178,0.123574692004705,0.925562965784718));
#2563=CARTESIAN_POINT('Ctrl Pts',(0.538276783801866,0.129587216912779,0.996173720824531));
#2564=CARTESIAN_POINT('Ctrl Pts',(0.533718053002387,0.13602923940071,1.08123025122939));
#2565=CARTESIAN_POINT('Ctrl Pts',(0.528569756011857,0.139666064557575,1.13820999838622));
#2566=CARTESIAN_POINT('Ctrl Pts',(0.523509192299143,0.142017184943318,1.18110240000309));
#2567=CARTESIAN_POINT('Ctrl Pts',(0.476919051904326,0.0231574228127627,
0.));
#2568=CARTESIAN_POINT('Ctrl Pts',(0.478861139099166,0.0285955833501773,
0.0567601138423145));
#2569=CARTESIAN_POINT('Ctrl Pts',(0.482052924458023,0.0355531619101644,
0.127535464087301));
#2570=CARTESIAN_POINT('Ctrl Pts',(0.488801472154227,0.0469857224772085,
0.240423792739446));
#2571=CARTESIAN_POINT('Ctrl Pts',(0.496586506433379,0.0586970389551184,
0.353039229093984));
#2572=CARTESIAN_POINT('Ctrl Pts',(0.50848215140289,0.0707343917132032,0.465059693499702));
#2573=CARTESIAN_POINT('Ctrl Pts',(0.516719951943373,0.0801217580872839,
0.548909022207825));
#2574=CARTESIAN_POINT('Ctrl Pts',(0.521486815896146,0.0863713617970031,
0.604831775880223));
#2575=CARTESIAN_POINT('Ctrl Pts',(0.529455146391225,0.0966012883356433,
0.68835121306161));
#2576=CARTESIAN_POINT('Ctrl Pts',(0.537701039705649,0.107434030601626,0.771568829424828));
#2577=CARTESIAN_POINT('Ctrl Pts',(0.542339768214786,0.117098622077271,0.855275419611363));
#2578=CARTESIAN_POINT('Ctrl Pts',(0.542850776268334,0.12388860628899,0.925562965784924));
#2579=CARTESIAN_POINT('Ctrl Pts',(0.5408187668798,0.129890206214868,0.996173720824754));
#2580=CARTESIAN_POINT('Ctrl Pts',(0.535935387220985,0.136304630562201,1.08123025122963));
#2581=CARTESIAN_POINT('Ctrl Pts',(0.530564394643992,0.139910394379844,1.13820999838648));
#2582=CARTESIAN_POINT('Ctrl Pts',(0.525333419355342,0.14223106084892,1.18110240000335));
#2583=CARTESIAN_POINT('Ctrl Pts',(0.481950205212689,0.0227636199991442,
0.));
#2584=CARTESIAN_POINT('Ctrl Pts',(0.483830951751176,0.0282703656969313,
0.0567601138423143));
#2585=CARTESIAN_POINT('Ctrl Pts',(0.486930965874435,0.0353083107946032,
0.127535464087363));
#2586=CARTESIAN_POINT('Ctrl Pts',(0.493504341517339,0.0468589438034027,
0.240423792739508));
#2587=CARTESIAN_POINT('Ctrl Pts',(0.501087334858911,0.0586793521433969,
0.35303922909408));
#2588=CARTESIAN_POINT('Ctrl Pts',(0.512762788763904,0.0708154305459666,
0.465059693499827));
#2589=CARTESIAN_POINT('Ctrl Pts',(0.520790152667011,0.0802644917621223,
0.548909022207959));
#2590=CARTESIAN_POINT('Ctrl Pts',(0.525403258152591,0.0865501131527383,
0.604831775880364));
#2591=CARTESIAN_POINT('Ctrl Pts',(0.533101564307611,0.0968323459272594,
0.688351213061762));
#2592=CARTESIAN_POINT('Ctrl Pts',(0.541032383050947,0.107708500952505,0.771568829425032));
#2593=CARTESIAN_POINT('Ctrl Pts',(0.545344951978076,0.117392995747151,0.855275419611575));
#2594=CARTESIAN_POINT('Ctrl Pts',(0.545586669041737,0.124179927323032,0.925562965785149));
#2595=CARTESIAN_POINT('Ctrl Pts',(0.543273672320879,0.130160826025898,0.996173720824997));
#2596=CARTESIAN_POINT('Ctrl Pts',(0.538043988945472,0.136533784031345,1.08123025122988));
#2597=CARTESIAN_POINT('Ctrl Pts',(0.532433491546968,0.140097433732171,1.13820999838677));
#2598=CARTESIAN_POINT('Ctrl Pts',(0.527018131045556,0.142378274865237,1.18110240000364));
#2599=CARTESIAN_POINT('Ctrl Pts',(0.486966015869571,0.0223670244132624,
0.));
#2600=CARTESIAN_POINT('Ctrl Pts',(0.488784847580201,0.0279423056009457,
0.0567601138423144));
#2601=CARTESIAN_POINT('Ctrl Pts',(0.491791952898623,0.035060517380774,0.12753546408743));
#2602=CARTESIAN_POINT('Ctrl Pts',(0.49818763138791,0.0467292172452274,0.240423792739574));
#2603=CARTESIAN_POINT('Ctrl Pts',(0.50556517822879,0.0586583385330596,0.353039229094181));
#2604=CARTESIAN_POINT('Ctrl Pts',(0.517017939541845,0.0708951962274687,
0.46505969349996));
#2605=CARTESIAN_POINT('Ctrl Pts',(0.524830424376073,0.0804050411220907,
0.548909022208101));
#2606=CARTESIAN_POINT('Ctrl Pts',(0.529285702907747,0.0867256075366562,
0.604831775880514));
#2607=CARTESIAN_POINT('Ctrl Pts',(0.536706858414717,0.097054041346106,0.688351213061925));
#2608=CARTESIAN_POINT('Ctrl Pts',(0.544313590204896,0.107964331001033,0.771568829425249));
#2609=CARTESIAN_POINT('Ctrl Pts',(0.548287492961237,0.117664122380872,0.855275419611801));
#2610=CARTESIAN_POINT('Ctrl Pts',(0.548246811563718,0.124449548953154,0.925562965785388));
#2611=CARTESIAN_POINT('Ctrl Pts',(0.545637047525329,0.130414365099695,0.996173720825256));
#2612=CARTESIAN_POINT('Ctrl Pts',(0.540039680639215,0.136754607809333,1.08123025123015));
#2613=CARTESIAN_POINT('Ctrl Pts',(0.534173235924129,0.140284579701121,1.13820999838707));
#2614=CARTESIAN_POINT('Ctrl Pts',(0.528559962827084,0.142533526984819,1.18110240000394));
#2615=CARTESIAN_POINT('Ctrl Pts',(0.491965785158815,0.0219677341122601,
0.));
#2616=CARTESIAN_POINT('Ctrl Pts',(0.493722126412136,0.0276115162501426,
0.0567601138423144));
#2617=CARTESIAN_POINT('Ctrl Pts',(0.496635170689819,0.0348099069943266,
0.127535464087506));
#2618=CARTESIAN_POINT('Ctrl Pts',(0.502850583104319,0.0465967373959487,
0.240423792739651));
#2619=CARTESIAN_POINT('Ctrl Pts',(0.510019194846366,0.0586341674490418,
0.353039229094298));
#2620=CARTESIAN_POINT('Ctrl Pts',(0.521246847614525,0.0709740794437548,
0.465059693500114));
#2621=CARTESIAN_POINT('Ctrl Pts',(0.52883986160299,0.0805436600499811,0.548909022208264));
#2622=CARTESIAN_POINT('Ctrl Pts',(0.533133013610801,0.086898532199336,0.604831775880687));
#2623=CARTESIAN_POINT('Ctrl Pts',(0.540269643341253,0.0972641849194426,
0.688351213062112));
#2624=CARTESIAN_POINT('Ctrl Pts',(0.547542965995166,0.108194823005269,0.771568829425498));
#2625=CARTESIAN_POINT('Ctrl Pts',(0.551164682631031,0.117908239975902,0.855275419612061));
#2626=CARTESIAN_POINT('Ctrl Pts',(0.550827004894483,0.124703584058516,0.925562965785663));
#2627=CARTESIAN_POINT('Ctrl Pts',(0.547902735454347,0.13067213731556,0.996173720825553));
#2628=CARTESIAN_POINT('Ctrl Pts',(0.541913428782949,0.137011651159951,1.08123025123047));
#2629=CARTESIAN_POINT('Ctrl Pts',(0.53577232475197,0.140536439763255,1.13820999838742));
#2630=CARTESIAN_POINT('Ctrl Pts',(0.529945604820577,0.142778792679425,1.18110240000429));
#2631=CARTESIAN_POINT('Ctrl Pts',(0.496948774599182,0.0215658028840647,
0.));
#2632=CARTESIAN_POINT('Ctrl Pts',(0.498642061761783,0.0272780958502485,
0.0567601138423144));
#2633=CARTESIAN_POINT('Ctrl Pts',(0.501459890636407,0.03455662279952,0.127535464087545));
#2634=CARTESIAN_POINT('Ctrl Pts',(0.507492402473954,0.0464616526218711,
0.240423792739689));
#2635=CARTESIAN_POINT('Ctrl Pts',(0.514448546733097,0.0586071012468141,
0.353039229094357));
#2636=CARTESIAN_POINT('Ctrl Pts',(0.525448438055669,0.0710514200297554,
0.465059693500191));
#2637=CARTESIAN_POINT('Ctrl Pts',(0.532817356215808,0.0806799705502699,
0.548909022208347));
#2638=CARTESIAN_POINT('Ctrl Pts',(0.536943748257782,0.0870689499310572,
0.604831775880775));
#2639=CARTESIAN_POINT('Ctrl Pts',(0.543789986758118,0.0974649067531518,
0.688351213062206));
#2640=CARTESIAN_POINT('Ctrl Pts',(0.550722980255405,0.108405190753416,0.771568829425624));
#2641=CARTESIAN_POINT('Ctrl Pts',(0.553977072676687,0.1181325609478,0.855275419612192));
#2642=CARTESIAN_POINT('Ctrl Pts',(0.553321918082402,0.124949659064348,0.925562965785803));
#2643=CARTESIAN_POINT('Ctrl Pts',(0.550056365740208,0.130941152051756,0.996173720825704));
#2644=CARTESIAN_POINT('Ctrl Pts',(0.543637172886026,0.137310780019186,1.08123025123062));
#2645=CARTESIAN_POINT('Ctrl Pts',(0.537190814416993,0.140856950208811,1.1382099983876));
#2646=CARTESIAN_POINT('Ctrl Pts',(0.531124945156549,0.143116730759826,1.18110240000447));
#2647=CARTESIAN_POINT('Ctrl Pts',(0.501914215160888,0.021161257455018,0.));
#2648=CARTESIAN_POINT('Ctrl Pts',(0.50354391057033,0.0269421428823647,0.0567601138423144));
#2649=CARTESIAN_POINT('Ctrl Pts',(0.506265402136461,0.0343008956014142,
0.127535464087658));
#2650=CARTESIAN_POINT('Ctrl Pts',(0.512112273190324,0.0463240781482392,
0.240423792739802));
#2651=CARTESIAN_POINT('Ctrl Pts',(0.518852453421095,0.0585776277872323,
0.35303922909453));
#2652=CARTESIAN_POINT('Ctrl Pts',(0.5296213195895,0.0711254624322041,0.465059693500418));
#2653=CARTESIAN_POINT('Ctrl Pts',(0.536761678445681,0.0808131643640795,
0.548909022208589));
#2654=CARTESIAN_POINT('Ctrl Pts',(0.540716091276573,0.0872360414809933,
0.604831775881031));
#2655=CARTESIAN_POINT('Ctrl Pts',(0.547270560106048,0.0976661685149087,
0.688351213062483));
#2656=CARTESIAN_POINT('Ctrl Pts',(0.553863438564306,0.108622235363876,0.771568829425993));
#2657=CARTESIAN_POINT('Ctrl Pts',(0.556730762509568,0.118362154721648,0.855275419612577));
#2658=CARTESIAN_POINT('Ctrl Pts',(0.555723559738203,0.1251919855234,0.925562965786211));
#2659=CARTESIAN_POINT('Ctrl Pts',(0.552068504420785,0.131192486342769,0.996173720826145));
#2660=CARTESIAN_POINT('Ctrl Pts',(0.54514810124679,0.13757001775115,1.08123025123109));
#2661=CARTESIAN_POINT('Ctrl Pts',(0.538337648384425,0.141118900677098,1.13820999838812));
#2662=CARTESIAN_POINT('Ctrl Pts',(0.531981755539631,0.143379058507189,1.18110240000499));
#2663=CARTESIAN_POINT('Ctrl Pts',(0.506861316554764,0.0207541164872173,
0.));
#2664=CARTESIAN_POINT('Ctrl Pts',(0.508426922751514,0.0266037727917799,
0.0567601138423144));
#2665=CARTESIAN_POINT('Ctrl Pts',(0.511050985922399,0.034042966242875,0.127535464087731));
#2666=CARTESIAN_POINT('Ctrl Pts',(0.516709342426419,0.0461840520334132,
0.240423792739876));
#2667=CARTESIAN_POINT('Ctrl Pts',(0.523230086794069,0.0585461627099636,
0.353039229094643));
#2668=CARTESIAN_POINT('Ctrl Pts',(0.533763888346189,0.0711938140640825,
0.465059693500566));
#2669=CARTESIAN_POINT('Ctrl Pts',(0.540671395577147,0.0809419264564371,
0.548909022208746));
#2670=CARTESIAN_POINT('Ctrl Pts',(0.544447758252048,0.0873978028558053,
0.604831775881197));
#2671=CARTESIAN_POINT('Ctrl Pts',(0.550714893822162,0.097881091678348,0.688351213062663));
#2672=CARTESIAN_POINT('Ctrl Pts',(0.556977037224577,0.108882592873201,0.771568829426234));
#2673=CARTESIAN_POINT('Ctrl Pts',(0.55943300619135,0.118627238168887,0.855275419612827));
#2674=CARTESIAN_POINT('Ctrl Pts',(0.558019998402935,0.125424963211301,0.925562965786476));
#2675=CARTESIAN_POINT('Ctrl Pts',(0.553897645499956,0.131363449121809,0.996173720826432));
#2676=CARTESIAN_POINT('Ctrl Pts',(0.54635936147636,0.137638103834887,1.08123025123139));
#2677=CARTESIAN_POINT('Ctrl Pts',(0.539086873558756,0.141093693511914,1.13820999838845));
#2678=CARTESIAN_POINT('Ctrl Pts',(0.532356109660957,0.143269842182163,1.18110240000532));
#2679=CARTESIAN_POINT('Ctrl Pts',(0.510967949790731,0.0204126918678695,
0.));
#2680=CARTESIAN_POINT('Ctrl Pts',(0.512479771261055,0.0263198804360672,
0.0567601138423144));
#2681=CARTESIAN_POINT('Ctrl Pts',(0.515021751472941,0.0338263560738946,
0.127535464087849));
#2682=CARTESIAN_POINT('Ctrl Pts',(0.520520522420401,0.0460653499089513,
0.240423792739993));
#2683=CARTESIAN_POINT('Ctrl Pts',(0.526855426166833,0.058518371744688,0.353039229094823));
#2684=CARTESIAN_POINT('Ctrl Pts',(0.537189623836086,0.0712446058443359,
0.465059693500802));
#2685=CARTESIAN_POINT('Ctrl Pts',(0.543899392488765,0.0810443826664687,
0.548909022208997));
#2686=CARTESIAN_POINT('Ctrl Pts',(0.547521800882576,0.0875268266874179,
0.604831775881463));
#2687=CARTESIAN_POINT('Ctrl Pts',(0.553555128737225,0.0980758775671921,
0.688351213062951));
#2688=CARTESIAN_POINT('Ctrl Pts',(0.559552638690815,0.10914881844456,0.771568829426617));
#2689=CARTESIAN_POINT('Ctrl Pts',(0.561642569901942,0.118889425641451,0.855275419613227));
#2690=CARTESIAN_POINT('Ctrl Pts',(0.55983839719219,0.125611159605262,0.9255629657869));
#2691=CARTESIAN_POINT('Ctrl Pts',(0.555249458436068,0.131419785857568,0.99617372082689));
#2692=CARTESIAN_POINT('Ctrl Pts',(0.547080177163466,0.137486507709689,1.08123025123187));
#2693=CARTESIAN_POINT('Ctrl Pts',(0.539324985653919,0.14075844496727,1.13820999838899));
#2694=CARTESIAN_POINT('Ctrl Pts',(0.532197086373419,0.142771330657817,1.18110240000586));
#2695=CARTESIAN_POINT('Ctrl Pts',(0.514243283674235,0.0201382965325877,
0.));
#2696=CARTESIAN_POINT('Ctrl Pts',(0.515711869314907,0.0260916642413606,
0.0567601138423144));
#2697=CARTESIAN_POINT('Ctrl Pts',(0.518187636083892,0.0336520892443704,
0.127535464087868));
#2698=CARTESIAN_POINT('Ctrl Pts',(0.523557215516197,0.0459691919828797,
0.240423792740012));
#2699=CARTESIAN_POINT('Ctrl Pts',(0.529741499626945,0.0584949616719901,
0.353039229094852));
#2700=CARTESIAN_POINT('Ctrl Pts',(0.539913992461192,0.0712816540524159,
0.46505969350084));
#2701=CARTESIAN_POINT('Ctrl Pts',(0.546463001740526,0.0811229993818503,
0.548909022209038));
#2702=CARTESIAN_POINT('Ctrl Pts',(0.549958806104502,0.0876264103602613,
0.604831775881506));
#2703=CARTESIAN_POINT('Ctrl Pts',(0.55580622511572,0.0982358068430608,0.688351213062997));
#2704=CARTESIAN_POINT('Ctrl Pts',(0.561595219150097,0.109378118529954,0.77156882942668));
#2705=CARTESIAN_POINT('Ctrl Pts',(0.563378688702038,0.119113744117668,0.855275419613292));
#2706=CARTESIAN_POINT('Ctrl Pts',(0.56123383608067,0.125758673914716,0.925562965786969));
#2707=CARTESIAN_POINT('Ctrl Pts',(0.556232033998826,0.1314378440783,0.996173720826965));
#2708=CARTESIAN_POINT('Ctrl Pts',(0.547498788012367,0.137297813029216,1.08123025123195));
#2709=CARTESIAN_POINT('Ctrl Pts',(0.539308140862825,0.140387938714725,1.13820999838908));
#2710=CARTESIAN_POINT('Ctrl Pts',(0.531819767021976,0.142239139345142,1.18110240000595));
#2711=CARTESIAN_POINT('Ctrl Pts',(0.516694697744199,0.0199318837913743,
0.));
#2712=CARTESIAN_POINT('Ctrl Pts',(0.518130755213969,0.0259199598715072,
0.0567601138423144));
#2713=CARTESIAN_POINT('Ctrl Pts',(0.520556578370079,0.0335208851060055,
0.127535464087894));
#2714=CARTESIAN_POINT('Ctrl Pts',(0.52582850125757,0.0458964732384529,0.240423792740038));
#2715=CARTESIAN_POINT('Ctrl Pts',(0.531898782863542,0.0584766959311142,
0.353039229094892));
#2716=CARTESIAN_POINT('Ctrl Pts',(0.541949137373389,0.0713079337342227,
0.465059693500892));
#2717=CARTESIAN_POINT('Ctrl Pts',(0.548376149230748,0.0811802985476135,
0.548909022209094));
#2718=CARTESIAN_POINT('Ctrl Pts',(0.551775262226229,0.0876993089608377,
0.604831775881565));
#2719=CARTESIAN_POINT('Ctrl Pts',(0.557482667993224,0.0983551939824077,
0.688351213063061));
#2720=CARTESIAN_POINT('Ctrl Pts',(0.563115095073336,0.109551569470111,0.771568829426764));
#2721=CARTESIAN_POINT('Ctrl Pts',(0.564662077174496,0.119283200728606,0.85527541961338));
#2722=CARTESIAN_POINT('Ctrl Pts',(0.562250044917305,0.125867981921904,0.925562965787062));
#2723=CARTESIAN_POINT('Ctrl Pts',(0.556922256254632,0.131445820766609,0.996173720827066));
#2724=CARTESIAN_POINT('Ctrl Pts',(0.547742045570781,0.137144207468198,1.08123025123205));
#2725=CARTESIAN_POINT('Ctrl Pts',(0.539204862201934,0.140092101004544,1.1382099983892));
#2726=CARTESIAN_POINT('Ctrl Pts',(0.531429092276801,0.141817063678196,1.18110240000607));
#2727=CARTESIAN_POINT('Ctrl Pts',(0.519140926067097,0.0197248687071766,
0.));
#2728=CARTESIAN_POINT('Ctrl Pts',(0.520544356220653,0.0257477225904304,
0.0567601138423144));
#2729=CARTESIAN_POINT('Ctrl Pts',(0.522919946469168,0.0333891683293163,
0.127535464087943));
#2730=CARTESIAN_POINT('Ctrl Pts',(0.528093448145258,0.0458231569438495,
0.240423792740088));
#2731=CARTESIAN_POINT('Ctrl Pts',(0.534048630891885,0.0584576187412223,
0.353039229094967));
#2732=CARTESIAN_POINT('Ctrl Pts',(0.543976166240674,0.0713330765409118,
0.465059693500991));
#2733=CARTESIAN_POINT('Ctrl Pts',(0.550279611497829,0.0812360333498922,
0.548909022209199));
#2734=CARTESIAN_POINT('Ctrl Pts',(0.553580262798282,0.0877704666793225,
0.604831775881677));
#2735=CARTESIAN_POINT('Ctrl Pts',(0.559145951740505,0.0984715885086984,
0.688351213063182));
#2736=CARTESIAN_POINT('Ctrl Pts',(0.564619923623717,0.109720239234448,0.771568829426926));
#2737=CARTESIAN_POINT('Ctrl Pts',(0.565923944394248,0.119447973631941,0.855275419613548));
#2738=CARTESIAN_POINT('Ctrl Pts',(0.56323509576629,0.125974577848268,0.92556296578724));
#2739=CARTESIAN_POINT('Ctrl Pts',(0.557568411610443,0.131454411889409,0.996173720827258));
#2740=CARTESIAN_POINT('Ctrl Pts',(0.547922536345154,0.136996437451063,1.08123025123225));
#2741=CARTESIAN_POINT('Ctrl Pts',(0.539023662087428,0.13980676069464,1.13820999838942));
#2742=CARTESIAN_POINT('Ctrl Pts',(0.530947512660067,0.141409529411361,1.18110240000629));
#2743=CARTESIAN_POINT('Ctrl Pts',(0.522395518828715,0.0194480710346202,
0.));
#2744=CARTESIAN_POINT('Ctrl Pts',(0.523755313664112,0.025517371958383,0.0567601138423144));
#2745=CARTESIAN_POINT('Ctrl Pts',(0.526063523861379,0.0332128332826023,
0.12753546408794));
#2746=CARTESIAN_POINT('Ctrl Pts',(0.531104778021837,0.0457245953873464,
0.240423792740085));
#2747=CARTESIAN_POINT('Ctrl Pts',(0.536904942852374,0.0584309420904896,
0.353039229094963));
#2748=CARTESIAN_POINT('Ctrl Pts',(0.546668109660791,0.0713657093230466,
0.465059693500985));
#2749=CARTESIAN_POINT('Ctrl Pts',(0.552804496287061,0.0813085175949313,
0.548909022209193));
#2750=CARTESIAN_POINT('Ctrl Pts',(0.555971430683181,0.0878630785278426,
0.60483177588167));
#2751=CARTESIAN_POINT('Ctrl Pts',(0.561344220155727,0.0986196291969001,
0.688351213063174));
#2752=CARTESIAN_POINT('Ctrl Pts',(0.56660182838244,0.109930648740155,0.771568829426916));
#2753=CARTESIAN_POINT('Ctrl Pts',(0.567573254475932,0.119652812008082,0.855275419613537));
#2754=CARTESIAN_POINT('Ctrl Pts',(0.564505158430691,0.126108817740862,0.925562965787229));
#2755=CARTESIAN_POINT('Ctrl Pts',(0.558373783315694,0.131469712402208,0.996173720827246));
#2756=CARTESIAN_POINT('Ctrl Pts',(0.548089177205381,0.136822139058664,1.08123025123224));
#2757=CARTESIAN_POINT('Ctrl Pts',(0.538693932462564,0.139465612556056,1.13820999838941));
#2758=CARTESIAN_POINT('Ctrl Pts',(0.530205513444092,0.140920283610866,1.18110240000628));
#2759=CARTESIAN_POINT('Ctrl Pts',(0.525233870676079,0.0192048906405885,
0.));
#2760=CARTESIAN_POINT('Ctrl Pts',(0.526555309716276,0.025314908399416,0.0567601138423144));
#2761=CARTESIAN_POINT('Ctrl Pts',(0.528804019037239,0.0330575797311252,
0.127535464088109));
#2762=CARTESIAN_POINT('Ctrl Pts',(0.533728217435204,0.0456372882764265,
0.240423792740253));
#2763=CARTESIAN_POINT('Ctrl Pts',(0.539390593756192,0.0584058031955222,
0.353039229095221));
#2764=CARTESIAN_POINT('Ctrl Pts',(0.549009550931412,0.0713939688637594,
0.465059693501325));
#2765=CARTESIAN_POINT('Ctrl Pts',(0.554996474138079,0.0813699939896071,
0.548909022209554));
#2766=CARTESIAN_POINT('Ctrl Pts',(0.558043080269516,0.0879411897859262,
0.604831775882052));
#2767=CARTESIAN_POINT('Ctrl Pts',(0.5632398867628,0.0987364764345012,0.688351213063588));
#2768=CARTESIAN_POINT('Ctrl Pts',(0.568298421241628,0.110087320322998,0.771568829427467));
#2769=CARTESIAN_POINT('Ctrl Pts',(0.568967313443318,0.119802656349637,0.855275419614112));
#2770=CARTESIAN_POINT('Ctrl Pts',(0.565556915015681,0.126208650109456,0.925562965787838));
#2771=CARTESIAN_POINT('Ctrl Pts',(0.559007076956686,0.131486224103971,0.996173720827905));
#2772=CARTESIAN_POINT('Ctrl Pts',(0.548148015664472,0.136706142259322,1.08123025123293));
#2773=CARTESIAN_POINT('Ctrl Pts',(0.538307027033256,0.139233662366062,1.13820999839018));
#2774=CARTESIAN_POINT('Ctrl Pts',(0.529448565400717,0.140585195254512,1.18110240000705));
#2775=CARTESIAN_POINT('Ctrl Pts',(0.527659779252915,0.0189958215295934,
0.));
#2776=CARTESIAN_POINT('Ctrl Pts',(0.528948207339485,0.0251407341400938,
0.0567601138423144));
#2777=CARTESIAN_POINT('Ctrl Pts',(0.531145492846838,0.0329237600678425,
0.127535464088123));
#2778=CARTESIAN_POINT('Ctrl Pts',(0.535968397049798,0.0455616424112779,
0.240423792740268));
#2779=CARTESIAN_POINT('Ctrl Pts',(0.541510995628397,0.0583828175275345,
0.353039229095243));
#2780=CARTESIAN_POINT('Ctrl Pts',(0.551006610463039,0.071418860201474,0.465059693501353));
#2781=CARTESIAN_POINT('Ctrl Pts',(0.556862755252456,0.0814219336931545,
0.548909022209584));
#2782=CARTESIAN_POINT('Ctrl Pts',(0.55980364588933,0.0880061760191813,0.604831775882084));
#2783=CARTESIAN_POINT('Ctrl Pts',(0.564842065416853,0.0988258187861712,
0.688351213063622));
#2784=CARTESIAN_POINT('Ctrl Pts',(0.569719303583398,0.110197411320111,0.771568829427513));
#2785=CARTESIAN_POINT('Ctrl Pts',(0.570120070135821,0.119902544333927,0.85527541961416));
#2786=CARTESIAN_POINT('Ctrl Pts',(0.566411673854168,0.126272162462172,0.925562965787889));
#2787=CARTESIAN_POINT('Ctrl Pts',(0.559499548435425,0.131490600936853,0.996173720827959));
#2788=CARTESIAN_POINT('Ctrl Pts',(0.548145092606331,0.136618287865769,1.08123025123299));
#2789=CARTESIAN_POINT('Ctrl Pts',(0.537920854082266,0.139065268905164,1.13820999839025));
#2790=CARTESIAN_POINT('Ctrl Pts',(0.528745067365801,0.140346177237037,1.18110240000712));
#2791=CARTESIAN_POINT('Ctrl Pts',(0.528871328830717,0.0188911656319377,
0.));
#2792=CARTESIAN_POINT('Ctrl Pts',(0.530143223265835,0.0250535192791305,
0.0567601138423143));
#2793=CARTESIAN_POINT('Ctrl Pts',(0.532314712698943,0.0328567024467334,
0.127535464088135));
#2794=CARTESIAN_POINT('Ctrl Pts',(0.537086777076249,0.0455236563454179,
0.240423792740279));
#2795=CARTESIAN_POINT('Ctrl Pts',(0.542569150832225,0.0583710550940045,
0.353039229095261));
#2796=CARTESIAN_POINT('Ctrl Pts',(0.552003169833799,0.0714314442071774,
0.465059693501377));
#2797=CARTESIAN_POINT('Ctrl Pts',(0.557793387414814,0.0814477979933911,
0.54890902220961));
#2798=CARTESIAN_POINT('Ctrl Pts',(0.560680897851201,0.0880383218481281,
0.604831775882111));
#2799=CARTESIAN_POINT('Ctrl Pts',(0.56563857304623,0.0988686590334129,0.688351213063651));
#2800=CARTESIAN_POINT('Ctrl Pts',(0.570422977613685,0.110248378793658,0.771568829427552));
#2801=CARTESIAN_POINT('Ctrl Pts',(0.570687916235365,0.119947591450716,0.8552754196142));
#2802=CARTESIAN_POINT('Ctrl Pts',(0.566829622386182,0.126299775861782,0.925562965787932));
#2803=CARTESIAN_POINT('Ctrl Pts',(0.559735762765496,0.13149055812545,0.996173720828006));
#2804=CARTESIAN_POINT('Ctrl Pts',(0.548133119595391,0.136575138927661,1.08123025123304));
#2805=CARTESIAN_POINT('Ctrl Pts',(0.537717250256262,0.138985014307411,1.1382099983903));
#2806=CARTESIAN_POINT('Ctrl Pts',(0.528382838305988,0.140233098803779,1.18110240000717));
#2807=CARTESIAN_POINT('Ctrl Pts',(0.530081461833025,0.0187863924748704,
0.));
#2808=CARTESIAN_POINT('Ctrl Pts',(0.531336793881104,0.02496617757851,0.0567601138423144));
#2809=CARTESIAN_POINT('Ctrl Pts',(0.53348239914743,0.032789490318277,0.127535464088147));
#2810=CARTESIAN_POINT('Ctrl Pts',(0.538203430757078,0.0454855012644945,
0.240423792740291));
#2811=CARTESIAN_POINT('Ctrl Pts',(0.543625235145857,0.0583590083551426,
0.35303922909528));
#2812=CARTESIAN_POINT('Ctrl Pts',(0.55299775104565,0.0714441867690453,0.465059693501401));
#2813=CARTESIAN_POINT('Ctrl Pts',(0.558721486952262,0.0814735656831246,
0.548909022209636));
#2814=CARTESIAN_POINT('Ctrl Pts',(0.561555085776064,0.0880701138165635,
0.604831775882138));
#2815=CARTESIAN_POINT('Ctrl Pts',(0.566430346287004,0.0989095613876409,
0.688351213063681));
#2816=CARTESIAN_POINT('Ctrl Pts',(0.571119528733675,0.11029501612481,0.771568829427591));
#2817=CARTESIAN_POINT('Ctrl Pts',(0.571246821766177,0.119987242111543,0.855275419614242));
#2818=CARTESIAN_POINT('Ctrl Pts',(0.567237876733305,0.126322689105095,0.925562965787976));
#2819=CARTESIAN_POINT('Ctrl Pts',(0.559961844170727,0.131487281201199,0.996173720828053));
#2820=CARTESIAN_POINT('Ctrl Pts',(0.548110900109658,0.136531578299193,1.08123025123309));
#2821=CARTESIAN_POINT('Ctrl Pts',(0.537503571636039,0.138906780454458,1.13820999839036));
#2822=CARTESIAN_POINT('Ctrl Pts',(0.528010903573664,0.140124530244638,1.18110240000723));
#2823=CARTESIAN_POINT('Ctrl Pts',(0.531693067908308,0.0186465444838803,
0.));
#2824=CARTESIAN_POINT('Ctrl Pts',(0.5329262770807,0.0248495524739629,0.0567601138423145));
#2825=CARTESIAN_POINT('Ctrl Pts',(0.535037253546202,0.0326996679598403,
0.127535464088161));
#2826=CARTESIAN_POINT('Ctrl Pts',(0.539689983724833,0.0454343998939161,
0.240423792740305));
#2827=CARTESIAN_POINT('Ctrl Pts',(0.545030567760993,0.0583425880278675,
0.3530392290953));
#2828=CARTESIAN_POINT('Ctrl Pts',(0.55432123765285,0.0714613686200872,0.465059693501428));
#2829=CARTESIAN_POINT('Ctrl Pts',(0.559955585302118,0.0815078303016882,
0.548909022209664));
#2830=CARTESIAN_POINT('Ctrl Pts',(0.562716585612064,0.0881120864910866,
0.604831775882169));
#2831=CARTESIAN_POINT('Ctrl Pts',(0.567479665790799,0.0989619387956772,
0.688351213063713));
#2832=CARTESIAN_POINT('Ctrl Pts',(0.57203863485569,0.110352406974291,0.771568829427635));
#2833=CARTESIAN_POINT('Ctrl Pts',(0.57197995694842,0.120033995302837,0.855275419614287));
#2834=CARTESIAN_POINT('Ctrl Pts',(0.567769185872767,0.126347498222204,0.925562965788024));
#2835=CARTESIAN_POINT('Ctrl Pts',(0.560249833102824,0.131478464914059,0.996173720828106));
#2836=CARTESIAN_POINT('Ctrl Pts',(0.548067846055975,0.136471428510795,1.08123025123314));
#2837=CARTESIAN_POINT('Ctrl Pts',(0.537205746173606,0.138802820343032,1.13820999839042));
#2838=CARTESIAN_POINT('Ctrl Pts',(0.527502682554472,0.139982280264503,1.18110240000729));
#2839=CARTESIAN_POINT('Ctrl Pts',(0.533703974689811,0.0184714633249488,
0.));
#2840=CARTESIAN_POINT('Ctrl Pts',(0.534909453021001,0.0247034519924386,
0.0567601138423144));
#2841=CARTESIAN_POINT('Ctrl Pts',(0.536976917942825,0.0325869974242207,
0.127535464088217));
#2842=CARTESIAN_POINT('Ctrl Pts',(0.54154378574208,0.0453700849788034,0.240423792740361));
#2843=CARTESIAN_POINT('Ctrl Pts',(0.546781969966395,0.0583214089374966,
0.353039229095386));
#2844=CARTESIAN_POINT('Ctrl Pts',(0.555970631797622,0.0714831524567298,
0.46505969350154));
#2845=CARTESIAN_POINT('Ctrl Pts',(0.561491831022104,0.0815505159320783,
0.548909022209784));
#2846=CARTESIAN_POINT('Ctrl Pts',(0.564160733284153,0.088163835236116,0.604831775882295));
#2847=CARTESIAN_POINT('Ctrl Pts',(0.568779180183544,0.0990239320494473,
0.68835121306385));
#2848=CARTESIAN_POINT('Ctrl Pts',(0.573169050765805,0.110416487123862,0.771568829427818));
#2849=CARTESIAN_POINT('Ctrl Pts',(0.572873339107962,0.120082301665934,0.855275419614477));
#2850=CARTESIAN_POINT('Ctrl Pts',(0.568408667675477,0.126368316725234,0.925562965788226));
#2851=CARTESIAN_POINT('Ctrl Pts',(0.560584646812779,0.131458332646753,0.996173720828323));
#2852=CARTESIAN_POINT('Ctrl Pts',(0.547989381054404,0.136389529672237,1.08123025123337));
#2853=CARTESIAN_POINT('Ctrl Pts',(0.536810125180231,0.138668767444913,1.13820999839067));
#2854=CARTESIAN_POINT('Ctrl Pts',(0.526845602982115,0.139802821723925,1.18110240000754));
#2855=CARTESIAN_POINT('Ctrl Pts',(0.53691361592638,0.0181908029242254,0.));
#2856=CARTESIAN_POINT('Ctrl Pts',(0.538074550643067,0.0244690124728785,
0.0567601138423144));
#2857=CARTESIAN_POINT('Ctrl Pts',(0.540071908834946,0.0324058772993056,
0.127535464088271));
#2858=CARTESIAN_POINT('Ctrl Pts',(0.544500354342009,0.0452662111954552,
0.240423792740415));
#2859=CARTESIAN_POINT('Ctrl Pts',(0.549572815674205,0.0582862982414981,
0.353039229095468));
#2860=CARTESIAN_POINT('Ctrl Pts',(0.558599020252233,0.071518044201093,0.465059693501649));
#2861=CARTESIAN_POINT('Ctrl Pts',(0.563936134442065,0.0816184546581469,
0.548909022209899));
#2862=CARTESIAN_POINT('Ctrl Pts',(0.566454788926272,0.088245517483685,0.604831775882417));
#2863=CARTESIAN_POINT('Ctrl Pts',(0.570832066182412,0.099119603771056,0.688351213063983));
#2864=CARTESIAN_POINT('Ctrl Pts',(0.574937462398615,0.110511930613359,0.771568829427994));
#2865=CARTESIAN_POINT('Ctrl Pts',(0.574252669276844,0.120148640962201,0.855275419614661));
#2866=CARTESIAN_POINT('Ctrl Pts',(0.569378811959409,0.126387696512509,0.925562965788421));
#2867=CARTESIAN_POINT('Ctrl Pts',(0.561067009968131,0.131408832383395,0.996173720828535));
#2868=CARTESIAN_POINT('Ctrl Pts',(0.547812935467332,0.136237115764885,1.08123025123359));
#2869=CARTESIAN_POINT('Ctrl Pts',(0.536130153462095,0.138429814603073,1.13820999839092));
#2870=CARTESIAN_POINT('Ctrl Pts',(0.525751608773938,0.139488982600499,1.18110240000779));
#2871=CARTESIAN_POINT('Ctrl Pts',(0.540910782833425,0.0178390726554886,
0.));
#2872=CARTESIAN_POINT('Ctrl Pts',(0.542015691431277,0.0241746881373599,
0.0567601138423144));
#2873=CARTESIAN_POINT('Ctrl Pts',(0.54392447903256,0.0321778939791924,0.127535464088517));
#2874=CARTESIAN_POINT('Ctrl Pts',(0.548177914720361,0.0451344685602024,
0.240423792740661));
#2875=CARTESIAN_POINT('Ctrl Pts',(0.553039699038275,0.0582405917424173,
0.353039229095845));
#2876=CARTESIAN_POINT('Ctrl Pts',(0.561863998336668,0.07155953587063,0.465059693502143));
#2877=CARTESIAN_POINT('Ctrl Pts',(0.566965369559225,0.0817020550130654,
0.548909022210426));
#2878=CARTESIAN_POINT('Ctrl Pts',(0.569290935100015,0.0883463841100818,
0.604831775882975));
#2879=CARTESIAN_POINT('Ctrl Pts',(0.573348865516088,0.0992430630572367,
0.688351213064585));
#2880=CARTESIAN_POINT('Ctrl Pts',(0.577072998665909,0.11064280469941,0.771568829428798));
#2881=CARTESIAN_POINT('Ctrl Pts',(0.575884259884127,0.120241910909019,0.855275419615498));
#2882=CARTESIAN_POINT('Ctrl Pts',(0.570494102315137,0.126411884889141,0.925562965789309));
#2883=CARTESIAN_POINT('Ctrl Pts',(0.561572950896386,0.131330405509352,0.996173720829495));
#2884=CARTESIAN_POINT('Ctrl Pts',(0.547501130401113,0.136003900641644,1.0812302512346));
#2885=CARTESIAN_POINT('Ctrl Pts',(0.535197321870089,0.13806591114178,1.13820999839205));
#2886=CARTESIAN_POINT('Ctrl Pts',(0.524310068098531,0.139011361203169,1.18110240000892));
#2887=CARTESIAN_POINT('Ctrl Pts',(0.545682770685323,0.0174158233068951,
0.));
#2888=CARTESIAN_POINT('Ctrl Pts',(0.546719873426288,0.0238195555216747,
0.0567601138423144));
#2889=CARTESIAN_POINT('Ctrl Pts',(0.548520837208023,0.0319019715378387,
0.127535464088714));
#2890=CARTESIAN_POINT('Ctrl Pts',(0.552561061617179,0.0449733380689143,
0.240423792740857));
#2891=CARTESIAN_POINT('Ctrl Pts',(0.557164238463104,0.0581845106066134,
0.353039229096147));
#2892=CARTESIAN_POINT('Ctrl Pts',(0.56574872192194,0.0715991525480614,0.465059693502538));
#2893=CARTESIAN_POINT('Ctrl Pts',(0.570557846797887,0.0817980389843767,
0.548909022210847));
#2894=CARTESIAN_POINT('Ctrl Pts',(0.572642984139024,0.0884684707457653,
0.60483177588342));
#2895=CARTESIAN_POINT('Ctrl Pts',(0.576286801765476,0.0994274476065072,
0.688351213065067));
#2896=CARTESIAN_POINT('Ctrl Pts',(0.579509067883391,0.11088947380286,0.771568829429441));
#2897=CARTESIAN_POINT('Ctrl Pts',(0.577686384395573,0.120463161330337,0.855275419616168));
#2898=CARTESIAN_POINT('Ctrl Pts',(0.571670836317802,0.126529738727777,0.925562965790018));
#2899=CARTESIAN_POINT('Ctrl Pts',(0.562022480272362,0.131281806049976,0.996173720830262));
#2900=CARTESIAN_POINT('Ctrl Pts',(0.546984458968744,0.135694917075794,1.08123025123541));
#2901=CARTESIAN_POINT('Ctrl Pts',(0.533954011996046,0.137530825004906,1.13820999839295));
#2902=CARTESIAN_POINT('Ctrl Pts',(0.52247524879552,0.138276929576461,1.18110240000982));
#2903=CARTESIAN_POINT('Ctrl Pts',(0.549638215878498,0.0170623299224029,
0.));
#2904=CARTESIAN_POINT('Ctrl Pts',(0.550618377980886,0.0235221981656644,
0.0567601138423143));
#2905=CARTESIAN_POINT('Ctrl Pts',(0.552328144676305,0.0316703652782105,
0.127535464088981));
#2906=CARTESIAN_POINT('Ctrl Pts',(0.556188126584948,0.0448369075116687,
0.240423792741124));
#2907=CARTESIAN_POINT('Ctrl Pts',(0.560570297985055,0.0581375447348679,
0.353039229096556));
#2908=CARTESIAN_POINT('Ctrl Pts',(0.56896080137497,0.071623018055932,0.465059693503075));
#2909=CARTESIAN_POINT('Ctrl Pts',(0.573516743710577,0.0818746503388756,
0.548909022211419));
#2910=CARTESIAN_POINT('Ctrl Pts',(0.57539203776774,0.0885725933475357,0.604831775884025));
#2911=CARTESIAN_POINT('Ctrl Pts',(0.578653558069981,0.0996167959865052,
0.688351213065721));
#2912=CARTESIAN_POINT('Ctrl Pts',(0.581403183400982,0.111180881125371,0.771568829430314));
#2913=CARTESIAN_POINT('Ctrl Pts',(0.579018433577064,0.120755667573443,0.855275419617077));
#2914=CARTESIAN_POINT('Ctrl Pts',(0.572478161092719,0.126723034497162,0.925562965790983));
#2915=CARTESIAN_POINT('Ctrl Pts',(0.562233742629422,0.131304628604101,0.996173720831305));
#2916=CARTESIAN_POINT('Ctrl Pts',(0.546416290824135,0.135443528924133,1.0812302512365));
#2917=CARTESIAN_POINT('Ctrl Pts',(0.532809177808447,0.137036894399799,1.13820999839417));
#2918=CARTESIAN_POINT('Ctrl Pts',(0.520865782858552,0.137566922838066,1.18110240001104));
#2919=CARTESIAN_POINT('Ctrl Pts',(0.552789395036275,0.0167791429239016,
0.));
#2920=CARTESIAN_POINT('Ctrl Pts',(0.553723811145757,0.0232836658485995,
0.0567601138423144));
#2921=CARTESIAN_POINT('Ctrl Pts',(0.555359719997533,0.0314842161921696,
0.127535464089065));
#2922=CARTESIAN_POINT('Ctrl Pts',(0.559074183943224,0.0447270153224286,
0.240423792741208));
#2923=CARTESIAN_POINT('Ctrl Pts',(0.563275163027682,0.0580991243847475,
0.353039229096684));
#2924=CARTESIAN_POINT('Ctrl Pts',(0.571520814148633,0.071644752693716,0.465059693503243));
#2925=CARTESIAN_POINT('Ctrl Pts',(0.575865337833806,0.0819382489603628,
0.548909022211597));
#2926=CARTESIAN_POINT('Ctrl Pts',(0.577563226350339,0.0886570668472468,
0.604831775884214));
#2927=CARTESIAN_POINT('Ctrl Pts',(0.580477084496711,0.0997639919353461,
0.688351213065925));
#2928=CARTESIAN_POINT('Ctrl Pts',(0.582786474991833,0.111401275490422,0.771568829430587));
#2929=CARTESIAN_POINT('Ctrl Pts',(0.579914940369823,0.120970205199307,0.855275419617362));
#2930=CARTESIAN_POINT('Ctrl Pts',(0.572953798195277,0.126855297819788,0.925562965791284));
#2931=CARTESIAN_POINT('Ctrl Pts',(0.562247844409262,0.131298600812015,0.996173720831631));
#2932=CARTESIAN_POINT('Ctrl Pts',(0.545842135098985,0.135217082236553,1.08123025123684));
#2933=CARTESIAN_POINT('Ctrl Pts',(0.531811393251289,0.13661659176752,1.13820999839456));
#2934=CARTESIAN_POINT('Ctrl Pts',(0.519532767132882,0.136974534135543,1.18110240001143));
#2935=CARTESIAN_POINT('Ctrl Pts',(0.555931628196945,0.0164957056734641,
0.));
#2936=CARTESIAN_POINT('Ctrl Pts',(0.55682020746576,0.0230447964941613,0.0567601138423143));
#2937=CARTESIAN_POINT('Ctrl Pts',(0.55838161374282,0.0312975405860327,0.127535464089143));
#2938=CARTESIAN_POINT('Ctrl Pts',(0.561949780016121,0.0446168826627908,
0.240423792741286));
#2939=CARTESIAN_POINT('Ctrl Pts',(0.565966099479521,0.0580595661318019,
0.353039229096804));
#2940=CARTESIAN_POINT('Ctrl Pts',(0.574077097751289,0.0716730342644153,
0.4650596935034));
#2941=CARTESIAN_POINT('Ctrl Pts',(0.578202748457368,0.0820057209800843,
0.548909022211765));
#2942=CARTESIAN_POINT('Ctrl Pts',(0.579714963240718,0.0887416499666371,
0.604831775884392));
#2943=CARTESIAN_POINT('Ctrl Pts',(0.582243682633681,0.0998920564476611,
0.688351213066118));
#2944=CARTESIAN_POINT('Ctrl Pts',(0.584056803857837,0.111573097029507,0.771568829430844));
#2945=CARTESIAN_POINT('Ctrl Pts',(0.58066543631229,0.121118722301484,0.855275419617629));
#2946=CARTESIAN_POINT('Ctrl Pts',(0.573283099862633,0.12692119791465,0.925562965791568));
#2947=CARTESIAN_POINT('Ctrl Pts',(0.562130385947994,0.131233748081477,0.996173720831937));
#2948=CARTESIAN_POINT('Ctrl Pts',(0.545169548160149,0.134948719933188,1.08123025123716));
#2949=CARTESIAN_POINT('Ctrl Pts',(0.530750338231257,0.136172538169792,1.13820999839492));
#2950=CARTESIAN_POINT('Ctrl Pts',(0.518170261453771,0.136375711985549,1.18110240001179));
#2951=CARTESIAN_POINT('Ctrl Pts',(0.559842337958965,0.0161409527828432,
0.));
#2952=CARTESIAN_POINT('Ctrl Pts',(0.560673528289523,0.0227457622441064,
0.0567601138423145));
#2953=CARTESIAN_POINT('Ctrl Pts',(0.562140531442943,0.0310633354312525,
0.127535464089333));
#2954=CARTESIAN_POINT('Ctrl Pts',(0.565524558856921,0.044479288854324,0.240423792741476));
#2955=CARTESIAN_POINT('Ctrl Pts',(0.569302530180763,0.058006907027689,0.353039229097094));
#2956=CARTESIAN_POINT('Ctrl Pts',(0.577270628315743,0.0717298247964801,
0.465059693503781));
#2957=CARTESIAN_POINT('Ctrl Pts',(0.581105827976812,0.0821018391473883,
0.548909022212171));
#2958=CARTESIAN_POINT('Ctrl Pts',(0.582366900203619,0.0888464684269426,
0.604831775884821));
#2959=CARTESIAN_POINT('Ctrl Pts',(0.584325871240843,0.0999855508736353,
0.688351213066582));
#2960=CARTESIAN_POINT('Ctrl Pts',(0.585386681199877,0.111622015400149,0.771568829431463));
#2961=CARTESIAN_POINT('Ctrl Pts',(0.581267780309137,0.121080703738899,0.855275419618274));
#2962=CARTESIAN_POINT('Ctrl Pts',(0.573359303893169,0.126782422640713,0.925562965792252));
#2963=CARTESIAN_POINT('Ctrl Pts',(0.561684125770005,0.130961211276826,0.996173720832677));
#2964=CARTESIAN_POINT('Ctrl Pts',(0.544109613445468,0.134486381080006,1.08123025123794));
#2965=CARTESIAN_POINT('Ctrl Pts',(0.529289040825961,0.135556928222959,1.13820999839579));
#2966=CARTESIAN_POINT('Ctrl Pts',(0.516413398737262,0.13563080150941,1.18110240001265));
#2967=CARTESIAN_POINT('Ctrl Pts',(0.564506813143763,0.0157144849934592,
0.));
#2968=CARTESIAN_POINT('Ctrl Pts',(0.565269308915325,0.0223869132523496,
0.0567601138423143));
#2969=CARTESIAN_POINT('Ctrl Pts',(0.566620911309122,0.0307817631899523,
0.127535464089695));
#2970=CARTESIAN_POINT('Ctrl Pts',(0.569782122152223,0.0443154956232235,
0.240423792741837));
#2971=CARTESIAN_POINT('Ctrl Pts',(0.573259838241263,0.0579367632408574,
0.353039229097648));
#2972=CARTESIAN_POINT('Ctrl Pts',(0.581106997064326,0.0718428553538256,
0.465059693504508));
#2973=CARTESIAN_POINT('Ctrl Pts',(0.584560748742971,0.0822381484046266,
0.548909022212946));
#2974=CARTESIAN_POINT('Ctrl Pts',(0.585483143577625,0.088963555559688,0.604831775885641));
#2975=CARTESIAN_POINT('Ctrl Pts',(0.586584183027258,0.0999392339042287,
0.688351213067468));
#2976=CARTESIAN_POINT('Ctrl Pts',(0.586480720925211,0.11129466336742,0.771568829432645));
#2977=CARTESIAN_POINT('Ctrl Pts',(0.581336676515891,0.12051995543874,0.855275419619505));
#2978=CARTESIAN_POINT('Ctrl Pts',(0.572799269031307,0.126108531305663,0.925562965793558));
#2979=CARTESIAN_POINT('Ctrl Pts',(0.56057151958741,0.130199499933646,0.996173720834088));
#2980=CARTESIAN_POINT('Ctrl Pts',(0.54242315911187,0.133649521678316,1.08123025123942));
#2981=CARTESIAN_POINT('Ctrl Pts',(0.527291600400795,0.134694226638278,1.13820999839744));
#2982=CARTESIAN_POINT('Ctrl Pts',(0.514224537418932,0.134762680597254,1.18110240001431));
#2983=CARTESIAN_POINT('Ctrl Pts',(0.569141814244717,0.0152871730841211,
0.));
#2984=CARTESIAN_POINT('Ctrl Pts',(0.569836101173456,0.0220286808090418,
0.0567601138423145));
#2985=CARTESIAN_POINT('Ctrl Pts',(0.571070498199571,0.0305011775883153,
0.127535464090068));
#2986=CARTESIAN_POINT('Ctrl Pts',(0.574006374818755,0.0441532185936058,
0.24042379274221));
#2987=CARTESIAN_POINT('Ctrl Pts',(0.577170162452977,0.0578623514596808,
0.353039229098218));
#2988=CARTESIAN_POINT('Ctrl Pts',(0.58493575971461,0.0719742576790762,0.465059693505256));
#2989=CARTESIAN_POINT('Ctrl Pts',(0.587977491330445,0.0823769248356971,
0.548909022213742));
#2990=CARTESIAN_POINT('Ctrl Pts',(0.588528113615008,0.0890657860580692,
0.604831775886483));
#2991=CARTESIAN_POINT('Ctrl Pts',(0.588620208322604,0.0997955845426443,
0.688351213068379));
#2992=CARTESIAN_POINT('Ctrl Pts',(0.587127237429747,0.11074644072732,0.771568829433861));
#2993=CARTESIAN_POINT('Ctrl Pts',(0.580827433901477,0.119668893809616,0.855275419620772));
#2994=CARTESIAN_POINT('Ctrl Pts',(0.57166435671138,0.125150174681118,0.925562965794901));
#2995=CARTESIAN_POINT('Ctrl Pts',(0.558949604316487,0.12919485917789,0.996173720835541));
#2996=CARTESIAN_POINT('Ctrl Pts',(0.540370092743399,0.132656277406502,1.08123025124094));
#2997=CARTESIAN_POINT('Ctrl Pts',(0.525076464858212,0.133763567414047,1.13820999839915));
#2998=CARTESIAN_POINT('Ctrl Pts',(0.511960698149024,0.133910775623729,1.18110240001602));
#2999=CARTESIAN_POINT('Ctrl Pts',(0.573746223886769,0.0148589546879501,
0.));
#3000=CARTESIAN_POINT('Ctrl Pts',(0.57437297413406,0.0216713270922494,0.0567601138423143));
#3001=CARTESIAN_POINT('Ctrl Pts',(0.575488754925387,0.0302227225512143,
0.12753546409023));
#3002=CARTESIAN_POINT('Ctrl Pts',(0.578195650118808,0.0439916462816989,
0.240423792742371));
#3003=CARTESIAN_POINT('Ctrl Pts',(0.581033933296096,0.0577877598559415,
0.353039229098466));
#3004=CARTESIAN_POINT('Ctrl Pts',(0.588735216025734,0.0720838954950547,
0.46505969350558));
#3005=CARTESIAN_POINT('Ctrl Pts',(0.591341288739779,0.0824931881418502,
0.548909022214088));
#3006=CARTESIAN_POINT('Ctrl Pts',(0.591497126845033,0.089149154787483,0.604831775886849));
#3007=CARTESIAN_POINT('Ctrl Pts',(0.590482548920799,0.0996620948191336,
0.688351213068775));
#3008=CARTESIAN_POINT('Ctrl Pts',(0.587456143666397,0.110254830158198,0.771568829434389));
#3009=CARTESIAN_POINT('Ctrl Pts',(0.579918033108647,0.118902645534974,0.855275419621321));
#3010=CARTESIAN_POINT('Ctrl Pts',(0.570132295098727,0.124277303026279,0.925562965795483));
#3011=CARTESIAN_POINT('Ctrl Pts',(0.556974088929999,0.12826455183495,0.996173720836171));
#3012=CARTESIAN_POINT('Ctrl Pts',(0.538057056980472,0.13171160016024,1.0812302512416));
#3013=CARTESIAN_POINT('Ctrl Pts',(0.522698738270621,0.132853996607092,1.13820999839989));
#3014=CARTESIAN_POINT('Ctrl Pts',(0.509627318210296,0.133053359354109,1.18110240001675));
#3015=CARTESIAN_POINT('Ctrl Pts',(0.578318926049009,0.0144298328794562,
0.));
#3016=CARTESIAN_POINT('Ctrl Pts',(0.578878786689412,0.0213145518413293,
0.0567601138423144));
#3017=CARTESIAN_POINT('Ctrl Pts',(0.579874717346594,0.029946147357253,0.127535464090436));
#3018=CARTESIAN_POINT('Ctrl Pts',(0.582347996591671,0.043829507547844,0.240423792742578));
#3019=CARTESIAN_POINT('Ctrl Pts',(0.584850903341049,0.0577141076614476,
0.353039229098782));
#3020=CARTESIAN_POINT('Ctrl Pts',(0.592487725603057,0.0721539560243531,
0.465059693505996));
#3021=CARTESIAN_POINT('Ctrl Pts',(0.594640328932981,0.0825768412692582,
0.54890902221453));
#3022=CARTESIAN_POINT('Ctrl Pts',(0.594386628537274,0.0892134506855679,
0.604831775887317));
#3023=CARTESIAN_POINT('Ctrl Pts',(0.592210670778669,0.0995904500204604,
0.688351213069281));
#3024=CARTESIAN_POINT('Ctrl Pts',(0.587572670297254,0.109950600108116,0.771568829435064));
#3025=CARTESIAN_POINT('Ctrl Pts',(0.578752413592388,0.118396054179235,0.855275419622025));
#3026=CARTESIAN_POINT('Ctrl Pts',(0.568346944855582,0.123660522534259,0.92556296579623));
#3027=CARTESIAN_POINT('Ctrl Pts',(0.554771036544959,0.127551844527175,0.996173720836977));
#3028=CARTESIAN_POINT('Ctrl Pts',(0.535570657798062,0.130902603845979,1.08123025124245));
#3029=CARTESIAN_POINT('Ctrl Pts',(0.520203344842027,0.131995185192896,1.13820999840083));
#3030=CARTESIAN_POINT('Ctrl Pts',(0.5072293678721,0.132165840550816,1.1811024000177));
#3031=CARTESIAN_POINT('Ctrl Pts',(0.582858834069004,0.0139999351760121,
0.));
#3032=CARTESIAN_POINT('Ctrl Pts',(0.58335216139808,0.0209573791298892,0.0567601138423144));
#3033=CARTESIAN_POINT('Ctrl Pts',(0.584226865324843,0.0296695207519679,
0.127535464090736));
#3034=CARTESIAN_POINT('Ctrl Pts',(0.586461274072797,0.0436652272692994,
0.240423792742877));
#3035=CARTESIAN_POINT('Ctrl Pts',(0.588619851247422,0.0576393743016989,
0.353039229099241));
#3036=CARTESIAN_POINT('Ctrl Pts',(0.596183813829548,0.0721958237031521,
0.465059693506597));
#3037=CARTESIAN_POINT('Ctrl Pts',(0.59786850986103,0.0826379914346301,0.548909022215171));
#3038=CARTESIAN_POINT('Ctrl Pts',(0.597194927085064,0.0892649415406641,
0.604831775887995));
#3039=CARTESIAN_POINT('Ctrl Pts',(0.593825077500335,0.0995638756795083,
0.688351213070014));
#3040=CARTESIAN_POINT('Ctrl Pts',(0.587530903850006,0.109780704174806,0.771568829436042));
#3041=CARTESIAN_POINT('Ctrl Pts',(0.577404664018935,0.118073749956397,0.855275419623043));
#3042=CARTESIAN_POINT('Ctrl Pts',(0.566382467528384,0.123222588128686,0.925562965797309));
#3043=CARTESIAN_POINT('Ctrl Pts',(0.552405786952993,0.126986669565702,0.996173720838145));
#3044=CARTESIAN_POINT('Ctrl Pts',(0.532956283594591,0.130176789176775,1.08123025124367));
#3045=CARTESIAN_POINT('Ctrl Pts',(0.517614699262408,0.13115432008439,1.1382099984022));
#3046=CARTESIAN_POINT('Ctrl Pts',(0.504770936676747,0.131234320775616,1.18110240001907));
#3047=CARTESIAN_POINT('Ctrl Pts',(0.587364914478299,0.0135695631948271,
0.));
#3048=CARTESIAN_POINT('Ctrl Pts',(0.587791522305377,0.0205982185382448,
0.0567601138423144));
#3049=CARTESIAN_POINT('Ctrl Pts',(0.588543242877635,0.0293896133958507,
0.127535464091372));
#3050=CARTESIAN_POINT('Ctrl Pts',(0.590533218967524,0.0434968817195167,
0.240423792743512));
#3051=CARTESIAN_POINT('Ctrl Pts',(0.592339080539945,0.0575606046292007,
0.353039229100215));
#3052=CARTESIAN_POINT('Ctrl Pts',(0.599819876821654,0.0722368962740281,
0.465059693507874));
#3053=CARTESIAN_POINT('Ctrl Pts',(0.601024380275449,0.0827002840597704,
0.548909022216531));
#3054=CARTESIAN_POINT('Ctrl Pts',(0.59992274015458,0.0893181743940142,0.604831775889434));
#3055=CARTESIAN_POINT('Ctrl Pts',(0.595335749904075,0.0995413517572749,
0.688351213071571));
#3056=CARTESIAN_POINT('Ctrl Pts',(0.587354699571237,0.109617842922469,0.77156882943812));
#3057=CARTESIAN_POINT('Ctrl Pts',(0.575906712178529,0.11775679406829,0.855275419625208));
#3058=CARTESIAN_POINT('Ctrl Pts',(0.564270921173257,0.122784320446289,0.925562965799604));
#3059=CARTESIAN_POINT('Ctrl Pts',(0.54990672107027,0.126412194554049,0.996173720840626));
#3060=CARTESIAN_POINT('Ctrl Pts',(0.530234187684536,0.12942789756748,1.08123025124628));
#3061=CARTESIAN_POINT('Ctrl Pts',(0.514944319828884,0.130278420267159,1.13820999840512));
#3062=CARTESIAN_POINT('Ctrl Pts',(0.502255256137521,0.13025737384385,1.18110240002198));
#3063=CARTESIAN_POINT('Ctrl Pts',(0.591836212216594,0.0131392485215443,
0.));
#3064=CARTESIAN_POINT('Ctrl Pts',(0.592195389756443,0.0202356385435807,
0.0567601138423144));
#3065=CARTESIAN_POINT('Ctrl Pts',(0.592821966913078,0.0291034289336097,
0.127535464091586));
#3066=CARTESIAN_POINT('Ctrl Pts',(0.594561727160298,0.0433228283397723,
0.240423792743726));
#3067=CARTESIAN_POINT('Ctrl Pts',(0.59600680961022,0.0574759318216197,0.353039229100541));
#3068=CARTESIAN_POINT('Ctrl Pts',(0.603394204269871,0.0723030641627579,
0.465059693508303));
#3069=CARTESIAN_POINT('Ctrl Pts',(0.604107574675207,0.0827876790913171,
0.548909022216988));
#3070=CARTESIAN_POINT('Ctrl Pts',(0.602570797641965,0.089390060914007,0.604831775889917));
#3071=CARTESIAN_POINT('Ctrl Pts',(0.596747341180758,0.0994934788569365,
0.688351213072093));
#3072=CARTESIAN_POINT('Ctrl Pts',(0.587054251024729,0.109359946946217,0.771568829438816));
#3073=CARTESIAN_POINT('Ctrl Pts',(0.574272124882758,0.117299962505537,0.855275419625933));
#3074=CARTESIAN_POINT('Ctrl Pts',(0.562025987009761,0.122200687816579,0.925562965800374));
#3075=CARTESIAN_POINT('Ctrl Pts',(0.547286202456867,0.125702831642179,0.996173720841457));
#3076=CARTESIAN_POINT('Ctrl Pts',(0.527413566081198,0.128573626303178,1.08123025124715));
#3077=CARTESIAN_POINT('Ctrl Pts',(0.512198075690576,0.12933077315573,1.13820999840609));
#3078=CARTESIAN_POINT('Ctrl Pts',(0.499684890674405,0.129242109864634,1.18110240002296));
#3079=CARTESIAN_POINT('Ctrl Pts',(0.596271798083366,0.0127096600618504,
0.));
#3080=CARTESIAN_POINT('Ctrl Pts',(0.596562657010825,0.0198691409557966,
0.0567601138423143));
#3081=CARTESIAN_POINT('Ctrl Pts',(0.597061756868259,0.0288096439457178,
0.127535464092128));
#3082=CARTESIAN_POINT('Ctrl Pts',(0.598545173644516,0.0431424078687369,
0.240423792744267));
#3083=CARTESIAN_POINT('Ctrl Pts',(0.599621365980116,0.0573854566412473,
0.353039229101371));
#3084=CARTESIAN_POINT('Ctrl Pts',(0.606903224666986,0.0724047172788519,
0.465059693509391));
#3085=CARTESIAN_POINT('Ctrl Pts',(0.607115056708906,0.082912043628565,0.548909022218148));
#3086=CARTESIAN_POINT('Ctrl Pts',(0.605136896584941,0.0894916679808708,
0.604831775891145));
#3087=CARTESIAN_POINT('Ctrl Pts',(0.598061913205326,0.0994206525165863,
0.68835121307342));
#3088=CARTESIAN_POINT('Ctrl Pts',(0.586638222532828,0.108989536167417,0.771568829440587));
#3089=CARTESIAN_POINT('Ctrl Pts',(0.57251366459987,0.116675426941302,0.855275419627778));
#3090=CARTESIAN_POINT('Ctrl Pts',(0.55966084984285,0.121444172185876,0.92556296580233));
#3091=CARTESIAN_POINT('Ctrl Pts',(0.544556225308385,0.124836272108591,0.996173720843573));
#3092=CARTESIAN_POINT('Ctrl Pts',(0.524503358368527,0.127602635487802,1.08123025124937));
#3093=CARTESIAN_POINT('Ctrl Pts',(0.509381463524164,0.128311701249122,1.13820999840858));
#3094=CARTESIAN_POINT('Ctrl Pts',(0.497061982815653,0.128199726506354,1.18110240002544));
#3095=CARTESIAN_POINT('Ctrl Pts',(0.600670700784326,0.0122814833822686,
0.));
#3096=CARTESIAN_POINT('Ctrl Pts',(0.6008928952084,0.019500003665421,0.0567601138423145));
#3097=CARTESIAN_POINT('Ctrl Pts',(0.601262499369569,0.0285100987371023,
0.127535464092554));
#3098=CARTESIAN_POINT('Ctrl Pts',(0.602482852189497,0.0429572619052453,
0.240423792744693));
#3099=CARTESIAN_POINT('Ctrl Pts',(0.603181367109387,0.0572912226023594,
0.353039229102023));
#3100=CARTESIAN_POINT('Ctrl Pts',(0.61033970782003,0.0725365868624755,0.465059693510247));
#3101=CARTESIAN_POINT('Ctrl Pts',(0.610038503027805,0.0830689436713697,
0.548909022219059));
#3102=CARTESIAN_POINT('Ctrl Pts',(0.607613008874868,0.0896208051648884,
0.604831775892109));
#3103=CARTESIAN_POINT('Ctrl Pts',(0.599276444409793,0.0993337016577769,
0.688351213074462));
#3104=CARTESIAN_POINT('Ctrl Pts',(0.586112024980558,0.108537782428235,0.771568829441978));
#3105=CARTESIAN_POINT('Ctrl Pts',(0.570642462075638,0.115927125844548,0.855275419629226));
#3106=CARTESIAN_POINT('Ctrl Pts',(0.557187642459502,0.120560085341168,0.925562965803866));
#3107=CARTESIAN_POINT('Ctrl Pts',(0.541728200014857,0.12385426686685,0.996173720845233));
#3108=CARTESIAN_POINT('Ctrl Pts',(0.521512238867351,0.126547474955329,1.08123025125111));
#3109=CARTESIAN_POINT('Ctrl Pts',(0.506499792589117,0.127243256281196,1.13820999841053));
#3110=CARTESIAN_POINT('Ctrl Pts',(0.494388428366927,0.127142122198543,1.18110240002739));
#3111=CARTESIAN_POINT('Ctrl Pts',(0.605031826581855,0.0118552820708397,
0.));
#3112=CARTESIAN_POINT('Ctrl Pts',(0.6051865640563,0.0191319409554986,0.0567601138423144));
#3113=CARTESIAN_POINT('Ctrl Pts',(0.605425590139541,0.0282107053893588,
0.127535464092966));
#3114=CARTESIAN_POINT('Ctrl Pts',(0.60637516406814,0.0427719559426392,0.240423792745104));
#3115=CARTESIAN_POINT('Ctrl Pts',(0.606685413824603,0.0571959053424102,
0.353039229102653));
#3116=CARTESIAN_POINT('Ctrl Pts',(0.613690324707875,0.0726747599605329,
0.465059693511072));
#3117=CARTESIAN_POINT('Ctrl Pts',(0.612861121534123,0.0832308687085363,
0.548909022219938));
#3118=CARTESIAN_POINT('Ctrl Pts',(0.609981913390376,0.0897523701010413,
0.604831775893039));
#3119=CARTESIAN_POINT('Ctrl Pts',(0.600380094626689,0.0992345806645866,
0.688351213075469));
#3120=CARTESIAN_POINT('Ctrl Pts',(0.585476653792013,0.108051375745817,0.771568829443321));
#3121=CARTESIAN_POINT('Ctrl Pts',(0.568667910314585,0.11513037795998,0.855275419630625));
#3122=CARTESIAN_POINT('Ctrl Pts',(0.554617760289563,0.119626788636654,0.92556296580535));
#3123=CARTESIAN_POINT('Ctrl Pts',(0.538813461466211,0.122827972461776,0.996173720846837));
#3124=CARTESIAN_POINT('Ctrl Pts',(0.518449185619986,0.125459807765056,1.08123025125279));
#3125=CARTESIAN_POINT('Ctrl Pts',(0.503558614461736,0.126155124688822,1.13820999841241));
#3126=CARTESIAN_POINT('Ctrl Pts',(0.491666114017489,0.126077260175696,1.18110240002928));
#3127=CARTESIAN_POINT('Ctrl Pts',(0.609353896554868,0.0114313807167616,
0.));
#3128=CARTESIAN_POINT('Ctrl Pts',(0.609444800635836,0.0187704812213408,
0.0567601138423144));
#3129=CARTESIAN_POINT('Ctrl Pts',(0.609553691263509,0.0279205878499219,
0.127535464093507));
#3130=CARTESIAN_POINT('Ctrl Pts',(0.610223325200073,0.0425933094368652,
0.240423792745645));
#3131=CARTESIAN_POINT('Ctrl Pts',(0.610132059682275,0.0571022891706545,
0.353039229103481));
#3132=CARTESIAN_POINT('Ctrl Pts',(0.616936420026914,0.0727845178393355,
0.46505969351216));
#3133=CARTESIAN_POINT('Ctrl Pts',(0.615558673643279,0.0833540204727429,
0.548909022221096));
#3134=CARTESIAN_POINT('Ctrl Pts',(0.612218279027646,0.0898426773950852,
0.604831775894265));
#3135=CARTESIAN_POINT('Ctrl Pts',(0.601355094762976,0.0991059074669255,
0.688351213076794));
#3136=CARTESIAN_POINT('Ctrl Pts',(0.584728899167435,0.107558758885319,0.771568829445089));
#3137=CARTESIAN_POINT('Ctrl Pts',(0.566597572996152,0.114344306657359,0.855275419632467));
#3138=CARTESIAN_POINT('Ctrl Pts',(0.551961639553469,0.118707898137488,0.925562965807303));
#3139=CARTESIAN_POINT('Ctrl Pts',(0.535823039365596,0.121815920928667,0.996173720848949));
#3140=CARTESIAN_POINT('Ctrl Pts',(0.515323319288258,0.12438168030396,1.08123025125501));
#3141=CARTESIAN_POINT('Ctrl Pts',(0.500563658972975,0.125069805622805,1.13820999841489));
#3142=CARTESIAN_POINT('Ctrl Pts',(0.488897001176722,0.12500803134068,1.18110240003176));
#3143=CARTESIAN_POINT('Ctrl Pts',(0.613635375291026,0.0110097437435675,
0.));
#3144=CARTESIAN_POINT('Ctrl Pts',(0.61366825095173,0.0184197134773206,0.0567601138423143));
#3145=CARTESIAN_POINT('Ctrl Pts',(0.613648764095609,0.0276465702494251,
0.127535464094459));
#3146=CARTESIAN_POINT('Ctrl Pts',(0.614027967208607,0.0424267134693169,
0.240423792746596));
#3147=CARTESIAN_POINT('Ctrl Pts',(0.613519361545441,0.0570121695263224,
0.353039229104938));
#3148=CARTESIAN_POINT('Ctrl Pts',(0.620060279789979,0.0728416344280184,
0.46505969351407));
#3149=CARTESIAN_POINT('Ctrl Pts',(0.618108317358788,0.0834060821139462,
0.548909022223132));
#3150=CARTESIAN_POINT('Ctrl Pts',(0.614298248167315,0.0898580049877053,
0.604831775896418));
#3151=CARTESIAN_POINT('Ctrl Pts',(0.602184346736103,0.0989265131955226,
0.688351213079123));
#3152=CARTESIAN_POINT('Ctrl Pts',(0.583864896997261,0.107062754270537,0.771568829448196));
#3153=CARTESIAN_POINT('Ctrl Pts',(0.564437345543021,0.11358827590815,0.855275419635704));
#3154=CARTESIAN_POINT('Ctrl Pts',(0.54922792907934,0.117826163323507,0.925562965810734));
#3155=CARTESIAN_POINT('Ctrl Pts',(0.532766311613728,0.120839751058922,0.996173720852659));
#3156=CARTESIAN_POINT('Ctrl Pts',(0.512142601668417,0.123328664924895,1.0812302512589));
#3157=CARTESIAN_POINT('Ctrl Pts',(0.497520087489425,0.123994763889159,1.13820999841924));
#3158=CARTESIAN_POINT('Ctrl Pts',(0.486083066035283,0.123933620849794,1.18110240003611));
#3159=CARTESIAN_POINT('Ctrl Pts',(0.617874381669448,0.010589814220522,0.));
#3160=CARTESIAN_POINT('Ctrl Pts',(0.617856325543561,0.0180799461106534,
0.0567601138423145));
#3161=CARTESIAN_POINT('Ctrl Pts',(0.617710999178285,0.0273897282108468,
0.127535464095303));
#3162=CARTESIAN_POINT('Ctrl Pts',(0.617788333424652,0.042273710808445,0.240423792747439));
#3163=CARTESIAN_POINT('Ctrl Pts',(0.616844992705892,0.0569270983110776,
0.353039229106229));
#3164=CARTESIAN_POINT('Ctrl Pts',(0.62304948605265,0.072846641751241,0.465059693515764));
#3165=CARTESIAN_POINT('Ctrl Pts',(0.620494537125976,0.0833862642064947,
0.548909022224936));
#3166=CARTESIAN_POINT('Ctrl Pts',(0.616205820351473,0.0897966759569296,
0.604831775898327));
#3167=CARTESIAN_POINT('Ctrl Pts',(0.602856765457126,0.0986923621778768,
0.688351213081186));
#3168=CARTESIAN_POINT('Ctrl Pts',(0.582882781331122,0.106555870413305,0.771568829450951));
#3169=CARTESIAN_POINT('Ctrl Pts',(0.562192210034922,0.112852950616894,0.855275419638573));
#3170=CARTESIAN_POINT('Ctrl Pts',(0.546423517319193,0.11697204505652,0.925562965813777));
#3171=CARTESIAN_POINT('Ctrl Pts',(0.529650643678429,0.119890734907685,0.996173720855949));
#3172=CARTESIAN_POINT('Ctrl Pts',(0.508913321310492,0.12229377698319,1.08123025126235));
#3173=CARTESIAN_POINT('Ctrl Pts',(0.494432147718798,0.122925056925417,1.1382099984231));
#3174=CARTESIAN_POINT('Ctrl Pts',(0.48322624938713,0.122850930897555,1.18110240003997));
#3175=CARTESIAN_POINT('Ctrl Pts',(0.622068752065885,0.0101706407417532,
0.));
#3176=CARTESIAN_POINT('Ctrl Pts',(0.622005816813868,0.017744007022843,0.0567601138423143));
#3177=CARTESIAN_POINT('Ctrl Pts',(0.621736466751707,0.0271391968428037,
0.127535464096276));
#3178=CARTESIAN_POINT('Ctrl Pts',(0.621500702611507,0.0421279018959923,
0.24042379274841));
#3179=CARTESIAN_POINT('Ctrl Pts',(0.620106122763469,0.0568485260642797,
0.353039229107718));
#3180=CARTESIAN_POINT('Ctrl Pts',(0.62590595187687,0.0728481824477484,0.465059693517717));
#3181=CARTESIAN_POINT('Ctrl Pts',(0.622721659345004,0.0833586574015457,
0.548909022227017));
#3182=CARTESIAN_POINT('Ctrl Pts',(0.617946366548494,0.0897259537766012,
0.604831775900529));
#3183=CARTESIAN_POINT('Ctrl Pts',(0.603378165479621,0.0984504547507714,
0.688351213083568));
#3184=CARTESIAN_POINT('Ctrl Pts',(0.581788000950266,0.106045746114213,0.771568829454128));
#3185=CARTESIAN_POINT('Ctrl Pts',(0.559866996651169,0.112117036414151,0.855275419641882));
#3186=CARTESIAN_POINT('Ctrl Pts',(0.543552880457963,0.116116814288107,0.925562965817286));
#3187=CARTESIAN_POINT('Ctrl Pts',(0.526479948849419,0.118938931277493,0.996173720859742));
#3188=CARTESIAN_POINT('Ctrl Pts',(0.505638587716803,0.121252851394303,1.08123025126633));
#3189=CARTESIAN_POINT('Ctrl Pts',(0.491302273666309,0.121846098532503,1.13820999842756));
#3190=CARTESIAN_POINT('Ctrl Pts',(0.480328406054479,0.121756001788155,1.18110240004443));
#3191=CARTESIAN_POINT('Ctrl Pts',(0.626216207217571,0.00975120207345317,
0.));
#3192=CARTESIAN_POINT('Ctrl Pts',(0.626112271337449,0.0173993757701903,
0.0567601138423144));
#3193=CARTESIAN_POINT('Ctrl Pts',(0.625719156040399,0.0268752966875599,
0.127535464097282));
#3194=CARTESIAN_POINT('Ctrl Pts',(0.625159221191929,0.0419759625929778,
0.240423792749415));
#3195=CARTESIAN_POINT('Ctrl Pts',(0.623298380809076,0.0567759891333289,
0.353039229109257));
#3196=CARTESIAN_POINT('Ctrl Pts',(0.628634962735598,0.0729241375085816,
0.465059693519736));
#3197=CARTESIAN_POINT('Ctrl Pts',(0.624799287718131,0.0834281413190251,
0.548909022229167));
#3198=CARTESIAN_POINT('Ctrl Pts',(0.619531104505147,0.0897570865566919,
0.604831775902804));
#3199=CARTESIAN_POINT('Ctrl Pts',(0.603758975285209,0.0982824551738867,
0.688351213086028));
#3200=CARTESIAN_POINT('Ctrl Pts',(0.580587743244039,0.105554296194802,0.771568829457411));
#3201=CARTESIAN_POINT('Ctrl Pts',(0.557466118558666,0.111358114039727,0.855275419645301));
#3202=CARTESIAN_POINT('Ctrl Pts',(0.540619445112812,0.115225991515373,0.925562965820912));
#3203=CARTESIAN_POINT('Ctrl Pts',(0.523256844736794,0.117946828540721,0.996173720863663));
#3204=CARTESIAN_POINT('Ctrl Pts',(0.502320360783687,0.120175117319953,1.08123025127044));
#3205=CARTESIAN_POINT('Ctrl Pts',(0.488132206327666,0.120740003876867,1.13820999843216));
#3206=CARTESIAN_POINT('Ctrl Pts',(0.47739124846133,0.120645476183974,1.18110240004903));
#3207=CARTESIAN_POINT('Ctrl Pts',(0.630314544858253,0.00933077804343196,
0.));
#3208=CARTESIAN_POINT('Ctrl Pts',(0.630174676870897,0.0170377186495727,
0.0567601138423143));
#3209=CARTESIAN_POINT('Ctrl Pts',(0.629658273447128,0.0265844539493795,
0.127535464098373));
#3210=CARTESIAN_POINT('Ctrl Pts',(0.628760165224012,0.0418064136383778,
0.240423792750504));
#3211=CARTESIAN_POINT('Ctrl Pts',(0.626414196847698,0.0567041360136389,
0.353039229110926));
#3212=CARTESIAN_POINT('Ctrl Pts',(0.631211566751699,0.0731124275622001,
0.465059693521925));
#3213=CARTESIAN_POINT('Ctrl Pts',(0.626696930447465,0.0836479212428822,
0.548909022231499));
#3214=CARTESIAN_POINT('Ctrl Pts',(0.62092849632759,0.0899470839636812,0.604831775905271));
#3215=CARTESIAN_POINT('Ctrl Pts',(0.603975265271941,0.0982298976812054,
0.688351213088696));
#3216=CARTESIAN_POINT('Ctrl Pts',(0.57927293383402,0.105091476069512,0.771568829460971));
#3217=CARTESIAN_POINT('Ctrl Pts',(0.554991774728668,0.110562729880989,0.85527541964901));
#3218=CARTESIAN_POINT('Ctrl Pts',(0.537628986548544,0.114280038515086,0.925562965824844));
#3219=CARTESIAN_POINT('Ctrl Pts',(0.519988616498723,0.116893611225083,0.996173720867914));
#3220=CARTESIAN_POINT('Ctrl Pts',(0.498965341494243,0.119043833671649,1.0812302512749));
#3221=CARTESIAN_POINT('Ctrl Pts',(0.484926333335308,0.119597222432956,1.13820999843715));
#3222=CARTESIAN_POINT('Ctrl Pts',(0.474416303225624,0.119517837254374,1.18110240005402));
#3223=CARTESIAN_POINT('Ctrl Pts',(0.634361799197201,0.00890926029044168,
0.));
#3224=CARTESIAN_POINT('Ctrl Pts',(0.634201389431381,0.0166668052183001,
0.0567601138423144));
#3225=CARTESIAN_POINT('Ctrl Pts',(0.633567697326107,0.0262782528423114,
0.127535464099535));
#3226=CARTESIAN_POINT('Ctrl Pts',(0.632307909243613,0.0416218859006028,
0.240423792751666));
#3227=CARTESIAN_POINT('Ctrl Pts',(0.629441835660063,0.0566212953774837,
0.353039229112705));
#3228=CARTESIAN_POINT('Ctrl Pts',(0.633540506201388,0.0733315183171572,
0.465059693524258));
#3229=CARTESIAN_POINT('Ctrl Pts',(0.628289400725597,0.0839111805348449,
0.548909022233985));
#3230=CARTESIAN_POINT('Ctrl Pts',(0.622005602395109,0.090182412611763,0.604831775907901));
#3231=CARTESIAN_POINT('Ctrl Pts',(0.603921679278053,0.098201465574112,0.68835121309154));
#3232=CARTESIAN_POINT('Ctrl Pts',(0.577796297243845,0.104613375019341,0.771568829464766));
#3233=CARTESIAN_POINT('Ctrl Pts',(0.55244165114867,0.109724033633287,0.855275419652963));
#3234=CARTESIAN_POINT('Ctrl Pts',(0.534593567012065,0.113284328376715,0.925562965829036));
#3235=CARTESIAN_POINT('Ctrl Pts',(0.516694304887365,0.115791108831022,0.996173720872446));
#3236=CARTESIAN_POINT('Ctrl Pts',(0.49559202214289,0.117871521078525,1.08123025127965));
#3237=CARTESIAN_POINT('Ctrl Pts',(0.48169572605932,0.118425190589797,1.13820999844247));
#3238=CARTESIAN_POINT('Ctrl Pts',(0.471404921393907,0.118373429943611,1.18110240005934));
#3239=CARTESIAN_POINT('Ctrl Pts',(0.638356423021456,0.00848750414045347,
0.));
#3240=CARTESIAN_POINT('Ctrl Pts',(0.638212038258071,0.0163153567488752,
0.0567601138423144));
#3241=CARTESIAN_POINT('Ctrl Pts',(0.637478952863602,0.0260011158227655,
0.127535464100786));
#3242=CARTESIAN_POINT('Ctrl Pts',(0.635817195992657,0.0414449150895174,
0.240423792752915));
#3243=CARTESIAN_POINT('Ctrl Pts',(0.632365838635427,0.056510492089147,0.35303922911462));
#3244=CARTESIAN_POINT('Ctrl Pts',(0.635446154364571,0.0733544335203694,
0.46505969352677));
#3245=CARTESIAN_POINT('Ctrl Pts',(0.629342798701878,0.0839145287820661,
0.54890902223666));
#3246=CARTESIAN_POINT('Ctrl Pts',(0.622512929886036,0.0901392096195893,
0.604831775910732));
#3247=CARTESIAN_POINT('Ctrl Pts',(0.603399164776854,0.0979394967671368,
0.688351213094601));
#3248=CARTESIAN_POINT('Ctrl Pts',(0.576066636253867,0.1040038434988,0.771568829468851));
#3249=CARTESIAN_POINT('Ctrl Pts',(0.549808210950075,0.108835395933363,0.855275419657218));
#3250=CARTESIAN_POINT('Ctrl Pts',(0.531532458796129,0.112266976763062,0.925562965833548));
#3251=CARTESIAN_POINT('Ctrl Pts',(0.513406448404316,0.114684233497143,0.996173720877324));
#3252=CARTESIAN_POINT('Ctrl Pts',(0.492232465523978,0.116701565669217,1.08123025128477));
#3253=CARTESIAN_POINT('Ctrl Pts',(0.47845918144383,0.117249138409803,1.1382099984482));
#3254=CARTESIAN_POINT('Ctrl Pts',(0.468358321334563,0.117213774101833,1.18110240006507));
#3255=CARTESIAN_POINT('Ctrl Pts',(0.642297488697483,0.00806771419965713,
0.));
#3256=CARTESIAN_POINT('Ctrl Pts',(0.642222025175415,0.0160071429690834,
0.0567601138423144));
#3257=CARTESIAN_POINT('Ctrl Pts',(0.641416666652595,0.0257893154121395,
0.12753546410213));
#3258=CARTESIAN_POINT('Ctrl Pts',(0.6392999637402,0.0412964138767414,0.240423792754258));
#3259=CARTESIAN_POINT('Ctrl Pts',(0.635175122733228,0.0563638668691659,
0.353039229116676));
#3260=CARTESIAN_POINT('Ctrl Pts',(0.636794870826727,0.0730164799440078,
0.465059693529467));
#3261=CARTESIAN_POINT('Ctrl Pts',(0.629678874130161,0.083436360295086,0.548909022239534));
#3262=CARTESIAN_POINT('Ctrl Pts',(0.622260280818592,0.0895807131310253,
0.604831775913772));
#3263=CARTESIAN_POINT('Ctrl Pts',(0.602256064931286,0.097257266350651,0.688351213097889));
#3264=CARTESIAN_POINT('Ctrl Pts',(0.574014756713886,0.103182705764912,0.771568829473238));
#3265=CARTESIAN_POINT('Ctrl Pts',(0.547086183378604,0.107898600310982,0.855275419661787));
#3266=CARTESIAN_POINT('Ctrl Pts',(0.528460846161076,0.111255234733533,0.925562965838394));
#3267=CARTESIAN_POINT('Ctrl Pts',(0.510150313347782,0.113611847028101,0.996173720882563));
#3268=CARTESIAN_POINT('Ctrl Pts',(0.488911492323522,0.115570152704214,1.08123025129026));
#3269=CARTESIAN_POINT('Ctrl Pts',(0.475231311403487,0.11609029775015,1.13820999845435));
#3270=CARTESIAN_POINT('Ctrl Pts',(0.465277619420946,0.116041140103112,1.18110240007122));
#3271=CARTESIAN_POINT('Ctrl Pts',(0.646184498209415,0.00765312948837828,
0.));
#3272=CARTESIAN_POINT('Ctrl Pts',(0.646225939121332,0.0157334583299498,
0.0567601138423143));
#3273=CARTESIAN_POINT('Ctrl Pts',(0.645372617452789,0.0256280505330975,
0.127535464103579));
#3274=CARTESIAN_POINT('Ctrl Pts',(0.64275153005015,0.0411733630815488,0.240423792755704));
#3275=CARTESIAN_POINT('Ctrl Pts',(0.637871745343758,0.0561983912129625,
0.353039229118892));
#3276=CARTESIAN_POINT('Ctrl Pts',(0.637624145665281,0.0724331225950668,
0.465059693532374));
#3277=CARTESIAN_POINT('Ctrl Pts',(0.629348400233528,0.0826285642538184,
0.548909022242631));
#3278=CARTESIAN_POINT('Ctrl Pts',(0.621302213054783,0.0886689146891852,
0.604831775917049));
#3279=CARTESIAN_POINT('Ctrl Pts',(0.600536950545237,0.0962878892586789,
0.688351213101432));
#3280=CARTESIAN_POINT('Ctrl Pts',(0.571663000528254,0.102219602162914,0.771568829477966));
#3281=CARTESIAN_POINT('Ctrl Pts',(0.544280516303095,0.106933205098221,0.855275419666712));
#3282=CARTESIAN_POINT('Ctrl Pts',(0.525377951082059,0.110251466252559,0.925562965843616));
#3283=CARTESIAN_POINT('Ctrl Pts',(0.506922032486616,0.112566379073701,0.996173720888209));
#3284=CARTESIAN_POINT('Ctrl Pts',(0.485624759570843,0.114466746743739,1.08123025129619));
#3285=CARTESIAN_POINT('Ctrl Pts',(0.472009998003295,0.114943186462119,1.13820999846098));
#3286=CARTESIAN_POINT('Ctrl Pts',(0.462163867061446,0.114857987207306,1.18110240007785));
#3287=CARTESIAN_POINT('Ctrl Pts',(0.650016853972746,0.0072471032113581,
0.));
#3288=CARTESIAN_POINT('Ctrl Pts',(0.650203398953272,0.015466227152261,0.0567601138423144));
#3289=CARTESIAN_POINT('Ctrl Pts',(0.649315236506405,0.025472594027898,0.127535464105137));
#3290=CARTESIAN_POINT('Ctrl Pts',(0.646155696542521,0.0410603042472327,
0.240423792757261));
#3291=CARTESIAN_POINT('Ctrl Pts',(0.640467447278511,0.0560484615150572,
0.353039229121277));
#3292=CARTESIAN_POINT('Ctrl Pts',(0.638093357537997,0.0718923615917916,
0.465059693535502));
#3293=CARTESIAN_POINT('Ctrl Pts',(0.628565134934656,0.0818717272540955,
0.548909022245963));
#3294=CARTESIAN_POINT('Ctrl Pts',(0.61986742304012,0.0878094032346812,0.604831775920574));
#3295=CARTESIAN_POINT('Ctrl Pts',(0.598425892000735,0.0953583353866514,
0.688351213105244));
#3296=CARTESIAN_POINT('Ctrl Pts',(0.569098770013754,0.101272447154837,0.771568829483053));
#3297=CARTESIAN_POINT('Ctrl Pts',(0.541403250461948,0.105965101500682,0.855275419672011));
#3298=CARTESIAN_POINT('Ctrl Pts',(0.522271490119349,0.109238328347125,0.925562965849235));
#3299=CARTESIAN_POINT('Ctrl Pts',(0.503696866067884,0.111507859018836,0.996173720894285));
#3300=CARTESIAN_POINT('Ctrl Pts',(0.482347088374656,0.113349410404785,1.08123025130256));
#3301=CARTESIAN_POINT('Ctrl Pts',(0.468781184872388,0.113784372535138,1.13820999846811));
#3302=CARTESIAN_POINT('Ctrl Pts',(0.459018085308806,0.113666457194385,1.18110240008498));
#3303=CARTESIAN_POINT('Ctrl Pts',(0.653793263125925,0.00685205959005386,
0.));
#3304=CARTESIAN_POINT('Ctrl Pts',(0.654135767223239,0.0151912701135127,
0.0567601138423143));
#3305=CARTESIAN_POINT('Ctrl Pts',(0.653216104393209,0.0253008495216219,
0.127535464106824));
#3306=CARTESIAN_POINT('Ctrl Pts',(0.649497512061979,0.0409542437058035,
0.240423792758945));
#3307=CARTESIAN_POINT('Ctrl Pts',(0.64297187655159,0.0559416435730972,0.353039229123858));
#3308=CARTESIAN_POINT('Ctrl Pts',(0.6383416128439,0.0715705178642561,0.465059693538887));
#3309=CARTESIAN_POINT('Ctrl Pts',(0.627515917024007,0.0813956477801569,
0.548909022249569));
#3310=CARTESIAN_POINT('Ctrl Pts',(0.618155901374599,0.0872460026242136,
0.60483177592439));
#3311=CARTESIAN_POINT('Ctrl Pts',(0.59608396308344,0.0946642315323615,0.68835121310937));
#3312=CARTESIAN_POINT('Ctrl Pts',(0.566398577308015,0.100434395389396,0.771568829488559));
#3313=CARTESIAN_POINT('Ctrl Pts',(0.538465057537014,0.105007846435448,0.855275419677746));
#3314=CARTESIAN_POINT('Ctrl Pts',(0.519130868147786,0.108203330573462,0.925562965855317));
#3315=CARTESIAN_POINT('Ctrl Pts',(0.500453342982522,0.110410487194471,0.99617372090086));
#3316=CARTESIAN_POINT('Ctrl Pts',(0.479056616421733,0.112191745781957,1.08123025130946));
#3317=CARTESIAN_POINT('Ctrl Pts',(0.465532725213769,0.112599219552013,1.13820999847583));
#3318=CARTESIAN_POINT('Ctrl Pts',(0.455841297383558,0.112467893891321,1.1811024000927));
#3319=CARTESIAN_POINT('Ctrl Pts',(0.657511282675526,0.00646870966922008,
0.));
#3320=CARTESIAN_POINT('Ctrl Pts',(0.658011588151684,0.0149168544203117,
0.0567601138423145));
#3321=CARTESIAN_POINT('Ctrl Pts',(0.657058388446621,0.0251264150827217,
0.127535464108633));
#3322=CARTESIAN_POINT('Ctrl Pts',(0.652765910083049,0.0408675331724963,
0.240423792760752));
#3323=CARTESIAN_POINT('Ctrl Pts',(0.645385325295054,0.0558847229773806,
0.353039229126626));
#3324=CARTESIAN_POINT('Ctrl Pts',(0.638431248578203,0.0714361204599116,
0.465059693542518));
#3325=CARTESIAN_POINT('Ctrl Pts',(0.626286420374719,0.0811539132734756,
0.548909022253437));
#3326=CARTESIAN_POINT('Ctrl Pts',(0.616260001182441,0.0869277711813532,
0.604831775928483));
#3327=CARTESIAN_POINT('Ctrl Pts',(0.593586034927689,0.0941639352584586,
0.688351213113796));
#3328=CARTESIAN_POINT('Ctrl Pts',(0.56359857216914,0.0996854910119626,0.771568829494465));
#3329=CARTESIAN_POINT('Ctrl Pts',(0.535471777357829,0.104058502885506,0.855275419683897));
#3330=CARTESIAN_POINT('Ctrl Pts',(0.515952208875076,0.10714899898033,0.92556296586184));
#3331=CARTESIAN_POINT('Ctrl Pts',(0.497182535096697,0.109279730942803,0.996173720907912));
#3332=CARTESIAN_POINT('Ctrl Pts',(0.475744125310979,0.110999616547574,1.08123025131685));
#3333=CARTESIAN_POINT('Ctrl Pts',(0.462259727016001,0.111391401829064,1.13820999848411));
#3334=CARTESIAN_POINT('Ctrl Pts',(0.452634527960842,0.111262879165784,1.18110240010098));
#3335=CARTESIAN_POINT('Ctrl Pts',(0.661166666504815,0.00609490209504051,
0.));
#3336=CARTESIAN_POINT('Ctrl Pts',(0.661820962663399,0.0146557627935424,
0.0567601138423143));
#3337=CARTESIAN_POINT('Ctrl Pts',(0.660827943387322,0.0249699740283399,
0.127535464110614));
#3338=CARTESIAN_POINT('Ctrl Pts',(0.65594658682784,0.040807063956847,0.240423792762731));
#3339=CARTESIAN_POINT('Ctrl Pts',(0.647696463022703,0.0558610215129567,
0.353039229129658));
#3340=CARTESIAN_POINT('Ctrl Pts',(0.638374708381653,0.0713522609474672,
0.465059693546495));
#3341=CARTESIAN_POINT('Ctrl Pts',(0.624899099472786,0.0809658319872917,
0.548909022257674));
#3342=CARTESIAN_POINT('Ctrl Pts',(0.614205603365992,0.0866622660949434,
0.604831775932965));
#3343=CARTESIAN_POINT('Ctrl Pts',(0.59095411971844,0.0937025605168193,0.688351213118643));
#3344=CARTESIAN_POINT('Ctrl Pts',(0.560710131205561,0.098951441935872,0.771568829500933));
#3345=CARTESIAN_POINT('Ctrl Pts',(0.532426289555452,0.10310566985372,0.855275419690635));
#3346=CARTESIAN_POINT('Ctrl Pts',(0.512735830592602,0.10608457993837,0.925562965868984));
#3347=CARTESIAN_POINT('Ctrl Pts',(0.493883315800048,0.108135643692829,0.996173720915636));
#3348=CARTESIAN_POINT('Ctrl Pts',(0.472408244634126,0.109794051077826,1.08123025132495));
#3349=CARTESIAN_POINT('Ctrl Pts',(0.458961793602656,0.110173149146369,1.13820999849318));
#3350=CARTESIAN_POINT('Ctrl Pts',(0.449398789471138,0.110051471344586,1.18110240011004));
#3351=CARTESIAN_POINT('Ctrl Pts',(0.664753035060961,0.00572506937780211,
0.));
#3352=CARTESIAN_POINT('Ctrl Pts',(0.665550002547923,0.0144079048044071,
0.0567601138423145));
#3353=CARTESIAN_POINT('Ctrl Pts',(0.664504331443131,0.0248312822869763,
0.127535464112696));
#3354=CARTESIAN_POINT('Ctrl Pts',(0.659014821933302,0.0407541373004098,
0.24042379276481));
#3355=CARTESIAN_POINT('Ctrl Pts',(0.649879906212198,0.0558281262620941,
0.353039229132843));
#3356=CARTESIAN_POINT('Ctrl Pts',(0.638162072741709,0.0711793890666115,
0.465059693550674));
#3357=CARTESIAN_POINT('Ctrl Pts',(0.623352147583973,0.0806588488539454,
0.548909022262125));
#3358=CARTESIAN_POINT('Ctrl Pts',(0.611994399241406,0.0862692839548891,
0.604831775937675));
#3359=CARTESIAN_POINT('Ctrl Pts',(0.588191511847381,0.0931362319621707,
0.688351213123736));
#3360=CARTESIAN_POINT('Ctrl Pts',(0.557735853281692,0.0981625964331203,
0.771568829507728));
#3361=CARTESIAN_POINT('Ctrl Pts',(0.529330279183839,0.102137401513301,0.855275419697713));
#3362=CARTESIAN_POINT('Ctrl Pts',(0.509483539397108,0.105017630166554,0.92556296587649));
#3363=CARTESIAN_POINT('Ctrl Pts',(0.490557368215549,0.106996011412888,0.996173720923752));
#3364=CARTESIAN_POINT('Ctrl Pts',(0.469050454357575,0.108594000580743,1.08123025133347));
#3365=CARTESIAN_POINT('Ctrl Pts',(0.455640154248642,0.108955380792382,1.1382099985027));
#3366=CARTESIAN_POINT('Ctrl Pts',(0.446135072118698,0.108833383586986,1.18110240011957));
#3367=CARTESIAN_POINT('Ctrl Pts',(0.668262857013839,0.00535208840554351,
0.));
#3368=CARTESIAN_POINT('Ctrl Pts',(0.669180756282767,0.0141563673324301,
0.0567601138423142));
#3369=CARTESIAN_POINT('Ctrl Pts',(0.668060675327473,0.0246831994315434,
0.127535464115083));
#3370=CARTESIAN_POINT('Ctrl Pts',(0.661938698990449,0.0406690552283057,
0.240423792767194));
#3371=CARTESIAN_POINT('Ctrl Pts',(0.651903807064334,0.0557374854365518,
0.353039229136495));
#3372=CARTESIAN_POINT('Ctrl Pts',(0.637786745414513,0.0708622911996911,
0.465059693555464));
#3373=CARTESIAN_POINT('Ctrl Pts',(0.621651286333633,0.0801791419276143,
0.548909022267228));
#3374=CARTESIAN_POINT('Ctrl Pts',(0.609637071413194,0.0856973387649921,
0.604831775943074));
#3375=CARTESIAN_POINT('Ctrl Pts',(0.585309080519261,0.0924251802258026,
0.688351213129575));
#3376=CARTESIAN_POINT('Ctrl Pts',(0.554681850465304,0.0972983617062268,
0.771568829515519));
#3377=CARTESIAN_POINT('Ctrl Pts',(0.52618570309154,0.101147754219861,0.855275419705828));
#3378=CARTESIAN_POINT('Ctrl Pts',(0.506196500992744,0.103948031925644,0.925562965885095));
#3379=CARTESIAN_POINT('Ctrl Pts',(0.487205258273058,0.105863908826087,0.996173720933055));
#3380=CARTESIAN_POINT('Ctrl Pts',(0.465671133248162,0.10740347827146,1.08123025134323));
#3381=CARTESIAN_POINT('Ctrl Pts',(0.452295394353439,0.107740362740918,1.13820999851363));
#3382=CARTESIAN_POINT('Ctrl Pts',(0.442844332110663,0.107608193810546,1.18110240013049));
#3383=CARTESIAN_POINT('Ctrl Pts',(0.671689075491446,0.00497032984184157,
0.));
#3384=CARTESIAN_POINT('Ctrl Pts',(0.672697091698181,0.0138841387132113,
0.0567601138423144));
#3385=CARTESIAN_POINT('Ctrl Pts',(0.671473351888933,0.0244997456409289,
0.127535464117361));
#3386=CARTESIAN_POINT('Ctrl Pts',(0.664691337963023,0.0405236605474951,
0.240423792769469));
#3387=CARTESIAN_POINT('Ctrl Pts',(0.653742628682073,0.0555646381813945,
0.353039229139981));
#3388=CARTESIAN_POINT('Ctrl Pts',(0.637249572628336,0.0704177630677052,
0.465059693560037));
#3389=CARTESIAN_POINT('Ctrl Pts',(0.619809553957874,0.0795608902683542,
0.5489090222721));
#3390=CARTESIAN_POINT('Ctrl Pts',(0.607151310422321,0.0849865051897154,
0.604831775948229));
#3391=CARTESIAN_POINT('Ctrl Pts',(0.582322970841464,0.0916025422195843,
0.688351213135149));
#3392=CARTESIAN_POINT('Ctrl Pts',(0.551556645875316,0.0963732725533297,
0.771568829522957));
#3393=CARTESIAN_POINT('Ctrl Pts',(0.52299477769979,0.10013660050815,0.855275419713576));
#3394=CARTESIAN_POINT('Ctrl Pts',(0.502875342183084,0.102871547417408,0.925562965893311));
#3395=CARTESIAN_POINT('Ctrl Pts',(0.483826632348588,0.104733111624324,0.996173720941938));
#3396=CARTESIAN_POINT('Ctrl Pts',(0.462269740572549,0.106216654621393,1.08123025135254));
#3397=CARTESIAN_POINT('Ctrl Pts',(0.448927555009945,0.106524660734247,1.13820999852405));
#3398=CARTESIAN_POINT('Ctrl Pts',(0.439527480729143,0.106375535065254,1.18110240014092));
#3399=CARTESIAN_POINT('Ctrl Pts',(0.674470142066993,0.00464339490903591,
0.));
#3400=CARTESIAN_POINT('Ctrl Pts',(0.675524667894501,0.0136391032142506,
0.0567601138423144));
#3401=CARTESIAN_POINT('Ctrl Pts',(0.674188146160193,0.0243189959811054,
0.127535464120015));
#3402=CARTESIAN_POINT('Ctrl Pts',(0.666833645994023,0.0403629879588463,
0.24042379277212));
#3403=CARTESIAN_POINT('Ctrl Pts',(0.655114145356953,0.05537294135771,0.353039229144042));
#3404=CARTESIAN_POINT('Ctrl Pts',(0.636674820441707,0.0699955546504303,
0.465059693565364));
#3405=CARTESIAN_POINT('Ctrl Pts',(0.618171181854514,0.0789953897863734,
0.548909022277775));
#3406=CARTESIAN_POINT('Ctrl Pts',(0.604988694000662,0.0843457329879809,
0.604831775954233));
#3407=CARTESIAN_POINT('Ctrl Pts',(0.579761693841431,0.0908771598492312,
0.688351213141641));
#3408=CARTESIAN_POINT('Ctrl Pts',(0.548900047292309,0.0955765157218558,
0.771568829531621));
#3409=CARTESIAN_POINT('Ctrl Pts',(0.520298953267043,0.0992791524636271,
0.855275419722599));
#3410=CARTESIAN_POINT('Ctrl Pts',(0.500079617378352,0.101964496724752,0.92556296590288));
#3411=CARTESIAN_POINT('Ctrl Pts',(0.480988467407191,0.10378395531449,0.996173720952283));
#3412=CARTESIAN_POINT('Ctrl Pts',(0.459416143185292,0.105222704610246,1.08123025136339));
#3413=CARTESIAN_POINT('Ctrl Pts',(0.446101657065591,0.105506371593846,1.1382099985362));
#3414=CARTESIAN_POINT('Ctrl Pts',(0.436742390681658,0.105342013783455,1.18110240015307));
#3415=CARTESIAN_POINT('Ctrl Pts',(0.676377213666517,0.0044123511007425,
0.));
#3416=CARTESIAN_POINT('Ctrl Pts',(0.677452107039814,0.0134724770307543,
0.0567601138423144));
#3417=CARTESIAN_POINT('Ctrl Pts',(0.676025538897469,0.0242040034042631,
0.127535464120874));
#3418=CARTESIAN_POINT('Ctrl Pts',(0.6682614538276,0.040267982191323,0.240423792772979));
#3419=CARTESIAN_POINT('Ctrl Pts',(0.655999353411285,0.0552589703689568,
0.353039229145358));
#3420=CARTESIAN_POINT('Ctrl Pts',(0.636214381450604,0.0697126329787129,
0.465059693567089));
#3421=CARTESIAN_POINT('Ctrl Pts',(0.616977410618708,0.0786070495168667,
0.548909022279613));
#3422=CARTESIAN_POINT('Ctrl Pts',(0.603433799271192,0.0839021321947241,
0.604831775956177));
#3423=CARTESIAN_POINT('Ctrl Pts',(0.577935679129295,0.0903705625320373,
0.688351213143744));
#3424=CARTESIAN_POINT('Ctrl Pts',(0.547015720803541,0.0950157708977478,
0.771568829534427));
#3425=CARTESIAN_POINT('Ctrl Pts',(0.518393537780645,0.0986731591122963,
0.855275419725522));
#3426=CARTESIAN_POINT('Ctrl Pts',(0.498108045484506,0.101322769087089,0.925562965905979));
#3427=CARTESIAN_POINT('Ctrl Pts',(0.478989657765225,0.103112686585108,0.996173720955634));
#3428=CARTESIAN_POINT('Ctrl Pts',(0.457408302533806,0.104520916495708,1.08123025136691));
#3429=CARTESIAN_POINT('Ctrl Pts',(0.444113330306575,0.104788892115436,1.13820999854013));
#3430=CARTESIAN_POINT('Ctrl Pts',(0.434782126435415,0.104615331992201,1.181102400157));
#3431=CARTESIAN_POINT('Ctrl Pts',(0.677455770475122,0.00428054444967124,
0.));
#3432=CARTESIAN_POINT('Ctrl Pts',(0.678539152139206,0.0133819260374502,
0.0567601138423144));
#3433=CARTESIAN_POINT('Ctrl Pts',(0.677058295243779,0.0241470780035962,
0.127535464121103));
#3434=CARTESIAN_POINT('Ctrl Pts',(0.669057926173618,0.0402259520329575,
0.240423792773207));
#3435=CARTESIAN_POINT('Ctrl Pts',(0.656485056497381,0.0552076520887442,
0.353039229145708));
#3436=CARTESIAN_POINT('Ctrl Pts',(0.63593561967988,0.0695591013781334,0.465059693567549));
#3437=CARTESIAN_POINT('Ctrl Pts',(0.616282586476668,0.0783898155369145,
0.548909022280102));
#3438=CARTESIAN_POINT('Ctrl Pts',(0.602534178718995,0.0836516826818121,
0.604831775956695));
#3439=CARTESIAN_POINT('Ctrl Pts',(0.576883238702816,0.090082339465582,0.688351213144304));
#3440=CARTESIAN_POINT('Ctrl Pts',(0.545932162400169,0.0946949643838992,
0.771568829535174));
#3441=CARTESIAN_POINT('Ctrl Pts',(0.517299611356285,0.0983254933726209,
0.855275419726301));
#3442=CARTESIAN_POINT('Ctrl Pts',(0.496977321685006,0.100954152822798,0.925562965906804));
#3443=CARTESIAN_POINT('Ctrl Pts',(0.477844038874921,0.102727068366875,0.996173720956526));
#3444=CARTESIAN_POINT('Ctrl Pts',(0.456258015336322,0.104118051083449,1.08123025136784));
#3445=CARTESIAN_POINT('Ctrl Pts',(0.44297424773849,0.104377504441282,1.13820999854118));
#3446=CARTESIAN_POINT('Ctrl Pts',(0.433658965108946,0.104199193029783,1.18110240015805));
#3447=CARTESIAN_POINT('Ctrl Pts',(0.679062491411817,0.00408351485977377,
0.));
#3448=CARTESIAN_POINT('Ctrl Pts',(0.680155349943815,0.0132520052200537,
0.0567601138423144));
#3449=CARTESIAN_POINT('Ctrl Pts',(0.678590092425851,0.0240723880120211,
0.1275354641216));
#3450=CARTESIAN_POINT('Ctrl Pts',(0.670233021356662,0.0401776913149142,
0.240423792773703));
#3451=CARTESIAN_POINT('Ctrl Pts',(0.657193294733599,0.0551472309105845,
0.353039229146468));
#3452=CARTESIAN_POINT('Ctrl Pts',(0.635501961802144,0.0693386583942828,
0.465059693568545));
#3453=CARTESIAN_POINT('Ctrl Pts',(0.615227957262848,0.078069740196111,0.548909022281164));
#3454=CARTESIAN_POINT('Ctrl Pts',(0.601173962814013,0.0832798558575475,
0.604831775957819));
#3455=CARTESIAN_POINT('Ctrl Pts',(0.575295852603392,0.0896517611315454,
0.688351213145519));
#3456=CARTESIAN_POINT('Ctrl Pts',(0.544300183196178,0.0942136447673498,
0.771568829536795));
#3457=CARTESIAN_POINT('Ctrl Pts',(0.515653653618382,0.09780268846666,0.855275419727989));
#3458=CARTESIAN_POINT('Ctrl Pts',(0.495277144212415,0.10039929297855,0.925562965908595));
#3459=CARTESIAN_POINT('Ctrl Pts',(0.476122168432519,0.102146530562928,0.996173720958462));
#3460=CARTESIAN_POINT('Ctrl Pts',(0.454529630887062,0.103511829140413,1.08123025136988));
#3461=CARTESIAN_POINT('Ctrl Pts',(0.44126273507521,0.103758982074737,1.13820999854345));
#3462=CARTESIAN_POINT('Ctrl Pts',(0.431971236108061,0.103574106670216,1.18110240016032));
#3463=CARTESIAN_POINT('Ctrl Pts',(0.681431364220392,0.00379249695174281,
0.));
#3464=CARTESIAN_POINT('Ctrl Pts',(0.68252632066509,0.0130851524569697,0.0567601138423144));
#3465=CARTESIAN_POINT('Ctrl Pts',(0.680823641879364,0.0240102411778094,
0.127535464124849));
#3466=CARTESIAN_POINT('Ctrl Pts',(0.671923150291686,0.0401733567374854,
0.240423792776948));
#3467=CARTESIAN_POINT('Ctrl Pts',(0.658180590710602,0.0551322897046305,
0.353039229151439));
#3468=CARTESIAN_POINT('Ctrl Pts',(0.634794553169546,0.0690524160754611,
0.465059693575066));
#3469=CARTESIAN_POINT('Ctrl Pts',(0.613600797401882,0.0776153581505243,
0.54890902228811));
#3470=CARTESIAN_POINT('Ctrl Pts',(0.599094408112805,0.0827390812171594,
0.604831775965168));
#3471=CARTESIAN_POINT('Ctrl Pts',(0.572883015224824,0.0890138442777515,
0.688351213153467));
#3472=CARTESIAN_POINT('Ctrl Pts',(0.541827833737917,0.0934919890850786,
0.771568829547401));
#3473=CARTESIAN_POINT('Ctrl Pts',(0.513165936680658,0.0970140137139173,
0.855275419739036));
#3474=CARTESIAN_POINT('Ctrl Pts',(0.492711633192991,0.0995598143858541,
0.92556296592031));
#3475=CARTESIAN_POINT('Ctrl Pts',(0.473526486794629,0.101267715608241,0.996173720971127));
#3476=CARTESIAN_POINT('Ctrl Pts',(0.451925984681296,0.10259511725667,1.08123025138316));
#3477=CARTESIAN_POINT('Ctrl Pts',(0.438684669220492,0.102825714801018,1.13820999855832));
#3478=CARTESIAN_POINT('Ctrl Pts',(0.429428529081102,0.102633239724165,1.18110240017519));
#3479=CARTESIAN_POINT('Ctrl Pts',(0.684506411306429,0.0034330991605921,
0.));
#3480=CARTESIAN_POINT('Ctrl Pts',(0.685554211786518,0.0129444705534987,
0.0567601138423144));
#3481=CARTESIAN_POINT('Ctrl Pts',(0.683622712794367,0.0240565674533976,
0.127535464127141));
#3482=CARTESIAN_POINT('Ctrl Pts',(0.673963331071537,0.0403342872751206,
0.240423792779237));
#3483=CARTESIAN_POINT('Ctrl Pts',(0.659272664118899,0.0552924026097522,
0.353039229154946));
#3484=CARTESIAN_POINT('Ctrl Pts',(0.63370791268731,0.0687684179375718,0.465059693579667));
#3485=CARTESIAN_POINT('Ctrl Pts',(0.61133417379543,0.0770599241597936,0.548909022293012));
#3486=CARTESIAN_POINT('Ctrl Pts',(0.596246105969063,0.0820468355252224,
0.604831775970354));
#3487=CARTESIAN_POINT('Ctrl Pts',(0.569608462899607,0.0881737458842155,
0.688351213159074));
#3488=CARTESIAN_POINT('Ctrl Pts',(0.538485200867483,0.0925288833769225,
0.771568829554883));
#3489=CARTESIAN_POINT('Ctrl Pts',(0.509810305103505,0.0959550499325363,
0.85527541974683));
#3490=CARTESIAN_POINT('Ctrl Pts',(0.489259500838206,0.0984279709283958,
0.925562965928574));
#3491=CARTESIAN_POINT('Ctrl Pts',(0.470038718159205,0.100081838757916,0.996173720980062));
#3492=CARTESIAN_POINT('Ctrl Pts',(0.448431311910466,0.101359529574009,1.08123025139253));
#3493=CARTESIAN_POINT('Ctrl Pts',(0.435224753644416,0.101571228637992,1.13820999856881));
#3494=CARTESIAN_POINT('Ctrl Pts',(0.426015257397318,0.101372426741258,1.18110240018568));
#3495=CARTESIAN_POINT('Ctrl Pts',(0.687499531948376,0.00311764336639167,
0.));
#3496=CARTESIAN_POINT('Ctrl Pts',(0.688369048573594,0.0128220462079708,
0.0567601138423144));
#3497=CARTESIAN_POINT('Ctrl Pts',(0.686090692225715,0.0240975102141809,
0.127535464130214));
#3498=CARTESIAN_POINT('Ctrl Pts',(0.67558248779586,0.0404680062037442,0.240423792782307));
#3499=CARTESIAN_POINT('Ctrl Pts',(0.659913271486078,0.0554133540616705,
0.353039229159649));
#3500=CARTESIAN_POINT('Ctrl Pts',(0.632388850583719,0.0684767624234721,
0.465059693585836));
#3501=CARTESIAN_POINT('Ctrl Pts',(0.608953123407967,0.0765116717092696,
0.548909022299583));
#3502=CARTESIAN_POINT('Ctrl Pts',(0.593334676692012,0.0813668220531952,
0.604831775977307));
#3503=CARTESIAN_POINT('Ctrl Pts',(0.566299160672764,0.087343152206168,0.688351213166594));
#3504=CARTESIAN_POINT('Ctrl Pts',(0.535108404382353,0.0915663326412874,
0.771568829564916));
#3505=CARTESIAN_POINT('Ctrl Pts',(0.506417014990692,0.094889439449783,0.855275419757281));
#3506=CARTESIAN_POINT('Ctrl Pts',(0.485777406060936,0.0972878318101458,
0.925562965939656));
#3507=CARTESIAN_POINT('Ctrl Pts',(0.466524997094138,0.0988869444004699,
0.996173720992044));
#3508=CARTESIAN_POINT('Ctrl Pts',(0.444914324390355,0.100115399817695,1.0812302514051));
#3509=CARTESIAN_POINT('Ctrl Pts',(0.431743035119526,0.100309499048322,1.13820999858288));
#3510=CARTESIAN_POINT('Ctrl Pts',(0.422579674796318,0.100105953650685,1.18110240019975));
#3511=CARTESIAN_POINT('Ctrl Pts',(0.690404056598445,0.00284881416976005,
0.));
#3512=CARTESIAN_POINT('Ctrl Pts',(0.690852675806454,0.0125939732046342,
0.0567601138423143));
#3513=CARTESIAN_POINT('Ctrl Pts',(0.688008179504118,0.0238925077025743,
0.127535464134128));
#3514=CARTESIAN_POINT('Ctrl Pts',(0.676485495887424,0.0402424444767026,
0.240423792786216));
#3515=CARTESIAN_POINT('Ctrl Pts',(0.659781893575742,0.0551278956068788,
0.353039229165638));
#3516=CARTESIAN_POINT('Ctrl Pts',(0.630709818737839,0.0680087433496828,
0.465059693593692));
#3517=CARTESIAN_POINT('Ctrl Pts',(0.606430082606868,0.0759080121188184,
0.548909022307953));
#3518=CARTESIAN_POINT('Ctrl Pts',(0.590374326001441,0.0806818379549532,
0.604831775986162));
#3519=CARTESIAN_POINT('Ctrl Pts',(0.562984290589423,0.0865284291331684,
0.688351213176169));
#3520=CARTESIAN_POINT('Ctrl Pts',(0.53171285060315,0.0906094037547467,0.771568829577693));
#3521=CARTESIAN_POINT('Ctrl Pts',(0.502986666998688,0.0938164664192627,
0.855275419770589));
#3522=CARTESIAN_POINT('Ctrl Pts',(0.48226691714917,0.0961433330645341,0.925562965953769));
#3523=CARTESIAN_POINT('Ctrl Pts',(0.462986238256725,0.0976879918103025,
0.996173721007302));
#3524=CARTESIAN_POINT('Ctrl Pts',(0.441375943340613,0.0988676686242694,
1.0812302514211));
#3525=CARTESIAN_POINT('Ctrl Pts',(0.428240250010442,0.0990435471921973,
1.13820999860079));
#3526=CARTESIAN_POINT('Ctrl Pts',(0.419122446336051,0.098834471149425,1.18110240021766));
#3527=CARTESIAN_POINT('Ctrl Pts',(0.692734096399178,0.00264795163187126,
0.));
#3528=CARTESIAN_POINT('Ctrl Pts',(0.692594206447671,0.0122732444050115,
0.0567601138423144));
#3529=CARTESIAN_POINT('Ctrl Pts',(0.689064064949586,0.0234506542994986,
0.127535464139361));
#3530=CARTESIAN_POINT('Ctrl Pts',(0.676535812263535,0.0396703419580831,
0.240423792791443));
#3531=CARTESIAN_POINT('Ctrl Pts',(0.658918010401727,0.0544600894032957,
0.353039229173644));
#3532=CARTESIAN_POINT('Ctrl Pts',(0.628967313815217,0.0674235319432798,
0.465059693604194));
#3533=CARTESIAN_POINT('Ctrl Pts',(0.604200950051574,0.0753346878625354,
0.54890902231914));
#3534=CARTESIAN_POINT('Ctrl Pts',(0.587873074967403,0.0800935798479628,
0.604831775997999));
#3535=CARTESIAN_POINT('Ctrl Pts',(0.560228950669766,0.0858573174824686,
0.68835121318897));
#3536=CARTESIAN_POINT('Ctrl Pts',(0.528873862272836,0.0898145948084267,
0.771568829594774));
#3537=CARTESIAN_POINT('Ctrl Pts',(0.500097940045762,0.0929158268903907,
0.855275419788382));
#3538=CARTESIAN_POINT('Ctrl Pts',(0.479318844266326,0.0951877627032085,
0.925562965972636));
#3539=CARTESIAN_POINT('Ctrl Pts',(0.460017104435079,0.096688096753591,0.9961737210277));
#3540=CARTESIAN_POINT('Ctrl Pts',(0.438410104652821,0.0978275291622603,
1.0812302514425));
#3541=CARTESIAN_POINT('Ctrl Pts',(0.425304266342304,0.0979867554685692,
1.13820999862474));
#3542=CARTESIAN_POINT('Ctrl Pts',(0.416223930837211,0.0977711993108078,
1.1811024002416));
#3543=CARTESIAN_POINT('Ctrl Pts',(0.694526749559728,0.00248037189263513,
0.));
#3544=CARTESIAN_POINT('Ctrl Pts',(0.693812320762836,0.0119829036694672,
0.0567601138423144));
#3545=CARTESIAN_POINT('Ctrl Pts',(0.689640815925981,0.0230381391598151,
0.127535464140907));
#3546=CARTESIAN_POINT('Ctrl Pts',(0.676241135797888,0.0391330591203725,
0.240423792792987));
#3547=CARTESIAN_POINT('Ctrl Pts',(0.657873051296154,0.0538376161605208,
0.353039229176011));
#3548=CARTESIAN_POINT('Ctrl Pts',(0.627407878879607,0.066904506787011,0.465059693607299));
#3549=CARTESIAN_POINT('Ctrl Pts',(0.602351806736338,0.0748464957985597,
0.548909022322448));
#3550=CARTESIAN_POINT('Ctrl Pts',(0.585849074730621,0.07960309059342,0.604831776001498));
#3551=CARTESIAN_POINT('Ctrl Pts',(0.558021924209801,0.0853085525188891,
0.688351213192753));
#3552=CARTESIAN_POINT('Ctrl Pts',(0.526593728649903,0.0891720302506733,
0.771568829599823));
#3553=CARTESIAN_POINT('Ctrl Pts',(0.49776958064113,0.092191554768902,0.85527541979364));
#3554=CARTESIAN_POINT('Ctrl Pts',(0.47694702314657,0.0944220971485488,0.925562965978212));
#3555=CARTESIAN_POINT('Ctrl Pts',(0.457630009249275,0.0958880544621106,
0.996173721033729));
#3556=CARTESIAN_POINT('Ctrl Pts',(0.436027351590554,0.0969955285453118,
1.08123025144882));
#3557=CARTESIAN_POINT('Ctrl Pts',(0.422945566295267,0.0971405443766816,
1.13820999863181));
#3558=CARTESIAN_POINT('Ctrl Pts',(0.413894950240271,0.0969185619386978,
1.18110240024868));
#3559=CARTESIAN_POINT('Ctrl Pts',(0.696265595868838,0.0023010574794262,
0.));
#3560=CARTESIAN_POINT('Ctrl Pts',(0.694927022361834,0.0116893869589469,
0.0567601138423144));
#3561=CARTESIAN_POINT('Ctrl Pts',(0.690070383950237,0.0226307377947506,
0.127535464142658));
#3562=CARTESIAN_POINT('Ctrl Pts',(0.675768982504298,0.0386065000760074,
0.240423792794736));
#3563=CARTESIAN_POINT('Ctrl Pts',(0.656643761913473,0.0532276521734838,
0.35303922917869));
#3564=CARTESIAN_POINT('Ctrl Pts',(0.625759289033167,0.0663809806762015,
0.465059693610812));
#3565=CARTESIAN_POINT('Ctrl Pts',(0.600464070441411,0.0743462400380003,
0.54890902232619));
#3566=CARTESIAN_POINT('Ctrl Pts',(0.583808476186722,0.0790978987850269,
0.604831776005458));
#3567=CARTESIAN_POINT('Ctrl Pts',(0.55580937272857,0.0847469313234032,0.688351213197035));
#3568=CARTESIAN_POINT('Ctrl Pts',(0.524305791028714,0.0885223290227933,
0.771568829605537));
#3569=CARTESIAN_POINT('Ctrl Pts',(0.495429918259894,0.0914649351318462,
0.855275419799592));
#3570=CARTESIAN_POINT('Ctrl Pts',(0.474566340056995,0.0936554241306498,
0.925562965984523));
#3571=CARTESIAN_POINT('Ctrl Pts',(0.455235151574855,0.0950878036622718,
0.996173721040552));
#3572=CARTESIAN_POINT('Ctrl Pts',(0.433637934934402,0.0961634655523328,
1.08123025145598));
#3573=CARTESIAN_POINT('Ctrl Pts',(0.420580341702733,0.0962937668491394,
1.13820999863982));
#3574=CARTESIAN_POINT('Ctrl Pts',(0.411559299594739,0.096064625180353,1.18110240025669));
#3575=CARTESIAN_POINT('Ctrl Pts',(0.698328284233046,0.00204443305467328,
0.));
#3576=CARTESIAN_POINT('Ctrl Pts',(0.696152818664244,0.0113547443755747,
0.0567601138423144));
#3577=CARTESIAN_POINT('Ctrl Pts',(0.690390606256462,0.0222121540871438,
0.12753546414856));
#3578=CARTESIAN_POINT('Ctrl Pts',(0.674931596187559,0.0380844470436182,
0.240423792800631));
#3579=CARTESIAN_POINT('Ctrl Pts',(0.654857681613306,0.052618601005529,0.353039229187722));
#3580=CARTESIAN_POINT('Ctrl Pts',(0.623570652366876,0.0657713907104155,
0.46505969362266));
#3581=CARTESIAN_POINT('Ctrl Pts',(0.598041601750927,0.0737113137882313,
0.548909022338812));
#3582=CARTESIAN_POINT('Ctrl Pts',(0.581223862548949,0.0784351440088637,
0.604831776018813));
#3583=CARTESIAN_POINT('Ctrl Pts',(0.553026080897372,0.084010824126817,0.688351213211476));
#3584=CARTESIAN_POINT('Ctrl Pts',(0.521427702347084,0.0876917459711254,
0.771568829624807));
#3585=CARTESIAN_POINT('Ctrl Pts',(0.492484614345572,0.0905523757701853,
0.855275419819664));
#3586=CARTESIAN_POINT('Ctrl Pts',(0.47157392584812,0.0926947158383474,0.925562966005808));
#3587=CARTESIAN_POINT('Ctrl Pts',(0.452227176657306,0.0940867617668079,
0.996173721063564));
#3588=CARTESIAN_POINT('Ctrl Pts',(0.430638762965958,0.0951229467701783,
1.08123025148012));
#3589=CARTESIAN_POINT('Ctrl Pts',(0.417611734410147,0.0952341286838661,
1.13820999866684));
#3590=CARTESIAN_POINT('Ctrl Pts',(0.408627433577328,0.0949948507482454,
1.18110240028371));
#3591=CARTESIAN_POINT('Ctrl Pts',(0.700602082021382,0.00167279449993903,
0.));
#3592=CARTESIAN_POINT('Ctrl Pts',(0.697405054833254,0.0110393885626013,
0.0567601138423145));
#3593=CARTESIAN_POINT('Ctrl Pts',(0.690544978375855,0.0219330792526882,
0.127535464154936));
#3594=CARTESIAN_POINT('Ctrl Pts',(0.673702259955517,0.0377890045719069,
0.240423792806999));
#3595=CARTESIAN_POINT('Ctrl Pts',(0.652508404297217,0.0522610566015106,
0.353039229197477));
#3596=CARTESIAN_POINT('Ctrl Pts',(0.620819874193782,0.0651714913854992,
0.465059693635456));
#3597=CARTESIAN_POINT('Ctrl Pts',(0.595055381102635,0.0729574484476765,
0.548909022352443));
#3598=CARTESIAN_POINT('Ctrl Pts',(0.578064880850652,0.0775976627082386,
0.604831776033235));
#3599=CARTESIAN_POINT('Ctrl Pts',(0.549645403753278,0.0830723720763611,
0.688351213227072));
#3600=CARTESIAN_POINT('Ctrl Pts',(0.517938853869843,0.0866644453113949,
0.771568829645618));
#3601=CARTESIAN_POINT('Ctrl Pts',(0.488918479670402,0.0894507842841774,
0.855275419841341));
#3602=CARTESIAN_POINT('Ctrl Pts',(0.467956899726657,0.0915366594526499,
0.925562966028795));
#3603=CARTESIAN_POINT('Ctrl Pts',(0.448595022987791,0.0928825522097856,
0.996173721088417));
#3604=CARTESIAN_POINT('Ctrl Pts',(0.42702021938886,0.0938719391120129,1.08123025150618));
#3605=CARTESIAN_POINT('Ctrl Pts',(0.41403055452984,0.0939598551785943,1.13820999869601));
#3606=CARTESIAN_POINT('Ctrl Pts',(0.40509015704207,0.0937075333649139,1.18110240031288));
#3607=CARTESIAN_POINT('Ctrl Pts',(0.702685399372146,0.00129440446588071,
0.));
#3608=CARTESIAN_POINT('Ctrl Pts',(0.698465446484794,0.0107954886207322,
0.0567601138423143));
#3609=CARTESIAN_POINT('Ctrl Pts',(0.690510449366466,0.021795908844923,0.127535464161229));
#3610=CARTESIAN_POINT('Ctrl Pts',(0.672299569390759,0.0376885245224491,
0.240423792813284));
#3611=CARTESIAN_POINT('Ctrl Pts',(0.650006937358921,0.0521164031679768,
0.353039229207107));
#3612=CARTESIAN_POINT('Ctrl Pts',(0.617969035911544,0.0646486775148625,
0.465059693648087));
#3613=CARTESIAN_POINT('Ctrl Pts',(0.59199870023678,0.0722108127283718,0.548909022365899));
#3614=CARTESIAN_POINT('Ctrl Pts',(0.574850550335395,0.076738522082816,0.604831776047472));
#3615=CARTESIAN_POINT('Ctrl Pts',(0.546222887226368,0.0821032156567326,
0.688351213242468));
#3616=CARTESIAN_POINT('Ctrl Pts',(0.51441467304982,0.0856183545387863,0.771568829666162));
#3617=CARTESIAN_POINT('Ctrl Pts',(0.485321717012356,0.0883426095691339,
0.85527541986274));
#3618=CARTESIAN_POINT('Ctrl Pts',(0.464314326261262,0.0903723516729288,
0.925562966051486));
#3619=CARTESIAN_POINT('Ctrl Pts',(0.444940729927085,0.0916733721992402,
0.996173721112949));
#3620=CARTESIAN_POINT('Ctrl Pts',(0.423382486692917,0.0926167441626571,
1.08123025153192));
#3621=CARTESIAN_POINT('Ctrl Pts',(0.410430993057953,0.092681888877306,1.13820999872481));
#3622=CARTESIAN_POINT('Ctrl Pts',(0.401534483262294,0.0924167457381713,
1.18110240034168));
#3623=CARTESIAN_POINT('Ctrl Pts',(0.704613907275447,0.00102715726223919,
0.));
#3624=CARTESIAN_POINT('Ctrl Pts',(0.699356897304249,0.0106233058920612,
0.0567601138423144));
#3625=CARTESIAN_POINT('Ctrl Pts',(0.69029775606936,0.0216916161838695,0.127535464170488));
#3626=CARTESIAN_POINT('Ctrl Pts',(0.670721328844856,0.0375793398843363,
0.240423792822532));
#3627=CARTESIAN_POINT('Ctrl Pts',(0.647342835162411,0.0519352283418663,
0.353039229221274));
#3628=CARTESIAN_POINT('Ctrl Pts',(0.615016390342856,0.0641103738807082,
0.465059693666671));
#3629=CARTESIAN_POINT('Ctrl Pts',(0.588874158823186,0.0714595735015865,
0.548909022385697));
#3630=CARTESIAN_POINT('Ctrl Pts',(0.571584839940765,0.0758780149979727,
0.604831776068419));
#3631=CARTESIAN_POINT('Ctrl Pts',(0.542762101293416,0.0811317613110196,
0.688351213265119));
#3632=CARTESIAN_POINT('Ctrl Pts',(0.510857433923978,0.0845677026463428,
0.771568829696387));
#3633=CARTESIAN_POINT('Ctrl Pts',(0.481695337752587,0.0872277551683916,
0.855275419894223));
#3634=CARTESIAN_POINT('Ctrl Pts',(0.460646928769859,0.0892013847416404,
0.925562966084871));
#3635=CARTESIAN_POINT('Ctrl Pts',(0.441264803536234,0.0904578571617587,
0.996173721149044));
#3636=CARTESIAN_POINT('Ctrl Pts',(0.419725998603029,0.0913561647389755,
1.08123025156978));
#3637=CARTESIAN_POINT('Ctrl Pts',(0.406813553519738,0.0913995527101091,
1.13820999876719));
#3638=CARTESIAN_POINT('Ctrl Pts',(0.397961042865767,0.0911225866819357,
1.18110240038406));
#3639=CARTESIAN_POINT('Ctrl Pts',(0.706385494120582,0.000963347496601827,
0.));
#3640=CARTESIAN_POINT('Ctrl Pts',(0.700074656124825,0.0105345659892831,
0.0567601138423144));
#3641=CARTESIAN_POINT('Ctrl Pts',(0.689898530580926,0.021554236585237,0.127535464174267));
#3642=CARTESIAN_POINT('Ctrl Pts',(0.668958219630643,0.0373291600220287,
0.240423792826306));
#3643=CARTESIAN_POINT('Ctrl Pts',(0.644506841191972,0.0515515637112594,
0.353039229227057));
#3644=CARTESIAN_POINT('Ctrl Pts',(0.611960067821179,0.0634930180653647,
0.465059693674256));
#3645=CARTESIAN_POINT('Ctrl Pts',(0.585683572852549,0.0706932771534631,
0.548909022393777));
#3646=CARTESIAN_POINT('Ctrl Pts',(0.568271078942915,0.0750268053908386,
0.604831776076968));
#3647=CARTESIAN_POINT('Ctrl Pts',(0.539266538577836,0.0801745870989488,
0.688351213274364));
#3648=CARTESIAN_POINT('Ctrl Pts',(0.507269293490122,0.0835210430239146,
0.771568829708723));
#3649=CARTESIAN_POINT('Ctrl Pts',(0.478040348065845,0.0861063000011605,
0.855275419907072));
#3650=CARTESIAN_POINT('Ctrl Pts',(0.45695550033196,0.0880239306531796,0.925562966098496));
#3651=CARTESIAN_POINT('Ctrl Pts',(0.437567859969433,0.089235668769063,0.996173721163774));
#3652=CARTESIAN_POINT('Ctrl Pts',(0.416051287862829,0.0900899132676155,
1.08123025158523));
#3653=CARTESIAN_POINT('Ctrl Pts',(0.403178787786546,0.0901126977241026,
1.13820999878448));
#3654=CARTESIAN_POINT('Ctrl Pts',(0.394370454934482,0.0898251690806154,
1.18110240040135));
#3655=CARTESIAN_POINT('Ctrl Pts',(0.707370854678005,0.00101181878807899,
0.));
#3656=CARTESIAN_POINT('Ctrl Pts',(0.700374782376421,0.0104970013581254,
0.0567601138423144));
#3657=CARTESIAN_POINT('Ctrl Pts',(0.689475756779929,0.0214198234127436,
0.127535464178871));
#3658=CARTESIAN_POINT('Ctrl Pts',(0.667658088728616,0.0370601141703738,
0.240423792830905));
#3659=CARTESIAN_POINT('Ctrl Pts',(0.642521566101452,0.0511621664580608,
0.353039229234103));
#3660=CARTESIAN_POINT('Ctrl Pts',(0.609860960625672,0.0630286976332133,
0.465059693683499));
#3661=CARTESIAN_POINT('Ctrl Pts',(0.58351311323868,0.0701714421418614,0.548909022403623));
#3662=CARTESIAN_POINT('Ctrl Pts',(0.566028437091252,0.0744646515718931,
0.604831776087386));
#3663=CARTESIAN_POINT('Ctrl Pts',(0.536911311729615,0.0795455761304774,
0.688351213285629));
#3664=CARTESIAN_POINT('Ctrl Pts',(0.504854668965617,0.0828254189842779,
0.771568829723756));
#3665=CARTESIAN_POINT('Ctrl Pts',(0.475582887626079,0.08535377520153,0.85527541992273));
#3666=CARTESIAN_POINT('Ctrl Pts',(0.454476608914777,0.0872341642808136,
0.925562966115101));
#3667=CARTESIAN_POINT('Ctrl Pts',(0.435087251993039,0.0884159363886638,
0.996173721181727));
#3668=CARTESIAN_POINT('Ctrl Pts',(0.413587315383768,0.0892414009164247,
1.08123025160406));
#3669=CARTESIAN_POINT('Ctrl Pts',(0.400742071354833,0.0892511342787068,
1.13820999880556));
#3670=CARTESIAN_POINT('Ctrl Pts',(0.391963352664321,0.0889573205144554,
1.18110240042243));
#3671=CARTESIAN_POINT('Ctrl Pts',(0.707763002190294,0.00101101147672697,
0.));
#3672=CARTESIAN_POINT('Ctrl Pts',(0.70044449737407,0.0104534945812487,0.0567601138423144));
#3673=CARTESIAN_POINT('Ctrl Pts',(0.689204907131093,0.0213287015717133,
0.127535464179704));
#3674=CARTESIAN_POINT('Ctrl Pts',(0.666973758664611,0.0369049706012096,
0.240423792831737));
#3675=CARTESIAN_POINT('Ctrl Pts',(0.641513889142634,0.0509507396702511,
0.353039229235377));
#3676=CARTESIAN_POINT('Ctrl Pts',(0.608797959020005,0.0627891845838299,
0.46505969368517));
#3677=CARTESIAN_POINT('Ctrl Pts',(0.58241531385209,0.0699078771857466,0.548909022405404));
#3678=CARTESIAN_POINT('Ctrl Pts',(0.56489597688676,0.0741830902662074,0.60483177608927));
#3679=CARTESIAN_POINT('Ctrl Pts',(0.535724656620632,0.0792313454259473,
0.688351213287666));
#3680=CARTESIAN_POINT('Ctrl Pts',(0.503638742047294,0.0824766293224306,
0.771568829726473));
#3681=CARTESIAN_POINT('Ctrl Pts',(0.474346111462159,0.0849754612910396,
0.85527541992556));
#3682=CARTESIAN_POINT('Ctrl Pts',(0.453229756212496,0.0868372195036596,
0.925562966118101));
#3683=CARTESIAN_POINT('Ctrl Pts',(0.433840032458731,0.0880039917237251,
0.996173721184969));
#3684=CARTESIAN_POINT('Ctrl Pts',(0.412348869045213,0.0888151584169806,
1.08123025160746));
#3685=CARTESIAN_POINT('Ctrl Pts',(0.39951744036892,0.0888184807125456,1.13820999880936));
#3686=CARTESIAN_POINT('Ctrl Pts',(0.39075360443064,0.0885216507563591,1.18110240042623));
#3687=CARTESIAN_POINT('Ctrl Pts',(0.707765288649807,0.0010110061526814,
0.));
#3688=CARTESIAN_POINT('Ctrl Pts',(0.700444899660164,0.0104532363734513,
0.0567601138423144));
#3689=CARTESIAN_POINT('Ctrl Pts',(0.689203326474809,0.0213281707918075,
0.127535464179702));
#3690=CARTESIAN_POINT('Ctrl Pts',(0.666969762224506,0.0369040623714152,
0.240423792831735));
#3691=CARTESIAN_POINT('Ctrl Pts',(0.641508005594019,0.0509495024582243,
0.353039229235373));
#3692=CARTESIAN_POINT('Ctrl Pts',(0.608791753769506,0.0627877855151893,
0.465059693685165));
#3693=CARTESIAN_POINT('Ctrl Pts',(0.582408905867595,0.0699063385728525,
0.548909022405399));
#3694=CARTESIAN_POINT('Ctrl Pts',(0.564889366711291,0.074181446870916,0.604831776089264));
#3695=CARTESIAN_POINT('Ctrl Pts',(0.53571773016223,0.0792295113326214,0.68835121328766));
#3696=CARTESIAN_POINT('Ctrl Pts',(0.503631645004874,0.0824745935937023,
0.771568829726465));
#3697=CARTESIAN_POINT('Ctrl Pts',(0.474338892757519,0.084973253162711,0.855275419925552));
#3698=CARTESIAN_POINT('Ctrl Pts',(0.453222478744672,0.0868349026582965,
0.925562966118092));
#3699=CARTESIAN_POINT('Ctrl Pts',(0.433832752862988,0.0880015873272486,
0.99617372118496));
#3700=CARTESIAN_POINT('Ctrl Pts',(0.412341640679311,0.0888126705859197,
1.08123025160745));
#3701=CARTESIAN_POINT('Ctrl Pts',(0.399510292654697,0.0888159554766123,
1.13820999880935));
#3702=CARTESIAN_POINT('Ctrl Pts',(0.390746543582339,0.0885191079254881,
1.18110240042622));
#3703=CARTESIAN_POINT('Ctrl Pts',(0.707767572753989,0.00101100021865469,
0.));
#3704=CARTESIAN_POINT('Ctrl Pts',(0.700445304321821,0.010452983643445,0.0567601138423143));
#3705=CARTESIAN_POINT('Ctrl Pts',(0.68920174224991,0.0213276371929661,0.127535464179703));
#3706=CARTESIAN_POINT('Ctrl Pts',(0.666965767493906,0.0369031575895629,
0.240423792831736));
#3707=CARTESIAN_POINT('Ctrl Pts',(0.641502124776344,0.0509482698616797,
0.353039229235375));
#3708=CARTESIAN_POINT('Ctrl Pts',(0.608785549407112,0.0627863879491827,
0.465059693685167));
#3709=CARTESIAN_POINT('Ctrl Pts',(0.582402498182936,0.0699048001392192,
0.548909022405401));
#3710=CARTESIAN_POINT('Ctrl Pts',(0.564882756724197,0.0741798032777232,
0.604831776089266));
#3711=CARTESIAN_POINT('Ctrl Pts',(0.535710803978005,0.0792276771282753,
0.688351213287663));
#3712=CARTESIAN_POINT('Ctrl Pts',(0.503624547932946,0.0824725577625961,
0.771568829726468));
#3713=CARTESIAN_POINT('Ctrl Pts',(0.474331674037957,0.0849710450569669,
0.855275419925555));
#3714=CARTESIAN_POINT('Ctrl Pts',(0.453215201231993,0.0868325858187995,
0.925562966118096));
#3715=CARTESIAN_POINT('Ctrl Pts',(0.433825473232181,0.0879991829476598,
0.996173721184963));
#3716=CARTESIAN_POINT('Ctrl Pts',(0.412334412268694,0.0888101827610835,
1.08123025160745));
#3717=CARTESIAN_POINT('Ctrl Pts',(0.399503144880613,0.0888134302392012,
1.13820999880935));
#3718=CARTESIAN_POINT('Ctrl Pts',(0.390739482673224,0.0885165650840584,
1.18110240042622));
#3719=CARTESIAN_POINT('Ctrl Pts',(0.707772136259552,0.00101098712310388,
0.));
#3720=CARTESIAN_POINT('Ctrl Pts',(0.700446106397576,0.0104524719503088,
0.0567601138423145));
#3721=CARTESIAN_POINT('Ctrl Pts',(0.68919857293947,0.0213265707900345,0.127535464179702));
#3722=CARTESIAN_POINT('Ctrl Pts',(0.666957774519049,0.0369013438686343,
0.240423792831735));
#3723=CARTESIAN_POINT('Ctrl Pts',(0.641490360100189,0.0509457998248817,
0.353039229235374));
#3724=CARTESIAN_POINT('Ctrl Pts',(0.60877313928143,0.0627835911550765,0.465059693685166));
#3725=CARTESIAN_POINT('Ctrl Pts',(0.582389681963274,0.069901723012107,0.548909022405399));
#3726=CARTESIAN_POINT('Ctrl Pts',(0.564869536091177,0.0741765162858049,
0.604831776089265));
#3727=CARTESIAN_POINT('Ctrl Pts',(0.535696951025232,0.0792240088954296,
0.688351213287661));
#3728=CARTESIAN_POINT('Ctrl Pts',(0.503610353487272,0.0824684861891496,
0.771568829726466));
#3729=CARTESIAN_POINT('Ctrl Pts',(0.474317236325239,0.0849666287670358,
0.855275419925552));
#3730=CARTESIAN_POINT('Ctrl Pts',(0.453200646000777,0.0868279520774258,
0.925562966118093));
#3731=CARTESIAN_POINT('Ctrl Pts',(0.433810913788372,0.0879943741187018,
0.996173721184961));
#3732=CARTESIAN_POINT('Ctrl Pts',(0.412319955300918,0.0888052070588326,
1.08123025160745));
#3733=CARTESIAN_POINT('Ctrl Pts',(0.399488849207847,0.0888083797264251,
1.13820999880935));
#3734=CARTESIAN_POINT('Ctrl Pts',(0.390725360733264,0.0885114793794609,
1.18110240042622));
#3735=CARTESIAN_POINT('Ctrl Pts',(0.707781998330898,0.00101095207624002,
0.));
#3736=CARTESIAN_POINT('Ctrl Pts',(0.700447825755917,0.0104513593817885,
0.0567601138423143));
#3737=CARTESIAN_POINT('Ctrl Pts',(0.689191690571818,0.021324253431381,0.127535464179701));
#3738=CARTESIAN_POINT('Ctrl Pts',(0.666940449412557,0.0368974108766777,
0.240423792831734));
#3739=CARTESIAN_POINT('Ctrl Pts',(0.64146486827725,0.0509404463803311,0.353039229235372));
#3740=CARTESIAN_POINT('Ctrl Pts',(0.608746248603524,0.0627775305570414,
0.465059693685164));
#3741=CARTESIAN_POINT('Ctrl Pts',(0.582361911378871,0.0698950555341315,
0.548909022405397));
#3742=CARTESIAN_POINT('Ctrl Pts',(0.564840889587717,0.0741693944418739,
0.604831776089263));
#3743=CARTESIAN_POINT('Ctrl Pts',(0.53566693506765,0.0792160612631403,0.688351213287659));
#3744=CARTESIAN_POINT('Ctrl Pts',(0.503579597633178,0.0824596643997379,
0.771568829726463));
#3745=CARTESIAN_POINT('Ctrl Pts',(0.474285953551604,0.0849570599216487,
0.85527541992555));
#3746=CARTESIAN_POINT('Ctrl Pts',(0.453169108751075,0.0868179120919017,
0.92556296611809));
#3747=CARTESIAN_POINT('Ctrl Pts',(0.433779367532817,0.0879839547886308,
0.996173721184957));
#3748=CARTESIAN_POINT('Ctrl Pts',(0.412288631175342,0.0887944261976629,
1.08123025160745));
#3749=CARTESIAN_POINT('Ctrl Pts',(0.399457874583838,0.0887974368042686,
1.13820999880935));
#3750=CARTESIAN_POINT('Ctrl Pts',(0.390694762537544,0.0885004602361793,
1.18110240042621));
#3751=CARTESIAN_POINT('Ctrl Pts',(0.707803107237115,0.00101084157141181,
0.));
#3752=CARTESIAN_POINT('Ctrl Pts',(0.700451423078851,0.010448928214324,0.0567601138423145));
#3753=CARTESIAN_POINT('Ctrl Pts',(0.68917679176723,0.0213192321971969,0.127535464179696));
#3754=CARTESIAN_POINT('Ctrl Pts',(0.666903091808844,0.0368889137702387,
0.24042379283173));
#3755=CARTESIAN_POINT('Ctrl Pts',(0.641409947042543,0.0509288955250627,
0.353039229235366));
#3756=CARTESIAN_POINT('Ctrl Pts',(0.608688316890972,0.0627644685944155,
0.465059693685155));
#3757=CARTESIAN_POINT('Ctrl Pts',(0.582302085720826,0.0698806924003939,
0.548909022405388));
#3758=CARTESIAN_POINT('Ctrl Pts',(0.564779179279837,0.0741540554284795,
0.604831776089253));
#3759=CARTESIAN_POINT('Ctrl Pts',(0.535602278043116,0.0791989446743779,
0.688351213287648));
#3760=CARTESIAN_POINT('Ctrl Pts',(0.503513347741405,0.0824406636192168,
0.771568829726449));
#3761=CARTESIAN_POINT('Ctrl Pts',(0.474218569576717,0.0849364488777675,
0.855275419925535));
#3762=CARTESIAN_POINT('Ctrl Pts',(0.453101177540608,0.0867962863496247,
0.925562966118074));
#3763=CARTESIAN_POINT('Ctrl Pts',(0.433711417556108,0.0879615120340902,
0.99617372118494));
#3764=CARTESIAN_POINT('Ctrl Pts',(0.412221160187174,0.0887712049353108,
1.08123025160743));
#3765=CARTESIAN_POINT('Ctrl Pts',(0.399391156561483,0.0887738666586449,
1.13820999880933));
#3766=CARTESIAN_POINT('Ctrl Pts',(0.39062885532498,0.0884767260934597,1.18110240042619));
#3767=CARTESIAN_POINT('Ctrl Pts',(0.707844790564097,0.00101047612258184,
0.));
#3768=CARTESIAN_POINT('Ctrl Pts',(0.700458196086889,0.0104439309888393,
0.0567601138423143));
#3769=CARTESIAN_POINT('Ctrl Pts',(0.689146688841619,0.0213090659216324,
0.127535464179676));
#3770=CARTESIAN_POINT('Ctrl Pts',(0.66682821151388,0.0368718206746697,0.240423792831709));
#3771=CARTESIAN_POINT('Ctrl Pts',(0.641300046127089,0.0509057200447376,
0.353039229235334));
#3772=CARTESIAN_POINT('Ctrl Pts',(0.608572401910787,0.062738313828274,0.465059693685113));
#3773=CARTESIAN_POINT('Ctrl Pts',(0.582182386731916,0.0698519568477715,
0.548909022405343));
#3774=CARTESIAN_POINT('Ctrl Pts',(0.564655718501872,0.074123378439116,0.604831776089205));
#3775=CARTESIAN_POINT('Ctrl Pts',(0.535472935385323,0.0791647167785304,
0.688351213287597));
#3776=CARTESIAN_POINT('Ctrl Pts',(0.503380821998494,0.082402661859933,0.77156882972638));
#3777=CARTESIAN_POINT('Ctrl Pts',(0.474083778969891,0.0848952219604554,
0.855275419925463));
#3778=CARTESIAN_POINT('Ctrl Pts',(0.452965295871625,0.0867530302738444,
0.925562966117999));
#3779=CARTESIAN_POINT('Ctrl Pts',(0.433575500877218,0.0879166221013512,
0.996173721184858));
#3780=CARTESIAN_POINT('Ctrl Pts',(0.412086203679742,0.0887247586668021,
1.08123025160734));
#3781=CARTESIAN_POINT('Ctrl Pts',(0.399257706736466,0.0887267232916472,
1.13820999880923));
#3782=CARTESIAN_POINT('Ctrl Pts',(0.390497027282121,0.088429255399265,1.1811024004261));
#3783=CARTESIAN_POINT('Ctrl Pts',(0.707925983622867,0.00100913358291447,
0.));
#3784=CARTESIAN_POINT('Ctrl Pts',(0.700470027949805,0.010433371785309,0.0567601138423145));
#3785=CARTESIAN_POINT('Ctrl Pts',(0.689085250234769,0.0212882319379215,
0.127535464179626));
#3786=CARTESIAN_POINT('Ctrl Pts',(0.666677787860904,0.0368372414700129,
0.240423792831659));
#3787=CARTESIAN_POINT('Ctrl Pts',(0.641080015850619,0.0508590843159154,
0.353039229235258));
#3788=CARTESIAN_POINT('Ctrl Pts',(0.608340367985079,0.0626858849034223,
0.465059693685014));
#3789=CARTESIAN_POINT('Ctrl Pts',(0.581942798309018,0.069794448977085,0.548909022405237));
#3790=CARTESIAN_POINT('Ctrl Pts',(0.564408635976648,0.0740620277207008,
0.604831776089093));
#3791=CARTESIAN_POINT('Ctrl Pts',(0.535214135335147,0.0790962810344475,
0.688351213287476));
#3792=CARTESIAN_POINT('Ctrl Pts',(0.503115666579621,0.0823266570183148,
0.771568829726219));
#3793=CARTESIAN_POINT('Ctrl Pts',(0.473814107172976,0.0848127488302294,
0.855275419925295));
#3794=CARTESIAN_POINT('Ctrl Pts',(0.45269345558729,0.0866664998106798,0.92556296611782));
#3795=CARTESIAN_POINT('Ctrl Pts',(0.433303600667212,0.0878268246347231,
0.996173721184666));
#3796=CARTESIAN_POINT('Ctrl Pts',(0.411816232591709,0.0886318512435712,
1.08123025160714));
#3797=CARTESIAN_POINT('Ctrl Pts',(0.398990752027934,0.088632424320384,1.138209998809));
#3798=CARTESIAN_POINT('Ctrl Pts',(0.390233316787276,0.0883343044045534,
1.18110240042587));
#3799=CARTESIAN_POINT('Ctrl Pts',(0.708013643315923,0.00100604468801896,
0.));
#3800=CARTESIAN_POINT('Ctrl Pts',(0.700479521055396,0.010419919002581,0.0567601138423144));
#3801=CARTESIAN_POINT('Ctrl Pts',(0.689012156003986,0.0212632382581333,
0.127535464179411));
#3802=CARTESIAN_POINT('Ctrl Pts',(0.666504356692274,0.0367968498649881,
0.240423792831444));
#3803=CARTESIAN_POINT('Ctrl Pts',(0.640828066851202,0.0508052009664234,
0.353039229234929));
#3804=CARTESIAN_POINT('Ctrl Pts',(0.60807473494782,0.0626257176977875,0.465059693684582));
#3805=CARTESIAN_POINT('Ctrl Pts',(0.581668550792727,0.069728644615369,0.548909022404778));
#3806=CARTESIAN_POINT('Ctrl Pts',(0.564125887931542,0.0739919157388259,
0.604831776088607));
#3807=CARTESIAN_POINT('Ctrl Pts',(0.534918101710772,0.0790181095807407,
0.68835121328695));
#3808=CARTESIAN_POINT('Ctrl Pts',(0.502812394126745,0.0822397886568734,
0.771568829725517));
#3809=CARTESIAN_POINT('Ctrl Pts',(0.473505704318532,0.0847184500418704,
0.855275419924564));
#3810=CARTESIAN_POINT('Ctrl Pts',(0.452382605463294,0.0865675663602255,
0.925562966117045));
#3811=CARTESIAN_POINT('Ctrl Pts',(0.432992705140467,0.0877241593048073,
0.996173721183827));
#3812=CARTESIAN_POINT('Ctrl Pts',(0.41150756177654,0.0885256378056647,1.08123025160626));
#3813=CARTESIAN_POINT('Ctrl Pts',(0.398685535377373,0.0885246264485146,
1.13820999880802));
#3814=CARTESIAN_POINT('Ctrl Pts',(0.389931809284799,0.0882257671729831,
1.18110240042489));
#3815=CARTESIAN_POINT('Ctrl Pts',(0.70808557638448,0.0010017178647886,0.));
#3816=CARTESIAN_POINT('Ctrl Pts',(0.700484111394969,0.0104067749654769,
0.0567601138423143));
#3817=CARTESIAN_POINT('Ctrl Pts',(0.688945578034044,0.0212402748931053,
0.127535464179367));
#3818=CARTESIAN_POINT('Ctrl Pts',(0.666351269658508,0.0367607889102378,
0.2404237928314));
#3819=CARTESIAN_POINT('Ctrl Pts',(0.640607246405824,0.0507576527267484,
0.353039229234861));
#3820=CARTESIAN_POINT('Ctrl Pts',(0.607841935526134,0.0625728957340479,
0.465059693684493));
#3821=CARTESIAN_POINT('Ctrl Pts',(0.581428210955944,0.0696709995955678,
0.548909022404682));
#3822=CARTESIAN_POINT('Ctrl Pts',(0.563878160848629,0.0739305625746631,
0.604831776088506));
#3823=CARTESIAN_POINT('Ctrl Pts',(0.534658842700053,0.0789497360713528,
0.688351213286841));
#3824=CARTESIAN_POINT('Ctrl Pts',(0.502546822442583,0.0821637690749503,
0.771568829725372));
#3825=CARTESIAN_POINT('Ctrl Pts',(0.473235671962418,0.0846359007769213,
0.855275419924413));
#3826=CARTESIAN_POINT('Ctrl Pts',(0.452110458625816,0.0864809638873562,
0.925562966116884));
#3827=CARTESIAN_POINT('Ctrl Pts',(0.432720538796681,0.0876342934245946,
0.996173721183654));
#3828=CARTESIAN_POINT('Ctrl Pts',(0.411237359459894,0.0884326725730443,
1.08123025160608));
#3829=CARTESIAN_POINT('Ctrl Pts',(0.3984183614573,0.0884302797464484,1.13820999880782));
#3830=CARTESIAN_POINT('Ctrl Pts',(0.389667882143788,0.088130778254307,1.18110240042468));
#3831=CARTESIAN_POINT('Ctrl Pts',(0.708125279943825,0.000998745117883367,
0.));
#3832=CARTESIAN_POINT('Ctrl Pts',(0.700485646672523,0.0103988502918802,
0.0567601138423144));
#3833=CARTESIAN_POINT('Ctrl Pts',(0.688906770733211,0.0212268327510789,
0.127535464179348));
#3834=CARTESIAN_POINT('Ctrl Pts',(0.666263409482351,0.0367399844870506,
0.240423792831381));
#3835=CARTESIAN_POINT('Ctrl Pts',(0.640480967657628,0.0507303842703356,
0.353039229234832));
#3836=CARTESIAN_POINT('Ctrl Pts',(0.6077088049586,0.0625426676604986,0.465059693684455));
#3837=CARTESIAN_POINT('Ctrl Pts',(0.581290768002026,0.0696380413973847,
0.548909022404642));
#3838=CARTESIAN_POINT('Ctrl Pts',(0.563736510320719,0.0738955010232584,
0.604831776088464));
#3839=CARTESIAN_POINT('Ctrl Pts',(0.534510629091524,0.0789106717464766,
0.688351213286795));
#3840=CARTESIAN_POINT('Ctrl Pts',(0.502395007645319,0.0821203258312805,
0.77156882972531));
#3841=CARTESIAN_POINT('Ctrl Pts',(0.473081316498717,0.0845887190401434,
0.855275419924349));
#3842=CARTESIAN_POINT('Ctrl Pts',(0.451954902528191,0.086431466651666,0.925562966116817));
#3843=CARTESIAN_POINT('Ctrl Pts',(0.432564977332891,0.0875829320077029,
0.996173721183581));
#3844=CARTESIAN_POINT('Ctrl Pts',(0.411082925254737,0.0883795415766176,
1.081230251606));
#3845=CARTESIAN_POINT('Ctrl Pts',(0.398265659475783,0.0883763607037721,
1.13820999880773));
#3846=CARTESIAN_POINT('Ctrl Pts',(0.389517035826231,0.0880764935275817,
1.1811024004246));
#3847=CARTESIAN_POINT('Ctrl Pts',(0.708164036993688,0.000995427160178625,
0.));
#3848=CARTESIAN_POINT('Ctrl Pts',(0.700486447877086,0.0103906422912095,
0.0567601138423143));
#3849=CARTESIAN_POINT('Ctrl Pts',(0.6888674506029,0.0212131749739989,0.127535464179335));
#3850=CARTESIAN_POINT('Ctrl Pts',(0.66617529430118,0.0367190499888099,0.240423792831368));
#3851=CARTESIAN_POINT('Ctrl Pts',(0.640354627644809,0.0507030554085485,
0.353039229234812));
#3852=CARTESIAN_POINT('Ctrl Pts',(0.607575607204528,0.062512412038738,0.465059693684429));
#3853=CARTESIAN_POINT('Ctrl Pts',(0.581153254642196,0.06960507125925,0.548909022404615));
#3854=CARTESIAN_POINT('Ctrl Pts',(0.563594798291695,0.073860437340487,0.604831776088435));
#3855=CARTESIAN_POINT('Ctrl Pts',(0.534362371717947,0.0788716111209296,
0.688351213286763));
#3856=CARTESIAN_POINT('Ctrl Pts',(0.502243153131523,0.082076880031686,0.771568829725268));
#3857=CARTESIAN_POINT('Ctrl Pts',(0.472926926897357,0.0845415301707738,
0.855275419924305));
#3858=CARTESIAN_POINT('Ctrl Pts',(0.451799317378102,0.0863819627057203,
0.92556296611677));
#3859=CARTESIAN_POINT('Ctrl Pts',(0.432409390671153,0.0875315643142932,
0.99617372118353));
#3860=CARTESIAN_POINT('Ctrl Pts',(0.410928469152955,0.088326405284755,1.08123025160595));
#3861=CARTESIAN_POINT('Ctrl Pts',(0.398112936738587,0.0883224372637642,
1.13820999880767));
#3862=CARTESIAN_POINT('Ctrl Pts',(0.389366168993188,0.08802220525017,1.18110240042454));
#3863=CARTESIAN_POINT('Ctrl Pts',(0.708210684371759,0.000990609508867554,
0.));
#3864=CARTESIAN_POINT('Ctrl Pts',(0.700486057522129,0.0103798385055644,
0.0567601138423144));
#3865=CARTESIAN_POINT('Ctrl Pts',(0.68881732961237,0.0211956930370381,0.127535464179292));
#3866=CARTESIAN_POINT('Ctrl Pts',(0.666064672437779,0.036692643077004,0.240423792831325));
#3867=CARTESIAN_POINT('Ctrl Pts',(0.640196593927416,0.0506687921885429,
0.353039229234746));
#3868=CARTESIAN_POINT('Ctrl Pts',(0.607408986521387,0.0624745450072915,
0.465059693684343));
#3869=CARTESIAN_POINT('Ctrl Pts',(0.580981231489885,0.0695638367846902,
0.548909022404523));
#3870=CARTESIAN_POINT('Ctrl Pts',(0.563417542962511,0.0738166031138507,
0.604831776088337));
#3871=CARTESIAN_POINT('Ctrl Pts',(0.534176967989649,0.0788227915236241,
0.688351213286658));
#3872=CARTESIAN_POINT('Ctrl Pts',(0.502053260504511,0.0820225675712237,
0.771568829725128));
#3873=CARTESIAN_POINT('Ctrl Pts',(0.472733875980184,0.08448253077479,0.855275419924159));
#3874=CARTESIAN_POINT('Ctrl Pts',(0.451604781527988,0.0863200702545044,
0.925562966116615));
#3875=CARTESIAN_POINT('Ctrl Pts',(0.432214860160354,0.0874673430259362,
0.996173721183363));
#3876=CARTESIAN_POINT('Ctrl Pts',(0.410735358019775,0.0882599750733507,
1.08123025160577));
#3877=CARTESIAN_POINT('Ctrl Pts',(0.397921994445709,0.0882550247751774,
1.13820999880747));
#3878=CARTESIAN_POINT('Ctrl Pts',(0.389177547029507,0.0879543382707928,
1.18110240042434));
#3879=CARTESIAN_POINT('Ctrl Pts',(0.708316740296433,0.000976771965692813,
0.));
#3880=CARTESIAN_POINT('Ctrl Pts',(0.700480567529189,0.0103520887829734,
0.0567601138423144));
#3881=CARTESIAN_POINT('Ctrl Pts',(0.688693883387702,0.0211524029095196,
0.127535464179214));
#3882=CARTESIAN_POINT('Ctrl Pts',(0.665797647198807,0.0366285291478716,
0.240423792831247));
#3883=CARTESIAN_POINT('Ctrl Pts',(0.639816994894367,0.0505862934879967,
0.353039229234626));
#3884=CARTESIAN_POINT('Ctrl Pts',(0.607008713962447,0.0623835343613124,
0.465059693684185));
#3885=CARTESIAN_POINT('Ctrl Pts',(0.580567957677888,0.0694648064860482,
0.548909022404354));
#3886=CARTESIAN_POINT('Ctrl Pts',(0.562991760841622,0.0737113813218688,
0.604831776088159));
#3887=CARTESIAN_POINT('Ctrl Pts',(0.533731736282627,0.0787056385425186,
0.688351213286465));
#3888=CARTESIAN_POINT('Ctrl Pts',(0.501597279657178,0.0818921981364218,
0.771568829724871));
#3889=CARTESIAN_POINT('Ctrl Pts',(0.472270349690345,0.0843408898732413,
0.855275419923891));
#3890=CARTESIAN_POINT('Ctrl Pts',(0.451137721696856,0.0861714886618755,
0.925562966116331));
#3891=CARTESIAN_POINT('Ctrl Pts',(0.431747836286901,0.087313175158197,0.996173721183056));
#3892=CARTESIAN_POINT('Ctrl Pts',(0.410271760375131,0.0881005115700724,
1.08123025160545));
#3893=CARTESIAN_POINT('Ctrl Pts',(0.397463608845989,0.0880932089656218,
1.13820999880711));
#3894=CARTESIAN_POINT('Ctrl Pts',(0.388724731645258,0.087791436443081,1.18110240042398));
#3895=CARTESIAN_POINT('Ctrl Pts',(0.708453143855799,0.00094695367179613,
0.));
#3896=CARTESIAN_POINT('Ctrl Pts',(0.700454880413167,0.0103033276559322,
0.0567601138423144));
#3897=CARTESIAN_POINT('Ctrl Pts',(0.688496673412867,0.021082357496301,0.127535464178571));
#3898=CARTESIAN_POINT('Ctrl Pts',(0.665391357359586,0.0365297046131515,
0.240423792830605));
#3899=CARTESIAN_POINT('Ctrl Pts',(0.639246534549548,0.0504617921216651,
0.353039229233643));
#3900=CARTESIAN_POINT('Ctrl Pts',(0.606406922550394,0.0622466242499911,
0.465059693682896));
#3901=CARTESIAN_POINT('Ctrl Pts',(0.579946489924041,0.0693160192767092,
0.548909022402981));
#3902=CARTESIAN_POINT('Ctrl Pts',(0.562351702262435,0.0735534585750274,
0.604831776086706));
#3903=CARTESIAN_POINT('Ctrl Pts',(0.533062903413108,0.0785299421810347,
0.688351213284894));
#3904=CARTESIAN_POINT('Ctrl Pts',(0.500912413298896,0.0816965603999261,
0.771568829722774));
#3905=CARTESIAN_POINT('Ctrl Pts',(0.471574296881988,0.0841282709732682,
0.855275419921707));
#3906=CARTESIAN_POINT('Ctrl Pts',(0.450436481591383,0.0859484687952357,
0.925562966114016));
#3907=CARTESIAN_POINT('Ctrl Pts',(0.431046736945863,0.0870817877086631,
0.996173721180552));
#3908=CARTESIAN_POINT('Ctrl Pts',(0.409575874098985,0.0878612020472151,
1.08123025160283));
#3909=CARTESIAN_POINT('Ctrl Pts',(0.396775566177687,0.0878503897422817,
1.13820999880417));
#3910=CARTESIAN_POINT('Ctrl Pts',(0.388045049608289,0.0875470052559601,
1.18110240042104));
#3911=CARTESIAN_POINT('Ctrl Pts',(0.708582577592116,0.000884220103607292,
0.));
#3912=CARTESIAN_POINT('Ctrl Pts',(0.700380654773045,0.0102210053904039,
0.0567601138423144));
#3913=CARTESIAN_POINT('Ctrl Pts',(0.688206613095546,0.0209775101190288,
0.127535464178081));
#3914=CARTESIAN_POINT('Ctrl Pts',(0.664837355311907,0.0363932506694743,
0.240423792830116));
#3915=CARTESIAN_POINT('Ctrl Pts',(0.638484615438268,0.0502961082867754,
0.353039229232894));
#3916=CARTESIAN_POINT('Ctrl Pts',(0.605601977524608,0.0620639495915676,
0.465059693681913));
#3917=CARTESIAN_POINT('Ctrl Pts',(0.57911462755606,0.0691171995664732,0.548909022401934));
#3918=CARTESIAN_POINT('Ctrl Pts',(0.561495328942888,0.0733425565472205,
0.604831776085598));
#3919=CARTESIAN_POINT('Ctrl Pts',(0.532169018537342,0.0782955745475784,
0.688351213283696));
#3920=CARTESIAN_POINT('Ctrl Pts',(0.499997343892987,0.0814354427488965,
0.771568829721175));
#3921=CARTESIAN_POINT('Ctrl Pts',(0.47064461322083,0.083844452220802,0.855275419920042));
#3922=CARTESIAN_POINT('Ctrl Pts',(0.449500118477309,0.0856508064349066,
0.92556296611225));
#3923=CARTESIAN_POINT('Ctrl Pts',(0.430110746997843,0.0867730008061126,
0.996173721178643));
#3924=CARTESIAN_POINT('Ctrl Pts',(0.408646990458792,0.0875418958055959,
1.08123025160082));
#3925=CARTESIAN_POINT('Ctrl Pts',(0.395857194807822,0.087526438907731,1.13820999880193));
#3926=CARTESIAN_POINT('Ctrl Pts',(0.387137836711806,0.0872209345845291,
1.1811024004188));
#3927=CARTESIAN_POINT('Ctrl Pts',(0.70865649471705,0.00079599696681644,
0.));
#3928=CARTESIAN_POINT('Ctrl Pts',(0.700264397135851,0.0101200742741095,
0.0567601138423144));
#3929=CARTESIAN_POINT('Ctrl Pts',(0.687888410458022,0.0208610848317639,
0.127535464177476));
#3930=CARTESIAN_POINT('Ctrl Pts',(0.664271139125773,0.0362531274163884,
0.240423792829512));
#3931=CARTESIAN_POINT('Ctrl Pts',(0.637722204495545,0.0501324465213131,
0.353039229231968));
#3932=CARTESIAN_POINT('Ctrl Pts',(0.604794811671198,0.0618817735680851,
0.465059693680699));
#3933=CARTESIAN_POINT('Ctrl Pts',(0.57827960216219,0.0689180099312773,0.54890902240064));
#3934=CARTESIAN_POINT('Ctrl Pts',(0.560635991290043,0.0731311775575324,
0.60483177608423));
#3935=CARTESIAN_POINT('Ctrl Pts',(0.53127301989716,0.0780609296759142,0.688351213282216));
#3936=CARTESIAN_POINT('Ctrl Pts',(0.4990803571746,0.0811739734931898,0.771568829719201));
#3937=CARTESIAN_POINT('Ctrl Pts',(0.469713331415628,0.0835603158748074,
0.855275419917985));
#3938=CARTESIAN_POINT('Ctrl Pts',(0.44856239037377,0.0853528542161362,0.925562966110068));
#3939=CARTESIAN_POINT('Ctrl Pts',(0.429173577566283,0.0864639629256458,
0.996173721176285));
#3940=CARTESIAN_POINT('Ctrl Pts',(0.407717081236118,0.0872223799133039,
1.08123025159835));
#3941=CARTESIAN_POINT('Ctrl Pts',(0.394937851545656,0.0872023083519897,
1.13820999879916));
#3942=CARTESIAN_POINT('Ctrl Pts',(0.38622966252109,0.0868947067004377,1.18110240041603));
#3943=CARTESIAN_POINT('Ctrl Pts',(0.70867027751527,0.000700330625363275,
0.));
#3944=CARTESIAN_POINT('Ctrl Pts',(0.700131494205831,0.0100201834839629,
0.0567601138423143));
#3945=CARTESIAN_POINT('Ctrl Pts',(0.687599340110333,0.0207547316689693,
0.127535464177277));
#3946=CARTESIAN_POINT('Ctrl Pts',(0.663789246938564,0.0361341588444652,
0.240423792829312));
#3947=CARTESIAN_POINT('Ctrl Pts',(0.63708697137194,0.049998894230884,0.353039229231663));
#3948=CARTESIAN_POINT('Ctrl Pts',(0.604120539846088,0.0617307905975058,
0.465059693680298));
#3949=CARTESIAN_POINT('Ctrl Pts',(0.577581165937294,0.0687517487207747,
0.548909022400213));
#3950=CARTESIAN_POINT('Ctrl Pts',(0.559917407788425,0.0729545239853044,
0.604831776083778));
#3951=CARTESIAN_POINT('Ctrl Pts',(0.530524587441875,0.0778650261127658,
0.688351213281728));
#3952=CARTESIAN_POINT('Ctrl Pts',(0.498314603184841,0.0809557257800972,
0.771568829718549));
#3953=CARTESIAN_POINT('Ctrl Pts',(0.468935943703988,0.0833232782716558,
0.855275419917306));
#3954=CARTESIAN_POINT('Ctrl Pts',(0.447779822336652,0.0851043300265414,
0.925562966109349));
#3955=CARTESIAN_POINT('Ctrl Pts',(0.428391629460601,0.0862062381223784,
0.996173721175507));
#3956=CARTESIAN_POINT('Ctrl Pts',(0.406941310277827,0.0869559562905168,
1.08123025159753));
#3957=CARTESIAN_POINT('Ctrl Pts',(0.39417092990839,0.0869320599062069,1.13820999879825));
#3958=CARTESIAN_POINT('Ctrl Pts',(0.385472056972786,0.0866227235501717,
1.18110240041512));
#3959=CARTESIAN_POINT('Ctrl Pts',(0.708652433216134,0.000610845471872752,
0.));
#3960=CARTESIAN_POINT('Ctrl Pts',(0.700003484053947,0.00993122628134131,
0.0567601138423144));
#3961=CARTESIAN_POINT('Ctrl Pts',(0.687353778173617,0.0206645488626892,
0.127535464177072));
#3962=CARTESIAN_POINT('Ctrl Pts',(0.663397838009867,0.0360381763602216,
0.240423792829108));
#3963=CARTESIAN_POINT('Ctrl Pts',(0.636579039322016,0.0498942258072939,
0.35303922923135));
#3964=CARTESIAN_POINT('Ctrl Pts',(0.603580224616016,0.0616106685006796,
0.465059693679887));
#3965=CARTESIAN_POINT('Ctrl Pts',(0.577020893830789,0.0686185894098603,
0.548909022399776));
#3966=CARTESIAN_POINT('Ctrl Pts',(0.559341063685316,0.0728128436290967,
0.604831776083315));
#3967=CARTESIAN_POINT('Ctrl Pts',(0.529924778065232,0.0777080110579654,
0.688351213281227));
#3968=CARTESIAN_POINT('Ctrl Pts',(0.497701042164596,0.0807808814191027,
0.771568829717881));
#3969=CARTESIAN_POINT('Ctrl Pts',(0.46831324892898,0.0831334980805372,0.85527541991661));
#3970=CARTESIAN_POINT('Ctrl Pts',(0.44715309695865,0.0849053790225336,0.925562966108611));
#3971=CARTESIAN_POINT('Ctrl Pts',(0.427765492326297,0.0859999516575091,
0.996173721174709));
#3972=CARTESIAN_POINT('Ctrl Pts',(0.406320190354291,0.08674272964411,1.0812302515967));
#3973=CARTESIAN_POINT('Ctrl Pts',(0.393556915802199,0.0867157833596587,
1.13820999879731));
#3974=CARTESIAN_POINT('Ctrl Pts',(0.384865500688509,0.0864050638329794,
1.18110240041418));
#3975=CARTESIAN_POINT('Ctrl Pts',(0.708615537283223,0.00051313936881722,
0.));
#3976=CARTESIAN_POINT('Ctrl Pts',(0.699861172349716,0.00983658608244363,
0.0567601138423144));
#3977=CARTESIAN_POINT('Ctrl Pts',(0.687098794165468,0.0205712415396969,
0.12753546417697));
#3978=CARTESIAN_POINT('Ctrl Pts',(0.663002563312937,0.0359418301182289,
0.240423792829006));
#3979=CARTESIAN_POINT('Ctrl Pts',(0.636071301142195,0.0497910971038308,
0.353039229231194));
#3980=CARTESIAN_POINT('Ctrl Pts',(0.603039323041986,0.0614910181846122,
0.465059693679683));
#3981=CARTESIAN_POINT('Ctrl Pts',(0.576459612731706,0.0684853290837237,
0.548909022399558));
#3982=CARTESIAN_POINT('Ctrl Pts',(0.558763736794855,0.0726709081155896,
0.604831776083084));
#3983=CARTESIAN_POINT('Ctrl Pts',(0.529324258382107,0.0775507781444263,
0.688351213280978));
#3984=CARTESIAN_POINT('Ctrl Pts',(0.497086843418011,0.0806058636073296,
0.771568829717548));
#3985=CARTESIAN_POINT('Ctrl Pts',(0.467690033362038,0.082943619040091,0.855275419916264));
#3986=CARTESIAN_POINT('Ctrl Pts',(0.44652592624125,0.084706342493943,0.925562966108243));
#3987=CARTESIAN_POINT('Ctrl Pts',(0.427138971217185,0.08579359708408,0.996173721174311));
#3988=CARTESIAN_POINT('Ctrl Pts',(0.405698736581322,0.0865294472503701,
1.08123025159628));
#3989=CARTESIAN_POINT('Ctrl Pts',(0.392942585338136,0.0864994569256768,
1.13820999879685));
#3990=CARTESIAN_POINT('Ctrl Pts',(0.3842586312939,0.0861873562415731,1.18110240041372));
#3991=CARTESIAN_POINT('Ctrl Pts',(0.708534127388177,0.000376433793989715,
0.));
#3992=CARTESIAN_POINT('Ctrl Pts',(0.699656806326377,0.009708328457957,0.0567601138423143));
#3993=CARTESIAN_POINT('Ctrl Pts',(0.686762639624675,0.0204492777228479,
0.127535464176573));
#3994=CARTESIAN_POINT('Ctrl Pts',(0.662501346046448,0.0358210398170236,
0.24042379282861));
#3995=CARTESIAN_POINT('Ctrl Pts',(0.635437025278955,0.049665223560841,0.353039229230586));
#3996=CARTESIAN_POINT('Ctrl Pts',(0.602362115186769,0.061342388128463,0.465059693678886));
#3997=CARTESIAN_POINT('Ctrl Pts',(0.575756131782064,0.0683185660162835,
0.548909022398709));
#3998=CARTESIAN_POINT('Ctrl Pts',(0.558040240773374,0.0724929851805917,
0.604831776082187));
#3999=CARTESIAN_POINT('Ctrl Pts',(0.528572275485967,0.0773537915773849,
0.688351213280007));
#4000=CARTESIAN_POINT('Ctrl Pts',(0.496317901278321,0.080386750987551,0.771568829716253));
#4001=CARTESIAN_POINT('Ctrl Pts',(0.466910041809165,0.0827060877177946,
0.855275419914914));
#4002=CARTESIAN_POINT('Ctrl Pts',(0.445741131579819,0.0844573908520855,
0.925562966106812));
#4003=CARTESIAN_POINT('Ctrl Pts',(0.426355103272963,0.0855355317554665,
0.996173721172764));
#4004=CARTESIAN_POINT('Ctrl Pts',(0.404921296394636,0.0862627448430607,
1.08123025159466));
#4005=CARTESIAN_POINT('Ctrl Pts',(0.392174081895602,0.0862289589450345,
1.13820999879503));
#4006=CARTESIAN_POINT('Ctrl Pts',(0.383499460194464,0.0859151337693653,
1.1811024004119));
#4007=CARTESIAN_POINT('Ctrl Pts',(0.70838253067167,0.000193120854150496,
0.));
#4008=CARTESIAN_POINT('Ctrl Pts',(0.699371124156862,0.00954162350400675,
0.0567601138423145));
#4009=CARTESIAN_POINT('Ctrl Pts',(0.686332622524571,0.0202965792195115,
0.12753546417626));
#4010=CARTESIAN_POINT('Ctrl Pts',(0.661888974092442,0.035676550919394,0.240423792828298));
#4011=CARTESIAN_POINT('Ctrl Pts',(0.634676453462,0.0495191877434136,0.353039229230108));
#4012=CARTESIAN_POINT('Ctrl Pts',(0.601547722833803,0.0611655480856356,
0.465059693678258));
#4013=CARTESIAN_POINT('Ctrl Pts',(0.57490897442543,0.0681181263931226,0.548909022398041));
#4014=CARTESIAN_POINT('Ctrl Pts',(0.55716912432867,0.072278591059442,0.604831776081479));
#4015=CARTESIAN_POINT('Ctrl Pts',(0.527667755192567,0.0771165757917104,
0.688351213279242));
#4016=CARTESIAN_POINT('Ctrl Pts',(0.4953932688339,0.0801232277967797,0.771568829715232));
#4017=CARTESIAN_POINT('Ctrl Pts',(0.465972509888598,0.0824207651638013,
0.85527541991385));
#4018=CARTESIAN_POINT('Ctrl Pts',(0.444798059870737,0.0841584128325041,
0.925562966105684));
#4019=CARTESIAN_POINT('Ctrl Pts',(0.425413325779298,0.0852256748773291,
0.996173721171545));
#4020=CARTESIAN_POINT('Ctrl Pts',(0.403987380861535,0.0859425586818354,
1.08123025159338));
#4021=CARTESIAN_POINT('Ctrl Pts',(0.391250942114564,0.0859042288588634,
1.1382099987936));
#4022=CARTESIAN_POINT('Ctrl Pts',(0.38258752857248,0.0855883316719461,1.18110240041047));
#4023=CARTESIAN_POINT('Ctrl Pts',(0.708113483705624,-7.00135482925311E-5,
0.));
#4024=CARTESIAN_POINT('Ctrl Pts',(0.698939914118495,0.00930749105993079,
0.0567601138423143));
#4025=CARTESIAN_POINT('Ctrl Pts',(0.685726036034949,0.020087886534459,0.12753546417586));
#4026=CARTESIAN_POINT('Ctrl Pts',(0.661058665716312,0.0354857694795241,
0.240423792827898));
#4027=CARTESIAN_POINT('Ctrl Pts',(0.633662725561724,0.0493308535369296,
0.353039229229495));
#4028=CARTESIAN_POINT('Ctrl Pts',(0.600459417579995,0.0609316266654328,
0.465059693677455));
#4029=CARTESIAN_POINT('Ctrl Pts',(0.573775480513012,0.0678503974062543,
0.548909022397185));
#4030=CARTESIAN_POINT('Ctrl Pts',(0.556003775565113,0.0719914861590011,
0.604831776080574));
#4031=CARTESIAN_POINT('Ctrl Pts',(0.526458867872651,0.0767990658161039,
0.688351213278263));
#4032=CARTESIAN_POINT('Ctrl Pts',(0.49415790538534,0.0797710448194587,0.771568829713926));
#4033=CARTESIAN_POINT('Ctrl Pts',(0.46472042857981,0.0820399653905287,0.85527541991249));
#4034=CARTESIAN_POINT('Ctrl Pts',(0.44353888945941,0.0837594787664818,0.925562966104242));
#4035=CARTESIAN_POINT('Ctrl Pts',(0.424156121534901,0.0848123151924357,
0.996173721169985));
#4036=CARTESIAN_POINT('Ctrl Pts',(0.402740856144489,0.0855154722627149,
1.08123025159174));
#4037=CARTESIAN_POINT('Ctrl Pts',(0.39001885322773,0.0854710927799153,1.13820999879177));
#4038=CARTESIAN_POINT('Ctrl Pts',(0.381370396152642,0.0851524230607159,
1.18110240040864));
#4039=CARTESIAN_POINT('Ctrl Pts',(0.707662550444097,-0.000419372431598463,
0.));
#4040=CARTESIAN_POINT('Ctrl Pts',(0.698314494251627,0.00900334004435819,
0.0567601138423145));
#4041=CARTESIAN_POINT('Ctrl Pts',(0.684910375760239,0.0198242683771908,
0.127535464175403));
#4042=CARTESIAN_POINT('Ctrl Pts',(0.659996372486216,0.035253026466077,0.240423792827442));
#4043=CARTESIAN_POINT('Ctrl Pts',(0.632395300452504,0.0491063174442322,
0.353039229228796));
#4044=CARTESIAN_POINT('Ctrl Pts',(0.59909411153948,0.060642225363173,0.465059693676538));
#4045=CARTESIAN_POINT('Ctrl Pts',(0.572351231607368,0.0675147105253022,
0.548909022396208));
#4046=CARTESIAN_POINT('Ctrl Pts',(0.554539919957105,0.0716301472515419,
0.60483177607954));
#4047=CARTESIAN_POINT('Ctrl Pts',(0.524942382707833,0.0763996782466128,
0.688351213277145));
#4048=CARTESIAN_POINT('Ctrl Pts',(0.492609007801034,0.0793292261310305,
0.771568829712434));
#4049=CARTESIAN_POINT('Ctrl Pts',(0.463151535799807,0.0815632881682556,
0.855275419910936));
#4050=CARTESIAN_POINT('Ctrl Pts',(0.441961691110117,0.0832602873922263,
0.925562966102594));
#4051=CARTESIAN_POINT('Ctrl Pts',(0.422581827201632,0.084295245249169,0.996173721168204));
#4052=CARTESIAN_POINT('Ctrl Pts',(0.401180278254236,0.0849813278274129,
1.08123025158987));
#4053=CARTESIAN_POINT('Ctrl Pts',(0.388476446709827,0.0849293938582333,
1.13820999878968));
#4054=CARTESIAN_POINT('Ctrl Pts',(0.379846707833557,0.084607228393303,1.18110240040655));
#4055=CARTESIAN_POINT('Ctrl Pts',(0.707199244021461,-0.000691614332917633,
0.));
#4056=CARTESIAN_POINT('Ctrl Pts',(0.697732417771613,0.00876804193994494,
0.0567601138423144));
#4057=CARTESIAN_POINT('Ctrl Pts',(0.68419738333876,0.0196215743948358,0.12753546417447));
#4058=CARTESIAN_POINT('Ctrl Pts',(0.659110121574463,0.0350738094957644,
0.240423792826509));
#4059=CARTESIAN_POINT('Ctrl Pts',(0.631362341650662,0.0489315945626529,
0.353039229227368));
#4060=CARTESIAN_POINT('Ctrl Pts',(0.597978427605399,0.0604086408111432,
0.465059693674665));
#4061=CARTESIAN_POINT('Ctrl Pts',(0.571186049169033,0.0672405419366535,
0.548909022394212));
#4062=CARTESIAN_POINT('Ctrl Pts',(0.553342954747329,0.0713338361398792,
0.604831776077429));
#4063=CARTESIAN_POINT('Ctrl Pts',(0.523704416005557,0.0760722571048678,
0.688351213274862));
#4064=CARTESIAN_POINT('Ctrl Pts',(0.491345533819856,0.0789685190721646,
0.771568829709387));
#4065=CARTESIAN_POINT('Ctrl Pts',(0.461872769820351,0.0811752903768276,
0.855275419907763));
#4066=CARTESIAN_POINT('Ctrl Pts',(0.440676776700555,0.0828541927756442,
0.925562966099229));
#4067=CARTESIAN_POINT('Ctrl Pts',(0.421299744015806,0.0838747919189231,
0.996173721164565));
#4068=CARTESIAN_POINT('Ctrl Pts',(0.399909733210951,0.0845470898242648,
1.08123025158606));
#4069=CARTESIAN_POINT('Ctrl Pts',(0.387220800623887,0.084489010335323,1.13820999878541));
#4070=CARTESIAN_POINT('Ctrl Pts',(0.378606294886742,0.0841639547636165,
1.18110240040227));
#4071=CARTESIAN_POINT('Ctrl Pts',(0.706938086275823,-0.000822933685778113,
0.));
#4072=CARTESIAN_POINT('Ctrl Pts',(0.697413246194085,0.00865367228541779,
0.0567601138423144));
#4073=CARTESIAN_POINT('Ctrl Pts',(0.683814042070259,0.0195218271510885,
0.127535464174414));
#4074=CARTESIAN_POINT('Ctrl Pts',(0.65864109728271,0.0349832051521743,0.240423792826454));
#4075=CARTESIAN_POINT('Ctrl Pts',(0.630820286478017,0.0488408928271532,
0.353039229227283));
#4076=CARTESIAN_POINT('Ctrl Pts',(0.597392800384858,0.0602863210232339,
0.465059693674552));
#4077=CARTESIAN_POINT('Ctrl Pts',(0.57057441091606,0.0670966492007534,0.548909022394093));
#4078=CARTESIAN_POINT('Ctrl Pts',(0.552714856167922,0.0711781227733309,
0.604831776077302));
#4079=CARTESIAN_POINT('Ctrl Pts',(0.523055299391775,0.0759001964577772,
0.688351213274725));
#4080=CARTESIAN_POINT('Ctrl Pts',(0.490683319824037,0.0787793966235898,
0.771568829709205));
#4081=CARTESIAN_POINT('Ctrl Pts',(0.461202803539849,0.0809721569954726,
0.855275419907573));
#4082=CARTESIAN_POINT('Ctrl Pts',(0.440003755931288,0.0826416529346192,
0.925562966099028));
#4083=CARTESIAN_POINT('Ctrl Pts',(0.420628328116486,0.0836547853005078,
0.996173721164348));
#4084=CARTESIAN_POINT('Ctrl Pts',(0.399244458010264,0.0843198966742317,
1.08123025158583));
#4085=CARTESIAN_POINT('Ctrl Pts',(0.386563354784764,0.0842585984373546,
1.13820999878515));
#4086=CARTESIAN_POINT('Ctrl Pts',(0.377956824071826,0.0839320152567423,
1.18110240040202));
#4087=CARTESIAN_POINT('Ctrl Pts',(0.706907227576725,-0.000838305417383671,
0.));
#4088=CARTESIAN_POINT('Ctrl Pts',(0.697375594908158,0.00864028362999888,
0.0567601138423144));
#4089=CARTESIAN_POINT('Ctrl Pts',(0.683768867358809,0.0195101333404749,
0.127535464174416));
#4090=CARTESIAN_POINT('Ctrl Pts',(0.658585880990948,0.0349725711319659,
0.240423792826455));
#4091=CARTESIAN_POINT('Ctrl Pts',(0.630756505243225,0.0488302309580932,
0.353039229227285));
#4092=CARTESIAN_POINT('Ctrl Pts',(0.597323889394029,0.0602719309807731,
0.465059693674556));
#4093=CARTESIAN_POINT('Ctrl Pts',(0.570502438423558,0.0670797178625804,
0.548909022394096));
#4094=CARTESIAN_POINT('Ctrl Pts',(0.552640948203974,0.0711597988766445,
0.604831776077306));
#4095=CARTESIAN_POINT('Ctrl Pts',(0.522978921798511,0.0758799488615962,
0.688351213274729));
#4096=CARTESIAN_POINT('Ctrl Pts',(0.490605402929287,0.0787571438653632,
0.77156882970921));
#4097=CARTESIAN_POINT('Ctrl Pts',(0.461123976375208,0.0809482577451841,
0.855275419907578));
#4098=CARTESIAN_POINT('Ctrl Pts',(0.43992457053939,0.0826166474134738,0.925562966099033));
#4099=CARTESIAN_POINT('Ctrl Pts',(0.420549332415166,0.0836289016428238,
0.996173721164354));
#4100=CARTESIAN_POINT('Ctrl Pts',(0.399166185485124,0.0842931676971829,
1.08123025158584));
#4101=CARTESIAN_POINT('Ctrl Pts',(0.386486003608335,0.0842314907388908,
1.13820999878516));
#4102=CARTESIAN_POINT('Ctrl Pts',(0.377880411184024,0.0839047277343467,
1.18110240040203));
#4103=CARTESIAN_POINT('Ctrl Pts',(0.706852878500182,-0.000864995097992196,
0.));
#4104=CARTESIAN_POINT('Ctrl Pts',(0.69730943132414,0.00861701391089949,
0.0567601138423144));
#4105=CARTESIAN_POINT('Ctrl Pts',(0.683689620943869,0.019489789896833,0.127535464174412));
#4106=CARTESIAN_POINT('Ctrl Pts',(0.658489149483224,0.0349540171985848,
0.240423792826452));
#4107=CARTESIAN_POINT('Ctrl Pts',(0.630644852778255,0.0488115809616707,
0.35303922922728));
#4108=CARTESIAN_POINT('Ctrl Pts',(0.597203256010029,0.0602467441041654,
0.465059693674549));
#4109=CARTESIAN_POINT('Ctrl Pts',(0.570376445908614,0.0670500784476147,
0.548909022394089));
#4110=CARTESIAN_POINT('Ctrl Pts',(0.552511571867585,0.0711277183558911,
0.604831776077298));
#4111=CARTESIAN_POINT('Ctrl Pts',(0.52284523158187,0.0758445004670075,0.68835121327472));
#4112=CARTESIAN_POINT('Ctrl Pts',(0.490469023664776,0.0787181932033913,
0.771568829709199));
#4113=CARTESIAN_POINT('Ctrl Pts',(0.460986008730031,0.0809064306237695,
0.855275419907567));
#4114=CARTESIAN_POINT('Ctrl Pts',(0.439785979042045,0.0825728854744908,
0.925562966099021));
#4115=CARTESIAN_POINT('Ctrl Pts',(0.420411075192663,0.0835836037871698,
0.99617372116434));
#4116=CARTESIAN_POINT('Ctrl Pts',(0.399029195800154,0.0842463909927333,
1.08123025158582));
#4117=CARTESIAN_POINT('Ctrl Pts',(0.386350626966278,0.084184051206779,1.13820999878514));
#4118=CARTESIAN_POINT('Ctrl Pts',(0.377746676676775,0.0838569732098257,
1.18110240040201));
#4119=CARTESIAN_POINT('Ctrl Pts',(0.706742823029594,-0.000917505645386084,
0.));
#4120=CARTESIAN_POINT('Ctrl Pts',(0.697176044146255,0.00857115944682519,
0.0567601138423143));
#4121=CARTESIAN_POINT('Ctrl Pts',(0.683530370018762,0.0194495822171959,
0.127535464174409));
#4122=CARTESIAN_POINT('Ctrl Pts',(0.658295286443415,0.0349171474434985,
0.240423792826449));
#4123=CARTESIAN_POINT('Ctrl Pts',(0.630421414346121,0.0487743273109561,
0.353039229227275));
#4124=CARTESIAN_POINT('Ctrl Pts',(0.596961835467016,0.0601963579093714,
0.465059693674543));
#4125=CARTESIAN_POINT('Ctrl Pts',(0.570124299790988,0.0669907638207149,
0.548909022394082));
#4126=CARTESIAN_POINT('Ctrl Pts',(0.552252670694718,0.0710635044730745,
0.604831776077291));
#4127=CARTESIAN_POINT('Ctrl Pts',(0.522577734465371,0.0757735453436125,
0.688351213274713));
#4128=CARTESIAN_POINT('Ctrl Pts',(0.490196166642052,0.078640259085533,0.771568829709189));
#4129=CARTESIAN_POINT('Ctrl Pts',(0.460709993304232,0.0808227630403297,
0.855275419907556));
#4130=CARTESIAN_POINT('Ctrl Pts',(0.439508727965097,0.0824853526730722,
0.92556296609901));
#4131=CARTESIAN_POINT('Ctrl Pts',(0.42013450191324,0.0834930024151044,0.996173721164329));
#4132=CARTESIAN_POINT('Ctrl Pts',(0.398755165462712,0.0841528336940908,
1.08123025158581));
#4133=CARTESIAN_POINT('Ctrl Pts',(0.386079825399589,0.0840891679149101,
1.13820999878513));
#4134=CARTESIAN_POINT('Ctrl Pts',(0.377479159904294,0.0837614587538402,
1.181102400402));
#4135=CARTESIAN_POINT('Ctrl Pts',(0.706614081279621,-0.000975401333856276,
0.));
#4136=CARTESIAN_POINT('Ctrl Pts',(0.697021270919654,0.00852039763073295,
0.0567601138423145));
#4137=CARTESIAN_POINT('Ctrl Pts',(0.683346698903985,0.0194047803667578,
0.127535464174402));
#4138=CARTESIAN_POINT('Ctrl Pts',(0.658072825091522,0.0348755515863845,
0.240423792826442));
#4139=CARTESIAN_POINT('Ctrl Pts',(0.630165729131462,0.0487318218770637,
0.353039229227264));
#4140=CARTESIAN_POINT('Ctrl Pts',(0.596685566925052,0.0601387313479323,
0.465059693674529));
#4141=CARTESIAN_POINT('Ctrl Pts',(0.569835763933421,0.066922890854936,0.548909022394068));
#4142=CARTESIAN_POINT('Ctrl Pts',(0.551956444980312,0.0709899963525231,
0.604831776077276));
#4143=CARTESIAN_POINT('Ctrl Pts',(0.522271756631797,0.0756923201668203,
0.688351213274696));
#4144=CARTESIAN_POINT('Ctrl Pts',(0.489884105449508,0.078551117088828,0.771568829709167));
#4145=CARTESIAN_POINT('Ctrl Pts',(0.460394364199247,0.0807271124675728,
0.855275419907533));
#4146=CARTESIAN_POINT('Ctrl Pts',(0.43919171427836,0.0823852950047762,0.925562966098985));
#4147=CARTESIAN_POINT('Ctrl Pts',(0.419818283922886,0.0833894452355041,
0.996173721164302));
#4148=CARTESIAN_POINT('Ctrl Pts',(0.398441871675859,0.0840459023940864,
1.08123025158578));
#4149=CARTESIAN_POINT('Ctrl Pts',(0.385770227787883,0.0839807204261507,
1.1382099987851));
#4150=CARTESIAN_POINT('Ctrl Pts',(0.377173317549913,0.0836522872020635,
1.18110240040197));
#4151=CARTESIAN_POINT('Ctrl Pts',(0.706482631212564,-0.00103095889398102,
0.));
#4152=CARTESIAN_POINT('Ctrl Pts',(0.696864352234887,0.00847143322907772,
0.0567601138423143));
#4153=CARTESIAN_POINT('Ctrl Pts',(0.683161465770636,0.0193612050012943,
0.127535464174404));
#4154=CARTESIAN_POINT('Ctrl Pts',(0.657849488315056,0.0348345002974261,
0.240423792826443));
#4155=CARTESIAN_POINT('Ctrl Pts',(0.629909686977228,0.0486893378463458,
0.353039229227267));
#4156=CARTESIAN_POINT('Ctrl Pts',(0.59640892831905,0.0600810431839366,0.465059693674532));
#4157=CARTESIAN_POINT('Ctrl Pts',(0.569546859452719,0.0668549302188247,
0.548909022394071));
#4158=CARTESIAN_POINT('Ctrl Pts',(0.551659882920019,0.070916369316063,0.604831776077279));
#4159=CARTESIAN_POINT('Ctrl Pts',(0.521965512723333,0.0756109632622589,
0.6883512132747));
#4160=CARTESIAN_POINT('Ctrl Pts',(0.489571820891625,0.0784619022292042,
0.771568829709171));
#4161=CARTESIAN_POINT('Ctrl Pts',(0.460078552918153,0.0806314317947742,
0.855275419907538));
#4162=CARTESIAN_POINT('Ctrl Pts',(0.438874545958096,0.0822852176723487,
0.92556296609899));
#4163=CARTESIAN_POINT('Ctrl Pts',(0.419501932237221,0.083285875730932,0.996173721164307));
#4164=CARTESIAN_POINT('Ctrl Pts',(0.398128462138297,0.0839389628483063,
1.08123025158579));
#4165=CARTESIAN_POINT('Ctrl Pts',(0.385460520565919,0.083872263870128,1.1382099987851));
#4166=CARTESIAN_POINT('Ctrl Pts',(0.376867366813494,0.0835431038234293,
1.18110240040197));
#4167=CARTESIAN_POINT('Ctrl Pts',(0.706399395182847,-0.00106467061152435,
0.));
#4168=CARTESIAN_POINT('Ctrl Pts',(0.696765418395697,0.00844160338341132,
0.0567601138423144));
#4169=CARTESIAN_POINT('Ctrl Pts',(0.683045065330284,0.0193344944221882,
0.127535464174406));
#4170=CARTESIAN_POINT('Ctrl Pts',(0.657709542877111,0.0348090686614513,
0.240423792826446));
#4171=CARTESIAN_POINT('Ctrl Pts',(0.629749505491836,0.0486627835668686,
0.353039229227271));
#4172=CARTESIAN_POINT('Ctrl Pts',(0.596235872729953,0.0600449582653977,
0.465059693674537));
#4173=CARTESIAN_POINT('Ctrl Pts',(0.569366140563229,0.0668124175945178,
0.548909022394077));
#4174=CARTESIAN_POINT('Ctrl Pts',(0.551474391934512,0.0708703032132977,
0.604831776077285));
#4175=CARTESIAN_POINT('Ctrl Pts',(0.521773999553559,0.0755600606885797,
0.688351213274707));
#4176=CARTESIAN_POINT('Ctrl Pts',(0.489376550224156,0.0784061129156882,
0.771568829709181));
#4177=CARTESIAN_POINT('Ctrl Pts',(0.459881095103458,0.0805716188950049,
0.855275419907548));
#4178=CARTESIAN_POINT('Ctrl Pts',(0.438676251464382,0.082222661244031,0.925562966099001));
#4179=CARTESIAN_POINT('Ctrl Pts',(0.419304156837394,0.0832211397355137,
0.996173721164319));
#4180=CARTESIAN_POINT('Ctrl Pts',(0.397932533051713,0.0838721222802728,
1.0812302515858));
#4181=CARTESIAN_POINT('Ctrl Pts',(0.38526690798486,0.0838044748252845,1.13820999878512));
#4182=CARTESIAN_POINT('Ctrl Pts',(0.376676102552301,0.0834748593607087,
1.18110240040198));
#4183=CARTESIAN_POINT('Ctrl Pts',(0.706340588003061,-0.00108771908124941,
0.));
#4184=CARTESIAN_POINT('Ctrl Pts',(0.696695731477466,0.00842114101944951,
0.0567601138423143));
#4185=CARTESIAN_POINT('Ctrl Pts',(0.68296326486949,0.0193160778963803,0.127535464174408));
#4186=CARTESIAN_POINT('Ctrl Pts',(0.657611394836415,0.0347913844685605,
0.240423792826448));
#4187=CARTESIAN_POINT('Ctrl Pts',(0.629637294097143,0.0486441898302889,
0.353039229227274));
#4188=CARTESIAN_POINT('Ctrl Pts',(0.596114650645824,0.0600196812757972,
0.465059693674541));
#4189=CARTESIAN_POINT('Ctrl Pts',(0.569239556748899,0.0667826389379796,
0.54890902239408));
#4190=CARTESIAN_POINT('Ctrl Pts',(0.551344475151388,0.0708380313369424,
0.604831776077289));
#4191=CARTESIAN_POINT('Ctrl Pts',(0.521639882301293,0.0755244005327906,
0.688351213274711));
#4192=CARTESIAN_POINT('Ctrl Pts',(0.489239812161229,0.0783670448186797,
0.771568829709186));
#4193=CARTESIAN_POINT('Ctrl Pts',(0.459742834936469,0.0805297433544618,
0.855275419907553));
#4194=CARTESIAN_POINT('Ctrl Pts',(0.438537411637675,0.0821788675462985,
0.925562966099007));
#4195=CARTESIAN_POINT('Ctrl Pts',(0.419165684928585,0.0831758219270817,
0.996173721164325));
#4196=CARTESIAN_POINT('Ctrl Pts',(0.397795357479912,0.0838253321650598,
1.0812302515858));
#4197=CARTESIAN_POINT('Ctrl Pts',(0.385131355309116,0.0837570205909356,
1.13820999878512));
#4198=CARTESIAN_POINT('Ctrl Pts',(0.376542193974182,0.0834270857274186,
1.18110240040199));
#4199=CARTESIAN_POINT('Ctrl Pts',(0.706306832368322,-0.001100730377612,
0.));
#4200=CARTESIAN_POINT('Ctrl Pts',(0.696655788882609,0.00840956909289846,
0.0567601138423144));
#4201=CARTESIAN_POINT('Ctrl Pts',(0.68291643173079,0.0193056351405292,0.127535464174409));
#4202=CARTESIAN_POINT('Ctrl Pts',(0.657555257325208,0.0347813126735121,
0.240423792826448));
#4203=CARTESIAN_POINT('Ctrl Pts',(0.629573148722038,0.0486335623965392,
0.353039229227274));
#4204=CARTESIAN_POINT('Ctrl Pts',(0.596045356952491,0.0600052319601393,
0.465059693674542));
#4205=CARTESIAN_POINT('Ctrl Pts',(0.569167200111667,0.0667656168447916,
0.548909022394082));
#4206=CARTESIAN_POINT('Ctrl Pts',(0.551270216136091,0.0708195829737889,
0.60483177607729));
#4207=CARTESIAN_POINT('Ctrl Pts',(0.521563227299453,0.0755040152306238,
0.688351213274712));
#4208=CARTESIAN_POINT('Ctrl Pts',(0.489161662259024,0.0783447157671079,
0.771568829709187));
#4209=CARTESIAN_POINT('Ctrl Pts',(0.459663817794818,0.0805058126176734,
0.855275419907555));
#4210=CARTESIAN_POINT('Ctrl Pts',(0.438458064980498,0.0821538413832721,
0.925562966099008));
#4211=CARTESIAN_POINT('Ctrl Pts',(0.41908654980888,0.0831499252955238,0.996173721164327));
#4212=CARTESIAN_POINT('Ctrl Pts',(0.397716964243241,0.083798594471238,1.08123025158581));
#4213=CARTESIAN_POINT('Ctrl Pts',(0.385053889825265,0.0837299033476237,
1.13820999878513));
#4214=CARTESIAN_POINT('Ctrl Pts',(0.376465668053265,0.0833997857970692,
1.18110240040199));
#4215=CARTESIAN_POINT('Ctrl Pts',(0.70628144071686,-0.00111040864894676,
0.));
#4216=CARTESIAN_POINT('Ctrl Pts',(0.696625771839044,0.00840095103019558,
0.0567601138423143));
#4217=CARTESIAN_POINT('Ctrl Pts',(0.682881262201625,0.0192978436948575,
0.127535464174409));
#4218=CARTESIAN_POINT('Ctrl Pts',(0.657513127851644,0.034773775570774,0.240423792826449));
#4219=CARTESIAN_POINT('Ctrl Pts',(0.629525027334983,0.0486255904872765,
0.353039229227275));
#4220=CARTESIAN_POINT('Ctrl Pts',(0.595993374694069,0.0599943922670003,
0.465059693674543));
#4221=CARTESIAN_POINT('Ctrl Pts',(0.569112921125452,0.0667528474135108,
0.548909022394083));
#4222=CARTESIAN_POINT('Ctrl Pts',(0.551214511459142,0.0708057430680825,
0.604831776077292));
#4223=CARTESIAN_POINT('Ctrl Pts',(0.521505727768474,0.0754887222330868,
0.688351213274714));
#4224=CARTESIAN_POINT('Ctrl Pts',(0.489103042904494,0.0783279667736269,
0.77156882970919));
#4225=CARTESIAN_POINT('Ctrl Pts',(0.459604549276091,0.0804878636392403,
0.855275419907557));
#4226=CARTESIAN_POINT('Ctrl Pts',(0.438398550183818,0.0821350711667458,
0.925562966099011));
#4227=CARTESIAN_POINT('Ctrl Pts',(0.419027194314144,0.0831305024531603,
0.996173721164329));
#4228=CARTESIAN_POINT('Ctrl Pts',(0.397658165720002,0.0837785409599417,
1.08123025158581));
#4229=CARTESIAN_POINT('Ctrl Pts',(0.384995787308298,0.0837095651475107,
1.13820999878513));
#4230=CARTESIAN_POINT('Ctrl Pts',(0.376408270247889,0.0833793104950461,
1.181102400402));
#4231=CARTESIAN_POINT('Ctrl Pts',(0.706255974949833,-0.00112000620421061,
0.));
#4232=CARTESIAN_POINT('Ctrl Pts',(0.696595695233267,0.00839239410689427,
0.0567601138423144));
#4233=CARTESIAN_POINT('Ctrl Pts',(0.682846048362755,0.0192900930543312,
0.12753546417441));
#4234=CARTESIAN_POINT('Ctrl Pts',(0.657470972095507,0.0347662551239689,
0.24042379282645));
#4235=CARTESIAN_POINT('Ctrl Pts',(0.629476893458476,0.0486176170191633,
0.353039229227276));
#4236=CARTESIAN_POINT('Ctrl Pts',(0.59594138039997,0.0599835497813164,0.465059693674545));
#4237=CARTESIAN_POINT('Ctrl Pts',(0.569058630627875,0.0667400751028222,
0.548909022394084));
#4238=CARTESIAN_POINT('Ctrl Pts',(0.551158796372807,0.0707918995324029,
0.604831776077293));
#4239=CARTESIAN_POINT('Ctrl Pts',(0.52144821995868,0.0754734252195905,0.688351213274716));
#4240=CARTESIAN_POINT('Ctrl Pts',(0.489044416626357,0.0783112155812891,
0.771568829709192));
#4241=CARTESIAN_POINT('Ctrl Pts',(0.459545275097004,0.0804699137352291,
0.85527541990756));
#4242=CARTESIAN_POINT('Ctrl Pts',(0.438339030585631,0.0821163003572703,
0.925562966099014));
#4243=CARTESIAN_POINT('Ctrl Pts',(0.418967834666262,0.0831110792430828,
0.996173721164332));
#4244=CARTESIAN_POINT('Ctrl Pts',(0.397599363602835,0.0837584872089454,
1.08123025158581));
#4245=CARTESIAN_POINT('Ctrl Pts',(0.384937681389179,0.0836892266811686,
1.13820999878513));
#4246=CARTESIAN_POINT('Ctrl Pts',(0.376350869079843,0.0833588348401374,
1.181102400402));
#4247=CARTESIAN_POINT('Ctrl Pts',(0.706234692387313,-0.00112793647762817,
0.));
#4248=CARTESIAN_POINT('Ctrl Pts',(0.696570582263031,0.00838531460120592,
0.0567601138423144));
#4249=CARTESIAN_POINT('Ctrl Pts',(0.68281666684763,0.0192836682908293,0.127535464174411));
#4250=CARTESIAN_POINT('Ctrl Pts',(0.657435820479204,0.034760001951151,0.24042379282645));
#4251=CARTESIAN_POINT('Ctrl Pts',(0.629436771418699,0.0486109710495747,
0.353039229227278));
#4252=CARTESIAN_POINT('Ctrl Pts',(0.595898041768304,0.0599745120052061,
0.465059693674546));
#4253=CARTESIAN_POINT('Ctrl Pts',(0.56901337895732,0.0667294291082143,0.548909022394086));
#4254=CARTESIAN_POINT('Ctrl Pts',(0.551112358468366,0.0707803602388777,
0.604831776077295));
#4255=CARTESIAN_POINT('Ctrl Pts',(0.521400289889466,0.075460674374875,0.688351213274717));
#4256=CARTESIAN_POINT('Ctrl Pts',(0.488995555629194,0.0782972544288369,
0.771568829709195));
#4257=CARTESIAN_POINT('Ctrl Pts',(0.459495875233465,0.0804549547125838,
0.855275419907562));
#4258=CARTESIAN_POINT('Ctrl Pts',(0.438289426921509,0.0821006575237761,
0.925562966099016));
#4259=CARTESIAN_POINT('Ctrl Pts',(0.418918364833951,0.0830948929297858,
0.996173721164335));
#4260=CARTESIAN_POINT('Ctrl Pts',(0.397550358845273,0.0837417755513968,
1.08123025158582));
#4261=CARTESIAN_POINT('Ctrl Pts',(0.384889256956383,0.0836722777384865,
1.13820999878514));
#4262=CARTESIAN_POINT('Ctrl Pts',(0.376303031972596,0.0833417715014651,
1.181102400402));
#4263=CARTESIAN_POINT('Ctrl Pts',(0.706220829265276,-0.00113305795365025,
0.));
#4264=CARTESIAN_POINT('Ctrl Pts',(0.696554235107404,0.00838073802748999,
0.0567601138423143));
#4265=CARTESIAN_POINT('Ctrl Pts',(0.682797551137164,0.0192795088891622,
0.127535464174411));
#4266=CARTESIAN_POINT('Ctrl Pts',(0.657412961321649,0.0347559441218478,
0.240423792826451));
#4267=CARTESIAN_POINT('Ctrl Pts',(0.629410686941107,0.0486066504027938,
0.353039229227278));
#4268=CARTESIAN_POINT('Ctrl Pts',(0.595869866740821,0.0599686362637269,
0.465059693674547));
#4269=CARTESIAN_POINT('Ctrl Pts',(0.568983960696049,0.0667225080321309,
0.548909022394087));
#4270=CARTESIAN_POINT('Ctrl Pts',(0.55108216960823,0.0707728582274669,0.604831776077296));
#4271=CARTESIAN_POINT('Ctrl Pts',(0.521369131983806,0.0754523847000905,
0.688351213274718));
#4272=CARTESIAN_POINT('Ctrl Pts',(0.488963793172054,0.0782881787913184,
0.771568829709196));
#4273=CARTESIAN_POINT('Ctrl Pts',(0.459463763024852,0.0804452309725268,
0.855275419907564));
#4274=CARTESIAN_POINT('Ctrl Pts',(0.438257182591265,0.0820904894422915,
0.925562966099018));
#4275=CARTESIAN_POINT('Ctrl Pts',(0.418886207757398,0.0830843716776641,
0.996173721164337));
#4276=CARTESIAN_POINT('Ctrl Pts',(0.39751850429438,0.0837309128776275,1.08123025158582));
#4277=CARTESIAN_POINT('Ctrl Pts',(0.384857779694495,0.0836612608186484,
1.13820999878514));
#4278=CARTESIAN_POINT('Ctrl Pts',(0.376271936488435,0.0833306801890579,
1.18110240040201));
#4279=CARTESIAN_POINT('Ctrl Pts',(0.706214425267425,-0.00113541530811181,
0.));
#4280=CARTESIAN_POINT('Ctrl Pts',(0.6965466857249,0.00837863060890359,0.0567601138423144));
#4281=CARTESIAN_POINT('Ctrl Pts',(0.682788725105492,0.0192775923728322,
0.127535464174411));
#4282=CARTESIAN_POINT('Ctrl Pts',(0.657402408903593,0.0347540725719679,
0.240423792826451));
#4283=CARTESIAN_POINT('Ctrl Pts',(0.629398646955433,0.0486046561050608,
0.353039229227278));
#4284=CARTESIAN_POINT('Ctrl Pts',(0.59585686193472,0.0599659241535105,0.465059693674547));
#4285=CARTESIAN_POINT('Ctrl Pts',(0.568970382138287,0.0667193134653856,
0.548909022394087));
#4286=CARTESIAN_POINT('Ctrl Pts',(0.551068235477133,0.0707693954824016,
0.604831776077296));
#4287=CARTESIAN_POINT('Ctrl Pts',(0.521354750766425,0.0754485583884545,
0.688351213274718));
#4288=CARTESIAN_POINT('Ctrl Pts',(0.488949133036643,0.0782839898662145,
0.771568829709196));
#4289=CARTESIAN_POINT('Ctrl Pts',(0.45944894156389,0.0804407430210691,0.855275419907564));
#4290=CARTESIAN_POINT('Ctrl Pts',(0.438242300218109,0.0820857964359442,
0.925562966099018));
#4291=CARTESIAN_POINT('Ctrl Pts',(0.418871365705728,0.0830795156869732,
0.996173721164337));
#4292=CARTESIAN_POINT('Ctrl Pts',(0.397503801913583,0.0837258993175848,
1.08123025158582));
#4293=CARTESIAN_POINT('Ctrl Pts',(0.38484325146205,0.0836561760658813,1.13820999878514));
#4294=CARTESIAN_POINT('Ctrl Pts',(0.376257584464199,0.083325561094485,1.18110240040201));
#4295=CARTESIAN_POINT('Ctrl Pts',(0.706210154435287,-0.00113698516865869,
0.));
#4296=CARTESIAN_POINT('Ctrl Pts',(0.696541651600674,0.00837722695120885,
0.0567601138423144));
#4297=CARTESIAN_POINT('Ctrl Pts',(0.682782840178129,0.0192763155641007,
0.127535464174411));
#4298=CARTESIAN_POINT('Ctrl Pts',(0.657395373420066,0.0347528252187753,
0.240423792826451));
#4299=CARTESIAN_POINT('Ctrl Pts',(0.629390620038988,0.0486033265360452,
0.353039229227278));
#4300=CARTESIAN_POINT('Ctrl Pts',(0.595848191813307,0.0599641160181404,
0.465059693674547));
#4301=CARTESIAN_POINT('Ctrl Pts',(0.568961329526511,0.0667171836883756,
0.548909022394087));
#4302=CARTESIAN_POINT('Ctrl Pts',(0.551058945839116,0.0707670869030921,
0.604831776077296));
#4303=CARTESIAN_POINT('Ctrl Pts',(0.521345163115044,0.0754460074233568,
0.688351213274718));
#4304=CARTESIAN_POINT('Ctrl Pts',(0.488939359468733,0.0782811972018089,
0.771568829709196));
#4305=CARTESIAN_POINT('Ctrl Pts',(0.459439060472056,0.0804377510330308,
0.855275419907564));
#4306=CARTESIAN_POINT('Ctrl Pts',(0.43823237853606,0.0820826677521399,0.925562966099018));
#4307=CARTESIAN_POINT('Ctrl Pts',(0.418861470918166,0.083076278351688,0.996173721164337));
#4308=CARTESIAN_POINT('Ctrl Pts',(0.397494000251597,0.0837225569389964,
1.08123025158582));
#4309=CARTESIAN_POINT('Ctrl Pts',(0.384833565902979,0.0836527862252052,
1.13820999878514));
#4310=CARTESIAN_POINT('Ctrl Pts',(0.376248016378096,0.0833221483574923,
1.18110240040201));
#4311=CARTESIAN_POINT('Ctrl Pts',(0.706202676544126,-0.00113972794010477,
0.));
#4312=CARTESIAN_POINT('Ctrl Pts',(0.696532838685058,0.00837477394921451,
0.0567601138423143));
#4313=CARTESIAN_POINT('Ctrl Pts',(0.682772539188872,0.0192740833608358,
0.127535464174411));
#4314=CARTESIAN_POINT('Ctrl Pts',(0.657383059881032,0.034750643245387,0.240423792826451));
#4315=CARTESIAN_POINT('Ctrl Pts',(0.629376572214254,0.0486009996628746,
0.353039229227278));
#4316=CARTESIAN_POINT('Ctrl Pts',(0.595833018430218,0.0599609516189096,
0.465059693674547));
#4317=CARTESIAN_POINT('Ctrl Pts',(0.568945486827191,0.0667134564384024,
0.548909022394087));
#4318=CARTESIAN_POINT('Ctrl Pts',(0.551042688407718,0.070763046718348,0.604831776077296));
#4319=CARTESIAN_POINT('Ctrl Pts',(0.521328384275883,0.075441543043252,0.688351213274718));
#4320=CARTESIAN_POINT('Ctrl Pts',(0.488922255348097,0.0782763099278665,
0.771568829709196));
#4321=CARTESIAN_POINT('Ctrl Pts',(0.459421768252503,0.0804325150077658,
0.855275419907564));
#4322=CARTESIAN_POINT('Ctrl Pts',(0.438215015330459,0.0820771925256112,
0.925562966099018));
#4323=CARTESIAN_POINT('Ctrl Pts',(0.41884415481325,0.0830706129970644,0.996173721164337));
#4324=CARTESIAN_POINT('Ctrl Pts',(0.397476847146937,0.0837167077646655,
1.08123025158582));
#4325=CARTESIAN_POINT('Ctrl Pts',(0.384816615988843,0.083646853989756,1.13820999878514));
#4326=CARTESIAN_POINT('Ctrl Pts',(0.376231272043823,0.0833161760486661,
1.18110240040201));
#4327=CARTESIAN_POINT('Ctrl Pts',(0.706194121419719,-0.00114285225533132,
0.));
#4328=CARTESIAN_POINT('Ctrl Pts',(0.696522759607951,0.00837197827122206,
0.0567601138423144));
#4329=CARTESIAN_POINT('Ctrl Pts',(0.68276076120363,0.0192715374991957,0.127535464174412));
#4330=CARTESIAN_POINT('Ctrl Pts',(0.657368984049631,0.0347481516498261,
0.240423792826451));
#4331=CARTESIAN_POINT('Ctrl Pts',(0.629360516008837,0.0485983401618006,
0.353039229227279));
#4332=CARTESIAN_POINT('Ctrl Pts',(0.595815675919334,0.0599573347913196,
0.465059693674548));
#4333=CARTESIAN_POINT('Ctrl Pts',(0.568927379446101,0.0667091963240925,
0.548909022394088));
#4334=CARTESIAN_POINT('Ctrl Pts',(0.551024107182257,0.0707584288617759,
0.604831776077297));
#4335=CARTESIAN_POINT('Ctrl Pts',(0.521309207420629,0.0754364403434779,
0.68835121327472));
#4336=CARTESIAN_POINT('Ctrl Pts',(0.488902706915798,0.0782707241839236,
0.771568829709198));
#4337=CARTESIAN_POINT('Ctrl Pts',(0.459402005008867,0.0804265308554317,
0.855275419907566));
#4338=CARTESIAN_POINT('Ctrl Pts',(0.438195171067356,0.082070935045875,0.92556296609902));
#4339=CARTESIAN_POINT('Ctrl Pts',(0.418824364460466,0.0830641382566267,
0.99617372116434));
#4340=CARTESIAN_POINT('Ctrl Pts',(0.397457243150122,0.0837100229624036,
1.08123025158582));
#4341=CARTESIAN_POINT('Ctrl Pts',(0.384797244233841,0.0836400742591498,
1.13820999878514));
#4342=CARTESIAN_POINT('Ctrl Pts',(0.376212135242221,0.0833093505092721,
1.18110240040201));
#4343=CARTESIAN_POINT('Ctrl Pts',(0.706187163129366,-0.00114538240633859,
0.));
#4344=CARTESIAN_POINT('Ctrl Pts',(0.696514564432471,0.00836971311410637,
0.0567601138423143));
#4345=CARTESIAN_POINT('Ctrl Pts',(0.682751187226883,0.0192694730696166,
0.127535464174412));
#4346=CARTESIAN_POINT('Ctrl Pts',(0.657357544744938,0.0347461288730598,
0.240423792826451));
#4347=CARTESIAN_POINT('Ctrl Pts',(0.629347468972992,0.0485961790485714,
0.353039229227279));
#4348=CARTESIAN_POINT('Ctrl Pts',(0.595801583873975,0.0599543958108531,
0.465059693674548));
#4349=CARTESIAN_POINT('Ctrl Pts',(0.568912666031543,0.0667057347354382,
0.548909022394088));
#4350=CARTESIAN_POINT('Ctrl Pts',(0.551009008890588,0.0707546765586593,
0.604831776077297));
#4351=CARTESIAN_POINT('Ctrl Pts',(0.521293625393992,0.0754322940683866,
0.68835121327472));
#4352=CARTESIAN_POINT('Ctrl Pts',(0.488886823116077,0.0782661855677203,
0.771568829709198));
#4353=CARTESIAN_POINT('Ctrl Pts',(0.459385946800235,0.080421668649485,0.855275419907566));
#4354=CARTESIAN_POINT('Ctrl Pts',(0.438179047117303,0.0820658507901718,
0.92556296609902));
#4355=CARTESIAN_POINT('Ctrl Pts',(0.418808284378091,0.0830588774986281,
0.996173721164339));
#4356=CARTESIAN_POINT('Ctrl Pts',(0.397441314538552,0.0837045915396742,
1.08123025158582));
#4357=CARTESIAN_POINT('Ctrl Pts',(0.384781504338067,0.0836345657017128,
1.13820999878514));
#4358=CARTESIAN_POINT('Ctrl Pts',(0.376196586250114,0.0833038047231629,
1.18110240040201));
#4359=CARTESIAN_POINT('Ctrl Pts',(0.706183950227995,-0.00114654854021576,
0.));
#4360=CARTESIAN_POINT('Ctrl Pts',(0.696510780998499,0.00836866886744164,
0.0567601138423144));
#4361=CARTESIAN_POINT('Ctrl Pts',(0.682746767610894,0.0192685211653424,
0.127535464174412));
#4362=CARTESIAN_POINT('Ctrl Pts',(0.657352264608625,0.0347451956363581,
0.240423792826452));
#4363=CARTESIAN_POINT('Ctrl Pts',(0.629341447076261,0.0485951816194586,
0.35303922922728));
#4364=CARTESIAN_POINT('Ctrl Pts',(0.595795079635423,0.0599530393010571,
0.465059693674549));
#4365=CARTESIAN_POINT('Ctrl Pts',(0.568905874999061,0.0667041369746255,
0.548909022394089));
#4366=CARTESIAN_POINT('Ctrl Pts',(0.551002040237818,0.0707529445885701,
0.604831776077298));
#4367=CARTESIAN_POINT('Ctrl Pts',(0.521286433520591,0.0754303802562595,
0.68835121327472));
#4368=CARTESIAN_POINT('Ctrl Pts',(0.488879491993844,0.0782640907588105,
0.771568829709199));
#4369=CARTESIAN_POINT('Ctrl Pts',(0.459378535208301,0.0804194245256722,
0.855275419907567));
#4370=CARTESIAN_POINT('Ctrl Pts',(0.438171605200168,0.0820635041932735,
0.925562966099021));
#4371=CARTESIAN_POINT('Ctrl Pts',(0.418800862720334,0.0830564494441922,
0.996173721164341));
#4372=CARTESIAN_POINT('Ctrl Pts',(0.397433962801463,0.083702084721786,1.08123025158582));
#4373=CARTESIAN_POINT('Ctrl Pts',(0.384774239704463,0.083632023285245,1.13820999878514));
#4374=CARTESIAN_POINT('Ctrl Pts',(0.376189409726688,0.0833012451227713,
1.18110240040201));
#4375=CARTESIAN_POINT('Ctrl Pts',(0.706182343488434,-0.00114713131119472,
0.));
#4376=CARTESIAN_POINT('Ctrl Pts',(0.696508888928604,0.00836814701744051,
0.0567601138423144));
#4377=CARTESIAN_POINT('Ctrl Pts',(0.682744557660984,0.0192680451809519,
0.127535464174411));
#4378=CARTESIAN_POINT('Ctrl Pts',(0.657349624353687,0.0347447290364141,
0.240423792826451));
#4379=CARTESIAN_POINT('Ctrl Pts',(0.629338435969369,0.0485946828160364,
0.353039229227279));
#4380=CARTESIAN_POINT('Ctrl Pts',(0.595791827434771,0.0599523610349326,
0.465059693674547));
#4381=CARTESIAN_POINT('Ctrl Pts',(0.568902479440738,0.0667033381712377,
0.548909022394087));
#4382=CARTESIAN_POINT('Ctrl Pts',(0.55099855588562,0.0707520787137192,0.604831776077296));
#4383=CARTESIAN_POINT('Ctrl Pts',(0.521282837565644,0.0754294234615759,
0.688351213274719));
#4384=CARTESIAN_POINT('Ctrl Pts',(0.488875826411085,0.0782630433835229,
0.771568829709197));
#4385=CARTESIAN_POINT('Ctrl Pts',(0.459374829391632,0.0804183024800137,
0.855275419907564));
#4386=CARTESIAN_POINT('Ctrl Pts',(0.438167884223744,0.0820623309033228,
0.925562966099019));
#4387=CARTESIAN_POINT('Ctrl Pts',(0.418797151875887,0.0830552354250806,
0.996173721164338));
#4388=CARTESIAN_POINT('Ctrl Pts',(0.397430286919222,0.0837008313170701,
1.08123025158582));
#4389=CARTESIAN_POINT('Ctrl Pts',(0.384770607374426,0.0836307520764041,
1.13820999878514));
#4390=CARTESIAN_POINT('Ctrl Pts',(0.376185821451871,0.0832999653212335,
1.18110240040201));
#4391=CARTESIAN_POINT('Ctrl Pts',(0.706180736500994,-0.00114771368901909,
0.));
#4392=CARTESIAN_POINT('Ctrl Pts',(0.696506996861566,0.00836762521445554,
0.0567601138423144));
#4393=CARTESIAN_POINT('Ctrl Pts',(0.682742347521638,0.0192675698862092,
0.127535464174413));
#4394=CARTESIAN_POINT('Ctrl Pts',(0.657346984152282,0.0347442625339732,
0.240423792826452));
#4395=CARTESIAN_POINT('Ctrl Pts',(0.6293354250094,0.0485941840987143,0.353039229227281));
#4396=CARTESIAN_POINT('Ctrl Pts',(0.595788575245106,0.0599516827197764,
0.46505969367455));
#4397=CARTESIAN_POINT('Ctrl Pts',(0.568899083822438,0.0667025391322442,
0.548909022394091));
#4398=CARTESIAN_POINT('Ctrl Pts',(0.550995071453241,0.0707512125209583,
0.6048317760773));
#4399=CARTESIAN_POINT('Ctrl Pts',(0.52127924153983,0.0754284663406718,0.688351213274723));
#4400=CARTESIAN_POINT('Ctrl Pts',(0.488872160787758,0.0782619959083749,
0.771568829709201));
#4401=CARTESIAN_POINT('Ctrl Pts',(0.459371123548477,0.0804171803820735,
0.85527541990757));
#4402=CARTESIAN_POINT('Ctrl Pts',(0.438164163226068,0.0820611575850076,
0.925562966099024));
#4403=CARTESIAN_POINT('Ctrl Pts',(0.418793441013296,0.0830540213815995,
0.996173721164344));
#4404=CARTESIAN_POINT('Ctrl Pts',(0.397426611022004,0.0836995778991644,
1.08123025158582));
#4405=CARTESIAN_POINT('Ctrl Pts',(0.384766975031089,0.083629480865765,1.13820999878515));
#4406=CARTESIAN_POINT('Ctrl Pts',(0.376182233163947,0.0832986855182948,
1.18110240040201));
#4407=CARTESIAN_POINT('Ctrl Pts',(0.705631030181483,-0.0013468282060287,
0.));
#4408=CARTESIAN_POINT('Ctrl Pts',(0.695860008451221,0.00818969995249073,
0.0567601138423144));
#4409=CARTESIAN_POINT('Ctrl Pts',(0.681986300243572,0.0191046955076792,
0.127535464173425));
#4410=CARTESIAN_POINT('Ctrl Pts',(0.656444102354991,0.0345849671803239,
0.240423792825466));
#4411=CARTESIAN_POINT('Ctrl Pts',(0.628305787262857,0.048423891607361,0.353039229225769));
#4412=CARTESIAN_POINT('Ctrl Pts',(0.594676360839009,0.059719817782186,0.465059693672568));
#4413=CARTESIAN_POINT('Ctrl Pts',(0.567737797381648,0.0664293768921155,
0.548909022391978));
#4414=CARTESIAN_POINT('Ctrl Pts',(0.549803408495434,0.0704550900162003,
0.604831776075065));
#4415=CARTESIAN_POINT('Ctrl Pts',(0.52004941788123,0.075101249685413,0.688351213272306));
#4416=CARTESIAN_POINT('Ctrl Pts',(0.487618515455638,0.0779037905534221,
0.771568829705977));
#4417=CARTESIAN_POINT('Ctrl Pts',(0.458103722647643,0.0800334414064529,
0.855275419904211));
#4418=CARTESIAN_POINT('Ctrl Pts',(0.436891577926151,0.0816598913113735,
0.925562966095463));
#4419=CARTESIAN_POINT('Ctrl Pts',(0.417524322539292,0.0826388260957596,
0.996173721160493));
#4420=CARTESIAN_POINT('Ctrl Pts',(0.39616945037673,0.0832709125928568,1.08123025158179));
#4421=CARTESIAN_POINT('Ctrl Pts',(0.383524709013525,0.0831947260853552,
1.13820999878063));
#4422=CARTESIAN_POINT('Ctrl Pts',(0.374955034213182,0.0828609924803805,
1.18110240039749));
#4423=CARTESIAN_POINT('Ctrl Pts',(0.70444105753938,-0.00162271356914045,
0.));
#4424=CARTESIAN_POINT('Ctrl Pts',(0.694492343741973,0.00792471832330707,
0.0567601138423145));
#4425=CARTESIAN_POINT('Ctrl Pts',(0.680420152655629,0.0188406889833457,
0.127535464161869));
#4426=CARTESIAN_POINT('Ctrl Pts',(0.654605634510782,0.0342898651458719,
0.240423792813924));
#4427=CARTESIAN_POINT('Ctrl Pts',(0.626230844968894,0.0480791286157852,
0.353039229208086));
#4428=CARTESIAN_POINT('Ctrl Pts',(0.59243813550956,0.0592519339554079,0.465059693649372));
#4429=CARTESIAN_POINT('Ctrl Pts',(0.565402784191559,0.0658796127723092,
0.548909022367268));
#4430=CARTESIAN_POINT('Ctrl Pts',(0.547409334632302,0.0698585988139399,
0.604831776048921));
#4431=CARTESIAN_POINT('Ctrl Pts',(0.517581986165141,0.0744420822943838,
0.688351213244034));
#4432=CARTESIAN_POINT('Ctrl Pts',(0.485105437886834,0.0771853940426264,
0.771568829668252));
#4433=CARTESIAN_POINT('Ctrl Pts',(0.455564890695546,0.0792658005759948,
0.855275419864916));
#4434=CARTESIAN_POINT('Ctrl Pts',(0.434343573877997,0.0808577262336755,
0.925562966053794));
#4435=CARTESIAN_POINT('Ctrl Pts',(0.414984125304281,0.0818091523075251,
0.996173721115443));
#4436=CARTESIAN_POINT('Ctrl Pts',(0.393653900291661,0.0824145185446218,
1.08123025153453));
#4437=CARTESIAN_POINT('Ctrl Pts',(0.381039168859142,0.0823261370547285,
1.13820999872774));
#4438=CARTESIAN_POINT('Ctrl Pts',(0.372499638055583,0.0819864120378785,
1.18110240034461));
#4439=CARTESIAN_POINT('Ctrl Pts',(0.702820061765522,-0.00169600022354743,
0.));
#4440=CARTESIAN_POINT('Ctrl Pts',(0.692665438063443,0.00779016636298283,
0.0567601138423142));
#4441=CARTESIAN_POINT('Ctrl Pts',(0.678361713370559,0.0186280466684321,
0.127535464151932));
#4442=CARTESIAN_POINT('Ctrl Pts',(0.652230771122547,0.0339515341689746,
0.240423792803999));
#4443=CARTESIAN_POINT('Ctrl Pts',(0.623580569574333,0.0476153264888388,
0.353039229192881));
#4444=CARTESIAN_POINT('Ctrl Pts',(0.589595623454408,0.0586474122134828,
0.465059693629427));
#4445=CARTESIAN_POINT('Ctrl Pts',(0.562446831914183,0.0651814933661809,
0.548909022346021));
#4446=CARTESIAN_POINT('Ctrl Pts',(0.544384544132901,0.0691033348769448,
0.60483177602644));
#4447=CARTESIAN_POINT('Ctrl Pts',(0.514472070569443,0.0736084356763094,
0.688351213219725));
#4448=CARTESIAN_POINT('Ctrl Pts',(0.481943079965691,0.076282247545619,0.771568829635814));
#4449=CARTESIAN_POINT('Ctrl Pts',(0.452374215611493,0.0783038742825527,
0.855275419831128));
#4450=CARTESIAN_POINT('Ctrl Pts',(0.431144298509656,0.0798537995062414,
0.925562966017965));
#4451=CARTESIAN_POINT('Ctrl Pts',(0.411796718011903,0.080771532957583,0.996173721076707));
#4452=CARTESIAN_POINT('Ctrl Pts',(0.39049916191572,0.0813439586281618,1.0812302514939));
#4453=CARTESIAN_POINT('Ctrl Pts',(0.377922582340422,0.081240275114235,1.13820999868226));
#4454=CARTESIAN_POINT('Ctrl Pts',(0.369420876446182,0.0808928219803785,
1.18110240029913));
#4455=CARTESIAN_POINT('Ctrl Pts',(0.701443055137749,-0.00169890117226135,
0.));
#4456=CARTESIAN_POINT('Ctrl Pts',(0.691132461988894,0.0077171031261955,
0.0567601138423145));
#4457=CARTESIAN_POINT('Ctrl Pts',(0.676653994268273,0.0184725717242804,
0.127535464147406));
#4458=CARTESIAN_POINT('Ctrl Pts',(0.650283405563204,0.0336730336949177,
0.240423792799478));
#4459=CARTESIAN_POINT('Ctrl Pts',(0.621424809869353,0.0472216657658599,
0.353039229185956));
#4460=CARTESIAN_POINT('Ctrl Pts',(0.587294177276243,0.0581513653352293,
0.465059693620343));
#4461=CARTESIAN_POINT('Ctrl Pts',(0.56005956864065,0.0646164053357609,0.548909022336343));
#4462=CARTESIAN_POINT('Ctrl Pts',(0.541945332991554,0.0684945284538867,
0.604831776016201));
#4463=CARTESIAN_POINT('Ctrl Pts',(0.511968606956454,0.0729379822972125,
0.688351213208652));
#4464=CARTESIAN_POINT('Ctrl Pts',(0.479400205017332,0.0755574798798587,
0.771568829621038));
#4465=CARTESIAN_POINT('Ctrl Pts',(0.449810796917778,0.0775327605644808,
0.855275419815738));
#4466=CARTESIAN_POINT('Ctrl Pts',(0.428575660813544,0.0790496852227992,
0.925562966001645));
#4467=CARTESIAN_POINT('Ctrl Pts',(0.409238803263474,0.0799408145413059,
0.996173721059062));
#4468=CARTESIAN_POINT('Ctrl Pts',(0.387968491801175,0.0804871643513176,
1.08123025147539));
#4469=CARTESIAN_POINT('Ctrl Pts',(0.375422840883352,0.0803712621787122,
1.13820999866155));
#4470=CARTESIAN_POINT('Ctrl Pts',(0.366951514182078,0.0800175573287622,
1.18110240027842));
#4471=CARTESIAN_POINT('Ctrl Pts',(0.700007252344509,-0.0017011262793779,
0.));
#4472=CARTESIAN_POINT('Ctrl Pts',(0.689548500460353,0.00764073644545209,
0.0567601138423142));
#4473=CARTESIAN_POINT('Ctrl Pts',(0.674903327196074,0.018309098982223,0.127535464145496));
#4474=CARTESIAN_POINT('Ctrl Pts',(0.648304303192149,0.0333834884268168,
0.240423792797571));
#4475=CARTESIAN_POINT('Ctrl Pts',(0.619246604281595,0.0468154029446646,
0.353039229183033));
#4476=CARTESIAN_POINT('Ctrl Pts',(0.584975097878707,0.057648265289862,0.465059693616509));
#4477=CARTESIAN_POINT('Ctrl Pts',(0.557657649580941,0.064047394375123,0.54890902233226));
#4478=CARTESIAN_POINT('Ctrl Pts',(0.539493475273846,0.0678831789337846,
0.60483177601188));
#4479=CARTESIAN_POINT('Ctrl Pts',(0.509455053450252,0.0722659370211221,
0.68835121320398));
#4480=CARTESIAN_POINT('Ctrl Pts',(0.476848831300287,0.0748315058229457,
0.771568829614804));
#4481=CARTESIAN_POINT('Ctrl Pts',(0.447240242595479,0.0767606570415519,
0.855275419809244));
#4482=CARTESIAN_POINT('Ctrl Pts',(0.426000969199224,0.0782449275908027,
0.925562965994759));
#4483=CARTESIAN_POINT('Ctrl Pts',(0.406675642385081,0.0791096672233525,
0.996173721051617));
#4484=CARTESIAN_POINT('Ctrl Pts',(0.385433308347221,0.0796301248129138,
1.08123025146759));
#4485=CARTESIAN_POINT('Ctrl Pts',(0.372918860649394,0.0795020412668012,
1.13820999865281));
#4486=CARTESIAN_POINT('Ctrl Pts',(0.364478000318594,0.0791420701205921,
1.18110240026968));
#4487=CARTESIAN_POINT('Ctrl Pts',(0.698810559313078,-0.00174165844691094,
0.));
#4488=CARTESIAN_POINT('Ctrl Pts',(0.688246568025308,0.00754685167698878,
0.0567601138423146));
#4489=CARTESIAN_POINT('Ctrl Pts',(0.673483194306046,0.0181539740952101,
0.127535464134652));
#4490=CARTESIAN_POINT('Ctrl Pts',(0.646720390927036,0.0331372868297441,
0.24042379278674));
#4491=CARTESIAN_POINT('Ctrl Pts',(0.617519430755626,0.0464849832559539,
0.35303922916644));
#4492=CARTESIAN_POINT('Ctrl Pts',(0.583143203516567,0.0572479756583478,
0.465059693594744));
#4493=CARTESIAN_POINT('Ctrl Pts',(0.555764289290879,0.0635986238968317,
0.548909022309073));
#4494=CARTESIAN_POINT('Ctrl Pts',(0.537563397868089,0.0674030221408981,
0.604831775987348));
#4495=CARTESIAN_POINT('Ctrl Pts',(0.507479750885413,0.0717397076740755,
0.688351213177451));
#4496=CARTESIAN_POINT('Ctrl Pts',(0.474845781545672,0.0742632073963331,
0.771568829579405));
#4497=CARTESIAN_POINT('Ctrl Pts',(0.445223757590165,0.0761563308150037,
0.855275419772372));
#4498=CARTESIAN_POINT('Ctrl Pts',(0.423982497260346,0.0776154504132227,
0.925562965955659));
#4499=CARTESIAN_POINT('Ctrl Pts',(0.404667112908204,0.0784598041776859,
0.996173721009344));
#4500=CARTESIAN_POINT('Ctrl Pts',(0.383447489855386,0.0789602530907162,
1.08123025142325));
#4501=CARTESIAN_POINT('Ctrl Pts',(0.370957747934485,0.0788227278262455,
1.13820999860318));
#4502=CARTESIAN_POINT('Ctrl Pts',(0.362540800234307,0.0784578788504903,
1.18110240022005));
#4503=CARTESIAN_POINT('Ctrl Pts',(0.697947188676011,-0.00180444619463787,
0.));
#4504=CARTESIAN_POINT('Ctrl Pts',(0.68731661838271,0.00745496957288855,
0.0567601138423144));
#4505=CARTESIAN_POINT('Ctrl Pts',(0.672477562450141,0.018026240206603,0.127535464133853));
#4506=CARTESIAN_POINT('Ctrl Pts',(0.645609856228871,0.0329565950770175,
0.240423792785942));
#4507=CARTESIAN_POINT('Ctrl Pts',(0.616316437351346,0.0462534127054859,
0.353039229165217));
#4508=CARTESIAN_POINT('Ctrl Pts',(0.581870023860222,0.0569696318790727,
0.46505969359314));
#4509=CARTESIAN_POINT('Ctrl Pts',(0.554450016039859,0.0632875669789627,
0.548909022307364));
#4510=CARTESIAN_POINT('Ctrl Pts',(0.536224813514926,0.0670709962012987,
0.60483177598554));
#4511=CARTESIAN_POINT('Ctrl Pts',(0.506111357815106,0.0713765519177722,
0.688351213175496));
#4512=CARTESIAN_POINT('Ctrl Pts',(0.473459050755341,0.0738707313846996,
0.771568829576796));
#4513=CARTESIAN_POINT('Ctrl Pts',(0.443828485490225,0.0757388633341049,
0.855275419769654));
#4514=CARTESIAN_POINT('Ctrl Pts',(0.422586435593931,0.0771807427621798,
0.925562965952777));
#4515=CARTESIAN_POINT('Ctrl Pts',(0.40327835592692,0.0780111233029707,0.996173721006229));
#4516=CARTESIAN_POINT('Ctrl Pts',(0.382074813337148,0.0784978711517677,
1.08123025141998));
#4517=CARTESIAN_POINT('Ctrl Pts',(0.369602282033554,0.0783538889813751,
1.13820999859953));
#4518=CARTESIAN_POINT('Ctrl Pts',(0.361201896107899,0.0779857156627548,
1.1811024002164));
#4519=CARTESIAN_POINT('Ctrl Pts',(0.697871881482621,-0.00181009883220456,
0.));
#4520=CARTESIAN_POINT('Ctrl Pts',(0.687235531408091,0.00744674852897167,
0.0567601138423144));
#4521=CARTESIAN_POINT('Ctrl Pts',(0.672389969601682,0.0180150597426741,
0.12753546413386));
#4522=CARTESIAN_POINT('Ctrl Pts',(0.645513161394903,0.0329407740237913,
0.240423792785948));
#4523=CARTESIAN_POINT('Ctrl Pts',(0.616211737898274,0.0462331973473973,
0.353039229165227));
#4524=CARTESIAN_POINT('Ctrl Pts',(0.581759246725232,0.0569453926684685,
0.465059693593153));
#4525=CARTESIAN_POINT('Ctrl Pts',(0.554335678164457,0.0632604982432452,
0.548909022307378));
#4526=CARTESIAN_POINT('Ctrl Pts',(0.536108369154017,0.0670421105066881,
0.604831775985555));
#4527=CARTESIAN_POINT('Ctrl Pts',(0.505992330083809,0.0713449628581322,
0.688351213175512));
#4528=CARTESIAN_POINT('Ctrl Pts',(0.473338435434512,0.0738365983293713,
0.771568829576817));
#4529=CARTESIAN_POINT('Ctrl Pts',(0.443707132170893,0.075702557133566,0.855275419769676));
#4530=CARTESIAN_POINT('Ctrl Pts',(0.42246501758864,0.0771429391082777,0.925562965952801));
#4531=CARTESIAN_POINT('Ctrl Pts',(0.403157575965802,0.0779721052838301,
0.996173721006254));
#4532=CARTESIAN_POINT('Ctrl Pts',(0.381955434386381,0.0784576627304287,
1.08123025142));
#4533=CARTESIAN_POINT('Ctrl Pts',(0.36948440079126,0.0783131197668047,1.13820999859956));
#4534=CARTESIAN_POINT('Ctrl Pts',(0.361085455400398,0.0779446575438997,
1.18110240021643));
#4535=CARTESIAN_POINT('Ctrl Pts',(0.697834180325247,-0.00181296842523121,
0.));
#4536=CARTESIAN_POINT('Ctrl Pts',(0.687194961033479,0.00744264412629315,
0.0567601138423144));
#4537=CARTESIAN_POINT('Ctrl Pts',(0.672346133876446,0.0180094216190159,
0.127535464133855));
#4538=CARTESIAN_POINT('Ctrl Pts',(0.64546479920529,0.0329328724170322,0.240423792785943));
#4539=CARTESIAN_POINT('Ctrl Pts',(0.616159383199441,0.0462231123752255,
0.35303922916522));
#4540=CARTESIAN_POINT('Ctrl Pts',(0.581703849963921,0.0569332809588544,
0.465059693593143));
#4541=CARTESIAN_POINT('Ctrl Pts',(0.554278500752365,0.0632469677860914,
0.548909022307368));
#4542=CARTESIAN_POINT('Ctrl Pts',(0.536050139316078,0.0670276713669914,
0.604831775985543));
#4543=CARTESIAN_POINT('Ctrl Pts',(0.505932810409471,0.0713291730302501,
0.6883512131755));
#4544=CARTESIAN_POINT('Ctrl Pts',(0.473278122115119,0.0738195325376785,
0.771568829576801));
#4545=CARTESIAN_POINT('Ctrl Pts',(0.443646450755664,0.0756844042148757,
0.85527541976966));
#4546=CARTESIAN_POINT('Ctrl Pts',(0.422404304443772,0.0771240371271074,
0.925562965952783));
#4547=CARTESIAN_POINT('Ctrl Pts',(0.403097182401393,0.0779525961855264,
0.996173721006235));
#4548=CARTESIAN_POINT('Ctrl Pts',(0.381895741805822,0.0784375584051038,
1.08123025141998));
#4549=CARTESIAN_POINT('Ctrl Pts',(0.369425457231444,0.0782927349686626,
1.13820999859953));
#4550=CARTESIAN_POINT('Ctrl Pts',(0.36102723219643,0.0779241283963655,1.1811024002164));
#4551=CARTESIAN_POINT('Ctrl Pts',(0.697796432406121,-0.00181587866938089,
0.));
#4552=CARTESIAN_POINT('Ctrl Pts',(0.687154341887481,0.00743847953887514,
0.0567601138423144));
#4553=CARTESIAN_POINT('Ctrl Pts',(0.672302270742618,0.0180037747984235,
0.127535464133853));
#4554=CARTESIAN_POINT('Ctrl Pts',(0.645416409289323,0.032924941787567,0.240423792785942));
#4555=CARTESIAN_POINT('Ctrl Pts',(0.616107007390559,0.0462130033430572,
0.353039229165217));
#4556=CARTESIAN_POINT('Ctrl Pts',(0.581648438978015,0.0569211589574264,
0.46505969359314));
#4557=CARTESIAN_POINT('Ctrl Pts',(0.554221312229531,0.0632334315350463,
0.548909022307364));
#4558=CARTESIAN_POINT('Ctrl Pts',(0.535991900018355,0.0670132280491132,
0.604831775985539));
#4559=CARTESIAN_POINT('Ctrl Pts',(0.5058732829907,0.071313379695893,0.688351213175496));
#4560=CARTESIAN_POINT('Ctrl Pts',(0.473217802719957,0.0738024654515744,
0.771568829576795));
#4561=CARTESIAN_POINT('Ctrl Pts',(0.443585764216308,0.0756662501160897,
0.855275419769654));
#4562=CARTESIAN_POINT('Ctrl Pts',(0.422343587007818,0.0771051344498049,
0.925562965952777));
#4563=CARTESIAN_POINT('Ctrl Pts',(0.403036785118963,0.0779330865459234,
0.996173721006228));
#4564=CARTESIAN_POINT('Ctrl Pts',(0.381836046062745,0.0784174537871173,
1.08123025141998));
#4565=CARTESIAN_POINT('Ctrl Pts',(0.369366510749289,0.0782723500617002,
1.13820999859953));
#4566=CARTESIAN_POINT('Ctrl Pts',(0.360969006143953,0.0779035991606118,
1.18110240021639));
#4567=CARTESIAN_POINT('Ctrl Pts',(0.6977208425364,-0.00182178269087509,
0.));
#4568=CARTESIAN_POINT('Ctrl Pts',(0.687073031654611,0.00743010719625515,
0.0567601138423144));
#4569=CARTESIAN_POINT('Ctrl Pts',(0.672214476139335,0.0179924189308979,
0.127535464133849));
#4570=CARTESIAN_POINT('Ctrl Pts',(0.64531958907353,0.0329090665198295,0.240423792785937));
#4571=CARTESIAN_POINT('Ctrl Pts',(0.616002232213303,0.0461927912206845,
0.353039229165211));
#4572=CARTESIAN_POINT('Ctrl Pts',(0.58153759554188,0.0568969154088169,0.465059693593131));
#4573=CARTESIAN_POINT('Ctrl Pts',(0.554106916026094,0.0632063586769524,
0.548909022307355));
#4574=CARTESIAN_POINT('Ctrl Pts',(0.535875404599327,0.0669843421761898,
0.60483177598553));
#4575=CARTESIAN_POINT('Ctrl Pts',(0.50575421490764,0.0712817954916422,0.688351213175486));
#4576=CARTESIAN_POINT('Ctrl Pts',(0.473097152267677,0.0737683310367801,
0.771568829576782));
#4577=CARTESIAN_POINT('Ctrl Pts',(0.443464381322593,0.0756299411326812,
0.85527541976964));
#4578=CARTESIAN_POINT('Ctrl Pts',(0.42222214373203,0.0770673283286769,0.925562965952762));
#4579=CARTESIAN_POINT('Ctrl Pts',(0.40291598327865,0.0778940667058674,0.996173721006213));
#4580=CARTESIAN_POINT('Ctrl Pts',(0.381716648323044,0.078377244170661,1.08123025141996));
#4581=CARTESIAN_POINT('Ctrl Pts',(0.369248611926893,0.0782315799357902,
1.13820999859951));
#4582=CARTESIAN_POINT('Ctrl Pts',(0.360852548345818,0.0778625405144869,
1.18110240021638));
#4583=CARTESIAN_POINT('Ctrl Pts',(0.69763238090288,-0.00182891259661895,
0.));
#4584=CARTESIAN_POINT('Ctrl Pts',(0.686977934209184,0.0074201351070849,
0.0567601138423144));
#4585=CARTESIAN_POINT('Ctrl Pts',(0.672111863710453,0.0179790342071724,
0.127535464133811));
#4586=CARTESIAN_POINT('Ctrl Pts',(0.645206499275317,0.0328904600528602,
0.2404237927859));
#4587=CARTESIAN_POINT('Ctrl Pts',(0.615879907008344,0.0461691732642326,
0.353039229165153));
#4588=CARTESIAN_POINT('Ctrl Pts',(0.581408208598893,0.0568686114430301,
0.465059693593056));
#4589=CARTESIAN_POINT('Ctrl Pts',(0.553973394866272,0.0631747613567844,
0.548909022307275));
#4590=CARTESIAN_POINT('Ctrl Pts',(0.535739442130166,0.0669506350527472,
0.604831775985445));
#4591=CARTESIAN_POINT('Ctrl Pts',(0.505615261270361,0.0712449448972199,
0.688351213175394));
#4592=CARTESIAN_POINT('Ctrl Pts',(0.472956358920383,0.0737285044917362,
0.771568829576659));
#4593=CARTESIAN_POINT('Ctrl Pts',(0.443322738900864,0.0755875767750156,
0.855275419769512));
#4594=CARTESIAN_POINT('Ctrl Pts',(0.422080435234644,0.0770232183190713,
0.925562965952626));
#4595=CARTESIAN_POINT('Ctrl Pts',(0.40277502642991,0.0778485413933234,0.996173721006066));
#4596=CARTESIAN_POINT('Ctrl Pts',(0.381577332661347,0.0783303316323964,
1.08123025141981));
#4597=CARTESIAN_POINT('Ctrl Pts',(0.369111046241808,0.0781840139755369,
1.13820999859933));
#4598=CARTESIAN_POINT('Ctrl Pts',(0.360716664320299,0.0778146382549662,
1.1811024002162));
#4599=CARTESIAN_POINT('Ctrl Pts',(0.697530908955789,-0.0018373923184025,
0.));
#4600=CARTESIAN_POINT('Ctrl Pts',(0.686868937403815,0.0074084807903495,
0.0567601138423144));
#4601=CARTESIAN_POINT('Ctrl Pts',(0.671994335649043,0.0179635391433618,
0.127535464133805));
#4602=CARTESIAN_POINT('Ctrl Pts',(0.645077076545366,0.0328690917354741,
0.240423792785893));
#4603=CARTESIAN_POINT('Ctrl Pts',(0.615739992340201,0.046142146260204,0.353039229165143));
#4604=CARTESIAN_POINT('Ctrl Pts',(0.581260244555253,0.056836243203046,0.465059693593043));
#4605=CARTESIAN_POINT('Ctrl Pts',(0.55382071949647,0.0631386366413027,0.548909022307261));
#4606=CARTESIAN_POINT('Ctrl Pts',(0.535583987038711,0.0669121058222038,
0.60483177598543));
#4607=CARTESIAN_POINT('Ctrl Pts',(0.50545640177668,0.0712028294232535,0.688351213175377));
#4608=CARTESIAN_POINT('Ctrl Pts',(0.472795405165033,0.0736829849440855,
0.771568829576637));
#4609=CARTESIAN_POINT('Ctrl Pts',(0.443160822209969,0.0755391555097579,
0.855275419769489));
#4610=CARTESIAN_POINT('Ctrl Pts',(0.421918448937983,0.0769728031187985,
0.925562965952602));
#4611=CARTESIAN_POINT('Ctrl Pts',(0.40261390368372,0.077796509629161,0.99617372100604));
#4612=CARTESIAN_POINT('Ctrl Pts',(0.38141808973881,0.0782767155416328,1.08123025141978));
#4613=CARTESIAN_POINT('Ctrl Pts',(0.368953804971401,0.0781296517392642,
1.1382099985993));
#4614=CARTESIAN_POINT('Ctrl Pts',(0.360561345592477,0.0777598921404852,
1.18110240021617));
#4615=CARTESIAN_POINT('Ctrl Pts',(0.697429189057864,-0.00184609256400135,
0.));
#4616=CARTESIAN_POINT('Ctrl Pts',(0.686759729279299,0.0073966474412816,
0.0567601138423144));
#4617=CARTESIAN_POINT('Ctrl Pts',(0.67187663816686,0.017947916472622,0.127535464133792));
#4618=CARTESIAN_POINT('Ctrl Pts',(0.644947534444135,0.0328476502720374,
0.240423792785881));
#4619=CARTESIAN_POINT('Ctrl Pts',(0.615599999705623,0.0461150909690358,
0.353039229165124));
#4620=CARTESIAN_POINT('Ctrl Pts',(0.58111221776152,0.0568038592135429,0.465059693593018));
#4621=CARTESIAN_POINT('Ctrl Pts',(0.553667990732604,0.0631025019667753,
0.548909022307234));
#4622=CARTESIAN_POINT('Ctrl Pts',(0.535428485528516,0.0668735712661186,
0.604831775985402));
#4623=CARTESIAN_POINT('Ctrl Pts',(0.505297505214128,0.0711607127548727,
0.688351213175347));
#4624=CARTESIAN_POINT('Ctrl Pts',(0.472634420012273,0.073637462865547,0.771568829576597));
#4625=CARTESIAN_POINT('Ctrl Pts',(0.442998879079524,0.0754907308665717,
0.855275419769448));
#4626=CARTESIAN_POINT('Ctrl Pts',(0.421756440160916,0.0769223853523163,
0.925562965952558));
#4627=CARTESIAN_POINT('Ctrl Pts',(0.402452761471843,0.0777444759220383,
0.996173721005992));
#4628=CARTESIAN_POINT('Ctrl Pts',(0.381258830145269,0.0782230982544451,
1.08123025141973));
#4629=CARTESIAN_POINT('Ctrl Pts',(0.368796548157961,0.0780752887542209,
1.13820999859925));
#4630=CARTESIAN_POINT('Ctrl Pts',(0.360406011752003,0.0777051455828271,
1.18110240021612));
#4631=CARTESIAN_POINT('Ctrl Pts',(0.697301575616276,-0.0018573806219987,
0.));
#4632=CARTESIAN_POINT('Ctrl Pts',(0.686622826247976,0.00738152749987568,
0.0567601138423143));
#4633=CARTESIAN_POINT('Ctrl Pts',(0.671729198328619,0.0179281459189538,
0.127535464133761));
#4634=CARTESIAN_POINT('Ctrl Pts',(0.644785384812966,0.032820715726203,0.24042379278585));
#4635=CARTESIAN_POINT('Ctrl Pts',(0.615424864588399,0.0460812239790057,
0.353039229165077));
#4636=CARTESIAN_POINT('Ctrl Pts',(0.580927067385064,0.056763351791291,0.465059693592956));
#4637=CARTESIAN_POINT('Ctrl Pts',(0.55347698005147,0.0630573160517649,0.548909022307169));
#4638=CARTESIAN_POINT('Ctrl Pts',(0.535234021875627,0.0668253939281745,
0.604831775985333));
#4639=CARTESIAN_POINT('Ctrl Pts',(0.505098815254003,0.0711080654946993,
0.688351213175272));
#4640=CARTESIAN_POINT('Ctrl Pts',(0.472433129795761,0.0735805557376045,
0.771568829576497));
#4641=CARTESIAN_POINT('Ctrl Pts',(0.442796400677534,0.0754301938735909,
0.855275419769343));
#4642=CARTESIAN_POINT('Ctrl Pts',(0.421553887094041,0.0768593583843493,
0.925562965952447));
#4643=CARTESIAN_POINT('Ctrl Pts',(0.40225129725803,0.0776794301832105,0.996173721005872));
#4644=CARTESIAN_POINT('Ctrl Pts',(0.381059724434376,0.0781560744146431,
1.0812302514196));
#4645=CARTESIAN_POINT('Ctrl Pts',(0.36859994803118,0.0780073336144032,1.13820999859911));
#4646=CARTESIAN_POINT('Ctrl Pts',(0.360211816152242,0.0776367115669432,
1.18110240021598));
#4647=CARTESIAN_POINT('Ctrl Pts',(0.697096411370559,-0.00187631725888127,
0.));
#4648=CARTESIAN_POINT('Ctrl Pts',(0.686402947086964,0.00735663640063857,
0.0567601138423145));
#4649=CARTESIAN_POINT('Ctrl Pts',(0.671492620520149,0.0178960017967727,
0.127535464133717));
#4650=CARTESIAN_POINT('Ctrl Pts',(0.64452547326024,0.0327773383994646,0.240423792785806));
#4651=CARTESIAN_POINT('Ctrl Pts',(0.615144340591725,0.0460269345084333,
0.353039229165009));
#4652=CARTESIAN_POINT('Ctrl Pts',(0.580630577797871,0.056698481793631,0.465059693592867));
#4653=CARTESIAN_POINT('Ctrl Pts',(0.553171150633109,0.0629849814886338,
0.548909022307074));
#4654=CARTESIAN_POINT('Ctrl Pts',(0.534922695275441,0.0667482909131082,
0.604831775985232));
#4655=CARTESIAN_POINT('Ctrl Pts',(0.504780763751696,0.0710238267897691,
0.688351213175164));
#4656=CARTESIAN_POINT('Ctrl Pts',(0.472110940282437,0.0734894947385422,
0.771568829576352));
#4657=CARTESIAN_POINT('Ctrl Pts',(0.442472329849806,0.0753333214950423,
0.855275419769193));
#4658=CARTESIAN_POINT('Ctrl Pts',(0.421229712549184,0.0767585050615436,
0.925562965952287));
#4659=CARTESIAN_POINT('Ctrl Pts',(0.401928876904613,0.0775753492686986,
0.996173721005699));
#4660=CARTESIAN_POINT('Ctrl Pts',(0.380741088835949,0.0780488314832643,
1.08123025141942));
#4661=CARTESIAN_POINT('Ctrl Pts',(0.368285325875016,0.0778986023987323,
1.1382099985989));
#4662=CARTESIAN_POINT('Ctrl Pts',(0.359901042979035,0.0775272154453571,
1.18110240021577));
#4663=CARTESIAN_POINT('Ctrl Pts',(0.696734811697788,-0.00191173632755053,
0.));
#4664=CARTESIAN_POINT('Ctrl Pts',(0.686015982764703,0.00731125789448148,
0.0567601138423142));
#4665=CARTESIAN_POINT('Ctrl Pts',(0.671076850203902,0.0178384209532332,
0.1275354641336));
#4666=CARTESIAN_POINT('Ctrl Pts',(0.644069394782409,0.0327006969709739,
0.240423792785688));
#4667=CARTESIAN_POINT('Ctrl Pts',(0.614652618308442,0.0459316653422856,
0.353039229164829));
#4668=CARTESIAN_POINT('Ctrl Pts',(0.580111069301027,0.0565848100375997,
0.465059693592631));
#4669=CARTESIAN_POINT('Ctrl Pts',(0.552635393218294,0.0628583004499379,
0.548909022306822));
#4670=CARTESIAN_POINT('Ctrl Pts',(0.534377389805316,0.0666133110325887,
0.604831775984967));
#4671=CARTESIAN_POINT('Ctrl Pts',(0.504223786911534,0.0708764012086773,
0.688351213174876));
#4672=CARTESIAN_POINT('Ctrl Pts',(0.471546780675363,0.0733301130260123,
0.771568829575968));
#4673=CARTESIAN_POINT('Ctrl Pts',(0.441904929815348,0.0751637603601276,
0.855275419768792));
#4674=CARTESIAN_POINT('Ctrl Pts',(0.420662172251307,0.0765819850415534,
0.925562965951863));
#4675=CARTESIAN_POINT('Ctrl Pts',(0.401364437959889,0.0773931873166246,
0.99617372100524));
#4676=CARTESIAN_POINT('Ctrl Pts',(0.380183302453819,0.077861143740527,1.08123025141894));
#4677=CARTESIAN_POINT('Ctrl Pts',(0.367734574862012,0.0777083149549409,
1.13820999859837));
#4678=CARTESIAN_POINT('Ctrl Pts',(0.359357032279219,0.0773355929130449,
1.18110240021524));
#4679=CARTESIAN_POINT('Ctrl Pts',(0.69631577999817,-0.00195733197416508,
0.));
#4680=CARTESIAN_POINT('Ctrl Pts',(0.685568830540655,0.00725532196507362,
0.0567601138423145));
#4681=CARTESIAN_POINT('Ctrl Pts',(0.670597710999759,0.0177696393841751,
0.127535464133135));
#4682=CARTESIAN_POINT('Ctrl Pts',(0.64354537102322,0.0326114801741167,0.240423792785224));
#4683=CARTESIAN_POINT('Ctrl Pts',(0.614088820796483,0.0458222130364568,
0.353039229164118));
#4684=CARTESIAN_POINT('Ctrl Pts',(0.579515863928883,0.0564545738254765,
0.465059693591698));
#4685=CARTESIAN_POINT('Ctrl Pts',(0.552021834995583,0.0627133134642291,
0.548909022305828));
#4686=CARTESIAN_POINT('Ctrl Pts',(0.533753082569025,0.0664589411934566,
0.604831775983914));
#4687=CARTESIAN_POINT('Ctrl Pts',(0.50358636124801,0.0707078997282795,0.688351213173738));
#4688=CARTESIAN_POINT('Ctrl Pts',(0.470901280059553,0.0731479069353191,
0.77156882957445));
#4689=CARTESIAN_POINT('Ctrl Pts',(0.441255844117201,0.0749698983248763,
0.855275419767211));
#4690=CARTESIAN_POINT('Ctrl Pts',(0.420013020077142,0.0763801869443882,
0.925562965950187));
#4691=CARTESIAN_POINT('Ctrl Pts',(0.40071890199161,0.0771849555380257,0.996173721003427));
#4692=CARTESIAN_POINT('Ctrl Pts',(0.379545436116252,0.0776466144595833,
1.08123025141704));
#4693=CARTESIAN_POINT('Ctrl Pts',(0.36710477607068,0.0774908258772884,1.13820999859624));
#4694=CARTESIAN_POINT('Ctrl Pts',(0.358734947321752,0.0771165864645265,
1.18110240021311));
#4695=CARTESIAN_POINT('Ctrl Pts',(0.695944244001101,-0.00200142004689682,
0.));
#4696=CARTESIAN_POINT('Ctrl Pts',(0.685173412126389,0.00720304001894108,
0.0567601138423143));
#4697=CARTESIAN_POINT('Ctrl Pts',(0.670175084555072,0.0177070247584758,
0.127535464133023));
#4698=CARTESIAN_POINT('Ctrl Pts',(0.643084459311737,0.0325320885881312,
0.240423792785112));
#4699=CARTESIAN_POINT('Ctrl Pts',(0.613593914282458,0.0457259790441743,
0.353039229163946));
#4700=CARTESIAN_POINT('Ctrl Pts',(0.57899377599405,0.0563403545984641,0.465059693591473));
#4701=CARTESIAN_POINT('Ctrl Pts',(0.55148387648251,0.0625862811625143,0.548909022305589));
#4702=CARTESIAN_POINT('Ctrl Pts',(0.533205858666222,0.066323781014691,0.604831775983661));
#4703=CARTESIAN_POINT('Ctrl Pts',(0.503027847979771,0.0705604480338929,
0.688351213173464));
#4704=CARTESIAN_POINT('Ctrl Pts',(0.470335818325766,0.0729884290273652,
0.771568829574085));
#4705=CARTESIAN_POINT('Ctrl Pts',(0.440687348542914,0.0748002021035891,
0.855275419766831));
#4706=CARTESIAN_POINT('Ctrl Pts',(0.419444547729106,0.0762035604442179,
0.925562965949783));
#4707=CARTESIAN_POINT('Ctrl Pts',(0.400153656242578,0.0770027116366803,
0.996173721002992));
#4708=CARTESIAN_POINT('Ctrl Pts',(0.378986959432318,0.0774588757752701,
1.08123025141658));
#4709=CARTESIAN_POINT('Ctrl Pts',(0.366553382307456,0.0773005077900567,
1.13820999859573));
#4710=CARTESIAN_POINT('Ctrl Pts',(0.358190312642344,0.0769249487230594,
1.18110240021259));
#4711=CARTESIAN_POINT('Ctrl Pts',(0.695730569339863,-0.00202775711349811,
0.));
#4712=CARTESIAN_POINT('Ctrl Pts',(0.684946291871775,0.00717225600880691,
0.0567601138423144));
#4713=CARTESIAN_POINT('Ctrl Pts',(0.669932632714194,0.0176705796281042,
0.127535464132996));
#4714=CARTESIAN_POINT('Ctrl Pts',(0.642820406255152,0.0324863605885762,
0.240423792785086));
#4715=CARTESIAN_POINT('Ctrl Pts',(0.613310660817553,0.0456708626077865,
0.353039229163906));
#4716=CARTESIAN_POINT('Ctrl Pts',(0.578695075366792,0.0562750150832671,
0.465059693591419));
#4717=CARTESIAN_POINT('Ctrl Pts',(0.551176160419523,0.0625136454751012,
0.548909022305532));
#4718=CARTESIAN_POINT('Ctrl Pts',(0.532892887701888,0.0662465232647833,
0.604831775983601));
#4719=CARTESIAN_POINT('Ctrl Pts',(0.502708479515566,0.0704761865700962,
0.688351213173399));
#4720=CARTESIAN_POINT('Ctrl Pts',(0.470012512689946,0.0728972853817967,
0.771568829573998));
#4721=CARTESIAN_POINT('Ctrl Pts',(0.440362338697284,0.0747032139808071,
0.85527541976674));
#4722=CARTESIAN_POINT('Ctrl Pts',(0.419119574300449,0.0761026159164629,
0.925562965949687));
#4723=CARTESIAN_POINT('Ctrl Pts',(0.399830544360402,0.076898560563951,0.996173721002888));
#4724=CARTESIAN_POINT('Ctrl Pts',(0.378667732158909,0.0773515892478269,
1.08123025141647));
#4725=CARTESIAN_POINT('Ctrl Pts',(0.366238209225967,0.0771917503357208,
1.1382099985956));
#4726=CARTESIAN_POINT('Ctrl Pts',(0.357879004625719,0.0768154395562274,
1.18110240021247));
#4727=CARTESIAN_POINT('Ctrl Pts',(0.695408702948485,-0.00206837717991289,
0.));
#4728=CARTESIAN_POINT('Ctrl Pts',(0.684604453275165,0.00712518663657055,
0.0567601138423144));
#4729=CARTESIAN_POINT('Ctrl Pts',(0.669568013071001,0.0176152684770933,
0.127535464132959));
#4730=CARTESIAN_POINT('Ctrl Pts',(0.642423654488243,0.0324174118352823,
0.240423792785049));
#4731=CARTESIAN_POINT('Ctrl Pts',(0.612885330498831,0.0455880601281904,
0.353039229163849));
#4732=CARTESIAN_POINT('Ctrl Pts',(0.578246660051124,0.0561769338529554,
0.465059693591345));
#4733=CARTESIAN_POINT('Ctrl Pts',(0.55071427553784,0.0624046455274543,0.548909022305452));
#4734=CARTESIAN_POINT('Ctrl Pts',(0.532423159922083,0.0661306121495736,
0.604831775983517));
#4735=CARTESIAN_POINT('Ctrl Pts',(0.502229208771684,0.0703497892789298,
0.688351213173308));
#4736=CARTESIAN_POINT('Ctrl Pts',(0.469527369835823,0.0727605560836787,
0.771568829573877));
#4737=CARTESIAN_POINT('Ctrl Pts',(0.439874668945793,0.0745577127567254,
0.855275419766613));
#4738=CARTESIAN_POINT('Ctrl Pts',(0.418631982303715,0.0759511839168733,
0.925562965949553));
#4739=CARTESIAN_POINT('Ctrl Pts',(0.39934576243241,0.0767423221380137,0.996173721002743));
#4740=CARTESIAN_POINT('Ctrl Pts',(0.378188793713319,0.0771906521221349,
1.08123025141632));
#4741=CARTESIAN_POINT('Ctrl Pts',(0.365765358894248,0.0770286099277517,
1.13820999859543));
#4742=CARTESIAN_POINT('Ctrl Pts',(0.357411954635264,0.076651173990471,1.1811024002123));
#4743=CARTESIAN_POINT('Ctrl Pts',(0.69492087234153,-0.00213339293046318,
0.));
#4744=CARTESIAN_POINT('Ctrl Pts',(0.684087399510397,0.00705134122967407,
0.0567601138423144));
#4745=CARTESIAN_POINT('Ctrl Pts',(0.66901757291131,0.0175299203878078,0.127535464132474));
#4746=CARTESIAN_POINT('Ctrl Pts',(0.641826025776288,0.0323126980467916,
0.240423792784564));
#4747=CARTESIAN_POINT('Ctrl Pts',(0.612245657897201,0.0454634079326943,
0.353039229163107));
#4748=CARTESIAN_POINT('Ctrl Pts',(0.577572676648924,0.0560295566284917,
0.465059693590372));
#4749=CARTESIAN_POINT('Ctrl Pts',(0.550020287303699,0.0622409818345575,
0.548909022304415));
#4750=CARTESIAN_POINT('Ctrl Pts',(0.53171755441402,0.0659566619935399,0.60483177598242));
#4751=CARTESIAN_POINT('Ctrl Pts',(0.501509487769994,0.0701601809473816,
0.688351213172122));
#4752=CARTESIAN_POINT('Ctrl Pts',(0.468798965691948,0.0725554122235521,
0.771568829572294));
#4753=CARTESIAN_POINT('Ctrl Pts',(0.439142584603637,0.0743393910729572,
0.855275419764965));
#4754=CARTESIAN_POINT('Ctrl Pts',(0.417900100993807,0.07572397956484,0.925562965947804));
#4755=CARTESIAN_POINT('Ctrl Pts',(0.398618162666968,0.0765079207172719,
0.996173721000852));
#4756=CARTESIAN_POINT('Ctrl Pts',(0.377470021175129,0.0769492192065531,
1.08123025141434));
#4757=CARTESIAN_POINT('Ctrl Pts',(0.365055744078847,0.076783883591036,1.13820999859321));
#4758=CARTESIAN_POINT('Ctrl Pts',(0.356711050659136,0.0764047691071787,
1.18110240021008));
#4759=CARTESIAN_POINT('Ctrl Pts',(0.694039959367871,-0.0022591005343313,
0.));
#4760=CARTESIAN_POINT('Ctrl Pts',(0.683156464881995,0.00691195445544882,
0.0567601138423145));
#4761=CARTESIAN_POINT('Ctrl Pts',(0.668029392235273,0.0173722828068037,
0.127535464132327));
#4762=CARTESIAN_POINT('Ctrl Pts',(0.640756629253359,0.0321232557447928,
0.240423792784417));
#4763=CARTESIAN_POINT('Ctrl Pts',(0.611103723011993,0.0452405933251821,
0.353039229162882));
#4764=CARTESIAN_POINT('Ctrl Pts',(0.576370644933932,0.055766866812872,0.465059693590077));
#4765=CARTESIAN_POINT('Ctrl Pts',(0.548783257738103,0.0619495827943905,
0.548909022304101));
#4766=CARTESIAN_POINT('Ctrl Pts',(0.53046028253413,0.0656471808560286,0.604831775982087));
#4767=CARTESIAN_POINT('Ctrl Pts',(0.500227676135667,0.0698230399232493,
0.688351213171762));
#4768=CARTESIAN_POINT('Ctrl Pts',(0.467502075922479,0.0721905646225993,
0.771568829571813));
#4769=CARTESIAN_POINT('Ctrl Pts',(0.437839465279906,0.0739510665197824,
0.855275419764465));
#4770=CARTESIAN_POINT('Ctrl Pts',(0.416597586622619,0.0753199007772967,
0.925562965947274));
#4771=CARTESIAN_POINT('Ctrl Pts',(0.397323447722535,0.0760910822822102,
0.996173721000279));
#4772=CARTESIAN_POINT('Ctrl Pts',(0.376191174802719,0.076519927925262,1.08123025141374));
#4773=CARTESIAN_POINT('Ctrl Pts',(0.363793250990024,0.0763487714980255,
1.13820999859254));
#4774=CARTESIAN_POINT('Ctrl Pts',(0.355464073309176,0.0759667003027356,
1.18110240020941));
#4775=CARTESIAN_POINT('Ctrl Pts',(0.692914452818215,-0.00243222811242274,
0.));
#4776=CARTESIAN_POINT('Ctrl Pts',(0.681971793387008,0.00672492283665814,
0.0567601138423143));
#4777=CARTESIAN_POINT('Ctrl Pts',(0.666776794182398,0.0171657524668973,
0.12753546413145));
#4778=CARTESIAN_POINT('Ctrl Pts',(0.639407207080264,0.0318811421647624,
0.240423792783541));
#4779=CARTESIAN_POINT('Ctrl Pts',(0.609667507074263,0.0449600232198939,
0.353039229161539));
#4780=CARTESIAN_POINT('Ctrl Pts',(0.574860976085439,0.0554373314029873,
0.465059693588316));
#4781=CARTESIAN_POINT('Ctrl Pts',(0.547230897290461,0.0615845816544876,
0.548909022302225));
#4782=CARTESIAN_POINT('Ctrl Pts',(0.528883374014645,0.0652599168618065,
0.604831775980102));
#4783=CARTESIAN_POINT('Ctrl Pts',(0.498621111547619,0.0694014865262847,
0.688351213169616));
#4784=CARTESIAN_POINT('Ctrl Pts',(0.465877335792266,0.0717342254355299,
0.77156882956895));
#4785=CARTESIAN_POINT('Ctrl Pts',(0.436207524465648,0.0734653006393289,
0.855275419761481));
#4786=CARTESIAN_POINT('Ctrl Pts',(0.414966855522797,0.0748145069697812,
0.925562965944111));
#4787=CARTESIAN_POINT('Ctrl Pts',(0.395702815748795,0.0755698036875013,
0.996173720996859));
#4788=CARTESIAN_POINT('Ctrl Pts',(0.374590706393262,0.0759831719654936,
1.08123025141015));
#4789=CARTESIAN_POINT('Ctrl Pts',(0.36221336079004,0.0758048044185909,1.13820999858853));
#4790=CARTESIAN_POINT('Ctrl Pts',(0.353903634289638,0.0754190904110728,
1.18110240020539));
#4791=CARTESIAN_POINT('Ctrl Pts',(0.691529233757107,-0.00265423108602278,
0.));
#4792=CARTESIAN_POINT('Ctrl Pts',(0.680519935967437,0.00648870437739056,
0.0567601138423145));
#4793=CARTESIAN_POINT('Ctrl Pts',(0.665248238925714,0.0169089075372682,
0.127535464129938));
#4794=CARTESIAN_POINT('Ctrl Pts',(0.637768727864926,0.0315849839374097,
0.240423792782031));
#4795=CARTESIAN_POINT('Ctrl Pts',(0.607930158914439,0.0446204914990236,
0.353039229159227));
#4796=CARTESIAN_POINT('Ctrl Pts',(0.573038144930811,0.0550402412292174,
0.465059693585282));
#4797=CARTESIAN_POINT('Ctrl Pts',(0.545358526359161,0.061145524965786,0.548909022298993));
#4798=CARTESIAN_POINT('Ctrl Pts',(0.526982707641599,0.0647945389319118,
0.604831775976683));
#4799=CARTESIAN_POINT('Ctrl Pts',(0.496686418555798,0.0688952581485864,
0.688351213165918));
#4800=CARTESIAN_POINT('Ctrl Pts',(0.463921922679125,0.0711861253316446,
0.771568829564015));
#4801=CARTESIAN_POINT('Ctrl Pts',(0.434244409498335,0.0728818231210732,
0.855275419756341));
#4802=CARTESIAN_POINT('Ctrl Pts',(0.413005907166225,0.0742075739259962,
0.92556296593866));
#4803=CARTESIAN_POINT('Ctrl Pts',(0.393754538979468,0.0749439110734183,
0.996173720990966));
#4804=CARTESIAN_POINT('Ctrl Pts',(0.372667145597037,0.0753388489529245,
1.08123025140397));
#4805=CARTESIAN_POINT('Ctrl Pts',(0.360314712186931,0.0751519349939745,
1.13820999858161));
#4806=CARTESIAN_POINT('Ctrl Pts',(0.352028418933851,0.0747619374899554,
1.18110240019848));
#4807=CARTESIAN_POINT('Ctrl Pts',(0.689641640333894,-0.00295469263029236,
0.));
#4808=CARTESIAN_POINT('Ctrl Pts',(0.678548084091998,0.00616940461977224,
0.0567601138423143));
#4809=CARTESIAN_POINT('Ctrl Pts',(0.663179175667879,0.0165621540326816,
0.127535464129531));
#4810=CARTESIAN_POINT('Ctrl Pts',(0.63555995520895,0.0311863600302674,0.240423792781625));
#4811=CARTESIAN_POINT('Ctrl Pts',(0.605595448822327,0.0441646139256892,
0.353039229158604));
#4812=CARTESIAN_POINT('Ctrl Pts',(0.570592970802225,0.0545088738338291,
0.465059693584465));
#4813=CARTESIAN_POINT('Ctrl Pts',(0.542849549950647,0.0605588812148784,
0.548909022298123));
#4814=CARTESIAN_POINT('Ctrl Pts',(0.524437496608089,0.0641731388259497,
0.604831775975762));
#4815=CARTESIAN_POINT('Ctrl Pts',(0.494097835563416,0.0682196002776906,
0.688351213164923));
#4816=CARTESIAN_POINT('Ctrl Pts',(0.461307180858676,0.0704546045195657,
0.771568829562687));
#4817=CARTESIAN_POINT('Ctrl Pts',(0.431620652981169,0.0721031415922369,
0.855275419754958));
#4818=CARTESIAN_POINT('Ctrl Pts',(0.410385978581819,0.0733977441654701,
0.925562965937194));
#4819=CARTESIAN_POINT('Ctrl Pts',(0.391152233309118,0.0741089388760963,
0.996173720989381));
#4820=CARTESIAN_POINT('Ctrl Pts',(0.370098479647441,0.0744794908312783,
1.0812302514023));
#4821=CARTESIAN_POINT('Ctrl Pts',(0.357779551480671,0.074281322265086,1.13820999857975));
#4822=CARTESIAN_POINT('Ctrl Pts',(0.349524625249449,0.0738857292031972,
1.18110240019662));
#4823=CARTESIAN_POINT('Ctrl Pts',(0.687700604188256,-0.00324235222971967,
0.));
#4824=CARTESIAN_POINT('Ctrl Pts',(0.676527950280022,0.00585861276826743,
0.0567601138423144));
#4825=CARTESIAN_POINT('Ctrl Pts',(0.661067729692969,0.016219692534861,0.127535464124738));
#4826=CARTESIAN_POINT('Ctrl Pts',(0.633316957572986,0.0307872305377268,
0.240423792776838));
#4827=CARTESIAN_POINT('Ctrl Pts',(0.603233769061355,0.043704903308414,0.35303922915127));
#4828=CARTESIAN_POINT('Ctrl Pts',(0.568126045776666,0.0539750114416714,
0.465059693574845));
#4829=CARTESIAN_POINT('Ctrl Pts',(0.540322182272509,0.0599705372792669,
0.548909022287875));
#4830=CARTESIAN_POINT('Ctrl Pts',(0.521876047942435,0.0635502592170859,
0.604831775964919));
#4831=CARTESIAN_POINT('Ctrl Pts',(0.491495891276503,0.0675425224853795,
0.688351213153197));
#4832=CARTESIAN_POINT('Ctrl Pts',(0.458681311829949,0.0697218777945262,
0.77156882954704));
#4833=CARTESIAN_POINT('Ctrl Pts',(0.428987657202028,0.0713234304134744,
0.855275419738661));
#4834=CARTESIAN_POINT('Ctrl Pts',(0.407758200371689,0.0725870771917129,
0.925562965919911));
#4835=CARTESIAN_POINT('Ctrl Pts',(0.388543155365931,0.0732733391403365,
0.996173720970695));
#4836=CARTESIAN_POINT('Ctrl Pts',(0.367524057363387,0.0736197863236293,
1.08123025138271));
#4837=CARTESIAN_POINT('Ctrl Pts',(0.355239064244575,0.0734105709293097,
1.13820999855781));
#4838=CARTESIAN_POINT('Ctrl Pts',(0.347015688455944,0.0730095503394232,
1.18110240017468));
#4839=CARTESIAN_POINT('Ctrl Pts',(0.685715095944375,-0.00349900393974381,
0.));
#4840=CARTESIAN_POINT('Ctrl Pts',(0.674466672117064,0.00557092973828322,
0.0567601138423144));
#4841=CARTESIAN_POINT('Ctrl Pts',(0.658919072669225,0.0158921642027142,
0.127535464123832));
#4842=CARTESIAN_POINT('Ctrl Pts',(0.631042580406325,0.0303934395037109,
0.240423792775932));
#4843=CARTESIAN_POINT('Ctrl Pts',(0.600846158557997,0.0432433684310863,
0.353039229149883));
#4844=CARTESIAN_POINT('Ctrl Pts',(0.565638126862605,0.053439323862354,0.465059693573025));
#4845=CARTESIAN_POINT('Ctrl Pts',(0.537777046951266,0.0593805697093859,
0.548909022285936));
#4846=CARTESIAN_POINT('Ctrl Pts',(0.519298836924621,0.062925561845433,0.604831775962868));
#4847=CARTESIAN_POINT('Ctrl Pts',(0.488880894151658,0.0668634571615736,
0.688351213150979));
#4848=CARTESIAN_POINT('Ctrl Pts',(0.456044649622404,0.0689877536444109,
0.77156882954408));
#4849=CARTESIAN_POINT('Ctrl Pts',(0.426345760223141,0.0705427792168623,
0.855275419735578));
#4850=CARTESIAN_POINT('Ctrl Pts',(0.405122874669333,0.0717756866629949,
0.925562965916642));
#4851=CARTESIAN_POINT('Ctrl Pts',(0.385927580534215,0.0724372435740786,
0.996173720967161));
#4852=CARTESIAN_POINT('Ctrl Pts',(0.364944127437791,0.0727598623661437,
1.081230251379));
#4853=CARTESIAN_POINT('Ctrl Pts',(0.352693487015224,0.0725397887487872,
1.13820999855366));
#4854=CARTESIAN_POINT('Ctrl Pts',(0.34450183892992,0.0721334837904129,1.18110240017053));
#4855=CARTESIAN_POINT('Ctrl Pts',(0.683700944248432,-0.0037357612529268,
0.));
#4856=CARTESIAN_POINT('Ctrl Pts',(0.672378853049537,0.00529827777717361,
0.0567601138423143));
#4857=CARTESIAN_POINT('Ctrl Pts',(0.656746330391999,0.0155744921305963,
0.127535464122791));
#4858=CARTESIAN_POINT('Ctrl Pts',(0.628747826161525,0.0300034925733506,
0.240423792774893));
#4859=CARTESIAN_POINT('Ctrl Pts',(0.598441636994029,0.0427811014598286,
0.353039229148291));
#4860=CARTESIAN_POINT('Ctrl Pts',(0.563136466837284,0.0529025349093873,
0.465059693570937));
#4861=CARTESIAN_POINT('Ctrl Pts',(0.535220258168309,0.058789461935815,0.548909022283711));
#4862=CARTESIAN_POINT('Ctrl Pts',(0.516711272285776,0.0622995366488438,
0.604831775960514));
#4863=CARTESIAN_POINT('Ctrl Pts',(0.486257318038026,0.066182969829603,0.688351213148434));
#4864=CARTESIAN_POINT('Ctrl Pts',(0.453400909605111,0.0682526666074994,
0.771568829540685));
#4865=CARTESIAN_POINT('Ctrl Pts',(0.42369804303514,0.0697615338479894,0.85527541973204));
#4866=CARTESIAN_POINT('Ctrl Pts',(0.402482620088784,0.0709638594832198,
0.925562965912891));
#4867=CARTESIAN_POINT('Ctrl Pts',(0.383307768545274,0.0716008713605049,
0.996173720963105));
#4868=CARTESIAN_POINT('Ctrl Pts',(0.362360610175476,0.0718998447572932,
1.08123025137475));
#4869=CARTESIAN_POINT('Ctrl Pts',(0.350144595574134,0.0716690301675408,
1.1382099985489));
#4870=CARTESIAN_POINT('Ctrl Pts',(0.341984790034072,0.0712575257084567,
1.18110240016577));
#4871=CARTESIAN_POINT('Ctrl Pts',(0.681131111385431,-0.00399695106625889,
0.));
#4872=CARTESIAN_POINT('Ctrl Pts',(0.669720677596381,0.00498392996158896,
0.0567601138423144));
#4873=CARTESIAN_POINT('Ctrl Pts',(0.653986476242307,0.0151952683379984,
0.127535464120264));
#4874=CARTESIAN_POINT('Ctrl Pts',(0.62584209471683,0.0295234625881902,0.240423792772369));
#4875=CARTESIAN_POINT('Ctrl Pts',(0.595404948166033,0.0422026920275349,
0.353039229144423));
#4876=CARTESIAN_POINT('Ctrl Pts',(0.559984089377374,0.0522296517813589,
0.465059693565864));
#4877=CARTESIAN_POINT('Ctrl Pts',(0.532002765984433,0.0580482824563317,
0.548909022278307));
#4878=CARTESIAN_POINT('Ctrl Pts',(0.513457680008749,0.061514256077188,0.604831775954796));
#4879=CARTESIAN_POINT('Ctrl Pts',(0.482961982322314,0.0653294808061475,
0.688351213142251));
#4880=CARTESIAN_POINT('Ctrl Pts',(0.450083181604601,0.0673319381508031,
0.771568829532434));
#4881=CARTESIAN_POINT('Ctrl Pts',(0.420377694317171,0.0687839159359799,
0.855275419723446));
#4882=CARTESIAN_POINT('Ctrl Pts',(0.399173251332688,0.0699483386392015,
0.925562965903778));
#4883=CARTESIAN_POINT('Ctrl Pts',(0.380025233838595,0.0705549851954988,
0.996173720953253));
#4884=CARTESIAN_POINT('Ctrl Pts',(0.359124644753103,0.0708247451265943,
1.08123025136441));
#4885=CARTESIAN_POINT('Ctrl Pts',(0.346952415132363,0.0705807114200579,
1.13820999853733));
#4886=CARTESIAN_POINT('Ctrl Pts',(0.338832621920659,0.0701628477135911,
1.1811024001542));
#4887=CARTESIAN_POINT('Ctrl Pts',(0.677962848477503,-0.00428254881384532,
0.));
#4888=CARTESIAN_POINT('Ctrl Pts',(0.666453315220917,0.00462858909068085,
0.0567601138423144));
#4889=CARTESIAN_POINT('Ctrl Pts',(0.650605084650605,0.0147556130479982,
0.127535464118237));
#4890=CARTESIAN_POINT('Ctrl Pts',(0.622297172943473,0.028954612168581,0.240423792770344));
#4891=CARTESIAN_POINT('Ctrl Pts',(0.591713411786604,0.0415091481525428,
0.353039229141322));
#4892=CARTESIAN_POINT('Ctrl Pts',(0.556162202629462,0.0514192569733368,
0.465059693561795));
#4893=CARTESIAN_POINT('Ctrl Pts',(0.52810842203395,0.0571545833120314,0.548909022273973));
#4894=CARTESIAN_POINT('Ctrl Pts',(0.509523649363332,0.0605669208018319,
0.604831775950211));
#4895=CARTESIAN_POINT('Ctrl Pts',(0.478982992649464,0.0643005189357392,
0.688351213137292));
#4896=CARTESIAN_POINT('Ctrl Pts',(0.446081747993371,0.0662240621999098,
0.771568829525817));
#4897=CARTESIAN_POINT('Ctrl Pts',(0.416376828945786,0.0676092740533936,
0.855275419716554));
#4898=CARTESIAN_POINT('Ctrl Pts',(0.395188143188979,0.0687288258098411,
0.925562965896469));
#4899=CARTESIAN_POINT('Ctrl Pts',(0.376074324850412,0.0692995932299403,
0.996173720945351));
#4900=CARTESIAN_POINT('Ctrl Pts',(0.355231481849107,0.0695348525588429,
1.08123025135612));
#4901=CARTESIAN_POINT('Ctrl Pts',(0.343112564520947,0.0692752484570983,
1.13820999852806));
#4902=CARTESIAN_POINT('Ctrl Pts',(0.335041097849709,0.068849924318464,1.18110240014493));
#4903=CARTESIAN_POINT('Ctrl Pts',(0.67470609829903,-0.00457615316162296,
0.));
#4904=CARTESIAN_POINT('Ctrl Pts',(0.663105887440634,0.00426784229686758,
0.0567601138423144));
#4905=CARTESIAN_POINT('Ctrl Pts',(0.647153147790928,0.0143129444031092,
0.127535464116396));
#4906=CARTESIAN_POINT('Ctrl Pts',(0.618694893130467,0.0283849020339711,
0.240423792768505));
#4907=CARTESIAN_POINT('Ctrl Pts',(0.587976210027382,0.040815895003012,0.353039229138504));
#4908=CARTESIAN_POINT('Ctrl Pts',(0.552302598983624,0.0506055155378453,
0.4650596935581));
#4909=CARTESIAN_POINT('Ctrl Pts',(0.524181721042636,0.0562560330774192,
0.548909022270036));
#4910=CARTESIAN_POINT('Ctrl Pts',(0.505560796163091,0.0596143335893874,
0.604831775946045));
#4911=CARTESIAN_POINT('Ctrl Pts',(0.474980259018129,0.0632670779045402,
0.688351213132788));
#4912=CARTESIAN_POINT('Ctrl Pts',(0.442060891770375,0.0651133942128463,
0.771568829519806));
#4913=CARTESIAN_POINT('Ctrl Pts',(0.412360179454648,0.066433344920418,0.855275419710293));
#4914=CARTESIAN_POINT('Ctrl Pts',(0.391189773312073,0.0675087146891319,
0.92556296588983));
#4915=CARTESIAN_POINT('Ctrl Pts',(0.372112102122133,0.0680442047899713,
0.996173720938173));
#4916=CARTESIAN_POINT('Ctrl Pts',(0.351328811865584,0.0682455363230599,
1.08123025134859));
#4917=CARTESIAN_POINT('Ctrl Pts',(0.339263945142061,0.0679706390014739,
1.13820999851963));
#4918=CARTESIAN_POINT('Ctrl Pts',(0.331241095270161,0.067537997439327,1.1811024001365));
#4919=CARTESIAN_POINT('Ctrl Pts',(0.671359067188236,-0.00490288381769838,
0.));
#4920=CARTESIAN_POINT('Ctrl Pts',(0.659677375085169,0.00388170019747113,
0.0567601138423144));
#4921=CARTESIAN_POINT('Ctrl Pts',(0.64363046444318,0.0138528772252115,0.12753546411453));
#4922=CARTESIAN_POINT('Ctrl Pts',(0.615035929059075,0.027806639260797,0.240423792766642));
#4923=CARTESIAN_POINT('Ctrl Pts',(0.584194638720838,0.0401205325213835,
0.35303922913565));
#4924=CARTESIAN_POINT('Ctrl Pts',(0.548406384607077,0.0497874282794353,
0.465059693554356));
#4925=CARTESIAN_POINT('Ctrl Pts',(0.52022363028115,0.0553522853664722,0.548909022266048));
#4926=CARTESIAN_POINT('Ctrl Pts',(0.501570041218716,0.0586566782472466,
0.604831775941825));
#4927=CARTESIAN_POINT('Ctrl Pts',(0.470954641240618,0.0622297908919244,
0.688351213128224));
#4928=CARTESIAN_POINT('Ctrl Pts',(0.43802135259059,0.0640003274344028,0.771568829513717));
#4929=CARTESIAN_POINT('Ctrl Pts',(0.408328390501645,0.065256356955413,0.855275419703951));
#4930=CARTESIAN_POINT('Ctrl Pts',(0.387178728228811,0.0662882799128058,
0.925562965883104));
#4931=CARTESIAN_POINT('Ctrl Pts',(0.368139102364874,0.0667891173051927,
0.996173720930902));
#4932=CARTESIAN_POINT('Ctrl Pts',(0.347417119661389,0.0669571186760084,
1.08123025134097));
#4933=CARTESIAN_POINT('Ctrl Pts',(0.335407014115133,0.0666672130568044,
1.1382099985111));
#4934=CARTESIAN_POINT('Ctrl Pts',(0.327433054608411,0.0662273994537285,
1.18110240012796));
#4935=CARTESIAN_POINT('Ctrl Pts',(0.667924279139657,-0.00526935512836175,
0.));
#4936=CARTESIAN_POINT('Ctrl Pts',(0.656169920184653,0.00346395660000084,
0.0567601138423144));
#4937=CARTESIAN_POINT('Ctrl Pts',(0.640038738882964,0.0133696179616148,
0.127535464113175));
#4938=CARTESIAN_POINT('Ctrl Pts',(0.611321528348479,0.0272152241826456,
0.240423792765289));
#4939=CARTESIAN_POINT('Ctrl Pts',(0.580369590294184,0.0394196676182644,
0.353039229133576));
#4940=CARTESIAN_POINT('Ctrl Pts',(0.544474510156668,0.0489638320629253,
0.465059693551635));
#4941=CARTESIAN_POINT('Ctrl Pts',(0.516235105447388,0.0544433091193007,
0.54890902226315));
#4942=CARTESIAN_POINT('Ctrl Pts',(0.497552310729383,0.0576944633512304,
0.604831775938759));
#4943=CARTESIAN_POINT('Ctrl Pts',(0.466906967810703,0.0611893982186264,
0.688351213124909));
#4944=CARTESIAN_POINT('Ctrl Pts',(0.433963846159168,0.0628853338722443,
0.771568829509293));
#4945=CARTESIAN_POINT('Ctrl Pts',(0.404282078420687,0.0640785576258848,
0.855275419699342));
#4946=CARTESIAN_POINT('Ctrl Pts',(0.383155566898232,0.0650677831553548,
0.925562965878218));
#4947=CARTESIAN_POINT('Ctrl Pts',(0.364155837539115,0.0655345993801005,
0.996173720925618));
#4948=CARTESIAN_POINT('Ctrl Pts',(0.343496872586497,0.0656698956900168,
1.08123025133542));
#4949=CARTESIAN_POINT('Ctrl Pts',(0.331542218719687,0.0653652918143975,
1.13820999850489));
#4950=CARTESIAN_POINT('Ctrl Pts',(0.323617413508334,0.0649184767950246,
1.18110240012176));
#4951=CARTESIAN_POINT('Ctrl Pts',(0.664407082195229,-0.00566986952702179,
0.));
#4952=CARTESIAN_POINT('Ctrl Pts',(0.652587787784039,0.00301791934906208,
0.0567601138423144));
#4953=CARTESIAN_POINT('Ctrl Pts',(0.636381149639423,0.0128642982024213,
0.127535464111713));
#4954=CARTESIAN_POINT('Ctrl Pts',(0.607553557909281,0.0266094588436514,
0.240423792763828));
#4955=CARTESIAN_POINT('Ctrl Pts',(0.576501955221188,0.0387106993726253,
0.353039229131339));
#4956=CARTESIAN_POINT('Ctrl Pts',(0.540507927079562,0.0481340301357354,
0.465059693548701));
#4957=CARTESIAN_POINT('Ctrl Pts',(0.512217109051343,0.053529379318717,0.548909022260024));
#4958=CARTESIAN_POINT('Ctrl Pts',(0.493508510517695,0.0567283047375644,
0.604831775935452));
#4959=CARTESIAN_POINT('Ctrl Pts',(0.46283800572031,0.0601465250847577,0.688351213121332));
#4960=CARTESIAN_POINT('Ctrl Pts',(0.429889045482904,0.0617688529357196,
0.77156882950452));
#4961=CARTESIAN_POINT('Ctrl Pts',(0.400221826005745,0.0629001949743206,
0.855275419694371));
#4962=CARTESIAN_POINT('Ctrl Pts',(0.379120816000133,0.0638474642046545,
0.925562965872946));
#4963=CARTESIAN_POINT('Ctrl Pts',(0.360162791710279,0.0642808885714195,
0.996173720919919));
#4964=CARTESIAN_POINT('Ctrl Pts',(0.339568519309341,0.0643841340163274,
1.08123025132945));
#4965=CARTESIAN_POINT('Ctrl Pts',(0.327669996290135,0.064065179249176,1.1382099984982));
#4966=CARTESIAN_POINT('Ctrl Pts',(0.319794608203283,0.0636115730542928,
1.18110240011507));
#4967=CARTESIAN_POINT('Ctrl Pts',(0.661113808758058,-0.00605603577496996,
0.));
#4968=CARTESIAN_POINT('Ctrl Pts',(0.649240803350391,0.00259194605208704,
0.0567601138423144));
#4969=CARTESIAN_POINT('Ctrl Pts',(0.63297171859811,0.0123861847197717,0.127535464110152));
#4970=CARTESIAN_POINT('Ctrl Pts',(0.604052641724927,0.0260425881519293,
0.240423792762269));
#4971=CARTESIAN_POINT('Ctrl Pts',(0.572918543432797,0.0380522683565708,
0.353039229128951));
#4972=CARTESIAN_POINT('Ctrl Pts',(0.536841000385828,0.0473676485309851,
0.465059693545568));
#4973=CARTESIAN_POINT('Ctrl Pts',(0.508507824315082,0.0526875979216165,
0.548909022256686));
#4974=CARTESIAN_POINT('Ctrl Pts',(0.489778607484869,0.055839680306691,0.60483177593192));
#4975=CARTESIAN_POINT('Ctrl Pts',(0.459089265593323,0.0591887732419864,
0.688351213117514));
#4976=CARTESIAN_POINT('Ctrl Pts',(0.426138537931546,0.0607444136900896,
0.771568829499425));
#4977=CARTESIAN_POINT('Ctrl Pts',(0.3964876566596,0.0618197518948684,0.855275419689064));
#4978=CARTESIAN_POINT('Ctrl Pts',(0.375412127109067,0.0627292118494616,
0.925562965867319));
#4979=CARTESIAN_POINT('Ctrl Pts',(0.356493955852334,0.0631325950516451,
0.996173720913835));
#4980=CARTESIAN_POINT('Ctrl Pts',(0.335960495024872,0.0632070810454543,
1.08123025132306));
#4981=CARTESIAN_POINT('Ctrl Pts',(0.324114044805311,0.0628753255097062,
1.13820999849106));
#4982=CARTESIAN_POINT('Ctrl Pts',(0.316284202135358,0.0624157274948527,
1.18110240010793));
#4983=CARTESIAN_POINT('Ctrl Pts',(0.658070109876243,-0.00641115420794848,
0.));
#4984=CARTESIAN_POINT('Ctrl Pts',(0.646151872977803,0.00219938704887341,
0.0567601138423144));
#4985=CARTESIAN_POINT('Ctrl Pts',(0.629830312335646,0.0119452099141045,
0.127535464109065));
#4986=CARTESIAN_POINT('Ctrl Pts',(0.600834492285868,0.0255202935256927,
0.240423792761184));
#4987=CARTESIAN_POINT('Ctrl Pts',(0.569631463253427,0.0374467824348085,
0.353039229127288));
#4988=CARTESIAN_POINT('Ctrl Pts',(0.533483622147851,0.0466666722508591,
0.465059693543387));
#4989=CARTESIAN_POINT('Ctrl Pts',(0.505115674399493,0.051919658672442,0.548909022254363));
#4990=CARTESIAN_POINT('Ctrl Pts',(0.486370044997827,0.0550299490077052,
0.604831775929462));
#4991=CARTESIAN_POINT('Ctrl Pts',(0.455666809749052,0.0583169731545769,
0.688351213114855));
#4992=CARTESIAN_POINT('Ctrl Pts',(0.422717272776035,0.0598125652445199,
0.771568829495878));
#4993=CARTESIAN_POINT('Ctrl Pts',(0.393083581685777,0.0608374996230272,
0.855275419685369));
#4994=CARTESIAN_POINT('Ctrl Pts',(0.372032851247225,0.0617130757090568,
0.925562965863401));
#4995=CARTESIAN_POINT('Ctrl Pts',(0.35315217719398,0.0620895893442034,0.996173720909599));
#4996=CARTESIAN_POINT('Ctrl Pts',(0.332675185819107,0.062138434452001,1.08123025131862));
#4997=CARTESIAN_POINT('Ctrl Pts',(0.32087656927561,0.0617953484761453,1.13820999848609));
#4998=CARTESIAN_POINT('Ctrl Pts',(0.313088335742888,0.0613305183372127,
1.18110240010296));
#4999=CARTESIAN_POINT('Ctrl Pts',(0.654369812643241,-0.0068348452548201,
0.));
#5000=CARTESIAN_POINT('Ctrl Pts',(0.642400424439542,0.00172812405252514,
0.0567601138423144));
#5001=CARTESIAN_POINT('Ctrl Pts',(0.62601966001084,0.0114132411313447,0.127535464108098));
#5002=CARTESIAN_POINT('Ctrl Pts',(0.596937602816154,0.0248883857180907,
0.240423792760218));
#5003=CARTESIAN_POINT('Ctrl Pts',(0.565657486540509,0.0367137452648538,
0.353039229125807));
#5004=CARTESIAN_POINT('Ctrl Pts',(0.529430911391395,0.0458216083279019,
0.465059693541445));
#5005=CARTESIAN_POINT('Ctrl Pts',(0.501024987855833,0.0509957910334866,
0.548909022252294));
#5006=CARTESIAN_POINT('Ctrl Pts',(0.482261985021733,0.0540566444987922,
0.604831775927273));
#5007=CARTESIAN_POINT('Ctrl Pts',(0.451545301939519,0.057269846773151,0.688351213112488));
#5008=CARTESIAN_POINT('Ctrl Pts',(0.418600028874113,0.0586939577820696,
0.77156882949272));
#5009=CARTESIAN_POINT('Ctrl Pts',(0.388989335785562,0.0596589152204006,
0.85527541968208));
#5010=CARTESIAN_POINT('Ctrl Pts',(0.36797001754403,0.0604943074605679,0.925562965859912));
#5011=CARTESIAN_POINT('Ctrl Pts',(0.349135627386004,0.0608390205334421,
0.996173720905827));
#5012=CARTESIAN_POINT('Ctrl Pts',(0.328727610792565,0.0608576143279746,
1.08123025131467));
#5013=CARTESIAN_POINT('Ctrl Pts',(0.316986907242414,0.0605012578639138,
1.13820999848166));
#5014=CARTESIAN_POINT('Ctrl Pts',(0.309248822992798,0.0600303841657563,
1.18110240009853));
#5015=CARTESIAN_POINT('Ctrl Pts',(0.649660009039497,-0.00735101531330731,
0.));
#5016=CARTESIAN_POINT('Ctrl Pts',(0.637631718061696,0.00114593185185308,
0.0567601138423144));
#5017=CARTESIAN_POINT('Ctrl Pts',(0.621183188489492,0.0107487871973738,
0.127535464104985));
#5018=CARTESIAN_POINT('Ctrl Pts',(0.592003175390605,0.0240924084020553,
0.240423792757109));
#5019=CARTESIAN_POINT('Ctrl Pts',(0.560636343929313,0.0357872077625404,
0.353039229121045));
#5020=CARTESIAN_POINT('Ctrl Pts',(0.524321513294803,0.044759125971739,0.465059693535198));
#5021=CARTESIAN_POINT('Ctrl Pts',(0.495874929823475,0.0498373332617211,
0.548909022245639));
#5022=CARTESIAN_POINT('Ctrl Pts',(0.477094408803991,0.0528374706191115,
0.604831775920231));
#5023=CARTESIAN_POINT('Ctrl Pts',(0.446366779449339,0.055959391724586,0.688351213104873));
#5024=CARTESIAN_POINT('Ctrl Pts',(0.413432078017833,0.0572952422395024,
0.771568829482558));
#5025=CARTESIAN_POINT('Ctrl Pts',(0.383854516274333,0.0581861817045796,
0.855275419671495));
#5026=CARTESIAN_POINT('Ctrl Pts',(0.362877511568798,0.0589721938300791,
0.925562965848688));
#5027=CARTESIAN_POINT('Ctrl Pts',(0.34410336183372,0.0592779664260128,0.996173720893693));
#5028=CARTESIAN_POINT('Ctrl Pts',(0.323783821321175,0.0592597103040414,
1.08123025130194));
#5029=CARTESIAN_POINT('Ctrl Pts',(0.312116479235285,0.0588873893114784,
1.13820999846741));
#5030=CARTESIAN_POINT('Ctrl Pts',(0.304441507565956,0.0584094204401809,
1.18110240008428));
#5031=CARTESIAN_POINT('Ctrl Pts',(0.643882410879984,-0.00794692375802119,
0.));
#5032=CARTESIAN_POINT('Ctrl Pts',(0.631790932155072,0.000462590745716275,
0.0567601138423145));
#5033=CARTESIAN_POINT('Ctrl Pts',(0.615270305978305,0.00995843917096378,
0.127535464102341));
#5034=CARTESIAN_POINT('Ctrl Pts',(0.585987283858022,0.0231351707318287,
0.240423792754468));
#5035=CARTESIAN_POINT('Ctrl Pts',(0.554530616378505,0.0346670770187218,
0.353039229116999));
#5036=CARTESIAN_POINT('Ctrl Pts',(0.518124573943607,0.0434783195965114,
0.46505969352989));
#5037=CARTESIAN_POINT('Ctrl Pts',(0.489639198585138,0.0484432539441237,
0.548909022239985));
#5038=CARTESIAN_POINT('Ctrl Pts',(0.470843884338096,0.0513713387705663,
0.604831775914249));
#5039=CARTESIAN_POINT('Ctrl Pts',(0.440112010939387,0.0543848998463845,
0.688351213098405));
#5040=CARTESIAN_POINT('Ctrl Pts',(0.407198128282222,0.0556167413442137,
0.771568829473926));
#5041=CARTESIAN_POINT('Ctrl Pts',(0.377667164665091,0.0564205779894338,
0.855275419662504));
#5042=CARTESIAN_POINT('Ctrl Pts',(0.356745663498385,0.0571485980762857,
0.925562965839154));
#5043=CARTESIAN_POINT('Ctrl Pts',(0.338047543142276,0.0574088854775025,
0.996173720883386));
#5044=CARTESIAN_POINT('Ctrl Pts',(0.317837752802833,0.0573478811816226,
1.08123025129113));
#5045=CARTESIAN_POINT('Ctrl Pts',(0.306260029342436,0.0569573649766216,
1.13820999845531));
#5046=CARTESIAN_POINT('Ctrl Pts',(0.298661529036716,0.0564715928204751,
1.18110240007218));
#5047=CARTESIAN_POINT('Ctrl Pts',(0.637982491020488,-0.00853574922188025,
0.));
#5048=CARTESIAN_POINT('Ctrl Pts',(0.625835896450031,-0.000216104033178588,
0.0567601138423143));
#5049=CARTESIAN_POINT('Ctrl Pts',(0.609252886848969,0.0091702118080355,
0.127535464101101));
#5050=CARTESIAN_POINT('Ctrl Pts',(0.579881671893807,0.0221771215709281,
0.24042379275323));
#5051=CARTESIAN_POINT('Ctrl Pts',(0.548349361765943,0.0335440517771263,
0.353039229115101));
#5052=CARTESIAN_POINT('Ctrl Pts',(0.51186553933197,0.0421941825428454,0.465059693527402));
#5053=CARTESIAN_POINT('Ctrl Pts',(0.483350624795848,0.0470461997876665,
0.548909022237334));
#5054=CARTESIAN_POINT('Ctrl Pts',(0.464546379929973,0.049902572867371,0.604831775911445));
#5055=CARTESIAN_POINT('Ctrl Pts',(0.433818788084125,0.052808993302325,0.688351213095372));
#5056=CARTESIAN_POINT('Ctrl Pts',(0.400933587423927,0.0539388857624914,
0.771568829469879));
#5057=CARTESIAN_POINT('Ctrl Pts',(0.371455878591008,0.0546575229532432,
0.855275419658289));
#5058=CARTESIAN_POINT('Ctrl Pts',(0.350594476458266,0.055328784728633,0.925562965834684));
#5059=CARTESIAN_POINT('Ctrl Pts',(0.331976056585916,0.0555447866766133,
0.996173720878552));
#5060=CARTESIAN_POINT('Ctrl Pts',(0.311879561729131,0.0554424065298775,
1.08123025128606));
#5061=CARTESIAN_POINT('Ctrl Pts',(0.300393066343163,0.0550345640424586,
1.13820999844964));
#5062=CARTESIAN_POINT('Ctrl Pts',(0.292871818078458,0.0545416112200999,
1.18110240006651));
#5063=CARTESIAN_POINT('Ctrl Pts',(0.631962220259972,-0.00913679061103346,
0.));
#5064=CARTESIAN_POINT('Ctrl Pts',(0.61976922887128,-0.000904166508798658,
0.0567601138423145));
#5065=CARTESIAN_POINT('Ctrl Pts',(0.60313415723361,0.00837554773390211,
0.127535464098283));
#5066=CARTESIAN_POINT('Ctrl Pts',(0.573690073182373,0.0212158211205555,
0.240423792750415));
#5067=CARTESIAN_POINT('Ctrl Pts',(0.542096533254312,0.0324201330042259,
0.35303922911079));
#5068=CARTESIAN_POINT('Ctrl Pts',(0.505547541608994,0.0409076338578426,
0.465059693521746));
#5069=CARTESIAN_POINT('Ctrl Pts',(0.477011831543706,0.0456465121583555,
0.548909022231309));
#5070=CARTESIAN_POINT('Ctrl Pts',(0.458204271862247,0.0484314899505322,
0.60483177590507));
#5071=CARTESIAN_POINT('Ctrl Pts',(0.427489209519668,0.05123228741,0.688351213088478));
#5072=CARTESIAN_POINT('Ctrl Pts',(0.394640292688548,0.0522624169959322,
0.77156882946068));
#5073=CARTESIAN_POINT('Ctrl Pts',(0.365222308298451,0.0528978873336504,
0.855275419648707));
#5074=CARTESIAN_POINT('Ctrl Pts',(0.34442548120117,0.0535136421288211,0.925562965824524));
#5075=CARTESIAN_POINT('Ctrl Pts',(0.325890361110427,0.0536865285588816,
0.996173720867567));
#5076=CARTESIAN_POINT('Ctrl Pts',(0.30591066109025,0.0535440489448932,1.08123025127453));
#5077=CARTESIAN_POINT('Ctrl Pts',(0.294517009744056,0.0531196388939308,
1.13820999843674));
#5078=CARTESIAN_POINT('Ctrl Pts',(0.287073819568379,0.0526200184511332,
1.18110240005361));
#5079=CARTESIAN_POINT('Ctrl Pts',(0.626848419891117,-0.00965491823394082,
0.));
#5080=CARTESIAN_POINT('Ctrl Pts',(0.614623897037768,-0.00149110955121662,
0.0567601138423143));
#5081=CARTESIAN_POINT('Ctrl Pts',(0.597953859423336,0.00770358569034605,
0.127535464097635));
#5082=CARTESIAN_POINT('Ctrl Pts',(0.568461551989543,0.020409491579839,0.240423792749767));
#5083=CARTESIAN_POINT('Ctrl Pts',(0.536828727439035,0.0314817500031696,
0.353039229109797));
#5084=CARTESIAN_POINT('Ctrl Pts',(0.500235656275215,0.0398331304071773,
0.465059693520444));
#5085=CARTESIAN_POINT('Ctrl Pts',(0.471689703532109,0.0444779164960926,
0.548909022229922));
#5086=CARTESIAN_POINT('Ctrl Pts',(0.452883935711728,0.0472039146316631,
0.604831775903603));
#5087=CARTESIAN_POINT('Ctrl Pts',(0.422185994038641,0.0499182447379802,
0.688351213086892));
#5088=CARTESIAN_POINT('Ctrl Pts',(0.389373458800297,0.0508671644003782,
0.771568829458564));
#5089=CARTESIAN_POINT('Ctrl Pts',(0.360010483686136,0.0514350842183444,
0.855275419646502));
#5090=CARTESIAN_POINT('Ctrl Pts',(0.339271107065293,0.0520056715700391,
0.925562965822186));
#5091=CARTESIAN_POINT('Ctrl Pts',(0.320808338286271,0.0521435993610142,
0.99617372086504));
#5092=CARTESIAN_POINT('Ctrl Pts',(0.300928832700271,0.0519687198996531,
1.08123025127188));
#5093=CARTESIAN_POINT('Ctrl Pts',(0.289613886999044,0.051531066445764,1.13820999843378));
#5094=CARTESIAN_POINT('Ctrl Pts',(0.282236421941656,0.0510262432312326,
1.18110240005065));
#5095=CARTESIAN_POINT('Ctrl Pts',(0.622702476008972,-0.0100782551849748,
0.));
#5096=CARTESIAN_POINT('Ctrl Pts',(0.610456545398326,-0.00196815477680866,
0.0567601138423144));
#5097=CARTESIAN_POINT('Ctrl Pts',(0.593763114809753,0.00716003733770185,
0.127535464096797));
#5098=CARTESIAN_POINT('Ctrl Pts',(0.564239144427231,0.0197603647496329,
0.240423792748931));
#5099=CARTESIAN_POINT('Ctrl Pts',(0.532581483067938,0.0307286366321489,
0.353039229108516));
#5100=CARTESIAN_POINT('Ctrl Pts',(0.49595924493439,0.0389716552068379,0.465059693518763));
#5101=CARTESIAN_POINT('Ctrl Pts',(0.467409305570427,0.0435417713618193,
0.548909022228131));
#5102=CARTESIAN_POINT('Ctrl Pts',(0.44860764872154,0.0462210968307904,0.604831775901708));
#5103=CARTESIAN_POINT('Ctrl Pts',(0.41792730234223,0.0488672997955034,0.688351213084843));
#5104=CARTESIAN_POINT('Ctrl Pts',(0.385147464748013,0.0497524471208992,
0.771568829455829));
#5105=CARTESIAN_POINT('Ctrl Pts',(0.355831556522394,0.0502673885217171,
0.855275419643654));
#5106=CARTESIAN_POINT('Ctrl Pts',(0.335140269057138,0.0508025293642019,
0.925562965819165));
#5107=CARTESIAN_POINT('Ctrl Pts',(0.31673709959987,0.0509130866700067,0.996173720861774));
#5108=CARTESIAN_POINT('Ctrl Pts',(0.296939429328497,0.0507129036642142,
1.08123025126846));
#5109=CARTESIAN_POINT('Ctrl Pts',(0.285688233108251,0.0502649847017066,
1.13820999842994));
#5110=CARTESIAN_POINT('Ctrl Pts',(0.278363747375999,0.0497561990205647,
1.18110240004681));
#5111=CARTESIAN_POINT('Ctrl Pts',(0.618521163142815,-0.0105060968438148,
0.));
#5112=CARTESIAN_POINT('Ctrl Pts',(0.60625619055162,-0.00244923440651109,
0.0567601138423143));
#5113=CARTESIAN_POINT('Ctrl Pts',(0.589542219258685,0.00661299507327085,
0.127535464096376));
#5114=CARTESIAN_POINT('Ctrl Pts',(0.559990965766023,0.019108569482701,0.24042379274851));
#5115=CARTESIAN_POINT('Ctrl Pts',(0.528312678243276,0.0299736488137332,
0.353039229107871));
#5116=CARTESIAN_POINT('Ctrl Pts',(0.491665307845487,0.0381088771933875,
0.465059693517918));
#5117=CARTESIAN_POINT('Ctrl Pts',(0.463114165455479,0.0426048462901277,
0.548909022227231));
#5118=CARTESIAN_POINT('Ctrl Pts',(0.444318382574164,0.0452378798030942,
0.604831775900755));
#5119=CARTESIAN_POINT('Ctrl Pts',(0.413658194986228,0.047816665310113,0.688351213083812));
#5120=CARTESIAN_POINT('Ctrl Pts',(0.38091342594785,0.0486388473777733,0.771568829454455));
#5121=CARTESIAN_POINT('Ctrl Pts',(0.351646601228651,0.0491015208487069,
0.855275419642223));
#5122=CARTESIAN_POINT('Ctrl Pts',(0.331004804392093,0.0496016843297845,
0.925562965817647));
#5123=CARTESIAN_POINT('Ctrl Pts',(0.312662364732341,0.0496852779728668,
0.996173720860133));
#5124=CARTESIAN_POINT('Ctrl Pts',(0.292947634208942,0.049460214567983,1.08123025126674));
#5125=CARTESIAN_POINT('Ctrl Pts',(0.281760702742217,0.0490022575594686,
1.13820999842802));
#5126=CARTESIAN_POINT('Ctrl Pts',(0.274489457727502,0.0484896488378613,
1.18110240004489));
#5127=CARTESIAN_POINT('Ctrl Pts',(0.613230543212252,-0.0110465885517531,
0.));
#5128=CARTESIAN_POINT('Ctrl Pts',(0.600945853397431,-0.00305624723569021,
0.0567601138423145));
#5129=CARTESIAN_POINT('Ctrl Pts',(0.584211199949521,0.00592373632392655,
0.127535464094932));
#5130=CARTESIAN_POINT('Ctrl Pts',(0.554633604133448,0.018288996924876,0.240423792747067));
#5131=CARTESIAN_POINT('Ctrl Pts',(0.522937077751728,0.0290259544845679,
0.353039229105661));
#5132=CARTESIAN_POINT('Ctrl Pts',(0.486265796525118,0.0370278905621337,
0.465059693515019));
#5133=CARTESIAN_POINT('Ctrl Pts',(0.457718326940698,0.0414323668530054,
0.548909022224143));
#5134=CARTESIAN_POINT('Ctrl Pts',(0.438933149209327,0.044008314522057,0.604831775897488));
#5135=CARTESIAN_POINT('Ctrl Pts',(0.408302898738403,0.0465041737488496,
0.688351213080279));
#5136=CARTESIAN_POINT('Ctrl Pts',(0.375606367178132,0.0472491797890542,
0.77156882944974));
#5137=CARTESIAN_POINT('Ctrl Pts',(0.346404636141422,0.0476478595684278,
0.855275419637312));
#5138=CARTESIAN_POINT('Ctrl Pts',(0.325827297336834,0.0481052001033886,
0.92556296581244));
#5139=CARTESIAN_POINT('Ctrl Pts',(0.307562861446686,0.0481558699788145,
0.996173720854504));
#5140=CARTESIAN_POINT('Ctrl Pts',(0.287953847523378,0.047900522188621,1.08123025126083));
#5141=CARTESIAN_POINT('Ctrl Pts',(0.276848197840974,0.0474304599469248,
1.13820999842141));
#5142=CARTESIAN_POINT('Ctrl Pts',(0.269643984785923,0.0469133454880543,
1.18110240003828));
#5143=CARTESIAN_POINT('Ctrl Pts',(0.607860674459364,-0.0115870119465718,
0.));
#5144=CARTESIAN_POINT('Ctrl Pts',(0.595560906411906,-0.00366504209120442,
0.0567601138423142));
#5145=CARTESIAN_POINT('Ctrl Pts',(0.578811350105157,0.00523100481887069,
0.127535464093613));
#5146=CARTESIAN_POINT('Ctrl Pts',(0.549216669785949,0.0174645993456354,
0.24042379274575));
#5147=CARTESIAN_POINT('Ctrl Pts',(0.517511079219513,0.0280730016150907,
0.353039229103643));
#5148=CARTESIAN_POINT('Ctrl Pts',(0.480825591283124,0.0359439177029168,
0.465059693512372));
#5149=CARTESIAN_POINT('Ctrl Pts',(0.452288515786809,0.0402586962265306,
0.548909022221322));
#5150=CARTESIAN_POINT('Ctrl Pts',(0.433518155570104,0.0427786172026398,
0.604831775894504));
#5151=CARTESIAN_POINT('Ctrl Pts',(0.402923987934275,0.0451932874935746,
0.688351213077052));
#5152=CARTESIAN_POINT('Ctrl Pts',(0.370281479126994,0.0458631924326937,
0.771568829445434));
#5153=CARTESIAN_POINT('Ctrl Pts',(0.341149741803519,0.046199697292296,0.855275419632826));
#5154=CARTESIAN_POINT('Ctrl Pts',(0.320640235802352,0.0466154595613119,
0.925562965807683));
#5155=CARTESIAN_POINT('Ctrl Pts',(0.302456516818578,0.0466343103375894,
0.99617372084936));
#5156=CARTESIAN_POINT('Ctrl Pts',(0.282955858324228,0.0463498634208274,
1.08123025125544));
#5157=CARTESIAN_POINT('Ctrl Pts',(0.271932709027066,0.0458683663269686,
1.13820999841537));
#5158=CARTESIAN_POINT('Ctrl Pts',(0.264796136082095,0.0453471803592465,
1.18110240003224));
#5159=CARTESIAN_POINT('Ctrl Pts',(0.603520148327854,-0.0120169930886757,
0.));
#5160=CARTESIAN_POINT('Ctrl Pts',(0.591210827048671,-0.00415116723734473,
0.0567601138423145));
#5161=CARTESIAN_POINT('Ctrl Pts',(0.574452513207001,0.0046763706294064,
0.127535464093347));
#5162=CARTESIAN_POINT('Ctrl Pts',(0.544849295256126,0.0168033423498107,
0.240423792745484));
#5163=CARTESIAN_POINT('Ctrl Pts',(0.513141589743883,0.0273082493597841,
0.353039229103236));
#5164=CARTESIAN_POINT('Ctrl Pts',(0.476450288213353,0.0350754978244705,
0.465059693511837));
#5165=CARTESIAN_POINT('Ctrl Pts',(0.447925406379766,0.0393194844030072,
0.548909022220753));
#5166=CARTESIAN_POINT('Ctrl Pts',(0.429169333974497,0.0417951532500213,
0.604831775893901));
#5167=CARTESIAN_POINT('Ctrl Pts',(0.398607626515725,0.0441458540759654,
0.688351213076401));
#5168=CARTESIAN_POINT('Ctrl Pts',(0.366011770828433,0.0447569242316454,
0.771568829444565));
#5169=CARTESIAN_POINT('Ctrl Pts',(0.336938930630284,0.045044801127625,0.855275419631921));
#5170=CARTESIAN_POINT('Ctrl Pts',(0.316485668577794,0.045428069665313,0.925562965806724));
#5171=CARTESIAN_POINT('Ctrl Pts',(0.298368108098731,0.0454221702251904,
0.996173720848323));
#5172=CARTESIAN_POINT('Ctrl Pts',(0.278955667398349,0.0451152231536649,
1.08123025125435));
#5173=CARTESIAN_POINT('Ctrl Pts',(0.267999218729734,0.044625041308092,1.13820999841415));
#5174=CARTESIAN_POINT('Ctrl Pts',(0.260917100647895,0.0441009131665393,
1.18110240003102));
#5175=CARTESIAN_POINT('Ctrl Pts',(0.599150615261227,-0.0124453853418191,
0.));
#5176=CARTESIAN_POINT('Ctrl Pts',(0.586833385371372,-0.00463654282563588,
0.0567601138423143));
#5177=CARTESIAN_POINT('Ctrl Pts',(0.570068378112751,0.00412166924519377,
0.127535464093077));
#5178=CARTESIAN_POINT('Ctrl Pts',(0.540459973426621,0.0161412641304871,
0.240423792745215));
#5179=CARTESIAN_POINT('Ctrl Pts',(0.508753504088971,0.0265422891132313,
0.353039229102823));
#5180=CARTESIAN_POINT('Ctrl Pts',(0.472059984669126,0.0342064871643808,
0.465059693511296));
#5181=CARTESIAN_POINT('Ctrl Pts',(0.44354982303681,0.0383802472806903,0.548909022220176));
#5182=CARTESIAN_POINT('Ctrl Pts',(0.424809629186944,0.0408120115417135,
0.604831775893291));
#5183=CARTESIAN_POINT('Ctrl Pts',(0.394282749758662,0.0430993792352116,
0.688351213075741));
#5184=CARTESIAN_POINT('Ctrl Pts',(0.361735825794872,0.0436524410495467,
0.771568829443684));
#5185=CARTESIAN_POINT('Ctrl Pts',(0.332723807060431,0.0438924379193149,
0.855275419631003));
#5186=CARTESIAN_POINT('Ctrl Pts',(0.312328093206842,0.0442437306636972,
0.92556296580575));
#5187=CARTESIAN_POINT('Ctrl Pts',(0.294277735133628,0.0442135638445964,
0.99617372084727));
#5188=CARTESIAN_POINT('Ctrl Pts',(0.274954519774607,0.0438846565172983,
1.08123025125325));
#5189=CARTESIAN_POINT('Ctrl Pts',(0.264065229352052,0.043386117795171,1.13820999841292));
#5190=CARTESIAN_POINT('Ctrl Pts',(0.257037788250579,0.0428592744383155,
1.18110240002979));
#5191=CARTESIAN_POINT('Ctrl Pts',(0.593635670627506,-0.0129779683027143,
0.));
#5192=CARTESIAN_POINT('Ctrl Pts',(0.58131158443084,-0.00524170167477482,
0.0567601138423145));
#5193=CARTESIAN_POINT('Ctrl Pts',(0.564542022363742,0.00342858539309845,
0.127535464092383));
#5194=CARTESIAN_POINT('Ctrl Pts',(0.534933286277855,0.015312733597256,0.240423792744521));
#5195=CARTESIAN_POINT('Ctrl Pts',(0.50323451583324,0.0255832897103814,0.35303922910176));
#5196=CARTESIAN_POINT('Ctrl Pts',(0.466544770906613,0.0331195573693557,
0.465059693509902));
#5197=CARTESIAN_POINT('Ctrl Pts',(0.438057636117972,0.0372064441449432,
0.548909022218691));
#5198=CARTESIAN_POINT('Ctrl Pts',(0.419340213788263,0.0395839182346253,
0.60483177589172));
#5199=CARTESIAN_POINT('Ctrl Pts',(0.388861257298247,0.0417932784689477,
0.688351213074042));
#5200=CARTESIAN_POINT('Ctrl Pts',(0.356379751839076,0.0422753761432058,
0.771568829441417));
#5201=CARTESIAN_POINT('Ctrl Pts',(0.327447349441148,0.0424569379083595,
0.855275419628643));
#5202=CARTESIAN_POINT('Ctrl Pts',(0.307125990391483,0.0427692422588172,
0.925562965803247));
#5203=CARTESIAN_POINT('Ctrl Pts',(0.289161569721445,0.0427096690930081,
0.996173720844564));
#5204=CARTESIAN_POINT('Ctrl Pts',(0.269951748298859,0.0423543612963045,
1.08123025125041));
#5205=CARTESIAN_POINT('Ctrl Pts',(0.259147247741713,0.0418460250253336,
1.13820999840974));
#5206=CARTESIAN_POINT('Ctrl Pts',(0.252188557491627,0.0413162444761664,
1.18110240002661));
#5207=CARTESIAN_POINT('Ctrl Pts',(0.586936490880856,-0.013614853650445,
0.));
#5208=CARTESIAN_POINT('Ctrl Pts',(0.574609003444418,-0.00596660769776132,
0.0567601138423143));
#5209=CARTESIAN_POINT('Ctrl Pts',(0.557839992876585,0.00259732017689479,
0.127535464091678));
#5210=CARTESIAN_POINT('Ctrl Pts',(0.528240488428593,0.0143182298134269,
0.240423792743817));
#5211=CARTESIAN_POINT('Ctrl Pts',(0.496560533279912,0.0244320453671419,
0.353039229100681));
#5212=CARTESIAN_POINT('Ctrl Pts',(0.459885220325076,0.0318154609698654,
0.465059693508487));
#5213=CARTESIAN_POINT('Ctrl Pts',(0.43143279577352,0.0357991494866085,0.548909022217184));
#5214=CARTESIAN_POINT('Ctrl Pts',(0.412747207959073,0.0381122811468972,
0.604831775890125));
#5215=CARTESIAN_POINT('Ctrl Pts',(0.382332629784446,0.0402298347233172,
0.688351213072317));
#5216=CARTESIAN_POINT('Ctrl Pts',(0.349936362117025,0.0406292232416672,
0.771568829439116));
#5217=CARTESIAN_POINT('Ctrl Pts',(0.321105183263736,0.0407429542483134,
0.855275419626245));
#5218=CARTESIAN_POINT('Ctrl Pts',(0.300876849918198,0.041010063462372,0.925562965800705));
#5219=CARTESIAN_POINT('Ctrl Pts',(0.283018589460779,0.0409167379755653,
0.996173720841815));
#5220=CARTESIAN_POINT('Ctrl Pts',(0.263947755350337,0.0405315089236312,
1.08123025124752));
#5221=CARTESIAN_POINT('Ctrl Pts',(0.253246313162751,0.0400125276401977,
1.13820999840651));
#5222=CARTESIAN_POINT('Ctrl Pts',(0.246370748239912,0.0394800189033916,
1.18110240002338));
#5223=CARTESIAN_POINT('Ctrl Pts',(0.580159249621974,-0.0142526851142021,
0.));
#5224=CARTESIAN_POINT('Ctrl Pts',(0.567833166700543,-0.00669228802813486,
0.0567601138423144));
#5225=CARTESIAN_POINT('Ctrl Pts',(0.551070672536044,0.00176557686201065,
0.12753546409132));
#5226=CARTESIAN_POINT('Ctrl Pts',(0.521489857232512,0.0133237933713895,
0.240423792743461));
#5227=CARTESIAN_POINT('Ctrl Pts',(0.489838084566898,0.0232815867035081,
0.353039229100135));
#5228=CARTESIAN_POINT('Ctrl Pts',(0.453186671700651,0.0305125180170865,
0.46505969350777));
#5229=CARTESIAN_POINT('Ctrl Pts',(0.424775779225537,0.0343938892947611,
0.54890902221642));
#5230=CARTESIAN_POINT('Ctrl Pts',(0.406126398336113,0.036643453815005,0.604831775889317));
#5231=CARTESIAN_POINT('Ctrl Pts',(0.375782929953834,0.0386710237398087,
0.688351213071443));
#5232=CARTESIAN_POINT('Ctrl Pts',(0.343478548056862,0.0389901374626418,
0.77156882943795));
#5233=CARTESIAN_POINT('Ctrl Pts',(0.314754207834003,0.0390383404065711,
0.855275419625031));
#5234=CARTESIAN_POINT('Ctrl Pts',(0.294622640242893,0.0392618606517831,
0.925562965799417));
#5235=CARTESIAN_POINT('Ctrl Pts',(0.276873532220804,0.0391363417436857,
0.996173720840422));
#5236=CARTESIAN_POINT('Ctrl Pts',(0.257944560821608,0.0387229850422441,
1.08123025124606));
#5237=CARTESIAN_POINT('Ctrl Pts',(0.247347473917276,0.0381944992415271,
1.13820999840488));
#5238=CARTESIAN_POINT('Ctrl Pts',(0.240555654793013,0.037660083757535,1.18110240002175));
#5239=CARTESIAN_POINT('Ctrl Pts',(0.573307309761345,-0.0148930971607516,
0.));
#5240=CARTESIAN_POINT('Ctrl Pts',(0.560987294555902,-0.0074198739863685,
0.0567601138423144));
#5241=CARTESIAN_POINT('Ctrl Pts',(0.544237099755576,0.000932729647257874,
0.12753546409059));
#5242=CARTESIAN_POINT('Ctrl Pts',(0.514684151333163,0.0123294486271721,
0.240423792742731));
#5243=CARTESIAN_POINT('Ctrl Pts',(0.483069654100974,0.0221324411434619,
0.353039229099017));
#5244=CARTESIAN_POINT('Ctrl Pts',(0.446451307844026,0.0292113621931241,
0.465059693506304));
#5245=CARTESIAN_POINT('Ctrl Pts',(0.41808857896825,0.0329913578672368,0.548909022214858));
#5246=CARTESIAN_POINT('Ctrl Pts',(0.399479665179583,0.0351781853896992,
0.604831775887664));
#5247=CARTESIAN_POINT('Ctrl Pts',(0.369213891779415,0.0371176673606767,
0.688351213069656));
#5248=CARTESIAN_POINT('Ctrl Pts',(0.337007925037313,0.0373589640458782,
0.771568829435565));
#5249=CARTESIAN_POINT('Ctrl Pts',(0.308395951311185,0.0373439582944624,
0.855275419622547));
#5250=CARTESIAN_POINT('Ctrl Pts',(0.288364836575755,0.0375255075379317,
0.925562965796783));
#5251=CARTESIAN_POINT('Ctrl Pts',(0.270727844729956,0.0373693543577618,
0.996173720837575));
#5252=CARTESIAN_POINT('Ctrl Pts',(0.25194359899409,0.0369296538054626,1.08123025124308));
#5253=CARTESIAN_POINT('Ctrl Pts',(0.241452175603682,0.0363927881656414,
1.13820999840154));
#5254=CARTESIAN_POINT('Ctrl Pts',(0.234744742038369,0.0358572706324337,
1.1811024000184));
#5255=CARTESIAN_POINT('Ctrl Pts',(0.566384326270709,-0.0155357629996085,
0.));
#5256=CARTESIAN_POINT('Ctrl Pts',(0.554074760157364,-0.00814920281928468,
0.0567601138423144));
#5257=CARTESIAN_POINT('Ctrl Pts',(0.537342338808965,9.8823257502711E-5,
0.127535464090043));
#5258=CARTESIAN_POINT('Ctrl Pts',(0.507826018488293,0.0113351745979222,
0.240423792742185));
#5259=CARTESIAN_POINT('Ctrl Pts',(0.476257531297832,0.0209846169456825,
0.35303922909818));
#5260=CARTESIAN_POINT('Ctrl Pts',(0.439681226847738,0.0279124082850812,
0.465059693505206));
#5261=CARTESIAN_POINT('Ctrl Pts',(0.411373155918545,0.0315922027192104,
0.548909022213689));
#5262=CARTESIAN_POINT('Ctrl Pts',(0.392808874444144,0.033717234080503,0.604831775886427));
#5263=CARTESIAN_POINT('Ctrl Pts',(0.362627224427712,0.0355706284016197,
0.688351213068318));
#5264=CARTESIAN_POINT('Ctrl Pts',(0.3305260571455,0.0357366330218204,0.771568829433779));
#5265=CARTESIAN_POINT('Ctrl Pts',(0.302031872638257,0.0356607684712418,
0.855275419620687));
#5266=CARTESIAN_POINT('Ctrl Pts',(0.282104848866966,0.0358019762042883,
0.92556296579481));
#5267=CARTESIAN_POINT('Ctrl Pts',(0.264582918623941,0.035616732512841,0.996173720835443));
#5268=CARTESIAN_POINT('Ctrl Pts',(0.245946269481886,0.035152430559859,1.08123025124084));
#5269=CARTESIAN_POINT('Ctrl Pts',(0.235561848668373,0.0346082615646346,
1.13820999839903));
#5270=CARTESIAN_POINT('Ctrl Pts',(0.228939478342994,0.0340723986612781,
1.1811024000159));
#5271=CARTESIAN_POINT('Ctrl Pts',(0.560559102931337,-0.0160719237300181,
0.));
#5272=CARTESIAN_POINT('Ctrl Pts',(0.548261619099602,-0.00875755323008099,
0.0567601138423144));
#5273=CARTESIAN_POINT('Ctrl Pts',(0.531548268311865,-0.00059649104327412,
0.127535464089473));
#5274=CARTESIAN_POINT('Ctrl Pts',(0.502069386140646,0.0105068059822666,
0.240423792741615));
#5275=CARTESIAN_POINT('Ctrl Pts',(0.470546195888066,0.020029133766084,0.353039229097308));
#5276=CARTESIAN_POINT('Ctrl Pts',(0.434012285148911,0.0268321000336033,
0.465059693504062));
#5277=CARTESIAN_POINT('Ctrl Pts',(0.405755078483836,0.0304295965705702,
0.548909022212471));
#5278=CARTESIAN_POINT('Ctrl Pts',(0.387231388286327,0.0325040121454048,
0.604831775885138));
#5279=CARTESIAN_POINT('Ctrl Pts',(0.357125062624526,0.0342874238107395,
0.688351213066925));
#5280=CARTESIAN_POINT('Ctrl Pts',(0.325116415255464,0.0343928660677728,
0.77156882943192));
#5281=CARTESIAN_POINT('Ctrl Pts',(0.296724811015417,0.0342682808848145,
0.85527541961875));
#5282=CARTESIAN_POINT('Ctrl Pts',(0.27688751995296,0.0343772405192832,0.925562965792757));
#5283=CARTESIAN_POINT('Ctrl Pts',(0.259463915279391,0.0341690268063034,
0.996173720833223));
#5284=CARTESIAN_POINT('Ctrl Pts',(0.240952666833333,0.0336856363187618,
1.08123025123851));
#5285=CARTESIAN_POINT('Ctrl Pts',(0.230658561673553,0.0331362314851623,
1.13820999839643));
#5286=CARTESIAN_POINT('Ctrl Pts',(0.224107678671993,0.0326006650100834,
1.18110240001329));
#5287=CARTESIAN_POINT('Ctrl Pts',(0.555867123810831,-0.0165002030848922,
0.));
#5288=CARTESIAN_POINT('Ctrl Pts',(0.543581176037987,-0.00924382017624913,
0.0567601138423144));
#5289=CARTESIAN_POINT('Ctrl Pts',(0.526885468888719,-0.00115246537945018,
0.12753546408933));
#5290=CARTESIAN_POINT('Ctrl Pts',(0.497440466785589,0.00984448318686548,
0.240423792741472));
#5291=CARTESIAN_POINT('Ctrl Pts',(0.465957502158669,0.0192654638429935,
0.353039229097089));
#5292=CARTESIAN_POINT('Ctrl Pts',(0.429461845552554,0.0259693942586228,
0.465059693503775));
#5293=CARTESIAN_POINT('Ctrl Pts',(0.401248460020762,0.0295018706457593,
0.548909022212164));
#5294=CARTESIAN_POINT('Ctrl Pts',(0.382759236778474,0.0315363619596553,
0.604831775884814));
#5295=CARTESIAN_POINT('Ctrl Pts',(0.352716222499248,0.0332648857333195,
0.688351213066574));
#5296=CARTESIAN_POINT('Ctrl Pts',(0.320784623729856,0.0333232382367891,
0.771568829431452));
#5297=CARTESIAN_POINT('Ctrl Pts',(0.292477678823706,0.0331609032082948,
0.855275419618262));
#5298=CARTESIAN_POINT('Ctrl Pts',(0.272713941701757,0.033244895953129,0.925562965792239));
#5299=CARTESIAN_POINT('Ctrl Pts',(0.255370451617813,0.0330190659824932,
0.996173720832663));
#5300=CARTESIAN_POINT('Ctrl Pts',(0.236960969263211,0.0325212360729602,
1.08123025123792));
#5301=CARTESIAN_POINT('Ctrl Pts',(0.226739820437704,0.0319681314516365,
1.13820999839577));
#5302=CARTESIAN_POINT('Ctrl Pts',(0.220246507662421,0.0314331305684351,
1.18110240001264));
#5303=CARTESIAN_POINT('Ctrl Pts',(0.552332674405372,-0.0168208520461234,
0.));
#5304=CARTESIAN_POINT('Ctrl Pts',(0.540056283299947,-0.00960812254642896,
0.0567601138423144));
#5305=CARTESIAN_POINT('Ctrl Pts',(0.523374967457234,-0.00156916410429879,
0.127535464089203));
#5306=CARTESIAN_POINT('Ctrl Pts',(0.493957294182919,0.00934802186480454,
0.240423792741346));
#5307=CARTESIAN_POINT('Ctrl Pts',(0.462506452450502,0.0186931312338673,
0.353039229096895));
#5308=CARTESIAN_POINT('Ctrl Pts',(0.426041633018156,0.0253232129848746,
0.46505969350352));
#5309=CARTESIAN_POINT('Ctrl Pts',(0.397862661575383,0.0288073452739029,
0.548909022211893));
#5310=CARTESIAN_POINT('Ctrl Pts',(0.379400274079365,0.030812182592028,0.604831775884527));
#5311=CARTESIAN_POINT('Ctrl Pts',(0.349406250416324,0.0325000978518451,
0.688351213066264));
#5312=CARTESIAN_POINT('Ctrl Pts',(0.317533936467786,0.0325238258204869,
0.771568829431038));
#5313=CARTESIAN_POINT('Ctrl Pts',(0.289291770369919,0.0323338000818828,
0.855275419617831));
#5314=CARTESIAN_POINT('Ctrl Pts',(0.269584075898288,0.0323994866289463,
0.925562965791783));
#5315=CARTESIAN_POINT('Ctrl Pts',(0.252301395687522,0.0321608250709621,
0.996173720832169));
#5316=CARTESIAN_POINT('Ctrl Pts',(0.233968960200099,0.0316525800595107,
1.08123025123741));
#5317=CARTESIAN_POINT('Ctrl Pts',(0.22380288320779,0.0310969421114863,1.13820999839519));
#5318=CARTESIAN_POINT('Ctrl Pts',(0.217352941860611,0.0305625265049755,
1.18110240001206));
#5319=CARTESIAN_POINT('Ctrl Pts',(0.548783179976736,-0.0171407358657315,
0.));
#5320=CARTESIAN_POINT('Ctrl Pts',(0.536517222522558,-0.00997185962787869,
0.0567601138423144));
#5321=CARTESIAN_POINT('Ctrl Pts',(0.519851426868914,-0.00198544696817415,
0.127535464089097));
#5322=CARTESIAN_POINT('Ctrl Pts',(0.49046295862196,0.00885193505531996,
0.24042379274124));
#5323=CARTESIAN_POINT('Ctrl Pts',(0.459046156169211,0.018121285710445,0.353039229096734));
#5324=CARTESIAN_POINT('Ctrl Pts',(0.422614296960809,0.0246779599080867,
0.465059693503308));
#5325=CARTESIAN_POINT('Ctrl Pts',(0.394471271126836,0.0281141791602123,
0.548909022211667));
#5326=CARTESIAN_POINT('Ctrl Pts',(0.376036693677216,0.0300896560491035,
0.604831775884288));
#5327=CARTESIAN_POINT('Ctrl Pts',(0.346093149719329,0.0317375278015735,
0.688351213066005));
#5328=CARTESIAN_POINT('Ctrl Pts',(0.314281602377081,0.0317273353458636,
0.771568829430693));
#5329=CARTESIAN_POINT('Ctrl Pts',(0.286105486805967,0.0315102487251542,
0.855275419617472));
#5330=CARTESIAN_POINT('Ctrl Pts',(0.266454705664129,0.0315580513498622,
0.925562965791402));
#5331=CARTESIAN_POINT('Ctrl Pts',(0.249233555834046,0.0313069403615374,
0.996173720831758));
#5332=CARTESIAN_POINT('Ctrl Pts',(0.230978888547011,0.0307886945410902,
1.08123025123697));
#5333=CARTESIAN_POINT('Ctrl Pts',(0.220868239876092,0.0302307632531856,
1.13820999839471));
#5334=CARTESIAN_POINT('Ctrl Pts',(0.214461866738383,0.0296970917403026,
1.18110240001157));
#5335=CARTESIAN_POINT('Ctrl Pts',(0.545219033575451,-0.0174597032031096,
0.));
#5336=CARTESIAN_POINT('Ctrl Pts',(0.53296436748589,-0.0103348939751567,
0.0567601138423144));
#5337=CARTESIAN_POINT('Ctrl Pts',(0.516315197180477,-0.00240119357245523,
0.127535464088998));
#5338=CARTESIAN_POINT('Ctrl Pts',(0.486957776831723,0.00835632626935297,
0.240423792741141));
#5339=CARTESIAN_POINT('Ctrl Pts',(0.455576898828982,0.0175500182704833,
0.353039229096581));
#5340=CARTESIAN_POINT('Ctrl Pts',(0.419180095695438,0.0240337241557326,
0.465059693503108));
#5341=CARTESIAN_POINT('Ctrl Pts',(0.391074529062485,0.0274224630937426,
0.548909022211454));
#5342=CARTESIAN_POINT('Ctrl Pts',(0.372668724780728,0.0293688744700751,
0.604831775884063));
#5343=CARTESIAN_POINT('Ctrl Pts',(0.342777133799264,0.0309772733787699,
0.688351213065762));
#5344=CARTESIAN_POINT('Ctrl Pts',(0.311027821006792,0.0309338745609367,
0.771568829430368));
#5345=CARTESIAN_POINT('Ctrl Pts',(0.282919017203784,0.0306903648632484,
0.855275419617134));
#5346=CARTESIAN_POINT('Ctrl Pts',(0.26332601369612,0.0307207098838925,0.925562965791043));
#5347=CARTESIAN_POINT('Ctrl Pts',(0.246167110935089,0.0304575346361404,
0.996173720831369));
#5348=CARTESIAN_POINT('Ctrl Pts',(0.227990930827591,0.0299297050094209,
1.08123025123657));
#5349=CARTESIAN_POINT('Ctrl Pts',(0.217936067481769,0.0293697211633715,
1.13820999839425));
#5350=CARTESIAN_POINT('Ctrl Pts',(0.21157346079699,0.0288369528391288,1.18110240001112));
#5351=CARTESIAN_POINT('Ctrl Pts',(0.541640609060575,-0.0177776448397264,
0.));
#5352=CARTESIAN_POINT('Ctrl Pts',(0.529398076787317,-0.0106971185770717,
0.0567601138423144));
#5353=CARTESIAN_POINT('Ctrl Pts',(0.512766619299319,-0.0028162974579806,
0.127535464088905));
#5354=CARTESIAN_POINT('Ctrl Pts',(0.483442061043778,0.0078612978369919,
0.240423792741048));
#5355=CARTESIAN_POINT('Ctrl Pts',(0.452098965346224,0.0169794281095438,
0.35303922909644));
#5356=CARTESIAN_POINT('Ctrl Pts',(0.415739285690868,0.0233905980269498,
0.465059693502923));
#5357=CARTESIAN_POINT('Ctrl Pts',(0.387672673697833,0.0267322879019701,
0.548909022211256));
#5358=CARTESIAN_POINT('Ctrl Pts',(0.36929659483594,0.0286499289345622,0.604831775883853));
#5359=CARTESIAN_POINT('Ctrl Pts',(0.339458415935524,0.0302194300557268,
0.688351213065535));
#5360=CARTESIAN_POINT('Ctrl Pts',(0.307772794424834,0.0301435469677919,
0.771568829430066));
#5361=CARTESIAN_POINT('Ctrl Pts',(0.279732554579859,0.0298742594268693,
0.855275419616819));
#5362=CARTESIAN_POINT('Ctrl Pts',(0.260198186949139,0.0298875775429952,
0.925562965790709));
#5363=CARTESIAN_POINT('Ctrl Pts',(0.243102243742808,0.0296127275005059,
0.996173720831008));
#5364=CARTESIAN_POINT('Ctrl Pts',(0.225005266525409,0.0290757357437853,
1.08123025123619));
#5365=CARTESIAN_POINT('Ctrl Pts',(0.21500654481918,0.0285139431454489,1.13820999839383));
#5366=CARTESIAN_POINT('Ctrl Pts',(0.208687903217141,0.0279822390565511,
1.18110240001069));
#5367=CARTESIAN_POINT('Ctrl Pts',(0.536850811968625,-0.0182001065062295,
0.));
#5368=CARTESIAN_POINT('Ctrl Pts',(0.524625567416253,-0.0111788966178183,
0.0567601138423144));
#5369=CARTESIAN_POINT('Ctrl Pts',(0.508019157886987,-0.00336879130950191,
0.127535464088807));
#5370=CARTESIAN_POINT('Ctrl Pts',(0.47874080373708,0.00720216892065103,
0.240423792740951));
#5371=CARTESIAN_POINT('Ctrl Pts',(0.447450530113039,0.0162196875251398,
0.35303922909629));
#5372=CARTESIAN_POINT('Ctrl Pts',(0.411143064245389,0.0225347015972929,
0.465059693502727));
#5373=CARTESIAN_POINT('Ctrl Pts',(0.383130361206212,0.0258142276244636,
0.548909022211048));
#5374=CARTESIAN_POINT('Ctrl Pts',(0.364795171988991,0.0276939005903048,
0.604831775883633));
#5375=CARTESIAN_POINT('Ctrl Pts',(0.335030139104377,0.0292123094551167,
0.688351213065297));
#5376=CARTESIAN_POINT('Ctrl Pts',(0.303431370732427,0.0290940858146216,
0.771568829429748));
#5377=CARTESIAN_POINT('Ctrl Pts',(0.275484210381349,0.0287912979454993,
0.855275419616488));
#5378=CARTESIAN_POINT('Ctrl Pts',(0.256029160822046,0.0287824947118132,
0.925562965790358));
#5379=CARTESIAN_POINT('Ctrl Pts',(0.239018107985901,0.0284926050843946,
0.996173720830628));
#5380=CARTESIAN_POINT('Ctrl Pts',(0.22102768330605,0.0279439689043563,1.08123025123579));
#5381=CARTESIAN_POINT('Ctrl Pts',(0.211104289737545,0.0273800962689507,
1.13820999839338));
#5382=CARTESIAN_POINT('Ctrl Pts',(0.204844531873834,0.0268500312405414,
1.18110240001025));
#5383=CARTESIAN_POINT('Ctrl Pts',(0.53082961814911,-0.0187253281099677,
0.));
#5384=CARTESIAN_POINT('Ctrl Pts',(0.518628041561945,-0.0117787309308525,
0.0567601138423144));
#5385=CARTESIAN_POINT('Ctrl Pts',(0.502055597053209,-0.0040573680419455,
0.127535464088527));
#5386=CARTESIAN_POINT('Ctrl Pts',(0.472839422884585,0.00638021121590049,
0.240423792740671));
#5387=CARTESIAN_POINT('Ctrl Pts',(0.441619708424929,0.0152722504089626,
0.353039229095861));
#5388=CARTESIAN_POINT('Ctrl Pts',(0.405382524584572,0.0214680786083098,
0.465059693502164));
#5389=CARTESIAN_POINT('Ctrl Pts',(0.377440854541898,0.0246709488077904,
0.548909022210448));
#5390=CARTESIAN_POINT('Ctrl Pts',(0.359159106425063,0.0265038940041664,
0.604831775882998));
#5391=CARTESIAN_POINT('Ctrl Pts',(0.329489097843841,0.0279598915959545,
0.68835121306461));
#5392=CARTESIAN_POINT('Ctrl Pts',(0.298002501257409,0.0277905797922253,
0.771568829428832));
#5393=CARTESIAN_POINT('Ctrl Pts',(0.270174790167408,0.0274475659548878,
0.855275419615533));
#5394=CARTESIAN_POINT('Ctrl Pts',(0.250821006727006,0.0274122143706287,
0.925562965789346));
#5395=CARTESIAN_POINT('Ctrl Pts',(0.233917826502043,0.0271045289492265,
0.996173720829535));
#5396=CARTESIAN_POINT('Ctrl Pts',(0.216062359913913,0.0265424296970288,
1.08123025123464));
#5397=CARTESIAN_POINT('Ctrl Pts',(0.206234006759131,0.0259765942220967,
1.1382099983921));
#5398=CARTESIAN_POINT('Ctrl Pts',(0.200048344321558,0.0254490027609598,
1.18110240000896));
#5399=CARTESIAN_POINT('Ctrl Pts',(0.524765349089195,-0.0192466635290149,
0.));
#5400=CARTESIAN_POINT('Ctrl Pts',(0.512590140978411,-0.0123751380631735,
0.0567601138423144));
#5401=CARTESIAN_POINT('Ctrl Pts',(0.496055137385936,-0.00474281934549393,
0.127535464088291));
#5402=CARTESIAN_POINT('Ctrl Pts',(0.466906920425822,0.00556143532333999,
0.240423792740434));
#5403=CARTESIAN_POINT('Ctrl Pts',(0.435763677125379,0.0143284923630572,
0.353039229095499));
#5404=CARTESIAN_POINT('Ctrl Pts',(0.39960325078167,0.0204063798111109,0.465059693501689));
#5405=CARTESIAN_POINT('Ctrl Pts',(0.371737358900406,0.0235339518023866,
0.548909022209942));
#5406=CARTESIAN_POINT('Ctrl Pts',(0.353512095458554,0.025321140839745,0.604831775882463));
#5407=CARTESIAN_POINT('Ctrl Pts',(0.323941849806601,0.0267166912835983,
0.688351213064032));
#5408=CARTESIAN_POINT('Ctrl Pts',(0.292572217109443,0.0264987827793831,
0.77156882942806));
#5409=CARTESIAN_POINT('Ctrl Pts',(0.264868072435939,0.0261177951454744,
0.85527541961473));
#5410=CARTESIAN_POINT('Ctrl Pts',(0.245618352677391,0.0260574106752086,
0.925562965788494));
#5411=CARTESIAN_POINT('Ctrl Pts',(0.228825365616641,0.025733320149612,0.996173720828613));
#5412=CARTESIAN_POINT('Ctrl Pts',(0.211107182274872,0.0251592834748322,
1.08123025123368));
#5413=CARTESIAN_POINT('Ctrl Pts',(0.201375022384653,0.0245923866601542,
1.13820999839101));
#5414=CARTESIAN_POINT('Ctrl Pts',(0.195264094127516,0.0240678772870436,
1.18110240000788));
#5415=CARTESIAN_POINT('Ctrl Pts',(0.519889373037485,-0.0196614234071339,
0.));
#5416=CARTESIAN_POINT('Ctrl Pts',(0.507736845862558,-0.0128501395597165,
0.0567601138423144));
#5417=CARTESIAN_POINT('Ctrl Pts',(0.491233834776023,-0.00528914491918861,
0.127535464088214));
#5418=CARTESIAN_POINT('Ctrl Pts',(0.462143370172453,0.00490858861734051,
0.240423792740358));
#5419=CARTESIAN_POINT('Ctrl Pts',(0.431064770860066,0.0135760351893266,
0.353039229095382));
#5420=CARTESIAN_POINT('Ctrl Pts',(0.394969515674277,0.0195602870217699,
0.465059693501535));
#5421=CARTESIAN_POINT('Ctrl Pts',(0.367167030710646,0.0226284279604792,
0.548909022209778));
#5422=CARTESIAN_POINT('Ctrl Pts',(0.348988749281361,0.0243796011261783,
0.604831775882289));
#5423=CARTESIAN_POINT('Ctrl Pts',(0.319501138810463,0.0257279961761494,
0.688351213063844));
#5424=CARTESIAN_POINT('Ctrl Pts',(0.288227959650647,0.0254727358142218,
0.771568829427809));
#5425=CARTESIAN_POINT('Ctrl Pts',(0.260625141475579,0.0250627568895917,
0.855275419614468));
#5426=CARTESIAN_POINT('Ctrl Pts',(0.241460341397099,0.0249832866785841,
0.925562965788216));
#5427=CARTESIAN_POINT('Ctrl Pts',(0.2247568903257,0.0246469418269496,0.996173720828313));
#5428=CARTESIAN_POINT('Ctrl Pts',(0.207149913095343,0.0240643163183777,
1.08123025123336));
#5429=CARTESIAN_POINT('Ctrl Pts',(0.197495387579173,0.0234971447701652,
1.13820999839066));
#5430=CARTESIAN_POINT('Ctrl Pts',(0.191444619845775,0.0229754930555033,
1.18110240000753));
#5431=CARTESIAN_POINT('Ctrl Pts',(0.51499745902358,-0.0200746390777359,
0.));
#5432=CARTESIAN_POINT('Ctrl Pts',(0.502868652245998,-0.0133236997120801,
0.0567601138423144));
#5433=CARTESIAN_POINT('Ctrl Pts',(0.486398972978091,-0.00583406543101512,
0.127535464088152));
#5434=CARTESIAN_POINT('Ctrl Pts',(0.457368485393408,0.00425726517539773,
0.240423792740296));
#5435=CARTESIAN_POINT('Ctrl Pts',(0.426356810951629,0.0128253725539465,
0.353039229095287));
#5436=CARTESIAN_POINT('Ctrl Pts',(0.390329201205513,0.0187164673678323,
0.46505969350141));
#5437=CARTESIAN_POINT('Ctrl Pts',(0.362591961331084,0.021725719498403,0.548909022209645));
#5438=CARTESIAN_POINT('Ctrl Pts',(0.344461848809934,0.0234412742397807,
0.604831775882149));
#5439=CARTESIAN_POINT('Ctrl Pts',(0.315058752147274,0.0247433259878691,
0.688351213063692));
#5440=CARTESIAN_POINT('Ctrl Pts',(0.283883952249495,0.0244517430019541,
0.771568829427606));
#5441=CARTESIAN_POINT('Ctrl Pts',(0.25638411224351,0.0240137111956143,0.855275419614257));
#5442=CARTESIAN_POINT('Ctrl Pts',(0.237305342639716,0.0239157929170812,
0.925562965787992));
#5443=CARTESIAN_POINT('Ctrl Pts',(0.220692346424687,0.0235677849669586,
0.996173720828071));
#5444=CARTESIAN_POINT('Ctrl Pts',(0.203197491782108,0.0229772252824387,
1.08123025123311));
#5445=CARTESIAN_POINT('Ctrl Pts',(0.193621051027967,0.0224101717989477,
1.13820999839038));
#5446=CARTESIAN_POINT('Ctrl Pts',(0.187630690344085,0.0218916465228481,
1.18110240000725));
#5447=CARTESIAN_POINT('Ctrl Pts',(0.508853509348996,-0.0205882384357827,
0.));
#5448=CARTESIAN_POINT('Ctrl Pts',(0.496756265818398,-0.0139128885733813,
0.0567601138423144));
#5449=CARTESIAN_POINT('Ctrl Pts',(0.480330718392975,-0.0065124883462613,
0.127535464087958));
#5450=CARTESIAN_POINT('Ctrl Pts',(0.451379308501764,0.0034461048725477,
0.240423792740103));
#5451=CARTESIAN_POINT('Ctrl Pts',(0.420455507236169,0.0118905833745598,
0.35303922909499));
#5452=CARTESIAN_POINT('Ctrl Pts',(0.384517027501677,0.0176661326897813,
0.465059693501022));
#5453=CARTESIAN_POINT('Ctrl Pts',(0.356864757417285,0.0206027991068639,
0.548909022209231));
#5454=CARTESIAN_POINT('Ctrl Pts',(0.338797064385438,0.0222745854828472,
0.604831775881711));
#5455=CARTESIAN_POINT('Ctrl Pts',(0.309503124264892,0.0235202510357563,
0.688351213063218));
#5456=CARTESIAN_POINT('Ctrl Pts',(0.27845491770404,0.0231852186093025,0.771568829426974));
#5457=CARTESIAN_POINT('Ctrl Pts',(0.251086903088957,0.0227139051056543,
0.855275419613598));
#5458=CARTESIAN_POINT('Ctrl Pts',(0.232117751490737,0.0225941426147257,
0.925562965787294));
#5459=CARTESIAN_POINT('Ctrl Pts',(0.215619543480972,0.0222326852533863,
0.996173720827316));
#5460=CARTESIAN_POINT('Ctrl Pts',(0.198266554910605,0.0216334613405563,
1.08123025123231));
#5461=CARTESIAN_POINT('Ctrl Pts',(0.188788560303727,0.0210673095425385,
1.13820999838949));
#5462=CARTESIAN_POINT('Ctrl Pts',(0.182874166499624,0.0205532102077211,
1.18110240000636));
#5463=CARTESIAN_POINT('Ctrl Pts',(0.501436983081312,-0.0211996470674158,
0.));
#5464=CARTESIAN_POINT('Ctrl Pts',(0.489380522375587,-0.0146152160567481,
0.0567601138423144));
#5465=CARTESIAN_POINT('Ctrl Pts',(0.473011707079436,-0.00732189749553869,
0.127535464087807));
#5466=CARTESIAN_POINT('Ctrl Pts',(0.444161517231372,0.00247791867121952,
0.240423792739952));
#5467=CARTESIAN_POINT('Ctrl Pts',(0.413349698899965,0.010774996486487,0.353039229094759));
#5468=CARTESIAN_POINT('Ctrl Pts',(0.377525311487902,0.0164133994111827,
0.465059693500719));
#5469=CARTESIAN_POINT('Ctrl Pts',(0.349980376205429,0.0192646643148729,
0.548909022208908));
#5470=CARTESIAN_POINT('Ctrl Pts',(0.331991071184007,0.0208851799866065,
0.604831775881369));
#5471=CARTESIAN_POINT('Ctrl Pts',(0.302833713763969,0.0220657304305937,
0.688351213062849));
#5472=CARTESIAN_POINT('Ctrl Pts',(0.271943230481309,0.0216817752032718,
0.771568829426481));
#5473=CARTESIAN_POINT('Ctrl Pts',(0.244738388122864,0.0211734620767388,
0.855275419613085));
#5474=CARTESIAN_POINT('Ctrl Pts',(0.225904104274124,0.0210294908887699,
0.925562965786749));
#5475=CARTESIAN_POINT('Ctrl Pts',(0.209546393607626,0.0206537560971875,
0.996173720826728));
#5476=CARTESIAN_POINT('Ctrl Pts',(0.192366384749151,0.0200462013415548,
1.0812302512317));
#5477=CARTESIAN_POINT('Ctrl Pts',(0.183007869953307,0.0194823748225122,
1.1382099983888));
#5478=CARTESIAN_POINT('Ctrl Pts',(0.177185369764632,0.0189744402276811,
1.18110240000567));
#5479=CARTESIAN_POINT('Ctrl Pts',(0.493979378740697,-0.0218057679423779,
0.));
#5480=CARTESIAN_POINT('Ctrl Pts',(0.481966437587942,-0.0153124672843429,
0.0567601138423144));
#5481=CARTESIAN_POINT('Ctrl Pts',(0.465657939218028,-0.00812621923533117,
0.127535464087649));
#5482=CARTESIAN_POINT('Ctrl Pts',(0.43691504085608,0.00151537216561663,
0.240423792739794));
#5483=CARTESIAN_POINT('Ctrl Pts',(0.40622152342761,0.009666064976615,0.353039229094518));
#5484=CARTESIAN_POINT('Ctrl Pts',(0.370518212669214,0.0151689455538876,
0.465059693500401));
#5485=CARTESIAN_POINT('Ctrl Pts',(0.343085906016357,0.0179365961127256,
0.548909022208571));
#5486=CARTESIAN_POINT('Ctrl Pts',(0.325178429988896,0.0195071451875821,
0.604831775881012));
#5487=CARTESIAN_POINT('Ctrl Pts',(0.29616321783957,0.0206252125990341,0.688351213062462));
#5488=CARTESIAN_POINT('Ctrl Pts',(0.265436278040618,0.0201956406491636,
0.771568829425965));
#5489=CARTESIAN_POINT('Ctrl Pts',(0.23839960265899,0.0196533405701825,0.855275419612548));
#5490=CARTESIAN_POINT('Ctrl Pts',(0.219703516663122,0.019487212344576,0.92556296578618));
#5491=CARTESIAN_POINT('Ctrl Pts',(0.203489065439441,0.0190990990977825,
0.996173720826112));
#5492=CARTESIAN_POINT('Ctrl Pts',(0.186484793980388,0.0184853144698857,
1.08123025123105));
#5493=CARTESIAN_POINT('Ctrl Pts',(0.177247119596683,0.0179250711039998,
1.13820999838808));
#5494=CARTESIAN_POINT('Ctrl Pts',(0.17151726090614,0.0174241610433873,1.18110240000495));
#5495=CARTESIAN_POINT('Ctrl Pts',(0.48648333804511,-0.0224061293119454,
0.));
#5496=CARTESIAN_POINT('Ctrl Pts',(0.474516492465783,-0.0160041813177728,
0.0567601138423145));
#5497=CARTESIAN_POINT('Ctrl Pts',(0.458271718218891,-0.00892498967560148,
0.127535464087518));
#5498=CARTESIAN_POINT('Ctrl Pts',(0.429641945560372,0.000558970126874225,
0.240423792739663));
#5499=CARTESIAN_POINT('Ctrl Pts',(0.399072846408123,0.0085643560862428,
0.353039229094317));
#5500=CARTESIAN_POINT('Ctrl Pts',(0.363497467946514,0.0139334923226745,
0.465059693500138));
#5501=CARTESIAN_POINT('Ctrl Pts',(0.336183015934467,0.0166194135778829,
0.548909022208289));
#5502=CARTESIAN_POINT('Ctrl Pts',(0.318360770291208,0.0181413540576075,
0.604831775880714));
#5503=CARTESIAN_POINT('Ctrl Pts',(0.289493228960042,0.0191996388403871,
0.688351213062141));
#5504=CARTESIAN_POINT('Ctrl Pts',(0.258935648204322,0.0187278163018762,
0.771568829425536));
#5505=CARTESIAN_POINT('Ctrl Pts',(0.232072140191308,0.0181545869051427,
0.855275419612101));
#5506=CARTESIAN_POINT('Ctrl Pts',(0.213517588769341,0.0179683814238915,
0.925562965785706));
#5507=CARTESIAN_POINT('Ctrl Pts',(0.197449176155466,0.0175698058864497,
0.9961737208256));
#5508=CARTESIAN_POINT('Ctrl Pts',(0.180623429040393,0.0169519032323288,
1.08123025123051));
#5509=CARTESIAN_POINT('Ctrl Pts',(0.171507983187473,0.0163964994342565,
1.13820999838748));
#5510=CARTESIAN_POINT('Ctrl Pts',(0.16587153899937,0.0159034676985518,1.18110240000435));
#5511=CARTESIAN_POINT('Ctrl Pts',(0.478951367433545,-0.0230002045541152,
0.));
#5512=CARTESIAN_POINT('Ctrl Pts',(0.467033064849644,-0.0166898339368154,
0.0567601138423143));
#5513=CARTESIAN_POINT('Ctrl Pts',(0.450855278717301,-0.00971767213108916,
0.127535464087398));
#5514=CARTESIAN_POINT('Ctrl Pts',(0.422344272269532,-0.000390695744705091,
0.240423792739543));
#5515=CARTESIAN_POINT('Ctrl Pts',(0.391905542756474,0.00747053488749455,
0.353039229094133));
#5516=CARTESIAN_POINT('Ctrl Pts',(0.356464839373804,0.0127078808477951,
0.465059693499896));
#5517=CARTESIAN_POINT('Ctrl Pts',(0.329273406019643,0.0153140573887765,
0.548909022208033));
#5518=CARTESIAN_POINT('Ctrl Pts',(0.311539756074781,0.0167887977169006,
0.604831775880442));
#5519=CARTESIAN_POINT('Ctrl Pts',(0.282825371477941,0.0177900462467339,
0.688351213061847));
#5520=CARTESIAN_POINT('Ctrl Pts',(0.252442949612797,0.0172793617371816,
0.771568829425144));
#5521=CARTESIAN_POINT('Ctrl Pts',(0.225757609240261,0.01667827344109,0.855275419611692));
#5522=CARTESIAN_POINT('Ctrl Pts',(0.207347937874012,0.0164740815990741,
0.925562965785273));
#5523=CARTESIAN_POINT('Ctrl Pts',(0.191428365253796,0.0160669628204593,
0.996173720825131));
#5524=CARTESIAN_POINT('Ctrl Pts',(0.174783968074531,0.0154470510984779,
1.08123025123002));
#5525=CARTESIAN_POINT('Ctrl Pts',(0.165792175338279,0.014897735292619,1.13820999838693));
#5526=CARTESIAN_POINT('Ctrl Pts',(0.160249952013888,0.0144134263501076,
1.1811024000038));
#5527=CARTESIAN_POINT('Ctrl Pts',(0.471385775277556,-0.0235874519565224,
0.));
#5528=CARTESIAN_POINT('Ctrl Pts',(0.459518385134755,-0.0173688708924249,
0.0567601138423144));
#5529=CARTESIAN_POINT('Ctrl Pts',(0.443410760985691,-0.0105036852052432,
0.127535464087287));
#5530=CARTESIAN_POINT('Ctrl Pts',(0.415024030712927,-0.00133297357069357,
0.240423792739432));
#5531=CARTESIAN_POINT('Ctrl Pts',(0.384721504489422,0.0063853356244595,
0.353039229093964));
#5532=CARTESIAN_POINT('Ctrl Pts',(0.349422110342611,0.0114930185609798,
0.465059693499675));
#5533=CARTESIAN_POINT('Ctrl Pts',(0.322358799619765,0.0140215268783416,
0.548909022207796));
#5534=CARTESIAN_POINT('Ctrl Pts',(0.304717078091076,0.0154505204834851,
0.604831775880192));
#5535=CARTESIAN_POINT('Ctrl Pts',(0.276161300253671,0.0163975083497526,
0.688351213061577));
#5536=CARTESIAN_POINT('Ctrl Pts',(0.245959820193524,0.0158513483543888,
0.771568829424784));
#5537=CARTESIAN_POINT('Ctrl Pts',(0.219457648976377,0.0152254674942354,
0.855275419611317));
#5538=CARTESIAN_POINT('Ctrl Pts',(0.201196215794778,0.0150053865532108,
0.925562965784874));
#5539=CARTESIAN_POINT('Ctrl Pts',(0.18542831183935,0.0145916465729973,0.996173720824701));
#5540=CARTESIAN_POINT('Ctrl Pts',(0.168968136109075,0.0139718370225897,
1.08123025122957));
#5541=CARTESIAN_POINT('Ctrl Pts',(0.16010146342012,0.013429857292016,1.13820999838642));
#5542=CARTESIAN_POINT('Ctrl Pts',(0.154654305661628,0.0129551144759426,
1.18110240000329));
#5543=CARTESIAN_POINT('Ctrl Pts',(0.463788709393479,-0.0241673262209223,
0.));
#5544=CARTESIAN_POINT('Ctrl Pts',(0.451974563760499,-0.0180407199191487,
0.0567601138423144));
#5545=CARTESIAN_POINT('Ctrl Pts',(0.435940227703109,-0.0112824169401606,
0.127535464087197));
#5546=CARTESIAN_POINT('Ctrl Pts',(0.407683203742957,-0.00226717210420487,
0.240423792739342));
#5547=CARTESIAN_POINT('Ctrl Pts',(0.377522635882511,0.0053095334429351,
0.353039229093826));
#5548=CARTESIAN_POINT('Ctrl Pts',(0.342371078074086,0.0102898277380004,
0.465059693499494));
#5549=CARTESIAN_POINT('Ctrl Pts',(0.315440936571544,0.0127428205061735,
0.548909022207604));
#5550=CARTESIAN_POINT('Ctrl Pts',(0.297894447787765,0.0141275586723258,
0.604831775879989));
#5551=CARTESIAN_POINT('Ctrl Pts',(0.269502699285298,0.0150230804169708,
0.688351213061357));
#5552=CARTESIAN_POINT('Ctrl Pts',(0.239487934180617,0.0144448192626396,
0.77156882942449));
#5553=CARTESIAN_POINT('Ctrl Pts',(0.213173942098743,0.0137972068928947,
0.855275419611011));
#5554=CARTESIAN_POINT('Ctrl Pts',(0.195064123414366,0.0135633470279738,
0.92556296578455));
#5555=CARTESIAN_POINT('Ctrl Pts',(0.179450749316777,0.0131449236529928,
0.99617372082435));
#5556=CARTESIAN_POINT('Ctrl Pts',(0.163177718413094,0.0125273509657491,
1.0812302512292));
#5557=CARTESIAN_POINT('Ctrl Pts',(0.154437678707988,0.0119939743208062,
1.13820999838601));
#5558=CARTESIAN_POINT('Ctrl Pts',(0.149086472169685,0.0115296571393561,
1.18110240000288));
#5559=CARTESIAN_POINT('Ctrl Pts',(0.457433304997863,-0.0246439562205951,
0.));
#5560=CARTESIAN_POINT('Ctrl Pts',(0.445665460147072,-0.0185941182992394,
0.0567601138423144));
#5561=CARTESIAN_POINT('Ctrl Pts',(0.429694782421606,-0.0119247664455411,
0.127535464087109));
#5562=CARTESIAN_POINT('Ctrl Pts',(0.401550329221415,-0.00303834699626747,
0.240423792739255));
#5563=CARTESIAN_POINT('Ctrl Pts',(0.371512809384992,0.00442151762088007,
0.353039229093691));
#5564=CARTESIAN_POINT('Ctrl Pts',(0.33648980105947,0.00929763063049129,
0.465059693499317));
#5565=CARTESIAN_POINT('Ctrl Pts',(0.309674794842607,0.0116895333826419,
0.548909022207416));
#5566=CARTESIAN_POINT('Ctrl Pts',(0.292210400131878,0.0130386607454939,
0.60483177587979));
#5567=CARTESIAN_POINT('Ctrl Pts',(0.263959845418557,0.0138936429747344,
0.688351213061141));
#5568=CARTESIAN_POINT('Ctrl Pts',(0.23410548576168,0.0132914474480351,0.771568829424203));
#5569=CARTESIAN_POINT('Ctrl Pts',(0.207952499031923,0.0126282904919684,
0.855275419610712));
#5570=CARTESIAN_POINT('Ctrl Pts',(0.189971860641615,0.0123847321415839,
0.925562965784233));
#5571=CARTESIAN_POINT('Ctrl Pts',(0.174489679286471,0.0119640518395607,
0.996173720824007));
#5572=CARTESIAN_POINT('Ctrl Pts',(0.158375089645875,0.0113501655990501,
1.08123025122884));
#5573=CARTESIAN_POINT('Ctrl Pts',(0.149741882022908,0.0108250480576313,
1.13820999838561));
#5574=CARTESIAN_POINT('Ctrl Pts',(0.144471411177574,0.0103701636562475,
1.18110240000248));
#5575=CARTESIAN_POINT('Ctrl Pts',(0.452335284479724,-0.025021030659556,
0.));
#5576=CARTESIAN_POINT('Ctrl Pts',(0.440605632837143,-0.0190326579070648,
0.0567601138423144));
#5577=CARTESIAN_POINT('Ctrl Pts',(0.424687422641251,-0.012434370908834,
0.127535464087086));
#5578=CARTESIAN_POINT('Ctrl Pts',(0.396635693363481,-0.00365053972256228,
0.240423792739231));
#5579=CARTESIAN_POINT('Ctrl Pts',(0.366699437225035,0.00371657931811554,
0.353039229093656));
#5580=CARTESIAN_POINT('Ctrl Pts',(0.331782430221923,0.00851054095899255,
0.465059693499271));
#5581=CARTESIAN_POINT('Ctrl Pts',(0.305062004511539,0.0108546888198945,
0.548909022207366));
#5582=CARTESIAN_POINT('Ctrl Pts',(0.287664915044525,0.0121761013459463,
0.604831775879737));
#5583=CARTESIAN_POINT('Ctrl Pts',(0.259530010693138,0.0130000858945386,
0.688351213061084));
#5584=CARTESIAN_POINT('Ctrl Pts',(0.229806864369023,0.0123804626029562,
0.771568829424127));
#5585=CARTESIAN_POINT('Ctrl Pts',(0.203785208947162,0.011706442560753,0.855275419610633));
#5586=CARTESIAN_POINT('Ctrl Pts',(0.185909633065892,0.0114562256467354,
0.925562965784149));
#5587=CARTESIAN_POINT('Ctrl Pts',(0.170533881905811,0.0110347603686352,
0.996173720823916));
#5588=CARTESIAN_POINT('Ctrl Pts',(0.15454757508883,0.0104249590722579,1.08123025122875));
#5589=CARTESIAN_POINT('Ctrl Pts',(0.146000647184103,0.00990713352133642,
1.1382099983855));
#5590=CARTESIAN_POINT('Ctrl Pts',(0.140795257763416,0.00946026659917996,
1.18110240000237));
#5591=CARTESIAN_POINT('Ctrl Pts',(0.447228474431337,-0.0253951968977939,
0.));
#5592=CARTESIAN_POINT('Ctrl Pts',(0.435537780256695,-0.0194683144030688,
0.0567601138423143));
#5593=CARTESIAN_POINT('Ctrl Pts',(0.419673059971478,-0.0129410191375527,
0.127535464087063));
#5594=CARTESIAN_POINT('Ctrl Pts',(0.391715823338558,-0.00425945227829028,
0.240423792739209));
#5595=CARTESIAN_POINT('Ctrl Pts',(0.361882705174142,0.00301541356857834,
0.353039229093621));
#5596=CARTESIAN_POINT('Ctrl Pts',(0.327073792116379,0.00772801033940328,
0.465059693499225));
#5597=CARTESIAN_POINT('Ctrl Pts',(0.30044958812831,0.0100251486829673,0.548909022207317));
#5598=CARTESIAN_POINT('Ctrl Pts',(0.283120887845138,0.0113193658076108,
0.604831775879686));
#5599=CARTESIAN_POINT('Ctrl Pts',(0.255103429574913,0.0121133218499593,
0.688351213061029));
#5600=CARTESIAN_POINT('Ctrl Pts',(0.225513424685855,0.0114774365338559,
0.771568829424053));
#5601=CARTESIAN_POINT('Ctrl Pts',(0.199624791085904,0.0107936215583381,
0.855275419610555));
#5602=CARTESIAN_POINT('Ctrl Pts',(0.181855430295932,0.0105374935942681,
0.925562965784067));
#5603=CARTESIAN_POINT('Ctrl Pts',(0.166587103209134,0.0101159382168779,
0.996173720823828));
#5604=CARTESIAN_POINT('Ctrl Pts',(0.15073011350092,0.00951099653051335,
1.08123025122866));
#5605=CARTESIAN_POINT('Ctrl Pts',(0.142270019818996,0.00900093113775877,
1.1382099983854));
#5606=CARTESIAN_POINT('Ctrl Pts',(0.137130050584113,0.00856240485265717,
1.18110240000227));
#5607=CARTESIAN_POINT('Ctrl Pts',(0.440829127436013,-0.0258572865230574,
0.));
#5608=CARTESIAN_POINT('Ctrl Pts',(0.429188554308135,-0.0200072978304991,
0.0567601138423145));
#5609=CARTESIAN_POINT('Ctrl Pts',(0.413392601394933,-0.0135685888833735,
0.127535464087002));
#5610=CARTESIAN_POINT('Ctrl Pts',(0.385556778009827,-0.00501422747728767,
0.240423792739148));
#5611=CARTESIAN_POINT('Ctrl Pts',(0.355856078189483,0.00214625883639194,
0.353039229093528));
#5612=CARTESIAN_POINT('Ctrl Pts',(0.32118617827966,0.00675860683689231,
0.465059693499102));
#5613=CARTESIAN_POINT('Ctrl Pts',(0.294685316077219,0.00899838227760093,
0.548909022207187));
#5614=CARTESIAN_POINT('Ctrl Pts',(0.277444129792697,0.0102595860065602,
0.604831775879548));
#5615=CARTESIAN_POINT('Ctrl Pts',(0.249576844279731,0.0110178486108404,
0.688351213060879));
#5616=CARTESIAN_POINT('Ctrl Pts',(0.2201568862415,0.0103638595583334,0.771568829423853));
#5617=CARTESIAN_POINT('Ctrl Pts',(0.19443771094451,0.00966984090747059,
0.855275419610347));
#5618=CARTESIAN_POINT('Ctrl Pts',(0.176803293596436,0.00940775258552658,
0.925562965783846));
#5619=CARTESIAN_POINT('Ctrl Pts',(0.161671128985213,0.00898741514614172,
0.996173720823589));
#5620=CARTESIAN_POINT('Ctrl Pts',(0.145977752107093,0.0083900336511917,
1.08123025122841));
#5621=CARTESIAN_POINT('Ctrl Pts',(0.13762726348297,0.00789056898472417,
1.13820999838512));
#5622=CARTESIAN_POINT('Ctrl Pts',(0.132569723655328,0.00746309127917119,
1.18110240000198));
#5623=CARTESIAN_POINT('Ctrl Pts',(0.434410450892553,-0.0263114526186576,
0.));
#5624=CARTESIAN_POINT('Ctrl Pts',(0.422821850433621,-0.0205383560644682,
0.0567601138423144));
#5625=CARTESIAN_POINT('Ctrl Pts',(0.407097151733627,-0.0141879861377684,
0.127535464086949));
#5626=CARTESIAN_POINT('Ctrl Pts',(0.379387063058536,-0.00575995540102635,
0.240423792739095));
#5627=CARTESIAN_POINT('Ctrl Pts',(0.349823378166017,0.00128743293481109,
0.353039229093447));
#5628=CARTESIAN_POINT('Ctrl Pts',(0.315297623386565,0.0058014040327674,
0.465059693498997));
#5629=CARTESIAN_POINT('Ctrl Pts',(0.288924163584803,0.00798568077218558,
0.548909022207074));
#5630=CARTESIAN_POINT('Ctrl Pts',(0.27177318531032,0.00921519863419338,
0.604831775879428));
#5631=CARTESIAN_POINT('Ctrl Pts',(0.244060558290948,0.00994030998120281,
0.68835121306075));
#5632=CARTESIAN_POINT('Ctrl Pts',(0.214815490729328,0.00927131424663487,
0.771568829423681));
#5633=CARTESIAN_POINT('Ctrl Pts',(0.189270050267781,0.00856993767040594,
0.855275419610168));
#5634=CARTESIAN_POINT('Ctrl Pts',(0.171773516713465,0.00830387570776573,
0.925562965783656));
#5635=CARTESIAN_POINT('Ctrl Pts',(0.156780079738649,0.00788661073844452,
0.996173720823383));
#5636=CARTESIAN_POINT('Ctrl Pts',(0.141253017152544,0.00729886260917461,
1.08123025122819));
#5637=CARTESIAN_POINT('Ctrl Pts',(0.133013614387515,0.00681125800454085,
1.13820999838488));
#5638=CARTESIAN_POINT('Ctrl Pts',(0.128039431244804,0.00639570160613989,
1.18110240000174));
#5639=CARTESIAN_POINT('Ctrl Pts',(0.42926501053949,-0.0266697760865286,
0.));
#5640=CARTESIAN_POINT('Ctrl Pts',(0.417719057761294,-0.0209581700077976,
0.0567601138423144));
#5641=CARTESIAN_POINT('Ctrl Pts',(0.402052809476952,-0.0146783002570679,
0.127535464086933));
#5642=CARTESIAN_POINT('Ctrl Pts',(0.374445843368226,-0.00635078585657392,
0.240423792739078));
#5643=CARTESIAN_POINT('Ctrl Pts',(0.34499448157759,0.000606913177629385,
0.353039229093421));
#5644=CARTESIAN_POINT('Ctrl Pts',(0.310587092657895,0.00504326965578901,
0.465059693498963));
#5645=CARTESIAN_POINT('Ctrl Pts',(0.284317981398801,0.00718427108305928,
0.548909022207038));
#5646=CARTESIAN_POINT('Ctrl Pts',(0.267240783051168,0.00838925215775872,
0.60483177587939));
#5647=CARTESIAN_POINT('Ctrl Pts',(0.239654577414698,0.00908942712449533,
0.688351213060709));
#5648=CARTESIAN_POINT('Ctrl Pts',(0.210552343607752,0.00841037350498752,
0.771568829423626));
#5649=CARTESIAN_POINT('Ctrl Pts',(0.185148481874919,0.00770489962462952,
0.855275419610111));
#5650=CARTESIAN_POINT('Ctrl Pts',(0.167764046628346,0.00743690129555074,
0.925562965783596));
#5651=CARTESIAN_POINT('Ctrl Pts',(0.15288316599871,0.00702325407970977,
0.996173720823318));
#5652=CARTESIAN_POINT('Ctrl Pts',(0.137490825355572,0.00644450802606303,
1.08123025122812));
#5653=CARTESIAN_POINT('Ctrl Pts',(0.129341219265565,0.0059671776269484,
1.1382099983848));
#5654=CARTESIAN_POINT('Ctrl Pts',(0.124434311272976,0.00556170262733813,
1.18110240000167));
#5655=CARTESIAN_POINT('Ctrl Pts',(0.424112939651393,-0.0270246753913862,
0.));
#5656=CARTESIAN_POINT('Ctrl Pts',(0.412610331141483,-0.0213745392003574,
0.0567601138423143));
#5657=CARTESIAN_POINT('Ctrl Pts',(0.397003480745693,-0.0151650496245956,
0.127535464086919));
#5658=CARTESIAN_POINT('Ctrl Pts',(0.369501305338247,-0.00693767836257918,
0.240423792739064));
#5659=CARTESIAN_POINT('Ctrl Pts',(0.340164057307317,-6.91348078296463E-5,
0.3530392290934));
#5660=CARTESIAN_POINT('Ctrl Pts',(0.305877059352261,0.00429032846194185,
0.465059693498935));
#5661=CARTESIAN_POINT('Ctrl Pts',(0.279713912892354,0.00638880964088002,
0.548909022207009));
#5662=CARTESIAN_POINT('Ctrl Pts',(0.262711570205949,0.00756980197739261,
0.604831775879359));
#5663=CARTESIAN_POINT('Ctrl Pts',(0.235253585797947,0.00824611665520008,
0.688351213060675));
#5664=CARTESIAN_POINT('Ctrl Pts',(0.20629614137414,0.00755833133960075,
0.771568829423581));
#5665=CARTESIAN_POINT('Ctrl Pts',(0.181035596103704,0.00684997779133743,
0.855275419610064));
#5666=CARTESIAN_POINT('Ctrl Pts',(0.163764462794745,0.00658088701278093,
0.925562965783546));
#5667=CARTESIAN_POINT('Ctrl Pts',(0.148997199590339,0.00617164489058427,
0.996173720823264));
#5668=CARTESIAN_POINT('Ctrl Pts',(0.133740710072589,0.00560277962048646,
1.08123025122807));
#5669=CARTESIAN_POINT('Ctrl Pts',(0.125681531363957,0.00513625631208437,
1.13820999838474));
#5670=CARTESIAN_POINT('Ctrl Pts',(0.120842301495357,0.00474123124833652,
1.1811024000016));
#5671=CARTESIAN_POINT('Ctrl Pts',(0.417661110683467,-0.0274617207539093,
0.));
#5672=CARTESIAN_POINT('Ctrl Pts',(0.406213957494983,-0.0218883739014997,
0.0567601138423144));
#5673=CARTESIAN_POINT('Ctrl Pts',(0.390683097665588,-0.0157666234937613,
0.127535464086876));
#5674=CARTESIAN_POINT('Ctrl Pts',(0.36331499737721,-0.00766371701412563,
0.240423792739022));
#5675=CARTESIAN_POINT('Ctrl Pts',(0.334123717479104,-0.000905601307591724,
0.353039229093335));
#5676=CARTESIAN_POINT('Ctrl Pts',(0.299990990738371,0.00335909376477271,
0.465059693498849));
#5677=CARTESIAN_POINT('Ctrl Pts',(0.273963328328386,0.005405852088456,0.548909022206917));
#5678=CARTESIAN_POINT('Ctrl Pts',(0.257056572592868,0.00655789900600632,
0.604831775879262));
#5679=CARTESIAN_POINT('Ctrl Pts',(0.229762246481551,0.00720644316337819,
0.688351213060571));
#5680=CARTESIAN_POINT('Ctrl Pts',(0.20098947233138,0.00651028158075666,
0.771568829423442));
#5681=CARTESIAN_POINT('Ctrl Pts',(0.175911350711709,0.00580065802697234,
0.855275419609919));
#5682=CARTESIAN_POINT('Ctrl Pts',(0.15878411938456,0.005531812580861,0.925562965783392));
#5683=CARTESIAN_POINT('Ctrl Pts',(0.144160888580879,0.00512957873078642,
0.996173720823098));
#5684=CARTESIAN_POINT('Ctrl Pts',(0.129076358477984,0.00457473923509504,
1.08123025122789));
#5685=CARTESIAN_POINT('Ctrl Pts',(0.12113141809911,0.00412273912612447,
1.13820999838454));
#5686=CARTESIAN_POINT('Ctrl Pts',(0.116377559075966,0.00374147735907701,
1.18110240000141));
#5687=CARTESIAN_POINT('Ctrl Pts',(0.409902330212848,-0.0279751387092764,
0.));
#5688=CARTESIAN_POINT('Ctrl Pts',(0.398523654995784,-0.0224938534494903,
0.0567601138423143));
#5689=CARTESIAN_POINT('Ctrl Pts',(0.383086659758263,-0.0164769929219135,
0.127535464086843));
#5690=CARTESIAN_POINT('Ctrl Pts',(0.355884251175518,-0.0085222528603871,
0.240423792738988));
#5691=CARTESIAN_POINT('Ctrl Pts',(0.326873352860324,-0.00189496155391946,
0.353039229093283));
#5692=CARTESIAN_POINT('Ctrl Pts',(0.292931764018965,0.00225825419441817,
0.465059693498783));
#5693=CARTESIAN_POINT('Ctrl Pts',(0.267071530878311,0.0042453080185861,
0.548909022206846));
#5694=CARTESIAN_POINT('Ctrl Pts',(0.250282716335477,0.00536434021403514,
0.604831775879187));
#5695=CARTESIAN_POINT('Ctrl Pts',(0.223190235373576,0.0059829490837759,
0.688351213060489));
#5696=CARTESIAN_POINT('Ctrl Pts',(0.194645041086912,0.00528091795883222,
0.771568829423332));
#5697=CARTESIAN_POINT('Ctrl Pts',(0.169791156428076,0.00457360687020293,
0.855275419609805));
#5698=CARTESIAN_POINT('Ctrl Pts',(0.152840308208752,0.00430770870660382,
0.925562965783271));
#5699=CARTESIAN_POINT('Ctrl Pts',(0.138393199122752,0.00391635679570774,
0.996173720822967));
#5700=CARTESIAN_POINT('Ctrl Pts',(0.12351853496183,0.00338110361332349,
1.08123025122775));
#5701=CARTESIAN_POINT('Ctrl Pts',(0.115712664371588,0.0029481989770288,
1.13820999838439));
#5702=CARTESIAN_POINT('Ctrl Pts',(0.111062532146242,0.00258460469527768,
1.18110240000125));
#5703=CARTESIAN_POINT('Ctrl Pts',(0.402129109167616,-0.0284770024736866,
0.));
#5704=CARTESIAN_POINT('Ctrl Pts',(0.390820740379213,-0.0230877014924286,
0.0567601138423145));
#5705=CARTESIAN_POINT('Ctrl Pts',(0.375480178794281,-0.0171753255214363,
0.127535464086808));
#5706=CARTESIAN_POINT('Ctrl Pts',(0.348448135935836,-0.00936750705533585,
0.240423792738954));
#5707=CARTESIAN_POINT('Ctrl Pts',(0.319622748063393,-0.00286927322841325,
0.35303922909323));
#5708=CARTESIAN_POINT('Ctrl Pts',(0.2858782718219,0.00117488474182028,0.465059693498712));
#5709=CARTESIAN_POINT('Ctrl Pts',(0.260190329530516,0.00310471278414686,
0.548909022206771));
#5710=CARTESIAN_POINT('Ctrl Pts',(0.243522710839208,0.0041925163413273,
0.604831775879108));
#5711=CARTESIAN_POINT('Ctrl Pts',(0.216637599430566,0.00478465890934438,
0.688351213060404));
#5712=CARTESIAN_POINT('Ctrl Pts',(0.188326076810994,0.00408100875305598,
0.77156882942322));
#5713=CARTESIAN_POINT('Ctrl Pts',(0.16370186767288,0.00337991456244088,
0.855275419609688));
#5714=CARTESIAN_POINT('Ctrl Pts',(0.146931176560402,0.00311967846916642,
0.925562965783147));
#5715=CARTESIAN_POINT('Ctrl Pts',(0.132663544983749,0.0027417417258244,
0.996173720822833));
#5716=CARTESIAN_POINT('Ctrl Pts',(0.118002346472003,0.00222890398112681,
1.08123025122761));
#5717=CARTESIAN_POINT('Ctrl Pts',(0.110337584889963,0.00181681150368308,
1.13820999838423));
#5718=CARTESIAN_POINT('Ctrl Pts',(0.105792501793058,0.00147207303533549,
1.1811024000011));
#5719=CARTESIAN_POINT('Ctrl Pts',(0.394343518451011,-0.0289667827151804,
0.));
#5720=CARTESIAN_POINT('Ctrl Pts',(0.383107199918777,-0.0236694008175475,
0.0567601138423143));
#5721=CARTESIAN_POINT('Ctrl Pts',(0.367865554085321,-0.0178610972023488,
0.127535464086779));
#5722=CARTESIAN_POINT('Ctrl Pts',(0.341008447310008,-0.0101988948735531,
0.240423792738924));
#5723=CARTESIAN_POINT('Ctrl Pts',(0.312373628096499,-0.00382786389595877,
0.353039229093186));
#5724=CARTESIAN_POINT('Ctrl Pts',(0.278832196633656,0.000109882308136047,
0.465059693498654));
#5725=CARTESIAN_POINT('Ctrl Pts',(0.253321426194584,0.00198509443712807,
0.548909022206709));
#5726=CARTESIAN_POINT('Ctrl Pts',(0.236778283912988,0.00304352546167662,
0.604831775879042));
#5727=CARTESIAN_POINT('Ctrl Pts',(0.210106159621702,0.00361273188222733,
0.688351213060333));
#5728=CARTESIAN_POINT('Ctrl Pts',(0.182034549379523,0.00291174487004081,
0.771568829423124));
#5729=CARTESIAN_POINT('Ctrl Pts',(0.15764559320207,0.00222081434637788,
0.855275419609588));
#5730=CARTESIAN_POINT('Ctrl Pts',(0.14105892371352,0.00196901259927697,
0.925562965783041));
#5731=CARTESIAN_POINT('Ctrl Pts',(0.126974213389974,0.00160708786553406,
0.996173720822718));
#5732=CARTESIAN_POINT('Ctrl Pts',(0.112530180696707,0.00111957894988802,
1.08123025122749));
#5733=CARTESIAN_POINT('Ctrl Pts',(0.105008630820121,0.000730077586988151,
1.13820999838409));
#5734=CARTESIAN_POINT('Ctrl Pts',(0.10056996464273,0.000405433602983381,
1.18110240000096));
#5735=CARTESIAN_POINT('Ctrl Pts',(0.38654757003366,-0.0294439386658185,
0.));
#5736=CARTESIAN_POINT('Ctrl Pts',(0.375384981535007,-0.0242384138516442,
0.0567601138423145));
#5737=CARTESIAN_POINT('Ctrl Pts',(0.360244668304841,-0.0185337543845518,
0.127535464086752));
#5738=CARTESIAN_POINT('Ctrl Pts',(0.33356699003086,-0.0110157914155136,
0.240423792738898));
#5739=CARTESIAN_POINT('Ctrl Pts',(0.305127748066868,-0.00477001383629005,
0.353039229093145));
#5740=CARTESIAN_POINT('Ctrl Pts',(0.271795245307281,-0.000935805559527679,
0.465059693498601));
#5741=CARTESIAN_POINT('Ctrl Pts',(0.246466551484742,0.000887529158860928,
0.548909022206652));
#5742=CARTESIAN_POINT('Ctrl Pts',(0.230051199220001,0.00191851164615353,
0.604831775878982));
#5743=CARTESIAN_POINT('Ctrl Pts',(0.203597791121509,0.00246836081951183,
0.688351213060268));
#5744=CARTESIAN_POINT('Ctrl Pts',(0.175772507425362,0.00177433117890945,
0.771568829423037));
#5745=CARTESIAN_POINT('Ctrl Pts',(0.151624548240393,0.00109754381396625,
0.855275419609498));
#5746=CARTESIAN_POINT('Ctrl Pts',(0.135225878975757,0.000857009571292201,
0.925562965782946));
#5747=CARTESIAN_POINT('Ctrl Pts',(0.121327647805034,0.000513767296043117,
0.996173720822615));
#5748=CARTESIAN_POINT('Ctrl Pts',(0.10710461509121,5.46035276375763E-5,
1.08123025122738));
#5749=CARTESIAN_POINT('Ctrl Pts',(0.0997284674633232,-0.000310447378006065,
1.13820999838397));
#5750=CARTESIAN_POINT('Ctrl Pts',(0.0953976507840123,-0.000613691055621941,
1.18110240000084));
#5751=CARTESIAN_POINT('Ctrl Pts',(0.378743233352173,-0.0299079182458231,
0.));
#5752=CARTESIAN_POINT('Ctrl Pts',(0.36765601326763,-0.0247941693739935,
0.0567601138423143));
#5753=CARTESIAN_POINT('Ctrl Pts',(0.352619407859148,-0.0191926899203877,
0.127535464086728));
#5754=CARTESIAN_POINT('Ctrl Pts',(0.326125600126401,-0.0118175040997956,
0.240423792738874));
#5755=CARTESIAN_POINT('Ctrl Pts',(0.29788691572437,-0.00569493164259401,
0.353039229093108));
#5756=CARTESIAN_POINT('Ctrl Pts',(0.264769172597563,-0.00196120316607218,
0.465059693498552));
#5757=CARTESIAN_POINT('Ctrl Pts',(0.239627485371196,-0.000186899851253309,
0.5489090222066));
#5758=CARTESIAN_POINT('Ctrl Pts',(0.223343274680457,0.000818618314544341,
0.604831775878927));
#5759=CARTESIAN_POINT('Ctrl Pts',(0.197114430670402,0.00135273619536356,
0.688351213060208));
#5760=CARTESIAN_POINT('Ctrl Pts',(0.169542069283893,0.000669975592085842,
0.771568829422957));
#5761=CARTESIAN_POINT('Ctrl Pts',(0.145641038423894,1.13546301035599E-5,
0.855275419609414));
#5762=CARTESIAN_POINT('Ctrl Pts',(0.129434490187257,-0.000215006950559302,
0.925562965782857));
#5763=CARTESIAN_POINT('Ctrl Pts',(0.1157264472972,-0.00053680729002487,
0.99617372082252));
#5764=CARTESIAN_POINT('Ctrl Pts',(0.101728435645156,-0.000964484555216121,
1.08123025122728));
#5765=CARTESIAN_POINT('Ctrl Pts',(0.0945000113329612,-0.00130312723401162,
1.13820999838386));
#5766=CARTESIAN_POINT('Ctrl Pts',(0.090278577682027,-0.00158358224353797,
1.18110240000073));
#5767=CARTESIAN_POINT('Ctrl Pts',(0.370932451390891,-0.0303581578554923,
0.));
#5768=CARTESIAN_POINT('Ctrl Pts',(0.359922221159868,-0.0253360497355209,
0.0567601138423144));
#5769=CARTESIAN_POINT('Ctrl Pts',(0.344991682415257,-0.0198372201910168,
0.127535464086708));
#5770=CARTESIAN_POINT('Ctrl Pts',(0.318686165973414,-0.0126032465185778,
0.240423792738853));
#5771=CARTESIAN_POINT('Ctrl Pts',(0.290653012832015,-0.0066017309703893,
0.353039229093077));
#5772=CARTESIAN_POINT('Ctrl Pts',(0.257755803022113,-0.00296532729271678,
0.465059693498512));
#5773=CARTESIAN_POINT('Ctrl Pts',(0.232806076678526,-0.00123714037275511,
0.548909022206557));
#5774=CARTESIAN_POINT('Ctrl Pts',(0.216656399614097,-0.000255055093171298,
0.604831775878882));
#5775=CARTESIAN_POINT('Ctrl Pts',(0.190658087271835,0.000267013664165333,
0.688351213060159));
#5776=CARTESIAN_POINT('Ctrl Pts',(0.163345424388269,-0.000400118599459007,
0.771568829422893));
#5777=CARTESIAN_POINT('Ctrl Pts',(0.13969745238488,-0.00103647688647649,
0.855275419609347));
#5778=CARTESIAN_POINT('Ctrl Pts',(0.123687310295955,-0.00124567348576307,
0.925562965782786));
#5779=CARTESIAN_POINT('Ctrl Pts',(0.110173347152452,-0.00154316770162471,
0.996173720822442));
#5780=CARTESIAN_POINT('Ctrl Pts',(0.0964046106795735,-0.00193607413627838,
1.0812302512272));
#5781=CARTESIAN_POINT('Ctrl Pts',(0.0893263994525463,-0.00224624068084421,
1.13820999838377));
#5782=CARTESIAN_POINT('Ctrl Pts',(0.0852160163355508,-0.00250242760056292,
1.18110240000064));
#5783=CARTESIAN_POINT('Ctrl Pts',(0.364419706609764,-0.0307214290191255,
0.));
#5784=CARTESIAN_POINT('Ctrl Pts',(0.353474984073529,-0.0257755072687757,
0.0567601138423144));
#5785=CARTESIAN_POINT('Ctrl Pts',(0.338634799468624,-0.0203617028119468,
0.127535464086688));
#5786=CARTESIAN_POINT('Ctrl Pts',(0.312489874815729,-0.0132440062999932,
0.240423792738834));
#5787=CARTESIAN_POINT('Ctrl Pts',(0.284632149751333,-0.00734149894005599,
0.353039229093047));
#5788=CARTESIAN_POINT('Ctrl Pts',(0.251923483503526,-0.0037835556246681,
0.465059693498473));
#5789=CARTESIAN_POINT('Ctrl Pts',(0.227137875296885,-0.0020913395376367,
0.548909022206516));
#5790=CARTESIAN_POINT('Ctrl Pts',(0.21110317267752,-0.0011270577189824,
0.604831775878838));
#5791=CARTESIAN_POINT('Ctrl Pts',(0.185302043619696,-0.000611901984270384,
0.688351213060112));
#5792=CARTESIAN_POINT('Ctrl Pts',(0.158211592155229,-0.00126230708311299,
0.771568829422829));
#5793=CARTESIAN_POINT('Ctrl Pts',(0.134779784578501,-0.00187661111609672,
0.855275419609281));
#5794=CARTESIAN_POINT('Ctrl Pts',(0.118937036303073,-0.00206892493175574,
0.925562965782716));
#5795=CARTESIAN_POINT('Ctrl Pts',(0.105588221248575,-0.00234367903223017,
0.996173720822366));
#5796=CARTESIAN_POINT('Ctrl Pts',(0.0920143163487383,-0.00270474323329378,
1.08123025122712));
#5797=CARTESIAN_POINT('Ctrl Pts',(0.0850635229599046,-0.00298935948195594,
1.13820999838368));
#5798=CARTESIAN_POINT('Ctrl Pts',(0.0810472043619266,-0.00322401154941948,
1.18110240000055));
#5799=CARTESIAN_POINT('Ctrl Pts',(0.359208222396082,-0.0310045944564192,
0.));
#5800=CARTESIAN_POINT('Ctrl Pts',(0.348316715669542,-0.0261194667927711,
0.0567601138423144));
#5801=CARTESIAN_POINT('Ctrl Pts',(0.333549994803532,-0.0207733236581301,
0.127535464086683));
#5802=CARTESIAN_POINT('Ctrl Pts',(0.307535755511475,-0.0137477513712165,
0.240423792738829));
#5803=CARTESIAN_POINT('Ctrl Pts',(0.279820872475882,-0.0079232797415413,
0.353039229093039));
#5804=CARTESIAN_POINT('Ctrl Pts',(0.247265879191108,-0.00442653433357859,
0.465059693498462));
#5805=CARTESIAN_POINT('Ctrl Pts',(0.222614073425676,-0.00276160914658929,
0.548909022206505));
#5806=CARTESIAN_POINT('Ctrl Pts',(0.206673092880099,-0.00181051854511673,
0.604831775878826));
#5807=CARTESIAN_POINT('Ctrl Pts',(0.181032817726023,-0.00129897105800473,
0.688351213060099));
#5808=CARTESIAN_POINT('Ctrl Pts',(0.154123704768002,-0.00193371053211392,
0.771568829422812));
#5809=CARTESIAN_POINT('Ctrl Pts',(0.130868106567169,-0.00252820125482031,
0.855275419609263));
#5810=CARTESIAN_POINT('Ctrl Pts',(0.115161603857488,-0.00270540408562421,
0.925562965782697));
#5811=CARTESIAN_POINT('Ctrl Pts',(0.10194706761772,-0.00296041154918187,
0.996173720822347));
#5812=CARTESIAN_POINT('Ctrl Pts',(0.0885314354419347,-0.00329420100809611,
1.0812302512271));
#5813=CARTESIAN_POINT('Ctrl Pts',(0.081684028659416,-0.00355722644652346,
1.13820999838366));
#5814=CARTESIAN_POINT('Ctrl Pts',(0.0777439628089695,-0.00377381741420487,
1.18110240000053));
#5815=CARTESIAN_POINT('Ctrl Pts',(0.353996201936348,-0.0312826909682051,
0.));
#5816=CARTESIAN_POINT('Ctrl Pts',(0.343158449741632,-0.0264582393484858,
0.0567601138423144));
#5817=CARTESIAN_POINT('Ctrl Pts',(0.328465979313894,-0.0211795026857812,
0.127535464086678));
#5818=CARTESIAN_POINT('Ctrl Pts',(0.302583900682876,-0.0142454386980406,
0.240423792738824));
#5819=CARTESIAN_POINT('Ctrl Pts',(0.275013529353193,-0.00849820769946025,
0.353039229093031));
#5820=CARTESIAN_POINT('Ctrl Pts',(0.242614096630849,-0.00506162228805325,
0.465059693498452));
#5821=CARTESIAN_POINT('Ctrl Pts',(0.218097773202251,-0.00342299455674927,
0.548909022206494));
#5822=CARTESIAN_POINT('Ctrl Pts',(0.202251685913045,-0.0024843879809285,
0.604831775878814));
#5823=CARTESIAN_POINT('Ctrl Pts',(0.176774359260117,-0.00197514851743815,
0.688351213060086));
#5824=CARTESIAN_POINT('Ctrl Pts',(0.150048997033386,-0.00259267344917461,
0.771568829422795));
#5825=CARTESIAN_POINT('Ctrl Pts',(0.126971831876377,-0.00316587650763134,
0.855275419609246));
#5826=CARTESIAN_POINT('Ctrl Pts',(0.111403162438342,-0.00332687740481831,
0.925562965782678));
#5827=CARTESIAN_POINT('Ctrl Pts',(0.0983243841158384,-0.00356107945907772,
0.996173720822326));
#5828=CARTESIAN_POINT('Ctrl Pts',(0.0850686802147897,-0.00386636591631929,
1.08123025122708));
#5829=CARTESIAN_POINT('Ctrl Pts',(0.0783256657738086,-0.00410701432869181,
1.13820999838363));
#5830=CARTESIAN_POINT('Ctrl Pts',(0.0744625501569729,-0.00430497385359402,
1.1811024000005));
#5831=CARTESIAN_POINT('Ctrl Pts',(0.347480776106297,-0.0316206159711866,
0.));
#5832=CARTESIAN_POINT('Ctrl Pts',(0.336711224946537,-0.0268717609434881,
0.0567601138423144));
#5833=CARTESIAN_POINT('Ctrl Pts',(0.322113041678786,-0.0216767765134227,
0.127535464086664));
#5834=CARTESIAN_POINT('Ctrl Pts',(0.296398931188796,-0.0148559104674055,
0.24042379273881));
#5835=CARTESIAN_POINT('Ctrl Pts',(0.269012336632809,-0.00920371263870862,
0.35303922909301));
#5836=CARTESIAN_POINT('Ctrl Pts',(0.23681088647053,-0.00584039779286659,
0.465059693498424));
#5837=CARTESIAN_POINT('Ctrl Pts',(0.212467081257584,-0.0042327732669363,
0.548909022206465));
#5838=CARTESIAN_POINT('Ctrl Pts',(0.196741824738166,-0.00330843384574742,
0.604831775878783));
#5839=CARTESIAN_POINT('Ctrl Pts',(0.171472155184793,-0.00279960540791693,
0.688351213060053));
#5840=CARTESIAN_POINT('Ctrl Pts',(0.144981067443184,-0.00339265605109856,
0.771568829422751));
#5841=CARTESIAN_POINT('Ctrl Pts',(0.12213118556097,-0.00393643237804276,
0.855275419609199));
#5842=CARTESIAN_POINT('Ctrl Pts',(0.106737848646405,-0.00407509538862885,
0.925562965782629));
#5843=CARTESIAN_POINT('Ctrl Pts',(0.0938316138807205,-0.00428126335668018,
0.996173720822273));
#5844=CARTESIAN_POINT('Ctrl Pts',(0.0807790188151229,-0.00454856665804403,
1.08123025122703));
#5845=CARTESIAN_POINT('Ctrl Pts',(0.0741684507418155,-0.00475973365642697,
1.13820999838357));
#5846=CARTESIAN_POINT('Ctrl Pts',(0.0704028863996286,-0.00493330730295475,
1.18110240000044));
#5847=CARTESIAN_POINT('Ctrl Pts',(0.340966432245506,-0.0319450808915148,
0.));
#5848=CARTESIAN_POINT('Ctrl Pts',(0.330266407096118,-0.0272714367452155,
0.0567601138423144));
#5849=CARTESIAN_POINT('Ctrl Pts',(0.315764462886705,-0.0221594713822841,
0.127535464086652));
#5850=CARTESIAN_POINT('Ctrl Pts',(0.290222005205377,-0.0154501511032672,
0.240423792738798));
#5851=CARTESIAN_POINT('Ctrl Pts',(0.263023385981662,-0.00989090115396248,
0.353039229092992));
#5852=CARTESIAN_POINT('Ctrl Pts',(0.231024625331001,-0.00659832419130926,
0.4650596934984));
#5853=CARTESIAN_POINT('Ctrl Pts',(0.206857614962109,-0.0050191855639575,
0.548909022206439));
#5854=CARTESIAN_POINT('Ctrl Pts',(0.19125619944546,-0.00410728997942223,
0.604831775878756));
#5855=CARTESIAN_POINT('Ctrl Pts',(0.16619961436138,-0.00359545961922661,
0.688351213060024));
#5856=CARTESIAN_POINT('Ctrl Pts',(0.1399490994897,-0.00415993260584973,
0.771568829422711));
#5857=CARTESIAN_POINT('Ctrl Pts',(0.117332368484705,-0.00467035982770211,
0.855275419609158));
#5858=CARTESIAN_POINT('Ctrl Pts',(0.102118605181225,-0.00478377905963464,
0.925562965782585));
#5859=CARTESIAN_POINT('Ctrl Pts',(0.0893889188716524,-0.00495907888288957,
0.996173720822226));
#5860=CARTESIAN_POINT('Ctrl Pts',(0.0765439702074162,-0.00518509931953805,
1.08123025122698));
#5861=CARTESIAN_POINT('Ctrl Pts',(0.0700686561109923,-0.00536466146455679,
1.13820999838352));
#5862=CARTESIAN_POINT('Ctrl Pts',(0.0664026219637062,-0.00551230220341503,
1.18110240000038));
#5863=CARTESIAN_POINT('Ctrl Pts',(0.335756577165911,-0.0321962372548734,
0.));
#5864=CARTESIAN_POINT('Ctrl Pts',(0.325112944341178,-0.0275825171893709,
0.0567601138423144));
#5865=CARTESIAN_POINT('Ctrl Pts',(0.310689143436627,-0.0225365106852809,
0.127535464086649));
#5866=CARTESIAN_POINT('Ctrl Pts',(0.285286207264037,-0.0159154111709052,
0.240423792738794));
#5867=CARTESIAN_POINT('Ctrl Pts',(0.258240494720675,-0.0104292394426531,
0.353039229092986));
#5868=CARTESIAN_POINT('Ctrl Pts',(0.226406724346856,-0.00719173989610781,
0.465059693498393));
#5869=CARTESIAN_POINT('Ctrl Pts',(0.202383762244692,-0.0056338502705571,
0.548909022206431));
#5870=CARTESIAN_POINT('Ctrl Pts',(0.186883268624556,-0.00473078339297212,
0.604831775878748));
#5871=CARTESIAN_POINT('Ctrl Pts',(0.162000497677303,-0.00421442403106538,
0.688351213060014));
#5872=CARTESIAN_POINT('Ctrl Pts',(0.135946343112009,-0.00475346218751485,
0.771568829422699));
#5873=CARTESIAN_POINT('Ctrl Pts',(0.11351979713696,-0.00523473833750545,
0.855275419609146));
#5874=CARTESIAN_POINT('Ctrl Pts',(0.0984523674681278,-0.00532612305965973,
0.925562965782572));
#5875=CARTESIAN_POINT('Ctrl Pts',(0.0858664707319781,-0.00547492367471789,
0.996173720822211));
#5876=CARTESIAN_POINT('Ctrl Pts',(0.073190554700986,-0.00566580730754854,
1.08123025122696));
#5877=CARTESIAN_POINT('Ctrl Pts',(0.0668252710638359,-0.00581871791840308,
1.1382099983835));
#5878=CARTESIAN_POINT('Ctrl Pts',(0.0632401632294808,-0.00594461144013719,
1.18110240000037));
#5879=CARTESIAN_POINT('Ctrl Pts',(0.330548126260391,-0.0324416634960419,
0.));
#5880=CARTESIAN_POINT('Ctrl Pts',(0.319961389795833,-0.0278877055894647,
0.0567601138423144));
#5881=CARTESIAN_POINT('Ctrl Pts',(0.305616491765638,-0.0229073529055626,
0.127535464086645));
#5882=CARTESIAN_POINT('Ctrl Pts',(0.280354538172255,-0.016373793102257,
0.240423792738791));
#5883=CARTESIAN_POINT('Ctrl Pts',(0.253463419022684,-0.0109598385244941,
0.353039229092982));
#5884=CARTESIAN_POINT('Ctrl Pts',(0.221796540369086,-0.00777640389856859,
0.465059693498387));
#5885=CARTESIAN_POINT('Ctrl Pts',(0.197919386926797,-0.00623872267154996,
0.548909022206424));
#5886=CARTESIAN_POINT('Ctrl Pts',(0.182521064508041,-0.00534372012562642,
0.604831775878741));
#5887=CARTESIAN_POINT('Ctrl Pts',(0.157814370846843,-0.00482138523743931,
0.688351213060007));
#5888=CARTESIAN_POINT('Ctrl Pts',(0.131959220310993,-0.0053332359970743,
0.771568829422689));
#5889=CARTESIAN_POINT('Ctrl Pts',(0.10972535509567,-0.0057836687434667,
0.855275419609135));
#5890=CARTESIAN_POINT('Ctrl Pts',(0.0948060927019538,-0.00585175209665353,
0.925562965782561));
#5891=CARTESIAN_POINT('Ctrl Pts',(0.0823657443702583,-0.0059728050094553,
0.996173720822199));
#5892=CARTESIAN_POINT('Ctrl Pts',(0.0698608822729535,-0.00612708477862146,
1.08123025122695));
#5893=CARTESIAN_POINT('Ctrl Pts',(0.0636069048859934,-0.00625238900836887,
1.13820999838349));
#5894=CARTESIAN_POINT('Ctrl Pts',(0.0601036389645612,-0.00635583203100731,
1.18110240000035));
#5895=CARTESIAN_POINT('Ctrl Pts',(0.324040803018352,-0.0327374742064017,
0.));
#5896=CARTESIAN_POINT('Ctrl Pts',(0.313526112903584,-0.0282579183274707,
0.0567601138423144));
#5897=CARTESIAN_POINT('Ctrl Pts',(0.299281252031257,-0.0233590614745276,
0.127535464086636));
#5898=CARTESIAN_POINT('Ctrl Pts',(0.274198256867146,-0.0169336430318901,
0.240423792738782));
#5899=CARTESIAN_POINT('Ctrl Pts',(0.247503547349923,-0.011608331150442,
0.353039229092967));
#5900=CARTESIAN_POINT('Ctrl Pts',(0.216048866497404,-0.00849057089894372,
0.465059693498368));
#5901=CARTESIAN_POINT('Ctrl Pts',(0.192357310295537,-0.0069761718451253,
0.548909022206404));
#5902=CARTESIAN_POINT('Ctrl Pts',(0.177089075815845,-0.00608979065888354,
0.604831775878719));
#5903=CARTESIAN_POINT('Ctrl Pts',(0.152606782720973,-0.00555721985824325,
0.688351213059983));
#5904=CARTESIAN_POINT('Ctrl Pts',(0.127005425654199,-0.00603172646280946,
0.771568829422658));
#5905=CARTESIAN_POINT('Ctrl Pts',(0.105017191404522,-0.00644034592901639,
0.855275419609102));
#5906=CARTESIAN_POINT('Ctrl Pts',(0.0902866725291752,-0.00647684972340399,
0.925562965782526));
#5907=CARTESIAN_POINT('Ctrl Pts',(0.0780316711720563,-0.00656078738498006,
0.996173720822162));
#5908=CARTESIAN_POINT('Ctrl Pts',(0.0657445657092477,-0.00666644628000891,
1.08123025122691));
#5909=CARTESIAN_POINT('Ctrl Pts',(0.0596322281193759,-0.00675536408657482,
1.13820999838344));
#5910=CARTESIAN_POINT('Ctrl Pts',(0.0562330722013032,-0.00682935726970235,
1.18110240000031));
#5911=CARTESIAN_POINT('Ctrl Pts',(0.316239154113479,-0.0330741266868304,
0.));
#5912=CARTESIAN_POINT('Ctrl Pts',(0.305812337526336,-0.0286834022847506,
0.0567601138423143));
#5913=CARTESIAN_POINT('Ctrl Pts',(0.291689724332463,-0.0238814440579115,
0.127535464086628));
#5914=CARTESIAN_POINT('Ctrl Pts',(0.266825822151901,-0.0175837342861317,
0.240423792738774));
#5915=CARTESIAN_POINT('Ctrl Pts',(0.240371897010343,-0.0123621456362605,
0.353039229092955));
#5916=CARTESIAN_POINT('Ctrl Pts',(0.209177655295131,-0.00932008146741264,
0.465059693498352));
#5917=CARTESIAN_POINT('Ctrl Pts',(0.185714282725567,-0.00783034804273943,
0.548909022206387));
#5918=CARTESIAN_POINT('Ctrl Pts',(0.170606065590567,-0.006951882227602,
0.604831775878701));
#5919=CARTESIAN_POINT('Ctrl Pts',(0.146400147582519,-0.00640243506948894,
0.688351213059964));
#5920=CARTESIAN_POINT('Ctrl Pts',(0.121111676940662,-0.00682653910958304,
0.771568829422632));
#5921=CARTESIAN_POINT('Ctrl Pts',(0.0994262059397578,-0.00717947098705056,
0.855275419609076));
#5922=CARTESIAN_POINT('Ctrl Pts',(0.0849281944873824,-0.00717384269849119,
0.925562965782498));
#5923=CARTESIAN_POINT('Ctrl Pts',(0.0729014929724489,-0.00720897852868359,
0.996173720822132));
#5924=CARTESIAN_POINT('Ctrl Pts',(0.0608825709335564,-0.00725119722882252,
1.08123025122688));
#5925=CARTESIAN_POINT('Ctrl Pts',(0.0549446452149769,-0.00729305639219401,
1.13820999838341));
#5926=CARTESIAN_POINT('Ctrl Pts',(0.0516736710941231,-0.00732916784737137,
1.18110240000028));
#5927=CARTESIAN_POINT('Ctrl Pts',(0.308446622836818,-0.0333916735623859,
0.));
#5928=CARTESIAN_POINT('Ctrl Pts',(0.298109041742378,-0.0290893654285117,
0.0567601138423144));
#5929=CARTESIAN_POINT('Ctrl Pts',(0.284110837972321,-0.0243834309200543,
0.127535464086621));
#5930=CARTESIAN_POINT('Ctrl Pts',(0.259470359277611,-0.0182113569792571,
0.240423792738766));
#5931=CARTESIAN_POINT('Ctrl Pts',(0.233262350091412,-0.0130907933563135,
0.353039229092943));
#5932=CARTESIAN_POINT('Ctrl Pts',(0.202334415505858,-0.0101212117690508,
0.465059693498337));
#5933=CARTESIAN_POINT('Ctrl Pts',(0.179104835134032,-0.00865274705873907,
0.548909022206371));
#5934=CARTESIAN_POINT('Ctrl Pts',(0.16416067622942,-0.00777966174684789,
0.604831775878684));
#5935=CARTESIAN_POINT('Ctrl Pts',(0.140238466416897,-0.00720859325440105,
0.688351213059946));
#5936=CARTESIAN_POINT('Ctrl Pts',(0.11527153122054,-0.00757652247706724,
0.771568829422608));
#5937=CARTESIAN_POINT('Ctrl Pts',(0.0938972475087522,-0.00786795264716011,
0.85527541960905));
#5938=CARTESIAN_POINT('Ctrl Pts',(0.0796381816700504,-0.00781559920845707,
0.925562965782471));
#5939=CARTESIAN_POINT('Ctrl Pts',(0.0678461673678695,-0.00779722406757146,
0.996173720822102));
#5940=CARTESIAN_POINT('Ctrl Pts',(0.0561029822146238,-0.00777028861990266,
1.08123025122685));
#5941=CARTESIAN_POINT('Ctrl Pts',(0.0503444303791433,-0.00776120791464234,
1.13820999838337));
#5942=CARTESIAN_POINT('Ctrl Pts',(0.0472053122423696,-0.00775648979147953,
1.18110240000024));
#5943=CARTESIAN_POINT('Ctrl Pts',(0.300665227175788,-0.0336893340103723,
0.));
#5944=CARTESIAN_POINT('Ctrl Pts',(0.290418205594676,-0.0294750502865821,
0.0567601138423143));
#5945=CARTESIAN_POINT('Ctrl Pts',(0.276546550911921,-0.0248642710216719,
0.127535464086614));
#5946=CARTESIAN_POINT('Ctrl Pts',(0.252133836077899,-0.0188157238034745,
0.24042379273876));
#5947=CARTESIAN_POINT('Ctrl Pts',(0.226176933383945,-0.0137934154331433,
0.353039229092933));
#5948=CARTESIAN_POINT('Ctrl Pts',(0.195521221353078,-0.0108929648383362,
0.465059693498323));
#5949=CARTESIAN_POINT('Ctrl Pts',(0.172531192404978,-0.00944223730481597,
0.548909022206356));
#5950=CARTESIAN_POINT('Ctrl Pts',(0.15775527772819,-0.00857189042116059,
0.604831775878669));
#5951=CARTESIAN_POINT('Ctrl Pts',(0.134124389807885,-0.00797432606047003,
0.688351213059929));
#5952=CARTESIAN_POINT('Ctrl Pts',(0.109488013604404,-0.00828016808583923,
0.771568829422585));
#5953=CARTESIAN_POINT('Ctrl Pts',(0.0884338318335715,-0.0085040031657002,
0.855275419609027));
#5954=CARTESIAN_POINT('Ctrl Pts',(0.0744206391875993,-0.00839997001251251,
0.925562965782446));
#5955=CARTESIAN_POINT('Ctrl Pts',(0.0628702795836122,-0.00832291204825417,
0.996173720822075));
#5956=CARTESIAN_POINT('Ctrl Pts',(0.0514111638200034,-0.00822045611604228,
1.08123025122682));
#5957=CARTESIAN_POINT('Ctrl Pts',(0.0458375402510728,-0.00815603527894774,
1.13820999838334));
#5958=CARTESIAN_POINT('Ctrl Pts',(0.0428344380562542,-0.00810710270488506,
1.18110240000021));
#5959=CARTESIAN_POINT('Ctrl Pts',(0.292897038083002,-0.0339663520457076,
0.));
#5960=CARTESIAN_POINT('Ctrl Pts',(0.282741886885748,-0.0298396960607845,
0.0567601138423144));
#5961=CARTESIAN_POINT('Ctrl Pts',(0.268998924429156,-0.0253231801126787,
0.127535464086608));
#5962=CARTESIAN_POINT('Ctrl Pts',(0.244818350100989,-0.0193959762962514,
0.240423792738754));
#5963=CARTESIAN_POINT('Ctrl Pts',(0.21911782618234,-0.014469053513939,0.353039229092924));
#5964=CARTESIAN_POINT('Ctrl Pts',(0.1887402597292,-0.0116342210679766,0.465059693498311));
#5965=CARTESIAN_POINT('Ctrl Pts',(0.16599569828318,-0.0101975643315192,
0.548909022206343));
#5966=CARTESIAN_POINT('Ctrl Pts',(0.151392377457632,-0.00932721129205561,
0.604831775878655));
#5967=CARTESIAN_POINT('Ctrl Pts',(0.128060768490522,-0.00869817075520381,
0.688351213059914));
#5968=CARTESIAN_POINT('Ctrl Pts',(0.103764443352915,-0.00893591456895885,
0.771568829422565));
#5969=CARTESIAN_POINT('Ctrl Pts',(0.0830398666145784,-0.00908582349331861,
0.855275419609006));
#5970=CARTESIAN_POINT('Ctrl Pts',(0.0692800384453397,-0.00892482417859314,
0.925562965782424));
#5971=CARTESIAN_POINT('Ctrl Pts',(0.0579789605291236,-0.00878348001600548,
0.996173720822051));
#5972=CARTESIAN_POINT('Ctrl Pts',(0.0468131237453382,-0.00859852287078185,
1.08123025122679));
#5973=CARTESIAN_POINT('Ctrl Pts',(0.0414306440368363,-0.00847386885220605,
1.13820999838331));
#5974=CARTESIAN_POINT('Ctrl Pts',(0.0385682565485605,-0.00837691994737558,
1.18110240000018));
#5975=CARTESIAN_POINT('Ctrl Pts',(0.285144196071077,-0.0342220217411144,
0.));
#5976=CARTESIAN_POINT('Ctrl Pts',(0.275082221218493,-0.0301825598873853,
0.0567601138423144));
#5977=CARTESIAN_POINT('Ctrl Pts',(0.261470106837964,-0.0257593591827745,
0.127535464086602));
#5978=CARTESIAN_POINT('Ctrl Pts',(0.237526095788982,-0.0199512049831389,
0.240423792738748));
#5979=CARTESIAN_POINT('Ctrl Pts',(0.212087317580918,-0.0151166724474263,
0.353039229092915));
#5980=CARTESIAN_POINT('Ctrl Pts',(0.18199379524642,-0.0123437918304313,
0.465059693498299));
#5981=CARTESIAN_POINT('Ctrl Pts',(0.159500788308308,-0.0109174098583179,
0.548909022206331));
#5982=CARTESIAN_POINT('Ctrl Pts',(0.145074598229685,-0.0100442070111346,
0.604831775878642));
#5983=CARTESIAN_POINT('Ctrl Pts',(0.122050639736782,-0.00937859802352963,
0.6883512130599));
#5984=CARTESIAN_POINT('Ctrl Pts',(0.0981044312844613,-0.0095421253024131,
0.771568829422548));
#5985=CARTESIAN_POINT('Ctrl Pts',(0.0777196626209097,-0.00961155382338597,
0.855275419608988));
#5986=CARTESIAN_POINT('Ctrl Pts',(0.0642213414942202,-0.00938800534576345,
0.925562965782405));
#5987=CARTESIAN_POINT('Ctrl Pts',(0.0531779264345574,-0.00917639206725655,
0.99617372082203));
#5988=CARTESIAN_POINT('Ctrl Pts',(0.0423155737503345,-0.00890141722772179,
1.08123025122677));
#5989=CARTESIAN_POINT('Ctrl Pts',(0.0371311986530794,-0.00871121060604359,
1.13820999838328));
#5990=CARTESIAN_POINT('Ctrl Pts',(0.0344148289777068,-0.0085620842435947,
1.18110240000015));
#5991=CARTESIAN_POINT('Ctrl Pts',(0.277408902497533,-0.0344556798492379,
0.));
#5992=CARTESIAN_POINT('Ctrl Pts',(0.267441399265211,-0.0305029182827956,
0.0567601138423144));
#5993=CARTESIAN_POINT('Ctrl Pts',(0.253962297760364,-0.0261720056429972,
0.127535464086598));
#5994=CARTESIAN_POINT('Ctrl Pts',(0.230259318098763,-0.0204804747986354,
0.240423792738743));
#5995=CARTESIAN_POINT('Ctrl Pts',(0.205087753638954,-0.0157351950035194,
0.353039229092908));
#5996=CARTESIAN_POINT('Ctrl Pts',(0.175284145773353,-0.0130204876529675,
0.46505969349829));
#5997=CARTESIAN_POINT('Ctrl Pts',(0.153048971549115,-0.011600456708806,
0.548909022206321));
#5998=CARTESIAN_POINT('Ctrl Pts',(0.1388046606696,-0.0107214481160959,0.604831775878632));
#5999=CARTESIAN_POINT('Ctrl Pts',(0.116097180681902,-0.0100140315855381,
0.688351213059889));
#6000=CARTESIAN_POINT('Ctrl Pts',(0.0925117856370015,-0.0100970628299824,
0.771568829422532));
#6001=CARTESIAN_POINT('Ctrl Pts',(0.0724778248806384,-0.0100791462014583,
0.855275419608971));
#6002=CARTESIAN_POINT('Ctrl Pts',(0.0592499177966186,-0.00978707192904824,
0.925562965782387));
#6003=CARTESIAN_POINT('Ctrl Pts',(0.0484734434821006,-0.00949870444261314,
0.996173720822011));
#6004=CARTESIAN_POINT('Ctrl Pts',(0.0379259744955793,-0.00912548964710781,
1.08123025122675));
#6005=CARTESIAN_POINT('Ctrl Pts',(0.0329475665247644,-0.00886385031047661,
1.13820999838326));
#6006=CARTESIAN_POINT('Ctrl Pts',(0.0303832535287259,-0.00865791432883272,
1.18110240000013));
#6007=CARTESIAN_POINT('Ctrl Pts',(0.27097930777168,-0.034631506023475,0.));
#6008=CARTESIAN_POINT('Ctrl Pts',(0.261091592164832,-0.0307505262374607,
0.0567601138423144));
#6009=CARTESIAN_POINT('Ctrl Pts',(0.247725138820329,-0.0264955926893223,
0.127535464086592));
#6010=CARTESIAN_POINT('Ctrl Pts',(0.224226777297007,-0.0208991160410976,
0.240423792738739));
#6011=CARTESIAN_POINT('Ctrl Pts',(0.199282536271046,-0.0162254801604033,
0.353039229092901));
#6012=CARTESIAN_POINT('Ctrl Pts',(0.169725405222131,-0.0135560695750494,
0.465059693498281));
#6013=CARTESIAN_POINT('Ctrl Pts',(0.14771050229809,-0.0121379556169797,
0.548909022206311));
#6014=CARTESIAN_POINT('Ctrl Pts',(0.133621911107465,-0.0112515286270961,
0.604831775878621));
#6015=CARTESIAN_POINT('Ctrl Pts',(0.111185914970642,-0.0105047402395649,
0.688351213059878));
#6016=CARTESIAN_POINT('Ctrl Pts',(0.0879106515464508,-0.010515255501531,
0.771568829422517));
#6017=CARTESIAN_POINT('Ctrl Pts',(0.0681789339253327,-0.0104184178011968,
0.855275419608956));
#6018=CARTESIAN_POINT('Ctrl Pts',(0.0551845466289709,-0.0100637314270392,
0.925562965782372));
#6019=CARTESIAN_POINT('Ctrl Pts',(0.0446391590443102,-0.00970531915898792,
0.996173720821994));
#6020=CARTESIAN_POINT('Ctrl Pts',(0.034364817150503,-0.00924242571677405,
1.08123025122673));
#6021=CARTESIAN_POINT('Ctrl Pts',(0.0295655396437685,-0.0089155944448841,
1.13820999838324));
#6022=CARTESIAN_POINT('Ctrl Pts',(0.027133746513502,-0.00865781060192719,
1.18110240000011));
#6023=CARTESIAN_POINT('Ctrl Pts',(0.265846637956862,-0.0347604929820814,
0.));
#6024=CARTESIAN_POINT('Ctrl Pts',(0.256023368045548,-0.0309366278673204,
0.0567601138423144));
#6025=CARTESIAN_POINT('Ctrl Pts',(0.242748107495807,-0.0267418840287968,
0.127535464086592));
#6026=CARTESIAN_POINT('Ctrl Pts',(0.219415712954644,-0.0212201170945364,
0.240423792738738));
#6027=CARTESIAN_POINT('Ctrl Pts',(0.19465617304643,-0.0166020922940264,
0.353039229092899));
#6028=CARTESIAN_POINT('Ctrl Pts',(0.165299169647425,-0.0139670423349367,
0.465059693498279));
#6029=CARTESIAN_POINT('Ctrl Pts',(0.143463852677235,-0.0125483703862544,
0.548909022206309));
#6030=CARTESIAN_POINT('Ctrl Pts',(0.129502460246579,-0.0116543663963558,
0.604831775878619));
#6031=CARTESIAN_POINT('Ctrl Pts',(0.107288532423914,-0.0108732218377233,
0.688351213059875));
#6032=CARTESIAN_POINT('Ctrl Pts',(0.0842673536711217,-0.0108222767514652,
0.771568829422513));
#6033=CARTESIAN_POINT('Ctrl Pts',(0.0647838504519237,-0.0106582249386559,
0.855275419608952));
#6034=CARTESIAN_POINT('Ctrl Pts',(0.051981719054909,-0.0102496304262411,
0.925562965782367));
#6035=CARTESIAN_POINT('Ctrl Pts',(0.0416270471616825,-0.0098308609686517,
0.996173720821989));
#6036=CARTESIAN_POINT('Ctrl Pts',(0.0315785587961376,-0.00929058599509708,
1.08123025122673));
#6037=CARTESIAN_POINT('Ctrl Pts',(0.0269277982354632,-0.00890743637711951,
1.13820999838324));
#6038=CARTESIAN_POINT('Ctrl Pts',(0.024606101824079,-0.00860482630884276,
1.18110240000011));
#6039=CARTESIAN_POINT('Ctrl Pts',(0.260721673384925,-0.034881575287344,
0.));
#6040=CARTESIAN_POINT('Ctrl Pts',(0.250963249138516,-0.031114612007831,
0.0567601138423144));
#6041=CARTESIAN_POINT('Ctrl Pts',(0.237779891909275,-0.0269796535154043,
0.12753546408659));
#6042=CARTESIAN_POINT('Ctrl Pts',(0.214614984931844,-0.0215316945647256,
0.240423792738736));
#6043=CARTESIAN_POINT('Ctrl Pts',(0.190042060835132,-0.0169681263568544,
0.353039229092897));
#6044=CARTESIAN_POINT('Ctrl Pts',(0.160887165186445,-0.0143662083648188,
0.465059693498276));
#6045=CARTESIAN_POINT('Ctrl Pts',(0.139233727251956,-0.0129455588428859,
0.548909022206306));
#6046=CARTESIAN_POINT('Ctrl Pts',(0.125401331242033,-0.012042843765744,
0.604831775878616));
#6047=CARTESIAN_POINT('Ctrl Pts',(0.103412797382307,-0.0112253776769904,
0.688351213059872));
#6048=CARTESIAN_POINT('Ctrl Pts',(0.0806497792254778,-0.0111105958053153,
0.771568829422509));
#6049=CARTESIAN_POINT('Ctrl Pts',(0.0614189441775029,-0.0108764365624285,
0.855275419608948));
#6050=CARTESIAN_POINT('Ctrl Pts',(0.0488129127788951,-0.0104111610686092,
0.925562965782363));
#6051=CARTESIAN_POINT('Ctrl Pts',(0.0386531306092766,-0.0099288601983211,
0.996173720821984));
#6052=CARTESIAN_POINT('Ctrl Pts',(0.0288357890756216,-0.00930702384359079,
1.08123025122672));
#6053=CARTESIAN_POINT('Ctrl Pts',(0.024337328426109,-0.00886444800514704,
1.13820999838323));
#6054=CARTESIAN_POINT('Ctrl Pts',(0.0221287126256927,-0.00851449303800226,
1.1811024000001));
#6055=CARTESIAN_POINT('Ctrl Pts',(0.254330603034313,-0.035017874543931,
0.));
#6056=CARTESIAN_POINT('Ctrl Pts',(0.24465396609609,-0.0313216292790962,
0.0567601138423145));
#6057=CARTESIAN_POINT('Ctrl Pts',(0.231586811025551,-0.0272606301262584,
0.127535464086587));
#6058=CARTESIAN_POINT('Ctrl Pts',(0.208634125397053,-0.0219032167778984,
0.240423792738733));
#6059=CARTESIAN_POINT('Ctrl Pts',(0.184298100665106,-0.0174055196458965,
0.353039229092892));
#6060=CARTESIAN_POINT('Ctrl Pts',(0.155399584708002,-0.0148427509296333,
0.465059693498269));
#6061=CARTESIAN_POINT('Ctrl Pts',(0.133977885964565,-0.0134169186141802,
0.548909022206299));
#6062=CARTESIAN_POINT('Ctrl Pts',(0.120310200939298,-0.0125011137189041,
0.604831775878608));
#6063=CARTESIAN_POINT('Ctrl Pts',(0.0986097830717185,-0.0116344443825228,
0.688351213059864));
#6064=CARTESIAN_POINT('Ctrl Pts',(0.0761772864828621,-0.0114352456462243,
0.771568829422498));
#6065=CARTESIAN_POINT('Ctrl Pts',(0.057270977458361,-0.0111076971287048,
0.855275419608936));
#6066=CARTESIAN_POINT('Ctrl Pts',(0.0449177022256001,-0.0105659519107911,
0.92556296578235));
#6067=CARTESIAN_POINT('Ctrl Pts',(0.0350099085753922,-0.0099977342085774,
0.996173720821971));
#6068=CARTESIAN_POINT('Ctrl Pts',(0.0254921933833017,-0.00926533606947488,
1.08123025122671));
#6069=CARTESIAN_POINT('Ctrl Pts',(0.0211918227954762,-0.00874201977309733,
1.13820999838322));
#6070=CARTESIAN_POINT('Ctrl Pts',(0.0191306651252414,-0.0083276413570937,
1.18110240000009));
#6071=CARTESIAN_POINT('Ctrl Pts',(0.247961502975827,-0.0351334129174522,
0.));
#6072=CARTESIAN_POINT('Ctrl Pts',(0.238367576939867,-0.0315073371991376,
0.0567601138423143));
#6073=CARTESIAN_POINT('Ctrl Pts',(0.225418368118319,-0.0275192509065217,
0.127535464086584));
#6074=CARTESIAN_POINT('Ctrl Pts',(0.202681768326739,-0.0222500584007064,
0.24042379273873));
#6075=CARTESIAN_POINT('Ctrl Pts',(0.178587611850614,-0.0178152177612671,
0.353039229092888));
#6076=CARTESIAN_POINT('Ctrl Pts',(0.149950572189327,-0.0152886883272759,
0.465059693498263));
#6077=CARTESIAN_POINT('Ctrl Pts',(0.128766744383814,-0.0138539096206411,
0.548909022206293));
#6078=CARTESIAN_POINT('Ctrl Pts',(0.115268689084724,-0.0129218614581226,
0.604831775878602));
#6079=CARTESIAN_POINT('Ctrl Pts',(0.0938652612065169,-0.012000568272206,
0.688351213059856));
#6080=CARTESIAN_POINT('Ctrl Pts',(0.0717741738414054,-0.0117103111594599,
0.771568829422489));
#6081=CARTESIAN_POINT('Ctrl Pts',(0.0532050568854267,-0.0112807383783524,
0.855275419608926));
#6082=CARTESIAN_POINT('Ctrl Pts',(0.0411161630492496,-0.010653827182249,
0.925562965782339));
#6083=CARTESIAN_POINT('Ctrl Pts',(0.0314734232432907,-0.00998946755585533,
0.996173720821959));
#6084=CARTESIAN_POINT('Ctrl Pts',(0.022272299518498,-0.0091328263896487,
1.0812302512267));
#6085=CARTESIAN_POINT('Ctrl Pts',(0.0181824773726666,-0.00851840762654465,
1.1382099983832));
#6086=CARTESIAN_POINT('Ctrl Pts',(0.0162787664127207,-0.00803113261346636,
1.18110240000007));
#6087=CARTESIAN_POINT('Ctrl Pts',(0.242880460688596,-0.0352129342746122,
0.));
#6088=CARTESIAN_POINT('Ctrl Pts',(0.233353233578088,-0.0316426738469032,
0.0567601138423145));
#6089=CARTESIAN_POINT('Ctrl Pts',(0.220499426363564,-0.0277122884764882,
0.127535464086583));
#6090=CARTESIAN_POINT('Ctrl Pts',(0.197938060073449,-0.0225122591537055,
0.240423792738729));
#6091=CARTESIAN_POINT('Ctrl Pts',(0.174040480273257,-0.0181258449594748,
0.353039229092886));
#6092=CARTESIAN_POINT('Ctrl Pts',(0.145615735792874,-0.015626597613712,
0.465059693498261));
#6093=CARTESIAN_POINT('Ctrl Pts',(0.124626079740305,-0.0141823009043187,
0.548909022206291));
#6094=CARTESIAN_POINT('Ctrl Pts',(0.111266902731375,-0.0132352350004812,
0.604831775878599));
#6095=CARTESIAN_POINT('Ctrl Pts',(0.0901066500767847,-0.0122667627170747,
0.688351213059854));
#6096=CARTESIAN_POINT('Ctrl Pts',(0.068295539163277,-0.011899362369428,
0.771568829422486));
#6097=CARTESIAN_POINT('Ctrl Pts',(0.0500046143757788,-0.0113824515340313,
0.855275419608923));
#6098=CARTESIAN_POINT('Ctrl Pts',(0.0381353742445664,-0.0106815559101309,
0.925562965782336));
#6099=CARTESIAN_POINT('Ctrl Pts',(0.0287140709660374,-0.00993334546010366,
0.996173720821956));
#6100=CARTESIAN_POINT('Ctrl Pts',(0.0197786286513101,-0.00896797948988001,
1.08123025122669));
#6101=CARTESIAN_POINT('Ctrl Pts',(0.0158665223541642,-0.00827357632781327,
1.1382099983832));
#6102=CARTESIAN_POINT('Ctrl Pts',(0.0140962924363,-0.00772215693513154,
1.18110240000007));
#6103=CARTESIAN_POINT('Ctrl Pts',(0.237809264608823,-0.0352836940148391,
0.));
#6104=CARTESIAN_POINT('Ctrl Pts',(0.228349083886523,-0.0317690381661741,
0.0567601138423142));
#6105=CARTESIAN_POINT('Ctrl Pts',(0.215591376036591,-0.0278959336461681,
0.127535464086582));
#6106=CARTESIAN_POINT('Ctrl Pts',(0.193206840169707,-0.0227641155095936,
0.240423792738728));
#6107=CARTESIAN_POINT('Ctrl Pts',(0.169507931786454,-0.0184248690033852,
0.353039229092885));
#6108=CARTESIAN_POINT('Ctrl Pts',(0.141297568991228,-0.0159517611422854,
0.465059693498259));
#6109=CARTESIAN_POINT('Ctrl Pts',(0.120504742724363,-0.0144963353471628,
0.548909022206289));
#6110=CARTESIAN_POINT('Ctrl Pts',(0.107286650948724,-0.013532859475831,
0.604831775878597));
#6111=CARTESIAN_POINT('Ctrl Pts',(0.0863733960173702,-0.0125148269387303,
0.688351213059852));
#6112=CARTESIAN_POINT('Ctrl Pts',(0.0648469456884557,-0.0120673403365748,
0.771568829422482));
#6113=CARTESIAN_POINT('Ctrl Pts',(0.0468401947704147,-0.0114591109673882,
0.85527541960892));
#6114=CARTESIAN_POINT('Ctrl Pts',(0.035196548069067,-0.0106801126273831,
0.925562965782333));
#6115=CARTESIAN_POINT('Ctrl Pts',(0.026003620086731,-0.00984314251040044,
0.996173720821952));
#6116=CARTESIAN_POINT('Ctrl Pts',(0.0173431056710039,-0.00876243029780296,
1.08123025122669));
#6117=CARTESIAN_POINT('Ctrl Pts',(0.0136156880199395,-0.00798298402106635,
1.13820999838319));
#6118=CARTESIAN_POINT('Ctrl Pts',(0.0119846276015908,-0.00736326445714585,
1.18110240000006));
#6119=CARTESIAN_POINT('Ctrl Pts',(0.231489397074835,-0.0353554231008311,
0.));
#6120=CARTESIAN_POINT('Ctrl Pts',(0.222113664525943,-0.031909884249578,
0.0567601138423145));
#6121=CARTESIAN_POINT('Ctrl Pts',(0.209477394943982,-0.0281075906269007,
0.127535464086579));
#6122=CARTESIAN_POINT('Ctrl Pts',(0.187316930289289,-0.0230592325266354,
0.240423792738725));
#6123=CARTESIAN_POINT('Ctrl Pts',(0.163870367062167,-0.0187765481331497,
0.35303922909288));
#6124=CARTESIAN_POINT('Ctrl Pts',(0.135931914809977,-0.0163339508371735,
0.465059693498254));
#6125=CARTESIAN_POINT('Ctrl Pts',(0.115390253235312,-0.0148615253758817,
0.548909022206283));
#6126=CARTESIAN_POINT('Ctrl Pts',(0.102352832766016,-0.0138748454536129,
0.604831775878591));
#6127=CARTESIAN_POINT('Ctrl Pts',(0.0817556812678223,-0.0127903278646924,
0.688351213059845));
#6128=CARTESIAN_POINT('Ctrl Pts',(0.0605940741661773,-0.0122371379045073,
0.771568829422474));
#6129=CARTESIAN_POINT('Ctrl Pts',(0.0429544487079107,-0.0115069847814895,
0.855275419608911));
#6130=CARTESIAN_POINT('Ctrl Pts',(0.0316049339231895,-0.0106221569092417,
0.925562965782323));
#6131=CARTESIAN_POINT('Ctrl Pts',(0.0227118205898755,-0.009664387702635,
0.996173720821942));
#6132=CARTESIAN_POINT('Ctrl Pts',(0.0144142321107101,-0.0084261366430234,
1.08123025122668));
#6133=CARTESIAN_POINT('Ctrl Pts',(0.0109323089558279,-0.00753013895492773,
1.13820999838318));
#6134=CARTESIAN_POINT('Ctrl Pts',(0.00948720988991923,-0.00681659473406327,
1.18110240000005));
#6135=CARTESIAN_POINT('Ctrl Pts',(0.22393835247708,-0.0354138204904705,
0.));
#6136=CARTESIAN_POINT('Ctrl Pts',(0.214664962129688,-0.0320505961767563,
0.0567601138423143));
#6137=CARTESIAN_POINT('Ctrl Pts',(0.202176555637955,-0.0283319805353294,
0.127535464086577));
#6138=CARTESIAN_POINT('Ctrl Pts',(0.180289984818116,-0.0233807832257977,
0.240423792738723));
#6139=CARTESIAN_POINT('Ctrl Pts',(0.157152933390521,-0.0191619861896007,
0.353039229092878));
#6140=CARTESIAN_POINT('Ctrl Pts',(0.129547065454108,-0.0167524461872464,
0.46505969349825));
#6141=CARTESIAN_POINT('Ctrl Pts',(0.109315514796145,-0.0152544516293056,
0.548909022206279));
#6142=CARTESIAN_POINT('Ctrl Pts',(0.0965024799372547,-0.0142352879153687,
0.604831775878587));
#6143=CARTESIAN_POINT('Ctrl Pts',(0.0762970729549092,-0.0130637484848126,
0.68835121305984));
#6144=CARTESIAN_POINT('Ctrl Pts',(0.0555884830420646,-0.01237490545962,
0.771568829422467));
#6145=CARTESIAN_POINT('Ctrl Pts',(0.0384112562038861,-0.0114846034899628,
0.855275419608904));
#6146=CARTESIAN_POINT('Ctrl Pts',(0.027438282351799,-0.0104570120523672,
0.925562965782316));
#6147=CARTESIAN_POINT('Ctrl Pts',(0.0189335433661214,-0.00933477575572,
0.996173720821934));
#6148=CARTESIAN_POINT('Ctrl Pts',(0.0111104270391726,-0.00788055149943339,
1.08123025122667));
#6149=CARTESIAN_POINT('Ctrl Pts',(0.00795319208149545,-0.0068236665167233,
1.13820999838317));
#6150=CARTESIAN_POINT('Ctrl Pts',(0.00675609484147263,-0.00598002737146898,
1.18110240000004));
#6151=CARTESIAN_POINT('Ctrl Pts',(0.216422412793811,-0.0354436685690969,
0.));
#6152=CARTESIAN_POINT('Ctrl Pts',(0.207252356584698,-0.0321620915829726,
0.0567601138423144));
#6153=CARTESIAN_POINT('Ctrl Pts',(0.19491399503512,-0.0285257890794553,
0.127535464086575));
#6154=CARTESIAN_POINT('Ctrl Pts',(0.1733065022772,-0.0236686068977641,0.240423792738721));
#6155=CARTESIAN_POINT('Ctrl Pts',(0.150485974764078,-0.0195095212668913,
0.353039229092873));
#6156=CARTESIAN_POINT('Ctrl Pts',(0.123218909051556,-0.0171294929511425,
0.465059693498245));
#6157=CARTESIAN_POINT('Ctrl Pts',(0.103306732860672,-0.0156005183566321,
0.548909022206273));
#6158=CARTESIAN_POINT('Ctrl Pts',(0.0907264758507586,-0.0145437135378687,
0.604831775878581));
#6159=CARTESIAN_POINT('Ctrl Pts',(0.0709257864172899,-0.0132782966931747,
0.688351213059834));
#6160=CARTESIAN_POINT('Ctrl Pts',(0.0506860056205716,-0.0124457421376087,
0.771568829422459));
#6161=CARTESIAN_POINT('Ctrl Pts',(0.0339965106975064,-0.0113789594391439,
0.855275419608895));
#6162=CARTESIAN_POINT('Ctrl Pts',(0.0234292753725218,-0.0101876234862824,
0.925562965782306));
#6163=CARTESIAN_POINT('Ctrl Pts',(0.015349151194377,-0.0088739107441301,
0.996173720821924));
#6164=CARTESIAN_POINT('Ctrl Pts',(0.00805069708222754,-0.00716554978416561,
1.08123025122666));
#6165=CARTESIAN_POINT('Ctrl Pts',(0.00525737151177987,-0.0059173551123509,
1.13820999838316));
#6166=CARTESIAN_POINT('Ctrl Pts',(0.00434104011354072,-0.00491796191891168,
1.18110240000003));
#6167=CARTESIAN_POINT('Ctrl Pts',(0.208944045301862,-0.035444184025522,
0.));
#6168=CARTESIAN_POINT('Ctrl Pts',(0.199878290491598,-0.0322435139958236,
0.0567601138423143));
#6169=CARTESIAN_POINT('Ctrl Pts',(0.187692194290617,-0.0286880514086556,
0.127535464086573));
#6170=CARTESIAN_POINT('Ctrl Pts',(0.16636914287754,-0.023921555524459,0.240423792738718));
#6171=CARTESIAN_POINT('Ctrl Pts',(0.143872478238858,-0.0198177522556349,
0.35303922909287));
#6172=CARTESIAN_POINT('Ctrl Pts',(0.11695033425597,-0.0174639958259892,
0.46505969349824));
#6173=CARTESIAN_POINT('Ctrl Pts',(0.0973673816163694,-0.0158982823060036,
0.548909022206268));
#6174=CARTESIAN_POINT('Ctrl Pts',(0.0850292792652286,-0.0147979674542257,
0.604831775878575));
#6175=CARTESIAN_POINT('Ctrl Pts',(0.0656464884867659,-0.0134316030999375,
0.688351213059828));
#6176=CARTESIAN_POINT('Ctrl Pts',(0.0458913528085633,-0.0124471203069836,
0.771568829422451));
#6177=CARTESIAN_POINT('Ctrl Pts',(0.029719421843804,-0.0111840780935584,
0.855275419608886));
#6178=CARTESIAN_POINT('Ctrl Pts',(0.0195950516751351,-0.00980205873343375,
0.925562965782298));
#6179=CARTESIAN_POINT('Ctrl Pts',(0.0119869846840149,-0.00826152984820091,
0.996173720821914));
#6180=CARTESIAN_POINT('Ctrl Pts',(0.00527980444362172,-0.00624861698061069,
1.08123025122665));
#6181=CARTESIAN_POINT('Ctrl Pts',(0.00290336141913379,-0.00476853308104329,
1.13820999838315));
#6182=CARTESIAN_POINT('Ctrl Pts',(0.0023122385410556,-0.00357901807154026,
1.18110240000002));
#6183=CARTESIAN_POINT('Ctrl Pts',(0.20150585781145,-0.0354146307599003,
0.));
#6184=CARTESIAN_POINT('Ctrl Pts',(0.192545336032882,-0.032294042944296,
0.0567601138423145));
#6185=CARTESIAN_POINT('Ctrl Pts',(0.18051374624308,-0.0288178201300604,
0.12753546408657));
#6186=CARTESIAN_POINT('Ctrl Pts',(0.159480690376418,-0.0241385156995354,
0.240423792738717));
#6187=CARTESIAN_POINT('Ctrl Pts',(0.137315539813366,-0.0200852353355553,
0.353039229092867));
#6188=CARTESIAN_POINT('Ctrl Pts',(0.110744308493473,-0.0177552747734967,
0.465059693498236));
#6189=CARTESIAN_POINT('Ctrl Pts',(0.0915009996482808,-0.0161465148970855,
0.548909022206264));
#6190=CARTESIAN_POINT('Ctrl Pts',(0.0794156913202225,-0.014996063432388,
0.604831775878571));
#6191=CARTESIAN_POINT('Ctrl Pts',(0.0604631105808224,-0.0135194298778305,
0.688351213059823));
#6192=CARTESIAN_POINT('Ctrl Pts',(0.0412067365629043,-0.0123715203219203,
0.771568829422445));
#6193=CARTESIAN_POINT('Ctrl Pts',(0.0255883053905949,-0.0108891320322991,
0.85527541960888));
#6194=CARTESIAN_POINT('Ctrl Pts',(0.015956632360449,-0.00928705444532034,
0.925562965782291));
#6195=CARTESIAN_POINT('Ctrl Pts',(0.00888614138989503,-0.00748187208370295,
0.996173720821907));
#6196=CARTESIAN_POINT('Ctrl Pts',(0.00286410096890128,-0.00511094131354622,
1.08123025122664));
#6197=CARTESIAN_POINT('Ctrl Pts',(0.00098002055569116,-0.00335635736731864,
1.13820999838314));
#6198=CARTESIAN_POINT('Ctrl Pts',(0.000778354874424324,-0.00194076454342786,
1.18110240000001));
#6199=CARTESIAN_POINT('Ctrl Pts',(0.196575660986732,-0.035374382547599,
0.));
#6200=CARTESIAN_POINT('Ctrl Pts',(0.187685885488359,-0.0323065976231629,
0.0567601138423143));
#6201=CARTESIAN_POINT('Ctrl Pts',(0.175758815671448,-0.0288820585440189,
0.127535464086569));
#6202=CARTESIAN_POINT('Ctrl Pts',(0.154922926568404,-0.0242584772588561,
0.240423792738714));
#6203=CARTESIAN_POINT('Ctrl Pts',(0.132984132467564,-0.0202354498814016,
0.353039229092864));
#6204=CARTESIAN_POINT('Ctrl Pts',(0.106650642125639,-0.017920357149914,
0.465059693498232));
#6205=CARTESIAN_POINT('Ctrl Pts',(0.0876411707510905,-0.0162781975276517,
0.548909022206259));
#6206=CARTESIAN_POINT('Ctrl Pts',(0.0757325556505218,-0.0150895116429624,
0.604831775878566));
#6207=CARTESIAN_POINT('Ctrl Pts',(0.0570743509427771,-0.0135301046296841,
0.688351213059818));
#6208=CARTESIAN_POINT('Ctrl Pts',(0.0381586826087266,-0.0122609467673696,
0.771568829422437));
#6209=CARTESIAN_POINT('Ctrl Pts',(0.0229386338392145,-0.0106156882941513,
0.855275419608873));
#6210=CARTESIAN_POINT('Ctrl Pts',(0.0136794586500482,-0.00884992225645065,
0.925562965782283));
#6211=CARTESIAN_POINT('Ctrl Pts',(0.00702682457878021,-0.00684793172352717,
0.996173720821898));
#6212=CARTESIAN_POINT('Ctrl Pts',(0.0015473716689606,-0.00421083513574371,
1.08123025122663));
#6213=CARTESIAN_POINT('Ctrl Pts',(6.17405203920784E-5,-0.00225215362498049,
1.13820999838313));
#6214=CARTESIAN_POINT('Ctrl Pts',(0.000179278107583764,-0.000668543684961325,
1.1811024));
#6215=CARTESIAN_POINT('Ctrl Pts',(0.19411817515506,-0.0353489845199216,
0.));
#6216=CARTESIAN_POINT('Ctrl Pts',(0.185263910725146,-0.032307458129002,
0.0567601138423144));
#6217=CARTESIAN_POINT('Ctrl Pts',(0.173389479807166,-0.0289084694399096,
0.127535464086568));
#6218=CARTESIAN_POINT('Ctrl Pts',(0.152653165927428,-0.0243121387126698,
0.240423792738714));
#6219=CARTESIAN_POINT('Ctrl Pts',(0.130828963488969,-0.0203033147901385,
0.353039229092864));
#6220=CARTESIAN_POINT('Ctrl Pts',(0.104615161392339,-0.0179955482547293,
0.465059693498232));
#6221=CARTESIAN_POINT('Ctrl Pts',(0.0857246261137952,-0.0163353677402448,
0.548909022206259));
#6222=CARTESIAN_POINT('Ctrl Pts',(0.0739066664115482,-0.0151263071308035,
0.604831775878566));
#6223=CARTESIAN_POINT('Ctrl Pts',(0.0553978270592117,-0.0135222178278678,
0.688351213059818));
#6224=CARTESIAN_POINT('Ctrl Pts',(0.0366548895916508,-0.0121878960146363,
0.771568829422437));
#6225=CARTESIAN_POINT('Ctrl Pts',(0.0216425057183209,-0.0104570567792475,
0.855275419608873));
#6226=CARTESIAN_POINT('Ctrl Pts',(0.0125823307981861,-0.00860676278164322,
0.925562965782283));
#6227=CARTESIAN_POINT('Ctrl Pts',(0.00615558358295192,-0.00650391525351063,
0.996173720821899));
#6228=CARTESIAN_POINT('Ctrl Pts',(0.000972178609080873,-0.00373101311509716,
1.08123025122663));
#6229=CARTESIAN_POINT('Ctrl Pts',(-0.000294389164504259,-0.00166872656973318,
1.13820999838313));
#6230=CARTESIAN_POINT('Ctrl Pts',(0.,0.,1.1811024));
#6231=CARTESIAN_POINT('Ctrl Pts',(0.19411817515506,-0.0353489845199216,
0.));
#6232=CARTESIAN_POINT('Ctrl Pts',(0.185263910725146,-0.032307458129002,
0.0567601138423144));
#6233=CARTESIAN_POINT('Ctrl Pts',(0.173389479807166,-0.0289084694399096,
0.127535464086568));
#6234=CARTESIAN_POINT('Ctrl Pts',(0.152653165927428,-0.0243121387126698,
0.240423792738714));
#6235=CARTESIAN_POINT('Ctrl Pts',(0.130828963488969,-0.0203033147901385,
0.353039229092864));
#6236=CARTESIAN_POINT('Ctrl Pts',(0.104615161392339,-0.0179955482547293,
0.465059693498232));
#6237=CARTESIAN_POINT('Ctrl Pts',(0.0857246261137952,-0.0163353677402448,
0.548909022206259));
#6238=CARTESIAN_POINT('Ctrl Pts',(0.0739066664115482,-0.0151263071308035,
0.604831775878566));
#6239=CARTESIAN_POINT('Ctrl Pts',(0.0553978270592117,-0.0135222178278678,
0.688351213059818));
#6240=CARTESIAN_POINT('Ctrl Pts',(0.0366548895916508,-0.0121878960146363,
0.771568829422437));
#6241=CARTESIAN_POINT('Ctrl Pts',(0.0216425057183209,-0.0104570567792475,
0.855275419608873));
#6242=CARTESIAN_POINT('Ctrl Pts',(0.0125823307981861,-0.00860676278164322,
0.925562965782283));
#6243=CARTESIAN_POINT('Ctrl Pts',(0.00615558358295192,-0.00650391525351063,
0.996173720821899));
#6244=CARTESIAN_POINT('Ctrl Pts',(0.000972178609080873,-0.00373101311509716,
1.08123025122663));
#6245=CARTESIAN_POINT('Ctrl Pts',(-0.000294389164504259,-0.00166872656973318,
1.13820999838313));
#6246=CARTESIAN_POINT('Ctrl Pts',(0.,0.,1.1811024));
#6247=UNCERTAINTY_MEASURE_WITH_UNIT(LENGTH_MEASURE(0.000393700787401575),
#6252,'DISTANCE_ACCURACY_VALUE',
'Maximum model space distance between geometric entities at asserted c
onnectivities');
#6248=UNCERTAINTY_MEASURE_WITH_UNIT(LENGTH_MEASURE(0.000393700787401575),
#6252,'DISTANCE_ACCURACY_VALUE',
'Maximum model space distance between geometric entities at asserted c
onnectivities');
#6249=(
GEOMETRIC_REPRESENTATION_CONTEXT(3)
GLOBAL_UNCERTAINTY_ASSIGNED_CONTEXT((#6247))
GLOBAL_UNIT_ASSIGNED_CONTEXT((#6252,#6256,#6257))
REPRESENTATION_CONTEXT('','3D')
);
#6250=(
GEOMETRIC_REPRESENTATION_CONTEXT(3)
GLOBAL_UNCERTAINTY_ASSIGNED_CONTEXT((#6248))
GLOBAL_UNIT_ASSIGNED_CONTEXT((#6252,#6256,#6257))
REPRESENTATION_CONTEXT('','3D')
);
#6251=DIMENSIONAL_EXPONENTS(1.,0.,0.,0.,0.,0.,0.);
#6252=(
CONVERSION_BASED_UNIT('inch',#6255)
LENGTH_UNIT()
NAMED_UNIT(#6251)
);
#6253=(
LENGTH_UNIT()
NAMED_UNIT(*)
SI_UNIT(.MILLI.,.METRE.)
);
#6254=(
LENGTH_UNIT()
NAMED_UNIT(*)
SI_UNIT($,.METRE.)
);
#6255=LENGTH_MEASURE_WITH_UNIT(LENGTH_MEASURE(25.4),#6253);
#6256=(
NAMED_UNIT(*)
PLANE_ANGLE_UNIT()
SI_UNIT($,.RADIAN.)
);
#6257=(
NAMED_UNIT(*)
SI_UNIT($,.STERADIAN.)
SOLID_ANGLE_UNIT()
);
#6258=SHAPE_DEFINITION_REPRESENTATION(#6259,#6260);
#6259=PRODUCT_DEFINITION_SHAPE('',$,#6262);
#6260=SHAPE_REPRESENTATION('',(#54),#6249);
#6261=PRODUCT_DEFINITION_CONTEXT('part definition',#6266,'design');
#6262=PRODUCT_DEFINITION('2026-06-10-10-56-41-575','(Unsaved)',#6263,#6261);
#6263=PRODUCT_DEFINITION_FORMATION('',$,#6268);
#6264=PRODUCT_RELATED_PRODUCT_CATEGORY('(Unsaved)','(Unsaved)',(#6268));
#6265=APPLICATION_PROTOCOL_DEFINITION('international standard',
'automotive_design',2009,#6266);
#6266=APPLICATION_CONTEXT(
'Core Data for Automotive Mechanical Design Process');
#6267=PRODUCT_CONTEXT('part definition',#6266,'mechanical');
#6268=PRODUCT('2026-06-10-10-56-41-575','(Unsaved)',$,(#6267));
#6269=PRESENTATION_STYLE_ASSIGNMENT((#6270));
#6270=SURFACE_STYLE_USAGE(.BOTH.,#6271);
#6271=SURFACE_SIDE_STYLE('',(#6272));
#6272=SURFACE_STYLE_FILL_AREA(#6273);
#6273=FILL_AREA_STYLE('Steel - Satin',(#6274));
#6274=FILL_AREA_STYLE_COLOUR('Steel - Satin',#6275);
#6275=COLOUR_RGB('Steel - Satin',0.627450980392157,0.627450980392157,0.627450980392157);
ENDSEC;
END-ISO-10303-21;
