ISO-10303-21;
HEADER;
FILE_DESCRIPTION(('turbine patterned assembly for rhino (valid AP242 multi-body)'),'2;1');
FILE_NAME('turbine_rhino.step','2026-05-27T16:21:22.737Z',('PRISM-slot-delta-iter118'),('PRISM'),'PRISM AP242 multi-solid emitter','PRISM','');
FILE_SCHEMA(('AUTOMOTIVE_DESIGN { 1 0 10303 214 3 1 1 }'));
ENDSEC;
DATA;
#1 = CARTESIAN_POINT('s0_bot_0',(30.0000000,0.0000000,0.0000000));
#2 = CARTESIAN_POINT('s0_bot_1',(21.2132034,21.2132034,0.0000000));
#3 = CARTESIAN_POINT('s0_bot_2',(0.0000000,30.0000000,0.0000000));
#4 = CARTESIAN_POINT('s0_bot_3',(-21.2132034,21.2132034,0.0000000));
#5 = CARTESIAN_POINT('s0_bot_4',(-30.0000000,0.0000000,0.0000000));
#6 = CARTESIAN_POINT('s0_bot_5',(-21.2132034,-21.2132034,0.0000000));
#7 = CARTESIAN_POINT('s0_bot_6',(0.0000000,-30.0000000,0.0000000));
#8 = CARTESIAN_POINT('s0_bot_7',(21.2132034,-21.2132034,0.0000000));
#9 = CARTESIAN_POINT('s0_top_0',(30.0000000,0.0000000,20.0000000));
#10 = CARTESIAN_POINT('s0_top_1',(21.2132034,21.2132034,20.0000000));
#11 = CARTESIAN_POINT('s0_top_2',(0.0000000,30.0000000,20.0000000));
#12 = CARTESIAN_POINT('s0_top_3',(-21.2132034,21.2132034,20.0000000));
#13 = CARTESIAN_POINT('s0_top_4',(-30.0000000,0.0000000,20.0000000));
#14 = CARTESIAN_POINT('s0_top_5',(-21.2132034,-21.2132034,20.0000000));
#15 = CARTESIAN_POINT('s0_top_6',(0.0000000,-30.0000000,20.0000000));
#16 = CARTESIAN_POINT('s0_top_7',(21.2132034,-21.2132034,20.0000000));
#17 = VERTEX_POINT('s0_bot_v0',#1);
#18 = VERTEX_POINT('s0_bot_v1',#2);
#19 = VERTEX_POINT('s0_bot_v2',#3);
#20 = VERTEX_POINT('s0_bot_v3',#4);
#21 = VERTEX_POINT('s0_bot_v4',#5);
#22 = VERTEX_POINT('s0_bot_v5',#6);
#23 = VERTEX_POINT('s0_bot_v6',#7);
#24 = VERTEX_POINT('s0_bot_v7',#8);
#25 = VERTEX_POINT('s0_top_v0',#9);
#26 = VERTEX_POINT('s0_top_v1',#10);
#27 = VERTEX_POINT('s0_top_v2',#11);
#28 = VERTEX_POINT('s0_top_v3',#12);
#29 = VERTEX_POINT('s0_top_v4',#13);
#30 = VERTEX_POINT('s0_top_v5',#14);
#31 = VERTEX_POINT('s0_top_v6',#15);
#32 = VERTEX_POINT('s0_top_v7',#16);
#33 = DIRECTION('s0_bot_e0_dir',(-0.3826834,0.9238795,0.0000000));
#34 = VECTOR('s0_bot_e0_vec',#33,22.9610059);
#35 = CARTESIAN_POINT('s0_bot_e0_origin',(30.0000000,0.0000000,0.0000000));
#36 = LINE('s0_bot_e0_line',#35,#34);
#37 = EDGE_CURVE('s0_bot_e0',#17,#18,#36,.T.);
#38 = DIRECTION('s0_top_e0_dir',(-0.3826834,0.9238795,0.0000000));
#39 = VECTOR('s0_top_e0_vec',#38,22.9610059);
#40 = CARTESIAN_POINT('s0_top_e0_origin',(30.0000000,0.0000000,20.0000000));
#41 = LINE('s0_top_e0_line',#40,#39);
#42 = EDGE_CURVE('s0_top_e0',#25,#26,#41,.T.);
#43 = DIRECTION('s0_vert_e0_dir',(0.0000000,0.0000000,1.0000000));
#44 = VECTOR('s0_vert_e0_vec',#43,20.0000000);
#45 = CARTESIAN_POINT('s0_vert_e0_origin',(30.0000000,0.0000000,0.0000000));
#46 = LINE('s0_vert_e0_line',#45,#44);
#47 = EDGE_CURVE('s0_vert_e0',#17,#25,#46,.T.);
#48 = DIRECTION('s0_bot_e1_dir',(-0.9238795,0.3826834,0.0000000));
#49 = VECTOR('s0_bot_e1_vec',#48,22.9610059);
#50 = CARTESIAN_POINT('s0_bot_e1_origin',(21.2132034,21.2132034,0.0000000));
#51 = LINE('s0_bot_e1_line',#50,#49);
#52 = EDGE_CURVE('s0_bot_e1',#18,#19,#51,.T.);
#53 = DIRECTION('s0_top_e1_dir',(-0.9238795,0.3826834,0.0000000));
#54 = VECTOR('s0_top_e1_vec',#53,22.9610059);
#55 = CARTESIAN_POINT('s0_top_e1_origin',(21.2132034,21.2132034,20.0000000));
#56 = LINE('s0_top_e1_line',#55,#54);
#57 = EDGE_CURVE('s0_top_e1',#26,#27,#56,.T.);
#58 = DIRECTION('s0_vert_e1_dir',(0.0000000,0.0000000,1.0000000));
#59 = VECTOR('s0_vert_e1_vec',#58,20.0000000);
#60 = CARTESIAN_POINT('s0_vert_e1_origin',(21.2132034,21.2132034,0.0000000));
#61 = LINE('s0_vert_e1_line',#60,#59);
#62 = EDGE_CURVE('s0_vert_e1',#18,#26,#61,.T.);
#63 = DIRECTION('s0_bot_e2_dir',(-0.9238795,-0.3826834,0.0000000));
#64 = VECTOR('s0_bot_e2_vec',#63,22.9610059);
#65 = CARTESIAN_POINT('s0_bot_e2_origin',(0.0000000,30.0000000,0.0000000));
#66 = LINE('s0_bot_e2_line',#65,#64);
#67 = EDGE_CURVE('s0_bot_e2',#19,#20,#66,.T.);
#68 = DIRECTION('s0_top_e2_dir',(-0.9238795,-0.3826834,0.0000000));
#69 = VECTOR('s0_top_e2_vec',#68,22.9610059);
#70 = CARTESIAN_POINT('s0_top_e2_origin',(0.0000000,30.0000000,20.0000000));
#71 = LINE('s0_top_e2_line',#70,#69);
#72 = EDGE_CURVE('s0_top_e2',#27,#28,#71,.T.);
#73 = DIRECTION('s0_vert_e2_dir',(0.0000000,0.0000000,1.0000000));
#74 = VECTOR('s0_vert_e2_vec',#73,20.0000000);
#75 = CARTESIAN_POINT('s0_vert_e2_origin',(0.0000000,30.0000000,0.0000000));
#76 = LINE('s0_vert_e2_line',#75,#74);
#77 = EDGE_CURVE('s0_vert_e2',#19,#27,#76,.T.);
#78 = DIRECTION('s0_bot_e3_dir',(-0.3826834,-0.9238795,0.0000000));
#79 = VECTOR('s0_bot_e3_vec',#78,22.9610059);
#80 = CARTESIAN_POINT('s0_bot_e3_origin',(-21.2132034,21.2132034,0.0000000));
#81 = LINE('s0_bot_e3_line',#80,#79);
#82 = EDGE_CURVE('s0_bot_e3',#20,#21,#81,.T.);
#83 = DIRECTION('s0_top_e3_dir',(-0.3826834,-0.9238795,0.0000000));
#84 = VECTOR('s0_top_e3_vec',#83,22.9610059);
#85 = CARTESIAN_POINT('s0_top_e3_origin',(-21.2132034,21.2132034,20.0000000));
#86 = LINE('s0_top_e3_line',#85,#84);
#87 = EDGE_CURVE('s0_top_e3',#28,#29,#86,.T.);
#88 = DIRECTION('s0_vert_e3_dir',(0.0000000,0.0000000,1.0000000));
#89 = VECTOR('s0_vert_e3_vec',#88,20.0000000);
#90 = CARTESIAN_POINT('s0_vert_e3_origin',(-21.2132034,21.2132034,0.0000000));
#91 = LINE('s0_vert_e3_line',#90,#89);
#92 = EDGE_CURVE('s0_vert_e3',#20,#28,#91,.T.);
#93 = DIRECTION('s0_bot_e4_dir',(0.3826834,-0.9238795,0.0000000));
#94 = VECTOR('s0_bot_e4_vec',#93,22.9610059);
#95 = CARTESIAN_POINT('s0_bot_e4_origin',(-30.0000000,0.0000000,0.0000000));
#96 = LINE('s0_bot_e4_line',#95,#94);
#97 = EDGE_CURVE('s0_bot_e4',#21,#22,#96,.T.);
#98 = DIRECTION('s0_top_e4_dir',(0.3826834,-0.9238795,0.0000000));
#99 = VECTOR('s0_top_e4_vec',#98,22.9610059);
#100 = CARTESIAN_POINT('s0_top_e4_origin',(-30.0000000,0.0000000,20.0000000));
#101 = LINE('s0_top_e4_line',#100,#99);
#102 = EDGE_CURVE('s0_top_e4',#29,#30,#101,.T.);
#103 = DIRECTION('s0_vert_e4_dir',(0.0000000,0.0000000,1.0000000));
#104 = VECTOR('s0_vert_e4_vec',#103,20.0000000);
#105 = CARTESIAN_POINT('s0_vert_e4_origin',(-30.0000000,0.0000000,0.0000000));
#106 = LINE('s0_vert_e4_line',#105,#104);
#107 = EDGE_CURVE('s0_vert_e4',#21,#29,#106,.T.);
#108 = DIRECTION('s0_bot_e5_dir',(0.9238795,-0.3826834,0.0000000));
#109 = VECTOR('s0_bot_e5_vec',#108,22.9610059);
#110 = CARTESIAN_POINT('s0_bot_e5_origin',(-21.2132034,-21.2132034,0.0000000));
#111 = LINE('s0_bot_e5_line',#110,#109);
#112 = EDGE_CURVE('s0_bot_e5',#22,#23,#111,.T.);
#113 = DIRECTION('s0_top_e5_dir',(0.9238795,-0.3826834,0.0000000));
#114 = VECTOR('s0_top_e5_vec',#113,22.9610059);
#115 = CARTESIAN_POINT('s0_top_e5_origin',(-21.2132034,-21.2132034,20.0000000));
#116 = LINE('s0_top_e5_line',#115,#114);
#117 = EDGE_CURVE('s0_top_e5',#30,#31,#116,.T.);
#118 = DIRECTION('s0_vert_e5_dir',(0.0000000,0.0000000,1.0000000));
#119 = VECTOR('s0_vert_e5_vec',#118,20.0000000);
#120 = CARTESIAN_POINT('s0_vert_e5_origin',(-21.2132034,-21.2132034,0.0000000));
#121 = LINE('s0_vert_e5_line',#120,#119);
#122 = EDGE_CURVE('s0_vert_e5',#22,#30,#121,.T.);
#123 = DIRECTION('s0_bot_e6_dir',(0.9238795,0.3826834,0.0000000));
#124 = VECTOR('s0_bot_e6_vec',#123,22.9610059);
#125 = CARTESIAN_POINT('s0_bot_e6_origin',(0.0000000,-30.0000000,0.0000000));
#126 = LINE('s0_bot_e6_line',#125,#124);
#127 = EDGE_CURVE('s0_bot_e6',#23,#24,#126,.T.);
#128 = DIRECTION('s0_top_e6_dir',(0.9238795,0.3826834,0.0000000));
#129 = VECTOR('s0_top_e6_vec',#128,22.9610059);
#130 = CARTESIAN_POINT('s0_top_e6_origin',(0.0000000,-30.0000000,20.0000000));
#131 = LINE('s0_top_e6_line',#130,#129);
#132 = EDGE_CURVE('s0_top_e6',#31,#32,#131,.T.);
#133 = DIRECTION('s0_vert_e6_dir',(0.0000000,0.0000000,1.0000000));
#134 = VECTOR('s0_vert_e6_vec',#133,20.0000000);
#135 = CARTESIAN_POINT('s0_vert_e6_origin',(0.0000000,-30.0000000,0.0000000));
#136 = LINE('s0_vert_e6_line',#135,#134);
#137 = EDGE_CURVE('s0_vert_e6',#23,#31,#136,.T.);
#138 = DIRECTION('s0_bot_e7_dir',(0.3826834,0.9238795,0.0000000));
#139 = VECTOR('s0_bot_e7_vec',#138,22.9610059);
#140 = CARTESIAN_POINT('s0_bot_e7_origin',(21.2132034,-21.2132034,0.0000000));
#141 = LINE('s0_bot_e7_line',#140,#139);
#142 = EDGE_CURVE('s0_bot_e7',#24,#17,#141,.T.);
#143 = DIRECTION('s0_top_e7_dir',(0.3826834,0.9238795,0.0000000));
#144 = VECTOR('s0_top_e7_vec',#143,22.9610059);
#145 = CARTESIAN_POINT('s0_top_e7_origin',(21.2132034,-21.2132034,20.0000000));
#146 = LINE('s0_top_e7_line',#145,#144);
#147 = EDGE_CURVE('s0_top_e7',#32,#25,#146,.T.);
#148 = DIRECTION('s0_vert_e7_dir',(0.0000000,0.0000000,1.0000000));
#149 = VECTOR('s0_vert_e7_vec',#148,20.0000000);
#150 = CARTESIAN_POINT('s0_vert_e7_origin',(21.2132034,-21.2132034,0.0000000));
#151 = LINE('s0_vert_e7_line',#150,#149);
#152 = EDGE_CURVE('s0_vert_e7',#24,#32,#151,.T.);
#153 = ORIENTED_EDGE('',*,*,#142,.F.);
#154 = ORIENTED_EDGE('',*,*,#127,.F.);
#155 = ORIENTED_EDGE('',*,*,#112,.F.);
#156 = ORIENTED_EDGE('',*,*,#97,.F.);
#157 = ORIENTED_EDGE('',*,*,#82,.F.);
#158 = ORIENTED_EDGE('',*,*,#67,.F.);
#159 = ORIENTED_EDGE('',*,*,#52,.F.);
#160 = ORIENTED_EDGE('',*,*,#37,.F.);
#161 = EDGE_LOOP('s0_bottom_loop',(#153,#154,#155,#156,#157,#158,#159,#160));
#162 = FACE_OUTER_BOUND('',#161,.T.);
#163 = CARTESIAN_POINT('s0_bottom_plane_loc',(0.0000000,0.0000000,0.0000000));
#164 = DIRECTION('s0_bottom_plane_axis',(0.0000000,0.0000000,-1.0000000));
#165 = DIRECTION('s0_bottom_plane_ref',(1.0000000,0.0000000,0.0000000));
#166 = AXIS2_PLACEMENT_3D('s0_bottom_plane_place',#163,#164,#165);
#167 = PLANE('s0_bottom_plane',#166);
#168 = ADVANCED_FACE('s0_bottom_face',(#162),#167,.T.);
#169 = ORIENTED_EDGE('',*,*,#42,.T.);
#170 = ORIENTED_EDGE('',*,*,#57,.T.);
#171 = ORIENTED_EDGE('',*,*,#72,.T.);
#172 = ORIENTED_EDGE('',*,*,#87,.T.);
#173 = ORIENTED_EDGE('',*,*,#102,.T.);
#174 = ORIENTED_EDGE('',*,*,#117,.T.);
#175 = ORIENTED_EDGE('',*,*,#132,.T.);
#176 = ORIENTED_EDGE('',*,*,#147,.T.);
#177 = EDGE_LOOP('s0_top_loop',(#169,#170,#171,#172,#173,#174,#175,#176));
#178 = FACE_OUTER_BOUND('',#177,.T.);
#179 = CARTESIAN_POINT('s0_top_plane_loc',(0.0000000,0.0000000,20.0000000));
#180 = DIRECTION('s0_top_plane_axis',(0.0000000,0.0000000,1.0000000));
#181 = DIRECTION('s0_top_plane_ref',(1.0000000,0.0000000,0.0000000));
#182 = AXIS2_PLACEMENT_3D('s0_top_plane_place',#179,#180,#181);
#183 = PLANE('s0_top_plane',#182);
#184 = ADVANCED_FACE('s0_top_face',(#178),#183,.T.);
#185 = ORIENTED_EDGE('',*,*,#37,.T.);
#186 = ORIENTED_EDGE('',*,*,#62,.T.);
#187 = ORIENTED_EDGE('',*,*,#42,.F.);
#188 = ORIENTED_EDGE('',*,*,#47,.F.);
#189 = EDGE_LOOP('s0_side_loop_0',(#185,#186,#187,#188));
#190 = FACE_OUTER_BOUND('',#189,.T.);
#191 = CARTESIAN_POINT('s0_side_plane_0_loc',(25.6066017,10.6066017,0.0000000));
#192 = DIRECTION('s0_side_plane_0_axis',(0.9238795,0.3826834,0.0000000));
#193 = DIRECTION('s0_side_plane_0_ref',(-0.3826834,0.9238795,0.0000000));
#194 = AXIS2_PLACEMENT_3D('s0_side_plane_0_place',#191,#192,#193);
#195 = PLANE('s0_side_plane_0',#194);
#196 = ADVANCED_FACE('s0_side_face_0',(#190),#195,.T.);
#197 = ORIENTED_EDGE('',*,*,#52,.T.);
#198 = ORIENTED_EDGE('',*,*,#77,.T.);
#199 = ORIENTED_EDGE('',*,*,#57,.F.);
#200 = ORIENTED_EDGE('',*,*,#62,.F.);
#201 = EDGE_LOOP('s0_side_loop_1',(#197,#198,#199,#200));
#202 = FACE_OUTER_BOUND('',#201,.T.);
#203 = CARTESIAN_POINT('s0_side_plane_1_loc',(10.6066017,25.6066017,0.0000000));
#204 = DIRECTION('s0_side_plane_1_axis',(0.3826834,0.9238795,0.0000000));
#205 = DIRECTION('s0_side_plane_1_ref',(-0.9238795,0.3826834,0.0000000));
#206 = AXIS2_PLACEMENT_3D('s0_side_plane_1_place',#203,#204,#205);
#207 = PLANE('s0_side_plane_1',#206);
#208 = ADVANCED_FACE('s0_side_face_1',(#202),#207,.T.);
#209 = ORIENTED_EDGE('',*,*,#67,.T.);
#210 = ORIENTED_EDGE('',*,*,#92,.T.);
#211 = ORIENTED_EDGE('',*,*,#72,.F.);
#212 = ORIENTED_EDGE('',*,*,#77,.F.);
#213 = EDGE_LOOP('s0_side_loop_2',(#209,#210,#211,#212));
#214 = FACE_OUTER_BOUND('',#213,.T.);
#215 = CARTESIAN_POINT('s0_side_plane_2_loc',(-10.6066017,25.6066017,0.0000000));
#216 = DIRECTION('s0_side_plane_2_axis',(-0.3826834,0.9238795,0.0000000));
#217 = DIRECTION('s0_side_plane_2_ref',(-0.9238795,-0.3826834,0.0000000));
#218 = AXIS2_PLACEMENT_3D('s0_side_plane_2_place',#215,#216,#217);
#219 = PLANE('s0_side_plane_2',#218);
#220 = ADVANCED_FACE('s0_side_face_2',(#214),#219,.T.);
#221 = ORIENTED_EDGE('',*,*,#82,.T.);
#222 = ORIENTED_EDGE('',*,*,#107,.T.);
#223 = ORIENTED_EDGE('',*,*,#87,.F.);
#224 = ORIENTED_EDGE('',*,*,#92,.F.);
#225 = EDGE_LOOP('s0_side_loop_3',(#221,#222,#223,#224));
#226 = FACE_OUTER_BOUND('',#225,.T.);
#227 = CARTESIAN_POINT('s0_side_plane_3_loc',(-25.6066017,10.6066017,0.0000000));
#228 = DIRECTION('s0_side_plane_3_axis',(-0.9238795,0.3826834,0.0000000));
#229 = DIRECTION('s0_side_plane_3_ref',(-0.3826834,-0.9238795,0.0000000));
#230 = AXIS2_PLACEMENT_3D('s0_side_plane_3_place',#227,#228,#229);
#231 = PLANE('s0_side_plane_3',#230);
#232 = ADVANCED_FACE('s0_side_face_3',(#226),#231,.T.);
#233 = ORIENTED_EDGE('',*,*,#97,.T.);
#234 = ORIENTED_EDGE('',*,*,#122,.T.);
#235 = ORIENTED_EDGE('',*,*,#102,.F.);
#236 = ORIENTED_EDGE('',*,*,#107,.F.);
#237 = EDGE_LOOP('s0_side_loop_4',(#233,#234,#235,#236));
#238 = FACE_OUTER_BOUND('',#237,.T.);
#239 = CARTESIAN_POINT('s0_side_plane_4_loc',(-25.6066017,-10.6066017,0.0000000));
#240 = DIRECTION('s0_side_plane_4_axis',(-0.9238795,-0.3826834,0.0000000));
#241 = DIRECTION('s0_side_plane_4_ref',(0.3826834,-0.9238795,0.0000000));
#242 = AXIS2_PLACEMENT_3D('s0_side_plane_4_place',#239,#240,#241);
#243 = PLANE('s0_side_plane_4',#242);
#244 = ADVANCED_FACE('s0_side_face_4',(#238),#243,.T.);
#245 = ORIENTED_EDGE('',*,*,#112,.T.);
#246 = ORIENTED_EDGE('',*,*,#137,.T.);
#247 = ORIENTED_EDGE('',*,*,#117,.F.);
#248 = ORIENTED_EDGE('',*,*,#122,.F.);
#249 = EDGE_LOOP('s0_side_loop_5',(#245,#246,#247,#248));
#250 = FACE_OUTER_BOUND('',#249,.T.);
#251 = CARTESIAN_POINT('s0_side_plane_5_loc',(-10.6066017,-25.6066017,0.0000000));
#252 = DIRECTION('s0_side_plane_5_axis',(-0.3826834,-0.9238795,0.0000000));
#253 = DIRECTION('s0_side_plane_5_ref',(0.9238795,-0.3826834,0.0000000));
#254 = AXIS2_PLACEMENT_3D('s0_side_plane_5_place',#251,#252,#253);
#255 = PLANE('s0_side_plane_5',#254);
#256 = ADVANCED_FACE('s0_side_face_5',(#250),#255,.T.);
#257 = ORIENTED_EDGE('',*,*,#127,.T.);
#258 = ORIENTED_EDGE('',*,*,#152,.T.);
#259 = ORIENTED_EDGE('',*,*,#132,.F.);
#260 = ORIENTED_EDGE('',*,*,#137,.F.);
#261 = EDGE_LOOP('s0_side_loop_6',(#257,#258,#259,#260));
#262 = FACE_OUTER_BOUND('',#261,.T.);
#263 = CARTESIAN_POINT('s0_side_plane_6_loc',(10.6066017,-25.6066017,0.0000000));
#264 = DIRECTION('s0_side_plane_6_axis',(0.3826834,-0.9238795,0.0000000));
#265 = DIRECTION('s0_side_plane_6_ref',(0.9238795,0.3826834,0.0000000));
#266 = AXIS2_PLACEMENT_3D('s0_side_plane_6_place',#263,#264,#265);
#267 = PLANE('s0_side_plane_6',#266);
#268 = ADVANCED_FACE('s0_side_face_6',(#262),#267,.T.);
#269 = ORIENTED_EDGE('',*,*,#142,.T.);
#270 = ORIENTED_EDGE('',*,*,#47,.T.);
#271 = ORIENTED_EDGE('',*,*,#147,.F.);
#272 = ORIENTED_EDGE('',*,*,#152,.F.);
#273 = EDGE_LOOP('s0_side_loop_7',(#269,#270,#271,#272));
#274 = FACE_OUTER_BOUND('',#273,.T.);
#275 = CARTESIAN_POINT('s0_side_plane_7_loc',(25.6066017,-10.6066017,0.0000000));
#276 = DIRECTION('s0_side_plane_7_axis',(0.9238795,-0.3826834,0.0000000));
#277 = DIRECTION('s0_side_plane_7_ref',(0.3826834,0.9238795,0.0000000));
#278 = AXIS2_PLACEMENT_3D('s0_side_plane_7_place',#275,#276,#277);
#279 = PLANE('s0_side_plane_7',#278);
#280 = ADVANCED_FACE('s0_side_face_7',(#274),#279,.T.);
#281 = CLOSED_SHELL('Hub_shell',(#168,#184,#196,#208,#220,#232,#244,#256,#268,#280));
#282 = MANIFOLD_SOLID_BREP('Hub_solid',#281);
#283 = CARTESIAN_POINT('s1_bot_0',(46.0000000,-15.0000000,0.0000000));
#284 = CARTESIAN_POINT('s1_bot_1',(54.0000000,-15.0000000,0.0000000));
#285 = CARTESIAN_POINT('s1_bot_2',(54.0000000,15.0000000,0.0000000));
#286 = CARTESIAN_POINT('s1_bot_3',(46.0000000,15.0000000,0.0000000));
#287 = CARTESIAN_POINT('s1_top_0',(46.0000000,-15.0000000,25.0000000));
#288 = CARTESIAN_POINT('s1_top_1',(54.0000000,-15.0000000,25.0000000));
#289 = CARTESIAN_POINT('s1_top_2',(54.0000000,15.0000000,25.0000000));
#290 = CARTESIAN_POINT('s1_top_3',(46.0000000,15.0000000,25.0000000));
#291 = VERTEX_POINT('s1_bot_v0',#283);
#292 = VERTEX_POINT('s1_bot_v1',#284);
#293 = VERTEX_POINT('s1_bot_v2',#285);
#294 = VERTEX_POINT('s1_bot_v3',#286);
#295 = VERTEX_POINT('s1_top_v0',#287);
#296 = VERTEX_POINT('s1_top_v1',#288);
#297 = VERTEX_POINT('s1_top_v2',#289);
#298 = VERTEX_POINT('s1_top_v3',#290);
#299 = DIRECTION('s1_bot_e0_dir',(1.0000000,0.0000000,0.0000000));
#300 = VECTOR('s1_bot_e0_vec',#299,8.0000000);
#301 = CARTESIAN_POINT('s1_bot_e0_origin',(46.0000000,-15.0000000,0.0000000));
#302 = LINE('s1_bot_e0_line',#301,#300);
#303 = EDGE_CURVE('s1_bot_e0',#291,#292,#302,.T.);
#304 = DIRECTION('s1_top_e0_dir',(1.0000000,0.0000000,0.0000000));
#305 = VECTOR('s1_top_e0_vec',#304,8.0000000);
#306 = CARTESIAN_POINT('s1_top_e0_origin',(46.0000000,-15.0000000,25.0000000));
#307 = LINE('s1_top_e0_line',#306,#305);
#308 = EDGE_CURVE('s1_top_e0',#295,#296,#307,.T.);
#309 = DIRECTION('s1_vert_e0_dir',(0.0000000,0.0000000,1.0000000));
#310 = VECTOR('s1_vert_e0_vec',#309,25.0000000);
#311 = CARTESIAN_POINT('s1_vert_e0_origin',(46.0000000,-15.0000000,0.0000000));
#312 = LINE('s1_vert_e0_line',#311,#310);
#313 = EDGE_CURVE('s1_vert_e0',#291,#295,#312,.T.);
#314 = DIRECTION('s1_bot_e1_dir',(0.0000000,1.0000000,0.0000000));
#315 = VECTOR('s1_bot_e1_vec',#314,30.0000000);
#316 = CARTESIAN_POINT('s1_bot_e1_origin',(54.0000000,-15.0000000,0.0000000));
#317 = LINE('s1_bot_e1_line',#316,#315);
#318 = EDGE_CURVE('s1_bot_e1',#292,#293,#317,.T.);
#319 = DIRECTION('s1_top_e1_dir',(0.0000000,1.0000000,0.0000000));
#320 = VECTOR('s1_top_e1_vec',#319,30.0000000);
#321 = CARTESIAN_POINT('s1_top_e1_origin',(54.0000000,-15.0000000,25.0000000));
#322 = LINE('s1_top_e1_line',#321,#320);
#323 = EDGE_CURVE('s1_top_e1',#296,#297,#322,.T.);
#324 = DIRECTION('s1_vert_e1_dir',(0.0000000,0.0000000,1.0000000));
#325 = VECTOR('s1_vert_e1_vec',#324,25.0000000);
#326 = CARTESIAN_POINT('s1_vert_e1_origin',(54.0000000,-15.0000000,0.0000000));
#327 = LINE('s1_vert_e1_line',#326,#325);
#328 = EDGE_CURVE('s1_vert_e1',#292,#296,#327,.T.);
#329 = DIRECTION('s1_bot_e2_dir',(-1.0000000,0.0000000,0.0000000));
#330 = VECTOR('s1_bot_e2_vec',#329,8.0000000);
#331 = CARTESIAN_POINT('s1_bot_e2_origin',(54.0000000,15.0000000,0.0000000));
#332 = LINE('s1_bot_e2_line',#331,#330);
#333 = EDGE_CURVE('s1_bot_e2',#293,#294,#332,.T.);
#334 = DIRECTION('s1_top_e2_dir',(-1.0000000,0.0000000,0.0000000));
#335 = VECTOR('s1_top_e2_vec',#334,8.0000000);
#336 = CARTESIAN_POINT('s1_top_e2_origin',(54.0000000,15.0000000,25.0000000));
#337 = LINE('s1_top_e2_line',#336,#335);
#338 = EDGE_CURVE('s1_top_e2',#297,#298,#337,.T.);
#339 = DIRECTION('s1_vert_e2_dir',(0.0000000,0.0000000,1.0000000));
#340 = VECTOR('s1_vert_e2_vec',#339,25.0000000);
#341 = CARTESIAN_POINT('s1_vert_e2_origin',(54.0000000,15.0000000,0.0000000));
#342 = LINE('s1_vert_e2_line',#341,#340);
#343 = EDGE_CURVE('s1_vert_e2',#293,#297,#342,.T.);
#344 = DIRECTION('s1_bot_e3_dir',(0.0000000,-1.0000000,0.0000000));
#345 = VECTOR('s1_bot_e3_vec',#344,30.0000000);
#346 = CARTESIAN_POINT('s1_bot_e3_origin',(46.0000000,15.0000000,0.0000000));
#347 = LINE('s1_bot_e3_line',#346,#345);
#348 = EDGE_CURVE('s1_bot_e3',#294,#291,#347,.T.);
#349 = DIRECTION('s1_top_e3_dir',(0.0000000,-1.0000000,0.0000000));
#350 = VECTOR('s1_top_e3_vec',#349,30.0000000);
#351 = CARTESIAN_POINT('s1_top_e3_origin',(46.0000000,15.0000000,25.0000000));
#352 = LINE('s1_top_e3_line',#351,#350);
#353 = EDGE_CURVE('s1_top_e3',#298,#295,#352,.T.);
#354 = DIRECTION('s1_vert_e3_dir',(0.0000000,0.0000000,1.0000000));
#355 = VECTOR('s1_vert_e3_vec',#354,25.0000000);
#356 = CARTESIAN_POINT('s1_vert_e3_origin',(46.0000000,15.0000000,0.0000000));
#357 = LINE('s1_vert_e3_line',#356,#355);
#358 = EDGE_CURVE('s1_vert_e3',#294,#298,#357,.T.);
#359 = ORIENTED_EDGE('',*,*,#348,.F.);
#360 = ORIENTED_EDGE('',*,*,#333,.F.);
#361 = ORIENTED_EDGE('',*,*,#318,.F.);
#362 = ORIENTED_EDGE('',*,*,#303,.F.);
#363 = EDGE_LOOP('s1_bottom_loop',(#359,#360,#361,#362));
#364 = FACE_OUTER_BOUND('',#363,.T.);
#365 = CARTESIAN_POINT('s1_bottom_plane_loc',(0.0000000,0.0000000,0.0000000));
#366 = DIRECTION('s1_bottom_plane_axis',(0.0000000,0.0000000,-1.0000000));
#367 = DIRECTION('s1_bottom_plane_ref',(1.0000000,0.0000000,0.0000000));
#368 = AXIS2_PLACEMENT_3D('s1_bottom_plane_place',#365,#366,#367);
#369 = PLANE('s1_bottom_plane',#368);
#370 = ADVANCED_FACE('s1_bottom_face',(#364),#369,.T.);
#371 = ORIENTED_EDGE('',*,*,#308,.T.);
#372 = ORIENTED_EDGE('',*,*,#323,.T.);
#373 = ORIENTED_EDGE('',*,*,#338,.T.);
#374 = ORIENTED_EDGE('',*,*,#353,.T.);
#375 = EDGE_LOOP('s1_top_loop',(#371,#372,#373,#374));
#376 = FACE_OUTER_BOUND('',#375,.T.);
#377 = CARTESIAN_POINT('s1_top_plane_loc',(0.0000000,0.0000000,25.0000000));
#378 = DIRECTION('s1_top_plane_axis',(0.0000000,0.0000000,1.0000000));
#379 = DIRECTION('s1_top_plane_ref',(1.0000000,0.0000000,0.0000000));
#380 = AXIS2_PLACEMENT_3D('s1_top_plane_place',#377,#378,#379);
#381 = PLANE('s1_top_plane',#380);
#382 = ADVANCED_FACE('s1_top_face',(#376),#381,.T.);
#383 = ORIENTED_EDGE('',*,*,#303,.T.);
#384 = ORIENTED_EDGE('',*,*,#328,.T.);
#385 = ORIENTED_EDGE('',*,*,#308,.F.);
#386 = ORIENTED_EDGE('',*,*,#313,.F.);
#387 = EDGE_LOOP('s1_side_loop_0',(#383,#384,#385,#386));
#388 = FACE_OUTER_BOUND('',#387,.T.);
#389 = CARTESIAN_POINT('s1_side_plane_0_loc',(50.0000000,-15.0000000,0.0000000));
#390 = DIRECTION('s1_side_plane_0_axis',(0.0000000,-1.0000000,0.0000000));
#391 = DIRECTION('s1_side_plane_0_ref',(1.0000000,0.0000000,0.0000000));
#392 = AXIS2_PLACEMENT_3D('s1_side_plane_0_place',#389,#390,#391);
#393 = PLANE('s1_side_plane_0',#392);
#394 = ADVANCED_FACE('s1_side_face_0',(#388),#393,.T.);
#395 = ORIENTED_EDGE('',*,*,#318,.T.);
#396 = ORIENTED_EDGE('',*,*,#343,.T.);
#397 = ORIENTED_EDGE('',*,*,#323,.F.);
#398 = ORIENTED_EDGE('',*,*,#328,.F.);
#399 = EDGE_LOOP('s1_side_loop_1',(#395,#396,#397,#398));
#400 = FACE_OUTER_BOUND('',#399,.T.);
#401 = CARTESIAN_POINT('s1_side_plane_1_loc',(54.0000000,0.0000000,0.0000000));
#402 = DIRECTION('s1_side_plane_1_axis',(1.0000000,0.0000000,0.0000000));
#403 = DIRECTION('s1_side_plane_1_ref',(0.0000000,1.0000000,0.0000000));
#404 = AXIS2_PLACEMENT_3D('s1_side_plane_1_place',#401,#402,#403);
#405 = PLANE('s1_side_plane_1',#404);
#406 = ADVANCED_FACE('s1_side_face_1',(#400),#405,.T.);
#407 = ORIENTED_EDGE('',*,*,#333,.T.);
#408 = ORIENTED_EDGE('',*,*,#358,.T.);
#409 = ORIENTED_EDGE('',*,*,#338,.F.);
#410 = ORIENTED_EDGE('',*,*,#343,.F.);
#411 = EDGE_LOOP('s1_side_loop_2',(#407,#408,#409,#410));
#412 = FACE_OUTER_BOUND('',#411,.T.);
#413 = CARTESIAN_POINT('s1_side_plane_2_loc',(50.0000000,15.0000000,0.0000000));
#414 = DIRECTION('s1_side_plane_2_axis',(0.0000000,1.0000000,0.0000000));
#415 = DIRECTION('s1_side_plane_2_ref',(-1.0000000,0.0000000,0.0000000));
#416 = AXIS2_PLACEMENT_3D('s1_side_plane_2_place',#413,#414,#415);
#417 = PLANE('s1_side_plane_2',#416);
#418 = ADVANCED_FACE('s1_side_face_2',(#412),#417,.T.);
#419 = ORIENTED_EDGE('',*,*,#348,.T.);
#420 = ORIENTED_EDGE('',*,*,#313,.T.);
#421 = ORIENTED_EDGE('',*,*,#353,.F.);
#422 = ORIENTED_EDGE('',*,*,#358,.F.);
#423 = EDGE_LOOP('s1_side_loop_3',(#419,#420,#421,#422));
#424 = FACE_OUTER_BOUND('',#423,.T.);
#425 = CARTESIAN_POINT('s1_side_plane_3_loc',(46.0000000,0.0000000,0.0000000));
#426 = DIRECTION('s1_side_plane_3_axis',(-1.0000000,0.0000000,0.0000000));
#427 = DIRECTION('s1_side_plane_3_ref',(0.0000000,-1.0000000,0.0000000));
#428 = AXIS2_PLACEMENT_3D('s1_side_plane_3_place',#425,#426,#427);
#429 = PLANE('s1_side_plane_3',#428);
#430 = ADVANCED_FACE('s1_side_face_3',(#424),#429,.T.);
#431 = CLOSED_SHELL('Blade1_shell',(#370,#382,#394,#406,#418,#430));
#432 = MANIFOLD_SOLID_BREP('Blade1_solid',#431);
#433 = CARTESIAN_POINT('s2_bot_0',(47.3371686,10.0096189,0.0000000));
#434 = CARTESIAN_POINT('s2_bot_1',(54.2653718,14.0096189,0.0000000));
#435 = CARTESIAN_POINT('s2_bot_2',(39.2653718,39.9903811,0.0000000));
#436 = CARTESIAN_POINT('s2_bot_3',(32.3371686,35.9903811,0.0000000));
#437 = CARTESIAN_POINT('s2_top_0',(47.3371686,10.0096189,25.0000000));
#438 = CARTESIAN_POINT('s2_top_1',(54.2653718,14.0096189,25.0000000));
#439 = CARTESIAN_POINT('s2_top_2',(39.2653718,39.9903811,25.0000000));
#440 = CARTESIAN_POINT('s2_top_3',(32.3371686,35.9903811,25.0000000));
#441 = VERTEX_POINT('s2_bot_v0',#433);
#442 = VERTEX_POINT('s2_bot_v1',#434);
#443 = VERTEX_POINT('s2_bot_v2',#435);
#444 = VERTEX_POINT('s2_bot_v3',#436);
#445 = VERTEX_POINT('s2_top_v0',#437);
#446 = VERTEX_POINT('s2_top_v1',#438);
#447 = VERTEX_POINT('s2_top_v2',#439);
#448 = VERTEX_POINT('s2_top_v3',#440);
#449 = DIRECTION('s2_bot_e0_dir',(0.8660254,0.5000000,0.0000000));
#450 = VECTOR('s2_bot_e0_vec',#449,8.0000000);
#451 = CARTESIAN_POINT('s2_bot_e0_origin',(47.3371686,10.0096189,0.0000000));
#452 = LINE('s2_bot_e0_line',#451,#450);
#453 = EDGE_CURVE('s2_bot_e0',#441,#442,#452,.T.);
#454 = DIRECTION('s2_top_e0_dir',(0.8660254,0.5000000,0.0000000));
#455 = VECTOR('s2_top_e0_vec',#454,8.0000000);
#456 = CARTESIAN_POINT('s2_top_e0_origin',(47.3371686,10.0096189,25.0000000));
#457 = LINE('s2_top_e0_line',#456,#455);
#458 = EDGE_CURVE('s2_top_e0',#445,#446,#457,.T.);
#459 = DIRECTION('s2_vert_e0_dir',(0.0000000,0.0000000,1.0000000));
#460 = VECTOR('s2_vert_e0_vec',#459,25.0000000);
#461 = CARTESIAN_POINT('s2_vert_e0_origin',(47.3371686,10.0096189,0.0000000));
#462 = LINE('s2_vert_e0_line',#461,#460);
#463 = EDGE_CURVE('s2_vert_e0',#441,#445,#462,.T.);
#464 = DIRECTION('s2_bot_e1_dir',(-0.5000000,0.8660254,0.0000000));
#465 = VECTOR('s2_bot_e1_vec',#464,30.0000000);
#466 = CARTESIAN_POINT('s2_bot_e1_origin',(54.2653718,14.0096189,0.0000000));
#467 = LINE('s2_bot_e1_line',#466,#465);
#468 = EDGE_CURVE('s2_bot_e1',#442,#443,#467,.T.);
#469 = DIRECTION('s2_top_e1_dir',(-0.5000000,0.8660254,0.0000000));
#470 = VECTOR('s2_top_e1_vec',#469,30.0000000);
#471 = CARTESIAN_POINT('s2_top_e1_origin',(54.2653718,14.0096189,25.0000000));
#472 = LINE('s2_top_e1_line',#471,#470);
#473 = EDGE_CURVE('s2_top_e1',#446,#447,#472,.T.);
#474 = DIRECTION('s2_vert_e1_dir',(0.0000000,0.0000000,1.0000000));
#475 = VECTOR('s2_vert_e1_vec',#474,25.0000000);
#476 = CARTESIAN_POINT('s2_vert_e1_origin',(54.2653718,14.0096189,0.0000000));
#477 = LINE('s2_vert_e1_line',#476,#475);
#478 = EDGE_CURVE('s2_vert_e1',#442,#446,#477,.T.);
#479 = DIRECTION('s2_bot_e2_dir',(-0.8660254,-0.5000000,0.0000000));
#480 = VECTOR('s2_bot_e2_vec',#479,8.0000000);
#481 = CARTESIAN_POINT('s2_bot_e2_origin',(39.2653718,39.9903811,0.0000000));
#482 = LINE('s2_bot_e2_line',#481,#480);
#483 = EDGE_CURVE('s2_bot_e2',#443,#444,#482,.T.);
#484 = DIRECTION('s2_top_e2_dir',(-0.8660254,-0.5000000,0.0000000));
#485 = VECTOR('s2_top_e2_vec',#484,8.0000000);
#486 = CARTESIAN_POINT('s2_top_e2_origin',(39.2653718,39.9903811,25.0000000));
#487 = LINE('s2_top_e2_line',#486,#485);
#488 = EDGE_CURVE('s2_top_e2',#447,#448,#487,.T.);
#489 = DIRECTION('s2_vert_e2_dir',(0.0000000,0.0000000,1.0000000));
#490 = VECTOR('s2_vert_e2_vec',#489,25.0000000);
#491 = CARTESIAN_POINT('s2_vert_e2_origin',(39.2653718,39.9903811,0.0000000));
#492 = LINE('s2_vert_e2_line',#491,#490);
#493 = EDGE_CURVE('s2_vert_e2',#443,#447,#492,.T.);
#494 = DIRECTION('s2_bot_e3_dir',(0.5000000,-0.8660254,0.0000000));
#495 = VECTOR('s2_bot_e3_vec',#494,30.0000000);
#496 = CARTESIAN_POINT('s2_bot_e3_origin',(32.3371686,35.9903811,0.0000000));
#497 = LINE('s2_bot_e3_line',#496,#495);
#498 = EDGE_CURVE('s2_bot_e3',#444,#441,#497,.T.);
#499 = DIRECTION('s2_top_e3_dir',(0.5000000,-0.8660254,0.0000000));
#500 = VECTOR('s2_top_e3_vec',#499,30.0000000);
#501 = CARTESIAN_POINT('s2_top_e3_origin',(32.3371686,35.9903811,25.0000000));
#502 = LINE('s2_top_e3_line',#501,#500);
#503 = EDGE_CURVE('s2_top_e3',#448,#445,#502,.T.);
#504 = DIRECTION('s2_vert_e3_dir',(0.0000000,0.0000000,1.0000000));
#505 = VECTOR('s2_vert_e3_vec',#504,25.0000000);
#506 = CARTESIAN_POINT('s2_vert_e3_origin',(32.3371686,35.9903811,0.0000000));
#507 = LINE('s2_vert_e3_line',#506,#505);
#508 = EDGE_CURVE('s2_vert_e3',#444,#448,#507,.T.);
#509 = ORIENTED_EDGE('',*,*,#498,.F.);
#510 = ORIENTED_EDGE('',*,*,#483,.F.);
#511 = ORIENTED_EDGE('',*,*,#468,.F.);
#512 = ORIENTED_EDGE('',*,*,#453,.F.);
#513 = EDGE_LOOP('s2_bottom_loop',(#509,#510,#511,#512));
#514 = FACE_OUTER_BOUND('',#513,.T.);
#515 = CARTESIAN_POINT('s2_bottom_plane_loc',(0.0000000,0.0000000,0.0000000));
#516 = DIRECTION('s2_bottom_plane_axis',(0.0000000,0.0000000,-1.0000000));
#517 = DIRECTION('s2_bottom_plane_ref',(1.0000000,0.0000000,0.0000000));
#518 = AXIS2_PLACEMENT_3D('s2_bottom_plane_place',#515,#516,#517);
#519 = PLANE('s2_bottom_plane',#518);
#520 = ADVANCED_FACE('s2_bottom_face',(#514),#519,.T.);
#521 = ORIENTED_EDGE('',*,*,#458,.T.);
#522 = ORIENTED_EDGE('',*,*,#473,.T.);
#523 = ORIENTED_EDGE('',*,*,#488,.T.);
#524 = ORIENTED_EDGE('',*,*,#503,.T.);
#525 = EDGE_LOOP('s2_top_loop',(#521,#522,#523,#524));
#526 = FACE_OUTER_BOUND('',#525,.T.);
#527 = CARTESIAN_POINT('s2_top_plane_loc',(0.0000000,0.0000000,25.0000000));
#528 = DIRECTION('s2_top_plane_axis',(0.0000000,0.0000000,1.0000000));
#529 = DIRECTION('s2_top_plane_ref',(1.0000000,0.0000000,0.0000000));
#530 = AXIS2_PLACEMENT_3D('s2_top_plane_place',#527,#528,#529);
#531 = PLANE('s2_top_plane',#530);
#532 = ADVANCED_FACE('s2_top_face',(#526),#531,.T.);
#533 = ORIENTED_EDGE('',*,*,#453,.T.);
#534 = ORIENTED_EDGE('',*,*,#478,.T.);
#535 = ORIENTED_EDGE('',*,*,#458,.F.);
#536 = ORIENTED_EDGE('',*,*,#463,.F.);
#537 = EDGE_LOOP('s2_side_loop_0',(#533,#534,#535,#536));
#538 = FACE_OUTER_BOUND('',#537,.T.);
#539 = CARTESIAN_POINT('s2_side_plane_0_loc',(50.8012702,12.0096189,0.0000000));
#540 = DIRECTION('s2_side_plane_0_axis',(0.5000000,-0.8660254,0.0000000));
#541 = DIRECTION('s2_side_plane_0_ref',(0.8660254,0.5000000,0.0000000));
#542 = AXIS2_PLACEMENT_3D('s2_side_plane_0_place',#539,#540,#541);
#543 = PLANE('s2_side_plane_0',#542);
#544 = ADVANCED_FACE('s2_side_face_0',(#538),#543,.T.);
#545 = ORIENTED_EDGE('',*,*,#468,.T.);
#546 = ORIENTED_EDGE('',*,*,#493,.T.);
#547 = ORIENTED_EDGE('',*,*,#473,.F.);
#548 = ORIENTED_EDGE('',*,*,#478,.F.);
#549 = EDGE_LOOP('s2_side_loop_1',(#545,#546,#547,#548));
#550 = FACE_OUTER_BOUND('',#549,.T.);
#551 = CARTESIAN_POINT('s2_side_plane_1_loc',(46.7653718,27.0000000,0.0000000));
#552 = DIRECTION('s2_side_plane_1_axis',(0.8660254,0.5000000,0.0000000));
#553 = DIRECTION('s2_side_plane_1_ref',(-0.5000000,0.8660254,0.0000000));
#554 = AXIS2_PLACEMENT_3D('s2_side_plane_1_place',#551,#552,#553);
#555 = PLANE('s2_side_plane_1',#554);
#556 = ADVANCED_FACE('s2_side_face_1',(#550),#555,.T.);
#557 = ORIENTED_EDGE('',*,*,#483,.T.);
#558 = ORIENTED_EDGE('',*,*,#508,.T.);
#559 = ORIENTED_EDGE('',*,*,#488,.F.);
#560 = ORIENTED_EDGE('',*,*,#493,.F.);
#561 = EDGE_LOOP('s2_side_loop_2',(#557,#558,#559,#560));
#562 = FACE_OUTER_BOUND('',#561,.T.);
#563 = CARTESIAN_POINT('s2_side_plane_2_loc',(35.8012702,37.9903811,0.0000000));
#564 = DIRECTION('s2_side_plane_2_axis',(-0.5000000,0.8660254,0.0000000));
#565 = DIRECTION('s2_side_plane_2_ref',(-0.8660254,-0.5000000,0.0000000));
#566 = AXIS2_PLACEMENT_3D('s2_side_plane_2_place',#563,#564,#565);
#567 = PLANE('s2_side_plane_2',#566);
#568 = ADVANCED_FACE('s2_side_face_2',(#562),#567,.T.);
#569 = ORIENTED_EDGE('',*,*,#498,.T.);
#570 = ORIENTED_EDGE('',*,*,#463,.T.);
#571 = ORIENTED_EDGE('',*,*,#503,.F.);
#572 = ORIENTED_EDGE('',*,*,#508,.F.);
#573 = EDGE_LOOP('s2_side_loop_3',(#569,#570,#571,#572));
#574 = FACE_OUTER_BOUND('',#573,.T.);
#575 = CARTESIAN_POINT('s2_side_plane_3_loc',(39.8371686,23.0000000,0.0000000));
#576 = DIRECTION('s2_side_plane_3_axis',(-0.8660254,-0.5000000,0.0000000));
#577 = DIRECTION('s2_side_plane_3_ref',(0.5000000,-0.8660254,0.0000000));
#578 = AXIS2_PLACEMENT_3D('s2_side_plane_3_place',#575,#576,#577);
#579 = PLANE('s2_side_plane_3',#578);
#580 = ADVANCED_FACE('s2_side_face_3',(#574),#579,.T.);
#581 = CLOSED_SHELL('Blade2_shell',(#520,#532,#544,#556,#568,#580));
#582 = MANIFOLD_SOLID_BREP('Blade2_solid',#581);
#583 = CARTESIAN_POINT('s3_bot_0',(35.9903811,32.3371686,0.0000000));
#584 = CARTESIAN_POINT('s3_bot_1',(39.9903811,39.2653718,0.0000000));
#585 = CARTESIAN_POINT('s3_bot_2',(14.0096189,54.2653718,0.0000000));
#586 = CARTESIAN_POINT('s3_bot_3',(10.0096189,47.3371686,0.0000000));
#587 = CARTESIAN_POINT('s3_top_0',(35.9903811,32.3371686,25.0000000));
#588 = CARTESIAN_POINT('s3_top_1',(39.9903811,39.2653718,25.0000000));
#589 = CARTESIAN_POINT('s3_top_2',(14.0096189,54.2653718,25.0000000));
#590 = CARTESIAN_POINT('s3_top_3',(10.0096189,47.3371686,25.0000000));
#591 = VERTEX_POINT('s3_bot_v0',#583);
#592 = VERTEX_POINT('s3_bot_v1',#584);
#593 = VERTEX_POINT('s3_bot_v2',#585);
#594 = VERTEX_POINT('s3_bot_v3',#586);
#595 = VERTEX_POINT('s3_top_v0',#587);
#596 = VERTEX_POINT('s3_top_v1',#588);
#597 = VERTEX_POINT('s3_top_v2',#589);
#598 = VERTEX_POINT('s3_top_v3',#590);
#599 = DIRECTION('s3_bot_e0_dir',(0.5000000,0.8660254,0.0000000));
#600 = VECTOR('s3_bot_e0_vec',#599,8.0000000);
#601 = CARTESIAN_POINT('s3_bot_e0_origin',(35.9903811,32.3371686,0.0000000));
#602 = LINE('s3_bot_e0_line',#601,#600);
#603 = EDGE_CURVE('s3_bot_e0',#591,#592,#602,.T.);
#604 = DIRECTION('s3_top_e0_dir',(0.5000000,0.8660254,0.0000000));
#605 = VECTOR('s3_top_e0_vec',#604,8.0000000);
#606 = CARTESIAN_POINT('s3_top_e0_origin',(35.9903811,32.3371686,25.0000000));
#607 = LINE('s3_top_e0_line',#606,#605);
#608 = EDGE_CURVE('s3_top_e0',#595,#596,#607,.T.);
#609 = DIRECTION('s3_vert_e0_dir',(0.0000000,0.0000000,1.0000000));
#610 = VECTOR('s3_vert_e0_vec',#609,25.0000000);
#611 = CARTESIAN_POINT('s3_vert_e0_origin',(35.9903811,32.3371686,0.0000000));
#612 = LINE('s3_vert_e0_line',#611,#610);
#613 = EDGE_CURVE('s3_vert_e0',#591,#595,#612,.T.);
#614 = DIRECTION('s3_bot_e1_dir',(-0.8660254,0.5000000,0.0000000));
#615 = VECTOR('s3_bot_e1_vec',#614,30.0000000);
#616 = CARTESIAN_POINT('s3_bot_e1_origin',(39.9903811,39.2653718,0.0000000));
#617 = LINE('s3_bot_e1_line',#616,#615);
#618 = EDGE_CURVE('s3_bot_e1',#592,#593,#617,.T.);
#619 = DIRECTION('s3_top_e1_dir',(-0.8660254,0.5000000,0.0000000));
#620 = VECTOR('s3_top_e1_vec',#619,30.0000000);
#621 = CARTESIAN_POINT('s3_top_e1_origin',(39.9903811,39.2653718,25.0000000));
#622 = LINE('s3_top_e1_line',#621,#620);
#623 = EDGE_CURVE('s3_top_e1',#596,#597,#622,.T.);
#624 = DIRECTION('s3_vert_e1_dir',(0.0000000,0.0000000,1.0000000));
#625 = VECTOR('s3_vert_e1_vec',#624,25.0000000);
#626 = CARTESIAN_POINT('s3_vert_e1_origin',(39.9903811,39.2653718,0.0000000));
#627 = LINE('s3_vert_e1_line',#626,#625);
#628 = EDGE_CURVE('s3_vert_e1',#592,#596,#627,.T.);
#629 = DIRECTION('s3_bot_e2_dir',(-0.5000000,-0.8660254,0.0000000));
#630 = VECTOR('s3_bot_e2_vec',#629,8.0000000);
#631 = CARTESIAN_POINT('s3_bot_e2_origin',(14.0096189,54.2653718,0.0000000));
#632 = LINE('s3_bot_e2_line',#631,#630);
#633 = EDGE_CURVE('s3_bot_e2',#593,#594,#632,.T.);
#634 = DIRECTION('s3_top_e2_dir',(-0.5000000,-0.8660254,0.0000000));
#635 = VECTOR('s3_top_e2_vec',#634,8.0000000);
#636 = CARTESIAN_POINT('s3_top_e2_origin',(14.0096189,54.2653718,25.0000000));
#637 = LINE('s3_top_e2_line',#636,#635);
#638 = EDGE_CURVE('s3_top_e2',#597,#598,#637,.T.);
#639 = DIRECTION('s3_vert_e2_dir',(0.0000000,0.0000000,1.0000000));
#640 = VECTOR('s3_vert_e2_vec',#639,25.0000000);
#641 = CARTESIAN_POINT('s3_vert_e2_origin',(14.0096189,54.2653718,0.0000000));
#642 = LINE('s3_vert_e2_line',#641,#640);
#643 = EDGE_CURVE('s3_vert_e2',#593,#597,#642,.T.);
#644 = DIRECTION('s3_bot_e3_dir',(0.8660254,-0.5000000,0.0000000));
#645 = VECTOR('s3_bot_e3_vec',#644,30.0000000);
#646 = CARTESIAN_POINT('s3_bot_e3_origin',(10.0096189,47.3371686,0.0000000));
#647 = LINE('s3_bot_e3_line',#646,#645);
#648 = EDGE_CURVE('s3_bot_e3',#594,#591,#647,.T.);
#649 = DIRECTION('s3_top_e3_dir',(0.8660254,-0.5000000,0.0000000));
#650 = VECTOR('s3_top_e3_vec',#649,30.0000000);
#651 = CARTESIAN_POINT('s3_top_e3_origin',(10.0096189,47.3371686,25.0000000));
#652 = LINE('s3_top_e3_line',#651,#650);
#653 = EDGE_CURVE('s3_top_e3',#598,#595,#652,.T.);
#654 = DIRECTION('s3_vert_e3_dir',(0.0000000,0.0000000,1.0000000));
#655 = VECTOR('s3_vert_e3_vec',#654,25.0000000);
#656 = CARTESIAN_POINT('s3_vert_e3_origin',(10.0096189,47.3371686,0.0000000));
#657 = LINE('s3_vert_e3_line',#656,#655);
#658 = EDGE_CURVE('s3_vert_e3',#594,#598,#657,.T.);
#659 = ORIENTED_EDGE('',*,*,#648,.F.);
#660 = ORIENTED_EDGE('',*,*,#633,.F.);
#661 = ORIENTED_EDGE('',*,*,#618,.F.);
#662 = ORIENTED_EDGE('',*,*,#603,.F.);
#663 = EDGE_LOOP('s3_bottom_loop',(#659,#660,#661,#662));
#664 = FACE_OUTER_BOUND('',#663,.T.);
#665 = CARTESIAN_POINT('s3_bottom_plane_loc',(0.0000000,0.0000000,0.0000000));
#666 = DIRECTION('s3_bottom_plane_axis',(0.0000000,0.0000000,-1.0000000));
#667 = DIRECTION('s3_bottom_plane_ref',(1.0000000,0.0000000,0.0000000));
#668 = AXIS2_PLACEMENT_3D('s3_bottom_plane_place',#665,#666,#667);
#669 = PLANE('s3_bottom_plane',#668);
#670 = ADVANCED_FACE('s3_bottom_face',(#664),#669,.T.);
#671 = ORIENTED_EDGE('',*,*,#608,.T.);
#672 = ORIENTED_EDGE('',*,*,#623,.T.);
#673 = ORIENTED_EDGE('',*,*,#638,.T.);
#674 = ORIENTED_EDGE('',*,*,#653,.T.);
#675 = EDGE_LOOP('s3_top_loop',(#671,#672,#673,#674));
#676 = FACE_OUTER_BOUND('',#675,.T.);
#677 = CARTESIAN_POINT('s3_top_plane_loc',(0.0000000,0.0000000,25.0000000));
#678 = DIRECTION('s3_top_plane_axis',(0.0000000,0.0000000,1.0000000));
#679 = DIRECTION('s3_top_plane_ref',(1.0000000,0.0000000,0.0000000));
#680 = AXIS2_PLACEMENT_3D('s3_top_plane_place',#677,#678,#679);
#681 = PLANE('s3_top_plane',#680);
#682 = ADVANCED_FACE('s3_top_face',(#676),#681,.T.);
#683 = ORIENTED_EDGE('',*,*,#603,.T.);
#684 = ORIENTED_EDGE('',*,*,#628,.T.);
#685 = ORIENTED_EDGE('',*,*,#608,.F.);
#686 = ORIENTED_EDGE('',*,*,#613,.F.);
#687 = EDGE_LOOP('s3_side_loop_0',(#683,#684,#685,#686));
#688 = FACE_OUTER_BOUND('',#687,.T.);
#689 = CARTESIAN_POINT('s3_side_plane_0_loc',(37.9903811,35.8012702,0.0000000));
#690 = DIRECTION('s3_side_plane_0_axis',(0.8660254,-0.5000000,0.0000000));
#691 = DIRECTION('s3_side_plane_0_ref',(0.5000000,0.8660254,0.0000000));
#692 = AXIS2_PLACEMENT_3D('s3_side_plane_0_place',#689,#690,#691);
#693 = PLANE('s3_side_plane_0',#692);
#694 = ADVANCED_FACE('s3_side_face_0',(#688),#693,.T.);
#695 = ORIENTED_EDGE('',*,*,#618,.T.);
#696 = ORIENTED_EDGE('',*,*,#643,.T.);
#697 = ORIENTED_EDGE('',*,*,#623,.F.);
#698 = ORIENTED_EDGE('',*,*,#628,.F.);
#699 = EDGE_LOOP('s3_side_loop_1',(#695,#696,#697,#698));
#700 = FACE_OUTER_BOUND('',#699,.T.);
#701 = CARTESIAN_POINT('s3_side_plane_1_loc',(27.0000000,46.7653718,0.0000000));
#702 = DIRECTION('s3_side_plane_1_axis',(0.5000000,0.8660254,0.0000000));
#703 = DIRECTION('s3_side_plane_1_ref',(-0.8660254,0.5000000,0.0000000));
#704 = AXIS2_PLACEMENT_3D('s3_side_plane_1_place',#701,#702,#703);
#705 = PLANE('s3_side_plane_1',#704);
#706 = ADVANCED_FACE('s3_side_face_1',(#700),#705,.T.);
#707 = ORIENTED_EDGE('',*,*,#633,.T.);
#708 = ORIENTED_EDGE('',*,*,#658,.T.);
#709 = ORIENTED_EDGE('',*,*,#638,.F.);
#710 = ORIENTED_EDGE('',*,*,#643,.F.);
#711 = EDGE_LOOP('s3_side_loop_2',(#707,#708,#709,#710));
#712 = FACE_OUTER_BOUND('',#711,.T.);
#713 = CARTESIAN_POINT('s3_side_plane_2_loc',(12.0096189,50.8012702,0.0000000));
#714 = DIRECTION('s3_side_plane_2_axis',(-0.8660254,0.5000000,0.0000000));
#715 = DIRECTION('s3_side_plane_2_ref',(-0.5000000,-0.8660254,0.0000000));
#716 = AXIS2_PLACEMENT_3D('s3_side_plane_2_place',#713,#714,#715);
#717 = PLANE('s3_side_plane_2',#716);
#718 = ADVANCED_FACE('s3_side_face_2',(#712),#717,.T.);
#719 = ORIENTED_EDGE('',*,*,#648,.T.);
#720 = ORIENTED_EDGE('',*,*,#613,.T.);
#721 = ORIENTED_EDGE('',*,*,#653,.F.);
#722 = ORIENTED_EDGE('',*,*,#658,.F.);
#723 = EDGE_LOOP('s3_side_loop_3',(#719,#720,#721,#722));
#724 = FACE_OUTER_BOUND('',#723,.T.);
#725 = CARTESIAN_POINT('s3_side_plane_3_loc',(23.0000000,39.8371686,0.0000000));
#726 = DIRECTION('s3_side_plane_3_axis',(-0.5000000,-0.8660254,0.0000000));
#727 = DIRECTION('s3_side_plane_3_ref',(0.8660254,-0.5000000,0.0000000));
#728 = AXIS2_PLACEMENT_3D('s3_side_plane_3_place',#725,#726,#727);
#729 = PLANE('s3_side_plane_3',#728);
#730 = ADVANCED_FACE('s3_side_face_3',(#724),#729,.T.);
#731 = CLOSED_SHELL('Blade3_shell',(#670,#682,#694,#706,#718,#730));
#732 = MANIFOLD_SOLID_BREP('Blade3_solid',#731);
#733 = CARTESIAN_POINT('s4_bot_0',(15.0000000,46.0000000,0.0000000));
#734 = CARTESIAN_POINT('s4_bot_1',(15.0000000,54.0000000,0.0000000));
#735 = CARTESIAN_POINT('s4_bot_2',(-15.0000000,54.0000000,0.0000000));
#736 = CARTESIAN_POINT('s4_bot_3',(-15.0000000,46.0000000,0.0000000));
#737 = CARTESIAN_POINT('s4_top_0',(15.0000000,46.0000000,25.0000000));
#738 = CARTESIAN_POINT('s4_top_1',(15.0000000,54.0000000,25.0000000));
#739 = CARTESIAN_POINT('s4_top_2',(-15.0000000,54.0000000,25.0000000));
#740 = CARTESIAN_POINT('s4_top_3',(-15.0000000,46.0000000,25.0000000));
#741 = VERTEX_POINT('s4_bot_v0',#733);
#742 = VERTEX_POINT('s4_bot_v1',#734);
#743 = VERTEX_POINT('s4_bot_v2',#735);
#744 = VERTEX_POINT('s4_bot_v3',#736);
#745 = VERTEX_POINT('s4_top_v0',#737);
#746 = VERTEX_POINT('s4_top_v1',#738);
#747 = VERTEX_POINT('s4_top_v2',#739);
#748 = VERTEX_POINT('s4_top_v3',#740);
#749 = DIRECTION('s4_bot_e0_dir',(0.0000000,1.0000000,0.0000000));
#750 = VECTOR('s4_bot_e0_vec',#749,8.0000000);
#751 = CARTESIAN_POINT('s4_bot_e0_origin',(15.0000000,46.0000000,0.0000000));
#752 = LINE('s4_bot_e0_line',#751,#750);
#753 = EDGE_CURVE('s4_bot_e0',#741,#742,#752,.T.);
#754 = DIRECTION('s4_top_e0_dir',(0.0000000,1.0000000,0.0000000));
#755 = VECTOR('s4_top_e0_vec',#754,8.0000000);
#756 = CARTESIAN_POINT('s4_top_e0_origin',(15.0000000,46.0000000,25.0000000));
#757 = LINE('s4_top_e0_line',#756,#755);
#758 = EDGE_CURVE('s4_top_e0',#745,#746,#757,.T.);
#759 = DIRECTION('s4_vert_e0_dir',(0.0000000,0.0000000,1.0000000));
#760 = VECTOR('s4_vert_e0_vec',#759,25.0000000);
#761 = CARTESIAN_POINT('s4_vert_e0_origin',(15.0000000,46.0000000,0.0000000));
#762 = LINE('s4_vert_e0_line',#761,#760);
#763 = EDGE_CURVE('s4_vert_e0',#741,#745,#762,.T.);
#764 = DIRECTION('s4_bot_e1_dir',(-1.0000000,0.0000000,0.0000000));
#765 = VECTOR('s4_bot_e1_vec',#764,30.0000000);
#766 = CARTESIAN_POINT('s4_bot_e1_origin',(15.0000000,54.0000000,0.0000000));
#767 = LINE('s4_bot_e1_line',#766,#765);
#768 = EDGE_CURVE('s4_bot_e1',#742,#743,#767,.T.);
#769 = DIRECTION('s4_top_e1_dir',(-1.0000000,0.0000000,0.0000000));
#770 = VECTOR('s4_top_e1_vec',#769,30.0000000);
#771 = CARTESIAN_POINT('s4_top_e1_origin',(15.0000000,54.0000000,25.0000000));
#772 = LINE('s4_top_e1_line',#771,#770);
#773 = EDGE_CURVE('s4_top_e1',#746,#747,#772,.T.);
#774 = DIRECTION('s4_vert_e1_dir',(0.0000000,0.0000000,1.0000000));
#775 = VECTOR('s4_vert_e1_vec',#774,25.0000000);
#776 = CARTESIAN_POINT('s4_vert_e1_origin',(15.0000000,54.0000000,0.0000000));
#777 = LINE('s4_vert_e1_line',#776,#775);
#778 = EDGE_CURVE('s4_vert_e1',#742,#746,#777,.T.);
#779 = DIRECTION('s4_bot_e2_dir',(0.0000000,-1.0000000,0.0000000));
#780 = VECTOR('s4_bot_e2_vec',#779,8.0000000);
#781 = CARTESIAN_POINT('s4_bot_e2_origin',(-15.0000000,54.0000000,0.0000000));
#782 = LINE('s4_bot_e2_line',#781,#780);
#783 = EDGE_CURVE('s4_bot_e2',#743,#744,#782,.T.);
#784 = DIRECTION('s4_top_e2_dir',(0.0000000,-1.0000000,0.0000000));
#785 = VECTOR('s4_top_e2_vec',#784,8.0000000);
#786 = CARTESIAN_POINT('s4_top_e2_origin',(-15.0000000,54.0000000,25.0000000));
#787 = LINE('s4_top_e2_line',#786,#785);
#788 = EDGE_CURVE('s4_top_e2',#747,#748,#787,.T.);
#789 = DIRECTION('s4_vert_e2_dir',(0.0000000,0.0000000,1.0000000));
#790 = VECTOR('s4_vert_e2_vec',#789,25.0000000);
#791 = CARTESIAN_POINT('s4_vert_e2_origin',(-15.0000000,54.0000000,0.0000000));
#792 = LINE('s4_vert_e2_line',#791,#790);
#793 = EDGE_CURVE('s4_vert_e2',#743,#747,#792,.T.);
#794 = DIRECTION('s4_bot_e3_dir',(1.0000000,0.0000000,0.0000000));
#795 = VECTOR('s4_bot_e3_vec',#794,30.0000000);
#796 = CARTESIAN_POINT('s4_bot_e3_origin',(-15.0000000,46.0000000,0.0000000));
#797 = LINE('s4_bot_e3_line',#796,#795);
#798 = EDGE_CURVE('s4_bot_e3',#744,#741,#797,.T.);
#799 = DIRECTION('s4_top_e3_dir',(1.0000000,0.0000000,0.0000000));
#800 = VECTOR('s4_top_e3_vec',#799,30.0000000);
#801 = CARTESIAN_POINT('s4_top_e3_origin',(-15.0000000,46.0000000,25.0000000));
#802 = LINE('s4_top_e3_line',#801,#800);
#803 = EDGE_CURVE('s4_top_e3',#748,#745,#802,.T.);
#804 = DIRECTION('s4_vert_e3_dir',(0.0000000,0.0000000,1.0000000));
#805 = VECTOR('s4_vert_e3_vec',#804,25.0000000);
#806 = CARTESIAN_POINT('s4_vert_e3_origin',(-15.0000000,46.0000000,0.0000000));
#807 = LINE('s4_vert_e3_line',#806,#805);
#808 = EDGE_CURVE('s4_vert_e3',#744,#748,#807,.T.);
#809 = ORIENTED_EDGE('',*,*,#798,.F.);
#810 = ORIENTED_EDGE('',*,*,#783,.F.);
#811 = ORIENTED_EDGE('',*,*,#768,.F.);
#812 = ORIENTED_EDGE('',*,*,#753,.F.);
#813 = EDGE_LOOP('s4_bottom_loop',(#809,#810,#811,#812));
#814 = FACE_OUTER_BOUND('',#813,.T.);
#815 = CARTESIAN_POINT('s4_bottom_plane_loc',(0.0000000,0.0000000,0.0000000));
#816 = DIRECTION('s4_bottom_plane_axis',(0.0000000,0.0000000,-1.0000000));
#817 = DIRECTION('s4_bottom_plane_ref',(1.0000000,0.0000000,0.0000000));
#818 = AXIS2_PLACEMENT_3D('s4_bottom_plane_place',#815,#816,#817);
#819 = PLANE('s4_bottom_plane',#818);
#820 = ADVANCED_FACE('s4_bottom_face',(#814),#819,.T.);
#821 = ORIENTED_EDGE('',*,*,#758,.T.);
#822 = ORIENTED_EDGE('',*,*,#773,.T.);
#823 = ORIENTED_EDGE('',*,*,#788,.T.);
#824 = ORIENTED_EDGE('',*,*,#803,.T.);
#825 = EDGE_LOOP('s4_top_loop',(#821,#822,#823,#824));
#826 = FACE_OUTER_BOUND('',#825,.T.);
#827 = CARTESIAN_POINT('s4_top_plane_loc',(0.0000000,0.0000000,25.0000000));
#828 = DIRECTION('s4_top_plane_axis',(0.0000000,0.0000000,1.0000000));
#829 = DIRECTION('s4_top_plane_ref',(1.0000000,0.0000000,0.0000000));
#830 = AXIS2_PLACEMENT_3D('s4_top_plane_place',#827,#828,#829);
#831 = PLANE('s4_top_plane',#830);
#832 = ADVANCED_FACE('s4_top_face',(#826),#831,.T.);
#833 = ORIENTED_EDGE('',*,*,#753,.T.);
#834 = ORIENTED_EDGE('',*,*,#778,.T.);
#835 = ORIENTED_EDGE('',*,*,#758,.F.);
#836 = ORIENTED_EDGE('',*,*,#763,.F.);
#837 = EDGE_LOOP('s4_side_loop_0',(#833,#834,#835,#836));
#838 = FACE_OUTER_BOUND('',#837,.T.);
#839 = CARTESIAN_POINT('s4_side_plane_0_loc',(15.0000000,50.0000000,0.0000000));
#840 = DIRECTION('s4_side_plane_0_axis',(1.0000000,0.0000000,0.0000000));
#841 = DIRECTION('s4_side_plane_0_ref',(0.0000000,1.0000000,0.0000000));
#842 = AXIS2_PLACEMENT_3D('s4_side_plane_0_place',#839,#840,#841);
#843 = PLANE('s4_side_plane_0',#842);
#844 = ADVANCED_FACE('s4_side_face_0',(#838),#843,.T.);
#845 = ORIENTED_EDGE('',*,*,#768,.T.);
#846 = ORIENTED_EDGE('',*,*,#793,.T.);
#847 = ORIENTED_EDGE('',*,*,#773,.F.);
#848 = ORIENTED_EDGE('',*,*,#778,.F.);
#849 = EDGE_LOOP('s4_side_loop_1',(#845,#846,#847,#848));
#850 = FACE_OUTER_BOUND('',#849,.T.);
#851 = CARTESIAN_POINT('s4_side_plane_1_loc',(0.0000000,54.0000000,0.0000000));
#852 = DIRECTION('s4_side_plane_1_axis',(0.0000000,1.0000000,0.0000000));
#853 = DIRECTION('s4_side_plane_1_ref',(-1.0000000,0.0000000,0.0000000));
#854 = AXIS2_PLACEMENT_3D('s4_side_plane_1_place',#851,#852,#853);
#855 = PLANE('s4_side_plane_1',#854);
#856 = ADVANCED_FACE('s4_side_face_1',(#850),#855,.T.);
#857 = ORIENTED_EDGE('',*,*,#783,.T.);
#858 = ORIENTED_EDGE('',*,*,#808,.T.);
#859 = ORIENTED_EDGE('',*,*,#788,.F.);
#860 = ORIENTED_EDGE('',*,*,#793,.F.);
#861 = EDGE_LOOP('s4_side_loop_2',(#857,#858,#859,#860));
#862 = FACE_OUTER_BOUND('',#861,.T.);
#863 = CARTESIAN_POINT('s4_side_plane_2_loc',(-15.0000000,50.0000000,0.0000000));
#864 = DIRECTION('s4_side_plane_2_axis',(-1.0000000,0.0000000,0.0000000));
#865 = DIRECTION('s4_side_plane_2_ref',(0.0000000,-1.0000000,0.0000000));
#866 = AXIS2_PLACEMENT_3D('s4_side_plane_2_place',#863,#864,#865);
#867 = PLANE('s4_side_plane_2',#866);
#868 = ADVANCED_FACE('s4_side_face_2',(#862),#867,.T.);
#869 = ORIENTED_EDGE('',*,*,#798,.T.);
#870 = ORIENTED_EDGE('',*,*,#763,.T.);
#871 = ORIENTED_EDGE('',*,*,#803,.F.);
#872 = ORIENTED_EDGE('',*,*,#808,.F.);
#873 = EDGE_LOOP('s4_side_loop_3',(#869,#870,#871,#872));
#874 = FACE_OUTER_BOUND('',#873,.T.);
#875 = CARTESIAN_POINT('s4_side_plane_3_loc',(0.0000000,46.0000000,0.0000000));
#876 = DIRECTION('s4_side_plane_3_axis',(0.0000000,-1.0000000,0.0000000));
#877 = DIRECTION('s4_side_plane_3_ref',(1.0000000,0.0000000,0.0000000));
#878 = AXIS2_PLACEMENT_3D('s4_side_plane_3_place',#875,#876,#877);
#879 = PLANE('s4_side_plane_3',#878);
#880 = ADVANCED_FACE('s4_side_face_3',(#874),#879,.T.);
#881 = CLOSED_SHELL('Blade4_shell',(#820,#832,#844,#856,#868,#880));
#882 = MANIFOLD_SOLID_BREP('Blade4_solid',#881);
#883 = CARTESIAN_POINT('s5_bot_0',(-10.0096189,47.3371686,0.0000000));
#884 = CARTESIAN_POINT('s5_bot_1',(-14.0096189,54.2653718,0.0000000));
#885 = CARTESIAN_POINT('s5_bot_2',(-39.9903811,39.2653718,0.0000000));
#886 = CARTESIAN_POINT('s5_bot_3',(-35.9903811,32.3371686,0.0000000));
#887 = CARTESIAN_POINT('s5_top_0',(-10.0096189,47.3371686,25.0000000));
#888 = CARTESIAN_POINT('s5_top_1',(-14.0096189,54.2653718,25.0000000));
#889 = CARTESIAN_POINT('s5_top_2',(-39.9903811,39.2653718,25.0000000));
#890 = CARTESIAN_POINT('s5_top_3',(-35.9903811,32.3371686,25.0000000));
#891 = VERTEX_POINT('s5_bot_v0',#883);
#892 = VERTEX_POINT('s5_bot_v1',#884);
#893 = VERTEX_POINT('s5_bot_v2',#885);
#894 = VERTEX_POINT('s5_bot_v3',#886);
#895 = VERTEX_POINT('s5_top_v0',#887);
#896 = VERTEX_POINT('s5_top_v1',#888);
#897 = VERTEX_POINT('s5_top_v2',#889);
#898 = VERTEX_POINT('s5_top_v3',#890);
#899 = DIRECTION('s5_bot_e0_dir',(-0.5000000,0.8660254,0.0000000));
#900 = VECTOR('s5_bot_e0_vec',#899,8.0000000);
#901 = CARTESIAN_POINT('s5_bot_e0_origin',(-10.0096189,47.3371686,0.0000000));
#902 = LINE('s5_bot_e0_line',#901,#900);
#903 = EDGE_CURVE('s5_bot_e0',#891,#892,#902,.T.);
#904 = DIRECTION('s5_top_e0_dir',(-0.5000000,0.8660254,0.0000000));
#905 = VECTOR('s5_top_e0_vec',#904,8.0000000);
#906 = CARTESIAN_POINT('s5_top_e0_origin',(-10.0096189,47.3371686,25.0000000));
#907 = LINE('s5_top_e0_line',#906,#905);
#908 = EDGE_CURVE('s5_top_e0',#895,#896,#907,.T.);
#909 = DIRECTION('s5_vert_e0_dir',(0.0000000,0.0000000,1.0000000));
#910 = VECTOR('s5_vert_e0_vec',#909,25.0000000);
#911 = CARTESIAN_POINT('s5_vert_e0_origin',(-10.0096189,47.3371686,0.0000000));
#912 = LINE('s5_vert_e0_line',#911,#910);
#913 = EDGE_CURVE('s5_vert_e0',#891,#895,#912,.T.);
#914 = DIRECTION('s5_bot_e1_dir',(-0.8660254,-0.5000000,0.0000000));
#915 = VECTOR('s5_bot_e1_vec',#914,30.0000000);
#916 = CARTESIAN_POINT('s5_bot_e1_origin',(-14.0096189,54.2653718,0.0000000));
#917 = LINE('s5_bot_e1_line',#916,#915);
#918 = EDGE_CURVE('s5_bot_e1',#892,#893,#917,.T.);
#919 = DIRECTION('s5_top_e1_dir',(-0.8660254,-0.5000000,0.0000000));
#920 = VECTOR('s5_top_e1_vec',#919,30.0000000);
#921 = CARTESIAN_POINT('s5_top_e1_origin',(-14.0096189,54.2653718,25.0000000));
#922 = LINE('s5_top_e1_line',#921,#920);
#923 = EDGE_CURVE('s5_top_e1',#896,#897,#922,.T.);
#924 = DIRECTION('s5_vert_e1_dir',(0.0000000,0.0000000,1.0000000));
#925 = VECTOR('s5_vert_e1_vec',#924,25.0000000);
#926 = CARTESIAN_POINT('s5_vert_e1_origin',(-14.0096189,54.2653718,0.0000000));
#927 = LINE('s5_vert_e1_line',#926,#925);
#928 = EDGE_CURVE('s5_vert_e1',#892,#896,#927,.T.);
#929 = DIRECTION('s5_bot_e2_dir',(0.5000000,-0.8660254,0.0000000));
#930 = VECTOR('s5_bot_e2_vec',#929,8.0000000);
#931 = CARTESIAN_POINT('s5_bot_e2_origin',(-39.9903811,39.2653718,0.0000000));
#932 = LINE('s5_bot_e2_line',#931,#930);
#933 = EDGE_CURVE('s5_bot_e2',#893,#894,#932,.T.);
#934 = DIRECTION('s5_top_e2_dir',(0.5000000,-0.8660254,0.0000000));
#935 = VECTOR('s5_top_e2_vec',#934,8.0000000);
#936 = CARTESIAN_POINT('s5_top_e2_origin',(-39.9903811,39.2653718,25.0000000));
#937 = LINE('s5_top_e2_line',#936,#935);
#938 = EDGE_CURVE('s5_top_e2',#897,#898,#937,.T.);
#939 = DIRECTION('s5_vert_e2_dir',(0.0000000,0.0000000,1.0000000));
#940 = VECTOR('s5_vert_e2_vec',#939,25.0000000);
#941 = CARTESIAN_POINT('s5_vert_e2_origin',(-39.9903811,39.2653718,0.0000000));
#942 = LINE('s5_vert_e2_line',#941,#940);
#943 = EDGE_CURVE('s5_vert_e2',#893,#897,#942,.T.);
#944 = DIRECTION('s5_bot_e3_dir',(0.8660254,0.5000000,0.0000000));
#945 = VECTOR('s5_bot_e3_vec',#944,30.0000000);
#946 = CARTESIAN_POINT('s5_bot_e3_origin',(-35.9903811,32.3371686,0.0000000));
#947 = LINE('s5_bot_e3_line',#946,#945);
#948 = EDGE_CURVE('s5_bot_e3',#894,#891,#947,.T.);
#949 = DIRECTION('s5_top_e3_dir',(0.8660254,0.5000000,0.0000000));
#950 = VECTOR('s5_top_e3_vec',#949,30.0000000);
#951 = CARTESIAN_POINT('s5_top_e3_origin',(-35.9903811,32.3371686,25.0000000));
#952 = LINE('s5_top_e3_line',#951,#950);
#953 = EDGE_CURVE('s5_top_e3',#898,#895,#952,.T.);
#954 = DIRECTION('s5_vert_e3_dir',(0.0000000,0.0000000,1.0000000));
#955 = VECTOR('s5_vert_e3_vec',#954,25.0000000);
#956 = CARTESIAN_POINT('s5_vert_e3_origin',(-35.9903811,32.3371686,0.0000000));
#957 = LINE('s5_vert_e3_line',#956,#955);
#958 = EDGE_CURVE('s5_vert_e3',#894,#898,#957,.T.);
#959 = ORIENTED_EDGE('',*,*,#948,.F.);
#960 = ORIENTED_EDGE('',*,*,#933,.F.);
#961 = ORIENTED_EDGE('',*,*,#918,.F.);
#962 = ORIENTED_EDGE('',*,*,#903,.F.);
#963 = EDGE_LOOP('s5_bottom_loop',(#959,#960,#961,#962));
#964 = FACE_OUTER_BOUND('',#963,.T.);
#965 = CARTESIAN_POINT('s5_bottom_plane_loc',(0.0000000,0.0000000,0.0000000));
#966 = DIRECTION('s5_bottom_plane_axis',(0.0000000,0.0000000,-1.0000000));
#967 = DIRECTION('s5_bottom_plane_ref',(1.0000000,0.0000000,0.0000000));
#968 = AXIS2_PLACEMENT_3D('s5_bottom_plane_place',#965,#966,#967);
#969 = PLANE('s5_bottom_plane',#968);
#970 = ADVANCED_FACE('s5_bottom_face',(#964),#969,.T.);
#971 = ORIENTED_EDGE('',*,*,#908,.T.);
#972 = ORIENTED_EDGE('',*,*,#923,.T.);
#973 = ORIENTED_EDGE('',*,*,#938,.T.);
#974 = ORIENTED_EDGE('',*,*,#953,.T.);
#975 = EDGE_LOOP('s5_top_loop',(#971,#972,#973,#974));
#976 = FACE_OUTER_BOUND('',#975,.T.);
#977 = CARTESIAN_POINT('s5_top_plane_loc',(0.0000000,0.0000000,25.0000000));
#978 = DIRECTION('s5_top_plane_axis',(0.0000000,0.0000000,1.0000000));
#979 = DIRECTION('s5_top_plane_ref',(1.0000000,0.0000000,0.0000000));
#980 = AXIS2_PLACEMENT_3D('s5_top_plane_place',#977,#978,#979);
#981 = PLANE('s5_top_plane',#980);
#982 = ADVANCED_FACE('s5_top_face',(#976),#981,.T.);
#983 = ORIENTED_EDGE('',*,*,#903,.T.);
#984 = ORIENTED_EDGE('',*,*,#928,.T.);
#985 = ORIENTED_EDGE('',*,*,#908,.F.);
#986 = ORIENTED_EDGE('',*,*,#913,.F.);
#987 = EDGE_LOOP('s5_side_loop_0',(#983,#984,#985,#986));
#988 = FACE_OUTER_BOUND('',#987,.T.);
#989 = CARTESIAN_POINT('s5_side_plane_0_loc',(-12.0096189,50.8012702,0.0000000));
#990 = DIRECTION('s5_side_plane_0_axis',(0.8660254,0.5000000,0.0000000));
#991 = DIRECTION('s5_side_plane_0_ref',(-0.5000000,0.8660254,0.0000000));
#992 = AXIS2_PLACEMENT_3D('s5_side_plane_0_place',#989,#990,#991);
#993 = PLANE('s5_side_plane_0',#992);
#994 = ADVANCED_FACE('s5_side_face_0',(#988),#993,.T.);
#995 = ORIENTED_EDGE('',*,*,#918,.T.);
#996 = ORIENTED_EDGE('',*,*,#943,.T.);
#997 = ORIENTED_EDGE('',*,*,#923,.F.);
#998 = ORIENTED_EDGE('',*,*,#928,.F.);
#999 = EDGE_LOOP('s5_side_loop_1',(#995,#996,#997,#998));
#1000 = FACE_OUTER_BOUND('',#999,.T.);
#1001 = CARTESIAN_POINT('s5_side_plane_1_loc',(-27.0000000,46.7653718,0.0000000));
#1002 = DIRECTION('s5_side_plane_1_axis',(-0.5000000,0.8660254,0.0000000));
#1003 = DIRECTION('s5_side_plane_1_ref',(-0.8660254,-0.5000000,0.0000000));
#1004 = AXIS2_PLACEMENT_3D('s5_side_plane_1_place',#1001,#1002,#1003);
#1005 = PLANE('s5_side_plane_1',#1004);
#1006 = ADVANCED_FACE('s5_side_face_1',(#1000),#1005,.T.);
#1007 = ORIENTED_EDGE('',*,*,#933,.T.);
#1008 = ORIENTED_EDGE('',*,*,#958,.T.);
#1009 = ORIENTED_EDGE('',*,*,#938,.F.);
#1010 = ORIENTED_EDGE('',*,*,#943,.F.);
#1011 = EDGE_LOOP('s5_side_loop_2',(#1007,#1008,#1009,#1010));
#1012 = FACE_OUTER_BOUND('',#1011,.T.);
#1013 = CARTESIAN_POINT('s5_side_plane_2_loc',(-37.9903811,35.8012702,0.0000000));
#1014 = DIRECTION('s5_side_plane_2_axis',(-0.8660254,-0.5000000,0.0000000));
#1015 = DIRECTION('s5_side_plane_2_ref',(0.5000000,-0.8660254,0.0000000));
#1016 = AXIS2_PLACEMENT_3D('s5_side_plane_2_place',#1013,#1014,#1015);
#1017 = PLANE('s5_side_plane_2',#1016);
#1018 = ADVANCED_FACE('s5_side_face_2',(#1012),#1017,.T.);
#1019 = ORIENTED_EDGE('',*,*,#948,.T.);
#1020 = ORIENTED_EDGE('',*,*,#913,.T.);
#1021 = ORIENTED_EDGE('',*,*,#953,.F.);
#1022 = ORIENTED_EDGE('',*,*,#958,.F.);
#1023 = EDGE_LOOP('s5_side_loop_3',(#1019,#1020,#1021,#1022));
#1024 = FACE_OUTER_BOUND('',#1023,.T.);
#1025 = CARTESIAN_POINT('s5_side_plane_3_loc',(-23.0000000,39.8371686,0.0000000));
#1026 = DIRECTION('s5_side_plane_3_axis',(0.5000000,-0.8660254,0.0000000));
#1027 = DIRECTION('s5_side_plane_3_ref',(0.8660254,0.5000000,0.0000000));
#1028 = AXIS2_PLACEMENT_3D('s5_side_plane_3_place',#1025,#1026,#1027);
#1029 = PLANE('s5_side_plane_3',#1028);
#1030 = ADVANCED_FACE('s5_side_face_3',(#1024),#1029,.T.);
#1031 = CLOSED_SHELL('Blade5_shell',(#970,#982,#994,#1006,#1018,#1030));
#1032 = MANIFOLD_SOLID_BREP('Blade5_solid',#1031);
#1033 = CARTESIAN_POINT('s6_bot_0',(-32.3371686,35.9903811,0.0000000));
#1034 = CARTESIAN_POINT('s6_bot_1',(-39.2653718,39.9903811,0.0000000));
#1035 = CARTESIAN_POINT('s6_bot_2',(-54.2653718,14.0096189,0.0000000));
#1036 = CARTESIAN_POINT('s6_bot_3',(-47.3371686,10.0096189,0.0000000));
#1037 = CARTESIAN_POINT('s6_top_0',(-32.3371686,35.9903811,25.0000000));
#1038 = CARTESIAN_POINT('s6_top_1',(-39.2653718,39.9903811,25.0000000));
#1039 = CARTESIAN_POINT('s6_top_2',(-54.2653718,14.0096189,25.0000000));
#1040 = CARTESIAN_POINT('s6_top_3',(-47.3371686,10.0096189,25.0000000));
#1041 = VERTEX_POINT('s6_bot_v0',#1033);
#1042 = VERTEX_POINT('s6_bot_v1',#1034);
#1043 = VERTEX_POINT('s6_bot_v2',#1035);
#1044 = VERTEX_POINT('s6_bot_v3',#1036);
#1045 = VERTEX_POINT('s6_top_v0',#1037);
#1046 = VERTEX_POINT('s6_top_v1',#1038);
#1047 = VERTEX_POINT('s6_top_v2',#1039);
#1048 = VERTEX_POINT('s6_top_v3',#1040);
#1049 = DIRECTION('s6_bot_e0_dir',(-0.8660254,0.5000000,0.0000000));
#1050 = VECTOR('s6_bot_e0_vec',#1049,8.0000000);
#1051 = CARTESIAN_POINT('s6_bot_e0_origin',(-32.3371686,35.9903811,0.0000000));
#1052 = LINE('s6_bot_e0_line',#1051,#1050);
#1053 = EDGE_CURVE('s6_bot_e0',#1041,#1042,#1052,.T.);
#1054 = DIRECTION('s6_top_e0_dir',(-0.8660254,0.5000000,0.0000000));
#1055 = VECTOR('s6_top_e0_vec',#1054,8.0000000);
#1056 = CARTESIAN_POINT('s6_top_e0_origin',(-32.3371686,35.9903811,25.0000000));
#1057 = LINE('s6_top_e0_line',#1056,#1055);
#1058 = EDGE_CURVE('s6_top_e0',#1045,#1046,#1057,.T.);
#1059 = DIRECTION('s6_vert_e0_dir',(0.0000000,0.0000000,1.0000000));
#1060 = VECTOR('s6_vert_e0_vec',#1059,25.0000000);
#1061 = CARTESIAN_POINT('s6_vert_e0_origin',(-32.3371686,35.9903811,0.0000000));
#1062 = LINE('s6_vert_e0_line',#1061,#1060);
#1063 = EDGE_CURVE('s6_vert_e0',#1041,#1045,#1062,.T.);
#1064 = DIRECTION('s6_bot_e1_dir',(-0.5000000,-0.8660254,0.0000000));
#1065 = VECTOR('s6_bot_e1_vec',#1064,30.0000000);
#1066 = CARTESIAN_POINT('s6_bot_e1_origin',(-39.2653718,39.9903811,0.0000000));
#1067 = LINE('s6_bot_e1_line',#1066,#1065);
#1068 = EDGE_CURVE('s6_bot_e1',#1042,#1043,#1067,.T.);
#1069 = DIRECTION('s6_top_e1_dir',(-0.5000000,-0.8660254,0.0000000));
#1070 = VECTOR('s6_top_e1_vec',#1069,30.0000000);
#1071 = CARTESIAN_POINT('s6_top_e1_origin',(-39.2653718,39.9903811,25.0000000));
#1072 = LINE('s6_top_e1_line',#1071,#1070);
#1073 = EDGE_CURVE('s6_top_e1',#1046,#1047,#1072,.T.);
#1074 = DIRECTION('s6_vert_e1_dir',(0.0000000,0.0000000,1.0000000));
#1075 = VECTOR('s6_vert_e1_vec',#1074,25.0000000);
#1076 = CARTESIAN_POINT('s6_vert_e1_origin',(-39.2653718,39.9903811,0.0000000));
#1077 = LINE('s6_vert_e1_line',#1076,#1075);
#1078 = EDGE_CURVE('s6_vert_e1',#1042,#1046,#1077,.T.);
#1079 = DIRECTION('s6_bot_e2_dir',(0.8660254,-0.5000000,0.0000000));
#1080 = VECTOR('s6_bot_e2_vec',#1079,8.0000000);
#1081 = CARTESIAN_POINT('s6_bot_e2_origin',(-54.2653718,14.0096189,0.0000000));
#1082 = LINE('s6_bot_e2_line',#1081,#1080);
#1083 = EDGE_CURVE('s6_bot_e2',#1043,#1044,#1082,.T.);
#1084 = DIRECTION('s6_top_e2_dir',(0.8660254,-0.5000000,0.0000000));
#1085 = VECTOR('s6_top_e2_vec',#1084,8.0000000);
#1086 = CARTESIAN_POINT('s6_top_e2_origin',(-54.2653718,14.0096189,25.0000000));
#1087 = LINE('s6_top_e2_line',#1086,#1085);
#1088 = EDGE_CURVE('s6_top_e2',#1047,#1048,#1087,.T.);
#1089 = DIRECTION('s6_vert_e2_dir',(0.0000000,0.0000000,1.0000000));
#1090 = VECTOR('s6_vert_e2_vec',#1089,25.0000000);
#1091 = CARTESIAN_POINT('s6_vert_e2_origin',(-54.2653718,14.0096189,0.0000000));
#1092 = LINE('s6_vert_e2_line',#1091,#1090);
#1093 = EDGE_CURVE('s6_vert_e2',#1043,#1047,#1092,.T.);
#1094 = DIRECTION('s6_bot_e3_dir',(0.5000000,0.8660254,0.0000000));
#1095 = VECTOR('s6_bot_e3_vec',#1094,30.0000000);
#1096 = CARTESIAN_POINT('s6_bot_e3_origin',(-47.3371686,10.0096189,0.0000000));
#1097 = LINE('s6_bot_e3_line',#1096,#1095);
#1098 = EDGE_CURVE('s6_bot_e3',#1044,#1041,#1097,.T.);
#1099 = DIRECTION('s6_top_e3_dir',(0.5000000,0.8660254,0.0000000));
#1100 = VECTOR('s6_top_e3_vec',#1099,30.0000000);
#1101 = CARTESIAN_POINT('s6_top_e3_origin',(-47.3371686,10.0096189,25.0000000));
#1102 = LINE('s6_top_e3_line',#1101,#1100);
#1103 = EDGE_CURVE('s6_top_e3',#1048,#1045,#1102,.T.);
#1104 = DIRECTION('s6_vert_e3_dir',(0.0000000,0.0000000,1.0000000));
#1105 = VECTOR('s6_vert_e3_vec',#1104,25.0000000);
#1106 = CARTESIAN_POINT('s6_vert_e3_origin',(-47.3371686,10.0096189,0.0000000));
#1107 = LINE('s6_vert_e3_line',#1106,#1105);
#1108 = EDGE_CURVE('s6_vert_e3',#1044,#1048,#1107,.T.);
#1109 = ORIENTED_EDGE('',*,*,#1098,.F.);
#1110 = ORIENTED_EDGE('',*,*,#1083,.F.);
#1111 = ORIENTED_EDGE('',*,*,#1068,.F.);
#1112 = ORIENTED_EDGE('',*,*,#1053,.F.);
#1113 = EDGE_LOOP('s6_bottom_loop',(#1109,#1110,#1111,#1112));
#1114 = FACE_OUTER_BOUND('',#1113,.T.);
#1115 = CARTESIAN_POINT('s6_bottom_plane_loc',(0.0000000,0.0000000,0.0000000));
#1116 = DIRECTION('s6_bottom_plane_axis',(0.0000000,0.0000000,-1.0000000));
#1117 = DIRECTION('s6_bottom_plane_ref',(1.0000000,0.0000000,0.0000000));
#1118 = AXIS2_PLACEMENT_3D('s6_bottom_plane_place',#1115,#1116,#1117);
#1119 = PLANE('s6_bottom_plane',#1118);
#1120 = ADVANCED_FACE('s6_bottom_face',(#1114),#1119,.T.);
#1121 = ORIENTED_EDGE('',*,*,#1058,.T.);
#1122 = ORIENTED_EDGE('',*,*,#1073,.T.);
#1123 = ORIENTED_EDGE('',*,*,#1088,.T.);
#1124 = ORIENTED_EDGE('',*,*,#1103,.T.);
#1125 = EDGE_LOOP('s6_top_loop',(#1121,#1122,#1123,#1124));
#1126 = FACE_OUTER_BOUND('',#1125,.T.);
#1127 = CARTESIAN_POINT('s6_top_plane_loc',(0.0000000,0.0000000,25.0000000));
#1128 = DIRECTION('s6_top_plane_axis',(0.0000000,0.0000000,1.0000000));
#1129 = DIRECTION('s6_top_plane_ref',(1.0000000,0.0000000,0.0000000));
#1130 = AXIS2_PLACEMENT_3D('s6_top_plane_place',#1127,#1128,#1129);
#1131 = PLANE('s6_top_plane',#1130);
#1132 = ADVANCED_FACE('s6_top_face',(#1126),#1131,.T.);
#1133 = ORIENTED_EDGE('',*,*,#1053,.T.);
#1134 = ORIENTED_EDGE('',*,*,#1078,.T.);
#1135 = ORIENTED_EDGE('',*,*,#1058,.F.);
#1136 = ORIENTED_EDGE('',*,*,#1063,.F.);
#1137 = EDGE_LOOP('s6_side_loop_0',(#1133,#1134,#1135,#1136));
#1138 = FACE_OUTER_BOUND('',#1137,.T.);
#1139 = CARTESIAN_POINT('s6_side_plane_0_loc',(-35.8012702,37.9903811,0.0000000));
#1140 = DIRECTION('s6_side_plane_0_axis',(0.5000000,0.8660254,0.0000000));
#1141 = DIRECTION('s6_side_plane_0_ref',(-0.8660254,0.5000000,0.0000000));
#1142 = AXIS2_PLACEMENT_3D('s6_side_plane_0_place',#1139,#1140,#1141);
#1143 = PLANE('s6_side_plane_0',#1142);
#1144 = ADVANCED_FACE('s6_side_face_0',(#1138),#1143,.T.);
#1145 = ORIENTED_EDGE('',*,*,#1068,.T.);
#1146 = ORIENTED_EDGE('',*,*,#1093,.T.);
#1147 = ORIENTED_EDGE('',*,*,#1073,.F.);
#1148 = ORIENTED_EDGE('',*,*,#1078,.F.);
#1149 = EDGE_LOOP('s6_side_loop_1',(#1145,#1146,#1147,#1148));
#1150 = FACE_OUTER_BOUND('',#1149,.T.);
#1151 = CARTESIAN_POINT('s6_side_plane_1_loc',(-46.7653718,27.0000000,0.0000000));
#1152 = DIRECTION('s6_side_plane_1_axis',(-0.8660254,0.5000000,0.0000000));
#1153 = DIRECTION('s6_side_plane_1_ref',(-0.5000000,-0.8660254,0.0000000));
#1154 = AXIS2_PLACEMENT_3D('s6_side_plane_1_place',#1151,#1152,#1153);
#1155 = PLANE('s6_side_plane_1',#1154);
#1156 = ADVANCED_FACE('s6_side_face_1',(#1150),#1155,.T.);
#1157 = ORIENTED_EDGE('',*,*,#1083,.T.);
#1158 = ORIENTED_EDGE('',*,*,#1108,.T.);
#1159 = ORIENTED_EDGE('',*,*,#1088,.F.);
#1160 = ORIENTED_EDGE('',*,*,#1093,.F.);
#1161 = EDGE_LOOP('s6_side_loop_2',(#1157,#1158,#1159,#1160));
#1162 = FACE_OUTER_BOUND('',#1161,.T.);
#1163 = CARTESIAN_POINT('s6_side_plane_2_loc',(-50.8012702,12.0096189,0.0000000));
#1164 = DIRECTION('s6_side_plane_2_axis',(-0.5000000,-0.8660254,0.0000000));
#1165 = DIRECTION('s6_side_plane_2_ref',(0.8660254,-0.5000000,0.0000000));
#1166 = AXIS2_PLACEMENT_3D('s6_side_plane_2_place',#1163,#1164,#1165);
#1167 = PLANE('s6_side_plane_2',#1166);
#1168 = ADVANCED_FACE('s6_side_face_2',(#1162),#1167,.T.);
#1169 = ORIENTED_EDGE('',*,*,#1098,.T.);
#1170 = ORIENTED_EDGE('',*,*,#1063,.T.);
#1171 = ORIENTED_EDGE('',*,*,#1103,.F.);
#1172 = ORIENTED_EDGE('',*,*,#1108,.F.);
#1173 = EDGE_LOOP('s6_side_loop_3',(#1169,#1170,#1171,#1172));
#1174 = FACE_OUTER_BOUND('',#1173,.T.);
#1175 = CARTESIAN_POINT('s6_side_plane_3_loc',(-39.8371686,23.0000000,0.0000000));
#1176 = DIRECTION('s6_side_plane_3_axis',(0.8660254,-0.5000000,0.0000000));
#1177 = DIRECTION('s6_side_plane_3_ref',(0.5000000,0.8660254,0.0000000));
#1178 = AXIS2_PLACEMENT_3D('s6_side_plane_3_place',#1175,#1176,#1177);
#1179 = PLANE('s6_side_plane_3',#1178);
#1180 = ADVANCED_FACE('s6_side_face_3',(#1174),#1179,.T.);
#1181 = CLOSED_SHELL('Blade6_shell',(#1120,#1132,#1144,#1156,#1168,#1180));
#1182 = MANIFOLD_SOLID_BREP('Blade6_solid',#1181);
#1183 = CARTESIAN_POINT('s7_bot_0',(-46.0000000,15.0000000,0.0000000));
#1184 = CARTESIAN_POINT('s7_bot_1',(-54.0000000,15.0000000,0.0000000));
#1185 = CARTESIAN_POINT('s7_bot_2',(-54.0000000,-15.0000000,0.0000000));
#1186 = CARTESIAN_POINT('s7_bot_3',(-46.0000000,-15.0000000,0.0000000));
#1187 = CARTESIAN_POINT('s7_top_0',(-46.0000000,15.0000000,25.0000000));
#1188 = CARTESIAN_POINT('s7_top_1',(-54.0000000,15.0000000,25.0000000));
#1189 = CARTESIAN_POINT('s7_top_2',(-54.0000000,-15.0000000,25.0000000));
#1190 = CARTESIAN_POINT('s7_top_3',(-46.0000000,-15.0000000,25.0000000));
#1191 = VERTEX_POINT('s7_bot_v0',#1183);
#1192 = VERTEX_POINT('s7_bot_v1',#1184);
#1193 = VERTEX_POINT('s7_bot_v2',#1185);
#1194 = VERTEX_POINT('s7_bot_v3',#1186);
#1195 = VERTEX_POINT('s7_top_v0',#1187);
#1196 = VERTEX_POINT('s7_top_v1',#1188);
#1197 = VERTEX_POINT('s7_top_v2',#1189);
#1198 = VERTEX_POINT('s7_top_v3',#1190);
#1199 = DIRECTION('s7_bot_e0_dir',(-1.0000000,0.0000000,0.0000000));
#1200 = VECTOR('s7_bot_e0_vec',#1199,8.0000000);
#1201 = CARTESIAN_POINT('s7_bot_e0_origin',(-46.0000000,15.0000000,0.0000000));
#1202 = LINE('s7_bot_e0_line',#1201,#1200);
#1203 = EDGE_CURVE('s7_bot_e0',#1191,#1192,#1202,.T.);
#1204 = DIRECTION('s7_top_e0_dir',(-1.0000000,0.0000000,0.0000000));
#1205 = VECTOR('s7_top_e0_vec',#1204,8.0000000);
#1206 = CARTESIAN_POINT('s7_top_e0_origin',(-46.0000000,15.0000000,25.0000000));
#1207 = LINE('s7_top_e0_line',#1206,#1205);
#1208 = EDGE_CURVE('s7_top_e0',#1195,#1196,#1207,.T.);
#1209 = DIRECTION('s7_vert_e0_dir',(0.0000000,0.0000000,1.0000000));
#1210 = VECTOR('s7_vert_e0_vec',#1209,25.0000000);
#1211 = CARTESIAN_POINT('s7_vert_e0_origin',(-46.0000000,15.0000000,0.0000000));
#1212 = LINE('s7_vert_e0_line',#1211,#1210);
#1213 = EDGE_CURVE('s7_vert_e0',#1191,#1195,#1212,.T.);
#1214 = DIRECTION('s7_bot_e1_dir',(0.0000000,-1.0000000,0.0000000));
#1215 = VECTOR('s7_bot_e1_vec',#1214,30.0000000);
#1216 = CARTESIAN_POINT('s7_bot_e1_origin',(-54.0000000,15.0000000,0.0000000));
#1217 = LINE('s7_bot_e1_line',#1216,#1215);
#1218 = EDGE_CURVE('s7_bot_e1',#1192,#1193,#1217,.T.);
#1219 = DIRECTION('s7_top_e1_dir',(0.0000000,-1.0000000,0.0000000));
#1220 = VECTOR('s7_top_e1_vec',#1219,30.0000000);
#1221 = CARTESIAN_POINT('s7_top_e1_origin',(-54.0000000,15.0000000,25.0000000));
#1222 = LINE('s7_top_e1_line',#1221,#1220);
#1223 = EDGE_CURVE('s7_top_e1',#1196,#1197,#1222,.T.);
#1224 = DIRECTION('s7_vert_e1_dir',(0.0000000,0.0000000,1.0000000));
#1225 = VECTOR('s7_vert_e1_vec',#1224,25.0000000);
#1226 = CARTESIAN_POINT('s7_vert_e1_origin',(-54.0000000,15.0000000,0.0000000));
#1227 = LINE('s7_vert_e1_line',#1226,#1225);
#1228 = EDGE_CURVE('s7_vert_e1',#1192,#1196,#1227,.T.);
#1229 = DIRECTION('s7_bot_e2_dir',(1.0000000,0.0000000,0.0000000));
#1230 = VECTOR('s7_bot_e2_vec',#1229,8.0000000);
#1231 = CARTESIAN_POINT('s7_bot_e2_origin',(-54.0000000,-15.0000000,0.0000000));
#1232 = LINE('s7_bot_e2_line',#1231,#1230);
#1233 = EDGE_CURVE('s7_bot_e2',#1193,#1194,#1232,.T.);
#1234 = DIRECTION('s7_top_e2_dir',(1.0000000,0.0000000,0.0000000));
#1235 = VECTOR('s7_top_e2_vec',#1234,8.0000000);
#1236 = CARTESIAN_POINT('s7_top_e2_origin',(-54.0000000,-15.0000000,25.0000000));
#1237 = LINE('s7_top_e2_line',#1236,#1235);
#1238 = EDGE_CURVE('s7_top_e2',#1197,#1198,#1237,.T.);
#1239 = DIRECTION('s7_vert_e2_dir',(0.0000000,0.0000000,1.0000000));
#1240 = VECTOR('s7_vert_e2_vec',#1239,25.0000000);
#1241 = CARTESIAN_POINT('s7_vert_e2_origin',(-54.0000000,-15.0000000,0.0000000));
#1242 = LINE('s7_vert_e2_line',#1241,#1240);
#1243 = EDGE_CURVE('s7_vert_e2',#1193,#1197,#1242,.T.);
#1244 = DIRECTION('s7_bot_e3_dir',(0.0000000,1.0000000,0.0000000));
#1245 = VECTOR('s7_bot_e3_vec',#1244,30.0000000);
#1246 = CARTESIAN_POINT('s7_bot_e3_origin',(-46.0000000,-15.0000000,0.0000000));
#1247 = LINE('s7_bot_e3_line',#1246,#1245);
#1248 = EDGE_CURVE('s7_bot_e3',#1194,#1191,#1247,.T.);
#1249 = DIRECTION('s7_top_e3_dir',(0.0000000,1.0000000,0.0000000));
#1250 = VECTOR('s7_top_e3_vec',#1249,30.0000000);
#1251 = CARTESIAN_POINT('s7_top_e3_origin',(-46.0000000,-15.0000000,25.0000000));
#1252 = LINE('s7_top_e3_line',#1251,#1250);
#1253 = EDGE_CURVE('s7_top_e3',#1198,#1195,#1252,.T.);
#1254 = DIRECTION('s7_vert_e3_dir',(0.0000000,0.0000000,1.0000000));
#1255 = VECTOR('s7_vert_e3_vec',#1254,25.0000000);
#1256 = CARTESIAN_POINT('s7_vert_e3_origin',(-46.0000000,-15.0000000,0.0000000));
#1257 = LINE('s7_vert_e3_line',#1256,#1255);
#1258 = EDGE_CURVE('s7_vert_e3',#1194,#1198,#1257,.T.);
#1259 = ORIENTED_EDGE('',*,*,#1248,.F.);
#1260 = ORIENTED_EDGE('',*,*,#1233,.F.);
#1261 = ORIENTED_EDGE('',*,*,#1218,.F.);
#1262 = ORIENTED_EDGE('',*,*,#1203,.F.);
#1263 = EDGE_LOOP('s7_bottom_loop',(#1259,#1260,#1261,#1262));
#1264 = FACE_OUTER_BOUND('',#1263,.T.);
#1265 = CARTESIAN_POINT('s7_bottom_plane_loc',(0.0000000,0.0000000,0.0000000));
#1266 = DIRECTION('s7_bottom_plane_axis',(0.0000000,0.0000000,-1.0000000));
#1267 = DIRECTION('s7_bottom_plane_ref',(1.0000000,0.0000000,0.0000000));
#1268 = AXIS2_PLACEMENT_3D('s7_bottom_plane_place',#1265,#1266,#1267);
#1269 = PLANE('s7_bottom_plane',#1268);
#1270 = ADVANCED_FACE('s7_bottom_face',(#1264),#1269,.T.);
#1271 = ORIENTED_EDGE('',*,*,#1208,.T.);
#1272 = ORIENTED_EDGE('',*,*,#1223,.T.);
#1273 = ORIENTED_EDGE('',*,*,#1238,.T.);
#1274 = ORIENTED_EDGE('',*,*,#1253,.T.);
#1275 = EDGE_LOOP('s7_top_loop',(#1271,#1272,#1273,#1274));
#1276 = FACE_OUTER_BOUND('',#1275,.T.);
#1277 = CARTESIAN_POINT('s7_top_plane_loc',(0.0000000,0.0000000,25.0000000));
#1278 = DIRECTION('s7_top_plane_axis',(0.0000000,0.0000000,1.0000000));
#1279 = DIRECTION('s7_top_plane_ref',(1.0000000,0.0000000,0.0000000));
#1280 = AXIS2_PLACEMENT_3D('s7_top_plane_place',#1277,#1278,#1279);
#1281 = PLANE('s7_top_plane',#1280);
#1282 = ADVANCED_FACE('s7_top_face',(#1276),#1281,.T.);
#1283 = ORIENTED_EDGE('',*,*,#1203,.T.);
#1284 = ORIENTED_EDGE('',*,*,#1228,.T.);
#1285 = ORIENTED_EDGE('',*,*,#1208,.F.);
#1286 = ORIENTED_EDGE('',*,*,#1213,.F.);
#1287 = EDGE_LOOP('s7_side_loop_0',(#1283,#1284,#1285,#1286));
#1288 = FACE_OUTER_BOUND('',#1287,.T.);
#1289 = CARTESIAN_POINT('s7_side_plane_0_loc',(-50.0000000,15.0000000,0.0000000));
#1290 = DIRECTION('s7_side_plane_0_axis',(0.0000000,1.0000000,0.0000000));
#1291 = DIRECTION('s7_side_plane_0_ref',(-1.0000000,0.0000000,0.0000000));
#1292 = AXIS2_PLACEMENT_3D('s7_side_plane_0_place',#1289,#1290,#1291);
#1293 = PLANE('s7_side_plane_0',#1292);
#1294 = ADVANCED_FACE('s7_side_face_0',(#1288),#1293,.T.);
#1295 = ORIENTED_EDGE('',*,*,#1218,.T.);
#1296 = ORIENTED_EDGE('',*,*,#1243,.T.);
#1297 = ORIENTED_EDGE('',*,*,#1223,.F.);
#1298 = ORIENTED_EDGE('',*,*,#1228,.F.);
#1299 = EDGE_LOOP('s7_side_loop_1',(#1295,#1296,#1297,#1298));
#1300 = FACE_OUTER_BOUND('',#1299,.T.);
#1301 = CARTESIAN_POINT('s7_side_plane_1_loc',(-54.0000000,0.0000000,0.0000000));
#1302 = DIRECTION('s7_side_plane_1_axis',(-1.0000000,0.0000000,0.0000000));
#1303 = DIRECTION('s7_side_plane_1_ref',(0.0000000,-1.0000000,0.0000000));
#1304 = AXIS2_PLACEMENT_3D('s7_side_plane_1_place',#1301,#1302,#1303);
#1305 = PLANE('s7_side_plane_1',#1304);
#1306 = ADVANCED_FACE('s7_side_face_1',(#1300),#1305,.T.);
#1307 = ORIENTED_EDGE('',*,*,#1233,.T.);
#1308 = ORIENTED_EDGE('',*,*,#1258,.T.);
#1309 = ORIENTED_EDGE('',*,*,#1238,.F.);
#1310 = ORIENTED_EDGE('',*,*,#1243,.F.);
#1311 = EDGE_LOOP('s7_side_loop_2',(#1307,#1308,#1309,#1310));
#1312 = FACE_OUTER_BOUND('',#1311,.T.);
#1313 = CARTESIAN_POINT('s7_side_plane_2_loc',(-50.0000000,-15.0000000,0.0000000));
#1314 = DIRECTION('s7_side_plane_2_axis',(0.0000000,-1.0000000,0.0000000));
#1315 = DIRECTION('s7_side_plane_2_ref',(1.0000000,0.0000000,0.0000000));
#1316 = AXIS2_PLACEMENT_3D('s7_side_plane_2_place',#1313,#1314,#1315);
#1317 = PLANE('s7_side_plane_2',#1316);
#1318 = ADVANCED_FACE('s7_side_face_2',(#1312),#1317,.T.);
#1319 = ORIENTED_EDGE('',*,*,#1248,.T.);
#1320 = ORIENTED_EDGE('',*,*,#1213,.T.);
#1321 = ORIENTED_EDGE('',*,*,#1253,.F.);
#1322 = ORIENTED_EDGE('',*,*,#1258,.F.);
#1323 = EDGE_LOOP('s7_side_loop_3',(#1319,#1320,#1321,#1322));
#1324 = FACE_OUTER_BOUND('',#1323,.T.);
#1325 = CARTESIAN_POINT('s7_side_plane_3_loc',(-46.0000000,0.0000000,0.0000000));
#1326 = DIRECTION('s7_side_plane_3_axis',(1.0000000,0.0000000,0.0000000));
#1327 = DIRECTION('s7_side_plane_3_ref',(0.0000000,1.0000000,0.0000000));
#1328 = AXIS2_PLACEMENT_3D('s7_side_plane_3_place',#1325,#1326,#1327);
#1329 = PLANE('s7_side_plane_3',#1328);
#1330 = ADVANCED_FACE('s7_side_face_3',(#1324),#1329,.T.);
#1331 = CLOSED_SHELL('Blade7_shell',(#1270,#1282,#1294,#1306,#1318,#1330));
#1332 = MANIFOLD_SOLID_BREP('Blade7_solid',#1331);
#1333 = CARTESIAN_POINT('s8_bot_0',(-47.3371686,-10.0096189,0.0000000));
#1334 = CARTESIAN_POINT('s8_bot_1',(-54.2653718,-14.0096189,0.0000000));
#1335 = CARTESIAN_POINT('s8_bot_2',(-39.2653718,-39.9903811,0.0000000));
#1336 = CARTESIAN_POINT('s8_bot_3',(-32.3371686,-35.9903811,0.0000000));
#1337 = CARTESIAN_POINT('s8_top_0',(-47.3371686,-10.0096189,25.0000000));
#1338 = CARTESIAN_POINT('s8_top_1',(-54.2653718,-14.0096189,25.0000000));
#1339 = CARTESIAN_POINT('s8_top_2',(-39.2653718,-39.9903811,25.0000000));
#1340 = CARTESIAN_POINT('s8_top_3',(-32.3371686,-35.9903811,25.0000000));
#1341 = VERTEX_POINT('s8_bot_v0',#1333);
#1342 = VERTEX_POINT('s8_bot_v1',#1334);
#1343 = VERTEX_POINT('s8_bot_v2',#1335);
#1344 = VERTEX_POINT('s8_bot_v3',#1336);
#1345 = VERTEX_POINT('s8_top_v0',#1337);
#1346 = VERTEX_POINT('s8_top_v1',#1338);
#1347 = VERTEX_POINT('s8_top_v2',#1339);
#1348 = VERTEX_POINT('s8_top_v3',#1340);
#1349 = DIRECTION('s8_bot_e0_dir',(-0.8660254,-0.5000000,0.0000000));
#1350 = VECTOR('s8_bot_e0_vec',#1349,8.0000000);
#1351 = CARTESIAN_POINT('s8_bot_e0_origin',(-47.3371686,-10.0096189,0.0000000));
#1352 = LINE('s8_bot_e0_line',#1351,#1350);
#1353 = EDGE_CURVE('s8_bot_e0',#1341,#1342,#1352,.T.);
#1354 = DIRECTION('s8_top_e0_dir',(-0.8660254,-0.5000000,0.0000000));
#1355 = VECTOR('s8_top_e0_vec',#1354,8.0000000);
#1356 = CARTESIAN_POINT('s8_top_e0_origin',(-47.3371686,-10.0096189,25.0000000));
#1357 = LINE('s8_top_e0_line',#1356,#1355);
#1358 = EDGE_CURVE('s8_top_e0',#1345,#1346,#1357,.T.);
#1359 = DIRECTION('s8_vert_e0_dir',(0.0000000,0.0000000,1.0000000));
#1360 = VECTOR('s8_vert_e0_vec',#1359,25.0000000);
#1361 = CARTESIAN_POINT('s8_vert_e0_origin',(-47.3371686,-10.0096189,0.0000000));
#1362 = LINE('s8_vert_e0_line',#1361,#1360);
#1363 = EDGE_CURVE('s8_vert_e0',#1341,#1345,#1362,.T.);
#1364 = DIRECTION('s8_bot_e1_dir',(0.5000000,-0.8660254,0.0000000));
#1365 = VECTOR('s8_bot_e1_vec',#1364,30.0000000);
#1366 = CARTESIAN_POINT('s8_bot_e1_origin',(-54.2653718,-14.0096189,0.0000000));
#1367 = LINE('s8_bot_e1_line',#1366,#1365);
#1368 = EDGE_CURVE('s8_bot_e1',#1342,#1343,#1367,.T.);
#1369 = DIRECTION('s8_top_e1_dir',(0.5000000,-0.8660254,0.0000000));
#1370 = VECTOR('s8_top_e1_vec',#1369,30.0000000);
#1371 = CARTESIAN_POINT('s8_top_e1_origin',(-54.2653718,-14.0096189,25.0000000));
#1372 = LINE('s8_top_e1_line',#1371,#1370);
#1373 = EDGE_CURVE('s8_top_e1',#1346,#1347,#1372,.T.);
#1374 = DIRECTION('s8_vert_e1_dir',(0.0000000,0.0000000,1.0000000));
#1375 = VECTOR('s8_vert_e1_vec',#1374,25.0000000);
#1376 = CARTESIAN_POINT('s8_vert_e1_origin',(-54.2653718,-14.0096189,0.0000000));
#1377 = LINE('s8_vert_e1_line',#1376,#1375);
#1378 = EDGE_CURVE('s8_vert_e1',#1342,#1346,#1377,.T.);
#1379 = DIRECTION('s8_bot_e2_dir',(0.8660254,0.5000000,0.0000000));
#1380 = VECTOR('s8_bot_e2_vec',#1379,8.0000000);
#1381 = CARTESIAN_POINT('s8_bot_e2_origin',(-39.2653718,-39.9903811,0.0000000));
#1382 = LINE('s8_bot_e2_line',#1381,#1380);
#1383 = EDGE_CURVE('s8_bot_e2',#1343,#1344,#1382,.T.);
#1384 = DIRECTION('s8_top_e2_dir',(0.8660254,0.5000000,0.0000000));
#1385 = VECTOR('s8_top_e2_vec',#1384,8.0000000);
#1386 = CARTESIAN_POINT('s8_top_e2_origin',(-39.2653718,-39.9903811,25.0000000));
#1387 = LINE('s8_top_e2_line',#1386,#1385);
#1388 = EDGE_CURVE('s8_top_e2',#1347,#1348,#1387,.T.);
#1389 = DIRECTION('s8_vert_e2_dir',(0.0000000,0.0000000,1.0000000));
#1390 = VECTOR('s8_vert_e2_vec',#1389,25.0000000);
#1391 = CARTESIAN_POINT('s8_vert_e2_origin',(-39.2653718,-39.9903811,0.0000000));
#1392 = LINE('s8_vert_e2_line',#1391,#1390);
#1393 = EDGE_CURVE('s8_vert_e2',#1343,#1347,#1392,.T.);
#1394 = DIRECTION('s8_bot_e3_dir',(-0.5000000,0.8660254,0.0000000));
#1395 = VECTOR('s8_bot_e3_vec',#1394,30.0000000);
#1396 = CARTESIAN_POINT('s8_bot_e3_origin',(-32.3371686,-35.9903811,0.0000000));
#1397 = LINE('s8_bot_e3_line',#1396,#1395);
#1398 = EDGE_CURVE('s8_bot_e3',#1344,#1341,#1397,.T.);
#1399 = DIRECTION('s8_top_e3_dir',(-0.5000000,0.8660254,0.0000000));
#1400 = VECTOR('s8_top_e3_vec',#1399,30.0000000);
#1401 = CARTESIAN_POINT('s8_top_e3_origin',(-32.3371686,-35.9903811,25.0000000));
#1402 = LINE('s8_top_e3_line',#1401,#1400);
#1403 = EDGE_CURVE('s8_top_e3',#1348,#1345,#1402,.T.);
#1404 = DIRECTION('s8_vert_e3_dir',(0.0000000,0.0000000,1.0000000));
#1405 = VECTOR('s8_vert_e3_vec',#1404,25.0000000);
#1406 = CARTESIAN_POINT('s8_vert_e3_origin',(-32.3371686,-35.9903811,0.0000000));
#1407 = LINE('s8_vert_e3_line',#1406,#1405);
#1408 = EDGE_CURVE('s8_vert_e3',#1344,#1348,#1407,.T.);
#1409 = ORIENTED_EDGE('',*,*,#1398,.F.);
#1410 = ORIENTED_EDGE('',*,*,#1383,.F.);
#1411 = ORIENTED_EDGE('',*,*,#1368,.F.);
#1412 = ORIENTED_EDGE('',*,*,#1353,.F.);
#1413 = EDGE_LOOP('s8_bottom_loop',(#1409,#1410,#1411,#1412));
#1414 = FACE_OUTER_BOUND('',#1413,.T.);
#1415 = CARTESIAN_POINT('s8_bottom_plane_loc',(0.0000000,0.0000000,0.0000000));
#1416 = DIRECTION('s8_bottom_plane_axis',(0.0000000,0.0000000,-1.0000000));
#1417 = DIRECTION('s8_bottom_plane_ref',(1.0000000,0.0000000,0.0000000));
#1418 = AXIS2_PLACEMENT_3D('s8_bottom_plane_place',#1415,#1416,#1417);
#1419 = PLANE('s8_bottom_plane',#1418);
#1420 = ADVANCED_FACE('s8_bottom_face',(#1414),#1419,.T.);
#1421 = ORIENTED_EDGE('',*,*,#1358,.T.);
#1422 = ORIENTED_EDGE('',*,*,#1373,.T.);
#1423 = ORIENTED_EDGE('',*,*,#1388,.T.);
#1424 = ORIENTED_EDGE('',*,*,#1403,.T.);
#1425 = EDGE_LOOP('s8_top_loop',(#1421,#1422,#1423,#1424));
#1426 = FACE_OUTER_BOUND('',#1425,.T.);
#1427 = CARTESIAN_POINT('s8_top_plane_loc',(0.0000000,0.0000000,25.0000000));
#1428 = DIRECTION('s8_top_plane_axis',(0.0000000,0.0000000,1.0000000));
#1429 = DIRECTION('s8_top_plane_ref',(1.0000000,0.0000000,0.0000000));
#1430 = AXIS2_PLACEMENT_3D('s8_top_plane_place',#1427,#1428,#1429);
#1431 = PLANE('s8_top_plane',#1430);
#1432 = ADVANCED_FACE('s8_top_face',(#1426),#1431,.T.);
#1433 = ORIENTED_EDGE('',*,*,#1353,.T.);
#1434 = ORIENTED_EDGE('',*,*,#1378,.T.);
#1435 = ORIENTED_EDGE('',*,*,#1358,.F.);
#1436 = ORIENTED_EDGE('',*,*,#1363,.F.);
#1437 = EDGE_LOOP('s8_side_loop_0',(#1433,#1434,#1435,#1436));
#1438 = FACE_OUTER_BOUND('',#1437,.T.);
#1439 = CARTESIAN_POINT('s8_side_plane_0_loc',(-50.8012702,-12.0096189,0.0000000));
#1440 = DIRECTION('s8_side_plane_0_axis',(-0.5000000,0.8660254,0.0000000));
#1441 = DIRECTION('s8_side_plane_0_ref',(-0.8660254,-0.5000000,0.0000000));
#1442 = AXIS2_PLACEMENT_3D('s8_side_plane_0_place',#1439,#1440,#1441);
#1443 = PLANE('s8_side_plane_0',#1442);
#1444 = ADVANCED_FACE('s8_side_face_0',(#1438),#1443,.T.);
#1445 = ORIENTED_EDGE('',*,*,#1368,.T.);
#1446 = ORIENTED_EDGE('',*,*,#1393,.T.);
#1447 = ORIENTED_EDGE('',*,*,#1373,.F.);
#1448 = ORIENTED_EDGE('',*,*,#1378,.F.);
#1449 = EDGE_LOOP('s8_side_loop_1',(#1445,#1446,#1447,#1448));
#1450 = FACE_OUTER_BOUND('',#1449,.T.);
#1451 = CARTESIAN_POINT('s8_side_plane_1_loc',(-46.7653718,-27.0000000,0.0000000));
#1452 = DIRECTION('s8_side_plane_1_axis',(-0.8660254,-0.5000000,0.0000000));
#1453 = DIRECTION('s8_side_plane_1_ref',(0.5000000,-0.8660254,0.0000000));
#1454 = AXIS2_PLACEMENT_3D('s8_side_plane_1_place',#1451,#1452,#1453);
#1455 = PLANE('s8_side_plane_1',#1454);
#1456 = ADVANCED_FACE('s8_side_face_1',(#1450),#1455,.T.);
#1457 = ORIENTED_EDGE('',*,*,#1383,.T.);
#1458 = ORIENTED_EDGE('',*,*,#1408,.T.);
#1459 = ORIENTED_EDGE('',*,*,#1388,.F.);
#1460 = ORIENTED_EDGE('',*,*,#1393,.F.);
#1461 = EDGE_LOOP('s8_side_loop_2',(#1457,#1458,#1459,#1460));
#1462 = FACE_OUTER_BOUND('',#1461,.T.);
#1463 = CARTESIAN_POINT('s8_side_plane_2_loc',(-35.8012702,-37.9903811,0.0000000));
#1464 = DIRECTION('s8_side_plane_2_axis',(0.5000000,-0.8660254,0.0000000));
#1465 = DIRECTION('s8_side_plane_2_ref',(0.8660254,0.5000000,0.0000000));
#1466 = AXIS2_PLACEMENT_3D('s8_side_plane_2_place',#1463,#1464,#1465);
#1467 = PLANE('s8_side_plane_2',#1466);
#1468 = ADVANCED_FACE('s8_side_face_2',(#1462),#1467,.T.);
#1469 = ORIENTED_EDGE('',*,*,#1398,.T.);
#1470 = ORIENTED_EDGE('',*,*,#1363,.T.);
#1471 = ORIENTED_EDGE('',*,*,#1403,.F.);
#1472 = ORIENTED_EDGE('',*,*,#1408,.F.);
#1473 = EDGE_LOOP('s8_side_loop_3',(#1469,#1470,#1471,#1472));
#1474 = FACE_OUTER_BOUND('',#1473,.T.);
#1475 = CARTESIAN_POINT('s8_side_plane_3_loc',(-39.8371686,-23.0000000,0.0000000));
#1476 = DIRECTION('s8_side_plane_3_axis',(0.8660254,0.5000000,0.0000000));
#1477 = DIRECTION('s8_side_plane_3_ref',(-0.5000000,0.8660254,0.0000000));
#1478 = AXIS2_PLACEMENT_3D('s8_side_plane_3_place',#1475,#1476,#1477);
#1479 = PLANE('s8_side_plane_3',#1478);
#1480 = ADVANCED_FACE('s8_side_face_3',(#1474),#1479,.T.);
#1481 = CLOSED_SHELL('Blade8_shell',(#1420,#1432,#1444,#1456,#1468,#1480));
#1482 = MANIFOLD_SOLID_BREP('Blade8_solid',#1481);
#1483 = CARTESIAN_POINT('s9_bot_0',(-35.9903811,-32.3371686,0.0000000));
#1484 = CARTESIAN_POINT('s9_bot_1',(-39.9903811,-39.2653718,0.0000000));
#1485 = CARTESIAN_POINT('s9_bot_2',(-14.0096189,-54.2653718,0.0000000));
#1486 = CARTESIAN_POINT('s9_bot_3',(-10.0096189,-47.3371686,0.0000000));
#1487 = CARTESIAN_POINT('s9_top_0',(-35.9903811,-32.3371686,25.0000000));
#1488 = CARTESIAN_POINT('s9_top_1',(-39.9903811,-39.2653718,25.0000000));
#1489 = CARTESIAN_POINT('s9_top_2',(-14.0096189,-54.2653718,25.0000000));
#1490 = CARTESIAN_POINT('s9_top_3',(-10.0096189,-47.3371686,25.0000000));
#1491 = VERTEX_POINT('s9_bot_v0',#1483);
#1492 = VERTEX_POINT('s9_bot_v1',#1484);
#1493 = VERTEX_POINT('s9_bot_v2',#1485);
#1494 = VERTEX_POINT('s9_bot_v3',#1486);
#1495 = VERTEX_POINT('s9_top_v0',#1487);
#1496 = VERTEX_POINT('s9_top_v1',#1488);
#1497 = VERTEX_POINT('s9_top_v2',#1489);
#1498 = VERTEX_POINT('s9_top_v3',#1490);
#1499 = DIRECTION('s9_bot_e0_dir',(-0.5000000,-0.8660254,0.0000000));
#1500 = VECTOR('s9_bot_e0_vec',#1499,8.0000000);
#1501 = CARTESIAN_POINT('s9_bot_e0_origin',(-35.9903811,-32.3371686,0.0000000));
#1502 = LINE('s9_bot_e0_line',#1501,#1500);
#1503 = EDGE_CURVE('s9_bot_e0',#1491,#1492,#1502,.T.);
#1504 = DIRECTION('s9_top_e0_dir',(-0.5000000,-0.8660254,0.0000000));
#1505 = VECTOR('s9_top_e0_vec',#1504,8.0000000);
#1506 = CARTESIAN_POINT('s9_top_e0_origin',(-35.9903811,-32.3371686,25.0000000));
#1507 = LINE('s9_top_e0_line',#1506,#1505);
#1508 = EDGE_CURVE('s9_top_e0',#1495,#1496,#1507,.T.);
#1509 = DIRECTION('s9_vert_e0_dir',(0.0000000,0.0000000,1.0000000));
#1510 = VECTOR('s9_vert_e0_vec',#1509,25.0000000);
#1511 = CARTESIAN_POINT('s9_vert_e0_origin',(-35.9903811,-32.3371686,0.0000000));
#1512 = LINE('s9_vert_e0_line',#1511,#1510);
#1513 = EDGE_CURVE('s9_vert_e0',#1491,#1495,#1512,.T.);
#1514 = DIRECTION('s9_bot_e1_dir',(0.8660254,-0.5000000,0.0000000));
#1515 = VECTOR('s9_bot_e1_vec',#1514,30.0000000);
#1516 = CARTESIAN_POINT('s9_bot_e1_origin',(-39.9903811,-39.2653718,0.0000000));
#1517 = LINE('s9_bot_e1_line',#1516,#1515);
#1518 = EDGE_CURVE('s9_bot_e1',#1492,#1493,#1517,.T.);
#1519 = DIRECTION('s9_top_e1_dir',(0.8660254,-0.5000000,0.0000000));
#1520 = VECTOR('s9_top_e1_vec',#1519,30.0000000);
#1521 = CARTESIAN_POINT('s9_top_e1_origin',(-39.9903811,-39.2653718,25.0000000));
#1522 = LINE('s9_top_e1_line',#1521,#1520);
#1523 = EDGE_CURVE('s9_top_e1',#1496,#1497,#1522,.T.);
#1524 = DIRECTION('s9_vert_e1_dir',(0.0000000,0.0000000,1.0000000));
#1525 = VECTOR('s9_vert_e1_vec',#1524,25.0000000);
#1526 = CARTESIAN_POINT('s9_vert_e1_origin',(-39.9903811,-39.2653718,0.0000000));
#1527 = LINE('s9_vert_e1_line',#1526,#1525);
#1528 = EDGE_CURVE('s9_vert_e1',#1492,#1496,#1527,.T.);
#1529 = DIRECTION('s9_bot_e2_dir',(0.5000000,0.8660254,0.0000000));
#1530 = VECTOR('s9_bot_e2_vec',#1529,8.0000000);
#1531 = CARTESIAN_POINT('s9_bot_e2_origin',(-14.0096189,-54.2653718,0.0000000));
#1532 = LINE('s9_bot_e2_line',#1531,#1530);
#1533 = EDGE_CURVE('s9_bot_e2',#1493,#1494,#1532,.T.);
#1534 = DIRECTION('s9_top_e2_dir',(0.5000000,0.8660254,0.0000000));
#1535 = VECTOR('s9_top_e2_vec',#1534,8.0000000);
#1536 = CARTESIAN_POINT('s9_top_e2_origin',(-14.0096189,-54.2653718,25.0000000));
#1537 = LINE('s9_top_e2_line',#1536,#1535);
#1538 = EDGE_CURVE('s9_top_e2',#1497,#1498,#1537,.T.);
#1539 = DIRECTION('s9_vert_e2_dir',(0.0000000,0.0000000,1.0000000));
#1540 = VECTOR('s9_vert_e2_vec',#1539,25.0000000);
#1541 = CARTESIAN_POINT('s9_vert_e2_origin',(-14.0096189,-54.2653718,0.0000000));
#1542 = LINE('s9_vert_e2_line',#1541,#1540);
#1543 = EDGE_CURVE('s9_vert_e2',#1493,#1497,#1542,.T.);
#1544 = DIRECTION('s9_bot_e3_dir',(-0.8660254,0.5000000,0.0000000));
#1545 = VECTOR('s9_bot_e3_vec',#1544,30.0000000);
#1546 = CARTESIAN_POINT('s9_bot_e3_origin',(-10.0096189,-47.3371686,0.0000000));
#1547 = LINE('s9_bot_e3_line',#1546,#1545);
#1548 = EDGE_CURVE('s9_bot_e3',#1494,#1491,#1547,.T.);
#1549 = DIRECTION('s9_top_e3_dir',(-0.8660254,0.5000000,0.0000000));
#1550 = VECTOR('s9_top_e3_vec',#1549,30.0000000);
#1551 = CARTESIAN_POINT('s9_top_e3_origin',(-10.0096189,-47.3371686,25.0000000));
#1552 = LINE('s9_top_e3_line',#1551,#1550);
#1553 = EDGE_CURVE('s9_top_e3',#1498,#1495,#1552,.T.);
#1554 = DIRECTION('s9_vert_e3_dir',(0.0000000,0.0000000,1.0000000));
#1555 = VECTOR('s9_vert_e3_vec',#1554,25.0000000);
#1556 = CARTESIAN_POINT('s9_vert_e3_origin',(-10.0096189,-47.3371686,0.0000000));
#1557 = LINE('s9_vert_e3_line',#1556,#1555);
#1558 = EDGE_CURVE('s9_vert_e3',#1494,#1498,#1557,.T.);
#1559 = ORIENTED_EDGE('',*,*,#1548,.F.);
#1560 = ORIENTED_EDGE('',*,*,#1533,.F.);
#1561 = ORIENTED_EDGE('',*,*,#1518,.F.);
#1562 = ORIENTED_EDGE('',*,*,#1503,.F.);
#1563 = EDGE_LOOP('s9_bottom_loop',(#1559,#1560,#1561,#1562));
#1564 = FACE_OUTER_BOUND('',#1563,.T.);
#1565 = CARTESIAN_POINT('s9_bottom_plane_loc',(0.0000000,0.0000000,0.0000000));
#1566 = DIRECTION('s9_bottom_plane_axis',(0.0000000,0.0000000,-1.0000000));
#1567 = DIRECTION('s9_bottom_plane_ref',(1.0000000,0.0000000,0.0000000));
#1568 = AXIS2_PLACEMENT_3D('s9_bottom_plane_place',#1565,#1566,#1567);
#1569 = PLANE('s9_bottom_plane',#1568);
#1570 = ADVANCED_FACE('s9_bottom_face',(#1564),#1569,.T.);
#1571 = ORIENTED_EDGE('',*,*,#1508,.T.);
#1572 = ORIENTED_EDGE('',*,*,#1523,.T.);
#1573 = ORIENTED_EDGE('',*,*,#1538,.T.);
#1574 = ORIENTED_EDGE('',*,*,#1553,.T.);
#1575 = EDGE_LOOP('s9_top_loop',(#1571,#1572,#1573,#1574));
#1576 = FACE_OUTER_BOUND('',#1575,.T.);
#1577 = CARTESIAN_POINT('s9_top_plane_loc',(0.0000000,0.0000000,25.0000000));
#1578 = DIRECTION('s9_top_plane_axis',(0.0000000,0.0000000,1.0000000));
#1579 = DIRECTION('s9_top_plane_ref',(1.0000000,0.0000000,0.0000000));
#1580 = AXIS2_PLACEMENT_3D('s9_top_plane_place',#1577,#1578,#1579);
#1581 = PLANE('s9_top_plane',#1580);
#1582 = ADVANCED_FACE('s9_top_face',(#1576),#1581,.T.);
#1583 = ORIENTED_EDGE('',*,*,#1503,.T.);
#1584 = ORIENTED_EDGE('',*,*,#1528,.T.);
#1585 = ORIENTED_EDGE('',*,*,#1508,.F.);
#1586 = ORIENTED_EDGE('',*,*,#1513,.F.);
#1587 = EDGE_LOOP('s9_side_loop_0',(#1583,#1584,#1585,#1586));
#1588 = FACE_OUTER_BOUND('',#1587,.T.);
#1589 = CARTESIAN_POINT('s9_side_plane_0_loc',(-37.9903811,-35.8012702,0.0000000));
#1590 = DIRECTION('s9_side_plane_0_axis',(-0.8660254,0.5000000,0.0000000));
#1591 = DIRECTION('s9_side_plane_0_ref',(-0.5000000,-0.8660254,0.0000000));
#1592 = AXIS2_PLACEMENT_3D('s9_side_plane_0_place',#1589,#1590,#1591);
#1593 = PLANE('s9_side_plane_0',#1592);
#1594 = ADVANCED_FACE('s9_side_face_0',(#1588),#1593,.T.);
#1595 = ORIENTED_EDGE('',*,*,#1518,.T.);
#1596 = ORIENTED_EDGE('',*,*,#1543,.T.);
#1597 = ORIENTED_EDGE('',*,*,#1523,.F.);
#1598 = ORIENTED_EDGE('',*,*,#1528,.F.);
#1599 = EDGE_LOOP('s9_side_loop_1',(#1595,#1596,#1597,#1598));
#1600 = FACE_OUTER_BOUND('',#1599,.T.);
#1601 = CARTESIAN_POINT('s9_side_plane_1_loc',(-27.0000000,-46.7653718,0.0000000));
#1602 = DIRECTION('s9_side_plane_1_axis',(-0.5000000,-0.8660254,0.0000000));
#1603 = DIRECTION('s9_side_plane_1_ref',(0.8660254,-0.5000000,0.0000000));
#1604 = AXIS2_PLACEMENT_3D('s9_side_plane_1_place',#1601,#1602,#1603);
#1605 = PLANE('s9_side_plane_1',#1604);
#1606 = ADVANCED_FACE('s9_side_face_1',(#1600),#1605,.T.);
#1607 = ORIENTED_EDGE('',*,*,#1533,.T.);
#1608 = ORIENTED_EDGE('',*,*,#1558,.T.);
#1609 = ORIENTED_EDGE('',*,*,#1538,.F.);
#1610 = ORIENTED_EDGE('',*,*,#1543,.F.);
#1611 = EDGE_LOOP('s9_side_loop_2',(#1607,#1608,#1609,#1610));
#1612 = FACE_OUTER_BOUND('',#1611,.T.);
#1613 = CARTESIAN_POINT('s9_side_plane_2_loc',(-12.0096189,-50.8012702,0.0000000));
#1614 = DIRECTION('s9_side_plane_2_axis',(0.8660254,-0.5000000,0.0000000));
#1615 = DIRECTION('s9_side_plane_2_ref',(0.5000000,0.8660254,0.0000000));
#1616 = AXIS2_PLACEMENT_3D('s9_side_plane_2_place',#1613,#1614,#1615);
#1617 = PLANE('s9_side_plane_2',#1616);
#1618 = ADVANCED_FACE('s9_side_face_2',(#1612),#1617,.T.);
#1619 = ORIENTED_EDGE('',*,*,#1548,.T.);
#1620 = ORIENTED_EDGE('',*,*,#1513,.T.);
#1621 = ORIENTED_EDGE('',*,*,#1553,.F.);
#1622 = ORIENTED_EDGE('',*,*,#1558,.F.);
#1623 = EDGE_LOOP('s9_side_loop_3',(#1619,#1620,#1621,#1622));
#1624 = FACE_OUTER_BOUND('',#1623,.T.);
#1625 = CARTESIAN_POINT('s9_side_plane_3_loc',(-23.0000000,-39.8371686,0.0000000));
#1626 = DIRECTION('s9_side_plane_3_axis',(0.5000000,0.8660254,0.0000000));
#1627 = DIRECTION('s9_side_plane_3_ref',(-0.8660254,0.5000000,0.0000000));
#1628 = AXIS2_PLACEMENT_3D('s9_side_plane_3_place',#1625,#1626,#1627);
#1629 = PLANE('s9_side_plane_3',#1628);
#1630 = ADVANCED_FACE('s9_side_face_3',(#1624),#1629,.T.);
#1631 = CLOSED_SHELL('Blade9_shell',(#1570,#1582,#1594,#1606,#1618,#1630));
#1632 = MANIFOLD_SOLID_BREP('Blade9_solid',#1631);
#1633 = CARTESIAN_POINT('s10_bot_0',(-15.0000000,-46.0000000,0.0000000));
#1634 = CARTESIAN_POINT('s10_bot_1',(-15.0000000,-54.0000000,0.0000000));
#1635 = CARTESIAN_POINT('s10_bot_2',(15.0000000,-54.0000000,0.0000000));
#1636 = CARTESIAN_POINT('s10_bot_3',(15.0000000,-46.0000000,0.0000000));
#1637 = CARTESIAN_POINT('s10_top_0',(-15.0000000,-46.0000000,25.0000000));
#1638 = CARTESIAN_POINT('s10_top_1',(-15.0000000,-54.0000000,25.0000000));
#1639 = CARTESIAN_POINT('s10_top_2',(15.0000000,-54.0000000,25.0000000));
#1640 = CARTESIAN_POINT('s10_top_3',(15.0000000,-46.0000000,25.0000000));
#1641 = VERTEX_POINT('s10_bot_v0',#1633);
#1642 = VERTEX_POINT('s10_bot_v1',#1634);
#1643 = VERTEX_POINT('s10_bot_v2',#1635);
#1644 = VERTEX_POINT('s10_bot_v3',#1636);
#1645 = VERTEX_POINT('s10_top_v0',#1637);
#1646 = VERTEX_POINT('s10_top_v1',#1638);
#1647 = VERTEX_POINT('s10_top_v2',#1639);
#1648 = VERTEX_POINT('s10_top_v3',#1640);
#1649 = DIRECTION('s10_bot_e0_dir',(0.0000000,-1.0000000,0.0000000));
#1650 = VECTOR('s10_bot_e0_vec',#1649,8.0000000);
#1651 = CARTESIAN_POINT('s10_bot_e0_origin',(-15.0000000,-46.0000000,0.0000000));
#1652 = LINE('s10_bot_e0_line',#1651,#1650);
#1653 = EDGE_CURVE('s10_bot_e0',#1641,#1642,#1652,.T.);
#1654 = DIRECTION('s10_top_e0_dir',(0.0000000,-1.0000000,0.0000000));
#1655 = VECTOR('s10_top_e0_vec',#1654,8.0000000);
#1656 = CARTESIAN_POINT('s10_top_e0_origin',(-15.0000000,-46.0000000,25.0000000));
#1657 = LINE('s10_top_e0_line',#1656,#1655);
#1658 = EDGE_CURVE('s10_top_e0',#1645,#1646,#1657,.T.);
#1659 = DIRECTION('s10_vert_e0_dir',(0.0000000,0.0000000,1.0000000));
#1660 = VECTOR('s10_vert_e0_vec',#1659,25.0000000);
#1661 = CARTESIAN_POINT('s10_vert_e0_origin',(-15.0000000,-46.0000000,0.0000000));
#1662 = LINE('s10_vert_e0_line',#1661,#1660);
#1663 = EDGE_CURVE('s10_vert_e0',#1641,#1645,#1662,.T.);
#1664 = DIRECTION('s10_bot_e1_dir',(1.0000000,0.0000000,0.0000000));
#1665 = VECTOR('s10_bot_e1_vec',#1664,30.0000000);
#1666 = CARTESIAN_POINT('s10_bot_e1_origin',(-15.0000000,-54.0000000,0.0000000));
#1667 = LINE('s10_bot_e1_line',#1666,#1665);
#1668 = EDGE_CURVE('s10_bot_e1',#1642,#1643,#1667,.T.);
#1669 = DIRECTION('s10_top_e1_dir',(1.0000000,0.0000000,0.0000000));
#1670 = VECTOR('s10_top_e1_vec',#1669,30.0000000);
#1671 = CARTESIAN_POINT('s10_top_e1_origin',(-15.0000000,-54.0000000,25.0000000));
#1672 = LINE('s10_top_e1_line',#1671,#1670);
#1673 = EDGE_CURVE('s10_top_e1',#1646,#1647,#1672,.T.);
#1674 = DIRECTION('s10_vert_e1_dir',(0.0000000,0.0000000,1.0000000));
#1675 = VECTOR('s10_vert_e1_vec',#1674,25.0000000);
#1676 = CARTESIAN_POINT('s10_vert_e1_origin',(-15.0000000,-54.0000000,0.0000000));
#1677 = LINE('s10_vert_e1_line',#1676,#1675);
#1678 = EDGE_CURVE('s10_vert_e1',#1642,#1646,#1677,.T.);
#1679 = DIRECTION('s10_bot_e2_dir',(0.0000000,1.0000000,0.0000000));
#1680 = VECTOR('s10_bot_e2_vec',#1679,8.0000000);
#1681 = CARTESIAN_POINT('s10_bot_e2_origin',(15.0000000,-54.0000000,0.0000000));
#1682 = LINE('s10_bot_e2_line',#1681,#1680);
#1683 = EDGE_CURVE('s10_bot_e2',#1643,#1644,#1682,.T.);
#1684 = DIRECTION('s10_top_e2_dir',(0.0000000,1.0000000,0.0000000));
#1685 = VECTOR('s10_top_e2_vec',#1684,8.0000000);
#1686 = CARTESIAN_POINT('s10_top_e2_origin',(15.0000000,-54.0000000,25.0000000));
#1687 = LINE('s10_top_e2_line',#1686,#1685);
#1688 = EDGE_CURVE('s10_top_e2',#1647,#1648,#1687,.T.);
#1689 = DIRECTION('s10_vert_e2_dir',(0.0000000,0.0000000,1.0000000));
#1690 = VECTOR('s10_vert_e2_vec',#1689,25.0000000);
#1691 = CARTESIAN_POINT('s10_vert_e2_origin',(15.0000000,-54.0000000,0.0000000));
#1692 = LINE('s10_vert_e2_line',#1691,#1690);
#1693 = EDGE_CURVE('s10_vert_e2',#1643,#1647,#1692,.T.);
#1694 = DIRECTION('s10_bot_e3_dir',(-1.0000000,0.0000000,0.0000000));
#1695 = VECTOR('s10_bot_e3_vec',#1694,30.0000000);
#1696 = CARTESIAN_POINT('s10_bot_e3_origin',(15.0000000,-46.0000000,0.0000000));
#1697 = LINE('s10_bot_e3_line',#1696,#1695);
#1698 = EDGE_CURVE('s10_bot_e3',#1644,#1641,#1697,.T.);
#1699 = DIRECTION('s10_top_e3_dir',(-1.0000000,0.0000000,0.0000000));
#1700 = VECTOR('s10_top_e3_vec',#1699,30.0000000);
#1701 = CARTESIAN_POINT('s10_top_e3_origin',(15.0000000,-46.0000000,25.0000000));
#1702 = LINE('s10_top_e3_line',#1701,#1700);
#1703 = EDGE_CURVE('s10_top_e3',#1648,#1645,#1702,.T.);
#1704 = DIRECTION('s10_vert_e3_dir',(0.0000000,0.0000000,1.0000000));
#1705 = VECTOR('s10_vert_e3_vec',#1704,25.0000000);
#1706 = CARTESIAN_POINT('s10_vert_e3_origin',(15.0000000,-46.0000000,0.0000000));
#1707 = LINE('s10_vert_e3_line',#1706,#1705);
#1708 = EDGE_CURVE('s10_vert_e3',#1644,#1648,#1707,.T.);
#1709 = ORIENTED_EDGE('',*,*,#1698,.F.);
#1710 = ORIENTED_EDGE('',*,*,#1683,.F.);
#1711 = ORIENTED_EDGE('',*,*,#1668,.F.);
#1712 = ORIENTED_EDGE('',*,*,#1653,.F.);
#1713 = EDGE_LOOP('s10_bottom_loop',(#1709,#1710,#1711,#1712));
#1714 = FACE_OUTER_BOUND('',#1713,.T.);
#1715 = CARTESIAN_POINT('s10_bottom_plane_loc',(0.0000000,0.0000000,0.0000000));
#1716 = DIRECTION('s10_bottom_plane_axis',(0.0000000,0.0000000,-1.0000000));
#1717 = DIRECTION('s10_bottom_plane_ref',(1.0000000,0.0000000,0.0000000));
#1718 = AXIS2_PLACEMENT_3D('s10_bottom_plane_place',#1715,#1716,#1717);
#1719 = PLANE('s10_bottom_plane',#1718);
#1720 = ADVANCED_FACE('s10_bottom_face',(#1714),#1719,.T.);
#1721 = ORIENTED_EDGE('',*,*,#1658,.T.);
#1722 = ORIENTED_EDGE('',*,*,#1673,.T.);
#1723 = ORIENTED_EDGE('',*,*,#1688,.T.);
#1724 = ORIENTED_EDGE('',*,*,#1703,.T.);
#1725 = EDGE_LOOP('s10_top_loop',(#1721,#1722,#1723,#1724));
#1726 = FACE_OUTER_BOUND('',#1725,.T.);
#1727 = CARTESIAN_POINT('s10_top_plane_loc',(0.0000000,0.0000000,25.0000000));
#1728 = DIRECTION('s10_top_plane_axis',(0.0000000,0.0000000,1.0000000));
#1729 = DIRECTION('s10_top_plane_ref',(1.0000000,0.0000000,0.0000000));
#1730 = AXIS2_PLACEMENT_3D('s10_top_plane_place',#1727,#1728,#1729);
#1731 = PLANE('s10_top_plane',#1730);
#1732 = ADVANCED_FACE('s10_top_face',(#1726),#1731,.T.);
#1733 = ORIENTED_EDGE('',*,*,#1653,.T.);
#1734 = ORIENTED_EDGE('',*,*,#1678,.T.);
#1735 = ORIENTED_EDGE('',*,*,#1658,.F.);
#1736 = ORIENTED_EDGE('',*,*,#1663,.F.);
#1737 = EDGE_LOOP('s10_side_loop_0',(#1733,#1734,#1735,#1736));
#1738 = FACE_OUTER_BOUND('',#1737,.T.);
#1739 = CARTESIAN_POINT('s10_side_plane_0_loc',(-15.0000000,-50.0000000,0.0000000));
#1740 = DIRECTION('s10_side_plane_0_axis',(-1.0000000,0.0000000,0.0000000));
#1741 = DIRECTION('s10_side_plane_0_ref',(0.0000000,-1.0000000,0.0000000));
#1742 = AXIS2_PLACEMENT_3D('s10_side_plane_0_place',#1739,#1740,#1741);
#1743 = PLANE('s10_side_plane_0',#1742);
#1744 = ADVANCED_FACE('s10_side_face_0',(#1738),#1743,.T.);
#1745 = ORIENTED_EDGE('',*,*,#1668,.T.);
#1746 = ORIENTED_EDGE('',*,*,#1693,.T.);
#1747 = ORIENTED_EDGE('',*,*,#1673,.F.);
#1748 = ORIENTED_EDGE('',*,*,#1678,.F.);
#1749 = EDGE_LOOP('s10_side_loop_1',(#1745,#1746,#1747,#1748));
#1750 = FACE_OUTER_BOUND('',#1749,.T.);
#1751 = CARTESIAN_POINT('s10_side_plane_1_loc',(0.0000000,-54.0000000,0.0000000));
#1752 = DIRECTION('s10_side_plane_1_axis',(0.0000000,-1.0000000,0.0000000));
#1753 = DIRECTION('s10_side_plane_1_ref',(1.0000000,0.0000000,0.0000000));
#1754 = AXIS2_PLACEMENT_3D('s10_side_plane_1_place',#1751,#1752,#1753);
#1755 = PLANE('s10_side_plane_1',#1754);
#1756 = ADVANCED_FACE('s10_side_face_1',(#1750),#1755,.T.);
#1757 = ORIENTED_EDGE('',*,*,#1683,.T.);
#1758 = ORIENTED_EDGE('',*,*,#1708,.T.);
#1759 = ORIENTED_EDGE('',*,*,#1688,.F.);
#1760 = ORIENTED_EDGE('',*,*,#1693,.F.);
#1761 = EDGE_LOOP('s10_side_loop_2',(#1757,#1758,#1759,#1760));
#1762 = FACE_OUTER_BOUND('',#1761,.T.);
#1763 = CARTESIAN_POINT('s10_side_plane_2_loc',(15.0000000,-50.0000000,0.0000000));
#1764 = DIRECTION('s10_side_plane_2_axis',(1.0000000,0.0000000,0.0000000));
#1765 = DIRECTION('s10_side_plane_2_ref',(0.0000000,1.0000000,0.0000000));
#1766 = AXIS2_PLACEMENT_3D('s10_side_plane_2_place',#1763,#1764,#1765);
#1767 = PLANE('s10_side_plane_2',#1766);
#1768 = ADVANCED_FACE('s10_side_face_2',(#1762),#1767,.T.);
#1769 = ORIENTED_EDGE('',*,*,#1698,.T.);
#1770 = ORIENTED_EDGE('',*,*,#1663,.T.);
#1771 = ORIENTED_EDGE('',*,*,#1703,.F.);
#1772 = ORIENTED_EDGE('',*,*,#1708,.F.);
#1773 = EDGE_LOOP('s10_side_loop_3',(#1769,#1770,#1771,#1772));
#1774 = FACE_OUTER_BOUND('',#1773,.T.);
#1775 = CARTESIAN_POINT('s10_side_plane_3_loc',(0.0000000,-46.0000000,0.0000000));
#1776 = DIRECTION('s10_side_plane_3_axis',(0.0000000,1.0000000,0.0000000));
#1777 = DIRECTION('s10_side_plane_3_ref',(-1.0000000,0.0000000,0.0000000));
#1778 = AXIS2_PLACEMENT_3D('s10_side_plane_3_place',#1775,#1776,#1777);
#1779 = PLANE('s10_side_plane_3',#1778);
#1780 = ADVANCED_FACE('s10_side_face_3',(#1774),#1779,.T.);
#1781 = CLOSED_SHELL('Blade10_shell',(#1720,#1732,#1744,#1756,#1768,#1780));
#1782 = MANIFOLD_SOLID_BREP('Blade10_solid',#1781);
#1783 = CARTESIAN_POINT('s11_bot_0',(10.0096189,-47.3371686,0.0000000));
#1784 = CARTESIAN_POINT('s11_bot_1',(14.0096189,-54.2653718,0.0000000));
#1785 = CARTESIAN_POINT('s11_bot_2',(39.9903811,-39.2653718,0.0000000));
#1786 = CARTESIAN_POINT('s11_bot_3',(35.9903811,-32.3371686,0.0000000));
#1787 = CARTESIAN_POINT('s11_top_0',(10.0096189,-47.3371686,25.0000000));
#1788 = CARTESIAN_POINT('s11_top_1',(14.0096189,-54.2653718,25.0000000));
#1789 = CARTESIAN_POINT('s11_top_2',(39.9903811,-39.2653718,25.0000000));
#1790 = CARTESIAN_POINT('s11_top_3',(35.9903811,-32.3371686,25.0000000));
#1791 = VERTEX_POINT('s11_bot_v0',#1783);
#1792 = VERTEX_POINT('s11_bot_v1',#1784);
#1793 = VERTEX_POINT('s11_bot_v2',#1785);
#1794 = VERTEX_POINT('s11_bot_v3',#1786);
#1795 = VERTEX_POINT('s11_top_v0',#1787);
#1796 = VERTEX_POINT('s11_top_v1',#1788);
#1797 = VERTEX_POINT('s11_top_v2',#1789);
#1798 = VERTEX_POINT('s11_top_v3',#1790);
#1799 = DIRECTION('s11_bot_e0_dir',(0.5000000,-0.8660254,0.0000000));
#1800 = VECTOR('s11_bot_e0_vec',#1799,8.0000000);
#1801 = CARTESIAN_POINT('s11_bot_e0_origin',(10.0096189,-47.3371686,0.0000000));
#1802 = LINE('s11_bot_e0_line',#1801,#1800);
#1803 = EDGE_CURVE('s11_bot_e0',#1791,#1792,#1802,.T.);
#1804 = DIRECTION('s11_top_e0_dir',(0.5000000,-0.8660254,0.0000000));
#1805 = VECTOR('s11_top_e0_vec',#1804,8.0000000);
#1806 = CARTESIAN_POINT('s11_top_e0_origin',(10.0096189,-47.3371686,25.0000000));
#1807 = LINE('s11_top_e0_line',#1806,#1805);
#1808 = EDGE_CURVE('s11_top_e0',#1795,#1796,#1807,.T.);
#1809 = DIRECTION('s11_vert_e0_dir',(0.0000000,0.0000000,1.0000000));
#1810 = VECTOR('s11_vert_e0_vec',#1809,25.0000000);
#1811 = CARTESIAN_POINT('s11_vert_e0_origin',(10.0096189,-47.3371686,0.0000000));
#1812 = LINE('s11_vert_e0_line',#1811,#1810);
#1813 = EDGE_CURVE('s11_vert_e0',#1791,#1795,#1812,.T.);
#1814 = DIRECTION('s11_bot_e1_dir',(0.8660254,0.5000000,0.0000000));
#1815 = VECTOR('s11_bot_e1_vec',#1814,30.0000000);
#1816 = CARTESIAN_POINT('s11_bot_e1_origin',(14.0096189,-54.2653718,0.0000000));
#1817 = LINE('s11_bot_e1_line',#1816,#1815);
#1818 = EDGE_CURVE('s11_bot_e1',#1792,#1793,#1817,.T.);
#1819 = DIRECTION('s11_top_e1_dir',(0.8660254,0.5000000,0.0000000));
#1820 = VECTOR('s11_top_e1_vec',#1819,30.0000000);
#1821 = CARTESIAN_POINT('s11_top_e1_origin',(14.0096189,-54.2653718,25.0000000));
#1822 = LINE('s11_top_e1_line',#1821,#1820);
#1823 = EDGE_CURVE('s11_top_e1',#1796,#1797,#1822,.T.);
#1824 = DIRECTION('s11_vert_e1_dir',(0.0000000,0.0000000,1.0000000));
#1825 = VECTOR('s11_vert_e1_vec',#1824,25.0000000);
#1826 = CARTESIAN_POINT('s11_vert_e1_origin',(14.0096189,-54.2653718,0.0000000));
#1827 = LINE('s11_vert_e1_line',#1826,#1825);
#1828 = EDGE_CURVE('s11_vert_e1',#1792,#1796,#1827,.T.);
#1829 = DIRECTION('s11_bot_e2_dir',(-0.5000000,0.8660254,0.0000000));
#1830 = VECTOR('s11_bot_e2_vec',#1829,8.0000000);
#1831 = CARTESIAN_POINT('s11_bot_e2_origin',(39.9903811,-39.2653718,0.0000000));
#1832 = LINE('s11_bot_e2_line',#1831,#1830);
#1833 = EDGE_CURVE('s11_bot_e2',#1793,#1794,#1832,.T.);
#1834 = DIRECTION('s11_top_e2_dir',(-0.5000000,0.8660254,0.0000000));
#1835 = VECTOR('s11_top_e2_vec',#1834,8.0000000);
#1836 = CARTESIAN_POINT('s11_top_e2_origin',(39.9903811,-39.2653718,25.0000000));
#1837 = LINE('s11_top_e2_line',#1836,#1835);
#1838 = EDGE_CURVE('s11_top_e2',#1797,#1798,#1837,.T.);
#1839 = DIRECTION('s11_vert_e2_dir',(0.0000000,0.0000000,1.0000000));
#1840 = VECTOR('s11_vert_e2_vec',#1839,25.0000000);
#1841 = CARTESIAN_POINT('s11_vert_e2_origin',(39.9903811,-39.2653718,0.0000000));
#1842 = LINE('s11_vert_e2_line',#1841,#1840);
#1843 = EDGE_CURVE('s11_vert_e2',#1793,#1797,#1842,.T.);
#1844 = DIRECTION('s11_bot_e3_dir',(-0.8660254,-0.5000000,0.0000000));
#1845 = VECTOR('s11_bot_e3_vec',#1844,30.0000000);
#1846 = CARTESIAN_POINT('s11_bot_e3_origin',(35.9903811,-32.3371686,0.0000000));
#1847 = LINE('s11_bot_e3_line',#1846,#1845);
#1848 = EDGE_CURVE('s11_bot_e3',#1794,#1791,#1847,.T.);
#1849 = DIRECTION('s11_top_e3_dir',(-0.8660254,-0.5000000,0.0000000));
#1850 = VECTOR('s11_top_e3_vec',#1849,30.0000000);
#1851 = CARTESIAN_POINT('s11_top_e3_origin',(35.9903811,-32.3371686,25.0000000));
#1852 = LINE('s11_top_e3_line',#1851,#1850);
#1853 = EDGE_CURVE('s11_top_e3',#1798,#1795,#1852,.T.);
#1854 = DIRECTION('s11_vert_e3_dir',(0.0000000,0.0000000,1.0000000));
#1855 = VECTOR('s11_vert_e3_vec',#1854,25.0000000);
#1856 = CARTESIAN_POINT('s11_vert_e3_origin',(35.9903811,-32.3371686,0.0000000));
#1857 = LINE('s11_vert_e3_line',#1856,#1855);
#1858 = EDGE_CURVE('s11_vert_e3',#1794,#1798,#1857,.T.);
#1859 = ORIENTED_EDGE('',*,*,#1848,.F.);
#1860 = ORIENTED_EDGE('',*,*,#1833,.F.);
#1861 = ORIENTED_EDGE('',*,*,#1818,.F.);
#1862 = ORIENTED_EDGE('',*,*,#1803,.F.);
#1863 = EDGE_LOOP('s11_bottom_loop',(#1859,#1860,#1861,#1862));
#1864 = FACE_OUTER_BOUND('',#1863,.T.);
#1865 = CARTESIAN_POINT('s11_bottom_plane_loc',(0.0000000,0.0000000,0.0000000));
#1866 = DIRECTION('s11_bottom_plane_axis',(0.0000000,0.0000000,-1.0000000));
#1867 = DIRECTION('s11_bottom_plane_ref',(1.0000000,0.0000000,0.0000000));
#1868 = AXIS2_PLACEMENT_3D('s11_bottom_plane_place',#1865,#1866,#1867);
#1869 = PLANE('s11_bottom_plane',#1868);
#1870 = ADVANCED_FACE('s11_bottom_face',(#1864),#1869,.T.);
#1871 = ORIENTED_EDGE('',*,*,#1808,.T.);
#1872 = ORIENTED_EDGE('',*,*,#1823,.T.);
#1873 = ORIENTED_EDGE('',*,*,#1838,.T.);
#1874 = ORIENTED_EDGE('',*,*,#1853,.T.);
#1875 = EDGE_LOOP('s11_top_loop',(#1871,#1872,#1873,#1874));
#1876 = FACE_OUTER_BOUND('',#1875,.T.);
#1877 = CARTESIAN_POINT('s11_top_plane_loc',(0.0000000,0.0000000,25.0000000));
#1878 = DIRECTION('s11_top_plane_axis',(0.0000000,0.0000000,1.0000000));
#1879 = DIRECTION('s11_top_plane_ref',(1.0000000,0.0000000,0.0000000));
#1880 = AXIS2_PLACEMENT_3D('s11_top_plane_place',#1877,#1878,#1879);
#1881 = PLANE('s11_top_plane',#1880);
#1882 = ADVANCED_FACE('s11_top_face',(#1876),#1881,.T.);
#1883 = ORIENTED_EDGE('',*,*,#1803,.T.);
#1884 = ORIENTED_EDGE('',*,*,#1828,.T.);
#1885 = ORIENTED_EDGE('',*,*,#1808,.F.);
#1886 = ORIENTED_EDGE('',*,*,#1813,.F.);
#1887 = EDGE_LOOP('s11_side_loop_0',(#1883,#1884,#1885,#1886));
#1888 = FACE_OUTER_BOUND('',#1887,.T.);
#1889 = CARTESIAN_POINT('s11_side_plane_0_loc',(12.0096189,-50.8012702,0.0000000));
#1890 = DIRECTION('s11_side_plane_0_axis',(-0.8660254,-0.5000000,0.0000000));
#1891 = DIRECTION('s11_side_plane_0_ref',(0.5000000,-0.8660254,0.0000000));
#1892 = AXIS2_PLACEMENT_3D('s11_side_plane_0_place',#1889,#1890,#1891);
#1893 = PLANE('s11_side_plane_0',#1892);
#1894 = ADVANCED_FACE('s11_side_face_0',(#1888),#1893,.T.);
#1895 = ORIENTED_EDGE('',*,*,#1818,.T.);
#1896 = ORIENTED_EDGE('',*,*,#1843,.T.);
#1897 = ORIENTED_EDGE('',*,*,#1823,.F.);
#1898 = ORIENTED_EDGE('',*,*,#1828,.F.);
#1899 = EDGE_LOOP('s11_side_loop_1',(#1895,#1896,#1897,#1898));
#1900 = FACE_OUTER_BOUND('',#1899,.T.);
#1901 = CARTESIAN_POINT('s11_side_plane_1_loc',(27.0000000,-46.7653718,0.0000000));
#1902 = DIRECTION('s11_side_plane_1_axis',(0.5000000,-0.8660254,0.0000000));
#1903 = DIRECTION('s11_side_plane_1_ref',(0.8660254,0.5000000,0.0000000));
#1904 = AXIS2_PLACEMENT_3D('s11_side_plane_1_place',#1901,#1902,#1903);
#1905 = PLANE('s11_side_plane_1',#1904);
#1906 = ADVANCED_FACE('s11_side_face_1',(#1900),#1905,.T.);
#1907 = ORIENTED_EDGE('',*,*,#1833,.T.);
#1908 = ORIENTED_EDGE('',*,*,#1858,.T.);
#1909 = ORIENTED_EDGE('',*,*,#1838,.F.);
#1910 = ORIENTED_EDGE('',*,*,#1843,.F.);
#1911 = EDGE_LOOP('s11_side_loop_2',(#1907,#1908,#1909,#1910));
#1912 = FACE_OUTER_BOUND('',#1911,.T.);
#1913 = CARTESIAN_POINT('s11_side_plane_2_loc',(37.9903811,-35.8012702,0.0000000));
#1914 = DIRECTION('s11_side_plane_2_axis',(0.8660254,0.5000000,0.0000000));
#1915 = DIRECTION('s11_side_plane_2_ref',(-0.5000000,0.8660254,0.0000000));
#1916 = AXIS2_PLACEMENT_3D('s11_side_plane_2_place',#1913,#1914,#1915);
#1917 = PLANE('s11_side_plane_2',#1916);
#1918 = ADVANCED_FACE('s11_side_face_2',(#1912),#1917,.T.);
#1919 = ORIENTED_EDGE('',*,*,#1848,.T.);
#1920 = ORIENTED_EDGE('',*,*,#1813,.T.);
#1921 = ORIENTED_EDGE('',*,*,#1853,.F.);
#1922 = ORIENTED_EDGE('',*,*,#1858,.F.);
#1923 = EDGE_LOOP('s11_side_loop_3',(#1919,#1920,#1921,#1922));
#1924 = FACE_OUTER_BOUND('',#1923,.T.);
#1925 = CARTESIAN_POINT('s11_side_plane_3_loc',(23.0000000,-39.8371686,0.0000000));
#1926 = DIRECTION('s11_side_plane_3_axis',(-0.5000000,0.8660254,0.0000000));
#1927 = DIRECTION('s11_side_plane_3_ref',(-0.8660254,-0.5000000,0.0000000));
#1928 = AXIS2_PLACEMENT_3D('s11_side_plane_3_place',#1925,#1926,#1927);
#1929 = PLANE('s11_side_plane_3',#1928);
#1930 = ADVANCED_FACE('s11_side_face_3',(#1924),#1929,.T.);
#1931 = CLOSED_SHELL('Blade11_shell',(#1870,#1882,#1894,#1906,#1918,#1930));
#1932 = MANIFOLD_SOLID_BREP('Blade11_solid',#1931);
#1933 = CARTESIAN_POINT('s12_bot_0',(32.3371686,-35.9903811,0.0000000));
#1934 = CARTESIAN_POINT('s12_bot_1',(39.2653718,-39.9903811,0.0000000));
#1935 = CARTESIAN_POINT('s12_bot_2',(54.2653718,-14.0096189,0.0000000));
#1936 = CARTESIAN_POINT('s12_bot_3',(47.3371686,-10.0096189,0.0000000));
#1937 = CARTESIAN_POINT('s12_top_0',(32.3371686,-35.9903811,25.0000000));
#1938 = CARTESIAN_POINT('s12_top_1',(39.2653718,-39.9903811,25.0000000));
#1939 = CARTESIAN_POINT('s12_top_2',(54.2653718,-14.0096189,25.0000000));
#1940 = CARTESIAN_POINT('s12_top_3',(47.3371686,-10.0096189,25.0000000));
#1941 = VERTEX_POINT('s12_bot_v0',#1933);
#1942 = VERTEX_POINT('s12_bot_v1',#1934);
#1943 = VERTEX_POINT('s12_bot_v2',#1935);
#1944 = VERTEX_POINT('s12_bot_v3',#1936);
#1945 = VERTEX_POINT('s12_top_v0',#1937);
#1946 = VERTEX_POINT('s12_top_v1',#1938);
#1947 = VERTEX_POINT('s12_top_v2',#1939);
#1948 = VERTEX_POINT('s12_top_v3',#1940);
#1949 = DIRECTION('s12_bot_e0_dir',(0.8660254,-0.5000000,0.0000000));
#1950 = VECTOR('s12_bot_e0_vec',#1949,8.0000000);
#1951 = CARTESIAN_POINT('s12_bot_e0_origin',(32.3371686,-35.9903811,0.0000000));
#1952 = LINE('s12_bot_e0_line',#1951,#1950);
#1953 = EDGE_CURVE('s12_bot_e0',#1941,#1942,#1952,.T.);
#1954 = DIRECTION('s12_top_e0_dir',(0.8660254,-0.5000000,0.0000000));
#1955 = VECTOR('s12_top_e0_vec',#1954,8.0000000);
#1956 = CARTESIAN_POINT('s12_top_e0_origin',(32.3371686,-35.9903811,25.0000000));
#1957 = LINE('s12_top_e0_line',#1956,#1955);
#1958 = EDGE_CURVE('s12_top_e0',#1945,#1946,#1957,.T.);
#1959 = DIRECTION('s12_vert_e0_dir',(0.0000000,0.0000000,1.0000000));
#1960 = VECTOR('s12_vert_e0_vec',#1959,25.0000000);
#1961 = CARTESIAN_POINT('s12_vert_e0_origin',(32.3371686,-35.9903811,0.0000000));
#1962 = LINE('s12_vert_e0_line',#1961,#1960);
#1963 = EDGE_CURVE('s12_vert_e0',#1941,#1945,#1962,.T.);
#1964 = DIRECTION('s12_bot_e1_dir',(0.5000000,0.8660254,0.0000000));
#1965 = VECTOR('s12_bot_e1_vec',#1964,30.0000000);
#1966 = CARTESIAN_POINT('s12_bot_e1_origin',(39.2653718,-39.9903811,0.0000000));
#1967 = LINE('s12_bot_e1_line',#1966,#1965);
#1968 = EDGE_CURVE('s12_bot_e1',#1942,#1943,#1967,.T.);
#1969 = DIRECTION('s12_top_e1_dir',(0.5000000,0.8660254,0.0000000));
#1970 = VECTOR('s12_top_e1_vec',#1969,30.0000000);
#1971 = CARTESIAN_POINT('s12_top_e1_origin',(39.2653718,-39.9903811,25.0000000));
#1972 = LINE('s12_top_e1_line',#1971,#1970);
#1973 = EDGE_CURVE('s12_top_e1',#1946,#1947,#1972,.T.);
#1974 = DIRECTION('s12_vert_e1_dir',(0.0000000,0.0000000,1.0000000));
#1975 = VECTOR('s12_vert_e1_vec',#1974,25.0000000);
#1976 = CARTESIAN_POINT('s12_vert_e1_origin',(39.2653718,-39.9903811,0.0000000));
#1977 = LINE('s12_vert_e1_line',#1976,#1975);
#1978 = EDGE_CURVE('s12_vert_e1',#1942,#1946,#1977,.T.);
#1979 = DIRECTION('s12_bot_e2_dir',(-0.8660254,0.5000000,0.0000000));
#1980 = VECTOR('s12_bot_e2_vec',#1979,8.0000000);
#1981 = CARTESIAN_POINT('s12_bot_e2_origin',(54.2653718,-14.0096189,0.0000000));
#1982 = LINE('s12_bot_e2_line',#1981,#1980);
#1983 = EDGE_CURVE('s12_bot_e2',#1943,#1944,#1982,.T.);
#1984 = DIRECTION('s12_top_e2_dir',(-0.8660254,0.5000000,0.0000000));
#1985 = VECTOR('s12_top_e2_vec',#1984,8.0000000);
#1986 = CARTESIAN_POINT('s12_top_e2_origin',(54.2653718,-14.0096189,25.0000000));
#1987 = LINE('s12_top_e2_line',#1986,#1985);
#1988 = EDGE_CURVE('s12_top_e2',#1947,#1948,#1987,.T.);
#1989 = DIRECTION('s12_vert_e2_dir',(0.0000000,0.0000000,1.0000000));
#1990 = VECTOR('s12_vert_e2_vec',#1989,25.0000000);
#1991 = CARTESIAN_POINT('s12_vert_e2_origin',(54.2653718,-14.0096189,0.0000000));
#1992 = LINE('s12_vert_e2_line',#1991,#1990);
#1993 = EDGE_CURVE('s12_vert_e2',#1943,#1947,#1992,.T.);
#1994 = DIRECTION('s12_bot_e3_dir',(-0.5000000,-0.8660254,0.0000000));
#1995 = VECTOR('s12_bot_e3_vec',#1994,30.0000000);
#1996 = CARTESIAN_POINT('s12_bot_e3_origin',(47.3371686,-10.0096189,0.0000000));
#1997 = LINE('s12_bot_e3_line',#1996,#1995);
#1998 = EDGE_CURVE('s12_bot_e3',#1944,#1941,#1997,.T.);
#1999 = DIRECTION('s12_top_e3_dir',(-0.5000000,-0.8660254,0.0000000));
#2000 = VECTOR('s12_top_e3_vec',#1999,30.0000000);
#2001 = CARTESIAN_POINT('s12_top_e3_origin',(47.3371686,-10.0096189,25.0000000));
#2002 = LINE('s12_top_e3_line',#2001,#2000);
#2003 = EDGE_CURVE('s12_top_e3',#1948,#1945,#2002,.T.);
#2004 = DIRECTION('s12_vert_e3_dir',(0.0000000,0.0000000,1.0000000));
#2005 = VECTOR('s12_vert_e3_vec',#2004,25.0000000);
#2006 = CARTESIAN_POINT('s12_vert_e3_origin',(47.3371686,-10.0096189,0.0000000));
#2007 = LINE('s12_vert_e3_line',#2006,#2005);
#2008 = EDGE_CURVE('s12_vert_e3',#1944,#1948,#2007,.T.);
#2009 = ORIENTED_EDGE('',*,*,#1998,.F.);
#2010 = ORIENTED_EDGE('',*,*,#1983,.F.);
#2011 = ORIENTED_EDGE('',*,*,#1968,.F.);
#2012 = ORIENTED_EDGE('',*,*,#1953,.F.);
#2013 = EDGE_LOOP('s12_bottom_loop',(#2009,#2010,#2011,#2012));
#2014 = FACE_OUTER_BOUND('',#2013,.T.);
#2015 = CARTESIAN_POINT('s12_bottom_plane_loc',(0.0000000,0.0000000,0.0000000));
#2016 = DIRECTION('s12_bottom_plane_axis',(0.0000000,0.0000000,-1.0000000));
#2017 = DIRECTION('s12_bottom_plane_ref',(1.0000000,0.0000000,0.0000000));
#2018 = AXIS2_PLACEMENT_3D('s12_bottom_plane_place',#2015,#2016,#2017);
#2019 = PLANE('s12_bottom_plane',#2018);
#2020 = ADVANCED_FACE('s12_bottom_face',(#2014),#2019,.T.);
#2021 = ORIENTED_EDGE('',*,*,#1958,.T.);
#2022 = ORIENTED_EDGE('',*,*,#1973,.T.);
#2023 = ORIENTED_EDGE('',*,*,#1988,.T.);
#2024 = ORIENTED_EDGE('',*,*,#2003,.T.);
#2025 = EDGE_LOOP('s12_top_loop',(#2021,#2022,#2023,#2024));
#2026 = FACE_OUTER_BOUND('',#2025,.T.);
#2027 = CARTESIAN_POINT('s12_top_plane_loc',(0.0000000,0.0000000,25.0000000));
#2028 = DIRECTION('s12_top_plane_axis',(0.0000000,0.0000000,1.0000000));
#2029 = DIRECTION('s12_top_plane_ref',(1.0000000,0.0000000,0.0000000));
#2030 = AXIS2_PLACEMENT_3D('s12_top_plane_place',#2027,#2028,#2029);
#2031 = PLANE('s12_top_plane',#2030);
#2032 = ADVANCED_FACE('s12_top_face',(#2026),#2031,.T.);
#2033 = ORIENTED_EDGE('',*,*,#1953,.T.);
#2034 = ORIENTED_EDGE('',*,*,#1978,.T.);
#2035 = ORIENTED_EDGE('',*,*,#1958,.F.);
#2036 = ORIENTED_EDGE('',*,*,#1963,.F.);
#2037 = EDGE_LOOP('s12_side_loop_0',(#2033,#2034,#2035,#2036));
#2038 = FACE_OUTER_BOUND('',#2037,.T.);
#2039 = CARTESIAN_POINT('s12_side_plane_0_loc',(35.8012702,-37.9903811,0.0000000));
#2040 = DIRECTION('s12_side_plane_0_axis',(-0.5000000,-0.8660254,0.0000000));
#2041 = DIRECTION('s12_side_plane_0_ref',(0.8660254,-0.5000000,0.0000000));
#2042 = AXIS2_PLACEMENT_3D('s12_side_plane_0_place',#2039,#2040,#2041);
#2043 = PLANE('s12_side_plane_0',#2042);
#2044 = ADVANCED_FACE('s12_side_face_0',(#2038),#2043,.T.);
#2045 = ORIENTED_EDGE('',*,*,#1968,.T.);
#2046 = ORIENTED_EDGE('',*,*,#1993,.T.);
#2047 = ORIENTED_EDGE('',*,*,#1973,.F.);
#2048 = ORIENTED_EDGE('',*,*,#1978,.F.);
#2049 = EDGE_LOOP('s12_side_loop_1',(#2045,#2046,#2047,#2048));
#2050 = FACE_OUTER_BOUND('',#2049,.T.);
#2051 = CARTESIAN_POINT('s12_side_plane_1_loc',(46.7653718,-27.0000000,0.0000000));
#2052 = DIRECTION('s12_side_plane_1_axis',(0.8660254,-0.5000000,0.0000000));
#2053 = DIRECTION('s12_side_plane_1_ref',(0.5000000,0.8660254,0.0000000));
#2054 = AXIS2_PLACEMENT_3D('s12_side_plane_1_place',#2051,#2052,#2053);
#2055 = PLANE('s12_side_plane_1',#2054);
#2056 = ADVANCED_FACE('s12_side_face_1',(#2050),#2055,.T.);
#2057 = ORIENTED_EDGE('',*,*,#1983,.T.);
#2058 = ORIENTED_EDGE('',*,*,#2008,.T.);
#2059 = ORIENTED_EDGE('',*,*,#1988,.F.);
#2060 = ORIENTED_EDGE('',*,*,#1993,.F.);
#2061 = EDGE_LOOP('s12_side_loop_2',(#2057,#2058,#2059,#2060));
#2062 = FACE_OUTER_BOUND('',#2061,.T.);
#2063 = CARTESIAN_POINT('s12_side_plane_2_loc',(50.8012702,-12.0096189,0.0000000));
#2064 = DIRECTION('s12_side_plane_2_axis',(0.5000000,0.8660254,0.0000000));
#2065 = DIRECTION('s12_side_plane_2_ref',(-0.8660254,0.5000000,0.0000000));
#2066 = AXIS2_PLACEMENT_3D('s12_side_plane_2_place',#2063,#2064,#2065);
#2067 = PLANE('s12_side_plane_2',#2066);
#2068 = ADVANCED_FACE('s12_side_face_2',(#2062),#2067,.T.);
#2069 = ORIENTED_EDGE('',*,*,#1998,.T.);
#2070 = ORIENTED_EDGE('',*,*,#1963,.T.);
#2071 = ORIENTED_EDGE('',*,*,#2003,.F.);
#2072 = ORIENTED_EDGE('',*,*,#2008,.F.);
#2073 = EDGE_LOOP('s12_side_loop_3',(#2069,#2070,#2071,#2072));
#2074 = FACE_OUTER_BOUND('',#2073,.T.);
#2075 = CARTESIAN_POINT('s12_side_plane_3_loc',(39.8371686,-23.0000000,0.0000000));
#2076 = DIRECTION('s12_side_plane_3_axis',(-0.8660254,0.5000000,0.0000000));
#2077 = DIRECTION('s12_side_plane_3_ref',(-0.5000000,-0.8660254,0.0000000));
#2078 = AXIS2_PLACEMENT_3D('s12_side_plane_3_place',#2075,#2076,#2077);
#2079 = PLANE('s12_side_plane_3',#2078);
#2080 = ADVANCED_FACE('s12_side_face_3',(#2074),#2079,.T.);
#2081 = CLOSED_SHELL('Blade12_shell',(#2020,#2032,#2044,#2056,#2068,#2080));
#2082 = MANIFOLD_SOLID_BREP('Blade12_solid',#2081);
#2083 = CARTESIAN_POINT('world_origin',(0.0000000,0.0000000,0.0000000));
#2084 = DIRECTION('world_z',(0.0000000,0.0000000,1.0000000));
#2085 = DIRECTION('world_x',(1.0000000,0.0000000,0.0000000));
#2086 = AXIS2_PLACEMENT_3D('world_place',#2083,#2084,#2085);
#2087 = ( LENGTH_UNIT() NAMED_UNIT(*) SI_UNIT(.MILLI.,.METRE.) );
#2088 = ( NAMED_UNIT(*) PLANE_ANGLE_UNIT() SI_UNIT($,.RADIAN.) );
#2089 = ( NAMED_UNIT(*) SI_UNIT($,.STERADIAN.) SOLID_ANGLE_UNIT() );
#2090 = UNCERTAINTY_MEASURE_WITH_UNIT(LENGTH_MEASURE(1.E-05),#2087,'distance_accuracy_value','confusion accuracy');
#2091 = ( GEOMETRIC_REPRESENTATION_CONTEXT(3) GLOBAL_UNCERTAINTY_ASSIGNED_CONTEXT((#2090)) GLOBAL_UNIT_ASSIGNED_CONTEXT((#2087,#2088,#2089)) REPRESENTATION_CONTEXT('Context #1','3D Context with UNIT and UNCERTAINTY') );
#2092 = APPLICATION_CONTEXT('automotive design');
#2093 = APPLICATION_PROTOCOL_DEFINITION('international standard','automotive_design',2009,#2092);
#2094 = PRODUCT_CONTEXT('',#2092,'mechanical');
#2095 = PRODUCT('turbine_rhino','turbine_rhino','turbine patterned assembly for rhino (valid AP242 multi-body)',(#2094));
#2096 = PRODUCT_RELATED_PRODUCT_CATEGORY('part',$,(#2095));
#2097 = PRODUCT_DEFINITION_CONTEXT('part definition',#2092,'design');
#2098 = PRODUCT_DEFINITION_FORMATION('','',#2095);
#2099 = PRODUCT_DEFINITION('design','',#2098,#2097);
#2100 = PRODUCT_DEFINITION_SHAPE('','',#2099);
#2101 = ADVANCED_BREP_SHAPE_REPRESENTATION('',(#2086,#282,#432,#582,#732,#882,#1032,#1182,#1332,#1482,#1632,#1782,#1932,#2082),#2091);
#2102 = SHAPE_DEFINITION_REPRESENTATION(#2100,#2101);
ENDSEC;
END-ISO-10303-21;
