{
  "category": "P_STEELS",
  "subcategory": "austenitic",
  "material_count": 2,
  "generated": "2026-01-26T10:23:19.849775",
  "materials": [
    {
      "iso_group": "P",
      "material_type": "stainless",
      "iso_p_equivalent": "M",
      "physical": {
        "density": 7710.7448117691,
        "melting_point": 1758.7875478118,
        "boiling_point": 3069.8251591574,
        "liquidus_temperature": 1793.9633067923,
        "solidus_temperature": 1670.8481794455,
        "latent_heat_fusion": 244.3956144199,
        "specific_heat": 907.252758277,
        "thermal_conductivity": 314.2735162978,
        "thermal_expansion": 16.6605746849,
        "electrical_resistivity": 1.9538479681,
        "magnetic_permeability": 431.158745183,
        "poisson_ratio": 0.2980380023,
        "elastic_modulus": 243.7973308216,
        "shear_modulus": 42.4176004419,
        "bulk_modulus": 301.2088102331
      },
      "mechanical": {
        "hardness": {
          "brinell": 256.898659923,
          "vickers": 269.7436129435,
          "rockwell_c": 15.6898870166,
          "rockwell_b": null
        },
        "tensile_strength": {
          "typical": 1298.9011029254,
          "min": 1169.0110156572,
          "max": 1428.7912372422
        },
        "yield_strength": {
          "typical": 862.4925408044,
          "min": 776.2433117483,
          "max": 948.7418209091
        },
        "elongation": 4.2234492477,
        "reduction_of_area": 5.4905110463,
        "impact_strength": 159.7436177679,
        "fatigue_strength": 519.5604701945,
        "fracture_toughness": 105.6654756897,
        "compressive_strength": 1428.7912442422,
        "true_fracture_stress": 2078.2417967049,
        "true_fracture_strain": 0.0549378645,
        "strain_rate_sensitivity": 0.0386176629
      },
      "kienzle": {
        "kc1_1": 1011.83257745,
        "mc": 0.3216111159,
        "kc1_1_milling": 1069.4544156256,
        "mc_milling": 0.2499281342,
        "kc1_1_drilling": 1593.8476309175,
        "mc_drilling": 0.1742231745
      },
      "johnson_cook": {
        "A": 862.4925818287,
        "B": 1091.0214473268,
        "n": 0.3454642697,
        "C": 0.0084432917,
        "m": 1.1763820206,
        "T_melt": 1758.7875938361,
        "T_ref": 300.6068846311,
        "epsilon_dot_ref": 0.0014808692
      },
      "taylor": {
        "C": 145.9591727813,
        "n": 0.3651293894,
        "C_carbide": 269.1017588829,
        "n_carbide": 0.315710144,
        "C_ceramic": 315.0684903798,
        "n_ceramic": 0.4712628155,
        "C_cbn": null,
        "n_cbn": null
      },
      "chip_formation": {
        "chip_type": "segmented",
        "chip_breaking": "moderate",
        "shear_angle": 22.5341265729,
        "chip_compression_ratio": 1.8138553441,
        "built_up_edge_tendency": "high",
        "segmentation_frequency": 33583.6386426629,
        "min_chip_thickness": 0.0035972648,
        "edge_radius_sensitivity": 1.3295115738
      },
      "tribology": {
        "friction_coefficient": 0.3598910841,
        "friction_coefficient_dry": 0.5942632685,
        "friction_coefficient_flood": 0.2672190915,
        "friction_coefficient_mql": 0.2194056836,
        "wear_coefficient": 2.2016789931,
        "adhesion_tendency": "high",
        "abrasiveness": "low",
        "galling_tendency": "high",
        "crater_wear_coefficient": 6.7024300173993e-05,
        "flank_wear_coefficient": 6.8024305227106e-05
      },
      "thermal_machining": {
        "thermal_diffusivity": 115.1026331269,
        "heat_partition_coefficient": 0.4332812575,
        "critical_temperature": 703.515090149,
        "recrystallization_temperature": 615.5757137584,
        "phase_transformation_temperature": 879.3938469302,
        "maximum_cutting_temperature": 1143.211980102,
        "emissivity": 0.2861434004,
        "heat_transfer_coefficient": 24507.9365839608
      },
      "surface_integrity": {
        "residual_stress_tendency": "neutral",
        "work_hardening_depth": 0.0723115168,
        "white_layer_risk": "low",
        "surface_roughness_achievable": 0.4893365749,
        "burr_formation_tendency": "low",
        "microstructure_sensitivity": "moderate",
        "minimum_uncut_chip_thickness": 0.0037804895,
        "ploughing_force_coefficient": 0.2438773381
      },
      "machinability": {
        "aisi_rating": 34.1286452613,
        "relative_to_1212": 0.5255810675,
        "machinability_index": 0.875914763,
        "power_constant": 1.4130266539,
        "unit_power": 0.0236340681
      },
      "cutting_recommendations": {
        "turning": {
          "speed_roughing": 301.2088772331,
          "speed_finishing": 379.4872665115,
          "feed_roughing": 0.442749807,
          "feed_finishing": 0.1358399401,
          "doc_roughing": 1.1344001586,
          "doc_finishing": 0.8863913906
        },
        "milling": {
          "speed_roughing": 169.8291518534,
          "speed_finishing": 405.2503982746,
          "feed_per_tooth_roughing": 0.143818078,
          "feed_per_tooth_finishing": 0.0252525335,
          "doc_roughing": 1.9726234968,
          "doc_finishing": 0.1740896983,
          "woc_roughing": 1.9909405151,
          "woc_finishing": 0.2783041525
        },
        "drilling": {
          "speed": 123.2845933088,
          "feed_per_rev": 0.1084160426,
          "peck_depth_ratio": 0.8883559926
        },
        "tool_material": {
          "recommended_grade": "Coated carbide",
          "coating_recommendation": "TiAlN",
          "geometry_recommendation": "Neutral"
        },
        "coolant": {
          "type": "Flood emulsion",
          "pressure": 35.4140224382,
          "flow_rate": 29.224768249
        }
      },
      "process_specific": {
        "grinding_ratio": 10.1380782228,
        "edm_machinability": 40.4616444858,
        "laser_absorptivity": 0.7025246067,
        "weldability_rating": "good"
      },
      "_gen_v5": {
        "complete": true,
        "params": 127,
        "uid": 243
      },
      "name": "316LVM Surgical Implant Grade Annealed"
    },
    {
      "iso_group": "P",
      "material_type": "stainless",
      "iso_p_equivalent": "M",
      "physical": {
        "density": 7744.0537250781,
        "melting_point": 1676.5653255897,
        "boiling_point": 2676.363263039,
        "liquidus_temperature": 1710.0966401259,
        "solidus_temperature": 1592.7370683346,
        "latent_heat_fusion": 409.3040393284,
        "specific_heat": 640.1465311709,
        "thermal_conductivity": 323.8461658706,
        "thermal_expansion": 18.986582011,
        "electrical_resistivity": 9.7023217167,
        "magnetic_permeability": 372.6727866972,
        "poisson_ratio": 0.3880013724,
        "elastic_modulus": 340.8913479157,
        "shear_modulus": 61.3919594163,
        "bulk_modulus": 160.2564292808
      },
      "mechanical": {
        "hardness": {
          "brinell": 368.2539712784,
          "vickers": 386.6666898667,
          "rockwell_c": 26.8254181522,
          "rockwell_b": null
        },
        "tensile_strength": {
          "typical": 1588.5714325958,
          "min": 1429.7143123606,
          "max": 1747.4285998798
        },
        "yield_strength": {
          "typical": 1349.1995200419,
          "min": 1214.2795930621,
          "max": 1484.1194980705
        },
        "elongation": 25.859590884,
        "reduction_of_area": 33.6174951736,
        "impact_strength": 122.9182209426,
        "fatigue_strength": 635.4286020627,
        "fracture_toughness": 84.9084549328,
        "compressive_strength": 1747.4286068798,
        "true_fracture_stress": 2541.7143241777,
        "true_fracture_strain": 0.3362077059,
        "strain_rate_sensitivity": 0.0268594212
      },
      "kienzle": {
        "kc1_1": 1551.6172348134,
        "mc": 0.1571666715,
        "kc1_1_milling": 1758.558882407,
        "mc_milling": 0.2788951673,
        "kc1_1_drilling": 3035.325528612,