machine_id,machine_name,machine_taper,machine_max_rpm,machine_max_power_kw,tool_id,tool_type,grade_name,iso,toolpath,op,cut,strategy,dia_in,flutes,vc_sfm,rpm,rpm_clamped,fz_in,feed_ipm,ap_in,ae_in,coolant,css,source_crib
LTH-07,Okuma Multus B250II,,5000,22,Default Preset,drill,Gray Iron (K),K,Drill,drilling,roughing,conventional,0.4375,2,246,2148,0,0.0033,14.21,0,0.4374,flood,0,130 DEG. INSERT DRILLS - PURPLE COATING (CHANGE SFM TO 75 FOR GOLD).csv
LTH-07,Okuma Multus B250II,,5000,22,Default Preset,drill,Gray Iron (K),K,Peck,drilling,roughing,plunge,0.4375,2,172,1504,0,0.0017,4.97,0,0.4374,flood,0,130 DEG. INSERT DRILLS - PURPLE COATING (CHANGE SFM TO 75 FOR GOLD).csv
LTH-07,Okuma Multus B250II,,5000,22,Default Preset,drill,Ductile Iron (K),K,Drill,drilling,roughing,conventional,0.4375,2,193,1688,0,0.0033,11.16,0,0.4374,flood,0,130 DEG. INSERT DRILLS - PURPLE COATING (CHANGE SFM TO 75 FOR GOLD).csv
LTH-07,Okuma Multus B250II,,5000,22,Default Preset,drill,Ductile Iron (K),K,Peck,drilling,roughing,plunge,0.4375,2,135,1182,0,0.0017,3.91,0,0.4374,flood,0,130 DEG. INSERT DRILLS - PURPLE COATING (CHANGE SFM TO 75 FOR GOLD).csv
LTH-07,Okuma Multus B250II,,5000,22,Default Preset,drill,Gray Iron (K),K,Drill,drilling,roughing,conventional,0.4688,2,246,2005,0,0.0035,14.13,0,0.4689,flood,0,130 DEG. INSERT DRILLS - PURPLE COATING (CHANGE SFM TO 75 FOR GOLD).csv
LTH-07,Okuma Multus B250II,,5000,22,Default Preset,drill,Gray Iron (K),K,Peck,drilling,roughing,plunge,0.4688,2,172,1403,0,0.0018,4.94,0,0.4689,flood,0,130 DEG. INSERT DRILLS - PURPLE COATING (CHANGE SFM TO 75 FOR GOLD).csv
LTH-07,Okuma Multus B250II,,5000,22,Default Preset,drill,Ductile Iron (K),K,Drill,drilling,roughing,conventional,0.4688,2,193,1575,0,0.0035,11.1,0,0.4689,flood,0,130 DEG. INSERT DRILLS - PURPLE COATING (CHANGE SFM TO 75 FOR GOLD).csv
LTH-07,Okuma Multus B250II,,5000,22,Default Preset,drill,Ductile Iron (K),K,Peck,drilling,roughing,plunge,0.4688,2,135,1103,0,0.0018,3.89,0,0.4689,flood,0,130 DEG. INSERT DRILLS - PURPLE COATING (CHANGE SFM TO 75 FOR GOLD).csv
LTH-07,Okuma Multus B250II,,5000,22,Default Preset,drill,Gray Iron (K),K,Drill,drilling,roughing,conventional,0.48,2,246,1958,0,0.0036,13.95,0,0.4799,flood,0,130 DEG. INSERT DRILLS - PURPLE COATING (CHANGE SFM TO 75 FOR GOLD).csv
LTH-07,Okuma Multus B250II,,5000,22,Default Preset,drill,Gray Iron (K),K,Peck,drilling,roughing,plunge,0.48,2,172,1371,0,0.0018,4.88,0,0.4799,flood,0,130 DEG. INSERT DRILLS - PURPLE COATING (CHANGE SFM TO 75 FOR GOLD).csv
LTH-07,Okuma Multus B250II,,5000,22,Default Preset,drill,Ductile Iron (K),K,Drill,drilling,roughing,conventional,0.48,2,193,1539,0,0.0036,10.97,0,0.4799,flood,0,130 DEG. INSERT DRILLS - PURPLE COATING (CHANGE SFM TO 75 FOR GOLD).csv
LTH-07,Okuma Multus B250II,,5000,22,Default Preset,drill,Ductile Iron (K),K,Peck,drilling,roughing,plunge,0.48,2,135,1077,0,0.0018,3.84,0,0.4799,flood,0,130 DEG. INSERT DRILLS - PURPLE COATING (CHANGE SFM TO 75 FOR GOLD).csv
LTH-07,Okuma Multus B250II,,5000,22,Default Preset,drill,Gray Iron (K),K,Drill,drilling,roughing,conventional,0.493,2,246,1906,0,0.0036,13.81,0,0.4929,flood,0,130 DEG. INSERT DRILLS - PURPLE COATING (CHANGE SFM TO 75 FOR GOLD).csv
LTH-07,Okuma Multus B250II,,5000,22,Default Preset,drill,Gray Iron (K),K,Peck,drilling,roughing,plunge,0.493,2,172,1335,0,0.0018,4.84,0,0.4929,flood,0,130 DEG. INSERT DRILLS - PURPLE COATING (CHANGE SFM TO 75 FOR GOLD).csv
LTH-07,Okuma Multus B250II,,5000,22,Default Preset,drill,Ductile Iron (K),K,Drill,drilling,roughing,conventional,0.493,2,193,1498,0,0.0036,10.85,0,0.4929,flood,0,130 DEG. INSERT DRILLS - PURPLE COATING (CHANGE SFM TO 75 FOR GOLD).csv
LTH-07,Okuma Multus B250II,,5000,22,Default Preset,drill,Ductile Iron (K),K,Peck,drilling,roughing,plunge,0.493,2,135,1049,0,0.0018,3.8,0,0.4929,flood,0,130 DEG. INSERT DRILLS - PURPLE COATING (CHANGE SFM TO 75 FOR GOLD).csv
LTH-07,Okuma Multus B250II,,5000,22,Default Preset,drill,Gray Iron (K),K,Drill,drilling,roughing,conventional,0.531,2,246,1770,0,0.0037,13.24,0,0.5311,flood,0,130 DEG. INSERT DRILLS - PURPLE COATING (CHANGE SFM TO 75 FOR GOLD).csv
LTH-07,Okuma Multus B250II,,5000,22,Default Preset,drill,Gray Iron (K),K,Peck,drilling,roughing,plunge,0.531,2,172,1239,0,0.0019,4.63,0,0.5311,flood,0,130 DEG. INSERT DRILLS - PURPLE COATING (CHANGE SFM TO 75 FOR GOLD).csv
LTH-07,Okuma Multus B250II,,5000,22,Default Preset,drill,Ductile Iron (K),K,Drill,drilling,roughing,conventional,0.531,2,193,1391,0,0.0037,10.41,0,0.5311,flood,0,130 DEG. INSERT DRILLS - PURPLE COATING (CHANGE SFM TO 75 FOR GOLD).csv
LTH-07,Okuma Multus B250II,,5000,22,Default Preset,drill,Ductile Iron (K),K,Peck,drilling,roughing,plunge,0.531,2,135,974,0,0.0019,3.64,0,0.5311,flood,0,130 DEG. INSERT DRILLS - PURPLE COATING (CHANGE SFM TO 75 FOR GOLD).csv
LTH-07,Okuma Multus B250II,,5000,22,Default Preset,drill,Gray Iron (K),K,Drill,drilling,roughing,conventional,0.5625,2,246,1671,0,0.0038,12.83,0,0.5626,flood,0,130 DEG. INSERT DRILLS - PURPLE COATING (CHANGE SFM TO 75 FOR GOLD).csv
LTH-07,Okuma Multus B250II,,5000,22,Default Preset,drill,Gray Iron (K),K,Peck,drilling,roughing,plunge,0.5625,2,172,1170,0,0.0019,4.49,0,0.5626,flood,0,130 DEG. INSERT DRILLS - PURPLE COATING (CHANGE SFM TO 75 FOR GOLD).csv
LTH-07,Okuma Multus B250II,,5000,22,Default Preset,drill,Ductile Iron (K),K,Drill,drilling,roughing,conventional,0.5625,2,193,1313,0,0.0038,10.08,0,0.5626,flood,0,130 DEG. INSERT DRILLS - PURPLE COATING (CHANGE SFM TO 75 FOR GOLD).csv
LTH-07,Okuma Multus B250II,,5000,22,Default Preset,drill,Ductile Iron (K),K,Peck,drilling,roughing,plunge,0.5625,2,135,919,0,0.0019,3.53,0,0.5626,flood,0,130 DEG. INSERT DRILLS - PURPLE COATING (CHANGE SFM TO 75 FOR GOLD).csv
LTH-07,Okuma Multus B250II,,5000,22,Default Preset,drill,Gray Iron (K),K,Drill,drilling,roughing,conventional,0.57,2,246,1649,0,0.0039,12.79,0,0.5701,flood,0,130 DEG. INSERT DRILLS - PURPLE COATING (CHANGE SFM TO 75 FOR GOLD).csv
LTH-07,Okuma Multus B250II,,5000,22,Default Preset,drill,Gray Iron (K),K,Peck,drilling,roughing,plunge,0.57,2,172,1154,0,0.0019,4.48,0,0.5701,flood,0,130 DEG. INSERT DRILLS - PURPLE COATING (CHANGE SFM TO 75 FOR GOLD).csv
LTH-07,Okuma Multus B250II,,5000,22,Default Preset,drill,Ductile Iron (K),K,Drill,drilling,roughing,conventional,0.57,2,193,1296,0,0.0039,10.05,0,0.5701,flood,0,130 DEG. INSERT DRILLS - PURPLE COATING (CHANGE SFM TO 75 FOR GOLD).csv
LTH-07,Okuma Multus B250II,,5000,22,Default Preset,drill,Ductile Iron (K),K,Peck,drilling,roughing,plunge,0.57,2,135,907,0,0.0019,3.52,0,0.5701,flood,0,130 DEG. INSERT DRILLS - PURPLE COATING (CHANGE SFM TO 75 FOR GOLD).csv
LTH-07,Okuma Multus B250II,,5000,22,Default Preset,drill,Gray Iron (K),K,Drill,drilling,roughing,conventional,0.593,2,246,1585,0,0.004,12.54,0,0.5929,flood,0,130 DEG. INSERT DRILLS - PURPLE COATING (CHANGE SFM TO 75 FOR GOLD).csv
LTH-07,Okuma Multus B250II,,5000,22,Default Preset,drill,Gray Iron (K),K,Peck,drilling,roughing,plunge,0.593,2,172,1109,0,0.002,4.39,0,0.5929,flood,0,130 DEG. INSERT DRILLS - PURPLE COATING (CHANGE SFM TO 75 FOR GOLD).csv
LTH-07,Okuma Multus B250II,,5000,22,Default Preset,drill,Ductile Iron (K),K,Drill,drilling,roughing,conventional,0.593,2,193,1245,0,0.004,9.85,0,0.5929,flood,0,130 DEG. INSERT DRILLS - PURPLE COATING (CHANGE SFM TO 75 FOR GOLD).csv
LTH-07,Okuma Multus B250II,,5000,22,Default Preset,drill,Ductile Iron (K),K,Peck,drilling,roughing,plunge,0.593,2,135,872,0,0.002,3.45,0,0.5929,flood,0,130 DEG. INSERT DRILLS - PURPLE COATING (CHANGE SFM TO 75 FOR GOLD).csv
LTH-07,Okuma Multus B250II,,5000,22,Default Preset,drill,Gray Iron (K),K,Drill,drilling,roughing,conventional,0.6102,2,246,1540,0,0.004,12.37,0,0.6102,flood,0,130 DEG. INSERT DRILLS - PURPLE COATING (CHANGE SFM TO 75 FOR GOLD).csv
LTH-07,Okuma Multus B250II,,5000,22,Default Preset,drill,Gray Iron (K),K,Peck,drilling,roughing,plunge,0.6102,2,172,1078,0,0.002,4.33,0,0.6102,flood,0,130 DEG. INSERT DRILLS - PURPLE COATING (CHANGE SFM TO 75 FOR GOLD).csv
LTH-07,Okuma Multus B250II,,5000,22,Default Preset,drill,Ductile Iron (K),K,Drill,drilling,roughing,conventional,0.6102,2,193,1210,0,0.004,9.72,0,0.6102,flood,0,130 DEG. INSERT DRILLS - PURPLE COATING (CHANGE SFM TO 75 FOR GOLD).csv
LTH-07,Okuma Multus B250II,,5000,22,Default Preset,drill,Ductile Iron (K),K,Peck,drilling,roughing,plunge,0.6102,2,135,847,0,0.002,3.4,0,0.6102,flood,0,130 DEG. INSERT DRILLS - PURPLE COATING (CHANGE SFM TO 75 FOR GOLD).csv
LTH-07,Okuma Multus B250II,,5000,22,Default Preset,drill,Gray Iron (K),K,Drill,drilling,roughing,conventional,0.625,2,246,1504,0,0.0041,12.2,0,0.6252,flood,0,130 DEG. INSERT DRILLS - PURPLE COATING (CHANGE SFM TO 75 FOR GOLD).csv
LTH-07,Okuma Multus B250II,,5000,22,Default Preset,drill,Gray Iron (K),K,Peck,drilling,roughing,plunge,0.625,2,172,1053,0,0.002,4.27,0,0.6252,flood,0,130 DEG. INSERT DRILLS - PURPLE COATING (CHANGE SFM TO 75 FOR GOLD).csv
LTH-07,Okuma Multus B250II,,5000,22,Default Preset,drill,Ductile Iron (K),K,Drill,drilling,roughing,conventional,0.625,2,193,1182,0,0.0041,9.59,0,0.6252,flood,0,130 DEG. INSERT DRILLS - PURPLE COATING (CHANGE SFM TO 75 FOR GOLD).csv
LTH-07,Okuma Multus B250II,,5000,22,Default Preset,drill,Ductile Iron (K),K,Peck,drilling,roughing,plunge,0.625,2,135,827,0,0.002,3.35,0,0.6252,flood,0,130 DEG. INSERT DRILLS - PURPLE COATING (CHANGE SFM TO 75 FOR GOLD).csv
LTH-07,Okuma Multus B250II,,5000,22,Default Preset,drill,Gray Iron (K),K,Drill,drilling,roughing,conventional,0.656,2,246,1433,0,0.0042,11.9,0,0.6559,flood,0,130 DEG. INSERT DRILLS - PURPLE COATING (CHANGE SFM TO 75 FOR GOLD).csv
LTH-07,Okuma Multus B250II,,5000,22,Default Preset,drill,Gray Iron (K),K,Peck,drilling,roughing,plunge,0.656,2,172,1003,0,0.0021,4.17,0,0.6559,flood,0,130 DEG. INSERT DRILLS - PURPLE COATING (CHANGE SFM TO 75 FOR GOLD).csv
LTH-07,Okuma Multus B250II,,5000,22,Default Preset,drill,Ductile Iron (K),K,Drill,drilling,roughing,conventional,0.656,2,193,1126,0,0.0042,9.35,0,0.6559,flood,0,130 DEG. INSERT DRILLS - PURPLE COATING (CHANGE SFM TO 75 FOR GOLD).csv
LTH-07,Okuma Multus B250II,,5000,22,Default Preset,drill,Ductile Iron (K),K,Peck,drilling,roughing,plunge,0.656,2,135,788,0,0.0021,3.27,0,0.6559,flood,0,130 DEG. INSERT DRILLS - PURPLE COATING (CHANGE SFM TO 75 FOR GOLD).csv
LTH-07,Okuma Multus B250II,,5000,22,Default Preset,drill,Gray Iron (K),K,Drill,drilling,roughing,conventional,0.6875,2,246,1367,0,0.0043,11.68,0,0.6874,flood,0,130 DEG. INSERT DRILLS - PURPLE COATING (CHANGE SFM TO 75 FOR GOLD).csv
LTH-07,Okuma Multus B250II,,5000,22,Default Preset,drill,Gray Iron (K),K,Peck,drilling,roughing,plunge,0.6875,2,172,957,0,0.0021,4.09,0,0.6874,flood,0,130 DEG. INSERT DRILLS - PURPLE COATING (CHANGE SFM TO 75 FOR GOLD).csv
LTH-07,Okuma Multus B250II,,5000,22,Default Preset,drill,Ductile Iron (K),K,Drill,drilling,roughing,conventional,0.6875,2,193,1074,0,0.0043,9.18,0,0.6874,flood,0,130 DEG. INSERT DRILLS - PURPLE COATING (CHANGE SFM TO 75 FOR GOLD).csv
LTH-07,Okuma Multus B250II,,5000,22,Default Preset,drill,Ductile Iron (K),K,Peck,drilling,roughing,plunge,0.6875,2,135,752,0,0.0021,3.21,0,0.6874,flood,0,130 DEG. INSERT DRILLS - PURPLE COATING (CHANGE SFM TO 75 FOR GOLD).csv
LTH-07,Okuma Multus B250II,,5000,22,Default Preset,drill,Gray Iron (K),K,Drill,drilling,roughing,conventional,0.708,2,246,1328,0,0.0043,11.5,0,0.7079,flood,0,130 DEG. INSERT DRILLS - PURPLE COATING (CHANGE SFM TO 75 FOR GOLD).csv
LTH-07,Okuma Multus B250II,,5000,22,Default Preset,drill,Gray Iron (K),K,Peck,drilling,roughing,plunge,0.708,2,172,929,0,0.0022,4.02,0,0.7079,flood,0,130 DEG. INSERT DRILLS - PURPLE COATING (CHANGE SFM TO 75 FOR GOLD).csv
LTH-07,Okuma Multus B250II,,5000,22,Default Preset,drill,Ductile Iron (K),K,Drill,drilling,roughing,conventional,0.708,2,193,1043,0,0.0043,9.03,0,0.7079,flood,0,130 DEG. INSERT DRILLS - PURPLE COATING (CHANGE SFM TO 75 FOR GOLD).csv
LTH-07,Okuma Multus B250II,,5000,22,Default Preset,drill,Ductile Iron (K),K,Peck,drilling,roughing,plunge,0.708,2,135,730,0,0.0022,3.16,0,0.7079,flood,0,130 DEG. INSERT DRILLS - PURPLE COATING (CHANGE SFM TO 75 FOR GOLD).csv
LTH-07,Okuma Multus B250II,,5000,22,Default Preset,drill,Gray Iron (K),K,Drill,drilling,roughing,conventional,0.7188,2,246,1308,0,0.0044,11.43,0,0.7189,flood,0,130 DEG. INSERT DRILLS - PURPLE COATING (CHANGE SFM TO 75 FOR GOLD).csv
LTH-07,Okuma Multus B250II,,5000,22,Default Preset,drill,Gray Iron (K),K,Peck,drilling,roughing,plunge,0.7188,2,172,915,0,0.0022,4,0,0.7189,flood,0,130 DEG. INSERT DRILLS - PURPLE COATING (CHANGE SFM TO 75 FOR GOLD).csv
LTH-07,Okuma Multus B250II,,5000,22,Default Preset,drill,Ductile Iron (K),K,Drill,drilling,roughing,conventional,0.7188,2,193,1027,0,0.0044,8.98,0,0.7189,flood,0,130 DEG. INSERT DRILLS - PURPLE COATING (CHANGE SFM TO 75 FOR GOLD).csv
LTH-07,Okuma Multus B250II,,5000,22,Default Preset,drill,Ductile Iron (K),K,Peck,drilling,roughing,plunge,0.7188,2,135,719,0,0.0022,3.14,0,0.7189,flood,0,130 DEG. INSERT DRILLS - PURPLE COATING (CHANGE SFM TO 75 FOR GOLD).csv
LTH-07,Okuma Multus B250II,,5000,22,Default Preset,drill,Gray Iron (K),K,Drill,drilling,roughing,conventional,0.728,2,246,1291,0,0.0044,11.39,0,0.728,flood,0,130 DEG. INSERT DRILLS - PURPLE COATING (CHANGE SFM TO 75 FOR GOLD).csv
LTH-07,Okuma Multus B250II,,5000,22,Default Preset,drill,Gray Iron (K),K,Peck,drilling,roughing,plunge,0.728,2,172,904,0,0.0022,3.99,0,0.728,flood,0,130 DEG. INSERT DRILLS - PURPLE COATING (CHANGE SFM TO 75 FOR GOLD).csv
LTH-07,Okuma Multus B250II,,5000,22,Default Preset,drill,Ductile Iron (K),K,Drill,drilling,roughing,conventional,0.728,2,193,1014,0,0.0044,8.94,0,0.728,flood,0,130 DEG. INSERT DRILLS - PURPLE COATING (CHANGE SFM TO 75 FOR GOLD).csv
LTH-07,Okuma Multus B250II,,5000,22,Default Preset,drill,Ductile Iron (K),K,Peck,drilling,roughing,plunge,0.728,2,135,710,0,0.0022,3.13,0,0.728,flood,0,130 DEG. INSERT DRILLS - PURPLE COATING (CHANGE SFM TO 75 FOR GOLD).csv
LTH-07,Okuma Multus B250II,,5000,22,Default Preset,drill,Gray Iron (K),K,Drill,drilling,roughing,conventional,0.737,2,246,1275,0,0.0044,11.29,0,0.737,flood,0,130 DEG. INSERT DRILLS - PURPLE COATING (CHANGE SFM TO 75 FOR GOLD).csv
LTH-07,Okuma Multus B250II,,5000,22,Default Preset,drill,Gray Iron (K),K,Peck,drilling,roughing,plunge,0.737,2,172,893,0,0.0022,3.96,0,0.737,flood,0,130 DEG. INSERT DRILLS - PURPLE COATING (CHANGE SFM TO 75 FOR GOLD).csv
LTH-07,Okuma Multus B250II,,5000,22,Default Preset,drill,Ductile Iron (K),K,Drill,drilling,roughing,conventional,0.737,2,193,1002,0,0.0044,8.88,0,0.737,flood,0,130 DEG. INSERT DRILLS - PURPLE COATING (CHANGE SFM TO 75 FOR GOLD).csv
LTH-07,Okuma Multus B250II,,5000,22,Default Preset,drill,Ductile Iron (K),K,Peck,drilling,roughing,plunge,0.737,2,135,701,0,0.0022,3.1,0,0.737,flood,0,130 DEG. INSERT DRILLS - PURPLE COATING (CHANGE SFM TO 75 FOR GOLD).csv
LTH-07,Okuma Multus B250II,,5000,22,Default Preset,drill,Gray Iron (K),K,Drill,drilling,roughing,conventional,0.75,2,246,1253,0,0.0045,11.25,0,0.75,flood,0,130 DEG. INSERT DRILLS - PURPLE COATING (CHANGE SFM TO 75 FOR GOLD).csv
LTH-07,Okuma Multus B250II,,5000,22,Default Preset,drill,Gray Iron (K),K,Peck,drilling,roughing,plunge,0.75,2,172,877,0,0.0022,3.94,0,0.75,flood,0,130 DEG. INSERT DRILLS - PURPLE COATING (CHANGE SFM TO 75 FOR GOLD).csv
LTH-07,Okuma Multus B250II,,5000,22,Default Preset,drill,Ductile Iron (K),K,Drill,drilling,roughing,conventional,0.75,2,193,985,0,0.0045,8.84,0,0.75,flood,0,130 DEG. INSERT DRILLS - PURPLE COATING (CHANGE SFM TO 75 FOR GOLD).csv
LTH-07,Okuma Multus B250II,,5000,22,Default Preset,drill,Ductile Iron (K),K,Peck,drilling,roughing,plunge,0.75,2,135,689,0,0.0022,3.09,0,0.75,flood,0,130 DEG. INSERT DRILLS - PURPLE COATING (CHANGE SFM TO 75 FOR GOLD).csv
LTH-07,Okuma Multus B250II,,5000,22,Default Preset,drill,Gray Iron (K),K,Drill,drilling,roughing,conventional,0.787,2,246,1194,0,0.0046,11,0,0.787,flood,0,130 DEG. INSERT DRILLS - PURPLE COATING (CHANGE SFM TO 75 FOR GOLD).csv
LTH-07,Okuma Multus B250II,,5000,22,Default Preset,drill,Gray Iron (K),K,Peck,drilling,roughing,plunge,0.787,2,172,836,0,0.0023,3.85,0,0.787,flood,0,130 DEG. INSERT DRILLS - PURPLE COATING (CHANGE SFM TO 75 FOR GOLD).csv
LTH-07,Okuma Multus B250II,,5000,22,Default Preset,drill,Ductile Iron (K),K,Drill,drilling,roughing,conventional,0.787,2,193,938,0,0.0046,8.64,0,0.787,flood,0,130 DEG. INSERT DRILLS - PURPLE COATING (CHANGE SFM TO 75 FOR GOLD).csv
LTH-07,Okuma Multus B250II,,5000,22,Default Preset,drill,Ductile Iron (K),K,Peck,drilling,roughing,plunge,0.787,2,135,657,0,0.0023,3.03,0,0.787,flood,0,130 DEG. INSERT DRILLS - PURPLE COATING (CHANGE SFM TO 75 FOR GOLD).csv
LTH-07,Okuma Multus B250II,,5000,22,Default Preset,drill,Gray Iron (K),K,Drill,drilling,roughing,conventional,0.812,2,246,1158,0,0.0047,10.8,0,0.8118,flood,0,130 DEG. INSERT DRILLS - PURPLE COATING (CHANGE SFM TO 75 FOR GOLD).csv
LTH-07,Okuma Multus B250II,,5000,22,Default Preset,drill,Gray Iron (K),K,Peck,drilling,roughing,plunge,0.812,2,172,810,0,0.0023,3.78,0,0.8118,flood,0,130 DEG. INSERT DRILLS - PURPLE COATING (CHANGE SFM TO 75 FOR GOLD).csv
LTH-07,Okuma Multus B250II,,5000,22,Default Preset,drill,Ductile Iron (K),K,Drill,drilling,roughing,conventional,0.812,2,193,909,0,0.0047,8.48,0,0.8118,flood,0,130 DEG. INSERT DRILLS - PURPLE COATING (CHANGE SFM TO 75 FOR GOLD).csv
LTH-07,Okuma Multus B250II,,5000,22,Default Preset,drill,Ductile Iron (K),K,Peck,drilling,roughing,plunge,0.812,2,135,637,0,0.0023,2.97,0,0.8118,flood,0,130 DEG. INSERT DRILLS - PURPLE COATING (CHANGE SFM TO 75 FOR GOLD).csv
LTH-07,Okuma Multus B250II,,5000,22,Default Preset,drill,Gray Iron (K),K,Drill,drilling,roughing,conventional,0.821,2,246,1145,0,0.0047,10.77,0,0.8209,flood,0,130 DEG. INSERT DRILLS - PURPLE COATING (CHANGE SFM TO 75 FOR GOLD).csv
LTH-07,Okuma Multus B250II,,5000,22,Default Preset,drill,Gray Iron (K),K,Peck,drilling,roughing,plunge,0.821,2,172,801,0,0.0024,3.77,0,0.8209,flood,0,130 DEG. INSERT DRILLS - PURPLE COATING (CHANGE SFM TO 75 FOR GOLD).csv
LTH-07,Okuma Multus B250II,,5000,22,Default Preset,drill,Ductile Iron (K),K,Drill,drilling,roughing,conventional,0.821,2,193,899,0,0.0047,8.46,0,0.8209,flood,0,130 DEG. INSERT DRILLS - PURPLE COATING (CHANGE SFM TO 75 FOR GOLD).csv
LTH-07,Okuma Multus B250II,,5000,22,Default Preset,drill,Ductile Iron (K),K,Peck,drilling,roughing,plunge,0.821,2,135,630,0,0.0024,2.96,0,0.8209,flood,0,130 DEG. INSERT DRILLS - PURPLE COATING (CHANGE SFM TO 75 FOR GOLD).csv
LTH-07,Okuma Multus B250II,,5000,22,Default Preset,drill,Gray Iron (K),K,Drill,drilling,roughing,conventional,0.838,2,246,1122,0,0.0047,10.65,0,0.8382,flood,0,130 DEG. INSERT DRILLS - PURPLE COATING (CHANGE SFM TO 75 FOR GOLD).csv
LTH-07,Okuma Multus B250II,,5000,22,Default Preset,drill,Gray Iron (K),K,Peck,drilling,roughing,plunge,0.838,2,172,785,0,0.0024,3.72,0,0.8382,flood,0,130 DEG. INSERT DRILLS - PURPLE COATING (CHANGE SFM TO 75 FOR GOLD).csv
LTH-07,Okuma Multus B250II,,5000,22,Default Preset,drill,Ductile Iron (K),K,Drill,drilling,roughing,conventional,0.838,2,193,881,0,0.0047,8.36,0,0.8382,flood,0,130 DEG. INSERT DRILLS - PURPLE COATING (CHANGE SFM TO 75 FOR GOLD).csv
LTH-07,Okuma Multus B250II,,5000,22,Default Preset,drill,Ductile Iron (K),K,Peck,drilling,roughing,plunge,0.838,2,135,617,0,0.0024,2.93,0,0.8382,flood,0,130 DEG. INSERT DRILLS - PURPLE COATING (CHANGE SFM TO 75 FOR GOLD).csv
LTH-07,Okuma Multus B250II,,5000,22,Default Preset,drill,Gray Iron (K),K,Drill,drilling,roughing,conventional,0.843,2,246,1115,0,0.0048,10.62,0,0.8429,flood,0,130 DEG. INSERT DRILLS - PURPLE COATING (CHANGE SFM TO 75 FOR GOLD).csv
LTH-07,Okuma Multus B250II,,5000,22,Default Preset,drill,Gray Iron (K),K,Peck,drilling,roughing,plunge,0.843,2,172,780,0,0.0024,3.72,0,0.8429,flood,0,130 DEG. INSERT DRILLS - PURPLE COATING (CHANGE SFM TO 75 FOR GOLD).csv
LTH-07,Okuma Multus B250II,,5000,22,Default Preset,drill,Ductile Iron (K),K,Drill,drilling,roughing,conventional,0.843,2,193,876,0,0.0048,8.35,0,0.8429,flood,0,130 DEG. INSERT DRILLS - PURPLE COATING (CHANGE SFM TO 75 FOR GOLD).csv
LTH-07,Okuma Multus B250II,,5000,22,Default Preset,drill,Ductile Iron (K),K,Peck,drilling,roughing,plunge,0.843,2,135,613,0,0.0024,2.92,0,0.8429,flood,0,130 DEG. INSERT DRILLS - PURPLE COATING (CHANGE SFM TO 75 FOR GOLD).csv
LTH-07,Okuma Multus B250II,,5000,22,Default Preset,drill,Gray Iron (K),K,Drill,drilling,roughing,conventional,0.859,2,246,1094,0,0.0048,10.51,0,0.8591,flood,0,130 DEG. INSERT DRILLS - PURPLE COATING (CHANGE SFM TO 75 FOR GOLD).csv
LTH-07,Okuma Multus B250II,,5000,22,Default Preset,drill,Gray Iron (K),K,Peck,drilling,roughing,plunge,0.859,2,172,766,0,0.0024,3.68,0,0.8591,flood,0,130 DEG. INSERT DRILLS - PURPLE COATING (CHANGE SFM TO 75 FOR GOLD).csv
LTH-07,Okuma Multus B250II,,5000,22,Default Preset,drill,Ductile Iron (K),K,Drill,drilling,roughing,conventional,0.859,2,193,860,0,0.0048,8.26,0,0.8591,flood,0,130 DEG. INSERT DRILLS - PURPLE COATING (CHANGE SFM TO 75 FOR GOLD).csv
LTH-07,Okuma Multus B250II,,5000,22,Default Preset,drill,Ductile Iron (K),K,Peck,drilling,roughing,plunge,0.859,2,135,602,0,0.0024,2.89,0,0.8591,flood,0,130 DEG. INSERT DRILLS - PURPLE COATING (CHANGE SFM TO 75 FOR GOLD).csv
LTH-07,Okuma Multus B250II,,5000,22,Default Preset,drill,Gray Iron (K),K,Drill,drilling,roughing,conventional,0.875,2,246,1074,0,0.0048,10.4,0,0.8752,flood,0,130 DEG. INSERT DRILLS - PURPLE COATING (CHANGE SFM TO 75 FOR GOLD).csv
LTH-07,Okuma Multus B250II,,5000,22,Default Preset,drill,Gray Iron (K),K,Peck,drilling,roughing,plunge,0.875,2,172,752,0,0.0024,3.64,0,0.8752,flood,0,130 DEG. INSERT DRILLS - PURPLE COATING (CHANGE SFM TO 75 FOR GOLD).csv
LTH-07,Okuma Multus B250II,,5000,22,Default Preset,drill,Ductile Iron (K),K,Drill,drilling,roughing,conventional,0.875,2,193,844,0,0.0048,8.17,0,0.8752,flood,0,130 DEG. INSERT DRILLS - PURPLE COATING (CHANGE SFM TO 75 FOR GOLD).csv
LTH-07,Okuma Multus B250II,,5000,22,Default Preset,drill,Ductile Iron (K),K,Peck,drilling,roughing,plunge,0.875,2,135,591,0,0.0024,2.86,0,0.8752,flood,0,130 DEG. INSERT DRILLS - PURPLE COATING (CHANGE SFM TO 75 FOR GOLD).csv
LTH-07,Okuma Multus B250II,,5000,22,Default Preset,drill,Gray Iron (K),K,Drill,drilling,roughing,conventional,0.893,2,246,1053,0,0.0049,10.28,0,0.8929,flood,0,130 DEG. INSERT DRILLS - PURPLE COATING (CHANGE SFM TO 75 FOR GOLD).csv
LTH-07,Okuma Multus B250II,,5000,22,Default Preset,drill,Gray Iron (K),K,Peck,drilling,roughing,plunge,0.893,2,172,737,0,0.0024,3.6,0,0.8929,flood,0,130 DEG. INSERT DRILLS - PURPLE COATING (CHANGE SFM TO 75 FOR GOLD).csv
LTH-07,Okuma Multus B250II,,5000,22,Default Preset,drill,Ductile Iron (K),K,Drill,drilling,roughing,conventional,0.893,2,193,827,0,0.0049,8.07,0,0.8929,flood,0,130 DEG. INSERT DRILLS - PURPLE COATING (CHANGE SFM TO 75 FOR GOLD).csv
LTH-07,Okuma Multus B250II,,5000,22,Default Preset,drill,Ductile Iron (K),K,Peck,drilling,roughing,plunge,0.893,2,135,579,0,0.0024,2.83,0,0.8929,flood,0,130 DEG. INSERT DRILLS - PURPLE COATING (CHANGE SFM TO 75 FOR GOLD).csv
LTH-07,Okuma Multus B250II,,5000,22,Default Preset,drill,Gray Iron (K),K,Drill,drilling,roughing,conventional,0.906,2,246,1037,0,0.0049,10.21,0,0.9059,flood,0,130 DEG. INSERT DRILLS - PURPLE COATING (CHANGE SFM TO 75 FOR GOLD).csv
LTH-07,Okuma Multus B250II,,5000,22,Default Preset,drill,Gray Iron (K),K,Peck,drilling,roughing,plunge,0.906,2,172,726,0,0.0025,3.57,0,0.9059,flood,0,130 DEG. INSERT DRILLS - PURPLE COATING (CHANGE SFM TO 75 FOR GOLD).csv
LTH-07,Okuma Multus B250II,,5000,22,Default Preset,drill,Ductile Iron (K),K,Drill,drilling,roughing,conventional,0.906,2,193,815,0,0.0049,8.02,0,0.9059,flood,0,130 DEG. INSERT DRILLS - PURPLE COATING (CHANGE SFM TO 75 FOR GOLD).csv
LTH-07,Okuma Multus B250II,,5000,22,Default Preset,drill,Ductile Iron (K),K,Peck,drilling,roughing,plunge,0.906,2,135,571,0,0.0025,2.81,0,0.9059,flood,0,130 DEG. INSERT DRILLS - PURPLE COATING (CHANGE SFM TO 75 FOR GOLD).csv
LTH-07,Okuma Multus B250II,,5000,22,Default Preset,drill,Gray Iron (K),K,Drill,drilling,roughing,conventional,0.925,2,246,1016,0,0.005,10.12,0,0.9252,flood,0,130 DEG. INSERT DRILLS - PURPLE COATING (CHANGE SFM TO 75 FOR GOLD).csv
LTH-07,Okuma Multus B250II,,5000,22,Default Preset,drill,Gray Iron (K),K,Peck,drilling,roughing,plunge,0.925,2,172,711,0,0.0025,3.54,0,0.9252,flood,0,130 DEG. INSERT DRILLS - PURPLE COATING (CHANGE SFM TO 75 FOR GOLD).csv
LTH-07,Okuma Multus B250II,,5000,22,Default Preset,drill,Ductile Iron (K),K,Drill,drilling,roughing,conventional,0.925,2,193,798,0,0.005,7.95,0,0.9252,flood,0,130 DEG. INSERT DRILLS - PURPLE COATING (CHANGE SFM TO 75 FOR GOLD).csv
LTH-07,Okuma Multus B250II,,5000,22,Default Preset,drill,Ductile Iron (K),K,Peck,drilling,roughing,plunge,0.925,2,135,559,0,0.0025,2.78,0,0.9252,flood,0,130 DEG. INSERT DRILLS - PURPLE COATING (CHANGE SFM TO 75 FOR GOLD).csv
LTH-07,Okuma Multus B250II,,5000,22,Default Preset,drill,Gray Iron (K),K,Drill,drilling,roughing,conventional,0.9375,2,246,1003,0,0.005,10.07,0,0.9374,flood,0,130 DEG. INSERT DRILLS - PURPLE COATING (CHANGE SFM TO 75 FOR GOLD).csv
LTH-07,Okuma Multus B250II,,5000,22,Default Preset,drill,Gray Iron (K),K,Peck,drilling,roughing,plunge,0.9375,2,172,702,0,0.0025,3.52,0,0.9374,flood,0,130 DEG. INSERT DRILLS - PURPLE COATING (CHANGE SFM TO 75 FOR GOLD).csv
LTH-07,Okuma Multus B250II,,5000,22,Default Preset,drill,Ductile Iron (K),K,Drill,drilling,roughing,conventional,0.9375,2,193,788,0,0.005,7.91,0,0.9374,flood,0,130 DEG. INSERT DRILLS - PURPLE COATING (CHANGE SFM TO 75 FOR GOLD).csv
LTH-07,Okuma Multus B250II,,5000,22,Default Preset,drill,Ductile Iron (K),K,Peck,drilling,roughing,plunge,0.9375,2,135,551,0,0.0025,2.77,0,0.9374,flood,0,130 DEG. INSERT DRILLS - PURPLE COATING (CHANGE SFM TO 75 FOR GOLD).csv
LTH-07,Okuma Multus B250II,,5000,22,Default Preset,drill,Gray Iron (K),K,Drill,drilling,roughing,conventional,0.9449,2,246,995,0,0.005,10.03,0,0.9449,flood,0,130 DEG. INSERT DRILLS - PURPLE COATING (CHANGE SFM TO 75 FOR GOLD).csv
LTH-07,Okuma Multus B250II,,5000,22,Default Preset,drill,Gray Iron (K),K,Peck,drilling,roughing,plunge,0.9449,2,172,696,0,0.0025,3.51,0,0.9449,flood,0,130 DEG. INSERT DRILLS - PURPLE COATING (CHANGE SFM TO 75 FOR GOLD).csv
LTH-07,Okuma Multus B250II,,5000,22,Default Preset,drill,Ductile Iron (K),K,Drill,drilling,roughing,conventional,0.9449,2,193,782,0,0.005,7.88,0,0.9449,flood,0,130 DEG. INSERT DRILLS - PURPLE COATING (CHANGE SFM TO 75 FOR GOLD).csv
LTH-07,Okuma Multus B250II,,5000,22,Default Preset,drill,Ductile Iron (K),K,Peck,drilling,roughing,plunge,0.9449,2,135,547,0,0.0025,2.76,0,0.9449,flood,0,130 DEG. INSERT DRILLS - PURPLE COATING (CHANGE SFM TO 75 FOR GOLD).csv
LTH-07,Okuma Multus B250II,,5000,22,Default Preset,drill,Gray Iron (K),K,Drill,drilling,roughing,conventional,0.968,2,246,971,0,0.0051,9.9,0,0.9681,flood,0,130 DEG. INSERT DRILLS - PURPLE COATING (CHANGE SFM TO 75 FOR GOLD).csv
LTH-07,Okuma Multus B250II,,5000,22,Default Preset,drill,Gray Iron (K),K,Peck,drilling,roughing,plunge,0.968,2,172,680,0,0.0025,3.47,0,0.9681,flood,0,130 DEG. INSERT DRILLS - PURPLE COATING (CHANGE SFM TO 75 FOR GOLD).csv
LTH-07,Okuma Multus B250II,,5000,22,Default Preset,drill,Ductile Iron (K),K,Drill,drilling,roughing,conventional,0.968,2,193,763,0,0.0051,7.78,0,0.9681,flood,0,130 DEG. INSERT DRILLS - PURPLE COATING (CHANGE SFM TO 75 FOR GOLD).csv
LTH-07,Okuma Multus B250II,,5000,22,Default Preset,drill,Ductile Iron (K),K,Peck,drilling,roughing,plunge,0.968,2,135,534,0,0.0025,2.72,0,0.9681,flood,0,130 DEG. INSERT DRILLS - PURPLE COATING (CHANGE SFM TO 75 FOR GOLD).csv
LTH-07,Okuma Multus B250II,,5000,22,Default Preset,drill,Gray Iron (K),K,Drill,drilling,roughing,conventional,0.981,2,246,958,0,0.0051,9.84,0,0.9811,flood,0,130 DEG. INSERT DRILLS - PURPLE COATING (CHANGE SFM TO 75 FOR GOLD).csv
LTH-07,Okuma Multus B250II,,5000,22,Default Preset,drill,Gray Iron (K),K,Peck,drilling,roughing,plunge,0.981,2,172,671,0,0.0026,3.45,0,0.9811,flood,0,130 DEG. INSERT DRILLS - PURPLE COATING (CHANGE SFM TO 75 FOR GOLD).csv
LTH-07,Okuma Multus B250II,,5000,22,Default Preset,drill,Ductile Iron (K),K,Drill,drilling,roughing,conventional,0.981,2,193,753,0,0.0051,7.74,0,0.9811,flood,0,130 DEG. INSERT DRILLS - PURPLE COATING (CHANGE SFM TO 75 FOR GOLD).csv
LTH-07,Okuma Multus B250II,,5000,22,Default Preset,drill,Ductile Iron (K),K,Peck,drilling,roughing,plunge,0.981,2,135,527,0,0.0026,2.71,0,0.9811,flood,0,130 DEG. INSERT DRILLS - PURPLE COATING (CHANGE SFM TO 75 FOR GOLD).csv
LTH-07,Okuma Multus B250II,,5000,22,Default Preset,drill,Gray Iron (K),K,Drill,drilling,roughing,conventional,0.984,2,246,955,0,0.0051,9.81,0,0.9839,flood,0,130 DEG. INSERT DRILLS - PURPLE COATING (CHANGE SFM TO 75 FOR GOLD).csv
LTH-07,Okuma Multus B250II,,5000,22,Default Preset,drill,Gray Iron (K),K,Peck,drilling,roughing,plunge,0.984,2,172,669,0,0.0026,3.44,0,0.9839,flood,0,130 DEG. INSERT DRILLS - PURPLE COATING (CHANGE SFM TO 75 FOR GOLD).csv
LTH-07,Okuma Multus B250II,,5000,22,Default Preset,drill,Ductile Iron (K),K,Drill,drilling,roughing,conventional,0.984,2,193,750,0,0.0051,7.71,0,0.9839,flood,0,130 DEG. INSERT DRILLS - PURPLE COATING (CHANGE SFM TO 75 FOR GOLD).csv
LTH-07,Okuma Multus B250II,,5000,22,Default Preset,drill,Ductile Iron (K),K,Peck,drilling,roughing,plunge,0.984,2,135,525,0,0.0026,2.7,0,0.9839,flood,0,130 DEG. INSERT DRILLS - PURPLE COATING (CHANGE SFM TO 75 FOR GOLD).csv
LTH-07,Okuma Multus B250II,,5000,22,Default Preset,drill,Gray Iron (K),K,Drill,drilling,roughing,conventional,1,2,246,940,0,0.0052,9.73,0,1,flood,0,130 DEG. INSERT DRILLS - PURPLE COATING (CHANGE SFM TO 75 FOR GOLD).csv
LTH-07,Okuma Multus B250II,,5000,22,Default Preset,drill,Gray Iron (K),K,Peck,drilling,roughing,plunge,1,2,172,658,0,0.0026,3.41,0,1,flood,0,130 DEG. INSERT DRILLS - PURPLE COATING (CHANGE SFM TO 75 FOR GOLD).csv
LTH-07,Okuma Multus B250II,,5000,22,Default Preset,drill,Ductile Iron (K),K,Drill,drilling,roughing,conventional,1,2,193,738,0,0.0052,7.64,0,1,flood,0,130 DEG. INSERT DRILLS - PURPLE COATING (CHANGE SFM TO 75 FOR GOLD).csv
LTH-07,Okuma Multus B250II,,5000,22,Default Preset,drill,Ductile Iron (K),K,Peck,drilling,roughing,plunge,1,2,135,517,0,0.0026,2.68,0,1,flood,0,130 DEG. INSERT DRILLS - PURPLE COATING (CHANGE SFM TO 75 FOR GOLD).csv
LTH-07,Okuma Multus B250II,,5000,22,Default Preset,drill,Gray Iron (K),K,Drill,drilling,roughing,conventional,1.063,2,246,884,0,0.0053,9.36,0,1.063,flood,0,130 DEG. INSERT DRILLS - PURPLE COATING (CHANGE SFM TO 75 FOR GOLD).csv
LTH-07,Okuma Multus B250II,,5000,22,Default Preset,drill,Gray Iron (K),K,Peck,drilling,roughing,plunge,1.063,2,172,619,0,0.0026,3.28,0,1.063,flood,0,130 DEG. INSERT DRILLS - PURPLE COATING (CHANGE SFM TO 75 FOR GOLD).csv
LTH-07,Okuma Multus B250II,,5000,22,Default Preset,drill,Ductile Iron (K),K,Drill,drilling,roughing,conventional,1.063,2,193,695,0,0.0053,7.36,0,1.063,flood,0,130 DEG. INSERT DRILLS - PURPLE COATING (CHANGE SFM TO 75 FOR GOLD).csv
LTH-07,Okuma Multus B250II,,5000,22,Default Preset,drill,Ductile Iron (K),K,Peck,drilling,roughing,plunge,1.063,2,135,486,0,0.0026,2.57,0,1.063,flood,0,130 DEG. INSERT DRILLS - PURPLE COATING (CHANGE SFM TO 75 FOR GOLD).csv
LTH-07,Okuma Multus B250II,,5000,22,Default Preset,drill,Gray Iron (K),K,Drill,drilling,roughing,conventional,1.093,2,246,860,0,0.0054,9.21,0,1.0929,flood,0,130 DEG. INSERT DRILLS - PURPLE COATING (CHANGE SFM TO 75 FOR GOLD).csv
LTH-07,Okuma Multus B250II,,5000,22,Default Preset,drill,Gray Iron (K),K,Peck,drilling,roughing,plunge,1.093,2,172,602,0,0.0027,3.22,0,1.0929,flood,0,130 DEG. INSERT DRILLS - PURPLE COATING (CHANGE SFM TO 75 FOR GOLD).csv
LTH-07,Okuma Multus B250II,,5000,22,Default Preset,drill,Ductile Iron (K),K,Drill,drilling,roughing,conventional,1.093,2,193,676,0,0.0054,7.24,0,1.0929,flood,0,130 DEG. INSERT DRILLS - PURPLE COATING (CHANGE SFM TO 75 FOR GOLD).csv
LTH-07,Okuma Multus B250II,,5000,22,Default Preset,drill,Ductile Iron (K),K,Peck,drilling,roughing,plunge,1.093,2,135,473,0,0.0027,2.53,0,1.0929,flood,0,130 DEG. INSERT DRILLS - PURPLE COATING (CHANGE SFM TO 75 FOR GOLD).csv
LTH-07,Okuma Multus B250II,,5000,22,Default Preset,drill,Gray Iron (K),K,Drill,drilling,roughing,conventional,1.156,2,246,813,0,0.0055,8.9,0,1.1559,flood,0,130 DEG. INSERT DRILLS - PURPLE COATING (CHANGE SFM TO 75 FOR GOLD).csv
LTH-07,Okuma Multus B250II,,5000,22,Default Preset,drill,Gray Iron (K),K,Peck,drilling,roughing,plunge,1.156,2,172,569,0,0.0027,3.11,0,1.1559,flood,0,130 DEG. INSERT DRILLS - PURPLE COATING (CHANGE SFM TO 75 FOR GOLD).csv
LTH-07,Okuma Multus B250II,,5000,22,Default Preset,drill,Ductile Iron (K),K,Drill,drilling,roughing,conventional,1.156,2,193,639,0,0.0055,6.99,0,1.1559,flood,0,130 DEG. INSERT DRILLS - PURPLE COATING (CHANGE SFM TO 75 FOR GOLD).csv
LTH-07,Okuma Multus B250II,,5000,22,Default Preset,drill,Ductile Iron (K),K,Peck,drilling,roughing,plunge,1.156,2,135,447,0,0.0027,2.45,0,1.1559,flood,0,130 DEG. INSERT DRILLS - PURPLE COATING (CHANGE SFM TO 75 FOR GOLD).csv
LTH-07,Okuma Multus B250II,,5000,22,Default Preset,drill,Gray Iron (K),K,Drill,drilling,roughing,conventional,1.218,2,246,772,0,0.0056,8.63,0,1.2181,flood,0,130 DEG. INSERT DRILLS - PURPLE COATING (CHANGE SFM TO 75 FOR GOLD).csv
LTH-07,Okuma Multus B250II,,5000,22,Default Preset,drill,Gray Iron (K),K,Peck,drilling,roughing,plunge,1.218,2,172,540,0,0.0028,3.02,0,1.2181,flood,0,130 DEG. INSERT DRILLS - PURPLE COATING (CHANGE SFM TO 75 FOR GOLD).csv
LTH-07,Okuma Multus B250II,,5000,22,Default Preset,drill,Ductile Iron (K),K,Drill,drilling,roughing,conventional,1.218,2,193,606,0,0.0056,6.78,0,1.2181,flood,0,130 DEG. INSERT DRILLS - PURPLE COATING (CHANGE SFM TO 75 FOR GOLD).csv
LTH-07,Okuma Multus B250II,,5000,22,Default Preset,drill,Ductile Iron (K),K,Peck,drilling,roughing,plunge,1.218,2,135,424,0,0.0028,2.37,0,1.2181,flood,0,130 DEG. INSERT DRILLS - PURPLE COATING (CHANGE SFM TO 75 FOR GOLD).csv
LTH-07,Okuma Multus B250II,,5000,22,Default Preset,drill,Gray Iron (K),K,Drill,drilling,roughing,conventional,1.281,2,246,734,0,0.0057,8.38,0,1.2811,flood,0,130 DEG. INSERT DRILLS - PURPLE COATING (CHANGE SFM TO 75 FOR GOLD).csv
LTH-07,Okuma Multus B250II,,5000,22,Default Preset,drill,Gray Iron (K),K,Peck,drilling,roughing,plunge,1.281,2,172,514,0,0.0029,2.93,0,1.2811,flood,0,130 DEG. INSERT DRILLS - PURPLE COATING (CHANGE SFM TO 75 FOR GOLD).csv
LTH-07,Okuma Multus B250II,,5000,22,Default Preset,drill,Ductile Iron (K),K,Drill,drilling,roughing,conventional,1.281,2,193,576,0,0.0057,6.58,0,1.2811,flood,0,130 DEG. INSERT DRILLS - PURPLE COATING (CHANGE SFM TO 75 FOR GOLD).csv
LTH-07,Okuma Multus B250II,,5000,22,Default Preset,drill,Ductile Iron (K),K,Peck,drilling,roughing,plunge,1.281,2,135,404,0,0.0029,2.31,0,1.2811,flood,0,130 DEG. INSERT DRILLS - PURPLE COATING (CHANGE SFM TO 75 FOR GOLD).csv
LTH-07,Okuma Multus B250II,,5000,22,Default Preset,drill,Gray Iron (K),K,Drill,drilling,roughing,conventional,1.3125,2,246,716,0,0.0058,8.26,0,1.3126,flood,0,130 DEG. INSERT DRILLS - PURPLE COATING (CHANGE SFM TO 75 FOR GOLD).csv
LTH-07,Okuma Multus B250II,,5000,22,Default Preset,drill,Gray Iron (K),K,Peck,drilling,roughing,plunge,1.3125,2,172,501,0,0.0029,2.89,0,1.3126,flood,0,130 DEG. INSERT DRILLS - PURPLE COATING (CHANGE SFM TO 75 FOR GOLD).csv
LTH-07,Okuma Multus B250II,,5000,22,Default Preset,drill,Ductile Iron (K),K,Drill,drilling,roughing,conventional,1.3125,2,193,563,0,0.0058,6.49,0,1.3126,flood,0,130 DEG. INSERT DRILLS - PURPLE COATING (CHANGE SFM TO 75 FOR GOLD).csv
LTH-07,Okuma Multus B250II,,5000,22,Default Preset,drill,Ductile Iron (K),K,Peck,drilling,roughing,plunge,1.3125,2,135,394,0,0.0029,2.27,0,1.3126,flood,0,130 DEG. INSERT DRILLS - PURPLE COATING (CHANGE SFM TO 75 FOR GOLD).csv
LTH-07,Okuma Multus B250II,,5000,22,Default Preset,drill,Gray Iron (K),K,Drill,drilling,roughing,conventional,1.35,2,246,696,0,0.0058,8.11,0,1.35,flood,0,130 DEG. INSERT DRILLS - PURPLE COATING (CHANGE SFM TO 75 FOR GOLD).csv
LTH-07,Okuma Multus B250II,,5000,22,Default Preset,drill,Gray Iron (K),K,Peck,drilling,roughing,plunge,1.35,2,172,487,0,0.0029,2.84,0,1.35,flood,0,130 DEG. INSERT DRILLS - PURPLE COATING (CHANGE SFM TO 75 FOR GOLD).csv
LTH-07,Okuma Multus B250II,,5000,22,Default Preset,drill,Ductile Iron (K),K,Drill,drilling,roughing,conventional,1.35,2,193,547,0,0.0058,6.37,0,1.35,flood,0,130 DEG. INSERT DRILLS - PURPLE COATING (CHANGE SFM TO 75 FOR GOLD).csv
LTH-07,Okuma Multus B250II,,5000,22,Default Preset,drill,Ductile Iron (K),K,Peck,drilling,roughing,plunge,1.35,2,135,383,0,0.0029,2.23,0,1.35,flood,0,130 DEG. INSERT DRILLS - PURPLE COATING (CHANGE SFM TO 75 FOR GOLD).csv
LTH-07,Okuma Multus B250II,,5000,22,Default Preset,drill,Gray Iron (K),K,Drill,drilling,roughing,conventional,1.406,2,246,668,0,0.0059,7.92,0,1.4059,flood,0,130 DEG. INSERT DRILLS - PURPLE COATING (CHANGE SFM TO 75 FOR GOLD).csv
LTH-07,Okuma Multus B250II,,5000,22,Default Preset,drill,Gray Iron (K),K,Peck,drilling,roughing,plunge,1.406,2,172,468,0,0.003,2.77,0,1.4059,flood,0,130 DEG. INSERT DRILLS - PURPLE COATING (CHANGE SFM TO 75 FOR GOLD).csv
LTH-07,Okuma Multus B250II,,5000,22,Default Preset,drill,Ductile Iron (K),K,Drill,drilling,roughing,conventional,1.406,2,193,525,0,0.0059,6.22,0,1.4059,flood,0,130 DEG. INSERT DRILLS - PURPLE COATING (CHANGE SFM TO 75 FOR GOLD).csv
LTH-07,Okuma Multus B250II,,5000,22,Default Preset,drill,Ductile Iron (K),K,Peck,drilling,roughing,plunge,1.406,2,135,368,0,0.003,2.18,0,1.4059,flood,0,130 DEG. INSERT DRILLS - PURPLE COATING (CHANGE SFM TO 75 FOR GOLD).csv
LTH-07,Okuma Multus B250II,,5000,22,Default Preset,drill,Gray Iron (K),K,Drill,drilling,roughing,conventional,0.5,2,246,1880,0,0.0036,13.69,0,0.5,flood,0,130 DEG. INSERT DRILLS - PURPLE COATING (CHANGE SFM TO 75 FOR GOLD).csv
LTH-07,Okuma Multus B250II,,5000,22,Default Preset,drill,Gray Iron (K),K,Peck,drilling,roughing,plunge,0.5,2,172,1316,0,0.0018,4.79,0,0.5,flood,0,130 DEG. INSERT DRILLS - PURPLE COATING (CHANGE SFM TO 75 FOR GOLD).csv
LTH-07,Okuma Multus B250II,,5000,22,Default Preset,drill,Ductile Iron (K),K,Drill,drilling,roughing,conventional,0.5,2,193,1477,0,0.0036,10.76,0,0.5,flood,0,130 DEG. INSERT DRILLS - PURPLE COATING (CHANGE SFM TO 75 FOR GOLD).csv
LTH-07,Okuma Multus B250II,,5000,22,Default Preset,drill,Ductile Iron (K),K,Peck,drilling,roughing,plunge,0.5,2,135,1034,0,0.0018,3.77,0,0.5,flood,0,130 DEG. INSERT DRILLS - PURPLE COATING (CHANGE SFM TO 75 FOR GOLD).csv
LTH-07,Okuma Multus B250II,,5000,22,Default Preset,drill,Gray Iron (K),K,Drill,drilling,roughing,conventional,0.515,2,246,1825,0,0.0037,13.44,0,0.515,flood,0,130 DEG. INSERT DRILLS - PURPLE COATING (CHANGE SFM TO 75 FOR GOLD).csv
LTH-07,Okuma Multus B250II,,5000,22,Default Preset,drill,Gray Iron (K),K,Peck,drilling,roughing,plunge,0.515,2,172,1278,0,0.0018,4.7,0,0.515,flood,0,130 DEG. INSERT DRILLS - PURPLE COATING (CHANGE SFM TO 75 FOR GOLD).csv
LTH-07,Okuma Multus B250II,,5000,22,Default Preset,drill,Ductile Iron (K),K,Drill,drilling,roughing,conventional,0.515,2,193,1434,0,0.0037,10.56,0,0.515,flood,0,130 DEG. INSERT DRILLS - PURPLE COATING (CHANGE SFM TO 75 FOR GOLD).csv
LTH-07,Okuma Multus B250II,,5000,22,Default Preset,drill,Ductile Iron (K),K,Peck,drilling,roughing,plunge,0.515,2,135,1004,0,0.0018,3.7,0,0.515,flood,0,130 DEG. INSERT DRILLS - PURPLE COATING (CHANGE SFM TO 75 FOR GOLD).csv
LTH-07,Okuma Multus B250II,,5000,22,Default Preset,drill,Gray Iron (K),K,Drill,drilling,roughing,conventional,0.868,2,246,1083,0,0.0048,10.45,0,0.8681,flood,0,130 DEG. INSERT DRILLS - PURPLE COATING (CHANGE SFM TO 75 FOR GOLD).csv
LTH-07,Okuma Multus B250II,,5000,22,Default Preset,drill,Gray Iron (K),K,Peck,drilling,roughing,plunge,0.868,2,172,758,0,0.0024,3.66,0,0.8681,flood,0,130 DEG. INSERT DRILLS - PURPLE COATING (CHANGE SFM TO 75 FOR GOLD).csv
LTH-07,Okuma Multus B250II,,5000,22,Default Preset,drill,Ductile Iron (K),K,Drill,drilling,roughing,conventional,0.868,2,193,851,0,0.0048,8.21,0,0.8681,flood,0,130 DEG. INSERT DRILLS - PURPLE COATING (CHANGE SFM TO 75 FOR GOLD).csv
LTH-07,Okuma Multus B250II,,5000,22,Default Preset,drill,Ductile Iron (K),K,Peck,drilling,roughing,plunge,0.868,2,135,596,0,0.0024,2.87,0,0.8681,flood,0,130 DEG. INSERT DRILLS - PURPLE COATING (CHANGE SFM TO 75 FOR GOLD).csv
LTH-07,Okuma Multus B250II,,5000,22,Default Preset,drill,Gray Iron (K),K,Drill,drilling,roughing,conventional,1.015,2,246,926,0,0.0052,9.62,0,1.015,flood,0,130 DEG. INSERT DRILLS - PURPLE COATING (CHANGE SFM TO 75 FOR GOLD).csv
LTH-07,Okuma Multus B250II,,5000,22,Default Preset,drill,Gray Iron (K),K,Peck,drilling,roughing,plunge,1.015,2,172,648,0,0.0026,3.37,0,1.015,flood,0,130 DEG. INSERT DRILLS - PURPLE COATING (CHANGE SFM TO 75 FOR GOLD).csv
LTH-07,Okuma Multus B250II,,5000,22,Default Preset,drill,Ductile Iron (K),K,Drill,drilling,roughing,conventional,1.015,2,193,728,0,0.0052,7.57,0,1.015,flood,0,130 DEG. INSERT DRILLS - PURPLE COATING (CHANGE SFM TO 75 FOR GOLD).csv
LTH-07,Okuma Multus B250II,,5000,22,Default Preset,drill,Ductile Iron (K),K,Peck,drilling,roughing,plunge,1.015,2,135,509,0,0.0026,2.65,0,1.015,flood,0,130 DEG. INSERT DRILLS - PURPLE COATING (CHANGE SFM TO 75 FOR GOLD).csv
LTH-07,Okuma Multus B250II,,5000,22,Default Preset,drill,Gray Iron (K),K,Drill,drilling,roughing,conventional,1.031,2,246,912,0,0.0052,9.55,0,1.0311,flood,0,130 DEG. INSERT DRILLS - PURPLE COATING (CHANGE SFM TO 75 FOR GOLD).csv
LTH-07,Okuma Multus B250II,,5000,22,Default Preset,drill,Gray Iron (K),K,Peck,drilling,roughing,plunge,1.031,2,172,638,0,0.0026,3.34,0,1.0311,flood,0,130 DEG. INSERT DRILLS - PURPLE COATING (CHANGE SFM TO 75 FOR GOLD).csv
LTH-07,Okuma Multus B250II,,5000,22,Default Preset,drill,Ductile Iron (K),K,Drill,drilling,roughing,conventional,1.031,2,193,716,0,0.0052,7.5,0,1.0311,flood,0,130 DEG. INSERT DRILLS - PURPLE COATING (CHANGE SFM TO 75 FOR GOLD).csv
LTH-07,Okuma Multus B250II,,5000,22,Default Preset,drill,Ductile Iron (K),K,Peck,drilling,roughing,plunge,1.031,2,135,501,0,0.0026,2.62,0,1.0311,flood,0,130 DEG. INSERT DRILLS - PURPLE COATING (CHANGE SFM TO 75 FOR GOLD).csv
LTH-07,Okuma Multus B250II,,5000,22,Default Preset,drill,Gray Iron (K),K,Drill,drilling,roughing,conventional,1.125,2,246,835,0,0.0054,9.04,0,1.1252,flood,0,130 DEG. INSERT DRILLS - PURPLE COATING (CHANGE SFM TO 75 FOR GOLD).csv
LTH-07,Okuma Multus B250II,,5000,22,Default Preset,drill,Gray Iron (K),K,Peck,drilling,roughing,plunge,1.125,2,172,585,0,0.0027,3.17,0,1.1252,flood,0,130 DEG. INSERT DRILLS - PURPLE COATING (CHANGE SFM TO 75 FOR GOLD).csv
LTH-07,Okuma Multus B250II,,5000,22,Default Preset,drill,Ductile Iron (K),K,Drill,drilling,roughing,conventional,1.125,2,193,656,0,0.0054,7.1,0,1.1252,flood,0,130 DEG. INSERT DRILLS - PURPLE COATING (CHANGE SFM TO 75 FOR GOLD).csv
LTH-07,Okuma Multus B250II,,5000,22,Default Preset,drill,Ductile Iron (K),K,Peck,drilling,roughing,plunge,1.125,2,135,460,0,0.0027,2.49,0,1.1252,flood,0,130 DEG. INSERT DRILLS - PURPLE COATING (CHANGE SFM TO 75 FOR GOLD).csv
LTH-07,Okuma Multus B250II,,5000,22,Default Preset,drill,Gray Iron (K),K,Drill,drilling,roughing,conventional,1.1875,2,246,791,0,0.0055,8.75,0,1.1874,flood,0,130 DEG. INSERT DRILLS - PURPLE COATING (CHANGE SFM TO 75 FOR GOLD).csv
LTH-07,Okuma Multus B250II,,5000,22,Default Preset,drill,Gray Iron (K),K,Peck,drilling,roughing,plunge,1.1875,2,172,554,0,0.0028,3.06,0,1.1874,flood,0,130 DEG. INSERT DRILLS - PURPLE COATING (CHANGE SFM TO 75 FOR GOLD).csv
LTH-07,Okuma Multus B250II,,5000,22,Default Preset,drill,Ductile Iron (K),K,Drill,drilling,roughing,conventional,1.1875,2,193,622,0,0.0055,6.88,0,1.1874,flood,0,130 DEG. INSERT DRILLS - PURPLE COATING (CHANGE SFM TO 75 FOR GOLD).csv
LTH-07,Okuma Multus B250II,,5000,22,Default Preset,drill,Ductile Iron (K),K,Peck,drilling,roughing,plunge,1.1875,2,135,435,0,0.0028,2.41,0,1.1874,flood,0,130 DEG. INSERT DRILLS - PURPLE COATING (CHANGE SFM TO 75 FOR GOLD).csv
LTH-07,Okuma Multus B250II,,5000,22,Default Preset,drill,Gray Iron (K),K,Drill,drilling,roughing,conventional,1.234,2,246,762,0,0.0056,8.55,0,1.2339,flood,0,130 DEG. INSERT DRILLS - PURPLE COATING (CHANGE SFM TO 75 FOR GOLD).csv
LTH-07,Okuma Multus B250II,,5000,22,Default Preset,drill,Gray Iron (K),K,Peck,drilling,roughing,plunge,1.234,2,172,533,0,0.0028,2.99,0,1.2339,flood,0,130 DEG. INSERT DRILLS - PURPLE COATING (CHANGE SFM TO 75 FOR GOLD).csv
LTH-07,Okuma Multus B250II,,5000,22,Default Preset,drill,Ductile Iron (K),K,Drill,drilling,roughing,conventional,1.234,2,193,598,0,0.0056,6.71,0,1.2339,flood,0,130 DEG. INSERT DRILLS - PURPLE COATING (CHANGE SFM TO 75 FOR GOLD).csv
LTH-07,Okuma Multus B250II,,5000,22,Default Preset,drill,Ductile Iron (K),K,Peck,drilling,roughing,plunge,1.234,2,135,419,0,0.0028,2.35,0,1.2339,flood,0,130 DEG. INSERT DRILLS - PURPLE COATING (CHANGE SFM TO 75 FOR GOLD).csv
LTH-07,Okuma Multus B250II,,5000,22,Default Preset,drill,Gray Iron (K),K,Drill,drilling,roughing,conventional,1.375,2,246,684,0,0.0059,8.02,0,1.3748,flood,0,130 DEG. INSERT DRILLS - PURPLE COATING (CHANGE SFM TO 75 FOR GOLD).csv
LTH-07,Okuma Multus B250II,,5000,22,Default Preset,drill,Gray Iron (K),K,Peck,drilling,roughing,plunge,1.375,2,172,478,0,0.0029,2.8,0,1.3748,flood,0,130 DEG. INSERT DRILLS - PURPLE COATING (CHANGE SFM TO 75 FOR GOLD).csv
LTH-07,Okuma Multus B250II,,5000,22,Default Preset,drill,Ductile Iron (K),K,Drill,drilling,roughing,conventional,1.375,2,193,537,0,0.0059,6.3,0,1.3748,flood,0,130 DEG. INSERT DRILLS - PURPLE COATING (CHANGE SFM TO 75 FOR GOLD).csv
LTH-07,Okuma Multus B250II,,5000,22,Default Preset,drill,Ductile Iron (K),K,Peck,drilling,roughing,plunge,1.375,2,135,376,0,0.0029,2.21,0,1.3748,flood,0,130 DEG. INSERT DRILLS - PURPLE COATING (CHANGE SFM TO 75 FOR GOLD).csv
LTH-07,Okuma Multus B250II,,5000,22,Default Preset,drill,Gray Iron (K),K,Drill,drilling,roughing,conventional,1.5,2,246,627,0,0.0061,7.63,0,1.5,flood,0,130 DEG. INSERT DRILLS - PURPLE COATING (CHANGE SFM TO 75 FOR GOLD).csv
LTH-07,Okuma Multus B250II,,5000,22,Default Preset,drill,Gray Iron (K),K,Peck,drilling,roughing,plunge,1.5,2,172,439,0,0.003,2.67,0,1.5,flood,0,130 DEG. INSERT DRILLS - PURPLE COATING (CHANGE SFM TO 75 FOR GOLD).csv
LTH-07,Okuma Multus B250II,,5000,22,Default Preset,drill,Ductile Iron (K),K,Drill,drilling,roughing,conventional,1.5,2,193,492,0,0.0061,5.99,0,1.5,flood,0,130 DEG. INSERT DRILLS - PURPLE COATING (CHANGE SFM TO 75 FOR GOLD).csv
LTH-07,Okuma Multus B250II,,5000,22,Default Preset,drill,Ductile Iron (K),K,Peck,drilling,roughing,plunge,1.5,2,135,345,0,0.003,2.1,0,1.5,flood,0,130 DEG. INSERT DRILLS - PURPLE COATING (CHANGE SFM TO 75 FOR GOLD).csv
LTH-07,Okuma Multus B250II,,5000,22,Default Preset,drill,Gray Iron (K),K,Drill,drilling,roughing,conventional,0.4375,2,246,2148,0,0.0033,14.21,0,0.4374,flood,0,180 DEG. INSERT DRILLS (FLAT).csv
LTH-07,Okuma Multus B250II,,5000,22,Default Preset,drill,Gray Iron (K),K,Peck,drilling,roughing,plunge,0.4375,2,172,1504,0,0.0017,4.97,0,0.4374,flood,0,180 DEG. INSERT DRILLS (FLAT).csv
LTH-07,Okuma Multus B250II,,5000,22,Default Preset,drill,Ductile Iron (K),K,Drill,drilling,roughing,conventional,0.4375,2,193,1688,0,0.0033,11.16,0,0.4374,flood,0,180 DEG. INSERT DRILLS (FLAT).csv
LTH-07,Okuma Multus B250II,,5000,22,Default Preset,drill,Ductile Iron (K),K,Peck,drilling,roughing,plunge,0.4375,2,135,1182,0,0.0017,3.91,0,0.4374,flood,0,180 DEG. INSERT DRILLS (FLAT).csv
LTH-07,Okuma Multus B250II,,5000,22,Default Preset,drill,Gray Iron (K),K,Drill,drilling,roughing,conventional,0.4688,2,246,2005,0,0.0035,14.13,0,0.4689,flood,0,180 DEG. INSERT DRILLS (FLAT).csv
LTH-07,Okuma Multus B250II,,5000,22,Default Preset,drill,Gray Iron (K),K,Peck,drilling,roughing,plunge,0.4688,2,172,1403,0,0.0018,4.94,0,0.4689,flood,0,180 DEG. INSERT DRILLS (FLAT).csv
LTH-07,Okuma Multus B250II,,5000,22,Default Preset,drill,Ductile Iron (K),K,Drill,drilling,roughing,conventional,0.4688,2,193,1575,0,0.0035,11.1,0,0.4689,flood,0,180 DEG. INSERT DRILLS (FLAT).csv
LTH-07,Okuma Multus B250II,,5000,22,Default Preset,drill,Ductile Iron (K),K,Peck,drilling,roughing,plunge,0.4688,2,135,1103,0,0.0018,3.89,0,0.4689,flood,0,180 DEG. INSERT DRILLS (FLAT).csv
LTH-07,Okuma Multus B250II,,5000,22,Default Preset,drill,Gray Iron (K),K,Drill,drilling,roughing,conventional,0.48,2,246,1958,0,0.0036,13.95,0,0.4799,flood,0,180 DEG. INSERT DRILLS (FLAT).csv
LTH-07,Okuma Multus B250II,,5000,22,Default Preset,drill,Gray Iron (K),K,Peck,drilling,roughing,plunge,0.48,2,172,1371,0,0.0018,4.88,0,0.4799,flood,0,180 DEG. INSERT DRILLS (FLAT).csv
LTH-07,Okuma Multus B250II,,5000,22,Default Preset,drill,Ductile Iron (K),K,Drill,drilling,roughing,conventional,0.48,2,193,1539,0,0.0036,10.97,0,0.4799,flood,0,180 DEG. INSERT DRILLS (FLAT).csv
LTH-07,Okuma Multus B250II,,5000,22,Default Preset,drill,Ductile Iron (K),K,Peck,drilling,roughing,plunge,0.48,2,135,1077,0,0.0018,3.84,0,0.4799,flood,0,180 DEG. INSERT DRILLS (FLAT).csv
LTH-07,Okuma Multus B250II,,5000,22,Default Preset,drill,Gray Iron (K),K,Drill,drilling,roughing,conventional,0.493,2,246,1906,0,0.0036,13.81,0,0.4929,flood,0,180 DEG. INSERT DRILLS (FLAT).csv
LTH-07,Okuma Multus B250II,,5000,22,Default Preset,drill,Gray Iron (K),K,Peck,drilling,roughing,plunge,0.493,2,172,1335,0,0.0018,4.84,0,0.4929,flood,0,180 DEG. INSERT DRILLS (FLAT).csv
LTH-07,Okuma Multus B250II,,5000,22,Default Preset,drill,Ductile Iron (K),K,Drill,drilling,roughing,conventional,0.493,2,193,1498,0,0.0036,10.85,0,0.4929,flood,0,180 DEG. INSERT DRILLS (FLAT).csv
LTH-07,Okuma Multus B250II,,5000,22,Default Preset,drill,Ductile Iron (K),K,Peck,drilling,roughing,plunge,0.493,2,135,1049,0,0.0018,3.8,0,0.4929,flood,0,180 DEG. INSERT DRILLS (FLAT).csv
LTH-07,Okuma Multus B250II,,5000,22,Default Preset,drill,Gray Iron (K),K,Drill,drilling,roughing,conventional,0.5,2,246,1880,0,0.0036,13.69,0,0.5,flood,0,180 DEG. INSERT DRILLS (FLAT).csv
LTH-07,Okuma Multus B250II,,5000,22,Default Preset,drill,Gray Iron (K),K,Peck,drilling,roughing,plunge,0.5,2,172,1316,0,0.0018,4.79,0,0.5,flood,0,180 DEG. INSERT DRILLS (FLAT).csv
LTH-07,Okuma Multus B250II,,5000,22,Default Preset,drill,Ductile Iron (K),K,Drill,drilling,roughing,conventional,0.5,2,193,1477,0,0.0036,10.76,0,0.5,flood,0,180 DEG. INSERT DRILLS (FLAT).csv
LTH-07,Okuma Multus B250II,,5000,22,Default Preset,drill,Ductile Iron (K),K,Peck,drilling,roughing,plunge,0.5,2,135,1034,0,0.0018,3.77,0,0.5,flood,0,180 DEG. INSERT DRILLS (FLAT).csv
LTH-07,Okuma Multus B250II,,5000,22,Default Preset,drill,Gray Iron (K),K,Drill,drilling,roughing,conventional,0.515,2,246,1825,0,0.0037,13.44,0,0.515,flood,0,180 DEG. INSERT DRILLS (FLAT).csv
LTH-07,Okuma Multus B250II,,5000,22,Default Preset,drill,Gray Iron (K),K,Peck,drilling,roughing,plunge,0.515,2,172,1278,0,0.0018,4.7,0,0.515,flood,0,180 DEG. INSERT DRILLS (FLAT).csv
LTH-07,Okuma Multus B250II,,5000,22,Default Preset,drill,Ductile Iron (K),K,Drill,drilling,roughing,conventional,0.515,2,193,1434,0,0.0037,10.56,0,0.515,flood,0,180 DEG. INSERT DRILLS (FLAT).csv
LTH-07,Okuma Multus B250II,,5000,22,Default Preset,drill,Ductile Iron (K),K,Peck,drilling,roughing,plunge,0.515,2,135,1004,0,0.0018,3.7,0,0.515,flood,0,180 DEG. INSERT DRILLS (FLAT).csv
LTH-07,Okuma Multus B250II,,5000,22,Default Preset,drill,Gray Iron (K),K,Drill,drilling,roughing,conventional,0.531,2,246,1770,0,0.0037,13.24,0,0.5311,flood,0,180 DEG. INSERT DRILLS (FLAT).csv
LTH-07,Okuma Multus B250II,,5000,22,Default Preset,drill,Gray Iron (K),K,Peck,drilling,roughing,plunge,0.531,2,172,1239,0,0.0019,4.63,0,0.5311,flood,0,180 DEG. INSERT DRILLS (FLAT).csv
LTH-07,Okuma Multus B250II,,5000,22,Default Preset,drill,Ductile Iron (K),K,Drill,drilling,roughing,conventional,0.531,2,193,1391,0,0.0037,10.41,0,0.5311,flood,0,180 DEG. INSERT DRILLS (FLAT).csv
LTH-07,Okuma Multus B250II,,5000,22,Default Preset,drill,Ductile Iron (K),K,Peck,drilling,roughing,plunge,0.531,2,135,974,0,0.0019,3.64,0,0.5311,flood,0,180 DEG. INSERT DRILLS (FLAT).csv
LTH-07,Okuma Multus B250II,,5000,22,Default Preset,drill,Gray Iron (K),K,Drill,drilling,roughing,conventional,0.5625,2,246,1671,0,0.0038,12.83,0,0.5626,flood,0,180 DEG. INSERT DRILLS (FLAT).csv
LTH-07,Okuma Multus B250II,,5000,22,Default Preset,drill,Gray Iron (K),K,Peck,drilling,roughing,plunge,0.5625,2,172,1170,0,0.0019,4.49,0,0.5626,flood,0,180 DEG. INSERT DRILLS (FLAT).csv
LTH-07,Okuma Multus B250II,,5000,22,Default Preset,drill,Ductile Iron (K),K,Drill,drilling,roughing,conventional,0.5625,2,193,1313,0,0.0038,10.08,0,0.5626,flood,0,180 DEG. INSERT DRILLS (FLAT).csv
LTH-07,Okuma Multus B250II,,5000,22,Default Preset,drill,Ductile Iron (K),K,Peck,drilling,roughing,plunge,0.5625,2,135,919,0,0.0019,3.53,0,0.5626,flood,0,180 DEG. INSERT DRILLS (FLAT).csv
LTH-07,Okuma Multus B250II,,5000,22,Default Preset,drill,Gray Iron (K),K,Drill,drilling,roughing,conventional,0.57,2,246,1649,0,0.0039,12.79,0,0.5701,flood,0,180 DEG. INSERT DRILLS (FLAT).csv
LTH-07,Okuma Multus B250II,,5000,22,Default Preset,drill,Gray Iron (K),K,Peck,drilling,roughing,plunge,0.57,2,172,1154,0,0.0019,4.48,0,0.5701,flood,0,180 DEG. INSERT DRILLS (FLAT).csv
LTH-07,Okuma Multus B250II,,5000,22,Default Preset,drill,Ductile Iron (K),K,Drill,drilling,roughing,conventional,0.57,2,193,1296,0,0.0039,10.05,0,0.5701,flood,0,180 DEG. INSERT DRILLS (FLAT).csv
LTH-07,Okuma Multus B250II,,5000,22,Default Preset,drill,Ductile Iron (K),K,Peck,drilling,roughing,plunge,0.57,2,135,907,0,0.0019,3.52,0,0.5701,flood,0,180 DEG. INSERT DRILLS (FLAT).csv
LTH-07,Okuma Multus B250II,,5000,22,Default Preset,drill,Gray Iron (K),K,Drill,drilling,roughing,conventional,0.593,2,246,1585,0,0.004,12.54,0,0.5929,flood,0,180 DEG. INSERT DRILLS (FLAT).csv
LTH-07,Okuma Multus B250II,,5000,22,Default Preset,drill,Gray Iron (K),K,Peck,drilling,roughing,plunge,0.593,2,172,1109,0,0.002,4.39,0,0.5929,flood,0,180 DEG. INSERT DRILLS (FLAT).csv
LTH-07,Okuma Multus B250II,,5000,22,Default Preset,drill,Ductile Iron (K),K,Drill,drilling,roughing,conventional,0.593,2,193,1245,0,0.004,9.85,0,0.5929,flood,0,180 DEG. INSERT DRILLS (FLAT).csv
LTH-07,Okuma Multus B250II,,5000,22,Default Preset,drill,Ductile Iron (K),K,Peck,drilling,roughing,plunge,0.593,2,135,872,0,0.002,3.45,0,0.5929,flood,0,180 DEG. INSERT DRILLS (FLAT).csv
LTH-07,Okuma Multus B250II,,5000,22,Default Preset,drill,Gray Iron (K),K,Drill,drilling,roughing,conventional,0.6102,2,246,1540,0,0.004,12.37,0,0.6102,flood,0,180 DEG. INSERT DRILLS (FLAT).csv
LTH-07,Okuma Multus B250II,,5000,22,Default Preset,drill,Gray Iron (K),K,Peck,drilling,roughing,plunge,0.6102,2,172,1078,0,0.002,4.33,0,0.6102,flood,0,180 DEG. INSERT DRILLS (FLAT).csv
LTH-07,Okuma Multus B250II,,5000,22,Default Preset,drill,Ductile Iron (K),K,Drill,drilling,roughing,conventional,0.6102,2,193,1210,0,0.004,9.72,0,0.6102,flood,0,180 DEG. INSERT DRILLS (FLAT).csv
LTH-07,Okuma Multus B250II,,5000,22,Default Preset,drill,Ductile Iron (K),K,Peck,drilling,roughing,plunge,0.6102,2,135,847,0,0.002,3.4,0,0.6102,flood,0,180 DEG. INSERT DRILLS (FLAT).csv
LTH-07,Okuma Multus B250II,,5000,22,Default Preset,drill,Gray Iron (K),K,Drill,drilling,roughing,conventional,0.625,2,246,1504,0,0.0041,12.2,0,0.6252,flood,0,180 DEG. INSERT DRILLS (FLAT).csv
LTH-07,Okuma Multus B250II,,5000,22,Default Preset,drill,Gray Iron (K),K,Peck,drilling,roughing,plunge,0.625,2,172,1053,0,0.002,4.27,0,0.6252,flood,0,180 DEG. INSERT DRILLS (FLAT).csv
LTH-07,Okuma Multus B250II,,5000,22,Default Preset,drill,Ductile Iron (K),K,Drill,drilling,roughing,conventional,0.625,2,193,1182,0,0.0041,9.59,0,0.6252,flood,0,180 DEG. INSERT DRILLS (FLAT).csv
LTH-07,Okuma Multus B250II,,5000,22,Default Preset,drill,Ductile Iron (K),K,Peck,drilling,roughing,plunge,0.625,2,135,827,0,0.002,3.35,0,0.6252,flood,0,180 DEG. INSERT DRILLS (FLAT).csv
LTH-07,Okuma Multus B250II,,5000,22,Default Preset,drill,Gray Iron (K),K,Drill,drilling,roughing,conventional,0.656,2,246,1433,0,0.0042,11.9,0,0.6559,flood,0,180 DEG. INSERT DRILLS (FLAT).csv
LTH-07,Okuma Multus B250II,,5000,22,Default Preset,drill,Gray Iron (K),K,Peck,drilling,roughing,plunge,0.656,2,172,1003,0,0.0021,4.17,0,0.6559,flood,0,180 DEG. INSERT DRILLS (FLAT).csv
LTH-07,Okuma Multus B250II,,5000,22,Default Preset,drill,Ductile Iron (K),K,Drill,drilling,roughing,conventional,0.656,2,193,1126,0,0.0042,9.35,0,0.6559,flood,0,180 DEG. INSERT DRILLS (FLAT).csv
LTH-07,Okuma Multus B250II,,5000,22,Default Preset,drill,Ductile Iron (K),K,Peck,drilling,roughing,plunge,0.656,2,135,788,0,0.0021,3.27,0,0.6559,flood,0,180 DEG. INSERT DRILLS (FLAT).csv
LTH-07,Okuma Multus B250II,,5000,22,Default Preset,drill,Gray Iron (K),K,Drill,drilling,roughing,conventional,0.6875,2,246,1367,0,0.0043,11.68,0,0.6874,flood,0,180 DEG. INSERT DRILLS (FLAT).csv
LTH-07,Okuma Multus B250II,,5000,22,Default Preset,drill,Gray Iron (K),K,Peck,drilling,roughing,plunge,0.6875,2,172,957,0,0.0021,4.09,0,0.6874,flood,0,180 DEG. INSERT DRILLS (FLAT).csv
LTH-07,Okuma Multus B250II,,5000,22,Default Preset,drill,Ductile Iron (K),K,Drill,drilling,roughing,conventional,0.6875,2,193,1074,0,0.0043,9.18,0,0.6874,flood,0,180 DEG. INSERT DRILLS (FLAT).csv
LTH-07,Okuma Multus B250II,,5000,22,Default Preset,drill,Ductile Iron (K),K,Peck,drilling,roughing,plunge,0.6875,2,135,752,0,0.0021,3.21,0,0.6874,flood,0,180 DEG. INSERT DRILLS (FLAT).csv
LTH-07,Okuma Multus B250II,,5000,22,Default Preset,drill,Gray Iron (K),K,Drill,drilling,roughing,conventional,0.708,2,246,1328,0,0.0043,11.5,0,0.7079,flood,0,180 DEG. INSERT DRILLS (FLAT).csv
LTH-07,Okuma Multus B250II,,5000,22,Default Preset,drill,Gray Iron (K),K,Peck,drilling,roughing,plunge,0.708,2,172,929,0,0.0022,4.02,0,0.7079,flood,0,180 DEG. INSERT DRILLS (FLAT).csv
LTH-07,Okuma Multus B250II,,5000,22,Default Preset,drill,Ductile Iron (K),K,Drill,drilling,roughing,conventional,0.708,2,193,1043,0,0.0043,9.03,0,0.7079,flood,0,180 DEG. INSERT DRILLS (FLAT).csv
LTH-07,Okuma Multus B250II,,5000,22,Default Preset,drill,Ductile Iron (K),K,Peck,drilling,roughing,plunge,0.708,2,135,730,0,0.0022,3.16,0,0.7079,flood,0,180 DEG. INSERT DRILLS (FLAT).csv
LTH-07,Okuma Multus B250II,,5000,22,Default Preset,drill,Gray Iron (K),K,Drill,drilling,roughing,conventional,0.7188,2,246,1308,0,0.0044,11.43,0,0.7189,flood,0,180 DEG. INSERT DRILLS (FLAT).csv
LTH-07,Okuma Multus B250II,,5000,22,Default Preset,drill,Gray Iron (K),K,Peck,drilling,roughing,plunge,0.7188,2,172,915,0,0.0022,4,0,0.7189,flood,0,180 DEG. INSERT DRILLS (FLAT).csv
LTH-07,Okuma Multus B250II,,5000,22,Default Preset,drill,Ductile Iron (K),K,Drill,drilling,roughing,conventional,0.7188,2,193,1027,0,0.0044,8.98,0,0.7189,flood,0,180 DEG. INSERT DRILLS (FLAT).csv
LTH-07,Okuma Multus B250II,,5000,22,Default Preset,drill,Ductile Iron (K),K,Peck,drilling,roughing,plunge,0.7188,2,135,719,0,0.0022,3.14,0,0.7189,flood,0,180 DEG. INSERT DRILLS (FLAT).csv
LTH-07,Okuma Multus B250II,,5000,22,Default Preset,drill,Gray Iron (K),K,Drill,drilling,roughing,conventional,0.728,2,246,1291,0,0.0044,11.39,0,0.728,flood,0,180 DEG. INSERT DRILLS (FLAT).csv
LTH-07,Okuma Multus B250II,,5000,22,Default Preset,drill,Gray Iron (K),K,Peck,drilling,roughing,plunge,0.728,2,172,904,0,0.0022,3.99,0,0.728,flood,0,180 DEG. INSERT DRILLS (FLAT).csv
LTH-07,Okuma Multus B250II,,5000,22,Default Preset,drill,Ductile Iron (K),K,Drill,drilling,roughing,conventional,0.728,2,193,1014,0,0.0044,8.94,0,0.728,flood,0,180 DEG. INSERT DRILLS (FLAT).csv
LTH-07,Okuma Multus B250II,,5000,22,Default Preset,drill,Ductile Iron (K),K,Peck,drilling,roughing,plunge,0.728,2,135,710,0,0.0022,3.13,0,0.728,flood,0,180 DEG. INSERT DRILLS (FLAT).csv
LTH-07,Okuma Multus B250II,,5000,22,Default Preset,drill,Gray Iron (K),K,Drill,drilling,roughing,conventional,0.737,2,246,1275,0,0.0044,11.29,0,0.737,flood,0,180 DEG. INSERT DRILLS (FLAT).csv
LTH-07,Okuma Multus B250II,,5000,22,Default Preset,drill,Gray Iron (K),K,Peck,drilling,roughing,plunge,0.737,2,172,893,0,0.0022,3.96,0,0.737,flood,0,180 DEG. INSERT DRILLS (FLAT).csv
LTH-07,Okuma Multus B250II,,5000,22,Default Preset,drill,Ductile Iron (K),K,Drill,drilling,roughing,conventional,0.737,2,193,1002,0,0.0044,8.88,0,0.737,flood,0,180 DEG. INSERT DRILLS (FLAT).csv
LTH-07,Okuma Multus B250II,,5000,22,Default Preset,drill,Ductile Iron (K),K,Peck,drilling,roughing,plunge,0.737,2,135,701,0,0.0022,3.1,0,0.737,flood,0,180 DEG. INSERT DRILLS (FLAT).csv
LTH-07,Okuma Multus B250II,,5000,22,Default Preset,drill,Gray Iron (K),K,Drill,drilling,roughing,conventional,0.75,2,246,1253,0,0.0045,11.25,0,0.75,flood,0,180 DEG. INSERT DRILLS (FLAT).csv
LTH-07,Okuma Multus B250II,,5000,22,Default Preset,drill,Gray Iron (K),K,Peck,drilling,roughing,plunge,0.75,2,172,877,0,0.0022,3.94,0,0.75,flood,0,180 DEG. INSERT DRILLS (FLAT).csv
LTH-07,Okuma Multus B250II,,5000,22,Default Preset,drill,Ductile Iron (K),K,Drill,drilling,roughing,conventional,0.75,2,193,985,0,0.0045,8.84,0,0.75,flood,0,180 DEG. INSERT DRILLS (FLAT).csv
LTH-07,Okuma Multus B250II,,5000,22,Default Preset,drill,Ductile Iron (K),K,Peck,drilling,roughing,plunge,0.75,2,135,689,0,0.0022,3.09,0,0.75,flood,0,180 DEG. INSERT DRILLS (FLAT).csv
LTH-07,Okuma Multus B250II,,5000,22,Default Preset,drill,Gray Iron (K),K,Drill,drilling,roughing,conventional,0.787,2,246,1194,0,0.0046,11,0,0.787,flood,0,180 DEG. INSERT DRILLS (FLAT).csv
LTH-07,Okuma Multus B250II,,5000,22,Default Preset,drill,Gray Iron (K),K,Peck,drilling,roughing,plunge,0.787,2,172,836,0,0.0023,3.85,0,0.787,flood,0,180 DEG. INSERT DRILLS (FLAT).csv
LTH-07,Okuma Multus B250II,,5000,22,Default Preset,drill,Ductile Iron (K),K,Drill,drilling,roughing,conventional,0.787,2,193,938,0,0.0046,8.64,0,0.787,flood,0,180 DEG. INSERT DRILLS (FLAT).csv
LTH-07,Okuma Multus B250II,,5000,22,Default Preset,drill,Ductile Iron (K),K,Peck,drilling,roughing,plunge,0.787,2,135,657,0,0.0023,3.03,0,0.787,flood,0,180 DEG. INSERT DRILLS (FLAT).csv
LTH-07,Okuma Multus B250II,,5000,22,Default Preset,drill,Gray Iron (K),K,Drill,drilling,roughing,conventional,0.812,2,246,1158,0,0.0047,10.8,0,0.8118,flood,0,180 DEG. INSERT DRILLS (FLAT).csv
LTH-07,Okuma Multus B250II,,5000,22,Default Preset,drill,Gray Iron (K),K,Peck,drilling,roughing,plunge,0.812,2,172,810,0,0.0023,3.78,0,0.8118,flood,0,180 DEG. INSERT DRILLS (FLAT).csv
LTH-07,Okuma Multus B250II,,5000,22,Default Preset,drill,Ductile Iron (K),K,Drill,drilling,roughing,conventional,0.812,2,193,909,0,0.0047,8.48,0,0.8118,flood,0,180 DEG. INSERT DRILLS (FLAT).csv
LTH-07,Okuma Multus B250II,,5000,22,Default Preset,drill,Ductile Iron (K),K,Peck,drilling,roughing,plunge,0.812,2,135,637,0,0.0023,2.97,0,0.8118,flood,0,180 DEG. INSERT DRILLS (FLAT).csv
LTH-07,Okuma Multus B250II,,5000,22,Default Preset,drill,Gray Iron (K),K,Drill,drilling,roughing,conventional,0.821,2,246,1145,0,0.0047,10.77,0,0.8209,flood,0,180 DEG. INSERT DRILLS (FLAT).csv
LTH-07,Okuma Multus B250II,,5000,22,Default Preset,drill,Gray Iron (K),K,Peck,drilling,roughing,plunge,0.821,2,172,801,0,0.0024,3.77,0,0.8209,flood,0,180 DEG. INSERT DRILLS (FLAT).csv
LTH-07,Okuma Multus B250II,,5000,22,Default Preset,drill,Ductile Iron (K),K,Drill,drilling,roughing,conventional,0.821,2,193,899,0,0.0047,8.46,0,0.8209,flood,0,180 DEG. INSERT DRILLS (FLAT).csv
LTH-07,Okuma Multus B250II,,5000,22,Default Preset,drill,Ductile Iron (K),K,Peck,drilling,roughing,plunge,0.821,2,135,630,0,0.0024,2.96,0,0.8209,flood,0,180 DEG. INSERT DRILLS (FLAT).csv
LTH-07,Okuma Multus B250II,,5000,22,Default Preset,drill,Gray Iron (K),K,Drill,drilling,roughing,conventional,0.838,2,246,1122,0,0.0047,10.65,0,0.8382,flood,0,180 DEG. INSERT DRILLS (FLAT).csv
LTH-07,Okuma Multus B250II,,5000,22,Default Preset,drill,Gray Iron (K),K,Peck,drilling,roughing,plunge,0.838,2,172,785,0,0.0024,3.72,0,0.8382,flood,0,180 DEG. INSERT DRILLS (FLAT).csv
LTH-07,Okuma Multus B250II,,5000,22,Default Preset,drill,Ductile Iron (K),K,Drill,drilling,roughing,conventional,0.838,2,193,881,0,0.0047,8.36,0,0.8382,flood,0,180 DEG. INSERT DRILLS (FLAT).csv
LTH-07,Okuma Multus B250II,,5000,22,Default Preset,drill,Ductile Iron (K),K,Peck,drilling,roughing,plunge,0.838,2,135,617,0,0.0024,2.93,0,0.8382,flood,0,180 DEG. INSERT DRILLS (FLAT).csv
LTH-07,Okuma Multus B250II,,5000,22,Default Preset,drill,Gray Iron (K),K,Drill,drilling,roughing,conventional,0.843,2,246,1115,0,0.0048,10.62,0,0.8429,flood,0,180 DEG. INSERT DRILLS (FLAT).csv
LTH-07,Okuma Multus B250II,,5000,22,Default Preset,drill,Gray Iron (K),K,Peck,drilling,roughing,plunge,0.843,2,172,780,0,0.0024,3.72,0,0.8429,flood,0,180 DEG. INSERT DRILLS (FLAT).csv
LTH-07,Okuma Multus B250II,,5000,22,Default Preset,drill,Ductile Iron (K),K,Drill,drilling,roughing,conventional,0.843,2,193,876,0,0.0048,8.35,0,0.8429,flood,0,180 DEG. INSERT DRILLS (FLAT).csv
LTH-07,Okuma Multus B250II,,5000,22,Default Preset,drill,Ductile Iron (K),K,Peck,drilling,roughing,plunge,0.843,2,135,613,0,0.0024,2.92,0,0.8429,flood,0,180 DEG. INSERT DRILLS (FLAT).csv
LTH-07,Okuma Multus B250II,,5000,22,Default Preset,drill,Gray Iron (K),K,Drill,drilling,roughing,conventional,0.859,2,246,1094,0,0.0048,10.51,0,0.8591,flood,0,180 DEG. INSERT DRILLS (FLAT).csv
LTH-07,Okuma Multus B250II,,5000,22,Default Preset,drill,Gray Iron (K),K,Peck,drilling,roughing,plunge,0.859,2,172,766,0,0.0024,3.68,0,0.8591,flood,0,180 DEG. INSERT DRILLS (FLAT).csv
LTH-07,Okuma Multus B250II,,5000,22,Default Preset,drill,Ductile Iron (K),K,Drill,drilling,roughing,conventional,0.859,2,193,860,0,0.0048,8.26,0,0.8591,flood,0,180 DEG. INSERT DRILLS (FLAT).csv
LTH-07,Okuma Multus B250II,,5000,22,Default Preset,drill,Ductile Iron (K),K,Peck,drilling,roughing,plunge,0.859,2,135,602,0,0.0024,2.89,0,0.8591,flood,0,180 DEG. INSERT DRILLS (FLAT).csv
LTH-07,Okuma Multus B250II,,5000,22,Default Preset,drill,Gray Iron (K),K,Drill,drilling,roughing,conventional,0.868,2,246,1083,0,0.0048,10.45,0,0.8681,flood,0,180 DEG. INSERT DRILLS (FLAT).csv
LTH-07,Okuma Multus B250II,,5000,22,Default Preset,drill,Gray Iron (K),K,Peck,drilling,roughing,plunge,0.868,2,172,758,0,0.0024,3.66,0,0.8681,flood,0,180 DEG. INSERT DRILLS (FLAT).csv
LTH-07,Okuma Multus B250II,,5000,22,Default Preset,drill,Ductile Iron (K),K,Drill,drilling,roughing,conventional,0.868,2,193,851,0,0.0048,8.21,0,0.8681,flood,0,180 DEG. INSERT DRILLS (FLAT).csv
LTH-07,Okuma Multus B250II,,5000,22,Default Preset,drill,Ductile Iron (K),K,Peck,drilling,roughing,plunge,0.868,2,135,596,0,0.0024,2.87,0,0.8681,flood,0,180 DEG. INSERT DRILLS (FLAT).csv
LTH-07,Okuma Multus B250II,,5000,22,Default Preset,drill,Gray Iron (K),K,Drill,drilling,roughing,conventional,0.875,2,246,1074,0,0.0048,10.4,0,0.8752,flood,0,180 DEG. INSERT DRILLS (FLAT).csv
LTH-07,Okuma Multus B250II,,5000,22,Default Preset,drill,Gray Iron (K),K,Peck,drilling,roughing,plunge,0.875,2,172,752,0,0.0024,3.64,0,0.8752,flood,0,180 DEG. INSERT DRILLS (FLAT).csv
LTH-07,Okuma Multus B250II,,5000,22,Default Preset,drill,Ductile Iron (K),K,Drill,drilling,roughing,conventional,0.875,2,193,844,0,0.0048,8.17,0,0.8752,flood,0,180 DEG. INSERT DRILLS (FLAT).csv
LTH-07,Okuma Multus B250II,,5000,22,Default Preset,drill,Ductile Iron (K),K,Peck,drilling,roughing,plunge,0.875,2,135,591,0,0.0024,2.86,0,0.8752,flood,0,180 DEG. INSERT DRILLS (FLAT).csv
LTH-07,Okuma Multus B250II,,5000,22,Default Preset,drill,Gray Iron (K),K,Drill,drilling,roughing,conventional,0.893,2,246,1053,0,0.0049,10.28,0,0.8929,flood,0,180 DEG. INSERT DRILLS (FLAT).csv
LTH-07,Okuma Multus B250II,,5000,22,Default Preset,drill,Gray Iron (K),K,Peck,drilling,roughing,plunge,0.893,2,172,737,0,0.0024,3.6,0,0.8929,flood,0,180 DEG. INSERT DRILLS (FLAT).csv
LTH-07,Okuma Multus B250II,,5000,22,Default Preset,drill,Ductile Iron (K),K,Drill,drilling,roughing,conventional,0.893,2,193,827,0,0.0049,8.07,0,0.8929,flood,0,180 DEG. INSERT DRILLS (FLAT).csv
LTH-07,Okuma Multus B250II,,5000,22,Default Preset,drill,Ductile Iron (K),K,Peck,drilling,roughing,plunge,0.893,2,135,579,0,0.0024,2.83,0,0.8929,flood,0,180 DEG. INSERT DRILLS (FLAT).csv
LTH-07,Okuma Multus B250II,,5000,22,Default Preset,drill,Gray Iron (K),K,Drill,drilling,roughing,conventional,0.906,2,246,1037,0,0.0049,10.21,0,0.9059,flood,0,180 DEG. INSERT DRILLS (FLAT).csv
LTH-07,Okuma Multus B250II,,5000,22,Default Preset,drill,Gray Iron (K),K,Peck,drilling,roughing,plunge,0.906,2,172,726,0,0.0025,3.57,0,0.9059,flood,0,180 DEG. INSERT DRILLS (FLAT).csv
LTH-07,Okuma Multus B250II,,5000,22,Default Preset,drill,Ductile Iron (K),K,Drill,drilling,roughing,conventional,0.906,2,193,815,0,0.0049,8.02,0,0.9059,flood,0,180 DEG. INSERT DRILLS (FLAT).csv
LTH-07,Okuma Multus B250II,,5000,22,Default Preset,drill,Ductile Iron (K),K,Peck,drilling,roughing,plunge,0.906,2,135,571,0,0.0025,2.81,0,0.9059,flood,0,180 DEG. INSERT DRILLS (FLAT).csv
LTH-07,Okuma Multus B250II,,5000,22,Default Preset,drill,Gray Iron (K),K,Drill,drilling,roughing,conventional,0.925,2,246,1016,0,0.005,10.12,0,0.9252,flood,0,180 DEG. INSERT DRILLS (FLAT).csv
LTH-07,Okuma Multus B250II,,5000,22,Default Preset,drill,Gray Iron (K),K,Peck,drilling,roughing,plunge,0.925,2,172,711,0,0.0025,3.54,0,0.9252,flood,0,180 DEG. INSERT DRILLS (FLAT).csv
LTH-07,Okuma Multus B250II,,5000,22,Default Preset,drill,Ductile Iron (K),K,Drill,drilling,roughing,conventional,0.925,2,193,798,0,0.005,7.95,0,0.9252,flood,0,180 DEG. INSERT DRILLS (FLAT).csv
LTH-07,Okuma Multus B250II,,5000,22,Default Preset,drill,Ductile Iron (K),K,Peck,drilling,roughing,plunge,0.925,2,135,559,0,0.0025,2.78,0,0.9252,flood,0,180 DEG. INSERT DRILLS (FLAT).csv
LTH-07,Okuma Multus B250II,,5000,22,Default Preset,drill,Gray Iron (K),K,Drill,drilling,roughing,conventional,0.9375,2,246,1003,0,0.005,10.07,0,0.9374,flood,0,180 DEG. INSERT DRILLS (FLAT).csv
LTH-07,Okuma Multus B250II,,5000,22,Default Preset,drill,Gray Iron (K),K,Peck,drilling,roughing,plunge,0.9375,2,172,702,0,0.0025,3.52,0,0.9374,flood,0,180 DEG. INSERT DRILLS (FLAT).csv
LTH-07,Okuma Multus B250II,,5000,22,Default Preset,drill,Ductile Iron (K),K,Drill,drilling,roughing,conventional,0.9375,2,193,788,0,0.005,7.91,0,0.9374,flood,0,180 DEG. INSERT DRILLS (FLAT).csv
LTH-07,Okuma Multus B250II,,5000,22,Default Preset,drill,Ductile Iron (K),K,Peck,drilling,roughing,plunge,0.9375,2,135,551,0,0.0025,2.77,0,0.9374,flood,0,180 DEG. INSERT DRILLS (FLAT).csv
LTH-07,Okuma Multus B250II,,5000,22,Default Preset,drill,Gray Iron (K),K,Drill,drilling,roughing,conventional,0.9449,2,246,995,0,0.005,10.03,0,0.9449,flood,0,180 DEG. INSERT DRILLS (FLAT).csv
LTH-07,Okuma Multus B250II,,5000,22,Default Preset,drill,Gray Iron (K),K,Peck,drilling,roughing,plunge,0.9449,2,172,696,0,0.0025,3.51,0,0.9449,flood,0,180 DEG. INSERT DRILLS (FLAT).csv
LTH-07,Okuma Multus B250II,,5000,22,Default Preset,drill,Ductile Iron (K),K,Drill,drilling,roughing,conventional,0.9449,2,193,782,0,0.005,7.88,0,0.9449,flood,0,180 DEG. INSERT DRILLS (FLAT).csv
LTH-07,Okuma Multus B250II,,5000,22,Default Preset,drill,Ductile Iron (K),K,Peck,drilling,roughing,plunge,0.9449,2,135,547,0,0.0025,2.76,0,0.9449,flood,0,180 DEG. INSERT DRILLS (FLAT).csv
LTH-07,Okuma Multus B250II,,5000,22,Default Preset,drill,Gray Iron (K),K,Drill,drilling,roughing,conventional,0.968,2,246,971,0,0.0051,9.9,0,0.9681,flood,0,180 DEG. INSERT DRILLS (FLAT).csv
LTH-07,Okuma Multus B250II,,5000,22,Default Preset,drill,Gray Iron (K),K,Peck,drilling,roughing,plunge,0.968,2,172,680,0,0.0025,3.47,0,0.9681,flood,0,180 DEG. INSERT DRILLS (FLAT).csv
LTH-07,Okuma Multus B250II,,5000,22,Default Preset,drill,Ductile Iron (K),K,Drill,drilling,roughing,conventional,0.968,2,193,763,0,0.0051,7.78,0,0.9681,flood,0,180 DEG. INSERT DRILLS (FLAT).csv
LTH-07,Okuma Multus B250II,,5000,22,Default Preset,drill,Ductile Iron (K),K,Peck,drilling,roughing,plunge,0.968,2,135,534,0,0.0025,2.72,0,0.9681,flood,0,180 DEG. INSERT DRILLS (FLAT).csv
LTH-07,Okuma Multus B250II,,5000,22,Default Preset,drill,Gray Iron (K),K,Drill,drilling,roughing,conventional,0.981,2,246,958,0,0.0051,9.84,0,0.9811,flood,0,180 DEG. INSERT DRILLS (FLAT).csv
LTH-07,Okuma Multus B250II,,5000,22,Default Preset,drill,Gray Iron (K),K,Peck,drilling,roughing,plunge,0.981,2,172,671,0,0.0026,3.45,0,0.9811,flood,0,180 DEG. INSERT DRILLS (FLAT).csv
LTH-07,Okuma Multus B250II,,5000,22,Default Preset,drill,Ductile Iron (K),K,Drill,drilling,roughing,conventional,0.981,2,193,753,0,0.0051,7.74,0,0.9811,flood,0,180 DEG. INSERT DRILLS (FLAT).csv
LTH-07,Okuma Multus B250II,,5000,22,Default Preset,drill,Ductile Iron (K),K,Peck,drilling,roughing,plunge,0.981,2,135,527,0,0.0026,2.71,0,0.9811,flood,0,180 DEG. INSERT DRILLS (FLAT).csv
LTH-07,Okuma Multus B250II,,5000,22,Default Preset,drill,Gray Iron (K),K,Drill,drilling,roughing,conventional,0.984,2,246,955,0,0.0051,9.81,0,0.9839,flood,0,180 DEG. INSERT DRILLS (FLAT).csv
LTH-07,Okuma Multus B250II,,5000,22,Default Preset,drill,Gray Iron (K),K,Peck,drilling,roughing,plunge,0.984,2,172,669,0,0.0026,3.44,0,0.9839,flood,0,180 DEG. INSERT DRILLS (FLAT).csv
LTH-07,Okuma Multus B250II,,5000,22,Default Preset,drill,Ductile Iron (K),K,Drill,drilling,roughing,conventional,0.984,2,193,750,0,0.0051,7.71,0,0.9839,flood,0,180 DEG. INSERT DRILLS (FLAT).csv
LTH-07,Okuma Multus B250II,,5000,22,Default Preset,drill,Ductile Iron (K),K,Peck,drilling,roughing,plunge,0.984,2,135,525,0,0.0026,2.7,0,0.9839,flood,0,180 DEG. INSERT DRILLS (FLAT).csv
LTH-07,Okuma Multus B250II,,5000,22,Default Preset,drill,Gray Iron (K),K,Drill,drilling,roughing,conventional,1,2,246,940,0,0.0052,9.73,0,1,flood,0,180 DEG. INSERT DRILLS (FLAT).csv
LTH-07,Okuma Multus B250II,,5000,22,Default Preset,drill,Gray Iron (K),K,Peck,drilling,roughing,plunge,1,2,172,658,0,0.0026,3.41,0,1,flood,0,180 DEG. INSERT DRILLS (FLAT).csv
LTH-07,Okuma Multus B250II,,5000,22,Default Preset,drill,Ductile Iron (K),K,Drill,drilling,roughing,conventional,1,2,193,738,0,0.0052,7.64,0,1,flood,0,180 DEG. INSERT DRILLS (FLAT).csv
LTH-07,Okuma Multus B250II,,5000,22,Default Preset,drill,Ductile Iron (K),K,Peck,drilling,roughing,plunge,1,2,135,517,0,0.0026,2.68,0,1,flood,0,180 DEG. INSERT DRILLS (FLAT).csv
LTH-07,Okuma Multus B250II,,5000,22,Default Preset,drill,Gray Iron (K),K,Drill,drilling,roughing,conventional,1.015,2,246,926,0,0.0052,9.62,0,1.015,flood,0,180 DEG. INSERT DRILLS (FLAT).csv
LTH-07,Okuma Multus B250II,,5000,22,Default Preset,drill,Gray Iron (K),K,Peck,drilling,roughing,plunge,1.015,2,172,648,0,0.0026,3.37,0,1.015,flood,0,180 DEG. INSERT DRILLS (FLAT).csv
LTH-07,Okuma Multus B250II,,5000,22,Default Preset,drill,Ductile Iron (K),K,Drill,drilling,roughing,conventional,1.015,2,193,728,0,0.0052,7.57,0,1.015,flood,0,180 DEG. INSERT DRILLS (FLAT).csv
LTH-07,Okuma Multus B250II,,5000,22,Default Preset,drill,Ductile Iron (K),K,Peck,drilling,roughing,plunge,1.015,2,135,509,0,0.0026,2.65,0,1.015,flood,0,180 DEG. INSERT DRILLS (FLAT).csv
LTH-07,Okuma Multus B250II,,5000,22,Default Preset,drill,Gray Iron (K),K,Drill,drilling,roughing,conventional,1.031,2,246,912,0,0.0052,9.55,0,1.0311,flood,0,180 DEG. INSERT DRILLS (FLAT).csv
LTH-07,Okuma Multus B250II,,5000,22,Default Preset,drill,Gray Iron (K),K,Peck,drilling,roughing,plunge,1.031,2,172,638,0,0.0026,3.34,0,1.0311,flood,0,180 DEG. INSERT DRILLS (FLAT).csv
LTH-07,Okuma Multus B250II,,5000,22,Default Preset,drill,Ductile Iron (K),K,Drill,drilling,roughing,conventional,1.031,2,193,716,0,0.0052,7.5,0,1.0311,flood,0,180 DEG. INSERT DRILLS (FLAT).csv
LTH-07,Okuma Multus B250II,,5000,22,Default Preset,drill,Ductile Iron (K),K,Peck,drilling,roughing,plunge,1.031,2,135,501,0,0.0026,2.62,0,1.0311,flood,0,180 DEG. INSERT DRILLS (FLAT).csv
LTH-07,Okuma Multus B250II,,5000,22,Default Preset,drill,Gray Iron (K),K,Drill,drilling,roughing,conventional,1.063,2,246,884,0,0.0053,9.36,0,1.063,flood,0,180 DEG. INSERT DRILLS (FLAT).csv
LTH-07,Okuma Multus B250II,,5000,22,Default Preset,drill,Gray Iron (K),K,Peck,drilling,roughing,plunge,1.063,2,172,619,0,0.0026,3.28,0,1.063,flood,0,180 DEG. INSERT DRILLS (FLAT).csv
LTH-07,Okuma Multus B250II,,5000,22,Default Preset,drill,Ductile Iron (K),K,Drill,drilling,roughing,conventional,1.063,2,193,695,0,0.0053,7.36,0,1.063,flood,0,180 DEG. INSERT DRILLS (FLAT).csv
LTH-07,Okuma Multus B250II,,5000,22,Default Preset,drill,Ductile Iron (K),K,Peck,drilling,roughing,plunge,1.063,2,135,486,0,0.0026,2.57,0,1.063,flood,0,180 DEG. INSERT DRILLS (FLAT).csv
LTH-07,Okuma Multus B250II,,5000,22,Default Preset,drill,Gray Iron (K),K,Drill,drilling,roughing,conventional,1.093,2,246,860,0,0.0054,9.21,0,1.0929,flood,0,180 DEG. INSERT DRILLS (FLAT).csv
LTH-07,Okuma Multus B250II,,5000,22,Default Preset,drill,Gray Iron (K),K,Peck,drilling,roughing,plunge,1.093,2,172,602,0,0.0027,3.22,0,1.0929,flood,0,180 DEG. INSERT DRILLS (FLAT).csv
LTH-07,Okuma Multus B250II,,5000,22,Default Preset,drill,Ductile Iron (K),K,Drill,drilling,roughing,conventional,1.093,2,193,676,0,0.0054,7.24,0,1.0929,flood,0,180 DEG. INSERT DRILLS (FLAT).csv
LTH-07,Okuma Multus B250II,,5000,22,Default Preset,drill,Ductile Iron (K),K,Peck,drilling,roughing,plunge,1.093,2,135,473,0,0.0027,2.53,0,1.0929,flood,0,180 DEG. INSERT DRILLS (FLAT).csv
LTH-07,Okuma Multus B250II,,5000,22,Default Preset,drill,Gray Iron (K),K,Drill,drilling,roughing,conventional,1.125,2,246,835,0,0.0054,9.04,0,1.1252,flood,0,180 DEG. INSERT DRILLS (FLAT).csv
LTH-07,Okuma Multus B250II,,5000,22,Default Preset,drill,Gray Iron (K),K,Peck,drilling,roughing,plunge,1.125,2,172,585,0,0.0027,3.17,0,1.1252,flood,0,180 DEG. INSERT DRILLS (FLAT).csv
LTH-07,Okuma Multus B250II,,5000,22,Default Preset,drill,Ductile Iron (K),K,Drill,drilling,roughing,conventional,1.125,2,193,656,0,0.0054,7.1,0,1.1252,flood,0,180 DEG. INSERT DRILLS (FLAT).csv
LTH-07,Okuma Multus B250II,,5000,22,Default Preset,drill,Ductile Iron (K),K,Peck,drilling,roughing,plunge,1.125,2,135,460,0,0.0027,2.49,0,1.1252,flood,0,180 DEG. INSERT DRILLS (FLAT).csv
LTH-07,Okuma Multus B250II,,5000,22,Default Preset,drill,Gray Iron (K),K,Drill,drilling,roughing,conventional,1.156,2,246,813,0,0.0055,8.9,0,1.1559,flood,0,180 DEG. INSERT DRILLS (FLAT).csv
LTH-07,Okuma Multus B250II,,5000,22,Default Preset,drill,Gray Iron (K),K,Peck,drilling,roughing,plunge,1.156,2,172,569,0,0.0027,3.11,0,1.1559,flood,0,180 DEG. INSERT DRILLS (FLAT).csv
LTH-07,Okuma Multus B250II,,5000,22,Default Preset,drill,Ductile Iron (K),K,Drill,drilling,roughing,conventional,1.156,2,193,639,0,0.0055,6.99,0,1.1559,flood,0,180 DEG. INSERT DRILLS (FLAT).csv
LTH-07,Okuma Multus B250II,,5000,22,Default Preset,drill,Ductile Iron (K),K,Peck,drilling,roughing,plunge,1.156,2,135,447,0,0.0027,2.45,0,1.1559,flood,0,180 DEG. INSERT DRILLS (FLAT).csv
LTH-07,Okuma Multus B250II,,5000,22,Default Preset,drill,Gray Iron (K),K,Drill,drilling,roughing,conventional,1.1875,2,246,791,0,0.0055,8.75,0,1.1874,flood,0,180 DEG. INSERT DRILLS (FLAT).csv
LTH-07,Okuma Multus B250II,,5000,22,Default Preset,drill,Gray Iron (K),K,Peck,drilling,roughing,plunge,1.1875,2,172,554,0,0.0028,3.06,0,1.1874,flood,0,180 DEG. INSERT DRILLS (FLAT).csv
LTH-07,Okuma Multus B250II,,5000,22,Default Preset,drill,Ductile Iron (K),K,Drill,drilling,roughing,conventional,1.1875,2,193,622,0,0.0055,6.88,0,1.1874,flood,0,180 DEG. INSERT DRILLS (FLAT).csv
LTH-07,Okuma Multus B250II,,5000,22,Default Preset,drill,Ductile Iron (K),K,Peck,drilling,roughing,plunge,1.1875,2,135,435,0,0.0028,2.41,0,1.1874,flood,0,180 DEG. INSERT DRILLS (FLAT).csv
LTH-07,Okuma Multus B250II,,5000,22,Default Preset,drill,Gray Iron (K),K,Drill,drilling,roughing,conventional,1.218,2,246,772,0,0.0056,8.63,0,1.2181,flood,0,180 DEG. INSERT DRILLS (FLAT).csv
LTH-07,Okuma Multus B250II,,5000,22,Default Preset,drill,Gray Iron (K),K,Peck,drilling,roughing,plunge,1.218,2,172,540,0,0.0028,3.02,0,1.2181,flood,0,180 DEG. INSERT DRILLS (FLAT).csv
LTH-07,Okuma Multus B250II,,5000,22,Default Preset,drill,Ductile Iron (K),K,Drill,drilling,roughing,conventional,1.218,2,193,606,0,0.0056,6.78,0,1.2181,flood,0,180 DEG. INSERT DRILLS (FLAT).csv
LTH-07,Okuma Multus B250II,,5000,22,Default Preset,drill,Ductile Iron (K),K,Peck,drilling,roughing,plunge,1.218,2,135,424,0,0.0028,2.37,0,1.2181,flood,0,180 DEG. INSERT DRILLS (FLAT).csv
LTH-07,Okuma Multus B250II,,5000,22,Default Preset,drill,Gray Iron (K),K,Drill,drilling,roughing,conventional,1.234,2,246,762,0,0.0056,8.55,0,1.2339,flood,0,180 DEG. INSERT DRILLS (FLAT).csv
LTH-07,Okuma Multus B250II,,5000,22,Default Preset,drill,Gray Iron (K),K,Peck,drilling,roughing,plunge,1.234,2,172,533,0,0.0028,2.99,0,1.2339,flood,0,180 DEG. INSERT DRILLS (FLAT).csv
LTH-07,Okuma Multus B250II,,5000,22,Default Preset,drill,Ductile Iron (K),K,Drill,drilling,roughing,conventional,1.234,2,193,598,0,0.0056,6.71,0,1.2339,flood,0,180 DEG. INSERT DRILLS (FLAT).csv
LTH-07,Okuma Multus B250II,,5000,22,Default Preset,drill,Ductile Iron (K),K,Peck,drilling,roughing,plunge,1.234,2,135,419,0,0.0028,2.35,0,1.2339,flood,0,180 DEG. INSERT DRILLS (FLAT).csv
LTH-07,Okuma Multus B250II,,5000,22,Default Preset,drill,Gray Iron (K),K,Drill,drilling,roughing,conventional,1.281,2,246,734,0,0.0057,8.38,0,1.2811,flood,0,180 DEG. INSERT DRILLS (FLAT).csv
LTH-07,Okuma Multus B250II,,5000,22,Default Preset,drill,Gray Iron (K),K,Peck,drilling,roughing,plunge,1.281,2,172,514,0,0.0029,2.93,0,1.2811,flood,0,180 DEG. INSERT DRILLS (FLAT).csv
LTH-07,Okuma Multus B250II,,5000,22,Default Preset,drill,Ductile Iron (K),K,Drill,drilling,roughing,conventional,1.281,2,193,576,0,0.0057,6.58,0,1.2811,flood,0,180 DEG. INSERT DRILLS (FLAT).csv
LTH-07,Okuma Multus B250II,,5000,22,Default Preset,drill,Ductile Iron (K),K,Peck,drilling,roughing,plunge,1.281,2,135,404,0,0.0029,2.31,0,1.2811,flood,0,180 DEG. INSERT DRILLS (FLAT).csv
LTH-07,Okuma Multus B250II,,5000,22,Default Preset,drill,Gray Iron (K),K,Drill,drilling,roughing,conventional,1.3125,2,246,716,0,0.0058,8.26,0,1.3126,flood,0,180 DEG. INSERT DRILLS (FLAT).csv
LTH-07,Okuma Multus B250II,,5000,22,Default Preset,drill,Gray Iron (K),K,Peck,drilling,roughing,plunge,1.3125,2,172,501,0,0.0029,2.89,0,1.3126,flood,0,180 DEG. INSERT DRILLS (FLAT).csv
LTH-07,Okuma Multus B250II,,5000,22,Default Preset,drill,Ductile Iron (K),K,Drill,drilling,roughing,conventional,1.3125,2,193,563,0,0.0058,6.49,0,1.3126,flood,0,180 DEG. INSERT DRILLS (FLAT).csv
LTH-07,Okuma Multus B250II,,5000,22,Default Preset,drill,Ductile Iron (K),K,Peck,drilling,roughing,plunge,1.3125,2,135,394,0,0.0029,2.27,0,1.3126,flood,0,180 DEG. INSERT DRILLS (FLAT).csv
LTH-07,Okuma Multus B250II,,5000,22,Default Preset,drill,Gray Iron (K),K,Drill,drilling,roughing,conventional,1.35,2,246,696,0,0.0058,8.11,0,1.35,flood,0,180 DEG. INSERT DRILLS (FLAT).csv
LTH-07,Okuma Multus B250II,,5000,22,Default Preset,drill,Gray Iron (K),K,Peck,drilling,roughing,plunge,1.35,2,172,487,0,0.0029,2.84,0,1.35,flood,0,180 DEG. INSERT DRILLS (FLAT).csv
LTH-07,Okuma Multus B250II,,5000,22,Default Preset,drill,Ductile Iron (K),K,Drill,drilling,roughing,conventional,1.35,2,193,547,0,0.0058,6.37,0,1.35,flood,0,180 DEG. INSERT DRILLS (FLAT).csv
LTH-07,Okuma Multus B250II,,5000,22,Default Preset,drill,Ductile Iron (K),K,Peck,drilling,roughing,plunge,1.35,2,135,383,0,0.0029,2.23,0,1.35,flood,0,180 DEG. INSERT DRILLS (FLAT).csv
LTH-07,Okuma Multus B250II,,5000,22,Default Preset,drill,Gray Iron (K),K,Drill,drilling,roughing,conventional,1.375,2,246,684,0,0.0059,8.02,0,1.3748,flood,0,180 DEG. INSERT DRILLS (FLAT).csv
LTH-07,Okuma Multus B250II,,5000,22,Default Preset,drill,Gray Iron (K),K,Peck,drilling,roughing,plunge,1.375,2,172,478,0,0.0029,2.8,0,1.3748,flood,0,180 DEG. INSERT DRILLS (FLAT).csv
LTH-07,Okuma Multus B250II,,5000,22,Default Preset,drill,Ductile Iron (K),K,Drill,drilling,roughing,conventional,1.375,2,193,537,0,0.0059,6.3,0,1.3748,flood,0,180 DEG. INSERT DRILLS (FLAT).csv
LTH-07,Okuma Multus B250II,,5000,22,Default Preset,drill,Ductile Iron (K),K,Peck,drilling,roughing,plunge,1.375,2,135,376,0,0.0029,2.21,0,1.3748,flood,0,180 DEG. INSERT DRILLS (FLAT).csv
LTH-07,Okuma Multus B250II,,5000,22,Default Preset,drill,Gray Iron (K),K,Drill,drilling,roughing,conventional,1.406,2,246,668,0,0.0059,7.92,0,1.4059,flood,0,180 DEG. INSERT DRILLS (FLAT).csv
LTH-07,Okuma Multus B250II,,5000,22,Default Preset,drill,Gray Iron (K),K,Peck,drilling,roughing,plunge,1.406,2,172,468,0,0.003,2.77,0,1.4059,flood,0,180 DEG. INSERT DRILLS (FLAT).csv
LTH-07,Okuma Multus B250II,,5000,22,Default Preset,drill,Ductile Iron (K),K,Drill,drilling,roughing,conventional,1.406,2,193,525,0,0.0059,6.22,0,1.4059,flood,0,180 DEG. INSERT DRILLS (FLAT).csv
LTH-07,Okuma Multus B250II,,5000,22,Default Preset,drill,Ductile Iron (K),K,Peck,drilling,roughing,plunge,1.406,2,135,368,0,0.003,2.18,0,1.4059,flood,0,180 DEG. INSERT DRILLS (FLAT).csv
LTH-07,Okuma Multus B250II,,5000,22,Default Preset,drill,Gray Iron (K),K,Drill,drilling,roughing,conventional,1.5,2,246,627,0,0.0061,7.63,0,1.5,flood,0,180 DEG. INSERT DRILLS (FLAT).csv
LTH-07,Okuma Multus B250II,,5000,22,Default Preset,drill,Gray Iron (K),K,Peck,drilling,roughing,plunge,1.5,2,172,439,0,0.003,2.67,0,1.5,flood,0,180 DEG. INSERT DRILLS (FLAT).csv
LTH-07,Okuma Multus B250II,,5000,22,Default Preset,drill,Ductile Iron (K),K,Drill,drilling,roughing,conventional,1.5,2,193,492,0,0.0061,5.99,0,1.5,flood,0,180 DEG. INSERT DRILLS (FLAT).csv
LTH-07,Okuma Multus B250II,,5000,22,Default Preset,drill,Ductile Iron (K),K,Peck,drilling,roughing,plunge,1.5,2,135,345,0,0.003,2.1,0,1.5,flood,0,180 DEG. INSERT DRILLS (FLAT).csv
LTH-07,Okuma Multus B250II,,5000,22,Default preset,turning boring,Gray Iron (K),K,Bore Rough,turning,roughing,conventional,0.1563,1,656,,0,0.0049,,0.1181,0.1563,disabled,1,BORING  BARS - FINISHING.csv
LTH-07,Okuma Multus B250II,,5000,22,Default preset,turning boring,Gray Iron (K),K,Bore Finish,turning,finishing,conventional,0.1563,1,787,,0,0.0024,,0.0197,0.1563,air,1,BORING  BARS - FINISHING.csv
LTH-07,Okuma Multus B250II,,5000,22,Default preset,turning boring,Ductile Iron (K),K,Bore Rough,turning,roughing,conventional,0.1563,1,516,,0,0.0049,,0.1181,0.1563,disabled,1,BORING  BARS - FINISHING.csv
LTH-07,Okuma Multus B250II,,5000,22,Default preset,turning boring,Ductile Iron (K),K,Bore Finish,turning,finishing,conventional,0.1563,1,619,,0,0.0024,,0.0197,0.1563,air,1,BORING  BARS - FINISHING.csv
LTH-07,Okuma Multus B250II,,5000,22,Default preset,turning boring,Gray Iron (K),K,Bore Rough,turning,roughing,conventional,0.25,1,656,,0,0.0061,,0.1181,0.25,disabled,1,BORING  BARS - FINISHING.csv
LTH-07,Okuma Multus B250II,,5000,22,Default preset,turning boring,Gray Iron (K),K,Bore Finish,turning,finishing,conventional,0.25,1,787,,0,0.0029,,0.0197,0.25,air,1,BORING  BARS - FINISHING.csv
LTH-07,Okuma Multus B250II,,5000,22,Default preset,turning boring,Ductile Iron (K),K,Bore Rough,turning,roughing,conventional,0.25,1,516,,0,0.0061,,0.1181,0.25,disabled,1,BORING  BARS - FINISHING.csv
LTH-07,Okuma Multus B250II,,5000,22,Default preset,turning boring,Ductile Iron (K),K,Bore Finish,turning,finishing,conventional,0.25,1,619,,0,0.0029,,0.0197,0.25,air,1,BORING  BARS - FINISHING.csv
LTH-07,Okuma Multus B250II,,5000,22,Default preset,turning boring,Gray Iron (K),K,Bore Rough,turning,roughing,conventional,0.25,1,656,,0,0.0061,,0.1181,0.25,disabled,1,BORING  BARS - FINISHING.csv
LTH-07,Okuma Multus B250II,,5000,22,Default preset,turning boring,Gray Iron (K),K,Bore Finish,turning,finishing,conventional,0.25,1,787,,0,0.0029,,0.0197,0.25,air,1,BORING  BARS - FINISHING.csv
LTH-07,Okuma Multus B250II,,5000,22,Default preset,turning boring,Ductile Iron (K),K,Bore Rough,turning,roughing,conventional,0.25,1,516,,0,0.0061,,0.1181,0.25,disabled,1,BORING  BARS - FINISHING.csv
LTH-07,Okuma Multus B250II,,5000,22,Default preset,turning boring,Ductile Iron (K),K,Bore Finish,turning,finishing,conventional,0.25,1,619,,0,0.0029,,0.0197,0.25,air,1,BORING  BARS - FINISHING.csv
LTH-07,Okuma Multus B250II,,5000,22,Default preset,turning boring,Gray Iron (K),K,Bore Rough,turning,roughing,conventional,0.25,1,656,,0,0.0061,,0.1181,0.25,disabled,1,BORING  BARS - FINISHING.csv
LTH-07,Okuma Multus B250II,,5000,22,Default preset,turning boring,Gray Iron (K),K,Bore Finish,turning,finishing,conventional,0.25,1,787,,0,0.0029,,0.0197,0.25,air,1,BORING  BARS - FINISHING.csv
LTH-07,Okuma Multus B250II,,5000,22,Default preset,turning boring,Ductile Iron (K),K,Bore Rough,turning,roughing,conventional,0.25,1,516,,0,0.0061,,0.1181,0.25,disabled,1,BORING  BARS - FINISHING.csv
LTH-07,Okuma Multus B250II,,5000,22,Default preset,turning boring,Ductile Iron (K),K,Bore Finish,turning,finishing,conventional,0.25,1,619,,0,0.0029,,0.0197,0.25,air,1,BORING  BARS - FINISHING.csv
LTH-07,Okuma Multus B250II,,5000,22,Default preset,turning boring,Gray Iron (K),K,Bore Rough,turning,roughing,conventional,0.25,1,656,,0,0.0061,,0.1181,0.25,disabled,1,BORING  BARS - FINISHING.csv
LTH-07,Okuma Multus B250II,,5000,22,Default preset,turning boring,Gray Iron (K),K,Bore Finish,turning,finishing,conventional,0.25,1,787,,0,0.0029,,0.0197,0.25,air,1,BORING  BARS - FINISHING.csv
LTH-07,Okuma Multus B250II,,5000,22,Default preset,turning boring,Ductile Iron (K),K,Bore Rough,turning,roughing,conventional,0.25,1,516,,0,0.0061,,0.1181,0.25,disabled,1,BORING  BARS - FINISHING.csv
LTH-07,Okuma Multus B250II,,5000,22,Default preset,turning boring,Ductile Iron (K),K,Bore Finish,turning,finishing,conventional,0.25,1,619,,0,0.0029,,0.0197,0.25,air,1,BORING  BARS - FINISHING.csv
LTH-07,Okuma Multus B250II,,5000,22,Default preset,turning boring,Gray Iron (K),K,Bore Rough,turning,roughing,conventional,0.25,1,656,,0,0.0061,,0.1181,0.25,disabled,1,BORING  BARS - FINISHING.csv
LTH-07,Okuma Multus B250II,,5000,22,Default preset,turning boring,Gray Iron (K),K,Bore Finish,turning,finishing,conventional,0.25,1,787,,0,0.0029,,0.0197,0.25,air,1,BORING  BARS - FINISHING.csv
LTH-07,Okuma Multus B250II,,5000,22,Default preset,turning boring,Ductile Iron (K),K,Bore Rough,turning,roughing,conventional,0.25,1,516,,0,0.0061,,0.1181,0.25,disabled,1,BORING  BARS - FINISHING.csv
LTH-07,Okuma Multus B250II,,5000,22,Default preset,turning boring,Ductile Iron (K),K,Bore Finish,turning,finishing,conventional,0.25,1,619,,0,0.0029,,0.0197,0.25,air,1,BORING  BARS - FINISHING.csv
LTH-07,Okuma Multus B250II,,5000,22,Default preset,turning boring,Gray Iron (K),K,Bore Rough,turning,roughing,conventional,0.25,1,656,,0,0.0061,,0.1181,0.25,disabled,1,BORING  BARS - FINISHING.csv
LTH-07,Okuma Multus B250II,,5000,22,Default preset,turning boring,Gray Iron (K),K,Bore Finish,turning,finishing,conventional,0.25,1,787,,0,0.0029,,0.0197,0.25,air,1,BORING  BARS - FINISHING.csv
LTH-07,Okuma Multus B250II,,5000,22,Default preset,turning boring,Ductile Iron (K),K,Bore Rough,turning,roughing,conventional,0.25,1,516,,0,0.0061,,0.1181,0.25,disabled,1,BORING  BARS - FINISHING.csv
LTH-07,Okuma Multus B250II,,5000,22,Default preset,turning boring,Ductile Iron (K),K,Bore Finish,turning,finishing,conventional,0.25,1,619,,0,0.0029,,0.0197,0.25,air,1,BORING  BARS - FINISHING.csv
LTH-07,Okuma Multus B250II,,5000,22,Default preset,turning boring,Gray Iron (K),K,Bore Rough,turning,roughing,conventional,0.1563,1,656,,0,0.0049,,0.1181,0.1563,disabled,1,BORING  BARS - FINISHING.csv
LTH-07,Okuma Multus B250II,,5000,22,Default preset,turning boring,Gray Iron (K),K,Bore Finish,turning,finishing,conventional,0.1563,1,787,,0,0.0024,,0.0197,0.1563,air,1,BORING  BARS - FINISHING.csv
LTH-07,Okuma Multus B250II,,5000,22,Default preset,turning boring,Ductile Iron (K),K,Bore Rough,turning,roughing,conventional,0.1563,1,516,,0,0.0049,,0.1181,0.1563,disabled,1,BORING  BARS - FINISHING.csv
LTH-07,Okuma Multus B250II,,5000,22,Default preset,turning boring,Ductile Iron (K),K,Bore Finish,turning,finishing,conventional,0.1563,1,619,,0,0.0024,,0.0197,0.1563,air,1,BORING  BARS - FINISHING.csv
LTH-07,Okuma Multus B250II,,5000,22,Default preset,turning boring,Gray Iron (K),K,Bore Rough,turning,roughing,conventional,0.25,1,656,,0,0.0061,,0.1181,0.25,disabled,1,BORING  BARS - FINISHING.csv
LTH-07,Okuma Multus B250II,,5000,22,Default preset,turning boring,Gray Iron (K),K,Bore Finish,turning,finishing,conventional,0.25,1,787,,0,0.0029,,0.0197,0.25,air,1,BORING  BARS - FINISHING.csv
LTH-07,Okuma Multus B250II,,5000,22,Default preset,turning boring,Ductile Iron (K),K,Bore Rough,turning,roughing,conventional,0.25,1,516,,0,0.0061,,0.1181,0.25,disabled,1,BORING  BARS - FINISHING.csv
LTH-07,Okuma Multus B250II,,5000,22,Default preset,turning boring,Ductile Iron (K),K,Bore Finish,turning,finishing,conventional,0.25,1,619,,0,0.0029,,0.0197,0.25,air,1,BORING  BARS - FINISHING.csv
LTH-07,Okuma Multus B250II,,5000,22,Default preset,turning boring,Gray Iron (K),K,Bore Rough,turning,roughing,conventional,0.25,1,656,,0,0.0061,,0.1181,0.25,disabled,1,BORING  BARS - FINISHING.csv
LTH-07,Okuma Multus B250II,,5000,22,Default preset,turning boring,Gray Iron (K),K,Bore Finish,turning,finishing,conventional,0.25,1,787,,0,0.0029,,0.0197,0.25,air,1,BORING  BARS - FINISHING.csv
LTH-07,Okuma Multus B250II,,5000,22,Default preset,turning boring,Ductile Iron (K),K,Bore Rough,turning,roughing,conventional,0.25,1,516,,0,0.0061,,0.1181,0.25,disabled,1,BORING  BARS - FINISHING.csv
LTH-07,Okuma Multus B250II,,5000,22,Default preset,turning boring,Ductile Iron (K),K,Bore Finish,turning,finishing,conventional,0.25,1,619,,0,0.0029,,0.0197,0.25,air,1,BORING  BARS - FINISHING.csv
LTH-07,Okuma Multus B250II,,5000,22,Default preset,turning boring,Gray Iron (K),K,Bore Rough,turning,roughing,conventional,0.25,1,656,,0,0.0061,,0.1181,0.25,disabled,1,BORING  BARS - FINISHING.csv
LTH-07,Okuma Multus B250II,,5000,22,Default preset,turning boring,Gray Iron (K),K,Bore Finish,turning,finishing,conventional,0.25,1,787,,0,0.0029,,0.0197,0.25,air,1,BORING  BARS - FINISHING.csv
LTH-07,Okuma Multus B250II,,5000,22,Default preset,turning boring,Ductile Iron (K),K,Bore Rough,turning,roughing,conventional,0.25,1,516,,0,0.0061,,0.1181,0.25,disabled,1,BORING  BARS - FINISHING.csv
LTH-07,Okuma Multus B250II,,5000,22,Default preset,turning boring,Ductile Iron (K),K,Bore Finish,turning,finishing,conventional,0.25,1,619,,0,0.0029,,0.0197,0.25,air,1,BORING  BARS - FINISHING.csv
LTH-07,Okuma Multus B250II,,5000,22,Default preset,turning boring,Gray Iron (K),K,Bore Rough,turning,roughing,conventional,0.25,1,656,,0,0.0061,,0.1181,0.25,disabled,1,BORING  BARS - FINISHING.csv
LTH-07,Okuma Multus B250II,,5000,22,Default preset,turning boring,Gray Iron (K),K,Bore Finish,turning,finishing,conventional,0.25,1,787,,0,0.0029,,0.0197,0.25,air,1,BORING  BARS - FINISHING.csv
LTH-07,Okuma Multus B250II,,5000,22,Default preset,turning boring,Ductile Iron (K),K,Bore Rough,turning,roughing,conventional,0.25,1,516,,0,0.0061,,0.1181,0.25,disabled,1,BORING  BARS - FINISHING.csv
LTH-07,Okuma Multus B250II,,5000,22,Default preset,turning boring,Ductile Iron (K),K,Bore Finish,turning,finishing,conventional,0.25,1,619,,0,0.0029,,0.0197,0.25,air,1,BORING  BARS - FINISHING.csv
LTH-07,Okuma Multus B250II,,5000,22,Default preset,turning boring,Gray Iron (K),K,Bore Rough,turning,roughing,conventional,0.25,1,656,,0,0.0061,,0.1181,0.25,disabled,1,BORING  BARS - FINISHING.csv
LTH-07,Okuma Multus B250II,,5000,22,Default preset,turning boring,Gray Iron (K),K,Bore Finish,turning,finishing,conventional,0.25,1,787,,0,0.0029,,0.0197,0.25,air,1,BORING  BARS - FINISHING.csv
LTH-07,Okuma Multus B250II,,5000,22,Default preset,turning boring,Ductile Iron (K),K,Bore Rough,turning,roughing,conventional,0.25,1,516,,0,0.0061,,0.1181,0.25,disabled,1,BORING  BARS - FINISHING.csv
LTH-07,Okuma Multus B250II,,5000,22,Default preset,turning boring,Ductile Iron (K),K,Bore Finish,turning,finishing,conventional,0.25,1,619,,0,0.0029,,0.0197,0.25,air,1,BORING  BARS - FINISHING.csv
LTH-07,Okuma Multus B250II,,5000,22,Default preset,turning boring,Gray Iron (K),K,Bore Rough,turning,roughing,conventional,0.25,1,656,,0,0.0061,,0.1181,0.25,disabled,1,BORING  BARS - FINISHING.csv
LTH-07,Okuma Multus B250II,,5000,22,Default preset,turning boring,Gray Iron (K),K,Bore Finish,turning,finishing,conventional,0.25,1,787,,0,0.0029,,0.0197,0.25,air,1,BORING  BARS - FINISHING.csv
LTH-07,Okuma Multus B250II,,5000,22,Default preset,turning boring,Ductile Iron (K),K,Bore Rough,turning,roughing,conventional,0.25,1,516,,0,0.0061,,0.1181,0.25,disabled,1,BORING  BARS - FINISHING.csv
LTH-07,Okuma Multus B250II,,5000,22,Default preset,turning boring,Ductile Iron (K),K,Bore Finish,turning,finishing,conventional,0.25,1,619,,0,0.0029,,0.0197,0.25,air,1,BORING  BARS - FINISHING.csv
LTH-07,Okuma Multus B250II,,5000,22,Default preset,turning boring,Gray Iron (K),K,Bore Rough,turning,roughing,conventional,0.1563,1,656,,0,0.0049,,0.1181,0.1563,disabled,1,BORING BARS - ROUGHING.csv
LTH-07,Okuma Multus B250II,,5000,22,Default preset,turning boring,Gray Iron (K),K,Bore Finish,turning,finishing,conventional,0.1563,1,787,,0,0.0024,,0.0197,0.1563,air,1,BORING BARS - ROUGHING.csv
LTH-07,Okuma Multus B250II,,5000,22,Default preset,turning boring,Ductile Iron (K),K,Bore Rough,turning,roughing,conventional,0.1563,1,516,,0,0.0049,,0.1181,0.1563,disabled,1,BORING BARS - ROUGHING.csv
LTH-07,Okuma Multus B250II,,5000,22,Default preset,turning boring,Ductile Iron (K),K,Bore Finish,turning,finishing,conventional,0.1563,1,619,,0,0.0024,,0.0197,0.1563,air,1,BORING BARS - ROUGHING.csv
LTH-07,Okuma Multus B250II,,5000,22,Default preset,turning boring,Gray Iron (K),K,Bore Rough,turning,roughing,conventional,0.25,1,656,,0,0.0061,,0.1181,0.25,disabled,1,BORING BARS - ROUGHING.csv
LTH-07,Okuma Multus B250II,,5000,22,Default preset,turning boring,Gray Iron (K),K,Bore Finish,turning,finishing,conventional,0.25,1,787,,0,0.0029,,0.0197,0.25,air,1,BORING BARS - ROUGHING.csv
LTH-07,Okuma Multus B250II,,5000,22,Default preset,turning boring,Ductile Iron (K),K,Bore Rough,turning,roughing,conventional,0.25,1,516,,0,0.0061,,0.1181,0.25,disabled,1,BORING BARS - ROUGHING.csv
LTH-07,Okuma Multus B250II,,5000,22,Default preset,turning boring,Ductile Iron (K),K,Bore Finish,turning,finishing,conventional,0.25,1,619,,0,0.0029,,0.0197,0.25,air,1,BORING BARS - ROUGHING.csv
LTH-07,Okuma Multus B250II,,5000,22,Default preset,turning boring,Gray Iron (K),K,Bore Rough,turning,roughing,conventional,0.25,1,656,,0,0.0061,,0.1181,0.25,disabled,1,BORING BARS - ROUGHING.csv
LTH-07,Okuma Multus B250II,,5000,22,Default preset,turning boring,Gray Iron (K),K,Bore Finish,turning,finishing,conventional,0.25,1,787,,0,0.0029,,0.0197,0.25,air,1,BORING BARS - ROUGHING.csv
LTH-07,Okuma Multus B250II,,5000,22,Default preset,turning boring,Ductile Iron (K),K,Bore Rough,turning,roughing,conventional,0.25,1,516,,0,0.0061,,0.1181,0.25,disabled,1,BORING BARS - ROUGHING.csv
LTH-07,Okuma Multus B250II,,5000,22,Default preset,turning boring,Ductile Iron (K),K,Bore Finish,turning,finishing,conventional,0.25,1,619,,0,0.0029,,0.0197,0.25,air,1,BORING BARS - ROUGHING.csv
LTH-07,Okuma Multus B250II,,5000,22,Default preset,turning boring,Gray Iron (K),K,Bore Rough,turning,roughing,conventional,0.25,1,656,,0,0.0061,,0.1181,0.25,disabled,1,BORING BARS - ROUGHING.csv
LTH-07,Okuma Multus B250II,,5000,22,Default preset,turning boring,Gray Iron (K),K,Bore Finish,turning,finishing,conventional,0.25,1,787,,0,0.0029,,0.0197,0.25,air,1,BORING BARS - ROUGHING.csv
LTH-07,Okuma Multus B250II,,5000,22,Default preset,turning boring,Ductile Iron (K),K,Bore Rough,turning,roughing,conventional,0.25,1,516,,0,0.0061,,0.1181,0.25,disabled,1,BORING BARS - ROUGHING.csv
LTH-07,Okuma Multus B250II,,5000,22,Default preset,turning boring,Ductile Iron (K),K,Bore Finish,turning,finishing,conventional,0.25,1,619,,0,0.0029,,0.0197,0.25,air,1,BORING BARS - ROUGHING.csv
LTH-07,Okuma Multus B250II,,5000,22,Default preset,turning boring,Gray Iron (K),K,Bore Rough,turning,roughing,conventional,0.25,1,656,,0,0.0061,,0.1181,0.25,disabled,1,BORING BARS - ROUGHING.csv
LTH-07,Okuma Multus B250II,,5000,22,Default preset,turning boring,Gray Iron (K),K,Bore Finish,turning,finishing,conventional,0.25,1,787,,0,0.0029,,0.0197,0.25,air,1,BORING BARS - ROUGHING.csv
LTH-07,Okuma Multus B250II,,5000,22,Default preset,turning boring,Ductile Iron (K),K,Bore Rough,turning,roughing,conventional,0.25,1,516,,0,0.0061,,0.1181,0.25,disabled,1,BORING BARS - ROUGHING.csv
LTH-07,Okuma Multus B250II,,5000,22,Default preset,turning boring,Ductile Iron (K),K,Bore Finish,turning,finishing,conventional,0.25,1,619,,0,0.0029,,0.0197,0.25,air,1,BORING BARS - ROUGHING.csv
LTH-07,Okuma Multus B250II,,5000,22,Default preset,turning boring,Gray Iron (K),K,Bore Rough,turning,roughing,conventional,0.25,1,656,,0,0.0061,,0.1181,0.25,disabled,1,BORING BARS - ROUGHING.csv
LTH-07,Okuma Multus B250II,,5000,22,Default preset,turning boring,Gray Iron (K),K,Bore Finish,turning,finishing,conventional,0.25,1,787,,0,0.0029,,0.0197,0.25,air,1,BORING BARS - ROUGHING.csv
LTH-07,Okuma Multus B250II,,5000,22,Default preset,turning boring,Ductile Iron (K),K,Bore Rough,turning,roughing,conventional,0.25,1,516,,0,0.0061,,0.1181,0.25,disabled,1,BORING BARS - ROUGHING.csv
LTH-07,Okuma Multus B250II,,5000,22,Default preset,turning boring,Ductile Iron (K),K,Bore Finish,turning,finishing,conventional,0.25,1,619,,0,0.0029,,0.0197,0.25,air,1,BORING BARS - ROUGHING.csv
LTH-07,Okuma Multus B250II,,5000,22,Default preset,turning boring,Gray Iron (K),K,Bore Rough,turning,roughing,conventional,0.25,1,656,,0,0.0061,,0.1181,0.25,disabled,1,BORING BARS - ROUGHING.csv
LTH-07,Okuma Multus B250II,,5000,22,Default preset,turning boring,Gray Iron (K),K,Bore Finish,turning,finishing,conventional,0.25,1,787,,0,0.0029,,0.0197,0.25,air,1,BORING BARS - ROUGHING.csv
LTH-07,Okuma Multus B250II,,5000,22,Default preset,turning boring,Ductile Iron (K),K,Bore Rough,turning,roughing,conventional,0.25,1,516,,0,0.0061,,0.1181,0.25,disabled,1,BORING BARS - ROUGHING.csv
LTH-07,Okuma Multus B250II,,5000,22,Default preset,turning boring,Ductile Iron (K),K,Bore Finish,turning,finishing,conventional,0.25,1,619,,0,0.0029,,0.0197,0.25,air,1,BORING BARS - ROUGHING.csv
LTH-07,Okuma Multus B250II,,5000,22,Default preset,turning boring,Gray Iron (K),K,Bore Rough,turning,roughing,conventional,0.25,1,656,,0,0.0061,,0.1181,0.25,disabled,1,BORING BARS - ROUGHING.csv
LTH-07,Okuma Multus B250II,,5000,22,Default preset,turning boring,Gray Iron (K),K,Bore Finish,turning,finishing,conventional,0.25,1,787,,0,0.0029,,0.0197,0.25,air,1,BORING BARS - ROUGHING.csv
LTH-07,Okuma Multus B250II,,5000,22,Default preset,turning boring,Ductile Iron (K),K,Bore Rough,turning,roughing,conventional,0.25,1,516,,0,0.0061,,0.1181,0.25,disabled,1,BORING BARS - ROUGHING.csv
LTH-07,Okuma Multus B250II,,5000,22,Default preset,turning boring,Ductile Iron (K),K,Bore Finish,turning,finishing,conventional,0.25,1,619,,0,0.0029,,0.0197,0.25,air,1,BORING BARS - ROUGHING.csv
LTH-07,Okuma Multus B250II,,5000,22,Default preset,turning boring,Gray Iron (K),K,Bore Rough,turning,roughing,conventional,0.1563,1,656,,0,0.0049,,0.1181,0.1563,disabled,1,BORING BARS - ROUGHING.csv
LTH-07,Okuma Multus B250II,,5000,22,Default preset,turning boring,Gray Iron (K),K,Bore Finish,turning,finishing,conventional,0.1563,1,787,,0,0.0024,,0.0197,0.1563,air,1,BORING BARS - ROUGHING.csv
LTH-07,Okuma Multus B250II,,5000,22,Default preset,turning boring,Ductile Iron (K),K,Bore Rough,turning,roughing,conventional,0.1563,1,516,,0,0.0049,,0.1181,0.1563,disabled,1,BORING BARS - ROUGHING.csv
LTH-07,Okuma Multus B250II,,5000,22,Default preset,turning boring,Ductile Iron (K),K,Bore Finish,turning,finishing,conventional,0.1563,1,619,,0,0.0024,,0.0197,0.1563,air,1,BORING BARS - ROUGHING.csv
LTH-07,Okuma Multus B250II,,5000,22,Default preset,turning boring,Gray Iron (K),K,Bore Rough,turning,roughing,conventional,0.25,1,656,,0,0.0061,,0.1181,0.25,disabled,1,BORING BARS - ROUGHING.csv
LTH-07,Okuma Multus B250II,,5000,22,Default preset,turning boring,Gray Iron (K),K,Bore Finish,turning,finishing,conventional,0.25,1,787,,0,0.0029,,0.0197,0.25,air,1,BORING BARS - ROUGHING.csv
LTH-07,Okuma Multus B250II,,5000,22,Default preset,turning boring,Ductile Iron (K),K,Bore Rough,turning,roughing,conventional,0.25,1,516,,0,0.0061,,0.1181,0.25,disabled,1,BORING BARS - ROUGHING.csv
LTH-07,Okuma Multus B250II,,5000,22,Default preset,turning boring,Ductile Iron (K),K,Bore Finish,turning,finishing,conventional,0.25,1,619,,0,0.0029,,0.0197,0.25,air,1,BORING BARS - ROUGHING.csv
LTH-07,Okuma Multus B250II,,5000,22,Default preset,turning boring,Gray Iron (K),K,Bore Rough,turning,roughing,conventional,0.25,1,656,,0,0.0061,,0.1181,0.25,disabled,1,BORING BARS - ROUGHING.csv
LTH-07,Okuma Multus B250II,,5000,22,Default preset,turning boring,Gray Iron (K),K,Bore Finish,turning,finishing,conventional,0.25,1,787,,0,0.0029,,0.0197,0.25,air,1,BORING BARS - ROUGHING.csv
LTH-07,Okuma Multus B250II,,5000,22,Default preset,turning boring,Ductile Iron (K),K,Bore Rough,turning,roughing,conventional,0.25,1,516,,0,0.0061,,0.1181,0.25,disabled,1,BORING BARS - ROUGHING.csv
LTH-07,Okuma Multus B250II,,5000,22,Default preset,turning boring,Ductile Iron (K),K,Bore Finish,turning,finishing,conventional,0.25,1,619,,0,0.0029,,0.0197,0.25,air,1,BORING BARS - ROUGHING.csv
LTH-07,Okuma Multus B250II,,5000,22,Default preset,turning boring,Gray Iron (K),K,Bore Rough,turning,roughing,conventional,0.25,1,656,,0,0.0061,,0.1181,0.25,disabled,1,BORING BARS - ROUGHING.csv
LTH-07,Okuma Multus B250II,,5000,22,Default preset,turning boring,Gray Iron (K),K,Bore Finish,turning,finishing,conventional,0.25,1,787,,0,0.0029,,0.0197,0.25,air,1,BORING BARS - ROUGHING.csv
LTH-07,Okuma Multus B250II,,5000,22,Default preset,turning boring,Ductile Iron (K),K,Bore Rough,turning,roughing,conventional,0.25,1,516,,0,0.0061,,0.1181,0.25,disabled,1,BORING BARS - ROUGHING.csv
LTH-07,Okuma Multus B250II,,5000,22,Default preset,turning boring,Ductile Iron (K),K,Bore Finish,turning,finishing,conventional,0.25,1,619,,0,0.0029,,0.0197,0.25,air,1,BORING BARS - ROUGHING.csv
LTH-07,Okuma Multus B250II,,5000,22,Default preset,turning boring,Gray Iron (K),K,Bore Rough,turning,roughing,conventional,0.25,1,656,,0,0.0061,,0.1181,0.25,disabled,1,BORING BARS - ROUGHING.csv
LTH-07,Okuma Multus B250II,,5000,22,Default preset,turning boring,Gray Iron (K),K,Bore Finish,turning,finishing,conventional,0.25,1,787,,0,0.0029,,0.0197,0.25,air,1,BORING BARS - ROUGHING.csv
LTH-07,Okuma Multus B250II,,5000,22,Default preset,turning boring,Ductile Iron (K),K,Bore Rough,turning,roughing,conventional,0.25,1,516,,0,0.0061,,0.1181,0.25,disabled,1,BORING BARS - ROUGHING.csv
LTH-07,Okuma Multus B250II,,5000,22,Default preset,turning boring,Ductile Iron (K),K,Bore Finish,turning,finishing,conventional,0.25,1,619,,0,0.0029,,0.0197,0.25,air,1,BORING BARS - ROUGHING.csv
LTH-07,Okuma Multus B250II,,5000,22,Default preset,turning boring,Gray Iron (K),K,Bore Rough,turning,roughing,conventional,0.25,1,656,,0,0.0061,,0.1181,0.25,disabled,1,BORING BARS - ROUGHING.csv
LTH-07,Okuma Multus B250II,,5000,22,Default preset,turning boring,Gray Iron (K),K,Bore Finish,turning,finishing,conventional,0.25,1,787,,0,0.0029,,0.0197,0.25,air,1,BORING BARS - ROUGHING.csv
LTH-07,Okuma Multus B250II,,5000,22,Default preset,turning boring,Ductile Iron (K),K,Bore Rough,turning,roughing,conventional,0.25,1,516,,0,0.0061,,0.1181,0.25,disabled,1,BORING BARS - ROUGHING.csv
LTH-07,Okuma Multus B250II,,5000,22,Default preset,turning boring,Ductile Iron (K),K,Bore Finish,turning,finishing,conventional,0.25,1,619,,0,0.0029,,0.0197,0.25,air,1,BORING BARS - ROUGHING.csv
LTH-07,Okuma Multus B250II,,5000,22,Default preset,turning general,Gray Iron (K),K,Turn Rough,turning,roughing,conventional,0.375,1,656,,0,0.008,,0.1181,0.3748,disabled,1,TURNING TOOLS.csv
LTH-07,Okuma Multus B250II,,5000,22,Default preset,turning general,Gray Iron (K),K,Turn Finish,turning,finishing,conventional,0.375,1,787,,0,0.0039,,0.0197,0.3748,air,1,TURNING TOOLS.csv
LTH-07,Okuma Multus B250II,,5000,22,Default preset,turning general,Ductile Iron (K),K,Turn Rough,turning,roughing,conventional,0.375,1,516,,0,0.008,,0.1181,0.3748,disabled,1,TURNING TOOLS.csv
LTH-07,Okuma Multus B250II,,5000,22,Default preset,turning general,Ductile Iron (K),K,Turn Finish,turning,finishing,conventional,0.375,1,619,,0,0.0039,,0.0197,0.3748,air,1,TURNING TOOLS.csv
LTH-07,Okuma Multus B250II,,5000,22,Default preset,turning general,Gray Iron (K),K,Turn Rough,turning,roughing,conventional,0.375,1,656,,0,0.008,,0.1181,0.3748,disabled,1,TURNING TOOLS.csv
LTH-07,Okuma Multus B250II,,5000,22,Default preset,turning general,Gray Iron (K),K,Turn Finish,turning,finishing,conventional,0.375,1,787,,0,0.0039,,0.0197,0.3748,air,1,TURNING TOOLS.csv
LTH-07,Okuma Multus B250II,,5000,22,Default preset,turning general,Ductile Iron (K),K,Turn Rough,turning,roughing,conventional,0.375,1,516,,0,0.008,,0.1181,0.3748,disabled,1,TURNING TOOLS.csv
LTH-07,Okuma Multus B250II,,5000,22,Default preset,turning general,Ductile Iron (K),K,Turn Finish,turning,finishing,conventional,0.375,1,619,,0,0.0039,,0.0197,0.3748,air,1,TURNING TOOLS.csv
LTH-07,Okuma Multus B250II,,5000,22,Default preset,turning grooving,Gray Iron (K),K,Groove Rough,turning,roughing,conventional,0.4,1,656,,0,0.0085,,0.1181,0.4,disabled,1,TURNING TOOLS.csv
LTH-07,Okuma Multus B250II,,5000,22,Default preset,turning grooving,Gray Iron (K),K,Groove Finish,turning,finishing,conventional,0.4,1,787,,0,0.0041,,0.0197,0.4,air,1,TURNING TOOLS.csv
LTH-07,Okuma Multus B250II,,5000,22,Default preset,turning grooving,Ductile Iron (K),K,Groove Rough,turning,roughing,conventional,0.4,1,516,,0,0.0085,,0.1181,0.4,disabled,1,TURNING TOOLS.csv
LTH-07,Okuma Multus B250II,,5000,22,Default preset,turning grooving,Ductile Iron (K),K,Groove Finish,turning,finishing,conventional,0.4,1,619,,0,0.0041,,0.0197,0.4,air,1,TURNING TOOLS.csv
LTH-07,Okuma Multus B250II,,5000,22,Default preset,turning grooving,Gray Iron (K),K,Groove Rough,turning,roughing,conventional,0.4,1,656,,0,0.0085,,0.1181,0.4,disabled,1,TURNING TOOLS.csv
LTH-07,Okuma Multus B250II,,5000,22,Default preset,turning grooving,Gray Iron (K),K,Groove Finish,turning,finishing,conventional,0.4,1,787,,0,0.0041,,0.0197,0.4,air,1,TURNING TOOLS.csv
LTH-07,Okuma Multus B250II,,5000,22,Default preset,turning grooving,Ductile Iron (K),K,Groove Rough,turning,roughing,conventional,0.4,1,516,,0,0.0085,,0.1181,0.4,disabled,1,TURNING TOOLS.csv
LTH-07,Okuma Multus B250II,,5000,22,Default preset,turning grooving,Ductile Iron (K),K,Groove Finish,turning,finishing,conventional,0.4,1,619,,0,0.0041,,0.0197,0.4,air,1,TURNING TOOLS.csv
LTH-07,Okuma Multus B250II,,5000,22,Default preset,turning grooving,Gray Iron (K),K,Groove Rough,turning,roughing,conventional,0.4,1,656,,0,0.0085,,0.1181,0.4,disabled,1,TURNING TOOLS.csv
LTH-07,Okuma Multus B250II,,5000,22,Default preset,turning grooving,Gray Iron (K),K,Groove Finish,turning,finishing,conventional,0.4,1,787,,0,0.0041,,0.0197,0.4,air,1,TURNING TOOLS.csv
LTH-07,Okuma Multus B250II,,5000,22,Default preset,turning grooving,Ductile Iron (K),K,Groove Rough,turning,roughing,conventional,0.4,1,516,,0,0.0085,,0.1181,0.4,disabled,1,TURNING TOOLS.csv
LTH-07,Okuma Multus B250II,,5000,22,Default preset,turning grooving,Ductile Iron (K),K,Groove Finish,turning,finishing,conventional,0.4,1,619,,0,0.0041,,0.0197,0.4,air,1,TURNING TOOLS.csv
LTH-07,Okuma Multus B250II,,5000,22,Default preset,turning general,Gray Iron (K),K,Turn Rough,turning,roughing,conventional,0.375,1,656,,0,0.008,,0.1181,0.3748,disabled,1,TURNING TOOLS.csv
LTH-07,Okuma Multus B250II,,5000,22,Default preset,turning general,Gray Iron (K),K,Turn Finish,turning,finishing,conventional,0.375,1,787,,0,0.0039,,0.0197,0.3748,air,1,TURNING TOOLS.csv
LTH-07,Okuma Multus B250II,,5000,22,Default preset,turning general,Ductile Iron (K),K,Turn Rough,turning,roughing,conventional,0.375,1,516,,0,0.008,,0.1181,0.3748,disabled,1,TURNING TOOLS.csv
LTH-07,Okuma Multus B250II,,5000,22,Default preset,turning general,Ductile Iron (K),K,Turn Finish,turning,finishing,conventional,0.375,1,619,,0,0.0039,,0.0197,0.3748,air,1,TURNING TOOLS.csv
LTH-07,Okuma Multus B250II,,5000,22,Default preset,turning grooving,Gray Iron (K),K,Groove Rough,turning,roughing,conventional,0.4,1,656,,0,0.0085,,0.1181,0.4,disabled,1,TURNING TOOLS.csv
LTH-07,Okuma Multus B250II,,5000,22,Default preset,turning grooving,Gray Iron (K),K,Groove Finish,turning,finishing,conventional,0.4,1,787,,0,0.0041,,0.0197,0.4,air,1,TURNING TOOLS.csv
LTH-07,Okuma Multus B250II,,5000,22,Default preset,turning grooving,Ductile Iron (K),K,Groove Rough,turning,roughing,conventional,0.4,1,516,,0,0.0085,,0.1181,0.4,disabled,1,TURNING TOOLS.csv
LTH-07,Okuma Multus B250II,,5000,22,Default preset,turning grooving,Ductile Iron (K),K,Groove Finish,turning,finishing,conventional,0.4,1,619,,0,0.0041,,0.0197,0.4,air,1,TURNING TOOLS.csv
LTH-07,Okuma Multus B250II,,5000,22,Default preset,turning grooving,Gray Iron (K),K,Groove Rough,turning,roughing,conventional,0.4,1,656,,0,0.0085,,0.1181,0.4,disabled,1,TURNING TOOLS.csv
LTH-07,Okuma Multus B250II,,5000,22,Default preset,turning grooving,Gray Iron (K),K,Groove Finish,turning,finishing,conventional,0.4,1,787,,0,0.0041,,0.0197,0.4,air,1,TURNING TOOLS.csv
LTH-07,Okuma Multus B250II,,5000,22,Default preset,turning grooving,Ductile Iron (K),K,Groove Rough,turning,roughing,conventional,0.4,1,516,,0,0.0085,,0.1181,0.4,disabled,1,TURNING TOOLS.csv
LTH-07,Okuma Multus B250II,,5000,22,Default preset,turning grooving,Ductile Iron (K),K,Groove Finish,turning,finishing,conventional,0.4,1,619,,0,0.0041,,0.0197,0.4,air,1,TURNING TOOLS.csv
LTH-07,Okuma Multus B250II,,5000,22,Default preset,turning general,Gray Iron (K),K,Turn Rough,turning,roughing,conventional,0.375,1,656,,0,0.008,,0.1181,0.3748,disabled,1,TURNING TOOLS.csv
LTH-07,Okuma Multus B250II,,5000,22,Default preset,turning general,Gray Iron (K),K,Turn Finish,turning,finishing,conventional,0.375,1,787,,0,0.0039,,0.0197,0.3748,air,1,TURNING TOOLS.csv
LTH-07,Okuma Multus B250II,,5000,22,Default preset,turning general,Ductile Iron (K),K,Turn Rough,turning,roughing,conventional,0.375,1,516,,0,0.008,,0.1181,0.3748,disabled,1,TURNING TOOLS.csv
LTH-07,Okuma Multus B250II,,5000,22,Default preset,turning general,Ductile Iron (K),K,Turn Finish,turning,finishing,conventional,0.375,1,619,,0,0.0039,,0.0197,0.3748,air,1,TURNING TOOLS.csv
LTH-07,Okuma Multus B250II,,5000,22,Default preset,turning general,Gray Iron (K),K,Turn Rough,turning,roughing,conventional,0.375,1,656,,0,0.008,,0.1181,0.3748,disabled,1,TURNING TOOLS.csv
LTH-07,Okuma Multus B250II,,5000,22,Default preset,turning general,Gray Iron (K),K,Turn Finish,turning,finishing,conventional,0.375,1,787,,0,0.0039,,0.0197,0.3748,air,1,TURNING TOOLS.csv
LTH-07,Okuma Multus B250II,,5000,22,Default preset,turning general,Ductile Iron (K),K,Turn Rough,turning,roughing,conventional,0.375,1,516,,0,0.008,,0.1181,0.3748,disabled,1,TURNING TOOLS.csv
LTH-07,Okuma Multus B250II,,5000,22,Default preset,turning general,Ductile Iron (K),K,Turn Finish,turning,finishing,conventional,0.375,1,619,,0,0.0039,,0.0197,0.3748,air,1,TURNING TOOLS.csv
LTH-07,Okuma Multus B250II,,5000,22,Default preset,turning grooving,Gray Iron (K),K,Groove Rough,turning,roughing,conventional,0.4,1,656,,0,0.0085,,0.1181,0.4,disabled,1,TURNING TOOLS.csv
LTH-07,Okuma Multus B250II,,5000,22,Default preset,turning grooving,Gray Iron (K),K,Groove Finish,turning,finishing,conventional,0.4,1,787,,0,0.0041,,0.0197,0.4,air,1,TURNING TOOLS.csv
LTH-07,Okuma Multus B250II,,5000,22,Default preset,turning grooving,Ductile Iron (K),K,Groove Rough,turning,roughing,conventional,0.4,1,516,,0,0.0085,,0.1181,0.4,disabled,1,TURNING TOOLS.csv
LTH-07,Okuma Multus B250II,,5000,22,Default preset,turning grooving,Ductile Iron (K),K,Groove Finish,turning,finishing,conventional,0.4,1,619,,0,0.0041,,0.0197,0.4,air,1,TURNING TOOLS.csv
LTH-07,Okuma Multus B250II,,5000,22,Default preset,turning general,Gray Iron (K),K,Turn Rough,turning,roughing,conventional,0.375,1,656,,0,0.008,,0.1181,0.3748,disabled,1,TURNING TOOLS.csv
LTH-07,Okuma Multus B250II,,5000,22,Default preset,turning general,Gray Iron (K),K,Turn Finish,turning,finishing,conventional,0.375,1,787,,0,0.0039,,0.0197,0.3748,air,1,TURNING TOOLS.csv
LTH-07,Okuma Multus B250II,,5000,22,Default preset,turning general,Ductile Iron (K),K,Turn Rough,turning,roughing,conventional,0.375,1,516,,0,0.008,,0.1181,0.3748,disabled,1,TURNING TOOLS.csv
LTH-07,Okuma Multus B250II,,5000,22,Default preset,turning general,Ductile Iron (K),K,Turn Finish,turning,finishing,conventional,0.375,1,619,,0,0.0039,,0.0197,0.3748,air,1,TURNING TOOLS.csv
LTH-07,Okuma Multus B250II,,5000,22,Default preset,turning general,Gray Iron (K),K,Turn Rough,turning,roughing,conventional,0.375,1,656,,0,0.008,,0.1181,0.3748,disabled,1,TURNING TOOLS.csv
LTH-07,Okuma Multus B250II,,5000,22,Default preset,turning general,Gray Iron (K),K,Turn Finish,turning,finishing,conventional,0.375,1,787,,0,0.0039,,0.0197,0.3748,air,1,TURNING TOOLS.csv
LTH-07,Okuma Multus B250II,,5000,22,Default preset,turning general,Ductile Iron (K),K,Turn Rough,turning,roughing,conventional,0.375,1,516,,0,0.008,,0.1181,0.3748,disabled,1,TURNING TOOLS.csv
LTH-07,Okuma Multus B250II,,5000,22,Default preset,turning general,Ductile Iron (K),K,Turn Finish,turning,finishing,conventional,0.375,1,619,,0,0.0039,,0.0197,0.3748,air,1,TURNING TOOLS.csv
LTH-07,Okuma Multus B250II,,5000,22,Default preset,turning general,Gray Iron (K),K,Turn Rough,turning,roughing,conventional,0.375,1,656,,0,0.008,,0.1181,0.3748,disabled,1,TURNING TOOLS.csv
LTH-07,Okuma Multus B250II,,5000,22,Default preset,turning general,Gray Iron (K),K,Turn Finish,turning,finishing,conventional,0.375,1,787,,0,0.0039,,0.0197,0.3748,air,1,TURNING TOOLS.csv
LTH-07,Okuma Multus B250II,,5000,22,Default preset,turning general,Ductile Iron (K),K,Turn Rough,turning,roughing,conventional,0.375,1,516,,0,0.008,,0.1181,0.3748,disabled,1,TURNING TOOLS.csv
LTH-07,Okuma Multus B250II,,5000,22,Default preset,turning general,Ductile Iron (K),K,Turn Finish,turning,finishing,conventional,0.375,1,619,,0,0.0039,,0.0197,0.3748,air,1,TURNING TOOLS.csv
LTH-07,Okuma Multus B250II,,5000,22,Default preset,turning general,Gray Iron (K),K,Turn Rough,turning,roughing,conventional,0.375,1,656,,0,0.008,,0.1181,0.3748,disabled,1,TURNING TOOLS.csv
LTH-07,Okuma Multus B250II,,5000,22,Default preset,turning general,Gray Iron (K),K,Turn Finish,turning,finishing,conventional,0.375,1,787,,0,0.0039,,0.0197,0.3748,air,1,TURNING TOOLS.csv
LTH-07,Okuma Multus B250II,,5000,22,Default preset,turning general,Ductile Iron (K),K,Turn Rough,turning,roughing,conventional,0.375,1,516,,0,0.008,,0.1181,0.3748,disabled,1,TURNING TOOLS.csv
LTH-07,Okuma Multus B250II,,5000,22,Default preset,turning general,Ductile Iron (K),K,Turn Finish,turning,finishing,conventional,0.375,1,619,,0,0.0039,,0.0197,0.3748,air,1,TURNING TOOLS.csv
LTH-07,Okuma Multus B250II,,5000,22,Default preset,turning general,Gray Iron (K),K,Turn Rough,turning,roughing,conventional,0.375,1,656,,0,0.008,,0.1181,0.3748,disabled,1,TURNING TOOLS.csv
LTH-07,Okuma Multus B250II,,5000,22,Default preset,turning general,Gray Iron (K),K,Turn Finish,turning,finishing,conventional,0.375,1,787,,0,0.0039,,0.0197,0.3748,air,1,TURNING TOOLS.csv
LTH-07,Okuma Multus B250II,,5000,22,Default preset,turning general,Ductile Iron (K),K,Turn Rough,turning,roughing,conventional,0.375,1,516,,0,0.008,,0.1181,0.3748,disabled,1,TURNING TOOLS.csv
LTH-07,Okuma Multus B250II,,5000,22,Default preset,turning general,Ductile Iron (K),K,Turn Finish,turning,finishing,conventional,0.375,1,619,,0,0.0039,,0.0197,0.3748,air,1,TURNING TOOLS.csv
LTH-07,Okuma Multus B250II,,5000,22,Default preset,turning general,Gray Iron (K),K,Turn Rough,turning,roughing,conventional,0.375,1,656,,0,0.008,,0.1181,0.3748,disabled,1,TURNING TOOLS.csv
LTH-07,Okuma Multus B250II,,5000,22,Default preset,turning general,Gray Iron (K),K,Turn Finish,turning,finishing,conventional,0.375,1,787,,0,0.0039,,0.0197,0.3748,air,1,TURNING TOOLS.csv
LTH-07,Okuma Multus B250II,,5000,22,Default preset,turning general,Ductile Iron (K),K,Turn Rough,turning,roughing,conventional,0.375,1,516,,0,0.008,,0.1181,0.3748,disabled,1,TURNING TOOLS.csv
LTH-07,Okuma Multus B250II,,5000,22,Default preset,turning general,Ductile Iron (K),K,Turn Finish,turning,finishing,conventional,0.375,1,619,,0,0.0039,,0.0197,0.3748,air,1,TURNING TOOLS.csv
LTH-07,Okuma Multus B250II,,5000,22,Default preset,turning general,Gray Iron (K),K,Turn Rough,turning,roughing,conventional,0.375,1,656,,0,0.008,,0.1181,0.3748,disabled,1,TURNING TOOLS.csv
LTH-07,Okuma Multus B250II,,5000,22,Default preset,turning general,Gray Iron (K),K,Turn Finish,turning,finishing,conventional,0.375,1,787,,0,0.0039,,0.0197,0.3748,air,1,TURNING TOOLS.csv
LTH-07,Okuma Multus B250II,,5000,22,Default preset,turning general,Ductile Iron (K),K,Turn Rough,turning,roughing,conventional,0.375,1,516,,0,0.008,,0.1181,0.3748,disabled,1,TURNING TOOLS.csv
LTH-07,Okuma Multus B250II,,5000,22,Default preset,turning general,Ductile Iron (K),K,Turn Finish,turning,finishing,conventional,0.375,1,619,,0,0.0039,,0.0197,0.3748,air,1,TURNING TOOLS.csv
LTH-07,Okuma Multus B250II,,5000,22,Default preset,turning threading,Gray Iron (K),K,Thread,turning,finishing,conventional,0.4,1,787,,0,0.0041,,0.0197,0.4,air,1,TURNING TOOLS.csv
LTH-07,Okuma Multus B250II,,5000,22,Default preset,turning threading,Ductile Iron (K),K,Thread,turning,finishing,conventional,0.4,1,619,,0,0.0041,,0.0197,0.4,air,1,TURNING TOOLS.csv
LTH-07,Okuma Multus B250II,,5000,22,Default preset,turning threading,Gray Iron (K),K,Thread,turning,finishing,conventional,0.4,1,787,,0,0.0041,,0.0197,0.4,air,1,TURNING TOOLS.csv
LTH-07,Okuma Multus B250II,,5000,22,Default preset,turning threading,Ductile Iron (K),K,Thread,turning,finishing,conventional,0.4,1,619,,0,0.0041,,0.0197,0.4,air,1,TURNING TOOLS.csv
LTH-07,Okuma Multus B250II,,5000,22,Default preset,turning grooving,Gray Iron (K),K,Groove Rough,turning,roughing,conventional,0.4,1,656,,0,0.0085,,0.1181,0.4,disabled,1,TURNING TOOLS.csv
LTH-07,Okuma Multus B250II,,5000,22,Default preset,turning grooving,Gray Iron (K),K,Groove Finish,turning,finishing,conventional,0.4,1,787,,0,0.0041,,0.0197,0.4,air,1,TURNING TOOLS.csv
LTH-07,Okuma Multus B250II,,5000,22,Default preset,turning grooving,Ductile Iron (K),K,Groove Rough,turning,roughing,conventional,0.4,1,516,,0,0.0085,,0.1181,0.4,disabled,1,TURNING TOOLS.csv
LTH-07,Okuma Multus B250II,,5000,22,Default preset,turning grooving,Ductile Iron (K),K,Groove Finish,turning,finishing,conventional,0.4,1,619,,0,0.0041,,0.0197,0.4,air,1,TURNING TOOLS.csv
LTH-07,Okuma Multus B250II,,5000,22,Default preset,turning general,Gray Iron (K),K,Turn Rough,turning,roughing,conventional,6.35,1,656,,0,0.0231,,0.1181,6.35,disabled,1,TURNING TOOLS.csv
LTH-07,Okuma Multus B250II,,5000,22,Default preset,turning general,Gray Iron (K),K,Turn Finish,turning,finishing,conventional,6.35,1,787,,0,0.0111,,0.0197,6.35,air,1,TURNING TOOLS.csv
LTH-07,Okuma Multus B250II,,5000,22,Default preset,turning general,Ductile Iron (K),K,Turn Rough,turning,roughing,conventional,6.35,1,516,,0,0.0231,,0.1181,6.35,disabled,1,TURNING TOOLS.csv
LTH-07,Okuma Multus B250II,,5000,22,Default preset,turning general,Ductile Iron (K),K,Turn Finish,turning,finishing,conventional,6.35,1,619,,0,0.0111,,0.0197,6.35,air,1,TURNING TOOLS.csv
LTH-07,Okuma Multus B250II,,5000,22,Default preset,turning grooving,Gray Iron (K),K,Groove Rough,turning,roughing,conventional,0.4,1,656,,0,0.0085,,0.1181,0.4,disabled,1,TURNING TOOLS.csv
LTH-07,Okuma Multus B250II,,5000,22,Default preset,turning grooving,Gray Iron (K),K,Groove Finish,turning,finishing,conventional,0.4,1,787,,0,0.0041,,0.0197,0.4,air,1,TURNING TOOLS.csv
LTH-07,Okuma Multus B250II,,5000,22,Default preset,turning grooving,Ductile Iron (K),K,Groove Rough,turning,roughing,conventional,0.4,1,516,,0,0.0085,,0.1181,0.4,disabled,1,TURNING TOOLS.csv
LTH-07,Okuma Multus B250II,,5000,22,Default preset,turning grooving,Ductile Iron (K),K,Groove Finish,turning,finishing,conventional,0.4,1,619,,0,0.0041,,0.0197,0.4,air,1,TURNING TOOLS.csv
LTH-07,Okuma Multus B250II,,5000,22,Default preset,turning grooving,Gray Iron (K),K,Groove Rough,turning,roughing,conventional,0.4,1,656,,0,0.0085,,0.1181,0.4,disabled,1,TURNING TOOLS.csv
LTH-07,Okuma Multus B250II,,5000,22,Default preset,turning grooving,Gray Iron (K),K,Groove Finish,turning,finishing,conventional,0.4,1,787,,0,0.0041,,0.0197,0.4,air,1,TURNING TOOLS.csv
LTH-07,Okuma Multus B250II,,5000,22,Default preset,turning grooving,Ductile Iron (K),K,Groove Rough,turning,roughing,conventional,0.4,1,516,,0,0.0085,,0.1181,0.4,disabled,1,TURNING TOOLS.csv
LTH-07,Okuma Multus B250II,,5000,22,Default preset,turning grooving,Ductile Iron (K),K,Groove Finish,turning,finishing,conventional,0.4,1,619,,0,0.0041,,0.0197,0.4,air,1,TURNING TOOLS.csv
LTH-07,Okuma Multus B250II,,5000,22,Default preset,turning general,Gray Iron (K),K,Turn Rough,turning,roughing,conventional,0.375,1,656,,0,0.008,,0.1181,0.3748,disabled,1,TURNING TOOLS.csv
LTH-07,Okuma Multus B250II,,5000,22,Default preset,turning general,Gray Iron (K),K,Turn Finish,turning,finishing,conventional,0.375,1,787,,0,0.0039,,0.0197,0.3748,air,1,TURNING TOOLS.csv
LTH-07,Okuma Multus B250II,,5000,22,Default preset,turning general,Ductile Iron (K),K,Turn Rough,turning,roughing,conventional,0.375,1,516,,0,0.008,,0.1181,0.3748,disabled,1,TURNING TOOLS.csv
LTH-07,Okuma Multus B250II,,5000,22,Default preset,turning general,Ductile Iron (K),K,Turn Finish,turning,finishing,conventional,0.375,1,619,,0,0.0039,,0.0197,0.3748,air,1,TURNING TOOLS.csv
LTH-07,Okuma Multus B250II,,5000,22,Default preset,turning general,Gray Iron (K),K,Turn Rough,turning,roughing,conventional,0.375,1,656,,0,0.008,,0.1181,0.3748,disabled,1,TURNING TOOLS.csv
LTH-07,Okuma Multus B250II,,5000,22,Default preset,turning general,Gray Iron (K),K,Turn Finish,turning,finishing,conventional,0.375,1,787,,0,0.0039,,0.0197,0.3748,air,1,TURNING TOOLS.csv
LTH-07,Okuma Multus B250II,,5000,22,Default preset,turning general,Ductile Iron (K),K,Turn Rough,turning,roughing,conventional,0.375,1,516,,0,0.008,,0.1181,0.3748,disabled,1,TURNING TOOLS.csv
LTH-07,Okuma Multus B250II,,5000,22,Default preset,turning general,Ductile Iron (K),K,Turn Finish,turning,finishing,conventional,0.375,1,619,,0,0.0039,,0.0197,0.3748,air,1,TURNING TOOLS.csv
LTH-07,Okuma Multus B250II,,5000,22,Default preset,turning general,Gray Iron (K),K,Turn Rough,turning,roughing,conventional,0.375,1,656,,0,0.008,,0.1181,0.3748,disabled,1,TURNING TOOLS.csv
LTH-07,Okuma Multus B250II,,5000,22,Default preset,turning general,Gray Iron (K),K,Turn Finish,turning,finishing,conventional,0.375,1,787,,0,0.0039,,0.0197,0.3748,air,1,TURNING TOOLS.csv
LTH-07,Okuma Multus B250II,,5000,22,Default preset,turning general,Ductile Iron (K),K,Turn Rough,turning,roughing,conventional,0.375,1,516,,0,0.008,,0.1181,0.3748,disabled,1,TURNING TOOLS.csv
LTH-07,Okuma Multus B250II,,5000,22,Default preset,turning general,Ductile Iron (K),K,Turn Finish,turning,finishing,conventional,0.375,1,619,,0,0.0039,,0.0197,0.3748,air,1,TURNING TOOLS.csv
LTH-07,Okuma Multus B250II,,5000,22,Default preset,turning general,Gray Iron (K),K,Turn Rough,turning,roughing,conventional,0.375,1,656,,0,0.008,,0.1181,0.3748,disabled,1,TURNING TOOLS.csv
LTH-07,Okuma Multus B250II,,5000,22,Default preset,turning general,Gray Iron (K),K,Turn Finish,turning,finishing,conventional,0.375,1,787,,0,0.0039,,0.0197,0.3748,air,1,TURNING TOOLS.csv
LTH-07,Okuma Multus B250II,,5000,22,Default preset,turning general,Ductile Iron (K),K,Turn Rough,turning,roughing,conventional,0.375,1,516,,0,0.008,,0.1181,0.3748,disabled,1,TURNING TOOLS.csv
LTH-07,Okuma Multus B250II,,5000,22,Default preset,turning general,Ductile Iron (K),K,Turn Finish,turning,finishing,conventional,0.375,1,619,,0,0.0039,,0.0197,0.3748,air,1,TURNING TOOLS.csv
LTH-07,Okuma Multus B250II,,5000,22,Default preset,turning grooving,Gray Iron (K),K,Groove Rough,turning,roughing,conventional,0.4,1,656,,0,0.0085,,0.1181,0.4,disabled,1,TURNING TOOLS.csv
LTH-07,Okuma Multus B250II,,5000,22,Default preset,turning grooving,Gray Iron (K),K,Groove Finish,turning,finishing,conventional,0.4,1,787,,0,0.0041,,0.0197,0.4,air,1,TURNING TOOLS.csv
LTH-07,Okuma Multus B250II,,5000,22,Default preset,turning grooving,Ductile Iron (K),K,Groove Rough,turning,roughing,conventional,0.4,1,516,,0,0.0085,,0.1181,0.4,disabled,1,TURNING TOOLS.csv
LTH-07,Okuma Multus B250II,,5000,22,Default preset,turning grooving,Ductile Iron (K),K,Groove Finish,turning,finishing,conventional,0.4,1,619,,0,0.0041,,0.0197,0.4,air,1,TURNING TOOLS.csv
LTH-07,Okuma Multus B250II,,5000,22,Default preset,turning grooving,Gray Iron (K),K,Groove Rough,turning,roughing,conventional,0.4,1,656,,0,0.0085,,0.1181,0.4,disabled,1,TURNING TOOLS.csv
LTH-07,Okuma Multus B250II,,5000,22,Default preset,turning grooving,Gray Iron (K),K,Groove Finish,turning,finishing,conventional,0.4,1,787,,0,0.0041,,0.0197,0.4,air,1,TURNING TOOLS.csv
LTH-07,Okuma Multus B250II,,5000,22,Default preset,turning grooving,Ductile Iron (K),K,Groove Rough,turning,roughing,conventional,0.4,1,516,,0,0.0085,,0.1181,0.4,disabled,1,TURNING TOOLS.csv
LTH-07,Okuma Multus B250II,,5000,22,Default preset,turning grooving,Ductile Iron (K),K,Groove Finish,turning,finishing,conventional,0.4,1,619,,0,0.0041,,0.0197,0.4,air,1,TURNING TOOLS.csv
LTH-07,Okuma Multus B250II,,5000,22,Default Preset,bull nose end mill,Gray Iron (K),K,Rough,milling,roughing,conventional,0.5,6,558,4261,0,0.0073,186.21,0.2362,0.25,disabled,0,END MILLS FOR MACHINE 4.csv
LTH-07,Okuma Multus B250II,,5000,22,Default Preset,bull nose end mill,Gray Iron (K),K,HEM Adaptive,milling,roughing,adaptive,0.5,6,655,5000,1,0.0087,262.2,0.4724,0.05,disabled,0,END MILLS FOR MACHINE 4.csv
LTH-07,Okuma Multus B250II,,5000,22,Default Preset,bull nose end mill,Gray Iron (K),K,Trochoidal,milling,roughing,trochoidal,0.5,6,655,5000,1,0.0095,284.06,0.5906,0.04,disabled,0,END MILLS FOR MACHINE 4.csv
LTH-07,Okuma Multus B250II,,5000,22,Default Preset,bull nose end mill,Gray Iron (K),K,Slot,milling,roughing,slot,0.5,6,446,3409,0,0.0066,134.08,0.1654,0.5,disabled,0,END MILLS FOR MACHINE 4.csv
LTH-07,Okuma Multus B250II,,5000,22,Default Preset,bull nose end mill,Gray Iron (K),K,Ramp,milling,roughing,plunge,0.5,6,390,2983,0,0.0036,65.18,0.2362,0.25,disabled,0,END MILLS FOR MACHINE 4.csv
LTH-07,Okuma Multus B250II,,5000,22,Default Preset,bull nose end mill,Gray Iron (K),K,Semi,milling,semi_finishing,conventional,0.5,6,607,4637,0,0.0052,145.68,0.0984,0.3,disabled,0,END MILLS FOR MACHINE 4.csv
LTH-07,Okuma Multus B250II,,5000,22,Default Preset,bull nose end mill,Gray Iron (K),K,Finish,milling,finishing,conventional,0.5,6,654,5000,1,0.0041,121.65,0.0197,0.3748,air,0,END MILLS FOR MACHINE 4.csv
LTH-07,Okuma Multus B250II,,5000,22,Default Preset,bull nose end mill,Gray Iron (K),K,HSM,milling,finishing,hsm,0.5,6,654,5000,1,0.0041,121.65,0.0098,0.25,air,0,END MILLS FOR MACHINE 4.csv
LTH-07,Okuma Multus B250II,,5000,22,Default Preset,bull nose end mill,Ductile Iron (K),K,Rough,milling,roughing,conventional,0.5,6,438,3348,0,0.0073,146.31,0.2362,0.25,disabled,0,END MILLS FOR MACHINE 4.csv
LTH-07,Okuma Multus B250II,,5000,22,Default Preset,bull nose end mill,Ductile Iron (K),K,HEM Adaptive,milling,roughing,adaptive,0.5,6,614,4687,0,0.0087,245.79,0.4724,0.05,disabled,0,END MILLS FOR MACHINE 4.csv
LTH-07,Okuma Multus B250II,,5000,22,Default Preset,bull nose end mill,Ductile Iron (K),K,Trochoidal,milling,roughing,trochoidal,0.5,6,654,5000,1,0.0095,284.06,0.5906,0.04,disabled,0,END MILLS FOR MACHINE 4.csv
LTH-07,Okuma Multus B250II,,5000,22,Default Preset,bull nose end mill,Ductile Iron (K),K,Slot,milling,roughing,slot,0.5,6,351,2678,0,0.0066,105.33,0.1654,0.5,disabled,0,END MILLS FOR MACHINE 4.csv
LTH-07,Okuma Multus B250II,,5000,22,Default Preset,bull nose end mill,Ductile Iron (K),K,Ramp,milling,roughing,plunge,0.5,6,307,2343,0,0.0036,51.2,0.2362,0.25,disabled,0,END MILLS FOR MACHINE 4.csv
LTH-07,Okuma Multus B250II,,5000,22,Default Preset,bull nose end mill,Ductile Iron (K),K,Semi,milling,semi_finishing,conventional,0.5,6,477,3643,0,0.0052,114.45,0.0984,0.3,disabled,0,END MILLS FOR MACHINE 4.csv
LTH-07,Okuma Multus B250II,,5000,22,Default Preset,bull nose end mill,Ductile Iron (K),K,Finish,milling,finishing,conventional,0.5,6,516,3939,0,0.0041,95.84,0.0197,0.3748,air,0,END MILLS FOR MACHINE 4.csv
LTH-07,Okuma Multus B250II,,5000,22,Default Preset,bull nose end mill,Ductile Iron (K),K,HSM,milling,finishing,hsm,0.5,6,654,5000,1,0.0041,121.65,0.0098,0.25,air,0,END MILLS FOR MACHINE 4.csv
LTH-07,Okuma Multus B250II,,5000,22,Default Preset,bull nose end mill,Gray Iron (K),K,Rough,milling,roughing,conventional,0.5,6,558,4261,0,0.0073,186.21,0.2362,0.25,disabled,0,END MILLS FOR MACHINE 4.csv
LTH-07,Okuma Multus B250II,,5000,22,Default Preset,bull nose end mill,Gray Iron (K),K,HEM Adaptive,milling,roughing,adaptive,0.5,6,655,5000,1,0.0087,262.2,0.4724,0.05,disabled,0,END MILLS FOR MACHINE 4.csv
LTH-07,Okuma Multus B250II,,5000,22,Default Preset,bull nose end mill,Gray Iron (K),K,Trochoidal,milling,roughing,trochoidal,0.5,6,655,5000,1,0.0095,284.06,0.5906,0.04,disabled,0,END MILLS FOR MACHINE 4.csv
LTH-07,Okuma Multus B250II,,5000,22,Default Preset,bull nose end mill,Gray Iron (K),K,Slot,milling,roughing,slot,0.5,6,446,3409,0,0.0066,134.08,0.1654,0.5,disabled,0,END MILLS FOR MACHINE 4.csv
LTH-07,Okuma Multus B250II,,5000,22,Default Preset,bull nose end mill,Gray Iron (K),K,Ramp,milling,roughing,plunge,0.5,6,390,2983,0,0.0036,65.18,0.2362,0.25,disabled,0,END MILLS FOR MACHINE 4.csv
LTH-07,Okuma Multus B250II,,5000,22,Default Preset,bull nose end mill,Gray Iron (K),K,Semi,milling,semi_finishing,conventional,0.5,6,607,4637,0,0.0052,145.68,0.0984,0.3,disabled,0,END MILLS FOR MACHINE 4.csv
LTH-07,Okuma Multus B250II,,5000,22,Default Preset,bull nose end mill,Gray Iron (K),K,Finish,milling,finishing,conventional,0.5,6,654,5000,1,0.0041,121.65,0.0197,0.3748,air,0,END MILLS FOR MACHINE 4.csv
LTH-07,Okuma Multus B250II,,5000,22,Default Preset,bull nose end mill,Gray Iron (K),K,HSM,milling,finishing,hsm,0.5,6,654,5000,1,0.0041,121.65,0.0098,0.25,air,0,END MILLS FOR MACHINE 4.csv
LTH-07,Okuma Multus B250II,,5000,22,Default Preset,bull nose end mill,Ductile Iron (K),K,Rough,milling,roughing,conventional,0.5,6,438,3348,0,0.0073,146.31,0.2362,0.25,disabled,0,END MILLS FOR MACHINE 4.csv
LTH-07,Okuma Multus B250II,,5000,22,Default Preset,bull nose end mill,Ductile Iron (K),K,HEM Adaptive,milling,roughing,adaptive,0.5,6,614,4687,0,0.0087,245.79,0.4724,0.05,disabled,0,END MILLS FOR MACHINE 4.csv
LTH-07,Okuma Multus B250II,,5000,22,Default Preset,bull nose end mill,Ductile Iron (K),K,Trochoidal,milling,roughing,trochoidal,0.5,6,654,5000,1,0.0095,284.06,0.5906,0.04,disabled,0,END MILLS FOR MACHINE 4.csv
LTH-07,Okuma Multus B250II,,5000,22,Default Preset,bull nose end mill,Ductile Iron (K),K,Slot,milling,roughing,slot,0.5,6,351,2678,0,0.0066,105.33,0.1654,0.5,disabled,0,END MILLS FOR MACHINE 4.csv
LTH-07,Okuma Multus B250II,,5000,22,Default Preset,bull nose end mill,Ductile Iron (K),K,Ramp,milling,roughing,plunge,0.5,6,307,2343,0,0.0036,51.2,0.2362,0.25,disabled,0,END MILLS FOR MACHINE 4.csv
LTH-07,Okuma Multus B250II,,5000,22,Default Preset,bull nose end mill,Ductile Iron (K),K,Semi,milling,semi_finishing,conventional,0.5,6,477,3643,0,0.0052,114.45,0.0984,0.3,disabled,0,END MILLS FOR MACHINE 4.csv
LTH-07,Okuma Multus B250II,,5000,22,Default Preset,bull nose end mill,Ductile Iron (K),K,Finish,milling,finishing,conventional,0.5,6,516,3939,0,0.0041,95.84,0.0197,0.3748,air,0,END MILLS FOR MACHINE 4.csv
LTH-07,Okuma Multus B250II,,5000,22,Default Preset,bull nose end mill,Ductile Iron (K),K,HSM,milling,finishing,hsm,0.5,6,654,5000,1,0.0041,121.65,0.0098,0.25,air,0,END MILLS FOR MACHINE 4.csv
LTH-07,Okuma Multus B250II,,5000,22,Default Preset,bull nose end mill,Gray Iron (K),K,Rough,milling,roughing,conventional,0.25,6,327,5000,1,0.0044,131.1,0.2362,0.1252,disabled,0,END MILLS FOR MACHINE 4.csv
LTH-07,Okuma Multus B250II,,5000,22,Default Preset,bull nose end mill,Gray Iron (K),K,HEM Adaptive,milling,roughing,adaptive,0.25,6,327,5000,1,0.0052,157.32,0.4724,0.025,disabled,0,END MILLS FOR MACHINE 4.csv
LTH-07,Okuma Multus B250II,,5000,22,Default Preset,bull nose end mill,Gray Iron (K),K,Trochoidal,milling,roughing,trochoidal,0.25,6,327,5000,1,0.0057,170.43,0.5906,0.02,disabled,0,END MILLS FOR MACHINE 4.csv
LTH-07,Okuma Multus B250II,,5000,22,Default Preset,bull nose end mill,Gray Iron (K),K,Slot,milling,roughing,slot,0.25,6,327,5000,1,0.0039,117.99,0.125,0.25,disabled,0,END MILLS FOR MACHINE 4.csv
LTH-07,Okuma Multus B250II,,5000,22,Default Preset,bull nose end mill,Gray Iron (K),K,Ramp,milling,roughing,plunge,0.25,6,327,5000,1,0.0022,65.55,0.2362,0.1252,disabled,0,END MILLS FOR MACHINE 4.csv
LTH-07,Okuma Multus B250II,,5000,22,Default Preset,bull nose end mill,Gray Iron (K),K,Semi,milling,semi_finishing,conventional,0.25,6,327,5000,1,0.0031,94.49,0.0984,0.15,disabled,0,END MILLS FOR MACHINE 4.csv
LTH-07,Okuma Multus B250II,,5000,22,Default Preset,bull nose end mill,Gray Iron (K),K,Finish,milling,finishing,conventional,0.25,6,327,5000,1,0.0024,73.23,0.0197,0.1874,air,0,END MILLS FOR MACHINE 4.csv
LTH-07,Okuma Multus B250II,,5000,22,Default Preset,bull nose end mill,Gray Iron (K),K,HSM,milling,finishing,hsm,0.25,6,327,5000,1,0.0024,73.23,0.0098,0.125,air,0,END MILLS FOR MACHINE 4.csv
LTH-07,Okuma Multus B250II,,5000,22,Default Preset,bull nose end mill,Ductile Iron (K),K,Rough,milling,roughing,conventional,0.25,6,327,5000,1,0.0044,131.1,0.2362,0.1252,disabled,0,END MILLS FOR MACHINE 4.csv
LTH-07,Okuma Multus B250II,,5000,22,Default Preset,bull nose end mill,Ductile Iron (K),K,HEM Adaptive,milling,roughing,adaptive,0.25,6,328,5000,1,0.0052,157.32,0.4724,0.025,disabled,0,END MILLS FOR MACHINE 4.csv
LTH-07,Okuma Multus B250II,,5000,22,Default Preset,bull nose end mill,Ductile Iron (K),K,Trochoidal,milling,roughing,trochoidal,0.25,6,327,5000,1,0.0057,170.43,0.5906,0.02,disabled,0,END MILLS FOR MACHINE 4.csv
LTH-07,Okuma Multus B250II,,5000,22,Default Preset,bull nose end mill,Ductile Iron (K),K,Slot,milling,roughing,slot,0.25,6,328,5000,1,0.0039,117.99,0.125,0.25,disabled,0,END MILLS FOR MACHINE 4.csv
LTH-07,Okuma Multus B250II,,5000,22,Default Preset,bull nose end mill,Ductile Iron (K),K,Ramp,milling,roughing,plunge,0.25,6,307,4687,0,0.0022,61.45,0.2362,0.1252,disabled,0,END MILLS FOR MACHINE 4.csv
LTH-07,Okuma Multus B250II,,5000,22,Default Preset,bull nose end mill,Ductile Iron (K),K,Semi,milling,semi_finishing,conventional,0.25,6,327,5000,1,0.0031,94.49,0.0984,0.15,disabled,0,END MILLS FOR MACHINE 4.csv
LTH-07,Okuma Multus B250II,,5000,22,Default Preset,bull nose end mill,Ductile Iron (K),K,Finish,milling,finishing,conventional,0.25,6,328,5000,1,0.0024,73.23,0.0197,0.1874,air,0,END MILLS FOR MACHINE 4.csv
LTH-07,Okuma Multus B250II,,5000,22,Default Preset,bull nose end mill,Ductile Iron (K),K,HSM,milling,finishing,hsm,0.25,6,327,5000,1,0.0024,73.23,0.0098,0.125,air,0,END MILLS FOR MACHINE 4.csv
LTH-07,Okuma Multus B250II,,5000,22,Default Preset,bull nose end mill,Gray Iron (K),K,Rough,milling,roughing,conventional,0.25,6,327,5000,1,0.0044,131.1,0.2362,0.1252,disabled,0,END MILLS FOR MACHINE 4.csv
LTH-07,Okuma Multus B250II,,5000,22,Default Preset,bull nose end mill,Gray Iron (K),K,HEM Adaptive,milling,roughing,adaptive,0.25,6,327,5000,1,0.0052,157.32,0.4724,0.025,disabled,0,END MILLS FOR MACHINE 4.csv
LTH-07,Okuma Multus B250II,,5000,22,Default Preset,bull nose end mill,Gray Iron (K),K,Trochoidal,milling,roughing,trochoidal,0.25,6,327,5000,1,0.0057,170.43,0.5906,0.02,disabled,0,END MILLS FOR MACHINE 4.csv
LTH-07,Okuma Multus B250II,,5000,22,Default Preset,bull nose end mill,Gray Iron (K),K,Slot,milling,roughing,slot,0.25,6,327,5000,1,0.0039,117.99,0.125,0.25,disabled,0,END MILLS FOR MACHINE 4.csv
LTH-07,Okuma Multus B250II,,5000,22,Default Preset,bull nose end mill,Gray Iron (K),K,Ramp,milling,roughing,plunge,0.25,6,327,5000,1,0.0022,65.55,0.2362,0.1252,disabled,0,END MILLS FOR MACHINE 4.csv
LTH-07,Okuma Multus B250II,,5000,22,Default Preset,bull nose end mill,Gray Iron (K),K,Semi,milling,semi_finishing,conventional,0.25,6,327,5000,1,0.0031,94.49,0.0984,0.15,disabled,0,END MILLS FOR MACHINE 4.csv
LTH-07,Okuma Multus B250II,,5000,22,Default Preset,bull nose end mill,Gray Iron (K),K,Finish,milling,finishing,conventional,0.25,6,327,5000,1,0.0024,73.23,0.0197,0.1874,air,0,END MILLS FOR MACHINE 4.csv
LTH-07,Okuma Multus B250II,,5000,22,Default Preset,bull nose end mill,Gray Iron (K),K,HSM,milling,finishing,hsm,0.25,6,327,5000,1,0.0024,73.23,0.0098,0.125,air,0,END MILLS FOR MACHINE 4.csv
LTH-07,Okuma Multus B250II,,5000,22,Default Preset,bull nose end mill,Ductile Iron (K),K,Rough,milling,roughing,conventional,0.25,6,327,5000,1,0.0044,131.1,0.2362,0.1252,disabled,0,END MILLS FOR MACHINE 4.csv
LTH-07,Okuma Multus B250II,,5000,22,Default Preset,bull nose end mill,Ductile Iron (K),K,HEM Adaptive,milling,roughing,adaptive,0.25,6,328,5000,1,0.0052,157.32,0.4724,0.025,disabled,0,END MILLS FOR MACHINE 4.csv
LTH-07,Okuma Multus B250II,,5000,22,Default Preset,bull nose end mill,Ductile Iron (K),K,Trochoidal,milling,roughing,trochoidal,0.25,6,327,5000,1,0.0057,170.43,0.5906,0.02,disabled,0,END MILLS FOR MACHINE 4.csv
LTH-07,Okuma Multus B250II,,5000,22,Default Preset,bull nose end mill,Ductile Iron (K),K,Slot,milling,roughing,slot,0.25,6,328,5000,1,0.0039,117.99,0.125,0.25,disabled,0,END MILLS FOR MACHINE 4.csv
LTH-07,Okuma Multus B250II,,5000,22,Default Preset,bull nose end mill,Ductile Iron (K),K,Ramp,milling,roughing,plunge,0.25,6,307,4687,0,0.0022,61.45,0.2362,0.1252,disabled,0,END MILLS FOR MACHINE 4.csv
LTH-07,Okuma Multus B250II,,5000,22,Default Preset,bull nose end mill,Ductile Iron (K),K,Semi,milling,semi_finishing,conventional,0.25,6,327,5000,1,0.0031,94.49,0.0984,0.15,disabled,0,END MILLS FOR MACHINE 4.csv
LTH-07,Okuma Multus B250II,,5000,22,Default Preset,bull nose end mill,Ductile Iron (K),K,Finish,milling,finishing,conventional,0.25,6,328,5000,1,0.0024,73.23,0.0197,0.1874,air,0,END MILLS FOR MACHINE 4.csv
LTH-07,Okuma Multus B250II,,5000,22,Default Preset,bull nose end mill,Ductile Iron (K),K,HSM,milling,finishing,hsm,0.25,6,327,5000,1,0.0024,73.23,0.0098,0.125,air,0,END MILLS FOR MACHINE 4.csv
LTH-07,Okuma Multus B250II,,5000,22,Default Preset,bull nose end mill,Gray Iron (K),K,Rough,milling,roughing,conventional,0.375,6,491,5000,1,0.0058,173.62,0.2362,0.1874,disabled,0,END MILLS FOR MACHINE 4.csv
LTH-07,Okuma Multus B250II,,5000,22,Default Preset,bull nose end mill,Gray Iron (K),K,HEM Adaptive,milling,roughing,adaptive,0.375,6,491,5000,1,0.0069,208.35,0.4724,0.0375,disabled,0,END MILLS FOR MACHINE 4.csv
LTH-07,Okuma Multus B250II,,5000,22,Default Preset,bull nose end mill,Gray Iron (K),K,Trochoidal,milling,roughing,trochoidal,0.375,6,491,5000,1,0.0075,225.71,0.5906,0.03,disabled,0,END MILLS FOR MACHINE 4.csv
LTH-07,Okuma Multus B250II,,5000,22,Default Preset,bull nose end mill,Gray Iron (K),K,Slot,milling,roughing,slot,0.375,6,446,4545,0,0.0052,142.04,0.1654,0.375,disabled,0,END MILLS FOR MACHINE 4.csv
LTH-07,Okuma Multus B250II,,5000,22,Default Preset,bull nose end mill,Gray Iron (K),K,Ramp,milling,roughing,plunge,0.375,6,390,3977,0,0.0029,69.05,0.2362,0.1874,disabled,0,END MILLS FOR MACHINE 4.csv
LTH-07,Okuma Multus B250II,,5000,22,Default Preset,bull nose end mill,Gray Iron (K),K,Semi,milling,semi_finishing,conventional,0.375,6,491,5000,1,0.0042,125.2,0.0984,0.2248,disabled,0,END MILLS FOR MACHINE 4.csv
LTH-07,Okuma Multus B250II,,5000,22,Default Preset,bull nose end mill,Gray Iron (K),K,Finish,milling,finishing,conventional,0.375,6,491,5000,1,0.0032,95.67,0.0197,0.2811,air,0,END MILLS FOR MACHINE 4.csv
LTH-07,Okuma Multus B250II,,5000,22,Default Preset,bull nose end mill,Gray Iron (K),K,HSM,milling,finishing,hsm,0.375,6,491,5000,1,0.0032,95.67,0.0098,0.1875,air,0,END MILLS FOR MACHINE 4.csv
LTH-07,Okuma Multus B250II,,5000,22,Default Preset,bull nose end mill,Ductile Iron (K),K,Rough,milling,roughing,conventional,0.375,6,438,4464,0,0.0058,155.01,0.2362,0.1874,disabled,0,END MILLS FOR MACHINE 4.csv
LTH-07,Okuma Multus B250II,,5000,22,Default Preset,bull nose end mill,Ductile Iron (K),K,HEM Adaptive,milling,roughing,adaptive,0.375,6,491,5000,1,0.0069,208.35,0.4724,0.0375,disabled,0,END MILLS FOR MACHINE 4.csv
LTH-07,Okuma Multus B250II,,5000,22,Default Preset,bull nose end mill,Ductile Iron (K),K,Trochoidal,milling,roughing,trochoidal,0.375,6,491,5000,1,0.0075,225.71,0.5906,0.03,disabled,0,END MILLS FOR MACHINE 4.csv
LTH-07,Okuma Multus B250II,,5000,22,Default Preset,bull nose end mill,Ductile Iron (K),K,Slot,milling,roughing,slot,0.375,6,351,3571,0,0.0052,111.6,0.1654,0.375,disabled,0,END MILLS FOR MACHINE 4.csv
LTH-07,Okuma Multus B250II,,5000,22,Default Preset,bull nose end mill,Ductile Iron (K),K,Ramp,milling,roughing,plunge,0.375,6,307,3125,0,0.0029,54.26,0.2362,0.1874,disabled,0,END MILLS FOR MACHINE 4.csv
LTH-07,Okuma Multus B250II,,5000,22,Default Preset,bull nose end mill,Ductile Iron (K),K,Semi,milling,semi_finishing,conventional,0.375,6,477,4858,0,0.0042,121.64,0.0984,0.2248,disabled,0,END MILLS FOR MACHINE 4.csv
LTH-07,Okuma Multus B250II,,5000,22,Default Preset,bull nose end mill,Ductile Iron (K),K,Finish,milling,finishing,conventional,0.375,6,491,5000,1,0.0032,95.67,0.0197,0.2811,air,0,END MILLS FOR MACHINE 4.csv
LTH-07,Okuma Multus B250II,,5000,22,Default Preset,bull nose end mill,Ductile Iron (K),K,HSM,milling,finishing,hsm,0.375,6,491,5000,1,0.0032,95.67,0.0098,0.1875,air,0,END MILLS FOR MACHINE 4.csv
LTH-07,Okuma Multus B250II,,5000,22,Default Preset,spot drill,Gray Iron (K),K,Spot,drilling,roughing,conventional,0.5,2,246,1880,0,0.0036,13.69,0,0.5,flood,0,TWIST DRILLS.csv
LTH-07,Okuma Multus B250II,,5000,22,Default Preset,spot drill,Ductile Iron (K),K,Spot,drilling,roughing,conventional,0.5,2,193,1477,0,0.0036,10.76,0,0.5,flood,0,TWIST DRILLS.csv
LTH-07,Okuma Multus B250II,,5000,22,Default Preset,drill,Gray Iron (K),K,Drill,drilling,roughing,conventional,0.0781,2,98,4812,0,0.0011,10.23,0,0.078,flood,0,TWIST DRILLS.csv
LTH-07,Okuma Multus B250II,,5000,22,Default Preset,drill,Gray Iron (K),K,Peck,drilling,roughing,plunge,0.0781,2,69,3369,0,0.0005,3.58,0,0.078,flood,0,TWIST DRILLS.csv
LTH-07,Okuma Multus B250II,,5000,22,Default Preset,drill,Ductile Iron (K),K,Drill,drilling,roughing,conventional,0.0781,2,77,3781,0,0.0011,8.04,0,0.078,flood,0,TWIST DRILLS.csv
LTH-07,Okuma Multus B250II,,5000,22,Default Preset,drill,Ductile Iron (K),K,Peck,drilling,roughing,plunge,0.0781,2,54,2647,0,0.0005,2.81,0,0.078,flood,0,TWIST DRILLS.csv
LTH-07,Okuma Multus B250II,,5000,22,Default Preset,drill,Gray Iron (K),K,Drill,drilling,roughing,conventional,0.0937,2,98,4010,0,0.0012,9.63,0,0.0937,flood,0,TWIST DRILLS.csv
LTH-07,Okuma Multus B250II,,5000,22,Default Preset,drill,Gray Iron (K),K,Peck,drilling,roughing,plunge,0.0937,2,69,2807,0,0.0006,3.37,0,0.0937,flood,0,TWIST DRILLS.csv
LTH-07,Okuma Multus B250II,,5000,22,Default Preset,drill,Ductile Iron (K),K,Drill,drilling,roughing,conventional,0.0937,2,77,3151,0,0.0012,7.57,0,0.0937,flood,0,TWIST DRILLS.csv
LTH-07,Okuma Multus B250II,,5000,22,Default Preset,drill,Ductile Iron (K),K,Peck,drilling,roughing,plunge,0.0937,2,54,2206,0,0.0006,2.65,0,0.0937,flood,0,TWIST DRILLS.csv
LTH-07,Okuma Multus B250II,,5000,22,Default Preset,drill,Gray Iron (K),K,Drill,drilling,roughing,conventional,0.104,2,98,3615,0,0.0013,9.39,0,0.1039,flood,0,TWIST DRILLS.csv
LTH-07,Okuma Multus B250II,,5000,22,Default Preset,drill,Gray Iron (K),K,Peck,drilling,roughing,plunge,0.104,2,69,2530,0,0.0006,3.29,0,0.1039,flood,0,TWIST DRILLS.csv
LTH-07,Okuma Multus B250II,,5000,22,Default Preset,drill,Ductile Iron (K),K,Drill,drilling,roughing,conventional,0.104,2,77,2840,0,0.0013,7.38,0,0.1039,flood,0,TWIST DRILLS.csv
LTH-07,Okuma Multus B250II,,5000,22,Default Preset,drill,Ductile Iron (K),K,Peck,drilling,roughing,plunge,0.104,2,54,1988,0,0.0006,2.58,0,0.1039,flood,0,TWIST DRILLS.csv
LTH-07,Okuma Multus B250II,,5000,22,Default Preset,drill,Gray Iron (K),K,Drill,drilling,roughing,conventional,0.11,2,98,3418,0,0.0013,9.15,0,0.1098,flood,0,TWIST DRILLS.csv
LTH-07,Okuma Multus B250II,,5000,22,Default Preset,drill,Gray Iron (K),K,Peck,drilling,roughing,plunge,0.11,2,69,2392,0,0.0007,3.2,0,0.1098,flood,0,TWIST DRILLS.csv
LTH-07,Okuma Multus B250II,,5000,22,Default Preset,drill,Ductile Iron (K),K,Drill,drilling,roughing,conventional,0.11,2,77,2685,0,0.0013,7.19,0,0.1098,flood,0,TWIST DRILLS.csv
LTH-07,Okuma Multus B250II,,5000,22,Default Preset,drill,Ductile Iron (K),K,Peck,drilling,roughing,plunge,0.11,2,54,1880,0,0.0007,2.52,0,0.1098,flood,0,TWIST DRILLS.csv
LTH-07,Okuma Multus B250II,,5000,22,Default Preset,drill,Gray Iron (K),K,Drill,drilling,roughing,conventional,0.12,2,98,3133,0,0.0014,9,0,0.1201,flood,0,TWIST DRILLS.csv
LTH-07,Okuma Multus B250II,,5000,22,Default Preset,drill,Gray Iron (K),K,Peck,drilling,roughing,plunge,0.12,2,69,2193,0,0.0007,3.15,0,0.1201,flood,0,TWIST DRILLS.csv
LTH-07,Okuma Multus B250II,,5000,22,Default Preset,drill,Ductile Iron (K),K,Drill,drilling,roughing,conventional,0.12,2,77,2462,0,0.0014,7.08,0,0.1201,flood,0,TWIST DRILLS.csv
LTH-07,Okuma Multus B250II,,5000,22,Default Preset,drill,Ductile Iron (K),K,Peck,drilling,roughing,plunge,0.12,2,54,1723,0,0.0007,2.48,0,0.1201,flood,0,TWIST DRILLS.csv
LTH-07,Okuma Multus B250II,,5000,22,Default Preset,drill,Gray Iron (K),K,Drill,drilling,roughing,conventional,0.135,3,98,2785,0,0.001,8.77,0,0.135,flood,0,TWIST DRILLS.csv
LTH-07,Okuma Multus B250II,,5000,22,Default Preset,drill,Gray Iron (K),K,Peck,drilling,roughing,plunge,0.135,3,69,1949,0,0.0005,3.07,0,0.135,flood,0,TWIST DRILLS.csv
LTH-07,Okuma Multus B250II,,5000,22,Default Preset,drill,Ductile Iron (K),K,Drill,drilling,roughing,conventional,0.135,3,77,2188,0,0.001,6.89,0,0.135,flood,0,TWIST DRILLS.csv
LTH-07,Okuma Multus B250II,,5000,22,Default Preset,drill,Ductile Iron (K),K,Peck,drilling,roughing,plunge,0.135,3,54,1532,0,0.0005,2.41,0,0.135,flood,0,TWIST DRILLS.csv
LTH-07,Okuma Multus B250II,,5000,22,Default Preset,drill,Gray Iron (K),K,Drill,drilling,roughing,conventional,0.1405,3,98,2676,0,0.0011,8.64,0,0.1406,flood,0,TWIST DRILLS.csv
LTH-07,Okuma Multus B250II,,5000,22,Default Preset,drill,Gray Iron (K),K,Peck,drilling,roughing,plunge,0.1405,3,69,1873,0,0.0005,3.02,0,0.1406,flood,0,TWIST DRILLS.csv
LTH-07,Okuma Multus B250II,,5000,22,Default Preset,drill,Ductile Iron (K),K,Drill,drilling,roughing,conventional,0.1405,3,77,2102,0,0.0011,6.79,0,0.1406,flood,0,TWIST DRILLS.csv
LTH-07,Okuma Multus B250II,,5000,22,Default Preset,drill,Ductile Iron (K),K,Peck,drilling,roughing,plunge,0.1405,3,54,1472,0,0.0005,2.38,0,0.1406,flood,0,TWIST DRILLS.csv
LTH-07,Okuma Multus B250II,,5000,22,Default Preset,drill,Gray Iron (K),K,Drill,drilling,roughing,conventional,0.144,3,98,2611,0,0.0011,8.63,0,0.1441,flood,0,TWIST DRILLS.csv
LTH-07,Okuma Multus B250II,,5000,22,Default Preset,drill,Gray Iron (K),K,Peck,drilling,roughing,plunge,0.144,3,69,1828,0,0.0006,3.02,0,0.1441,flood,0,TWIST DRILLS.csv
LTH-07,Okuma Multus B250II,,5000,22,Default Preset,drill,Ductile Iron (K),K,Drill,drilling,roughing,conventional,0.144,3,77,2051,0,0.0011,6.78,0,0.1441,flood,0,TWIST DRILLS.csv
LTH-07,Okuma Multus B250II,,5000,22,Default Preset,drill,Ductile Iron (K),K,Peck,drilling,roughing,plunge,0.144,3,54,1436,0,0.0006,2.37,0,0.1441,flood,0,TWIST DRILLS.csv
LTH-07,Okuma Multus B250II,,5000,22,Default Preset,drill,Gray Iron (K),K,Drill,drilling,roughing,conventional,0.1495,3,98,2515,0,0.0011,8.52,0,0.1496,flood,0,TWIST DRILLS.csv
LTH-07,Okuma Multus B250II,,5000,22,Default Preset,drill,Gray Iron (K),K,Peck,drilling,roughing,plunge,0.1495,3,69,1760,0,0.0006,2.98,0,0.1496,flood,0,TWIST DRILLS.csv
LTH-07,Okuma Multus B250II,,5000,22,Default Preset,drill,Ductile Iron (K),K,Drill,drilling,roughing,conventional,0.1495,3,77,1976,0,0.0011,6.69,0,0.1496,flood,0,TWIST DRILLS.csv
LTH-07,Okuma Multus B250II,,5000,22,Default Preset,drill,Ductile Iron (K),K,Peck,drilling,roughing,plunge,0.1495,3,54,1383,0,0.0006,2.34,0,0.1496,flood,0,TWIST DRILLS.csv
LTH-07,Okuma Multus B250II,,5000,22,Default Preset,drill,Gray Iron (K),K,Drill,drilling,roughing,conventional,0.1563,2,98,2406,0,0.0018,8.43,0,0.1563,flood,0,TWIST DRILLS.csv
LTH-07,Okuma Multus B250II,,5000,22,Default Preset,drill,Gray Iron (K),K,Peck,drilling,roughing,plunge,0.1563,2,69,1684,0,0.0009,2.95,0,0.1563,flood,0,TWIST DRILLS.csv
LTH-07,Okuma Multus B250II,,5000,22,Default Preset,drill,Ductile Iron (K),K,Drill,drilling,roughing,conventional,0.1563,2,77,1891,0,0.0018,6.63,0,0.1563,flood,0,TWIST DRILLS.csv
LTH-07,Okuma Multus B250II,,5000,22,Default Preset,drill,Ductile Iron (K),K,Peck,drilling,roughing,plunge,0.1563,2,54,1323,0,0.0009,2.32,0,0.1563,flood,0,TWIST DRILLS.csv
LTH-07,Okuma Multus B250II,,5000,22,Default Preset,drill,Gray Iron (K),K,Drill,drilling,roughing,conventional,0.161,2,98,2335,0,0.0018,8.37,0,0.161,flood,0,TWIST DRILLS.csv
LTH-07,Okuma Multus B250II,,5000,22,Default Preset,drill,Gray Iron (K),K,Peck,drilling,roughing,plunge,0.161,2,69,1635,0,0.0009,2.93,0,0.161,flood,0,TWIST DRILLS.csv
LTH-07,Okuma Multus B250II,,5000,22,Default Preset,drill,Ductile Iron (K),K,Drill,drilling,roughing,conventional,0.161,2,77,1835,0,0.0018,6.57,0,0.161,flood,0,TWIST DRILLS.csv
LTH-07,Okuma Multus B250II,,5000,22,Default Preset,drill,Ductile Iron (K),K,Peck,drilling,roughing,plunge,0.161,2,54,1284,0,0.0009,2.3,0,0.161,flood,0,TWIST DRILLS.csv
LTH-07,Okuma Multus B250II,,5000,22,Default Preset,drill,Gray Iron (K),K,Drill,drilling,roughing,conventional,0.1719,2,98,2187,0,0.0018,8.01,0,0.172,flood,0,TWIST DRILLS.csv
LTH-07,Okuma Multus B250II,,5000,22,Default Preset,drill,Gray Iron (K),K,Peck,drilling,roughing,plunge,0.1719,2,69,1531,0,0.0009,2.8,0,0.172,flood,0,TWIST DRILLS.csv
LTH-07,Okuma Multus B250II,,5000,22,Default Preset,drill,Ductile Iron (K),K,Drill,drilling,roughing,conventional,0.1719,2,77,1719,0,0.0018,6.29,0,0.172,flood,0,TWIST DRILLS.csv
LTH-07,Okuma Multus B250II,,5000,22,Default Preset,drill,Ductile Iron (K),K,Peck,drilling,roughing,plunge,0.1719,2,54,1203,0,0.0009,2.2,0,0.172,flood,0,TWIST DRILLS.csv
LTH-07,Okuma Multus B250II,,5000,22,Default Preset,drill,Gray Iron (K),K,Drill,drilling,roughing,conventional,0.177,2,98,2124,0,0.0019,7.86,0,0.1772,flood,0,TWIST DRILLS.csv
LTH-07,Okuma Multus B250II,,5000,22,Default Preset,drill,Gray Iron (K),K,Peck,drilling,roughing,plunge,0.177,2,69,1487,0,0.0009,2.75,0,0.1772,flood,0,TWIST DRILLS.csv
LTH-07,Okuma Multus B250II,,5000,22,Default Preset,drill,Ductile Iron (K),K,Drill,drilling,roughing,conventional,0.177,2,77,1669,0,0.0019,6.18,0,0.1772,flood,0,TWIST DRILLS.csv
LTH-07,Okuma Multus B250II,,5000,22,Default Preset,drill,Ductile Iron (K),K,Peck,drilling,roughing,plunge,0.177,2,54,1168,0,0.0009,2.16,0,0.1772,flood,0,TWIST DRILLS.csv
LTH-07,Okuma Multus B250II,,5000,22,Default Preset,drill,Gray Iron (K),K,Drill,drilling,roughing,conventional,0.185,2,98,2032,0,0.0019,7.68,0,0.185,flood,0,TWIST DRILLS.csv
LTH-07,Okuma Multus B250II,,5000,22,Default Preset,drill,Gray Iron (K),K,Peck,drilling,roughing,plunge,0.185,2,69,1423,0,0.0009,2.69,0,0.185,flood,0,TWIST DRILLS.csv
LTH-07,Okuma Multus B250II,,5000,22,Default Preset,drill,Ductile Iron (K),K,Drill,drilling,roughing,conventional,0.185,2,77,1597,0,0.0019,6.04,0,0.185,flood,0,TWIST DRILLS.csv
LTH-07,Okuma Multus B250II,,5000,22,Default Preset,drill,Ductile Iron (K),K,Peck,drilling,roughing,plunge,0.185,2,54,1118,0,0.0009,2.11,0,0.185,flood,0,TWIST DRILLS.csv
LTH-07,Okuma Multus B250II,,5000,22,Default Preset,drill,Gray Iron (K),K,Drill,drilling,roughing,conventional,0.1875,2,98,2005,0,0.0019,7.66,0,0.1874,flood,0,TWIST DRILLS.csv
LTH-07,Okuma Multus B250II,,5000,22,Default Preset,drill,Gray Iron (K),K,Peck,drilling,roughing,plunge,0.1875,2,69,1404,0,0.001,2.68,0,0.1874,flood,0,TWIST DRILLS.csv
LTH-07,Okuma Multus B250II,,5000,22,Default Preset,drill,Ductile Iron (K),K,Drill,drilling,roughing,conventional,0.1875,2,77,1575,0,0.0019,6.01,0,0.1874,flood,0,TWIST DRILLS.csv
LTH-07,Okuma Multus B250II,,5000,22,Default Preset,drill,Ductile Iron (K),K,Peck,drilling,roughing,plunge,0.1875,2,54,1103,0,0.001,2.11,0,0.1874,flood,0,TWIST DRILLS.csv
LTH-07,Okuma Multus B250II,,5000,22,Default Preset,drill,Gray Iron (K),K,Drill,drilling,roughing,conventional,0.193,2,98,1948,0,0.0019,7.52,0,0.1929,flood,0,TWIST DRILLS.csv
LTH-07,Okuma Multus B250II,,5000,22,Default Preset,drill,Gray Iron (K),K,Peck,drilling,roughing,plunge,0.193,2,69,1364,0,0.001,2.63,0,0.1929,flood,0,TWIST DRILLS.csv
LTH-07,Okuma Multus B250II,,5000,22,Default Preset,drill,Ductile Iron (K),K,Drill,drilling,roughing,conventional,0.193,2,77,1531,0,0.0019,5.91,0,0.1929,flood,0,TWIST DRILLS.csv
LTH-07,Okuma Multus B250II,,5000,22,Default Preset,drill,Ductile Iron (K),K,Peck,drilling,roughing,plunge,0.193,2,54,1071,0,0.001,2.07,0,0.1929,flood,0,TWIST DRILLS.csv
LTH-07,Okuma Multus B250II,,5000,22,Default Preset,drill,Gray Iron (K),K,Drill,drilling,roughing,conventional,0.194,2,98,1938,0,0.0019,7.48,0,0.1941,flood,0,TWIST DRILLS.csv
LTH-07,Okuma Multus B250II,,5000,22,Default Preset,drill,Gray Iron (K),K,Peck,drilling,roughing,plunge,0.194,2,69,1357,0,0.001,2.62,0,0.1941,flood,0,TWIST DRILLS.csv
LTH-07,Okuma Multus B250II,,5000,22,Default Preset,drill,Ductile Iron (K),K,Drill,drilling,roughing,conventional,0.194,2,77,1523,0,0.0019,5.88,0,0.1941,flood,0,TWIST DRILLS.csv
LTH-07,Okuma Multus B250II,,5000,22,Default Preset,drill,Ductile Iron (K),K,Peck,drilling,roughing,plunge,0.194,2,54,1066,0,0.001,2.06,0,0.1941,flood,0,TWIST DRILLS.csv
LTH-07,Okuma Multus B250II,,5000,22,Default Preset,drill,Gray Iron (K),K,Drill,drilling,roughing,conventional,0.201,2,98,1870,0,0.002,7.36,0,0.2012,flood,0,TWIST DRILLS.csv
LTH-07,Okuma Multus B250II,,5000,22,Default Preset,drill,Gray Iron (K),K,Peck,drilling,roughing,plunge,0.201,2,69,1309,0,0.001,2.58,0,0.2012,flood,0,TWIST DRILLS.csv
LTH-07,Okuma Multus B250II,,5000,22,Default Preset,drill,Ductile Iron (K),K,Drill,drilling,roughing,conventional,0.201,2,77,1470,0,0.002,5.79,0,0.2012,flood,0,TWIST DRILLS.csv
LTH-07,Okuma Multus B250II,,5000,22,Default Preset,drill,Ductile Iron (K),K,Peck,drilling,roughing,plunge,0.201,2,54,1029,0,0.001,2.03,0,0.2012,flood,0,TWIST DRILLS.csv
LTH-07,Okuma Multus B250II,,5000,22,Default Preset,drill,Gray Iron (K),K,Drill,drilling,roughing,conventional,0.218,2,98,1725,0,0.002,7.06,0,0.2181,flood,0,TWIST DRILLS.csv
LTH-07,Okuma Multus B250II,,5000,22,Default Preset,drill,Gray Iron (K),K,Peck,drilling,roughing,plunge,0.218,2,69,1207,0,0.001,2.47,0,0.2181,flood,0,TWIST DRILLS.csv
LTH-07,Okuma Multus B250II,,5000,22,Default Preset,drill,Ductile Iron (K),K,Drill,drilling,roughing,conventional,0.218,2,77,1355,0,0.002,5.55,0,0.2181,flood,0,TWIST DRILLS.csv
LTH-07,Okuma Multus B250II,,5000,22,Default Preset,drill,Ductile Iron (K),K,Peck,drilling,roughing,plunge,0.218,2,54,949,0,0.001,1.94,0,0.2181,flood,0,TWIST DRILLS.csv
LTH-07,Okuma Multus B250II,,5000,22,Default Preset,drill,Gray Iron (K),K,Drill,drilling,roughing,conventional,0.228,2,98,1649,0,0.0021,6.88,0,0.228,flood,0,TWIST DRILLS.csv
LTH-07,Okuma Multus B250II,,5000,22,Default Preset,drill,Gray Iron (K),K,Peck,drilling,roughing,plunge,0.228,2,69,1154,0,0.001,2.41,0,0.228,flood,0,TWIST DRILLS.csv
LTH-07,Okuma Multus B250II,,5000,22,Default Preset,drill,Ductile Iron (K),K,Drill,drilling,roughing,conventional,0.228,2,77,1296,0,0.0021,5.41,0,0.228,flood,0,TWIST DRILLS.csv
LTH-07,Okuma Multus B250II,,5000,22,Default Preset,drill,Ductile Iron (K),K,Peck,drilling,roughing,plunge,0.228,2,54,907,0,0.001,1.89,0,0.228,flood,0,TWIST DRILLS.csv
LTH-07,Okuma Multus B250II,,5000,22,Default Preset,drill,Gray Iron (K),K,Drill,drilling,roughing,conventional,0.234,2,98,1607,0,0.0021,6.77,0,0.2339,flood,0,TWIST DRILLS.csv
LTH-07,Okuma Multus B250II,,5000,22,Default Preset,drill,Gray Iron (K),K,Peck,drilling,roughing,plunge,0.234,2,69,1125,0,0.0011,2.37,0,0.2339,flood,0,TWIST DRILLS.csv
LTH-07,Okuma Multus B250II,,5000,22,Default Preset,drill,Ductile Iron (K),K,Drill,drilling,roughing,conventional,0.234,2,77,1262,0,0.0021,5.32,0,0.2339,flood,0,TWIST DRILLS.csv
LTH-07,Okuma Multus B250II,,5000,22,Default Preset,drill,Ductile Iron (K),K,Peck,drilling,roughing,plunge,0.234,2,54,884,0,0.0011,1.86,0,0.2339,flood,0,TWIST DRILLS.csv
LTH-07,Okuma Multus B250II,,5000,22,Default Preset,drill,Gray Iron (K),K,Drill,drilling,roughing,conventional,0.242,2,98,1554,0,0.0021,6.67,0,0.2421,flood,0,TWIST DRILLS.csv
LTH-07,Okuma Multus B250II,,5000,22,Default Preset,drill,Gray Iron (K),K,Peck,drilling,roughing,plunge,0.242,2,69,1087,0,0.0011,2.33,0,0.2421,flood,0,TWIST DRILLS.csv
LTH-07,Okuma Multus B250II,,5000,22,Default Preset,drill,Ductile Iron (K),K,Drill,drilling,roughing,conventional,0.242,2,77,1221,0,0.0021,5.24,0,0.2421,flood,0,TWIST DRILLS.csv
LTH-07,Okuma Multus B250II,,5000,22,Default Preset,drill,Ductile Iron (K),K,Peck,drilling,roughing,plunge,0.242,2,54,854,0,0.0011,1.83,0,0.2421,flood,0,TWIST DRILLS.csv
LTH-07,Okuma Multus B250II,,5000,22,Default Preset,drill,Gray Iron (K),K,Drill,drilling,roughing,conventional,0.125,2,98,3008,0,0.0015,8.88,0,0.1252,flood,0,TWIST DRILLS.csv
LTH-07,Okuma Multus B250II,,5000,22,Default Preset,drill,Gray Iron (K),K,Peck,drilling,roughing,plunge,0.125,2,69,2105,0,0.0007,3.11,0,0.1252,flood,0,TWIST DRILLS.csv
LTH-07,Okuma Multus B250II,,5000,22,Default Preset,drill,Ductile Iron (K),K,Drill,drilling,roughing,conventional,0.125,2,77,2363,0,0.0015,6.98,0,0.1252,flood,0,TWIST DRILLS.csv
LTH-07,Okuma Multus B250II,,5000,22,Default Preset,drill,Ductile Iron (K),K,Peck,drilling,roughing,plunge,0.125,2,54,1654,0,0.0007,2.44,0,0.1252,flood,0,TWIST DRILLS.csv
LTH-07,Okuma Multus B250II,,5000,22,Default Preset,drill,Gray Iron (K),K,Drill,drilling,roughing,conventional,0.256,2,98,1469,0,0.0022,6.54,0,0.2559,flood,0,TWIST DRILLS.csv
LTH-07,Okuma Multus B250II,,5000,22,Default Preset,drill,Gray Iron (K),K,Peck,drilling,roughing,plunge,0.256,2,69,1028,0,0.0011,2.29,0,0.2559,flood,0,TWIST DRILLS.csv
LTH-07,Okuma Multus B250II,,5000,22,Default Preset,drill,Ductile Iron (K),K,Drill,drilling,roughing,conventional,0.256,2,77,1154,0,0.0022,5.13,0,0.2559,flood,0,TWIST DRILLS.csv
LTH-07,Okuma Multus B250II,,5000,22,Default Preset,drill,Ductile Iron (K),K,Peck,drilling,roughing,plunge,0.256,2,54,808,0,0.0011,1.8,0,0.2559,flood,0,TWIST DRILLS.csv
LTH-07,Okuma Multus B250II,,5000,22,Default Preset,drill,Gray Iron (K),K,Drill,drilling,roughing,conventional,0.2656,2,98,1415,0,0.0023,6.41,0,0.2657,flood,0,TWIST DRILLS.csv
LTH-07,Okuma Multus B250II,,5000,22,Default Preset,drill,Gray Iron (K),K,Peck,drilling,roughing,plunge,0.2656,2,69,991,0,0.0011,2.24,0,0.2657,flood,0,TWIST DRILLS.csv
LTH-07,Okuma Multus B250II,,5000,22,Default Preset,drill,Ductile Iron (K),K,Drill,drilling,roughing,conventional,0.2656,2,77,1112,0,0.0023,5.03,0,0.2657,flood,0,TWIST DRILLS.csv
LTH-07,Okuma Multus B250II,,5000,22,Default Preset,drill,Ductile Iron (K),K,Peck,drilling,roughing,plunge,0.2656,2,54,778,0,0.0011,1.76,0,0.2657,flood,0,TWIST DRILLS.csv
LTH-07,Okuma Multus B250II,,5000,22,Default Preset,drill,Gray Iron (K),K,Drill,drilling,roughing,conventional,0.277,2,98,1357,0,0.0023,6.25,0,0.2772,flood,0,TWIST DRILLS.csv
LTH-07,Okuma Multus B250II,,5000,22,Default Preset,drill,Gray Iron (K),K,Peck,drilling,roughing,plunge,0.277,2,69,950,0,0.0012,2.19,0,0.2772,flood,0,TWIST DRILLS.csv
LTH-07,Okuma Multus B250II,,5000,22,Default Preset,drill,Ductile Iron (K),K,Drill,drilling,roughing,conventional,0.277,2,77,1066,0,0.0023,4.91,0,0.2772,flood,0,TWIST DRILLS.csv
LTH-07,Okuma Multus B250II,,5000,22,Default Preset,drill,Ductile Iron (K),K,Peck,drilling,roughing,plunge,0.277,2,54,746,0,0.0012,1.72,0,0.2772,flood,0,TWIST DRILLS.csv
LTH-07,Okuma Multus B250II,,5000,22,Default Preset,drill,Gray Iron (K),K,Drill,drilling,roughing,conventional,0.281,2,98,1338,0,0.0023,6.22,0,0.2811,flood,0,TWIST DRILLS.csv
LTH-07,Okuma Multus B250II,,5000,22,Default Preset,drill,Gray Iron (K),K,Peck,drilling,roughing,plunge,0.281,2,69,937,0,0.0012,2.18,0,0.2811,flood,0,TWIST DRILLS.csv
LTH-07,Okuma Multus B250II,,5000,22,Default Preset,drill,Ductile Iron (K),K,Drill,drilling,roughing,conventional,0.281,2,77,1051,0,0.0023,4.88,0,0.2811,flood,0,TWIST DRILLS.csv
LTH-07,Okuma Multus B250II,,5000,22,Default Preset,drill,Ductile Iron (K),K,Peck,drilling,roughing,plunge,0.281,2,54,736,0,0.0012,1.71,0,0.2811,flood,0,TWIST DRILLS.csv
LTH-07,Okuma Multus B250II,,5000,22,Default Preset,drill,Gray Iron (K),K,Drill,drilling,roughing,conventional,0.29,2,98,1296,0,0.0024,6.12,0,0.2902,flood,0,TWIST DRILLS.csv
LTH-07,Okuma Multus B250II,,5000,22,Default Preset,drill,Gray Iron (K),K,Peck,drilling,roughing,plunge,0.29,2,69,907,0,0.0012,2.14,0,0.2902,flood,0,TWIST DRILLS.csv
LTH-07,Okuma Multus B250II,,5000,22,Default Preset,drill,Ductile Iron (K),K,Drill,drilling,roughing,conventional,0.29,2,77,1019,0,0.0024,4.81,0,0.2902,flood,0,TWIST DRILLS.csv
LTH-07,Okuma Multus B250II,,5000,22,Default Preset,drill,Ductile Iron (K),K,Peck,drilling,roughing,plunge,0.29,2,54,713,0,0.0012,1.68,0,0.2902,flood,0,TWIST DRILLS.csv
LTH-07,Okuma Multus B250II,,5000,22,Default Preset,drill,Gray Iron (K),K,Drill,drilling,roughing,conventional,0.295,2,98,1274,0,0.0024,6.07,0,0.2949,flood,0,TWIST DRILLS.csv
LTH-07,Okuma Multus B250II,,5000,22,Default Preset,drill,Gray Iron (K),K,Peck,drilling,roughing,plunge,0.295,2,69,892,0,0.0012,2.12,0,0.2949,flood,0,TWIST DRILLS.csv
LTH-07,Okuma Multus B250II,,5000,22,Default Preset,drill,Ductile Iron (K),K,Drill,drilling,roughing,conventional,0.295,2,77,1001,0,0.0024,4.77,0,0.2949,flood,0,TWIST DRILLS.csv
LTH-07,Okuma Multus B250II,,5000,22,Default Preset,drill,Ductile Iron (K),K,Peck,drilling,roughing,plunge,0.295,2,54,701,0,0.0012,1.67,0,0.2949,flood,0,TWIST DRILLS.csv
LTH-07,Okuma Multus B250II,,5000,22,Default Preset,drill,Gray Iron (K),K,Drill,drilling,roughing,conventional,0.358,2,98,1050,0,0.0028,5.83,0,0.3579,flood,0,TWIST DRILLS.csv
LTH-07,Okuma Multus B250II,,5000,22,Default Preset,drill,Gray Iron (K),K,Peck,drilling,roughing,plunge,0.358,2,69,735,0,0.0014,2.04,0,0.3579,flood,0,TWIST DRILLS.csv
LTH-07,Okuma Multus B250II,,5000,22,Default Preset,drill,Ductile Iron (K),K,Drill,drilling,roughing,conventional,0.358,2,77,825,0,0.0028,4.58,0,0.3579,flood,0,TWIST DRILLS.csv
LTH-07,Okuma Multus B250II,,5000,22,Default Preset,drill,Ductile Iron (K),K,Peck,drilling,roughing,plunge,0.358,2,54,578,0,0.0014,1.6,0,0.3579,flood,0,TWIST DRILLS.csv
LTH-07,Okuma Multus B250II,,5000,22,Default Preset,drill,Gray Iron (K),K,Drill,drilling,roughing,conventional,0.3906,2,246,2406,0,0.003,14.4,0,0.3906,flood,0,TWIST DRILLS.csv
LTH-07,Okuma Multus B250II,,5000,22,Default Preset,drill,Gray Iron (K),K,Peck,drilling,roughing,plunge,0.3906,2,172,1684,0,0.0015,5.04,0,0.3906,flood,0,TWIST DRILLS.csv
LTH-07,Okuma Multus B250II,,5000,22,Default Preset,drill,Ductile Iron (K),K,Drill,drilling,roughing,conventional,0.3906,2,193,1891,0,0.003,11.32,0,0.3906,flood,0,TWIST DRILLS.csv
LTH-07,Okuma Multus B250II,,5000,22,Default Preset,drill,Ductile Iron (K),K,Peck,drilling,roughing,plunge,0.3906,2,135,1323,0,0.0015,3.96,0,0.3906,flood,0,TWIST DRILLS.csv
LTH-07,Okuma Multus B250II,,5000,22,Default Preset,drill,Gray Iron (K),K,Drill,drilling,roughing,conventional,0.397,2,246,2367,0,0.003,14.35,0,0.3969,flood,0,TWIST DRILLS.csv
LTH-07,Okuma Multus B250II,,5000,22,Default Preset,drill,Gray Iron (K),K,Peck,drilling,roughing,plunge,0.397,2,172,1657,0,0.0015,5.02,0,0.3969,flood,0,TWIST DRILLS.csv
LTH-07,Okuma Multus B250II,,5000,22,Default Preset,drill,Ductile Iron (K),K,Drill,drilling,roughing,conventional,0.397,2,193,1860,0,0.003,11.28,0,0.3969,flood,0,TWIST DRILLS.csv
LTH-07,Okuma Multus B250II,,5000,22,Default Preset,drill,Ductile Iron (K),K,Peck,drilling,roughing,plunge,0.397,2,135,1302,0,0.0015,3.95,0,0.3969,flood,0,TWIST DRILLS.csv
LTH-07,Okuma Multus B250II,,5000,22,Default Preset,drill,Gray Iron (K),K,Drill,drilling,roughing,conventional,0.4219,2,246,2228,0,0.0032,14.3,0,0.422,flood,0,TWIST DRILLS.csv
LTH-07,Okuma Multus B250II,,5000,22,Default Preset,drill,Gray Iron (K),K,Peck,drilling,roughing,plunge,0.4219,2,172,1560,0,0.0016,5.01,0,0.422,flood,0,TWIST DRILLS.csv
LTH-07,Okuma Multus B250II,,5000,22,Default Preset,drill,Ductile Iron (K),K,Drill,drilling,roughing,conventional,0.4219,2,193,1750,0,0.0032,11.23,0,0.422,flood,0,TWIST DRILLS.csv
LTH-07,Okuma Multus B250II,,5000,22,Default Preset,drill,Ductile Iron (K),K,Peck,drilling,roughing,plunge,0.4219,2,135,1225,0,0.0016,3.93,0,0.422,flood,0,TWIST DRILLS.csv
LTH-07,Okuma Multus B250II,,5000,22,Default Preset,drill,Gray Iron (K),K,Drill,drilling,roughing,conventional,0.4531,2,246,2074,0,0.0034,14.13,0,0.4531,flood,0,TWIST DRILLS.csv
LTH-07,Okuma Multus B250II,,5000,22,Default Preset,drill,Gray Iron (K),K,Peck,drilling,roughing,plunge,0.4531,2,172,1452,0,0.0017,4.94,0,0.4531,flood,0,TWIST DRILLS.csv
LTH-07,Okuma Multus B250II,,5000,22,Default Preset,drill,Ductile Iron (K),K,Drill,drilling,roughing,conventional,0.4531,2,193,1630,0,0.0034,11.1,0,0.4531,flood,0,TWIST DRILLS.csv
LTH-07,Okuma Multus B250II,,5000,22,Default Preset,drill,Ductile Iron (K),K,Peck,drilling,roughing,plunge,0.4531,2,135,1141,0,0.0017,3.89,0,0.4531,flood,0,TWIST DRILLS.csv
LTH-07,Okuma Multus B250II,,5000,22,Default Preset,drill,Gray Iron (K),K,Drill,drilling,roughing,conventional,0.488,2,246,1926,0,0.0036,13.88,0,0.4882,flood,0,TWIST DRILLS.csv
LTH-07,Okuma Multus B250II,,5000,22,Default Preset,drill,Gray Iron (K),K,Peck,drilling,roughing,plunge,0.488,2,172,1348,0,0.0018,4.86,0,0.4882,flood,0,TWIST DRILLS.csv
LTH-07,Okuma Multus B250II,,5000,22,Default Preset,drill,Ductile Iron (K),K,Drill,drilling,roughing,conventional,0.488,2,193,1513,0,0.0036,10.9,0,0.4882,flood,0,TWIST DRILLS.csv
LTH-07,Okuma Multus B250II,,5000,22,Default Preset,drill,Ductile Iron (K),K,Peck,drilling,roughing,plunge,0.488,2,135,1059,0,0.0018,3.81,0,0.4882,flood,0,TWIST DRILLS.csv
LTH-07,Okuma Multus B250II,,5000,22,Default Preset,spot drill,Gray Iron (K),K,Spot,drilling,roughing,conventional,0.75,2,246,1253,0,0.0045,11.25,0,0.75,flood,0,TWIST DRILLS.csv
LTH-07,Okuma Multus B250II,,5000,22,Default Preset,spot drill,Ductile Iron (K),K,Spot,drilling,roughing,conventional,0.75,2,193,985,0,0.0045,8.84,0,0.75,flood,0,TWIST DRILLS.csv
LTH-07,Okuma Multus B250II,,5000,22,Default Preset,drill,Gray Iron (K),K,Drill,drilling,roughing,conventional,0.25,2,98,1504,0,0.0022,6.57,0,0.25,flood,0,TWIST DRILLS.csv
LTH-07,Okuma Multus B250II,,5000,22,Default Preset,drill,Gray Iron (K),K,Peck,drilling,roughing,plunge,0.25,2,69,1053,0,0.0011,2.3,0,0.25,flood,0,TWIST DRILLS.csv
LTH-07,Okuma Multus B250II,,5000,22,Default Preset,drill,Ductile Iron (K),K,Drill,drilling,roughing,conventional,0.25,2,77,1182,0,0.0022,5.17,0,0.25,flood,0,TWIST DRILLS.csv
LTH-07,Okuma Multus B250II,,5000,22,Default Preset,drill,Ductile Iron (K),K,Peck,drilling,roughing,plunge,0.25,2,54,827,0,0.0011,1.81,0,0.25,flood,0,TWIST DRILLS.csv
LTH-07,Okuma Multus B250II,,5000,22,Default Preset,drill,Gray Iron (K),K,Drill,drilling,roughing,conventional,0.375,2,98,1003,0,0.0029,5.8,0,0.3748,flood,0,TWIST DRILLS.csv
LTH-07,Okuma Multus B250II,,5000,22,Default Preset,drill,Gray Iron (K),K,Peck,drilling,roughing,plunge,0.375,2,69,702,0,0.0014,2.03,0,0.3748,flood,0,TWIST DRILLS.csv
LTH-07,Okuma Multus B250II,,5000,22,Default Preset,drill,Ductile Iron (K),K,Drill,drilling,roughing,conventional,0.375,2,77,788,0,0.0029,4.56,0,0.3748,flood,0,TWIST DRILLS.csv
LTH-07,Okuma Multus B250II,,5000,22,Default Preset,drill,Ductile Iron (K),K,Peck,drilling,roughing,plunge,0.375,2,54,551,0,0.0014,1.59,0,0.3748,flood,0,TWIST DRILLS.csv
LTH-07,Okuma Multus B250II,,5000,22,Default Preset,drill,Gray Iron (K),K,Drill,drilling,roughing,conventional,0.209,3,246,4497,0,0.0013,18.06,0,0.2091,flood,0,TWIST DRILLS.csv
LTH-07,Okuma Multus B250II,,5000,22,Default Preset,drill,Gray Iron (K),K,Peck,drilling,roughing,plunge,0.209,3,172,3148,0,0.0007,6.32,0,0.2091,flood,0,TWIST DRILLS.csv
LTH-07,Okuma Multus B250II,,5000,22,Default Preset,drill,Ductile Iron (K),K,Drill,drilling,roughing,conventional,0.209,3,193,3533,0,0.0013,14.19,0,0.2091,flood,0,TWIST DRILLS.csv
LTH-07,Okuma Multus B250II,,5000,22,Default Preset,drill,Ductile Iron (K),K,Peck,drilling,roughing,plunge,0.209,3,135,2473,0,0.0007,4.97,0,0.2091,flood,0,TWIST DRILLS.csv
LTH-07,Okuma Multus B250II,,5000,22,Default Preset,drill,Gray Iron (K),K,Drill,drilling,roughing,conventional,0.3125,2,246,3008,0,0.0025,14.8,0,0.3126,flood,0,TWIST DRILLS.csv
LTH-07,Okuma Multus B250II,,5000,22,Default Preset,drill,Gray Iron (K),K,Peck,drilling,roughing,plunge,0.3125,2,172,2105,0,0.0012,5.18,0,0.3126,flood,0,TWIST DRILLS.csv
LTH-07,Okuma Multus B250II,,5000,22,Default Preset,drill,Ductile Iron (K),K,Drill,drilling,roughing,conventional,0.3125,2,193,2363,0,0.0025,11.63,0,0.3126,flood,0,TWIST DRILLS.csv
LTH-07,Okuma Multus B250II,,5000,22,Default Preset,drill,Ductile Iron (K),K,Peck,drilling,roughing,plunge,0.3125,2,135,1654,0,0.0012,4.07,0,0.3126,flood,0,TWIST DRILLS.csv
LTH-07,Okuma Multus B250II,,5000,22,Default Preset,drill,Gray Iron (K),K,Drill,drilling,roughing,conventional,0.386,2,98,974,0,0.003,5.75,0,0.3858,flood,0,TWIST DRILLS.csv
LTH-07,Okuma Multus B250II,,5000,22,Default Preset,drill,Gray Iron (K),K,Peck,drilling,roughing,plunge,0.386,2,69,682,0,0.0015,2.01,0,0.3858,flood,0,TWIST DRILLS.csv
LTH-07,Okuma Multus B250II,,5000,22,Default Preset,drill,Ductile Iron (K),K,Drill,drilling,roughing,conventional,0.386,2,77,765,0,0.003,4.52,0,0.3858,flood,0,TWIST DRILLS.csv
LTH-07,Okuma Multus B250II,,5000,22,Default Preset,drill,Ductile Iron (K),K,Peck,drilling,roughing,plunge,0.386,2,54,536,0,0.0015,1.58,0,0.3858,flood,0,TWIST DRILLS.csv
LTH-07,Okuma Multus B250II,,5000,22,Default Preset,drill,Gray Iron (K),K,Drill,drilling,roughing,conventional,0.368,2,246,2554,0,0.0028,14.48,0,0.3681,flood,0,TWIST DRILLS.csv
LTH-07,Okuma Multus B250II,,5000,22,Default Preset,drill,Gray Iron (K),K,Peck,drilling,roughing,plunge,0.368,2,172,1788,0,0.0014,5.07,0,0.3681,flood,0,TWIST DRILLS.csv
LTH-07,Okuma Multus B250II,,5000,22,Default Preset,drill,Ductile Iron (K),K,Drill,drilling,roughing,conventional,0.368,2,193,2007,0,0.0028,11.38,0,0.3681,flood,0,TWIST DRILLS.csv
LTH-07,Okuma Multus B250II,,5000,22,Default Preset,drill,Ductile Iron (K),K,Peck,drilling,roughing,plunge,0.368,2,135,1405,0,0.0014,3.98,0,0.3681,flood,0,TWIST DRILLS.csv
LTH-07,Okuma Multus B250II,,5000,22,Default Preset,drill,Gray Iron (K),K,Drill,drilling,roughing,conventional,0.275,2,98,1367,0,0.0023,6.3,0,0.2752,flood,0,TWIST DRILLS.csv
LTH-07,Okuma Multus B250II,,5000,22,Default Preset,drill,Gray Iron (K),K,Peck,drilling,roughing,plunge,0.275,2,69,957,0,0.0012,2.2,0,0.2752,flood,0,TWIST DRILLS.csv
LTH-07,Okuma Multus B250II,,5000,22,Default Preset,drill,Ductile Iron (K),K,Drill,drilling,roughing,conventional,0.275,2,77,1074,0,0.0023,4.95,0,0.2752,flood,0,TWIST DRILLS.csv
LTH-07,Okuma Multus B250II,,5000,22,Default Preset,drill,Ductile Iron (K),K,Peck,drilling,roughing,plunge,0.275,2,54,752,0,0.0012,1.73,0,0.2752,flood,0,TWIST DRILLS.csv
LTH-07,Okuma Multus B250II,,5000,22,Default Preset,drill,Gray Iron (K),K,Drill,drilling,roughing,conventional,0.4375,2,246,2148,0,0.0033,14.21,0,0.4374,flood,0,TWIST DRILLS.csv
LTH-07,Okuma Multus B250II,,5000,22,Default Preset,drill,Gray Iron (K),K,Peck,drilling,roughing,plunge,0.4375,2,172,1504,0,0.0017,4.97,0,0.4374,flood,0,TWIST DRILLS.csv
LTH-07,Okuma Multus B250II,,5000,22,Default Preset,drill,Ductile Iron (K),K,Drill,drilling,roughing,conventional,0.4375,2,193,1688,0,0.0033,11.16,0,0.4374,flood,0,TWIST DRILLS.csv
LTH-07,Okuma Multus B250II,,5000,22,Default Preset,drill,Ductile Iron (K),K,Peck,drilling,roughing,plunge,0.4375,2,135,1182,0,0.0017,3.91,0,0.4374,flood,0,TWIST DRILLS.csv
LTH-07,Okuma Multus B250II,,5000,22,Default Preset,drill,Gray Iron (K),K,Drill,drilling,roughing,conventional,0.246,2,98,1528,0,0.0022,6.62,0,0.2461,flood,0,TWIST DRILLS.csv
LTH-07,Okuma Multus B250II,,5000,22,Default Preset,drill,Gray Iron (K),K,Peck,drilling,roughing,plunge,0.246,2,69,1070,0,0.0011,2.32,0,0.2461,flood,0,TWIST DRILLS.csv
LTH-07,Okuma Multus B250II,,5000,22,Default Preset,drill,Ductile Iron (K),K,Drill,drilling,roughing,conventional,0.246,2,77,1201,0,0.0022,5.2,0,0.2461,flood,0,TWIST DRILLS.csv
LTH-07,Okuma Multus B250II,,5000,22,Default Preset,drill,Ductile Iron (K),K,Peck,drilling,roughing,plunge,0.246,2,54,841,0,0.0011,1.82,0,0.2461,flood,0,TWIST DRILLS.csv
LTH-07,Okuma Multus B250II,,5000,22,Default Preset,drill,Gray Iron (K),K,Drill,drilling,roughing,conventional,0.332,2,246,2831,0,0.0026,14.71,0,0.3319,flood,0,TWIST DRILLS.csv
LTH-07,Okuma Multus B250II,,5000,22,Default Preset,drill,Gray Iron (K),K,Peck,drilling,roughing,plunge,0.332,2,172,1982,0,0.0013,5.15,0,0.3319,flood,0,TWIST DRILLS.csv
LTH-07,Okuma Multus B250II,,5000,22,Default Preset,drill,Ductile Iron (K),K,Drill,drilling,roughing,conventional,0.332,2,193,2224,0,0.0026,11.56,0,0.3319,flood,0,TWIST DRILLS.csv
LTH-07,Okuma Multus B250II,,5000,22,Default Preset,drill,Ductile Iron (K),K,Peck,drilling,roughing,plunge,0.332,2,135,1557,0,0.0013,4.05,0,0.3319,flood,0,TWIST DRILLS.csv
LTH-07,Okuma Multus B250II,,5000,22,Default Preset,drill,Gray Iron (K),K,Drill,drilling,roughing,conventional,0.261,2,98,1440,0,0.0022,6.46,0,0.261,flood,0,TWIST DRILLS.csv
LTH-07,Okuma Multus B250II,,5000,22,Default Preset,drill,Gray Iron (K),K,Peck,drilling,roughing,plunge,0.261,2,69,1008,0,0.0011,2.26,0,0.261,flood,0,TWIST DRILLS.csv
LTH-07,Okuma Multus B250II,,5000,22,Default Preset,drill,Ductile Iron (K),K,Drill,drilling,roughing,conventional,0.261,2,77,1132,0,0.0022,5.08,0,0.261,flood,0,TWIST DRILLS.csv
LTH-07,Okuma Multus B250II,,5000,22,Default Preset,drill,Ductile Iron (K),K,Peck,drilling,roughing,plunge,0.261,2,54,792,0,0.0011,1.78,0,0.261,flood,0,TWIST DRILLS.csv
LTH-07,Okuma Multus B250II,,5000,22,Default Preset,center drill,Gray Iron (K),K,Spot,drilling,roughing,conventional,0.191,2,246,4921,0,0.0019,18.99,0,0.1909,flood,0,TWIST DRILLS.csv
LTH-07,Okuma Multus B250II,,5000,22,Default Preset,center drill,Ductile Iron (K),K,Spot,drilling,roughing,conventional,0.191,2,193,3866,0,0.0019,14.92,0,0.1909,flood,0,TWIST DRILLS.csv
LTH-07,Okuma Multus B250II,,5000,22,Default Preset,drill,Gray Iron (K),K,Drill,drilling,roughing,conventional,0.175,3,229,5000,1,0.0012,18.5,0,0.1748,flood,0,TWIST DRILLS.csv
LTH-07,Okuma Multus B250II,,5000,22,Default Preset,drill,Gray Iron (K),K,Peck,drilling,roughing,plunge,0.175,3,172,3760,0,0.0006,6.96,0,0.1748,flood,0,TWIST DRILLS.csv
LTH-07,Okuma Multus B250II,,5000,22,Default Preset,drill,Ductile Iron (K),K,Drill,drilling,roughing,conventional,0.175,3,193,4220,0,0.0012,15.62,0,0.1748,flood,0,TWIST DRILLS.csv
LTH-07,Okuma Multus B250II,,5000,22,Default Preset,drill,Ductile Iron (K),K,Peck,drilling,roughing,plunge,0.175,3,135,2954,0,0.0006,5.47,0,0.1748,flood,0,TWIST DRILLS.csv
LTH-07,Okuma Multus B250II,,5000,22,Default Preset,drill,Gray Iron (K),K,Drill,drilling,roughing,conventional,0.493,2,246,1906,0,0.0036,13.81,0,0.4929,flood,0,TWIST DRILLS.csv
LTH-07,Okuma Multus B250II,,5000,22,Default Preset,drill,Gray Iron (K),K,Peck,drilling,roughing,plunge,0.493,2,172,1335,0,0.0018,4.84,0,0.4929,flood,0,TWIST DRILLS.csv
LTH-07,Okuma Multus B250II,,5000,22,Default Preset,drill,Ductile Iron (K),K,Drill,drilling,roughing,conventional,0.493,2,193,1498,0,0.0036,10.85,0,0.4929,flood,0,TWIST DRILLS.csv
LTH-07,Okuma Multus B250II,,5000,22,Default Preset,drill,Ductile Iron (K),K,Peck,drilling,roughing,plunge,0.493,2,135,1049,0,0.0018,3.8,0,0.4929,flood,0,TWIST DRILLS.csv
LTH-07,Okuma Multus B250II,,5000,22,Default Preset,drill,Gray Iron (K),K,Drill,drilling,roughing,conventional,0.0937,2,98,4010,0,0.0012,9.63,0,0.0937,flood,0,TWIST DRILLS.csv
LTH-07,Okuma Multus B250II,,5000,22,Default Preset,drill,Gray Iron (K),K,Peck,drilling,roughing,plunge,0.0937,2,69,2807,0,0.0006,3.37,0,0.0937,flood,0,TWIST DRILLS.csv
LTH-07,Okuma Multus B250II,,5000,22,Default Preset,drill,Ductile Iron (K),K,Drill,drilling,roughing,conventional,0.0937,2,77,3151,0,0.0012,7.57,0,0.0937,flood,0,TWIST DRILLS.csv
LTH-07,Okuma Multus B250II,,5000,22,Default Preset,drill,Ductile Iron (K),K,Peck,drilling,roughing,plunge,0.0937,2,54,2206,0,0.0006,2.65,0,0.0937,flood,0,TWIST DRILLS.csv
LTH-07,Okuma Multus B250II,,5000,22,Default Preset,spot drill,Gray Iron (K),K,Spot,drilling,roughing,conventional,1,2,246,940,0,0.0052,9.73,0,1,flood,0,TWIST DRILLS.csv
LTH-07,Okuma Multus B250II,,5000,22,Default Preset,spot drill,Ductile Iron (K),K,Spot,drilling,roughing,conventional,1,2,193,738,0,0.0052,7.64,0,1,flood,0,TWIST DRILLS.csv
