machine_id,machine_name,machine_taper,machine_max_rpm,machine_max_power_kw,tool_id,tool_type,grade_name,iso,toolpath,op,cut,strategy,dia_in,flutes,vc_sfm,rpm,rpm_clamped,fz_in,feed_ipm,ap_in,ae_in,coolant,css,source_crib
LTH-07,Okuma Multus B250II,,5000,22,Default Preset,drill,304/316 SS (M),M,Drill,drilling,roughing,conventional,0.4375,2,220,1919,0,0.0028,10.58,0,0.4374,flood,0,130 DEG. INSERT DRILLS - PURPLE COATING (CHANGE SFM TO 75 FOR GOLD).csv
LTH-07,Okuma Multus B250II,,5000,22,Default Preset,drill,304/316 SS (M),M,Peck,drilling,roughing,plunge,0.4375,2,154,1343,0,0.0014,3.7,0,0.4374,flood,0,130 DEG. INSERT DRILLS - PURPLE COATING (CHANGE SFM TO 75 FOR GOLD).csv
LTH-07,Okuma Multus B250II,,5000,22,Default Preset,drill,17-4 PH (M),M,Drill,drilling,roughing,conventional,0.4375,2,165,1439,0,0.0028,7.93,0,0.4374,flood,0,130 DEG. INSERT DRILLS - PURPLE COATING (CHANGE SFM TO 75 FOR GOLD).csv
LTH-07,Okuma Multus B250II,,5000,22,Default Preset,drill,17-4 PH (M),M,Peck,drilling,roughing,plunge,0.4375,2,115,1008,0,0.0014,2.78,0,0.4374,flood,0,130 DEG. INSERT DRILLS - PURPLE COATING (CHANGE SFM TO 75 FOR GOLD).csv
LTH-07,Okuma Multus B250II,,5000,22,Default Preset,drill,2205 Duplex (M),M,Drill,drilling,roughing,conventional,0.4375,2,137,1199,0,0.0028,6.61,0,0.4374,flood,0,130 DEG. INSERT DRILLS - PURPLE COATING (CHANGE SFM TO 75 FOR GOLD).csv
LTH-07,Okuma Multus B250II,,5000,22,Default Preset,drill,2205 Duplex (M),M,Peck,drilling,roughing,plunge,0.4375,2,96,840,0,0.0014,2.31,0,0.4374,flood,0,130 DEG. INSERT DRILLS - PURPLE COATING (CHANGE SFM TO 75 FOR GOLD).csv
LTH-07,Okuma Multus B250II,,5000,22,Default Preset,drill,304/316 SS (M),M,Drill,drilling,roughing,conventional,0.4688,2,220,1791,0,0.0029,10.51,0,0.4689,flood,0,130 DEG. INSERT DRILLS - PURPLE COATING (CHANGE SFM TO 75 FOR GOLD).csv
LTH-07,Okuma Multus B250II,,5000,22,Default Preset,drill,304/316 SS (M),M,Peck,drilling,roughing,plunge,0.4688,2,154,1254,0,0.0015,3.68,0,0.4689,flood,0,130 DEG. INSERT DRILLS - PURPLE COATING (CHANGE SFM TO 75 FOR GOLD).csv
LTH-07,Okuma Multus B250II,,5000,22,Default Preset,drill,17-4 PH (M),M,Drill,drilling,roughing,conventional,0.4688,2,165,1343,0,0.0029,7.88,0,0.4689,flood,0,130 DEG. INSERT DRILLS - PURPLE COATING (CHANGE SFM TO 75 FOR GOLD).csv
LTH-07,Okuma Multus B250II,,5000,22,Default Preset,drill,17-4 PH (M),M,Peck,drilling,roughing,plunge,0.4688,2,115,940,0,0.0015,2.76,0,0.4689,flood,0,130 DEG. INSERT DRILLS - PURPLE COATING (CHANGE SFM TO 75 FOR GOLD).csv
LTH-07,Okuma Multus B250II,,5000,22,Default Preset,drill,2205 Duplex (M),M,Drill,drilling,roughing,conventional,0.4688,2,137,1119,0,0.0029,6.56,0,0.4689,flood,0,130 DEG. INSERT DRILLS - PURPLE COATING (CHANGE SFM TO 75 FOR GOLD).csv
LTH-07,Okuma Multus B250II,,5000,22,Default Preset,drill,2205 Duplex (M),M,Peck,drilling,roughing,plunge,0.4688,2,96,784,0,0.0015,2.3,0,0.4689,flood,0,130 DEG. INSERT DRILLS - PURPLE COATING (CHANGE SFM TO 75 FOR GOLD).csv
LTH-07,Okuma Multus B250II,,5000,22,Default Preset,drill,304/316 SS (M),M,Drill,drilling,roughing,conventional,0.48,2,220,1749,0,0.003,10.4,0,0.4799,flood,0,130 DEG. INSERT DRILLS - PURPLE COATING (CHANGE SFM TO 75 FOR GOLD).csv
LTH-07,Okuma Multus B250II,,5000,22,Default Preset,drill,304/316 SS (M),M,Peck,drilling,roughing,plunge,0.48,2,154,1224,0,0.0015,3.64,0,0.4799,flood,0,130 DEG. INSERT DRILLS - PURPLE COATING (CHANGE SFM TO 75 FOR GOLD).csv
LTH-07,Okuma Multus B250II,,5000,22,Default Preset,drill,17-4 PH (M),M,Drill,drilling,roughing,conventional,0.48,2,165,1312,0,0.003,7.8,0,0.4799,flood,0,130 DEG. INSERT DRILLS - PURPLE COATING (CHANGE SFM TO 75 FOR GOLD).csv
LTH-07,Okuma Multus B250II,,5000,22,Default Preset,drill,17-4 PH (M),M,Peck,drilling,roughing,plunge,0.48,2,115,918,0,0.0015,2.73,0,0.4799,flood,0,130 DEG. INSERT DRILLS - PURPLE COATING (CHANGE SFM TO 75 FOR GOLD).csv
LTH-07,Okuma Multus B250II,,5000,22,Default Preset,drill,2205 Duplex (M),M,Drill,drilling,roughing,conventional,0.48,2,137,1093,0,0.003,6.5,0,0.4799,flood,0,130 DEG. INSERT DRILLS - PURPLE COATING (CHANGE SFM TO 75 FOR GOLD).csv
LTH-07,Okuma Multus B250II,,5000,22,Default Preset,drill,2205 Duplex (M),M,Peck,drilling,roughing,plunge,0.48,2,96,765,0,0.0015,2.27,0,0.4799,flood,0,130 DEG. INSERT DRILLS - PURPLE COATING (CHANGE SFM TO 75 FOR GOLD).csv
LTH-07,Okuma Multus B250II,,5000,22,Default Preset,drill,304/316 SS (M),M,Drill,drilling,roughing,conventional,0.493,2,220,1703,0,0.003,10.26,0,0.4929,flood,0,130 DEG. INSERT DRILLS - PURPLE COATING (CHANGE SFM TO 75 FOR GOLD).csv
LTH-07,Okuma Multus B250II,,5000,22,Default Preset,drill,304/316 SS (M),M,Peck,drilling,roughing,plunge,0.493,2,154,1192,0,0.0015,3.59,0,0.4929,flood,0,130 DEG. INSERT DRILLS - PURPLE COATING (CHANGE SFM TO 75 FOR GOLD).csv
LTH-07,Okuma Multus B250II,,5000,22,Default Preset,drill,17-4 PH (M),M,Drill,drilling,roughing,conventional,0.493,2,165,1277,0,0.003,7.69,0,0.4929,flood,0,130 DEG. INSERT DRILLS - PURPLE COATING (CHANGE SFM TO 75 FOR GOLD).csv
LTH-07,Okuma Multus B250II,,5000,22,Default Preset,drill,17-4 PH (M),M,Peck,drilling,roughing,plunge,0.493,2,115,894,0,0.0015,2.69,0,0.4929,flood,0,130 DEG. INSERT DRILLS - PURPLE COATING (CHANGE SFM TO 75 FOR GOLD).csv
LTH-07,Okuma Multus B250II,,5000,22,Default Preset,drill,2205 Duplex (M),M,Drill,drilling,roughing,conventional,0.493,2,137,1064,0,0.003,6.41,0,0.4929,flood,0,130 DEG. INSERT DRILLS - PURPLE COATING (CHANGE SFM TO 75 FOR GOLD).csv
LTH-07,Okuma Multus B250II,,5000,22,Default Preset,drill,2205 Duplex (M),M,Peck,drilling,roughing,plunge,0.493,2,96,745,0,0.0015,2.24,0,0.4929,flood,0,130 DEG. INSERT DRILLS - PURPLE COATING (CHANGE SFM TO 75 FOR GOLD).csv
LTH-07,Okuma Multus B250II,,5000,22,Default Preset,drill,304/316 SS (M),M,Drill,drilling,roughing,conventional,0.531,2,220,1581,0,0.0031,9.83,0,0.5311,flood,0,130 DEG. INSERT DRILLS - PURPLE COATING (CHANGE SFM TO 75 FOR GOLD).csv
LTH-07,Okuma Multus B250II,,5000,22,Default Preset,drill,304/316 SS (M),M,Peck,drilling,roughing,plunge,0.531,2,154,1107,0,0.0016,3.44,0,0.5311,flood,0,130 DEG. INSERT DRILLS - PURPLE COATING (CHANGE SFM TO 75 FOR GOLD).csv
LTH-07,Okuma Multus B250II,,5000,22,Default Preset,drill,17-4 PH (M),M,Drill,drilling,roughing,conventional,0.531,2,165,1186,0,0.0031,7.38,0,0.5311,flood,0,130 DEG. INSERT DRILLS - PURPLE COATING (CHANGE SFM TO 75 FOR GOLD).csv
LTH-07,Okuma Multus B250II,,5000,22,Default Preset,drill,17-4 PH (M),M,Peck,drilling,roughing,plunge,0.531,2,115,830,0,0.0016,2.58,0,0.5311,flood,0,130 DEG. INSERT DRILLS - PURPLE COATING (CHANGE SFM TO 75 FOR GOLD).csv
LTH-07,Okuma Multus B250II,,5000,22,Default Preset,drill,2205 Duplex (M),M,Drill,drilling,roughing,conventional,0.531,2,137,988,0,0.0031,6.15,0,0.5311,flood,0,130 DEG. INSERT DRILLS - PURPLE COATING (CHANGE SFM TO 75 FOR GOLD).csv
LTH-07,Okuma Multus B250II,,5000,22,Default Preset,drill,2205 Duplex (M),M,Peck,drilling,roughing,plunge,0.531,2,96,692,0,0.0016,2.15,0,0.5311,flood,0,130 DEG. INSERT DRILLS - PURPLE COATING (CHANGE SFM TO 75 FOR GOLD).csv
LTH-07,Okuma Multus B250II,,5000,22,Default Preset,drill,304/316 SS (M),M,Drill,drilling,roughing,conventional,0.5625,2,220,1493,0,0.0032,9.58,0,0.5626,flood,0,130 DEG. INSERT DRILLS - PURPLE COATING (CHANGE SFM TO 75 FOR GOLD).csv
LTH-07,Okuma Multus B250II,,5000,22,Default Preset,drill,304/316 SS (M),M,Peck,drilling,roughing,plunge,0.5625,2,154,1045,0,0.0016,3.35,0,0.5626,flood,0,130 DEG. INSERT DRILLS - PURPLE COATING (CHANGE SFM TO 75 FOR GOLD).csv
LTH-07,Okuma Multus B250II,,5000,22,Default Preset,drill,17-4 PH (M),M,Drill,drilling,roughing,conventional,0.5625,2,165,1120,0,0.0032,7.19,0,0.5626,flood,0,130 DEG. INSERT DRILLS - PURPLE COATING (CHANGE SFM TO 75 FOR GOLD).csv
LTH-07,Okuma Multus B250II,,5000,22,Default Preset,drill,17-4 PH (M),M,Peck,drilling,roughing,plunge,0.5625,2,115,784,0,0.0016,2.52,0,0.5626,flood,0,130 DEG. INSERT DRILLS - PURPLE COATING (CHANGE SFM TO 75 FOR GOLD).csv
LTH-07,Okuma Multus B250II,,5000,22,Default Preset,drill,2205 Duplex (M),M,Drill,drilling,roughing,conventional,0.5625,2,137,933,0,0.0032,5.99,0,0.5626,flood,0,130 DEG. INSERT DRILLS - PURPLE COATING (CHANGE SFM TO 75 FOR GOLD).csv
LTH-07,Okuma Multus B250II,,5000,22,Default Preset,drill,2205 Duplex (M),M,Peck,drilling,roughing,plunge,0.5625,2,96,653,0,0.0016,2.1,0,0.5626,flood,0,130 DEG. INSERT DRILLS - PURPLE COATING (CHANGE SFM TO 75 FOR GOLD).csv
LTH-07,Okuma Multus B250II,,5000,22,Default Preset,drill,304/316 SS (M),M,Drill,drilling,roughing,conventional,0.57,2,220,1473,0,0.0032,9.51,0,0.5701,flood,0,130 DEG. INSERT DRILLS - PURPLE COATING (CHANGE SFM TO 75 FOR GOLD).csv
LTH-07,Okuma Multus B250II,,5000,22,Default Preset,drill,304/316 SS (M),M,Peck,drilling,roughing,plunge,0.57,2,154,1031,0,0.0016,3.33,0,0.5701,flood,0,130 DEG. INSERT DRILLS - PURPLE COATING (CHANGE SFM TO 75 FOR GOLD).csv
LTH-07,Okuma Multus B250II,,5000,22,Default Preset,drill,17-4 PH (M),M,Drill,drilling,roughing,conventional,0.57,2,165,1105,0,0.0032,7.13,0,0.5701,flood,0,130 DEG. INSERT DRILLS - PURPLE COATING (CHANGE SFM TO 75 FOR GOLD).csv
LTH-07,Okuma Multus B250II,,5000,22,Default Preset,drill,17-4 PH (M),M,Peck,drilling,roughing,plunge,0.57,2,115,773,0,0.0016,2.5,0,0.5701,flood,0,130 DEG. INSERT DRILLS - PURPLE COATING (CHANGE SFM TO 75 FOR GOLD).csv
LTH-07,Okuma Multus B250II,,5000,22,Default Preset,drill,2205 Duplex (M),M,Drill,drilling,roughing,conventional,0.57,2,137,921,0,0.0032,5.95,0,0.5701,flood,0,130 DEG. INSERT DRILLS - PURPLE COATING (CHANGE SFM TO 75 FOR GOLD).csv
LTH-07,Okuma Multus B250II,,5000,22,Default Preset,drill,2205 Duplex (M),M,Peck,drilling,roughing,plunge,0.57,2,96,644,0,0.0016,2.08,0,0.5701,flood,0,130 DEG. INSERT DRILLS - PURPLE COATING (CHANGE SFM TO 75 FOR GOLD).csv
LTH-07,Okuma Multus B250II,,5000,22,Default Preset,drill,304/316 SS (M),M,Drill,drilling,roughing,conventional,0.593,2,220,1416,0,0.0033,9.31,0,0.5929,flood,0,130 DEG. INSERT DRILLS - PURPLE COATING (CHANGE SFM TO 75 FOR GOLD).csv
LTH-07,Okuma Multus B250II,,5000,22,Default Preset,drill,304/316 SS (M),M,Peck,drilling,roughing,plunge,0.593,2,154,991,0,0.0016,3.26,0,0.5929,flood,0,130 DEG. INSERT DRILLS - PURPLE COATING (CHANGE SFM TO 75 FOR GOLD).csv
LTH-07,Okuma Multus B250II,,5000,22,Default Preset,drill,17-4 PH (M),M,Drill,drilling,roughing,conventional,0.593,2,165,1062,0,0.0033,6.98,0,0.5929,flood,0,130 DEG. INSERT DRILLS - PURPLE COATING (CHANGE SFM TO 75 FOR GOLD).csv
LTH-07,Okuma Multus B250II,,5000,22,Default Preset,drill,17-4 PH (M),M,Peck,drilling,roughing,plunge,0.593,2,115,743,0,0.0016,2.44,0,0.5929,flood,0,130 DEG. INSERT DRILLS - PURPLE COATING (CHANGE SFM TO 75 FOR GOLD).csv
LTH-07,Okuma Multus B250II,,5000,22,Default Preset,drill,2205 Duplex (M),M,Drill,drilling,roughing,conventional,0.593,2,137,885,0,0.0033,5.82,0,0.5929,flood,0,130 DEG. INSERT DRILLS - PURPLE COATING (CHANGE SFM TO 75 FOR GOLD).csv
LTH-07,Okuma Multus B250II,,5000,22,Default Preset,drill,2205 Duplex (M),M,Peck,drilling,roughing,plunge,0.593,2,96,619,0,0.0016,2.03,0,0.5929,flood,0,130 DEG. INSERT DRILLS - PURPLE COATING (CHANGE SFM TO 75 FOR GOLD).csv
LTH-07,Okuma Multus B250II,,5000,22,Default Preset,drill,304/316 SS (M),M,Drill,drilling,roughing,conventional,0.6102,2,220,1376,0,0.0033,9.21,0,0.6102,flood,0,130 DEG. INSERT DRILLS - PURPLE COATING (CHANGE SFM TO 75 FOR GOLD).csv
LTH-07,Okuma Multus B250II,,5000,22,Default Preset,drill,304/316 SS (M),M,Peck,drilling,roughing,plunge,0.6102,2,154,963,0,0.0017,3.22,0,0.6102,flood,0,130 DEG. INSERT DRILLS - PURPLE COATING (CHANGE SFM TO 75 FOR GOLD).csv
LTH-07,Okuma Multus B250II,,5000,22,Default Preset,drill,17-4 PH (M),M,Drill,drilling,roughing,conventional,0.6102,2,165,1032,0,0.0033,6.91,0,0.6102,flood,0,130 DEG. INSERT DRILLS - PURPLE COATING (CHANGE SFM TO 75 FOR GOLD).csv
LTH-07,Okuma Multus B250II,,5000,22,Default Preset,drill,17-4 PH (M),M,Peck,drilling,roughing,plunge,0.6102,2,115,722,0,0.0017,2.42,0,0.6102,flood,0,130 DEG. INSERT DRILLS - PURPLE COATING (CHANGE SFM TO 75 FOR GOLD).csv
LTH-07,Okuma Multus B250II,,5000,22,Default Preset,drill,2205 Duplex (M),M,Drill,drilling,roughing,conventional,0.6102,2,137,860,0,0.0033,5.76,0,0.6102,flood,0,130 DEG. INSERT DRILLS - PURPLE COATING (CHANGE SFM TO 75 FOR GOLD).csv
LTH-07,Okuma Multus B250II,,5000,22,Default Preset,drill,2205 Duplex (M),M,Peck,drilling,roughing,plunge,0.6102,2,96,602,0,0.0017,2.01,0,0.6102,flood,0,130 DEG. INSERT DRILLS - PURPLE COATING (CHANGE SFM TO 75 FOR GOLD).csv
LTH-07,Okuma Multus B250II,,5000,22,Default Preset,drill,304/316 SS (M),M,Drill,drilling,roughing,conventional,0.625,2,220,1343,0,0.0034,9.09,0,0.6252,flood,0,130 DEG. INSERT DRILLS - PURPLE COATING (CHANGE SFM TO 75 FOR GOLD).csv
LTH-07,Okuma Multus B250II,,5000,22,Default Preset,drill,304/316 SS (M),M,Peck,drilling,roughing,plunge,0.625,2,154,940,0,0.0017,3.18,0,0.6252,flood,0,130 DEG. INSERT DRILLS - PURPLE COATING (CHANGE SFM TO 75 FOR GOLD).csv
LTH-07,Okuma Multus B250II,,5000,22,Default Preset,drill,17-4 PH (M),M,Drill,drilling,roughing,conventional,0.625,2,165,1008,0,0.0034,6.83,0,0.6252,flood,0,130 DEG. INSERT DRILLS - PURPLE COATING (CHANGE SFM TO 75 FOR GOLD).csv
LTH-07,Okuma Multus B250II,,5000,22,Default Preset,drill,17-4 PH (M),M,Peck,drilling,roughing,plunge,0.625,2,115,705,0,0.0017,2.39,0,0.6252,flood,0,130 DEG. INSERT DRILLS - PURPLE COATING (CHANGE SFM TO 75 FOR GOLD).csv
LTH-07,Okuma Multus B250II,,5000,22,Default Preset,drill,2205 Duplex (M),M,Drill,drilling,roughing,conventional,0.625,2,137,840,0,0.0034,5.69,0,0.6252,flood,0,130 DEG. INSERT DRILLS - PURPLE COATING (CHANGE SFM TO 75 FOR GOLD).csv
LTH-07,Okuma Multus B250II,,5000,22,Default Preset,drill,2205 Duplex (M),M,Peck,drilling,roughing,plunge,0.625,2,96,588,0,0.0017,1.99,0,0.6252,flood,0,130 DEG. INSERT DRILLS - PURPLE COATING (CHANGE SFM TO 75 FOR GOLD).csv
LTH-07,Okuma Multus B250II,,5000,22,Default Preset,drill,304/316 SS (M),M,Drill,drilling,roughing,conventional,0.656,2,220,1280,0,0.0035,8.87,0,0.6559,flood,0,130 DEG. INSERT DRILLS - PURPLE COATING (CHANGE SFM TO 75 FOR GOLD).csv
LTH-07,Okuma Multus B250II,,5000,22,Default Preset,drill,304/316 SS (M),M,Peck,drilling,roughing,plunge,0.656,2,154,896,0,0.0017,3.1,0,0.6559,flood,0,130 DEG. INSERT DRILLS - PURPLE COATING (CHANGE SFM TO 75 FOR GOLD).csv
LTH-07,Okuma Multus B250II,,5000,22,Default Preset,drill,17-4 PH (M),M,Drill,drilling,roughing,conventional,0.656,2,165,960,0,0.0035,6.65,0,0.6559,flood,0,130 DEG. INSERT DRILLS - PURPLE COATING (CHANGE SFM TO 75 FOR GOLD).csv
LTH-07,Okuma Multus B250II,,5000,22,Default Preset,drill,17-4 PH (M),M,Peck,drilling,roughing,plunge,0.656,2,115,672,0,0.0017,2.33,0,0.6559,flood,0,130 DEG. INSERT DRILLS - PURPLE COATING (CHANGE SFM TO 75 FOR GOLD).csv
LTH-07,Okuma Multus B250II,,5000,22,Default Preset,drill,2205 Duplex (M),M,Drill,drilling,roughing,conventional,0.656,2,137,800,0,0.0035,5.54,0,0.6559,flood,0,130 DEG. INSERT DRILLS - PURPLE COATING (CHANGE SFM TO 75 FOR GOLD).csv
LTH-07,Okuma Multus B250II,,5000,22,Default Preset,drill,2205 Duplex (M),M,Peck,drilling,roughing,plunge,0.656,2,96,560,0,0.0017,1.94,0,0.6559,flood,0,130 DEG. INSERT DRILLS - PURPLE COATING (CHANGE SFM TO 75 FOR GOLD).csv
LTH-07,Okuma Multus B250II,,5000,22,Default Preset,drill,304/316 SS (M),M,Drill,drilling,roughing,conventional,0.6875,2,220,1221,0,0.0036,8.7,0,0.6874,flood,0,130 DEG. INSERT DRILLS - PURPLE COATING (CHANGE SFM TO 75 FOR GOLD).csv
LTH-07,Okuma Multus B250II,,5000,22,Default Preset,drill,304/316 SS (M),M,Peck,drilling,roughing,plunge,0.6875,2,154,855,0,0.0018,3.05,0,0.6874,flood,0,130 DEG. INSERT DRILLS - PURPLE COATING (CHANGE SFM TO 75 FOR GOLD).csv
LTH-07,Okuma Multus B250II,,5000,22,Default Preset,drill,17-4 PH (M),M,Drill,drilling,roughing,conventional,0.6875,2,165,916,0,0.0036,6.53,0,0.6874,flood,0,130 DEG. INSERT DRILLS - PURPLE COATING (CHANGE SFM TO 75 FOR GOLD).csv
LTH-07,Okuma Multus B250II,,5000,22,Default Preset,drill,17-4 PH (M),M,Peck,drilling,roughing,plunge,0.6875,2,115,641,0,0.0018,2.28,0,0.6874,flood,0,130 DEG. INSERT DRILLS - PURPLE COATING (CHANGE SFM TO 75 FOR GOLD).csv
LTH-07,Okuma Multus B250II,,5000,22,Default Preset,drill,2205 Duplex (M),M,Drill,drilling,roughing,conventional,0.6875,2,137,763,0,0.0036,5.44,0,0.6874,flood,0,130 DEG. INSERT DRILLS - PURPLE COATING (CHANGE SFM TO 75 FOR GOLD).csv
LTH-07,Okuma Multus B250II,,5000,22,Default Preset,drill,2205 Duplex (M),M,Peck,drilling,roughing,plunge,0.6875,2,96,534,0,0.0018,1.9,0,0.6874,flood,0,130 DEG. INSERT DRILLS - PURPLE COATING (CHANGE SFM TO 75 FOR GOLD).csv
LTH-07,Okuma Multus B250II,,5000,22,Default Preset,drill,304/316 SS (M),M,Drill,drilling,roughing,conventional,0.708,2,220,1186,0,0.0036,8.59,0,0.7079,flood,0,130 DEG. INSERT DRILLS - PURPLE COATING (CHANGE SFM TO 75 FOR GOLD).csv
LTH-07,Okuma Multus B250II,,5000,22,Default Preset,drill,304/316 SS (M),M,Peck,drilling,roughing,plunge,0.708,2,154,830,0,0.0018,3.01,0,0.7079,flood,0,130 DEG. INSERT DRILLS - PURPLE COATING (CHANGE SFM TO 75 FOR GOLD).csv
LTH-07,Okuma Multus B250II,,5000,22,Default Preset,drill,17-4 PH (M),M,Drill,drilling,roughing,conventional,0.708,2,165,889,0,0.0036,6.44,0,0.7079,flood,0,130 DEG. INSERT DRILLS - PURPLE COATING (CHANGE SFM TO 75 FOR GOLD).csv
LTH-07,Okuma Multus B250II,,5000,22,Default Preset,drill,17-4 PH (M),M,Peck,drilling,roughing,plunge,0.708,2,115,623,0,0.0018,2.26,0,0.7079,flood,0,130 DEG. INSERT DRILLS - PURPLE COATING (CHANGE SFM TO 75 FOR GOLD).csv
LTH-07,Okuma Multus B250II,,5000,22,Default Preset,drill,2205 Duplex (M),M,Drill,drilling,roughing,conventional,0.708,2,137,741,0,0.0036,5.37,0,0.7079,flood,0,130 DEG. INSERT DRILLS - PURPLE COATING (CHANGE SFM TO 75 FOR GOLD).csv
LTH-07,Okuma Multus B250II,,5000,22,Default Preset,drill,2205 Duplex (M),M,Peck,drilling,roughing,plunge,0.708,2,96,519,0,0.0018,1.88,0,0.7079,flood,0,130 DEG. INSERT DRILLS - PURPLE COATING (CHANGE SFM TO 75 FOR GOLD).csv
LTH-07,Okuma Multus B250II,,5000,22,Default Preset,drill,304/316 SS (M),M,Drill,drilling,roughing,conventional,0.7188,2,220,1168,0,0.0036,8.51,0,0.7189,flood,0,130 DEG. INSERT DRILLS - PURPLE COATING (CHANGE SFM TO 75 FOR GOLD).csv
LTH-07,Okuma Multus B250II,,5000,22,Default Preset,drill,304/316 SS (M),M,Peck,drilling,roughing,plunge,0.7188,2,154,818,0,0.0018,2.98,0,0.7189,flood,0,130 DEG. INSERT DRILLS - PURPLE COATING (CHANGE SFM TO 75 FOR GOLD).csv
LTH-07,Okuma Multus B250II,,5000,22,Default Preset,drill,17-4 PH (M),M,Drill,drilling,roughing,conventional,0.7188,2,165,876,0,0.0036,6.38,0,0.7189,flood,0,130 DEG. INSERT DRILLS - PURPLE COATING (CHANGE SFM TO 75 FOR GOLD).csv
LTH-07,Okuma Multus B250II,,5000,22,Default Preset,drill,17-4 PH (M),M,Peck,drilling,roughing,plunge,0.7188,2,115,613,0,0.0018,2.23,0,0.7189,flood,0,130 DEG. INSERT DRILLS - PURPLE COATING (CHANGE SFM TO 75 FOR GOLD).csv
LTH-07,Okuma Multus B250II,,5000,22,Default Preset,drill,2205 Duplex (M),M,Drill,drilling,roughing,conventional,0.7188,2,137,730,0,0.0036,5.32,0,0.7189,flood,0,130 DEG. INSERT DRILLS - PURPLE COATING (CHANGE SFM TO 75 FOR GOLD).csv
LTH-07,Okuma Multus B250II,,5000,22,Default Preset,drill,2205 Duplex (M),M,Peck,drilling,roughing,plunge,0.7188,2,96,511,0,0.0018,1.86,0,0.7189,flood,0,130 DEG. INSERT DRILLS - PURPLE COATING (CHANGE SFM TO 75 FOR GOLD).csv
LTH-07,Okuma Multus B250II,,5000,22,Default Preset,drill,304/316 SS (M),M,Drill,drilling,roughing,conventional,0.728,2,220,1153,0,0.0037,8.49,0,0.728,flood,0,130 DEG. INSERT DRILLS - PURPLE COATING (CHANGE SFM TO 75 FOR GOLD).csv
LTH-07,Okuma Multus B250II,,5000,22,Default Preset,drill,304/316 SS (M),M,Peck,drilling,roughing,plunge,0.728,2,154,807,0,0.0018,2.97,0,0.728,flood,0,130 DEG. INSERT DRILLS - PURPLE COATING (CHANGE SFM TO 75 FOR GOLD).csv
LTH-07,Okuma Multus B250II,,5000,22,Default Preset,drill,17-4 PH (M),M,Drill,drilling,roughing,conventional,0.728,2,165,865,0,0.0037,6.37,0,0.728,flood,0,130 DEG. INSERT DRILLS - PURPLE COATING (CHANGE SFM TO 75 FOR GOLD).csv
LTH-07,Okuma Multus B250II,,5000,22,Default Preset,drill,17-4 PH (M),M,Peck,drilling,roughing,plunge,0.728,2,115,606,0,0.0018,2.23,0,0.728,flood,0,130 DEG. INSERT DRILLS - PURPLE COATING (CHANGE SFM TO 75 FOR GOLD).csv
LTH-07,Okuma Multus B250II,,5000,22,Default Preset,drill,2205 Duplex (M),M,Drill,drilling,roughing,conventional,0.728,2,137,721,0,0.0037,5.31,0,0.728,flood,0,130 DEG. INSERT DRILLS - PURPLE COATING (CHANGE SFM TO 75 FOR GOLD).csv
LTH-07,Okuma Multus B250II,,5000,22,Default Preset,drill,2205 Duplex (M),M,Peck,drilling,roughing,plunge,0.728,2,96,505,0,0.0018,1.86,0,0.728,flood,0,130 DEG. INSERT DRILLS - PURPLE COATING (CHANGE SFM TO 75 FOR GOLD).csv
LTH-07,Okuma Multus B250II,,5000,22,Default Preset,drill,304/316 SS (M),M,Drill,drilling,roughing,conventional,0.737,2,220,1139,0,0.0037,8.43,0,0.737,flood,0,130 DEG. INSERT DRILLS - PURPLE COATING (CHANGE SFM TO 75 FOR GOLD).csv
LTH-07,Okuma Multus B250II,,5000,22,Default Preset,drill,304/316 SS (M),M,Peck,drilling,roughing,plunge,0.737,2,154,797,0,0.0019,2.95,0,0.737,flood,0,130 DEG. INSERT DRILLS - PURPLE COATING (CHANGE SFM TO 75 FOR GOLD).csv
LTH-07,Okuma Multus B250II,,5000,22,Default Preset,drill,17-4 PH (M),M,Drill,drilling,roughing,conventional,0.737,2,165,854,0,0.0037,6.32,0,0.737,flood,0,130 DEG. INSERT DRILLS - PURPLE COATING (CHANGE SFM TO 75 FOR GOLD).csv
LTH-07,Okuma Multus B250II,,5000,22,Default Preset,drill,17-4 PH (M),M,Peck,drilling,roughing,plunge,0.737,2,115,598,0,0.0019,2.21,0,0.737,flood,0,130 DEG. INSERT DRILLS - PURPLE COATING (CHANGE SFM TO 75 FOR GOLD).csv
LTH-07,Okuma Multus B250II,,5000,22,Default Preset,drill,2205 Duplex (M),M,Drill,drilling,roughing,conventional,0.737,2,137,712,0,0.0037,5.27,0,0.737,flood,0,130 DEG. INSERT DRILLS - PURPLE COATING (CHANGE SFM TO 75 FOR GOLD).csv
LTH-07,Okuma Multus B250II,,5000,22,Default Preset,drill,2205 Duplex (M),M,Peck,drilling,roughing,plunge,0.737,2,96,498,0,0.0019,1.84,0,0.737,flood,0,130 DEG. INSERT DRILLS - PURPLE COATING (CHANGE SFM TO 75 FOR GOLD).csv
LTH-07,Okuma Multus B250II,,5000,22,Default Preset,drill,304/316 SS (M),M,Drill,drilling,roughing,conventional,0.75,2,220,1120,0,0.0037,8.38,0,0.75,flood,0,130 DEG. INSERT DRILLS - PURPLE COATING (CHANGE SFM TO 75 FOR GOLD).csv
LTH-07,Okuma Multus B250II,,5000,22,Default Preset,drill,304/316 SS (M),M,Peck,drilling,roughing,plunge,0.75,2,154,784,0,0.0019,2.93,0,0.75,flood,0,130 DEG. INSERT DRILLS - PURPLE COATING (CHANGE SFM TO 75 FOR GOLD).csv
LTH-07,Okuma Multus B250II,,5000,22,Default Preset,drill,17-4 PH (M),M,Drill,drilling,roughing,conventional,0.75,2,165,840,0,0.0037,6.28,0,0.75,flood,0,130 DEG. INSERT DRILLS - PURPLE COATING (CHANGE SFM TO 75 FOR GOLD).csv
LTH-07,Okuma Multus B250II,,5000,22,Default Preset,drill,17-4 PH (M),M,Peck,drilling,roughing,plunge,0.75,2,115,588,0,0.0019,2.2,0,0.75,flood,0,130 DEG. INSERT DRILLS - PURPLE COATING (CHANGE SFM TO 75 FOR GOLD).csv
LTH-07,Okuma Multus B250II,,5000,22,Default Preset,drill,2205 Duplex (M),M,Drill,drilling,roughing,conventional,0.75,2,137,700,0,0.0037,5.24,0,0.75,flood,0,130 DEG. INSERT DRILLS - PURPLE COATING (CHANGE SFM TO 75 FOR GOLD).csv
LTH-07,Okuma Multus B250II,,5000,22,Default Preset,drill,2205 Duplex (M),M,Peck,drilling,roughing,plunge,0.75,2,96,490,0,0.0019,1.83,0,0.75,flood,0,130 DEG. INSERT DRILLS - PURPLE COATING (CHANGE SFM TO 75 FOR GOLD).csv
LTH-07,Okuma Multus B250II,,5000,22,Default Preset,drill,304/316 SS (M),M,Drill,drilling,roughing,conventional,0.787,2,220,1067,0,0.0038,8.19,0,0.787,flood,0,130 DEG. INSERT DRILLS - PURPLE COATING (CHANGE SFM TO 75 FOR GOLD).csv
LTH-07,Okuma Multus B250II,,5000,22,Default Preset,drill,304/316 SS (M),M,Peck,drilling,roughing,plunge,0.787,2,154,747,0,0.0019,2.87,0,0.787,flood,0,130 DEG. INSERT DRILLS - PURPLE COATING (CHANGE SFM TO 75 FOR GOLD).csv
LTH-07,Okuma Multus B250II,,5000,22,Default Preset,drill,17-4 PH (M),M,Drill,drilling,roughing,conventional,0.787,2,165,800,0,0.0038,6.14,0,0.787,flood,0,130 DEG. INSERT DRILLS - PURPLE COATING (CHANGE SFM TO 75 FOR GOLD).csv
LTH-07,Okuma Multus B250II,,5000,22,Default Preset,drill,17-4 PH (M),M,Peck,drilling,roughing,plunge,0.787,2,115,560,0,0.0019,2.15,0,0.787,flood,0,130 DEG. INSERT DRILLS - PURPLE COATING (CHANGE SFM TO 75 FOR GOLD).csv
LTH-07,Okuma Multus B250II,,5000,22,Default Preset,drill,2205 Duplex (M),M,Drill,drilling,roughing,conventional,0.787,2,137,667,0,0.0038,5.12,0,0.787,flood,0,130 DEG. INSERT DRILLS - PURPLE COATING (CHANGE SFM TO 75 FOR GOLD).csv
LTH-07,Okuma Multus B250II,,5000,22,Default Preset,drill,2205 Duplex (M),M,Peck,drilling,roughing,plunge,0.787,2,96,467,0,0.0019,1.79,0,0.787,flood,0,130 DEG. INSERT DRILLS - PURPLE COATING (CHANGE SFM TO 75 FOR GOLD).csv
LTH-07,Okuma Multus B250II,,5000,22,Default Preset,drill,304/316 SS (M),M,Drill,drilling,roughing,conventional,0.812,2,220,1034,0,0.0039,8.06,0,0.8118,flood,0,130 DEG. INSERT DRILLS - PURPLE COATING (CHANGE SFM TO 75 FOR GOLD).csv
LTH-07,Okuma Multus B250II,,5000,22,Default Preset,drill,304/316 SS (M),M,Peck,drilling,roughing,plunge,0.812,2,154,724,0,0.0019,2.82,0,0.8118,flood,0,130 DEG. INSERT DRILLS - PURPLE COATING (CHANGE SFM TO 75 FOR GOLD).csv
LTH-07,Okuma Multus B250II,,5000,22,Default Preset,drill,17-4 PH (M),M,Drill,drilling,roughing,conventional,0.812,2,165,776,0,0.0039,6.05,0,0.8118,flood,0,130 DEG. INSERT DRILLS - PURPLE COATING (CHANGE SFM TO 75 FOR GOLD).csv
LTH-07,Okuma Multus B250II,,5000,22,Default Preset,drill,17-4 PH (M),M,Peck,drilling,roughing,plunge,0.812,2,115,543,0,0.0019,2.12,0,0.8118,flood,0,130 DEG. INSERT DRILLS - PURPLE COATING (CHANGE SFM TO 75 FOR GOLD).csv
LTH-07,Okuma Multus B250II,,5000,22,Default Preset,drill,2205 Duplex (M),M,Drill,drilling,roughing,conventional,0.812,2,137,646,0,0.0039,5.04,0,0.8118,flood,0,130 DEG. INSERT DRILLS - PURPLE COATING (CHANGE SFM TO 75 FOR GOLD).csv
LTH-07,Okuma Multus B250II,,5000,22,Default Preset,drill,2205 Duplex (M),M,Peck,drilling,roughing,plunge,0.812,2,96,452,0,0.0019,1.76,0,0.8118,flood,0,130 DEG. INSERT DRILLS - PURPLE COATING (CHANGE SFM TO 75 FOR GOLD).csv
LTH-07,Okuma Multus B250II,,5000,22,Default Preset,drill,304/316 SS (M),M,Drill,drilling,roughing,conventional,0.821,2,220,1023,0,0.0039,8.01,0,0.8209,flood,0,130 DEG. INSERT DRILLS - PURPLE COATING (CHANGE SFM TO 75 FOR GOLD).csv
LTH-07,Okuma Multus B250II,,5000,22,Default Preset,drill,304/316 SS (M),M,Peck,drilling,roughing,plunge,0.821,2,154,716,0,0.002,2.8,0,0.8209,flood,0,130 DEG. INSERT DRILLS - PURPLE COATING (CHANGE SFM TO 75 FOR GOLD).csv
LTH-07,Okuma Multus B250II,,5000,22,Default Preset,drill,17-4 PH (M),M,Drill,drilling,roughing,conventional,0.821,2,165,767,0,0.0039,6.01,0,0.8209,flood,0,130 DEG. INSERT DRILLS - PURPLE COATING (CHANGE SFM TO 75 FOR GOLD).csv
LTH-07,Okuma Multus B250II,,5000,22,Default Preset,drill,17-4 PH (M),M,Peck,drilling,roughing,plunge,0.821,2,115,537,0,0.002,2.1,0,0.8209,flood,0,130 DEG. INSERT DRILLS - PURPLE COATING (CHANGE SFM TO 75 FOR GOLD).csv
LTH-07,Okuma Multus B250II,,5000,22,Default Preset,drill,2205 Duplex (M),M,Drill,drilling,roughing,conventional,0.821,2,137,639,0,0.0039,5.01,0,0.8209,flood,0,130 DEG. INSERT DRILLS - PURPLE COATING (CHANGE SFM TO 75 FOR GOLD).csv
LTH-07,Okuma Multus B250II,,5000,22,Default Preset,drill,2205 Duplex (M),M,Peck,drilling,roughing,plunge,0.821,2,96,447,0,0.002,1.75,0,0.8209,flood,0,130 DEG. INSERT DRILLS - PURPLE COATING (CHANGE SFM TO 75 FOR GOLD).csv
LTH-07,Okuma Multus B250II,,5000,22,Default Preset,drill,304/316 SS (M),M,Drill,drilling,roughing,conventional,0.838,2,220,1002,0,0.004,7.93,0,0.8382,flood,0,130 DEG. INSERT DRILLS - PURPLE COATING (CHANGE SFM TO 75 FOR GOLD).csv
LTH-07,Okuma Multus B250II,,5000,22,Default Preset,drill,304/316 SS (M),M,Peck,drilling,roughing,plunge,0.838,2,154,701,0,0.002,2.77,0,0.8382,flood,0,130 DEG. INSERT DRILLS - PURPLE COATING (CHANGE SFM TO 75 FOR GOLD).csv
LTH-07,Okuma Multus B250II,,5000,22,Default Preset,drill,17-4 PH (M),M,Drill,drilling,roughing,conventional,0.838,2,165,751,0,0.004,5.94,0,0.8382,flood,0,130 DEG. INSERT DRILLS - PURPLE COATING (CHANGE SFM TO 75 FOR GOLD).csv
LTH-07,Okuma Multus B250II,,5000,22,Default Preset,drill,17-4 PH (M),M,Peck,drilling,roughing,plunge,0.838,2,115,526,0,0.002,2.08,0,0.8382,flood,0,130 DEG. INSERT DRILLS - PURPLE COATING (CHANGE SFM TO 75 FOR GOLD).csv
LTH-07,Okuma Multus B250II,,5000,22,Default Preset,drill,2205 Duplex (M),M,Drill,drilling,roughing,conventional,0.838,2,137,626,0,0.004,4.95,0,0.8382,flood,0,130 DEG. INSERT DRILLS - PURPLE COATING (CHANGE SFM TO 75 FOR GOLD).csv
LTH-07,Okuma Multus B250II,,5000,22,Default Preset,drill,2205 Duplex (M),M,Peck,drilling,roughing,plunge,0.838,2,96,438,0,0.002,1.73,0,0.8382,flood,0,130 DEG. INSERT DRILLS - PURPLE COATING (CHANGE SFM TO 75 FOR GOLD).csv
LTH-07,Okuma Multus B250II,,5000,22,Default Preset,drill,304/316 SS (M),M,Drill,drilling,roughing,conventional,0.843,2,220,996,0,0.004,7.88,0,0.8429,flood,0,130 DEG. INSERT DRILLS - PURPLE COATING (CHANGE SFM TO 75 FOR GOLD).csv
LTH-07,Okuma Multus B250II,,5000,22,Default Preset,drill,304/316 SS (M),M,Peck,drilling,roughing,plunge,0.843,2,154,697,0,0.002,2.76,0,0.8429,flood,0,130 DEG. INSERT DRILLS - PURPLE COATING (CHANGE SFM TO 75 FOR GOLD).csv
LTH-07,Okuma Multus B250II,,5000,22,Default Preset,drill,17-4 PH (M),M,Drill,drilling,roughing,conventional,0.843,2,165,747,0,0.004,5.91,0,0.8429,flood,0,130 DEG. INSERT DRILLS - PURPLE COATING (CHANGE SFM TO 75 FOR GOLD).csv
LTH-07,Okuma Multus B250II,,5000,22,Default Preset,drill,17-4 PH (M),M,Peck,drilling,roughing,plunge,0.843,2,115,523,0,0.002,2.07,0,0.8429,flood,0,130 DEG. INSERT DRILLS - PURPLE COATING (CHANGE SFM TO 75 FOR GOLD).csv
LTH-07,Okuma Multus B250II,,5000,22,Default Preset,drill,2205 Duplex (M),M,Drill,drilling,roughing,conventional,0.843,2,137,623,0,0.004,4.93,0,0.8429,flood,0,130 DEG. INSERT DRILLS - PURPLE COATING (CHANGE SFM TO 75 FOR GOLD).csv
LTH-07,Okuma Multus B250II,,5000,22,Default Preset,drill,2205 Duplex (M),M,Peck,drilling,roughing,plunge,0.843,2,96,436,0,0.002,1.73,0,0.8429,flood,0,130 DEG. INSERT DRILLS - PURPLE COATING (CHANGE SFM TO 75 FOR GOLD).csv
LTH-07,Okuma Multus B250II,,5000,22,Default Preset,drill,304/316 SS (M),M,Drill,drilling,roughing,conventional,0.859,2,220,977,0,0.004,7.81,0,0.8591,flood,0,130 DEG. INSERT DRILLS - PURPLE COATING (CHANGE SFM TO 75 FOR GOLD).csv
LTH-07,Okuma Multus B250II,,5000,22,Default Preset,drill,304/316 SS (M),M,Peck,drilling,roughing,plunge,0.859,2,154,684,0,0.002,2.73,0,0.8591,flood,0,130 DEG. INSERT DRILLS - PURPLE COATING (CHANGE SFM TO 75 FOR GOLD).csv
LTH-07,Okuma Multus B250II,,5000,22,Default Preset,drill,17-4 PH (M),M,Drill,drilling,roughing,conventional,0.859,2,165,733,0,0.004,5.86,0,0.8591,flood,0,130 DEG. INSERT DRILLS - PURPLE COATING (CHANGE SFM TO 75 FOR GOLD).csv
LTH-07,Okuma Multus B250II,,5000,22,Default Preset,drill,17-4 PH (M),M,Peck,drilling,roughing,plunge,0.859,2,115,513,0,0.002,2.05,0,0.8591,flood,0,130 DEG. INSERT DRILLS - PURPLE COATING (CHANGE SFM TO 75 FOR GOLD).csv
LTH-07,Okuma Multus B250II,,5000,22,Default Preset,drill,2205 Duplex (M),M,Drill,drilling,roughing,conventional,0.859,2,137,611,0,0.004,4.88,0,0.8591,flood,0,130 DEG. INSERT DRILLS - PURPLE COATING (CHANGE SFM TO 75 FOR GOLD).csv
LTH-07,Okuma Multus B250II,,5000,22,Default Preset,drill,2205 Duplex (M),M,Peck,drilling,roughing,plunge,0.859,2,96,428,0,0.002,1.71,0,0.8591,flood,0,130 DEG. INSERT DRILLS - PURPLE COATING (CHANGE SFM TO 75 FOR GOLD).csv
LTH-07,Okuma Multus B250II,,5000,22,Default Preset,drill,304/316 SS (M),M,Drill,drilling,roughing,conventional,0.875,2,220,960,0,0.004,7.75,0,0.8752,flood,0,130 DEG. INSERT DRILLS - PURPLE COATING (CHANGE SFM TO 75 FOR GOLD).csv
LTH-07,Okuma Multus B250II,,5000,22,Default Preset,drill,304/316 SS (M),M,Peck,drilling,roughing,plunge,0.875,2,154,672,0,0.002,2.71,0,0.8752,flood,0,130 DEG. INSERT DRILLS - PURPLE COATING (CHANGE SFM TO 75 FOR GOLD).csv
LTH-07,Okuma Multus B250II,,5000,22,Default Preset,drill,17-4 PH (M),M,Drill,drilling,roughing,conventional,0.875,2,165,720,0,0.004,5.81,0,0.8752,flood,0,130 DEG. INSERT DRILLS - PURPLE COATING (CHANGE SFM TO 75 FOR GOLD).csv
LTH-07,Okuma Multus B250II,,5000,22,Default Preset,drill,17-4 PH (M),M,Peck,drilling,roughing,plunge,0.875,2,115,504,0,0.002,2.03,0,0.8752,flood,0,130 DEG. INSERT DRILLS - PURPLE COATING (CHANGE SFM TO 75 FOR GOLD).csv
LTH-07,Okuma Multus B250II,,5000,22,Default Preset,drill,2205 Duplex (M),M,Drill,drilling,roughing,conventional,0.875,2,137,600,0,0.004,4.84,0,0.8752,flood,0,130 DEG. INSERT DRILLS - PURPLE COATING (CHANGE SFM TO 75 FOR GOLD).csv
LTH-07,Okuma Multus B250II,,5000,22,Default Preset,drill,2205 Duplex (M),M,Peck,drilling,roughing,plunge,0.875,2,96,420,0,0.002,1.69,0,0.8752,flood,0,130 DEG. INSERT DRILLS - PURPLE COATING (CHANGE SFM TO 75 FOR GOLD).csv
LTH-07,Okuma Multus B250II,,5000,22,Default Preset,drill,304/316 SS (M),M,Drill,drilling,roughing,conventional,0.893,2,220,940,0,0.0041,7.66,0,0.8929,flood,0,130 DEG. INSERT DRILLS - PURPLE COATING (CHANGE SFM TO 75 FOR GOLD).csv
LTH-07,Okuma Multus B250II,,5000,22,Default Preset,drill,304/316 SS (M),M,Peck,drilling,roughing,plunge,0.893,2,154,658,0,0.002,2.68,0,0.8929,flood,0,130 DEG. INSERT DRILLS - PURPLE COATING (CHANGE SFM TO 75 FOR GOLD).csv
LTH-07,Okuma Multus B250II,,5000,22,Default Preset,drill,17-4 PH (M),M,Drill,drilling,roughing,conventional,0.893,2,165,705,0,0.0041,5.75,0,0.8929,flood,0,130 DEG. INSERT DRILLS - PURPLE COATING (CHANGE SFM TO 75 FOR GOLD).csv
LTH-07,Okuma Multus B250II,,5000,22,Default Preset,drill,17-4 PH (M),M,Peck,drilling,roughing,plunge,0.893,2,115,494,0,0.002,2.01,0,0.8929,flood,0,130 DEG. INSERT DRILLS - PURPLE COATING (CHANGE SFM TO 75 FOR GOLD).csv
LTH-07,Okuma Multus B250II,,5000,22,Default Preset,drill,2205 Duplex (M),M,Drill,drilling,roughing,conventional,0.893,2,137,588,0,0.0041,4.79,0,0.8929,flood,0,130 DEG. INSERT DRILLS - PURPLE COATING (CHANGE SFM TO 75 FOR GOLD).csv
LTH-07,Okuma Multus B250II,,5000,22,Default Preset,drill,2205 Duplex (M),M,Peck,drilling,roughing,plunge,0.893,2,96,411,0,0.002,1.67,0,0.8929,flood,0,130 DEG. INSERT DRILLS - PURPLE COATING (CHANGE SFM TO 75 FOR GOLD).csv
LTH-07,Okuma Multus B250II,,5000,22,Default Preset,drill,304/316 SS (M),M,Drill,drilling,roughing,conventional,0.906,2,220,927,0,0.0041,7.63,0,0.9059,flood,0,130 DEG. INSERT DRILLS - PURPLE COATING (CHANGE SFM TO 75 FOR GOLD).csv
LTH-07,Okuma Multus B250II,,5000,22,Default Preset,drill,304/316 SS (M),M,Peck,drilling,roughing,plunge,0.906,2,154,649,0,0.0021,2.67,0,0.9059,flood,0,130 DEG. INSERT DRILLS - PURPLE COATING (CHANGE SFM TO 75 FOR GOLD).csv
LTH-07,Okuma Multus B250II,,5000,22,Default Preset,drill,17-4 PH (M),M,Drill,drilling,roughing,conventional,0.906,2,165,695,0,0.0041,5.72,0,0.9059,flood,0,130 DEG. INSERT DRILLS - PURPLE COATING (CHANGE SFM TO 75 FOR GOLD).csv
LTH-07,Okuma Multus B250II,,5000,22,Default Preset,drill,17-4 PH (M),M,Peck,drilling,roughing,plunge,0.906,2,115,487,0,0.0021,2,0,0.9059,flood,0,130 DEG. INSERT DRILLS - PURPLE COATING (CHANGE SFM TO 75 FOR GOLD).csv
LTH-07,Okuma Multus B250II,,5000,22,Default Preset,drill,2205 Duplex (M),M,Drill,drilling,roughing,conventional,0.906,2,137,579,0,0.0041,4.76,0,0.9059,flood,0,130 DEG. INSERT DRILLS - PURPLE COATING (CHANGE SFM TO 75 FOR GOLD).csv
LTH-07,Okuma Multus B250II,,5000,22,Default Preset,drill,2205 Duplex (M),M,Peck,drilling,roughing,plunge,0.906,2,96,405,0,0.0021,1.67,0,0.9059,flood,0,130 DEG. INSERT DRILLS - PURPLE COATING (CHANGE SFM TO 75 FOR GOLD).csv
LTH-07,Okuma Multus B250II,,5000,22,Default Preset,drill,304/316 SS (M),M,Drill,drilling,roughing,conventional,0.925,2,220,908,0,0.0042,7.54,0,0.9252,flood,0,130 DEG. INSERT DRILLS - PURPLE COATING (CHANGE SFM TO 75 FOR GOLD).csv
LTH-07,Okuma Multus B250II,,5000,22,Default Preset,drill,304/316 SS (M),M,Peck,drilling,roughing,plunge,0.925,2,154,635,0,0.0021,2.64,0,0.9252,flood,0,130 DEG. INSERT DRILLS - PURPLE COATING (CHANGE SFM TO 75 FOR GOLD).csv
LTH-07,Okuma Multus B250II,,5000,22,Default Preset,drill,17-4 PH (M),M,Drill,drilling,roughing,conventional,0.925,2,165,681,0,0.0042,5.66,0,0.9252,flood,0,130 DEG. INSERT DRILLS - PURPLE COATING (CHANGE SFM TO 75 FOR GOLD).csv
LTH-07,Okuma Multus B250II,,5000,22,Default Preset,drill,17-4 PH (M),M,Peck,drilling,roughing,plunge,0.925,2,115,477,0,0.0021,1.98,0,0.9252,flood,0,130 DEG. INSERT DRILLS - PURPLE COATING (CHANGE SFM TO 75 FOR GOLD).csv
LTH-07,Okuma Multus B250II,,5000,22,Default Preset,drill,2205 Duplex (M),M,Drill,drilling,roughing,conventional,0.925,2,137,567,0,0.0042,4.71,0,0.9252,flood,0,130 DEG. INSERT DRILLS - PURPLE COATING (CHANGE SFM TO 75 FOR GOLD).csv
LTH-07,Okuma Multus B250II,,5000,22,Default Preset,drill,2205 Duplex (M),M,Peck,drilling,roughing,plunge,0.925,2,96,397,0,0.0021,1.65,0,0.9252,flood,0,130 DEG. INSERT DRILLS - PURPLE COATING (CHANGE SFM TO 75 FOR GOLD).csv
LTH-07,Okuma Multus B250II,,5000,22,Default Preset,drill,304/316 SS (M),M,Drill,drilling,roughing,conventional,0.9375,2,220,896,0,0.0042,7.48,0,0.9374,flood,0,130 DEG. INSERT DRILLS - PURPLE COATING (CHANGE SFM TO 75 FOR GOLD).csv
LTH-07,Okuma Multus B250II,,5000,22,Default Preset,drill,304/316 SS (M),M,Peck,drilling,roughing,plunge,0.9375,2,154,627,0,0.0021,2.62,0,0.9374,flood,0,130 DEG. INSERT DRILLS - PURPLE COATING (CHANGE SFM TO 75 FOR GOLD).csv
LTH-07,Okuma Multus B250II,,5000,22,Default Preset,drill,17-4 PH (M),M,Drill,drilling,roughing,conventional,0.9375,2,165,672,0,0.0042,5.61,0,0.9374,flood,0,130 DEG. INSERT DRILLS - PURPLE COATING (CHANGE SFM TO 75 FOR GOLD).csv
LTH-07,Okuma Multus B250II,,5000,22,Default Preset,drill,17-4 PH (M),M,Peck,drilling,roughing,plunge,0.9375,2,115,470,0,0.0021,1.96,0,0.9374,flood,0,130 DEG. INSERT DRILLS - PURPLE COATING (CHANGE SFM TO 75 FOR GOLD).csv
LTH-07,Okuma Multus B250II,,5000,22,Default Preset,drill,2205 Duplex (M),M,Drill,drilling,roughing,conventional,0.9375,2,137,560,0,0.0042,4.67,0,0.9374,flood,0,130 DEG. INSERT DRILLS - PURPLE COATING (CHANGE SFM TO 75 FOR GOLD).csv
LTH-07,Okuma Multus B250II,,5000,22,Default Preset,drill,2205 Duplex (M),M,Peck,drilling,roughing,plunge,0.9375,2,96,392,0,0.0021,1.64,0,0.9374,flood,0,130 DEG. INSERT DRILLS - PURPLE COATING (CHANGE SFM TO 75 FOR GOLD).csv
LTH-07,Okuma Multus B250II,,5000,22,Default Preset,drill,304/316 SS (M),M,Drill,drilling,roughing,conventional,0.9449,2,220,889,0,0.0042,7.46,0,0.9449,flood,0,130 DEG. INSERT DRILLS - PURPLE COATING (CHANGE SFM TO 75 FOR GOLD).csv
LTH-07,Okuma Multus B250II,,5000,22,Default Preset,drill,304/316 SS (M),M,Peck,drilling,roughing,plunge,0.9449,2,154,622,0,0.0021,2.61,0,0.9449,flood,0,130 DEG. INSERT DRILLS - PURPLE COATING (CHANGE SFM TO 75 FOR GOLD).csv
LTH-07,Okuma Multus B250II,,5000,22,Default Preset,drill,17-4 PH (M),M,Drill,drilling,roughing,conventional,0.9449,2,165,666,0,0.0042,5.58,0,0.9449,flood,0,130 DEG. INSERT DRILLS - PURPLE COATING (CHANGE SFM TO 75 FOR GOLD).csv
LTH-07,Okuma Multus B250II,,5000,22,Default Preset,drill,17-4 PH (M),M,Peck,drilling,roughing,plunge,0.9449,2,115,467,0,0.0021,1.96,0,0.9449,flood,0,130 DEG. INSERT DRILLS - PURPLE COATING (CHANGE SFM TO 75 FOR GOLD).csv
LTH-07,Okuma Multus B250II,,5000,22,Default Preset,drill,2205 Duplex (M),M,Drill,drilling,roughing,conventional,0.9449,2,137,555,0,0.0042,4.65,0,0.9449,flood,0,130 DEG. INSERT DRILLS - PURPLE COATING (CHANGE SFM TO 75 FOR GOLD).csv
LTH-07,Okuma Multus B250II,,5000,22,Default Preset,drill,2205 Duplex (M),M,Peck,drilling,roughing,plunge,0.9449,2,96,389,0,0.0021,1.63,0,0.9449,flood,0,130 DEG. INSERT DRILLS - PURPLE COATING (CHANGE SFM TO 75 FOR GOLD).csv
LTH-07,Okuma Multus B250II,,5000,22,Default Preset,drill,304/316 SS (M),M,Drill,drilling,roughing,conventional,0.968,2,220,867,0,0.0043,7.37,0,0.9681,flood,0,130 DEG. INSERT DRILLS - PURPLE COATING (CHANGE SFM TO 75 FOR GOLD).csv
LTH-07,Okuma Multus B250II,,5000,22,Default Preset,drill,304/316 SS (M),M,Peck,drilling,roughing,plunge,0.968,2,154,607,0,0.0021,2.58,0,0.9681,flood,0,130 DEG. INSERT DRILLS - PURPLE COATING (CHANGE SFM TO 75 FOR GOLD).csv
LTH-07,Okuma Multus B250II,,5000,22,Default Preset,drill,17-4 PH (M),M,Drill,drilling,roughing,conventional,0.968,2,165,651,0,0.0043,5.54,0,0.9681,flood,0,130 DEG. INSERT DRILLS - PURPLE COATING (CHANGE SFM TO 75 FOR GOLD).csv
LTH-07,Okuma Multus B250II,,5000,22,Default Preset,drill,17-4 PH (M),M,Peck,drilling,roughing,plunge,0.968,2,115,455,0,0.0021,1.93,0,0.9681,flood,0,130 DEG. INSERT DRILLS - PURPLE COATING (CHANGE SFM TO 75 FOR GOLD).csv
LTH-07,Okuma Multus B250II,,5000,22,Default Preset,drill,2205 Duplex (M),M,Drill,drilling,roughing,conventional,0.968,2,137,542,0,0.0043,4.61,0,0.9681,flood,0,130 DEG. INSERT DRILLS - PURPLE COATING (CHANGE SFM TO 75 FOR GOLD).csv
LTH-07,Okuma Multus B250II,,5000,22,Default Preset,drill,2205 Duplex (M),M,Peck,drilling,roughing,plunge,0.968,2,96,379,0,0.0021,1.61,0,0.9681,flood,0,130 DEG. INSERT DRILLS - PURPLE COATING (CHANGE SFM TO 75 FOR GOLD).csv
LTH-07,Okuma Multus B250II,,5000,22,Default Preset,drill,304/316 SS (M),M,Drill,drilling,roughing,conventional,0.981,2,220,856,0,0.0043,7.31,0,0.9811,flood,0,130 DEG. INSERT DRILLS - PURPLE COATING (CHANGE SFM TO 75 FOR GOLD).csv
LTH-07,Okuma Multus B250II,,5000,22,Default Preset,drill,304/316 SS (M),M,Peck,drilling,roughing,plunge,0.981,2,154,599,0,0.0021,2.56,0,0.9811,flood,0,130 DEG. INSERT DRILLS - PURPLE COATING (CHANGE SFM TO 75 FOR GOLD).csv
LTH-07,Okuma Multus B250II,,5000,22,Default Preset,drill,17-4 PH (M),M,Drill,drilling,roughing,conventional,0.981,2,165,642,0,0.0043,5.48,0,0.9811,flood,0,130 DEG. INSERT DRILLS - PURPLE COATING (CHANGE SFM TO 75 FOR GOLD).csv
LTH-07,Okuma Multus B250II,,5000,22,Default Preset,drill,17-4 PH (M),M,Peck,drilling,roughing,plunge,0.981,2,115,449,0,0.0021,1.92,0,0.9811,flood,0,130 DEG. INSERT DRILLS - PURPLE COATING (CHANGE SFM TO 75 FOR GOLD).csv
LTH-07,Okuma Multus B250II,,5000,22,Default Preset,drill,2205 Duplex (M),M,Drill,drilling,roughing,conventional,0.981,2,137,535,0,0.0043,4.57,0,0.9811,flood,0,130 DEG. INSERT DRILLS - PURPLE COATING (CHANGE SFM TO 75 FOR GOLD).csv
LTH-07,Okuma Multus B250II,,5000,22,Default Preset,drill,2205 Duplex (M),M,Peck,drilling,roughing,plunge,0.981,2,96,374,0,0.0021,1.6,0,0.9811,flood,0,130 DEG. INSERT DRILLS - PURPLE COATING (CHANGE SFM TO 75 FOR GOLD).csv
LTH-07,Okuma Multus B250II,,5000,22,Default Preset,drill,304/316 SS (M),M,Drill,drilling,roughing,conventional,0.984,2,220,853,0,0.0043,7.29,0,0.9839,flood,0,130 DEG. INSERT DRILLS - PURPLE COATING (CHANGE SFM TO 75 FOR GOLD).csv
LTH-07,Okuma Multus B250II,,5000,22,Default Preset,drill,304/316 SS (M),M,Peck,drilling,roughing,plunge,0.984,2,154,597,0,0.0021,2.55,0,0.9839,flood,0,130 DEG. INSERT DRILLS - PURPLE COATING (CHANGE SFM TO 75 FOR GOLD).csv
LTH-07,Okuma Multus B250II,,5000,22,Default Preset,drill,17-4 PH (M),M,Drill,drilling,roughing,conventional,0.984,2,165,640,0,0.0043,5.47,0,0.9839,flood,0,130 DEG. INSERT DRILLS - PURPLE COATING (CHANGE SFM TO 75 FOR GOLD).csv
LTH-07,Okuma Multus B250II,,5000,22,Default Preset,drill,17-4 PH (M),M,Peck,drilling,roughing,plunge,0.984,2,115,448,0,0.0021,1.91,0,0.9839,flood,0,130 DEG. INSERT DRILLS - PURPLE COATING (CHANGE SFM TO 75 FOR GOLD).csv
LTH-07,Okuma Multus B250II,,5000,22,Default Preset,drill,2205 Duplex (M),M,Drill,drilling,roughing,conventional,0.984,2,137,533,0,0.0043,4.55,0,0.9839,flood,0,130 DEG. INSERT DRILLS - PURPLE COATING (CHANGE SFM TO 75 FOR GOLD).csv
LTH-07,Okuma Multus B250II,,5000,22,Default Preset,drill,2205 Duplex (M),M,Peck,drilling,roughing,plunge,0.984,2,96,373,0,0.0021,1.59,0,0.9839,flood,0,130 DEG. INSERT DRILLS - PURPLE COATING (CHANGE SFM TO 75 FOR GOLD).csv
LTH-07,Okuma Multus B250II,,5000,22,Default Preset,drill,304/316 SS (M),M,Drill,drilling,roughing,conventional,1,2,220,840,0,0.0043,7.24,0,1,flood,0,130 DEG. INSERT DRILLS - PURPLE COATING (CHANGE SFM TO 75 FOR GOLD).csv
LTH-07,Okuma Multus B250II,,5000,22,Default Preset,drill,304/316 SS (M),M,Peck,drilling,roughing,plunge,1,2,154,588,0,0.0022,2.53,0,1,flood,0,130 DEG. INSERT DRILLS - PURPLE COATING (CHANGE SFM TO 75 FOR GOLD).csv
LTH-07,Okuma Multus B250II,,5000,22,Default Preset,drill,17-4 PH (M),M,Drill,drilling,roughing,conventional,1,2,165,630,0,0.0043,5.43,0,1,flood,0,130 DEG. INSERT DRILLS - PURPLE COATING (CHANGE SFM TO 75 FOR GOLD).csv
LTH-07,Okuma Multus B250II,,5000,22,Default Preset,drill,17-4 PH (M),M,Peck,drilling,roughing,plunge,1,2,115,441,0,0.0022,1.9,0,1,flood,0,130 DEG. INSERT DRILLS - PURPLE COATING (CHANGE SFM TO 75 FOR GOLD).csv
LTH-07,Okuma Multus B250II,,5000,22,Default Preset,drill,2205 Duplex (M),M,Drill,drilling,roughing,conventional,1,2,137,525,0,0.0043,4.53,0,1,flood,0,130 DEG. INSERT DRILLS - PURPLE COATING (CHANGE SFM TO 75 FOR GOLD).csv
LTH-07,Okuma Multus B250II,,5000,22,Default Preset,drill,2205 Duplex (M),M,Peck,drilling,roughing,plunge,1,2,96,367,0,0.0022,1.58,0,1,flood,0,130 DEG. INSERT DRILLS - PURPLE COATING (CHANGE SFM TO 75 FOR GOLD).csv
LTH-07,Okuma Multus B250II,,5000,22,Default Preset,drill,304/316 SS (M),M,Drill,drilling,roughing,conventional,1.063,2,220,790,0,0.0044,6.97,0,1.063,flood,0,130 DEG. INSERT DRILLS - PURPLE COATING (CHANGE SFM TO 75 FOR GOLD).csv
LTH-07,Okuma Multus B250II,,5000,22,Default Preset,drill,304/316 SS (M),M,Peck,drilling,roughing,plunge,1.063,2,154,553,0,0.0022,2.44,0,1.063,flood,0,130 DEG. INSERT DRILLS - PURPLE COATING (CHANGE SFM TO 75 FOR GOLD).csv
LTH-07,Okuma Multus B250II,,5000,22,Default Preset,drill,17-4 PH (M),M,Drill,drilling,roughing,conventional,1.063,2,165,592,0,0.0044,5.22,0,1.063,flood,0,130 DEG. INSERT DRILLS - PURPLE COATING (CHANGE SFM TO 75 FOR GOLD).csv
LTH-07,Okuma Multus B250II,,5000,22,Default Preset,drill,17-4 PH (M),M,Peck,drilling,roughing,plunge,1.063,2,115,415,0,0.0022,1.83,0,1.063,flood,0,130 DEG. INSERT DRILLS - PURPLE COATING (CHANGE SFM TO 75 FOR GOLD).csv
LTH-07,Okuma Multus B250II,,5000,22,Default Preset,drill,2205 Duplex (M),M,Drill,drilling,roughing,conventional,1.063,2,137,494,0,0.0044,4.36,0,1.063,flood,0,130 DEG. INSERT DRILLS - PURPLE COATING (CHANGE SFM TO 75 FOR GOLD).csv
LTH-07,Okuma Multus B250II,,5000,22,Default Preset,drill,2205 Duplex (M),M,Peck,drilling,roughing,plunge,1.063,2,96,346,0,0.0022,1.53,0,1.063,flood,0,130 DEG. INSERT DRILLS - PURPLE COATING (CHANGE SFM TO 75 FOR GOLD).csv
LTH-07,Okuma Multus B250II,,5000,22,Default Preset,drill,304/316 SS (M),M,Drill,drilling,roughing,conventional,1.093,2,220,768,0,0.0044,6.83,0,1.0929,flood,0,130 DEG. INSERT DRILLS - PURPLE COATING (CHANGE SFM TO 75 FOR GOLD).csv
LTH-07,Okuma Multus B250II,,5000,22,Default Preset,drill,304/316 SS (M),M,Peck,drilling,roughing,plunge,1.093,2,154,538,0,0.0022,2.39,0,1.0929,flood,0,130 DEG. INSERT DRILLS - PURPLE COATING (CHANGE SFM TO 75 FOR GOLD).csv
LTH-07,Okuma Multus B250II,,5000,22,Default Preset,drill,17-4 PH (M),M,Drill,drilling,roughing,conventional,1.093,2,165,576,0,0.0044,5.13,0,1.0929,flood,0,130 DEG. INSERT DRILLS - PURPLE COATING (CHANGE SFM TO 75 FOR GOLD).csv
LTH-07,Okuma Multus B250II,,5000,22,Default Preset,drill,17-4 PH (M),M,Peck,drilling,roughing,plunge,1.093,2,115,403,0,0.0022,1.79,0,1.0929,flood,0,130 DEG. INSERT DRILLS - PURPLE COATING (CHANGE SFM TO 75 FOR GOLD).csv
LTH-07,Okuma Multus B250II,,5000,22,Default Preset,drill,2205 Duplex (M),M,Drill,drilling,roughing,conventional,1.093,2,137,480,0,0.0044,4.27,0,1.0929,flood,0,130 DEG. INSERT DRILLS - PURPLE COATING (CHANGE SFM TO 75 FOR GOLD).csv
LTH-07,Okuma Multus B250II,,5000,22,Default Preset,drill,2205 Duplex (M),M,Peck,drilling,roughing,plunge,1.093,2,96,336,0,0.0022,1.49,0,1.0929,flood,0,130 DEG. INSERT DRILLS - PURPLE COATING (CHANGE SFM TO 75 FOR GOLD).csv
LTH-07,Okuma Multus B250II,,5000,22,Default Preset,drill,304/316 SS (M),M,Drill,drilling,roughing,conventional,1.156,2,220,726,0,0.0046,6.63,0,1.1559,flood,0,130 DEG. INSERT DRILLS - PURPLE COATING (CHANGE SFM TO 75 FOR GOLD).csv
LTH-07,Okuma Multus B250II,,5000,22,Default Preset,drill,304/316 SS (M),M,Peck,drilling,roughing,plunge,1.156,2,154,508,0,0.0023,2.32,0,1.1559,flood,0,130 DEG. INSERT DRILLS - PURPLE COATING (CHANGE SFM TO 75 FOR GOLD).csv
LTH-07,Okuma Multus B250II,,5000,22,Default Preset,drill,17-4 PH (M),M,Drill,drilling,roughing,conventional,1.156,2,165,545,0,0.0046,4.98,0,1.1559,flood,0,130 DEG. INSERT DRILLS - PURPLE COATING (CHANGE SFM TO 75 FOR GOLD).csv
LTH-07,Okuma Multus B250II,,5000,22,Default Preset,drill,17-4 PH (M),M,Peck,drilling,roughing,plunge,1.156,2,115,381,0,0.0023,1.74,0,1.1559,flood,0,130 DEG. INSERT DRILLS - PURPLE COATING (CHANGE SFM TO 75 FOR GOLD).csv
LTH-07,Okuma Multus B250II,,5000,22,Default Preset,drill,2205 Duplex (M),M,Drill,drilling,roughing,conventional,1.156,2,137,454,0,0.0046,4.15,0,1.1559,flood,0,130 DEG. INSERT DRILLS - PURPLE COATING (CHANGE SFM TO 75 FOR GOLD).csv
LTH-07,Okuma Multus B250II,,5000,22,Default Preset,drill,2205 Duplex (M),M,Peck,drilling,roughing,plunge,1.156,2,96,318,0,0.0023,1.45,0,1.1559,flood,0,130 DEG. INSERT DRILLS - PURPLE COATING (CHANGE SFM TO 75 FOR GOLD).csv
LTH-07,Okuma Multus B250II,,5000,22,Default Preset,drill,304/316 SS (M),M,Drill,drilling,roughing,conventional,1.218,2,220,689,0,0.0047,6.43,0,1.2181,flood,0,130 DEG. INSERT DRILLS - PURPLE COATING (CHANGE SFM TO 75 FOR GOLD).csv
LTH-07,Okuma Multus B250II,,5000,22,Default Preset,drill,304/316 SS (M),M,Peck,drilling,roughing,plunge,1.218,2,154,483,0,0.0023,2.25,0,1.2181,flood,0,130 DEG. INSERT DRILLS - PURPLE COATING (CHANGE SFM TO 75 FOR GOLD).csv
LTH-07,Okuma Multus B250II,,5000,22,Default Preset,drill,17-4 PH (M),M,Drill,drilling,roughing,conventional,1.218,2,165,517,0,0.0047,4.82,0,1.2181,flood,0,130 DEG. INSERT DRILLS - PURPLE COATING (CHANGE SFM TO 75 FOR GOLD).csv
LTH-07,Okuma Multus B250II,,5000,22,Default Preset,drill,17-4 PH (M),M,Peck,drilling,roughing,plunge,1.218,2,115,362,0,0.0023,1.69,0,1.2181,flood,0,130 DEG. INSERT DRILLS - PURPLE COATING (CHANGE SFM TO 75 FOR GOLD).csv
LTH-07,Okuma Multus B250II,,5000,22,Default Preset,drill,2205 Duplex (M),M,Drill,drilling,roughing,conventional,1.218,2,137,431,0,0.0047,4.02,0,1.2181,flood,0,130 DEG. INSERT DRILLS - PURPLE COATING (CHANGE SFM TO 75 FOR GOLD).csv
LTH-07,Okuma Multus B250II,,5000,22,Default Preset,drill,2205 Duplex (M),M,Peck,drilling,roughing,plunge,1.218,2,96,302,0,0.0023,1.41,0,1.2181,flood,0,130 DEG. INSERT DRILLS - PURPLE COATING (CHANGE SFM TO 75 FOR GOLD).csv
LTH-07,Okuma Multus B250II,,5000,22,Default Preset,drill,304/316 SS (M),M,Drill,drilling,roughing,conventional,1.281,2,220,655,0,0.0048,6.24,0,1.2811,flood,0,130 DEG. INSERT DRILLS - PURPLE COATING (CHANGE SFM TO 75 FOR GOLD).csv
LTH-07,Okuma Multus B250II,,5000,22,Default Preset,drill,304/316 SS (M),M,Peck,drilling,roughing,plunge,1.281,2,154,459,0,0.0024,2.19,0,1.2811,flood,0,130 DEG. INSERT DRILLS - PURPLE COATING (CHANGE SFM TO 75 FOR GOLD).csv
LTH-07,Okuma Multus B250II,,5000,22,Default Preset,drill,17-4 PH (M),M,Drill,drilling,roughing,conventional,1.281,2,165,492,0,0.0048,4.69,0,1.2811,flood,0,130 DEG. INSERT DRILLS - PURPLE COATING (CHANGE SFM TO 75 FOR GOLD).csv
LTH-07,Okuma Multus B250II,,5000,22,Default Preset,drill,17-4 PH (M),M,Peck,drilling,roughing,plunge,1.281,2,115,344,0,0.0024,1.64,0,1.2811,flood,0,130 DEG. INSERT DRILLS - PURPLE COATING (CHANGE SFM TO 75 FOR GOLD).csv
LTH-07,Okuma Multus B250II,,5000,22,Default Preset,drill,2205 Duplex (M),M,Drill,drilling,roughing,conventional,1.281,2,137,410,0,0.0048,3.91,0,1.2811,flood,0,130 DEG. INSERT DRILLS - PURPLE COATING (CHANGE SFM TO 75 FOR GOLD).csv
LTH-07,Okuma Multus B250II,,5000,22,Default Preset,drill,2205 Duplex (M),M,Peck,drilling,roughing,plunge,1.281,2,96,287,0,0.0024,1.37,0,1.2811,flood,0,130 DEG. INSERT DRILLS - PURPLE COATING (CHANGE SFM TO 75 FOR GOLD).csv
LTH-07,Okuma Multus B250II,,5000,22,Default Preset,drill,304/316 SS (M),M,Drill,drilling,roughing,conventional,1.3125,2,220,640,0,0.0048,6.15,0,1.3126,flood,0,130 DEG. INSERT DRILLS - PURPLE COATING (CHANGE SFM TO 75 FOR GOLD).csv
LTH-07,Okuma Multus B250II,,5000,22,Default Preset,drill,304/316 SS (M),M,Peck,drilling,roughing,plunge,1.3125,2,154,448,0,0.0024,2.15,0,1.3126,flood,0,130 DEG. INSERT DRILLS - PURPLE COATING (CHANGE SFM TO 75 FOR GOLD).csv
LTH-07,Okuma Multus B250II,,5000,22,Default Preset,drill,17-4 PH (M),M,Drill,drilling,roughing,conventional,1.3125,2,165,480,0,0.0048,4.61,0,1.3126,flood,0,130 DEG. INSERT DRILLS - PURPLE COATING (CHANGE SFM TO 75 FOR GOLD).csv
LTH-07,Okuma Multus B250II,,5000,22,Default Preset,drill,17-4 PH (M),M,Peck,drilling,roughing,plunge,1.3125,2,115,336,0,0.0024,1.61,0,1.3126,flood,0,130 DEG. INSERT DRILLS - PURPLE COATING (CHANGE SFM TO 75 FOR GOLD).csv
LTH-07,Okuma Multus B250II,,5000,22,Default Preset,drill,2205 Duplex (M),M,Drill,drilling,roughing,conventional,1.3125,2,137,400,0,0.0048,3.84,0,1.3126,flood,0,130 DEG. INSERT DRILLS - PURPLE COATING (CHANGE SFM TO 75 FOR GOLD).csv
LTH-07,Okuma Multus B250II,,5000,22,Default Preset,drill,2205 Duplex (M),M,Peck,drilling,roughing,plunge,1.3125,2,96,280,0,0.0024,1.34,0,1.3126,flood,0,130 DEG. INSERT DRILLS - PURPLE COATING (CHANGE SFM TO 75 FOR GOLD).csv
LTH-07,Okuma Multus B250II,,5000,22,Default Preset,drill,304/316 SS (M),M,Drill,drilling,roughing,conventional,1.35,2,220,622,0,0.0048,6.02,0,1.35,flood,0,130 DEG. INSERT DRILLS - PURPLE COATING (CHANGE SFM TO 75 FOR GOLD).csv
LTH-07,Okuma Multus B250II,,5000,22,Default Preset,drill,304/316 SS (M),M,Peck,drilling,roughing,plunge,1.35,2,154,435,0,0.0024,2.11,0,1.35,flood,0,130 DEG. INSERT DRILLS - PURPLE COATING (CHANGE SFM TO 75 FOR GOLD).csv
LTH-07,Okuma Multus B250II,,5000,22,Default Preset,drill,17-4 PH (M),M,Drill,drilling,roughing,conventional,1.35,2,165,466,0,0.0048,4.51,0,1.35,flood,0,130 DEG. INSERT DRILLS - PURPLE COATING (CHANGE SFM TO 75 FOR GOLD).csv
LTH-07,Okuma Multus B250II,,5000,22,Default Preset,drill,17-4 PH (M),M,Peck,drilling,roughing,plunge,1.35,2,115,327,0,0.0024,1.58,0,1.35,flood,0,130 DEG. INSERT DRILLS - PURPLE COATING (CHANGE SFM TO 75 FOR GOLD).csv
LTH-07,Okuma Multus B250II,,5000,22,Default Preset,drill,2205 Duplex (M),M,Drill,drilling,roughing,conventional,1.35,2,137,389,0,0.0048,3.77,0,1.35,flood,0,130 DEG. INSERT DRILLS - PURPLE COATING (CHANGE SFM TO 75 FOR GOLD).csv
LTH-07,Okuma Multus B250II,,5000,22,Default Preset,drill,2205 Duplex (M),M,Peck,drilling,roughing,plunge,1.35,2,96,272,0,0.0024,1.32,0,1.35,flood,0,130 DEG. INSERT DRILLS - PURPLE COATING (CHANGE SFM TO 75 FOR GOLD).csv
LTH-07,Okuma Multus B250II,,5000,22,Default Preset,drill,304/316 SS (M),M,Drill,drilling,roughing,conventional,1.406,2,220,597,0,0.0049,5.88,0,1.4059,flood,0,130 DEG. INSERT DRILLS - PURPLE COATING (CHANGE SFM TO 75 FOR GOLD).csv
LTH-07,Okuma Multus B250II,,5000,22,Default Preset,drill,304/316 SS (M),M,Peck,drilling,roughing,plunge,1.406,2,154,418,0,0.0025,2.06,0,1.4059,flood,0,130 DEG. INSERT DRILLS - PURPLE COATING (CHANGE SFM TO 75 FOR GOLD).csv
LTH-07,Okuma Multus B250II,,5000,22,Default Preset,drill,17-4 PH (M),M,Drill,drilling,roughing,conventional,1.406,2,165,448,0,0.0049,4.41,0,1.4059,flood,0,130 DEG. INSERT DRILLS - PURPLE COATING (CHANGE SFM TO 75 FOR GOLD).csv
LTH-07,Okuma Multus B250II,,5000,22,Default Preset,drill,17-4 PH (M),M,Peck,drilling,roughing,plunge,1.406,2,115,314,0,0.0025,1.55,0,1.4059,flood,0,130 DEG. INSERT DRILLS - PURPLE COATING (CHANGE SFM TO 75 FOR GOLD).csv
LTH-07,Okuma Multus B250II,,5000,22,Default Preset,drill,2205 Duplex (M),M,Drill,drilling,roughing,conventional,1.406,2,137,373,0,0.0049,3.67,0,1.4059,flood,0,130 DEG. INSERT DRILLS - PURPLE COATING (CHANGE SFM TO 75 FOR GOLD).csv
LTH-07,Okuma Multus B250II,,5000,22,Default Preset,drill,2205 Duplex (M),M,Peck,drilling,roughing,plunge,1.406,2,96,261,0,0.0025,1.28,0,1.4059,flood,0,130 DEG. INSERT DRILLS - PURPLE COATING (CHANGE SFM TO 75 FOR GOLD).csv
LTH-07,Okuma Multus B250II,,5000,22,Default Preset,drill,304/316 SS (M),M,Drill,drilling,roughing,conventional,0.5,2,220,1679,0,0.003,10.18,0,0.5,flood,0,130 DEG. INSERT DRILLS - PURPLE COATING (CHANGE SFM TO 75 FOR GOLD).csv
LTH-07,Okuma Multus B250II,,5000,22,Default Preset,drill,304/316 SS (M),M,Peck,drilling,roughing,plunge,0.5,2,154,1175,0,0.0015,3.56,0,0.5,flood,0,130 DEG. INSERT DRILLS - PURPLE COATING (CHANGE SFM TO 75 FOR GOLD).csv
LTH-07,Okuma Multus B250II,,5000,22,Default Preset,drill,17-4 PH (M),M,Drill,drilling,roughing,conventional,0.5,2,165,1259,0,0.003,7.63,0,0.5,flood,0,130 DEG. INSERT DRILLS - PURPLE COATING (CHANGE SFM TO 75 FOR GOLD).csv
LTH-07,Okuma Multus B250II,,5000,22,Default Preset,drill,17-4 PH (M),M,Peck,drilling,roughing,plunge,0.5,2,115,882,0,0.0015,2.67,0,0.5,flood,0,130 DEG. INSERT DRILLS - PURPLE COATING (CHANGE SFM TO 75 FOR GOLD).csv
LTH-07,Okuma Multus B250II,,5000,22,Default Preset,drill,2205 Duplex (M),M,Drill,drilling,roughing,conventional,0.5,2,137,1050,0,0.003,6.37,0,0.5,flood,0,130 DEG. INSERT DRILLS - PURPLE COATING (CHANGE SFM TO 75 FOR GOLD).csv
LTH-07,Okuma Multus B250II,,5000,22,Default Preset,drill,2205 Duplex (M),M,Peck,drilling,roughing,plunge,0.5,2,96,735,0,0.0015,2.23,0,0.5,flood,0,130 DEG. INSERT DRILLS - PURPLE COATING (CHANGE SFM TO 75 FOR GOLD).csv
LTH-07,Okuma Multus B250II,,5000,22,Default Preset,drill,304/316 SS (M),M,Drill,drilling,roughing,conventional,0.515,2,220,1630,0,0.0031,10.01,0,0.515,flood,0,130 DEG. INSERT DRILLS - PURPLE COATING (CHANGE SFM TO 75 FOR GOLD).csv
LTH-07,Okuma Multus B250II,,5000,22,Default Preset,drill,304/316 SS (M),M,Peck,drilling,roughing,plunge,0.515,2,154,1141,0,0.0015,3.5,0,0.515,flood,0,130 DEG. INSERT DRILLS - PURPLE COATING (CHANGE SFM TO 75 FOR GOLD).csv
LTH-07,Okuma Multus B250II,,5000,22,Default Preset,drill,17-4 PH (M),M,Drill,drilling,roughing,conventional,0.515,2,165,1223,0,0.0031,7.51,0,0.515,flood,0,130 DEG. INSERT DRILLS - PURPLE COATING (CHANGE SFM TO 75 FOR GOLD).csv
LTH-07,Okuma Multus B250II,,5000,22,Default Preset,drill,17-4 PH (M),M,Peck,drilling,roughing,plunge,0.515,2,115,856,0,0.0015,2.63,0,0.515,flood,0,130 DEG. INSERT DRILLS - PURPLE COATING (CHANGE SFM TO 75 FOR GOLD).csv
LTH-07,Okuma Multus B250II,,5000,22,Default Preset,drill,2205 Duplex (M),M,Drill,drilling,roughing,conventional,0.515,2,137,1019,0,0.0031,6.26,0,0.515,flood,0,130 DEG. INSERT DRILLS - PURPLE COATING (CHANGE SFM TO 75 FOR GOLD).csv
LTH-07,Okuma Multus B250II,,5000,22,Default Preset,drill,2205 Duplex (M),M,Peck,drilling,roughing,plunge,0.515,2,96,713,0,0.0015,2.19,0,0.515,flood,0,130 DEG. INSERT DRILLS - PURPLE COATING (CHANGE SFM TO 75 FOR GOLD).csv
LTH-07,Okuma Multus B250II,,5000,22,Default Preset,drill,304/316 SS (M),M,Drill,drilling,roughing,conventional,0.868,2,220,967,0,0.004,7.77,0,0.8681,flood,0,130 DEG. INSERT DRILLS - PURPLE COATING (CHANGE SFM TO 75 FOR GOLD).csv
LTH-07,Okuma Multus B250II,,5000,22,Default Preset,drill,304/316 SS (M),M,Peck,drilling,roughing,plunge,0.868,2,154,677,0,0.002,2.72,0,0.8681,flood,0,130 DEG. INSERT DRILLS - PURPLE COATING (CHANGE SFM TO 75 FOR GOLD).csv
LTH-07,Okuma Multus B250II,,5000,22,Default Preset,drill,17-4 PH (M),M,Drill,drilling,roughing,conventional,0.868,2,165,725,0,0.004,5.82,0,0.8681,flood,0,130 DEG. INSERT DRILLS - PURPLE COATING (CHANGE SFM TO 75 FOR GOLD).csv
LTH-07,Okuma Multus B250II,,5000,22,Default Preset,drill,17-4 PH (M),M,Peck,drilling,roughing,plunge,0.868,2,115,508,0,0.002,2.04,0,0.8681,flood,0,130 DEG. INSERT DRILLS - PURPLE COATING (CHANGE SFM TO 75 FOR GOLD).csv
LTH-07,Okuma Multus B250II,,5000,22,Default Preset,drill,2205 Duplex (M),M,Drill,drilling,roughing,conventional,0.868,2,137,605,0,0.004,4.86,0,0.8681,flood,0,130 DEG. INSERT DRILLS - PURPLE COATING (CHANGE SFM TO 75 FOR GOLD).csv
LTH-07,Okuma Multus B250II,,5000,22,Default Preset,drill,2205 Duplex (M),M,Peck,drilling,roughing,plunge,0.868,2,96,423,0,0.002,1.7,0,0.8681,flood,0,130 DEG. INSERT DRILLS - PURPLE COATING (CHANGE SFM TO 75 FOR GOLD).csv
LTH-07,Okuma Multus B250II,,5000,22,Default Preset,drill,304/316 SS (M),M,Drill,drilling,roughing,conventional,1.015,2,220,827,0,0.0043,7.16,0,1.015,flood,0,130 DEG. INSERT DRILLS - PURPLE COATING (CHANGE SFM TO 75 FOR GOLD).csv
LTH-07,Okuma Multus B250II,,5000,22,Default Preset,drill,304/316 SS (M),M,Peck,drilling,roughing,plunge,1.015,2,154,579,0,0.0022,2.51,0,1.015,flood,0,130 DEG. INSERT DRILLS - PURPLE COATING (CHANGE SFM TO 75 FOR GOLD).csv
LTH-07,Okuma Multus B250II,,5000,22,Default Preset,drill,17-4 PH (M),M,Drill,drilling,roughing,conventional,1.015,2,165,620,0,0.0043,5.37,0,1.015,flood,0,130 DEG. INSERT DRILLS - PURPLE COATING (CHANGE SFM TO 75 FOR GOLD).csv
LTH-07,Okuma Multus B250II,,5000,22,Default Preset,drill,17-4 PH (M),M,Peck,drilling,roughing,plunge,1.015,2,115,434,0,0.0022,1.88,0,1.015,flood,0,130 DEG. INSERT DRILLS - PURPLE COATING (CHANGE SFM TO 75 FOR GOLD).csv
LTH-07,Okuma Multus B250II,,5000,22,Default Preset,drill,2205 Duplex (M),M,Drill,drilling,roughing,conventional,1.015,2,137,517,0,0.0043,4.48,0,1.015,flood,0,130 DEG. INSERT DRILLS - PURPLE COATING (CHANGE SFM TO 75 FOR GOLD).csv
LTH-07,Okuma Multus B250II,,5000,22,Default Preset,drill,2205 Duplex (M),M,Peck,drilling,roughing,plunge,1.015,2,96,362,0,0.0022,1.57,0,1.015,flood,0,130 DEG. INSERT DRILLS - PURPLE COATING (CHANGE SFM TO 75 FOR GOLD).csv
LTH-07,Okuma Multus B250II,,5000,22,Default Preset,drill,304/316 SS (M),M,Drill,drilling,roughing,conventional,1.031,2,220,814,0,0.0044,7.08,0,1.0311,flood,0,130 DEG. INSERT DRILLS - PURPLE COATING (CHANGE SFM TO 75 FOR GOLD).csv
LTH-07,Okuma Multus B250II,,5000,22,Default Preset,drill,304/316 SS (M),M,Peck,drilling,roughing,plunge,1.031,2,154,570,0,0.0022,2.48,0,1.0311,flood,0,130 DEG. INSERT DRILLS - PURPLE COATING (CHANGE SFM TO 75 FOR GOLD).csv
LTH-07,Okuma Multus B250II,,5000,22,Default Preset,drill,17-4 PH (M),M,Drill,drilling,roughing,conventional,1.031,2,165,611,0,0.0044,5.32,0,1.0311,flood,0,130 DEG. INSERT DRILLS - PURPLE COATING (CHANGE SFM TO 75 FOR GOLD).csv
LTH-07,Okuma Multus B250II,,5000,22,Default Preset,drill,17-4 PH (M),M,Peck,drilling,roughing,plunge,1.031,2,115,428,0,0.0022,1.86,0,1.0311,flood,0,130 DEG. INSERT DRILLS - PURPLE COATING (CHANGE SFM TO 75 FOR GOLD).csv
LTH-07,Okuma Multus B250II,,5000,22,Default Preset,drill,2205 Duplex (M),M,Drill,drilling,roughing,conventional,1.031,2,137,509,0,0.0044,4.43,0,1.0311,flood,0,130 DEG. INSERT DRILLS - PURPLE COATING (CHANGE SFM TO 75 FOR GOLD).csv
LTH-07,Okuma Multus B250II,,5000,22,Default Preset,drill,2205 Duplex (M),M,Peck,drilling,roughing,plunge,1.031,2,96,356,0,0.0022,1.55,0,1.0311,flood,0,130 DEG. INSERT DRILLS - PURPLE COATING (CHANGE SFM TO 75 FOR GOLD).csv
LTH-07,Okuma Multus B250II,,5000,22,Default Preset,drill,304/316 SS (M),M,Drill,drilling,roughing,conventional,1.125,2,220,746,0,0.0045,6.73,0,1.1252,flood,0,130 DEG. INSERT DRILLS - PURPLE COATING (CHANGE SFM TO 75 FOR GOLD).csv
LTH-07,Okuma Multus B250II,,5000,22,Default Preset,drill,304/316 SS (M),M,Peck,drilling,roughing,plunge,1.125,2,154,522,0,0.0023,2.35,0,1.1252,flood,0,130 DEG. INSERT DRILLS - PURPLE COATING (CHANGE SFM TO 75 FOR GOLD).csv
LTH-07,Okuma Multus B250II,,5000,22,Default Preset,drill,17-4 PH (M),M,Drill,drilling,roughing,conventional,1.125,2,165,560,0,0.0045,5.05,0,1.1252,flood,0,130 DEG. INSERT DRILLS - PURPLE COATING (CHANGE SFM TO 75 FOR GOLD).csv
LTH-07,Okuma Multus B250II,,5000,22,Default Preset,drill,17-4 PH (M),M,Peck,drilling,roughing,plunge,1.125,2,115,392,0,0.0023,1.77,0,1.1252,flood,0,130 DEG. INSERT DRILLS - PURPLE COATING (CHANGE SFM TO 75 FOR GOLD).csv
LTH-07,Okuma Multus B250II,,5000,22,Default Preset,drill,2205 Duplex (M),M,Drill,drilling,roughing,conventional,1.125,2,137,466,0,0.0045,4.2,0,1.1252,flood,0,130 DEG. INSERT DRILLS - PURPLE COATING (CHANGE SFM TO 75 FOR GOLD).csv
LTH-07,Okuma Multus B250II,,5000,22,Default Preset,drill,2205 Duplex (M),M,Peck,drilling,roughing,plunge,1.125,2,96,327,0,0.0023,1.47,0,1.1252,flood,0,130 DEG. INSERT DRILLS - PURPLE COATING (CHANGE SFM TO 75 FOR GOLD).csv
LTH-07,Okuma Multus B250II,,5000,22,Default Preset,drill,304/316 SS (M),M,Drill,drilling,roughing,conventional,1.1875,2,220,707,0,0.0046,6.51,0,1.1874,flood,0,130 DEG. INSERT DRILLS - PURPLE COATING (CHANGE SFM TO 75 FOR GOLD).csv
LTH-07,Okuma Multus B250II,,5000,22,Default Preset,drill,304/316 SS (M),M,Peck,drilling,roughing,plunge,1.1875,2,154,495,0,0.0023,2.28,0,1.1874,flood,0,130 DEG. INSERT DRILLS - PURPLE COATING (CHANGE SFM TO 75 FOR GOLD).csv
LTH-07,Okuma Multus B250II,,5000,22,Default Preset,drill,17-4 PH (M),M,Drill,drilling,roughing,conventional,1.1875,2,165,530,0,0.0046,4.88,0,1.1874,flood,0,130 DEG. INSERT DRILLS - PURPLE COATING (CHANGE SFM TO 75 FOR GOLD).csv
LTH-07,Okuma Multus B250II,,5000,22,Default Preset,drill,17-4 PH (M),M,Peck,drilling,roughing,plunge,1.1875,2,115,371,0,0.0023,1.71,0,1.1874,flood,0,130 DEG. INSERT DRILLS - PURPLE COATING (CHANGE SFM TO 75 FOR GOLD).csv
LTH-07,Okuma Multus B250II,,5000,22,Default Preset,drill,2205 Duplex (M),M,Drill,drilling,roughing,conventional,1.1875,2,137,442,0,0.0046,4.07,0,1.1874,flood,0,130 DEG. INSERT DRILLS - PURPLE COATING (CHANGE SFM TO 75 FOR GOLD).csv
LTH-07,Okuma Multus B250II,,5000,22,Default Preset,drill,2205 Duplex (M),M,Peck,drilling,roughing,plunge,1.1875,2,96,309,0,0.0023,1.42,0,1.1874,flood,0,130 DEG. INSERT DRILLS - PURPLE COATING (CHANGE SFM TO 75 FOR GOLD).csv
LTH-07,Okuma Multus B250II,,5000,22,Default Preset,drill,304/316 SS (M),M,Drill,drilling,roughing,conventional,1.234,2,220,680,0,0.0047,6.37,0,1.2339,flood,0,130 DEG. INSERT DRILLS - PURPLE COATING (CHANGE SFM TO 75 FOR GOLD).csv
LTH-07,Okuma Multus B250II,,5000,22,Default Preset,drill,304/316 SS (M),M,Peck,drilling,roughing,plunge,1.234,2,154,476,0,0.0023,2.23,0,1.2339,flood,0,130 DEG. INSERT DRILLS - PURPLE COATING (CHANGE SFM TO 75 FOR GOLD).csv
LTH-07,Okuma Multus B250II,,5000,22,Default Preset,drill,17-4 PH (M),M,Drill,drilling,roughing,conventional,1.234,2,165,510,0,0.0047,4.78,0,1.2339,flood,0,130 DEG. INSERT DRILLS - PURPLE COATING (CHANGE SFM TO 75 FOR GOLD).csv
LTH-07,Okuma Multus B250II,,5000,22,Default Preset,drill,17-4 PH (M),M,Peck,drilling,roughing,plunge,1.234,2,115,357,0,0.0023,1.67,0,1.2339,flood,0,130 DEG. INSERT DRILLS - PURPLE COATING (CHANGE SFM TO 75 FOR GOLD).csv
LTH-07,Okuma Multus B250II,,5000,22,Default Preset,drill,2205 Duplex (M),M,Drill,drilling,roughing,conventional,1.234,2,137,425,0,0.0047,3.98,0,1.2339,flood,0,130 DEG. INSERT DRILLS - PURPLE COATING (CHANGE SFM TO 75 FOR GOLD).csv
LTH-07,Okuma Multus B250II,,5000,22,Default Preset,drill,2205 Duplex (M),M,Peck,drilling,roughing,plunge,1.234,2,96,298,0,0.0023,1.4,0,1.2339,flood,0,130 DEG. INSERT DRILLS - PURPLE COATING (CHANGE SFM TO 75 FOR GOLD).csv
LTH-07,Okuma Multus B250II,,5000,22,Default Preset,drill,304/316 SS (M),M,Drill,drilling,roughing,conventional,1.375,2,220,611,0,0.0049,5.97,0,1.3748,flood,0,130 DEG. INSERT DRILLS - PURPLE COATING (CHANGE SFM TO 75 FOR GOLD).csv
LTH-07,Okuma Multus B250II,,5000,22,Default Preset,drill,304/316 SS (M),M,Peck,drilling,roughing,plunge,1.375,2,154,427,0,0.0024,2.08,0,1.3748,flood,0,130 DEG. INSERT DRILLS - PURPLE COATING (CHANGE SFM TO 75 FOR GOLD).csv
LTH-07,Okuma Multus B250II,,5000,22,Default Preset,drill,17-4 PH (M),M,Drill,drilling,roughing,conventional,1.375,2,165,458,0,0.0049,4.47,0,1.3748,flood,0,130 DEG. INSERT DRILLS - PURPLE COATING (CHANGE SFM TO 75 FOR GOLD).csv
LTH-07,Okuma Multus B250II,,5000,22,Default Preset,drill,17-4 PH (M),M,Peck,drilling,roughing,plunge,1.375,2,115,321,0,0.0024,1.57,0,1.3748,flood,0,130 DEG. INSERT DRILLS - PURPLE COATING (CHANGE SFM TO 75 FOR GOLD).csv
LTH-07,Okuma Multus B250II,,5000,22,Default Preset,drill,2205 Duplex (M),M,Drill,drilling,roughing,conventional,1.375,2,137,382,0,0.0049,3.73,0,1.3748,flood,0,130 DEG. INSERT DRILLS - PURPLE COATING (CHANGE SFM TO 75 FOR GOLD).csv
LTH-07,Okuma Multus B250II,,5000,22,Default Preset,drill,2205 Duplex (M),M,Peck,drilling,roughing,plunge,1.375,2,96,267,0,0.0024,1.3,0,1.3748,flood,0,130 DEG. INSERT DRILLS - PURPLE COATING (CHANGE SFM TO 75 FOR GOLD).csv
LTH-07,Okuma Multus B250II,,5000,22,Default Preset,drill,304/316 SS (M),M,Drill,drilling,roughing,conventional,1.5,2,220,560,0,0.0051,5.67,0,1.5,flood,0,130 DEG. INSERT DRILLS - PURPLE COATING (CHANGE SFM TO 75 FOR GOLD).csv
LTH-07,Okuma Multus B250II,,5000,22,Default Preset,drill,304/316 SS (M),M,Peck,drilling,roughing,plunge,1.5,2,154,392,0,0.0025,1.98,0,1.5,flood,0,130 DEG. INSERT DRILLS - PURPLE COATING (CHANGE SFM TO 75 FOR GOLD).csv
LTH-07,Okuma Multus B250II,,5000,22,Default Preset,drill,17-4 PH (M),M,Drill,drilling,roughing,conventional,1.5,2,165,420,0,0.0051,4.25,0,1.5,flood,0,130 DEG. INSERT DRILLS - PURPLE COATING (CHANGE SFM TO 75 FOR GOLD).csv
LTH-07,Okuma Multus B250II,,5000,22,Default Preset,drill,17-4 PH (M),M,Peck,drilling,roughing,plunge,1.5,2,115,294,0,0.0025,1.49,0,1.5,flood,0,130 DEG. INSERT DRILLS - PURPLE COATING (CHANGE SFM TO 75 FOR GOLD).csv
LTH-07,Okuma Multus B250II,,5000,22,Default Preset,drill,2205 Duplex (M),M,Drill,drilling,roughing,conventional,1.5,2,137,350,0,0.0051,3.54,0,1.5,flood,0,130 DEG. INSERT DRILLS - PURPLE COATING (CHANGE SFM TO 75 FOR GOLD).csv
LTH-07,Okuma Multus B250II,,5000,22,Default Preset,drill,2205 Duplex (M),M,Peck,drilling,roughing,plunge,1.5,2,96,245,0,0.0025,1.24,0,1.5,flood,0,130 DEG. INSERT DRILLS - PURPLE COATING (CHANGE SFM TO 75 FOR GOLD).csv
LTH-07,Okuma Multus B250II,,5000,22,Default Preset,drill,304/316 SS (M),M,Drill,drilling,roughing,conventional,0.4375,2,220,1919,0,0.0028,10.58,0,0.4374,flood,0,180 DEG. INSERT DRILLS (FLAT).csv
LTH-07,Okuma Multus B250II,,5000,22,Default Preset,drill,304/316 SS (M),M,Peck,drilling,roughing,plunge,0.4375,2,154,1343,0,0.0014,3.7,0,0.4374,flood,0,180 DEG. INSERT DRILLS (FLAT).csv
LTH-07,Okuma Multus B250II,,5000,22,Default Preset,drill,17-4 PH (M),M,Drill,drilling,roughing,conventional,0.4375,2,165,1439,0,0.0028,7.93,0,0.4374,flood,0,180 DEG. INSERT DRILLS (FLAT).csv
LTH-07,Okuma Multus B250II,,5000,22,Default Preset,drill,17-4 PH (M),M,Peck,drilling,roughing,plunge,0.4375,2,115,1008,0,0.0014,2.78,0,0.4374,flood,0,180 DEG. INSERT DRILLS (FLAT).csv
LTH-07,Okuma Multus B250II,,5000,22,Default Preset,drill,2205 Duplex (M),M,Drill,drilling,roughing,conventional,0.4375,2,137,1199,0,0.0028,6.61,0,0.4374,flood,0,180 DEG. INSERT DRILLS (FLAT).csv
LTH-07,Okuma Multus B250II,,5000,22,Default Preset,drill,2205 Duplex (M),M,Peck,drilling,roughing,plunge,0.4375,2,96,840,0,0.0014,2.31,0,0.4374,flood,0,180 DEG. INSERT DRILLS (FLAT).csv
LTH-07,Okuma Multus B250II,,5000,22,Default Preset,drill,304/316 SS (M),M,Drill,drilling,roughing,conventional,0.4688,2,220,1791,0,0.0029,10.51,0,0.4689,flood,0,180 DEG. INSERT DRILLS (FLAT).csv
LTH-07,Okuma Multus B250II,,5000,22,Default Preset,drill,304/316 SS (M),M,Peck,drilling,roughing,plunge,0.4688,2,154,1254,0,0.0015,3.68,0,0.4689,flood,0,180 DEG. INSERT DRILLS (FLAT).csv
LTH-07,Okuma Multus B250II,,5000,22,Default Preset,drill,17-4 PH (M),M,Drill,drilling,roughing,conventional,0.4688,2,165,1343,0,0.0029,7.88,0,0.4689,flood,0,180 DEG. INSERT DRILLS (FLAT).csv
LTH-07,Okuma Multus B250II,,5000,22,Default Preset,drill,17-4 PH (M),M,Peck,drilling,roughing,plunge,0.4688,2,115,940,0,0.0015,2.76,0,0.4689,flood,0,180 DEG. INSERT DRILLS (FLAT).csv
LTH-07,Okuma Multus B250II,,5000,22,Default Preset,drill,2205 Duplex (M),M,Drill,drilling,roughing,conventional,0.4688,2,137,1119,0,0.0029,6.56,0,0.4689,flood,0,180 DEG. INSERT DRILLS (FLAT).csv
LTH-07,Okuma Multus B250II,,5000,22,Default Preset,drill,2205 Duplex (M),M,Peck,drilling,roughing,plunge,0.4688,2,96,784,0,0.0015,2.3,0,0.4689,flood,0,180 DEG. INSERT DRILLS (FLAT).csv
LTH-07,Okuma Multus B250II,,5000,22,Default Preset,drill,304/316 SS (M),M,Drill,drilling,roughing,conventional,0.48,2,220,1749,0,0.003,10.4,0,0.4799,flood,0,180 DEG. INSERT DRILLS (FLAT).csv
LTH-07,Okuma Multus B250II,,5000,22,Default Preset,drill,304/316 SS (M),M,Peck,drilling,roughing,plunge,0.48,2,154,1224,0,0.0015,3.64,0,0.4799,flood,0,180 DEG. INSERT DRILLS (FLAT).csv
LTH-07,Okuma Multus B250II,,5000,22,Default Preset,drill,17-4 PH (M),M,Drill,drilling,roughing,conventional,0.48,2,165,1312,0,0.003,7.8,0,0.4799,flood,0,180 DEG. INSERT DRILLS (FLAT).csv
LTH-07,Okuma Multus B250II,,5000,22,Default Preset,drill,17-4 PH (M),M,Peck,drilling,roughing,plunge,0.48,2,115,918,0,0.0015,2.73,0,0.4799,flood,0,180 DEG. INSERT DRILLS (FLAT).csv
LTH-07,Okuma Multus B250II,,5000,22,Default Preset,drill,2205 Duplex (M),M,Drill,drilling,roughing,conventional,0.48,2,137,1093,0,0.003,6.5,0,0.4799,flood,0,180 DEG. INSERT DRILLS (FLAT).csv
LTH-07,Okuma Multus B250II,,5000,22,Default Preset,drill,2205 Duplex (M),M,Peck,drilling,roughing,plunge,0.48,2,96,765,0,0.0015,2.27,0,0.4799,flood,0,180 DEG. INSERT DRILLS (FLAT).csv
LTH-07,Okuma Multus B250II,,5000,22,Default Preset,drill,304/316 SS (M),M,Drill,drilling,roughing,conventional,0.493,2,220,1703,0,0.003,10.26,0,0.4929,flood,0,180 DEG. INSERT DRILLS (FLAT).csv
LTH-07,Okuma Multus B250II,,5000,22,Default Preset,drill,304/316 SS (M),M,Peck,drilling,roughing,plunge,0.493,2,154,1192,0,0.0015,3.59,0,0.4929,flood,0,180 DEG. INSERT DRILLS (FLAT).csv
LTH-07,Okuma Multus B250II,,5000,22,Default Preset,drill,17-4 PH (M),M,Drill,drilling,roughing,conventional,0.493,2,165,1277,0,0.003,7.69,0,0.4929,flood,0,180 DEG. INSERT DRILLS (FLAT).csv
LTH-07,Okuma Multus B250II,,5000,22,Default Preset,drill,17-4 PH (M),M,Peck,drilling,roughing,plunge,0.493,2,115,894,0,0.0015,2.69,0,0.4929,flood,0,180 DEG. INSERT DRILLS (FLAT).csv
LTH-07,Okuma Multus B250II,,5000,22,Default Preset,drill,2205 Duplex (M),M,Drill,drilling,roughing,conventional,0.493,2,137,1064,0,0.003,6.41,0,0.4929,flood,0,180 DEG. INSERT DRILLS (FLAT).csv
LTH-07,Okuma Multus B250II,,5000,22,Default Preset,drill,2205 Duplex (M),M,Peck,drilling,roughing,plunge,0.493,2,96,745,0,0.0015,2.24,0,0.4929,flood,0,180 DEG. INSERT DRILLS (FLAT).csv
LTH-07,Okuma Multus B250II,,5000,22,Default Preset,drill,304/316 SS (M),M,Drill,drilling,roughing,conventional,0.5,2,220,1679,0,0.003,10.18,0,0.5,flood,0,180 DEG. INSERT DRILLS (FLAT).csv
LTH-07,Okuma Multus B250II,,5000,22,Default Preset,drill,304/316 SS (M),M,Peck,drilling,roughing,plunge,0.5,2,154,1175,0,0.0015,3.56,0,0.5,flood,0,180 DEG. INSERT DRILLS (FLAT).csv
LTH-07,Okuma Multus B250II,,5000,22,Default Preset,drill,17-4 PH (M),M,Drill,drilling,roughing,conventional,0.5,2,165,1259,0,0.003,7.63,0,0.5,flood,0,180 DEG. INSERT DRILLS (FLAT).csv
LTH-07,Okuma Multus B250II,,5000,22,Default Preset,drill,17-4 PH (M),M,Peck,drilling,roughing,plunge,0.5,2,115,882,0,0.0015,2.67,0,0.5,flood,0,180 DEG. INSERT DRILLS (FLAT).csv
LTH-07,Okuma Multus B250II,,5000,22,Default Preset,drill,2205 Duplex (M),M,Drill,drilling,roughing,conventional,0.5,2,137,1050,0,0.003,6.37,0,0.5,flood,0,180 DEG. INSERT DRILLS (FLAT).csv
LTH-07,Okuma Multus B250II,,5000,22,Default Preset,drill,2205 Duplex (M),M,Peck,drilling,roughing,plunge,0.5,2,96,735,0,0.0015,2.23,0,0.5,flood,0,180 DEG. INSERT DRILLS (FLAT).csv
LTH-07,Okuma Multus B250II,,5000,22,Default Preset,drill,304/316 SS (M),M,Drill,drilling,roughing,conventional,0.515,2,220,1630,0,0.0031,10.01,0,0.515,flood,0,180 DEG. INSERT DRILLS (FLAT).csv
LTH-07,Okuma Multus B250II,,5000,22,Default Preset,drill,304/316 SS (M),M,Peck,drilling,roughing,plunge,0.515,2,154,1141,0,0.0015,3.5,0,0.515,flood,0,180 DEG. INSERT DRILLS (FLAT).csv
LTH-07,Okuma Multus B250II,,5000,22,Default Preset,drill,17-4 PH (M),M,Drill,drilling,roughing,conventional,0.515,2,165,1223,0,0.0031,7.51,0,0.515,flood,0,180 DEG. INSERT DRILLS (FLAT).csv
LTH-07,Okuma Multus B250II,,5000,22,Default Preset,drill,17-4 PH (M),M,Peck,drilling,roughing,plunge,0.515,2,115,856,0,0.0015,2.63,0,0.515,flood,0,180 DEG. INSERT DRILLS (FLAT).csv
LTH-07,Okuma Multus B250II,,5000,22,Default Preset,drill,2205 Duplex (M),M,Drill,drilling,roughing,conventional,0.515,2,137,1019,0,0.0031,6.26,0,0.515,flood,0,180 DEG. INSERT DRILLS (FLAT).csv
LTH-07,Okuma Multus B250II,,5000,22,Default Preset,drill,2205 Duplex (M),M,Peck,drilling,roughing,plunge,0.515,2,96,713,0,0.0015,2.19,0,0.515,flood,0,180 DEG. INSERT DRILLS (FLAT).csv
LTH-07,Okuma Multus B250II,,5000,22,Default Preset,drill,304/316 SS (M),M,Drill,drilling,roughing,conventional,0.531,2,220,1581,0,0.0031,9.83,0,0.5311,flood,0,180 DEG. INSERT DRILLS (FLAT).csv
LTH-07,Okuma Multus B250II,,5000,22,Default Preset,drill,304/316 SS (M),M,Peck,drilling,roughing,plunge,0.531,2,154,1107,0,0.0016,3.44,0,0.5311,flood,0,180 DEG. INSERT DRILLS (FLAT).csv
LTH-07,Okuma Multus B250II,,5000,22,Default Preset,drill,17-4 PH (M),M,Drill,drilling,roughing,conventional,0.531,2,165,1186,0,0.0031,7.38,0,0.5311,flood,0,180 DEG. INSERT DRILLS (FLAT).csv
LTH-07,Okuma Multus B250II,,5000,22,Default Preset,drill,17-4 PH (M),M,Peck,drilling,roughing,plunge,0.531,2,115,830,0,0.0016,2.58,0,0.5311,flood,0,180 DEG. INSERT DRILLS (FLAT).csv
LTH-07,Okuma Multus B250II,,5000,22,Default Preset,drill,2205 Duplex (M),M,Drill,drilling,roughing,conventional,0.531,2,137,988,0,0.0031,6.15,0,0.5311,flood,0,180 DEG. INSERT DRILLS (FLAT).csv
LTH-07,Okuma Multus B250II,,5000,22,Default Preset,drill,2205 Duplex (M),M,Peck,drilling,roughing,plunge,0.531,2,96,692,0,0.0016,2.15,0,0.5311,flood,0,180 DEG. INSERT DRILLS (FLAT).csv
LTH-07,Okuma Multus B250II,,5000,22,Default Preset,drill,304/316 SS (M),M,Drill,drilling,roughing,conventional,0.5625,2,220,1493,0,0.0032,9.58,0,0.5626,flood,0,180 DEG. INSERT DRILLS (FLAT).csv
LTH-07,Okuma Multus B250II,,5000,22,Default Preset,drill,304/316 SS (M),M,Peck,drilling,roughing,plunge,0.5625,2,154,1045,0,0.0016,3.35,0,0.5626,flood,0,180 DEG. INSERT DRILLS (FLAT).csv
LTH-07,Okuma Multus B250II,,5000,22,Default Preset,drill,17-4 PH (M),M,Drill,drilling,roughing,conventional,0.5625,2,165,1120,0,0.0032,7.19,0,0.5626,flood,0,180 DEG. INSERT DRILLS (FLAT).csv
LTH-07,Okuma Multus B250II,,5000,22,Default Preset,drill,17-4 PH (M),M,Peck,drilling,roughing,plunge,0.5625,2,115,784,0,0.0016,2.52,0,0.5626,flood,0,180 DEG. INSERT DRILLS (FLAT).csv
LTH-07,Okuma Multus B250II,,5000,22,Default Preset,drill,2205 Duplex (M),M,Drill,drilling,roughing,conventional,0.5625,2,137,933,0,0.0032,5.99,0,0.5626,flood,0,180 DEG. INSERT DRILLS (FLAT).csv
LTH-07,Okuma Multus B250II,,5000,22,Default Preset,drill,2205 Duplex (M),M,Peck,drilling,roughing,plunge,0.5625,2,96,653,0,0.0016,2.1,0,0.5626,flood,0,180 DEG. INSERT DRILLS (FLAT).csv
LTH-07,Okuma Multus B250II,,5000,22,Default Preset,drill,304/316 SS (M),M,Drill,drilling,roughing,conventional,0.57,2,220,1473,0,0.0032,9.51,0,0.5701,flood,0,180 DEG. INSERT DRILLS (FLAT).csv
LTH-07,Okuma Multus B250II,,5000,22,Default Preset,drill,304/316 SS (M),M,Peck,drilling,roughing,plunge,0.57,2,154,1031,0,0.0016,3.33,0,0.5701,flood,0,180 DEG. INSERT DRILLS (FLAT).csv
LTH-07,Okuma Multus B250II,,5000,22,Default Preset,drill,17-4 PH (M),M,Drill,drilling,roughing,conventional,0.57,2,165,1105,0,0.0032,7.13,0,0.5701,flood,0,180 DEG. INSERT DRILLS (FLAT).csv
LTH-07,Okuma Multus B250II,,5000,22,Default Preset,drill,17-4 PH (M),M,Peck,drilling,roughing,plunge,0.57,2,115,773,0,0.0016,2.5,0,0.5701,flood,0,180 DEG. INSERT DRILLS (FLAT).csv
LTH-07,Okuma Multus B250II,,5000,22,Default Preset,drill,2205 Duplex (M),M,Drill,drilling,roughing,conventional,0.57,2,137,921,0,0.0032,5.95,0,0.5701,flood,0,180 DEG. INSERT DRILLS (FLAT).csv
LTH-07,Okuma Multus B250II,,5000,22,Default Preset,drill,2205 Duplex (M),M,Peck,drilling,roughing,plunge,0.57,2,96,644,0,0.0016,2.08,0,0.5701,flood,0,180 DEG. INSERT DRILLS (FLAT).csv
LTH-07,Okuma Multus B250II,,5000,22,Default Preset,drill,304/316 SS (M),M,Drill,drilling,roughing,conventional,0.593,2,220,1416,0,0.0033,9.31,0,0.5929,flood,0,180 DEG. INSERT DRILLS (FLAT).csv
LTH-07,Okuma Multus B250II,,5000,22,Default Preset,drill,304/316 SS (M),M,Peck,drilling,roughing,plunge,0.593,2,154,991,0,0.0016,3.26,0,0.5929,flood,0,180 DEG. INSERT DRILLS (FLAT).csv
LTH-07,Okuma Multus B250II,,5000,22,Default Preset,drill,17-4 PH (M),M,Drill,drilling,roughing,conventional,0.593,2,165,1062,0,0.0033,6.98,0,0.5929,flood,0,180 DEG. INSERT DRILLS (FLAT).csv
LTH-07,Okuma Multus B250II,,5000,22,Default Preset,drill,17-4 PH (M),M,Peck,drilling,roughing,plunge,0.593,2,115,743,0,0.0016,2.44,0,0.5929,flood,0,180 DEG. INSERT DRILLS (FLAT).csv
LTH-07,Okuma Multus B250II,,5000,22,Default Preset,drill,2205 Duplex (M),M,Drill,drilling,roughing,conventional,0.593,2,137,885,0,0.0033,5.82,0,0.5929,flood,0,180 DEG. INSERT DRILLS (FLAT).csv
LTH-07,Okuma Multus B250II,,5000,22,Default Preset,drill,2205 Duplex (M),M,Peck,drilling,roughing,plunge,0.593,2,96,619,0,0.0016,2.03,0,0.5929,flood,0,180 DEG. INSERT DRILLS (FLAT).csv
LTH-07,Okuma Multus B250II,,5000,22,Default Preset,drill,304/316 SS (M),M,Drill,drilling,roughing,conventional,0.6102,2,220,1376,0,0.0033,9.21,0,0.6102,flood,0,180 DEG. INSERT DRILLS (FLAT).csv
LTH-07,Okuma Multus B250II,,5000,22,Default Preset,drill,304/316 SS (M),M,Peck,drilling,roughing,plunge,0.6102,2,154,963,0,0.0017,3.22,0,0.6102,flood,0,180 DEG. INSERT DRILLS (FLAT).csv
LTH-07,Okuma Multus B250II,,5000,22,Default Preset,drill,17-4 PH (M),M,Drill,drilling,roughing,conventional,0.6102,2,165,1032,0,0.0033,6.91,0,0.6102,flood,0,180 DEG. INSERT DRILLS (FLAT).csv
LTH-07,Okuma Multus B250II,,5000,22,Default Preset,drill,17-4 PH (M),M,Peck,drilling,roughing,plunge,0.6102,2,115,722,0,0.0017,2.42,0,0.6102,flood,0,180 DEG. INSERT DRILLS (FLAT).csv
LTH-07,Okuma Multus B250II,,5000,22,Default Preset,drill,2205 Duplex (M),M,Drill,drilling,roughing,conventional,0.6102,2,137,860,0,0.0033,5.76,0,0.6102,flood,0,180 DEG. INSERT DRILLS (FLAT).csv
LTH-07,Okuma Multus B250II,,5000,22,Default Preset,drill,2205 Duplex (M),M,Peck,drilling,roughing,plunge,0.6102,2,96,602,0,0.0017,2.01,0,0.6102,flood,0,180 DEG. INSERT DRILLS (FLAT).csv
LTH-07,Okuma Multus B250II,,5000,22,Default Preset,drill,304/316 SS (M),M,Drill,drilling,roughing,conventional,0.625,2,220,1343,0,0.0034,9.09,0,0.6252,flood,0,180 DEG. INSERT DRILLS (FLAT).csv
LTH-07,Okuma Multus B250II,,5000,22,Default Preset,drill,304/316 SS (M),M,Peck,drilling,roughing,plunge,0.625,2,154,940,0,0.0017,3.18,0,0.6252,flood,0,180 DEG. INSERT DRILLS (FLAT).csv
LTH-07,Okuma Multus B250II,,5000,22,Default Preset,drill,17-4 PH (M),M,Drill,drilling,roughing,conventional,0.625,2,165,1008,0,0.0034,6.83,0,0.6252,flood,0,180 DEG. INSERT DRILLS (FLAT).csv
LTH-07,Okuma Multus B250II,,5000,22,Default Preset,drill,17-4 PH (M),M,Peck,drilling,roughing,plunge,0.625,2,115,705,0,0.0017,2.39,0,0.6252,flood,0,180 DEG. INSERT DRILLS (FLAT).csv
LTH-07,Okuma Multus B250II,,5000,22,Default Preset,drill,2205 Duplex (M),M,Drill,drilling,roughing,conventional,0.625,2,137,840,0,0.0034,5.69,0,0.6252,flood,0,180 DEG. INSERT DRILLS (FLAT).csv
LTH-07,Okuma Multus B250II,,5000,22,Default Preset,drill,2205 Duplex (M),M,Peck,drilling,roughing,plunge,0.625,2,96,588,0,0.0017,1.99,0,0.6252,flood,0,180 DEG. INSERT DRILLS (FLAT).csv
LTH-07,Okuma Multus B250II,,5000,22,Default Preset,drill,304/316 SS (M),M,Drill,drilling,roughing,conventional,0.656,2,220,1280,0,0.0035,8.87,0,0.6559,flood,0,180 DEG. INSERT DRILLS (FLAT).csv
LTH-07,Okuma Multus B250II,,5000,22,Default Preset,drill,304/316 SS (M),M,Peck,drilling,roughing,plunge,0.656,2,154,896,0,0.0017,3.1,0,0.6559,flood,0,180 DEG. INSERT DRILLS (FLAT).csv
LTH-07,Okuma Multus B250II,,5000,22,Default Preset,drill,17-4 PH (M),M,Drill,drilling,roughing,conventional,0.656,2,165,960,0,0.0035,6.65,0,0.6559,flood,0,180 DEG. INSERT DRILLS (FLAT).csv
LTH-07,Okuma Multus B250II,,5000,22,Default Preset,drill,17-4 PH (M),M,Peck,drilling,roughing,plunge,0.656,2,115,672,0,0.0017,2.33,0,0.6559,flood,0,180 DEG. INSERT DRILLS (FLAT).csv
LTH-07,Okuma Multus B250II,,5000,22,Default Preset,drill,2205 Duplex (M),M,Drill,drilling,roughing,conventional,0.656,2,137,800,0,0.0035,5.54,0,0.6559,flood,0,180 DEG. INSERT DRILLS (FLAT).csv
LTH-07,Okuma Multus B250II,,5000,22,Default Preset,drill,2205 Duplex (M),M,Peck,drilling,roughing,plunge,0.656,2,96,560,0,0.0017,1.94,0,0.6559,flood,0,180 DEG. INSERT DRILLS (FLAT).csv
LTH-07,Okuma Multus B250II,,5000,22,Default Preset,drill,304/316 SS (M),M,Drill,drilling,roughing,conventional,0.6875,2,220,1221,0,0.0036,8.7,0,0.6874,flood,0,180 DEG. INSERT DRILLS (FLAT).csv
LTH-07,Okuma Multus B250II,,5000,22,Default Preset,drill,304/316 SS (M),M,Peck,drilling,roughing,plunge,0.6875,2,154,855,0,0.0018,3.05,0,0.6874,flood,0,180 DEG. INSERT DRILLS (FLAT).csv
LTH-07,Okuma Multus B250II,,5000,22,Default Preset,drill,17-4 PH (M),M,Drill,drilling,roughing,conventional,0.6875,2,165,916,0,0.0036,6.53,0,0.6874,flood,0,180 DEG. INSERT DRILLS (FLAT).csv
LTH-07,Okuma Multus B250II,,5000,22,Default Preset,drill,17-4 PH (M),M,Peck,drilling,roughing,plunge,0.6875,2,115,641,0,0.0018,2.28,0,0.6874,flood,0,180 DEG. INSERT DRILLS (FLAT).csv
LTH-07,Okuma Multus B250II,,5000,22,Default Preset,drill,2205 Duplex (M),M,Drill,drilling,roughing,conventional,0.6875,2,137,763,0,0.0036,5.44,0,0.6874,flood,0,180 DEG. INSERT DRILLS (FLAT).csv
LTH-07,Okuma Multus B250II,,5000,22,Default Preset,drill,2205 Duplex (M),M,Peck,drilling,roughing,plunge,0.6875,2,96,534,0,0.0018,1.9,0,0.6874,flood,0,180 DEG. INSERT DRILLS (FLAT).csv
LTH-07,Okuma Multus B250II,,5000,22,Default Preset,drill,304/316 SS (M),M,Drill,drilling,roughing,conventional,0.708,2,220,1186,0,0.0036,8.59,0,0.7079,flood,0,180 DEG. INSERT DRILLS (FLAT).csv
LTH-07,Okuma Multus B250II,,5000,22,Default Preset,drill,304/316 SS (M),M,Peck,drilling,roughing,plunge,0.708,2,154,830,0,0.0018,3.01,0,0.7079,flood,0,180 DEG. INSERT DRILLS (FLAT).csv
LTH-07,Okuma Multus B250II,,5000,22,Default Preset,drill,17-4 PH (M),M,Drill,drilling,roughing,conventional,0.708,2,165,889,0,0.0036,6.44,0,0.7079,flood,0,180 DEG. INSERT DRILLS (FLAT).csv
LTH-07,Okuma Multus B250II,,5000,22,Default Preset,drill,17-4 PH (M),M,Peck,drilling,roughing,plunge,0.708,2,115,623,0,0.0018,2.26,0,0.7079,flood,0,180 DEG. INSERT DRILLS (FLAT).csv
LTH-07,Okuma Multus B250II,,5000,22,Default Preset,drill,2205 Duplex (M),M,Drill,drilling,roughing,conventional,0.708,2,137,741,0,0.0036,5.37,0,0.7079,flood,0,180 DEG. INSERT DRILLS (FLAT).csv
LTH-07,Okuma Multus B250II,,5000,22,Default Preset,drill,2205 Duplex (M),M,Peck,drilling,roughing,plunge,0.708,2,96,519,0,0.0018,1.88,0,0.7079,flood,0,180 DEG. INSERT DRILLS (FLAT).csv
LTH-07,Okuma Multus B250II,,5000,22,Default Preset,drill,304/316 SS (M),M,Drill,drilling,roughing,conventional,0.7188,2,220,1168,0,0.0036,8.51,0,0.7189,flood,0,180 DEG. INSERT DRILLS (FLAT).csv
LTH-07,Okuma Multus B250II,,5000,22,Default Preset,drill,304/316 SS (M),M,Peck,drilling,roughing,plunge,0.7188,2,154,818,0,0.0018,2.98,0,0.7189,flood,0,180 DEG. INSERT DRILLS (FLAT).csv
LTH-07,Okuma Multus B250II,,5000,22,Default Preset,drill,17-4 PH (M),M,Drill,drilling,roughing,conventional,0.7188,2,165,876,0,0.0036,6.38,0,0.7189,flood,0,180 DEG. INSERT DRILLS (FLAT).csv
LTH-07,Okuma Multus B250II,,5000,22,Default Preset,drill,17-4 PH (M),M,Peck,drilling,roughing,plunge,0.7188,2,115,613,0,0.0018,2.23,0,0.7189,flood,0,180 DEG. INSERT DRILLS (FLAT).csv
LTH-07,Okuma Multus B250II,,5000,22,Default Preset,drill,2205 Duplex (M),M,Drill,drilling,roughing,conventional,0.7188,2,137,730,0,0.0036,5.32,0,0.7189,flood,0,180 DEG. INSERT DRILLS (FLAT).csv
LTH-07,Okuma Multus B250II,,5000,22,Default Preset,drill,2205 Duplex (M),M,Peck,drilling,roughing,plunge,0.7188,2,96,511,0,0.0018,1.86,0,0.7189,flood,0,180 DEG. INSERT DRILLS (FLAT).csv
LTH-07,Okuma Multus B250II,,5000,22,Default Preset,drill,304/316 SS (M),M,Drill,drilling,roughing,conventional,0.728,2,220,1153,0,0.0037,8.49,0,0.728,flood,0,180 DEG. INSERT DRILLS (FLAT).csv
LTH-07,Okuma Multus B250II,,5000,22,Default Preset,drill,304/316 SS (M),M,Peck,drilling,roughing,plunge,0.728,2,154,807,0,0.0018,2.97,0,0.728,flood,0,180 DEG. INSERT DRILLS (FLAT).csv
LTH-07,Okuma Multus B250II,,5000,22,Default Preset,drill,17-4 PH (M),M,Drill,drilling,roughing,conventional,0.728,2,165,865,0,0.0037,6.37,0,0.728,flood,0,180 DEG. INSERT DRILLS (FLAT).csv
LTH-07,Okuma Multus B250II,,5000,22,Default Preset,drill,17-4 PH (M),M,Peck,drilling,roughing,plunge,0.728,2,115,606,0,0.0018,2.23,0,0.728,flood,0,180 DEG. INSERT DRILLS (FLAT).csv
LTH-07,Okuma Multus B250II,,5000,22,Default Preset,drill,2205 Duplex (M),M,Drill,drilling,roughing,conventional,0.728,2,137,721,0,0.0037,5.31,0,0.728,flood,0,180 DEG. INSERT DRILLS (FLAT).csv
LTH-07,Okuma Multus B250II,,5000,22,Default Preset,drill,2205 Duplex (M),M,Peck,drilling,roughing,plunge,0.728,2,96,505,0,0.0018,1.86,0,0.728,flood,0,180 DEG. INSERT DRILLS (FLAT).csv
LTH-07,Okuma Multus B250II,,5000,22,Default Preset,drill,304/316 SS (M),M,Drill,drilling,roughing,conventional,0.737,2,220,1139,0,0.0037,8.43,0,0.737,flood,0,180 DEG. INSERT DRILLS (FLAT).csv
LTH-07,Okuma Multus B250II,,5000,22,Default Preset,drill,304/316 SS (M),M,Peck,drilling,roughing,plunge,0.737,2,154,797,0,0.0019,2.95,0,0.737,flood,0,180 DEG. INSERT DRILLS (FLAT).csv
LTH-07,Okuma Multus B250II,,5000,22,Default Preset,drill,17-4 PH (M),M,Drill,drilling,roughing,conventional,0.737,2,165,854,0,0.0037,6.32,0,0.737,flood,0,180 DEG. INSERT DRILLS (FLAT).csv
LTH-07,Okuma Multus B250II,,5000,22,Default Preset,drill,17-4 PH (M),M,Peck,drilling,roughing,plunge,0.737,2,115,598,0,0.0019,2.21,0,0.737,flood,0,180 DEG. INSERT DRILLS (FLAT).csv
LTH-07,Okuma Multus B250II,,5000,22,Default Preset,drill,2205 Duplex (M),M,Drill,drilling,roughing,conventional,0.737,2,137,712,0,0.0037,5.27,0,0.737,flood,0,180 DEG. INSERT DRILLS (FLAT).csv
LTH-07,Okuma Multus B250II,,5000,22,Default Preset,drill,2205 Duplex (M),M,Peck,drilling,roughing,plunge,0.737,2,96,498,0,0.0019,1.84,0,0.737,flood,0,180 DEG. INSERT DRILLS (FLAT).csv
LTH-07,Okuma Multus B250II,,5000,22,Default Preset,drill,304/316 SS (M),M,Drill,drilling,roughing,conventional,0.75,2,220,1120,0,0.0037,8.38,0,0.75,flood,0,180 DEG. INSERT DRILLS (FLAT).csv
LTH-07,Okuma Multus B250II,,5000,22,Default Preset,drill,304/316 SS (M),M,Peck,drilling,roughing,plunge,0.75,2,154,784,0,0.0019,2.93,0,0.75,flood,0,180 DEG. INSERT DRILLS (FLAT).csv
LTH-07,Okuma Multus B250II,,5000,22,Default Preset,drill,17-4 PH (M),M,Drill,drilling,roughing,conventional,0.75,2,165,840,0,0.0037,6.28,0,0.75,flood,0,180 DEG. INSERT DRILLS (FLAT).csv
LTH-07,Okuma Multus B250II,,5000,22,Default Preset,drill,17-4 PH (M),M,Peck,drilling,roughing,plunge,0.75,2,115,588,0,0.0019,2.2,0,0.75,flood,0,180 DEG. INSERT DRILLS (FLAT).csv
LTH-07,Okuma Multus B250II,,5000,22,Default Preset,drill,2205 Duplex (M),M,Drill,drilling,roughing,conventional,0.75,2,137,700,0,0.0037,5.24,0,0.75,flood,0,180 DEG. INSERT DRILLS (FLAT).csv
LTH-07,Okuma Multus B250II,,5000,22,Default Preset,drill,2205 Duplex (M),M,Peck,drilling,roughing,plunge,0.75,2,96,490,0,0.0019,1.83,0,0.75,flood,0,180 DEG. INSERT DRILLS (FLAT).csv
LTH-07,Okuma Multus B250II,,5000,22,Default Preset,drill,304/316 SS (M),M,Drill,drilling,roughing,conventional,0.787,2,220,1067,0,0.0038,8.19,0,0.787,flood,0,180 DEG. INSERT DRILLS (FLAT).csv
LTH-07,Okuma Multus B250II,,5000,22,Default Preset,drill,304/316 SS (M),M,Peck,drilling,roughing,plunge,0.787,2,154,747,0,0.0019,2.87,0,0.787,flood,0,180 DEG. INSERT DRILLS (FLAT).csv
LTH-07,Okuma Multus B250II,,5000,22,Default Preset,drill,17-4 PH (M),M,Drill,drilling,roughing,conventional,0.787,2,165,800,0,0.0038,6.14,0,0.787,flood,0,180 DEG. INSERT DRILLS (FLAT).csv
LTH-07,Okuma Multus B250II,,5000,22,Default Preset,drill,17-4 PH (M),M,Peck,drilling,roughing,plunge,0.787,2,115,560,0,0.0019,2.15,0,0.787,flood,0,180 DEG. INSERT DRILLS (FLAT).csv
LTH-07,Okuma Multus B250II,,5000,22,Default Preset,drill,2205 Duplex (M),M,Drill,drilling,roughing,conventional,0.787,2,137,667,0,0.0038,5.12,0,0.787,flood,0,180 DEG. INSERT DRILLS (FLAT).csv
LTH-07,Okuma Multus B250II,,5000,22,Default Preset,drill,2205 Duplex (M),M,Peck,drilling,roughing,plunge,0.787,2,96,467,0,0.0019,1.79,0,0.787,flood,0,180 DEG. INSERT DRILLS (FLAT).csv
LTH-07,Okuma Multus B250II,,5000,22,Default Preset,drill,304/316 SS (M),M,Drill,drilling,roughing,conventional,0.812,2,220,1034,0,0.0039,8.06,0,0.8118,flood,0,180 DEG. INSERT DRILLS (FLAT).csv
LTH-07,Okuma Multus B250II,,5000,22,Default Preset,drill,304/316 SS (M),M,Peck,drilling,roughing,plunge,0.812,2,154,724,0,0.0019,2.82,0,0.8118,flood,0,180 DEG. INSERT DRILLS (FLAT).csv
LTH-07,Okuma Multus B250II,,5000,22,Default Preset,drill,17-4 PH (M),M,Drill,drilling,roughing,conventional,0.812,2,165,776,0,0.0039,6.05,0,0.8118,flood,0,180 DEG. INSERT DRILLS (FLAT).csv
LTH-07,Okuma Multus B250II,,5000,22,Default Preset,drill,17-4 PH (M),M,Peck,drilling,roughing,plunge,0.812,2,115,543,0,0.0019,2.12,0,0.8118,flood,0,180 DEG. INSERT DRILLS (FLAT).csv
LTH-07,Okuma Multus B250II,,5000,22,Default Preset,drill,2205 Duplex (M),M,Drill,drilling,roughing,conventional,0.812,2,137,646,0,0.0039,5.04,0,0.8118,flood,0,180 DEG. INSERT DRILLS (FLAT).csv
LTH-07,Okuma Multus B250II,,5000,22,Default Preset,drill,2205 Duplex (M),M,Peck,drilling,roughing,plunge,0.812,2,96,452,0,0.0019,1.76,0,0.8118,flood,0,180 DEG. INSERT DRILLS (FLAT).csv
LTH-07,Okuma Multus B250II,,5000,22,Default Preset,drill,304/316 SS (M),M,Drill,drilling,roughing,conventional,0.821,2,220,1023,0,0.0039,8.01,0,0.8209,flood,0,180 DEG. INSERT DRILLS (FLAT).csv
LTH-07,Okuma Multus B250II,,5000,22,Default Preset,drill,304/316 SS (M),M,Peck,drilling,roughing,plunge,0.821,2,154,716,0,0.002,2.8,0,0.8209,flood,0,180 DEG. INSERT DRILLS (FLAT).csv
LTH-07,Okuma Multus B250II,,5000,22,Default Preset,drill,17-4 PH (M),M,Drill,drilling,roughing,conventional,0.821,2,165,767,0,0.0039,6.01,0,0.8209,flood,0,180 DEG. INSERT DRILLS (FLAT).csv
LTH-07,Okuma Multus B250II,,5000,22,Default Preset,drill,17-4 PH (M),M,Peck,drilling,roughing,plunge,0.821,2,115,537,0,0.002,2.1,0,0.8209,flood,0,180 DEG. INSERT DRILLS (FLAT).csv
LTH-07,Okuma Multus B250II,,5000,22,Default Preset,drill,2205 Duplex (M),M,Drill,drilling,roughing,conventional,0.821,2,137,639,0,0.0039,5.01,0,0.8209,flood,0,180 DEG. INSERT DRILLS (FLAT).csv
LTH-07,Okuma Multus B250II,,5000,22,Default Preset,drill,2205 Duplex (M),M,Peck,drilling,roughing,plunge,0.821,2,96,447,0,0.002,1.75,0,0.8209,flood,0,180 DEG. INSERT DRILLS (FLAT).csv
LTH-07,Okuma Multus B250II,,5000,22,Default Preset,drill,304/316 SS (M),M,Drill,drilling,roughing,conventional,0.838,2,220,1002,0,0.004,7.93,0,0.8382,flood,0,180 DEG. INSERT DRILLS (FLAT).csv
LTH-07,Okuma Multus B250II,,5000,22,Default Preset,drill,304/316 SS (M),M,Peck,drilling,roughing,plunge,0.838,2,154,701,0,0.002,2.77,0,0.8382,flood,0,180 DEG. INSERT DRILLS (FLAT).csv
LTH-07,Okuma Multus B250II,,5000,22,Default Preset,drill,17-4 PH (M),M,Drill,drilling,roughing,conventional,0.838,2,165,751,0,0.004,5.94,0,0.8382,flood,0,180 DEG. INSERT DRILLS (FLAT).csv
LTH-07,Okuma Multus B250II,,5000,22,Default Preset,drill,17-4 PH (M),M,Peck,drilling,roughing,plunge,0.838,2,115,526,0,0.002,2.08,0,0.8382,flood,0,180 DEG. INSERT DRILLS (FLAT).csv
LTH-07,Okuma Multus B250II,,5000,22,Default Preset,drill,2205 Duplex (M),M,Drill,drilling,roughing,conventional,0.838,2,137,626,0,0.004,4.95,0,0.8382,flood,0,180 DEG. INSERT DRILLS (FLAT).csv
LTH-07,Okuma Multus B250II,,5000,22,Default Preset,drill,2205 Duplex (M),M,Peck,drilling,roughing,plunge,0.838,2,96,438,0,0.002,1.73,0,0.8382,flood,0,180 DEG. INSERT DRILLS (FLAT).csv
LTH-07,Okuma Multus B250II,,5000,22,Default Preset,drill,304/316 SS (M),M,Drill,drilling,roughing,conventional,0.843,2,220,996,0,0.004,7.88,0,0.8429,flood,0,180 DEG. INSERT DRILLS (FLAT).csv
LTH-07,Okuma Multus B250II,,5000,22,Default Preset,drill,304/316 SS (M),M,Peck,drilling,roughing,plunge,0.843,2,154,697,0,0.002,2.76,0,0.8429,flood,0,180 DEG. INSERT DRILLS (FLAT).csv
LTH-07,Okuma Multus B250II,,5000,22,Default Preset,drill,17-4 PH (M),M,Drill,drilling,roughing,conventional,0.843,2,165,747,0,0.004,5.91,0,0.8429,flood,0,180 DEG. INSERT DRILLS (FLAT).csv
LTH-07,Okuma Multus B250II,,5000,22,Default Preset,drill,17-4 PH (M),M,Peck,drilling,roughing,plunge,0.843,2,115,523,0,0.002,2.07,0,0.8429,flood,0,180 DEG. INSERT DRILLS (FLAT).csv
LTH-07,Okuma Multus B250II,,5000,22,Default Preset,drill,2205 Duplex (M),M,Drill,drilling,roughing,conventional,0.843,2,137,623,0,0.004,4.93,0,0.8429,flood,0,180 DEG. INSERT DRILLS (FLAT).csv
LTH-07,Okuma Multus B250II,,5000,22,Default Preset,drill,2205 Duplex (M),M,Peck,drilling,roughing,plunge,0.843,2,96,436,0,0.002,1.73,0,0.8429,flood,0,180 DEG. INSERT DRILLS (FLAT).csv
LTH-07,Okuma Multus B250II,,5000,22,Default Preset,drill,304/316 SS (M),M,Drill,drilling,roughing,conventional,0.859,2,220,977,0,0.004,7.81,0,0.8591,flood,0,180 DEG. INSERT DRILLS (FLAT).csv
LTH-07,Okuma Multus B250II,,5000,22,Default Preset,drill,304/316 SS (M),M,Peck,drilling,roughing,plunge,0.859,2,154,684,0,0.002,2.73,0,0.8591,flood,0,180 DEG. INSERT DRILLS (FLAT).csv
LTH-07,Okuma Multus B250II,,5000,22,Default Preset,drill,17-4 PH (M),M,Drill,drilling,roughing,conventional,0.859,2,165,733,0,0.004,5.86,0,0.8591,flood,0,180 DEG. INSERT DRILLS (FLAT).csv
LTH-07,Okuma Multus B250II,,5000,22,Default Preset,drill,17-4 PH (M),M,Peck,drilling,roughing,plunge,0.859,2,115,513,0,0.002,2.05,0,0.8591,flood,0,180 DEG. INSERT DRILLS (FLAT).csv
LTH-07,Okuma Multus B250II,,5000,22,Default Preset,drill,2205 Duplex (M),M,Drill,drilling,roughing,conventional,0.859,2,137,611,0,0.004,4.88,0,0.8591,flood,0,180 DEG. INSERT DRILLS (FLAT).csv
LTH-07,Okuma Multus B250II,,5000,22,Default Preset,drill,2205 Duplex (M),M,Peck,drilling,roughing,plunge,0.859,2,96,428,0,0.002,1.71,0,0.8591,flood,0,180 DEG. INSERT DRILLS (FLAT).csv
LTH-07,Okuma Multus B250II,,5000,22,Default Preset,drill,304/316 SS (M),M,Drill,drilling,roughing,conventional,0.868,2,220,967,0,0.004,7.77,0,0.8681,flood,0,180 DEG. INSERT DRILLS (FLAT).csv
LTH-07,Okuma Multus B250II,,5000,22,Default Preset,drill,304/316 SS (M),M,Peck,drilling,roughing,plunge,0.868,2,154,677,0,0.002,2.72,0,0.8681,flood,0,180 DEG. INSERT DRILLS (FLAT).csv
LTH-07,Okuma Multus B250II,,5000,22,Default Preset,drill,17-4 PH (M),M,Drill,drilling,roughing,conventional,0.868,2,165,725,0,0.004,5.82,0,0.8681,flood,0,180 DEG. INSERT DRILLS (FLAT).csv
LTH-07,Okuma Multus B250II,,5000,22,Default Preset,drill,17-4 PH (M),M,Peck,drilling,roughing,plunge,0.868,2,115,508,0,0.002,2.04,0,0.8681,flood,0,180 DEG. INSERT DRILLS (FLAT).csv
LTH-07,Okuma Multus B250II,,5000,22,Default Preset,drill,2205 Duplex (M),M,Drill,drilling,roughing,conventional,0.868,2,137,605,0,0.004,4.86,0,0.8681,flood,0,180 DEG. INSERT DRILLS (FLAT).csv
LTH-07,Okuma Multus B250II,,5000,22,Default Preset,drill,2205 Duplex (M),M,Peck,drilling,roughing,plunge,0.868,2,96,423,0,0.002,1.7,0,0.8681,flood,0,180 DEG. INSERT DRILLS (FLAT).csv
LTH-07,Okuma Multus B250II,,5000,22,Default Preset,drill,304/316 SS (M),M,Drill,drilling,roughing,conventional,0.875,2,220,960,0,0.004,7.75,0,0.8752,flood,0,180 DEG. INSERT DRILLS (FLAT).csv
LTH-07,Okuma Multus B250II,,5000,22,Default Preset,drill,304/316 SS (M),M,Peck,drilling,roughing,plunge,0.875,2,154,672,0,0.002,2.71,0,0.8752,flood,0,180 DEG. INSERT DRILLS (FLAT).csv
LTH-07,Okuma Multus B250II,,5000,22,Default Preset,drill,17-4 PH (M),M,Drill,drilling,roughing,conventional,0.875,2,165,720,0,0.004,5.81,0,0.8752,flood,0,180 DEG. INSERT DRILLS (FLAT).csv
LTH-07,Okuma Multus B250II,,5000,22,Default Preset,drill,17-4 PH (M),M,Peck,drilling,roughing,plunge,0.875,2,115,504,0,0.002,2.03,0,0.8752,flood,0,180 DEG. INSERT DRILLS (FLAT).csv
LTH-07,Okuma Multus B250II,,5000,22,Default Preset,drill,2205 Duplex (M),M,Drill,drilling,roughing,conventional,0.875,2,137,600,0,0.004,4.84,0,0.8752,flood,0,180 DEG. INSERT DRILLS (FLAT).csv
LTH-07,Okuma Multus B250II,,5000,22,Default Preset,drill,2205 Duplex (M),M,Peck,drilling,roughing,plunge,0.875,2,96,420,0,0.002,1.69,0,0.8752,flood,0,180 DEG. INSERT DRILLS (FLAT).csv
LTH-07,Okuma Multus B250II,,5000,22,Default Preset,drill,304/316 SS (M),M,Drill,drilling,roughing,conventional,0.893,2,220,940,0,0.0041,7.66,0,0.8929,flood,0,180 DEG. INSERT DRILLS (FLAT).csv
LTH-07,Okuma Multus B250II,,5000,22,Default Preset,drill,304/316 SS (M),M,Peck,drilling,roughing,plunge,0.893,2,154,658,0,0.002,2.68,0,0.8929,flood,0,180 DEG. INSERT DRILLS (FLAT).csv
LTH-07,Okuma Multus B250II,,5000,22,Default Preset,drill,17-4 PH (M),M,Drill,drilling,roughing,conventional,0.893,2,165,705,0,0.0041,5.75,0,0.8929,flood,0,180 DEG. INSERT DRILLS (FLAT).csv
LTH-07,Okuma Multus B250II,,5000,22,Default Preset,drill,17-4 PH (M),M,Peck,drilling,roughing,plunge,0.893,2,115,494,0,0.002,2.01,0,0.8929,flood,0,180 DEG. INSERT DRILLS (FLAT).csv
LTH-07,Okuma Multus B250II,,5000,22,Default Preset,drill,2205 Duplex (M),M,Drill,drilling,roughing,conventional,0.893,2,137,588,0,0.0041,4.79,0,0.8929,flood,0,180 DEG. INSERT DRILLS (FLAT).csv
LTH-07,Okuma Multus B250II,,5000,22,Default Preset,drill,2205 Duplex (M),M,Peck,drilling,roughing,plunge,0.893,2,96,411,0,0.002,1.67,0,0.8929,flood,0,180 DEG. INSERT DRILLS (FLAT).csv
LTH-07,Okuma Multus B250II,,5000,22,Default Preset,drill,304/316 SS (M),M,Drill,drilling,roughing,conventional,0.906,2,220,927,0,0.0041,7.63,0,0.9059,flood,0,180 DEG. INSERT DRILLS (FLAT).csv
LTH-07,Okuma Multus B250II,,5000,22,Default Preset,drill,304/316 SS (M),M,Peck,drilling,roughing,plunge,0.906,2,154,649,0,0.0021,2.67,0,0.9059,flood,0,180 DEG. INSERT DRILLS (FLAT).csv
LTH-07,Okuma Multus B250II,,5000,22,Default Preset,drill,17-4 PH (M),M,Drill,drilling,roughing,conventional,0.906,2,165,695,0,0.0041,5.72,0,0.9059,flood,0,180 DEG. INSERT DRILLS (FLAT).csv
LTH-07,Okuma Multus B250II,,5000,22,Default Preset,drill,17-4 PH (M),M,Peck,drilling,roughing,plunge,0.906,2,115,487,0,0.0021,2,0,0.9059,flood,0,180 DEG. INSERT DRILLS (FLAT).csv
LTH-07,Okuma Multus B250II,,5000,22,Default Preset,drill,2205 Duplex (M),M,Drill,drilling,roughing,conventional,0.906,2,137,579,0,0.0041,4.76,0,0.9059,flood,0,180 DEG. INSERT DRILLS (FLAT).csv
LTH-07,Okuma Multus B250II,,5000,22,Default Preset,drill,2205 Duplex (M),M,Peck,drilling,roughing,plunge,0.906,2,96,405,0,0.0021,1.67,0,0.9059,flood,0,180 DEG. INSERT DRILLS (FLAT).csv
LTH-07,Okuma Multus B250II,,5000,22,Default Preset,drill,304/316 SS (M),M,Drill,drilling,roughing,conventional,0.925,2,220,908,0,0.0042,7.54,0,0.9252,flood,0,180 DEG. INSERT DRILLS (FLAT).csv
LTH-07,Okuma Multus B250II,,5000,22,Default Preset,drill,304/316 SS (M),M,Peck,drilling,roughing,plunge,0.925,2,154,635,0,0.0021,2.64,0,0.9252,flood,0,180 DEG. INSERT DRILLS (FLAT).csv
LTH-07,Okuma Multus B250II,,5000,22,Default Preset,drill,17-4 PH (M),M,Drill,drilling,roughing,conventional,0.925,2,165,681,0,0.0042,5.66,0,0.9252,flood,0,180 DEG. INSERT DRILLS (FLAT).csv
LTH-07,Okuma Multus B250II,,5000,22,Default Preset,drill,17-4 PH (M),M,Peck,drilling,roughing,plunge,0.925,2,115,477,0,0.0021,1.98,0,0.9252,flood,0,180 DEG. INSERT DRILLS (FLAT).csv
LTH-07,Okuma Multus B250II,,5000,22,Default Preset,drill,2205 Duplex (M),M,Drill,drilling,roughing,conventional,0.925,2,137,567,0,0.0042,4.71,0,0.9252,flood,0,180 DEG. INSERT DRILLS (FLAT).csv
LTH-07,Okuma Multus B250II,,5000,22,Default Preset,drill,2205 Duplex (M),M,Peck,drilling,roughing,plunge,0.925,2,96,397,0,0.0021,1.65,0,0.9252,flood,0,180 DEG. INSERT DRILLS (FLAT).csv
LTH-07,Okuma Multus B250II,,5000,22,Default Preset,drill,304/316 SS (M),M,Drill,drilling,roughing,conventional,0.9375,2,220,896,0,0.0042,7.48,0,0.9374,flood,0,180 DEG. INSERT DRILLS (FLAT).csv
LTH-07,Okuma Multus B250II,,5000,22,Default Preset,drill,304/316 SS (M),M,Peck,drilling,roughing,plunge,0.9375,2,154,627,0,0.0021,2.62,0,0.9374,flood,0,180 DEG. INSERT DRILLS (FLAT).csv
LTH-07,Okuma Multus B250II,,5000,22,Default Preset,drill,17-4 PH (M),M,Drill,drilling,roughing,conventional,0.9375,2,165,672,0,0.0042,5.61,0,0.9374,flood,0,180 DEG. INSERT DRILLS (FLAT).csv
LTH-07,Okuma Multus B250II,,5000,22,Default Preset,drill,17-4 PH (M),M,Peck,drilling,roughing,plunge,0.9375,2,115,470,0,0.0021,1.96,0,0.9374,flood,0,180 DEG. INSERT DRILLS (FLAT).csv
LTH-07,Okuma Multus B250II,,5000,22,Default Preset,drill,2205 Duplex (M),M,Drill,drilling,roughing,conventional,0.9375,2,137,560,0,0.0042,4.67,0,0.9374,flood,0,180 DEG. INSERT DRILLS (FLAT).csv
LTH-07,Okuma Multus B250II,,5000,22,Default Preset,drill,2205 Duplex (M),M,Peck,drilling,roughing,plunge,0.9375,2,96,392,0,0.0021,1.64,0,0.9374,flood,0,180 DEG. INSERT DRILLS (FLAT).csv
LTH-07,Okuma Multus B250II,,5000,22,Default Preset,drill,304/316 SS (M),M,Drill,drilling,roughing,conventional,0.9449,2,220,889,0,0.0042,7.46,0,0.9449,flood,0,180 DEG. INSERT DRILLS (FLAT).csv
LTH-07,Okuma Multus B250II,,5000,22,Default Preset,drill,304/316 SS (M),M,Peck,drilling,roughing,plunge,0.9449,2,154,622,0,0.0021,2.61,0,0.9449,flood,0,180 DEG. INSERT DRILLS (FLAT).csv
LTH-07,Okuma Multus B250II,,5000,22,Default Preset,drill,17-4 PH (M),M,Drill,drilling,roughing,conventional,0.9449,2,165,666,0,0.0042,5.58,0,0.9449,flood,0,180 DEG. INSERT DRILLS (FLAT).csv
LTH-07,Okuma Multus B250II,,5000,22,Default Preset,drill,17-4 PH (M),M,Peck,drilling,roughing,plunge,0.9449,2,115,467,0,0.0021,1.96,0,0.9449,flood,0,180 DEG. INSERT DRILLS (FLAT).csv
LTH-07,Okuma Multus B250II,,5000,22,Default Preset,drill,2205 Duplex (M),M,Drill,drilling,roughing,conventional,0.9449,2,137,555,0,0.0042,4.65,0,0.9449,flood,0,180 DEG. INSERT DRILLS (FLAT).csv
LTH-07,Okuma Multus B250II,,5000,22,Default Preset,drill,2205 Duplex (M),M,Peck,drilling,roughing,plunge,0.9449,2,96,389,0,0.0021,1.63,0,0.9449,flood,0,180 DEG. INSERT DRILLS (FLAT).csv
LTH-07,Okuma Multus B250II,,5000,22,Default Preset,drill,304/316 SS (M),M,Drill,drilling,roughing,conventional,0.968,2,220,867,0,0.0043,7.37,0,0.9681,flood,0,180 DEG. INSERT DRILLS (FLAT).csv
LTH-07,Okuma Multus B250II,,5000,22,Default Preset,drill,304/316 SS (M),M,Peck,drilling,roughing,plunge,0.968,2,154,607,0,0.0021,2.58,0,0.9681,flood,0,180 DEG. INSERT DRILLS (FLAT).csv
LTH-07,Okuma Multus B250II,,5000,22,Default Preset,drill,17-4 PH (M),M,Drill,drilling,roughing,conventional,0.968,2,165,651,0,0.0043,5.54,0,0.9681,flood,0,180 DEG. INSERT DRILLS (FLAT).csv
LTH-07,Okuma Multus B250II,,5000,22,Default Preset,drill,17-4 PH (M),M,Peck,drilling,roughing,plunge,0.968,2,115,455,0,0.0021,1.93,0,0.9681,flood,0,180 DEG. INSERT DRILLS (FLAT).csv
LTH-07,Okuma Multus B250II,,5000,22,Default Preset,drill,2205 Duplex (M),M,Drill,drilling,roughing,conventional,0.968,2,137,542,0,0.0043,4.61,0,0.9681,flood,0,180 DEG. INSERT DRILLS (FLAT).csv
LTH-07,Okuma Multus B250II,,5000,22,Default Preset,drill,2205 Duplex (M),M,Peck,drilling,roughing,plunge,0.968,2,96,379,0,0.0021,1.61,0,0.9681,flood,0,180 DEG. INSERT DRILLS (FLAT).csv
LTH-07,Okuma Multus B250II,,5000,22,Default Preset,drill,304/316 SS (M),M,Drill,drilling,roughing,conventional,0.981,2,220,856,0,0.0043,7.31,0,0.9811,flood,0,180 DEG. INSERT DRILLS (FLAT).csv
LTH-07,Okuma Multus B250II,,5000,22,Default Preset,drill,304/316 SS (M),M,Peck,drilling,roughing,plunge,0.981,2,154,599,0,0.0021,2.56,0,0.9811,flood,0,180 DEG. INSERT DRILLS (FLAT).csv
LTH-07,Okuma Multus B250II,,5000,22,Default Preset,drill,17-4 PH (M),M,Drill,drilling,roughing,conventional,0.981,2,165,642,0,0.0043,5.48,0,0.9811,flood,0,180 DEG. INSERT DRILLS (FLAT).csv
LTH-07,Okuma Multus B250II,,5000,22,Default Preset,drill,17-4 PH (M),M,Peck,drilling,roughing,plunge,0.981,2,115,449,0,0.0021,1.92,0,0.9811,flood,0,180 DEG. INSERT DRILLS (FLAT).csv
LTH-07,Okuma Multus B250II,,5000,22,Default Preset,drill,2205 Duplex (M),M,Drill,drilling,roughing,conventional,0.981,2,137,535,0,0.0043,4.57,0,0.9811,flood,0,180 DEG. INSERT DRILLS (FLAT).csv
LTH-07,Okuma Multus B250II,,5000,22,Default Preset,drill,2205 Duplex (M),M,Peck,drilling,roughing,plunge,0.981,2,96,374,0,0.0021,1.6,0,0.9811,flood,0,180 DEG. INSERT DRILLS (FLAT).csv
LTH-07,Okuma Multus B250II,,5000,22,Default Preset,drill,304/316 SS (M),M,Drill,drilling,roughing,conventional,0.984,2,220,853,0,0.0043,7.29,0,0.9839,flood,0,180 DEG. INSERT DRILLS (FLAT).csv
LTH-07,Okuma Multus B250II,,5000,22,Default Preset,drill,304/316 SS (M),M,Peck,drilling,roughing,plunge,0.984,2,154,597,0,0.0021,2.55,0,0.9839,flood,0,180 DEG. INSERT DRILLS (FLAT).csv
LTH-07,Okuma Multus B250II,,5000,22,Default Preset,drill,17-4 PH (M),M,Drill,drilling,roughing,conventional,0.984,2,165,640,0,0.0043,5.47,0,0.9839,flood,0,180 DEG. INSERT DRILLS (FLAT).csv
LTH-07,Okuma Multus B250II,,5000,22,Default Preset,drill,17-4 PH (M),M,Peck,drilling,roughing,plunge,0.984,2,115,448,0,0.0021,1.91,0,0.9839,flood,0,180 DEG. INSERT DRILLS (FLAT).csv
LTH-07,Okuma Multus B250II,,5000,22,Default Preset,drill,2205 Duplex (M),M,Drill,drilling,roughing,conventional,0.984,2,137,533,0,0.0043,4.55,0,0.9839,flood,0,180 DEG. INSERT DRILLS (FLAT).csv
LTH-07,Okuma Multus B250II,,5000,22,Default Preset,drill,2205 Duplex (M),M,Peck,drilling,roughing,plunge,0.984,2,96,373,0,0.0021,1.59,0,0.9839,flood,0,180 DEG. INSERT DRILLS (FLAT).csv
LTH-07,Okuma Multus B250II,,5000,22,Default Preset,drill,304/316 SS (M),M,Drill,drilling,roughing,conventional,1,2,220,840,0,0.0043,7.24,0,1,flood,0,180 DEG. INSERT DRILLS (FLAT).csv
LTH-07,Okuma Multus B250II,,5000,22,Default Preset,drill,304/316 SS (M),M,Peck,drilling,roughing,plunge,1,2,154,588,0,0.0022,2.53,0,1,flood,0,180 DEG. INSERT DRILLS (FLAT).csv
LTH-07,Okuma Multus B250II,,5000,22,Default Preset,drill,17-4 PH (M),M,Drill,drilling,roughing,conventional,1,2,165,630,0,0.0043,5.43,0,1,flood,0,180 DEG. INSERT DRILLS (FLAT).csv
LTH-07,Okuma Multus B250II,,5000,22,Default Preset,drill,17-4 PH (M),M,Peck,drilling,roughing,plunge,1,2,115,441,0,0.0022,1.9,0,1,flood,0,180 DEG. INSERT DRILLS (FLAT).csv
LTH-07,Okuma Multus B250II,,5000,22,Default Preset,drill,2205 Duplex (M),M,Drill,drilling,roughing,conventional,1,2,137,525,0,0.0043,4.53,0,1,flood,0,180 DEG. INSERT DRILLS (FLAT).csv
LTH-07,Okuma Multus B250II,,5000,22,Default Preset,drill,2205 Duplex (M),M,Peck,drilling,roughing,plunge,1,2,96,367,0,0.0022,1.58,0,1,flood,0,180 DEG. INSERT DRILLS (FLAT).csv
LTH-07,Okuma Multus B250II,,5000,22,Default Preset,drill,304/316 SS (M),M,Drill,drilling,roughing,conventional,1.015,2,220,827,0,0.0043,7.16,0,1.015,flood,0,180 DEG. INSERT DRILLS (FLAT).csv
LTH-07,Okuma Multus B250II,,5000,22,Default Preset,drill,304/316 SS (M),M,Peck,drilling,roughing,plunge,1.015,2,154,579,0,0.0022,2.51,0,1.015,flood,0,180 DEG. INSERT DRILLS (FLAT).csv
LTH-07,Okuma Multus B250II,,5000,22,Default Preset,drill,17-4 PH (M),M,Drill,drilling,roughing,conventional,1.015,2,165,620,0,0.0043,5.37,0,1.015,flood,0,180 DEG. INSERT DRILLS (FLAT).csv
LTH-07,Okuma Multus B250II,,5000,22,Default Preset,drill,17-4 PH (M),M,Peck,drilling,roughing,plunge,1.015,2,115,434,0,0.0022,1.88,0,1.015,flood,0,180 DEG. INSERT DRILLS (FLAT).csv
LTH-07,Okuma Multus B250II,,5000,22,Default Preset,drill,2205 Duplex (M),M,Drill,drilling,roughing,conventional,1.015,2,137,517,0,0.0043,4.48,0,1.015,flood,0,180 DEG. INSERT DRILLS (FLAT).csv
LTH-07,Okuma Multus B250II,,5000,22,Default Preset,drill,2205 Duplex (M),M,Peck,drilling,roughing,plunge,1.015,2,96,362,0,0.0022,1.57,0,1.015,flood,0,180 DEG. INSERT DRILLS (FLAT).csv
LTH-07,Okuma Multus B250II,,5000,22,Default Preset,drill,304/316 SS (M),M,Drill,drilling,roughing,conventional,1.031,2,220,814,0,0.0044,7.08,0,1.0311,flood,0,180 DEG. INSERT DRILLS (FLAT).csv
LTH-07,Okuma Multus B250II,,5000,22,Default Preset,drill,304/316 SS (M),M,Peck,drilling,roughing,plunge,1.031,2,154,570,0,0.0022,2.48,0,1.0311,flood,0,180 DEG. INSERT DRILLS (FLAT).csv
LTH-07,Okuma Multus B250II,,5000,22,Default Preset,drill,17-4 PH (M),M,Drill,drilling,roughing,conventional,1.031,2,165,611,0,0.0044,5.32,0,1.0311,flood,0,180 DEG. INSERT DRILLS (FLAT).csv
LTH-07,Okuma Multus B250II,,5000,22,Default Preset,drill,17-4 PH (M),M,Peck,drilling,roughing,plunge,1.031,2,115,428,0,0.0022,1.86,0,1.0311,flood,0,180 DEG. INSERT DRILLS (FLAT).csv
LTH-07,Okuma Multus B250II,,5000,22,Default Preset,drill,2205 Duplex (M),M,Drill,drilling,roughing,conventional,1.031,2,137,509,0,0.0044,4.43,0,1.0311,flood,0,180 DEG. INSERT DRILLS (FLAT).csv
LTH-07,Okuma Multus B250II,,5000,22,Default Preset,drill,2205 Duplex (M),M,Peck,drilling,roughing,plunge,1.031,2,96,356,0,0.0022,1.55,0,1.0311,flood,0,180 DEG. INSERT DRILLS (FLAT).csv
LTH-07,Okuma Multus B250II,,5000,22,Default Preset,drill,304/316 SS (M),M,Drill,drilling,roughing,conventional,1.063,2,220,790,0,0.0044,6.97,0,1.063,flood,0,180 DEG. INSERT DRILLS (FLAT).csv
LTH-07,Okuma Multus B250II,,5000,22,Default Preset,drill,304/316 SS (M),M,Peck,drilling,roughing,plunge,1.063,2,154,553,0,0.0022,2.44,0,1.063,flood,0,180 DEG. INSERT DRILLS (FLAT).csv
LTH-07,Okuma Multus B250II,,5000,22,Default Preset,drill,17-4 PH (M),M,Drill,drilling,roughing,conventional,1.063,2,165,592,0,0.0044,5.22,0,1.063,flood,0,180 DEG. INSERT DRILLS (FLAT).csv
LTH-07,Okuma Multus B250II,,5000,22,Default Preset,drill,17-4 PH (M),M,Peck,drilling,roughing,plunge,1.063,2,115,415,0,0.0022,1.83,0,1.063,flood,0,180 DEG. INSERT DRILLS (FLAT).csv
LTH-07,Okuma Multus B250II,,5000,22,Default Preset,drill,2205 Duplex (M),M,Drill,drilling,roughing,conventional,1.063,2,137,494,0,0.0044,4.36,0,1.063,flood,0,180 DEG. INSERT DRILLS (FLAT).csv
LTH-07,Okuma Multus B250II,,5000,22,Default Preset,drill,2205 Duplex (M),M,Peck,drilling,roughing,plunge,1.063,2,96,346,0,0.0022,1.53,0,1.063,flood,0,180 DEG. INSERT DRILLS (FLAT).csv
LTH-07,Okuma Multus B250II,,5000,22,Default Preset,drill,304/316 SS (M),M,Drill,drilling,roughing,conventional,1.093,2,220,768,0,0.0044,6.83,0,1.0929,flood,0,180 DEG. INSERT DRILLS (FLAT).csv
LTH-07,Okuma Multus B250II,,5000,22,Default Preset,drill,304/316 SS (M),M,Peck,drilling,roughing,plunge,1.093,2,154,538,0,0.0022,2.39,0,1.0929,flood,0,180 DEG. INSERT DRILLS (FLAT).csv
LTH-07,Okuma Multus B250II,,5000,22,Default Preset,drill,17-4 PH (M),M,Drill,drilling,roughing,conventional,1.093,2,165,576,0,0.0044,5.13,0,1.0929,flood,0,180 DEG. INSERT DRILLS (FLAT).csv
LTH-07,Okuma Multus B250II,,5000,22,Default Preset,drill,17-4 PH (M),M,Peck,drilling,roughing,plunge,1.093,2,115,403,0,0.0022,1.79,0,1.0929,flood,0,180 DEG. INSERT DRILLS (FLAT).csv
LTH-07,Okuma Multus B250II,,5000,22,Default Preset,drill,2205 Duplex (M),M,Drill,drilling,roughing,conventional,1.093,2,137,480,0,0.0044,4.27,0,1.0929,flood,0,180 DEG. INSERT DRILLS (FLAT).csv
LTH-07,Okuma Multus B250II,,5000,22,Default Preset,drill,2205 Duplex (M),M,Peck,drilling,roughing,plunge,1.093,2,96,336,0,0.0022,1.49,0,1.0929,flood,0,180 DEG. INSERT DRILLS (FLAT).csv
LTH-07,Okuma Multus B250II,,5000,22,Default Preset,drill,304/316 SS (M),M,Drill,drilling,roughing,conventional,1.125,2,220,746,0,0.0045,6.73,0,1.1252,flood,0,180 DEG. INSERT DRILLS (FLAT).csv
LTH-07,Okuma Multus B250II,,5000,22,Default Preset,drill,304/316 SS (M),M,Peck,drilling,roughing,plunge,1.125,2,154,522,0,0.0023,2.35,0,1.1252,flood,0,180 DEG. INSERT DRILLS (FLAT).csv
LTH-07,Okuma Multus B250II,,5000,22,Default Preset,drill,17-4 PH (M),M,Drill,drilling,roughing,conventional,1.125,2,165,560,0,0.0045,5.05,0,1.1252,flood,0,180 DEG. INSERT DRILLS (FLAT).csv
LTH-07,Okuma Multus B250II,,5000,22,Default Preset,drill,17-4 PH (M),M,Peck,drilling,roughing,plunge,1.125,2,115,392,0,0.0023,1.77,0,1.1252,flood,0,180 DEG. INSERT DRILLS (FLAT).csv
LTH-07,Okuma Multus B250II,,5000,22,Default Preset,drill,2205 Duplex (M),M,Drill,drilling,roughing,conventional,1.125,2,137,466,0,0.0045,4.2,0,1.1252,flood,0,180 DEG. INSERT DRILLS (FLAT).csv
LTH-07,Okuma Multus B250II,,5000,22,Default Preset,drill,2205 Duplex (M),M,Peck,drilling,roughing,plunge,1.125,2,96,327,0,0.0023,1.47,0,1.1252,flood,0,180 DEG. INSERT DRILLS (FLAT).csv
LTH-07,Okuma Multus B250II,,5000,22,Default Preset,drill,304/316 SS (M),M,Drill,drilling,roughing,conventional,1.156,2,220,726,0,0.0046,6.63,0,1.1559,flood,0,180 DEG. INSERT DRILLS (FLAT).csv
LTH-07,Okuma Multus B250II,,5000,22,Default Preset,drill,304/316 SS (M),M,Peck,drilling,roughing,plunge,1.156,2,154,508,0,0.0023,2.32,0,1.1559,flood,0,180 DEG. INSERT DRILLS (FLAT).csv
LTH-07,Okuma Multus B250II,,5000,22,Default Preset,drill,17-4 PH (M),M,Drill,drilling,roughing,conventional,1.156,2,165,545,0,0.0046,4.98,0,1.1559,flood,0,180 DEG. INSERT DRILLS (FLAT).csv
LTH-07,Okuma Multus B250II,,5000,22,Default Preset,drill,17-4 PH (M),M,Peck,drilling,roughing,plunge,1.156,2,115,381,0,0.0023,1.74,0,1.1559,flood,0,180 DEG. INSERT DRILLS (FLAT).csv
LTH-07,Okuma Multus B250II,,5000,22,Default Preset,drill,2205 Duplex (M),M,Drill,drilling,roughing,conventional,1.156,2,137,454,0,0.0046,4.15,0,1.1559,flood,0,180 DEG. INSERT DRILLS (FLAT).csv
LTH-07,Okuma Multus B250II,,5000,22,Default Preset,drill,2205 Duplex (M),M,Peck,drilling,roughing,plunge,1.156,2,96,318,0,0.0023,1.45,0,1.1559,flood,0,180 DEG. INSERT DRILLS (FLAT).csv
LTH-07,Okuma Multus B250II,,5000,22,Default Preset,drill,304/316 SS (M),M,Drill,drilling,roughing,conventional,1.1875,2,220,707,0,0.0046,6.51,0,1.1874,flood,0,180 DEG. INSERT DRILLS (FLAT).csv
LTH-07,Okuma Multus B250II,,5000,22,Default Preset,drill,304/316 SS (M),M,Peck,drilling,roughing,plunge,1.1875,2,154,495,0,0.0023,2.28,0,1.1874,flood,0,180 DEG. INSERT DRILLS (FLAT).csv
LTH-07,Okuma Multus B250II,,5000,22,Default Preset,drill,17-4 PH (M),M,Drill,drilling,roughing,conventional,1.1875,2,165,530,0,0.0046,4.88,0,1.1874,flood,0,180 DEG. INSERT DRILLS (FLAT).csv
LTH-07,Okuma Multus B250II,,5000,22,Default Preset,drill,17-4 PH (M),M,Peck,drilling,roughing,plunge,1.1875,2,115,371,0,0.0023,1.71,0,1.1874,flood,0,180 DEG. INSERT DRILLS (FLAT).csv
LTH-07,Okuma Multus B250II,,5000,22,Default Preset,drill,2205 Duplex (M),M,Drill,drilling,roughing,conventional,1.1875,2,137,442,0,0.0046,4.07,0,1.1874,flood,0,180 DEG. INSERT DRILLS (FLAT).csv
LTH-07,Okuma Multus B250II,,5000,22,Default Preset,drill,2205 Duplex (M),M,Peck,drilling,roughing,plunge,1.1875,2,96,309,0,0.0023,1.42,0,1.1874,flood,0,180 DEG. INSERT DRILLS (FLAT).csv
LTH-07,Okuma Multus B250II,,5000,22,Default Preset,drill,304/316 SS (M),M,Drill,drilling,roughing,conventional,1.218,2,220,689,0,0.0047,6.43,0,1.2181,flood,0,180 DEG. INSERT DRILLS (FLAT).csv
LTH-07,Okuma Multus B250II,,5000,22,Default Preset,drill,304/316 SS (M),M,Peck,drilling,roughing,plunge,1.218,2,154,483,0,0.0023,2.25,0,1.2181,flood,0,180 DEG. INSERT DRILLS (FLAT).csv
LTH-07,Okuma Multus B250II,,5000,22,Default Preset,drill,17-4 PH (M),M,Drill,drilling,roughing,conventional,1.218,2,165,517,0,0.0047,4.82,0,1.2181,flood,0,180 DEG. INSERT DRILLS (FLAT).csv
LTH-07,Okuma Multus B250II,,5000,22,Default Preset,drill,17-4 PH (M),M,Peck,drilling,roughing,plunge,1.218,2,115,362,0,0.0023,1.69,0,1.2181,flood,0,180 DEG. INSERT DRILLS (FLAT).csv
LTH-07,Okuma Multus B250II,,5000,22,Default Preset,drill,2205 Duplex (M),M,Drill,drilling,roughing,conventional,1.218,2,137,431,0,0.0047,4.02,0,1.2181,flood,0,180 DEG. INSERT DRILLS (FLAT).csv
LTH-07,Okuma Multus B250II,,5000,22,Default Preset,drill,2205 Duplex (M),M,Peck,drilling,roughing,plunge,1.218,2,96,302,0,0.0023,1.41,0,1.2181,flood,0,180 DEG. INSERT DRILLS (FLAT).csv
LTH-07,Okuma Multus B250II,,5000,22,Default Preset,drill,304/316 SS (M),M,Drill,drilling,roughing,conventional,1.234,2,220,680,0,0.0047,6.37,0,1.2339,flood,0,180 DEG. INSERT DRILLS (FLAT).csv
LTH-07,Okuma Multus B250II,,5000,22,Default Preset,drill,304/316 SS (M),M,Peck,drilling,roughing,plunge,1.234,2,154,476,0,0.0023,2.23,0,1.2339,flood,0,180 DEG. INSERT DRILLS (FLAT).csv
LTH-07,Okuma Multus B250II,,5000,22,Default Preset,drill,17-4 PH (M),M,Drill,drilling,roughing,conventional,1.234,2,165,510,0,0.0047,4.78,0,1.2339,flood,0,180 DEG. INSERT DRILLS (FLAT).csv
LTH-07,Okuma Multus B250II,,5000,22,Default Preset,drill,17-4 PH (M),M,Peck,drilling,roughing,plunge,1.234,2,115,357,0,0.0023,1.67,0,1.2339,flood,0,180 DEG. INSERT DRILLS (FLAT).csv
LTH-07,Okuma Multus B250II,,5000,22,Default Preset,drill,2205 Duplex (M),M,Drill,drilling,roughing,conventional,1.234,2,137,425,0,0.0047,3.98,0,1.2339,flood,0,180 DEG. INSERT DRILLS (FLAT).csv
LTH-07,Okuma Multus B250II,,5000,22,Default Preset,drill,2205 Duplex (M),M,Peck,drilling,roughing,plunge,1.234,2,96,298,0,0.0023,1.4,0,1.2339,flood,0,180 DEG. INSERT DRILLS (FLAT).csv
LTH-07,Okuma Multus B250II,,5000,22,Default Preset,drill,304/316 SS (M),M,Drill,drilling,roughing,conventional,1.281,2,220,655,0,0.0048,6.24,0,1.2811,flood,0,180 DEG. INSERT DRILLS (FLAT).csv
LTH-07,Okuma Multus B250II,,5000,22,Default Preset,drill,304/316 SS (M),M,Peck,drilling,roughing,plunge,1.281,2,154,459,0,0.0024,2.19,0,1.2811,flood,0,180 DEG. INSERT DRILLS (FLAT).csv
LTH-07,Okuma Multus B250II,,5000,22,Default Preset,drill,17-4 PH (M),M,Drill,drilling,roughing,conventional,1.281,2,165,492,0,0.0048,4.69,0,1.2811,flood,0,180 DEG. INSERT DRILLS (FLAT).csv
LTH-07,Okuma Multus B250II,,5000,22,Default Preset,drill,17-4 PH (M),M,Peck,drilling,roughing,plunge,1.281,2,115,344,0,0.0024,1.64,0,1.2811,flood,0,180 DEG. INSERT DRILLS (FLAT).csv
LTH-07,Okuma Multus B250II,,5000,22,Default Preset,drill,2205 Duplex (M),M,Drill,drilling,roughing,conventional,1.281,2,137,410,0,0.0048,3.91,0,1.2811,flood,0,180 DEG. INSERT DRILLS (FLAT).csv
LTH-07,Okuma Multus B250II,,5000,22,Default Preset,drill,2205 Duplex (M),M,Peck,drilling,roughing,plunge,1.281,2,96,287,0,0.0024,1.37,0,1.2811,flood,0,180 DEG. INSERT DRILLS (FLAT).csv
LTH-07,Okuma Multus B250II,,5000,22,Default Preset,drill,304/316 SS (M),M,Drill,drilling,roughing,conventional,1.3125,2,220,640,0,0.0048,6.15,0,1.3126,flood,0,180 DEG. INSERT DRILLS (FLAT).csv
LTH-07,Okuma Multus B250II,,5000,22,Default Preset,drill,304/316 SS (M),M,Peck,drilling,roughing,plunge,1.3125,2,154,448,0,0.0024,2.15,0,1.3126,flood,0,180 DEG. INSERT DRILLS (FLAT).csv
LTH-07,Okuma Multus B250II,,5000,22,Default Preset,drill,17-4 PH (M),M,Drill,drilling,roughing,conventional,1.3125,2,165,480,0,0.0048,4.61,0,1.3126,flood,0,180 DEG. INSERT DRILLS (FLAT).csv
LTH-07,Okuma Multus B250II,,5000,22,Default Preset,drill,17-4 PH (M),M,Peck,drilling,roughing,plunge,1.3125,2,115,336,0,0.0024,1.61,0,1.3126,flood,0,180 DEG. INSERT DRILLS (FLAT).csv
LTH-07,Okuma Multus B250II,,5000,22,Default Preset,drill,2205 Duplex (M),M,Drill,drilling,roughing,conventional,1.3125,2,137,400,0,0.0048,3.84,0,1.3126,flood,0,180 DEG. INSERT DRILLS (FLAT).csv
LTH-07,Okuma Multus B250II,,5000,22,Default Preset,drill,2205 Duplex (M),M,Peck,drilling,roughing,plunge,1.3125,2,96,280,0,0.0024,1.34,0,1.3126,flood,0,180 DEG. INSERT DRILLS (FLAT).csv
LTH-07,Okuma Multus B250II,,5000,22,Default Preset,drill,304/316 SS (M),M,Drill,drilling,roughing,conventional,1.35,2,220,622,0,0.0048,6.02,0,1.35,flood,0,180 DEG. INSERT DRILLS (FLAT).csv
LTH-07,Okuma Multus B250II,,5000,22,Default Preset,drill,304/316 SS (M),M,Peck,drilling,roughing,plunge,1.35,2,154,435,0,0.0024,2.11,0,1.35,flood,0,180 DEG. INSERT DRILLS (FLAT).csv
LTH-07,Okuma Multus B250II,,5000,22,Default Preset,drill,17-4 PH (M),M,Drill,drilling,roughing,conventional,1.35,2,165,466,0,0.0048,4.51,0,1.35,flood,0,180 DEG. INSERT DRILLS (FLAT).csv
LTH-07,Okuma Multus B250II,,5000,22,Default Preset,drill,17-4 PH (M),M,Peck,drilling,roughing,plunge,1.35,2,115,327,0,0.0024,1.58,0,1.35,flood,0,180 DEG. INSERT DRILLS (FLAT).csv
LTH-07,Okuma Multus B250II,,5000,22,Default Preset,drill,2205 Duplex (M),M,Drill,drilling,roughing,conventional,1.35,2,137,389,0,0.0048,3.77,0,1.35,flood,0,180 DEG. INSERT DRILLS (FLAT).csv
LTH-07,Okuma Multus B250II,,5000,22,Default Preset,drill,2205 Duplex (M),M,Peck,drilling,roughing,plunge,1.35,2,96,272,0,0.0024,1.32,0,1.35,flood,0,180 DEG. INSERT DRILLS (FLAT).csv
LTH-07,Okuma Multus B250II,,5000,22,Default Preset,drill,304/316 SS (M),M,Drill,drilling,roughing,conventional,1.375,2,220,611,0,0.0049,5.97,0,1.3748,flood,0,180 DEG. INSERT DRILLS (FLAT).csv
LTH-07,Okuma Multus B250II,,5000,22,Default Preset,drill,304/316 SS (M),M,Peck,drilling,roughing,plunge,1.375,2,154,427,0,0.0024,2.08,0,1.3748,flood,0,180 DEG. INSERT DRILLS (FLAT).csv
LTH-07,Okuma Multus B250II,,5000,22,Default Preset,drill,17-4 PH (M),M,Drill,drilling,roughing,conventional,1.375,2,165,458,0,0.0049,4.47,0,1.3748,flood,0,180 DEG. INSERT DRILLS (FLAT).csv
LTH-07,Okuma Multus B250II,,5000,22,Default Preset,drill,17-4 PH (M),M,Peck,drilling,roughing,plunge,1.375,2,115,321,0,0.0024,1.57,0,1.3748,flood,0,180 DEG. INSERT DRILLS (FLAT).csv
LTH-07,Okuma Multus B250II,,5000,22,Default Preset,drill,2205 Duplex (M),M,Drill,drilling,roughing,conventional,1.375,2,137,382,0,0.0049,3.73,0,1.3748,flood,0,180 DEG. INSERT DRILLS (FLAT).csv
LTH-07,Okuma Multus B250II,,5000,22,Default Preset,drill,2205 Duplex (M),M,Peck,drilling,roughing,plunge,1.375,2,96,267,0,0.0024,1.3,0,1.3748,flood,0,180 DEG. INSERT DRILLS (FLAT).csv
LTH-07,Okuma Multus B250II,,5000,22,Default Preset,drill,304/316 SS (M),M,Drill,drilling,roughing,conventional,1.406,2,220,597,0,0.0049,5.88,0,1.4059,flood,0,180 DEG. INSERT DRILLS (FLAT).csv
LTH-07,Okuma Multus B250II,,5000,22,Default Preset,drill,304/316 SS (M),M,Peck,drilling,roughing,plunge,1.406,2,154,418,0,0.0025,2.06,0,1.4059,flood,0,180 DEG. INSERT DRILLS (FLAT).csv
LTH-07,Okuma Multus B250II,,5000,22,Default Preset,drill,17-4 PH (M),M,Drill,drilling,roughing,conventional,1.406,2,165,448,0,0.0049,4.41,0,1.4059,flood,0,180 DEG. INSERT DRILLS (FLAT).csv
LTH-07,Okuma Multus B250II,,5000,22,Default Preset,drill,17-4 PH (M),M,Peck,drilling,roughing,plunge,1.406,2,115,314,0,0.0025,1.55,0,1.4059,flood,0,180 DEG. INSERT DRILLS (FLAT).csv
LTH-07,Okuma Multus B250II,,5000,22,Default Preset,drill,2205 Duplex (M),M,Drill,drilling,roughing,conventional,1.406,2,137,373,0,0.0049,3.67,0,1.4059,flood,0,180 DEG. INSERT DRILLS (FLAT).csv
LTH-07,Okuma Multus B250II,,5000,22,Default Preset,drill,2205 Duplex (M),M,Peck,drilling,roughing,plunge,1.406,2,96,261,0,0.0025,1.28,0,1.4059,flood,0,180 DEG. INSERT DRILLS (FLAT).csv
LTH-07,Okuma Multus B250II,,5000,22,Default Preset,drill,304/316 SS (M),M,Drill,drilling,roughing,conventional,1.5,2,220,560,0,0.0051,5.67,0,1.5,flood,0,180 DEG. INSERT DRILLS (FLAT).csv
LTH-07,Okuma Multus B250II,,5000,22,Default Preset,drill,304/316 SS (M),M,Peck,drilling,roughing,plunge,1.5,2,154,392,0,0.0025,1.98,0,1.5,flood,0,180 DEG. INSERT DRILLS (FLAT).csv
LTH-07,Okuma Multus B250II,,5000,22,Default Preset,drill,17-4 PH (M),M,Drill,drilling,roughing,conventional,1.5,2,165,420,0,0.0051,4.25,0,1.5,flood,0,180 DEG. INSERT DRILLS (FLAT).csv
LTH-07,Okuma Multus B250II,,5000,22,Default Preset,drill,17-4 PH (M),M,Peck,drilling,roughing,plunge,1.5,2,115,294,0,0.0025,1.49,0,1.5,flood,0,180 DEG. INSERT DRILLS (FLAT).csv
LTH-07,Okuma Multus B250II,,5000,22,Default Preset,drill,2205 Duplex (M),M,Drill,drilling,roughing,conventional,1.5,2,137,350,0,0.0051,3.54,0,1.5,flood,0,180 DEG. INSERT DRILLS (FLAT).csv
LTH-07,Okuma Multus B250II,,5000,22,Default Preset,drill,2205 Duplex (M),M,Peck,drilling,roughing,plunge,1.5,2,96,245,0,0.0025,1.24,0,1.5,flood,0,180 DEG. INSERT DRILLS (FLAT).csv
LTH-07,Okuma Multus B250II,,5000,22,Default preset,turning boring,304/316 SS (M),M,Bore Rough,turning,roughing,conventional,0.1563,1,476,,0,0.0049,,0.0984,0.1563,flood,1,BORING  BARS - FINISHING.csv
LTH-07,Okuma Multus B250II,,5000,22,Default preset,turning boring,304/316 SS (M),M,Bore Finish,turning,finishing,conventional,0.1563,1,558,,0,0.0024,,0.0157,0.1563,flood,1,BORING  BARS - FINISHING.csv
LTH-07,Okuma Multus B250II,,5000,22,Default preset,turning boring,17-4 PH (M),M,Bore Rough,turning,roughing,conventional,0.1563,1,357,,0,0.0049,,0.0984,0.1563,flood,1,BORING  BARS - FINISHING.csv
LTH-07,Okuma Multus B250II,,5000,22,Default preset,turning boring,17-4 PH (M),M,Bore Finish,turning,finishing,conventional,0.1563,1,418,,0,0.0024,,0.0157,0.1563,flood,1,BORING  BARS - FINISHING.csv
LTH-07,Okuma Multus B250II,,5000,22,Default preset,turning boring,2205 Duplex (M),M,Bore Rough,turning,roughing,conventional,0.1563,1,297,,0,0.0049,,0.0984,0.1563,flood,1,BORING  BARS - FINISHING.csv
LTH-07,Okuma Multus B250II,,5000,22,Default preset,turning boring,2205 Duplex (M),M,Bore Finish,turning,finishing,conventional,0.1563,1,349,,0,0.0024,,0.0157,0.1563,flood,1,BORING  BARS - FINISHING.csv
LTH-07,Okuma Multus B250II,,5000,22,Default preset,turning boring,304/316 SS (M),M,Bore Rough,turning,roughing,conventional,0.25,1,476,,0,0.0061,,0.0984,0.25,flood,1,BORING  BARS - FINISHING.csv
LTH-07,Okuma Multus B250II,,5000,22,Default preset,turning boring,304/316 SS (M),M,Bore Finish,turning,finishing,conventional,0.25,1,558,,0,0.0029,,0.0157,0.25,flood,1,BORING  BARS - FINISHING.csv
LTH-07,Okuma Multus B250II,,5000,22,Default preset,turning boring,17-4 PH (M),M,Bore Rough,turning,roughing,conventional,0.25,1,357,,0,0.0061,,0.0984,0.25,flood,1,BORING  BARS - FINISHING.csv
LTH-07,Okuma Multus B250II,,5000,22,Default preset,turning boring,17-4 PH (M),M,Bore Finish,turning,finishing,conventional,0.25,1,418,,0,0.0029,,0.0157,0.25,flood,1,BORING  BARS - FINISHING.csv
LTH-07,Okuma Multus B250II,,5000,22,Default preset,turning boring,2205 Duplex (M),M,Bore Rough,turning,roughing,conventional,0.25,1,297,,0,0.0061,,0.0984,0.25,flood,1,BORING  BARS - FINISHING.csv
LTH-07,Okuma Multus B250II,,5000,22,Default preset,turning boring,2205 Duplex (M),M,Bore Finish,turning,finishing,conventional,0.25,1,349,,0,0.0029,,0.0157,0.25,flood,1,BORING  BARS - FINISHING.csv
LTH-07,Okuma Multus B250II,,5000,22,Default preset,turning boring,304/316 SS (M),M,Bore Rough,turning,roughing,conventional,0.25,1,476,,0,0.0061,,0.0984,0.25,flood,1,BORING  BARS - FINISHING.csv
LTH-07,Okuma Multus B250II,,5000,22,Default preset,turning boring,304/316 SS (M),M,Bore Finish,turning,finishing,conventional,0.25,1,558,,0,0.0029,,0.0157,0.25,flood,1,BORING  BARS - FINISHING.csv
LTH-07,Okuma Multus B250II,,5000,22,Default preset,turning boring,17-4 PH (M),M,Bore Rough,turning,roughing,conventional,0.25,1,357,,0,0.0061,,0.0984,0.25,flood,1,BORING  BARS - FINISHING.csv
LTH-07,Okuma Multus B250II,,5000,22,Default preset,turning boring,17-4 PH (M),M,Bore Finish,turning,finishing,conventional,0.25,1,418,,0,0.0029,,0.0157,0.25,flood,1,BORING  BARS - FINISHING.csv
LTH-07,Okuma Multus B250II,,5000,22,Default preset,turning boring,2205 Duplex (M),M,Bore Rough,turning,roughing,conventional,0.25,1,297,,0,0.0061,,0.0984,0.25,flood,1,BORING  BARS - FINISHING.csv
LTH-07,Okuma Multus B250II,,5000,22,Default preset,turning boring,2205 Duplex (M),M,Bore Finish,turning,finishing,conventional,0.25,1,349,,0,0.0029,,0.0157,0.25,flood,1,BORING  BARS - FINISHING.csv
LTH-07,Okuma Multus B250II,,5000,22,Default preset,turning boring,304/316 SS (M),M,Bore Rough,turning,roughing,conventional,0.25,1,476,,0,0.0061,,0.0984,0.25,flood,1,BORING  BARS - FINISHING.csv
LTH-07,Okuma Multus B250II,,5000,22,Default preset,turning boring,304/316 SS (M),M,Bore Finish,turning,finishing,conventional,0.25,1,558,,0,0.0029,,0.0157,0.25,flood,1,BORING  BARS - FINISHING.csv
LTH-07,Okuma Multus B250II,,5000,22,Default preset,turning boring,17-4 PH (M),M,Bore Rough,turning,roughing,conventional,0.25,1,357,,0,0.0061,,0.0984,0.25,flood,1,BORING  BARS - FINISHING.csv
LTH-07,Okuma Multus B250II,,5000,22,Default preset,turning boring,17-4 PH (M),M,Bore Finish,turning,finishing,conventional,0.25,1,418,,0,0.0029,,0.0157,0.25,flood,1,BORING  BARS - FINISHING.csv
LTH-07,Okuma Multus B250II,,5000,22,Default preset,turning boring,2205 Duplex (M),M,Bore Rough,turning,roughing,conventional,0.25,1,297,,0,0.0061,,0.0984,0.25,flood,1,BORING  BARS - FINISHING.csv
LTH-07,Okuma Multus B250II,,5000,22,Default preset,turning boring,2205 Duplex (M),M,Bore Finish,turning,finishing,conventional,0.25,1,349,,0,0.0029,,0.0157,0.25,flood,1,BORING  BARS - FINISHING.csv
LTH-07,Okuma Multus B250II,,5000,22,Default preset,turning boring,304/316 SS (M),M,Bore Rough,turning,roughing,conventional,0.25,1,476,,0,0.0061,,0.0984,0.25,flood,1,BORING  BARS - FINISHING.csv
LTH-07,Okuma Multus B250II,,5000,22,Default preset,turning boring,304/316 SS (M),M,Bore Finish,turning,finishing,conventional,0.25,1,558,,0,0.0029,,0.0157,0.25,flood,1,BORING  BARS - FINISHING.csv
LTH-07,Okuma Multus B250II,,5000,22,Default preset,turning boring,17-4 PH (M),M,Bore Rough,turning,roughing,conventional,0.25,1,357,,0,0.0061,,0.0984,0.25,flood,1,BORING  BARS - FINISHING.csv
LTH-07,Okuma Multus B250II,,5000,22,Default preset,turning boring,17-4 PH (M),M,Bore Finish,turning,finishing,conventional,0.25,1,418,,0,0.0029,,0.0157,0.25,flood,1,BORING  BARS - FINISHING.csv
LTH-07,Okuma Multus B250II,,5000,22,Default preset,turning boring,2205 Duplex (M),M,Bore Rough,turning,roughing,conventional,0.25,1,297,,0,0.0061,,0.0984,0.25,flood,1,BORING  BARS - FINISHING.csv
LTH-07,Okuma Multus B250II,,5000,22,Default preset,turning boring,2205 Duplex (M),M,Bore Finish,turning,finishing,conventional,0.25,1,349,,0,0.0029,,0.0157,0.25,flood,1,BORING  BARS - FINISHING.csv
LTH-07,Okuma Multus B250II,,5000,22,Default preset,turning boring,304/316 SS (M),M,Bore Rough,turning,roughing,conventional,0.25,1,476,,0,0.0061,,0.0984,0.25,flood,1,BORING  BARS - FINISHING.csv
LTH-07,Okuma Multus B250II,,5000,22,Default preset,turning boring,304/316 SS (M),M,Bore Finish,turning,finishing,conventional,0.25,1,558,,0,0.0029,,0.0157,0.25,flood,1,BORING  BARS - FINISHING.csv
LTH-07,Okuma Multus B250II,,5000,22,Default preset,turning boring,17-4 PH (M),M,Bore Rough,turning,roughing,conventional,0.25,1,357,,0,0.0061,,0.0984,0.25,flood,1,BORING  BARS - FINISHING.csv
LTH-07,Okuma Multus B250II,,5000,22,Default preset,turning boring,17-4 PH (M),M,Bore Finish,turning,finishing,conventional,0.25,1,418,,0,0.0029,,0.0157,0.25,flood,1,BORING  BARS - FINISHING.csv
LTH-07,Okuma Multus B250II,,5000,22,Default preset,turning boring,2205 Duplex (M),M,Bore Rough,turning,roughing,conventional,0.25,1,297,,0,0.0061,,0.0984,0.25,flood,1,BORING  BARS - FINISHING.csv
LTH-07,Okuma Multus B250II,,5000,22,Default preset,turning boring,2205 Duplex (M),M,Bore Finish,turning,finishing,conventional,0.25,1,349,,0,0.0029,,0.0157,0.25,flood,1,BORING  BARS - FINISHING.csv
LTH-07,Okuma Multus B250II,,5000,22,Default preset,turning boring,304/316 SS (M),M,Bore Rough,turning,roughing,conventional,0.25,1,476,,0,0.0061,,0.0984,0.25,flood,1,BORING  BARS - FINISHING.csv
LTH-07,Okuma Multus B250II,,5000,22,Default preset,turning boring,304/316 SS (M),M,Bore Finish,turning,finishing,conventional,0.25,1,558,,0,0.0029,,0.0157,0.25,flood,1,BORING  BARS - FINISHING.csv
LTH-07,Okuma Multus B250II,,5000,22,Default preset,turning boring,17-4 PH (M),M,Bore Rough,turning,roughing,conventional,0.25,1,357,,0,0.0061,,0.0984,0.25,flood,1,BORING  BARS - FINISHING.csv
LTH-07,Okuma Multus B250II,,5000,22,Default preset,turning boring,17-4 PH (M),M,Bore Finish,turning,finishing,conventional,0.25,1,418,,0,0.0029,,0.0157,0.25,flood,1,BORING  BARS - FINISHING.csv
LTH-07,Okuma Multus B250II,,5000,22,Default preset,turning boring,2205 Duplex (M),M,Bore Rough,turning,roughing,conventional,0.25,1,297,,0,0.0061,,0.0984,0.25,flood,1,BORING  BARS - FINISHING.csv
LTH-07,Okuma Multus B250II,,5000,22,Default preset,turning boring,2205 Duplex (M),M,Bore Finish,turning,finishing,conventional,0.25,1,349,,0,0.0029,,0.0157,0.25,flood,1,BORING  BARS - FINISHING.csv
LTH-07,Okuma Multus B250II,,5000,22,Default preset,turning boring,304/316 SS (M),M,Bore Rough,turning,roughing,conventional,0.1563,1,476,,0,0.0049,,0.0984,0.1563,flood,1,BORING  BARS - FINISHING.csv
LTH-07,Okuma Multus B250II,,5000,22,Default preset,turning boring,304/316 SS (M),M,Bore Finish,turning,finishing,conventional,0.1563,1,558,,0,0.0024,,0.0157,0.1563,flood,1,BORING  BARS - FINISHING.csv
LTH-07,Okuma Multus B250II,,5000,22,Default preset,turning boring,17-4 PH (M),M,Bore Rough,turning,roughing,conventional,0.1563,1,357,,0,0.0049,,0.0984,0.1563,flood,1,BORING  BARS - FINISHING.csv
LTH-07,Okuma Multus B250II,,5000,22,Default preset,turning boring,17-4 PH (M),M,Bore Finish,turning,finishing,conventional,0.1563,1,418,,0,0.0024,,0.0157,0.1563,flood,1,BORING  BARS - FINISHING.csv
LTH-07,Okuma Multus B250II,,5000,22,Default preset,turning boring,2205 Duplex (M),M,Bore Rough,turning,roughing,conventional,0.1563,1,297,,0,0.0049,,0.0984,0.1563,flood,1,BORING  BARS - FINISHING.csv
LTH-07,Okuma Multus B250II,,5000,22,Default preset,turning boring,2205 Duplex (M),M,Bore Finish,turning,finishing,conventional,0.1563,1,349,,0,0.0024,,0.0157,0.1563,flood,1,BORING  BARS - FINISHING.csv
LTH-07,Okuma Multus B250II,,5000,22,Default preset,turning boring,304/316 SS (M),M,Bore Rough,turning,roughing,conventional,0.25,1,476,,0,0.0061,,0.0984,0.25,flood,1,BORING  BARS - FINISHING.csv
LTH-07,Okuma Multus B250II,,5000,22,Default preset,turning boring,304/316 SS (M),M,Bore Finish,turning,finishing,conventional,0.25,1,558,,0,0.0029,,0.0157,0.25,flood,1,BORING  BARS - FINISHING.csv
LTH-07,Okuma Multus B250II,,5000,22,Default preset,turning boring,17-4 PH (M),M,Bore Rough,turning,roughing,conventional,0.25,1,357,,0,0.0061,,0.0984,0.25,flood,1,BORING  BARS - FINISHING.csv
LTH-07,Okuma Multus B250II,,5000,22,Default preset,turning boring,17-4 PH (M),M,Bore Finish,turning,finishing,conventional,0.25,1,418,,0,0.0029,,0.0157,0.25,flood,1,BORING  BARS - FINISHING.csv
LTH-07,Okuma Multus B250II,,5000,22,Default preset,turning boring,2205 Duplex (M),M,Bore Rough,turning,roughing,conventional,0.25,1,297,,0,0.0061,,0.0984,0.25,flood,1,BORING  BARS - FINISHING.csv
LTH-07,Okuma Multus B250II,,5000,22,Default preset,turning boring,2205 Duplex (M),M,Bore Finish,turning,finishing,conventional,0.25,1,349,,0,0.0029,,0.0157,0.25,flood,1,BORING  BARS - FINISHING.csv
LTH-07,Okuma Multus B250II,,5000,22,Default preset,turning boring,304/316 SS (M),M,Bore Rough,turning,roughing,conventional,0.25,1,476,,0,0.0061,,0.0984,0.25,flood,1,BORING  BARS - FINISHING.csv
LTH-07,Okuma Multus B250II,,5000,22,Default preset,turning boring,304/316 SS (M),M,Bore Finish,turning,finishing,conventional,0.25,1,558,,0,0.0029,,0.0157,0.25,flood,1,BORING  BARS - FINISHING.csv
LTH-07,Okuma Multus B250II,,5000,22,Default preset,turning boring,17-4 PH (M),M,Bore Rough,turning,roughing,conventional,0.25,1,357,,0,0.0061,,0.0984,0.25,flood,1,BORING  BARS - FINISHING.csv
LTH-07,Okuma Multus B250II,,5000,22,Default preset,turning boring,17-4 PH (M),M,Bore Finish,turning,finishing,conventional,0.25,1,418,,0,0.0029,,0.0157,0.25,flood,1,BORING  BARS - FINISHING.csv
LTH-07,Okuma Multus B250II,,5000,22,Default preset,turning boring,2205 Duplex (M),M,Bore Rough,turning,roughing,conventional,0.25,1,297,,0,0.0061,,0.0984,0.25,flood,1,BORING  BARS - FINISHING.csv
LTH-07,Okuma Multus B250II,,5000,22,Default preset,turning boring,2205 Duplex (M),M,Bore Finish,turning,finishing,conventional,0.25,1,349,,0,0.0029,,0.0157,0.25,flood,1,BORING  BARS - FINISHING.csv
LTH-07,Okuma Multus B250II,,5000,22,Default preset,turning boring,304/316 SS (M),M,Bore Rough,turning,roughing,conventional,0.25,1,476,,0,0.0061,,0.0984,0.25,flood,1,BORING  BARS - FINISHING.csv
LTH-07,Okuma Multus B250II,,5000,22,Default preset,turning boring,304/316 SS (M),M,Bore Finish,turning,finishing,conventional,0.25,1,558,,0,0.0029,,0.0157,0.25,flood,1,BORING  BARS - FINISHING.csv
LTH-07,Okuma Multus B250II,,5000,22,Default preset,turning boring,17-4 PH (M),M,Bore Rough,turning,roughing,conventional,0.25,1,357,,0,0.0061,,0.0984,0.25,flood,1,BORING  BARS - FINISHING.csv
LTH-07,Okuma Multus B250II,,5000,22,Default preset,turning boring,17-4 PH (M),M,Bore Finish,turning,finishing,conventional,0.25,1,418,,0,0.0029,,0.0157,0.25,flood,1,BORING  BARS - FINISHING.csv
LTH-07,Okuma Multus B250II,,5000,22,Default preset,turning boring,2205 Duplex (M),M,Bore Rough,turning,roughing,conventional,0.25,1,297,,0,0.0061,,0.0984,0.25,flood,1,BORING  BARS - FINISHING.csv
LTH-07,Okuma Multus B250II,,5000,22,Default preset,turning boring,2205 Duplex (M),M,Bore Finish,turning,finishing,conventional,0.25,1,349,,0,0.0029,,0.0157,0.25,flood,1,BORING  BARS - FINISHING.csv
LTH-07,Okuma Multus B250II,,5000,22,Default preset,turning boring,304/316 SS (M),M,Bore Rough,turning,roughing,conventional,0.25,1,476,,0,0.0061,,0.0984,0.25,flood,1,BORING  BARS - FINISHING.csv
LTH-07,Okuma Multus B250II,,5000,22,Default preset,turning boring,304/316 SS (M),M,Bore Finish,turning,finishing,conventional,0.25,1,558,,0,0.0029,,0.0157,0.25,flood,1,BORING  BARS - FINISHING.csv
LTH-07,Okuma Multus B250II,,5000,22,Default preset,turning boring,17-4 PH (M),M,Bore Rough,turning,roughing,conventional,0.25,1,357,,0,0.0061,,0.0984,0.25,flood,1,BORING  BARS - FINISHING.csv
LTH-07,Okuma Multus B250II,,5000,22,Default preset,turning boring,17-4 PH (M),M,Bore Finish,turning,finishing,conventional,0.25,1,418,,0,0.0029,,0.0157,0.25,flood,1,BORING  BARS - FINISHING.csv
LTH-07,Okuma Multus B250II,,5000,22,Default preset,turning boring,2205 Duplex (M),M,Bore Rough,turning,roughing,conventional,0.25,1,297,,0,0.0061,,0.0984,0.25,flood,1,BORING  BARS - FINISHING.csv
LTH-07,Okuma Multus B250II,,5000,22,Default preset,turning boring,2205 Duplex (M),M,Bore Finish,turning,finishing,conventional,0.25,1,349,,0,0.0029,,0.0157,0.25,flood,1,BORING  BARS - FINISHING.csv
LTH-07,Okuma Multus B250II,,5000,22,Default preset,turning boring,304/316 SS (M),M,Bore Rough,turning,roughing,conventional,0.25,1,476,,0,0.0061,,0.0984,0.25,flood,1,BORING  BARS - FINISHING.csv
LTH-07,Okuma Multus B250II,,5000,22,Default preset,turning boring,304/316 SS (M),M,Bore Finish,turning,finishing,conventional,0.25,1,558,,0,0.0029,,0.0157,0.25,flood,1,BORING  BARS - FINISHING.csv
LTH-07,Okuma Multus B250II,,5000,22,Default preset,turning boring,17-4 PH (M),M,Bore Rough,turning,roughing,conventional,0.25,1,357,,0,0.0061,,0.0984,0.25,flood,1,BORING  BARS - FINISHING.csv
LTH-07,Okuma Multus B250II,,5000,22,Default preset,turning boring,17-4 PH (M),M,Bore Finish,turning,finishing,conventional,0.25,1,418,,0,0.0029,,0.0157,0.25,flood,1,BORING  BARS - FINISHING.csv
LTH-07,Okuma Multus B250II,,5000,22,Default preset,turning boring,2205 Duplex (M),M,Bore Rough,turning,roughing,conventional,0.25,1,297,,0,0.0061,,0.0984,0.25,flood,1,BORING  BARS - FINISHING.csv
LTH-07,Okuma Multus B250II,,5000,22,Default preset,turning boring,2205 Duplex (M),M,Bore Finish,turning,finishing,conventional,0.25,1,349,,0,0.0029,,0.0157,0.25,flood,1,BORING  BARS - FINISHING.csv
LTH-07,Okuma Multus B250II,,5000,22,Default preset,turning boring,304/316 SS (M),M,Bore Rough,turning,roughing,conventional,0.25,1,476,,0,0.0061,,0.0984,0.25,flood,1,BORING  BARS - FINISHING.csv
LTH-07,Okuma Multus B250II,,5000,22,Default preset,turning boring,304/316 SS (M),M,Bore Finish,turning,finishing,conventional,0.25,1,558,,0,0.0029,,0.0157,0.25,flood,1,BORING  BARS - FINISHING.csv
LTH-07,Okuma Multus B250II,,5000,22,Default preset,turning boring,17-4 PH (M),M,Bore Rough,turning,roughing,conventional,0.25,1,357,,0,0.0061,,0.0984,0.25,flood,1,BORING  BARS - FINISHING.csv
LTH-07,Okuma Multus B250II,,5000,22,Default preset,turning boring,17-4 PH (M),M,Bore Finish,turning,finishing,conventional,0.25,1,418,,0,0.0029,,0.0157,0.25,flood,1,BORING  BARS - FINISHING.csv
LTH-07,Okuma Multus B250II,,5000,22,Default preset,turning boring,2205 Duplex (M),M,Bore Rough,turning,roughing,conventional,0.25,1,297,,0,0.0061,,0.0984,0.25,flood,1,BORING  BARS - FINISHING.csv
LTH-07,Okuma Multus B250II,,5000,22,Default preset,turning boring,2205 Duplex (M),M,Bore Finish,turning,finishing,conventional,0.25,1,349,,0,0.0029,,0.0157,0.25,flood,1,BORING  BARS - FINISHING.csv
LTH-07,Okuma Multus B250II,,5000,22,Default preset,turning boring,304/316 SS (M),M,Bore Rough,turning,roughing,conventional,0.1563,1,476,,0,0.0049,,0.0984,0.1563,flood,1,BORING BARS - ROUGHING.csv
LTH-07,Okuma Multus B250II,,5000,22,Default preset,turning boring,304/316 SS (M),M,Bore Finish,turning,finishing,conventional,0.1563,1,558,,0,0.0024,,0.0157,0.1563,flood,1,BORING BARS - ROUGHING.csv
LTH-07,Okuma Multus B250II,,5000,22,Default preset,turning boring,17-4 PH (M),M,Bore Rough,turning,roughing,conventional,0.1563,1,357,,0,0.0049,,0.0984,0.1563,flood,1,BORING BARS - ROUGHING.csv
LTH-07,Okuma Multus B250II,,5000,22,Default preset,turning boring,17-4 PH (M),M,Bore Finish,turning,finishing,conventional,0.1563,1,418,,0,0.0024,,0.0157,0.1563,flood,1,BORING BARS - ROUGHING.csv
LTH-07,Okuma Multus B250II,,5000,22,Default preset,turning boring,2205 Duplex (M),M,Bore Rough,turning,roughing,conventional,0.1563,1,297,,0,0.0049,,0.0984,0.1563,flood,1,BORING BARS - ROUGHING.csv
LTH-07,Okuma Multus B250II,,5000,22,Default preset,turning boring,2205 Duplex (M),M,Bore Finish,turning,finishing,conventional,0.1563,1,349,,0,0.0024,,0.0157,0.1563,flood,1,BORING BARS - ROUGHING.csv
LTH-07,Okuma Multus B250II,,5000,22,Default preset,turning boring,304/316 SS (M),M,Bore Rough,turning,roughing,conventional,0.25,1,476,,0,0.0061,,0.0984,0.25,flood,1,BORING BARS - ROUGHING.csv
LTH-07,Okuma Multus B250II,,5000,22,Default preset,turning boring,304/316 SS (M),M,Bore Finish,turning,finishing,conventional,0.25,1,558,,0,0.0029,,0.0157,0.25,flood,1,BORING BARS - ROUGHING.csv
LTH-07,Okuma Multus B250II,,5000,22,Default preset,turning boring,17-4 PH (M),M,Bore Rough,turning,roughing,conventional,0.25,1,357,,0,0.0061,,0.0984,0.25,flood,1,BORING BARS - ROUGHING.csv
LTH-07,Okuma Multus B250II,,5000,22,Default preset,turning boring,17-4 PH (M),M,Bore Finish,turning,finishing,conventional,0.25,1,418,,0,0.0029,,0.0157,0.25,flood,1,BORING BARS - ROUGHING.csv
LTH-07,Okuma Multus B250II,,5000,22,Default preset,turning boring,2205 Duplex (M),M,Bore Rough,turning,roughing,conventional,0.25,1,297,,0,0.0061,,0.0984,0.25,flood,1,BORING BARS - ROUGHING.csv
LTH-07,Okuma Multus B250II,,5000,22,Default preset,turning boring,2205 Duplex (M),M,Bore Finish,turning,finishing,conventional,0.25,1,349,,0,0.0029,,0.0157,0.25,flood,1,BORING BARS - ROUGHING.csv
LTH-07,Okuma Multus B250II,,5000,22,Default preset,turning boring,304/316 SS (M),M,Bore Rough,turning,roughing,conventional,0.25,1,476,,0,0.0061,,0.0984,0.25,flood,1,BORING BARS - ROUGHING.csv
LTH-07,Okuma Multus B250II,,5000,22,Default preset,turning boring,304/316 SS (M),M,Bore Finish,turning,finishing,conventional,0.25,1,558,,0,0.0029,,0.0157,0.25,flood,1,BORING BARS - ROUGHING.csv
LTH-07,Okuma Multus B250II,,5000,22,Default preset,turning boring,17-4 PH (M),M,Bore Rough,turning,roughing,conventional,0.25,1,357,,0,0.0061,,0.0984,0.25,flood,1,BORING BARS - ROUGHING.csv
LTH-07,Okuma Multus B250II,,5000,22,Default preset,turning boring,17-4 PH (M),M,Bore Finish,turning,finishing,conventional,0.25,1,418,,0,0.0029,,0.0157,0.25,flood,1,BORING BARS - ROUGHING.csv
LTH-07,Okuma Multus B250II,,5000,22,Default preset,turning boring,2205 Duplex (M),M,Bore Rough,turning,roughing,conventional,0.25,1,297,,0,0.0061,,0.0984,0.25,flood,1,BORING BARS - ROUGHING.csv
LTH-07,Okuma Multus B250II,,5000,22,Default preset,turning boring,2205 Duplex (M),M,Bore Finish,turning,finishing,conventional,0.25,1,349,,0,0.0029,,0.0157,0.25,flood,1,BORING BARS - ROUGHING.csv
LTH-07,Okuma Multus B250II,,5000,22,Default preset,turning boring,304/316 SS (M),M,Bore Rough,turning,roughing,conventional,0.25,1,476,,0,0.0061,,0.0984,0.25,flood,1,BORING BARS - ROUGHING.csv
LTH-07,Okuma Multus B250II,,5000,22,Default preset,turning boring,304/316 SS (M),M,Bore Finish,turning,finishing,conventional,0.25,1,558,,0,0.0029,,0.0157,0.25,flood,1,BORING BARS - ROUGHING.csv
LTH-07,Okuma Multus B250II,,5000,22,Default preset,turning boring,17-4 PH (M),M,Bore Rough,turning,roughing,conventional,0.25,1,357,,0,0.0061,,0.0984,0.25,flood,1,BORING BARS - ROUGHING.csv
LTH-07,Okuma Multus B250II,,5000,22,Default preset,turning boring,17-4 PH (M),M,Bore Finish,turning,finishing,conventional,0.25,1,418,,0,0.0029,,0.0157,0.25,flood,1,BORING BARS - ROUGHING.csv
LTH-07,Okuma Multus B250II,,5000,22,Default preset,turning boring,2205 Duplex (M),M,Bore Rough,turning,roughing,conventional,0.25,1,297,,0,0.0061,,0.0984,0.25,flood,1,BORING BARS - ROUGHING.csv
LTH-07,Okuma Multus B250II,,5000,22,Default preset,turning boring,2205 Duplex (M),M,Bore Finish,turning,finishing,conventional,0.25,1,349,,0,0.0029,,0.0157,0.25,flood,1,BORING BARS - ROUGHING.csv
LTH-07,Okuma Multus B250II,,5000,22,Default preset,turning boring,304/316 SS (M),M,Bore Rough,turning,roughing,conventional,0.25,1,476,,0,0.0061,,0.0984,0.25,flood,1,BORING BARS - ROUGHING.csv
LTH-07,Okuma Multus B250II,,5000,22,Default preset,turning boring,304/316 SS (M),M,Bore Finish,turning,finishing,conventional,0.25,1,558,,0,0.0029,,0.0157,0.25,flood,1,BORING BARS - ROUGHING.csv
LTH-07,Okuma Multus B250II,,5000,22,Default preset,turning boring,17-4 PH (M),M,Bore Rough,turning,roughing,conventional,0.25,1,357,,0,0.0061,,0.0984,0.25,flood,1,BORING BARS - ROUGHING.csv
LTH-07,Okuma Multus B250II,,5000,22,Default preset,turning boring,17-4 PH (M),M,Bore Finish,turning,finishing,conventional,0.25,1,418,,0,0.0029,,0.0157,0.25,flood,1,BORING BARS - ROUGHING.csv
LTH-07,Okuma Multus B250II,,5000,22,Default preset,turning boring,2205 Duplex (M),M,Bore Rough,turning,roughing,conventional,0.25,1,297,,0,0.0061,,0.0984,0.25,flood,1,BORING BARS - ROUGHING.csv
LTH-07,Okuma Multus B250II,,5000,22,Default preset,turning boring,2205 Duplex (M),M,Bore Finish,turning,finishing,conventional,0.25,1,349,,0,0.0029,,0.0157,0.25,flood,1,BORING BARS - ROUGHING.csv
LTH-07,Okuma Multus B250II,,5000,22,Default preset,turning boring,304/316 SS (M),M,Bore Rough,turning,roughing,conventional,0.25,1,476,,0,0.0061,,0.0984,0.25,flood,1,BORING BARS - ROUGHING.csv
LTH-07,Okuma Multus B250II,,5000,22,Default preset,turning boring,304/316 SS (M),M,Bore Finish,turning,finishing,conventional,0.25,1,558,,0,0.0029,,0.0157,0.25,flood,1,BORING BARS - ROUGHING.csv
LTH-07,Okuma Multus B250II,,5000,22,Default preset,turning boring,17-4 PH (M),M,Bore Rough,turning,roughing,conventional,0.25,1,357,,0,0.0061,,0.0984,0.25,flood,1,BORING BARS - ROUGHING.csv
LTH-07,Okuma Multus B250II,,5000,22,Default preset,turning boring,17-4 PH (M),M,Bore Finish,turning,finishing,conventional,0.25,1,418,,0,0.0029,,0.0157,0.25,flood,1,BORING BARS - ROUGHING.csv
LTH-07,Okuma Multus B250II,,5000,22,Default preset,turning boring,2205 Duplex (M),M,Bore Rough,turning,roughing,conventional,0.25,1,297,,0,0.0061,,0.0984,0.25,flood,1,BORING BARS - ROUGHING.csv
LTH-07,Okuma Multus B250II,,5000,22,Default preset,turning boring,2205 Duplex (M),M,Bore Finish,turning,finishing,conventional,0.25,1,349,,0,0.0029,,0.0157,0.25,flood,1,BORING BARS - ROUGHING.csv
LTH-07,Okuma Multus B250II,,5000,22,Default preset,turning boring,304/316 SS (M),M,Bore Rough,turning,roughing,conventional,0.25,1,476,,0,0.0061,,0.0984,0.25,flood,1,BORING BARS - ROUGHING.csv
LTH-07,Okuma Multus B250II,,5000,22,Default preset,turning boring,304/316 SS (M),M,Bore Finish,turning,finishing,conventional,0.25,1,558,,0,0.0029,,0.0157,0.25,flood,1,BORING BARS - ROUGHING.csv
LTH-07,Okuma Multus B250II,,5000,22,Default preset,turning boring,17-4 PH (M),M,Bore Rough,turning,roughing,conventional,0.25,1,357,,0,0.0061,,0.0984,0.25,flood,1,BORING BARS - ROUGHING.csv
LTH-07,Okuma Multus B250II,,5000,22,Default preset,turning boring,17-4 PH (M),M,Bore Finish,turning,finishing,conventional,0.25,1,418,,0,0.0029,,0.0157,0.25,flood,1,BORING BARS - ROUGHING.csv
LTH-07,Okuma Multus B250II,,5000,22,Default preset,turning boring,2205 Duplex (M),M,Bore Rough,turning,roughing,conventional,0.25,1,297,,0,0.0061,,0.0984,0.25,flood,1,BORING BARS - ROUGHING.csv
LTH-07,Okuma Multus B250II,,5000,22,Default preset,turning boring,2205 Duplex (M),M,Bore Finish,turning,finishing,conventional,0.25,1,349,,0,0.0029,,0.0157,0.25,flood,1,BORING BARS - ROUGHING.csv
LTH-07,Okuma Multus B250II,,5000,22,Default preset,turning boring,304/316 SS (M),M,Bore Rough,turning,roughing,conventional,0.25,1,476,,0,0.0061,,0.0984,0.25,flood,1,BORING BARS - ROUGHING.csv
LTH-07,Okuma Multus B250II,,5000,22,Default preset,turning boring,304/316 SS (M),M,Bore Finish,turning,finishing,conventional,0.25,1,558,,0,0.0029,,0.0157,0.25,flood,1,BORING BARS - ROUGHING.csv
LTH-07,Okuma Multus B250II,,5000,22,Default preset,turning boring,17-4 PH (M),M,Bore Rough,turning,roughing,conventional,0.25,1,357,,0,0.0061,,0.0984,0.25,flood,1,BORING BARS - ROUGHING.csv
LTH-07,Okuma Multus B250II,,5000,22,Default preset,turning boring,17-4 PH (M),M,Bore Finish,turning,finishing,conventional,0.25,1,418,,0,0.0029,,0.0157,0.25,flood,1,BORING BARS - ROUGHING.csv
LTH-07,Okuma Multus B250II,,5000,22,Default preset,turning boring,2205 Duplex (M),M,Bore Rough,turning,roughing,conventional,0.25,1,297,,0,0.0061,,0.0984,0.25,flood,1,BORING BARS - ROUGHING.csv
LTH-07,Okuma Multus B250II,,5000,22,Default preset,turning boring,2205 Duplex (M),M,Bore Finish,turning,finishing,conventional,0.25,1,349,,0,0.0029,,0.0157,0.25,flood,1,BORING BARS - ROUGHING.csv
LTH-07,Okuma Multus B250II,,5000,22,Default preset,turning boring,304/316 SS (M),M,Bore Rough,turning,roughing,conventional,0.1563,1,476,,0,0.0049,,0.0984,0.1563,flood,1,BORING BARS - ROUGHING.csv
LTH-07,Okuma Multus B250II,,5000,22,Default preset,turning boring,304/316 SS (M),M,Bore Finish,turning,finishing,conventional,0.1563,1,558,,0,0.0024,,0.0157,0.1563,flood,1,BORING BARS - ROUGHING.csv
LTH-07,Okuma Multus B250II,,5000,22,Default preset,turning boring,17-4 PH (M),M,Bore Rough,turning,roughing,conventional,0.1563,1,357,,0,0.0049,,0.0984,0.1563,flood,1,BORING BARS - ROUGHING.csv
LTH-07,Okuma Multus B250II,,5000,22,Default preset,turning boring,17-4 PH (M),M,Bore Finish,turning,finishing,conventional,0.1563,1,418,,0,0.0024,,0.0157,0.1563,flood,1,BORING BARS - ROUGHING.csv
LTH-07,Okuma Multus B250II,,5000,22,Default preset,turning boring,2205 Duplex (M),M,Bore Rough,turning,roughing,conventional,0.1563,1,297,,0,0.0049,,0.0984,0.1563,flood,1,BORING BARS - ROUGHING.csv
LTH-07,Okuma Multus B250II,,5000,22,Default preset,turning boring,2205 Duplex (M),M,Bore Finish,turning,finishing,conventional,0.1563,1,349,,0,0.0024,,0.0157,0.1563,flood,1,BORING BARS - ROUGHING.csv
LTH-07,Okuma Multus B250II,,5000,22,Default preset,turning boring,304/316 SS (M),M,Bore Rough,turning,roughing,conventional,0.25,1,476,,0,0.0061,,0.0984,0.25,flood,1,BORING BARS - ROUGHING.csv
LTH-07,Okuma Multus B250II,,5000,22,Default preset,turning boring,304/316 SS (M),M,Bore Finish,turning,finishing,conventional,0.25,1,558,,0,0.0029,,0.0157,0.25,flood,1,BORING BARS - ROUGHING.csv
LTH-07,Okuma Multus B250II,,5000,22,Default preset,turning boring,17-4 PH (M),M,Bore Rough,turning,roughing,conventional,0.25,1,357,,0,0.0061,,0.0984,0.25,flood,1,BORING BARS - ROUGHING.csv
LTH-07,Okuma Multus B250II,,5000,22,Default preset,turning boring,17-4 PH (M),M,Bore Finish,turning,finishing,conventional,0.25,1,418,,0,0.0029,,0.0157,0.25,flood,1,BORING BARS - ROUGHING.csv
LTH-07,Okuma Multus B250II,,5000,22,Default preset,turning boring,2205 Duplex (M),M,Bore Rough,turning,roughing,conventional,0.25,1,297,,0,0.0061,,0.0984,0.25,flood,1,BORING BARS - ROUGHING.csv
LTH-07,Okuma Multus B250II,,5000,22,Default preset,turning boring,2205 Duplex (M),M,Bore Finish,turning,finishing,conventional,0.25,1,349,,0,0.0029,,0.0157,0.25,flood,1,BORING BARS - ROUGHING.csv
LTH-07,Okuma Multus B250II,,5000,22,Default preset,turning boring,304/316 SS (M),M,Bore Rough,turning,roughing,conventional,0.25,1,476,,0,0.0061,,0.0984,0.25,flood,1,BORING BARS - ROUGHING.csv
LTH-07,Okuma Multus B250II,,5000,22,Default preset,turning boring,304/316 SS (M),M,Bore Finish,turning,finishing,conventional,0.25,1,558,,0,0.0029,,0.0157,0.25,flood,1,BORING BARS - ROUGHING.csv
LTH-07,Okuma Multus B250II,,5000,22,Default preset,turning boring,17-4 PH (M),M,Bore Rough,turning,roughing,conventional,0.25,1,357,,0,0.0061,,0.0984,0.25,flood,1,BORING BARS - ROUGHING.csv
LTH-07,Okuma Multus B250II,,5000,22,Default preset,turning boring,17-4 PH (M),M,Bore Finish,turning,finishing,conventional,0.25,1,418,,0,0.0029,,0.0157,0.25,flood,1,BORING BARS - ROUGHING.csv
LTH-07,Okuma Multus B250II,,5000,22,Default preset,turning boring,2205 Duplex (M),M,Bore Rough,turning,roughing,conventional,0.25,1,297,,0,0.0061,,0.0984,0.25,flood,1,BORING BARS - ROUGHING.csv
LTH-07,Okuma Multus B250II,,5000,22,Default preset,turning boring,2205 Duplex (M),M,Bore Finish,turning,finishing,conventional,0.25,1,349,,0,0.0029,,0.0157,0.25,flood,1,BORING BARS - ROUGHING.csv
LTH-07,Okuma Multus B250II,,5000,22,Default preset,turning boring,304/316 SS (M),M,Bore Rough,turning,roughing,conventional,0.25,1,476,,0,0.0061,,0.0984,0.25,flood,1,BORING BARS - ROUGHING.csv
LTH-07,Okuma Multus B250II,,5000,22,Default preset,turning boring,304/316 SS (M),M,Bore Finish,turning,finishing,conventional,0.25,1,558,,0,0.0029,,0.0157,0.25,flood,1,BORING BARS - ROUGHING.csv
LTH-07,Okuma Multus B250II,,5000,22,Default preset,turning boring,17-4 PH (M),M,Bore Rough,turning,roughing,conventional,0.25,1,357,,0,0.0061,,0.0984,0.25,flood,1,BORING BARS - ROUGHING.csv
LTH-07,Okuma Multus B250II,,5000,22,Default preset,turning boring,17-4 PH (M),M,Bore Finish,turning,finishing,conventional,0.25,1,418,,0,0.0029,,0.0157,0.25,flood,1,BORING BARS - ROUGHING.csv
LTH-07,Okuma Multus B250II,,5000,22,Default preset,turning boring,2205 Duplex (M),M,Bore Rough,turning,roughing,conventional,0.25,1,297,,0,0.0061,,0.0984,0.25,flood,1,BORING BARS - ROUGHING.csv
LTH-07,Okuma Multus B250II,,5000,22,Default preset,turning boring,2205 Duplex (M),M,Bore Finish,turning,finishing,conventional,0.25,1,349,,0,0.0029,,0.0157,0.25,flood,1,BORING BARS - ROUGHING.csv
LTH-07,Okuma Multus B250II,,5000,22,Default preset,turning boring,304/316 SS (M),M,Bore Rough,turning,roughing,conventional,0.25,1,476,,0,0.0061,,0.0984,0.25,flood,1,BORING BARS - ROUGHING.csv
LTH-07,Okuma Multus B250II,,5000,22,Default preset,turning boring,304/316 SS (M),M,Bore Finish,turning,finishing,conventional,0.25,1,558,,0,0.0029,,0.0157,0.25,flood,1,BORING BARS - ROUGHING.csv
LTH-07,Okuma Multus B250II,,5000,22,Default preset,turning boring,17-4 PH (M),M,Bore Rough,turning,roughing,conventional,0.25,1,357,,0,0.0061,,0.0984,0.25,flood,1,BORING BARS - ROUGHING.csv
LTH-07,Okuma Multus B250II,,5000,22,Default preset,turning boring,17-4 PH (M),M,Bore Finish,turning,finishing,conventional,0.25,1,418,,0,0.0029,,0.0157,0.25,flood,1,BORING BARS - ROUGHING.csv
LTH-07,Okuma Multus B250II,,5000,22,Default preset,turning boring,2205 Duplex (M),M,Bore Rough,turning,roughing,conventional,0.25,1,297,,0,0.0061,,0.0984,0.25,flood,1,BORING BARS - ROUGHING.csv
LTH-07,Okuma Multus B250II,,5000,22,Default preset,turning boring,2205 Duplex (M),M,Bore Finish,turning,finishing,conventional,0.25,1,349,,0,0.0029,,0.0157,0.25,flood,1,BORING BARS - ROUGHING.csv
LTH-07,Okuma Multus B250II,,5000,22,Default preset,turning boring,304/316 SS (M),M,Bore Rough,turning,roughing,conventional,0.25,1,476,,0,0.0061,,0.0984,0.25,flood,1,BORING BARS - ROUGHING.csv
LTH-07,Okuma Multus B250II,,5000,22,Default preset,turning boring,304/316 SS (M),M,Bore Finish,turning,finishing,conventional,0.25,1,558,,0,0.0029,,0.0157,0.25,flood,1,BORING BARS - ROUGHING.csv
LTH-07,Okuma Multus B250II,,5000,22,Default preset,turning boring,17-4 PH (M),M,Bore Rough,turning,roughing,conventional,0.25,1,357,,0,0.0061,,0.0984,0.25,flood,1,BORING BARS - ROUGHING.csv
LTH-07,Okuma Multus B250II,,5000,22,Default preset,turning boring,17-4 PH (M),M,Bore Finish,turning,finishing,conventional,0.25,1,418,,0,0.0029,,0.0157,0.25,flood,1,BORING BARS - ROUGHING.csv
LTH-07,Okuma Multus B250II,,5000,22,Default preset,turning boring,2205 Duplex (M),M,Bore Rough,turning,roughing,conventional,0.25,1,297,,0,0.0061,,0.0984,0.25,flood,1,BORING BARS - ROUGHING.csv
LTH-07,Okuma Multus B250II,,5000,22,Default preset,turning boring,2205 Duplex (M),M,Bore Finish,turning,finishing,conventional,0.25,1,349,,0,0.0029,,0.0157,0.25,flood,1,BORING BARS - ROUGHING.csv
LTH-07,Okuma Multus B250II,,5000,22,Default preset,turning general,304/316 SS (M),M,Turn Rough,turning,roughing,conventional,0.375,1,476,,0,0.008,,0.0984,0.3748,flood,1,TURNING TOOLS.csv
LTH-07,Okuma Multus B250II,,5000,22,Default preset,turning general,304/316 SS (M),M,Turn Finish,turning,finishing,conventional,0.375,1,558,,0,0.0039,,0.0157,0.3748,flood,1,TURNING TOOLS.csv
LTH-07,Okuma Multus B250II,,5000,22,Default preset,turning general,17-4 PH (M),M,Turn Rough,turning,roughing,conventional,0.375,1,357,,0,0.008,,0.0984,0.3748,flood,1,TURNING TOOLS.csv
LTH-07,Okuma Multus B250II,,5000,22,Default preset,turning general,17-4 PH (M),M,Turn Finish,turning,finishing,conventional,0.375,1,418,,0,0.0039,,0.0157,0.3748,flood,1,TURNING TOOLS.csv
LTH-07,Okuma Multus B250II,,5000,22,Default preset,turning general,2205 Duplex (M),M,Turn Rough,turning,roughing,conventional,0.375,1,297,,0,0.008,,0.0984,0.3748,flood,1,TURNING TOOLS.csv
LTH-07,Okuma Multus B250II,,5000,22,Default preset,turning general,2205 Duplex (M),M,Turn Finish,turning,finishing,conventional,0.375,1,349,,0,0.0039,,0.0157,0.3748,flood,1,TURNING TOOLS.csv
LTH-07,Okuma Multus B250II,,5000,22,Default preset,turning general,304/316 SS (M),M,Turn Rough,turning,roughing,conventional,0.375,1,476,,0,0.008,,0.0984,0.3748,flood,1,TURNING TOOLS.csv
LTH-07,Okuma Multus B250II,,5000,22,Default preset,turning general,304/316 SS (M),M,Turn Finish,turning,finishing,conventional,0.375,1,558,,0,0.0039,,0.0157,0.3748,flood,1,TURNING TOOLS.csv
LTH-07,Okuma Multus B250II,,5000,22,Default preset,turning general,17-4 PH (M),M,Turn Rough,turning,roughing,conventional,0.375,1,357,,0,0.008,,0.0984,0.3748,flood,1,TURNING TOOLS.csv
LTH-07,Okuma Multus B250II,,5000,22,Default preset,turning general,17-4 PH (M),M,Turn Finish,turning,finishing,conventional,0.375,1,418,,0,0.0039,,0.0157,0.3748,flood,1,TURNING TOOLS.csv
LTH-07,Okuma Multus B250II,,5000,22,Default preset,turning general,2205 Duplex (M),M,Turn Rough,turning,roughing,conventional,0.375,1,297,,0,0.008,,0.0984,0.3748,flood,1,TURNING TOOLS.csv
LTH-07,Okuma Multus B250II,,5000,22,Default preset,turning general,2205 Duplex (M),M,Turn Finish,turning,finishing,conventional,0.375,1,349,,0,0.0039,,0.0157,0.3748,flood,1,TURNING TOOLS.csv
LTH-07,Okuma Multus B250II,,5000,22,Default preset,turning grooving,304/316 SS (M),M,Groove Rough,turning,roughing,conventional,0.4,1,476,,0,0.0085,,0.0984,0.4,flood,1,TURNING TOOLS.csv
LTH-07,Okuma Multus B250II,,5000,22,Default preset,turning grooving,304/316 SS (M),M,Groove Finish,turning,finishing,conventional,0.4,1,558,,0,0.0041,,0.0157,0.4,flood,1,TURNING TOOLS.csv
LTH-07,Okuma Multus B250II,,5000,22,Default preset,turning grooving,17-4 PH (M),M,Groove Rough,turning,roughing,conventional,0.4,1,357,,0,0.0085,,0.0984,0.4,flood,1,TURNING TOOLS.csv
LTH-07,Okuma Multus B250II,,5000,22,Default preset,turning grooving,17-4 PH (M),M,Groove Finish,turning,finishing,conventional,0.4,1,418,,0,0.0041,,0.0157,0.4,flood,1,TURNING TOOLS.csv
LTH-07,Okuma Multus B250II,,5000,22,Default preset,turning grooving,2205 Duplex (M),M,Groove Rough,turning,roughing,conventional,0.4,1,297,,0,0.0085,,0.0984,0.4,flood,1,TURNING TOOLS.csv
LTH-07,Okuma Multus B250II,,5000,22,Default preset,turning grooving,2205 Duplex (M),M,Groove Finish,turning,finishing,conventional,0.4,1,349,,0,0.0041,,0.0157,0.4,flood,1,TURNING TOOLS.csv
LTH-07,Okuma Multus B250II,,5000,22,Default preset,turning grooving,304/316 SS (M),M,Groove Rough,turning,roughing,conventional,0.4,1,476,,0,0.0085,,0.0984,0.4,flood,1,TURNING TOOLS.csv
LTH-07,Okuma Multus B250II,,5000,22,Default preset,turning grooving,304/316 SS (M),M,Groove Finish,turning,finishing,conventional,0.4,1,558,,0,0.0041,,0.0157,0.4,flood,1,TURNING TOOLS.csv
LTH-07,Okuma Multus B250II,,5000,22,Default preset,turning grooving,17-4 PH (M),M,Groove Rough,turning,roughing,conventional,0.4,1,357,,0,0.0085,,0.0984,0.4,flood,1,TURNING TOOLS.csv
LTH-07,Okuma Multus B250II,,5000,22,Default preset,turning grooving,17-4 PH (M),M,Groove Finish,turning,finishing,conventional,0.4,1,418,,0,0.0041,,0.0157,0.4,flood,1,TURNING TOOLS.csv
LTH-07,Okuma Multus B250II,,5000,22,Default preset,turning grooving,2205 Duplex (M),M,Groove Rough,turning,roughing,conventional,0.4,1,297,,0,0.0085,,0.0984,0.4,flood,1,TURNING TOOLS.csv
LTH-07,Okuma Multus B250II,,5000,22,Default preset,turning grooving,2205 Duplex (M),M,Groove Finish,turning,finishing,conventional,0.4,1,349,,0,0.0041,,0.0157,0.4,flood,1,TURNING TOOLS.csv
LTH-07,Okuma Multus B250II,,5000,22,Default preset,turning grooving,304/316 SS (M),M,Groove Rough,turning,roughing,conventional,0.4,1,476,,0,0.0085,,0.0984,0.4,flood,1,TURNING TOOLS.csv
LTH-07,Okuma Multus B250II,,5000,22,Default preset,turning grooving,304/316 SS (M),M,Groove Finish,turning,finishing,conventional,0.4,1,558,,0,0.0041,,0.0157,0.4,flood,1,TURNING TOOLS.csv
LTH-07,Okuma Multus B250II,,5000,22,Default preset,turning grooving,17-4 PH (M),M,Groove Rough,turning,roughing,conventional,0.4,1,357,,0,0.0085,,0.0984,0.4,flood,1,TURNING TOOLS.csv
LTH-07,Okuma Multus B250II,,5000,22,Default preset,turning grooving,17-4 PH (M),M,Groove Finish,turning,finishing,conventional,0.4,1,418,,0,0.0041,,0.0157,0.4,flood,1,TURNING TOOLS.csv
LTH-07,Okuma Multus B250II,,5000,22,Default preset,turning grooving,2205 Duplex (M),M,Groove Rough,turning,roughing,conventional,0.4,1,297,,0,0.0085,,0.0984,0.4,flood,1,TURNING TOOLS.csv
LTH-07,Okuma Multus B250II,,5000,22,Default preset,turning grooving,2205 Duplex (M),M,Groove Finish,turning,finishing,conventional,0.4,1,349,,0,0.0041,,0.0157,0.4,flood,1,TURNING TOOLS.csv
LTH-07,Okuma Multus B250II,,5000,22,Default preset,turning general,304/316 SS (M),M,Turn Rough,turning,roughing,conventional,0.375,1,476,,0,0.008,,0.0984,0.3748,flood,1,TURNING TOOLS.csv
LTH-07,Okuma Multus B250II,,5000,22,Default preset,turning general,304/316 SS (M),M,Turn Finish,turning,finishing,conventional,0.375,1,558,,0,0.0039,,0.0157,0.3748,flood,1,TURNING TOOLS.csv
LTH-07,Okuma Multus B250II,,5000,22,Default preset,turning general,17-4 PH (M),M,Turn Rough,turning,roughing,conventional,0.375,1,357,,0,0.008,,0.0984,0.3748,flood,1,TURNING TOOLS.csv
LTH-07,Okuma Multus B250II,,5000,22,Default preset,turning general,17-4 PH (M),M,Turn Finish,turning,finishing,conventional,0.375,1,418,,0,0.0039,,0.0157,0.3748,flood,1,TURNING TOOLS.csv
LTH-07,Okuma Multus B250II,,5000,22,Default preset,turning general,2205 Duplex (M),M,Turn Rough,turning,roughing,conventional,0.375,1,297,,0,0.008,,0.0984,0.3748,flood,1,TURNING TOOLS.csv
LTH-07,Okuma Multus B250II,,5000,22,Default preset,turning general,2205 Duplex (M),M,Turn Finish,turning,finishing,conventional,0.375,1,349,,0,0.0039,,0.0157,0.3748,flood,1,TURNING TOOLS.csv
LTH-07,Okuma Multus B250II,,5000,22,Default preset,turning grooving,304/316 SS (M),M,Groove Rough,turning,roughing,conventional,0.4,1,476,,0,0.0085,,0.0984,0.4,flood,1,TURNING TOOLS.csv
LTH-07,Okuma Multus B250II,,5000,22,Default preset,turning grooving,304/316 SS (M),M,Groove Finish,turning,finishing,conventional,0.4,1,558,,0,0.0041,,0.0157,0.4,flood,1,TURNING TOOLS.csv
LTH-07,Okuma Multus B250II,,5000,22,Default preset,turning grooving,17-4 PH (M),M,Groove Rough,turning,roughing,conventional,0.4,1,357,,0,0.0085,,0.0984,0.4,flood,1,TURNING TOOLS.csv
LTH-07,Okuma Multus B250II,,5000,22,Default preset,turning grooving,17-4 PH (M),M,Groove Finish,turning,finishing,conventional,0.4,1,418,,0,0.0041,,0.0157,0.4,flood,1,TURNING TOOLS.csv
LTH-07,Okuma Multus B250II,,5000,22,Default preset,turning grooving,2205 Duplex (M),M,Groove Rough,turning,roughing,conventional,0.4,1,297,,0,0.0085,,0.0984,0.4,flood,1,TURNING TOOLS.csv
LTH-07,Okuma Multus B250II,,5000,22,Default preset,turning grooving,2205 Duplex (M),M,Groove Finish,turning,finishing,conventional,0.4,1,349,,0,0.0041,,0.0157,0.4,flood,1,TURNING TOOLS.csv
LTH-07,Okuma Multus B250II,,5000,22,Default preset,turning grooving,304/316 SS (M),M,Groove Rough,turning,roughing,conventional,0.4,1,476,,0,0.0085,,0.0984,0.4,flood,1,TURNING TOOLS.csv
LTH-07,Okuma Multus B250II,,5000,22,Default preset,turning grooving,304/316 SS (M),M,Groove Finish,turning,finishing,conventional,0.4,1,558,,0,0.0041,,0.0157,0.4,flood,1,TURNING TOOLS.csv
LTH-07,Okuma Multus B250II,,5000,22,Default preset,turning grooving,17-4 PH (M),M,Groove Rough,turning,roughing,conventional,0.4,1,357,,0,0.0085,,0.0984,0.4,flood,1,TURNING TOOLS.csv
LTH-07,Okuma Multus B250II,,5000,22,Default preset,turning grooving,17-4 PH (M),M,Groove Finish,turning,finishing,conventional,0.4,1,418,,0,0.0041,,0.0157,0.4,flood,1,TURNING TOOLS.csv
LTH-07,Okuma Multus B250II,,5000,22,Default preset,turning grooving,2205 Duplex (M),M,Groove Rough,turning,roughing,conventional,0.4,1,297,,0,0.0085,,0.0984,0.4,flood,1,TURNING TOOLS.csv
LTH-07,Okuma Multus B250II,,5000,22,Default preset,turning grooving,2205 Duplex (M),M,Groove Finish,turning,finishing,conventional,0.4,1,349,,0,0.0041,,0.0157,0.4,flood,1,TURNING TOOLS.csv
LTH-07,Okuma Multus B250II,,5000,22,Default preset,turning general,304/316 SS (M),M,Turn Rough,turning,roughing,conventional,0.375,1,476,,0,0.008,,0.0984,0.3748,flood,1,TURNING TOOLS.csv
LTH-07,Okuma Multus B250II,,5000,22,Default preset,turning general,304/316 SS (M),M,Turn Finish,turning,finishing,conventional,0.375,1,558,,0,0.0039,,0.0157,0.3748,flood,1,TURNING TOOLS.csv
LTH-07,Okuma Multus B250II,,5000,22,Default preset,turning general,17-4 PH (M),M,Turn Rough,turning,roughing,conventional,0.375,1,357,,0,0.008,,0.0984,0.3748,flood,1,TURNING TOOLS.csv
LTH-07,Okuma Multus B250II,,5000,22,Default preset,turning general,17-4 PH (M),M,Turn Finish,turning,finishing,conventional,0.375,1,418,,0,0.0039,,0.0157,0.3748,flood,1,TURNING TOOLS.csv
LTH-07,Okuma Multus B250II,,5000,22,Default preset,turning general,2205 Duplex (M),M,Turn Rough,turning,roughing,conventional,0.375,1,297,,0,0.008,,0.0984,0.3748,flood,1,TURNING TOOLS.csv
LTH-07,Okuma Multus B250II,,5000,22,Default preset,turning general,2205 Duplex (M),M,Turn Finish,turning,finishing,conventional,0.375,1,349,,0,0.0039,,0.0157,0.3748,flood,1,TURNING TOOLS.csv
LTH-07,Okuma Multus B250II,,5000,22,Default preset,turning general,304/316 SS (M),M,Turn Rough,turning,roughing,conventional,0.375,1,476,,0,0.008,,0.0984,0.3748,flood,1,TURNING TOOLS.csv
LTH-07,Okuma Multus B250II,,5000,22,Default preset,turning general,304/316 SS (M),M,Turn Finish,turning,finishing,conventional,0.375,1,558,,0,0.0039,,0.0157,0.3748,flood,1,TURNING TOOLS.csv
LTH-07,Okuma Multus B250II,,5000,22,Default preset,turning general,17-4 PH (M),M,Turn Rough,turning,roughing,conventional,0.375,1,357,,0,0.008,,0.0984,0.3748,flood,1,TURNING TOOLS.csv
LTH-07,Okuma Multus B250II,,5000,22,Default preset,turning general,17-4 PH (M),M,Turn Finish,turning,finishing,conventional,0.375,1,418,,0,0.0039,,0.0157,0.3748,flood,1,TURNING TOOLS.csv
LTH-07,Okuma Multus B250II,,5000,22,Default preset,turning general,2205 Duplex (M),M,Turn Rough,turning,roughing,conventional,0.375,1,297,,0,0.008,,0.0984,0.3748,flood,1,TURNING TOOLS.csv
LTH-07,Okuma Multus B250II,,5000,22,Default preset,turning general,2205 Duplex (M),M,Turn Finish,turning,finishing,conventional,0.375,1,349,,0,0.0039,,0.0157,0.3748,flood,1,TURNING TOOLS.csv
LTH-07,Okuma Multus B250II,,5000,22,Default preset,turning grooving,304/316 SS (M),M,Groove Rough,turning,roughing,conventional,0.4,1,476,,0,0.0085,,0.0984,0.4,flood,1,TURNING TOOLS.csv
LTH-07,Okuma Multus B250II,,5000,22,Default preset,turning grooving,304/316 SS (M),M,Groove Finish,turning,finishing,conventional,0.4,1,558,,0,0.0041,,0.0157,0.4,flood,1,TURNING TOOLS.csv
LTH-07,Okuma Multus B250II,,5000,22,Default preset,turning grooving,17-4 PH (M),M,Groove Rough,turning,roughing,conventional,0.4,1,357,,0,0.0085,,0.0984,0.4,flood,1,TURNING TOOLS.csv
LTH-07,Okuma Multus B250II,,5000,22,Default preset,turning grooving,17-4 PH (M),M,Groove Finish,turning,finishing,conventional,0.4,1,418,,0,0.0041,,0.0157,0.4,flood,1,TURNING TOOLS.csv
LTH-07,Okuma Multus B250II,,5000,22,Default preset,turning grooving,2205 Duplex (M),M,Groove Rough,turning,roughing,conventional,0.4,1,297,,0,0.0085,,0.0984,0.4,flood,1,TURNING TOOLS.csv
LTH-07,Okuma Multus B250II,,5000,22,Default preset,turning grooving,2205 Duplex (M),M,Groove Finish,turning,finishing,conventional,0.4,1,349,,0,0.0041,,0.0157,0.4,flood,1,TURNING TOOLS.csv
LTH-07,Okuma Multus B250II,,5000,22,Default preset,turning general,304/316 SS (M),M,Turn Rough,turning,roughing,conventional,0.375,1,476,,0,0.008,,0.0984,0.3748,flood,1,TURNING TOOLS.csv
LTH-07,Okuma Multus B250II,,5000,22,Default preset,turning general,304/316 SS (M),M,Turn Finish,turning,finishing,conventional,0.375,1,558,,0,0.0039,,0.0157,0.3748,flood,1,TURNING TOOLS.csv
LTH-07,Okuma Multus B250II,,5000,22,Default preset,turning general,17-4 PH (M),M,Turn Rough,turning,roughing,conventional,0.375,1,357,,0,0.008,,0.0984,0.3748,flood,1,TURNING TOOLS.csv
LTH-07,Okuma Multus B250II,,5000,22,Default preset,turning general,17-4 PH (M),M,Turn Finish,turning,finishing,conventional,0.375,1,418,,0,0.0039,,0.0157,0.3748,flood,1,TURNING TOOLS.csv
LTH-07,Okuma Multus B250II,,5000,22,Default preset,turning general,2205 Duplex (M),M,Turn Rough,turning,roughing,conventional,0.375,1,297,,0,0.008,,0.0984,0.3748,flood,1,TURNING TOOLS.csv
LTH-07,Okuma Multus B250II,,5000,22,Default preset,turning general,2205 Duplex (M),M,Turn Finish,turning,finishing,conventional,0.375,1,349,,0,0.0039,,0.0157,0.3748,flood,1,TURNING TOOLS.csv
LTH-07,Okuma Multus B250II,,5000,22,Default preset,turning general,304/316 SS (M),M,Turn Rough,turning,roughing,conventional,0.375,1,476,,0,0.008,,0.0984,0.3748,flood,1,TURNING TOOLS.csv
LTH-07,Okuma Multus B250II,,5000,22,Default preset,turning general,304/316 SS (M),M,Turn Finish,turning,finishing,conventional,0.375,1,558,,0,0.0039,,0.0157,0.3748,flood,1,TURNING TOOLS.csv
LTH-07,Okuma Multus B250II,,5000,22,Default preset,turning general,17-4 PH (M),M,Turn Rough,turning,roughing,conventional,0.375,1,357,,0,0.008,,0.0984,0.3748,flood,1,TURNING TOOLS.csv
LTH-07,Okuma Multus B250II,,5000,22,Default preset,turning general,17-4 PH (M),M,Turn Finish,turning,finishing,conventional,0.375,1,418,,0,0.0039,,0.0157,0.3748,flood,1,TURNING TOOLS.csv
LTH-07,Okuma Multus B250II,,5000,22,Default preset,turning general,2205 Duplex (M),M,Turn Rough,turning,roughing,conventional,0.375,1,297,,0,0.008,,0.0984,0.3748,flood,1,TURNING TOOLS.csv
LTH-07,Okuma Multus B250II,,5000,22,Default preset,turning general,2205 Duplex (M),M,Turn Finish,turning,finishing,conventional,0.375,1,349,,0,0.0039,,0.0157,0.3748,flood,1,TURNING TOOLS.csv
LTH-07,Okuma Multus B250II,,5000,22,Default preset,turning general,304/316 SS (M),M,Turn Rough,turning,roughing,conventional,0.375,1,476,,0,0.008,,0.0984,0.3748,flood,1,TURNING TOOLS.csv
LTH-07,Okuma Multus B250II,,5000,22,Default preset,turning general,304/316 SS (M),M,Turn Finish,turning,finishing,conventional,0.375,1,558,,0,0.0039,,0.0157,0.3748,flood,1,TURNING TOOLS.csv
LTH-07,Okuma Multus B250II,,5000,22,Default preset,turning general,17-4 PH (M),M,Turn Rough,turning,roughing,conventional,0.375,1,357,,0,0.008,,0.0984,0.3748,flood,1,TURNING TOOLS.csv
LTH-07,Okuma Multus B250II,,5000,22,Default preset,turning general,17-4 PH (M),M,Turn Finish,turning,finishing,conventional,0.375,1,418,,0,0.0039,,0.0157,0.3748,flood,1,TURNING TOOLS.csv
LTH-07,Okuma Multus B250II,,5000,22,Default preset,turning general,2205 Duplex (M),M,Turn Rough,turning,roughing,conventional,0.375,1,297,,0,0.008,,0.0984,0.3748,flood,1,TURNING TOOLS.csv
LTH-07,Okuma Multus B250II,,5000,22,Default preset,turning general,2205 Duplex (M),M,Turn Finish,turning,finishing,conventional,0.375,1,349,,0,0.0039,,0.0157,0.3748,flood,1,TURNING TOOLS.csv
LTH-07,Okuma Multus B250II,,5000,22,Default preset,turning general,304/316 SS (M),M,Turn Rough,turning,roughing,conventional,0.375,1,476,,0,0.008,,0.0984,0.3748,flood,1,TURNING TOOLS.csv
LTH-07,Okuma Multus B250II,,5000,22,Default preset,turning general,304/316 SS (M),M,Turn Finish,turning,finishing,conventional,0.375,1,558,,0,0.0039,,0.0157,0.3748,flood,1,TURNING TOOLS.csv
LTH-07,Okuma Multus B250II,,5000,22,Default preset,turning general,17-4 PH (M),M,Turn Rough,turning,roughing,conventional,0.375,1,357,,0,0.008,,0.0984,0.3748,flood,1,TURNING TOOLS.csv
LTH-07,Okuma Multus B250II,,5000,22,Default preset,turning general,17-4 PH (M),M,Turn Finish,turning,finishing,conventional,0.375,1,418,,0,0.0039,,0.0157,0.3748,flood,1,TURNING TOOLS.csv
LTH-07,Okuma Multus B250II,,5000,22,Default preset,turning general,2205 Duplex (M),M,Turn Rough,turning,roughing,conventional,0.375,1,297,,0,0.008,,0.0984,0.3748,flood,1,TURNING TOOLS.csv
LTH-07,Okuma Multus B250II,,5000,22,Default preset,turning general,2205 Duplex (M),M,Turn Finish,turning,finishing,conventional,0.375,1,349,,0,0.0039,,0.0157,0.3748,flood,1,TURNING TOOLS.csv
LTH-07,Okuma Multus B250II,,5000,22,Default preset,turning general,304/316 SS (M),M,Turn Rough,turning,roughing,conventional,0.375,1,476,,0,0.008,,0.0984,0.3748,flood,1,TURNING TOOLS.csv
LTH-07,Okuma Multus B250II,,5000,22,Default preset,turning general,304/316 SS (M),M,Turn Finish,turning,finishing,conventional,0.375,1,558,,0,0.0039,,0.0157,0.3748,flood,1,TURNING TOOLS.csv
LTH-07,Okuma Multus B250II,,5000,22,Default preset,turning general,17-4 PH (M),M,Turn Rough,turning,roughing,conventional,0.375,1,357,,0,0.008,,0.0984,0.3748,flood,1,TURNING TOOLS.csv
LTH-07,Okuma Multus B250II,,5000,22,Default preset,turning general,17-4 PH (M),M,Turn Finish,turning,finishing,conventional,0.375,1,418,,0,0.0039,,0.0157,0.3748,flood,1,TURNING TOOLS.csv
LTH-07,Okuma Multus B250II,,5000,22,Default preset,turning general,2205 Duplex (M),M,Turn Rough,turning,roughing,conventional,0.375,1,297,,0,0.008,,0.0984,0.3748,flood,1,TURNING TOOLS.csv
LTH-07,Okuma Multus B250II,,5000,22,Default preset,turning general,2205 Duplex (M),M,Turn Finish,turning,finishing,conventional,0.375,1,349,,0,0.0039,,0.0157,0.3748,flood,1,TURNING TOOLS.csv
LTH-07,Okuma Multus B250II,,5000,22,Default preset,turning general,304/316 SS (M),M,Turn Rough,turning,roughing,conventional,0.375,1,476,,0,0.008,,0.0984,0.3748,flood,1,TURNING TOOLS.csv
LTH-07,Okuma Multus B250II,,5000,22,Default preset,turning general,304/316 SS (M),M,Turn Finish,turning,finishing,conventional,0.375,1,558,,0,0.0039,,0.0157,0.3748,flood,1,TURNING TOOLS.csv
LTH-07,Okuma Multus B250II,,5000,22,Default preset,turning general,17-4 PH (M),M,Turn Rough,turning,roughing,conventional,0.375,1,357,,0,0.008,,0.0984,0.3748,flood,1,TURNING TOOLS.csv
LTH-07,Okuma Multus B250II,,5000,22,Default preset,turning general,17-4 PH (M),M,Turn Finish,turning,finishing,conventional,0.375,1,418,,0,0.0039,,0.0157,0.3748,flood,1,TURNING TOOLS.csv
LTH-07,Okuma Multus B250II,,5000,22,Default preset,turning general,2205 Duplex (M),M,Turn Rough,turning,roughing,conventional,0.375,1,297,,0,0.008,,0.0984,0.3748,flood,1,TURNING TOOLS.csv
LTH-07,Okuma Multus B250II,,5000,22,Default preset,turning general,2205 Duplex (M),M,Turn Finish,turning,finishing,conventional,0.375,1,349,,0,0.0039,,0.0157,0.3748,flood,1,TURNING TOOLS.csv
LTH-07,Okuma Multus B250II,,5000,22,Default preset,turning general,304/316 SS (M),M,Turn Rough,turning,roughing,conventional,0.375,1,476,,0,0.008,,0.0984,0.3748,flood,1,TURNING TOOLS.csv
LTH-07,Okuma Multus B250II,,5000,22,Default preset,turning general,304/316 SS (M),M,Turn Finish,turning,finishing,conventional,0.375,1,558,,0,0.0039,,0.0157,0.3748,flood,1,TURNING TOOLS.csv
LTH-07,Okuma Multus B250II,,5000,22,Default preset,turning general,17-4 PH (M),M,Turn Rough,turning,roughing,conventional,0.375,1,357,,0,0.008,,0.0984,0.3748,flood,1,TURNING TOOLS.csv
LTH-07,Okuma Multus B250II,,5000,22,Default preset,turning general,17-4 PH (M),M,Turn Finish,turning,finishing,conventional,0.375,1,418,,0,0.0039,,0.0157,0.3748,flood,1,TURNING TOOLS.csv
LTH-07,Okuma Multus B250II,,5000,22,Default preset,turning general,2205 Duplex (M),M,Turn Rough,turning,roughing,conventional,0.375,1,297,,0,0.008,,0.0984,0.3748,flood,1,TURNING TOOLS.csv
LTH-07,Okuma Multus B250II,,5000,22,Default preset,turning general,2205 Duplex (M),M,Turn Finish,turning,finishing,conventional,0.375,1,349,,0,0.0039,,0.0157,0.3748,flood,1,TURNING TOOLS.csv
LTH-07,Okuma Multus B250II,,5000,22,Default preset,turning threading,304/316 SS (M),M,Thread,turning,finishing,conventional,0.4,1,558,,0,0.0041,,0.0157,0.4,flood,1,TURNING TOOLS.csv
LTH-07,Okuma Multus B250II,,5000,22,Default preset,turning threading,17-4 PH (M),M,Thread,turning,finishing,conventional,0.4,1,418,,0,0.0041,,0.0157,0.4,flood,1,TURNING TOOLS.csv
LTH-07,Okuma Multus B250II,,5000,22,Default preset,turning threading,2205 Duplex (M),M,Thread,turning,finishing,conventional,0.4,1,349,,0,0.0041,,0.0157,0.4,flood,1,TURNING TOOLS.csv
LTH-07,Okuma Multus B250II,,5000,22,Default preset,turning threading,304/316 SS (M),M,Thread,turning,finishing,conventional,0.4,1,558,,0,0.0041,,0.0157,0.4,flood,1,TURNING TOOLS.csv
LTH-07,Okuma Multus B250II,,5000,22,Default preset,turning threading,17-4 PH (M),M,Thread,turning,finishing,conventional,0.4,1,418,,0,0.0041,,0.0157,0.4,flood,1,TURNING TOOLS.csv
LTH-07,Okuma Multus B250II,,5000,22,Default preset,turning threading,2205 Duplex (M),M,Thread,turning,finishing,conventional,0.4,1,349,,0,0.0041,,0.0157,0.4,flood,1,TURNING TOOLS.csv
LTH-07,Okuma Multus B250II,,5000,22,Default preset,turning grooving,304/316 SS (M),M,Groove Rough,turning,roughing,conventional,0.4,1,476,,0,0.0085,,0.0984,0.4,flood,1,TURNING TOOLS.csv
LTH-07,Okuma Multus B250II,,5000,22,Default preset,turning grooving,304/316 SS (M),M,Groove Finish,turning,finishing,conventional,0.4,1,558,,0,0.0041,,0.0157,0.4,flood,1,TURNING TOOLS.csv
LTH-07,Okuma Multus B250II,,5000,22,Default preset,turning grooving,17-4 PH (M),M,Groove Rough,turning,roughing,conventional,0.4,1,357,,0,0.0085,,0.0984,0.4,flood,1,TURNING TOOLS.csv
LTH-07,Okuma Multus B250II,,5000,22,Default preset,turning grooving,17-4 PH (M),M,Groove Finish,turning,finishing,conventional,0.4,1,418,,0,0.0041,,0.0157,0.4,flood,1,TURNING TOOLS.csv
LTH-07,Okuma Multus B250II,,5000,22,Default preset,turning grooving,2205 Duplex (M),M,Groove Rough,turning,roughing,conventional,0.4,1,297,,0,0.0085,,0.0984,0.4,flood,1,TURNING TOOLS.csv
LTH-07,Okuma Multus B250II,,5000,22,Default preset,turning grooving,2205 Duplex (M),M,Groove Finish,turning,finishing,conventional,0.4,1,349,,0,0.0041,,0.0157,0.4,flood,1,TURNING TOOLS.csv
LTH-07,Okuma Multus B250II,,5000,22,Default preset,turning general,304/316 SS (M),M,Turn Rough,turning,roughing,conventional,6.35,1,476,,0,0.0231,,0.0984,6.35,flood,1,TURNING TOOLS.csv
LTH-07,Okuma Multus B250II,,5000,22,Default preset,turning general,304/316 SS (M),M,Turn Finish,turning,finishing,conventional,6.35,1,558,,0,0.0111,,0.0157,6.35,flood,1,TURNING TOOLS.csv
LTH-07,Okuma Multus B250II,,5000,22,Default preset,turning general,17-4 PH (M),M,Turn Rough,turning,roughing,conventional,6.35,1,357,,0,0.0231,,0.0984,6.35,flood,1,TURNING TOOLS.csv
LTH-07,Okuma Multus B250II,,5000,22,Default preset,turning general,17-4 PH (M),M,Turn Finish,turning,finishing,conventional,6.35,1,418,,0,0.0111,,0.0157,6.35,flood,1,TURNING TOOLS.csv
LTH-07,Okuma Multus B250II,,5000,22,Default preset,turning general,2205 Duplex (M),M,Turn Rough,turning,roughing,conventional,6.35,1,297,,0,0.0231,,0.0984,6.35,flood,1,TURNING TOOLS.csv
LTH-07,Okuma Multus B250II,,5000,22,Default preset,turning general,2205 Duplex (M),M,Turn Finish,turning,finishing,conventional,6.35,1,349,,0,0.0111,,0.0157,6.35,flood,1,TURNING TOOLS.csv
LTH-07,Okuma Multus B250II,,5000,22,Default preset,turning grooving,304/316 SS (M),M,Groove Rough,turning,roughing,conventional,0.4,1,476,,0,0.0085,,0.0984,0.4,flood,1,TURNING TOOLS.csv
LTH-07,Okuma Multus B250II,,5000,22,Default preset,turning grooving,304/316 SS (M),M,Groove Finish,turning,finishing,conventional,0.4,1,558,,0,0.0041,,0.0157,0.4,flood,1,TURNING TOOLS.csv
LTH-07,Okuma Multus B250II,,5000,22,Default preset,turning grooving,17-4 PH (M),M,Groove Rough,turning,roughing,conventional,0.4,1,357,,0,0.0085,,0.0984,0.4,flood,1,TURNING TOOLS.csv
LTH-07,Okuma Multus B250II,,5000,22,Default preset,turning grooving,17-4 PH (M),M,Groove Finish,turning,finishing,conventional,0.4,1,418,,0,0.0041,,0.0157,0.4,flood,1,TURNING TOOLS.csv
LTH-07,Okuma Multus B250II,,5000,22,Default preset,turning grooving,2205 Duplex (M),M,Groove Rough,turning,roughing,conventional,0.4,1,297,,0,0.0085,,0.0984,0.4,flood,1,TURNING TOOLS.csv
LTH-07,Okuma Multus B250II,,5000,22,Default preset,turning grooving,2205 Duplex (M),M,Groove Finish,turning,finishing,conventional,0.4,1,349,,0,0.0041,,0.0157,0.4,flood,1,TURNING TOOLS.csv
LTH-07,Okuma Multus B250II,,5000,22,Default preset,turning grooving,304/316 SS (M),M,Groove Rough,turning,roughing,conventional,0.4,1,476,,0,0.0085,,0.0984,0.4,flood,1,TURNING TOOLS.csv
LTH-07,Okuma Multus B250II,,5000,22,Default preset,turning grooving,304/316 SS (M),M,Groove Finish,turning,finishing,conventional,0.4,1,558,,0,0.0041,,0.0157,0.4,flood,1,TURNING TOOLS.csv
LTH-07,Okuma Multus B250II,,5000,22,Default preset,turning grooving,17-4 PH (M),M,Groove Rough,turning,roughing,conventional,0.4,1,357,,0,0.0085,,0.0984,0.4,flood,1,TURNING TOOLS.csv
LTH-07,Okuma Multus B250II,,5000,22,Default preset,turning grooving,17-4 PH (M),M,Groove Finish,turning,finishing,conventional,0.4,1,418,,0,0.0041,,0.0157,0.4,flood,1,TURNING TOOLS.csv
LTH-07,Okuma Multus B250II,,5000,22,Default preset,turning grooving,2205 Duplex (M),M,Groove Rough,turning,roughing,conventional,0.4,1,297,,0,0.0085,,0.0984,0.4,flood,1,TURNING TOOLS.csv
LTH-07,Okuma Multus B250II,,5000,22,Default preset,turning grooving,2205 Duplex (M),M,Groove Finish,turning,finishing,conventional,0.4,1,349,,0,0.0041,,0.0157,0.4,flood,1,TURNING TOOLS.csv
LTH-07,Okuma Multus B250II,,5000,22,Default preset,turning general,304/316 SS (M),M,Turn Rough,turning,roughing,conventional,0.375,1,476,,0,0.008,,0.0984,0.3748,flood,1,TURNING TOOLS.csv
LTH-07,Okuma Multus B250II,,5000,22,Default preset,turning general,304/316 SS (M),M,Turn Finish,turning,finishing,conventional,0.375,1,558,,0,0.0039,,0.0157,0.3748,flood,1,TURNING TOOLS.csv
LTH-07,Okuma Multus B250II,,5000,22,Default preset,turning general,17-4 PH (M),M,Turn Rough,turning,roughing,conventional,0.375,1,357,,0,0.008,,0.0984,0.3748,flood,1,TURNING TOOLS.csv
LTH-07,Okuma Multus B250II,,5000,22,Default preset,turning general,17-4 PH (M),M,Turn Finish,turning,finishing,conventional,0.375,1,418,,0,0.0039,,0.0157,0.3748,flood,1,TURNING TOOLS.csv
LTH-07,Okuma Multus B250II,,5000,22,Default preset,turning general,2205 Duplex (M),M,Turn Rough,turning,roughing,conventional,0.375,1,297,,0,0.008,,0.0984,0.3748,flood,1,TURNING TOOLS.csv
LTH-07,Okuma Multus B250II,,5000,22,Default preset,turning general,2205 Duplex (M),M,Turn Finish,turning,finishing,conventional,0.375,1,349,,0,0.0039,,0.0157,0.3748,flood,1,TURNING TOOLS.csv
LTH-07,Okuma Multus B250II,,5000,22,Default preset,turning general,304/316 SS (M),M,Turn Rough,turning,roughing,conventional,0.375,1,476,,0,0.008,,0.0984,0.3748,flood,1,TURNING TOOLS.csv
LTH-07,Okuma Multus B250II,,5000,22,Default preset,turning general,304/316 SS (M),M,Turn Finish,turning,finishing,conventional,0.375,1,558,,0,0.0039,,0.0157,0.3748,flood,1,TURNING TOOLS.csv
LTH-07,Okuma Multus B250II,,5000,22,Default preset,turning general,17-4 PH (M),M,Turn Rough,turning,roughing,conventional,0.375,1,357,,0,0.008,,0.0984,0.3748,flood,1,TURNING TOOLS.csv
LTH-07,Okuma Multus B250II,,5000,22,Default preset,turning general,17-4 PH (M),M,Turn Finish,turning,finishing,conventional,0.375,1,418,,0,0.0039,,0.0157,0.3748,flood,1,TURNING TOOLS.csv
LTH-07,Okuma Multus B250II,,5000,22,Default preset,turning general,2205 Duplex (M),M,Turn Rough,turning,roughing,conventional,0.375,1,297,,0,0.008,,0.0984,0.3748,flood,1,TURNING TOOLS.csv
LTH-07,Okuma Multus B250II,,5000,22,Default preset,turning general,2205 Duplex (M),M,Turn Finish,turning,finishing,conventional,0.375,1,349,,0,0.0039,,0.0157,0.3748,flood,1,TURNING TOOLS.csv
LTH-07,Okuma Multus B250II,,5000,22,Default preset,turning general,304/316 SS (M),M,Turn Rough,turning,roughing,conventional,0.375,1,476,,0,0.008,,0.0984,0.3748,flood,1,TURNING TOOLS.csv
LTH-07,Okuma Multus B250II,,5000,22,Default preset,turning general,304/316 SS (M),M,Turn Finish,turning,finishing,conventional,0.375,1,558,,0,0.0039,,0.0157,0.3748,flood,1,TURNING TOOLS.csv
LTH-07,Okuma Multus B250II,,5000,22,Default preset,turning general,17-4 PH (M),M,Turn Rough,turning,roughing,conventional,0.375,1,357,,0,0.008,,0.0984,0.3748,flood,1,TURNING TOOLS.csv
LTH-07,Okuma Multus B250II,,5000,22,Default preset,turning general,17-4 PH (M),M,Turn Finish,turning,finishing,conventional,0.375,1,418,,0,0.0039,,0.0157,0.3748,flood,1,TURNING TOOLS.csv
LTH-07,Okuma Multus B250II,,5000,22,Default preset,turning general,2205 Duplex (M),M,Turn Rough,turning,roughing,conventional,0.375,1,297,,0,0.008,,0.0984,0.3748,flood,1,TURNING TOOLS.csv
LTH-07,Okuma Multus B250II,,5000,22,Default preset,turning general,2205 Duplex (M),M,Turn Finish,turning,finishing,conventional,0.375,1,349,,0,0.0039,,0.0157,0.3748,flood,1,TURNING TOOLS.csv
LTH-07,Okuma Multus B250II,,5000,22,Default preset,turning general,304/316 SS (M),M,Turn Rough,turning,roughing,conventional,0.375,1,476,,0,0.008,,0.0984,0.3748,flood,1,TURNING TOOLS.csv
LTH-07,Okuma Multus B250II,,5000,22,Default preset,turning general,304/316 SS (M),M,Turn Finish,turning,finishing,conventional,0.375,1,558,,0,0.0039,,0.0157,0.3748,flood,1,TURNING TOOLS.csv
LTH-07,Okuma Multus B250II,,5000,22,Default preset,turning general,17-4 PH (M),M,Turn Rough,turning,roughing,conventional,0.375,1,357,,0,0.008,,0.0984,0.3748,flood,1,TURNING TOOLS.csv
LTH-07,Okuma Multus B250II,,5000,22,Default preset,turning general,17-4 PH (M),M,Turn Finish,turning,finishing,conventional,0.375,1,418,,0,0.0039,,0.0157,0.3748,flood,1,TURNING TOOLS.csv
LTH-07,Okuma Multus B250II,,5000,22,Default preset,turning general,2205 Duplex (M),M,Turn Rough,turning,roughing,conventional,0.375,1,297,,0,0.008,,0.0984,0.3748,flood,1,TURNING TOOLS.csv
LTH-07,Okuma Multus B250II,,5000,22,Default preset,turning general,2205 Duplex (M),M,Turn Finish,turning,finishing,conventional,0.375,1,349,,0,0.0039,,0.0157,0.3748,flood,1,TURNING TOOLS.csv
LTH-07,Okuma Multus B250II,,5000,22,Default preset,turning grooving,304/316 SS (M),M,Groove Rough,turning,roughing,conventional,0.4,1,476,,0,0.0085,,0.0984,0.4,flood,1,TURNING TOOLS.csv
LTH-07,Okuma Multus B250II,,5000,22,Default preset,turning grooving,304/316 SS (M),M,Groove Finish,turning,finishing,conventional,0.4,1,558,,0,0.0041,,0.0157,0.4,flood,1,TURNING TOOLS.csv
LTH-07,Okuma Multus B250II,,5000,22,Default preset,turning grooving,17-4 PH (M),M,Groove Rough,turning,roughing,conventional,0.4,1,357,,0,0.0085,,0.0984,0.4,flood,1,TURNING TOOLS.csv
LTH-07,Okuma Multus B250II,,5000,22,Default preset,turning grooving,17-4 PH (M),M,Groove Finish,turning,finishing,conventional,0.4,1,418,,0,0.0041,,0.0157,0.4,flood,1,TURNING TOOLS.csv
LTH-07,Okuma Multus B250II,,5000,22,Default preset,turning grooving,2205 Duplex (M),M,Groove Rough,turning,roughing,conventional,0.4,1,297,,0,0.0085,,0.0984,0.4,flood,1,TURNING TOOLS.csv
LTH-07,Okuma Multus B250II,,5000,22,Default preset,turning grooving,2205 Duplex (M),M,Groove Finish,turning,finishing,conventional,0.4,1,349,,0,0.0041,,0.0157,0.4,flood,1,TURNING TOOLS.csv
LTH-07,Okuma Multus B250II,,5000,22,Default preset,turning grooving,304/316 SS (M),M,Groove Rough,turning,roughing,conventional,0.4,1,476,,0,0.0085,,0.0984,0.4,flood,1,TURNING TOOLS.csv
LTH-07,Okuma Multus B250II,,5000,22,Default preset,turning grooving,304/316 SS (M),M,Groove Finish,turning,finishing,conventional,0.4,1,558,,0,0.0041,,0.0157,0.4,flood,1,TURNING TOOLS.csv
LTH-07,Okuma Multus B250II,,5000,22,Default preset,turning grooving,17-4 PH (M),M,Groove Rough,turning,roughing,conventional,0.4,1,357,,0,0.0085,,0.0984,0.4,flood,1,TURNING TOOLS.csv
LTH-07,Okuma Multus B250II,,5000,22,Default preset,turning grooving,17-4 PH (M),M,Groove Finish,turning,finishing,conventional,0.4,1,418,,0,0.0041,,0.0157,0.4,flood,1,TURNING TOOLS.csv
LTH-07,Okuma Multus B250II,,5000,22,Default preset,turning grooving,2205 Duplex (M),M,Groove Rough,turning,roughing,conventional,0.4,1,297,,0,0.0085,,0.0984,0.4,flood,1,TURNING TOOLS.csv
LTH-07,Okuma Multus B250II,,5000,22,Default preset,turning grooving,2205 Duplex (M),M,Groove Finish,turning,finishing,conventional,0.4,1,349,,0,0.0041,,0.0157,0.4,flood,1,TURNING TOOLS.csv
LTH-07,Okuma Multus B250II,,5000,22,Default Preset,bull nose end mill,304/316 SS (M),M,Rough,milling,roughing,conventional,0.5,6,328,2506,0,0.0041,60.97,0.1969,0.1748,flood,0,END MILLS FOR MACHINE 4.csv
LTH-07,Okuma Multus B250II,,5000,22,Default Preset,bull nose end mill,304/316 SS (M),M,HEM Adaptive,milling,roughing,adaptive,0.5,6,459,3509,0,0.0049,102.45,0.3937,0.05,flood,0,END MILLS FOR MACHINE 4.csv
LTH-07,Okuma Multus B250II,,5000,22,Default Preset,bull nose end mill,304/316 SS (M),M,Trochoidal,milling,roughing,trochoidal,0.5,6,492,3760,0,0.0053,118.93,0.4921,0.04,flood,0,END MILLS FOR MACHINE 4.csv
LTH-07,Okuma Multus B250II,,5000,22,Default Preset,bull nose end mill,304/316 SS (M),M,Slot,milling,roughing,slot,0.5,6,262,2005,0,0.0036,43.9,0.1378,0.5,flood,0,END MILLS FOR MACHINE 4.csv
LTH-07,Okuma Multus B250II,,5000,22,Default Preset,bull nose end mill,304/316 SS (M),M,Ramp,milling,roughing,plunge,0.5,6,230,1754,0,0.002,21.34,0.1969,0.1748,flood,0,END MILLS FOR MACHINE 4.csv
LTH-07,Okuma Multus B250II,,5000,22,Default Preset,bull nose end mill,304/316 SS (M),M,Semi,milling,semi_finishing,conventional,0.5,6,361,2757,0,0.0032,53.4,0.0787,0.25,flood,0,END MILLS FOR MACHINE 4.csv
LTH-07,Okuma Multus B250II,,5000,22,Default Preset,bull nose end mill,304/316 SS (M),M,Finish,milling,finishing,conventional,0.5,6,394,3008,0,0.0028,51.16,0.0197,0.3748,flood,0,END MILLS FOR MACHINE 4.csv
LTH-07,Okuma Multus B250II,,5000,22,Default Preset,bull nose end mill,304/316 SS (M),M,HSM,milling,finishing,hsm,0.5,6,512,3910,0,0.0028,66.5,0.0098,0.25,flood,0,END MILLS FOR MACHINE 4.csv
LTH-07,Okuma Multus B250II,,5000,22,Default Preset,bull nose end mill,17-4 PH (M),M,Rough,milling,roughing,conventional,0.5,6,246,1880,0,0.0041,45.74,0.1969,0.1748,flood,0,END MILLS FOR MACHINE 4.csv
LTH-07,Okuma Multus B250II,,5000,22,Default Preset,bull nose end mill,17-4 PH (M),M,HEM Adaptive,milling,roughing,adaptive,0.5,6,344,2632,0,0.0049,76.85,0.3937,0.05,flood,0,END MILLS FOR MACHINE 4.csv
LTH-07,Okuma Multus B250II,,5000,22,Default Preset,bull nose end mill,17-4 PH (M),M,Trochoidal,milling,roughing,trochoidal,0.5,6,369,2820,0,0.0053,89.2,0.4921,0.04,flood,0,END MILLS FOR MACHINE 4.csv
LTH-07,Okuma Multus B250II,,5000,22,Default Preset,bull nose end mill,17-4 PH (M),M,Slot,milling,roughing,slot,0.5,6,197,1504,0,0.0036,32.93,0.1378,0.5,flood,0,END MILLS FOR MACHINE 4.csv
LTH-07,Okuma Multus B250II,,5000,22,Default Preset,bull nose end mill,17-4 PH (M),M,Ramp,milling,roughing,plunge,0.5,6,172,1316,0,0.002,16.01,0.1969,0.1748,flood,0,END MILLS FOR MACHINE 4.csv
LTH-07,Okuma Multus B250II,,5000,22,Default Preset,bull nose end mill,17-4 PH (M),M,Semi,milling,semi_finishing,conventional,0.5,6,271,2068,0,0.0032,40.06,0.0787,0.25,flood,0,END MILLS FOR MACHINE 4.csv
LTH-07,Okuma Multus B250II,,5000,22,Default Preset,bull nose end mill,17-4 PH (M),M,Finish,milling,finishing,conventional,0.5,6,295,2256,0,0.0028,38.37,0.0197,0.3748,flood,0,END MILLS FOR MACHINE 4.csv
LTH-07,Okuma Multus B250II,,5000,22,Default Preset,bull nose end mill,17-4 PH (M),M,HSM,milling,finishing,hsm,0.5,6,384,2932,0,0.0028,49.87,0.0098,0.25,flood,0,END MILLS FOR MACHINE 4.csv
LTH-07,Okuma Multus B250II,,5000,22,Default Preset,bull nose end mill,2205 Duplex (M),M,Rough,milling,roughing,conventional,0.5,6,205,1566,0,0.0041,38.1,0.1969,0.1748,flood,0,END MILLS FOR MACHINE 4.csv
LTH-07,Okuma Multus B250II,,5000,22,Default Preset,bull nose end mill,2205 Duplex (M),M,HEM Adaptive,milling,roughing,adaptive,0.5,6,287,2193,0,0.0049,64.03,0.3937,0.05,flood,0,END MILLS FOR MACHINE 4.csv
LTH-07,Okuma Multus B250II,,5000,22,Default Preset,bull nose end mill,2205 Duplex (M),M,Trochoidal,milling,roughing,trochoidal,0.5,6,308,2350,0,0.0053,74.33,0.4921,0.04,flood,0,END MILLS FOR MACHINE 4.csv
LTH-07,Okuma Multus B250II,,5000,22,Default Preset,bull nose end mill,2205 Duplex (M),M,Slot,milling,roughing,slot,0.5,6,164,1253,0,0.0036,27.44,0.1378,0.5,flood,0,END MILLS FOR MACHINE 4.csv
LTH-07,Okuma Multus B250II,,5000,22,Default Preset,bull nose end mill,2205 Duplex (M),M,Ramp,milling,roughing,plunge,0.5,6,144,1097,0,0.002,13.35,0.1969,0.1748,flood,0,END MILLS FOR MACHINE 4.csv
LTH-07,Okuma Multus B250II,,5000,22,Default Preset,bull nose end mill,2205 Duplex (M),M,Semi,milling,semi_finishing,conventional,0.5,6,226,1723,0,0.0032,33.37,0.0787,0.25,flood,0,END MILLS FOR MACHINE 4.csv
LTH-07,Okuma Multus B250II,,5000,22,Default Preset,bull nose end mill,2205 Duplex (M),M,Finish,milling,finishing,conventional,0.5,6,246,1880,0,0.0028,31.97,0.0197,0.3748,flood,0,END MILLS FOR MACHINE 4.csv
LTH-07,Okuma Multus B250II,,5000,22,Default Preset,bull nose end mill,2205 Duplex (M),M,HSM,milling,finishing,hsm,0.5,6,320,2444,0,0.0028,41.57,0.0098,0.25,flood,0,END MILLS FOR MACHINE 4.csv
LTH-07,Okuma Multus B250II,,5000,22,Default Preset,bull nose end mill,304/316 SS (M),M,Rough,milling,roughing,conventional,0.5,6,328,2506,0,0.0041,60.97,0.1969,0.1748,flood,0,END MILLS FOR MACHINE 4.csv
LTH-07,Okuma Multus B250II,,5000,22,Default Preset,bull nose end mill,304/316 SS (M),M,HEM Adaptive,milling,roughing,adaptive,0.5,6,459,3509,0,0.0049,102.45,0.3937,0.05,flood,0,END MILLS FOR MACHINE 4.csv
LTH-07,Okuma Multus B250II,,5000,22,Default Preset,bull nose end mill,304/316 SS (M),M,Trochoidal,milling,roughing,trochoidal,0.5,6,492,3760,0,0.0053,118.93,0.4921,0.04,flood,0,END MILLS FOR MACHINE 4.csv
LTH-07,Okuma Multus B250II,,5000,22,Default Preset,bull nose end mill,304/316 SS (M),M,Slot,milling,roughing,slot,0.5,6,262,2005,0,0.0036,43.9,0.1378,0.5,flood,0,END MILLS FOR MACHINE 4.csv
LTH-07,Okuma Multus B250II,,5000,22,Default Preset,bull nose end mill,304/316 SS (M),M,Ramp,milling,roughing,plunge,0.5,6,230,1754,0,0.002,21.34,0.1969,0.1748,flood,0,END MILLS FOR MACHINE 4.csv
LTH-07,Okuma Multus B250II,,5000,22,Default Preset,bull nose end mill,304/316 SS (M),M,Semi,milling,semi_finishing,conventional,0.5,6,361,2757,0,0.0032,53.4,0.0787,0.25,flood,0,END MILLS FOR MACHINE 4.csv
LTH-07,Okuma Multus B250II,,5000,22,Default Preset,bull nose end mill,304/316 SS (M),M,Finish,milling,finishing,conventional,0.5,6,394,3008,0,0.0028,51.16,0.0197,0.3748,flood,0,END MILLS FOR MACHINE 4.csv
LTH-07,Okuma Multus B250II,,5000,22,Default Preset,bull nose end mill,304/316 SS (M),M,HSM,milling,finishing,hsm,0.5,6,512,3910,0,0.0028,66.5,0.0098,0.25,flood,0,END MILLS FOR MACHINE 4.csv
LTH-07,Okuma Multus B250II,,5000,22,Default Preset,bull nose end mill,17-4 PH (M),M,Rough,milling,roughing,conventional,0.5,6,246,1880,0,0.0041,45.74,0.1969,0.1748,flood,0,END MILLS FOR MACHINE 4.csv
LTH-07,Okuma Multus B250II,,5000,22,Default Preset,bull nose end mill,17-4 PH (M),M,HEM Adaptive,milling,roughing,adaptive,0.5,6,344,2632,0,0.0049,76.85,0.3937,0.05,flood,0,END MILLS FOR MACHINE 4.csv
LTH-07,Okuma Multus B250II,,5000,22,Default Preset,bull nose end mill,17-4 PH (M),M,Trochoidal,milling,roughing,trochoidal,0.5,6,369,2820,0,0.0053,89.2,0.4921,0.04,flood,0,END MILLS FOR MACHINE 4.csv
LTH-07,Okuma Multus B250II,,5000,22,Default Preset,bull nose end mill,17-4 PH (M),M,Slot,milling,roughing,slot,0.5,6,197,1504,0,0.0036,32.93,0.1378,0.5,flood,0,END MILLS FOR MACHINE 4.csv
LTH-07,Okuma Multus B250II,,5000,22,Default Preset,bull nose end mill,17-4 PH (M),M,Ramp,milling,roughing,plunge,0.5,6,172,1316,0,0.002,16.01,0.1969,0.1748,flood,0,END MILLS FOR MACHINE 4.csv
LTH-07,Okuma Multus B250II,,5000,22,Default Preset,bull nose end mill,17-4 PH (M),M,Semi,milling,semi_finishing,conventional,0.5,6,271,2068,0,0.0032,40.06,0.0787,0.25,flood,0,END MILLS FOR MACHINE 4.csv
LTH-07,Okuma Multus B250II,,5000,22,Default Preset,bull nose end mill,17-4 PH (M),M,Finish,milling,finishing,conventional,0.5,6,295,2256,0,0.0028,38.37,0.0197,0.3748,flood,0,END MILLS FOR MACHINE 4.csv
LTH-07,Okuma Multus B250II,,5000,22,Default Preset,bull nose end mill,17-4 PH (M),M,HSM,milling,finishing,hsm,0.5,6,384,2932,0,0.0028,49.87,0.0098,0.25,flood,0,END MILLS FOR MACHINE 4.csv
LTH-07,Okuma Multus B250II,,5000,22,Default Preset,bull nose end mill,2205 Duplex (M),M,Rough,milling,roughing,conventional,0.5,6,205,1566,0,0.0041,38.1,0.1969,0.1748,flood,0,END MILLS FOR MACHINE 4.csv
LTH-07,Okuma Multus B250II,,5000,22,Default Preset,bull nose end mill,2205 Duplex (M),M,HEM Adaptive,milling,roughing,adaptive,0.5,6,287,2193,0,0.0049,64.03,0.3937,0.05,flood,0,END MILLS FOR MACHINE 4.csv
LTH-07,Okuma Multus B250II,,5000,22,Default Preset,bull nose end mill,2205 Duplex (M),M,Trochoidal,milling,roughing,trochoidal,0.5,6,308,2350,0,0.0053,74.33,0.4921,0.04,flood,0,END MILLS FOR MACHINE 4.csv
LTH-07,Okuma Multus B250II,,5000,22,Default Preset,bull nose end mill,2205 Duplex (M),M,Slot,milling,roughing,slot,0.5,6,164,1253,0,0.0036,27.44,0.1378,0.5,flood,0,END MILLS FOR MACHINE 4.csv
LTH-07,Okuma Multus B250II,,5000,22,Default Preset,bull nose end mill,2205 Duplex (M),M,Ramp,milling,roughing,plunge,0.5,6,144,1097,0,0.002,13.35,0.1969,0.1748,flood,0,END MILLS FOR MACHINE 4.csv
LTH-07,Okuma Multus B250II,,5000,22,Default Preset,bull nose end mill,2205 Duplex (M),M,Semi,milling,semi_finishing,conventional,0.5,6,226,1723,0,0.0032,33.37,0.0787,0.25,flood,0,END MILLS FOR MACHINE 4.csv
LTH-07,Okuma Multus B250II,,5000,22,Default Preset,bull nose end mill,2205 Duplex (M),M,Finish,milling,finishing,conventional,0.5,6,246,1880,0,0.0028,31.97,0.0197,0.3748,flood,0,END MILLS FOR MACHINE 4.csv
LTH-07,Okuma Multus B250II,,5000,22,Default Preset,bull nose end mill,2205 Duplex (M),M,HSM,milling,finishing,hsm,0.5,6,320,2444,0,0.0028,41.57,0.0098,0.25,flood,0,END MILLS FOR MACHINE 4.csv
LTH-07,Okuma Multus B250II,,5000,22,Default Preset,bull nose end mill,304/316 SS (M),M,Rough,milling,roughing,conventional,0.25,6,327,5000,1,0.0024,73.23,0.1969,0.0874,flood,0,END MILLS FOR MACHINE 4.csv
LTH-07,Okuma Multus B250II,,5000,22,Default Preset,bull nose end mill,304/316 SS (M),M,HEM Adaptive,milling,roughing,adaptive,0.25,6,327,5000,1,0.0029,87.87,0.3937,0.025,flood,0,END MILLS FOR MACHINE 4.csv
LTH-07,Okuma Multus B250II,,5000,22,Default Preset,bull nose end mill,304/316 SS (M),M,Trochoidal,milling,roughing,trochoidal,0.25,6,327,5000,1,0.0032,95.2,0.4921,0.02,flood,0,END MILLS FOR MACHINE 4.csv
LTH-07,Okuma Multus B250II,,5000,22,Default Preset,bull nose end mill,304/316 SS (M),M,Slot,milling,roughing,slot,0.25,6,262,4010,0,0.0022,52.86,0.125,0.25,flood,0,END MILLS FOR MACHINE 4.csv
LTH-07,Okuma Multus B250II,,5000,22,Default Preset,bull nose end mill,304/316 SS (M),M,Ramp,milling,roughing,plunge,0.25,6,230,3509,0,0.0012,25.7,0.1969,0.0874,flood,0,END MILLS FOR MACHINE 4.csv
LTH-07,Okuma Multus B250II,,5000,22,Default Preset,bull nose end mill,304/316 SS (M),M,Semi,milling,semi_finishing,conventional,0.25,6,327,5000,1,0.0019,57.87,0.0787,0.1252,flood,0,END MILLS FOR MACHINE 4.csv
LTH-07,Okuma Multus B250II,,5000,22,Default Preset,bull nose end mill,304/316 SS (M),M,Finish,milling,finishing,conventional,0.25,6,328,5000,1,0.0017,50.79,0.0197,0.1874,flood,0,END MILLS FOR MACHINE 4.csv
LTH-07,Okuma Multus B250II,,5000,22,Default Preset,bull nose end mill,304/316 SS (M),M,HSM,milling,finishing,hsm,0.25,6,327,5000,1,0.0017,50.79,0.0098,0.125,flood,0,END MILLS FOR MACHINE 4.csv
LTH-07,Okuma Multus B250II,,5000,22,Default Preset,bull nose end mill,17-4 PH (M),M,Rough,milling,roughing,conventional,0.25,6,246,3760,0,0.0024,55.07,0.1969,0.0874,flood,0,END MILLS FOR MACHINE 4.csv
LTH-07,Okuma Multus B250II,,5000,22,Default Preset,bull nose end mill,17-4 PH (M),M,HEM Adaptive,milling,roughing,adaptive,0.25,6,327,5000,1,0.0029,87.87,0.3937,0.025,flood,0,END MILLS FOR MACHINE 4.csv
LTH-07,Okuma Multus B250II,,5000,22,Default Preset,bull nose end mill,17-4 PH (M),M,Trochoidal,milling,roughing,trochoidal,0.25,6,327,5000,1,0.0032,95.2,0.4921,0.02,flood,0,END MILLS FOR MACHINE 4.csv
LTH-07,Okuma Multus B250II,,5000,22,Default Preset,bull nose end mill,17-4 PH (M),M,Slot,milling,roughing,slot,0.25,6,197,3008,0,0.0022,39.65,0.125,0.25,flood,0,END MILLS FOR MACHINE 4.csv
LTH-07,Okuma Multus B250II,,5000,22,Default Preset,bull nose end mill,17-4 PH (M),M,Ramp,milling,roughing,plunge,0.25,6,172,2632,0,0.0012,19.27,0.1969,0.0874,flood,0,END MILLS FOR MACHINE 4.csv
LTH-07,Okuma Multus B250II,,5000,22,Default Preset,bull nose end mill,17-4 PH (M),M,Semi,milling,semi_finishing,conventional,0.25,6,271,4136,0,0.0019,47.87,0.0787,0.1252,flood,0,END MILLS FOR MACHINE 4.csv
LTH-07,Okuma Multus B250II,,5000,22,Default Preset,bull nose end mill,17-4 PH (M),M,Finish,milling,finishing,conventional,0.25,6,295,4511,0,0.0017,45.82,0.0197,0.1874,flood,0,END MILLS FOR MACHINE 4.csv
LTH-07,Okuma Multus B250II,,5000,22,Default Preset,bull nose end mill,17-4 PH (M),M,HSM,milling,finishing,hsm,0.25,6,327,5000,1,0.0017,50.79,0.0098,0.125,flood,0,END MILLS FOR MACHINE 4.csv
LTH-07,Okuma Multus B250II,,5000,22,Default Preset,bull nose end mill,2205 Duplex (M),M,Rough,milling,roughing,conventional,0.25,6,205,3133,0,0.0024,45.88,0.1969,0.0874,flood,0,END MILLS FOR MACHINE 4.csv
LTH-07,Okuma Multus B250II,,5000,22,Default Preset,bull nose end mill,2205 Duplex (M),M,HEM Adaptive,milling,roughing,adaptive,0.25,6,287,4386,0,0.0029,77.08,0.3937,0.025,flood,0,END MILLS FOR MACHINE 4.csv
LTH-07,Okuma Multus B250II,,5000,22,Default Preset,bull nose end mill,2205 Duplex (M),M,Trochoidal,milling,roughing,trochoidal,0.25,6,308,4699,0,0.0032,89.47,0.4921,0.02,flood,0,END MILLS FOR MACHINE 4.csv
LTH-07,Okuma Multus B250II,,5000,22,Default Preset,bull nose end mill,2205 Duplex (M),M,Slot,milling,roughing,slot,0.25,6,164,2506,0,0.0022,33.03,0.125,0.25,flood,0,END MILLS FOR MACHINE 4.csv
LTH-07,Okuma Multus B250II,,5000,22,Default Preset,bull nose end mill,2205 Duplex (M),M,Ramp,milling,roughing,plunge,0.25,6,144,2193,0,0.0012,16.06,0.1969,0.0874,flood,0,END MILLS FOR MACHINE 4.csv
LTH-07,Okuma Multus B250II,,5000,22,Default Preset,bull nose end mill,2205 Duplex (M),M,Semi,milling,semi_finishing,conventional,0.25,6,226,3446,0,0.0019,39.89,0.0787,0.1252,flood,0,END MILLS FOR MACHINE 4.csv
LTH-07,Okuma Multus B250II,,5000,22,Default Preset,bull nose end mill,2205 Duplex (M),M,Finish,milling,finishing,conventional,0.25,6,246,3760,0,0.0017,38.19,0.0197,0.1874,flood,0,END MILLS FOR MACHINE 4.csv
LTH-07,Okuma Multus B250II,,5000,22,Default Preset,bull nose end mill,2205 Duplex (M),M,HSM,milling,finishing,hsm,0.25,6,320,4887,0,0.0017,49.64,0.0098,0.125,flood,0,END MILLS FOR MACHINE 4.csv
LTH-07,Okuma Multus B250II,,5000,22,Default Preset,bull nose end mill,304/316 SS (M),M,Rough,milling,roughing,conventional,0.25,6,327,5000,1,0.0024,73.23,0.1969,0.0874,flood,0,END MILLS FOR MACHINE 4.csv
LTH-07,Okuma Multus B250II,,5000,22,Default Preset,bull nose end mill,304/316 SS (M),M,HEM Adaptive,milling,roughing,adaptive,0.25,6,327,5000,1,0.0029,87.87,0.3937,0.025,flood,0,END MILLS FOR MACHINE 4.csv
LTH-07,Okuma Multus B250II,,5000,22,Default Preset,bull nose end mill,304/316 SS (M),M,Trochoidal,milling,roughing,trochoidal,0.25,6,327,5000,1,0.0032,95.2,0.4921,0.02,flood,0,END MILLS FOR MACHINE 4.csv
LTH-07,Okuma Multus B250II,,5000,22,Default Preset,bull nose end mill,304/316 SS (M),M,Slot,milling,roughing,slot,0.25,6,262,4010,0,0.0022,52.86,0.125,0.25,flood,0,END MILLS FOR MACHINE 4.csv
LTH-07,Okuma Multus B250II,,5000,22,Default Preset,bull nose end mill,304/316 SS (M),M,Ramp,milling,roughing,plunge,0.25,6,230,3509,0,0.0012,25.7,0.1969,0.0874,flood,0,END MILLS FOR MACHINE 4.csv
LTH-07,Okuma Multus B250II,,5000,22,Default Preset,bull nose end mill,304/316 SS (M),M,Semi,milling,semi_finishing,conventional,0.25,6,327,5000,1,0.0019,57.87,0.0787,0.1252,flood,0,END MILLS FOR MACHINE 4.csv
LTH-07,Okuma Multus B250II,,5000,22,Default Preset,bull nose end mill,304/316 SS (M),M,Finish,milling,finishing,conventional,0.25,6,328,5000,1,0.0017,50.79,0.0197,0.1874,flood,0,END MILLS FOR MACHINE 4.csv
LTH-07,Okuma Multus B250II,,5000,22,Default Preset,bull nose end mill,304/316 SS (M),M,HSM,milling,finishing,hsm,0.25,6,327,5000,1,0.0017,50.79,0.0098,0.125,flood,0,END MILLS FOR MACHINE 4.csv
LTH-07,Okuma Multus B250II,,5000,22,Default Preset,bull nose end mill,17-4 PH (M),M,Rough,milling,roughing,conventional,0.25,6,246,3760,0,0.0024,55.07,0.1969,0.0874,flood,0,END MILLS FOR MACHINE 4.csv
LTH-07,Okuma Multus B250II,,5000,22,Default Preset,bull nose end mill,17-4 PH (M),M,HEM Adaptive,milling,roughing,adaptive,0.25,6,327,5000,1,0.0029,87.87,0.3937,0.025,flood,0,END MILLS FOR MACHINE 4.csv
LTH-07,Okuma Multus B250II,,5000,22,Default Preset,bull nose end mill,17-4 PH (M),M,Trochoidal,milling,roughing,trochoidal,0.25,6,327,5000,1,0.0032,95.2,0.4921,0.02,flood,0,END MILLS FOR MACHINE 4.csv
LTH-07,Okuma Multus B250II,,5000,22,Default Preset,bull nose end mill,17-4 PH (M),M,Slot,milling,roughing,slot,0.25,6,197,3008,0,0.0022,39.65,0.125,0.25,flood,0,END MILLS FOR MACHINE 4.csv
LTH-07,Okuma Multus B250II,,5000,22,Default Preset,bull nose end mill,17-4 PH (M),M,Ramp,milling,roughing,plunge,0.25,6,172,2632,0,0.0012,19.27,0.1969,0.0874,flood,0,END MILLS FOR MACHINE 4.csv
LTH-07,Okuma Multus B250II,,5000,22,Default Preset,bull nose end mill,17-4 PH (M),M,Semi,milling,semi_finishing,conventional,0.25,6,271,4136,0,0.0019,47.87,0.0787,0.1252,flood,0,END MILLS FOR MACHINE 4.csv
LTH-07,Okuma Multus B250II,,5000,22,Default Preset,bull nose end mill,17-4 PH (M),M,Finish,milling,finishing,conventional,0.25,6,295,4511,0,0.0017,45.82,0.0197,0.1874,flood,0,END MILLS FOR MACHINE 4.csv
LTH-07,Okuma Multus B250II,,5000,22,Default Preset,bull nose end mill,17-4 PH (M),M,HSM,milling,finishing,hsm,0.25,6,327,5000,1,0.0017,50.79,0.0098,0.125,flood,0,END MILLS FOR MACHINE 4.csv
LTH-07,Okuma Multus B250II,,5000,22,Default Preset,bull nose end mill,2205 Duplex (M),M,Rough,milling,roughing,conventional,0.25,6,205,3133,0,0.0024,45.88,0.1969,0.0874,flood,0,END MILLS FOR MACHINE 4.csv
LTH-07,Okuma Multus B250II,,5000,22,Default Preset,bull nose end mill,2205 Duplex (M),M,HEM Adaptive,milling,roughing,adaptive,0.25,6,287,4386,0,0.0029,77.08,0.3937,0.025,flood,0,END MILLS FOR MACHINE 4.csv
LTH-07,Okuma Multus B250II,,5000,22,Default Preset,bull nose end mill,2205 Duplex (M),M,Trochoidal,milling,roughing,trochoidal,0.25,6,308,4699,0,0.0032,89.47,0.4921,0.02,flood,0,END MILLS FOR MACHINE 4.csv
LTH-07,Okuma Multus B250II,,5000,22,Default Preset,bull nose end mill,2205 Duplex (M),M,Slot,milling,roughing,slot,0.25,6,164,2506,0,0.0022,33.03,0.125,0.25,flood,0,END MILLS FOR MACHINE 4.csv
LTH-07,Okuma Multus B250II,,5000,22,Default Preset,bull nose end mill,2205 Duplex (M),M,Ramp,milling,roughing,plunge,0.25,6,144,2193,0,0.0012,16.06,0.1969,0.0874,flood,0,END MILLS FOR MACHINE 4.csv
LTH-07,Okuma Multus B250II,,5000,22,Default Preset,bull nose end mill,2205 Duplex (M),M,Semi,milling,semi_finishing,conventional,0.25,6,226,3446,0,0.0019,39.89,0.0787,0.1252,flood,0,END MILLS FOR MACHINE 4.csv
LTH-07,Okuma Multus B250II,,5000,22,Default Preset,bull nose end mill,2205 Duplex (M),M,Finish,milling,finishing,conventional,0.25,6,246,3760,0,0.0017,38.19,0.0197,0.1874,flood,0,END MILLS FOR MACHINE 4.csv
LTH-07,Okuma Multus B250II,,5000,22,Default Preset,bull nose end mill,2205 Duplex (M),M,HSM,milling,finishing,hsm,0.25,6,320,4887,0,0.0017,49.64,0.0098,0.125,flood,0,END MILLS FOR MACHINE 4.csv
LTH-07,Okuma Multus B250II,,5000,22,Default Preset,bull nose end mill,304/316 SS (M),M,Rough,milling,roughing,conventional,0.375,6,328,3342,0,0.0032,63.95,0.1969,0.1311,flood,0,END MILLS FOR MACHINE 4.csv
LTH-07,Okuma Multus B250II,,5000,22,Default Preset,bull nose end mill,304/316 SS (M),M,HEM Adaptive,milling,roughing,adaptive,0.375,6,459,4679,0,0.0038,107.43,0.3937,0.0375,flood,0,END MILLS FOR MACHINE 4.csv
LTH-07,Okuma Multus B250II,,5000,22,Default Preset,bull nose end mill,304/316 SS (M),M,Trochoidal,milling,roughing,trochoidal,0.375,6,491,5000,1,0.0041,124.37,0.4921,0.03,flood,0,END MILLS FOR MACHINE 4.csv
LTH-07,Okuma Multus B250II,,5000,22,Default Preset,bull nose end mill,304/316 SS (M),M,Slot,milling,roughing,slot,0.375,6,262,2673,0,0.0029,46.03,0.1378,0.375,flood,0,END MILLS FOR MACHINE 4.csv
LTH-07,Okuma Multus B250II,,5000,22,Default Preset,bull nose end mill,304/316 SS (M),M,Ramp,milling,roughing,plunge,0.375,6,230,2339,0,0.0016,22.38,0.1969,0.1311,flood,0,END MILLS FOR MACHINE 4.csv
LTH-07,Okuma Multus B250II,,5000,22,Default Preset,bull nose end mill,304/316 SS (M),M,Semi,milling,semi_finishing,conventional,0.375,6,361,3676,0,0.0026,56.44,0.0787,0.1874,flood,0,END MILLS FOR MACHINE 4.csv
LTH-07,Okuma Multus B250II,,5000,22,Default Preset,bull nose end mill,304/316 SS (M),M,Finish,milling,finishing,conventional,0.375,6,394,4010,0,0.0022,53.99,0.0197,0.2811,flood,0,END MILLS FOR MACHINE 4.csv
LTH-07,Okuma Multus B250II,,5000,22,Default Preset,bull nose end mill,304/316 SS (M),M,HSM,milling,finishing,hsm,0.375,6,491,5000,1,0.0022,67.32,0.0098,0.1875,flood,0,END MILLS FOR MACHINE 4.csv
LTH-07,Okuma Multus B250II,,5000,22,Default Preset,bull nose end mill,17-4 PH (M),M,Rough,milling,roughing,conventional,0.375,6,246,2506,0,0.0032,47.95,0.1969,0.1311,flood,0,END MILLS FOR MACHINE 4.csv
LTH-07,Okuma Multus B250II,,5000,22,Default Preset,bull nose end mill,17-4 PH (M),M,HEM Adaptive,milling,roughing,adaptive,0.375,6,344,3509,0,0.0038,80.57,0.3937,0.0375,flood,0,END MILLS FOR MACHINE 4.csv
LTH-07,Okuma Multus B250II,,5000,22,Default Preset,bull nose end mill,17-4 PH (M),M,Trochoidal,milling,roughing,trochoidal,0.375,6,369,3760,0,0.0041,93.53,0.4921,0.03,flood,0,END MILLS FOR MACHINE 4.csv
LTH-07,Okuma Multus B250II,,5000,22,Default Preset,bull nose end mill,17-4 PH (M),M,Slot,milling,roughing,slot,0.375,6,197,2005,0,0.0029,34.53,0.1378,0.375,flood,0,END MILLS FOR MACHINE 4.csv
LTH-07,Okuma Multus B250II,,5000,22,Default Preset,bull nose end mill,17-4 PH (M),M,Ramp,milling,roughing,plunge,0.375,6,172,1754,0,0.0016,16.78,0.1969,0.1311,flood,0,END MILLS FOR MACHINE 4.csv
LTH-07,Okuma Multus B250II,,5000,22,Default Preset,bull nose end mill,17-4 PH (M),M,Semi,milling,semi_finishing,conventional,0.375,6,271,2757,0,0.0026,42.33,0.0787,0.1874,flood,0,END MILLS FOR MACHINE 4.csv
LTH-07,Okuma Multus B250II,,5000,22,Default Preset,bull nose end mill,17-4 PH (M),M,Finish,milling,finishing,conventional,0.375,6,295,3008,0,0.0022,40.5,0.0197,0.2811,flood,0,END MILLS FOR MACHINE 4.csv
LTH-07,Okuma Multus B250II,,5000,22,Default Preset,bull nose end mill,17-4 PH (M),M,HSM,milling,finishing,hsm,0.375,6,384,3910,0,0.0022,52.65,0.0098,0.1875,flood,0,END MILLS FOR MACHINE 4.csv
LTH-07,Okuma Multus B250II,,5000,22,Default Preset,bull nose end mill,2205 Duplex (M),M,Rough,milling,roughing,conventional,0.375,6,205,2089,0,0.0032,39.97,0.1969,0.1311,flood,0,END MILLS FOR MACHINE 4.csv
LTH-07,Okuma Multus B250II,,5000,22,Default Preset,bull nose end mill,2205 Duplex (M),M,HEM Adaptive,milling,roughing,adaptive,0.375,6,287,2924,0,0.0038,67.14,0.3937,0.0375,flood,0,END MILLS FOR MACHINE 4.csv
LTH-07,Okuma Multus B250II,,5000,22,Default Preset,bull nose end mill,2205 Duplex (M),M,Trochoidal,milling,roughing,trochoidal,0.375,6,308,3133,0,0.0041,77.93,0.4921,0.03,flood,0,END MILLS FOR MACHINE 4.csv
LTH-07,Okuma Multus B250II,,5000,22,Default Preset,bull nose end mill,2205 Duplex (M),M,Slot,milling,roughing,slot,0.375,6,164,1671,0,0.0029,28.78,0.1378,0.375,flood,0,END MILLS FOR MACHINE 4.csv
LTH-07,Okuma Multus B250II,,5000,22,Default Preset,bull nose end mill,2205 Duplex (M),M,Ramp,milling,roughing,plunge,0.375,6,144,1462,0,0.0016,13.99,0.1969,0.1311,flood,0,END MILLS FOR MACHINE 4.csv
LTH-07,Okuma Multus B250II,,5000,22,Default Preset,bull nose end mill,2205 Duplex (M),M,Semi,milling,semi_finishing,conventional,0.375,6,226,2298,0,0.0026,35.28,0.0787,0.1874,flood,0,END MILLS FOR MACHINE 4.csv
LTH-07,Okuma Multus B250II,,5000,22,Default Preset,bull nose end mill,2205 Duplex (M),M,Finish,milling,finishing,conventional,0.375,6,246,2506,0,0.0022,33.74,0.0197,0.2811,flood,0,END MILLS FOR MACHINE 4.csv
LTH-07,Okuma Multus B250II,,5000,22,Default Preset,bull nose end mill,2205 Duplex (M),M,HSM,milling,finishing,hsm,0.375,6,320,3258,0,0.0022,43.87,0.0098,0.1875,flood,0,END MILLS FOR MACHINE 4.csv
LTH-07,Okuma Multus B250II,,5000,22,Default Preset,spot drill,304/316 SS (M),M,Spot,drilling,roughing,conventional,0.5,2,220,1679,0,0.003,10.18,0,0.5,flood,0,TWIST DRILLS.csv
LTH-07,Okuma Multus B250II,,5000,22,Default Preset,spot drill,17-4 PH (M),M,Spot,drilling,roughing,conventional,0.5,2,165,1259,0,0.003,7.63,0,0.5,flood,0,TWIST DRILLS.csv
LTH-07,Okuma Multus B250II,,5000,22,Default Preset,spot drill,2205 Duplex (M),M,Spot,drilling,roughing,conventional,0.5,2,137,1050,0,0.003,6.37,0,0.5,flood,0,TWIST DRILLS.csv
LTH-07,Okuma Multus B250II,,5000,22,Default Preset,drill,304/316 SS (M),M,Drill,drilling,roughing,conventional,0.0781,2,88,4299,0,0.0009,7.62,0,0.078,flood,0,TWIST DRILLS.csv
LTH-07,Okuma Multus B250II,,5000,22,Default Preset,drill,304/316 SS (M),M,Peck,drilling,roughing,plunge,0.0781,2,62,3009,0,0.0004,2.67,0,0.078,flood,0,TWIST DRILLS.csv
LTH-07,Okuma Multus B250II,,5000,22,Default Preset,drill,17-4 PH (M),M,Drill,drilling,roughing,conventional,0.0781,2,66,3224,0,0.0009,5.71,0,0.078,flood,0,TWIST DRILLS.csv
LTH-07,Okuma Multus B250II,,5000,22,Default Preset,drill,17-4 PH (M),M,Peck,drilling,roughing,plunge,0.0781,2,46,2257,0,0.0004,2,0,0.078,flood,0,TWIST DRILLS.csv
LTH-07,Okuma Multus B250II,,5000,22,Default Preset,drill,2205 Duplex (M),M,Drill,drilling,roughing,conventional,0.0781,2,55,2687,0,0.0009,4.76,0,0.078,flood,0,TWIST DRILLS.csv
LTH-07,Okuma Multus B250II,,5000,22,Default Preset,drill,2205 Duplex (M),M,Peck,drilling,roughing,plunge,0.0781,2,38,1881,0,0.0004,1.67,0,0.078,flood,0,TWIST DRILLS.csv
LTH-07,Okuma Multus B250II,,5000,22,Default Preset,drill,304/316 SS (M),M,Drill,drilling,roughing,conventional,0.0937,2,88,3582,0,0.001,7.19,0,0.0937,flood,0,TWIST DRILLS.csv
LTH-07,Okuma Multus B250II,,5000,22,Default Preset,drill,304/316 SS (M),M,Peck,drilling,roughing,plunge,0.0937,2,62,2508,0,0.0005,2.52,0,0.0937,flood,0,TWIST DRILLS.csv
LTH-07,Okuma Multus B250II,,5000,22,Default Preset,drill,17-4 PH (M),M,Drill,drilling,roughing,conventional,0.0937,2,66,2687,0,0.001,5.4,0,0.0937,flood,0,TWIST DRILLS.csv
LTH-07,Okuma Multus B250II,,5000,22,Default Preset,drill,17-4 PH (M),M,Peck,drilling,roughing,plunge,0.0937,2,46,1881,0,0.0005,1.89,0,0.0937,flood,0,TWIST DRILLS.csv
LTH-07,Okuma Multus B250II,,5000,22,Default Preset,drill,2205 Duplex (M),M,Drill,drilling,roughing,conventional,0.0937,2,55,2239,0,0.001,4.5,0,0.0937,flood,0,TWIST DRILLS.csv
LTH-07,Okuma Multus B250II,,5000,22,Default Preset,drill,2205 Duplex (M),M,Peck,drilling,roughing,plunge,0.0937,2,38,1567,0,0.0005,1.57,0,0.0937,flood,0,TWIST DRILLS.csv
LTH-07,Okuma Multus B250II,,5000,22,Default Preset,drill,304/316 SS (M),M,Drill,drilling,roughing,conventional,0.104,2,88,3229,0,0.0011,6.99,0,0.1039,flood,0,TWIST DRILLS.csv
LTH-07,Okuma Multus B250II,,5000,22,Default Preset,drill,304/316 SS (M),M,Peck,drilling,roughing,plunge,0.104,2,62,2261,0,0.0005,2.45,0,0.1039,flood,0,TWIST DRILLS.csv
LTH-07,Okuma Multus B250II,,5000,22,Default Preset,drill,17-4 PH (M),M,Drill,drilling,roughing,conventional,0.104,2,66,2422,0,0.0011,5.24,0,0.1039,flood,0,TWIST DRILLS.csv
LTH-07,Okuma Multus B250II,,5000,22,Default Preset,drill,17-4 PH (M),M,Peck,drilling,roughing,plunge,0.104,2,46,1695,0,0.0005,1.84,0,0.1039,flood,0,TWIST DRILLS.csv
LTH-07,Okuma Multus B250II,,5000,22,Default Preset,drill,2205 Duplex (M),M,Drill,drilling,roughing,conventional,0.104,2,55,2018,0,0.0011,4.37,0,0.1039,flood,0,TWIST DRILLS.csv
LTH-07,Okuma Multus B250II,,5000,22,Default Preset,drill,2205 Duplex (M),M,Peck,drilling,roughing,plunge,0.104,2,38,1413,0,0.0005,1.53,0,0.1039,flood,0,TWIST DRILLS.csv
LTH-07,Okuma Multus B250II,,5000,22,Default Preset,drill,304/316 SS (M),M,Drill,drilling,roughing,conventional,0.11,2,88,3053,0,0.0011,6.85,0,0.1098,flood,0,TWIST DRILLS.csv
LTH-07,Okuma Multus B250II,,5000,22,Default Preset,drill,304/316 SS (M),M,Peck,drilling,roughing,plunge,0.11,2,62,2137,0,0.0006,2.4,0,0.1098,flood,0,TWIST DRILLS.csv
LTH-07,Okuma Multus B250II,,5000,22,Default Preset,drill,17-4 PH (M),M,Drill,drilling,roughing,conventional,0.11,2,66,2290,0,0.0011,5.14,0,0.1098,flood,0,TWIST DRILLS.csv
LTH-07,Okuma Multus B250II,,5000,22,Default Preset,drill,17-4 PH (M),M,Peck,drilling,roughing,plunge,0.11,2,46,1603,0,0.0006,1.8,0,0.1098,flood,0,TWIST DRILLS.csv
LTH-07,Okuma Multus B250II,,5000,22,Default Preset,drill,2205 Duplex (M),M,Drill,drilling,roughing,conventional,0.11,2,55,1908,0,0.0011,4.28,0,0.1098,flood,0,TWIST DRILLS.csv
LTH-07,Okuma Multus B250II,,5000,22,Default Preset,drill,2205 Duplex (M),M,Peck,drilling,roughing,plunge,0.11,2,38,1336,0,0.0006,1.5,0,0.1098,flood,0,TWIST DRILLS.csv
LTH-07,Okuma Multus B250II,,5000,22,Default Preset,drill,304/316 SS (M),M,Drill,drilling,roughing,conventional,0.12,2,88,2799,0,0.0012,6.72,0,0.1201,flood,0,TWIST DRILLS.csv
LTH-07,Okuma Multus B250II,,5000,22,Default Preset,drill,304/316 SS (M),M,Peck,drilling,roughing,plunge,0.12,2,62,1959,0,0.0006,2.35,0,0.1201,flood,0,TWIST DRILLS.csv
LTH-07,Okuma Multus B250II,,5000,22,Default Preset,drill,17-4 PH (M),M,Drill,drilling,roughing,conventional,0.12,2,66,2099,0,0.0012,5.04,0,0.1201,flood,0,TWIST DRILLS.csv
LTH-07,Okuma Multus B250II,,5000,22,Default Preset,drill,17-4 PH (M),M,Peck,drilling,roughing,plunge,0.12,2,46,1469,0,0.0006,1.76,0,0.1201,flood,0,TWIST DRILLS.csv
LTH-07,Okuma Multus B250II,,5000,22,Default Preset,drill,2205 Duplex (M),M,Drill,drilling,roughing,conventional,0.12,2,55,1749,0,0.0012,4.2,0,0.1201,flood,0,TWIST DRILLS.csv
LTH-07,Okuma Multus B250II,,5000,22,Default Preset,drill,2205 Duplex (M),M,Peck,drilling,roughing,plunge,0.12,2,38,1224,0,0.0006,1.47,0,0.1201,flood,0,TWIST DRILLS.csv
LTH-07,Okuma Multus B250II,,5000,22,Default Preset,drill,304/316 SS (M),M,Drill,drilling,roughing,conventional,0.135,3,88,2488,0,0.0009,6.46,0,0.135,flood,0,TWIST DRILLS.csv
LTH-07,Okuma Multus B250II,,5000,22,Default Preset,drill,304/316 SS (M),M,Peck,drilling,roughing,plunge,0.135,3,62,1741,0,0.0004,2.26,0,0.135,flood,0,TWIST DRILLS.csv
LTH-07,Okuma Multus B250II,,5000,22,Default Preset,drill,17-4 PH (M),M,Drill,drilling,roughing,conventional,0.135,3,66,1866,0,0.0009,4.85,0,0.135,flood,0,TWIST DRILLS.csv
LTH-07,Okuma Multus B250II,,5000,22,Default Preset,drill,17-4 PH (M),M,Peck,drilling,roughing,plunge,0.135,3,46,1306,0,0.0004,1.7,0,0.135,flood,0,TWIST DRILLS.csv
LTH-07,Okuma Multus B250II,,5000,22,Default Preset,drill,2205 Duplex (M),M,Drill,drilling,roughing,conventional,0.135,3,55,1555,0,0.0009,4.04,0,0.135,flood,0,TWIST DRILLS.csv
LTH-07,Okuma Multus B250II,,5000,22,Default Preset,drill,2205 Duplex (M),M,Peck,drilling,roughing,plunge,0.135,3,38,1088,0,0.0004,1.41,0,0.135,flood,0,TWIST DRILLS.csv
LTH-07,Okuma Multus B250II,,5000,22,Default Preset,drill,304/316 SS (M),M,Drill,drilling,roughing,conventional,0.1405,3,88,2390,0,0.0009,6.49,0,0.1406,flood,0,TWIST DRILLS.csv
LTH-07,Okuma Multus B250II,,5000,22,Default Preset,drill,304/316 SS (M),M,Peck,drilling,roughing,plunge,0.1405,3,62,1673,0,0.0005,2.27,0,0.1406,flood,0,TWIST DRILLS.csv
LTH-07,Okuma Multus B250II,,5000,22,Default Preset,drill,17-4 PH (M),M,Drill,drilling,roughing,conventional,0.1405,3,66,1793,0,0.0009,4.87,0,0.1406,flood,0,TWIST DRILLS.csv
LTH-07,Okuma Multus B250II,,5000,22,Default Preset,drill,17-4 PH (M),M,Peck,drilling,roughing,plunge,0.1405,3,46,1255,0,0.0005,1.7,0,0.1406,flood,0,TWIST DRILLS.csv
LTH-07,Okuma Multus B250II,,5000,22,Default Preset,drill,2205 Duplex (M),M,Drill,drilling,roughing,conventional,0.1405,3,55,1494,0,0.0009,4.06,0,0.1406,flood,0,TWIST DRILLS.csv
LTH-07,Okuma Multus B250II,,5000,22,Default Preset,drill,2205 Duplex (M),M,Peck,drilling,roughing,plunge,0.1405,3,38,1046,0,0.0005,1.42,0,0.1406,flood,0,TWIST DRILLS.csv
LTH-07,Okuma Multus B250II,,5000,22,Default Preset,drill,304/316 SS (M),M,Drill,drilling,roughing,conventional,0.144,3,88,2332,0,0.0009,6.43,0,0.1441,flood,0,TWIST DRILLS.csv
LTH-07,Okuma Multus B250II,,5000,22,Default Preset,drill,304/316 SS (M),M,Peck,drilling,roughing,plunge,0.144,3,62,1633,0,0.0005,2.25,0,0.1441,flood,0,TWIST DRILLS.csv
LTH-07,Okuma Multus B250II,,5000,22,Default Preset,drill,17-4 PH (M),M,Drill,drilling,roughing,conventional,0.144,3,66,1749,0,0.0009,4.82,0,0.1441,flood,0,TWIST DRILLS.csv
LTH-07,Okuma Multus B250II,,5000,22,Default Preset,drill,17-4 PH (M),M,Peck,drilling,roughing,plunge,0.144,3,46,1224,0,0.0005,1.69,0,0.1441,flood,0,TWIST DRILLS.csv
LTH-07,Okuma Multus B250II,,5000,22,Default Preset,drill,2205 Duplex (M),M,Drill,drilling,roughing,conventional,0.144,3,55,1458,0,0.0009,4.02,0,0.1441,flood,0,TWIST DRILLS.csv
LTH-07,Okuma Multus B250II,,5000,22,Default Preset,drill,2205 Duplex (M),M,Peck,drilling,roughing,plunge,0.144,3,38,1020,0,0.0005,1.41,0,0.1441,flood,0,TWIST DRILLS.csv
LTH-07,Okuma Multus B250II,,5000,22,Default Preset,drill,304/316 SS (M),M,Drill,drilling,roughing,conventional,0.1495,3,88,2247,0,0.0009,6.37,0,0.1496,flood,0,TWIST DRILLS.csv
LTH-07,Okuma Multus B250II,,5000,22,Default Preset,drill,304/316 SS (M),M,Peck,drilling,roughing,plunge,0.1495,3,62,1573,0,0.0005,2.23,0,0.1496,flood,0,TWIST DRILLS.csv
LTH-07,Okuma Multus B250II,,5000,22,Default Preset,drill,17-4 PH (M),M,Drill,drilling,roughing,conventional,0.1495,3,66,1685,0,0.0009,4.78,0,0.1496,flood,0,TWIST DRILLS.csv
LTH-07,Okuma Multus B250II,,5000,22,Default Preset,drill,17-4 PH (M),M,Peck,drilling,roughing,plunge,0.1495,3,46,1179,0,0.0005,1.67,0,0.1496,flood,0,TWIST DRILLS.csv
LTH-07,Okuma Multus B250II,,5000,22,Default Preset,drill,2205 Duplex (M),M,Drill,drilling,roughing,conventional,0.1495,3,55,1404,0,0.0009,3.98,0,0.1496,flood,0,TWIST DRILLS.csv
LTH-07,Okuma Multus B250II,,5000,22,Default Preset,drill,2205 Duplex (M),M,Peck,drilling,roughing,plunge,0.1495,3,38,983,0,0.0005,1.39,0,0.1496,flood,0,TWIST DRILLS.csv
LTH-07,Okuma Multus B250II,,5000,22,Default Preset,drill,304/316 SS (M),M,Drill,drilling,roughing,conventional,0.1563,2,88,2149,0,0.0015,6.35,0,0.1563,flood,0,TWIST DRILLS.csv
LTH-07,Okuma Multus B250II,,5000,22,Default Preset,drill,304/316 SS (M),M,Peck,drilling,roughing,plunge,0.1563,2,62,1505,0,0.0007,2.22,0,0.1563,flood,0,TWIST DRILLS.csv
LTH-07,Okuma Multus B250II,,5000,22,Default Preset,drill,17-4 PH (M),M,Drill,drilling,roughing,conventional,0.1563,2,66,1612,0,0.0015,4.76,0,0.1563,flood,0,TWIST DRILLS.csv
LTH-07,Okuma Multus B250II,,5000,22,Default Preset,drill,17-4 PH (M),M,Peck,drilling,roughing,plunge,0.1563,2,46,1128,0,0.0007,1.67,0,0.1563,flood,0,TWIST DRILLS.csv
LTH-07,Okuma Multus B250II,,5000,22,Default Preset,drill,2205 Duplex (M),M,Drill,drilling,roughing,conventional,0.1563,2,55,1343,0,0.0015,3.97,0,0.1563,flood,0,TWIST DRILLS.csv
LTH-07,Okuma Multus B250II,,5000,22,Default Preset,drill,2205 Duplex (M),M,Peck,drilling,roughing,plunge,0.1563,2,38,940,0,0.0007,1.39,0,0.1563,flood,0,TWIST DRILLS.csv
LTH-07,Okuma Multus B250II,,5000,22,Default Preset,drill,304/316 SS (M),M,Drill,drilling,roughing,conventional,0.161,2,88,2086,0,0.0015,6.24,0,0.161,flood,0,TWIST DRILLS.csv
LTH-07,Okuma Multus B250II,,5000,22,Default Preset,drill,304/316 SS (M),M,Peck,drilling,roughing,plunge,0.161,2,62,1460,0,0.0007,2.18,0,0.161,flood,0,TWIST DRILLS.csv
LTH-07,Okuma Multus B250II,,5000,22,Default Preset,drill,17-4 PH (M),M,Drill,drilling,roughing,conventional,0.161,2,66,1565,0,0.0015,4.68,0,0.161,flood,0,TWIST DRILLS.csv
LTH-07,Okuma Multus B250II,,5000,22,Default Preset,drill,17-4 PH (M),M,Peck,drilling,roughing,plunge,0.161,2,46,1095,0,0.0007,1.64,0,0.161,flood,0,TWIST DRILLS.csv
LTH-07,Okuma Multus B250II,,5000,22,Default Preset,drill,2205 Duplex (M),M,Drill,drilling,roughing,conventional,0.161,2,55,1304,0,0.0015,3.9,0,0.161,flood,0,TWIST DRILLS.csv
LTH-07,Okuma Multus B250II,,5000,22,Default Preset,drill,2205 Duplex (M),M,Peck,drilling,roughing,plunge,0.161,2,38,913,0,0.0007,1.37,0,0.161,flood,0,TWIST DRILLS.csv
LTH-07,Okuma Multus B250II,,5000,22,Default Preset,drill,304/316 SS (M),M,Drill,drilling,roughing,conventional,0.1719,2,88,1954,0,0.0015,6,0,0.172,flood,0,TWIST DRILLS.csv
LTH-07,Okuma Multus B250II,,5000,22,Default Preset,drill,304/316 SS (M),M,Peck,drilling,roughing,plunge,0.1719,2,62,1368,0,0.0008,2.1,0,0.172,flood,0,TWIST DRILLS.csv
LTH-07,Okuma Multus B250II,,5000,22,Default Preset,drill,17-4 PH (M),M,Drill,drilling,roughing,conventional,0.1719,2,66,1466,0,0.0015,4.5,0,0.172,flood,0,TWIST DRILLS.csv
LTH-07,Okuma Multus B250II,,5000,22,Default Preset,drill,17-4 PH (M),M,Peck,drilling,roughing,plunge,0.1719,2,46,1026,0,0.0008,1.58,0,0.172,flood,0,TWIST DRILLS.csv
LTH-07,Okuma Multus B250II,,5000,22,Default Preset,drill,2205 Duplex (M),M,Drill,drilling,roughing,conventional,0.1719,2,55,1221,0,0.0015,3.75,0,0.172,flood,0,TWIST DRILLS.csv
LTH-07,Okuma Multus B250II,,5000,22,Default Preset,drill,2205 Duplex (M),M,Peck,drilling,roughing,plunge,0.1719,2,38,855,0,0.0008,1.31,0,0.172,flood,0,TWIST DRILLS.csv
LTH-07,Okuma Multus B250II,,5000,22,Default Preset,drill,304/316 SS (M),M,Drill,drilling,roughing,conventional,0.177,2,88,1897,0,0.0016,5.9,0,0.1772,flood,0,TWIST DRILLS.csv
LTH-07,Okuma Multus B250II,,5000,22,Default Preset,drill,304/316 SS (M),M,Peck,drilling,roughing,plunge,0.177,2,62,1328,0,0.0008,2.07,0,0.1772,flood,0,TWIST DRILLS.csv
LTH-07,Okuma Multus B250II,,5000,22,Default Preset,drill,17-4 PH (M),M,Drill,drilling,roughing,conventional,0.177,2,66,1423,0,0.0016,4.43,0,0.1772,flood,0,TWIST DRILLS.csv
LTH-07,Okuma Multus B250II,,5000,22,Default Preset,drill,17-4 PH (M),M,Peck,drilling,roughing,plunge,0.177,2,46,996,0,0.0008,1.55,0,0.1772,flood,0,TWIST DRILLS.csv
LTH-07,Okuma Multus B250II,,5000,22,Default Preset,drill,2205 Duplex (M),M,Drill,drilling,roughing,conventional,0.177,2,55,1186,0,0.0016,3.69,0,0.1772,flood,0,TWIST DRILLS.csv
LTH-07,Okuma Multus B250II,,5000,22,Default Preset,drill,2205 Duplex (M),M,Peck,drilling,roughing,plunge,0.177,2,38,830,0,0.0008,1.29,0,0.1772,flood,0,TWIST DRILLS.csv
LTH-07,Okuma Multus B250II,,5000,22,Default Preset,drill,304/316 SS (M),M,Drill,drilling,roughing,conventional,0.185,2,88,1815,0,0.0016,5.72,0,0.185,flood,0,TWIST DRILLS.csv
LTH-07,Okuma Multus B250II,,5000,22,Default Preset,drill,304/316 SS (M),M,Peck,drilling,roughing,plunge,0.185,2,62,1271,0,0.0008,2,0,0.185,flood,0,TWIST DRILLS.csv
LTH-07,Okuma Multus B250II,,5000,22,Default Preset,drill,17-4 PH (M),M,Drill,drilling,roughing,conventional,0.185,2,66,1362,0,0.0016,4.29,0,0.185,flood,0,TWIST DRILLS.csv
LTH-07,Okuma Multus B250II,,5000,22,Default Preset,drill,17-4 PH (M),M,Peck,drilling,roughing,plunge,0.185,2,46,953,0,0.0008,1.5,0,0.185,flood,0,TWIST DRILLS.csv
LTH-07,Okuma Multus B250II,,5000,22,Default Preset,drill,2205 Duplex (M),M,Drill,drilling,roughing,conventional,0.185,2,55,1135,0,0.0016,3.57,0,0.185,flood,0,TWIST DRILLS.csv
LTH-07,Okuma Multus B250II,,5000,22,Default Preset,drill,2205 Duplex (M),M,Peck,drilling,roughing,plunge,0.185,2,38,794,0,0.0008,1.25,0,0.185,flood,0,TWIST DRILLS.csv
LTH-07,Okuma Multus B250II,,5000,22,Default Preset,drill,304/316 SS (M),M,Drill,drilling,roughing,conventional,0.1875,2,88,1791,0,0.0016,5.71,0,0.1874,flood,0,TWIST DRILLS.csv
LTH-07,Okuma Multus B250II,,5000,22,Default Preset,drill,304/316 SS (M),M,Peck,drilling,roughing,plunge,0.1875,2,62,1254,0,0.0008,2,0,0.1874,flood,0,TWIST DRILLS.csv
LTH-07,Okuma Multus B250II,,5000,22,Default Preset,drill,17-4 PH (M),M,Drill,drilling,roughing,conventional,0.1875,2,66,1343,0,0.0016,4.28,0,0.1874,flood,0,TWIST DRILLS.csv
LTH-07,Okuma Multus B250II,,5000,22,Default Preset,drill,17-4 PH (M),M,Peck,drilling,roughing,plunge,0.1875,2,46,940,0,0.0008,1.5,0,0.1874,flood,0,TWIST DRILLS.csv
LTH-07,Okuma Multus B250II,,5000,22,Default Preset,drill,2205 Duplex (M),M,Drill,drilling,roughing,conventional,0.1875,2,55,1120,0,0.0016,3.57,0,0.1874,flood,0,TWIST DRILLS.csv
LTH-07,Okuma Multus B250II,,5000,22,Default Preset,drill,2205 Duplex (M),M,Peck,drilling,roughing,plunge,0.1875,2,38,784,0,0.0008,1.25,0,0.1874,flood,0,TWIST DRILLS.csv
LTH-07,Okuma Multus B250II,,5000,22,Default Preset,drill,304/316 SS (M),M,Drill,drilling,roughing,conventional,0.193,2,88,1740,0,0.0016,5.62,0,0.1929,flood,0,TWIST DRILLS.csv
LTH-07,Okuma Multus B250II,,5000,22,Default Preset,drill,304/316 SS (M),M,Peck,drilling,roughing,plunge,0.193,2,62,1218,0,0.0008,1.97,0,0.1929,flood,0,TWIST DRILLS.csv
LTH-07,Okuma Multus B250II,,5000,22,Default Preset,drill,17-4 PH (M),M,Drill,drilling,roughing,conventional,0.193,2,66,1305,0,0.0016,4.21,0,0.1929,flood,0,TWIST DRILLS.csv
LTH-07,Okuma Multus B250II,,5000,22,Default Preset,drill,17-4 PH (M),M,Peck,drilling,roughing,plunge,0.193,2,46,914,0,0.0008,1.48,0,0.1929,flood,0,TWIST DRILLS.csv
LTH-07,Okuma Multus B250II,,5000,22,Default Preset,drill,2205 Duplex (M),M,Drill,drilling,roughing,conventional,0.193,2,55,1088,0,0.0016,3.51,0,0.1929,flood,0,TWIST DRILLS.csv
LTH-07,Okuma Multus B250II,,5000,22,Default Preset,drill,2205 Duplex (M),M,Peck,drilling,roughing,plunge,0.193,2,38,761,0,0.0008,1.23,0,0.1929,flood,0,TWIST DRILLS.csv
LTH-07,Okuma Multus B250II,,5000,22,Default Preset,drill,304/316 SS (M),M,Drill,drilling,roughing,conventional,0.194,2,88,1731,0,0.0016,5.59,0,0.1941,flood,0,TWIST DRILLS.csv
LTH-07,Okuma Multus B250II,,5000,22,Default Preset,drill,304/316 SS (M),M,Peck,drilling,roughing,plunge,0.194,2,62,1212,0,0.0008,1.96,0,0.1941,flood,0,TWIST DRILLS.csv
LTH-07,Okuma Multus B250II,,5000,22,Default Preset,drill,17-4 PH (M),M,Drill,drilling,roughing,conventional,0.194,2,66,1298,0,0.0016,4.19,0,0.1941,flood,0,TWIST DRILLS.csv
LTH-07,Okuma Multus B250II,,5000,22,Default Preset,drill,17-4 PH (M),M,Peck,drilling,roughing,plunge,0.194,2,46,909,0,0.0008,1.47,0,0.1941,flood,0,TWIST DRILLS.csv
LTH-07,Okuma Multus B250II,,5000,22,Default Preset,drill,2205 Duplex (M),M,Drill,drilling,roughing,conventional,0.194,2,55,1082,0,0.0016,3.49,0,0.1941,flood,0,TWIST DRILLS.csv
LTH-07,Okuma Multus B250II,,5000,22,Default Preset,drill,2205 Duplex (M),M,Peck,drilling,roughing,plunge,0.194,2,38,757,0,0.0008,1.22,0,0.1941,flood,0,TWIST DRILLS.csv
LTH-07,Okuma Multus B250II,,5000,22,Default Preset,drill,304/316 SS (M),M,Drill,drilling,roughing,conventional,0.201,2,88,1671,0,0.0016,5.46,0,0.2012,flood,0,TWIST DRILLS.csv
LTH-07,Okuma Multus B250II,,5000,22,Default Preset,drill,304/316 SS (M),M,Peck,drilling,roughing,plunge,0.201,2,62,1170,0,0.0008,1.91,0,0.2012,flood,0,TWIST DRILLS.csv
LTH-07,Okuma Multus B250II,,5000,22,Default Preset,drill,17-4 PH (M),M,Drill,drilling,roughing,conventional,0.201,2,66,1253,0,0.0016,4.09,0,0.2012,flood,0,TWIST DRILLS.csv
LTH-07,Okuma Multus B250II,,5000,22,Default Preset,drill,17-4 PH (M),M,Peck,drilling,roughing,plunge,0.201,2,46,877,0,0.0008,1.43,0,0.2012,flood,0,TWIST DRILLS.csv
LTH-07,Okuma Multus B250II,,5000,22,Default Preset,drill,2205 Duplex (M),M,Drill,drilling,roughing,conventional,0.201,2,55,1044,0,0.0016,3.41,0,0.2012,flood,0,TWIST DRILLS.csv
LTH-07,Okuma Multus B250II,,5000,22,Default Preset,drill,2205 Duplex (M),M,Peck,drilling,roughing,plunge,0.201,2,38,731,0,0.0008,1.19,0,0.2012,flood,0,TWIST DRILLS.csv
LTH-07,Okuma Multus B250II,,5000,22,Default Preset,drill,304/316 SS (M),M,Drill,drilling,roughing,conventional,0.218,2,88,1541,0,0.0017,5.28,0,0.2181,flood,0,TWIST DRILLS.csv
LTH-07,Okuma Multus B250II,,5000,22,Default Preset,drill,304/316 SS (M),M,Peck,drilling,roughing,plunge,0.218,2,62,1078,0,0.0009,1.85,0,0.2181,flood,0,TWIST DRILLS.csv
LTH-07,Okuma Multus B250II,,5000,22,Default Preset,drill,17-4 PH (M),M,Drill,drilling,roughing,conventional,0.218,2,66,1155,0,0.0017,3.96,0,0.2181,flood,0,TWIST DRILLS.csv
LTH-07,Okuma Multus B250II,,5000,22,Default Preset,drill,17-4 PH (M),M,Peck,drilling,roughing,plunge,0.218,2,46,809,0,0.0009,1.39,0,0.2181,flood,0,TWIST DRILLS.csv
LTH-07,Okuma Multus B250II,,5000,22,Default Preset,drill,2205 Duplex (M),M,Drill,drilling,roughing,conventional,0.218,2,55,963,0,0.0017,3.3,0,0.2181,flood,0,TWIST DRILLS.csv
LTH-07,Okuma Multus B250II,,5000,22,Default Preset,drill,2205 Duplex (M),M,Peck,drilling,roughing,plunge,0.218,2,38,674,0,0.0009,1.15,0,0.2181,flood,0,TWIST DRILLS.csv
LTH-07,Okuma Multus B250II,,5000,22,Default Preset,drill,304/316 SS (M),M,Drill,drilling,roughing,conventional,0.228,2,88,1473,0,0.0017,5.1,0,0.228,flood,0,TWIST DRILLS.csv
LTH-07,Okuma Multus B250II,,5000,22,Default Preset,drill,304/316 SS (M),M,Peck,drilling,roughing,plunge,0.228,2,62,1031,0,0.0009,1.79,0,0.228,flood,0,TWIST DRILLS.csv
LTH-07,Okuma Multus B250II,,5000,22,Default Preset,drill,17-4 PH (M),M,Drill,drilling,roughing,conventional,0.228,2,66,1105,0,0.0017,3.83,0,0.228,flood,0,TWIST DRILLS.csv
LTH-07,Okuma Multus B250II,,5000,22,Default Preset,drill,17-4 PH (M),M,Peck,drilling,roughing,plunge,0.228,2,46,773,0,0.0009,1.34,0,0.228,flood,0,TWIST DRILLS.csv
LTH-07,Okuma Multus B250II,,5000,22,Default Preset,drill,2205 Duplex (M),M,Drill,drilling,roughing,conventional,0.228,2,55,921,0,0.0017,3.19,0,0.228,flood,0,TWIST DRILLS.csv
LTH-07,Okuma Multus B250II,,5000,22,Default Preset,drill,2205 Duplex (M),M,Peck,drilling,roughing,plunge,0.228,2,38,644,0,0.0009,1.12,0,0.228,flood,0,TWIST DRILLS.csv
LTH-07,Okuma Multus B250II,,5000,22,Default Preset,drill,304/316 SS (M),M,Drill,drilling,roughing,conventional,0.234,2,88,1435,0,0.0018,5.08,0,0.2339,flood,0,TWIST DRILLS.csv
LTH-07,Okuma Multus B250II,,5000,22,Default Preset,drill,304/316 SS (M),M,Peck,drilling,roughing,plunge,0.234,2,62,1005,0,0.0009,1.78,0,0.2339,flood,0,TWIST DRILLS.csv
LTH-07,Okuma Multus B250II,,5000,22,Default Preset,drill,17-4 PH (M),M,Drill,drilling,roughing,conventional,0.234,2,66,1076,0,0.0018,3.81,0,0.2339,flood,0,TWIST DRILLS.csv
LTH-07,Okuma Multus B250II,,5000,22,Default Preset,drill,17-4 PH (M),M,Peck,drilling,roughing,plunge,0.234,2,46,754,0,0.0009,1.34,0,0.2339,flood,0,TWIST DRILLS.csv
LTH-07,Okuma Multus B250II,,5000,22,Default Preset,drill,2205 Duplex (M),M,Drill,drilling,roughing,conventional,0.234,2,55,897,0,0.0018,3.18,0,0.2339,flood,0,TWIST DRILLS.csv
LTH-07,Okuma Multus B250II,,5000,22,Default Preset,drill,2205 Duplex (M),M,Peck,drilling,roughing,plunge,0.234,2,38,628,0,0.0009,1.11,0,0.2339,flood,0,TWIST DRILLS.csv
LTH-07,Okuma Multus B250II,,5000,22,Default Preset,drill,304/316 SS (M),M,Drill,drilling,roughing,conventional,0.242,2,88,1388,0,0.0018,4.97,0,0.2421,flood,0,TWIST DRILLS.csv
LTH-07,Okuma Multus B250II,,5000,22,Default Preset,drill,304/316 SS (M),M,Peck,drilling,roughing,plunge,0.242,2,62,971,0,0.0009,1.74,0,0.2421,flood,0,TWIST DRILLS.csv
LTH-07,Okuma Multus B250II,,5000,22,Default Preset,drill,17-4 PH (M),M,Drill,drilling,roughing,conventional,0.242,2,66,1041,0,0.0018,3.73,0,0.2421,flood,0,TWIST DRILLS.csv
LTH-07,Okuma Multus B250II,,5000,22,Default Preset,drill,17-4 PH (M),M,Peck,drilling,roughing,plunge,0.242,2,46,729,0,0.0009,1.31,0,0.2421,flood,0,TWIST DRILLS.csv
LTH-07,Okuma Multus B250II,,5000,22,Default Preset,drill,2205 Duplex (M),M,Drill,drilling,roughing,conventional,0.242,2,55,867,0,0.0018,3.11,0,0.2421,flood,0,TWIST DRILLS.csv
LTH-07,Okuma Multus B250II,,5000,22,Default Preset,drill,2205 Duplex (M),M,Peck,drilling,roughing,plunge,0.242,2,38,607,0,0.0009,1.09,0,0.2421,flood,0,TWIST DRILLS.csv
LTH-07,Okuma Multus B250II,,5000,22,Default Preset,drill,304/316 SS (M),M,Drill,drilling,roughing,conventional,0.125,2,88,2687,0,0.0012,6.66,0,0.1252,flood,0,TWIST DRILLS.csv
LTH-07,Okuma Multus B250II,,5000,22,Default Preset,drill,304/316 SS (M),M,Peck,drilling,roughing,plunge,0.125,2,62,1881,0,0.0006,2.33,0,0.1252,flood,0,TWIST DRILLS.csv
LTH-07,Okuma Multus B250II,,5000,22,Default Preset,drill,17-4 PH (M),M,Drill,drilling,roughing,conventional,0.125,2,66,2015,0,0.0012,5,0,0.1252,flood,0,TWIST DRILLS.csv
LTH-07,Okuma Multus B250II,,5000,22,Default Preset,drill,17-4 PH (M),M,Peck,drilling,roughing,plunge,0.125,2,46,1411,0,0.0006,1.75,0,0.1252,flood,0,TWIST DRILLS.csv
LTH-07,Okuma Multus B250II,,5000,22,Default Preset,drill,2205 Duplex (M),M,Drill,drilling,roughing,conventional,0.125,2,55,1679,0,0.0012,4.16,0,0.1252,flood,0,TWIST DRILLS.csv
LTH-07,Okuma Multus B250II,,5000,22,Default Preset,drill,2205 Duplex (M),M,Peck,drilling,roughing,plunge,0.125,2,38,1175,0,0.0006,1.46,0,0.1252,flood,0,TWIST DRILLS.csv
LTH-07,Okuma Multus B250II,,5000,22,Default Preset,drill,304/316 SS (M),M,Drill,drilling,roughing,conventional,0.256,2,88,1312,0,0.0019,4.86,0,0.2559,flood,0,TWIST DRILLS.csv
LTH-07,Okuma Multus B250II,,5000,22,Default Preset,drill,304/316 SS (M),M,Peck,drilling,roughing,plunge,0.256,2,62,918,0,0.0009,1.7,0,0.2559,flood,0,TWIST DRILLS.csv
LTH-07,Okuma Multus B250II,,5000,22,Default Preset,drill,17-4 PH (M),M,Drill,drilling,roughing,conventional,0.256,2,66,984,0,0.0019,3.64,0,0.2559,flood,0,TWIST DRILLS.csv
LTH-07,Okuma Multus B250II,,5000,22,Default Preset,drill,17-4 PH (M),M,Peck,drilling,roughing,plunge,0.256,2,46,689,0,0.0009,1.27,0,0.2559,flood,0,TWIST DRILLS.csv
LTH-07,Okuma Multus B250II,,5000,22,Default Preset,drill,2205 Duplex (M),M,Drill,drilling,roughing,conventional,0.256,2,55,820,0,0.0019,3.03,0,0.2559,flood,0,TWIST DRILLS.csv
LTH-07,Okuma Multus B250II,,5000,22,Default Preset,drill,2205 Duplex (M),M,Peck,drilling,roughing,plunge,0.256,2,38,574,0,0.0009,1.06,0,0.2559,flood,0,TWIST DRILLS.csv
LTH-07,Okuma Multus B250II,,5000,22,Default Preset,drill,304/316 SS (M),M,Drill,drilling,roughing,conventional,0.2656,2,88,1264,0,0.0019,4.78,0,0.2657,flood,0,TWIST DRILLS.csv
LTH-07,Okuma Multus B250II,,5000,22,Default Preset,drill,304/316 SS (M),M,Peck,drilling,roughing,plunge,0.2656,2,62,885,0,0.0009,1.67,0,0.2657,flood,0,TWIST DRILLS.csv
LTH-07,Okuma Multus B250II,,5000,22,Default Preset,drill,17-4 PH (M),M,Drill,drilling,roughing,conventional,0.2656,2,66,948,0,0.0019,3.58,0,0.2657,flood,0,TWIST DRILLS.csv
LTH-07,Okuma Multus B250II,,5000,22,Default Preset,drill,17-4 PH (M),M,Peck,drilling,roughing,plunge,0.2656,2,46,664,0,0.0009,1.25,0,0.2657,flood,0,TWIST DRILLS.csv
LTH-07,Okuma Multus B250II,,5000,22,Default Preset,drill,2205 Duplex (M),M,Drill,drilling,roughing,conventional,0.2656,2,55,790,0,0.0019,2.99,0,0.2657,flood,0,TWIST DRILLS.csv
LTH-07,Okuma Multus B250II,,5000,22,Default Preset,drill,2205 Duplex (M),M,Peck,drilling,roughing,plunge,0.2656,2,38,553,0,0.0009,1.05,0,0.2657,flood,0,TWIST DRILLS.csv
LTH-07,Okuma Multus B250II,,5000,22,Default Preset,drill,304/316 SS (M),M,Drill,drilling,roughing,conventional,0.277,2,88,1212,0,0.0019,4.68,0,0.2772,flood,0,TWIST DRILLS.csv
LTH-07,Okuma Multus B250II,,5000,22,Default Preset,drill,304/316 SS (M),M,Peck,drilling,roughing,plunge,0.277,2,62,849,0,0.001,1.64,0,0.2772,flood,0,TWIST DRILLS.csv
LTH-07,Okuma Multus B250II,,5000,22,Default Preset,drill,17-4 PH (M),M,Drill,drilling,roughing,conventional,0.277,2,66,909,0,0.0019,3.51,0,0.2772,flood,0,TWIST DRILLS.csv
LTH-07,Okuma Multus B250II,,5000,22,Default Preset,drill,17-4 PH (M),M,Peck,drilling,roughing,plunge,0.277,2,46,637,0,0.001,1.23,0,0.2772,flood,0,TWIST DRILLS.csv
LTH-07,Okuma Multus B250II,,5000,22,Default Preset,drill,2205 Duplex (M),M,Drill,drilling,roughing,conventional,0.277,2,55,758,0,0.0019,2.92,0,0.2772,flood,0,TWIST DRILLS.csv
LTH-07,Okuma Multus B250II,,5000,22,Default Preset,drill,2205 Duplex (M),M,Peck,drilling,roughing,plunge,0.277,2,38,530,0,0.001,1.02,0,0.2772,flood,0,TWIST DRILLS.csv
LTH-07,Okuma Multus B250II,,5000,22,Default Preset,drill,304/316 SS (M),M,Drill,drilling,roughing,conventional,0.281,2,88,1195,0,0.0019,4.66,0,0.2811,flood,0,TWIST DRILLS.csv
LTH-07,Okuma Multus B250II,,5000,22,Default Preset,drill,304/316 SS (M),M,Peck,drilling,roughing,plunge,0.281,2,62,837,0,0.001,1.63,0,0.2811,flood,0,TWIST DRILLS.csv
LTH-07,Okuma Multus B250II,,5000,22,Default Preset,drill,17-4 PH (M),M,Drill,drilling,roughing,conventional,0.281,2,66,896,0,0.0019,3.49,0,0.2811,flood,0,TWIST DRILLS.csv
LTH-07,Okuma Multus B250II,,5000,22,Default Preset,drill,17-4 PH (M),M,Peck,drilling,roughing,plunge,0.281,2,46,627,0,0.001,1.22,0,0.2811,flood,0,TWIST DRILLS.csv
LTH-07,Okuma Multus B250II,,5000,22,Default Preset,drill,2205 Duplex (M),M,Drill,drilling,roughing,conventional,0.281,2,55,747,0,0.0019,2.91,0,0.2811,flood,0,TWIST DRILLS.csv
LTH-07,Okuma Multus B250II,,5000,22,Default Preset,drill,2205 Duplex (M),M,Peck,drilling,roughing,plunge,0.281,2,38,523,0,0.001,1.02,0,0.2811,flood,0,TWIST DRILLS.csv
LTH-07,Okuma Multus B250II,,5000,22,Default Preset,drill,304/316 SS (M),M,Drill,drilling,roughing,conventional,0.29,2,88,1158,0,0.002,4.56,0,0.2902,flood,0,TWIST DRILLS.csv
LTH-07,Okuma Multus B250II,,5000,22,Default Preset,drill,304/316 SS (M),M,Peck,drilling,roughing,plunge,0.29,2,62,811,0,0.001,1.6,0,0.2902,flood,0,TWIST DRILLS.csv
LTH-07,Okuma Multus B250II,,5000,22,Default Preset,drill,17-4 PH (M),M,Drill,drilling,roughing,conventional,0.29,2,66,869,0,0.002,3.42,0,0.2902,flood,0,TWIST DRILLS.csv
LTH-07,Okuma Multus B250II,,5000,22,Default Preset,drill,17-4 PH (M),M,Peck,drilling,roughing,plunge,0.29,2,46,608,0,0.001,1.2,0,0.2902,flood,0,TWIST DRILLS.csv
LTH-07,Okuma Multus B250II,,5000,22,Default Preset,drill,2205 Duplex (M),M,Drill,drilling,roughing,conventional,0.29,2,55,724,0,0.002,2.85,0,0.2902,flood,0,TWIST DRILLS.csv
LTH-07,Okuma Multus B250II,,5000,22,Default Preset,drill,2205 Duplex (M),M,Peck,drilling,roughing,plunge,0.29,2,38,507,0,0.001,1,0,0.2902,flood,0,TWIST DRILLS.csv
LTH-07,Okuma Multus B250II,,5000,22,Default Preset,drill,304/316 SS (M),M,Drill,drilling,roughing,conventional,0.295,2,88,1138,0,0.002,4.53,0,0.2949,flood,0,TWIST DRILLS.csv
LTH-07,Okuma Multus B250II,,5000,22,Default Preset,drill,304/316 SS (M),M,Peck,drilling,roughing,plunge,0.295,2,62,797,0,0.001,1.58,0,0.2949,flood,0,TWIST DRILLS.csv
LTH-07,Okuma Multus B250II,,5000,22,Default Preset,drill,17-4 PH (M),M,Drill,drilling,roughing,conventional,0.295,2,66,854,0,0.002,3.4,0,0.2949,flood,0,TWIST DRILLS.csv
LTH-07,Okuma Multus B250II,,5000,22,Default Preset,drill,17-4 PH (M),M,Peck,drilling,roughing,plunge,0.295,2,46,598,0,0.001,1.19,0,0.2949,flood,0,TWIST DRILLS.csv
LTH-07,Okuma Multus B250II,,5000,22,Default Preset,drill,2205 Duplex (M),M,Drill,drilling,roughing,conventional,0.295,2,55,712,0,0.002,2.83,0,0.2949,flood,0,TWIST DRILLS.csv
LTH-07,Okuma Multus B250II,,5000,22,Default Preset,drill,2205 Duplex (M),M,Peck,drilling,roughing,plunge,0.295,2,38,498,0,0.001,0.99,0,0.2949,flood,0,TWIST DRILLS.csv
LTH-07,Okuma Multus B250II,,5000,22,Default Preset,drill,304/316 SS (M),M,Drill,drilling,roughing,conventional,0.358,2,88,938,0,0.0023,4.32,0,0.3579,flood,0,TWIST DRILLS.csv
LTH-07,Okuma Multus B250II,,5000,22,Default Preset,drill,304/316 SS (M),M,Peck,drilling,roughing,plunge,0.358,2,62,657,0,0.0012,1.51,0,0.3579,flood,0,TWIST DRILLS.csv
LTH-07,Okuma Multus B250II,,5000,22,Default Preset,drill,17-4 PH (M),M,Drill,drilling,roughing,conventional,0.358,2,66,704,0,0.0023,3.24,0,0.3579,flood,0,TWIST DRILLS.csv
LTH-07,Okuma Multus B250II,,5000,22,Default Preset,drill,17-4 PH (M),M,Peck,drilling,roughing,plunge,0.358,2,46,493,0,0.0012,1.14,0,0.3579,flood,0,TWIST DRILLS.csv
LTH-07,Okuma Multus B250II,,5000,22,Default Preset,drill,2205 Duplex (M),M,Drill,drilling,roughing,conventional,0.358,2,55,586,0,0.0023,2.7,0,0.3579,flood,0,TWIST DRILLS.csv
LTH-07,Okuma Multus B250II,,5000,22,Default Preset,drill,2205 Duplex (M),M,Peck,drilling,roughing,plunge,0.358,2,38,410,0,0.0012,0.94,0,0.3579,flood,0,TWIST DRILLS.csv
LTH-07,Okuma Multus B250II,,5000,22,Default Preset,drill,304/316 SS (M),M,Drill,drilling,roughing,conventional,0.3906,2,220,2149,0,0.0025,10.75,0,0.3906,flood,0,TWIST DRILLS.csv
LTH-07,Okuma Multus B250II,,5000,22,Default Preset,drill,304/316 SS (M),M,Peck,drilling,roughing,plunge,0.3906,2,154,1505,0,0.0013,3.76,0,0.3906,flood,0,TWIST DRILLS.csv
LTH-07,Okuma Multus B250II,,5000,22,Default Preset,drill,17-4 PH (M),M,Drill,drilling,roughing,conventional,0.3906,2,165,1612,0,0.0025,8.06,0,0.3906,flood,0,TWIST DRILLS.csv
LTH-07,Okuma Multus B250II,,5000,22,Default Preset,drill,17-4 PH (M),M,Peck,drilling,roughing,plunge,0.3906,2,115,1128,0,0.0013,2.82,0,0.3906,flood,0,TWIST DRILLS.csv
LTH-07,Okuma Multus B250II,,5000,22,Default Preset,drill,2205 Duplex (M),M,Drill,drilling,roughing,conventional,0.3906,2,137,1343,0,0.0025,6.72,0,0.3906,flood,0,TWIST DRILLS.csv
LTH-07,Okuma Multus B250II,,5000,22,Default Preset,drill,2205 Duplex (M),M,Peck,drilling,roughing,plunge,0.3906,2,96,940,0,0.0013,2.35,0,0.3906,flood,0,TWIST DRILLS.csv
LTH-07,Okuma Multus B250II,,5000,22,Default Preset,drill,304/316 SS (M),M,Drill,drilling,roughing,conventional,0.397,2,220,2115,0,0.0025,10.66,0,0.3969,flood,0,TWIST DRILLS.csv
LTH-07,Okuma Multus B250II,,5000,22,Default Preset,drill,304/316 SS (M),M,Peck,drilling,roughing,plunge,0.397,2,154,1480,0,0.0013,3.73,0,0.3969,flood,0,TWIST DRILLS.csv
LTH-07,Okuma Multus B250II,,5000,22,Default Preset,drill,17-4 PH (M),M,Drill,drilling,roughing,conventional,0.397,2,165,1586,0,0.0025,7.99,0,0.3969,flood,0,TWIST DRILLS.csv
LTH-07,Okuma Multus B250II,,5000,22,Default Preset,drill,17-4 PH (M),M,Peck,drilling,roughing,plunge,0.397,2,115,1110,0,0.0013,2.8,0,0.3969,flood,0,TWIST DRILLS.csv
LTH-07,Okuma Multus B250II,,5000,22,Default Preset,drill,2205 Duplex (M),M,Drill,drilling,roughing,conventional,0.397,2,137,1322,0,0.0025,6.66,0,0.3969,flood,0,TWIST DRILLS.csv
LTH-07,Okuma Multus B250II,,5000,22,Default Preset,drill,2205 Duplex (M),M,Peck,drilling,roughing,plunge,0.397,2,96,925,0,0.0013,2.33,0,0.3969,flood,0,TWIST DRILLS.csv
LTH-07,Okuma Multus B250II,,5000,22,Default Preset,drill,304/316 SS (M),M,Drill,drilling,roughing,conventional,0.4219,2,220,1990,0,0.0027,10.66,0,0.422,flood,0,TWIST DRILLS.csv
LTH-07,Okuma Multus B250II,,5000,22,Default Preset,drill,304/316 SS (M),M,Peck,drilling,roughing,plunge,0.4219,2,154,1393,0,0.0013,3.73,0,0.422,flood,0,TWIST DRILLS.csv
LTH-07,Okuma Multus B250II,,5000,22,Default Preset,drill,17-4 PH (M),M,Drill,drilling,roughing,conventional,0.4219,2,165,1493,0,0.0027,7.99,0,0.422,flood,0,TWIST DRILLS.csv
LTH-07,Okuma Multus B250II,,5000,22,Default Preset,drill,17-4 PH (M),M,Peck,drilling,roughing,plunge,0.4219,2,115,1045,0,0.0013,2.8,0,0.422,flood,0,TWIST DRILLS.csv
LTH-07,Okuma Multus B250II,,5000,22,Default Preset,drill,2205 Duplex (M),M,Drill,drilling,roughing,conventional,0.4219,2,137,1244,0,0.0027,6.66,0,0.422,flood,0,TWIST DRILLS.csv
LTH-07,Okuma Multus B250II,,5000,22,Default Preset,drill,2205 Duplex (M),M,Peck,drilling,roughing,plunge,0.4219,2,96,871,0,0.0013,2.33,0,0.422,flood,0,TWIST DRILLS.csv
LTH-07,Okuma Multus B250II,,5000,22,Default Preset,drill,304/316 SS (M),M,Drill,drilling,roughing,conventional,0.4531,2,220,1853,0,0.0028,10.51,0,0.4531,flood,0,TWIST DRILLS.csv
LTH-07,Okuma Multus B250II,,5000,22,Default Preset,drill,304/316 SS (M),M,Peck,drilling,roughing,plunge,0.4531,2,154,1297,0,0.0014,3.68,0,0.4531,flood,0,TWIST DRILLS.csv
LTH-07,Okuma Multus B250II,,5000,22,Default Preset,drill,17-4 PH (M),M,Drill,drilling,roughing,conventional,0.4531,2,165,1390,0,0.0028,7.88,0,0.4531,flood,0,TWIST DRILLS.csv
LTH-07,Okuma Multus B250II,,5000,22,Default Preset,drill,17-4 PH (M),M,Peck,drilling,roughing,plunge,0.4531,2,115,973,0,0.0014,2.76,0,0.4531,flood,0,TWIST DRILLS.csv
LTH-07,Okuma Multus B250II,,5000,22,Default Preset,drill,2205 Duplex (M),M,Drill,drilling,roughing,conventional,0.4531,2,137,1158,0,0.0028,6.57,0,0.4531,flood,0,TWIST DRILLS.csv
LTH-07,Okuma Multus B250II,,5000,22,Default Preset,drill,2205 Duplex (M),M,Peck,drilling,roughing,plunge,0.4531,2,96,811,0,0.0014,2.3,0,0.4531,flood,0,TWIST DRILLS.csv
LTH-07,Okuma Multus B250II,,5000,22,Default Preset,drill,304/316 SS (M),M,Drill,drilling,roughing,conventional,0.488,2,220,1721,0,0.003,10.3,0,0.4882,flood,0,TWIST DRILLS.csv
LTH-07,Okuma Multus B250II,,5000,22,Default Preset,drill,304/316 SS (M),M,Peck,drilling,roughing,plunge,0.488,2,154,1204,0,0.0015,3.6,0,0.4882,flood,0,TWIST DRILLS.csv
LTH-07,Okuma Multus B250II,,5000,22,Default Preset,drill,17-4 PH (M),M,Drill,drilling,roughing,conventional,0.488,2,165,1290,0,0.003,7.72,0,0.4882,flood,0,TWIST DRILLS.csv
LTH-07,Okuma Multus B250II,,5000,22,Default Preset,drill,17-4 PH (M),M,Peck,drilling,roughing,plunge,0.488,2,115,903,0,0.0015,2.7,0,0.4882,flood,0,TWIST DRILLS.csv
LTH-07,Okuma Multus B250II,,5000,22,Default Preset,drill,2205 Duplex (M),M,Drill,drilling,roughing,conventional,0.488,2,137,1075,0,0.003,6.43,0,0.4882,flood,0,TWIST DRILLS.csv
LTH-07,Okuma Multus B250II,,5000,22,Default Preset,drill,2205 Duplex (M),M,Peck,drilling,roughing,plunge,0.488,2,96,753,0,0.0015,2.25,0,0.4882,flood,0,TWIST DRILLS.csv
LTH-07,Okuma Multus B250II,,5000,22,Default Preset,spot drill,304/316 SS (M),M,Spot,drilling,roughing,conventional,0.75,2,220,1120,0,0.0037,8.38,0,0.75,flood,0,TWIST DRILLS.csv
LTH-07,Okuma Multus B250II,,5000,22,Default Preset,spot drill,17-4 PH (M),M,Spot,drilling,roughing,conventional,0.75,2,165,840,0,0.0037,6.28,0,0.75,flood,0,TWIST DRILLS.csv
LTH-07,Okuma Multus B250II,,5000,22,Default Preset,spot drill,2205 Duplex (M),M,Spot,drilling,roughing,conventional,0.75,2,137,700,0,0.0037,5.24,0,0.75,flood,0,TWIST DRILLS.csv
LTH-07,Okuma Multus B250II,,5000,22,Default Preset,drill,304/316 SS (M),M,Drill,drilling,roughing,conventional,0.25,2,88,1343,0,0.0018,4.92,0,0.25,flood,0,TWIST DRILLS.csv
LTH-07,Okuma Multus B250II,,5000,22,Default Preset,drill,304/316 SS (M),M,Peck,drilling,roughing,plunge,0.25,2,62,940,0,0.0009,1.72,0,0.25,flood,0,TWIST DRILLS.csv
LTH-07,Okuma Multus B250II,,5000,22,Default Preset,drill,17-4 PH (M),M,Drill,drilling,roughing,conventional,0.25,2,66,1008,0,0.0018,3.69,0,0.25,flood,0,TWIST DRILLS.csv
LTH-07,Okuma Multus B250II,,5000,22,Default Preset,drill,17-4 PH (M),M,Peck,drilling,roughing,plunge,0.25,2,46,705,0,0.0009,1.29,0,0.25,flood,0,TWIST DRILLS.csv
LTH-07,Okuma Multus B250II,,5000,22,Default Preset,drill,2205 Duplex (M),M,Drill,drilling,roughing,conventional,0.25,2,55,840,0,0.0018,3.08,0,0.25,flood,0,TWIST DRILLS.csv
LTH-07,Okuma Multus B250II,,5000,22,Default Preset,drill,2205 Duplex (M),M,Peck,drilling,roughing,plunge,0.25,2,38,588,0,0.0009,1.08,0,0.25,flood,0,TWIST DRILLS.csv
LTH-07,Okuma Multus B250II,,5000,22,Default Preset,drill,304/316 SS (M),M,Drill,drilling,roughing,conventional,0.375,2,88,896,0,0.0024,4.3,0,0.3748,flood,0,TWIST DRILLS.csv
LTH-07,Okuma Multus B250II,,5000,22,Default Preset,drill,304/316 SS (M),M,Peck,drilling,roughing,plunge,0.375,2,62,627,0,0.0012,1.51,0,0.3748,flood,0,TWIST DRILLS.csv
LTH-07,Okuma Multus B250II,,5000,22,Default Preset,drill,17-4 PH (M),M,Drill,drilling,roughing,conventional,0.375,2,66,672,0,0.0024,3.23,0,0.3748,flood,0,TWIST DRILLS.csv
LTH-07,Okuma Multus B250II,,5000,22,Default Preset,drill,17-4 PH (M),M,Peck,drilling,roughing,plunge,0.375,2,46,470,0,0.0012,1.13,0,0.3748,flood,0,TWIST DRILLS.csv
LTH-07,Okuma Multus B250II,,5000,22,Default Preset,drill,2205 Duplex (M),M,Drill,drilling,roughing,conventional,0.375,2,55,560,0,0.0024,2.69,0,0.3748,flood,0,TWIST DRILLS.csv
LTH-07,Okuma Multus B250II,,5000,22,Default Preset,drill,2205 Duplex (M),M,Peck,drilling,roughing,plunge,0.375,2,38,392,0,0.0012,0.94,0,0.3748,flood,0,TWIST DRILLS.csv
LTH-07,Okuma Multus B250II,,5000,22,Default Preset,drill,304/316 SS (M),M,Drill,drilling,roughing,conventional,0.209,3,220,4017,0,0.0011,13.44,0,0.2091,flood,0,TWIST DRILLS.csv
LTH-07,Okuma Multus B250II,,5000,22,Default Preset,drill,304/316 SS (M),M,Peck,drilling,roughing,plunge,0.209,3,154,2812,0,0.0006,4.71,0,0.2091,flood,0,TWIST DRILLS.csv
LTH-07,Okuma Multus B250II,,5000,22,Default Preset,drill,17-4 PH (M),M,Drill,drilling,roughing,conventional,0.209,3,165,3013,0,0.0011,10.08,0,0.2091,flood,0,TWIST DRILLS.csv
LTH-07,Okuma Multus B250II,,5000,22,Default Preset,drill,17-4 PH (M),M,Peck,drilling,roughing,plunge,0.209,3,115,2109,0,0.0006,3.53,0,0.2091,flood,0,TWIST DRILLS.csv
LTH-07,Okuma Multus B250II,,5000,22,Default Preset,drill,2205 Duplex (M),M,Drill,drilling,roughing,conventional,0.209,3,137,2511,0,0.0011,8.4,0,0.2091,flood,0,TWIST DRILLS.csv
LTH-07,Okuma Multus B250II,,5000,22,Default Preset,drill,2205 Duplex (M),M,Peck,drilling,roughing,plunge,0.209,3,96,1758,0,0.0006,2.94,0,0.2091,flood,0,TWIST DRILLS.csv
LTH-07,Okuma Multus B250II,,5000,22,Default Preset,drill,304/316 SS (M),M,Drill,drilling,roughing,conventional,0.3125,2,220,2687,0,0.0021,11.11,0,0.3126,flood,0,TWIST DRILLS.csv
LTH-07,Okuma Multus B250II,,5000,22,Default Preset,drill,304/316 SS (M),M,Peck,drilling,roughing,plunge,0.3125,2,154,1881,0,0.001,3.89,0,0.3126,flood,0,TWIST DRILLS.csv
LTH-07,Okuma Multus B250II,,5000,22,Default Preset,drill,17-4 PH (M),M,Drill,drilling,roughing,conventional,0.3125,2,165,2015,0,0.0021,8.33,0,0.3126,flood,0,TWIST DRILLS.csv
LTH-07,Okuma Multus B250II,,5000,22,Default Preset,drill,17-4 PH (M),M,Peck,drilling,roughing,plunge,0.3125,2,115,1411,0,0.001,2.92,0,0.3126,flood,0,TWIST DRILLS.csv
LTH-07,Okuma Multus B250II,,5000,22,Default Preset,drill,2205 Duplex (M),M,Drill,drilling,roughing,conventional,0.3125,2,137,1679,0,0.0021,6.94,0,0.3126,flood,0,TWIST DRILLS.csv
LTH-07,Okuma Multus B250II,,5000,22,Default Preset,drill,2205 Duplex (M),M,Peck,drilling,roughing,plunge,0.3125,2,96,1175,0,0.001,2.43,0,0.3126,flood,0,TWIST DRILLS.csv
LTH-07,Okuma Multus B250II,,5000,22,Default Preset,drill,304/316 SS (M),M,Drill,drilling,roughing,conventional,0.386,2,88,870,0,0.0025,4.28,0,0.3858,flood,0,TWIST DRILLS.csv
LTH-07,Okuma Multus B250II,,5000,22,Default Preset,drill,304/316 SS (M),M,Peck,drilling,roughing,plunge,0.386,2,62,609,0,0.0012,1.5,0,0.3858,flood,0,TWIST DRILLS.csv
LTH-07,Okuma Multus B250II,,5000,22,Default Preset,drill,17-4 PH (M),M,Drill,drilling,roughing,conventional,0.386,2,66,653,0,0.0025,3.21,0,0.3858,flood,0,TWIST DRILLS.csv
LTH-07,Okuma Multus B250II,,5000,22,Default Preset,drill,17-4 PH (M),M,Peck,drilling,roughing,plunge,0.386,2,46,457,0,0.0012,1.12,0,0.3858,flood,0,TWIST DRILLS.csv
LTH-07,Okuma Multus B250II,,5000,22,Default Preset,drill,2205 Duplex (M),M,Drill,drilling,roughing,conventional,0.386,2,55,544,0,0.0025,2.68,0,0.3858,flood,0,TWIST DRILLS.csv
LTH-07,Okuma Multus B250II,,5000,22,Default Preset,drill,2205 Duplex (M),M,Peck,drilling,roughing,plunge,0.386,2,38,381,0,0.0012,0.94,0,0.3858,flood,0,TWIST DRILLS.csv
LTH-07,Okuma Multus B250II,,5000,22,Default Preset,drill,304/316 SS (M),M,Drill,drilling,roughing,conventional,0.368,2,220,2282,0,0.0024,10.78,0,0.3681,flood,0,TWIST DRILLS.csv
LTH-07,Okuma Multus B250II,,5000,22,Default Preset,drill,304/316 SS (M),M,Peck,drilling,roughing,plunge,0.368,2,154,1597,0,0.0012,3.77,0,0.3681,flood,0,TWIST DRILLS.csv
LTH-07,Okuma Multus B250II,,5000,22,Default Preset,drill,17-4 PH (M),M,Drill,drilling,roughing,conventional,0.368,2,165,1711,0,0.0024,8.08,0,0.3681,flood,0,TWIST DRILLS.csv
LTH-07,Okuma Multus B250II,,5000,22,Default Preset,drill,17-4 PH (M),M,Peck,drilling,roughing,plunge,0.368,2,115,1198,0,0.0012,2.83,0,0.3681,flood,0,TWIST DRILLS.csv
LTH-07,Okuma Multus B250II,,5000,22,Default Preset,drill,2205 Duplex (M),M,Drill,drilling,roughing,conventional,0.368,2,137,1426,0,0.0024,6.74,0,0.3681,flood,0,TWIST DRILLS.csv
LTH-07,Okuma Multus B250II,,5000,22,Default Preset,drill,2205 Duplex (M),M,Peck,drilling,roughing,plunge,0.368,2,96,998,0,0.0012,2.36,0,0.3681,flood,0,TWIST DRILLS.csv
LTH-07,Okuma Multus B250II,,5000,22,Default Preset,drill,304/316 SS (M),M,Drill,drilling,roughing,conventional,0.275,2,88,1221,0,0.0019,4.66,0,0.2752,flood,0,TWIST DRILLS.csv
LTH-07,Okuma Multus B250II,,5000,22,Default Preset,drill,304/316 SS (M),M,Peck,drilling,roughing,plunge,0.275,2,62,855,0,0.001,1.63,0,0.2752,flood,0,TWIST DRILLS.csv
LTH-07,Okuma Multus B250II,,5000,22,Default Preset,drill,17-4 PH (M),M,Drill,drilling,roughing,conventional,0.275,2,66,916,0,0.0019,3.5,0,0.2752,flood,0,TWIST DRILLS.csv
LTH-07,Okuma Multus B250II,,5000,22,Default Preset,drill,17-4 PH (M),M,Peck,drilling,roughing,plunge,0.275,2,46,641,0,0.001,1.22,0,0.2752,flood,0,TWIST DRILLS.csv
LTH-07,Okuma Multus B250II,,5000,22,Default Preset,drill,2205 Duplex (M),M,Drill,drilling,roughing,conventional,0.275,2,55,763,0,0.0019,2.91,0,0.2752,flood,0,TWIST DRILLS.csv
LTH-07,Okuma Multus B250II,,5000,22,Default Preset,drill,2205 Duplex (M),M,Peck,drilling,roughing,plunge,0.275,2,38,534,0,0.001,1.02,0,0.2752,flood,0,TWIST DRILLS.csv
LTH-07,Okuma Multus B250II,,5000,22,Default Preset,drill,304/316 SS (M),M,Drill,drilling,roughing,conventional,0.4375,2,220,1919,0,0.0028,10.58,0,0.4374,flood,0,TWIST DRILLS.csv
LTH-07,Okuma Multus B250II,,5000,22,Default Preset,drill,304/316 SS (M),M,Peck,drilling,roughing,plunge,0.4375,2,154,1343,0,0.0014,3.7,0,0.4374,flood,0,TWIST DRILLS.csv
LTH-07,Okuma Multus B250II,,5000,22,Default Preset,drill,17-4 PH (M),M,Drill,drilling,roughing,conventional,0.4375,2,165,1439,0,0.0028,7.93,0,0.4374,flood,0,TWIST DRILLS.csv
LTH-07,Okuma Multus B250II,,5000,22,Default Preset,drill,17-4 PH (M),M,Peck,drilling,roughing,plunge,0.4375,2,115,1008,0,0.0014,2.78,0,0.4374,flood,0,TWIST DRILLS.csv
LTH-07,Okuma Multus B250II,,5000,22,Default Preset,drill,2205 Duplex (M),M,Drill,drilling,roughing,conventional,0.4375,2,137,1199,0,0.0028,6.61,0,0.4374,flood,0,TWIST DRILLS.csv
LTH-07,Okuma Multus B250II,,5000,22,Default Preset,drill,2205 Duplex (M),M,Peck,drilling,roughing,plunge,0.4375,2,96,840,0,0.0014,2.31,0,0.4374,flood,0,TWIST DRILLS.csv
LTH-07,Okuma Multus B250II,,5000,22,Default Preset,drill,304/316 SS (M),M,Drill,drilling,roughing,conventional,0.246,2,88,1365,0,0.0018,4.94,0,0.2461,flood,0,TWIST DRILLS.csv
LTH-07,Okuma Multus B250II,,5000,22,Default Preset,drill,304/316 SS (M),M,Peck,drilling,roughing,plunge,0.246,2,62,956,0,0.0009,1.73,0,0.2461,flood,0,TWIST DRILLS.csv
LTH-07,Okuma Multus B250II,,5000,22,Default Preset,drill,17-4 PH (M),M,Drill,drilling,roughing,conventional,0.246,2,66,1024,0,0.0018,3.71,0,0.2461,flood,0,TWIST DRILLS.csv
LTH-07,Okuma Multus B250II,,5000,22,Default Preset,drill,17-4 PH (M),M,Peck,drilling,roughing,plunge,0.246,2,46,717,0,0.0009,1.3,0,0.2461,flood,0,TWIST DRILLS.csv
LTH-07,Okuma Multus B250II,,5000,22,Default Preset,drill,2205 Duplex (M),M,Drill,drilling,roughing,conventional,0.246,2,55,853,0,0.0018,3.09,0,0.2461,flood,0,TWIST DRILLS.csv
LTH-07,Okuma Multus B250II,,5000,22,Default Preset,drill,2205 Duplex (M),M,Peck,drilling,roughing,plunge,0.246,2,38,597,0,0.0009,1.08,0,0.2461,flood,0,TWIST DRILLS.csv
LTH-07,Okuma Multus B250II,,5000,22,Default Preset,drill,304/316 SS (M),M,Drill,drilling,roughing,conventional,0.332,2,220,2529,0,0.0022,10.95,0,0.3319,flood,0,TWIST DRILLS.csv
LTH-07,Okuma Multus B250II,,5000,22,Default Preset,drill,304/316 SS (M),M,Peck,drilling,roughing,plunge,0.332,2,154,1770,0,0.0011,3.83,0,0.3319,flood,0,TWIST DRILLS.csv
LTH-07,Okuma Multus B250II,,5000,22,Default Preset,drill,17-4 PH (M),M,Drill,drilling,roughing,conventional,0.332,2,165,1897,0,0.0022,8.22,0,0.3319,flood,0,TWIST DRILLS.csv
LTH-07,Okuma Multus B250II,,5000,22,Default Preset,drill,17-4 PH (M),M,Peck,drilling,roughing,plunge,0.332,2,115,1328,0,0.0011,2.88,0,0.3319,flood,0,TWIST DRILLS.csv
LTH-07,Okuma Multus B250II,,5000,22,Default Preset,drill,2205 Duplex (M),M,Drill,drilling,roughing,conventional,0.332,2,137,1581,0,0.0022,6.85,0,0.3319,flood,0,TWIST DRILLS.csv
LTH-07,Okuma Multus B250II,,5000,22,Default Preset,drill,2205 Duplex (M),M,Peck,drilling,roughing,plunge,0.332,2,96,1106,0,0.0011,2.39,0,0.3319,flood,0,TWIST DRILLS.csv
LTH-07,Okuma Multus B250II,,5000,22,Default Preset,drill,304/316 SS (M),M,Drill,drilling,roughing,conventional,0.261,2,88,1287,0,0.0019,4.81,0,0.261,flood,0,TWIST DRILLS.csv
LTH-07,Okuma Multus B250II,,5000,22,Default Preset,drill,304/316 SS (M),M,Peck,drilling,roughing,plunge,0.261,2,62,901,0,0.0009,1.68,0,0.261,flood,0,TWIST DRILLS.csv
LTH-07,Okuma Multus B250II,,5000,22,Default Preset,drill,17-4 PH (M),M,Drill,drilling,roughing,conventional,0.261,2,66,965,0,0.0019,3.61,0,0.261,flood,0,TWIST DRILLS.csv
LTH-07,Okuma Multus B250II,,5000,22,Default Preset,drill,17-4 PH (M),M,Peck,drilling,roughing,plunge,0.261,2,46,676,0,0.0009,1.26,0,0.261,flood,0,TWIST DRILLS.csv
LTH-07,Okuma Multus B250II,,5000,22,Default Preset,drill,2205 Duplex (M),M,Drill,drilling,roughing,conventional,0.261,2,55,804,0,0.0019,3.01,0,0.261,flood,0,TWIST DRILLS.csv
LTH-07,Okuma Multus B250II,,5000,22,Default Preset,drill,2205 Duplex (M),M,Peck,drilling,roughing,plunge,0.261,2,38,563,0,0.0009,1.05,0,0.261,flood,0,TWIST DRILLS.csv
LTH-07,Okuma Multus B250II,,5000,22,Default Preset,center drill,304/316 SS (M),M,Spot,drilling,roughing,conventional,0.191,2,220,4396,0,0.0016,14.02,0,0.1909,flood,0,TWIST DRILLS.csv
LTH-07,Okuma Multus B250II,,5000,22,Default Preset,center drill,17-4 PH (M),M,Spot,drilling,roughing,conventional,0.191,2,165,3297,0,0.0016,10.51,0,0.1909,flood,0,TWIST DRILLS.csv
LTH-07,Okuma Multus B250II,,5000,22,Default Preset,center drill,2205 Duplex (M),M,Spot,drilling,roughing,conventional,0.191,2,137,2748,0,0.0016,8.76,0,0.1909,flood,0,TWIST DRILLS.csv
LTH-07,Okuma Multus B250II,,5000,22,Default Preset,drill,304/316 SS (M),M,Drill,drilling,roughing,conventional,0.175,3,220,4798,0,0.001,14.73,0,0.1748,flood,0,TWIST DRILLS.csv
LTH-07,Okuma Multus B250II,,5000,22,Default Preset,drill,304/316 SS (M),M,Peck,drilling,roughing,plunge,0.175,3,154,3359,0,0.0005,5.16,0,0.1748,flood,0,TWIST DRILLS.csv
LTH-07,Okuma Multus B250II,,5000,22,Default Preset,drill,17-4 PH (M),M,Drill,drilling,roughing,conventional,0.175,3,165,3598,0,0.001,11.05,0,0.1748,flood,0,TWIST DRILLS.csv
LTH-07,Okuma Multus B250II,,5000,22,Default Preset,drill,17-4 PH (M),M,Peck,drilling,roughing,plunge,0.175,3,115,2519,0,0.0005,3.87,0,0.1748,flood,0,TWIST DRILLS.csv
LTH-07,Okuma Multus B250II,,5000,22,Default Preset,drill,2205 Duplex (M),M,Drill,drilling,roughing,conventional,0.175,3,137,2999,0,0.001,9.21,0,0.1748,flood,0,TWIST DRILLS.csv
LTH-07,Okuma Multus B250II,,5000,22,Default Preset,drill,2205 Duplex (M),M,Peck,drilling,roughing,plunge,0.175,3,96,2099,0,0.0005,3.22,0,0.1748,flood,0,TWIST DRILLS.csv
LTH-07,Okuma Multus B250II,,5000,22,Default Preset,drill,304/316 SS (M),M,Drill,drilling,roughing,conventional,0.493,2,220,1703,0,0.003,10.26,0,0.4929,flood,0,TWIST DRILLS.csv
LTH-07,Okuma Multus B250II,,5000,22,Default Preset,drill,304/316 SS (M),M,Peck,drilling,roughing,plunge,0.493,2,154,1192,0,0.0015,3.59,0,0.4929,flood,0,TWIST DRILLS.csv
LTH-07,Okuma Multus B250II,,5000,22,Default Preset,drill,17-4 PH (M),M,Drill,drilling,roughing,conventional,0.493,2,165,1277,0,0.003,7.69,0,0.4929,flood,0,TWIST DRILLS.csv
LTH-07,Okuma Multus B250II,,5000,22,Default Preset,drill,17-4 PH (M),M,Peck,drilling,roughing,plunge,0.493,2,115,894,0,0.0015,2.69,0,0.4929,flood,0,TWIST DRILLS.csv
LTH-07,Okuma Multus B250II,,5000,22,Default Preset,drill,2205 Duplex (M),M,Drill,drilling,roughing,conventional,0.493,2,137,1064,0,0.003,6.41,0,0.4929,flood,0,TWIST DRILLS.csv
LTH-07,Okuma Multus B250II,,5000,22,Default Preset,drill,2205 Duplex (M),M,Peck,drilling,roughing,plunge,0.493,2,96,745,0,0.0015,2.24,0,0.4929,flood,0,TWIST DRILLS.csv
LTH-07,Okuma Multus B250II,,5000,22,Default Preset,drill,304/316 SS (M),M,Drill,drilling,roughing,conventional,0.0937,2,88,3582,0,0.001,7.19,0,0.0937,flood,0,TWIST DRILLS.csv
LTH-07,Okuma Multus B250II,,5000,22,Default Preset,drill,304/316 SS (M),M,Peck,drilling,roughing,plunge,0.0937,2,62,2508,0,0.0005,2.52,0,0.0937,flood,0,TWIST DRILLS.csv
LTH-07,Okuma Multus B250II,,5000,22,Default Preset,drill,17-4 PH (M),M,Drill,drilling,roughing,conventional,0.0937,2,66,2687,0,0.001,5.4,0,0.0937,flood,0,TWIST DRILLS.csv
LTH-07,Okuma Multus B250II,,5000,22,Default Preset,drill,17-4 PH (M),M,Peck,drilling,roughing,plunge,0.0937,2,46,1881,0,0.0005,1.89,0,0.0937,flood,0,TWIST DRILLS.csv
LTH-07,Okuma Multus B250II,,5000,22,Default Preset,drill,2205 Duplex (M),M,Drill,drilling,roughing,conventional,0.0937,2,55,2239,0,0.001,4.5,0,0.0937,flood,0,TWIST DRILLS.csv
LTH-07,Okuma Multus B250II,,5000,22,Default Preset,drill,2205 Duplex (M),M,Peck,drilling,roughing,plunge,0.0937,2,38,1567,0,0.0005,1.57,0,0.0937,flood,0,TWIST DRILLS.csv
LTH-07,Okuma Multus B250II,,5000,22,Default Preset,spot drill,304/316 SS (M),M,Spot,drilling,roughing,conventional,1,2,220,840,0,0.0043,7.24,0,1,flood,0,TWIST DRILLS.csv
LTH-07,Okuma Multus B250II,,5000,22,Default Preset,spot drill,17-4 PH (M),M,Spot,drilling,roughing,conventional,1,2,165,630,0,0.0043,5.43,0,1,flood,0,TWIST DRILLS.csv
LTH-07,Okuma Multus B250II,,5000,22,Default Preset,spot drill,2205 Duplex (M),M,Spot,drilling,roughing,conventional,1,2,137,525,0,0.0043,4.53,0,1,flood,0,TWIST DRILLS.csv
