machine_id,machine_name,machine_taper,machine_max_rpm,machine_max_power_kw,tool_id,tool_type,grade_name,iso,toolpath,op,cut,strategy,dia_in,flutes,vc_sfm,rpm,rpm_clamped,fz_in,feed_ipm,ap_in,ae_in,coolant,css,source_crib
LTH-07,Okuma Multus B250II,,5000,22,Default Preset,drill,Ti-6Al-4V (S),S,Drill,drilling,roughing,conventional,0.4375,2,98,859,0,0.0018,3.15,0,0.4374,flood,0,130 DEG. INSERT DRILLS - PURPLE COATING (CHANGE SFM TO 75 FOR GOLD).csv
LTH-07,Okuma Multus B250II,,5000,22,Default Preset,drill,Ti-6Al-4V (S),S,Peck,drilling,roughing,plunge,0.4375,2,69,602,0,0.0009,1.1,0,0.4374,flood,0,130 DEG. INSERT DRILLS - PURPLE COATING (CHANGE SFM TO 75 FOR GOLD).csv
LTH-07,Okuma Multus B250II,,5000,22,Default Preset,drill,Inconel/Nickel (S),S,Drill,drilling,roughing,conventional,0.4375,2,49,430,0,0.0018,1.57,0,0.4374,flood,0,130 DEG. INSERT DRILLS - PURPLE COATING (CHANGE SFM TO 75 FOR GOLD).csv
LTH-07,Okuma Multus B250II,,5000,22,Default Preset,drill,Inconel/Nickel (S),S,Peck,drilling,roughing,plunge,0.4375,2,34,301,0,0.0009,0.55,0,0.4374,flood,0,130 DEG. INSERT DRILLS - PURPLE COATING (CHANGE SFM TO 75 FOR GOLD).csv
LTH-07,Okuma Multus B250II,,5000,22,Default Preset,drill,Ti-6Al-4V (S),S,Drill,drilling,roughing,conventional,0.4688,2,98,802,0,0.0019,3.13,0,0.4689,flood,0,130 DEG. INSERT DRILLS - PURPLE COATING (CHANGE SFM TO 75 FOR GOLD).csv
LTH-07,Okuma Multus B250II,,5000,22,Default Preset,drill,Ti-6Al-4V (S),S,Peck,drilling,roughing,plunge,0.4688,2,69,561,0,0.001,1.09,0,0.4689,flood,0,130 DEG. INSERT DRILLS - PURPLE COATING (CHANGE SFM TO 75 FOR GOLD).csv
LTH-07,Okuma Multus B250II,,5000,22,Default Preset,drill,Inconel/Nickel (S),S,Drill,drilling,roughing,conventional,0.4688,2,49,401,0,0.0019,1.56,0,0.4689,flood,0,130 DEG. INSERT DRILLS - PURPLE COATING (CHANGE SFM TO 75 FOR GOLD).csv
LTH-07,Okuma Multus B250II,,5000,22,Default Preset,drill,Inconel/Nickel (S),S,Peck,drilling,roughing,plunge,0.4688,2,34,281,0,0.001,0.55,0,0.4689,flood,0,130 DEG. INSERT DRILLS - PURPLE COATING (CHANGE SFM TO 75 FOR GOLD).csv
LTH-07,Okuma Multus B250II,,5000,22,Default Preset,drill,Ti-6Al-4V (S),S,Drill,drilling,roughing,conventional,0.48,2,98,783,0,0.002,3.11,0,0.4799,flood,0,130 DEG. INSERT DRILLS - PURPLE COATING (CHANGE SFM TO 75 FOR GOLD).csv
LTH-07,Okuma Multus B250II,,5000,22,Default Preset,drill,Ti-6Al-4V (S),S,Peck,drilling,roughing,plunge,0.48,2,69,548,0,0.001,1.09,0,0.4799,flood,0,130 DEG. INSERT DRILLS - PURPLE COATING (CHANGE SFM TO 75 FOR GOLD).csv
LTH-07,Okuma Multus B250II,,5000,22,Default Preset,drill,Inconel/Nickel (S),S,Drill,drilling,roughing,conventional,0.48,2,49,392,0,0.002,1.56,0,0.4799,flood,0,130 DEG. INSERT DRILLS - PURPLE COATING (CHANGE SFM TO 75 FOR GOLD).csv
LTH-07,Okuma Multus B250II,,5000,22,Default Preset,drill,Inconel/Nickel (S),S,Peck,drilling,roughing,plunge,0.48,2,34,274,0,0.001,0.54,0,0.4799,flood,0,130 DEG. INSERT DRILLS - PURPLE COATING (CHANGE SFM TO 75 FOR GOLD).csv
LTH-07,Okuma Multus B250II,,5000,22,Default Preset,drill,Ti-6Al-4V (S),S,Drill,drilling,roughing,conventional,0.493,2,98,763,0,0.002,3.06,0,0.4929,flood,0,130 DEG. INSERT DRILLS - PURPLE COATING (CHANGE SFM TO 75 FOR GOLD).csv
LTH-07,Okuma Multus B250II,,5000,22,Default Preset,drill,Ti-6Al-4V (S),S,Peck,drilling,roughing,plunge,0.493,2,69,534,0,0.001,1.07,0,0.4929,flood,0,130 DEG. INSERT DRILLS - PURPLE COATING (CHANGE SFM TO 75 FOR GOLD).csv
LTH-07,Okuma Multus B250II,,5000,22,Default Preset,drill,Inconel/Nickel (S),S,Drill,drilling,roughing,conventional,0.493,2,49,381,0,0.002,1.53,0,0.4929,flood,0,130 DEG. INSERT DRILLS - PURPLE COATING (CHANGE SFM TO 75 FOR GOLD).csv
LTH-07,Okuma Multus B250II,,5000,22,Default Preset,drill,Inconel/Nickel (S),S,Peck,drilling,roughing,plunge,0.493,2,34,267,0,0.001,0.54,0,0.4929,flood,0,130 DEG. INSERT DRILLS - PURPLE COATING (CHANGE SFM TO 75 FOR GOLD).csv
LTH-07,Okuma Multus B250II,,5000,22,Default Preset,drill,Ti-6Al-4V (S),S,Drill,drilling,roughing,conventional,0.531,2,98,708,0,0.0021,2.95,0,0.5311,flood,0,130 DEG. INSERT DRILLS - PURPLE COATING (CHANGE SFM TO 75 FOR GOLD).csv
LTH-07,Okuma Multus B250II,,5000,22,Default Preset,drill,Ti-6Al-4V (S),S,Peck,drilling,roughing,plunge,0.531,2,69,496,0,0.001,1.03,0,0.5311,flood,0,130 DEG. INSERT DRILLS - PURPLE COATING (CHANGE SFM TO 75 FOR GOLD).csv
LTH-07,Okuma Multus B250II,,5000,22,Default Preset,drill,Inconel/Nickel (S),S,Drill,drilling,roughing,conventional,0.531,2,49,354,0,0.0021,1.48,0,0.5311,flood,0,130 DEG. INSERT DRILLS - PURPLE COATING (CHANGE SFM TO 75 FOR GOLD).csv
LTH-07,Okuma Multus B250II,,5000,22,Default Preset,drill,Inconel/Nickel (S),S,Peck,drilling,roughing,plunge,0.531,2,34,248,0,0.001,0.52,0,0.5311,flood,0,130 DEG. INSERT DRILLS - PURPLE COATING (CHANGE SFM TO 75 FOR GOLD).csv
LTH-07,Okuma Multus B250II,,5000,22,Default Preset,drill,Ti-6Al-4V (S),S,Drill,drilling,roughing,conventional,0.5625,2,98,668,0,0.0021,2.87,0,0.5626,flood,0,130 DEG. INSERT DRILLS - PURPLE COATING (CHANGE SFM TO 75 FOR GOLD).csv
LTH-07,Okuma Multus B250II,,5000,22,Default Preset,drill,Ti-6Al-4V (S),S,Peck,drilling,roughing,plunge,0.5625,2,69,468,0,0.0011,1,0,0.5626,flood,0,130 DEG. INSERT DRILLS - PURPLE COATING (CHANGE SFM TO 75 FOR GOLD).csv
LTH-07,Okuma Multus B250II,,5000,22,Default Preset,drill,Inconel/Nickel (S),S,Drill,drilling,roughing,conventional,0.5625,2,49,334,0,0.0021,1.43,0,0.5626,flood,0,130 DEG. INSERT DRILLS - PURPLE COATING (CHANGE SFM TO 75 FOR GOLD).csv
LTH-07,Okuma Multus B250II,,5000,22,Default Preset,drill,Inconel/Nickel (S),S,Peck,drilling,roughing,plunge,0.5625,2,34,234,0,0.0011,0.5,0,0.5626,flood,0,130 DEG. INSERT DRILLS - PURPLE COATING (CHANGE SFM TO 75 FOR GOLD).csv
LTH-07,Okuma Multus B250II,,5000,22,Default Preset,drill,Ti-6Al-4V (S),S,Drill,drilling,roughing,conventional,0.57,2,98,660,0,0.0021,2.83,0,0.5701,flood,0,130 DEG. INSERT DRILLS - PURPLE COATING (CHANGE SFM TO 75 FOR GOLD).csv
LTH-07,Okuma Multus B250II,,5000,22,Default Preset,drill,Ti-6Al-4V (S),S,Peck,drilling,roughing,plunge,0.57,2,69,462,0,0.0011,0.99,0,0.5701,flood,0,130 DEG. INSERT DRILLS - PURPLE COATING (CHANGE SFM TO 75 FOR GOLD).csv
LTH-07,Okuma Multus B250II,,5000,22,Default Preset,drill,Inconel/Nickel (S),S,Drill,drilling,roughing,conventional,0.57,2,49,330,0,0.0021,1.42,0,0.5701,flood,0,130 DEG. INSERT DRILLS - PURPLE COATING (CHANGE SFM TO 75 FOR GOLD).csv
LTH-07,Okuma Multus B250II,,5000,22,Default Preset,drill,Inconel/Nickel (S),S,Peck,drilling,roughing,plunge,0.57,2,34,231,0,0.0011,0.5,0,0.5701,flood,0,130 DEG. INSERT DRILLS - PURPLE COATING (CHANGE SFM TO 75 FOR GOLD).csv
LTH-07,Okuma Multus B250II,,5000,22,Default Preset,drill,Ti-6Al-4V (S),S,Drill,drilling,roughing,conventional,0.593,2,98,634,0,0.0022,2.77,0,0.5929,flood,0,130 DEG. INSERT DRILLS - PURPLE COATING (CHANGE SFM TO 75 FOR GOLD).csv
LTH-07,Okuma Multus B250II,,5000,22,Default Preset,drill,Ti-6Al-4V (S),S,Peck,drilling,roughing,plunge,0.593,2,69,444,0,0.0011,0.97,0,0.5929,flood,0,130 DEG. INSERT DRILLS - PURPLE COATING (CHANGE SFM TO 75 FOR GOLD).csv
LTH-07,Okuma Multus B250II,,5000,22,Default Preset,drill,Inconel/Nickel (S),S,Drill,drilling,roughing,conventional,0.593,2,49,317,0,0.0022,1.39,0,0.5929,flood,0,130 DEG. INSERT DRILLS - PURPLE COATING (CHANGE SFM TO 75 FOR GOLD).csv
LTH-07,Okuma Multus B250II,,5000,22,Default Preset,drill,Inconel/Nickel (S),S,Peck,drilling,roughing,plunge,0.593,2,34,222,0,0.0011,0.49,0,0.5929,flood,0,130 DEG. INSERT DRILLS - PURPLE COATING (CHANGE SFM TO 75 FOR GOLD).csv
LTH-07,Okuma Multus B250II,,5000,22,Default Preset,drill,Ti-6Al-4V (S),S,Drill,drilling,roughing,conventional,0.6102,2,98,616,0,0.0022,2.74,0,0.6102,flood,0,130 DEG. INSERT DRILLS - PURPLE COATING (CHANGE SFM TO 75 FOR GOLD).csv
LTH-07,Okuma Multus B250II,,5000,22,Default Preset,drill,Ti-6Al-4V (S),S,Peck,drilling,roughing,plunge,0.6102,2,69,431,0,0.0011,0.96,0,0.6102,flood,0,130 DEG. INSERT DRILLS - PURPLE COATING (CHANGE SFM TO 75 FOR GOLD).csv
LTH-07,Okuma Multus B250II,,5000,22,Default Preset,drill,Inconel/Nickel (S),S,Drill,drilling,roughing,conventional,0.6102,2,49,308,0,0.0022,1.37,0,0.6102,flood,0,130 DEG. INSERT DRILLS - PURPLE COATING (CHANGE SFM TO 75 FOR GOLD).csv
LTH-07,Okuma Multus B250II,,5000,22,Default Preset,drill,Inconel/Nickel (S),S,Peck,drilling,roughing,plunge,0.6102,2,34,216,0,0.0011,0.48,0,0.6102,flood,0,130 DEG. INSERT DRILLS - PURPLE COATING (CHANGE SFM TO 75 FOR GOLD).csv
LTH-07,Okuma Multus B250II,,5000,22,Default Preset,drill,Ti-6Al-4V (S),S,Drill,drilling,roughing,conventional,0.625,2,98,602,0,0.0023,2.73,0,0.6252,flood,0,130 DEG. INSERT DRILLS - PURPLE COATING (CHANGE SFM TO 75 FOR GOLD).csv
LTH-07,Okuma Multus B250II,,5000,22,Default Preset,drill,Ti-6Al-4V (S),S,Peck,drilling,roughing,plunge,0.625,2,69,421,0,0.0011,0.95,0,0.6252,flood,0,130 DEG. INSERT DRILLS - PURPLE COATING (CHANGE SFM TO 75 FOR GOLD).csv
LTH-07,Okuma Multus B250II,,5000,22,Default Preset,drill,Inconel/Nickel (S),S,Drill,drilling,roughing,conventional,0.625,2,49,301,0,0.0023,1.36,0,0.6252,flood,0,130 DEG. INSERT DRILLS - PURPLE COATING (CHANGE SFM TO 75 FOR GOLD).csv
LTH-07,Okuma Multus B250II,,5000,22,Default Preset,drill,Inconel/Nickel (S),S,Peck,drilling,roughing,plunge,0.625,2,34,211,0,0.0011,0.48,0,0.6252,flood,0,130 DEG. INSERT DRILLS - PURPLE COATING (CHANGE SFM TO 75 FOR GOLD).csv
LTH-07,Okuma Multus B250II,,5000,22,Default Preset,drill,Ti-6Al-4V (S),S,Drill,drilling,roughing,conventional,0.656,2,98,573,0,0.0023,2.64,0,0.6559,flood,0,130 DEG. INSERT DRILLS - PURPLE COATING (CHANGE SFM TO 75 FOR GOLD).csv
LTH-07,Okuma Multus B250II,,5000,22,Default Preset,drill,Ti-6Al-4V (S),S,Peck,drilling,roughing,plunge,0.656,2,69,401,0,0.0012,0.92,0,0.6559,flood,0,130 DEG. INSERT DRILLS - PURPLE COATING (CHANGE SFM TO 75 FOR GOLD).csv
LTH-07,Okuma Multus B250II,,5000,22,Default Preset,drill,Inconel/Nickel (S),S,Drill,drilling,roughing,conventional,0.656,2,49,287,0,0.0023,1.32,0,0.6559,flood,0,130 DEG. INSERT DRILLS - PURPLE COATING (CHANGE SFM TO 75 FOR GOLD).csv
LTH-07,Okuma Multus B250II,,5000,22,Default Preset,drill,Inconel/Nickel (S),S,Peck,drilling,roughing,plunge,0.656,2,34,201,0,0.0012,0.46,0,0.6559,flood,0,130 DEG. INSERT DRILLS - PURPLE COATING (CHANGE SFM TO 75 FOR GOLD).csv
LTH-07,Okuma Multus B250II,,5000,22,Default Preset,drill,Ti-6Al-4V (S),S,Drill,drilling,roughing,conventional,0.6875,2,98,547,0,0.0024,2.58,0,0.6874,flood,0,130 DEG. INSERT DRILLS - PURPLE COATING (CHANGE SFM TO 75 FOR GOLD).csv
LTH-07,Okuma Multus B250II,,5000,22,Default Preset,drill,Ti-6Al-4V (S),S,Peck,drilling,roughing,plunge,0.6875,2,69,383,0,0.0012,0.9,0,0.6874,flood,0,130 DEG. INSERT DRILLS - PURPLE COATING (CHANGE SFM TO 75 FOR GOLD).csv
LTH-07,Okuma Multus B250II,,5000,22,Default Preset,drill,Inconel/Nickel (S),S,Drill,drilling,roughing,conventional,0.6875,2,49,273,0,0.0024,1.29,0,0.6874,flood,0,130 DEG. INSERT DRILLS - PURPLE COATING (CHANGE SFM TO 75 FOR GOLD).csv
LTH-07,Okuma Multus B250II,,5000,22,Default Preset,drill,Inconel/Nickel (S),S,Peck,drilling,roughing,plunge,0.6875,2,34,191,0,0.0012,0.45,0,0.6874,flood,0,130 DEG. INSERT DRILLS - PURPLE COATING (CHANGE SFM TO 75 FOR GOLD).csv
LTH-07,Okuma Multus B250II,,5000,22,Default Preset,drill,Ti-6Al-4V (S),S,Drill,drilling,roughing,conventional,0.708,2,98,531,0,0.0024,2.55,0,0.7079,flood,0,130 DEG. INSERT DRILLS - PURPLE COATING (CHANGE SFM TO 75 FOR GOLD).csv
LTH-07,Okuma Multus B250II,,5000,22,Default Preset,drill,Ti-6Al-4V (S),S,Peck,drilling,roughing,plunge,0.708,2,69,372,0,0.0012,0.89,0,0.7079,flood,0,130 DEG. INSERT DRILLS - PURPLE COATING (CHANGE SFM TO 75 FOR GOLD).csv
LTH-07,Okuma Multus B250II,,5000,22,Default Preset,drill,Inconel/Nickel (S),S,Drill,drilling,roughing,conventional,0.708,2,49,266,0,0.0024,1.28,0,0.7079,flood,0,130 DEG. INSERT DRILLS - PURPLE COATING (CHANGE SFM TO 75 FOR GOLD).csv
LTH-07,Okuma Multus B250II,,5000,22,Default Preset,drill,Inconel/Nickel (S),S,Peck,drilling,roughing,plunge,0.708,2,34,186,0,0.0012,0.45,0,0.7079,flood,0,130 DEG. INSERT DRILLS - PURPLE COATING (CHANGE SFM TO 75 FOR GOLD).csv
LTH-07,Okuma Multus B250II,,5000,22,Default Preset,drill,Ti-6Al-4V (S),S,Drill,drilling,roughing,conventional,0.7188,2,98,523,0,0.0024,2.53,0,0.7189,flood,0,130 DEG. INSERT DRILLS - PURPLE COATING (CHANGE SFM TO 75 FOR GOLD).csv
LTH-07,Okuma Multus B250II,,5000,22,Default Preset,drill,Ti-6Al-4V (S),S,Peck,drilling,roughing,plunge,0.7188,2,69,366,0,0.0012,0.89,0,0.7189,flood,0,130 DEG. INSERT DRILLS - PURPLE COATING (CHANGE SFM TO 75 FOR GOLD).csv
LTH-07,Okuma Multus B250II,,5000,22,Default Preset,drill,Inconel/Nickel (S),S,Drill,drilling,roughing,conventional,0.7188,2,49,262,0,0.0024,1.27,0,0.7189,flood,0,130 DEG. INSERT DRILLS - PURPLE COATING (CHANGE SFM TO 75 FOR GOLD).csv
LTH-07,Okuma Multus B250II,,5000,22,Default Preset,drill,Inconel/Nickel (S),S,Peck,drilling,roughing,plunge,0.7188,2,34,183,0,0.0012,0.44,0,0.7189,flood,0,130 DEG. INSERT DRILLS - PURPLE COATING (CHANGE SFM TO 75 FOR GOLD).csv
LTH-07,Okuma Multus B250II,,5000,22,Default Preset,drill,Ti-6Al-4V (S),S,Drill,drilling,roughing,conventional,0.728,2,98,516,0,0.0024,2.52,0,0.728,flood,0,130 DEG. INSERT DRILLS - PURPLE COATING (CHANGE SFM TO 75 FOR GOLD).csv
LTH-07,Okuma Multus B250II,,5000,22,Default Preset,drill,Ti-6Al-4V (S),S,Peck,drilling,roughing,plunge,0.728,2,69,361,0,0.0012,0.88,0,0.728,flood,0,130 DEG. INSERT DRILLS - PURPLE COATING (CHANGE SFM TO 75 FOR GOLD).csv
LTH-07,Okuma Multus B250II,,5000,22,Default Preset,drill,Inconel/Nickel (S),S,Drill,drilling,roughing,conventional,0.728,2,49,258,0,0.0024,1.26,0,0.728,flood,0,130 DEG. INSERT DRILLS - PURPLE COATING (CHANGE SFM TO 75 FOR GOLD).csv
LTH-07,Okuma Multus B250II,,5000,22,Default Preset,drill,Inconel/Nickel (S),S,Peck,drilling,roughing,plunge,0.728,2,34,181,0,0.0012,0.44,0,0.728,flood,0,130 DEG. INSERT DRILLS - PURPLE COATING (CHANGE SFM TO 75 FOR GOLD).csv
LTH-07,Okuma Multus B250II,,5000,22,Default Preset,drill,Ti-6Al-4V (S),S,Drill,drilling,roughing,conventional,0.737,2,98,510,0,0.0025,2.51,0,0.737,flood,0,130 DEG. INSERT DRILLS - PURPLE COATING (CHANGE SFM TO 75 FOR GOLD).csv
LTH-07,Okuma Multus B250II,,5000,22,Default Preset,drill,Ti-6Al-4V (S),S,Peck,drilling,roughing,plunge,0.737,2,69,357,0,0.0012,0.88,0,0.737,flood,0,130 DEG. INSERT DRILLS - PURPLE COATING (CHANGE SFM TO 75 FOR GOLD).csv
LTH-07,Okuma Multus B250II,,5000,22,Default Preset,drill,Inconel/Nickel (S),S,Drill,drilling,roughing,conventional,0.737,2,49,255,0,0.0025,1.25,0,0.737,flood,0,130 DEG. INSERT DRILLS - PURPLE COATING (CHANGE SFM TO 75 FOR GOLD).csv
LTH-07,Okuma Multus B250II,,5000,22,Default Preset,drill,Inconel/Nickel (S),S,Peck,drilling,roughing,plunge,0.737,2,34,179,0,0.0012,0.44,0,0.737,flood,0,130 DEG. INSERT DRILLS - PURPLE COATING (CHANGE SFM TO 75 FOR GOLD).csv
LTH-07,Okuma Multus B250II,,5000,22,Default Preset,drill,Ti-6Al-4V (S),S,Drill,drilling,roughing,conventional,0.75,2,98,501,0,0.0025,2.49,0,0.75,flood,0,130 DEG. INSERT DRILLS - PURPLE COATING (CHANGE SFM TO 75 FOR GOLD).csv
LTH-07,Okuma Multus B250II,,5000,22,Default Preset,drill,Ti-6Al-4V (S),S,Peck,drilling,roughing,plunge,0.75,2,69,351,0,0.0012,0.87,0,0.75,flood,0,130 DEG. INSERT DRILLS - PURPLE COATING (CHANGE SFM TO 75 FOR GOLD).csv
LTH-07,Okuma Multus B250II,,5000,22,Default Preset,drill,Inconel/Nickel (S),S,Drill,drilling,roughing,conventional,0.75,2,49,251,0,0.0025,1.25,0,0.75,flood,0,130 DEG. INSERT DRILLS - PURPLE COATING (CHANGE SFM TO 75 FOR GOLD).csv
LTH-07,Okuma Multus B250II,,5000,22,Default Preset,drill,Inconel/Nickel (S),S,Peck,drilling,roughing,plunge,0.75,2,34,175,0,0.0012,0.43,0,0.75,flood,0,130 DEG. INSERT DRILLS - PURPLE COATING (CHANGE SFM TO 75 FOR GOLD).csv
LTH-07,Okuma Multus B250II,,5000,22,Default Preset,drill,Ti-6Al-4V (S),S,Drill,drilling,roughing,conventional,0.787,2,98,478,0,0.0026,2.45,0,0.787,flood,0,130 DEG. INSERT DRILLS - PURPLE COATING (CHANGE SFM TO 75 FOR GOLD).csv
LTH-07,Okuma Multus B250II,,5000,22,Default Preset,drill,Ti-6Al-4V (S),S,Peck,drilling,roughing,plunge,0.787,2,69,334,0,0.0013,0.85,0,0.787,flood,0,130 DEG. INSERT DRILLS - PURPLE COATING (CHANGE SFM TO 75 FOR GOLD).csv
LTH-07,Okuma Multus B250II,,5000,22,Default Preset,drill,Inconel/Nickel (S),S,Drill,drilling,roughing,conventional,0.787,2,49,239,0,0.0026,1.22,0,0.787,flood,0,130 DEG. INSERT DRILLS - PURPLE COATING (CHANGE SFM TO 75 FOR GOLD).csv
LTH-07,Okuma Multus B250II,,5000,22,Default Preset,drill,Inconel/Nickel (S),S,Peck,drilling,roughing,plunge,0.787,2,34,167,0,0.0013,0.43,0,0.787,flood,0,130 DEG. INSERT DRILLS - PURPLE COATING (CHANGE SFM TO 75 FOR GOLD).csv
LTH-07,Okuma Multus B250II,,5000,22,Default Preset,drill,Ti-6Al-4V (S),S,Drill,drilling,roughing,conventional,0.812,2,98,463,0,0.0026,2.41,0,0.8118,flood,0,130 DEG. INSERT DRILLS - PURPLE COATING (CHANGE SFM TO 75 FOR GOLD).csv
LTH-07,Okuma Multus B250II,,5000,22,Default Preset,drill,Ti-6Al-4V (S),S,Peck,drilling,roughing,plunge,0.812,2,69,324,0,0.0013,0.84,0,0.8118,flood,0,130 DEG. INSERT DRILLS - PURPLE COATING (CHANGE SFM TO 75 FOR GOLD).csv
LTH-07,Okuma Multus B250II,,5000,22,Default Preset,drill,Inconel/Nickel (S),S,Drill,drilling,roughing,conventional,0.812,2,49,232,0,0.0026,1.21,0,0.8118,flood,0,130 DEG. INSERT DRILLS - PURPLE COATING (CHANGE SFM TO 75 FOR GOLD).csv
LTH-07,Okuma Multus B250II,,5000,22,Default Preset,drill,Inconel/Nickel (S),S,Peck,drilling,roughing,plunge,0.812,2,34,162,0,0.0013,0.42,0,0.8118,flood,0,130 DEG. INSERT DRILLS - PURPLE COATING (CHANGE SFM TO 75 FOR GOLD).csv
LTH-07,Okuma Multus B250II,,5000,22,Default Preset,drill,Ti-6Al-4V (S),S,Drill,drilling,roughing,conventional,0.821,2,98,458,0,0.0026,2.4,0,0.8209,flood,0,130 DEG. INSERT DRILLS - PURPLE COATING (CHANGE SFM TO 75 FOR GOLD).csv
LTH-07,Okuma Multus B250II,,5000,22,Default Preset,drill,Ti-6Al-4V (S),S,Peck,drilling,roughing,plunge,0.821,2,69,321,0,0.0013,0.84,0,0.8209,flood,0,130 DEG. INSERT DRILLS - PURPLE COATING (CHANGE SFM TO 75 FOR GOLD).csv
LTH-07,Okuma Multus B250II,,5000,22,Default Preset,drill,Inconel/Nickel (S),S,Drill,drilling,roughing,conventional,0.821,2,49,229,0,0.0026,1.2,0,0.8209,flood,0,130 DEG. INSERT DRILLS - PURPLE COATING (CHANGE SFM TO 75 FOR GOLD).csv
LTH-07,Okuma Multus B250II,,5000,22,Default Preset,drill,Inconel/Nickel (S),S,Peck,drilling,roughing,plunge,0.821,2,34,160,0,0.0013,0.42,0,0.8209,flood,0,130 DEG. INSERT DRILLS - PURPLE COATING (CHANGE SFM TO 75 FOR GOLD).csv
LTH-07,Okuma Multus B250II,,5000,22,Default Preset,drill,Ti-6Al-4V (S),S,Drill,drilling,roughing,conventional,0.838,2,98,449,0,0.0026,2.37,0,0.8382,flood,0,130 DEG. INSERT DRILLS - PURPLE COATING (CHANGE SFM TO 75 FOR GOLD).csv
LTH-07,Okuma Multus B250II,,5000,22,Default Preset,drill,Ti-6Al-4V (S),S,Peck,drilling,roughing,plunge,0.838,2,69,314,0,0.0013,0.83,0,0.8382,flood,0,130 DEG. INSERT DRILLS - PURPLE COATING (CHANGE SFM TO 75 FOR GOLD).csv
LTH-07,Okuma Multus B250II,,5000,22,Default Preset,drill,Inconel/Nickel (S),S,Drill,drilling,roughing,conventional,0.838,2,49,224,0,0.0026,1.18,0,0.8382,flood,0,130 DEG. INSERT DRILLS - PURPLE COATING (CHANGE SFM TO 75 FOR GOLD).csv
LTH-07,Okuma Multus B250II,,5000,22,Default Preset,drill,Inconel/Nickel (S),S,Peck,drilling,roughing,plunge,0.838,2,34,157,0,0.0013,0.41,0,0.8382,flood,0,130 DEG. INSERT DRILLS - PURPLE COATING (CHANGE SFM TO 75 FOR GOLD).csv
LTH-07,Okuma Multus B250II,,5000,22,Default Preset,drill,Ti-6Al-4V (S),S,Drill,drilling,roughing,conventional,0.843,2,98,446,0,0.0026,2.35,0,0.8429,flood,0,130 DEG. INSERT DRILLS - PURPLE COATING (CHANGE SFM TO 75 FOR GOLD).csv
LTH-07,Okuma Multus B250II,,5000,22,Default Preset,drill,Ti-6Al-4V (S),S,Peck,drilling,roughing,plunge,0.843,2,69,312,0,0.0013,0.82,0,0.8429,flood,0,130 DEG. INSERT DRILLS - PURPLE COATING (CHANGE SFM TO 75 FOR GOLD).csv
LTH-07,Okuma Multus B250II,,5000,22,Default Preset,drill,Inconel/Nickel (S),S,Drill,drilling,roughing,conventional,0.843,2,49,223,0,0.0026,1.18,0,0.8429,flood,0,130 DEG. INSERT DRILLS - PURPLE COATING (CHANGE SFM TO 75 FOR GOLD).csv
LTH-07,Okuma Multus B250II,,5000,22,Default Preset,drill,Inconel/Nickel (S),S,Peck,drilling,roughing,plunge,0.843,2,34,156,0,0.0013,0.41,0,0.8429,flood,0,130 DEG. INSERT DRILLS - PURPLE COATING (CHANGE SFM TO 75 FOR GOLD).csv
LTH-07,Okuma Multus B250II,,5000,22,Default Preset,drill,Ti-6Al-4V (S),S,Drill,drilling,roughing,conventional,0.859,2,98,438,0,0.0027,2.33,0,0.8591,flood,0,130 DEG. INSERT DRILLS - PURPLE COATING (CHANGE SFM TO 75 FOR GOLD).csv
LTH-07,Okuma Multus B250II,,5000,22,Default Preset,drill,Ti-6Al-4V (S),S,Peck,drilling,roughing,plunge,0.859,2,69,306,0,0.0013,0.81,0,0.8591,flood,0,130 DEG. INSERT DRILLS - PURPLE COATING (CHANGE SFM TO 75 FOR GOLD).csv
LTH-07,Okuma Multus B250II,,5000,22,Default Preset,drill,Inconel/Nickel (S),S,Drill,drilling,roughing,conventional,0.859,2,49,219,0,0.0027,1.16,0,0.8591,flood,0,130 DEG. INSERT DRILLS - PURPLE COATING (CHANGE SFM TO 75 FOR GOLD).csv
LTH-07,Okuma Multus B250II,,5000,22,Default Preset,drill,Inconel/Nickel (S),S,Peck,drilling,roughing,plunge,0.859,2,34,153,0,0.0013,0.41,0,0.8591,flood,0,130 DEG. INSERT DRILLS - PURPLE COATING (CHANGE SFM TO 75 FOR GOLD).csv
LTH-07,Okuma Multus B250II,,5000,22,Default Preset,drill,Ti-6Al-4V (S),S,Drill,drilling,roughing,conventional,0.875,2,98,430,0,0.0027,2.32,0,0.8752,flood,0,130 DEG. INSERT DRILLS - PURPLE COATING (CHANGE SFM TO 75 FOR GOLD).csv
LTH-07,Okuma Multus B250II,,5000,22,Default Preset,drill,Ti-6Al-4V (S),S,Peck,drilling,roughing,plunge,0.875,2,69,301,0,0.0013,0.81,0,0.8752,flood,0,130 DEG. INSERT DRILLS - PURPLE COATING (CHANGE SFM TO 75 FOR GOLD).csv
LTH-07,Okuma Multus B250II,,5000,22,Default Preset,drill,Inconel/Nickel (S),S,Drill,drilling,roughing,conventional,0.875,2,49,215,0,0.0027,1.16,0,0.8752,flood,0,130 DEG. INSERT DRILLS - PURPLE COATING (CHANGE SFM TO 75 FOR GOLD).csv
LTH-07,Okuma Multus B250II,,5000,22,Default Preset,drill,Inconel/Nickel (S),S,Peck,drilling,roughing,plunge,0.875,2,34,150,0,0.0013,0.4,0,0.8752,flood,0,130 DEG. INSERT DRILLS - PURPLE COATING (CHANGE SFM TO 75 FOR GOLD).csv
LTH-07,Okuma Multus B250II,,5000,22,Default Preset,drill,Ti-6Al-4V (S),S,Drill,drilling,roughing,conventional,0.893,2,98,421,0,0.0027,2.29,0,0.8929,flood,0,130 DEG. INSERT DRILLS - PURPLE COATING (CHANGE SFM TO 75 FOR GOLD).csv
LTH-07,Okuma Multus B250II,,5000,22,Default Preset,drill,Ti-6Al-4V (S),S,Peck,drilling,roughing,plunge,0.893,2,69,295,0,0.0014,0.8,0,0.8929,flood,0,130 DEG. INSERT DRILLS - PURPLE COATING (CHANGE SFM TO 75 FOR GOLD).csv
LTH-07,Okuma Multus B250II,,5000,22,Default Preset,drill,Inconel/Nickel (S),S,Drill,drilling,roughing,conventional,0.893,2,49,211,0,0.0027,1.15,0,0.8929,flood,0,130 DEG. INSERT DRILLS - PURPLE COATING (CHANGE SFM TO 75 FOR GOLD).csv
LTH-07,Okuma Multus B250II,,5000,22,Default Preset,drill,Inconel/Nickel (S),S,Peck,drilling,roughing,plunge,0.893,2,34,147,0,0.0014,0.4,0,0.8929,flood,0,130 DEG. INSERT DRILLS - PURPLE COATING (CHANGE SFM TO 75 FOR GOLD).csv
LTH-07,Okuma Multus B250II,,5000,22,Default Preset,drill,Ti-6Al-4V (S),S,Drill,drilling,roughing,conventional,0.906,2,98,415,0,0.0027,2.27,0,0.9059,flood,0,130 DEG. INSERT DRILLS - PURPLE COATING (CHANGE SFM TO 75 FOR GOLD).csv
LTH-07,Okuma Multus B250II,,5000,22,Default Preset,drill,Ti-6Al-4V (S),S,Peck,drilling,roughing,plunge,0.906,2,69,290,0,0.0014,0.79,0,0.9059,flood,0,130 DEG. INSERT DRILLS - PURPLE COATING (CHANGE SFM TO 75 FOR GOLD).csv
LTH-07,Okuma Multus B250II,,5000,22,Default Preset,drill,Inconel/Nickel (S),S,Drill,drilling,roughing,conventional,0.906,2,49,207,0,0.0027,1.13,0,0.9059,flood,0,130 DEG. INSERT DRILLS - PURPLE COATING (CHANGE SFM TO 75 FOR GOLD).csv
LTH-07,Okuma Multus B250II,,5000,22,Default Preset,drill,Inconel/Nickel (S),S,Peck,drilling,roughing,plunge,0.906,2,34,145,0,0.0014,0.4,0,0.9059,flood,0,130 DEG. INSERT DRILLS - PURPLE COATING (CHANGE SFM TO 75 FOR GOLD).csv
LTH-07,Okuma Multus B250II,,5000,22,Default Preset,drill,Ti-6Al-4V (S),S,Drill,drilling,roughing,conventional,0.925,2,98,406,0,0.0028,2.24,0,0.9252,flood,0,130 DEG. INSERT DRILLS - PURPLE COATING (CHANGE SFM TO 75 FOR GOLD).csv
LTH-07,Okuma Multus B250II,,5000,22,Default Preset,drill,Ti-6Al-4V (S),S,Peck,drilling,roughing,plunge,0.925,2,69,285,0,0.0014,0.79,0,0.9252,flood,0,130 DEG. INSERT DRILLS - PURPLE COATING (CHANGE SFM TO 75 FOR GOLD).csv
LTH-07,Okuma Multus B250II,,5000,22,Default Preset,drill,Inconel/Nickel (S),S,Drill,drilling,roughing,conventional,0.925,2,49,203,0,0.0028,1.12,0,0.9252,flood,0,130 DEG. INSERT DRILLS - PURPLE COATING (CHANGE SFM TO 75 FOR GOLD).csv
LTH-07,Okuma Multus B250II,,5000,22,Default Preset,drill,Inconel/Nickel (S),S,Peck,drilling,roughing,plunge,0.925,2,34,142,0,0.0014,0.39,0,0.9252,flood,0,130 DEG. INSERT DRILLS - PURPLE COATING (CHANGE SFM TO 75 FOR GOLD).csv
LTH-07,Okuma Multus B250II,,5000,22,Default Preset,drill,Ti-6Al-4V (S),S,Drill,drilling,roughing,conventional,0.9375,2,98,401,0,0.0028,2.23,0,0.9374,flood,0,130 DEG. INSERT DRILLS - PURPLE COATING (CHANGE SFM TO 75 FOR GOLD).csv
LTH-07,Okuma Multus B250II,,5000,22,Default Preset,drill,Ti-6Al-4V (S),S,Peck,drilling,roughing,plunge,0.9375,2,69,281,0,0.0014,0.78,0,0.9374,flood,0,130 DEG. INSERT DRILLS - PURPLE COATING (CHANGE SFM TO 75 FOR GOLD).csv
LTH-07,Okuma Multus B250II,,5000,22,Default Preset,drill,Inconel/Nickel (S),S,Drill,drilling,roughing,conventional,0.9375,2,49,201,0,0.0028,1.12,0,0.9374,flood,0,130 DEG. INSERT DRILLS - PURPLE COATING (CHANGE SFM TO 75 FOR GOLD).csv
LTH-07,Okuma Multus B250II,,5000,22,Default Preset,drill,Inconel/Nickel (S),S,Peck,drilling,roughing,plunge,0.9375,2,34,140,0,0.0014,0.39,0,0.9374,flood,0,130 DEG. INSERT DRILLS - PURPLE COATING (CHANGE SFM TO 75 FOR GOLD).csv
LTH-07,Okuma Multus B250II,,5000,22,Default Preset,drill,Ti-6Al-4V (S),S,Drill,drilling,roughing,conventional,0.9449,2,98,398,0,0.0028,2.23,0,0.9449,flood,0,130 DEG. INSERT DRILLS - PURPLE COATING (CHANGE SFM TO 75 FOR GOLD).csv
LTH-07,Okuma Multus B250II,,5000,22,Default Preset,drill,Ti-6Al-4V (S),S,Peck,drilling,roughing,plunge,0.9449,2,69,279,0,0.0014,0.78,0,0.9449,flood,0,130 DEG. INSERT DRILLS - PURPLE COATING (CHANGE SFM TO 75 FOR GOLD).csv
LTH-07,Okuma Multus B250II,,5000,22,Default Preset,drill,Inconel/Nickel (S),S,Drill,drilling,roughing,conventional,0.9449,2,49,199,0,0.0028,1.11,0,0.9449,flood,0,130 DEG. INSERT DRILLS - PURPLE COATING (CHANGE SFM TO 75 FOR GOLD).csv
LTH-07,Okuma Multus B250II,,5000,22,Default Preset,drill,Inconel/Nickel (S),S,Peck,drilling,roughing,plunge,0.9449,2,34,139,0,0.0014,0.39,0,0.9449,flood,0,130 DEG. INSERT DRILLS - PURPLE COATING (CHANGE SFM TO 75 FOR GOLD).csv
LTH-07,Okuma Multus B250II,,5000,22,Default Preset,drill,Ti-6Al-4V (S),S,Drill,drilling,roughing,conventional,0.968,2,98,388,0,0.0028,2.2,0,0.9681,flood,0,130 DEG. INSERT DRILLS - PURPLE COATING (CHANGE SFM TO 75 FOR GOLD).csv
LTH-07,Okuma Multus B250II,,5000,22,Default Preset,drill,Ti-6Al-4V (S),S,Peck,drilling,roughing,plunge,0.968,2,69,272,0,0.0014,0.77,0,0.9681,flood,0,130 DEG. INSERT DRILLS - PURPLE COATING (CHANGE SFM TO 75 FOR GOLD).csv
LTH-07,Okuma Multus B250II,,5000,22,Default Preset,drill,Inconel/Nickel (S),S,Drill,drilling,roughing,conventional,0.968,2,49,194,0,0.0028,1.1,0,0.9681,flood,0,130 DEG. INSERT DRILLS - PURPLE COATING (CHANGE SFM TO 75 FOR GOLD).csv
LTH-07,Okuma Multus B250II,,5000,22,Default Preset,drill,Inconel/Nickel (S),S,Peck,drilling,roughing,plunge,0.968,2,34,136,0,0.0014,0.39,0,0.9681,flood,0,130 DEG. INSERT DRILLS - PURPLE COATING (CHANGE SFM TO 75 FOR GOLD).csv
LTH-07,Okuma Multus B250II,,5000,22,Default Preset,drill,Ti-6Al-4V (S),S,Drill,drilling,roughing,conventional,0.981,2,98,383,0,0.0029,2.19,0,0.9811,flood,0,130 DEG. INSERT DRILLS - PURPLE COATING (CHANGE SFM TO 75 FOR GOLD).csv
LTH-07,Okuma Multus B250II,,5000,22,Default Preset,drill,Ti-6Al-4V (S),S,Peck,drilling,roughing,plunge,0.981,2,69,268,0,0.0014,0.76,0,0.9811,flood,0,130 DEG. INSERT DRILLS - PURPLE COATING (CHANGE SFM TO 75 FOR GOLD).csv
LTH-07,Okuma Multus B250II,,5000,22,Default Preset,drill,Inconel/Nickel (S),S,Drill,drilling,roughing,conventional,0.981,2,49,192,0,0.0029,1.1,0,0.9811,flood,0,130 DEG. INSERT DRILLS - PURPLE COATING (CHANGE SFM TO 75 FOR GOLD).csv
LTH-07,Okuma Multus B250II,,5000,22,Default Preset,drill,Inconel/Nickel (S),S,Peck,drilling,roughing,plunge,0.981,2,34,134,0,0.0014,0.38,0,0.9811,flood,0,130 DEG. INSERT DRILLS - PURPLE COATING (CHANGE SFM TO 75 FOR GOLD).csv
LTH-07,Okuma Multus B250II,,5000,22,Default Preset,drill,Ti-6Al-4V (S),S,Drill,drilling,roughing,conventional,0.984,2,98,382,0,0.0029,2.18,0,0.9839,flood,0,130 DEG. INSERT DRILLS - PURPLE COATING (CHANGE SFM TO 75 FOR GOLD).csv
LTH-07,Okuma Multus B250II,,5000,22,Default Preset,drill,Ti-6Al-4V (S),S,Peck,drilling,roughing,plunge,0.984,2,69,267,0,0.0014,0.76,0,0.9839,flood,0,130 DEG. INSERT DRILLS - PURPLE COATING (CHANGE SFM TO 75 FOR GOLD).csv
LTH-07,Okuma Multus B250II,,5000,22,Default Preset,drill,Inconel/Nickel (S),S,Drill,drilling,roughing,conventional,0.984,2,49,191,0,0.0029,1.09,0,0.9839,flood,0,130 DEG. INSERT DRILLS - PURPLE COATING (CHANGE SFM TO 75 FOR GOLD).csv
LTH-07,Okuma Multus B250II,,5000,22,Default Preset,drill,Inconel/Nickel (S),S,Peck,drilling,roughing,plunge,0.984,2,34,134,0,0.0014,0.38,0,0.9839,flood,0,130 DEG. INSERT DRILLS - PURPLE COATING (CHANGE SFM TO 75 FOR GOLD).csv
LTH-07,Okuma Multus B250II,,5000,22,Default Preset,drill,Ti-6Al-4V (S),S,Drill,drilling,roughing,conventional,1,2,98,376,0,0.0029,2.16,0,1,flood,0,130 DEG. INSERT DRILLS - PURPLE COATING (CHANGE SFM TO 75 FOR GOLD).csv
LTH-07,Okuma Multus B250II,,5000,22,Default Preset,drill,Ti-6Al-4V (S),S,Peck,drilling,roughing,plunge,1,2,69,263,0,0.0014,0.76,0,1,flood,0,130 DEG. INSERT DRILLS - PURPLE COATING (CHANGE SFM TO 75 FOR GOLD).csv
LTH-07,Okuma Multus B250II,,5000,22,Default Preset,drill,Inconel/Nickel (S),S,Drill,drilling,roughing,conventional,1,2,49,188,0,0.0029,1.08,0,1,flood,0,130 DEG. INSERT DRILLS - PURPLE COATING (CHANGE SFM TO 75 FOR GOLD).csv
LTH-07,Okuma Multus B250II,,5000,22,Default Preset,drill,Inconel/Nickel (S),S,Peck,drilling,roughing,plunge,1,2,34,132,0,0.0014,0.38,0,1,flood,0,130 DEG. INSERT DRILLS - PURPLE COATING (CHANGE SFM TO 75 FOR GOLD).csv
LTH-07,Okuma Multus B250II,,5000,22,Default Preset,drill,Ti-6Al-4V (S),S,Drill,drilling,roughing,conventional,1.063,2,98,354,0,0.0029,2.08,0,1.063,flood,0,130 DEG. INSERT DRILLS - PURPLE COATING (CHANGE SFM TO 75 FOR GOLD).csv
LTH-07,Okuma Multus B250II,,5000,22,Default Preset,drill,Ti-6Al-4V (S),S,Peck,drilling,roughing,plunge,1.063,2,69,248,0,0.0015,0.73,0,1.063,flood,0,130 DEG. INSERT DRILLS - PURPLE COATING (CHANGE SFM TO 75 FOR GOLD).csv
LTH-07,Okuma Multus B250II,,5000,22,Default Preset,drill,Inconel/Nickel (S),S,Drill,drilling,roughing,conventional,1.063,2,49,177,0,0.0029,1.04,0,1.063,flood,0,130 DEG. INSERT DRILLS - PURPLE COATING (CHANGE SFM TO 75 FOR GOLD).csv
LTH-07,Okuma Multus B250II,,5000,22,Default Preset,drill,Inconel/Nickel (S),S,Peck,drilling,roughing,plunge,1.063,2,34,124,0,0.0015,0.36,0,1.063,flood,0,130 DEG. INSERT DRILLS - PURPLE COATING (CHANGE SFM TO 75 FOR GOLD).csv
LTH-07,Okuma Multus B250II,,5000,22,Default Preset,drill,Ti-6Al-4V (S),S,Drill,drilling,roughing,conventional,1.093,2,98,344,0,0.003,2.05,0,1.0929,flood,0,130 DEG. INSERT DRILLS - PURPLE COATING (CHANGE SFM TO 75 FOR GOLD).csv
LTH-07,Okuma Multus B250II,,5000,22,Default Preset,drill,Ti-6Al-4V (S),S,Peck,drilling,roughing,plunge,1.093,2,69,241,0,0.0015,0.72,0,1.0929,flood,0,130 DEG. INSERT DRILLS - PURPLE COATING (CHANGE SFM TO 75 FOR GOLD).csv
LTH-07,Okuma Multus B250II,,5000,22,Default Preset,drill,Inconel/Nickel (S),S,Drill,drilling,roughing,conventional,1.093,2,49,172,0,0.003,1.02,0,1.0929,flood,0,130 DEG. INSERT DRILLS - PURPLE COATING (CHANGE SFM TO 75 FOR GOLD).csv
LTH-07,Okuma Multus B250II,,5000,22,Default Preset,drill,Inconel/Nickel (S),S,Peck,drilling,roughing,plunge,1.093,2,34,120,0,0.0015,0.36,0,1.0929,flood,0,130 DEG. INSERT DRILLS - PURPLE COATING (CHANGE SFM TO 75 FOR GOLD).csv
LTH-07,Okuma Multus B250II,,5000,22,Default Preset,drill,Ti-6Al-4V (S),S,Drill,drilling,roughing,conventional,1.156,2,98,325,0,0.003,1.97,0,1.1559,flood,0,130 DEG. INSERT DRILLS - PURPLE COATING (CHANGE SFM TO 75 FOR GOLD).csv
LTH-07,Okuma Multus B250II,,5000,22,Default Preset,drill,Ti-6Al-4V (S),S,Peck,drilling,roughing,plunge,1.156,2,69,228,0,0.0015,0.69,0,1.1559,flood,0,130 DEG. INSERT DRILLS - PURPLE COATING (CHANGE SFM TO 75 FOR GOLD).csv
LTH-07,Okuma Multus B250II,,5000,22,Default Preset,drill,Inconel/Nickel (S),S,Drill,drilling,roughing,conventional,1.156,2,49,163,0,0.003,0.99,0,1.1559,flood,0,130 DEG. INSERT DRILLS - PURPLE COATING (CHANGE SFM TO 75 FOR GOLD).csv
LTH-07,Okuma Multus B250II,,5000,22,Default Preset,drill,Inconel/Nickel (S),S,Peck,drilling,roughing,plunge,1.156,2,34,114,0,0.0015,0.35,0,1.1559,flood,0,130 DEG. INSERT DRILLS - PURPLE COATING (CHANGE SFM TO 75 FOR GOLD).csv
LTH-07,Okuma Multus B250II,,5000,22,Default Preset,drill,Ti-6Al-4V (S),S,Drill,drilling,roughing,conventional,1.218,2,98,309,0,0.0031,1.92,0,1.2181,flood,0,130 DEG. INSERT DRILLS - PURPLE COATING (CHANGE SFM TO 75 FOR GOLD).csv
LTH-07,Okuma Multus B250II,,5000,22,Default Preset,drill,Ti-6Al-4V (S),S,Peck,drilling,roughing,plunge,1.218,2,69,216,0,0.0016,0.67,0,1.2181,flood,0,130 DEG. INSERT DRILLS - PURPLE COATING (CHANGE SFM TO 75 FOR GOLD).csv
LTH-07,Okuma Multus B250II,,5000,22,Default Preset,drill,Inconel/Nickel (S),S,Drill,drilling,roughing,conventional,1.218,2,49,154,0,0.0031,0.96,0,1.2181,flood,0,130 DEG. INSERT DRILLS - PURPLE COATING (CHANGE SFM TO 75 FOR GOLD).csv
LTH-07,Okuma Multus B250II,,5000,22,Default Preset,drill,Inconel/Nickel (S),S,Peck,drilling,roughing,plunge,1.218,2,34,108,0,0.0016,0.34,0,1.2181,flood,0,130 DEG. INSERT DRILLS - PURPLE COATING (CHANGE SFM TO 75 FOR GOLD).csv
LTH-07,Okuma Multus B250II,,5000,22,Default Preset,drill,Ti-6Al-4V (S),S,Drill,drilling,roughing,conventional,1.281,2,98,293,0,0.0032,1.86,0,1.2811,flood,0,130 DEG. INSERT DRILLS - PURPLE COATING (CHANGE SFM TO 75 FOR GOLD).csv
LTH-07,Okuma Multus B250II,,5000,22,Default Preset,drill,Ti-6Al-4V (S),S,Peck,drilling,roughing,plunge,1.281,2,69,205,0,0.0016,0.65,0,1.2811,flood,0,130 DEG. INSERT DRILLS - PURPLE COATING (CHANGE SFM TO 75 FOR GOLD).csv
LTH-07,Okuma Multus B250II,,5000,22,Default Preset,drill,Inconel/Nickel (S),S,Drill,drilling,roughing,conventional,1.281,2,49,147,0,0.0032,0.93,0,1.2811,flood,0,130 DEG. INSERT DRILLS - PURPLE COATING (CHANGE SFM TO 75 FOR GOLD).csv
LTH-07,Okuma Multus B250II,,5000,22,Default Preset,drill,Inconel/Nickel (S),S,Peck,drilling,roughing,plunge,1.281,2,34,103,0,0.0016,0.33,0,1.2811,flood,0,130 DEG. INSERT DRILLS - PURPLE COATING (CHANGE SFM TO 75 FOR GOLD).csv
LTH-07,Okuma Multus B250II,,5000,22,Default Preset,drill,Ti-6Al-4V (S),S,Drill,drilling,roughing,conventional,1.3125,2,98,286,0,0.0032,1.84,0,1.3126,flood,0,130 DEG. INSERT DRILLS - PURPLE COATING (CHANGE SFM TO 75 FOR GOLD).csv
LTH-07,Okuma Multus B250II,,5000,22,Default Preset,drill,Ti-6Al-4V (S),S,Peck,drilling,roughing,plunge,1.3125,2,69,201,0,0.0016,0.64,0,1.3126,flood,0,130 DEG. INSERT DRILLS - PURPLE COATING (CHANGE SFM TO 75 FOR GOLD).csv
LTH-07,Okuma Multus B250II,,5000,22,Default Preset,drill,Inconel/Nickel (S),S,Drill,drilling,roughing,conventional,1.3125,2,49,143,0,0.0032,0.92,0,1.3126,flood,0,130 DEG. INSERT DRILLS - PURPLE COATING (CHANGE SFM TO 75 FOR GOLD).csv
LTH-07,Okuma Multus B250II,,5000,22,Default Preset,drill,Inconel/Nickel (S),S,Peck,drilling,roughing,plunge,1.3125,2,34,100,0,0.0016,0.32,0,1.3126,flood,0,130 DEG. INSERT DRILLS - PURPLE COATING (CHANGE SFM TO 75 FOR GOLD).csv
LTH-07,Okuma Multus B250II,,5000,22,Default Preset,drill,Ti-6Al-4V (S),S,Drill,drilling,roughing,conventional,1.35,2,98,278,0,0.0032,1.79,0,1.35,flood,0,130 DEG. INSERT DRILLS - PURPLE COATING (CHANGE SFM TO 75 FOR GOLD).csv
LTH-07,Okuma Multus B250II,,5000,22,Default Preset,drill,Ti-6Al-4V (S),S,Peck,drilling,roughing,plunge,1.35,2,69,195,0,0.0016,0.63,0,1.35,flood,0,130 DEG. INSERT DRILLS - PURPLE COATING (CHANGE SFM TO 75 FOR GOLD).csv
LTH-07,Okuma Multus B250II,,5000,22,Default Preset,drill,Inconel/Nickel (S),S,Drill,drilling,roughing,conventional,1.35,2,49,139,0,0.0032,0.9,0,1.35,flood,0,130 DEG. INSERT DRILLS - PURPLE COATING (CHANGE SFM TO 75 FOR GOLD).csv
LTH-07,Okuma Multus B250II,,5000,22,Default Preset,drill,Inconel/Nickel (S),S,Peck,drilling,roughing,plunge,1.35,2,34,97,0,0.0016,0.31,0,1.35,flood,0,130 DEG. INSERT DRILLS - PURPLE COATING (CHANGE SFM TO 75 FOR GOLD).csv
LTH-07,Okuma Multus B250II,,5000,22,Default Preset,drill,Ti-6Al-4V (S),S,Drill,drilling,roughing,conventional,1.406,2,98,267,0,0.0033,1.76,0,1.4059,flood,0,130 DEG. INSERT DRILLS - PURPLE COATING (CHANGE SFM TO 75 FOR GOLD).csv
LTH-07,Okuma Multus B250II,,5000,22,Default Preset,drill,Ti-6Al-4V (S),S,Peck,drilling,roughing,plunge,1.406,2,69,187,0,0.0016,0.61,0,1.4059,flood,0,130 DEG. INSERT DRILLS - PURPLE COATING (CHANGE SFM TO 75 FOR GOLD).csv
LTH-07,Okuma Multus B250II,,5000,22,Default Preset,drill,Inconel/Nickel (S),S,Drill,drilling,roughing,conventional,1.406,2,49,134,0,0.0033,0.88,0,1.4059,flood,0,130 DEG. INSERT DRILLS - PURPLE COATING (CHANGE SFM TO 75 FOR GOLD).csv
LTH-07,Okuma Multus B250II,,5000,22,Default Preset,drill,Inconel/Nickel (S),S,Peck,drilling,roughing,plunge,1.406,2,34,94,0,0.0016,0.31,0,1.4059,flood,0,130 DEG. INSERT DRILLS - PURPLE COATING (CHANGE SFM TO 75 FOR GOLD).csv
LTH-07,Okuma Multus B250II,,5000,22,Default Preset,drill,Ti-6Al-4V (S),S,Drill,drilling,roughing,conventional,0.5,2,98,752,0,0.002,3.05,0,0.5,flood,0,130 DEG. INSERT DRILLS - PURPLE COATING (CHANGE SFM TO 75 FOR GOLD).csv
LTH-07,Okuma Multus B250II,,5000,22,Default Preset,drill,Ti-6Al-4V (S),S,Peck,drilling,roughing,plunge,0.5,2,69,526,0,0.001,1.07,0,0.5,flood,0,130 DEG. INSERT DRILLS - PURPLE COATING (CHANGE SFM TO 75 FOR GOLD).csv
LTH-07,Okuma Multus B250II,,5000,22,Default Preset,drill,Inconel/Nickel (S),S,Drill,drilling,roughing,conventional,0.5,2,49,376,0,0.002,1.52,0,0.5,flood,0,130 DEG. INSERT DRILLS - PURPLE COATING (CHANGE SFM TO 75 FOR GOLD).csv
LTH-07,Okuma Multus B250II,,5000,22,Default Preset,drill,Inconel/Nickel (S),S,Peck,drilling,roughing,plunge,0.5,2,34,263,0,0.001,0.53,0,0.5,flood,0,130 DEG. INSERT DRILLS - PURPLE COATING (CHANGE SFM TO 75 FOR GOLD).csv
LTH-07,Okuma Multus B250II,,5000,22,Default Preset,drill,Ti-6Al-4V (S),S,Drill,drilling,roughing,conventional,0.515,2,98,730,0,0.002,2.99,0,0.515,flood,0,130 DEG. INSERT DRILLS - PURPLE COATING (CHANGE SFM TO 75 FOR GOLD).csv
LTH-07,Okuma Multus B250II,,5000,22,Default Preset,drill,Ti-6Al-4V (S),S,Peck,drilling,roughing,plunge,0.515,2,69,511,0,0.001,1.05,0,0.515,flood,0,130 DEG. INSERT DRILLS - PURPLE COATING (CHANGE SFM TO 75 FOR GOLD).csv
LTH-07,Okuma Multus B250II,,5000,22,Default Preset,drill,Inconel/Nickel (S),S,Drill,drilling,roughing,conventional,0.515,2,49,365,0,0.002,1.49,0,0.515,flood,0,130 DEG. INSERT DRILLS - PURPLE COATING (CHANGE SFM TO 75 FOR GOLD).csv
LTH-07,Okuma Multus B250II,,5000,22,Default Preset,drill,Inconel/Nickel (S),S,Peck,drilling,roughing,plunge,0.515,2,34,256,0,0.001,0.52,0,0.515,flood,0,130 DEG. INSERT DRILLS - PURPLE COATING (CHANGE SFM TO 75 FOR GOLD).csv
LTH-07,Okuma Multus B250II,,5000,22,Default Preset,drill,Ti-6Al-4V (S),S,Drill,drilling,roughing,conventional,0.868,2,98,433,0,0.0027,2.32,0,0.8681,flood,0,130 DEG. INSERT DRILLS - PURPLE COATING (CHANGE SFM TO 75 FOR GOLD).csv
LTH-07,Okuma Multus B250II,,5000,22,Default Preset,drill,Ti-6Al-4V (S),S,Peck,drilling,roughing,plunge,0.868,2,69,303,0,0.0013,0.81,0,0.8681,flood,0,130 DEG. INSERT DRILLS - PURPLE COATING (CHANGE SFM TO 75 FOR GOLD).csv
LTH-07,Okuma Multus B250II,,5000,22,Default Preset,drill,Inconel/Nickel (S),S,Drill,drilling,roughing,conventional,0.868,2,49,217,0,0.0027,1.16,0,0.8681,flood,0,130 DEG. INSERT DRILLS - PURPLE COATING (CHANGE SFM TO 75 FOR GOLD).csv
LTH-07,Okuma Multus B250II,,5000,22,Default Preset,drill,Inconel/Nickel (S),S,Peck,drilling,roughing,plunge,0.868,2,34,152,0,0.0013,0.41,0,0.8681,flood,0,130 DEG. INSERT DRILLS - PURPLE COATING (CHANGE SFM TO 75 FOR GOLD).csv
LTH-07,Okuma Multus B250II,,5000,22,Default Preset,drill,Ti-6Al-4V (S),S,Drill,drilling,roughing,conventional,1.015,2,98,370,0,0.0029,2.14,0,1.015,flood,0,130 DEG. INSERT DRILLS - PURPLE COATING (CHANGE SFM TO 75 FOR GOLD).csv
LTH-07,Okuma Multus B250II,,5000,22,Default Preset,drill,Ti-6Al-4V (S),S,Peck,drilling,roughing,plunge,1.015,2,69,259,0,0.0014,0.75,0,1.015,flood,0,130 DEG. INSERT DRILLS - PURPLE COATING (CHANGE SFM TO 75 FOR GOLD).csv
LTH-07,Okuma Multus B250II,,5000,22,Default Preset,drill,Inconel/Nickel (S),S,Drill,drilling,roughing,conventional,1.015,2,49,185,0,0.0029,1.07,0,1.015,flood,0,130 DEG. INSERT DRILLS - PURPLE COATING (CHANGE SFM TO 75 FOR GOLD).csv
LTH-07,Okuma Multus B250II,,5000,22,Default Preset,drill,Inconel/Nickel (S),S,Peck,drilling,roughing,plunge,1.015,2,34,130,0,0.0014,0.38,0,1.015,flood,0,130 DEG. INSERT DRILLS - PURPLE COATING (CHANGE SFM TO 75 FOR GOLD).csv
LTH-07,Okuma Multus B250II,,5000,22,Default Preset,drill,Ti-6Al-4V (S),S,Drill,drilling,roughing,conventional,1.031,2,98,365,0,0.0029,2.13,0,1.0311,flood,0,130 DEG. INSERT DRILLS - PURPLE COATING (CHANGE SFM TO 75 FOR GOLD).csv
LTH-07,Okuma Multus B250II,,5000,22,Default Preset,drill,Ti-6Al-4V (S),S,Peck,drilling,roughing,plunge,1.031,2,69,255,0,0.0015,0.74,0,1.0311,flood,0,130 DEG. INSERT DRILLS - PURPLE COATING (CHANGE SFM TO 75 FOR GOLD).csv
LTH-07,Okuma Multus B250II,,5000,22,Default Preset,drill,Inconel/Nickel (S),S,Drill,drilling,roughing,conventional,1.031,2,49,182,0,0.0029,1.06,0,1.0311,flood,0,130 DEG. INSERT DRILLS - PURPLE COATING (CHANGE SFM TO 75 FOR GOLD).csv
LTH-07,Okuma Multus B250II,,5000,22,Default Preset,drill,Inconel/Nickel (S),S,Peck,drilling,roughing,plunge,1.031,2,34,128,0,0.0015,0.37,0,1.0311,flood,0,130 DEG. INSERT DRILLS - PURPLE COATING (CHANGE SFM TO 75 FOR GOLD).csv
LTH-07,Okuma Multus B250II,,5000,22,Default Preset,drill,Ti-6Al-4V (S),S,Drill,drilling,roughing,conventional,1.125,2,98,334,0,0.003,2.01,0,1.1252,flood,0,130 DEG. INSERT DRILLS - PURPLE COATING (CHANGE SFM TO 75 FOR GOLD).csv
LTH-07,Okuma Multus B250II,,5000,22,Default Preset,drill,Ti-6Al-4V (S),S,Peck,drilling,roughing,plunge,1.125,2,69,234,0,0.0015,0.7,0,1.1252,flood,0,130 DEG. INSERT DRILLS - PURPLE COATING (CHANGE SFM TO 75 FOR GOLD).csv
LTH-07,Okuma Multus B250II,,5000,22,Default Preset,drill,Inconel/Nickel (S),S,Drill,drilling,roughing,conventional,1.125,2,49,167,0,0.003,1.01,0,1.1252,flood,0,130 DEG. INSERT DRILLS - PURPLE COATING (CHANGE SFM TO 75 FOR GOLD).csv
LTH-07,Okuma Multus B250II,,5000,22,Default Preset,drill,Inconel/Nickel (S),S,Peck,drilling,roughing,plunge,1.125,2,34,117,0,0.0015,0.35,0,1.1252,flood,0,130 DEG. INSERT DRILLS - PURPLE COATING (CHANGE SFM TO 75 FOR GOLD).csv
LTH-07,Okuma Multus B250II,,5000,22,Default Preset,drill,Ti-6Al-4V (S),S,Drill,drilling,roughing,conventional,1.1875,2,98,317,0,0.0031,1.95,0,1.1874,flood,0,130 DEG. INSERT DRILLS - PURPLE COATING (CHANGE SFM TO 75 FOR GOLD).csv
LTH-07,Okuma Multus B250II,,5000,22,Default Preset,drill,Ti-6Al-4V (S),S,Peck,drilling,roughing,plunge,1.1875,2,69,222,0,0.0015,0.68,0,1.1874,flood,0,130 DEG. INSERT DRILLS - PURPLE COATING (CHANGE SFM TO 75 FOR GOLD).csv
LTH-07,Okuma Multus B250II,,5000,22,Default Preset,drill,Inconel/Nickel (S),S,Drill,drilling,roughing,conventional,1.1875,2,49,158,0,0.0031,0.97,0,1.1874,flood,0,130 DEG. INSERT DRILLS - PURPLE COATING (CHANGE SFM TO 75 FOR GOLD).csv
LTH-07,Okuma Multus B250II,,5000,22,Default Preset,drill,Inconel/Nickel (S),S,Peck,drilling,roughing,plunge,1.1875,2,34,111,0,0.0015,0.34,0,1.1874,flood,0,130 DEG. INSERT DRILLS - PURPLE COATING (CHANGE SFM TO 75 FOR GOLD).csv
LTH-07,Okuma Multus B250II,,5000,22,Default Preset,drill,Ti-6Al-4V (S),S,Drill,drilling,roughing,conventional,1.234,2,98,305,0,0.0031,1.91,0,1.2339,flood,0,130 DEG. INSERT DRILLS - PURPLE COATING (CHANGE SFM TO 75 FOR GOLD).csv
LTH-07,Okuma Multus B250II,,5000,22,Default Preset,drill,Ti-6Al-4V (S),S,Peck,drilling,roughing,plunge,1.234,2,69,213,0,0.0016,0.67,0,1.2339,flood,0,130 DEG. INSERT DRILLS - PURPLE COATING (CHANGE SFM TO 75 FOR GOLD).csv
LTH-07,Okuma Multus B250II,,5000,22,Default Preset,drill,Inconel/Nickel (S),S,Drill,drilling,roughing,conventional,1.234,2,49,152,0,0.0031,0.95,0,1.2339,flood,0,130 DEG. INSERT DRILLS - PURPLE COATING (CHANGE SFM TO 75 FOR GOLD).csv
LTH-07,Okuma Multus B250II,,5000,22,Default Preset,drill,Inconel/Nickel (S),S,Peck,drilling,roughing,plunge,1.234,2,34,107,0,0.0016,0.33,0,1.2339,flood,0,130 DEG. INSERT DRILLS - PURPLE COATING (CHANGE SFM TO 75 FOR GOLD).csv
LTH-07,Okuma Multus B250II,,5000,22,Default Preset,drill,Ti-6Al-4V (S),S,Drill,drilling,roughing,conventional,1.375,2,98,273,0,0.0032,1.77,0,1.3748,flood,0,130 DEG. INSERT DRILLS - PURPLE COATING (CHANGE SFM TO 75 FOR GOLD).csv
LTH-07,Okuma Multus B250II,,5000,22,Default Preset,drill,Ti-6Al-4V (S),S,Peck,drilling,roughing,plunge,1.375,2,69,191,0,0.0016,0.62,0,1.3748,flood,0,130 DEG. INSERT DRILLS - PURPLE COATING (CHANGE SFM TO 75 FOR GOLD).csv
LTH-07,Okuma Multus B250II,,5000,22,Default Preset,drill,Inconel/Nickel (S),S,Drill,drilling,roughing,conventional,1.375,2,49,137,0,0.0032,0.89,0,1.3748,flood,0,130 DEG. INSERT DRILLS - PURPLE COATING (CHANGE SFM TO 75 FOR GOLD).csv
LTH-07,Okuma Multus B250II,,5000,22,Default Preset,drill,Inconel/Nickel (S),S,Peck,drilling,roughing,plunge,1.375,2,34,96,0,0.0016,0.31,0,1.3748,flood,0,130 DEG. INSERT DRILLS - PURPLE COATING (CHANGE SFM TO 75 FOR GOLD).csv
LTH-07,Okuma Multus B250II,,5000,22,Default Preset,drill,Ti-6Al-4V (S),S,Drill,drilling,roughing,conventional,1.5,2,98,251,0,0.0034,1.69,0,1.5,flood,0,130 DEG. INSERT DRILLS - PURPLE COATING (CHANGE SFM TO 75 FOR GOLD).csv
LTH-07,Okuma Multus B250II,,5000,22,Default Preset,drill,Ti-6Al-4V (S),S,Peck,drilling,roughing,plunge,1.5,2,69,175,0,0.0017,0.59,0,1.5,flood,0,130 DEG. INSERT DRILLS - PURPLE COATING (CHANGE SFM TO 75 FOR GOLD).csv
LTH-07,Okuma Multus B250II,,5000,22,Default Preset,drill,Inconel/Nickel (S),S,Drill,drilling,roughing,conventional,1.5,2,49,125,0,0.0034,0.84,0,1.5,flood,0,130 DEG. INSERT DRILLS - PURPLE COATING (CHANGE SFM TO 75 FOR GOLD).csv
LTH-07,Okuma Multus B250II,,5000,22,Default Preset,drill,Inconel/Nickel (S),S,Peck,drilling,roughing,plunge,1.5,2,34,88,0,0.0017,0.3,0,1.5,flood,0,130 DEG. INSERT DRILLS - PURPLE COATING (CHANGE SFM TO 75 FOR GOLD).csv
LTH-07,Okuma Multus B250II,,5000,22,Default Preset,drill,Ti-6Al-4V (S),S,Drill,drilling,roughing,conventional,0.4375,2,98,859,0,0.0018,3.15,0,0.4374,flood,0,180 DEG. INSERT DRILLS (FLAT).csv
LTH-07,Okuma Multus B250II,,5000,22,Default Preset,drill,Ti-6Al-4V (S),S,Peck,drilling,roughing,plunge,0.4375,2,69,602,0,0.0009,1.1,0,0.4374,flood,0,180 DEG. INSERT DRILLS (FLAT).csv
LTH-07,Okuma Multus B250II,,5000,22,Default Preset,drill,Inconel/Nickel (S),S,Drill,drilling,roughing,conventional,0.4375,2,49,430,0,0.0018,1.57,0,0.4374,flood,0,180 DEG. INSERT DRILLS (FLAT).csv
LTH-07,Okuma Multus B250II,,5000,22,Default Preset,drill,Inconel/Nickel (S),S,Peck,drilling,roughing,plunge,0.4375,2,34,301,0,0.0009,0.55,0,0.4374,flood,0,180 DEG. INSERT DRILLS (FLAT).csv
LTH-07,Okuma Multus B250II,,5000,22,Default Preset,drill,Ti-6Al-4V (S),S,Drill,drilling,roughing,conventional,0.4688,2,98,802,0,0.0019,3.13,0,0.4689,flood,0,180 DEG. INSERT DRILLS (FLAT).csv
LTH-07,Okuma Multus B250II,,5000,22,Default Preset,drill,Ti-6Al-4V (S),S,Peck,drilling,roughing,plunge,0.4688,2,69,561,0,0.001,1.09,0,0.4689,flood,0,180 DEG. INSERT DRILLS (FLAT).csv
LTH-07,Okuma Multus B250II,,5000,22,Default Preset,drill,Inconel/Nickel (S),S,Drill,drilling,roughing,conventional,0.4688,2,49,401,0,0.0019,1.56,0,0.4689,flood,0,180 DEG. INSERT DRILLS (FLAT).csv
LTH-07,Okuma Multus B250II,,5000,22,Default Preset,drill,Inconel/Nickel (S),S,Peck,drilling,roughing,plunge,0.4688,2,34,281,0,0.001,0.55,0,0.4689,flood,0,180 DEG. INSERT DRILLS (FLAT).csv
LTH-07,Okuma Multus B250II,,5000,22,Default Preset,drill,Ti-6Al-4V (S),S,Drill,drilling,roughing,conventional,0.48,2,98,783,0,0.002,3.11,0,0.4799,flood,0,180 DEG. INSERT DRILLS (FLAT).csv
LTH-07,Okuma Multus B250II,,5000,22,Default Preset,drill,Ti-6Al-4V (S),S,Peck,drilling,roughing,plunge,0.48,2,69,548,0,0.001,1.09,0,0.4799,flood,0,180 DEG. INSERT DRILLS (FLAT).csv
LTH-07,Okuma Multus B250II,,5000,22,Default Preset,drill,Inconel/Nickel (S),S,Drill,drilling,roughing,conventional,0.48,2,49,392,0,0.002,1.56,0,0.4799,flood,0,180 DEG. INSERT DRILLS (FLAT).csv
LTH-07,Okuma Multus B250II,,5000,22,Default Preset,drill,Inconel/Nickel (S),S,Peck,drilling,roughing,plunge,0.48,2,34,274,0,0.001,0.54,0,0.4799,flood,0,180 DEG. INSERT DRILLS (FLAT).csv
LTH-07,Okuma Multus B250II,,5000,22,Default Preset,drill,Ti-6Al-4V (S),S,Drill,drilling,roughing,conventional,0.493,2,98,763,0,0.002,3.06,0,0.4929,flood,0,180 DEG. INSERT DRILLS (FLAT).csv
LTH-07,Okuma Multus B250II,,5000,22,Default Preset,drill,Ti-6Al-4V (S),S,Peck,drilling,roughing,plunge,0.493,2,69,534,0,0.001,1.07,0,0.4929,flood,0,180 DEG. INSERT DRILLS (FLAT).csv
LTH-07,Okuma Multus B250II,,5000,22,Default Preset,drill,Inconel/Nickel (S),S,Drill,drilling,roughing,conventional,0.493,2,49,381,0,0.002,1.53,0,0.4929,flood,0,180 DEG. INSERT DRILLS (FLAT).csv
LTH-07,Okuma Multus B250II,,5000,22,Default Preset,drill,Inconel/Nickel (S),S,Peck,drilling,roughing,plunge,0.493,2,34,267,0,0.001,0.54,0,0.4929,flood,0,180 DEG. INSERT DRILLS (FLAT).csv
LTH-07,Okuma Multus B250II,,5000,22,Default Preset,drill,Ti-6Al-4V (S),S,Drill,drilling,roughing,conventional,0.5,2,98,752,0,0.002,3.05,0,0.5,flood,0,180 DEG. INSERT DRILLS (FLAT).csv
LTH-07,Okuma Multus B250II,,5000,22,Default Preset,drill,Ti-6Al-4V (S),S,Peck,drilling,roughing,plunge,0.5,2,69,526,0,0.001,1.07,0,0.5,flood,0,180 DEG. INSERT DRILLS (FLAT).csv
LTH-07,Okuma Multus B250II,,5000,22,Default Preset,drill,Inconel/Nickel (S),S,Drill,drilling,roughing,conventional,0.5,2,49,376,0,0.002,1.52,0,0.5,flood,0,180 DEG. INSERT DRILLS (FLAT).csv
LTH-07,Okuma Multus B250II,,5000,22,Default Preset,drill,Inconel/Nickel (S),S,Peck,drilling,roughing,plunge,0.5,2,34,263,0,0.001,0.53,0,0.5,flood,0,180 DEG. INSERT DRILLS (FLAT).csv
LTH-07,Okuma Multus B250II,,5000,22,Default Preset,drill,Ti-6Al-4V (S),S,Drill,drilling,roughing,conventional,0.515,2,98,730,0,0.002,2.99,0,0.515,flood,0,180 DEG. INSERT DRILLS (FLAT).csv
LTH-07,Okuma Multus B250II,,5000,22,Default Preset,drill,Ti-6Al-4V (S),S,Peck,drilling,roughing,plunge,0.515,2,69,511,0,0.001,1.05,0,0.515,flood,0,180 DEG. INSERT DRILLS (FLAT).csv
LTH-07,Okuma Multus B250II,,5000,22,Default Preset,drill,Inconel/Nickel (S),S,Drill,drilling,roughing,conventional,0.515,2,49,365,0,0.002,1.49,0,0.515,flood,0,180 DEG. INSERT DRILLS (FLAT).csv
LTH-07,Okuma Multus B250II,,5000,22,Default Preset,drill,Inconel/Nickel (S),S,Peck,drilling,roughing,plunge,0.515,2,34,256,0,0.001,0.52,0,0.515,flood,0,180 DEG. INSERT DRILLS (FLAT).csv
LTH-07,Okuma Multus B250II,,5000,22,Default Preset,drill,Ti-6Al-4V (S),S,Drill,drilling,roughing,conventional,0.531,2,98,708,0,0.0021,2.95,0,0.5311,flood,0,180 DEG. INSERT DRILLS (FLAT).csv
LTH-07,Okuma Multus B250II,,5000,22,Default Preset,drill,Ti-6Al-4V (S),S,Peck,drilling,roughing,plunge,0.531,2,69,496,0,0.001,1.03,0,0.5311,flood,0,180 DEG. INSERT DRILLS (FLAT).csv
LTH-07,Okuma Multus B250II,,5000,22,Default Preset,drill,Inconel/Nickel (S),S,Drill,drilling,roughing,conventional,0.531,2,49,354,0,0.0021,1.48,0,0.5311,flood,0,180 DEG. INSERT DRILLS (FLAT).csv
LTH-07,Okuma Multus B250II,,5000,22,Default Preset,drill,Inconel/Nickel (S),S,Peck,drilling,roughing,plunge,0.531,2,34,248,0,0.001,0.52,0,0.5311,flood,0,180 DEG. INSERT DRILLS (FLAT).csv
LTH-07,Okuma Multus B250II,,5000,22,Default Preset,drill,Ti-6Al-4V (S),S,Drill,drilling,roughing,conventional,0.5625,2,98,668,0,0.0021,2.87,0,0.5626,flood,0,180 DEG. INSERT DRILLS (FLAT).csv
LTH-07,Okuma Multus B250II,,5000,22,Default Preset,drill,Ti-6Al-4V (S),S,Peck,drilling,roughing,plunge,0.5625,2,69,468,0,0.0011,1,0,0.5626,flood,0,180 DEG. INSERT DRILLS (FLAT).csv
LTH-07,Okuma Multus B250II,,5000,22,Default Preset,drill,Inconel/Nickel (S),S,Drill,drilling,roughing,conventional,0.5625,2,49,334,0,0.0021,1.43,0,0.5626,flood,0,180 DEG. INSERT DRILLS (FLAT).csv
LTH-07,Okuma Multus B250II,,5000,22,Default Preset,drill,Inconel/Nickel (S),S,Peck,drilling,roughing,plunge,0.5625,2,34,234,0,0.0011,0.5,0,0.5626,flood,0,180 DEG. INSERT DRILLS (FLAT).csv
LTH-07,Okuma Multus B250II,,5000,22,Default Preset,drill,Ti-6Al-4V (S),S,Drill,drilling,roughing,conventional,0.57,2,98,660,0,0.0021,2.83,0,0.5701,flood,0,180 DEG. INSERT DRILLS (FLAT).csv
LTH-07,Okuma Multus B250II,,5000,22,Default Preset,drill,Ti-6Al-4V (S),S,Peck,drilling,roughing,plunge,0.57,2,69,462,0,0.0011,0.99,0,0.5701,flood,0,180 DEG. INSERT DRILLS (FLAT).csv
LTH-07,Okuma Multus B250II,,5000,22,Default Preset,drill,Inconel/Nickel (S),S,Drill,drilling,roughing,conventional,0.57,2,49,330,0,0.0021,1.42,0,0.5701,flood,0,180 DEG. INSERT DRILLS (FLAT).csv
LTH-07,Okuma Multus B250II,,5000,22,Default Preset,drill,Inconel/Nickel (S),S,Peck,drilling,roughing,plunge,0.57,2,34,231,0,0.0011,0.5,0,0.5701,flood,0,180 DEG. INSERT DRILLS (FLAT).csv
LTH-07,Okuma Multus B250II,,5000,22,Default Preset,drill,Ti-6Al-4V (S),S,Drill,drilling,roughing,conventional,0.593,2,98,634,0,0.0022,2.77,0,0.5929,flood,0,180 DEG. INSERT DRILLS (FLAT).csv
LTH-07,Okuma Multus B250II,,5000,22,Default Preset,drill,Ti-6Al-4V (S),S,Peck,drilling,roughing,plunge,0.593,2,69,444,0,0.0011,0.97,0,0.5929,flood,0,180 DEG. INSERT DRILLS (FLAT).csv
LTH-07,Okuma Multus B250II,,5000,22,Default Preset,drill,Inconel/Nickel (S),S,Drill,drilling,roughing,conventional,0.593,2,49,317,0,0.0022,1.39,0,0.5929,flood,0,180 DEG. INSERT DRILLS (FLAT).csv
LTH-07,Okuma Multus B250II,,5000,22,Default Preset,drill,Inconel/Nickel (S),S,Peck,drilling,roughing,plunge,0.593,2,34,222,0,0.0011,0.49,0,0.5929,flood,0,180 DEG. INSERT DRILLS (FLAT).csv
LTH-07,Okuma Multus B250II,,5000,22,Default Preset,drill,Ti-6Al-4V (S),S,Drill,drilling,roughing,conventional,0.6102,2,98,616,0,0.0022,2.74,0,0.6102,flood,0,180 DEG. INSERT DRILLS (FLAT).csv
LTH-07,Okuma Multus B250II,,5000,22,Default Preset,drill,Ti-6Al-4V (S),S,Peck,drilling,roughing,plunge,0.6102,2,69,431,0,0.0011,0.96,0,0.6102,flood,0,180 DEG. INSERT DRILLS (FLAT).csv
LTH-07,Okuma Multus B250II,,5000,22,Default Preset,drill,Inconel/Nickel (S),S,Drill,drilling,roughing,conventional,0.6102,2,49,308,0,0.0022,1.37,0,0.6102,flood,0,180 DEG. INSERT DRILLS (FLAT).csv
LTH-07,Okuma Multus B250II,,5000,22,Default Preset,drill,Inconel/Nickel (S),S,Peck,drilling,roughing,plunge,0.6102,2,34,216,0,0.0011,0.48,0,0.6102,flood,0,180 DEG. INSERT DRILLS (FLAT).csv
LTH-07,Okuma Multus B250II,,5000,22,Default Preset,drill,Ti-6Al-4V (S),S,Drill,drilling,roughing,conventional,0.625,2,98,602,0,0.0023,2.73,0,0.6252,flood,0,180 DEG. INSERT DRILLS (FLAT).csv
LTH-07,Okuma Multus B250II,,5000,22,Default Preset,drill,Ti-6Al-4V (S),S,Peck,drilling,roughing,plunge,0.625,2,69,421,0,0.0011,0.95,0,0.6252,flood,0,180 DEG. INSERT DRILLS (FLAT).csv
LTH-07,Okuma Multus B250II,,5000,22,Default Preset,drill,Inconel/Nickel (S),S,Drill,drilling,roughing,conventional,0.625,2,49,301,0,0.0023,1.36,0,0.6252,flood,0,180 DEG. INSERT DRILLS (FLAT).csv
LTH-07,Okuma Multus B250II,,5000,22,Default Preset,drill,Inconel/Nickel (S),S,Peck,drilling,roughing,plunge,0.625,2,34,211,0,0.0011,0.48,0,0.6252,flood,0,180 DEG. INSERT DRILLS (FLAT).csv
LTH-07,Okuma Multus B250II,,5000,22,Default Preset,drill,Ti-6Al-4V (S),S,Drill,drilling,roughing,conventional,0.656,2,98,573,0,0.0023,2.64,0,0.6559,flood,0,180 DEG. INSERT DRILLS (FLAT).csv
LTH-07,Okuma Multus B250II,,5000,22,Default Preset,drill,Ti-6Al-4V (S),S,Peck,drilling,roughing,plunge,0.656,2,69,401,0,0.0012,0.92,0,0.6559,flood,0,180 DEG. INSERT DRILLS (FLAT).csv
LTH-07,Okuma Multus B250II,,5000,22,Default Preset,drill,Inconel/Nickel (S),S,Drill,drilling,roughing,conventional,0.656,2,49,287,0,0.0023,1.32,0,0.6559,flood,0,180 DEG. INSERT DRILLS (FLAT).csv
LTH-07,Okuma Multus B250II,,5000,22,Default Preset,drill,Inconel/Nickel (S),S,Peck,drilling,roughing,plunge,0.656,2,34,201,0,0.0012,0.46,0,0.6559,flood,0,180 DEG. INSERT DRILLS (FLAT).csv
LTH-07,Okuma Multus B250II,,5000,22,Default Preset,drill,Ti-6Al-4V (S),S,Drill,drilling,roughing,conventional,0.6875,2,98,547,0,0.0024,2.58,0,0.6874,flood,0,180 DEG. INSERT DRILLS (FLAT).csv
LTH-07,Okuma Multus B250II,,5000,22,Default Preset,drill,Ti-6Al-4V (S),S,Peck,drilling,roughing,plunge,0.6875,2,69,383,0,0.0012,0.9,0,0.6874,flood,0,180 DEG. INSERT DRILLS (FLAT).csv
LTH-07,Okuma Multus B250II,,5000,22,Default Preset,drill,Inconel/Nickel (S),S,Drill,drilling,roughing,conventional,0.6875,2,49,273,0,0.0024,1.29,0,0.6874,flood,0,180 DEG. INSERT DRILLS (FLAT).csv
LTH-07,Okuma Multus B250II,,5000,22,Default Preset,drill,Inconel/Nickel (S),S,Peck,drilling,roughing,plunge,0.6875,2,34,191,0,0.0012,0.45,0,0.6874,flood,0,180 DEG. INSERT DRILLS (FLAT).csv
LTH-07,Okuma Multus B250II,,5000,22,Default Preset,drill,Ti-6Al-4V (S),S,Drill,drilling,roughing,conventional,0.708,2,98,531,0,0.0024,2.55,0,0.7079,flood,0,180 DEG. INSERT DRILLS (FLAT).csv
LTH-07,Okuma Multus B250II,,5000,22,Default Preset,drill,Ti-6Al-4V (S),S,Peck,drilling,roughing,plunge,0.708,2,69,372,0,0.0012,0.89,0,0.7079,flood,0,180 DEG. INSERT DRILLS (FLAT).csv
LTH-07,Okuma Multus B250II,,5000,22,Default Preset,drill,Inconel/Nickel (S),S,Drill,drilling,roughing,conventional,0.708,2,49,266,0,0.0024,1.28,0,0.7079,flood,0,180 DEG. INSERT DRILLS (FLAT).csv
LTH-07,Okuma Multus B250II,,5000,22,Default Preset,drill,Inconel/Nickel (S),S,Peck,drilling,roughing,plunge,0.708,2,34,186,0,0.0012,0.45,0,0.7079,flood,0,180 DEG. INSERT DRILLS (FLAT).csv
LTH-07,Okuma Multus B250II,,5000,22,Default Preset,drill,Ti-6Al-4V (S),S,Drill,drilling,roughing,conventional,0.7188,2,98,523,0,0.0024,2.53,0,0.7189,flood,0,180 DEG. INSERT DRILLS (FLAT).csv
LTH-07,Okuma Multus B250II,,5000,22,Default Preset,drill,Ti-6Al-4V (S),S,Peck,drilling,roughing,plunge,0.7188,2,69,366,0,0.0012,0.89,0,0.7189,flood,0,180 DEG. INSERT DRILLS (FLAT).csv
LTH-07,Okuma Multus B250II,,5000,22,Default Preset,drill,Inconel/Nickel (S),S,Drill,drilling,roughing,conventional,0.7188,2,49,262,0,0.0024,1.27,0,0.7189,flood,0,180 DEG. INSERT DRILLS (FLAT).csv
LTH-07,Okuma Multus B250II,,5000,22,Default Preset,drill,Inconel/Nickel (S),S,Peck,drilling,roughing,plunge,0.7188,2,34,183,0,0.0012,0.44,0,0.7189,flood,0,180 DEG. INSERT DRILLS (FLAT).csv
LTH-07,Okuma Multus B250II,,5000,22,Default Preset,drill,Ti-6Al-4V (S),S,Drill,drilling,roughing,conventional,0.728,2,98,516,0,0.0024,2.52,0,0.728,flood,0,180 DEG. INSERT DRILLS (FLAT).csv
LTH-07,Okuma Multus B250II,,5000,22,Default Preset,drill,Ti-6Al-4V (S),S,Peck,drilling,roughing,plunge,0.728,2,69,361,0,0.0012,0.88,0,0.728,flood,0,180 DEG. INSERT DRILLS (FLAT).csv
LTH-07,Okuma Multus B250II,,5000,22,Default Preset,drill,Inconel/Nickel (S),S,Drill,drilling,roughing,conventional,0.728,2,49,258,0,0.0024,1.26,0,0.728,flood,0,180 DEG. INSERT DRILLS (FLAT).csv
LTH-07,Okuma Multus B250II,,5000,22,Default Preset,drill,Inconel/Nickel (S),S,Peck,drilling,roughing,plunge,0.728,2,34,181,0,0.0012,0.44,0,0.728,flood,0,180 DEG. INSERT DRILLS (FLAT).csv
LTH-07,Okuma Multus B250II,,5000,22,Default Preset,drill,Ti-6Al-4V (S),S,Drill,drilling,roughing,conventional,0.737,2,98,510,0,0.0025,2.51,0,0.737,flood,0,180 DEG. INSERT DRILLS (FLAT).csv
LTH-07,Okuma Multus B250II,,5000,22,Default Preset,drill,Ti-6Al-4V (S),S,Peck,drilling,roughing,plunge,0.737,2,69,357,0,0.0012,0.88,0,0.737,flood,0,180 DEG. INSERT DRILLS (FLAT).csv
LTH-07,Okuma Multus B250II,,5000,22,Default Preset,drill,Inconel/Nickel (S),S,Drill,drilling,roughing,conventional,0.737,2,49,255,0,0.0025,1.25,0,0.737,flood,0,180 DEG. INSERT DRILLS (FLAT).csv
LTH-07,Okuma Multus B250II,,5000,22,Default Preset,drill,Inconel/Nickel (S),S,Peck,drilling,roughing,plunge,0.737,2,34,179,0,0.0012,0.44,0,0.737,flood,0,180 DEG. INSERT DRILLS (FLAT).csv
LTH-07,Okuma Multus B250II,,5000,22,Default Preset,drill,Ti-6Al-4V (S),S,Drill,drilling,roughing,conventional,0.75,2,98,501,0,0.0025,2.49,0,0.75,flood,0,180 DEG. INSERT DRILLS (FLAT).csv
LTH-07,Okuma Multus B250II,,5000,22,Default Preset,drill,Ti-6Al-4V (S),S,Peck,drilling,roughing,plunge,0.75,2,69,351,0,0.0012,0.87,0,0.75,flood,0,180 DEG. INSERT DRILLS (FLAT).csv
LTH-07,Okuma Multus B250II,,5000,22,Default Preset,drill,Inconel/Nickel (S),S,Drill,drilling,roughing,conventional,0.75,2,49,251,0,0.0025,1.25,0,0.75,flood,0,180 DEG. INSERT DRILLS (FLAT).csv
LTH-07,Okuma Multus B250II,,5000,22,Default Preset,drill,Inconel/Nickel (S),S,Peck,drilling,roughing,plunge,0.75,2,34,175,0,0.0012,0.43,0,0.75,flood,0,180 DEG. INSERT DRILLS (FLAT).csv
LTH-07,Okuma Multus B250II,,5000,22,Default Preset,drill,Ti-6Al-4V (S),S,Drill,drilling,roughing,conventional,0.787,2,98,478,0,0.0026,2.45,0,0.787,flood,0,180 DEG. INSERT DRILLS (FLAT).csv
LTH-07,Okuma Multus B250II,,5000,22,Default Preset,drill,Ti-6Al-4V (S),S,Peck,drilling,roughing,plunge,0.787,2,69,334,0,0.0013,0.85,0,0.787,flood,0,180 DEG. INSERT DRILLS (FLAT).csv
LTH-07,Okuma Multus B250II,,5000,22,Default Preset,drill,Inconel/Nickel (S),S,Drill,drilling,roughing,conventional,0.787,2,49,239,0,0.0026,1.22,0,0.787,flood,0,180 DEG. INSERT DRILLS (FLAT).csv
LTH-07,Okuma Multus B250II,,5000,22,Default Preset,drill,Inconel/Nickel (S),S,Peck,drilling,roughing,plunge,0.787,2,34,167,0,0.0013,0.43,0,0.787,flood,0,180 DEG. INSERT DRILLS (FLAT).csv
LTH-07,Okuma Multus B250II,,5000,22,Default Preset,drill,Ti-6Al-4V (S),S,Drill,drilling,roughing,conventional,0.812,2,98,463,0,0.0026,2.41,0,0.8118,flood,0,180 DEG. INSERT DRILLS (FLAT).csv
LTH-07,Okuma Multus B250II,,5000,22,Default Preset,drill,Ti-6Al-4V (S),S,Peck,drilling,roughing,plunge,0.812,2,69,324,0,0.0013,0.84,0,0.8118,flood,0,180 DEG. INSERT DRILLS (FLAT).csv
LTH-07,Okuma Multus B250II,,5000,22,Default Preset,drill,Inconel/Nickel (S),S,Drill,drilling,roughing,conventional,0.812,2,49,232,0,0.0026,1.21,0,0.8118,flood,0,180 DEG. INSERT DRILLS (FLAT).csv
LTH-07,Okuma Multus B250II,,5000,22,Default Preset,drill,Inconel/Nickel (S),S,Peck,drilling,roughing,plunge,0.812,2,34,162,0,0.0013,0.42,0,0.8118,flood,0,180 DEG. INSERT DRILLS (FLAT).csv
LTH-07,Okuma Multus B250II,,5000,22,Default Preset,drill,Ti-6Al-4V (S),S,Drill,drilling,roughing,conventional,0.821,2,98,458,0,0.0026,2.4,0,0.8209,flood,0,180 DEG. INSERT DRILLS (FLAT).csv
LTH-07,Okuma Multus B250II,,5000,22,Default Preset,drill,Ti-6Al-4V (S),S,Peck,drilling,roughing,plunge,0.821,2,69,321,0,0.0013,0.84,0,0.8209,flood,0,180 DEG. INSERT DRILLS (FLAT).csv
LTH-07,Okuma Multus B250II,,5000,22,Default Preset,drill,Inconel/Nickel (S),S,Drill,drilling,roughing,conventional,0.821,2,49,229,0,0.0026,1.2,0,0.8209,flood,0,180 DEG. INSERT DRILLS (FLAT).csv
LTH-07,Okuma Multus B250II,,5000,22,Default Preset,drill,Inconel/Nickel (S),S,Peck,drilling,roughing,plunge,0.821,2,34,160,0,0.0013,0.42,0,0.8209,flood,0,180 DEG. INSERT DRILLS (FLAT).csv
LTH-07,Okuma Multus B250II,,5000,22,Default Preset,drill,Ti-6Al-4V (S),S,Drill,drilling,roughing,conventional,0.838,2,98,449,0,0.0026,2.37,0,0.8382,flood,0,180 DEG. INSERT DRILLS (FLAT).csv
LTH-07,Okuma Multus B250II,,5000,22,Default Preset,drill,Ti-6Al-4V (S),S,Peck,drilling,roughing,plunge,0.838,2,69,314,0,0.0013,0.83,0,0.8382,flood,0,180 DEG. INSERT DRILLS (FLAT).csv
LTH-07,Okuma Multus B250II,,5000,22,Default Preset,drill,Inconel/Nickel (S),S,Drill,drilling,roughing,conventional,0.838,2,49,224,0,0.0026,1.18,0,0.8382,flood,0,180 DEG. INSERT DRILLS (FLAT).csv
LTH-07,Okuma Multus B250II,,5000,22,Default Preset,drill,Inconel/Nickel (S),S,Peck,drilling,roughing,plunge,0.838,2,34,157,0,0.0013,0.41,0,0.8382,flood,0,180 DEG. INSERT DRILLS (FLAT).csv
LTH-07,Okuma Multus B250II,,5000,22,Default Preset,drill,Ti-6Al-4V (S),S,Drill,drilling,roughing,conventional,0.843,2,98,446,0,0.0026,2.35,0,0.8429,flood,0,180 DEG. INSERT DRILLS (FLAT).csv
LTH-07,Okuma Multus B250II,,5000,22,Default Preset,drill,Ti-6Al-4V (S),S,Peck,drilling,roughing,plunge,0.843,2,69,312,0,0.0013,0.82,0,0.8429,flood,0,180 DEG. INSERT DRILLS (FLAT).csv
LTH-07,Okuma Multus B250II,,5000,22,Default Preset,drill,Inconel/Nickel (S),S,Drill,drilling,roughing,conventional,0.843,2,49,223,0,0.0026,1.18,0,0.8429,flood,0,180 DEG. INSERT DRILLS (FLAT).csv
LTH-07,Okuma Multus B250II,,5000,22,Default Preset,drill,Inconel/Nickel (S),S,Peck,drilling,roughing,plunge,0.843,2,34,156,0,0.0013,0.41,0,0.8429,flood,0,180 DEG. INSERT DRILLS (FLAT).csv
LTH-07,Okuma Multus B250II,,5000,22,Default Preset,drill,Ti-6Al-4V (S),S,Drill,drilling,roughing,conventional,0.859,2,98,438,0,0.0027,2.33,0,0.8591,flood,0,180 DEG. INSERT DRILLS (FLAT).csv
LTH-07,Okuma Multus B250II,,5000,22,Default Preset,drill,Ti-6Al-4V (S),S,Peck,drilling,roughing,plunge,0.859,2,69,306,0,0.0013,0.81,0,0.8591,flood,0,180 DEG. INSERT DRILLS (FLAT).csv
LTH-07,Okuma Multus B250II,,5000,22,Default Preset,drill,Inconel/Nickel (S),S,Drill,drilling,roughing,conventional,0.859,2,49,219,0,0.0027,1.16,0,0.8591,flood,0,180 DEG. INSERT DRILLS (FLAT).csv
LTH-07,Okuma Multus B250II,,5000,22,Default Preset,drill,Inconel/Nickel (S),S,Peck,drilling,roughing,plunge,0.859,2,34,153,0,0.0013,0.41,0,0.8591,flood,0,180 DEG. INSERT DRILLS (FLAT).csv
LTH-07,Okuma Multus B250II,,5000,22,Default Preset,drill,Ti-6Al-4V (S),S,Drill,drilling,roughing,conventional,0.868,2,98,433,0,0.0027,2.32,0,0.8681,flood,0,180 DEG. INSERT DRILLS (FLAT).csv
LTH-07,Okuma Multus B250II,,5000,22,Default Preset,drill,Ti-6Al-4V (S),S,Peck,drilling,roughing,plunge,0.868,2,69,303,0,0.0013,0.81,0,0.8681,flood,0,180 DEG. INSERT DRILLS (FLAT).csv
LTH-07,Okuma Multus B250II,,5000,22,Default Preset,drill,Inconel/Nickel (S),S,Drill,drilling,roughing,conventional,0.868,2,49,217,0,0.0027,1.16,0,0.8681,flood,0,180 DEG. INSERT DRILLS (FLAT).csv
LTH-07,Okuma Multus B250II,,5000,22,Default Preset,drill,Inconel/Nickel (S),S,Peck,drilling,roughing,plunge,0.868,2,34,152,0,0.0013,0.41,0,0.8681,flood,0,180 DEG. INSERT DRILLS (FLAT).csv
LTH-07,Okuma Multus B250II,,5000,22,Default Preset,drill,Ti-6Al-4V (S),S,Drill,drilling,roughing,conventional,0.875,2,98,430,0,0.0027,2.32,0,0.8752,flood,0,180 DEG. INSERT DRILLS (FLAT).csv
LTH-07,Okuma Multus B250II,,5000,22,Default Preset,drill,Ti-6Al-4V (S),S,Peck,drilling,roughing,plunge,0.875,2,69,301,0,0.0013,0.81,0,0.8752,flood,0,180 DEG. INSERT DRILLS (FLAT).csv
LTH-07,Okuma Multus B250II,,5000,22,Default Preset,drill,Inconel/Nickel (S),S,Drill,drilling,roughing,conventional,0.875,2,49,215,0,0.0027,1.16,0,0.8752,flood,0,180 DEG. INSERT DRILLS (FLAT).csv
LTH-07,Okuma Multus B250II,,5000,22,Default Preset,drill,Inconel/Nickel (S),S,Peck,drilling,roughing,plunge,0.875,2,34,150,0,0.0013,0.4,0,0.8752,flood,0,180 DEG. INSERT DRILLS (FLAT).csv
LTH-07,Okuma Multus B250II,,5000,22,Default Preset,drill,Ti-6Al-4V (S),S,Drill,drilling,roughing,conventional,0.893,2,98,421,0,0.0027,2.29,0,0.8929,flood,0,180 DEG. INSERT DRILLS (FLAT).csv
LTH-07,Okuma Multus B250II,,5000,22,Default Preset,drill,Ti-6Al-4V (S),S,Peck,drilling,roughing,plunge,0.893,2,69,295,0,0.0014,0.8,0,0.8929,flood,0,180 DEG. INSERT DRILLS (FLAT).csv
LTH-07,Okuma Multus B250II,,5000,22,Default Preset,drill,Inconel/Nickel (S),S,Drill,drilling,roughing,conventional,0.893,2,49,211,0,0.0027,1.15,0,0.8929,flood,0,180 DEG. INSERT DRILLS (FLAT).csv
LTH-07,Okuma Multus B250II,,5000,22,Default Preset,drill,Inconel/Nickel (S),S,Peck,drilling,roughing,plunge,0.893,2,34,147,0,0.0014,0.4,0,0.8929,flood,0,180 DEG. INSERT DRILLS (FLAT).csv
LTH-07,Okuma Multus B250II,,5000,22,Default Preset,drill,Ti-6Al-4V (S),S,Drill,drilling,roughing,conventional,0.906,2,98,415,0,0.0027,2.27,0,0.9059,flood,0,180 DEG. INSERT DRILLS (FLAT).csv
LTH-07,Okuma Multus B250II,,5000,22,Default Preset,drill,Ti-6Al-4V (S),S,Peck,drilling,roughing,plunge,0.906,2,69,290,0,0.0014,0.79,0,0.9059,flood,0,180 DEG. INSERT DRILLS (FLAT).csv
LTH-07,Okuma Multus B250II,,5000,22,Default Preset,drill,Inconel/Nickel (S),S,Drill,drilling,roughing,conventional,0.906,2,49,207,0,0.0027,1.13,0,0.9059,flood,0,180 DEG. INSERT DRILLS (FLAT).csv
LTH-07,Okuma Multus B250II,,5000,22,Default Preset,drill,Inconel/Nickel (S),S,Peck,drilling,roughing,plunge,0.906,2,34,145,0,0.0014,0.4,0,0.9059,flood,0,180 DEG. INSERT DRILLS (FLAT).csv
LTH-07,Okuma Multus B250II,,5000,22,Default Preset,drill,Ti-6Al-4V (S),S,Drill,drilling,roughing,conventional,0.925,2,98,406,0,0.0028,2.24,0,0.9252,flood,0,180 DEG. INSERT DRILLS (FLAT).csv
LTH-07,Okuma Multus B250II,,5000,22,Default Preset,drill,Ti-6Al-4V (S),S,Peck,drilling,roughing,plunge,0.925,2,69,285,0,0.0014,0.79,0,0.9252,flood,0,180 DEG. INSERT DRILLS (FLAT).csv
LTH-07,Okuma Multus B250II,,5000,22,Default Preset,drill,Inconel/Nickel (S),S,Drill,drilling,roughing,conventional,0.925,2,49,203,0,0.0028,1.12,0,0.9252,flood,0,180 DEG. INSERT DRILLS (FLAT).csv
LTH-07,Okuma Multus B250II,,5000,22,Default Preset,drill,Inconel/Nickel (S),S,Peck,drilling,roughing,plunge,0.925,2,34,142,0,0.0014,0.39,0,0.9252,flood,0,180 DEG. INSERT DRILLS (FLAT).csv
LTH-07,Okuma Multus B250II,,5000,22,Default Preset,drill,Ti-6Al-4V (S),S,Drill,drilling,roughing,conventional,0.9375,2,98,401,0,0.0028,2.23,0,0.9374,flood,0,180 DEG. INSERT DRILLS (FLAT).csv
LTH-07,Okuma Multus B250II,,5000,22,Default Preset,drill,Ti-6Al-4V (S),S,Peck,drilling,roughing,plunge,0.9375,2,69,281,0,0.0014,0.78,0,0.9374,flood,0,180 DEG. INSERT DRILLS (FLAT).csv
LTH-07,Okuma Multus B250II,,5000,22,Default Preset,drill,Inconel/Nickel (S),S,Drill,drilling,roughing,conventional,0.9375,2,49,201,0,0.0028,1.12,0,0.9374,flood,0,180 DEG. INSERT DRILLS (FLAT).csv
LTH-07,Okuma Multus B250II,,5000,22,Default Preset,drill,Inconel/Nickel (S),S,Peck,drilling,roughing,plunge,0.9375,2,34,140,0,0.0014,0.39,0,0.9374,flood,0,180 DEG. INSERT DRILLS (FLAT).csv
LTH-07,Okuma Multus B250II,,5000,22,Default Preset,drill,Ti-6Al-4V (S),S,Drill,drilling,roughing,conventional,0.9449,2,98,398,0,0.0028,2.23,0,0.9449,flood,0,180 DEG. INSERT DRILLS (FLAT).csv
LTH-07,Okuma Multus B250II,,5000,22,Default Preset,drill,Ti-6Al-4V (S),S,Peck,drilling,roughing,plunge,0.9449,2,69,279,0,0.0014,0.78,0,0.9449,flood,0,180 DEG. INSERT DRILLS (FLAT).csv
LTH-07,Okuma Multus B250II,,5000,22,Default Preset,drill,Inconel/Nickel (S),S,Drill,drilling,roughing,conventional,0.9449,2,49,199,0,0.0028,1.11,0,0.9449,flood,0,180 DEG. INSERT DRILLS (FLAT).csv
LTH-07,Okuma Multus B250II,,5000,22,Default Preset,drill,Inconel/Nickel (S),S,Peck,drilling,roughing,plunge,0.9449,2,34,139,0,0.0014,0.39,0,0.9449,flood,0,180 DEG. INSERT DRILLS (FLAT).csv
LTH-07,Okuma Multus B250II,,5000,22,Default Preset,drill,Ti-6Al-4V (S),S,Drill,drilling,roughing,conventional,0.968,2,98,388,0,0.0028,2.2,0,0.9681,flood,0,180 DEG. INSERT DRILLS (FLAT).csv
LTH-07,Okuma Multus B250II,,5000,22,Default Preset,drill,Ti-6Al-4V (S),S,Peck,drilling,roughing,plunge,0.968,2,69,272,0,0.0014,0.77,0,0.9681,flood,0,180 DEG. INSERT DRILLS (FLAT).csv
LTH-07,Okuma Multus B250II,,5000,22,Default Preset,drill,Inconel/Nickel (S),S,Drill,drilling,roughing,conventional,0.968,2,49,194,0,0.0028,1.1,0,0.9681,flood,0,180 DEG. INSERT DRILLS (FLAT).csv
LTH-07,Okuma Multus B250II,,5000,22,Default Preset,drill,Inconel/Nickel (S),S,Peck,drilling,roughing,plunge,0.968,2,34,136,0,0.0014,0.39,0,0.9681,flood,0,180 DEG. INSERT DRILLS (FLAT).csv
LTH-07,Okuma Multus B250II,,5000,22,Default Preset,drill,Ti-6Al-4V (S),S,Drill,drilling,roughing,conventional,0.981,2,98,383,0,0.0029,2.19,0,0.9811,flood,0,180 DEG. INSERT DRILLS (FLAT).csv
LTH-07,Okuma Multus B250II,,5000,22,Default Preset,drill,Ti-6Al-4V (S),S,Peck,drilling,roughing,plunge,0.981,2,69,268,0,0.0014,0.76,0,0.9811,flood,0,180 DEG. INSERT DRILLS (FLAT).csv
LTH-07,Okuma Multus B250II,,5000,22,Default Preset,drill,Inconel/Nickel (S),S,Drill,drilling,roughing,conventional,0.981,2,49,192,0,0.0029,1.1,0,0.9811,flood,0,180 DEG. INSERT DRILLS (FLAT).csv
LTH-07,Okuma Multus B250II,,5000,22,Default Preset,drill,Inconel/Nickel (S),S,Peck,drilling,roughing,plunge,0.981,2,34,134,0,0.0014,0.38,0,0.9811,flood,0,180 DEG. INSERT DRILLS (FLAT).csv
LTH-07,Okuma Multus B250II,,5000,22,Default Preset,drill,Ti-6Al-4V (S),S,Drill,drilling,roughing,conventional,0.984,2,98,382,0,0.0029,2.18,0,0.9839,flood,0,180 DEG. INSERT DRILLS (FLAT).csv
LTH-07,Okuma Multus B250II,,5000,22,Default Preset,drill,Ti-6Al-4V (S),S,Peck,drilling,roughing,plunge,0.984,2,69,267,0,0.0014,0.76,0,0.9839,flood,0,180 DEG. INSERT DRILLS (FLAT).csv
LTH-07,Okuma Multus B250II,,5000,22,Default Preset,drill,Inconel/Nickel (S),S,Drill,drilling,roughing,conventional,0.984,2,49,191,0,0.0029,1.09,0,0.9839,flood,0,180 DEG. INSERT DRILLS (FLAT).csv
LTH-07,Okuma Multus B250II,,5000,22,Default Preset,drill,Inconel/Nickel (S),S,Peck,drilling,roughing,plunge,0.984,2,34,134,0,0.0014,0.38,0,0.9839,flood,0,180 DEG. INSERT DRILLS (FLAT).csv
LTH-07,Okuma Multus B250II,,5000,22,Default Preset,drill,Ti-6Al-4V (S),S,Drill,drilling,roughing,conventional,1,2,98,376,0,0.0029,2.16,0,1,flood,0,180 DEG. INSERT DRILLS (FLAT).csv
LTH-07,Okuma Multus B250II,,5000,22,Default Preset,drill,Ti-6Al-4V (S),S,Peck,drilling,roughing,plunge,1,2,69,263,0,0.0014,0.76,0,1,flood,0,180 DEG. INSERT DRILLS (FLAT).csv
LTH-07,Okuma Multus B250II,,5000,22,Default Preset,drill,Inconel/Nickel (S),S,Drill,drilling,roughing,conventional,1,2,49,188,0,0.0029,1.08,0,1,flood,0,180 DEG. INSERT DRILLS (FLAT).csv
LTH-07,Okuma Multus B250II,,5000,22,Default Preset,drill,Inconel/Nickel (S),S,Peck,drilling,roughing,plunge,1,2,34,132,0,0.0014,0.38,0,1,flood,0,180 DEG. INSERT DRILLS (FLAT).csv
LTH-07,Okuma Multus B250II,,5000,22,Default Preset,drill,Ti-6Al-4V (S),S,Drill,drilling,roughing,conventional,1.015,2,98,370,0,0.0029,2.14,0,1.015,flood,0,180 DEG. INSERT DRILLS (FLAT).csv
LTH-07,Okuma Multus B250II,,5000,22,Default Preset,drill,Ti-6Al-4V (S),S,Peck,drilling,roughing,plunge,1.015,2,69,259,0,0.0014,0.75,0,1.015,flood,0,180 DEG. INSERT DRILLS (FLAT).csv
LTH-07,Okuma Multus B250II,,5000,22,Default Preset,drill,Inconel/Nickel (S),S,Drill,drilling,roughing,conventional,1.015,2,49,185,0,0.0029,1.07,0,1.015,flood,0,180 DEG. INSERT DRILLS (FLAT).csv
LTH-07,Okuma Multus B250II,,5000,22,Default Preset,drill,Inconel/Nickel (S),S,Peck,drilling,roughing,plunge,1.015,2,34,130,0,0.0014,0.38,0,1.015,flood,0,180 DEG. INSERT DRILLS (FLAT).csv
LTH-07,Okuma Multus B250II,,5000,22,Default Preset,drill,Ti-6Al-4V (S),S,Drill,drilling,roughing,conventional,1.031,2,98,365,0,0.0029,2.13,0,1.0311,flood,0,180 DEG. INSERT DRILLS (FLAT).csv
LTH-07,Okuma Multus B250II,,5000,22,Default Preset,drill,Ti-6Al-4V (S),S,Peck,drilling,roughing,plunge,1.031,2,69,255,0,0.0015,0.74,0,1.0311,flood,0,180 DEG. INSERT DRILLS (FLAT).csv
LTH-07,Okuma Multus B250II,,5000,22,Default Preset,drill,Inconel/Nickel (S),S,Drill,drilling,roughing,conventional,1.031,2,49,182,0,0.0029,1.06,0,1.0311,flood,0,180 DEG. INSERT DRILLS (FLAT).csv
LTH-07,Okuma Multus B250II,,5000,22,Default Preset,drill,Inconel/Nickel (S),S,Peck,drilling,roughing,plunge,1.031,2,34,128,0,0.0015,0.37,0,1.0311,flood,0,180 DEG. INSERT DRILLS (FLAT).csv
LTH-07,Okuma Multus B250II,,5000,22,Default Preset,drill,Ti-6Al-4V (S),S,Drill,drilling,roughing,conventional,1.063,2,98,354,0,0.0029,2.08,0,1.063,flood,0,180 DEG. INSERT DRILLS (FLAT).csv
LTH-07,Okuma Multus B250II,,5000,22,Default Preset,drill,Ti-6Al-4V (S),S,Peck,drilling,roughing,plunge,1.063,2,69,248,0,0.0015,0.73,0,1.063,flood,0,180 DEG. INSERT DRILLS (FLAT).csv
LTH-07,Okuma Multus B250II,,5000,22,Default Preset,drill,Inconel/Nickel (S),S,Drill,drilling,roughing,conventional,1.063,2,49,177,0,0.0029,1.04,0,1.063,flood,0,180 DEG. INSERT DRILLS (FLAT).csv
LTH-07,Okuma Multus B250II,,5000,22,Default Preset,drill,Inconel/Nickel (S),S,Peck,drilling,roughing,plunge,1.063,2,34,124,0,0.0015,0.36,0,1.063,flood,0,180 DEG. INSERT DRILLS (FLAT).csv
LTH-07,Okuma Multus B250II,,5000,22,Default Preset,drill,Ti-6Al-4V (S),S,Drill,drilling,roughing,conventional,1.093,2,98,344,0,0.003,2.05,0,1.0929,flood,0,180 DEG. INSERT DRILLS (FLAT).csv
LTH-07,Okuma Multus B250II,,5000,22,Default Preset,drill,Ti-6Al-4V (S),S,Peck,drilling,roughing,plunge,1.093,2,69,241,0,0.0015,0.72,0,1.0929,flood,0,180 DEG. INSERT DRILLS (FLAT).csv
LTH-07,Okuma Multus B250II,,5000,22,Default Preset,drill,Inconel/Nickel (S),S,Drill,drilling,roughing,conventional,1.093,2,49,172,0,0.003,1.02,0,1.0929,flood,0,180 DEG. INSERT DRILLS (FLAT).csv
LTH-07,Okuma Multus B250II,,5000,22,Default Preset,drill,Inconel/Nickel (S),S,Peck,drilling,roughing,plunge,1.093,2,34,120,0,0.0015,0.36,0,1.0929,flood,0,180 DEG. INSERT DRILLS (FLAT).csv
LTH-07,Okuma Multus B250II,,5000,22,Default Preset,drill,Ti-6Al-4V (S),S,Drill,drilling,roughing,conventional,1.125,2,98,334,0,0.003,2.01,0,1.1252,flood,0,180 DEG. INSERT DRILLS (FLAT).csv
LTH-07,Okuma Multus B250II,,5000,22,Default Preset,drill,Ti-6Al-4V (S),S,Peck,drilling,roughing,plunge,1.125,2,69,234,0,0.0015,0.7,0,1.1252,flood,0,180 DEG. INSERT DRILLS (FLAT).csv
LTH-07,Okuma Multus B250II,,5000,22,Default Preset,drill,Inconel/Nickel (S),S,Drill,drilling,roughing,conventional,1.125,2,49,167,0,0.003,1.01,0,1.1252,flood,0,180 DEG. INSERT DRILLS (FLAT).csv
LTH-07,Okuma Multus B250II,,5000,22,Default Preset,drill,Inconel/Nickel (S),S,Peck,drilling,roughing,plunge,1.125,2,34,117,0,0.0015,0.35,0,1.1252,flood,0,180 DEG. INSERT DRILLS (FLAT).csv
LTH-07,Okuma Multus B250II,,5000,22,Default Preset,drill,Ti-6Al-4V (S),S,Drill,drilling,roughing,conventional,1.156,2,98,325,0,0.003,1.97,0,1.1559,flood,0,180 DEG. INSERT DRILLS (FLAT).csv
LTH-07,Okuma Multus B250II,,5000,22,Default Preset,drill,Ti-6Al-4V (S),S,Peck,drilling,roughing,plunge,1.156,2,69,228,0,0.0015,0.69,0,1.1559,flood,0,180 DEG. INSERT DRILLS (FLAT).csv
LTH-07,Okuma Multus B250II,,5000,22,Default Preset,drill,Inconel/Nickel (S),S,Drill,drilling,roughing,conventional,1.156,2,49,163,0,0.003,0.99,0,1.1559,flood,0,180 DEG. INSERT DRILLS (FLAT).csv
LTH-07,Okuma Multus B250II,,5000,22,Default Preset,drill,Inconel/Nickel (S),S,Peck,drilling,roughing,plunge,1.156,2,34,114,0,0.0015,0.35,0,1.1559,flood,0,180 DEG. INSERT DRILLS (FLAT).csv
LTH-07,Okuma Multus B250II,,5000,22,Default Preset,drill,Ti-6Al-4V (S),S,Drill,drilling,roughing,conventional,1.1875,2,98,317,0,0.0031,1.95,0,1.1874,flood,0,180 DEG. INSERT DRILLS (FLAT).csv
LTH-07,Okuma Multus B250II,,5000,22,Default Preset,drill,Ti-6Al-4V (S),S,Peck,drilling,roughing,plunge,1.1875,2,69,222,0,0.0015,0.68,0,1.1874,flood,0,180 DEG. INSERT DRILLS (FLAT).csv
LTH-07,Okuma Multus B250II,,5000,22,Default Preset,drill,Inconel/Nickel (S),S,Drill,drilling,roughing,conventional,1.1875,2,49,158,0,0.0031,0.97,0,1.1874,flood,0,180 DEG. INSERT DRILLS (FLAT).csv
LTH-07,Okuma Multus B250II,,5000,22,Default Preset,drill,Inconel/Nickel (S),S,Peck,drilling,roughing,plunge,1.1875,2,34,111,0,0.0015,0.34,0,1.1874,flood,0,180 DEG. INSERT DRILLS (FLAT).csv
LTH-07,Okuma Multus B250II,,5000,22,Default Preset,drill,Ti-6Al-4V (S),S,Drill,drilling,roughing,conventional,1.218,2,98,309,0,0.0031,1.92,0,1.2181,flood,0,180 DEG. INSERT DRILLS (FLAT).csv
LTH-07,Okuma Multus B250II,,5000,22,Default Preset,drill,Ti-6Al-4V (S),S,Peck,drilling,roughing,plunge,1.218,2,69,216,0,0.0016,0.67,0,1.2181,flood,0,180 DEG. INSERT DRILLS (FLAT).csv
LTH-07,Okuma Multus B250II,,5000,22,Default Preset,drill,Inconel/Nickel (S),S,Drill,drilling,roughing,conventional,1.218,2,49,154,0,0.0031,0.96,0,1.2181,flood,0,180 DEG. INSERT DRILLS (FLAT).csv
LTH-07,Okuma Multus B250II,,5000,22,Default Preset,drill,Inconel/Nickel (S),S,Peck,drilling,roughing,plunge,1.218,2,34,108,0,0.0016,0.34,0,1.2181,flood,0,180 DEG. INSERT DRILLS (FLAT).csv
LTH-07,Okuma Multus B250II,,5000,22,Default Preset,drill,Ti-6Al-4V (S),S,Drill,drilling,roughing,conventional,1.234,2,98,305,0,0.0031,1.91,0,1.2339,flood,0,180 DEG. INSERT DRILLS (FLAT).csv
LTH-07,Okuma Multus B250II,,5000,22,Default Preset,drill,Ti-6Al-4V (S),S,Peck,drilling,roughing,plunge,1.234,2,69,213,0,0.0016,0.67,0,1.2339,flood,0,180 DEG. INSERT DRILLS (FLAT).csv
LTH-07,Okuma Multus B250II,,5000,22,Default Preset,drill,Inconel/Nickel (S),S,Drill,drilling,roughing,conventional,1.234,2,49,152,0,0.0031,0.95,0,1.2339,flood,0,180 DEG. INSERT DRILLS (FLAT).csv
LTH-07,Okuma Multus B250II,,5000,22,Default Preset,drill,Inconel/Nickel (S),S,Peck,drilling,roughing,plunge,1.234,2,34,107,0,0.0016,0.33,0,1.2339,flood,0,180 DEG. INSERT DRILLS (FLAT).csv
LTH-07,Okuma Multus B250II,,5000,22,Default Preset,drill,Ti-6Al-4V (S),S,Drill,drilling,roughing,conventional,1.281,2,98,293,0,0.0032,1.86,0,1.2811,flood,0,180 DEG. INSERT DRILLS (FLAT).csv
LTH-07,Okuma Multus B250II,,5000,22,Default Preset,drill,Ti-6Al-4V (S),S,Peck,drilling,roughing,plunge,1.281,2,69,205,0,0.0016,0.65,0,1.2811,flood,0,180 DEG. INSERT DRILLS (FLAT).csv
LTH-07,Okuma Multus B250II,,5000,22,Default Preset,drill,Inconel/Nickel (S),S,Drill,drilling,roughing,conventional,1.281,2,49,147,0,0.0032,0.93,0,1.2811,flood,0,180 DEG. INSERT DRILLS (FLAT).csv
LTH-07,Okuma Multus B250II,,5000,22,Default Preset,drill,Inconel/Nickel (S),S,Peck,drilling,roughing,plunge,1.281,2,34,103,0,0.0016,0.33,0,1.2811,flood,0,180 DEG. INSERT DRILLS (FLAT).csv
LTH-07,Okuma Multus B250II,,5000,22,Default Preset,drill,Ti-6Al-4V (S),S,Drill,drilling,roughing,conventional,1.3125,2,98,286,0,0.0032,1.84,0,1.3126,flood,0,180 DEG. INSERT DRILLS (FLAT).csv
LTH-07,Okuma Multus B250II,,5000,22,Default Preset,drill,Ti-6Al-4V (S),S,Peck,drilling,roughing,plunge,1.3125,2,69,201,0,0.0016,0.64,0,1.3126,flood,0,180 DEG. INSERT DRILLS (FLAT).csv
LTH-07,Okuma Multus B250II,,5000,22,Default Preset,drill,Inconel/Nickel (S),S,Drill,drilling,roughing,conventional,1.3125,2,49,143,0,0.0032,0.92,0,1.3126,flood,0,180 DEG. INSERT DRILLS (FLAT).csv
LTH-07,Okuma Multus B250II,,5000,22,Default Preset,drill,Inconel/Nickel (S),S,Peck,drilling,roughing,plunge,1.3125,2,34,100,0,0.0016,0.32,0,1.3126,flood,0,180 DEG. INSERT DRILLS (FLAT).csv
LTH-07,Okuma Multus B250II,,5000,22,Default Preset,drill,Ti-6Al-4V (S),S,Drill,drilling,roughing,conventional,1.35,2,98,278,0,0.0032,1.79,0,1.35,flood,0,180 DEG. INSERT DRILLS (FLAT).csv
LTH-07,Okuma Multus B250II,,5000,22,Default Preset,drill,Ti-6Al-4V (S),S,Peck,drilling,roughing,plunge,1.35,2,69,195,0,0.0016,0.63,0,1.35,flood,0,180 DEG. INSERT DRILLS (FLAT).csv
LTH-07,Okuma Multus B250II,,5000,22,Default Preset,drill,Inconel/Nickel (S),S,Drill,drilling,roughing,conventional,1.35,2,49,139,0,0.0032,0.9,0,1.35,flood,0,180 DEG. INSERT DRILLS (FLAT).csv
LTH-07,Okuma Multus B250II,,5000,22,Default Preset,drill,Inconel/Nickel (S),S,Peck,drilling,roughing,plunge,1.35,2,34,97,0,0.0016,0.31,0,1.35,flood,0,180 DEG. INSERT DRILLS (FLAT).csv
LTH-07,Okuma Multus B250II,,5000,22,Default Preset,drill,Ti-6Al-4V (S),S,Drill,drilling,roughing,conventional,1.375,2,98,273,0,0.0032,1.77,0,1.3748,flood,0,180 DEG. INSERT DRILLS (FLAT).csv
LTH-07,Okuma Multus B250II,,5000,22,Default Preset,drill,Ti-6Al-4V (S),S,Peck,drilling,roughing,plunge,1.375,2,69,191,0,0.0016,0.62,0,1.3748,flood,0,180 DEG. INSERT DRILLS (FLAT).csv
LTH-07,Okuma Multus B250II,,5000,22,Default Preset,drill,Inconel/Nickel (S),S,Drill,drilling,roughing,conventional,1.375,2,49,137,0,0.0032,0.89,0,1.3748,flood,0,180 DEG. INSERT DRILLS (FLAT).csv
LTH-07,Okuma Multus B250II,,5000,22,Default Preset,drill,Inconel/Nickel (S),S,Peck,drilling,roughing,plunge,1.375,2,34,96,0,0.0016,0.31,0,1.3748,flood,0,180 DEG. INSERT DRILLS (FLAT).csv
LTH-07,Okuma Multus B250II,,5000,22,Default Preset,drill,Ti-6Al-4V (S),S,Drill,drilling,roughing,conventional,1.406,2,98,267,0,0.0033,1.76,0,1.4059,flood,0,180 DEG. INSERT DRILLS (FLAT).csv
LTH-07,Okuma Multus B250II,,5000,22,Default Preset,drill,Ti-6Al-4V (S),S,Peck,drilling,roughing,plunge,1.406,2,69,187,0,0.0016,0.61,0,1.4059,flood,0,180 DEG. INSERT DRILLS (FLAT).csv
LTH-07,Okuma Multus B250II,,5000,22,Default Preset,drill,Inconel/Nickel (S),S,Drill,drilling,roughing,conventional,1.406,2,49,134,0,0.0033,0.88,0,1.4059,flood,0,180 DEG. INSERT DRILLS (FLAT).csv
LTH-07,Okuma Multus B250II,,5000,22,Default Preset,drill,Inconel/Nickel (S),S,Peck,drilling,roughing,plunge,1.406,2,34,94,0,0.0016,0.31,0,1.4059,flood,0,180 DEG. INSERT DRILLS (FLAT).csv
LTH-07,Okuma Multus B250II,,5000,22,Default Preset,drill,Ti-6Al-4V (S),S,Drill,drilling,roughing,conventional,1.5,2,98,251,0,0.0034,1.69,0,1.5,flood,0,180 DEG. INSERT DRILLS (FLAT).csv
LTH-07,Okuma Multus B250II,,5000,22,Default Preset,drill,Ti-6Al-4V (S),S,Peck,drilling,roughing,plunge,1.5,2,69,175,0,0.0017,0.59,0,1.5,flood,0,180 DEG. INSERT DRILLS (FLAT).csv
LTH-07,Okuma Multus B250II,,5000,22,Default Preset,drill,Inconel/Nickel (S),S,Drill,drilling,roughing,conventional,1.5,2,49,125,0,0.0034,0.84,0,1.5,flood,0,180 DEG. INSERT DRILLS (FLAT).csv
LTH-07,Okuma Multus B250II,,5000,22,Default Preset,drill,Inconel/Nickel (S),S,Peck,drilling,roughing,plunge,1.5,2,34,88,0,0.0017,0.3,0,1.5,flood,0,180 DEG. INSERT DRILLS (FLAT).csv
LTH-07,Okuma Multus B250II,,5000,22,Default Preset,bull nose end mill,Ti-6Al-4V (S),S,Rough,milling,roughing,conventional,0.5,6,151,1153,0,0.0041,28.05,0.1181,0.1252,flood,0,END MILLS FOR MACHINE 4.csv
LTH-07,Okuma Multus B250II,,5000,22,Default Preset,bull nose end mill,Ti-6Al-4V (S),S,HEM Adaptive,milling,roughing,adaptive,0.5,6,211,1614,0,0.0049,47.12,0.2362,0.05,flood,0,END MILLS FOR MACHINE 4.csv
LTH-07,Okuma Multus B250II,,5000,22,Default Preset,bull nose end mill,Ti-6Al-4V (S),S,Trochoidal,milling,roughing,trochoidal,0.5,6,226,1729,0,0.0053,54.69,0.2953,0.04,flood,0,END MILLS FOR MACHINE 4.csv
LTH-07,Okuma Multus B250II,,5000,22,Default Preset,bull nose end mill,Ti-6Al-4V (S),S,Slot,milling,roughing,slot,0.5,6,121,922,0,0.0036,20.19,0.0827,0.5,flood,0,END MILLS FOR MACHINE 4.csv
LTH-07,Okuma Multus B250II,,5000,22,Default Preset,bull nose end mill,Ti-6Al-4V (S),S,Ramp,milling,roughing,plunge,0.5,6,106,807,0,0.002,9.82,0.1181,0.1252,flood,0,END MILLS FOR MACHINE 4.csv
LTH-07,Okuma Multus B250II,,5000,22,Default Preset,bull nose end mill,Ti-6Al-4V (S),S,Semi,milling,semi_finishing,conventional,0.5,6,180,1379,0,0.0032,26.71,0.0591,0.1748,flood,0,END MILLS FOR MACHINE 4.csv
LTH-07,Okuma Multus B250II,,5000,22,Default Preset,bull nose end mill,Ti-6Al-4V (S),S,Finish,milling,finishing,conventional,0.5,6,200,1529,0,0.0024,22.39,0.0197,0.25,flood,0,END MILLS FOR MACHINE 4.csv
LTH-07,Okuma Multus B250II,,5000,22,Default Preset,bull nose end mill,Ti-6Al-4V (S),S,HSM,milling,finishing,hsm,0.5,6,260,1988,0,0.0024,29.12,0.0098,0.25,flood,0,END MILLS FOR MACHINE 4.csv
LTH-07,Okuma Multus B250II,,5000,22,Default Preset,bull nose end mill,Inconel/Nickel (S),S,Rough,milling,roughing,conventional,0.5,6,75,576,0,0.0041,14.01,0.1181,0.1252,flood,0,END MILLS FOR MACHINE 4.csv
LTH-07,Okuma Multus B250II,,5000,22,Default Preset,bull nose end mill,Inconel/Nickel (S),S,HEM Adaptive,milling,roughing,adaptive,0.5,6,106,807,0,0.0049,23.56,0.2362,0.05,flood,0,END MILLS FOR MACHINE 4.csv
LTH-07,Okuma Multus B250II,,5000,22,Default Preset,bull nose end mill,Inconel/Nickel (S),S,Trochoidal,milling,roughing,trochoidal,0.5,6,113,865,0,0.0053,27.36,0.2953,0.04,flood,0,END MILLS FOR MACHINE 4.csv
LTH-07,Okuma Multus B250II,,5000,22,Default Preset,bull nose end mill,Inconel/Nickel (S),S,Slot,milling,roughing,slot,0.5,6,60,461,0,0.0036,10.09,0.0827,0.5,flood,0,END MILLS FOR MACHINE 4.csv
LTH-07,Okuma Multus B250II,,5000,22,Default Preset,bull nose end mill,Inconel/Nickel (S),S,Ramp,milling,roughing,plunge,0.5,6,53,404,0,0.002,4.91,0.1181,0.1252,flood,0,END MILLS FOR MACHINE 4.csv
LTH-07,Okuma Multus B250II,,5000,22,Default Preset,bull nose end mill,Inconel/Nickel (S),S,Semi,milling,semi_finishing,conventional,0.5,6,90,689,0,0.0032,13.35,0.0591,0.1748,flood,0,END MILLS FOR MACHINE 4.csv
LTH-07,Okuma Multus B250II,,5000,22,Default Preset,bull nose end mill,Inconel/Nickel (S),S,Finish,milling,finishing,conventional,0.5,6,100,764,0,0.0024,11.19,0.0197,0.25,flood,0,END MILLS FOR MACHINE 4.csv
LTH-07,Okuma Multus B250II,,5000,22,Default Preset,bull nose end mill,Inconel/Nickel (S),S,HSM,milling,finishing,hsm,0.5,6,130,994,0,0.0024,14.56,0.0098,0.25,flood,0,END MILLS FOR MACHINE 4.csv
LTH-07,Okuma Multus B250II,,5000,22,Default Preset,bull nose end mill,Ti-6Al-4V (S),S,Rough,milling,roughing,conventional,0.5,6,151,1153,0,0.0041,28.05,0.1181,0.1252,flood,0,END MILLS FOR MACHINE 4.csv
LTH-07,Okuma Multus B250II,,5000,22,Default Preset,bull nose end mill,Ti-6Al-4V (S),S,HEM Adaptive,milling,roughing,adaptive,0.5,6,211,1614,0,0.0049,47.12,0.2362,0.05,flood,0,END MILLS FOR MACHINE 4.csv
LTH-07,Okuma Multus B250II,,5000,22,Default Preset,bull nose end mill,Ti-6Al-4V (S),S,Trochoidal,milling,roughing,trochoidal,0.5,6,226,1729,0,0.0053,54.69,0.2953,0.04,flood,0,END MILLS FOR MACHINE 4.csv
LTH-07,Okuma Multus B250II,,5000,22,Default Preset,bull nose end mill,Ti-6Al-4V (S),S,Slot,milling,roughing,slot,0.5,6,121,922,0,0.0036,20.19,0.0827,0.5,flood,0,END MILLS FOR MACHINE 4.csv
LTH-07,Okuma Multus B250II,,5000,22,Default Preset,bull nose end mill,Ti-6Al-4V (S),S,Ramp,milling,roughing,plunge,0.5,6,106,807,0,0.002,9.82,0.1181,0.1252,flood,0,END MILLS FOR MACHINE 4.csv
LTH-07,Okuma Multus B250II,,5000,22,Default Preset,bull nose end mill,Ti-6Al-4V (S),S,Semi,milling,semi_finishing,conventional,0.5,6,180,1379,0,0.0032,26.71,0.0591,0.1748,flood,0,END MILLS FOR MACHINE 4.csv
LTH-07,Okuma Multus B250II,,5000,22,Default Preset,bull nose end mill,Ti-6Al-4V (S),S,Finish,milling,finishing,conventional,0.5,6,200,1529,0,0.0024,22.39,0.0197,0.25,flood,0,END MILLS FOR MACHINE 4.csv
LTH-07,Okuma Multus B250II,,5000,22,Default Preset,bull nose end mill,Ti-6Al-4V (S),S,HSM,milling,finishing,hsm,0.5,6,260,1988,0,0.0024,29.12,0.0098,0.25,flood,0,END MILLS FOR MACHINE 4.csv
LTH-07,Okuma Multus B250II,,5000,22,Default Preset,bull nose end mill,Inconel/Nickel (S),S,Rough,milling,roughing,conventional,0.5,6,75,576,0,0.0041,14.01,0.1181,0.1252,flood,0,END MILLS FOR MACHINE 4.csv
LTH-07,Okuma Multus B250II,,5000,22,Default Preset,bull nose end mill,Inconel/Nickel (S),S,HEM Adaptive,milling,roughing,adaptive,0.5,6,106,807,0,0.0049,23.56,0.2362,0.05,flood,0,END MILLS FOR MACHINE 4.csv
LTH-07,Okuma Multus B250II,,5000,22,Default Preset,bull nose end mill,Inconel/Nickel (S),S,Trochoidal,milling,roughing,trochoidal,0.5,6,113,865,0,0.0053,27.36,0.2953,0.04,flood,0,END MILLS FOR MACHINE 4.csv
LTH-07,Okuma Multus B250II,,5000,22,Default Preset,bull nose end mill,Inconel/Nickel (S),S,Slot,milling,roughing,slot,0.5,6,60,461,0,0.0036,10.09,0.0827,0.5,flood,0,END MILLS FOR MACHINE 4.csv
LTH-07,Okuma Multus B250II,,5000,22,Default Preset,bull nose end mill,Inconel/Nickel (S),S,Ramp,milling,roughing,plunge,0.5,6,53,404,0,0.002,4.91,0.1181,0.1252,flood,0,END MILLS FOR MACHINE 4.csv
LTH-07,Okuma Multus B250II,,5000,22,Default Preset,bull nose end mill,Inconel/Nickel (S),S,Semi,milling,semi_finishing,conventional,0.5,6,90,689,0,0.0032,13.35,0.0591,0.1748,flood,0,END MILLS FOR MACHINE 4.csv
LTH-07,Okuma Multus B250II,,5000,22,Default Preset,bull nose end mill,Inconel/Nickel (S),S,Finish,milling,finishing,conventional,0.5,6,100,764,0,0.0024,11.19,0.0197,0.25,flood,0,END MILLS FOR MACHINE 4.csv
LTH-07,Okuma Multus B250II,,5000,22,Default Preset,bull nose end mill,Inconel/Nickel (S),S,HSM,milling,finishing,hsm,0.5,6,130,994,0,0.0024,14.56,0.0098,0.25,flood,0,END MILLS FOR MACHINE 4.csv
LTH-07,Okuma Multus B250II,,5000,22,Default Preset,bull nose end mill,Ti-6Al-4V (S),S,Rough,milling,roughing,conventional,0.25,6,151,2306,0,0.0024,33.77,0.1181,0.0626,flood,0,END MILLS FOR MACHINE 4.csv
LTH-07,Okuma Multus B250II,,5000,22,Default Preset,bull nose end mill,Ti-6Al-4V (S),S,HEM Adaptive,milling,roughing,adaptive,0.25,6,211,3228,0,0.0029,56.73,0.2362,0.025,flood,0,END MILLS FOR MACHINE 4.csv
LTH-07,Okuma Multus B250II,,5000,22,Default Preset,bull nose end mill,Ti-6Al-4V (S),S,Trochoidal,milling,roughing,trochoidal,0.25,6,226,3459,0,0.0032,65.86,0.2953,0.02,flood,0,END MILLS FOR MACHINE 4.csv
LTH-07,Okuma Multus B250II,,5000,22,Default Preset,bull nose end mill,Ti-6Al-4V (S),S,Slot,milling,roughing,slot,0.25,6,121,1845,0,0.0022,24.32,0.0827,0.25,flood,0,END MILLS FOR MACHINE 4.csv
LTH-07,Okuma Multus B250II,,5000,22,Default Preset,bull nose end mill,Ti-6Al-4V (S),S,Ramp,milling,roughing,plunge,0.25,6,106,1614,0,0.0012,11.82,0.1181,0.0626,flood,0,END MILLS FOR MACHINE 4.csv
LTH-07,Okuma Multus B250II,,5000,22,Default Preset,bull nose end mill,Ti-6Al-4V (S),S,Semi,milling,semi_finishing,conventional,0.25,6,180,2757,0,0.0019,31.91,0.0591,0.0874,flood,0,END MILLS FOR MACHINE 4.csv
LTH-07,Okuma Multus B250II,,5000,22,Default Preset,bull nose end mill,Ti-6Al-4V (S),S,Finish,milling,finishing,conventional,0.25,6,200,3058,0,0.0015,26.73,0.0197,0.1252,flood,0,END MILLS FOR MACHINE 4.csv
LTH-07,Okuma Multus B250II,,5000,22,Default Preset,bull nose end mill,Ti-6Al-4V (S),S,HSM,milling,finishing,hsm,0.25,6,260,3975,0,0.0015,34.74,0.0098,0.125,flood,0,END MILLS FOR MACHINE 4.csv
LTH-07,Okuma Multus B250II,,5000,22,Default Preset,bull nose end mill,Inconel/Nickel (S),S,Rough,milling,roughing,conventional,0.25,6,75,1153,0,0.0024,16.89,0.1181,0.0626,flood,0,END MILLS FOR MACHINE 4.csv
LTH-07,Okuma Multus B250II,,5000,22,Default Preset,bull nose end mill,Inconel/Nickel (S),S,HEM Adaptive,milling,roughing,adaptive,0.25,6,106,1614,0,0.0029,28.37,0.2362,0.025,flood,0,END MILLS FOR MACHINE 4.csv
LTH-07,Okuma Multus B250II,,5000,22,Default Preset,bull nose end mill,Inconel/Nickel (S),S,Trochoidal,milling,roughing,trochoidal,0.25,6,113,1729,0,0.0032,32.92,0.2953,0.02,flood,0,END MILLS FOR MACHINE 4.csv
LTH-07,Okuma Multus B250II,,5000,22,Default Preset,bull nose end mill,Inconel/Nickel (S),S,Slot,milling,roughing,slot,0.25,6,60,922,0,0.0022,12.15,0.0827,0.25,flood,0,END MILLS FOR MACHINE 4.csv
LTH-07,Okuma Multus B250II,,5000,22,Default Preset,bull nose end mill,Inconel/Nickel (S),S,Ramp,milling,roughing,plunge,0.25,6,53,807,0,0.0012,5.91,0.1181,0.0626,flood,0,END MILLS FOR MACHINE 4.csv
LTH-07,Okuma Multus B250II,,5000,22,Default Preset,bull nose end mill,Inconel/Nickel (S),S,Semi,milling,semi_finishing,conventional,0.25,6,90,1379,0,0.0019,15.96,0.0591,0.0874,flood,0,END MILLS FOR MACHINE 4.csv
LTH-07,Okuma Multus B250II,,5000,22,Default Preset,bull nose end mill,Inconel/Nickel (S),S,Finish,milling,finishing,conventional,0.25,6,100,1529,0,0.0015,13.36,0.0197,0.1252,flood,0,END MILLS FOR MACHINE 4.csv
LTH-07,Okuma Multus B250II,,5000,22,Default Preset,bull nose end mill,Inconel/Nickel (S),S,HSM,milling,finishing,hsm,0.25,6,130,1988,0,0.0015,17.38,0.0098,0.125,flood,0,END MILLS FOR MACHINE 4.csv
LTH-07,Okuma Multus B250II,,5000,22,Default Preset,bull nose end mill,Ti-6Al-4V (S),S,Rough,milling,roughing,conventional,0.25,6,151,2306,0,0.0024,33.77,0.1181,0.0626,flood,0,END MILLS FOR MACHINE 4.csv
LTH-07,Okuma Multus B250II,,5000,22,Default Preset,bull nose end mill,Ti-6Al-4V (S),S,HEM Adaptive,milling,roughing,adaptive,0.25,6,211,3228,0,0.0029,56.73,0.2362,0.025,flood,0,END MILLS FOR MACHINE 4.csv
LTH-07,Okuma Multus B250II,,5000,22,Default Preset,bull nose end mill,Ti-6Al-4V (S),S,Trochoidal,milling,roughing,trochoidal,0.25,6,226,3459,0,0.0032,65.86,0.2953,0.02,flood,0,END MILLS FOR MACHINE 4.csv
LTH-07,Okuma Multus B250II,,5000,22,Default Preset,bull nose end mill,Ti-6Al-4V (S),S,Slot,milling,roughing,slot,0.25,6,121,1845,0,0.0022,24.32,0.0827,0.25,flood,0,END MILLS FOR MACHINE 4.csv
LTH-07,Okuma Multus B250II,,5000,22,Default Preset,bull nose end mill,Ti-6Al-4V (S),S,Ramp,milling,roughing,plunge,0.25,6,106,1614,0,0.0012,11.82,0.1181,0.0626,flood,0,END MILLS FOR MACHINE 4.csv
LTH-07,Okuma Multus B250II,,5000,22,Default Preset,bull nose end mill,Ti-6Al-4V (S),S,Semi,milling,semi_finishing,conventional,0.25,6,180,2757,0,0.0019,31.91,0.0591,0.0874,flood,0,END MILLS FOR MACHINE 4.csv
LTH-07,Okuma Multus B250II,,5000,22,Default Preset,bull nose end mill,Ti-6Al-4V (S),S,Finish,milling,finishing,conventional,0.25,6,200,3058,0,0.0015,26.73,0.0197,0.1252,flood,0,END MILLS FOR MACHINE 4.csv
LTH-07,Okuma Multus B250II,,5000,22,Default Preset,bull nose end mill,Ti-6Al-4V (S),S,HSM,milling,finishing,hsm,0.25,6,260,3975,0,0.0015,34.74,0.0098,0.125,flood,0,END MILLS FOR MACHINE 4.csv
LTH-07,Okuma Multus B250II,,5000,22,Default Preset,bull nose end mill,Inconel/Nickel (S),S,Rough,milling,roughing,conventional,0.25,6,75,1153,0,0.0024,16.89,0.1181,0.0626,flood,0,END MILLS FOR MACHINE 4.csv
LTH-07,Okuma Multus B250II,,5000,22,Default Preset,bull nose end mill,Inconel/Nickel (S),S,HEM Adaptive,milling,roughing,adaptive,0.25,6,106,1614,0,0.0029,28.37,0.2362,0.025,flood,0,END MILLS FOR MACHINE 4.csv
LTH-07,Okuma Multus B250II,,5000,22,Default Preset,bull nose end mill,Inconel/Nickel (S),S,Trochoidal,milling,roughing,trochoidal,0.25,6,113,1729,0,0.0032,32.92,0.2953,0.02,flood,0,END MILLS FOR MACHINE 4.csv
LTH-07,Okuma Multus B250II,,5000,22,Default Preset,bull nose end mill,Inconel/Nickel (S),S,Slot,milling,roughing,slot,0.25,6,60,922,0,0.0022,12.15,0.0827,0.25,flood,0,END MILLS FOR MACHINE 4.csv
LTH-07,Okuma Multus B250II,,5000,22,Default Preset,bull nose end mill,Inconel/Nickel (S),S,Ramp,milling,roughing,plunge,0.25,6,53,807,0,0.0012,5.91,0.1181,0.0626,flood,0,END MILLS FOR MACHINE 4.csv
LTH-07,Okuma Multus B250II,,5000,22,Default Preset,bull nose end mill,Inconel/Nickel (S),S,Semi,milling,semi_finishing,conventional,0.25,6,90,1379,0,0.0019,15.96,0.0591,0.0874,flood,0,END MILLS FOR MACHINE 4.csv
LTH-07,Okuma Multus B250II,,5000,22,Default Preset,bull nose end mill,Inconel/Nickel (S),S,Finish,milling,finishing,conventional,0.25,6,100,1529,0,0.0015,13.36,0.0197,0.1252,flood,0,END MILLS FOR MACHINE 4.csv
LTH-07,Okuma Multus B250II,,5000,22,Default Preset,bull nose end mill,Inconel/Nickel (S),S,HSM,milling,finishing,hsm,0.25,6,130,1988,0,0.0015,17.38,0.0098,0.125,flood,0,END MILLS FOR MACHINE 4.csv
LTH-07,Okuma Multus B250II,,5000,22,Default Preset,bull nose end mill,Ti-6Al-4V (S),S,Rough,milling,roughing,conventional,0.375,6,151,1537,0,0.0032,29.41,0.1181,0.0937,flood,0,END MILLS FOR MACHINE 4.csv
LTH-07,Okuma Multus B250II,,5000,22,Default Preset,bull nose end mill,Ti-6Al-4V (S),S,HEM Adaptive,milling,roughing,adaptive,0.375,6,211,2152,0,0.0038,49.41,0.2362,0.0375,flood,0,END MILLS FOR MACHINE 4.csv
LTH-07,Okuma Multus B250II,,5000,22,Default Preset,bull nose end mill,Ti-6Al-4V (S),S,Trochoidal,milling,roughing,trochoidal,0.375,6,226,2306,0,0.0041,57.36,0.2953,0.03,flood,0,END MILLS FOR MACHINE 4.csv
LTH-07,Okuma Multus B250II,,5000,22,Default Preset,bull nose end mill,Ti-6Al-4V (S),S,Slot,milling,roughing,slot,0.375,6,121,1230,0,0.0029,21.18,0.0827,0.375,flood,0,END MILLS FOR MACHINE 4.csv
LTH-07,Okuma Multus B250II,,5000,22,Default Preset,bull nose end mill,Ti-6Al-4V (S),S,Ramp,milling,roughing,plunge,0.375,6,106,1076,0,0.0016,10.29,0.1181,0.0937,flood,0,END MILLS FOR MACHINE 4.csv
LTH-07,Okuma Multus B250II,,5000,22,Default Preset,bull nose end mill,Ti-6Al-4V (S),S,Semi,milling,semi_finishing,conventional,0.375,6,180,1838,0,0.0026,28.22,0.0591,0.1311,flood,0,END MILLS FOR MACHINE 4.csv
LTH-07,Okuma Multus B250II,,5000,22,Default Preset,bull nose end mill,Ti-6Al-4V (S),S,Finish,milling,finishing,conventional,0.375,6,200,2039,0,0.0019,23.6,0.0197,0.1874,flood,0,END MILLS FOR MACHINE 4.csv
LTH-07,Okuma Multus B250II,,5000,22,Default Preset,bull nose end mill,Ti-6Al-4V (S),S,HSM,milling,finishing,hsm,0.375,6,260,2650,0,0.0019,30.67,0.0098,0.1875,flood,0,END MILLS FOR MACHINE 4.csv
LTH-07,Okuma Multus B250II,,5000,22,Default Preset,bull nose end mill,Inconel/Nickel (S),S,Rough,milling,roughing,conventional,0.375,6,75,769,0,0.0032,14.71,0.1181,0.0937,flood,0,END MILLS FOR MACHINE 4.csv
LTH-07,Okuma Multus B250II,,5000,22,Default Preset,bull nose end mill,Inconel/Nickel (S),S,HEM Adaptive,milling,roughing,adaptive,0.375,6,106,1076,0,0.0038,24.71,0.2362,0.0375,flood,0,END MILLS FOR MACHINE 4.csv
LTH-07,Okuma Multus B250II,,5000,22,Default Preset,bull nose end mill,Inconel/Nickel (S),S,Trochoidal,milling,roughing,trochoidal,0.375,6,113,1153,0,0.0041,28.68,0.2953,0.03,flood,0,END MILLS FOR MACHINE 4.csv
LTH-07,Okuma Multus B250II,,5000,22,Default Preset,bull nose end mill,Inconel/Nickel (S),S,Slot,milling,roughing,slot,0.375,6,60,615,0,0.0029,10.59,0.0827,0.375,flood,0,END MILLS FOR MACHINE 4.csv
LTH-07,Okuma Multus B250II,,5000,22,Default Preset,bull nose end mill,Inconel/Nickel (S),S,Ramp,milling,roughing,plunge,0.375,6,53,538,0,0.0016,5.15,0.1181,0.0937,flood,0,END MILLS FOR MACHINE 4.csv
LTH-07,Okuma Multus B250II,,5000,22,Default Preset,bull nose end mill,Inconel/Nickel (S),S,Semi,milling,semi_finishing,conventional,0.375,6,90,919,0,0.0026,14.11,0.0591,0.1311,flood,0,END MILLS FOR MACHINE 4.csv
LTH-07,Okuma Multus B250II,,5000,22,Default Preset,bull nose end mill,Inconel/Nickel (S),S,Finish,milling,finishing,conventional,0.375,6,100,1019,0,0.0019,11.79,0.0197,0.1874,flood,0,END MILLS FOR MACHINE 4.csv
LTH-07,Okuma Multus B250II,,5000,22,Default Preset,bull nose end mill,Inconel/Nickel (S),S,HSM,milling,finishing,hsm,0.375,6,130,1325,0,0.0019,15.34,0.0098,0.1875,flood,0,END MILLS FOR MACHINE 4.csv
LTH-07,Okuma Multus B250II,,5000,22,Default Preset,spot drill,Ti-6Al-4V (S),S,Spot,drilling,roughing,conventional,0.5,2,98,752,0,0.002,3.05,0,0.5,flood,0,TWIST DRILLS.csv
LTH-07,Okuma Multus B250II,,5000,22,Default Preset,spot drill,Inconel/Nickel (S),S,Spot,drilling,roughing,conventional,0.5,2,49,376,0,0.002,1.52,0,0.5,flood,0,TWIST DRILLS.csv
LTH-07,Okuma Multus B250II,,5000,22,Default Preset,drill,Ti-6Al-4V (S),S,Drill,drilling,roughing,conventional,0.3906,2,98,962,0,0.0017,3.18,0,0.3906,flood,0,TWIST DRILLS.csv
LTH-07,Okuma Multus B250II,,5000,22,Default Preset,drill,Ti-6Al-4V (S),S,Peck,drilling,roughing,plunge,0.3906,2,69,674,0,0.0008,1.11,0,0.3906,flood,0,TWIST DRILLS.csv
LTH-07,Okuma Multus B250II,,5000,22,Default Preset,drill,Inconel/Nickel (S),S,Drill,drilling,roughing,conventional,0.3906,2,49,481,0,0.0017,1.59,0,0.3906,flood,0,TWIST DRILLS.csv
LTH-07,Okuma Multus B250II,,5000,22,Default Preset,drill,Inconel/Nickel (S),S,Peck,drilling,roughing,plunge,0.3906,2,34,337,0,0.0008,0.56,0,0.3906,flood,0,TWIST DRILLS.csv
LTH-07,Okuma Multus B250II,,5000,22,Default Preset,drill,Ti-6Al-4V (S),S,Drill,drilling,roughing,conventional,0.397,2,98,947,0,0.0017,3.21,0,0.3969,flood,0,TWIST DRILLS.csv
LTH-07,Okuma Multus B250II,,5000,22,Default Preset,drill,Ti-6Al-4V (S),S,Peck,drilling,roughing,plunge,0.397,2,69,663,0,0.0008,1.12,0,0.3969,flood,0,TWIST DRILLS.csv
LTH-07,Okuma Multus B250II,,5000,22,Default Preset,drill,Inconel/Nickel (S),S,Drill,drilling,roughing,conventional,0.397,2,49,473,0,0.0017,1.6,0,0.3969,flood,0,TWIST DRILLS.csv
LTH-07,Okuma Multus B250II,,5000,22,Default Preset,drill,Inconel/Nickel (S),S,Peck,drilling,roughing,plunge,0.397,2,34,331,0,0.0008,0.56,0,0.3969,flood,0,TWIST DRILLS.csv
LTH-07,Okuma Multus B250II,,5000,22,Default Preset,drill,Ti-6Al-4V (S),S,Drill,drilling,roughing,conventional,0.4219,2,98,891,0,0.0018,3.16,0,0.422,flood,0,TWIST DRILLS.csv
LTH-07,Okuma Multus B250II,,5000,22,Default Preset,drill,Ti-6Al-4V (S),S,Peck,drilling,roughing,plunge,0.4219,2,69,624,0,0.0009,1.11,0,0.422,flood,0,TWIST DRILLS.csv
LTH-07,Okuma Multus B250II,,5000,22,Default Preset,drill,Inconel/Nickel (S),S,Drill,drilling,roughing,conventional,0.4219,2,49,446,0,0.0018,1.58,0,0.422,flood,0,TWIST DRILLS.csv
LTH-07,Okuma Multus B250II,,5000,22,Default Preset,drill,Inconel/Nickel (S),S,Peck,drilling,roughing,plunge,0.4219,2,34,312,0,0.0009,0.55,0,0.422,flood,0,TWIST DRILLS.csv
LTH-07,Okuma Multus B250II,,5000,22,Default Preset,drill,Ti-6Al-4V (S),S,Drill,drilling,roughing,conventional,0.4531,2,98,830,0,0.0019,3.14,0,0.4531,flood,0,TWIST DRILLS.csv
LTH-07,Okuma Multus B250II,,5000,22,Default Preset,drill,Ti-6Al-4V (S),S,Peck,drilling,roughing,plunge,0.4531,2,69,581,0,0.0009,1.1,0,0.4531,flood,0,TWIST DRILLS.csv
LTH-07,Okuma Multus B250II,,5000,22,Default Preset,drill,Inconel/Nickel (S),S,Drill,drilling,roughing,conventional,0.4531,2,49,415,0,0.0019,1.57,0,0.4531,flood,0,TWIST DRILLS.csv
LTH-07,Okuma Multus B250II,,5000,22,Default Preset,drill,Inconel/Nickel (S),S,Peck,drilling,roughing,plunge,0.4531,2,34,290,0,0.0009,0.55,0,0.4531,flood,0,TWIST DRILLS.csv
LTH-07,Okuma Multus B250II,,5000,22,Default Preset,drill,Ti-6Al-4V (S),S,Drill,drilling,roughing,conventional,0.488,2,98,770,0,0.002,3.06,0,0.4882,flood,0,TWIST DRILLS.csv
LTH-07,Okuma Multus B250II,,5000,22,Default Preset,drill,Ti-6Al-4V (S),S,Peck,drilling,roughing,plunge,0.488,2,69,539,0,0.001,1.07,0,0.4882,flood,0,TWIST DRILLS.csv
LTH-07,Okuma Multus B250II,,5000,22,Default Preset,drill,Inconel/Nickel (S),S,Drill,drilling,roughing,conventional,0.488,2,49,385,0,0.002,1.53,0,0.4882,flood,0,TWIST DRILLS.csv
LTH-07,Okuma Multus B250II,,5000,22,Default Preset,drill,Inconel/Nickel (S),S,Peck,drilling,roughing,plunge,0.488,2,34,270,0,0.001,0.54,0,0.4882,flood,0,TWIST DRILLS.csv
LTH-07,Okuma Multus B250II,,5000,22,Default Preset,spot drill,Ti-6Al-4V (S),S,Spot,drilling,roughing,conventional,0.75,2,98,501,0,0.0025,2.49,0,0.75,flood,0,TWIST DRILLS.csv
LTH-07,Okuma Multus B250II,,5000,22,Default Preset,spot drill,Inconel/Nickel (S),S,Spot,drilling,roughing,conventional,0.75,2,49,251,0,0.0025,1.25,0,0.75,flood,0,TWIST DRILLS.csv
LTH-07,Okuma Multus B250II,,5000,22,Default Preset,drill,Ti-6Al-4V (S),S,Drill,drilling,roughing,conventional,0.3125,2,98,1203,0,0.0014,3.32,0,0.3126,flood,0,TWIST DRILLS.csv
LTH-07,Okuma Multus B250II,,5000,22,Default Preset,drill,Ti-6Al-4V (S),S,Peck,drilling,roughing,plunge,0.3125,2,69,842,0,0.0007,1.16,0,0.3126,flood,0,TWIST DRILLS.csv
LTH-07,Okuma Multus B250II,,5000,22,Default Preset,drill,Inconel/Nickel (S),S,Drill,drilling,roughing,conventional,0.3125,2,49,602,0,0.0014,1.66,0,0.3126,flood,0,TWIST DRILLS.csv
LTH-07,Okuma Multus B250II,,5000,22,Default Preset,drill,Inconel/Nickel (S),S,Peck,drilling,roughing,plunge,0.3125,2,34,421,0,0.0007,0.58,0,0.3126,flood,0,TWIST DRILLS.csv
LTH-07,Okuma Multus B250II,,5000,22,Default Preset,drill,Ti-6Al-4V (S),S,Drill,drilling,roughing,conventional,0.368,2,98,1022,0,0.0016,3.22,0,0.3681,flood,0,TWIST DRILLS.csv
LTH-07,Okuma Multus B250II,,5000,22,Default Preset,drill,Ti-6Al-4V (S),S,Peck,drilling,roughing,plunge,0.368,2,69,715,0,0.0008,1.13,0,0.3681,flood,0,TWIST DRILLS.csv
LTH-07,Okuma Multus B250II,,5000,22,Default Preset,drill,Inconel/Nickel (S),S,Drill,drilling,roughing,conventional,0.368,2,49,511,0,0.0016,1.61,0,0.3681,flood,0,TWIST DRILLS.csv
LTH-07,Okuma Multus B250II,,5000,22,Default Preset,drill,Inconel/Nickel (S),S,Peck,drilling,roughing,plunge,0.368,2,34,358,0,0.0008,0.56,0,0.3681,flood,0,TWIST DRILLS.csv
LTH-07,Okuma Multus B250II,,5000,22,Default Preset,drill,Ti-6Al-4V (S),S,Drill,drilling,roughing,conventional,0.4375,2,98,859,0,0.0018,3.15,0,0.4374,flood,0,TWIST DRILLS.csv
LTH-07,Okuma Multus B250II,,5000,22,Default Preset,drill,Ti-6Al-4V (S),S,Peck,drilling,roughing,plunge,0.4375,2,69,602,0,0.0009,1.1,0,0.4374,flood,0,TWIST DRILLS.csv
LTH-07,Okuma Multus B250II,,5000,22,Default Preset,drill,Inconel/Nickel (S),S,Drill,drilling,roughing,conventional,0.4375,2,49,430,0,0.0018,1.57,0,0.4374,flood,0,TWIST DRILLS.csv
LTH-07,Okuma Multus B250II,,5000,22,Default Preset,drill,Inconel/Nickel (S),S,Peck,drilling,roughing,plunge,0.4375,2,34,301,0,0.0009,0.55,0,0.4374,flood,0,TWIST DRILLS.csv
LTH-07,Okuma Multus B250II,,5000,22,Default Preset,drill,Ti-6Al-4V (S),S,Drill,drilling,roughing,conventional,0.332,2,98,1132,0,0.0014,3.25,0,0.3319,flood,0,TWIST DRILLS.csv
LTH-07,Okuma Multus B250II,,5000,22,Default Preset,drill,Ti-6Al-4V (S),S,Peck,drilling,roughing,plunge,0.332,2,69,793,0,0.0007,1.14,0,0.3319,flood,0,TWIST DRILLS.csv
LTH-07,Okuma Multus B250II,,5000,22,Default Preset,drill,Inconel/Nickel (S),S,Drill,drilling,roughing,conventional,0.332,2,49,566,0,0.0014,1.63,0,0.3319,flood,0,TWIST DRILLS.csv
LTH-07,Okuma Multus B250II,,5000,22,Default Preset,drill,Inconel/Nickel (S),S,Peck,drilling,roughing,plunge,0.332,2,34,396,0,0.0007,0.57,0,0.3319,flood,0,TWIST DRILLS.csv
LTH-07,Okuma Multus B250II,,5000,22,Default Preset,center drill,Ti-6Al-4V (S),S,Spot,drilling,roughing,conventional,0.191,2,98,1968,0,0.0011,4.18,0,0.1909,flood,0,TWIST DRILLS.csv
LTH-07,Okuma Multus B250II,,5000,22,Default Preset,center drill,Inconel/Nickel (S),S,Spot,drilling,roughing,conventional,0.191,2,49,984,0,0.0011,2.09,0,0.1909,flood,0,TWIST DRILLS.csv
LTH-07,Okuma Multus B250II,,5000,22,Default Preset,drill,Ti-6Al-4V (S),S,Drill,drilling,roughing,conventional,0.493,2,98,763,0,0.002,3.06,0,0.4929,flood,0,TWIST DRILLS.csv
LTH-07,Okuma Multus B250II,,5000,22,Default Preset,drill,Ti-6Al-4V (S),S,Peck,drilling,roughing,plunge,0.493,2,69,534,0,0.001,1.07,0,0.4929,flood,0,TWIST DRILLS.csv
LTH-07,Okuma Multus B250II,,5000,22,Default Preset,drill,Inconel/Nickel (S),S,Drill,drilling,roughing,conventional,0.493,2,49,381,0,0.002,1.53,0,0.4929,flood,0,TWIST DRILLS.csv
LTH-07,Okuma Multus B250II,,5000,22,Default Preset,drill,Inconel/Nickel (S),S,Peck,drilling,roughing,plunge,0.493,2,34,267,0,0.001,0.54,0,0.4929,flood,0,TWIST DRILLS.csv
LTH-07,Okuma Multus B250II,,5000,22,Default Preset,spot drill,Ti-6Al-4V (S),S,Spot,drilling,roughing,conventional,1,2,98,376,0,0.0029,2.16,0,1,flood,0,TWIST DRILLS.csv
LTH-07,Okuma Multus B250II,,5000,22,Default Preset,spot drill,Inconel/Nickel (S),S,Spot,drilling,roughing,conventional,1,2,49,188,0,0.0029,1.08,0,1,flood,0,TWIST DRILLS.csv
