ISO-10303-21;
HEADER;
/* Generated by software containing ST-Developer
 * from STEP Tools, Inc. (www.steptools.com) 
 */

FILE_DESCRIPTION(
/* description */ (''),
/* implementation_level */ '2;1');

FILE_NAME(
/* name */ '9106018H-E8 6 LOBE PLUS.step',
/* time_stamp */ '2026-01-07T10:36:43-06:00',
/* author */ (''),
/* organization */ (''),
/* preprocessor_version */ 'ST-DEVELOPER v20.1',
/* originating_system */ 'Autodesk Translation Framework v14.24.0.0',
/* authorisation */ '');

FILE_SCHEMA (('AUTOMOTIVE_DESIGN { 1 0 10303 214 3 1 1 }'));
ENDSEC;

DATA;
#10=MECHANICAL_DESIGN_GEOMETRIC_PRESENTATION_REPRESENTATION('',(#13),#2723);
#11=SHAPE_REPRESENTATION_RELATIONSHIP('SRR','None',#2733,#12);
#12=ADVANCED_BREP_SHAPE_REPRESENTATION('',(#14),#2722);
#13=STYLED_ITEM('',(#2742),#14);
#14=MANIFOLD_SOLID_BREP('Body1',#898);
#15=SPHERICAL_SURFACE('',#971,0.1625);
#16=(
BOUNDED_SURFACE()
B_SPLINE_SURFACE(1,2,((#2301,#2302,#2303,#2304,#2305),(#2306,#2307,#2308,
#2309,#2310)),.UNSPECIFIED.,.F.,.F.,.F.)
B_SPLINE_SURFACE_WITH_KNOTS((2,2),(3,2,3),(0.088728664707617,35.0311406173036),
(0.286450517146386,1.57079323433677,2.85513595152716),.UNSPECIFIED.)
GEOMETRIC_REPRESENTATION_ITEM()
RATIONAL_B_SPLINE_SURFACE(((1.,0.800797142589592,1.,0.800797142589592,1.),
(1.,0.800797142589592,1.,0.800797142589592,1.)))
REPRESENTATION_ITEM('')
SURFACE()
);
#17=(
BOUNDED_SURFACE()
B_SPLINE_SURFACE(1,2,((#2335,#2336,#2337,#2338,#2339),(#2340,#2341,#2342,
#2343,#2344)),.UNSPECIFIED.,.F.,.F.,.F.)
B_SPLINE_SURFACE_WITH_KNOTS((2,2),(3,2,3),(0.0920245398773006,37.1549205471524),
(-3.14159265358979,-1.5707963267949,-1.04603441674131E-15),
 .UNSPECIFIED.)
GEOMETRIC_REPRESENTATION_ITEM()
RATIONAL_B_SPLINE_SURFACE(((1.,0.707106781186548,1.,0.707106781186548,1.),
(1.,0.707106781186548,1.,0.707106781186548,1.)))
REPRESENTATION_ITEM('')
SURFACE()
);
#18=(
BOUNDED_SURFACE()
B_SPLINE_SURFACE(1,2,((#2369,#2370,#2371,#2372,#2373),(#2374,#2375,#2376,
#2377,#2378)),.UNSPECIFIED.,.F.,.F.,.F.)
B_SPLINE_SURFACE_WITH_KNOTS((2,2),(3,2,3),(0.088728664707617,35.0311406173036),
(0.286450517146382,1.57079323433677,2.85513595152716),.UNSPECIFIED.)
GEOMETRIC_REPRESENTATION_ITEM()
RATIONAL_B_SPLINE_SURFACE(((1.,0.800797142589591,1.,0.800797142589591,1.),
(1.,0.800797142589591,1.,0.800797142589591,1.)))
REPRESENTATION_ITEM('')
SURFACE()
);
#19=(
BOUNDED_SURFACE()
B_SPLINE_SURFACE(1,2,((#2403,#2404,#2405,#2406,#2407),(#2408,#2409,#2410,
#2411,#2412)),.UNSPECIFIED.,.F.,.F.,.F.)
B_SPLINE_SURFACE_WITH_KNOTS((2,2),(3,2,3),(0.0920245398773007,37.1549205471524),
(-3.1415926535898,-1.5707963267949,-9.50207997796263E-16),.UNSPECIFIED.)
GEOMETRIC_REPRESENTATION_ITEM()
RATIONAL_B_SPLINE_SURFACE(((1.,0.707106781186547,1.,0.707106781186547,1.),
(1.,0.707106781186547,1.,0.707106781186547,1.)))
REPRESENTATION_ITEM('')
SURFACE()
);
#20=(
BOUNDED_SURFACE()
B_SPLINE_SURFACE(1,2,((#2437,#2438,#2439,#2440,#2441),(#2442,#2443,#2444,
#2445,#2446)),.UNSPECIFIED.,.F.,.F.,.F.)
B_SPLINE_SURFACE_WITH_KNOTS((2,2),(3,2,3),(0.088728664707617,35.0311406173036),
(0.286450517146383,1.57079323433677,2.85513595152716),.UNSPECIFIED.)
GEOMETRIC_REPRESENTATION_ITEM()
RATIONAL_B_SPLINE_SURFACE(((1.,0.800797142589592,1.,0.800797142589592,1.),
(1.,0.800797142589592,1.,0.800797142589592,1.)))
REPRESENTATION_ITEM('')
SURFACE()
);
#21=(
BOUNDED_SURFACE()
B_SPLINE_SURFACE(1,2,((#2474,#2475,#2476,#2477,#2478),(#2479,#2480,#2481,
#2482,#2483)),.UNSPECIFIED.,.F.,.F.,.F.)
B_SPLINE_SURFACE_WITH_KNOTS((2,2),(3,2,3),(0.0920245398773006,37.1549205471524),
(-3.14159265358979,-1.5707963267949,-7.91839998163555E-16),
 .UNSPECIFIED.)
GEOMETRIC_REPRESENTATION_ITEM()
RATIONAL_B_SPLINE_SURFACE(((1.,0.707106781186548,1.,0.707106781186548,1.),
(1.,0.707106781186548,1.,0.707106781186548,1.)))
REPRESENTATION_ITEM('')
SURFACE()
);
#22=(
BOUNDED_SURFACE()
B_SPLINE_SURFACE(1,2,((#2642,#2643,#2644,#2645,#2646),(#2647,#2648,#2649,
#2650,#2651)),.UNSPECIFIED.,.F.,.F.,.F.)
B_SPLINE_SURFACE_WITH_KNOTS((2,2),(3,2,3),(0.0920245398772928,37.154920547149),
(-3.14159265358979,-1.5707963267949,3.16735999265473E-16),.UNSPECIFIED.)
GEOMETRIC_REPRESENTATION_ITEM()
RATIONAL_B_SPLINE_SURFACE(((1.,0.707106781186547,1.,0.707106781186547,1.),
(1.,0.707106781186547,1.,0.707106781186547,1.)))
REPRESENTATION_ITEM('')
SURFACE()
);
#23=(
BOUNDED_SURFACE()
B_SPLINE_SURFACE(1,2,((#2655,#2656,#2657,#2658,#2659),(#2660,#2661,#2662,
#2663,#2664)),.UNSPECIFIED.,.F.,.F.,.F.)
B_SPLINE_SURFACE_WITH_KNOTS((2,2),(3,2,3),(0.088728664707617,35.0311406173036),
(0.286450517146382,1.57079323433677,2.85513595152716),.UNSPECIFIED.)
GEOMETRIC_REPRESENTATION_ITEM()
RATIONAL_B_SPLINE_SURFACE(((1.,0.800797142589592,1.,0.800797142589592,1.),
(1.,0.800797142589592,1.,0.800797142589592,1.)))
REPRESENTATION_ITEM('')
SURFACE()
);
#24=(
BOUNDED_SURFACE()
B_SPLINE_SURFACE(1,2,((#2668,#2669,#2670,#2671,#2672),(#2673,#2674,#2675,
#2676,#2677)),.UNSPECIFIED.,.F.,.F.,.F.)
B_SPLINE_SURFACE_WITH_KNOTS((2,2),(3,2,3),(0.0920245398773006,37.1549205471524),
(-3.1415926535898,-1.5707963267949,-3.80443402756572E-16),.UNSPECIFIED.)
GEOMETRIC_REPRESENTATION_ITEM()
RATIONAL_B_SPLINE_SURFACE(((1.,0.707106781186547,1.,0.707106781186547,1.),
(1.,0.707106781186547,1.,0.707106781186547,1.)))
REPRESENTATION_ITEM('')
SURFACE()
);
#25=(
BOUNDED_SURFACE()
B_SPLINE_SURFACE(1,2,((#2681,#2682,#2683,#2684,#2685),(#2686,#2687,#2688,
#2689,#2690)),.UNSPECIFIED.,.F.,.F.,.F.)
B_SPLINE_SURFACE_WITH_KNOTS((2,2),(3,2,3),(0.088728664707617,35.0311406173036),
(0.286450517146381,1.57079323433677,2.85513595152716),.UNSPECIFIED.)
GEOMETRIC_REPRESENTATION_ITEM()
RATIONAL_B_SPLINE_SURFACE(((1.,0.800797142589591,1.,0.800797142589591,1.),
(1.,0.800797142589591,1.,0.800797142589591,1.)))
REPRESENTATION_ITEM('')
SURFACE()
);
#26=(
BOUNDED_SURFACE()
B_SPLINE_SURFACE(1,2,((#2694,#2695,#2696,#2697,#2698),(#2699,#2700,#2701,
#2702,#2703)),.UNSPECIFIED.,.F.,.F.,.F.)
B_SPLINE_SURFACE_WITH_KNOTS((2,2),(3,2,3),(0.0920245398773006,37.1549205471524),
(-3.1415926535898,-1.5707963267949,4.91376237398672E-17),.UNSPECIFIED.)
GEOMETRIC_REPRESENTATION_ITEM()
RATIONAL_B_SPLINE_SURFACE(((1.,0.707106781186547,1.,0.707106781186547,1.),
(1.,0.707106781186547,1.,0.707106781186547,1.)))
REPRESENTATION_ITEM('')
SURFACE()
);
#27=(
BOUNDED_SURFACE()
B_SPLINE_SURFACE(1,2,((#2707,#2708,#2709,#2710,#2711),(#2712,#2713,#2714,
#2715,#2716)),.UNSPECIFIED.,.F.,.F.,.F.)
B_SPLINE_SURFACE_WITH_KNOTS((2,2),(3,2,3),(0.088728664707617,35.0311406173037),
(0.286450517146385,1.57079323433677,2.85513595152716),.UNSPECIFIED.)
GEOMETRIC_REPRESENTATION_ITEM()
RATIONAL_B_SPLINE_SURFACE(((1.,0.800797142589592,1.,0.800797142589592,1.),
(1.,0.800797142589592,1.,0.800797142589592,1.)))
REPRESENTATION_ITEM('')
SURFACE()
);
#28=CYLINDRICAL_SURFACE('',#921,0.003);
#29=CYLINDRICAL_SURFACE('',#924,0.003);
#30=CYLINDRICAL_SURFACE('',#927,0.003);
#31=CYLINDRICAL_SURFACE('',#930,0.003);
#32=CYLINDRICAL_SURFACE('',#933,0.003);
#33=CYLINDRICAL_SURFACE('',#936,0.003);
#34=CYLINDRICAL_SURFACE('',#939,0.003);
#35=CYLINDRICAL_SURFACE('',#942,0.003);
#36=CYLINDRICAL_SURFACE('',#945,0.003);
#37=CYLINDRICAL_SURFACE('',#948,0.003);
#38=CYLINDRICAL_SURFACE('',#951,0.003);
#39=CYLINDRICAL_SURFACE('',#954,0.003);
#40=CYLINDRICAL_SURFACE('',#980,0.1625);
#41=B_SPLINE_SURFACE_WITH_KNOTS('',3,3,((#1383,#1384,#1385,#1386,#1387,
#1388,#1389,#1390,#1391,#1392,#1393,#1394,#1395),(#1396,#1397,#1398,#1399,
#1400,#1401,#1402,#1403,#1404,#1405,#1406,#1407,#1408),(#1409,#1410,#1411,
#1412,#1413,#1414,#1415,#1416,#1417,#1418,#1419,#1420,#1421),(#1422,#1423,
#1424,#1425,#1426,#1427,#1428,#1429,#1430,#1431,#1432,#1433,#1434),(#1435,
#1436,#1437,#1438,#1439,#1440,#1441,#1442,#1443,#1444,#1445,#1446,#1447)),
 .UNSPECIFIED.,.F.,.F.,.F.,(4,1,4),(4,1,1,1,1,1,1,1,1,1,4),(0.,0.571428571428571,
1.),(0.,0.00641887418280247,0.0128377483656049,0.0256754967312099,0.0513509934624197,
0.0770264901936296,0.128377483656049,0.154052980387259,0.166890728752864,
0.173309602935667,0.179728477118469),.UNSPECIFIED.);
#42=B_SPLINE_SURFACE_WITH_KNOTS('',3,3,((#1469,#1470,#1471,#1472,#1473,
#1474,#1475,#1476,#1477,#1478),(#1479,#1480,#1481,#1482,#1483,#1484,#1485,
#1486,#1487,#1488),(#1489,#1490,#1491,#1492,#1493,#1494,#1495,#1496,#1497,
#1498),(#1499,#1500,#1501,#1502,#1503,#1504,#1505,#1506,#1507,#1508),(#1509,
#1510,#1511,#1512,#1513,#1514,#1515,#1516,#1517,#1518)),.UNSPECIFIED.,.F.,
 .F.,.F.,(4,1,4),(4,1,1,1,1,1,1,4),(0.,0.571428571428571,1.),(0.,0.0284387690964132,
0.0426581536446197,0.0853163072892394,0.142193845482066,0.170632614578479,
0.184851999126685,0.199071383674892),.UNSPECIFIED.);
#43=B_SPLINE_SURFACE_WITH_KNOTS('',3,3,((#1535,#1536,#1537,#1538,#1539,
#1540,#1541,#1542,#1543,#1544,#1545,#1546,#1547),(#1548,#1549,#1550,#1551,
#1552,#1553,#1554,#1555,#1556,#1557,#1558,#1559,#1560),(#1561,#1562,#1563,
#1564,#1565,#1566,#1567,#1568,#1569,#1570,#1571,#1572,#1573),(#1574,#1575,
#1576,#1577,#1578,#1579,#1580,#1581,#1582,#1583,#1584,#1585,#1586),(#1587,
#1588,#1589,#1590,#1591,#1592,#1593,#1594,#1595,#1596,#1597,#1598,#1599)),
 .UNSPECIFIED.,.F.,.F.,.F.,(4,1,4),(4,1,1,1,1,1,1,1,1,1,4),(0.,0.571428571428571,
1.),(0.,0.00641887418280246,0.0128377483656049,0.0256754967312099,0.0513509934624197,
0.0770264901936296,0.128377483656049,0.154052980387259,0.166890728752864,
0.173309602935666,0.179728477118469),.UNSPECIFIED.);
#44=B_SPLINE_SURFACE_WITH_KNOTS('',3,3,((#1619,#1620,#1621,#1622,#1623,
#1624,#1625,#1626,#1627,#1628),(#1629,#1630,#1631,#1632,#1633,#1634,#1635,
#1636,#1637,#1638),(#1639,#1640,#1641,#1642,#1643,#1644,#1645,#1646,#1647,
#1648),(#1649,#1650,#1651,#1652,#1653,#1654,#1655,#1656,#1657,#1658),(#1659,
#1660,#1661,#1662,#1663,#1664,#1665,#1666,#1667,#1668)),.UNSPECIFIED.,.F.,
 .F.,.F.,(4,1,4),(4,1,1,1,1,1,1,4),(0.,0.571428571428571,1.),(0.,0.0142193845482066,
0.0284387690964132,0.0568775381928263,0.113755076385653,0.156413230030272,
0.170632614578479,0.199071383674892),.UNSPECIFIED.);
#45=B_SPLINE_SURFACE_WITH_KNOTS('',3,3,((#1685,#1686,#1687,#1688,#1689,
#1690,#1691,#1692,#1693,#1694,#1695,#1696,#1697),(#1698,#1699,#1700,#1701,
#1702,#1703,#1704,#1705,#1706,#1707,#1708,#1709,#1710),(#1711,#1712,#1713,
#1714,#1715,#1716,#1717,#1718,#1719,#1720,#1721,#1722,#1723),(#1724,#1725,
#1726,#1727,#1728,#1729,#1730,#1731,#1732,#1733,#1734,#1735,#1736),(#1737,
#1738,#1739,#1740,#1741,#1742,#1743,#1744,#1745,#1746,#1747,#1748,#1749)),
 .UNSPECIFIED.,.F.,.F.,.F.,(4,1,4),(4,1,1,1,1,1,1,1,1,1,4),(0.,0.571428571428571,
1.),(0.,0.00641887418280247,0.0128377483656049,0.0256754967312099,0.0513509934624198,
0.0770264901936297,0.128377483656049,0.154052980387259,0.166890728752864,
0.173309602935667,0.179728477118469),.UNSPECIFIED.);
#46=B_SPLINE_SURFACE_WITH_KNOTS('',3,3,((#1769,#1770,#1771,#1772,#1773,
#1774,#1775,#1776,#1777,#1778),(#1779,#1780,#1781,#1782,#1783,#1784,#1785,
#1786,#1787,#1788),(#1789,#1790,#1791,#1792,#1793,#1794,#1795,#1796,#1797,
#1798),(#1799,#1800,#1801,#1802,#1803,#1804,#1805,#1806,#1807,#1808),(#1809,
#1810,#1811,#1812,#1813,#1814,#1815,#1816,#1817,#1818)),.UNSPECIFIED.,.F.,
 .F.,.F.,(4,1,4),(4,1,1,1,1,1,1,4),(0.,0.571428571428571,1.),(0.,0.0284387690964131,
0.0426581536446197,0.0853163072892394,0.142193845482066,0.170632614578479,
0.184851999126685,0.199071383674892),.UNSPECIFIED.);
#47=B_SPLINE_SURFACE_WITH_KNOTS('',3,3,((#1835,#1836,#1837,#1838,#1839,
#1840,#1841,#1842,#1843,#1844,#1845,#1846,#1847),(#1848,#1849,#1850,#1851,
#1852,#1853,#1854,#1855,#1856,#1857,#1858,#1859,#1860),(#1861,#1862,#1863,
#1864,#1865,#1866,#1867,#1868,#1869,#1870,#1871,#1872,#1873),(#1874,#1875,
#1876,#1877,#1878,#1879,#1880,#1881,#1882,#1883,#1884,#1885,#1886),(#1887,
#1888,#1889,#1890,#1891,#1892,#1893,#1894,#1895,#1896,#1897,#1898,#1899)),
 .UNSPECIFIED.,.F.,.F.,.F.,(4,1,4),(4,1,1,1,1,1,1,1,1,1,4),(0.,0.571428571428571,
1.),(2.03799948631716E-18,0.0064188741828026,0.0128377483656052,0.0256754967312104,
0.0513509934624208,0.0770264901936311,0.128377483656052,0.154052980387262,
0.166890728752867,0.17330960293567,0.179728477118473),.UNSPECIFIED.);
#48=B_SPLINE_SURFACE_WITH_KNOTS('',3,3,((#1919,#1920,#1921,#1922,#1923,
#1924,#1925,#1926,#1927,#1928),(#1929,#1930,#1931,#1932,#1933,#1934,#1935,
#1936,#1937,#1938),(#1939,#1940,#1941,#1942,#1943,#1944,#1945,#1946,#1947,
#1948),(#1949,#1950,#1951,#1952,#1953,#1954,#1955,#1956,#1957,#1958),(#1959,
#1960,#1961,#1962,#1963,#1964,#1965,#1966,#1967,#1968)),.UNSPECIFIED.,.F.,
 .F.,.F.,(4,1,4),(4,1,1,1,1,1,1,4),(0.,0.571428571428571,1.),(0.,0.0284387690964132,
0.0426581536446197,0.0853163072892394,0.142193845482066,0.170632614578479,
0.184851999126685,0.199071383674892),.UNSPECIFIED.);
#49=B_SPLINE_SURFACE_WITH_KNOTS('',3,3,((#1985,#1986,#1987,#1988,#1989,
#1990,#1991,#1992,#1993,#1994,#1995,#1996,#1997),(#1998,#1999,#2000,#2001,
#2002,#2003,#2004,#2005,#2006,#2007,#2008,#2009,#2010),(#2011,#2012,#2013,
#2014,#2015,#2016,#2017,#2018,#2019,#2020,#2021,#2022,#2023),(#2024,#2025,
#2026,#2027,#2028,#2029,#2030,#2031,#2032,#2033,#2034,#2035,#2036),(#2037,
#2038,#2039,#2040,#2041,#2042,#2043,#2044,#2045,#2046,#2047,#2048,#2049)),
 .UNSPECIFIED.,.F.,.F.,.F.,(4,1,4),(4,1,1,1,1,1,1,1,1,1,4),(0.,0.571428571428571,
1.),(0.,0.00641887418280247,0.0128377483656049,0.0256754967312099,0.0513509934624197,
0.102701986924839,0.128377483656049,0.154052980387259,0.166890728752864,
0.173309602935667,0.179728477118469),.UNSPECIFIED.);
#50=B_SPLINE_SURFACE_WITH_KNOTS('',3,3,((#2069,#2070,#2071,#2072,#2073,
#2074,#2075,#2076,#2077,#2078,#2079),(#2080,#2081,#2082,#2083,#2084,#2085,
#2086,#2087,#2088,#2089,#2090),(#2091,#2092,#2093,#2094,#2095,#2096,#2097,
#2098,#2099,#2100,#2101),(#2102,#2103,#2104,#2105,#2106,#2107,#2108,#2109,
#2110,#2111,#2112),(#2113,#2114,#2115,#2116,#2117,#2118,#2119,#2120,#2121,
#2122,#2123)),.UNSPECIFIED.,.F.,.F.,.F.,(4,1,4),(4,1,1,1,1,1,1,1,4),(0.,
0.571428571428571,1.),(0.,0.0142193845482066,0.0284387690964131,0.0568775381928263,
0.113755076385653,0.142193845482066,0.170632614578479,0.184851999126685,
0.199071383674892),.UNSPECIFIED.);
#51=B_SPLINE_SURFACE_WITH_KNOTS('',3,3,((#2141,#2142,#2143,#2144,#2145,
#2146,#2147,#2148,#2149,#2150,#2151,#2152,#2153),(#2154,#2155,#2156,#2157,
#2158,#2159,#2160,#2161,#2162,#2163,#2164,#2165,#2166),(#2167,#2168,#2169,
#2170,#2171,#2172,#2173,#2174,#2175,#2176,#2177,#2178,#2179),(#2180,#2181,
#2182,#2183,#2184,#2185,#2186,#2187,#2188,#2189,#2190,#2191,#2192),(#2193,
#2194,#2195,#2196,#2197,#2198,#2199,#2200,#2201,#2202,#2203,#2204,#2205)),
 .UNSPECIFIED.,.F.,.F.,.F.,(4,1,4),(4,1,1,1,1,1,1,1,1,1,4),(0.,0.571428571428571,
1.),(0.,0.00641887418280247,0.0128377483656049,0.0256754967312099,0.0513509934624198,
0.0770264901936296,0.128377483656049,0.154052980387259,0.166890728752864,
0.173309602935667,0.179728477118469),.UNSPECIFIED.);
#52=B_SPLINE_SURFACE_WITH_KNOTS('',3,3,((#2225,#2226,#2227,#2228,#2229,
#2230,#2231,#2232,#2233,#2234,#2235),(#2236,#2237,#2238,#2239,#2240,#2241,
#2242,#2243,#2244,#2245,#2246),(#2247,#2248,#2249,#2250,#2251,#2252,#2253,
#2254,#2255,#2256,#2257),(#2258,#2259,#2260,#2261,#2262,#2263,#2264,#2265,
#2266,#2267,#2268),(#2269,#2270,#2271,#2272,#2273,#2274,#2275,#2276,#2277,
#2278,#2279)),.UNSPECIFIED.,.F.,.F.,.F.,(4,1,4),(4,1,1,1,1,1,1,1,4),(0.,
0.571428571428571,1.),(0.,0.0142193845482066,0.0284387690964131,0.0568775381928263,
0.0853163072892394,0.142193845482066,0.170632614578479,0.184851999126685,
0.199071383674892),.UNSPECIFIED.);
#53=CONICAL_SURFACE('',#917,0.0894953478169169,0.157079632679489);
#54=FACE_BOUND('',#265,.T.);
#55=LINE('',#1219,#105);
#56=LINE('',#1232,#106);
#57=LINE('',#1248,#107);
#58=LINE('',#1261,#108);
#59=LINE('',#1277,#109);
#60=LINE('',#1290,#110);
#61=LINE('',#1306,#111);
#62=LINE('',#1319,#112);
#63=LINE('',#1335,#113);
#64=LINE('',#1349,#114);
#65=LINE('',#1365,#115);
#66=LINE('',#1378,#116);
#67=LINE('',#1381,#117);
#68=LINE('',#1468,#118);
#69=LINE('',#1534,#119);
#70=LINE('',#1618,#120);
#71=LINE('',#1684,#121);
#72=LINE('',#1768,#122);
#73=LINE('',#1834,#123);
#74=LINE('',#1918,#124);
#75=LINE('',#1984,#125);
#76=LINE('',#2068,#126);
#77=LINE('',#2140,#127);
#78=LINE('',#2224,#128);
#79=LINE('',#2294,#129);
#80=LINE('',#2297,#130);
#81=LINE('',#2300,#131);
#82=LINE('',#2312,#132);
#83=LINE('',#2333,#133);
#84=LINE('',#2346,#134);
#85=LINE('',#2367,#135);
#86=LINE('',#2380,#136);
#87=LINE('',#2401,#137);
#88=LINE('',#2414,#138);
#89=LINE('',#2435,#139);
#90=LINE('',#2448,#140);
#91=LINE('',#2472,#141);
#92=LINE('',#2485,#142);
#93=LINE('',#2640,#143);
#94=LINE('',#2652,#144);
#95=LINE('',#2654,#145);
#96=LINE('',#2665,#146);
#97=LINE('',#2667,#147);
#98=LINE('',#2678,#148);
#99=LINE('',#2680,#149);
#100=LINE('',#2691,#150);
#101=LINE('',#2693,#151);
#102=LINE('',#2704,#152);
#103=LINE('',#2706,#153);
#104=LINE('',#2717,#154);
#105=VECTOR('',#1001,0.393700787401575);
#106=VECTOR('',#1002,0.393700787401575);
#107=VECTOR('',#1003,0.393700787401575);
#108=VECTOR('',#1004,0.393700787401575);
#109=VECTOR('',#1005,0.393700787401575);
#110=VECTOR('',#1006,0.393700787401575);
#111=VECTOR('',#1007,0.393700787401575);
#112=VECTOR('',#1008,0.393700787401575);
#113=VECTOR('',#1009,0.393700787401575);
#114=VECTOR('',#1010,0.393700787401575);
#115=VECTOR('',#1011,0.393700787401575);
#116=VECTOR('',#1012,0.393700787401575);
#117=VECTOR('',#1015,0.0894953478169169);
#118=VECTOR('',#1026,0.393700787401575);
#119=VECTOR('',#1033,0.393700787401575);
#120=VECTOR('',#1040,0.393700787401575);
#121=VECTOR('',#1047,0.393700787401575);
#122=VECTOR('',#1054,0.393700787401575);
#123=VECTOR('',#1061,0.393700787401575);
#124=VECTOR('',#1068,0.393700787401575);
#125=VECTOR('',#1075,0.393700787401575);
#126=VECTOR('',#1082,0.393700787401575);
#127=VECTOR('',#1089,0.393700787401575);
#128=VECTOR('',#1096,0.393700787401575);
#129=VECTOR('',#1101,0.393700787401575);
#130=VECTOR('',#1104,0.393700787401575);
#131=VECTOR('',#1107,0.393700787401575);
#132=VECTOR('',#1108,0.393700787401575);
#133=VECTOR('',#1111,0.393700787401575);
#134=VECTOR('',#1114,0.393700787401575);
#135=VECTOR('',#1117,0.393700787401575);
#136=VECTOR('',#1120,0.393700787401575);
#137=VECTOR('',#1123,0.393700787401575);
#138=VECTOR('',#1126,0.393700787401575);
#139=VECTOR('',#1129,0.393700787401575);
#140=VECTOR('',#1132,0.393700787401575);
#141=VECTOR('',#1135,0.393700787401575);
#142=VECTOR('',#1138,0.393700787401575);
#143=VECTOR('',#1167,0.1625);
#144=VECTOR('',#1170,0.393700787401575);
#145=VECTOR('',#1173,0.393700787401575);
#146=VECTOR('',#1174,0.393700787401575);
#147=VECTOR('',#1177,0.393700787401575);
#148=VECTOR('',#1178,0.393700787401575);
#149=VECTOR('',#1181,0.393700787401575);
#150=VECTOR('',#1182,0.393700787401575);
#151=VECTOR('',#1185,0.393700787401575);
#152=VECTOR('',#1186,0.393700787401575);
#153=VECTOR('',#1189,0.393700787401575);
#154=VECTOR('',#1190,0.393700787401575);
#155=B_SPLINE_CURVE_WITH_KNOTS('',3,(#1205,#1206,#1207,#1208,#1209,#1210,
#1211,#1212,#1213,#1214,#1215,#1216,#1217),.UNSPECIFIED.,.F.,.F.,(4,1,1,
1,1,1,1,1,1,1,4),(-0.179728477118469,-0.173309602935667,-0.166890728752864,
-0.154052980387259,-0.128377483656049,-0.0770264901936296,-0.0513509934624197,
-0.0256754967312099,-0.0128377483656049,-0.00641887418280247,0.),
 .UNSPECIFIED.);
#156=B_SPLINE_CURVE_WITH_KNOTS('',3,(#1221,#1222,#1223,#1224,#1225,#1226,
#1227,#1228,#1229,#1230),.UNSPECIFIED.,.F.,.F.,(4,1,1,1,1,1,1,4),(0.,0.0284387690964132,
0.0426581536446197,0.0853163072892394,0.142193845482066,0.170632614578479,
0.184851999126685,0.199071305984606),.UNSPECIFIED.);
#157=B_SPLINE_CURVE_WITH_KNOTS('',3,(#1234,#1235,#1236,#1237,#1238,#1239,
#1240,#1241,#1242,#1243,#1244,#1245,#1246),.UNSPECIFIED.,.F.,.F.,(4,1,1,
1,1,1,1,1,1,1,4),(-0.179728477118469,-0.173309602935666,-0.166890728752864,
-0.154052980387259,-0.128377483656049,-0.0770264901936296,-0.0513509934624197,
-0.0256754967312099,-0.0128377483656049,-0.00641887418280246,0.),
 .UNSPECIFIED.);
#158=B_SPLINE_CURVE_WITH_KNOTS('',3,(#1250,#1251,#1252,#1253,#1254,#1255,
#1256,#1257,#1258,#1259),.UNSPECIFIED.,.F.,.F.,(4,1,1,1,1,1,1,4),(0.,0.0142193845482066,
0.0284387690964132,0.0568775381928263,0.113755076385653,0.156413230030272,
0.170632614578479,0.199071305984607),.UNSPECIFIED.);
#159=B_SPLINE_CURVE_WITH_KNOTS('',3,(#1263,#1264,#1265,#1266,#1267,#1268,
#1269,#1270,#1271,#1272,#1273,#1274,#1275),.UNSPECIFIED.,.F.,.F.,(4,1,1,
1,1,1,1,1,1,1,4),(-0.179728477118469,-0.173309602935667,-0.166890728752864,
-0.154052980387259,-0.128377483656049,-0.0770264901936297,-0.0513509934624198,
-0.0256754967312099,-0.0128377483656049,-0.00641887418280247,0.),
 .UNSPECIFIED.);
#160=B_SPLINE_CURVE_WITH_KNOTS('',3,(#1279,#1280,#1281,#1282,#1283,#1284,
#1285,#1286,#1287,#1288),.UNSPECIFIED.,.F.,.F.,(4,1,1,1,1,1,1,4),(0.,0.0284387690964131,
0.0426581536446197,0.0853163072892394,0.142193845482066,0.170632614578479,
0.184851999126685,0.199071305984607),.UNSPECIFIED.);
#161=B_SPLINE_CURVE_WITH_KNOTS('',3,(#1292,#1293,#1294,#1295,#1296,#1297,
#1298,#1299,#1300,#1301,#1302,#1303,#1304),.UNSPECIFIED.,.F.,.F.,(4,1,1,
1,1,1,1,1,1,1,4),(-0.179728477118473,-0.17330960293567,-0.166890728752867,
-0.154052980387262,-0.128377483656052,-0.0770264901936311,-0.0513509934624208,
-0.0256754967312104,-0.0128377483656052,-0.0064188741828026,-2.03799948631716E-18),
 .UNSPECIFIED.);
#162=B_SPLINE_CURVE_WITH_KNOTS('',3,(#1308,#1309,#1310,#1311,#1312,#1313,
#1314,#1315,#1316,#1317),.UNSPECIFIED.,.F.,.F.,(4,1,1,1,1,1,1,4),(0.,0.0284387690964132,
0.0426581536446197,0.0853163072892394,0.142193845482066,0.170632614578479,
0.184851999126685,0.199071305984607),.UNSPECIFIED.);
#163=B_SPLINE_CURVE_WITH_KNOTS('',3,(#1321,#1322,#1323,#1324,#1325,#1326,
#1327,#1328,#1329,#1330,#1331,#1332,#1333),.UNSPECIFIED.,.F.,.F.,(4,1,1,
1,1,1,1,1,1,1,4),(-0.179728477118469,-0.173309602935667,-0.166890728752864,
-0.154052980387259,-0.128377483656049,-0.102701986924839,-0.0513509934624197,
-0.0256754967312099,-0.0128377483656049,-0.00641887418280247,0.),
 .UNSPECIFIED.);
#164=B_SPLINE_CURVE_WITH_KNOTS('',3,(#1337,#1338,#1339,#1340,#1341,#1342,
#1343,#1344,#1345,#1346,#1347),.UNSPECIFIED.,.F.,.F.,(4,1,1,1,1,1,1,1,4),
(0.,0.0142193845482066,0.0284387690964131,0.0568775381928263,0.113755076385653,
0.142193845482066,0.170632614578479,0.184851999126685,0.199071305984606),
 .UNSPECIFIED.);
#165=B_SPLINE_CURVE_WITH_KNOTS('',3,(#1351,#1352,#1353,#1354,#1355,#1356,
#1357,#1358,#1359,#1360,#1361,#1362,#1363),.UNSPECIFIED.,.F.,.F.,(4,1,1,
1,1,1,1,1,1,1,4),(-0.179728477118469,-0.173309602935667,-0.166890728752864,
-0.154052980387259,-0.128377483656049,-0.0770264901936296,-0.0513509934624198,
-0.0256754967312099,-0.0128377483656049,-0.00641887418280247,0.),
 .UNSPECIFIED.);
#166=B_SPLINE_CURVE_WITH_KNOTS('',3,(#1367,#1368,#1369,#1370,#1371,#1372,
#1373,#1374,#1375,#1376,#1377),.UNSPECIFIED.,.F.,.F.,(4,1,1,1,1,1,1,1,4),
(0.,0.0142193845482066,0.0284387690964131,0.0568775381928263,0.0853163072892394,
0.142193845482066,0.170632614578479,0.184851999126685,0.199071305984606),
 .UNSPECIFIED.);
#167=B_SPLINE_CURVE_WITH_KNOTS('',3,(#1452,#1453,#1454,#1455,#1456,#1457,
#1458,#1459,#1460,#1461,#1462,#1463,#1464),.UNSPECIFIED.,.F.,.F.,(4,1,1,
1,1,1,1,1,1,1,4),(0.,0.00641887418280247,0.0128377483656049,0.0256754967312099,
0.0513509934624197,0.0770264901936296,0.128377483656049,0.154052980387259,
0.166890728752864,0.173309602935667,0.179728477118469),.UNSPECIFIED.);
#168=B_SPLINE_CURVE_WITH_KNOTS('',3,(#1520,#1521,#1522,#1523,#1524,#1525,
#1526,#1527,#1528,#1529),.UNSPECIFIED.,.F.,.F.,(4,1,1,1,1,1,1,4),(-0.199071383674892,
-0.184851999126685,-0.170632614578479,-0.142193845482066,-0.0853163072892394,
-0.0426581536446197,-0.0284387690964132,0.),.UNSPECIFIED.);
#169=B_SPLINE_CURVE_WITH_KNOTS('',3,(#1602,#1603,#1604,#1605,#1606,#1607,
#1608,#1609,#1610,#1611,#1612,#1613,#1614),.UNSPECIFIED.,.F.,.F.,(4,1,1,
1,1,1,1,1,1,1,4),(0.,0.00641887418280246,0.0128377483656049,0.0256754967312099,
0.0513509934624197,0.0770264901936296,0.128377483656049,0.154052980387259,
0.166890728752864,0.173309602935666,0.179728477118469),.UNSPECIFIED.);
#170=B_SPLINE_CURVE_WITH_KNOTS('',3,(#1670,#1671,#1672,#1673,#1674,#1675,
#1676,#1677,#1678,#1679),.UNSPECIFIED.,.F.,.F.,(4,1,1,1,1,1,1,4),(-0.199071383674892,
-0.170632614578479,-0.156413230030272,-0.113755076385653,-0.0568775381928263,
-0.0284387690964132,-0.0142193845482066,0.),.UNSPECIFIED.);
#171=B_SPLINE_CURVE_WITH_KNOTS('',3,(#1752,#1753,#1754,#1755,#1756,#1757,
#1758,#1759,#1760,#1761,#1762,#1763,#1764),.UNSPECIFIED.,.F.,.F.,(4,1,1,
1,1,1,1,1,1,1,4),(0.,0.00641887418280247,0.0128377483656049,0.0256754967312099,
0.0513509934624198,0.0770264901936297,0.128377483656049,0.154052980387259,
0.166890728752864,0.173309602935667,0.179728477118469),.UNSPECIFIED.);
#172=B_SPLINE_CURVE_WITH_KNOTS('',3,(#1820,#1821,#1822,#1823,#1824,#1825,
#1826,#1827,#1828,#1829),.UNSPECIFIED.,.F.,.F.,(4,1,1,1,1,1,1,4),(-0.199071383674892,
-0.184851999126685,-0.170632614578479,-0.142193845482066,-0.0853163072892394,
-0.0426581536446197,-0.0284387690964131,0.),.UNSPECIFIED.);
#173=B_SPLINE_CURVE_WITH_KNOTS('',3,(#1902,#1903,#1904,#1905,#1906,#1907,
#1908,#1909,#1910,#1911,#1912,#1913,#1914),.UNSPECIFIED.,.F.,.F.,(4,1,1,
1,1,1,1,1,1,1,4),(2.03799948631716E-18,0.0064188741828026,0.0128377483656052,
0.0256754967312104,0.0513509934624208,0.0770264901936311,0.128377483656052,
0.154052980387262,0.166890728752867,0.17330960293567,0.179728477118473),
 .UNSPECIFIED.);
#174=B_SPLINE_CURVE_WITH_KNOTS('',3,(#1970,#1971,#1972,#1973,#1974,#1975,
#1976,#1977,#1978,#1979),.UNSPECIFIED.,.F.,.F.,(4,1,1,1,1,1,1,4),(-0.199071383674892,
-0.184851999126685,-0.170632614578479,-0.142193845482066,-0.0853163072892394,
-0.0426581536446197,-0.0284387690964132,0.),.UNSPECIFIED.);
#175=B_SPLINE_CURVE_WITH_KNOTS('',3,(#2052,#2053,#2054,#2055,#2056,#2057,
#2058,#2059,#2060,#2061,#2062,#2063,#2064),.UNSPECIFIED.,.F.,.F.,(4,1,1,
1,1,1,1,1,1,1,4),(0.,0.00641887418280247,0.0128377483656049,0.0256754967312099,
0.0513509934624197,0.102701986924839,0.128377483656049,0.154052980387259,
0.166890728752864,0.173309602935667,0.179728477118469),.UNSPECIFIED.);
#176=B_SPLINE_CURVE_WITH_KNOTS('',3,(#2125,#2126,#2127,#2128,#2129,#2130,
#2131,#2132,#2133,#2134,#2135),.UNSPECIFIED.,.F.,.F.,(4,1,1,1,1,1,1,1,4),
(-0.199071383674892,-0.184851999126685,-0.170632614578479,-0.142193845482066,
-0.113755076385653,-0.0568775381928263,-0.0284387690964131,-0.0142193845482066,
0.),.UNSPECIFIED.);
#177=B_SPLINE_CURVE_WITH_KNOTS('',3,(#2208,#2209,#2210,#2211,#2212,#2213,
#2214,#2215,#2216,#2217,#2218,#2219,#2220),.UNSPECIFIED.,.F.,.F.,(4,1,1,
1,1,1,1,1,1,1,4),(0.,0.00641887418280247,0.0128377483656049,0.0256754967312099,
0.0513509934624198,0.0770264901936296,0.128377483656049,0.154052980387259,
0.166890728752864,0.173309602935667,0.179728477118469),.UNSPECIFIED.);
#178=B_SPLINE_CURVE_WITH_KNOTS('',3,(#2281,#2282,#2283,#2284,#2285,#2286,
#2287,#2288,#2289,#2290,#2291),.UNSPECIFIED.,.F.,.F.,(4,1,1,1,1,1,1,1,4),
(-0.199071383674892,-0.184851999126685,-0.170632614578479,-0.142193845482066,
-0.0853163072892394,-0.0568775381928263,-0.0284387690964131,-0.0142193845482066,
0.),.UNSPECIFIED.);
#179=B_SPLINE_CURVE_WITH_KNOTS('',3,(#2313,#2314,#2315,#2316,#2317,#2318,
#2319,#2320,#2321,#2322,#2323,#2324,#2325,#2326,#2327,#2328,#2329,#2330),
 .UNSPECIFIED.,.F.,.F.,(4,2,2,2,2,2,2,2,4),(0.0204741974512975,0.0289001138576632,
0.0578002277153264,0.0894408693842045,0.121081511053083,0.152722152721961,
0.184362794390839,0.213262908248502,0.221688382267631),.UNSPECIFIED.);
#180=B_SPLINE_CURVE_WITH_KNOTS('',3,(#2347,#2348,#2349,#2350,#2351,#2352,
#2353,#2354,#2355,#2356,#2357,#2358,#2359,#2360,#2361,#2362,#2363,#2364),
 .UNSPECIFIED.,.F.,.F.,(4,2,2,2,2,2,2,2,4),(0.,0.027415972008804,0.0548319440176081,
0.0848099908514708,0.114788037685334,0.14617132065938,0.177554603633427,
0.203555276697254,0.229555949761081),.UNSPECIFIED.);
#181=B_SPLINE_CURVE_WITH_KNOTS('',3,(#2381,#2382,#2383,#2384,#2385,#2386,
#2387,#2388,#2389,#2390,#2391,#2392,#2393,#2394,#2395,#2396,#2397,#2398),
 .UNSPECIFIED.,.F.,.F.,(4,2,2,2,2,2,2,2,4),(0.0204741974512979,0.0289001138576634,
0.0578002277153267,0.0894408693842048,0.121081511053083,0.152722152721961,
0.184362794390839,0.213262908248502,0.221688382267631),.UNSPECIFIED.);
#182=B_SPLINE_CURVE_WITH_KNOTS('',3,(#2415,#2416,#2417,#2418,#2419,#2420,
#2421,#2422,#2423,#2424,#2425,#2426,#2427,#2428,#2429,#2430,#2431,#2432),
 .UNSPECIFIED.,.F.,.F.,(4,2,2,2,2,2,2,2,4),(0.,0.0274159720088042,0.0548319440176084,
0.084809990851471,0.114788037685334,0.144766084519196,0.174744131353059,
0.202160103361863,0.229576075370667),.UNSPECIFIED.);
#183=B_SPLINE_CURVE_WITH_KNOTS('',3,(#2450,#2451,#2452,#2453,#2454,#2455,
#2456,#2457,#2458,#2459),.UNSPECIFIED.,.F.,.F.,(4,2,2,2,4),(0.0204225063285482,
0.0278120183824449,0.0556240367648898,0.0883458491653237,0.121067661565758),
 .UNSPECIFIED.);
#184=B_SPLINE_CURVE_WITH_KNOTS('',3,(#2460,#2461,#2462,#2463,#2464,#2465,
#2466,#2467,#2468,#2469),.UNSPECIFIED.,.F.,.F.,(4,2,2,2,4),(0.121067661565758,
0.153789473966192,0.186511286366625,0.21432330474907,0.221712375983378),
 .UNSPECIFIED.);
#185=B_SPLINE_CURVE_WITH_KNOTS('',3,(#2486,#2487,#2488,#2489,#2490,#2491,
#2492,#2493,#2494,#2495,#2496,#2497,#2498,#2499,#2500,#2501,#2502,#2503),
 .UNSPECIFIED.,.F.,.F.,(4,2,2,2,2,2,2,2,4),(0.,0.0260006730638268,0.0520013461276535,
0.0833846291017002,0.114767912075747,0.146151195049794,0.17753447802384,
0.203535151087667,0.229535824151494),.UNSPECIFIED.);
#186=B_SPLINE_CURVE_WITH_KNOTS('',3,(#2514,#2515,#2516,#2517,#2518,#2519,
#2520,#2521,#2522,#2523,#2524,#2525,#2526,#2527,#2528,#2529,#2530,#2531),
 .UNSPECIFIED.,.F.,.F.,(4,2,2,2,2,2,2,2,4),(0.,0.0260006730638268,0.0520013461276536,
0.0833846291017003,0.114767912075747,0.14474595890961,0.174724005743472,
0.202139977752277,0.229555949761081),.UNSPECIFIED.);
#187=B_SPLINE_CURVE_WITH_KNOTS('',3,(#2535,#2536,#2537,#2538,#2539,#2540,
#2541,#2542,#2543,#2544,#2545,#2546,#2547,#2548,#2549,#2550,#2551,#2552),
 .UNSPECIFIED.,.F.,.F.,(4,2,2,2,2,2,2,2,4),(0.0204741974512973,0.0289001138576632,
0.0578002277153264,0.0894408693842045,0.121081511053083,0.153803323453516,
0.18652513585395,0.214337154236395,0.221726225470703),.UNSPECIFIED.);
#188=B_SPLINE_CURVE_WITH_KNOTS('',3,(#2556,#2557,#2558,#2559,#2560,#2561,
#2562,#2563,#2564,#2565,#2566,#2567,#2568,#2569,#2570,#2571,#2572,#2573),
 .UNSPECIFIED.,.F.,.F.,(4,2,2,2,2,2,2,2,4),(0.,0.0274159720088042,0.0548319440176084,
0.084809990851471,0.114788037685334,0.144766084519196,0.174744131353059,
0.202160103361863,0.229576075370667),.UNSPECIFIED.);
#189=B_SPLINE_CURVE_WITH_KNOTS('',3,(#2577,#2578,#2579,#2580,#2581,#2582,
#2583,#2584,#2585,#2586,#2587,#2588,#2589,#2590,#2591,#2592,#2593,#2594),
 .UNSPECIFIED.,.F.,.F.,(4,2,2,2,2,2,2,2,4),(0.0204225063285471,0.0278120183824449,
0.0556240367648898,0.0883458491653237,0.121067661565758,0.153789473966192,
0.186511286366625,0.21432330474907,0.221712375983377),.UNSPECIFIED.);
#190=B_SPLINE_CURVE_WITH_KNOTS('',3,(#2597,#2598,#2599,#2600,#2601,#2602,
#2603,#2604,#2605,#2606,#2607,#2608,#2609,#2610,#2611,#2612,#2613,#2614),
 .UNSPECIFIED.,.F.,.F.,(4,2,2,2,2,2,2,2,4),(0.,0.026000673063821,0.052001346127642,
0.0833846291016919,0.114767912075742,0.144745958909605,0.174724005743469,
0.202139977752269,0.22955594976107),.UNSPECIFIED.);
#191=B_SPLINE_CURVE_WITH_KNOTS('',3,(#2620,#2621,#2622,#2623,#2624,#2625,
#2626,#2627,#2628,#2629,#2630,#2631,#2632,#2633,#2634,#2635,#2636,#2637),
 .UNSPECIFIED.,.F.,.F.,(4,2,2,2,2,2,2,2,4),(0.0204225063285471,0.0278120183824449,
0.0556240367648898,0.0883458491653237,0.121067661565758,0.152708303234636,
0.184348944903514,0.213249058761177,0.221674532780306),.UNSPECIFIED.);
#192=PLANE('',#916);
#193=PLANE('',#955);
#194=PLANE('',#957);
#195=PLANE('',#959);
#196=PLANE('',#961);
#197=PLANE('',#963);
#198=PLANE('',#965);
#199=PLANE('',#970);
#200=PLANE('',#982);
#201=PLANE('',#983);
#202=PLANE('',#984);
#203=PLANE('',#985);
#204=PLANE('',#986);
#205=PLANE('',#987);
#206=PLANE('',#988);
#207=FACE_OUTER_BOUND('',#263,.T.);
#208=FACE_OUTER_BOUND('',#264,.T.);
#209=FACE_OUTER_BOUND('',#266,.T.);
#210=FACE_OUTER_BOUND('',#267,.T.);
#211=FACE_OUTER_BOUND('',#268,.T.);
#212=FACE_OUTER_BOUND('',#269,.T.);
#213=FACE_OUTER_BOUND('',#270,.T.);
#214=FACE_OUTER_BOUND('',#271,.T.);
#215=FACE_OUTER_BOUND('',#272,.T.);
#216=FACE_OUTER_BOUND('',#273,.T.);
#217=FACE_OUTER_BOUND('',#274,.T.);
#218=FACE_OUTER_BOUND('',#275,.T.);
#219=FACE_OUTER_BOUND('',#276,.T.);
#220=FACE_OUTER_BOUND('',#277,.T.);
#221=FACE_OUTER_BOUND('',#278,.T.);
#222=FACE_OUTER_BOUND('',#279,.T.);
#223=FACE_OUTER_BOUND('',#280,.T.);
#224=FACE_OUTER_BOUND('',#281,.T.);
#225=FACE_OUTER_BOUND('',#282,.T.);
#226=FACE_OUTER_BOUND('',#283,.T.);
#227=FACE_OUTER_BOUND('',#284,.T.);
#228=FACE_OUTER_BOUND('',#285,.T.);
#229=FACE_OUTER_BOUND('',#286,.T.);
#230=FACE_OUTER_BOUND('',#287,.T.);
#231=FACE_OUTER_BOUND('',#288,.T.);
#232=FACE_OUTER_BOUND('',#289,.T.);
#233=FACE_OUTER_BOUND('',#290,.T.);
#234=FACE_OUTER_BOUND('',#291,.T.);
#235=FACE_OUTER_BOUND('',#292,.T.);
#236=FACE_OUTER_BOUND('',#293,.T.);
#237=FACE_OUTER_BOUND('',#294,.T.);
#238=FACE_OUTER_BOUND('',#295,.T.);
#239=FACE_OUTER_BOUND('',#296,.T.);
#240=FACE_OUTER_BOUND('',#297,.T.);
#241=FACE_OUTER_BOUND('',#298,.T.);
#242=FACE_OUTER_BOUND('',#299,.T.);
#243=FACE_OUTER_BOUND('',#300,.T.);
#244=FACE_OUTER_BOUND('',#301,.T.);
#245=FACE_OUTER_BOUND('',#302,.T.);
#246=FACE_OUTER_BOUND('',#303,.T.);
#247=FACE_OUTER_BOUND('',#304,.T.);
#248=FACE_OUTER_BOUND('',#305,.T.);
#249=FACE_OUTER_BOUND('',#306,.T.);
#250=FACE_OUTER_BOUND('',#307,.T.);
#251=FACE_OUTER_BOUND('',#308,.T.);
#252=FACE_OUTER_BOUND('',#309,.T.);
#253=FACE_OUTER_BOUND('',#310,.T.);
#254=FACE_OUTER_BOUND('',#311,.T.);
#255=FACE_OUTER_BOUND('',#312,.T.);
#256=FACE_OUTER_BOUND('',#313,.T.);
#257=FACE_OUTER_BOUND('',#314,.T.);
#258=FACE_OUTER_BOUND('',#315,.T.);
#259=FACE_OUTER_BOUND('',#316,.T.);
#260=FACE_OUTER_BOUND('',#317,.T.);
#261=FACE_OUTER_BOUND('',#318,.T.);
#262=FACE_OUTER_BOUND('',#319,.T.);
#263=EDGE_LOOP('',(#576,#577,#578,#579));
#264=EDGE_LOOP('',(#580,#581,#582,#583,#584,#585,#586,#587,#588,#589,#590,
#591,#592,#593,#594,#595,#596,#597,#598,#599,#600,#601,#602,#603));
#265=EDGE_LOOP('',(#604));
#266=EDGE_LOOP('',(#605,#606,#607,#608));
#267=EDGE_LOOP('',(#609,#610,#611,#612));
#268=EDGE_LOOP('',(#613,#614,#615,#616));
#269=EDGE_LOOP('',(#617,#618,#619,#620));
#270=EDGE_LOOP('',(#621,#622,#623,#624));
#271=EDGE_LOOP('',(#625,#626,#627,#628));
#272=EDGE_LOOP('',(#629,#630,#631,#632));
#273=EDGE_LOOP('',(#633,#634,#635,#636));
#274=EDGE_LOOP('',(#637,#638,#639,#640));
#275=EDGE_LOOP('',(#641,#642,#643,#644));
#276=EDGE_LOOP('',(#645,#646,#647,#648));
#277=EDGE_LOOP('',(#649,#650,#651,#652));
#278=EDGE_LOOP('',(#653,#654,#655,#656));
#279=EDGE_LOOP('',(#657,#658,#659,#660));
#280=EDGE_LOOP('',(#661,#662,#663,#664));
#281=EDGE_LOOP('',(#665,#666,#667,#668));
#282=EDGE_LOOP('',(#669,#670,#671,#672));
#283=EDGE_LOOP('',(#673,#674,#675,#676));
#284=EDGE_LOOP('',(#677,#678,#679,#680));
#285=EDGE_LOOP('',(#681,#682,#683,#684));
#286=EDGE_LOOP('',(#685,#686,#687,#688));
#287=EDGE_LOOP('',(#689,#690,#691,#692));
#288=EDGE_LOOP('',(#693,#694,#695,#696));
#289=EDGE_LOOP('',(#697,#698,#699,#700));
#290=EDGE_LOOP('',(#701,#702,#703,#704));
#291=EDGE_LOOP('',(#705,#706,#707,#708));
#292=EDGE_LOOP('',(#709,#710,#711,#712));
#293=EDGE_LOOP('',(#713,#714,#715,#716));
#294=EDGE_LOOP('',(#717,#718,#719,#720));
#295=EDGE_LOOP('',(#721,#722,#723,#724));
#296=EDGE_LOOP('',(#725,#726,#727,#728));
#297=EDGE_LOOP('',(#729,#730,#731,#732));
#298=EDGE_LOOP('',(#733,#734,#735,#736));
#299=EDGE_LOOP('',(#737,#738,#739,#740));
#300=EDGE_LOOP('',(#741,#742,#743,#744,#745));
#301=EDGE_LOOP('',(#746,#747,#748,#749));
#302=EDGE_LOOP('',(#750,#751,#752,#753));
#303=EDGE_LOOP('',(#754,#755,#756,#757));
#304=EDGE_LOOP('',(#758));
#305=EDGE_LOOP('',(#759,#760,#761,#762,#763,#764,#765,#766,#767,#768,#769,
#770,#771,#772,#773,#774,#775,#776,#777,#778,#779,#780,#781,#782,#783,#784,
#785,#786));
#306=EDGE_LOOP('',(#787,#788,#789,#790));
#307=EDGE_LOOP('',(#791,#792,#793,#794));
#308=EDGE_LOOP('',(#795,#796,#797,#798));
#309=EDGE_LOOP('',(#799,#800,#801,#802));
#310=EDGE_LOOP('',(#803,#804,#805,#806));
#311=EDGE_LOOP('',(#807,#808,#809,#810));
#312=EDGE_LOOP('',(#811,#812,#813,#814));
#313=EDGE_LOOP('',(#815,#816,#817,#818));
#314=EDGE_LOOP('',(#819,#820,#821,#822));
#315=EDGE_LOOP('',(#823,#824,#825,#826));
#316=EDGE_LOOP('',(#827,#828,#829,#830));
#317=EDGE_LOOP('',(#831,#832,#833,#834));
#318=EDGE_LOOP('',(#835,#836,#837,#838));
#319=EDGE_LOOP('',(#839));
#320=CIRCLE('',#913,0.089797531103815);
#321=CIRCLE('',#914,0.009);
#322=CIRCLE('',#915,0.0986867261691712);
#323=CIRCLE('',#918,0.0891931645300189);
#324=CIRCLE('',#919,0.003);
#325=CIRCLE('',#920,0.003);
#326=CIRCLE('',#922,0.00299999999999999);
#327=CIRCLE('',#923,0.00299999999999009);
#328=CIRCLE('',#925,0.00299999999999999);
#329=CIRCLE('',#926,0.003);
#330=CIRCLE('',#928,0.003);
#331=CIRCLE('',#929,0.00299999999999008);
#332=CIRCLE('',#931,0.003);
#333=CIRCLE('',#932,0.003);
#334=CIRCLE('',#934,0.003);
#335=CIRCLE('',#935,0.00299999999999008);
#336=CIRCLE('',#937,0.00299999999999999);
#337=CIRCLE('',#938,0.003);
#338=CIRCLE('',#940,0.00300000000000001);
#339=CIRCLE('',#941,0.00299999999999015);
#340=CIRCLE('',#943,0.003);
#341=CIRCLE('',#944,0.003);
#342=CIRCLE('',#946,0.003);
#343=CIRCLE('',#947,0.00299999999999008);
#344=CIRCLE('',#949,0.003);
#345=CIRCLE('',#950,0.003);
#346=CIRCLE('',#952,0.003);
#347=CIRCLE('',#953,0.00299999999999008);
#348=CIRCLE('',#956,0.159196388149983);
#349=CIRCLE('',#958,0.159196388149986);
#350=CIRCLE('',#960,0.159196388149983);
#351=CIRCLE('',#962,0.159196388149986);
#352=CIRCLE('',#964,0.159196388149983);
#353=CIRCLE('',#966,0.159196388149983);
#354=CIRCLE('',#968,0.009);
#355=CIRCLE('',#969,0.0803039694646626);
#356=CIRCLE('',#972,0.159196388149983);
#357=CIRCLE('',#973,0.159196388149983);
#358=CIRCLE('',#974,0.159196388149983);
#359=CIRCLE('',#975,0.159196388149983);
#360=CIRCLE('',#976,0.159196388149985);
#361=CIRCLE('',#977,0.1625);
#362=CIRCLE('',#978,0.1625);
#363=CIRCLE('',#979,0.159196388149983);
#364=CIRCLE('',#981,0.1625);
#365=VERTEX_POINT('',#1197);
#366=VERTEX_POINT('',#1199);
#367=VERTEX_POINT('',#1203);
#368=VERTEX_POINT('',#1204);
#369=VERTEX_POINT('',#1218);
#370=VERTEX_POINT('',#1220);
#371=VERTEX_POINT('',#1231);
#372=VERTEX_POINT('',#1233);
#373=VERTEX_POINT('',#1247);
#374=VERTEX_POINT('',#1249);
#375=VERTEX_POINT('',#1260);
#376=VERTEX_POINT('',#1262);
#377=VERTEX_POINT('',#1276);
#378=VERTEX_POINT('',#1278);
#379=VERTEX_POINT('',#1289);
#380=VERTEX_POINT('',#1291);
#381=VERTEX_POINT('',#1305);
#382=VERTEX_POINT('',#1307);
#383=VERTEX_POINT('',#1318);
#384=VERTEX_POINT('',#1320);
#385=VERTEX_POINT('',#1334);
#386=VERTEX_POINT('',#1336);
#387=VERTEX_POINT('',#1348);
#388=VERTEX_POINT('',#1350);
#389=VERTEX_POINT('',#1364);
#390=VERTEX_POINT('',#1366);
#391=VERTEX_POINT('',#1380);
#392=VERTEX_POINT('',#1448);
#393=VERTEX_POINT('',#1450);
#394=VERTEX_POINT('',#1466);
#395=VERTEX_POINT('',#1519);
#396=VERTEX_POINT('',#1532);
#397=VERTEX_POINT('',#1600);
#398=VERTEX_POINT('',#1616);
#399=VERTEX_POINT('',#1669);
#400=VERTEX_POINT('',#1682);
#401=VERTEX_POINT('',#1750);
#402=VERTEX_POINT('',#1766);
#403=VERTEX_POINT('',#1819);
#404=VERTEX_POINT('',#1832);
#405=VERTEX_POINT('',#1900);
#406=VERTEX_POINT('',#1916);
#407=VERTEX_POINT('',#1969);
#408=VERTEX_POINT('',#1982);
#409=VERTEX_POINT('',#2050);
#410=VERTEX_POINT('',#2066);
#411=VERTEX_POINT('',#2124);
#412=VERTEX_POINT('',#2138);
#413=VERTEX_POINT('',#2206);
#414=VERTEX_POINT('',#2222);
#415=VERTEX_POINT('',#2280);
#416=VERTEX_POINT('',#2296);
#417=VERTEX_POINT('',#2298);
#418=VERTEX_POINT('',#2311);
#419=VERTEX_POINT('',#2332);
#420=VERTEX_POINT('',#2345);
#421=VERTEX_POINT('',#2366);
#422=VERTEX_POINT('',#2379);
#423=VERTEX_POINT('',#2400);
#424=VERTEX_POINT('',#2413);
#425=VERTEX_POINT('',#2434);
#426=VERTEX_POINT('',#2447);
#427=VERTEX_POINT('',#2449);
#428=VERTEX_POINT('',#2471);
#429=VERTEX_POINT('',#2484);
#430=VERTEX_POINT('',#2505);
#431=VERTEX_POINT('',#2510);
#432=VERTEX_POINT('',#2511);
#433=VERTEX_POINT('',#2513);
#434=VERTEX_POINT('',#2532);
#435=VERTEX_POINT('',#2534);
#436=VERTEX_POINT('',#2553);
#437=VERTEX_POINT('',#2555);
#438=VERTEX_POINT('',#2574);
#439=VERTEX_POINT('',#2576);
#440=VERTEX_POINT('',#2595);
#441=VERTEX_POINT('',#2615);
#442=VERTEX_POINT('',#2618);
#443=VERTEX_POINT('',#2639);
#444=EDGE_CURVE('',#365,#365,#320,.T.);
#445=EDGE_CURVE('',#365,#366,#321,.T.);
#446=EDGE_CURVE('',#366,#366,#322,.T.);
#447=EDGE_CURVE('',#367,#368,#155,.T.);
#448=EDGE_CURVE('',#369,#367,#55,.T.);
#449=EDGE_CURVE('',#370,#369,#156,.T.);
#450=EDGE_CURVE('',#371,#370,#56,.T.);
#451=EDGE_CURVE('',#372,#371,#157,.T.);
#452=EDGE_CURVE('',#373,#372,#57,.T.);
#453=EDGE_CURVE('',#374,#373,#158,.T.);
#454=EDGE_CURVE('',#375,#374,#58,.T.);
#455=EDGE_CURVE('',#376,#375,#159,.T.);
#456=EDGE_CURVE('',#377,#376,#59,.T.);
#457=EDGE_CURVE('',#378,#377,#160,.T.);
#458=EDGE_CURVE('',#379,#378,#60,.T.);
#459=EDGE_CURVE('',#380,#379,#161,.T.);
#460=EDGE_CURVE('',#381,#380,#61,.T.);
#461=EDGE_CURVE('',#382,#381,#162,.T.);
#462=EDGE_CURVE('',#383,#382,#62,.T.);
#463=EDGE_CURVE('',#384,#383,#163,.T.);
#464=EDGE_CURVE('',#385,#384,#63,.T.);
#465=EDGE_CURVE('',#386,#385,#164,.T.);
#466=EDGE_CURVE('',#387,#386,#64,.T.);
#467=EDGE_CURVE('',#388,#387,#165,.T.);
#468=EDGE_CURVE('',#389,#388,#65,.T.);
#469=EDGE_CURVE('',#390,#389,#166,.T.);
#470=EDGE_CURVE('',#368,#390,#66,.T.);
#471=EDGE_CURVE('',#365,#391,#67,.T.);
#472=EDGE_CURVE('',#391,#391,#323,.T.);
#473=EDGE_CURVE('',#392,#367,#324,.T.);
#474=EDGE_CURVE('',#368,#393,#325,.T.);
#475=EDGE_CURVE('',#393,#392,#167,.T.);
#476=EDGE_CURVE('',#394,#369,#326,.T.);
#477=EDGE_CURVE('',#392,#394,#68,.T.);
#478=EDGE_CURVE('',#394,#395,#168,.T.);
#479=EDGE_CURVE('',#395,#370,#327,.T.);
#480=EDGE_CURVE('',#396,#371,#328,.T.);
#481=EDGE_CURVE('',#395,#396,#69,.T.);
#482=EDGE_CURVE('',#397,#372,#329,.T.);
#483=EDGE_CURVE('',#396,#397,#169,.T.);
#484=EDGE_CURVE('',#398,#373,#330,.T.);
#485=EDGE_CURVE('',#397,#398,#70,.T.);
#486=EDGE_CURVE('',#398,#399,#170,.T.);
#487=EDGE_CURVE('',#399,#374,#331,.T.);
#488=EDGE_CURVE('',#400,#375,#332,.T.);
#489=EDGE_CURVE('',#399,#400,#71,.T.);
#490=EDGE_CURVE('',#401,#376,#333,.T.);
#491=EDGE_CURVE('',#400,#401,#171,.T.);
#492=EDGE_CURVE('',#402,#377,#334,.T.);
#493=EDGE_CURVE('',#401,#402,#72,.T.);
#494=EDGE_CURVE('',#402,#403,#172,.T.);
#495=EDGE_CURVE('',#403,#378,#335,.T.);
#496=EDGE_CURVE('',#404,#379,#336,.T.);
#497=EDGE_CURVE('',#403,#404,#73,.T.);
#498=EDGE_CURVE('',#405,#380,#337,.T.);
#499=EDGE_CURVE('',#404,#405,#173,.T.);
#500=EDGE_CURVE('',#406,#381,#338,.T.);
#501=EDGE_CURVE('',#405,#406,#74,.T.);
#502=EDGE_CURVE('',#406,#407,#174,.T.);
#503=EDGE_CURVE('',#407,#382,#339,.T.);
#504=EDGE_CURVE('',#408,#383,#340,.T.);
#505=EDGE_CURVE('',#407,#408,#75,.T.);
#506=EDGE_CURVE('',#409,#384,#341,.T.);
#507=EDGE_CURVE('',#408,#409,#175,.T.);
#508=EDGE_CURVE('',#410,#385,#342,.T.);
#509=EDGE_CURVE('',#409,#410,#76,.T.);
#510=EDGE_CURVE('',#410,#411,#176,.T.);
#511=EDGE_CURVE('',#411,#386,#343,.T.);
#512=EDGE_CURVE('',#412,#387,#344,.T.);
#513=EDGE_CURVE('',#411,#412,#77,.T.);
#514=EDGE_CURVE('',#413,#388,#345,.T.);
#515=EDGE_CURVE('',#412,#413,#177,.T.);
#516=EDGE_CURVE('',#414,#389,#346,.T.);
#517=EDGE_CURVE('',#413,#414,#78,.T.);
#518=EDGE_CURVE('',#414,#415,#178,.T.);
#519=EDGE_CURVE('',#415,#390,#347,.T.);
#520=EDGE_CURVE('',#415,#393,#79,.T.);
#521=EDGE_CURVE('',#403,#416,#80,.T.);
#522=EDGE_CURVE('',#416,#417,#348,.T.);
#523=EDGE_CURVE('',#404,#417,#81,.T.);
#524=EDGE_CURVE('',#402,#418,#82,.T.);
#525=EDGE_CURVE('',#418,#416,#179,.T.);
#526=EDGE_CURVE('',#401,#419,#83,.T.);
#527=EDGE_CURVE('',#419,#418,#349,.T.);
#528=EDGE_CURVE('',#400,#420,#84,.T.);
#529=EDGE_CURVE('',#420,#419,#180,.T.);
#530=EDGE_CURVE('',#399,#421,#85,.T.);
#531=EDGE_CURVE('',#421,#420,#350,.T.);
#532=EDGE_CURVE('',#398,#422,#86,.T.);
#533=EDGE_CURVE('',#422,#421,#181,.T.);
#534=EDGE_CURVE('',#397,#423,#87,.T.);
#535=EDGE_CURVE('',#423,#422,#351,.T.);
#536=EDGE_CURVE('',#396,#424,#88,.T.);
#537=EDGE_CURVE('',#424,#423,#182,.T.);
#538=EDGE_CURVE('',#395,#425,#89,.T.);
#539=EDGE_CURVE('',#425,#424,#352,.T.);
#540=EDGE_CURVE('',#394,#426,#90,.T.);
#541=EDGE_CURVE('',#426,#427,#183,.T.);
#542=EDGE_CURVE('',#427,#425,#184,.T.);
#543=EDGE_CURVE('',#392,#428,#91,.T.);
#544=EDGE_CURVE('',#428,#426,#353,.T.);
#545=EDGE_CURVE('',#393,#429,#92,.T.);
#546=EDGE_CURVE('',#429,#428,#185,.T.);
#547=EDGE_CURVE('',#391,#430,#354,.T.);
#548=EDGE_CURVE('',#430,#430,#355,.T.);
#549=EDGE_CURVE('',#431,#432,#356,.T.);
#550=EDGE_CURVE('',#433,#431,#186,.T.);
#551=EDGE_CURVE('',#434,#433,#357,.T.);
#552=EDGE_CURVE('',#435,#434,#187,.T.);
#553=EDGE_CURVE('',#436,#435,#358,.T.);
#554=EDGE_CURVE('',#437,#436,#188,.T.);
#555=EDGE_CURVE('',#438,#437,#359,.T.);
#556=EDGE_CURVE('',#439,#438,#189,.T.);
#557=EDGE_CURVE('',#440,#439,#360,.T.);
#558=EDGE_CURVE('',#417,#440,#190,.T.);
#559=EDGE_CURVE('',#427,#441,#361,.T.);
#560=EDGE_CURVE('',#441,#441,#362,.T.);
#561=EDGE_CURVE('',#442,#429,#363,.T.);
#562=EDGE_CURVE('',#432,#442,#191,.T.);
#563=EDGE_CURVE('',#441,#443,#93,.T.);
#564=EDGE_CURVE('',#443,#443,#364,.T.);
#565=EDGE_CURVE('',#405,#440,#94,.T.);
#566=EDGE_CURVE('',#406,#439,#95,.T.);
#567=EDGE_CURVE('',#407,#438,#96,.T.);
#568=EDGE_CURVE('',#408,#437,#97,.T.);
#569=EDGE_CURVE('',#409,#436,#98,.T.);
#570=EDGE_CURVE('',#410,#435,#99,.T.);
#571=EDGE_CURVE('',#411,#434,#100,.T.);
#572=EDGE_CURVE('',#412,#433,#101,.T.);
#573=EDGE_CURVE('',#413,#431,#102,.T.);
#574=EDGE_CURVE('',#414,#432,#103,.T.);
#575=EDGE_CURVE('',#415,#442,#104,.T.);
#576=ORIENTED_EDGE('',*,*,#444,.T.);
#577=ORIENTED_EDGE('',*,*,#445,.T.);
#578=ORIENTED_EDGE('',*,*,#446,.T.);
#579=ORIENTED_EDGE('',*,*,#445,.F.);
#580=ORIENTED_EDGE('',*,*,#447,.F.);
#581=ORIENTED_EDGE('',*,*,#448,.F.);
#582=ORIENTED_EDGE('',*,*,#449,.F.);
#583=ORIENTED_EDGE('',*,*,#450,.F.);
#584=ORIENTED_EDGE('',*,*,#451,.F.);
#585=ORIENTED_EDGE('',*,*,#452,.F.);
#586=ORIENTED_EDGE('',*,*,#453,.F.);
#587=ORIENTED_EDGE('',*,*,#454,.F.);
#588=ORIENTED_EDGE('',*,*,#455,.F.);
#589=ORIENTED_EDGE('',*,*,#456,.F.);
#590=ORIENTED_EDGE('',*,*,#457,.F.);
#591=ORIENTED_EDGE('',*,*,#458,.F.);
#592=ORIENTED_EDGE('',*,*,#459,.F.);
#593=ORIENTED_EDGE('',*,*,#460,.F.);
#594=ORIENTED_EDGE('',*,*,#461,.F.);
#595=ORIENTED_EDGE('',*,*,#462,.F.);
#596=ORIENTED_EDGE('',*,*,#463,.F.);
#597=ORIENTED_EDGE('',*,*,#464,.F.);
#598=ORIENTED_EDGE('',*,*,#465,.F.);
#599=ORIENTED_EDGE('',*,*,#466,.F.);
#600=ORIENTED_EDGE('',*,*,#467,.F.);
#601=ORIENTED_EDGE('',*,*,#468,.F.);
#602=ORIENTED_EDGE('',*,*,#469,.F.);
#603=ORIENTED_EDGE('',*,*,#470,.F.);
#604=ORIENTED_EDGE('',*,*,#446,.F.);
#605=ORIENTED_EDGE('',*,*,#444,.F.);
#606=ORIENTED_EDGE('',*,*,#471,.T.);
#607=ORIENTED_EDGE('',*,*,#472,.F.);
#608=ORIENTED_EDGE('',*,*,#471,.F.);
#609=ORIENTED_EDGE('',*,*,#473,.T.);
#610=ORIENTED_EDGE('',*,*,#447,.T.);
#611=ORIENTED_EDGE('',*,*,#474,.T.);
#612=ORIENTED_EDGE('',*,*,#475,.T.);
#613=ORIENTED_EDGE('',*,*,#476,.T.);
#614=ORIENTED_EDGE('',*,*,#448,.T.);
#615=ORIENTED_EDGE('',*,*,#473,.F.);
#616=ORIENTED_EDGE('',*,*,#477,.T.);
#617=ORIENTED_EDGE('',*,*,#476,.F.);
#618=ORIENTED_EDGE('',*,*,#478,.T.);
#619=ORIENTED_EDGE('',*,*,#479,.T.);
#620=ORIENTED_EDGE('',*,*,#449,.T.);
#621=ORIENTED_EDGE('',*,*,#480,.T.);
#622=ORIENTED_EDGE('',*,*,#450,.T.);
#623=ORIENTED_EDGE('',*,*,#479,.F.);
#624=ORIENTED_EDGE('',*,*,#481,.T.);
#625=ORIENTED_EDGE('',*,*,#482,.T.);
#626=ORIENTED_EDGE('',*,*,#451,.T.);
#627=ORIENTED_EDGE('',*,*,#480,.F.);
#628=ORIENTED_EDGE('',*,*,#483,.T.);
#629=ORIENTED_EDGE('',*,*,#484,.T.);
#630=ORIENTED_EDGE('',*,*,#452,.T.);
#631=ORIENTED_EDGE('',*,*,#482,.F.);
#632=ORIENTED_EDGE('',*,*,#485,.T.);
#633=ORIENTED_EDGE('',*,*,#484,.F.);
#634=ORIENTED_EDGE('',*,*,#486,.T.);
#635=ORIENTED_EDGE('',*,*,#487,.T.);
#636=ORIENTED_EDGE('',*,*,#453,.T.);
#637=ORIENTED_EDGE('',*,*,#488,.T.);
#638=ORIENTED_EDGE('',*,*,#454,.T.);
#639=ORIENTED_EDGE('',*,*,#487,.F.);
#640=ORIENTED_EDGE('',*,*,#489,.T.);
#641=ORIENTED_EDGE('',*,*,#490,.T.);
#642=ORIENTED_EDGE('',*,*,#455,.T.);
#643=ORIENTED_EDGE('',*,*,#488,.F.);
#644=ORIENTED_EDGE('',*,*,#491,.T.);
#645=ORIENTED_EDGE('',*,*,#492,.T.);
#646=ORIENTED_EDGE('',*,*,#456,.T.);
#647=ORIENTED_EDGE('',*,*,#490,.F.);
#648=ORIENTED_EDGE('',*,*,#493,.T.);
#649=ORIENTED_EDGE('',*,*,#492,.F.);
#650=ORIENTED_EDGE('',*,*,#494,.T.);
#651=ORIENTED_EDGE('',*,*,#495,.T.);
#652=ORIENTED_EDGE('',*,*,#457,.T.);
#653=ORIENTED_EDGE('',*,*,#496,.T.);
#654=ORIENTED_EDGE('',*,*,#458,.T.);
#655=ORIENTED_EDGE('',*,*,#495,.F.);
#656=ORIENTED_EDGE('',*,*,#497,.T.);
#657=ORIENTED_EDGE('',*,*,#498,.T.);
#658=ORIENTED_EDGE('',*,*,#459,.T.);
#659=ORIENTED_EDGE('',*,*,#496,.F.);
#660=ORIENTED_EDGE('',*,*,#499,.T.);
#661=ORIENTED_EDGE('',*,*,#500,.T.);
#662=ORIENTED_EDGE('',*,*,#460,.T.);
#663=ORIENTED_EDGE('',*,*,#498,.F.);
#664=ORIENTED_EDGE('',*,*,#501,.T.);
#665=ORIENTED_EDGE('',*,*,#500,.F.);
#666=ORIENTED_EDGE('',*,*,#502,.T.);
#667=ORIENTED_EDGE('',*,*,#503,.T.);
#668=ORIENTED_EDGE('',*,*,#461,.T.);
#669=ORIENTED_EDGE('',*,*,#504,.T.);
#670=ORIENTED_EDGE('',*,*,#462,.T.);
#671=ORIENTED_EDGE('',*,*,#503,.F.);
#672=ORIENTED_EDGE('',*,*,#505,.T.);
#673=ORIENTED_EDGE('',*,*,#506,.T.);
#674=ORIENTED_EDGE('',*,*,#463,.T.);
#675=ORIENTED_EDGE('',*,*,#504,.F.);
#676=ORIENTED_EDGE('',*,*,#507,.T.);
#677=ORIENTED_EDGE('',*,*,#508,.T.);
#678=ORIENTED_EDGE('',*,*,#464,.T.);
#679=ORIENTED_EDGE('',*,*,#506,.F.);
#680=ORIENTED_EDGE('',*,*,#509,.T.);
#681=ORIENTED_EDGE('',*,*,#508,.F.);
#682=ORIENTED_EDGE('',*,*,#510,.T.);
#683=ORIENTED_EDGE('',*,*,#511,.T.);
#684=ORIENTED_EDGE('',*,*,#465,.T.);
#685=ORIENTED_EDGE('',*,*,#512,.T.);
#686=ORIENTED_EDGE('',*,*,#466,.T.);
#687=ORIENTED_EDGE('',*,*,#511,.F.);
#688=ORIENTED_EDGE('',*,*,#513,.T.);
#689=ORIENTED_EDGE('',*,*,#514,.T.);
#690=ORIENTED_EDGE('',*,*,#467,.T.);
#691=ORIENTED_EDGE('',*,*,#512,.F.);
#692=ORIENTED_EDGE('',*,*,#515,.T.);
#693=ORIENTED_EDGE('',*,*,#516,.T.);
#694=ORIENTED_EDGE('',*,*,#468,.T.);
#695=ORIENTED_EDGE('',*,*,#514,.F.);
#696=ORIENTED_EDGE('',*,*,#517,.T.);
#697=ORIENTED_EDGE('',*,*,#516,.F.);
#698=ORIENTED_EDGE('',*,*,#518,.T.);
#699=ORIENTED_EDGE('',*,*,#519,.T.);
#700=ORIENTED_EDGE('',*,*,#469,.T.);
#701=ORIENTED_EDGE('',*,*,#519,.F.);
#702=ORIENTED_EDGE('',*,*,#520,.T.);
#703=ORIENTED_EDGE('',*,*,#474,.F.);
#704=ORIENTED_EDGE('',*,*,#470,.T.);
#705=ORIENTED_EDGE('',*,*,#497,.F.);
#706=ORIENTED_EDGE('',*,*,#521,.T.);
#707=ORIENTED_EDGE('',*,*,#522,.T.);
#708=ORIENTED_EDGE('',*,*,#523,.F.);
#709=ORIENTED_EDGE('',*,*,#494,.F.);
#710=ORIENTED_EDGE('',*,*,#524,.T.);
#711=ORIENTED_EDGE('',*,*,#525,.T.);
#712=ORIENTED_EDGE('',*,*,#521,.F.);
#713=ORIENTED_EDGE('',*,*,#493,.F.);
#714=ORIENTED_EDGE('',*,*,#526,.T.);
#715=ORIENTED_EDGE('',*,*,#527,.T.);
#716=ORIENTED_EDGE('',*,*,#524,.F.);
#717=ORIENTED_EDGE('',*,*,#491,.F.);
#718=ORIENTED_EDGE('',*,*,#528,.T.);
#719=ORIENTED_EDGE('',*,*,#529,.T.);
#720=ORIENTED_EDGE('',*,*,#526,.F.);
#721=ORIENTED_EDGE('',*,*,#489,.F.);
#722=ORIENTED_EDGE('',*,*,#530,.T.);
#723=ORIENTED_EDGE('',*,*,#531,.T.);
#724=ORIENTED_EDGE('',*,*,#528,.F.);
#725=ORIENTED_EDGE('',*,*,#486,.F.);
#726=ORIENTED_EDGE('',*,*,#532,.T.);
#727=ORIENTED_EDGE('',*,*,#533,.T.);
#728=ORIENTED_EDGE('',*,*,#530,.F.);
#729=ORIENTED_EDGE('',*,*,#485,.F.);
#730=ORIENTED_EDGE('',*,*,#534,.T.);
#731=ORIENTED_EDGE('',*,*,#535,.T.);
#732=ORIENTED_EDGE('',*,*,#532,.F.);
#733=ORIENTED_EDGE('',*,*,#483,.F.);
#734=ORIENTED_EDGE('',*,*,#536,.T.);
#735=ORIENTED_EDGE('',*,*,#537,.T.);
#736=ORIENTED_EDGE('',*,*,#534,.F.);
#737=ORIENTED_EDGE('',*,*,#481,.F.);
#738=ORIENTED_EDGE('',*,*,#538,.T.);
#739=ORIENTED_EDGE('',*,*,#539,.T.);
#740=ORIENTED_EDGE('',*,*,#536,.F.);
#741=ORIENTED_EDGE('',*,*,#478,.F.);
#742=ORIENTED_EDGE('',*,*,#540,.T.);
#743=ORIENTED_EDGE('',*,*,#541,.T.);
#744=ORIENTED_EDGE('',*,*,#542,.T.);
#745=ORIENTED_EDGE('',*,*,#538,.F.);
#746=ORIENTED_EDGE('',*,*,#477,.F.);
#747=ORIENTED_EDGE('',*,*,#543,.T.);
#748=ORIENTED_EDGE('',*,*,#544,.T.);
#749=ORIENTED_EDGE('',*,*,#540,.F.);
#750=ORIENTED_EDGE('',*,*,#475,.F.);
#751=ORIENTED_EDGE('',*,*,#545,.T.);
#752=ORIENTED_EDGE('',*,*,#546,.T.);
#753=ORIENTED_EDGE('',*,*,#543,.F.);
#754=ORIENTED_EDGE('',*,*,#472,.T.);
#755=ORIENTED_EDGE('',*,*,#547,.T.);
#756=ORIENTED_EDGE('',*,*,#548,.T.);
#757=ORIENTED_EDGE('',*,*,#547,.F.);
#758=ORIENTED_EDGE('',*,*,#548,.F.);
#759=ORIENTED_EDGE('',*,*,#549,.F.);
#760=ORIENTED_EDGE('',*,*,#550,.F.);
#761=ORIENTED_EDGE('',*,*,#551,.F.);
#762=ORIENTED_EDGE('',*,*,#552,.F.);
#763=ORIENTED_EDGE('',*,*,#553,.F.);
#764=ORIENTED_EDGE('',*,*,#554,.F.);
#765=ORIENTED_EDGE('',*,*,#555,.F.);
#766=ORIENTED_EDGE('',*,*,#556,.F.);
#767=ORIENTED_EDGE('',*,*,#557,.F.);
#768=ORIENTED_EDGE('',*,*,#558,.F.);
#769=ORIENTED_EDGE('',*,*,#522,.F.);
#770=ORIENTED_EDGE('',*,*,#525,.F.);
#771=ORIENTED_EDGE('',*,*,#527,.F.);
#772=ORIENTED_EDGE('',*,*,#529,.F.);
#773=ORIENTED_EDGE('',*,*,#531,.F.);
#774=ORIENTED_EDGE('',*,*,#533,.F.);
#775=ORIENTED_EDGE('',*,*,#535,.F.);
#776=ORIENTED_EDGE('',*,*,#537,.F.);
#777=ORIENTED_EDGE('',*,*,#539,.F.);
#778=ORIENTED_EDGE('',*,*,#542,.F.);
#779=ORIENTED_EDGE('',*,*,#559,.T.);
#780=ORIENTED_EDGE('',*,*,#560,.T.);
#781=ORIENTED_EDGE('',*,*,#559,.F.);
#782=ORIENTED_EDGE('',*,*,#541,.F.);
#783=ORIENTED_EDGE('',*,*,#544,.F.);
#784=ORIENTED_EDGE('',*,*,#546,.F.);
#785=ORIENTED_EDGE('',*,*,#561,.F.);
#786=ORIENTED_EDGE('',*,*,#562,.F.);
#787=ORIENTED_EDGE('',*,*,#560,.F.);
#788=ORIENTED_EDGE('',*,*,#563,.T.);
#789=ORIENTED_EDGE('',*,*,#564,.T.);
#790=ORIENTED_EDGE('',*,*,#563,.F.);
#791=ORIENTED_EDGE('',*,*,#499,.F.);
#792=ORIENTED_EDGE('',*,*,#523,.T.);
#793=ORIENTED_EDGE('',*,*,#558,.T.);
#794=ORIENTED_EDGE('',*,*,#565,.F.);
#795=ORIENTED_EDGE('',*,*,#501,.F.);
#796=ORIENTED_EDGE('',*,*,#565,.T.);
#797=ORIENTED_EDGE('',*,*,#557,.T.);
#798=ORIENTED_EDGE('',*,*,#566,.F.);
#799=ORIENTED_EDGE('',*,*,#502,.F.);
#800=ORIENTED_EDGE('',*,*,#566,.T.);
#801=ORIENTED_EDGE('',*,*,#556,.T.);
#802=ORIENTED_EDGE('',*,*,#567,.F.);
#803=ORIENTED_EDGE('',*,*,#505,.F.);
#804=ORIENTED_EDGE('',*,*,#567,.T.);
#805=ORIENTED_EDGE('',*,*,#555,.T.);
#806=ORIENTED_EDGE('',*,*,#568,.F.);
#807=ORIENTED_EDGE('',*,*,#507,.F.);
#808=ORIENTED_EDGE('',*,*,#568,.T.);
#809=ORIENTED_EDGE('',*,*,#554,.T.);
#810=ORIENTED_EDGE('',*,*,#569,.F.);
#811=ORIENTED_EDGE('',*,*,#509,.F.);
#812=ORIENTED_EDGE('',*,*,#569,.T.);
#813=ORIENTED_EDGE('',*,*,#553,.T.);
#814=ORIENTED_EDGE('',*,*,#570,.F.);
#815=ORIENTED_EDGE('',*,*,#510,.F.);
#816=ORIENTED_EDGE('',*,*,#570,.T.);
#817=ORIENTED_EDGE('',*,*,#552,.T.);
#818=ORIENTED_EDGE('',*,*,#571,.F.);
#819=ORIENTED_EDGE('',*,*,#513,.F.);
#820=ORIENTED_EDGE('',*,*,#571,.T.);
#821=ORIENTED_EDGE('',*,*,#551,.T.);
#822=ORIENTED_EDGE('',*,*,#572,.F.);
#823=ORIENTED_EDGE('',*,*,#515,.F.);
#824=ORIENTED_EDGE('',*,*,#572,.T.);
#825=ORIENTED_EDGE('',*,*,#550,.T.);
#826=ORIENTED_EDGE('',*,*,#573,.F.);
#827=ORIENTED_EDGE('',*,*,#517,.F.);
#828=ORIENTED_EDGE('',*,*,#573,.T.);
#829=ORIENTED_EDGE('',*,*,#549,.T.);
#830=ORIENTED_EDGE('',*,*,#574,.F.);
#831=ORIENTED_EDGE('',*,*,#518,.F.);
#832=ORIENTED_EDGE('',*,*,#574,.T.);
#833=ORIENTED_EDGE('',*,*,#562,.T.);
#834=ORIENTED_EDGE('',*,*,#575,.F.);
#835=ORIENTED_EDGE('',*,*,#520,.F.);
#836=ORIENTED_EDGE('',*,*,#575,.T.);
#837=ORIENTED_EDGE('',*,*,#561,.T.);
#838=ORIENTED_EDGE('',*,*,#545,.F.);
#839=ORIENTED_EDGE('',*,*,#564,.F.);
#840=TOROIDAL_SURFACE('',#912,0.0986867261691712,0.009);
#841=TOROIDAL_SURFACE('',#967,0.0803039694646626,0.009);
#842=ADVANCED_FACE('',(#207),#840,.F.);
#843=ADVANCED_FACE('',(#208,#54),#192,.T.);
#844=ADVANCED_FACE('',(#209),#53,.T.);
#845=ADVANCED_FACE('',(#210),#41,.F.);
#846=ADVANCED_FACE('',(#211),#28,.T.);
#847=ADVANCED_FACE('',(#212),#42,.F.);
#848=ADVANCED_FACE('',(#213),#29,.T.);
#849=ADVANCED_FACE('',(#214),#43,.F.);
#850=ADVANCED_FACE('',(#215),#30,.T.);
#851=ADVANCED_FACE('',(#216),#44,.F.);
#852=ADVANCED_FACE('',(#217),#31,.T.);
#853=ADVANCED_FACE('',(#218),#45,.F.);
#854=ADVANCED_FACE('',(#219),#32,.T.);
#855=ADVANCED_FACE('',(#220),#46,.F.);
#856=ADVANCED_FACE('',(#221),#33,.T.);
#857=ADVANCED_FACE('',(#222),#47,.F.);
#858=ADVANCED_FACE('',(#223),#34,.T.);
#859=ADVANCED_FACE('',(#224),#48,.F.);
#860=ADVANCED_FACE('',(#225),#35,.T.);
#861=ADVANCED_FACE('',(#226),#49,.F.);
#862=ADVANCED_FACE('',(#227),#36,.T.);
#863=ADVANCED_FACE('',(#228),#50,.F.);
#864=ADVANCED_FACE('',(#229),#37,.T.);
#865=ADVANCED_FACE('',(#230),#51,.F.);
#866=ADVANCED_FACE('',(#231),#38,.T.);
#867=ADVANCED_FACE('',(#232),#52,.F.);
#868=ADVANCED_FACE('',(#233),#39,.T.);
#869=ADVANCED_FACE('',(#234),#193,.T.);
#870=ADVANCED_FACE('',(#235),#16,.T.);
#871=ADVANCED_FACE('',(#236),#194,.T.);
#872=ADVANCED_FACE('',(#237),#17,.F.);
#873=ADVANCED_FACE('',(#238),#195,.T.);
#874=ADVANCED_FACE('',(#239),#18,.T.);
#875=ADVANCED_FACE('',(#240),#196,.T.);
#876=ADVANCED_FACE('',(#241),#19,.F.);
#877=ADVANCED_FACE('',(#242),#197,.T.);
#878=ADVANCED_FACE('',(#243),#20,.T.);
#879=ADVANCED_FACE('',(#244),#198,.T.);
#880=ADVANCED_FACE('',(#245),#21,.F.);
#881=ADVANCED_FACE('',(#246),#841,.T.);
#882=ADVANCED_FACE('',(#247),#199,.T.);
#883=ADVANCED_FACE('',(#248),#15,.T.);
#884=ADVANCED_FACE('',(#249),#40,.T.);
#885=ADVANCED_FACE('',(#250),#22,.F.);
#886=ADVANCED_FACE('',(#251),#200,.T.);
#887=ADVANCED_FACE('',(#252),#23,.T.);
#888=ADVANCED_FACE('',(#253),#201,.T.);
#889=ADVANCED_FACE('',(#254),#24,.F.);
#890=ADVANCED_FACE('',(#255),#202,.T.);
#891=ADVANCED_FACE('',(#256),#25,.T.);
#892=ADVANCED_FACE('',(#257),#203,.T.);
#893=ADVANCED_FACE('',(#258),#26,.F.);
#894=ADVANCED_FACE('',(#259),#204,.T.);
#895=ADVANCED_FACE('',(#260),#27,.T.);
#896=ADVANCED_FACE('',(#261),#205,.T.);
#897=ADVANCED_FACE('',(#262),#206,.F.);
#898=CLOSED_SHELL('',(#842,#843,#844,#845,#846,#847,#848,#849,#850,#851,
#852,#853,#854,#855,#856,#857,#858,#859,#860,#861,#862,#863,#864,#865,#866,
#867,#868,#869,#870,#871,#872,#873,#874,#875,#876,#877,#878,#879,#880,#881,
#882,#883,#884,#885,#886,#887,#888,#889,#890,#891,#892,#893,#894,#895,#896,
#897));
#899=DERIVED_UNIT_ELEMENT(#901,1.);
#900=DERIVED_UNIT_ELEMENT(#2727,-3.);
#901=(
MASS_UNIT()
NAMED_UNIT(*)
SI_UNIT(.KILO.,.GRAM.)
);
#902=DERIVED_UNIT((#899,#900));
#903=MEASURE_REPRESENTATION_ITEM('density measure',
POSITIVE_RATIO_MEASURE(7850.),#902);
#904=PROPERTY_DEFINITION_REPRESENTATION(#909,#906);
#905=PROPERTY_DEFINITION_REPRESENTATION(#910,#907);
#906=REPRESENTATION('material name',(#908),#2722);
#907=REPRESENTATION('density',(#903),#2722);
#908=DESCRIPTIVE_REPRESENTATION_ITEM('Steel','Steel');
#909=PROPERTY_DEFINITION('material property','material name',#2735);
#910=PROPERTY_DEFINITION('material property','density of part',#2735);
#911=AXIS2_PLACEMENT_3D('',#1195,#989,#990);
#912=AXIS2_PLACEMENT_3D('',#1196,#991,#992);
#913=AXIS2_PLACEMENT_3D('',#1198,#993,#994);
#914=AXIS2_PLACEMENT_3D('',#1200,#995,#996);
#915=AXIS2_PLACEMENT_3D('',#1201,#997,#998);
#916=AXIS2_PLACEMENT_3D('',#1202,#999,#1000);
#917=AXIS2_PLACEMENT_3D('',#1379,#1013,#1014);
#918=AXIS2_PLACEMENT_3D('',#1382,#1016,#1017);
#919=AXIS2_PLACEMENT_3D('',#1449,#1018,#1019);
#920=AXIS2_PLACEMENT_3D('',#1451,#1020,#1021);
#921=AXIS2_PLACEMENT_3D('',#1465,#1022,#1023);
#922=AXIS2_PLACEMENT_3D('',#1467,#1024,#1025);
#923=AXIS2_PLACEMENT_3D('',#1530,#1027,#1028);
#924=AXIS2_PLACEMENT_3D('',#1531,#1029,#1030);
#925=AXIS2_PLACEMENT_3D('',#1533,#1031,#1032);
#926=AXIS2_PLACEMENT_3D('',#1601,#1034,#1035);
#927=AXIS2_PLACEMENT_3D('',#1615,#1036,#1037);
#928=AXIS2_PLACEMENT_3D('',#1617,#1038,#1039);
#929=AXIS2_PLACEMENT_3D('',#1680,#1041,#1042);
#930=AXIS2_PLACEMENT_3D('',#1681,#1043,#1044);
#931=AXIS2_PLACEMENT_3D('',#1683,#1045,#1046);
#932=AXIS2_PLACEMENT_3D('',#1751,#1048,#1049);
#933=AXIS2_PLACEMENT_3D('',#1765,#1050,#1051);
#934=AXIS2_PLACEMENT_3D('',#1767,#1052,#1053);
#935=AXIS2_PLACEMENT_3D('',#1830,#1055,#1056);
#936=AXIS2_PLACEMENT_3D('',#1831,#1057,#1058);
#937=AXIS2_PLACEMENT_3D('',#1833,#1059,#1060);
#938=AXIS2_PLACEMENT_3D('',#1901,#1062,#1063);
#939=AXIS2_PLACEMENT_3D('',#1915,#1064,#1065);
#940=AXIS2_PLACEMENT_3D('',#1917,#1066,#1067);
#941=AXIS2_PLACEMENT_3D('',#1980,#1069,#1070);
#942=AXIS2_PLACEMENT_3D('',#1981,#1071,#1072);
#943=AXIS2_PLACEMENT_3D('',#1983,#1073,#1074);
#944=AXIS2_PLACEMENT_3D('',#2051,#1076,#1077);
#945=AXIS2_PLACEMENT_3D('',#2065,#1078,#1079);
#946=AXIS2_PLACEMENT_3D('',#2067,#1080,#1081);
#947=AXIS2_PLACEMENT_3D('',#2136,#1083,#1084);
#948=AXIS2_PLACEMENT_3D('',#2137,#1085,#1086);
#949=AXIS2_PLACEMENT_3D('',#2139,#1087,#1088);
#950=AXIS2_PLACEMENT_3D('',#2207,#1090,#1091);
#951=AXIS2_PLACEMENT_3D('',#2221,#1092,#1093);
#952=AXIS2_PLACEMENT_3D('',#2223,#1094,#1095);
#953=AXIS2_PLACEMENT_3D('',#2292,#1097,#1098);
#954=AXIS2_PLACEMENT_3D('',#2293,#1099,#1100);
#955=AXIS2_PLACEMENT_3D('',#2295,#1102,#1103);
#956=AXIS2_PLACEMENT_3D('',#2299,#1105,#1106);
#957=AXIS2_PLACEMENT_3D('',#2331,#1109,#1110);
#958=AXIS2_PLACEMENT_3D('',#2334,#1112,#1113);
#959=AXIS2_PLACEMENT_3D('',#2365,#1115,#1116);
#960=AXIS2_PLACEMENT_3D('',#2368,#1118,#1119);
#961=AXIS2_PLACEMENT_3D('',#2399,#1121,#1122);
#962=AXIS2_PLACEMENT_3D('',#2402,#1124,#1125);
#963=AXIS2_PLACEMENT_3D('',#2433,#1127,#1128);
#964=AXIS2_PLACEMENT_3D('',#2436,#1130,#1131);
#965=AXIS2_PLACEMENT_3D('',#2470,#1133,#1134);
#966=AXIS2_PLACEMENT_3D('',#2473,#1136,#1137);
#967=AXIS2_PLACEMENT_3D('',#2504,#1139,#1140);
#968=AXIS2_PLACEMENT_3D('',#2506,#1141,#1142);
#969=AXIS2_PLACEMENT_3D('',#2507,#1143,#1144);
#970=AXIS2_PLACEMENT_3D('',#2508,#1145,#1146);
#971=AXIS2_PLACEMENT_3D('',#2509,#1147,#1148);
#972=AXIS2_PLACEMENT_3D('',#2512,#1149,#1150);
#973=AXIS2_PLACEMENT_3D('',#2533,#1151,#1152);
#974=AXIS2_PLACEMENT_3D('',#2554,#1153,#1154);
#975=AXIS2_PLACEMENT_3D('',#2575,#1155,#1156);
#976=AXIS2_PLACEMENT_3D('',#2596,#1157,#1158);
#977=AXIS2_PLACEMENT_3D('',#2616,#1159,#1160);
#978=AXIS2_PLACEMENT_3D('',#2617,#1161,#1162);
#979=AXIS2_PLACEMENT_3D('',#2619,#1163,#1164);
#980=AXIS2_PLACEMENT_3D('',#2638,#1165,#1166);
#981=AXIS2_PLACEMENT_3D('',#2641,#1168,#1169);
#982=AXIS2_PLACEMENT_3D('',#2653,#1171,#1172);
#983=AXIS2_PLACEMENT_3D('',#2666,#1175,#1176);
#984=AXIS2_PLACEMENT_3D('',#2679,#1179,#1180);
#985=AXIS2_PLACEMENT_3D('',#2692,#1183,#1184);
#986=AXIS2_PLACEMENT_3D('',#2705,#1187,#1188);
#987=AXIS2_PLACEMENT_3D('',#2718,#1191,#1192);
#988=AXIS2_PLACEMENT_3D('',#2719,#1193,#1194);
#989=DIRECTION('axis',(0.,0.,1.));
#990=DIRECTION('refdir',(1.,0.,0.));
#991=DIRECTION('center_axis',(0.,0.,-1.));
#992=DIRECTION('ref_axis',(-1.,0.,0.));
#993=DIRECTION('center_axis',(1.21689225085976E-16,4.50524111826761E-32,
-1.));
#994=DIRECTION('ref_axis',(1.,2.70204359078487E-32,1.21689225085976E-16));
#995=DIRECTION('center_axis',(-1.22464679914735E-16,-1.,0.));
#996=DIRECTION('ref_axis',(1.,-1.22464679914735E-16,0.));
#997=DIRECTION('center_axis',(0.,0.,1.));
#998=DIRECTION('ref_axis',(1.,1.22464679914735E-16,0.));
#999=DIRECTION('center_axis',(0.,0.,1.));
#1000=DIRECTION('ref_axis',(1.,0.,0.));
#1001=DIRECTION('',(-0.866025403784442,0.499999999999993,0.));
#1002=DIRECTION('',(0.866025403784439,0.499999999999999,0.));
#1003=DIRECTION('',(-0.866025403784369,-0.500000000000121,0.));
#1004=DIRECTION('',(1.11078427617163E-15,1.,0.));
#1005=DIRECTION('',(1.37740559488602E-13,-1.,0.));
#1006=DIRECTION('',(-0.86602540378444,0.499999999999998,0.));
#1007=DIRECTION('',(0.866025403784476,-0.499999999999936,0.));
#1008=DIRECTION('',(-0.866025403784437,-0.500000000000004,0.));
#1009=DIRECTION('',(0.866025403784433,0.500000000000009,0.));
#1010=DIRECTION('',(0.,-1.,0.));
#1011=DIRECTION('',(-8.88648770894261E-15,1.,0.));
#1012=DIRECTION('',(0.866025403784439,-0.5,0.));
#1013=DIRECTION('center_axis',(-1.75723207702677E-15,0.,-1.));
#1014=DIRECTION('ref_axis',(-1.,0.,1.65879819162372E-15));
#1015=DIRECTION('',(-0.156434465040229,1.91576966887847E-17,0.987688340595138));
#1016=DIRECTION('center_axis',(1.74582140301184E-15,-2.49241767177692E-31,
1.));
#1017=DIRECTION('ref_axis',(1.,-6.12323399573677E-17,-1.74582140301184E-15));
#1018=DIRECTION('center_axis',(-0.86602540378444,0.499999999999998,0.));
#1019=DIRECTION('ref_axis',(-0.499999999999998,-0.86602540378444,0.));
#1020=DIRECTION('center_axis',(-0.86602540378444,0.499999999999998,0.));
#1021=DIRECTION('ref_axis',(0.,0.,1.));
#1022=DIRECTION('center_axis',(0.866025403784442,-0.499999999999993,0.));
#1023=DIRECTION('ref_axis',(-0.353553390593268,-0.612372435695796,0.707106781186549));
#1024=DIRECTION('center_axis',(-0.866025403784443,0.499999999999992,0.));
#1025=DIRECTION('ref_axis',(-0.499999999999992,-0.866025403784443,0.));
#1026=DIRECTION('',(0.866025403784442,-0.499999999999993,0.));
#1027=DIRECTION('center_axis',(0.866025561127589,0.499999727473571,0.));
#1028=DIRECTION('ref_axis',(-0.499999727473571,0.866025561127589,0.));
#1029=DIRECTION('center_axis',(0.866025403784439,0.499999999999999,0.));
#1030=DIRECTION('ref_axis',(-0.35355339059327,0.612372435695794,0.70710678118655));
#1031=DIRECTION('center_axis',(0.86602540378444,0.499999999999999,0.));
#1032=DIRECTION('ref_axis',(-0.499999999999999,0.86602540378444,0.));
#1033=DIRECTION('',(-0.866025403784439,-0.499999999999999,0.));
#1034=DIRECTION('center_axis',(-0.866025403784438,-0.5,1.82123199577618E-15));
#1035=DIRECTION('ref_axis',(0.5,-0.866025403784438,0.));
#1036=DIRECTION('center_axis',(0.866025403784369,0.500000000000121,0.));
#1037=DIRECTION('ref_axis',(0.35355339059336,-0.612372435695745,0.707106781186547));
#1038=DIRECTION('center_axis',(-0.866025403784367,-0.500000000000125,0.));
#1039=DIRECTION('ref_axis',(0.500000000000125,-0.866025403784367,0.));
#1040=DIRECTION('',(0.866025403784369,0.500000000000121,0.));
#1041=DIRECTION('center_axis',(3.14686385728624E-7,0.99999999999995,0.));
#1042=DIRECTION('ref_axis',(-0.999999999999951,3.14686385728624E-7,0.));
#1043=DIRECTION('center_axis',(1.11078427617163E-15,1.,0.));
#1044=DIRECTION('ref_axis',(-0.707106781186548,7.85443094116348E-16,0.707106781186547));
#1045=DIRECTION('center_axis',(0.,1.,0.));
#1046=DIRECTION('ref_axis',(-1.,0.,0.));
#1047=DIRECTION('',(-1.11078427617163E-15,-1.,0.));
#1048=DIRECTION('center_axis',(0.,-1.,7.2849279831047E-15));
#1049=DIRECTION('ref_axis',(1.,0.,0.));
#1050=DIRECTION('center_axis',(-1.37740559488602E-13,1.,0.));
#1051=DIRECTION('ref_axis',(0.707106781186547,9.73902905084978E-14,0.707106781186548));
#1052=DIRECTION('center_axis',(1.38413631678989E-13,-1.,0.));
#1053=DIRECTION('ref_axis',(1.,1.38413631678989E-13,0.));
#1054=DIRECTION('',(-1.37740559488602E-13,1.,0.));
#1055=DIRECTION('center_axis',(-0.866025246441206,0.500000272526373,-1.82123298844368E-15));
#1056=DIRECTION('ref_axis',(-0.500000272526373,-0.866025246441206,0.));
#1057=DIRECTION('center_axis',(-0.86602540378444,0.499999999999998,0.));
#1058=DIRECTION('ref_axis',(-0.353553390593272,-0.612372435695795,0.707106781186548));
#1059=DIRECTION('center_axis',(-0.866025403784442,0.499999999999995,0.));
#1060=DIRECTION('ref_axis',(-0.499999999999995,-0.866025403784442,0.));
#1061=DIRECTION('',(0.86602540378444,-0.499999999999998,0.));
#1062=DIRECTION('center_axis',(0.866025403784436,-0.500000000000004,-9.10615997888095E-16));
#1063=DIRECTION('ref_axis',(0.500000000000004,0.866025403784436,0.));
#1064=DIRECTION('center_axis',(-0.866025403784476,0.499999999999936,0.));
#1065=DIRECTION('ref_axis',(0.35355339059323,0.612372435695822,0.707106781186546));
#1066=DIRECTION('center_axis',(0.866025403784479,-0.49999999999993,0.));
#1067=DIRECTION('ref_axis',(0.49999999999993,0.866025403784479,0.));
#1068=DIRECTION('',(-0.866025403784476,0.499999999999936,0.));
#1069=DIRECTION('center_axis',(-0.866025561127594,-0.499999727473562,9.10615501554219E-16));
#1070=DIRECTION('ref_axis',(0.499999727473562,-0.866025561127594,0.));
#1071=DIRECTION('center_axis',(-0.866025403784437,-0.500000000000004,0.));
#1072=DIRECTION('ref_axis',(0.353553390593277,-0.612372435695793,0.707106781186547));
#1073=DIRECTION('center_axis',(-0.866025403784436,-0.500000000000004,0.));
#1074=DIRECTION('ref_axis',(0.500000000000004,-0.866025403784436,0.));
#1075=DIRECTION('',(0.866025403784437,0.500000000000004,0.));
#1076=DIRECTION('center_axis',(0.86602540378444,0.499999999999998,0.));
#1077=DIRECTION('ref_axis',(-0.499999999999998,0.86602540378444,0.));
#1078=DIRECTION('center_axis',(-0.866025403784433,-0.500000000000009,0.));
#1079=DIRECTION('ref_axis',(-0.353553390593282,0.612372435695791,0.707106781186546));
#1080=DIRECTION('center_axis',(0.866025403784433,0.500000000000009,0.));
#1081=DIRECTION('ref_axis',(-0.500000000000009,0.866025403784433,0.));
#1082=DIRECTION('',(-0.866025403784433,-0.500000000000009,0.));
#1083=DIRECTION('center_axis',(-3.14686385728623E-7,-0.99999999999995,0.));
#1084=DIRECTION('ref_axis',(0.999999999999951,-3.14686385728623E-7,0.));
#1085=DIRECTION('center_axis',(0.,-1.,0.));
#1086=DIRECTION('ref_axis',(0.707106781186547,0.,0.707106781186548));
#1087=DIRECTION('center_axis',(0.,-1.,0.));
#1088=DIRECTION('ref_axis',(1.,0.,0.));
#1089=DIRECTION('',(0.,1.,0.));
#1090=DIRECTION('center_axis',(-7.2849279831047E-15,1.,0.));
#1091=DIRECTION('ref_axis',(-1.,-7.2849279831047E-15,0.));
#1092=DIRECTION('center_axis',(8.88648770894261E-15,-1.,0.));
#1093=DIRECTION('ref_axis',(-0.707106781186547,-1.0302443954618E-14,0.707106781186548));
#1094=DIRECTION('center_axis',(-7.2849279831047E-15,1.,0.));
#1095=DIRECTION('ref_axis',(-1.,-7.2849279831047E-15,0.));
#1096=DIRECTION('',(8.88648770894261E-15,-1.,0.));
#1097=DIRECTION('center_axis',(0.866025246441206,-0.500000272526373,0.));
#1098=DIRECTION('ref_axis',(0.500000272526373,0.866025246441206,0.));
#1099=DIRECTION('center_axis',(0.866025403784439,-0.5,0.));
#1100=DIRECTION('ref_axis',(0.353553390593277,0.612372435695793,0.707106781186548));
#1101=DIRECTION('',(-0.866025403784439,0.5,0.));
#1102=DIRECTION('center_axis',(-0.499999999999998,-0.86602540378444,0.));
#1103=DIRECTION('ref_axis',(-0.86602540378444,0.499999999999998,0.));
#1104=DIRECTION('',(0.,0.,-1.));
#1105=DIRECTION('center_axis',(0.499999999999998,0.86602540378444,0.));
#1106=DIRECTION('ref_axis',(0.,0.,1.));
#1107=DIRECTION('',(0.,0.,-1.));
#1108=DIRECTION('',(0.,0.,-1.));
#1109=DIRECTION('center_axis',(1.,1.37740559488602E-13,0.));
#1110=DIRECTION('ref_axis',(1.37740559488602E-13,-1.,0.));
#1111=DIRECTION('',(0.,0.,-1.));
#1112=DIRECTION('center_axis',(-1.,-1.37740559488602E-13,0.));
#1113=DIRECTION('ref_axis',(0.,0.,1.));
#1114=DIRECTION('',(0.,0.,-1.));
#1115=DIRECTION('center_axis',(-1.,1.11078427617163E-15,0.));
#1116=DIRECTION('ref_axis',(1.11078427617163E-15,1.,0.));
#1117=DIRECTION('',(0.,0.,-1.));
#1118=DIRECTION('center_axis',(1.,-1.11078427617163E-15,0.));
#1119=DIRECTION('ref_axis',(0.,0.,-1.));
#1120=DIRECTION('',(0.,0.,-1.));
#1121=DIRECTION('center_axis',(0.500000000000121,-0.866025403784369,0.));
#1122=DIRECTION('ref_axis',(-0.866025403784369,-0.500000000000121,0.));
#1123=DIRECTION('',(0.,0.,-1.));
#1124=DIRECTION('center_axis',(-0.500000000000121,0.866025403784369,0.));
#1125=DIRECTION('ref_axis',(0.,0.,1.));
#1126=DIRECTION('',(0.,0.,-1.));
#1127=DIRECTION('center_axis',(-0.499999999999999,0.866025403784439,0.));
#1128=DIRECTION('ref_axis',(0.866025403784439,0.499999999999999,0.));
#1129=DIRECTION('',(0.,0.,-1.));
#1130=DIRECTION('center_axis',(0.499999999999999,-0.866025403784439,0.));
#1131=DIRECTION('ref_axis',(0.,0.,-1.));
#1132=DIRECTION('',(0.,0.,-1.));
#1133=DIRECTION('center_axis',(-0.499999999999993,-0.866025403784442,0.));
#1134=DIRECTION('ref_axis',(-0.866025403784442,0.499999999999993,0.));
#1135=DIRECTION('',(0.,0.,-1.));
#1136=DIRECTION('center_axis',(0.499999999999993,0.866025403784442,0.));
#1137=DIRECTION('ref_axis',(0.,0.,1.));
#1138=DIRECTION('',(0.,0.,-1.));
#1139=DIRECTION('center_axis',(-1.75723207702677E-15,0.,-1.));
#1140=DIRECTION('ref_axis',(-1.,0.,1.74824382134202E-15));
#1141=DIRECTION('center_axis',(-1.22464679914735E-16,-1.,2.15198863848989E-31));
#1142=DIRECTION('ref_axis',(1.,-1.22464679914735E-16,-1.75895047641585E-15));
#1143=DIRECTION('center_axis',(-1.75723207702677E-15,0.,-1.));
#1144=DIRECTION('ref_axis',(1.,0.,-1.75723207702677E-15));
#1145=DIRECTION('center_axis',(1.75723207702677E-15,0.,1.));
#1146=DIRECTION('ref_axis',(1.,0.,-1.75723207702677E-15));
#1147=DIRECTION('center_axis',(6.12323399573677E-17,0.,1.));
#1148=DIRECTION('ref_axis',(1.,0.,0.));
#1149=DIRECTION('center_axis',(1.,8.88648770894261E-15,0.));
#1150=DIRECTION('ref_axis',(0.,0.,-1.));
#1151=DIRECTION('center_axis',(-1.,0.,0.));
#1152=DIRECTION('ref_axis',(0.,0.,1.));
#1153=DIRECTION('center_axis',(0.500000000000009,-0.866025403784433,0.));
#1154=DIRECTION('ref_axis',(0.,0.,-1.));
#1155=DIRECTION('center_axis',(-0.500000000000004,0.866025403784437,0.));
#1156=DIRECTION('ref_axis',(0.,0.,1.));
#1157=DIRECTION('center_axis',(-0.499999999999936,-0.866025403784476,0.));
#1158=DIRECTION('ref_axis',(0.,0.,-1.));
#1159=DIRECTION('center_axis',(1.22464679914735E-16,-1.,0.));
#1160=DIRECTION('ref_axis',(-1.,-1.22464679914735E-16,0.));
#1161=DIRECTION('center_axis',(0.,0.,1.));
#1162=DIRECTION('ref_axis',(1.,0.,0.));
#1163=DIRECTION('center_axis',(-0.5,-0.866025403784439,0.));
#1164=DIRECTION('ref_axis',(0.,0.,-1.));
#1165=DIRECTION('center_axis',(0.,0.,1.));
#1166=DIRECTION('ref_axis',(1.,0.,0.));
#1167=DIRECTION('',(0.,0.,-1.));
#1168=DIRECTION('center_axis',(0.,0.,1.));
#1169=DIRECTION('ref_axis',(1.,0.,0.));
#1170=DIRECTION('',(0.,0.,-1.));
#1171=DIRECTION('center_axis',(0.499999999999936,0.866025403784476,0.));
#1172=DIRECTION('ref_axis',(0.866025403784476,-0.499999999999936,0.));
#1173=DIRECTION('',(0.,0.,-1.));
#1174=DIRECTION('',(0.,0.,-1.));
#1175=DIRECTION('center_axis',(0.500000000000004,-0.866025403784437,0.));
#1176=DIRECTION('ref_axis',(-0.866025403784437,-0.500000000000004,0.));
#1177=DIRECTION('',(0.,0.,-1.));
#1178=DIRECTION('',(0.,0.,-1.));
#1179=DIRECTION('center_axis',(-0.500000000000009,0.866025403784433,0.));
#1180=DIRECTION('ref_axis',(0.866025403784433,0.500000000000009,0.));
#1181=DIRECTION('',(0.,0.,-1.));
#1182=DIRECTION('',(0.,0.,-1.));
#1183=DIRECTION('center_axis',(1.,0.,0.));
#1184=DIRECTION('ref_axis',(0.,-1.,0.));
#1185=DIRECTION('',(0.,0.,-1.));
#1186=DIRECTION('',(0.,0.,-1.));
#1187=DIRECTION('center_axis',(-1.,-8.88648770894261E-15,0.));
#1188=DIRECTION('ref_axis',(-8.88648770894261E-15,1.,0.));
#1189=DIRECTION('',(0.,0.,-1.));
#1190=DIRECTION('',(0.,0.,-1.));
#1191=DIRECTION('center_axis',(0.5,0.866025403784439,0.));
#1192=DIRECTION('ref_axis',(0.866025403784439,-0.5,0.));
#1193=DIRECTION('center_axis',(0.,0.,1.));
#1194=DIRECTION('ref_axis',(1.,0.,0.));
#1195=CARTESIAN_POINT('',(0.,0.,0.));
#1196=CARTESIAN_POINT('Origin',(1.5815088693241E-17,0.,0.009));
#1197=CARTESIAN_POINT('',(0.089797531103815,-1.09970259037622E-17,0.00759208981463794));
#1198=CARTESIAN_POINT('Origin',(-5.46369598732853E-18,-1.09970259037622E-17,
0.00759208981463792));
#1199=CARTESIAN_POINT('',(0.0986867261691712,-1.20856383321407E-17,0.));
#1200=CARTESIAN_POINT('Origin',(0.0986867261691712,-1.20856383321407E-17,
0.009));
#1201=CARTESIAN_POINT('Origin',(1.5815088693241E-17,0.,0.));
#1202=CARTESIAN_POINT('Origin',(0.,0.12625,0.));
#1203=CARTESIAN_POINT('',(-0.124135707227785,0.0374906480479806,0.));
#1204=CARTESIAN_POINT('',(-0.0945357072277853,0.0887593519520194,0.));
#1205=CARTESIAN_POINT('Ctrl Pts',(-0.124135707227785,0.0374906480479806,
-6.48813898495262E-18));
#1206=CARTESIAN_POINT('Ctrl Pts',(-0.124865222727261,0.0379118340179808,
-7.49350126227064E-18));
#1207=CARTESIAN_POINT('Ctrl Pts',(-0.126133199606987,0.0390652470713286,
-6.0297214236861E-18));
#1208=CARTESIAN_POINT('Ctrl Pts',(-0.127768347225112,0.0420511265819543,
-5.79325600341871E-18));
#1209=CARTESIAN_POINT('Ctrl Pts',(-0.128861721939239,0.0479287617602674,
-6.3453960270048E-18));
#1210=CARTESIAN_POINT('Ctrl Pts',(-0.127258746599973,0.0597335319836403,
-4.40848359166375E-18));
#1211=CARTESIAN_POINT('Ctrl Pts',(-0.12135248649482,0.0720787691362151,
1.2760310295025E-18));
#1212=CARTESIAN_POINT('Ctrl Pts',(-0.11269190265754,0.0824407741125677,
7.91873903090441E-19));
#1213=CARTESIAN_POINT('Ctrl Pts',(-0.105928070222801,0.0876262077259543,
1.94512231697219E-18));
#1214=CARTESIAN_POINT('Ctrl Pts',(-0.100303529873348,0.0896265921912022,
3.30845171189934E-19));
#1215=CARTESIAN_POINT('Ctrl Pts',(-0.0968974547518397,0.0897013179645094,
-1.37241468054003E-18));
#1216=CARTESIAN_POINT('Ctrl Pts',(-0.0952652227272608,0.0891805379220195,
-1.21641411641974E-18));
#1217=CARTESIAN_POINT('Ctrl Pts',(-0.0945357072277853,0.0887593519520194,
-1.70740499604016E-18));
#1218=CARTESIAN_POINT('',(-0.119876026977448,0.0350313205087864,0.));
#1219=CARTESIAN_POINT('',(-0.0946719402956695,0.0204797342783834,0.));
#1220=CARTESIAN_POINT('',(-0.119875925452942,-0.0350312618935609,0.));
#1221=CARTESIAN_POINT('Ctrl Pts',(-0.119875925452942,-0.0350312618935609,
0.));
#1222=CARTESIAN_POINT('Ctrl Pts',(-0.116643812465472,-0.0331652019463373,
0.));
#1223=CARTESIAN_POINT('Ctrl Pts',(-0.112957879258629,-0.0287264345003148,
0.));
#1224=CARTESIAN_POINT('Ctrl Pts',(-0.108169745616183,-0.0185821111883178,
0.));
#1225=CARTESIAN_POINT('Ctrl Pts',(-0.105229659240826,-0.00378342712826468,
0.));
#1226=CARTESIAN_POINT('Ctrl Pts',(-0.106438231673401,0.0131579894092829,
0.));
#1227=CARTESIAN_POINT('Ctrl Pts',(-0.111084605328681,0.0254943706126404,
0.));
#1228=CARTESIAN_POINT('Ctrl Pts',(-0.115397571667807,0.0316410467746153,
0.));
#1229=CARTESIAN_POINT('Ctrl Pts',(-0.118259972114519,0.0340983083703572,
0.));
#1230=CARTESIAN_POINT('Ctrl Pts',(-0.119876026977708,0.0350313205083388,
0.));
#1231=CARTESIAN_POINT('',(-0.124135707227785,-0.0374906480479806,0.));
#1232=CARTESIAN_POINT('',(-0.0421339268069464,0.00985310195201933,0.));
#1233=CARTESIAN_POINT('',(-0.0945357072277854,-0.0887593519520193,0.));
#1234=CARTESIAN_POINT('Ctrl Pts',(-0.0945357072277854,-0.0887593519520193,
4.09777199049639E-18));
#1235=CARTESIAN_POINT('Ctrl Pts',(-0.0952652227272609,-0.0891805379220195,
3.48987852049015E-18));
#1236=CARTESIAN_POINT('Ctrl Pts',(-0.0968982004370062,-0.089701617912584,
3.08544243329177E-18));
#1237=CARTESIAN_POINT('Ctrl Pts',(-0.100302053139964,-0.0896246473336583,
3.64251684721992E-18));
#1238=CARTESIAN_POINT('Ctrl Pts',(-0.105938435929016,-0.0876314655213974,
6.28840789121905E-18));
#1239=CARTESIAN_POINT('Ctrl Pts',(-0.115366064735448,-0.0803397878214025,
3.38309221414357E-19));
#1240=CARTESIAN_POINT('Ctrl Pts',(-0.123095701584813,-0.0690450801804262,
2.98440902148046E-18));
#1241=CARTESIAN_POINT('Ctrl Pts',(-0.127766178060807,-0.056365996528819,
2.84143261877663E-18));
#1242=CARTESIAN_POINT('Ctrl Pts',(-0.128851695797701,-0.0479178268997041,
4.55858298086978E-18));
#1243=CARTESIAN_POINT('Ctrl Pts',(-0.127767965416508,-0.0420523956990067,
4.64384672080225E-18));
#1244=CARTESIAN_POINT('Ctrl Pts',(-0.126132413497944,-0.0390656923072586,
4.65449768735583E-18));
#1245=CARTESIAN_POINT('Ctrl Pts',(-0.124865222727261,-0.0379118340179808,
5.11728801394215E-18));
#1246=CARTESIAN_POINT('Ctrl Pts',(-0.124135707227785,-0.0374906480479806,
4.43925298970443E-18));
#1247=CARTESIAN_POINT('',(-0.0902760269774479,-0.0863000244128252,0.));
#1248=CARTESIAN_POINT('',(-0.0104040866817757,-0.0401859381824062,0.));
#1249=CARTESIAN_POINT('',(-0.0296000000000217,-0.121331227691198,0.));
#1250=CARTESIAN_POINT('Ctrl Pts',(-0.0296000000000217,-0.121331227691198,
0.));
#1251=CARTESIAN_POINT('Ctrl Pts',(-0.0295999994127942,-0.119465166726867,
0.));
#1252=CARTESIAN_POINT('Ctrl Pts',(-0.0302965204320456,-0.115758923577942,
0.));
#1253=CARTESIAN_POINT('Ctrl Pts',(-0.0334636898105496,-0.108949665273811,
0.));
#1254=CARTESIAN_POINT('Ctrl Pts',(-0.0418250979718889,-0.0987569636117227,
0.));
#1255=CARTESIAN_POINT('Ctrl Pts',(-0.0558931807175808,-0.0892399168814664,
0.));
#1256=CARTESIAN_POINT('Ctrl Pts',(-0.0701807133663572,-0.0843867337168636,
0.));
#1257=CARTESIAN_POINT('Ctrl Pts',(-0.0813604342186812,-0.083461489703104,
0.));
#1258=CARTESIAN_POINT('Ctrl Pts',(-0.0870439393896075,-0.0844339422469969,
0.));
#1259=CARTESIAN_POINT('Ctrl Pts',(-0.0902760269771928,-0.0863000244132743,
0.));
#1260=CARTESIAN_POINT('',(-0.0296,-0.12625,0.));
#1261=CARTESIAN_POINT('',(-0.0295999999999999,1.64396072873399E-17,0.));
#1262=CARTESIAN_POINT('',(0.0296,-0.12625,0.));
#1263=CARTESIAN_POINT('Ctrl Pts',(0.0296,-0.12625,6.82961998416066E-19));
#1264=CARTESIAN_POINT('Ctrl Pts',(0.0296,-0.12709237194,3.57998983323747E-19));
#1265=CARTESIAN_POINT('Ctrl Pts',(0.0292347953154049,-0.128767113157385,
2.6362965682728E-18));
#1266=CARTESIAN_POINT('Ctrl Pts',(0.0274662191575715,-0.131676449315403,
2.27429990308762E-18));
#1267=CARTESIAN_POINT('Ctrl Pts',(0.0229219329448582,-0.135561112923869,
3.03503022835604E-18));
#1268=CARTESIAN_POINT('Ctrl Pts',(0.0118934192899395,-0.140079820958704,
-3.63804158213168E-18));
#1269=CARTESIAN_POINT('Ctrl Pts',(-0.00175286845135394,-0.141126504350784,
1.61736382539271E-18));
#1270=CARTESIAN_POINT('Ctrl Pts',(-0.0150685533926997,-0.138831713469906,
-1.6818209067216E-18));
#1271=CARTESIAN_POINT('Ctrl Pts',(-0.0229277164607574,-0.135547735612115,
1.00893991397614E-18));
#1272=CARTESIAN_POINT('Ctrl Pts',(-0.027465525547017,-0.131676501233054,
-2.16441733213545E-18));
#1273=CARTESIAN_POINT('Ctrl Pts',(-0.0292343163234877,-0.128766719223838,
6.34942256365592E-19));
#1274=CARTESIAN_POINT('Ctrl Pts',(-0.0296,-0.12709237194,2.18321897889322E-19));
#1275=CARTESIAN_POINT('Ctrl Pts',(-0.0296,-0.12625,6.82961998416066E-19));
#1276=CARTESIAN_POINT('',(0.0295999999999999,-0.121331344921612,0.));
#1277=CARTESIAN_POINT('',(0.0295999999999829,0.00245932753919612,0.));
#1278=CARTESIAN_POINT('',(0.0902759254529206,-0.0862999657976373,0.));
#1279=CARTESIAN_POINT('Ctrl Pts',(0.0902759254529206,-0.0862999657976373,
0.));
#1280=CARTESIAN_POINT('Ctrl Pts',(0.0870438136399051,-0.0844339038161979,
0.));
#1281=CARTESIAN_POINT('Ctrl Pts',(0.0813548747641907,-0.0834590653375727,
0.));
#1282=CARTESIAN_POINT('Ctrl Pts',(0.0701734008673852,-0.08438421778478,
0.));
#1283=CARTESIAN_POINT('Ctrl Pts',(0.055887771372761,-0.08923314157535,0.));
#1284=CARTESIAN_POINT('Ctrl Pts',(0.0418309330417628,-0.0987630653327408,
0.));
#1285=CARTESIAN_POINT('Ctrl Pts',(0.0334637748708705,-0.108949249515717,
0.));
#1286=CARTESIAN_POINT('Ctrl Pts',(0.0302981251069772,-0.115758780297379,
0.));
#1287=CARTESIAN_POINT('Ctrl Pts',(0.0295999847895001,-0.11946529429281,
0.));
#1288=CARTESIAN_POINT('Ctrl Pts',(0.0296000000005178,-0.121331344921614,
0.));
#1289=CARTESIAN_POINT('',(0.0945357072277853,-0.0887593519520194,0.));
#1290=CARTESIAN_POINT('',(0.0125339268069463,-0.0414156019520197,0.));
#1291=CARTESIAN_POINT('',(0.124135707227787,-0.0374906480479782,0.));
#1292=CARTESIAN_POINT('Ctrl Pts',(0.124135707227787,-0.0374906480479782,
4.09777199049639E-18));
#1293=CARTESIAN_POINT('Ctrl Pts',(0.124865222727262,-0.0379118340179784,
5.5006030751262E-18));
#1294=CARTESIAN_POINT('Ctrl Pts',(0.126132980061253,-0.0390654942483957,
3.68634722758365E-18));
#1295=CARTESIAN_POINT('Ctrl Pts',(0.127768247925405,-0.0420518024778805,
3.56742225522903E-18));
#1296=CARTESIAN_POINT('Ctrl Pts',(0.128860293136317,-0.0479296442121863,
3.35308712511356E-18));
#1297=CARTESIAN_POINT('Ctrl Pts',(0.127259329335798,-0.0597400493755387,
1.96918460104962E-18));
#1298=CARTESIAN_POINT('Ctrl Pts',(0.121342644028235,-0.07208146521677,3.79163944991676E-18));
#1299=CARTESIAN_POINT('Ctrl Pts',(0.112697473794598,-0.0824657582035482,
-1.85787223264553E-19));
#1300=CARTESIAN_POINT('Ctrl Pts',(0.105923903215243,-0.0876299286942512,
1.0295639226756E-18));
#1301=CARTESIAN_POINT('Ctrl Pts',(0.10030242565041,-0.0896241060347581,
3.25800170828966E-18));
#1302=CARTESIAN_POINT('Ctrl Pts',(0.0968980886925668,-0.0897010282039831,
1.98121348060018E-18));
#1303=CARTESIAN_POINT('Ctrl Pts',(0.0952652227272594,-0.089180537922022,
2.86290433017782E-18));
#1304=CARTESIAN_POINT('Ctrl Pts',(0.0945357072277839,-0.0887593519520218,
3.0733289928723E-18));
#1305=CARTESIAN_POINT('',(0.119876026977448,-0.0350313205087866,0.));
#1306=CARTESIAN_POINT('',(0.0400040866817766,0.011082765721609,0.));
#1307=CARTESIAN_POINT('',(0.119875925452942,0.0350312618935609,0.));
#1308=CARTESIAN_POINT('Ctrl Pts',(0.119875925452942,0.0350312618935609,
0.));
#1309=CARTESIAN_POINT('Ctrl Pts',(0.116643812465472,0.0331652019463374,
0.));
#1310=CARTESIAN_POINT('Ctrl Pts',(0.112957879258629,0.028726434500315,0.));
#1311=CARTESIAN_POINT('Ctrl Pts',(0.108169745616183,0.0185821111883179,
0.));
#1312=CARTESIAN_POINT('Ctrl Pts',(0.105229659240826,0.00378342712826479,
0.));
#1313=CARTESIAN_POINT('Ctrl Pts',(0.106438231673401,-0.0131579894092828,
0.));
#1314=CARTESIAN_POINT('Ctrl Pts',(0.111084605328681,-0.0254943706126404,
0.));
#1315=CARTESIAN_POINT('Ctrl Pts',(0.115397571667807,-0.0316410467746152,
0.));
#1316=CARTESIAN_POINT('Ctrl Pts',(0.118259972114519,-0.0340983083703573,
0.));
#1317=CARTESIAN_POINT('Ctrl Pts',(0.119876026977708,-0.0350313205083389,
0.));
#1318=CARTESIAN_POINT('',(0.124135707227785,0.0374906480479805,0.));
#1319=CARTESIAN_POINT('',(0.0968017804208394,0.0217093980479805,0.));
#1320=CARTESIAN_POINT('',(0.0945357072277854,0.0887593519520193,0.));
#1321=CARTESIAN_POINT('Ctrl Pts',(0.0945357072277854,0.0887593519520193,
-1.36592399683213E-18));
#1322=CARTESIAN_POINT('Ctrl Pts',(0.0952652227272609,0.0891805379220194,
-8.74933117211709E-19));
#1323=CARTESIAN_POINT('Ctrl Pts',(0.0968975955264922,0.0897009683909056,
-1.62584341000266E-18));
#1324=CARTESIAN_POINT('Ctrl Pts',(0.100302823933217,0.0896238382987588,
-4.8851548707848E-19));
#1325=CARTESIAN_POINT('Ctrl Pts',(0.105922285328682,0.0876308015937807,
-1.96114365005906E-18));
#1326=CARTESIAN_POINT('Ctrl Pts',(0.112699090519047,0.0824633815997903,
2.59486647485087E-19));
#1327=CARTESIAN_POINT('Ctrl Pts',(0.121337892497167,0.0720879751807606,
8.2000802623744E-19));
#1328=CARTESIAN_POINT('Ctrl Pts',(0.127259781814983,0.0597392242856552,
-3.26007956748795E-18));
#1329=CARTESIAN_POINT('Ctrl Pts',(0.128860159573035,0.0479309899985993,
-2.96554991288359E-18));
#1330=CARTESIAN_POINT('Ctrl Pts',(0.127768323547234,0.0420516383809189,
-5.15883607086958E-18));
#1331=CARTESIAN_POINT('Ctrl Pts',(0.126133246027097,0.039065981218975,-5.18148498060868E-18));
#1332=CARTESIAN_POINT('Ctrl Pts',(0.124865222727261,0.0379118340179807,
-6.98835663652246E-18));
#1333=CARTESIAN_POINT('Ctrl Pts',(0.124135707227785,0.0374906480479805,
-6.14665798574459E-18));
#1334=CARTESIAN_POINT('',(0.0902760269774476,0.086300024412825,0.));
#1335=CARTESIAN_POINT('',(0.0650719402956707,0.0717484381824221,0.));
#1336=CARTESIAN_POINT('',(0.0296000000000217,0.121331227691198,0.));
#1337=CARTESIAN_POINT('Ctrl Pts',(0.0296000000000217,0.121331227691198,
0.));
#1338=CARTESIAN_POINT('Ctrl Pts',(0.0295999994127942,0.119465166726867,
0.));
#1339=CARTESIAN_POINT('Ctrl Pts',(0.0302951169623378,0.115760039653175,
0.));
#1340=CARTESIAN_POINT('Ctrl Pts',(0.0334661291188634,0.108948256753134,
0.));
#1341=CARTESIAN_POINT('Ctrl Pts',(0.0418147409987172,0.0987656042746272,
0.));
#1342=CARTESIAN_POINT('Ctrl Pts',(0.0543398680157604,0.0902637575855944,
0.));
#1343=CARTESIAN_POINT('Ctrl Pts',(0.068326669909526,0.084961865915193,0.));
#1344=CARTESIAN_POINT('Ctrl Pts',(0.0776221752054007,0.0834624300701651,
0.));
#1345=CARTESIAN_POINT('Ctrl Pts',(0.0851000423657384,0.084111863373693,
0.));
#1346=CARTESIAN_POINT('Ctrl Pts',(0.0886599873282737,0.0853669858903795,
0.));
#1347=CARTESIAN_POINT('Ctrl Pts',(0.0902760269771902,0.0863000244132743,
0.));
#1348=CARTESIAN_POINT('',(0.0296,0.12625,0.));
#1349=CARTESIAN_POINT('',(0.0296,0.12625,0.));
#1350=CARTESIAN_POINT('',(-0.0296,0.12625,0.));
#1351=CARTESIAN_POINT('Ctrl Pts',(-0.0296,0.12625,6.82961998416066E-19));
#1352=CARTESIAN_POINT('Ctrl Pts',(-0.0296,0.12709237194,4.60618882826571E-19));
#1353=CARTESIAN_POINT('Ctrl Pts',(-0.0292351090672924,0.128767183177579,
2.23087748374167E-18));
#1354=CARTESIAN_POINT('Ctrl Pts',(-0.0274668384305293,0.131676201865272,
-2.10456566045835E-19));
#1355=CARTESIAN_POINT('Ctrl Pts',(-0.0229233612494609,0.135561926941903,
2.60748671397551E-18));
#1356=CARTESIAN_POINT('Ctrl Pts',(-0.0118986604773398,0.140076086779584,
-4.0204242727194E-18));
#1357=CARTESIAN_POINT('Ctrl Pts',(0.00174583973692136,0.141133759884777,
1.71223076086688E-18));
#1358=CARTESIAN_POINT('Ctrl Pts',(0.0150499170712581,0.13881450899549,2.54242791383803E-19));
#1359=CARTESIAN_POINT('Ctrl Pts',(0.0229225234736392,0.135549532059023,
1.81924285812031E-18));
#1360=CARTESIAN_POINT('Ctrl Pts',(0.027467153149454,0.131678714007337,8.19734655341991E-19));
#1361=CARTESIAN_POINT('Ctrl Pts',(0.0292349006148301,0.12876632341585,-7.20744252649653E-19));
#1362=CARTESIAN_POINT('Ctrl Pts',(0.0296,0.12709237194,4.63469435590549E-19));
#1363=CARTESIAN_POINT('Ctrl Pts',(0.0296,0.12625,6.82961998416066E-19));
#1364=CARTESIAN_POINT('',(-0.0295999999999999,0.121331344921611,0.));
#1365=CARTESIAN_POINT('',(-0.0296,0.123790672460806,0.));
#1366=CARTESIAN_POINT('',(-0.0902759254529206,0.0862999657976372,0.));
#1367=CARTESIAN_POINT('Ctrl Pts',(-0.0902759254529206,0.0862999657976372,
0.));
#1368=CARTESIAN_POINT('Ctrl Pts',(-0.0886598695464129,0.0853669348069176,
0.));
#1369=CARTESIAN_POINT('Ctrl Pts',(-0.0851012966359486,0.0841120090982767,
0.));
#1370=CARTESIAN_POINT('Ctrl Pts',(-0.0776224187038217,0.0834624929312903,
0.));
#1371=CARTESIAN_POINT('Ctrl Pts',(-0.0683265615158033,0.0849620759202539,
0.));
#1372=CARTESIAN_POINT('Ctrl Pts',(-0.0543389680558351,0.0902638694163772,
0.));
#1373=CARTESIAN_POINT('Ctrl Pts',(-0.0418143578941645,0.0987658676590965,
0.));
#1374=CARTESIAN_POINT('Ctrl Pts',(-0.0334658490591276,0.108948195295713,
0.));
#1375=CARTESIAN_POINT('Ctrl Pts',(-0.0302955527515457,0.115758938823464,
0.));
#1376=CARTESIAN_POINT('Ctrl Pts',(-0.0295999847754457,0.119465294293676,
0.));
#1377=CARTESIAN_POINT('Ctrl Pts',(-0.0296000000005177,0.121331344921613,
0.));
#1378=CARTESIAN_POINT('',(-0.067201780420839,0.0729781019520194,0.));
#1379=CARTESIAN_POINT('Origin',(1.66937047317544E-17,0.,0.0095));
#1380=CARTESIAN_POINT('',(0.0891931645300189,-1.09230123447511E-17,0.0114079101853619));
#1381=CARTESIAN_POINT('',(0.0894953478169169,-1.09600191242566E-17,0.00949999999999985));
#1382=CARTESIAN_POINT('Origin',(2.73184799366426E-17,-5.46150617237554E-18,
0.0114079101853621));
#1383=CARTESIAN_POINT('Ctrl Pts',(-0.0930357072277853,0.0913574281633727,
-0.003));
#1384=CARTESIAN_POINT('Ctrl Pts',(-0.0941223799306834,0.0919848189409119,
-0.003));
#1385=CARTESIAN_POINT('Ctrl Pts',(-0.0965345801290265,0.0927336168577336,
-0.003));
#1386=CARTESIAN_POINT('Ctrl Pts',(-0.10099705308587,0.0925933558733352,
-0.003));
#1387=CARTESIAN_POINT('Ctrl Pts',(-0.10752238692186,0.0902143966488174,
-0.003));
#1388=CARTESIAN_POINT('Ctrl Pts',(-0.114797104049847,0.0845951572797891,
-0.003));
#1389=CARTESIAN_POINT('Ctrl Pts',(-0.123945191351473,0.0736469786874918,
-0.003));
#1390=CARTESIAN_POINT('Ctrl Pts',(-0.130121839840297,0.0607389278321497,
-0.003));
#1391=CARTESIAN_POINT('Ctrl Pts',(-0.131902298389651,0.0480164164512452,
-0.003));
#1392=CARTESIAN_POINT('Ctrl Pts',(-0.130683956416837,0.0411680954524271,
-0.003));
#1393=CARTESIAN_POINT('Ctrl Pts',(-0.128577885987327,0.0372348152642404,
-0.003));
#1394=CARTESIAN_POINT('Ctrl Pts',(-0.126722379930683,0.0355199626141665,
-0.003));
#1395=CARTESIAN_POINT('Ctrl Pts',(-0.125635707227785,0.0348925718366273,
-0.003));
#1396=CARTESIAN_POINT('Ctrl Pts',(-0.0930357072277853,0.0913574281633727,
-0.00210240209897434));
#1397=CARTESIAN_POINT('Ctrl Pts',(-0.0941235213490105,0.0919854779390903,
-0.00210240209897434));
#1398=CARTESIAN_POINT('Ctrl Pts',(-0.0965375684917812,0.0927352546351049,
-0.00210240209897435));
#1399=CARTESIAN_POINT('Ctrl Pts',(-0.101003130844452,0.0925949285193496,
-0.00210240209897434));
#1400=CARTESIAN_POINT('Ctrl Pts',(-0.10752925246645,0.0902157543364911,
-0.00210240209897434));
#1401=CARTESIAN_POINT('Ctrl Pts',(-0.114803934043606,0.0845964410640199,
-0.00210240209897434));
#1402=CARTESIAN_POINT('Ctrl Pts',(-0.123951122215997,0.0736487617770429,
-0.00210240209897434));
#1403=CARTESIAN_POINT('Ctrl Pts',(-0.13012639300232,0.0607444888126561,
-0.00210240209897435));
#1404=CARTESIAN_POINT('Ctrl Pts',(-0.131907010115591,0.0480219512514188,
-0.00210240209897435));
#1405=CARTESIAN_POINT('Ctrl Pts',(-0.130688375209357,0.0411726124780866,
-0.00210240209897435));
#1406=CARTESIAN_POINT('Ctrl Pts',(-0.128580815702132,0.0372366288621125,
-0.00210240209897435));
#1407=CARTESIAN_POINT('Ctrl Pts',(-0.12672352134901,0.0355206216123449,
-0.00210240209897435));
#1408=CARTESIAN_POINT('Ctrl Pts',(-0.125635707227785,0.0348925718366273,
-0.00210240209897435));
#1409=CARTESIAN_POINT('Ctrl Pts',(-0.0934117670632718,0.090706073421624,
-0.000546878947251579));
#1410=CARTESIAN_POINT('Ctrl Pts',(-0.0944084155942103,0.0912814887192488,
-0.000546878947251578));
#1411=CARTESIAN_POINT('Ctrl Pts',(-0.0966242918863292,0.0919727072941771,
-0.000546878947251578));
#1412=CARTESIAN_POINT('Ctrl Pts',(-0.100820612978694,0.0918489039503148,
-0.000546878947251577));
#1413=CARTESIAN_POINT('Ctrl Pts',(-0.107119778955217,0.0895649467709931,
-0.000546878947251576));
#1414=CARTESIAN_POINT('Ctrl Pts',(-0.114266428969374,0.0840544965910472,
-0.000546878947251577));
#1415=CARTESIAN_POINT('Ctrl Pts',(-0.123292676050675,0.0732530644932205,
-0.000546878947251576));
#1416=CARTESIAN_POINT('Ctrl Pts',(-0.129402118803909,0.0604845176711387,
-0.00054687894725158));
#1417=CARTESIAN_POINT('Ctrl Pts',(-0.131138014117983,0.0479921010834301,
-0.000546878947251582));
#1418=CARTESIAN_POINT('Ctrl Pts',(-0.129951126089978,0.0413875676350234,
-0.000546878947251581));
#1419=CARTESIAN_POINT('Ctrl Pts',(-0.127963748584616,0.0376929498463912,
-0.000546878947251581));
#1420=CARTESIAN_POINT('Ctrl Pts',(-0.126256295923237,0.0361193418760007,
-0.000546878947251583));
#1421=CARTESIAN_POINT('Ctrl Pts',(-0.125259647392299,0.0355439265783759,
-0.000546878947251582));
#1422=CARTESIAN_POINT('Ctrl Pts',(-0.0941991080149007,0.0893423588905232,
-1.74862651090563E-18));
#1423=CARTESIAN_POINT('Ctrl Pts',(-0.0950086054594439,0.0898097224580385,
-1.25723658113248E-18));
#1424=CARTESIAN_POINT('Ctrl Pts',(-0.0968155966529868,0.0903815290080641,
-1.41175617442038E-18));
#1425=CARTESIAN_POINT('Ctrl Pts',(-0.100458283158935,0.090292106522711,
2.96097307912547E-19));
#1426=CARTESIAN_POINT('Ctrl Pts',(-0.106284847942962,0.0882068009549902,
1.91218110959939E-18));
#1427=CARTESIAN_POINT('Ctrl Pts',(-0.113163327741012,0.0829240321725586,
7.90483343296261E-19));
#1428=CARTESIAN_POINT('Ctrl Pts',(-0.121933436243423,0.0724304184282589,
1.24107220650108E-18));
#1429=CARTESIAN_POINT('Ctrl Pts',(-0.127900569241873,0.0599583435508527,
-4.22024825105185E-18));
#1430=CARTESIAN_POINT('Ctrl Pts',(-0.129543348945529,0.0479476364536367,
-6.38596324267522E-18));
#1431=CARTESIAN_POINT('Ctrl Pts',(-0.128421973718682,0.0418523260713449,
-5.5878979307424E-18));
#1432=CARTESIAN_POINT('Ctrl Pts',(-0.126681365147702,0.0386542386440056,
-5.90957974723656E-18));
#1433=CARTESIAN_POINT('Ctrl Pts',(-0.125281803885213,0.037375004676992,
-7.53553987982979E-18));
#1434=CARTESIAN_POINT('Ctrl Pts',(-0.12447230644067,0.0369076411094768,
-6.52936049981809E-18));
#1435=CARTESIAN_POINT('Ctrl Pts',(-0.0945357072277853,0.0887593519520194,
-1.70740499604016E-18));
#1436=CARTESIAN_POINT('Ctrl Pts',(-0.0952652227272608,0.0891805379220195,
-1.21641411641974E-18));
#1437=CARTESIAN_POINT('Ctrl Pts',(-0.0968974547518397,0.0897013179645094,
-1.37241468054003E-18));
#1438=CARTESIAN_POINT('Ctrl Pts',(-0.100303529873348,0.0896265921912022,
3.30845171189934E-19));
#1439=CARTESIAN_POINT('Ctrl Pts',(-0.105928070222801,0.0876262077259543,
1.94512231697219E-18));
#1440=CARTESIAN_POINT('Ctrl Pts',(-0.11269190265754,0.0824407741125677,
7.91873903090441E-19));
#1441=CARTESIAN_POINT('Ctrl Pts',(-0.12135248649482,0.0720787691362151,
1.2760310295025E-18));
#1442=CARTESIAN_POINT('Ctrl Pts',(-0.127258746599973,0.0597335319836403,
-4.40848359166375E-18));
#1443=CARTESIAN_POINT('Ctrl Pts',(-0.128861721939239,0.0479287617602674,
-6.3453960270048E-18));
#1444=CARTESIAN_POINT('Ctrl Pts',(-0.127768347225112,0.0420511265819543,
-5.79325600341871E-18));
#1445=CARTESIAN_POINT('Ctrl Pts',(-0.126133199606987,0.0390652470713286,
-6.0297214236861E-18));
#1446=CARTESIAN_POINT('Ctrl Pts',(-0.124865222727261,0.0379118340179808,
-7.49350126227064E-18));
#1447=CARTESIAN_POINT('Ctrl Pts',(-0.124135707227785,0.0374906480479806,
-6.48813898495262E-18));
#1448=CARTESIAN_POINT('',(-0.125635707227785,0.0348925718366273,-0.003));
#1449=CARTESIAN_POINT('Origin',(-0.124135707227785,0.0374906480479806,-0.003));
#1450=CARTESIAN_POINT('',(-0.0930357072277853,0.0913574281633727,-0.003));
#1451=CARTESIAN_POINT('Origin',(-0.0945357072277853,0.0887593519520194,
-0.003));
#1452=CARTESIAN_POINT('Ctrl Pts',(-0.0930357072277853,0.0913574281633727,
-0.003));
#1453=CARTESIAN_POINT('Ctrl Pts',(-0.0941223799306834,0.0919848189409119,
-0.003));
#1454=CARTESIAN_POINT('Ctrl Pts',(-0.0965345801290265,0.0927336168577336,
-0.003));
#1455=CARTESIAN_POINT('Ctrl Pts',(-0.10099705308587,0.0925933558733352,
-0.003));
#1456=CARTESIAN_POINT('Ctrl Pts',(-0.10752238692186,0.0902143966488174,
-0.003));
#1457=CARTESIAN_POINT('Ctrl Pts',(-0.114797104049847,0.0845951572797891,
-0.003));
#1458=CARTESIAN_POINT('Ctrl Pts',(-0.123945191351473,0.0736469786874918,
-0.003));
#1459=CARTESIAN_POINT('Ctrl Pts',(-0.130121839840297,0.0607389278321497,
-0.003));
#1460=CARTESIAN_POINT('Ctrl Pts',(-0.131902298389651,0.0480164164512452,
-0.003));
#1461=CARTESIAN_POINT('Ctrl Pts',(-0.130683956416837,0.0411680954524271,
-0.003));
#1462=CARTESIAN_POINT('Ctrl Pts',(-0.128577885987327,0.0372348152642404,
-0.003));
#1463=CARTESIAN_POINT('Ctrl Pts',(-0.126722379930683,0.0355199626141665,
-0.003));
#1464=CARTESIAN_POINT('Ctrl Pts',(-0.125635707227785,0.0348925718366273,
-0.003));
#1465=CARTESIAN_POINT('Origin',(-0.0946719402956695,0.0204797342783834,
-0.003));
#1466=CARTESIAN_POINT('',(-0.121376026977447,0.0324332442974331,-0.003));
#1467=CARTESIAN_POINT('Origin',(-0.119876026977448,0.0350313205087864,-0.003));
#1468=CARTESIAN_POINT('',(-0.0961719402956695,0.0178816580670301,-0.003));
#1469=CARTESIAN_POINT('Ctrl Pts',(-0.119875925452942,-0.0350312618935609,
0.));
#1470=CARTESIAN_POINT('Ctrl Pts',(-0.116643812465472,-0.0331652019463373,
0.));
#1471=CARTESIAN_POINT('Ctrl Pts',(-0.112957879258629,-0.0287264345003148,
0.));
#1472=CARTESIAN_POINT('Ctrl Pts',(-0.108169745616183,-0.0185821111883178,
0.));
#1473=CARTESIAN_POINT('Ctrl Pts',(-0.105229659240826,-0.00378342712826468,
0.));
#1474=CARTESIAN_POINT('Ctrl Pts',(-0.106438231673401,0.0131579894092829,
0.));
#1475=CARTESIAN_POINT('Ctrl Pts',(-0.111084605328681,0.0254943706126404,
0.));
#1476=CARTESIAN_POINT('Ctrl Pts',(-0.115397577558991,0.0316410551705076,
0.));
#1477=CARTESIAN_POINT('Ctrl Pts',(-0.118259987753831,0.0340983217961009,
0.));
#1478=CARTESIAN_POINT('Ctrl Pts',(-0.11987605346673,0.0350313358014586,
0.));
#1479=CARTESIAN_POINT('Ctrl Pts',(-0.120324724158835,-0.0342539191676573,
0.));
#1480=CARTESIAN_POINT('Ctrl Pts',(-0.117287379724824,-0.0325003088154817,
0.));
#1481=CARTESIAN_POINT('Ctrl Pts',(-0.113723783708046,-0.0282419184875353,
-6.48053966794797E-20));
#1482=CARTESIAN_POINT('Ctrl Pts',(-0.109044200568633,-0.0183286609439022,
2.87625320683979E-19));
#1483=CARTESIAN_POINT('Ctrl Pts',(-0.106134385753044,-0.00374199978464007,
-2.69677636036753E-19));
#1484=CARTESIAN_POINT('Ctrl Pts',(-0.107335755442102,0.0130009980372702,
-8.71449492233E-19));
#1485=CARTESIAN_POINT('Ctrl Pts',(-0.111901422042776,0.025098661881556,
-1.24915158181791E-18));
#1486=CARTESIAN_POINT('Ctrl Pts',(-0.116080664654346,0.0310441870444796,
-1.01099590060702E-18));
#1487=CARTESIAN_POINT('Ctrl Pts',(-0.118806164518004,0.0333771989945385,
-1.31065724924894E-18));
#1488=CARTESIAN_POINT('Ctrl Pts',(-0.120324844491699,0.0342539886410257,
-1.4157295204062E-18));
#1489=CARTESIAN_POINT('Ctrl Pts',(-0.121102573816346,-0.0329066430610769,
-0.0007519721442658));
#1490=CARTESIAN_POINT('Ctrl Pts',(-0.118399784421357,-0.0313461880103652,
-0.0007519721442658));
#1491=CARTESIAN_POINT('Ctrl Pts',(-0.115047480830417,-0.0274025478738556,
-0.000751972144265801));
#1492=CARTESIAN_POINT('Ctrl Pts',(-0.110554556527071,-0.0178870085435453,
-0.0007519721442658));
#1493=CARTESIAN_POINT('Ctrl Pts',(-0.107697264091511,-0.00367127616562233,
-0.000751972144265801));
#1494=CARTESIAN_POINT('Ctrl Pts',(-0.108885826741821,0.0127241135071831,
-0.000751972144265802));
#1495=CARTESIAN_POINT('Ctrl Pts',(-0.113312171836584,0.0244092076256846,
-0.000751972144265802));
#1496=CARTESIAN_POINT('Ctrl Pts',(-0.117261481626699,0.0300083511723086,
-0.000751972144265802));
#1497=CARTESIAN_POINT('Ctrl Pts',(-0.119751280894693,0.032126492099368,
-0.000751972144265802));
#1498=CARTESIAN_POINT('Ctrl Pts',(-0.121102680836775,0.0329067048486005,
-0.000751972144265802));
#1499=CARTESIAN_POINT('Ctrl Pts',(-0.121375924635358,-0.0324331852101753,
-0.00232680157423076));
#1500=CARTESIAN_POINT('Ctrl Pts',(-0.118792496046967,-0.0309416431032017,
-0.00232680157423076));
#1501=CARTESIAN_POINT('Ctrl Pts',(-0.115514884550393,-0.0271073493856205,
-0.00232680157423076));
#1502=CARTESIAN_POINT('Ctrl Pts',(-0.111088434829138,-0.0177332168642108,
-0.00232680157423076));
#1503=CARTESIAN_POINT('Ctrl Pts',(-0.10824956628141,-0.00364578200778705,
-0.00232680157423076));
#1504=CARTESIAN_POINT('Ctrl Pts',(-0.109433820546442,0.0126296587622505,
-0.00232680157423076));
#1505=CARTESIAN_POINT('Ctrl Pts',(-0.113810873464065,0.0241690721741366,
-0.00232680157423076));
#1506=CARTESIAN_POINT('Ctrl Pts',(-0.117678283807278,0.0296451447601607,
-0.00232680157423076));
#1507=CARTESIAN_POINT('Ctrl Pts',(-0.120084308335022,0.0316874877505651,
-0.00232680157423076));
#1508=CARTESIAN_POINT('Ctrl Pts',(-0.12137602697755,0.0324332442967503,
-0.00232680157423076));
#1509=CARTESIAN_POINT('Ctrl Pts',(-0.121375924635358,-0.0324331852101753,
-0.003));
#1510=CARTESIAN_POINT('Ctrl Pts',(-0.118791969260412,-0.0309413389630631,
-0.003));
#1511=CARTESIAN_POINT('Ctrl Pts',(-0.115514228412182,-0.0271074164299756,
-0.003));
#1512=CARTESIAN_POINT('Ctrl Pts',(-0.111087520229315,-0.0177328014269274,
-0.003));
#1513=CARTESIAN_POINT('Ctrl Pts',(-0.108248661515645,-0.00364597031687177,
-0.003));
#1514=CARTESIAN_POINT('Ctrl Pts',(-0.109432859265392,0.0126288216361111,
-0.003));
#1515=CARTESIAN_POINT('Ctrl Pts',(-0.113810009785795,0.0241684396657788,
-0.003));
#1516=CARTESIAN_POINT('Ctrl Pts',(-0.117677742554153,0.0296449079481433,
-0.003));
#1517=CARTESIAN_POINT('Ctrl Pts',(-0.120084044937789,0.0316873356816822,
-0.003));
#1518=CARTESIAN_POINT('Ctrl Pts',(-0.12137602697755,0.0324332442967503,
-0.003));
#1519=CARTESIAN_POINT('',(-0.121375924635358,-0.0324331852101867,-0.003));
#1520=CARTESIAN_POINT('Ctrl Pts',(-0.12137602697755,0.0324332442967503,
-0.003));
#1521=CARTESIAN_POINT('Ctrl Pts',(-0.120084044937789,0.0316873356816822,
-0.003));
#1522=CARTESIAN_POINT('Ctrl Pts',(-0.117677742554153,0.0296449079481433,
-0.003));
#1523=CARTESIAN_POINT('Ctrl Pts',(-0.113810009785795,0.0241684396657788,
-0.003));
#1524=CARTESIAN_POINT('Ctrl Pts',(-0.109432859265392,0.0126288216361111,
-0.003));
#1525=CARTESIAN_POINT('Ctrl Pts',(-0.108248661515645,-0.00364597031687177,
-0.003));
#1526=CARTESIAN_POINT('Ctrl Pts',(-0.111087520229315,-0.0177328014269274,
-0.003));
#1527=CARTESIAN_POINT('Ctrl Pts',(-0.115514228412182,-0.0271074164299756,
-0.003));
#1528=CARTESIAN_POINT('Ctrl Pts',(-0.118791969260412,-0.0309413389630631,
-0.003));
#1529=CARTESIAN_POINT('Ctrl Pts',(-0.121375924635358,-0.0324331852101753,
-0.003));
#1530=CARTESIAN_POINT('Origin',(-0.119875925452942,-0.0350312618935609,
-0.003));
#1531=CARTESIAN_POINT('Origin',(-0.0421339268069464,0.00985310195201933,
-0.003));
#1532=CARTESIAN_POINT('',(-0.125635707227785,-0.0348925718366273,-0.003));
#1533=CARTESIAN_POINT('Origin',(-0.124135707227785,-0.0374906480479806,
-0.003));
#1534=CARTESIAN_POINT('',(-0.0436339268069463,0.0124511781633726,-0.003));
#1535=CARTESIAN_POINT('Ctrl Pts',(-0.125635707227785,-0.0348925718366273,
-0.003));
#1536=CARTESIAN_POINT('Ctrl Pts',(-0.126722379930683,-0.0355199626141665,
-0.003));
#1537=CARTESIAN_POINT('Ctrl Pts',(-0.128576383941675,-0.0372352853830264,
-0.003));
#1538=CARTESIAN_POINT('Ctrl Pts',(-0.130683093037685,-0.0411660279645054,
-0.003));
#1539=CARTESIAN_POINT('Ctrl Pts',(-0.131895351907106,-0.0480037230817288,
-0.003));
#1540=CARTESIAN_POINT('Ctrl Pts',(-0.130693639213843,-0.0571203201106089,
-0.003));
#1541=CARTESIAN_POINT('Ctrl Pts',(-0.12575113055827,-0.0705063650075814,
-0.003));
#1542=CARTESIAN_POINT('Ctrl Pts',(-0.117670400657856,-0.082318633918352,
-0.003));
#1543=CARTESIAN_POINT('Ctrl Pts',(-0.107534854354358,-0.0902208984846727,
-0.003));
#1544=CARTESIAN_POINT('Ctrl Pts',(-0.100995335988623,-0.092591325982257,
-0.003));
#1545=CARTESIAN_POINT('Ctrl Pts',(-0.0965354101050814,-0.0927340256488829,
-0.003));
#1546=CARTESIAN_POINT('Ctrl Pts',(-0.0941223799306834,-0.0919848189409118,
-0.003));
#1547=CARTESIAN_POINT('Ctrl Pts',(-0.0930357072277854,-0.0913574281633726,
-0.003));
#1548=CARTESIAN_POINT('Ctrl Pts',(-0.125635707227785,-0.0348925718366273,
-0.00210240209897434));
#1549=CARTESIAN_POINT('Ctrl Pts',(-0.126723521349011,-0.0355206216123449,
-0.00210240209897434));
#1550=CARTESIAN_POINT('Ctrl Pts',(-0.128579403027292,-0.0372372762541274,
-0.00210240209897434));
#1551=CARTESIAN_POINT('Ctrl Pts',(-0.130687611678937,-0.0411707115361341,
-0.00210240209897434));
#1552=CARTESIAN_POINT('Ctrl Pts',(-0.131900566499294,-0.0480088895448492,
-0.00210240209897434));
#1553=CARTESIAN_POINT('Ctrl Pts',(-0.130698965852312,-0.0571246760913327,
-0.00210240209897434));
#1554=CARTESIAN_POINT('Ctrl Pts',(-0.125757163094046,-0.0705088198624507,
-0.00210240209897434));
#1555=CARTESIAN_POINT('Ctrl Pts',(-0.117678067257502,-0.0823194802541963,
-0.00210240209897434));
#1556=CARTESIAN_POINT('Ctrl Pts',(-0.107542416398391,-0.0902219712664284,
-0.00210240209897434));
#1557=CARTESIAN_POINT('Ctrl Pts',(-0.101001575300022,-0.0925928482353951,
-0.00210240209897434));
#1558=CARTESIAN_POINT('Ctrl Pts',(-0.0965385334763778,-0.0927356176175158,
-0.00210240209897434));
#1559=CARTESIAN_POINT('Ctrl Pts',(-0.0941235213490106,-0.0919854779390902,
-0.00210240209897434));
#1560=CARTESIAN_POINT('Ctrl Pts',(-0.0930357072277854,-0.0913574281633726,
-0.00210240209897434));
#1561=CARTESIAN_POINT('Ctrl Pts',(-0.125259647419781,-0.035543926530776,
-0.000546878881302865));
#1562=CARTESIAN_POINT('Ctrl Pts',(-0.126256295950719,-0.0361193418284007,
-0.000546878881302865));
#1563=CARTESIAN_POINT('Ctrl Pts',(-0.127962388276131,-0.0376933387420696,
-0.000546878881302864));
#1564=CARTESIAN_POINT('Ctrl Pts',(-0.129950341261521,-0.0413862662076977,
-0.000546878881302864));
#1565=CARTESIAN_POINT('Ctrl Pts',(-0.131130082990687,-0.0479800042651095,
-0.000546878881302865));
#1566=CARTESIAN_POINT('Ctrl Pts',(-0.129957453766052,-0.0569293647993779,
-0.000546878881302866));
#1567=CARTESIAN_POINT('Ctrl Pts',(-0.125082846944027,-0.0701389735757338,
-0.000546878881302866));
#1568=CARTESIAN_POINT('Ctrl Pts',(-0.117089447579388,-0.0818221664809238,
-0.000546878881302868));
#1569=CARTESIAN_POINT('Ctrl Pts',(-0.107131425021317,-0.0895712571991812,
-0.000546878881302863));
#1570=CARTESIAN_POINT('Ctrl Pts',(-0.100818887824905,-0.0918469167262356,
-0.000546878881302864));
#1571=CARTESIAN_POINT('Ctrl Pts',(-0.0966250436325152,-0.0919731082091106,
-0.000546878881302865));
#1572=CARTESIAN_POINT('Ctrl Pts',(-0.0944084155667285,-0.0912814887668487,
-0.000546878881302864));
#1573=CARTESIAN_POINT('Ctrl Pts',(-0.09341176703579,-0.0907060734692239,
-0.000546878881302863));
#1574=CARTESIAN_POINT('Ctrl Pts',(-0.12447230644067,-0.0369076411094768,
5.44439202424155E-18));
#1575=CARTESIAN_POINT('Ctrl Pts',(-0.125281803885213,-0.037375004676992,
6.03790962951147E-18));
#1576=CARTESIAN_POINT('Ctrl Pts',(-0.12668040554637,-0.0386546640015632,
6.31992042080462E-18));
#1577=CARTESIAN_POINT('Ctrl Pts',(-0.128421469504447,-0.0418528225346953,
6.23875159084765E-18));
#1578=CARTESIAN_POINT('Ctrl Pts',(-0.12953394165027,-0.0479363598894997,
5.81346605075954E-18));
#1579=CARTESIAN_POINT('Ctrl Pts',(-0.128422333732731,-0.0565346406874112,
4.30596845121982E-18));
#1580=CARTESIAN_POINT('Ctrl Pts',(-0.123690711989089,-0.069372639133626,
4.13815619562561E-18));
#1581=CARTESIAN_POINT('Ctrl Pts',(-0.115882055339774,-0.0807837182864338,
1.92470770532938E-18));
#1582=CARTESIAN_POINT('Ctrl Pts',(-0.106295585235986,-0.0882123788339977,
7.8393353105396E-18));
#1583=CARTESIAN_POINT('Ctrl Pts',(-0.100456729283905,-0.0902901498217059,
5.62766660873023E-18));
#1584=CARTESIAN_POINT('Ctrl Pts',(-0.0968163418614651,-0.090381859960059,
5.02568902947691E-18));
#1585=CARTESIAN_POINT('Ctrl Pts',(-0.0950086054594439,-0.0898097224580384,
5.7110210187887E-18));
#1586=CARTESIAN_POINT('Ctrl Pts',(-0.0941991080149008,-0.0893423588905232,
6.14927157443611E-18));
#1587=CARTESIAN_POINT('Ctrl Pts',(-0.124135707227785,-0.0374906480479806,
4.43925298970443E-18));
#1588=CARTESIAN_POINT('Ctrl Pts',(-0.124865222727261,-0.0379118340179808,
5.11728801394215E-18));
#1589=CARTESIAN_POINT('Ctrl Pts',(-0.126132413497944,-0.0390656923072586,
4.65449768735583E-18));
#1590=CARTESIAN_POINT('Ctrl Pts',(-0.127767965416508,-0.0420523956990067,
4.64384672080225E-18));
#1591=CARTESIAN_POINT('Ctrl Pts',(-0.128851695797701,-0.0479178268997041,
4.55858298086978E-18));
#1592=CARTESIAN_POINT('Ctrl Pts',(-0.127766178060807,-0.056365996528819,
2.84143261877663E-18));
#1593=CARTESIAN_POINT('Ctrl Pts',(-0.123095701584813,-0.0690450801804262,
2.98440902148046E-18));
#1594=CARTESIAN_POINT('Ctrl Pts',(-0.115366064735448,-0.0803397878214025,
3.38309221414357E-19));
#1595=CARTESIAN_POINT('Ctrl Pts',(-0.105938435929016,-0.0876314655213974,
6.28840789121905E-18));
#1596=CARTESIAN_POINT('Ctrl Pts',(-0.100302053139964,-0.0896246473336583,
3.64251684721992E-18));
#1597=CARTESIAN_POINT('Ctrl Pts',(-0.0968982004370062,-0.089701617912584,
3.08544243329177E-18));
#1598=CARTESIAN_POINT('Ctrl Pts',(-0.0952652227272609,-0.0891805379220195,
3.48987852049015E-18));
#1599=CARTESIAN_POINT('Ctrl Pts',(-0.0945357072277854,-0.0887593519520193,
4.09777199049639E-18));
#1600=CARTESIAN_POINT('',(-0.0930357072277854,-0.0913574281633726,-0.003));
#1601=CARTESIAN_POINT('Origin',(-0.0945357072277854,-0.0887593519520193,
-0.003));
#1602=CARTESIAN_POINT('Ctrl Pts',(-0.125635707227785,-0.0348925718366273,
-0.003));
#1603=CARTESIAN_POINT('Ctrl Pts',(-0.126722379930683,-0.0355199626141665,
-0.003));
#1604=CARTESIAN_POINT('Ctrl Pts',(-0.128576383941675,-0.0372352853830264,
-0.003));
#1605=CARTESIAN_POINT('Ctrl Pts',(-0.130683093037685,-0.0411660279645054,
-0.003));
#1606=CARTESIAN_POINT('Ctrl Pts',(-0.131895351907106,-0.0480037230817288,
-0.003));
#1607=CARTESIAN_POINT('Ctrl Pts',(-0.130693639213843,-0.0571203201106089,
-0.003));
#1608=CARTESIAN_POINT('Ctrl Pts',(-0.12575113055827,-0.0705063650075814,
-0.003));
#1609=CARTESIAN_POINT('Ctrl Pts',(-0.117670400657856,-0.082318633918352,
-0.003));
#1610=CARTESIAN_POINT('Ctrl Pts',(-0.107534854354358,-0.0902208984846727,
-0.003));
#1611=CARTESIAN_POINT('Ctrl Pts',(-0.100995335988623,-0.092591325982257,
-0.003));
#1612=CARTESIAN_POINT('Ctrl Pts',(-0.0965354101050814,-0.0927340256488829,
-0.003));
#1613=CARTESIAN_POINT('Ctrl Pts',(-0.0941223799306834,-0.0919848189409118,
-0.003));
#1614=CARTESIAN_POINT('Ctrl Pts',(-0.0930357072277854,-0.0913574281633726,
-0.003));
#1615=CARTESIAN_POINT('Origin',(-0.0104040866817757,-0.0401859381824062,
-0.003));
#1616=CARTESIAN_POINT('',(-0.0887760269774476,-0.0888981006241783,-0.003));
#1617=CARTESIAN_POINT('Origin',(-0.0902760269774479,-0.0863000244128252,
-0.003));
#1618=CARTESIAN_POINT('',(-0.00890408668177531,-0.0427840143937593,-0.003));
#1619=CARTESIAN_POINT('Ctrl Pts',(-0.0296000000000217,-0.121331227691198,
0.));
#1620=CARTESIAN_POINT('Ctrl Pts',(-0.0295999994127942,-0.119465166726867,
0.));
#1621=CARTESIAN_POINT('Ctrl Pts',(-0.0302965204320456,-0.115758923577942,
0.));
#1622=CARTESIAN_POINT('Ctrl Pts',(-0.0334636898105496,-0.108949665273811,
0.));
#1623=CARTESIAN_POINT('Ctrl Pts',(-0.0418250979718889,-0.0987569636117227,
0.));
#1624=CARTESIAN_POINT('Ctrl Pts',(-0.0558931807175808,-0.0892399168814664,
0.));
#1625=CARTESIAN_POINT('Ctrl Pts',(-0.0701807133663572,-0.0843867337168636,
0.));
#1626=CARTESIAN_POINT('Ctrl Pts',(-0.0813604443991088,-0.0834614888605624,
0.));
#1627=CARTESIAN_POINT('Ctrl Pts',(-0.0870439600915793,-0.0844339457891265,
0.));
#1628=CARTESIAN_POINT('Ctrl Pts',(-0.0902760534659314,-0.0863000397068803,
0.));
#1629=CARTESIAN_POINT('Ctrl Pts',(-0.0304975979010473,-0.121331227408735,
0.));
#1630=CARTESIAN_POINT('Ctrl Pts',(-0.0304975973492064,-0.119577616100742,
0.));
#1631=CARTESIAN_POINT('Ctrl Pts',(-0.0311549748410754,-0.116052033449148,
1.44540563128314E-18));
#1632=CARTESIAN_POINT('Ctrl Pts',(-0.0342147839602958,-0.10945919949594,
1.83887804778074E-18));
#1633=CARTESIAN_POINT('Ctrl Pts',(-0.0424097844445616,-0.099455781533809,
1.22763044045258E-18));
#1634=CARTESIAN_POINT('Ctrl Pts',(-0.0563096047094133,-0.0900441915417104,
2.94556415642866E-18));
#1635=CARTESIAN_POINT('Ctrl Pts',(-0.0703983484611185,-0.0852707969717324,
4.38976038524985E-18));
#1636=CARTESIAN_POINT('Ctrl Pts',(-0.0813236670073965,-0.084367064687515,
4.81908496675672E-18));
#1637=CARTESIAN_POINT('Ctrl Pts',(-0.086789922400961,-0.0853237364873217,
6.5034592708523E-18));
#1638=CARTESIAN_POINT('Ctrl Pts',(-0.0898272465899212,-0.0870773777157102,
5.66285141285573E-18));
#1639=CARTESIAN_POINT('Ctrl Pts',(-0.0320532011026481,-0.121331226919204,
-0.000752052954900669));
#1640=CARTESIAN_POINT('Ctrl Pts',(-0.0320532006115909,-0.119770771017957,
-0.000752052954900669));
#1641=CARTESIAN_POINT('Ctrl Pts',(-0.0326423661679744,-0.116556612368558,
-0.000752052954900666));
#1642=CARTESIAN_POINT('Ctrl Pts',(-0.0355171415357239,-0.110336119651211,
-0.000752052954900666));
#1643=CARTESIAN_POINT('Ctrl Pts',(-0.0434244762388019,-0.100659597132982,
-0.000752052954900667));
#1644=CARTESIAN_POINT('Ctrl Pts',(-0.0570295933207432,-0.0914328797949072,
-0.000752052954900664));
#1645=CARTESIAN_POINT('Ctrl Pts',(-0.0707708151553117,-0.0867994988376516,
-0.000752052954900661));
#1646=CARTESIAN_POINT('Ctrl Pts',(-0.081258338713673,-0.0859329681521464,
-0.000752052954900661));
#1647=CARTESIAN_POINT('Ctrl Pts',(-0.0863466631891857,-0.0868640810644361,
-0.000752052954900658));
#1648=CARTESIAN_POINT('Ctrl Pts',(-0.0890494312536507,-0.0884245616762342,
-0.00075205295490066));
#1649=CARTESIAN_POINT('Ctrl Pts',(-0.0326000000000216,-0.121331226747133,
-0.00232680157423076));
#1650=CARTESIAN_POINT('Ctrl Pts',(-0.0325999995306505,-0.119839683827185,
-0.00232680157423076));
#1651=CARTESIAN_POINT('Ctrl Pts',(-0.0331654083841753,-0.116735977971048,
-0.00232680157423076));
#1652=CARTESIAN_POINT('Ctrl Pts',(-0.0359745372385641,-0.11064797769054,
-0.00232680157423076));
#1653=CARTESIAN_POINT('Ctrl Pts',(-0.0437803258816866,-0.101087035800222,
-0.00232680157423076));
#1654=CARTESIAN_POINT('Ctrl Pts',(-0.0572836759144404,-0.0919240593421915,
-0.00232680157423076));
#1655=CARTESIAN_POINT('Ctrl Pts',(-0.0709045142130535,-0.0873388717224654,
-0.00232680157423076));
#1656=CARTESIAN_POINT('Ctrl Pts',(-0.0812363127754783,-0.0864854653935002,
-0.00232680157423076));
#1657=CARTESIAN_POINT('Ctrl Pts',(-0.0861926201063102,-0.0874065348528519,
-0.00232680157423076));
#1658=CARTESIAN_POINT('Ctrl Pts',(-0.0887760269769076,-0.0888981006246086,
-0.00232680157423076));
#1659=CARTESIAN_POINT('Ctrl Pts',(-0.0326000000000216,-0.121331226747133,
-0.003));
#1660=CARTESIAN_POINT('Ctrl Pts',(-0.0325999995305548,-0.119839379686881,
-0.003));
#1661=CARTESIAN_POINT('Ctrl Pts',(-0.0331653426812401,-0.116735379227514,
-0.003));
#1662=CARTESIAN_POINT('Ctrl Pts',(-0.0359746527181752,-0.110646897057877,
-0.003));
#1663=CARTESIAN_POINT('Ctrl Pts',(-0.0437805700075692,-0.101085753277882,
-0.003));
#1664=CARTESIAN_POINT('Ctrl Pts',(-0.0572833758777751,-0.0919231478816582,
-0.003));
#1665=CARTESIAN_POINT('Ctrl Pts',(-0.070903685112615,-0.0873382654559118,
-0.003));
#1666=CARTESIAN_POINT('Ctrl Pts',(-0.0812360328789701,-0.0864848448235928,
-0.003));
#1667=CARTESIAN_POINT('Ctrl Pts',(-0.0861920933180455,-0.0874062307043441,
-0.003));
#1668=CARTESIAN_POINT('Ctrl Pts',(-0.0887760269769076,-0.0888981006246086,
-0.003));
#1669=CARTESIAN_POINT('',(-0.0326000000000117,-0.121331226747139,-0.003));
#1670=CARTESIAN_POINT('Ctrl Pts',(-0.0887760269769076,-0.0888981006246086,
-0.003));
#1671=CARTESIAN_POINT('Ctrl Pts',(-0.0861920933180455,-0.0874062307043441,
-0.003));
#1672=CARTESIAN_POINT('Ctrl Pts',(-0.0812360328789701,-0.0864848448235928,
-0.003));
#1673=CARTESIAN_POINT('Ctrl Pts',(-0.070903685112615,-0.0873382654559118,
-0.003));
#1674=CARTESIAN_POINT('Ctrl Pts',(-0.0572833758777751,-0.0919231478816582,
-0.003));
#1675=CARTESIAN_POINT('Ctrl Pts',(-0.0437805700075692,-0.101085753277882,
-0.003));
#1676=CARTESIAN_POINT('Ctrl Pts',(-0.0359746527181752,-0.110646897057877,
-0.003));
#1677=CARTESIAN_POINT('Ctrl Pts',(-0.0331653426812401,-0.116735379227514,
-0.003));
#1678=CARTESIAN_POINT('Ctrl Pts',(-0.0325999995305548,-0.119839379686881,
-0.003));
#1679=CARTESIAN_POINT('Ctrl Pts',(-0.0326000000000216,-0.121331226747133,
-0.003));
#1680=CARTESIAN_POINT('Origin',(-0.0296000000000217,-0.121331227691198,
-0.003));
#1681=CARTESIAN_POINT('Origin',(-0.0295999999999999,1.64396072873399E-17,
-0.003));
#1682=CARTESIAN_POINT('',(-0.0326,-0.12625,-0.003));
#1683=CARTESIAN_POINT('Origin',(-0.0296,-0.12625,-0.003));
#1684=CARTESIAN_POINT('',(-0.0325999999999999,1.97719601158548E-17,-0.003));
#1685=CARTESIAN_POINT('Ctrl Pts',(-0.0326,-0.12625,-0.003));
#1686=CARTESIAN_POINT('Ctrl Pts',(-0.0326,-0.127504781555078,-0.003));
#1687=CARTESIAN_POINT('Ctrl Pts',(-0.0320414821094718,-0.129968059206676,
-0.003));
#1688=CARTESIAN_POINT('Ctrl Pts',(-0.0296907081646812,-0.133757896614087,
-0.003));
#1689=CARTESIAN_POINT('Ctrl Pts',(-0.0243751615461111,-0.138226573099806,
-0.003));
#1690=CARTESIAN_POINT('Ctrl Pts',(-0.0158790331042276,-0.141744131539792,
-0.003));
#1691=CARTESIAN_POINT('Ctrl Pts',(-0.00181507563991071,-0.144156849698595,
-0.003));
#1692=CARTESIAN_POINT('Ctrl Pts',(0.0124549861327665,-0.143064906102033,
-0.003));
#1693=CARTESIAN_POINT('Ctrl Pts',(0.0243662530558821,-0.138238404147789,
-0.003));
#1694=CARTESIAN_POINT('Ctrl Pts',(0.0296888019968339,-0.133760199988108,
-0.003));
#1695=CARTESIAN_POINT('Ctrl Pts',(0.0320423370707601,-0.129969139607169,
-0.003));
#1696=CARTESIAN_POINT('Ctrl Pts',(0.0326,-0.127504781555078,-0.003));
#1697=CARTESIAN_POINT('Ctrl Pts',(0.0326,-0.12625,-0.003));
#1698=CARTESIAN_POINT('Ctrl Pts',(-0.0326,-0.12625,-0.00210240209897434));
#1699=CARTESIAN_POINT('Ctrl Pts',(-0.0326,-0.127506099551435,-0.00210240209897434));
#1700=CARTESIAN_POINT('Ctrl Pts',(-0.032041268213598,-0.12997165651735,
-0.00210240209897435));
#1701=CARTESIAN_POINT('Ctrl Pts',(-0.0296889131882086,-0.133764129606862,
-0.00210240209897435));
#1702=CARTESIAN_POINT('Ctrl Pts',(-0.0243732956109392,-0.13823359474304,
-0.00210240209897434));
#1703=CARTESIAN_POINT('Ctrl Pts',(-0.0158779236065815,-0.141750792516978,
-0.00210240209897434));
#1704=CARTESIAN_POINT('Ctrl Pts',(-0.00181593936205817,-0.144163137792405,
-0.00210240209897434));
#1705=CARTESIAN_POINT('Ctrl Pts',(0.0124519186127565,-0.143071839831297,
-0.00210240209897434));
#1706=CARTESIAN_POINT('Ctrl Pts',(0.024363425058044,-0.13824540902467,-0.00210240209897434));
#1707=CARTESIAN_POINT('Ctrl Pts',(0.0296870081798722,-0.133766337044066,
-0.00210240209897434));
#1708=CARTESIAN_POINT('Ctrl Pts',(0.0320421592667725,-0.129972621365617,
-0.00210240209897434));
#1709=CARTESIAN_POINT('Ctrl Pts',(0.0326,-0.127506099551435,-0.00210240209897434));
#1710=CARTESIAN_POINT('Ctrl Pts',(0.0326,-0.12625,-0.00210240209897434));
#1711=CARTESIAN_POINT('Ctrl Pts',(-0.031847995569318,-0.12625,-0.000546740675154379));
#1712=CARTESIAN_POINT('Ctrl Pts',(-0.031847995569318,-0.127400830595249,
-0.000546740675154379));
#1713=CARTESIAN_POINT('Ctrl Pts',(-0.0313379080658127,-0.129665357589884,
-0.000546740675154382));
#1714=CARTESIAN_POINT('Ctrl Pts',(-0.029133706146173,-0.133233447264978,
-0.000546740675154383));
#1715=CARTESIAN_POINT('Ctrl Pts',(-0.0240131444007467,-0.137552021176174,
-0.000546740675154381));
#1716=CARTESIAN_POINT('Ctrl Pts',(-0.0156763540206462,-0.141011185207089,
-0.000546740675154381));
#1717=CARTESIAN_POINT('Ctrl Pts',(-0.00179910677078666,-0.143394504867459,
-0.000546740675154377));
#1718=CARTESIAN_POINT('Ctrl Pts',(0.0123155528384657,-0.142313625868245,
-0.00054674067515438));
#1719=CARTESIAN_POINT('Ctrl Pts',(0.0240054375048449,-0.137564247112503,
-0.000546740675154374));
#1720=CARTESIAN_POINT('Ctrl Pts',(0.0291324511558466,-0.133235201951544,
-0.000546740675154374));
#1721=CARTESIAN_POINT('Ctrl Pts',(0.0313386530923815,-0.129666316152041,
-0.000546740675154372));
#1722=CARTESIAN_POINT('Ctrl Pts',(0.031847995569318,-0.127400830595249,
-0.000546740675154378));
#1723=CARTESIAN_POINT('Ctrl Pts',(0.031847995569318,-0.12625,-0.000546740675154379));
#1724=CARTESIAN_POINT('Ctrl Pts',(-0.0302731984257693,-0.12625,6.41740483550599E-19));
#1725=CARTESIAN_POINT('Ctrl Pts',(-0.0302731984257693,-0.127184727135031,
1.76722749322749E-19));
#1726=CARTESIAN_POINT('Ctrl Pts',(-0.0298642735750689,-0.129035782597398,
-7.48119137379744E-19));
#1727=CARTESIAN_POINT('Ctrl Pts',(-0.0279651131744652,-0.132142670008411,
-2.77934548013484E-18));
#1728=CARTESIAN_POINT('Ctrl Pts',(-0.0232527903859933,-0.136147856807421,
-5.0802845748184E-21));
#1729=CARTESIAN_POINT('Ctrl Pts',(-0.0152505839738122,-0.139484301828399,
-1.68164770899104E-18));
#1730=CARTESIAN_POINT('Ctrl Pts',(-0.00176670365385991,-0.141805609086471,
2.19215473677884E-18));
#1731=CARTESIAN_POINT('Ctrl Pts',(0.0120198751881998,-0.140748676594475,
-2.5049577824199E-18));
#1732=CARTESIAN_POINT('Ctrl Pts',(0.023246443810283,-0.136160889546578,
4.38042416853764E-18));
#1733=CARTESIAN_POINT('Ctrl Pts',(0.0279652232295679,-0.132143160396553,
3.77164368859586E-18));
#1734=CARTESIAN_POINT('Ctrl Pts',(0.0298648317503731,-0.129036347170741,
4.97537019345624E-18));
#1735=CARTESIAN_POINT('Ctrl Pts',(0.0302731984257692,-0.127184727135031,
9.97061262355374E-19));
#1736=CARTESIAN_POINT('Ctrl Pts',(0.0302731984257692,-0.12625,6.41740483550599E-19));
#1737=CARTESIAN_POINT('Ctrl Pts',(-0.0296,-0.12625,6.82961998416066E-19));
#1738=CARTESIAN_POINT('Ctrl Pts',(-0.0296,-0.12709237194,2.18321897889322E-19));
#1739=CARTESIAN_POINT('Ctrl Pts',(-0.0292343163234877,-0.128766719223838,
6.34942256365592E-19));
#1740=CARTESIAN_POINT('Ctrl Pts',(-0.027465525547017,-0.131676501233054,
-2.16441733213545E-18));
#1741=CARTESIAN_POINT('Ctrl Pts',(-0.0229277164607574,-0.135547735612115,
1.00893991397614E-18));
#1742=CARTESIAN_POINT('Ctrl Pts',(-0.0150685533926997,-0.138831713469906,
-1.6818209067216E-18));
#1743=CARTESIAN_POINT('Ctrl Pts',(-0.00175286845135394,-0.141126504350784,
1.61736382539271E-18));
#1744=CARTESIAN_POINT('Ctrl Pts',(0.0118934192899395,-0.140079820958704,
-3.63804158213168E-18));
#1745=CARTESIAN_POINT('Ctrl Pts',(0.0229219329448582,-0.135561112923869,
3.03503022835604E-18));
#1746=CARTESIAN_POINT('Ctrl Pts',(0.0274662191575715,-0.131676449315403,
2.27429990308762E-18));
#1747=CARTESIAN_POINT('Ctrl Pts',(0.0292347953154049,-0.128767113157385,
2.6362965682728E-18));
#1748=CARTESIAN_POINT('Ctrl Pts',(0.0296,-0.12709237194,3.57998983323747E-19));
#1749=CARTESIAN_POINT('Ctrl Pts',(0.0296,-0.12625,6.82961998416066E-19));
#1750=CARTESIAN_POINT('',(0.0326,-0.12625,-0.003));
#1751=CARTESIAN_POINT('Origin',(0.0296,-0.12625,-0.003));
#1752=CARTESIAN_POINT('Ctrl Pts',(-0.0326,-0.12625,-0.003));
#1753=CARTESIAN_POINT('Ctrl Pts',(-0.0326,-0.127504781555078,-0.003));
#1754=CARTESIAN_POINT('Ctrl Pts',(-0.0320414821094718,-0.129968059206676,
-0.003));
#1755=CARTESIAN_POINT('Ctrl Pts',(-0.0296907081646812,-0.133757896614087,
-0.003));
#1756=CARTESIAN_POINT('Ctrl Pts',(-0.0243751615461111,-0.138226573099806,
-0.003));
#1757=CARTESIAN_POINT('Ctrl Pts',(-0.0158790331042276,-0.141744131539792,
-0.003));
#1758=CARTESIAN_POINT('Ctrl Pts',(-0.00181507563991071,-0.144156849698595,
-0.003));
#1759=CARTESIAN_POINT('Ctrl Pts',(0.0124549861327665,-0.143064906102033,
-0.003));
#1760=CARTESIAN_POINT('Ctrl Pts',(0.0243662530558821,-0.138238404147789,
-0.003));
#1761=CARTESIAN_POINT('Ctrl Pts',(0.0296888019968339,-0.133760199988108,
-0.003));
#1762=CARTESIAN_POINT('Ctrl Pts',(0.0320423370707601,-0.129969139607169,
-0.003));
#1763=CARTESIAN_POINT('Ctrl Pts',(0.0326,-0.127504781555078,-0.003));
#1764=CARTESIAN_POINT('Ctrl Pts',(0.0326,-0.12625,-0.003));
#1765=CARTESIAN_POINT('Origin',(0.0295999999999829,0.00245932753919612,
-0.003));
#1766=CARTESIAN_POINT('',(0.0325999999999999,-0.121331344921611,-0.003));
#1767=CARTESIAN_POINT('Origin',(0.0295999999999999,-0.121331344921612,-0.003));
#1768=CARTESIAN_POINT('',(0.0325999999999829,0.00245932753919653,-0.003));
#1769=CARTESIAN_POINT('Ctrl Pts',(0.0902759254529206,-0.0862999657976373,
0.));
#1770=CARTESIAN_POINT('Ctrl Pts',(0.0870438136399051,-0.0844339038161979,
0.));
#1771=CARTESIAN_POINT('Ctrl Pts',(0.0813548747641907,-0.0834590653375727,
0.));
#1772=CARTESIAN_POINT('Ctrl Pts',(0.0701734008673852,-0.08438421778478,
0.));
#1773=CARTESIAN_POINT('Ctrl Pts',(0.055887771372761,-0.08923314157535,0.));
#1774=CARTESIAN_POINT('Ctrl Pts',(0.0418309330417628,-0.0987630653327408,
0.));
#1775=CARTESIAN_POINT('Ctrl Pts',(0.0334637748708705,-0.108949249515717,
0.));
#1776=CARTESIAN_POINT('Ctrl Pts',(0.0302981207829404,-0.11575878959868,
0.));
#1777=CARTESIAN_POINT('Ctrl Pts',(0.0295999809750752,-0.119465314544104,
0.));
#1778=CARTESIAN_POINT('Ctrl Pts',(0.0296000000007984,-0.121331375508339,
0.));
#1779=CARTESIAN_POINT('Ctrl Pts',(0.0898271262577872,-0.0870773082410773,
2.83144185933551E-18));
#1780=CARTESIAN_POINT('Ctrl Pts',(0.0867897829274583,-0.0853236959772685,
3.25173468115813E-18));
#1781=CARTESIAN_POINT('Ctrl Pts',(0.0813181249148186,-0.0843648069257809,
1.85636558225502E-18));
#1782=CARTESIAN_POINT('Ctrl Pts',(0.0703909590152168,-0.0852685012165024,
2.17643771204717E-18));
#1783=CARTESIAN_POINT('Ctrl Pts',(0.0563040383132811,-0.0900379023380306,
1.74344869247829E-18));
#1784=CARTESIAN_POINT('Ctrl Pts',(0.0424160050038013,-0.0994612275247305,
1.99287516400646E-18));
#1785=CARTESIAN_POINT('Ctrl Pts',(0.0342148877828296,-0.109458771518803,
2.90655167711529E-19));
#1786=CARTESIAN_POINT('Ctrl Pts',(0.0311566318494316,-0.116051816819205,
6.98844582477656E-19));
#1787=CARTESIAN_POINT('Ctrl Pts',(0.0304975800225634,-0.119577756096055,
8.40526344858248E-19));
#1788=CARTESIAN_POINT('Ctrl Pts',(0.0304975979017774,-0.121331366356736,
-6.66687690484848E-23));
#1789=CARTESIAN_POINT('Ctrl Pts',(0.0890493242327261,-0.0884244998876528,
-0.000752052954375171));
#1790=CARTESIAN_POINT('Ctrl Pts',(0.0863465358198515,-0.0868640431358691,
-0.00075205295437517));
#1791=CARTESIAN_POINT('Ctrl Pts',(0.0812533556954158,-0.0859308900689029,
-0.000752052954375172));
#1792=CARTESIAN_POINT('Ctrl Pts',(0.0707640278434844,-0.0867973498388022,
-0.000752052954375172));
#1793=CARTESIAN_POINT('Ctrl Pts',(0.0570251247605207,-0.0914271389603163,
-0.000752052954375172));
#1794=CARTESIAN_POINT('Ctrl Pts',(0.0434299511008984,-0.100665031560379,
-0.000752052954375172));
#1795=CARTESIAN_POINT('Ctrl Pts',(0.0355172714262393,-0.110335791777794,
-0.000752052954375175));
#1796=CARTESIAN_POINT('Ctrl Pts',(0.0326438706218495,-0.116556484835941,
-0.000752052954375174));
#1797=CARTESIAN_POINT('Ctrl Pts',(0.032053185194079,-0.119770897441203,
-0.000752052954375174));
#1798=CARTESIAN_POINT('Ctrl Pts',(0.0320532011039278,-0.121331350496334,
-0.000752052954375175));
#1799=CARTESIAN_POINT('Ctrl Pts',(0.0887759246353365,-0.088898041536958,
-0.00232680157423076));
#1800=CARTESIAN_POINT('Ctrl Pts',(0.0861924969856878,-0.0874064978040353,
-0.00232680157423076));
#1801=CARTESIAN_POINT('Ctrl Pts',(0.081231224960309,-0.0864835138705925,
-0.00232680157423076));
#1802=CARTESIAN_POINT('Ctrl Pts',(0.0708975051587857,-0.087336912682355,
-0.00232680157423076));
#1803=CARTESIAN_POINT('Ctrl Pts',(0.0572787859496469,-0.0919186845515811,
-0.00232680157423076));
#1804=CARTESIAN_POINT('Ctrl Pts',(0.0437863717123239,-0.101091803324648,
-0.00232680157423076));
#1805=CARTESIAN_POINT('Ctrl Pts',(0.0359746800913584,-0.110647613538188,
-0.00232680157423076));
#1806=CARTESIAN_POINT('Ctrl Pts',(0.0331670069689481,-0.116735744849367,
-0.00232680157423076));
#1807=CARTESIAN_POINT('Ctrl Pts',(0.0325999847934135,-0.119839805489295,
-0.00232680157423076));
#1808=CARTESIAN_POINT('Ctrl Pts',(0.0326000000006425,-0.121331344921359,
-0.00232680157423076));
#1809=CARTESIAN_POINT('Ctrl Pts',(0.0887759246353365,-0.088898041536958,
-0.003));
#1810=CARTESIAN_POINT('Ctrl Pts',(0.0861919701993237,-0.0874061936635652,
-0.003));
#1811=CARTESIAN_POINT('Ctrl Pts',(0.0812310350572449,-0.0864828743639207,
-0.003));
#1812=CARTESIAN_POINT('Ctrl Pts',(0.0708968055005504,-0.0873362650875129,
-0.003));
#1813=CARTESIAN_POINT('Ctrl Pts',(0.0572787270288692,-0.0919177213340547,
-0.003));
#1814=CARTESIAN_POINT('Ctrl Pts',(0.0437863670204566,-0.101090718772658,
-0.003));
#1815=CARTESIAN_POINT('Ctrl Pts',(0.0359747944360017,-0.110646554250198,
-0.003));
#1816=CARTESIAN_POINT('Ctrl Pts',(0.0331668971359143,-0.116735186995933,
-0.003));
#1817=CARTESIAN_POINT('Ctrl Pts',(0.0325999847903126,-0.119839501346159,
-0.003));
#1818=CARTESIAN_POINT('Ctrl Pts',(0.0326000000006425,-0.121331344921359,
-0.003));
#1819=CARTESIAN_POINT('',(0.0887759246353464,-0.0888980415369523,-0.003));
#1820=CARTESIAN_POINT('Ctrl Pts',(0.0326000000006425,-0.121331344921359,
-0.003));
#1821=CARTESIAN_POINT('Ctrl Pts',(0.0325999847903126,-0.119839501346159,
-0.003));
#1822=CARTESIAN_POINT('Ctrl Pts',(0.0331668971359143,-0.116735186995933,
-0.003));
#1823=CARTESIAN_POINT('Ctrl Pts',(0.0359747944360017,-0.110646554250198,
-0.003));
#1824=CARTESIAN_POINT('Ctrl Pts',(0.0437863670204566,-0.101090718772658,
-0.003));
#1825=CARTESIAN_POINT('Ctrl Pts',(0.0572787270288692,-0.0919177213340547,
-0.003));
#1826=CARTESIAN_POINT('Ctrl Pts',(0.0708968055005504,-0.0873362650875129,
-0.003));
#1827=CARTESIAN_POINT('Ctrl Pts',(0.0812310350572449,-0.0864828743639207,
-0.003));
#1828=CARTESIAN_POINT('Ctrl Pts',(0.0861919701993237,-0.0874061936635652,
-0.003));
#1829=CARTESIAN_POINT('Ctrl Pts',(0.0887759246353365,-0.088898041536958,
-0.003));
#1830=CARTESIAN_POINT('Origin',(0.0902759254529206,-0.0862999657976373,
-0.003));
#1831=CARTESIAN_POINT('Origin',(0.0125339268069463,-0.0414156019520197,
-0.003));
#1832=CARTESIAN_POINT('',(0.0930357072277853,-0.0913574281633727,-0.003));
#1833=CARTESIAN_POINT('Origin',(0.0945357072277853,-0.0887593519520194,
-0.003));
#1834=CARTESIAN_POINT('',(0.0110339268069463,-0.0440136781633731,-0.003));
#1835=CARTESIAN_POINT('Ctrl Pts',(0.0930357072277839,-0.0913574281633751,
-0.003));
#1836=CARTESIAN_POINT('Ctrl Pts',(0.0941223799306822,-0.0919848189409145,
-0.003));
#1837=CARTESIAN_POINT('Ctrl Pts',(0.0965348950128406,-0.0927327721464476,
-0.003));
#1838=CARTESIAN_POINT('Ctrl Pts',(0.100992372475051,-0.092591864463745,
-0.003));
#1839=CARTESIAN_POINT('Ctrl Pts',(0.107520119536812,-0.0902228640882138,
-0.003));
#1840=CARTESIAN_POINT('Ctrl Pts',(0.114814467774455,-0.0846238521010527,
-0.003));
#1841=CARTESIAN_POINT('Ctrl Pts',(0.123935868199368,-0.0736504916856721,
-0.003));
#1842=CARTESIAN_POINT('Ctrl Pts',(0.130125228135185,-0.0607462397021862,
-0.003));
#1843=CARTESIAN_POINT('Ctrl Pts',(0.131901016944799,-0.0480174666235676,
-0.003));
#1844=CARTESIAN_POINT('Ctrl Pts',(0.130684108383242,-0.0411688637093252,
-0.003));
#1845=CARTESIAN_POINT('Ctrl Pts',(0.128577726997444,-0.0372351047356002,
-0.003));
#1846=CARTESIAN_POINT('Ctrl Pts',(0.126722379930685,-0.0355199626141642,
-0.003));
#1847=CARTESIAN_POINT('Ctrl Pts',(0.125635707227787,-0.0348925718366249,
-0.003));
#1848=CARTESIAN_POINT('Ctrl Pts',(0.0930357072277839,-0.0913574281633751,
-0.00210240209897434));
#1849=CARTESIAN_POINT('Ctrl Pts',(0.0941235213490093,-0.0919854779390929,
-0.00210240209897434));
#1850=CARTESIAN_POINT('Ctrl Pts',(0.0965381287398317,-0.0927343913356703,
-0.00210240209897434));
#1851=CARTESIAN_POINT('Ctrl Pts',(0.100998687956626,-0.0925934359688796,
-0.00210240209897434));
#1852=CARTESIAN_POINT('Ctrl Pts',(0.107527201355329,-0.0902247969574717,
-0.00210240209897434));
#1853=CARTESIAN_POINT('Ctrl Pts',(0.114820903873017,-0.0846262873423019,
-0.00210240209897434));
#1854=CARTESIAN_POINT('Ctrl Pts',(0.123941010879967,-0.0736544889515004,
-0.00210240209897434));
#1855=CARTESIAN_POINT('Ctrl Pts',(0.130129794713663,-0.0607524563258851,
-0.00210240209897434));
#1856=CARTESIAN_POINT('Ctrl Pts',(0.131905727222542,-0.0480234793653726,
-0.00210240209897434));
#1857=CARTESIAN_POINT('Ctrl Pts',(0.130688546418013,-0.0411735060547988,
-0.00210240209897434));
#1858=CARTESIAN_POINT('Ctrl Pts',(0.128580667416627,-0.0372370137186851,
-0.00210240209897434));
#1859=CARTESIAN_POINT('Ctrl Pts',(0.126723521349012,-0.0355206216123427,
-0.00210240209897434));
#1860=CARTESIAN_POINT('Ctrl Pts',(0.125635707227787,-0.0348925718366249,
-0.00210240209897434));
#1861=CARTESIAN_POINT('Ctrl Pts',(0.0934117670357422,-0.0907060734693067,
-0.000546878881191545));
#1862=CARTESIAN_POINT('Ctrl Pts',(0.0944084155666808,-0.0912814887669316,
-0.000546878881191545));
#1863=CARTESIAN_POINT('Ctrl Pts',(0.0966245830101506,-0.0919720096169151,
-0.000546878881191546));
#1864=CARTESIAN_POINT('Ctrl Pts',(0.100816728473977,-0.0918471636788976,
-0.000546878881191544));
#1865=CARTESIAN_POINT('Ctrl Pts',(0.107116943884094,-0.0895719811252008,
-0.000546878881191547));
#1866=CARTESIAN_POINT('Ctrl Pts',(0.114281002730727,-0.0840817743706126,
-0.000546878881191549));
#1867=CARTESIAN_POINT('Ctrl Pts',(0.123283555915196,-0.0732554366775135,
-0.000546878881191547));
#1868=CARTESIAN_POINT('Ctrl Pts',(0.129404798081489,-0.060491353178757,
-0.000546878881191549));
#1869=CARTESIAN_POINT('Ctrl Pts',(0.131136696370457,-0.0479929071308602,
-0.000546878881191548));
#1870=CARTESIAN_POINT('Ctrl Pts',(0.129951206955946,-0.0413882597162985,
-0.000546878881191548));
#1871=CARTESIAN_POINT('Ctrl Pts',(0.127963569915833,-0.0376931883469299,
-0.000546878881191547));
#1872=CARTESIAN_POINT('Ctrl Pts',(0.126256295950767,-0.0361193418283181,
-0.000546878881191546));
#1873=CARTESIAN_POINT('Ctrl Pts',(0.125259647419828,-0.0355439265306932,
-0.000546878881191547));
#1874=CARTESIAN_POINT('Ctrl Pts',(0.0941991080148993,-0.0893423588905256,
5.12482857681201E-18));
#1875=CARTESIAN_POINT('Ctrl Pts',(0.0950086054594425,-0.089809722458041,
5.08436986907631E-18));
#1876=CARTESIAN_POINT('Ctrl Pts',(0.096816123755404,-0.0903811173867277,
4.26847780075506E-18));
#1877=CARTESIAN_POINT('Ctrl Pts',(0.100456342251853,-0.0902898437508055,
5.5683109020821E-18));
#1878=CARTESIAN_POINT('Ctrl Pts',(0.106281076145886,-0.0882115044145471,
2.90938004185125E-18));
#1879=CARTESIAN_POINT('Ctrl Pts',(0.113171601704402,-0.0829496835636278,
1.3371532024752E-18));
#1880=CARTESIAN_POINT('Ctrl Pts',(0.121923823519009,-0.0724329797985847,
4.6954351159845E-18));
#1881=CARTESIAN_POINT('Ctrl Pts',(0.12790177961665,-0.059964945052019,2.73540812360415E-18));
#1882=CARTESIAN_POINT('Ctrl Pts',(0.129541953417688,-0.0479484878943112,
4.26581342336454E-18));
#1883=CARTESIAN_POINT('Ctrl Pts',(0.128421928039159,-0.0418530046931147,
4.27625384742845E-18));
#1884=CARTESIAN_POINT('Ctrl Pts',(0.12668115765318,-0.0386544816115404,
4.7111488098404E-18));
#1885=CARTESIAN_POINT('Ctrl Pts',(0.125281803885215,-0.0373750046769897,
6.42181376473045E-18));
#1886=CARTESIAN_POINT('Ctrl Pts',(0.124472306440671,-0.0369076411094744,
5.10291102503352E-18));
#1887=CARTESIAN_POINT('Ctrl Pts',(0.0945357072277839,-0.0887593519520218,
3.0733289928723E-18));
#1888=CARTESIAN_POINT('Ctrl Pts',(0.0952652227272594,-0.089180537922022,
2.86290433017782E-18));
#1889=CARTESIAN_POINT('Ctrl Pts',(0.0968980886925668,-0.0897010282039831,
1.98121348060018E-18));
#1890=CARTESIAN_POINT('Ctrl Pts',(0.10030242565041,-0.0896241060347581,
3.25800170828966E-18));
#1891=CARTESIAN_POINT('Ctrl Pts',(0.105923903215243,-0.0876299286942512,
1.0295639226756E-18));
#1892=CARTESIAN_POINT('Ctrl Pts',(0.112697473794598,-0.0824657582035482,
-1.85787223264553E-19));
#1893=CARTESIAN_POINT('Ctrl Pts',(0.121342644028235,-0.07208146521677,3.79163944991676E-18));
#1894=CARTESIAN_POINT('Ctrl Pts',(0.127259329335798,-0.0597400493755387,
1.96918460104962E-18));
#1895=CARTESIAN_POINT('Ctrl Pts',(0.128860293136317,-0.0479296442121863,
3.35308712511356E-18));
#1896=CARTESIAN_POINT('Ctrl Pts',(0.127768247925405,-0.0420518024778805,
3.56742225522903E-18));
#1897=CARTESIAN_POINT('Ctrl Pts',(0.126132980061253,-0.0390654942483957,
3.68634722758365E-18));
#1898=CARTESIAN_POINT('Ctrl Pts',(0.124865222727262,-0.0379118340179784,
5.5006030751262E-18));
#1899=CARTESIAN_POINT('Ctrl Pts',(0.124135707227787,-0.0374906480479782,
4.09777199049639E-18));
#1900=CARTESIAN_POINT('',(0.125635707227787,-0.0348925718366249,-0.003));
#1901=CARTESIAN_POINT('Origin',(0.124135707227787,-0.0374906480479782,-0.003));
#1902=CARTESIAN_POINT('Ctrl Pts',(0.0930357072277839,-0.0913574281633751,
-0.003));
#1903=CARTESIAN_POINT('Ctrl Pts',(0.0941223799306822,-0.0919848189409145,
-0.003));
#1904=CARTESIAN_POINT('Ctrl Pts',(0.0965348950128406,-0.0927327721464476,
-0.003));
#1905=CARTESIAN_POINT('Ctrl Pts',(0.100992372475051,-0.092591864463745,
-0.003));
#1906=CARTESIAN_POINT('Ctrl Pts',(0.107520119536812,-0.0902228640882138,
-0.003));
#1907=CARTESIAN_POINT('Ctrl Pts',(0.114814467774455,-0.0846238521010527,
-0.003));
#1908=CARTESIAN_POINT('Ctrl Pts',(0.123935868199368,-0.0736504916856721,
-0.003));
#1909=CARTESIAN_POINT('Ctrl Pts',(0.130125228135185,-0.0607462397021862,
-0.003));
#1910=CARTESIAN_POINT('Ctrl Pts',(0.131901016944799,-0.0480174666235676,
-0.003));
#1911=CARTESIAN_POINT('Ctrl Pts',(0.130684108383242,-0.0411688637093252,
-0.003));
#1912=CARTESIAN_POINT('Ctrl Pts',(0.128577726997444,-0.0372351047356002,
-0.003));
#1913=CARTESIAN_POINT('Ctrl Pts',(0.126722379930685,-0.0355199626141642,
-0.003));
#1914=CARTESIAN_POINT('Ctrl Pts',(0.125635707227787,-0.0348925718366249,
-0.003));
#1915=CARTESIAN_POINT('Origin',(0.0400040866817766,0.011082765721609,-0.003));
#1916=CARTESIAN_POINT('',(0.121376026977447,-0.0324332442974331,-0.003));
#1917=CARTESIAN_POINT('Origin',(0.119876026977448,-0.0350313205087866,-0.003));
#1918=CARTESIAN_POINT('',(0.0415040866817764,0.0136808419329624,-0.003));
#1919=CARTESIAN_POINT('Ctrl Pts',(0.119875925452942,0.0350312618935609,
0.));
#1920=CARTESIAN_POINT('Ctrl Pts',(0.116643812465472,0.0331652019463374,
0.));
#1921=CARTESIAN_POINT('Ctrl Pts',(0.112957879258629,0.028726434500315,0.));
#1922=CARTESIAN_POINT('Ctrl Pts',(0.108169745616183,0.0185821111883179,
0.));
#1923=CARTESIAN_POINT('Ctrl Pts',(0.105229659240826,0.00378342712826479,
0.));
#1924=CARTESIAN_POINT('Ctrl Pts',(0.106438231673401,-0.0131579894092828,
0.));
#1925=CARTESIAN_POINT('Ctrl Pts',(0.111084605328681,-0.0254943706126404,
0.));
#1926=CARTESIAN_POINT('Ctrl Pts',(0.115397577558991,-0.0316410551705074,
0.));
#1927=CARTESIAN_POINT('Ctrl Pts',(0.118259987753831,-0.0340983217961009,
0.));
#1928=CARTESIAN_POINT('Ctrl Pts',(0.11987605346673,-0.0350313358014586,
0.));
#1929=CARTESIAN_POINT('Ctrl Pts',(0.120324724158835,0.0342539191676574,
1.41572144409941E-18));
#1930=CARTESIAN_POINT('Ctrl Pts',(0.117287379724824,0.0325003088154817,
1.20557526227114E-18));
#1931=CARTESIAN_POINT('Ctrl Pts',(0.113723783708046,0.0282419184875355,
1.05053382169666E-18));
#1932=CARTESIAN_POINT('Ctrl Pts',(0.109044200568633,0.0183286609439023,
7.95285107785097E-19));
#1933=CARTESIAN_POINT('Ctrl Pts',(0.106134385753044,0.00374199978464022,
6.35533368623426E-19));
#1934=CARTESIAN_POINT('Ctrl Pts',(0.107335755442102,-0.01300099803727,1.1074403077262E-19));
#1935=CARTESIAN_POINT('Ctrl Pts',(0.111901422042776,-0.0250986618815559,
2.61400406284426E-19));
#1936=CARTESIAN_POINT('Ctrl Pts',(0.116080664654346,-0.0310441870444794,
3.07674151574956E-19));
#1937=CARTESIAN_POINT('Ctrl Pts',(0.118806164518004,-0.0333771989945385,
0.));
#1938=CARTESIAN_POINT('Ctrl Pts',(0.120324844491699,-0.0342539886410256,
0.));
#1939=CARTESIAN_POINT('Ctrl Pts',(0.121102573816346,0.0329066430610769,
-0.000751972144265797));
#1940=CARTESIAN_POINT('Ctrl Pts',(0.118399784421357,0.0313461880103652,
-0.000751972144265798));
#1941=CARTESIAN_POINT('Ctrl Pts',(0.115047480830417,0.0274025478738557,
-0.000751972144265798));
#1942=CARTESIAN_POINT('Ctrl Pts',(0.110554556527071,0.0178870085435454,
-0.000751972144265798));
#1943=CARTESIAN_POINT('Ctrl Pts',(0.107697264091511,0.0036712761656224,
-0.000751972144265799));
#1944=CARTESIAN_POINT('Ctrl Pts',(0.108885826741821,-0.012724113507183,
-0.0007519721442658));
#1945=CARTESIAN_POINT('Ctrl Pts',(0.113312171836584,-0.0244092076256845,
-0.0007519721442658));
#1946=CARTESIAN_POINT('Ctrl Pts',(0.117261481626699,-0.0300083511723085,
-0.0007519721442658));
#1947=CARTESIAN_POINT('Ctrl Pts',(0.119751280894693,-0.032126492099368,
-0.0007519721442658));
#1948=CARTESIAN_POINT('Ctrl Pts',(0.121102680836775,-0.0329067048486005,
-0.0007519721442658));
#1949=CARTESIAN_POINT('Ctrl Pts',(0.121375924635358,0.0324331852101753,
-0.00232680157423076));
#1950=CARTESIAN_POINT('Ctrl Pts',(0.118792496046967,0.0309416431032017,
-0.00232680157423076));
#1951=CARTESIAN_POINT('Ctrl Pts',(0.115514884550394,0.0271073493856207,
-0.00232680157423076));
#1952=CARTESIAN_POINT('Ctrl Pts',(0.111088434829138,0.0177332168642108,
-0.00232680157423076));
#1953=CARTESIAN_POINT('Ctrl Pts',(0.10824956628141,0.00364578200778719,
-0.00232680157423076));
#1954=CARTESIAN_POINT('Ctrl Pts',(0.109433820546441,-0.0126296587622504,
-0.00232680157423076));
#1955=CARTESIAN_POINT('Ctrl Pts',(0.113810873464065,-0.0241690721741366,
-0.00232680157423076));
#1956=CARTESIAN_POINT('Ctrl Pts',(0.117678283807278,-0.0296451447601606,
-0.00232680157423076));
#1957=CARTESIAN_POINT('Ctrl Pts',(0.120084308335022,-0.0316874877505651,
-0.00232680157423076));
#1958=CARTESIAN_POINT('Ctrl Pts',(0.12137602697755,-0.0324332442967503,
-0.00232680157423076));
#1959=CARTESIAN_POINT('Ctrl Pts',(0.121375924635358,0.0324331852101753,
-0.003));
#1960=CARTESIAN_POINT('Ctrl Pts',(0.118791969260412,0.0309413389630631,
-0.003));
#1961=CARTESIAN_POINT('Ctrl Pts',(0.115514228412182,0.0271074164299757,
-0.003));
#1962=CARTESIAN_POINT('Ctrl Pts',(0.111087520229314,0.0177328014269275,
-0.003));
#1963=CARTESIAN_POINT('Ctrl Pts',(0.108248661515645,0.00364597031687189,
-0.003));
#1964=CARTESIAN_POINT('Ctrl Pts',(0.109432859265392,-0.0126288216361109,
-0.003));
#1965=CARTESIAN_POINT('Ctrl Pts',(0.113810009785796,-0.0241684396657787,
-0.003));
#1966=CARTESIAN_POINT('Ctrl Pts',(0.117677742554153,-0.0296449079481432,
-0.003));
#1967=CARTESIAN_POINT('Ctrl Pts',(0.120084044937789,-0.0316873356816822,
-0.003));
#1968=CARTESIAN_POINT('Ctrl Pts',(0.12137602697755,-0.0324332442967503,
-0.003));
#1969=CARTESIAN_POINT('',(0.121375924635358,0.0324331852101867,-0.003));
#1970=CARTESIAN_POINT('Ctrl Pts',(0.12137602697755,-0.0324332442967503,
-0.003));
#1971=CARTESIAN_POINT('Ctrl Pts',(0.120084044937789,-0.0316873356816822,
-0.003));
#1972=CARTESIAN_POINT('Ctrl Pts',(0.117677742554153,-0.0296449079481432,
-0.003));
#1973=CARTESIAN_POINT('Ctrl Pts',(0.113810009785796,-0.0241684396657787,
-0.003));
#1974=CARTESIAN_POINT('Ctrl Pts',(0.109432859265392,-0.0126288216361109,
-0.003));
#1975=CARTESIAN_POINT('Ctrl Pts',(0.108248661515645,0.00364597031687189,
-0.003));
#1976=CARTESIAN_POINT('Ctrl Pts',(0.111087520229314,0.0177328014269275,
-0.003));
#1977=CARTESIAN_POINT('Ctrl Pts',(0.115514228412182,0.0271074164299757,
-0.003));
#1978=CARTESIAN_POINT('Ctrl Pts',(0.118791969260412,0.0309413389630631,
-0.003));
#1979=CARTESIAN_POINT('Ctrl Pts',(0.121375924635358,0.0324331852101753,
-0.003));
#1980=CARTESIAN_POINT('Origin',(0.119875925452942,0.0350312618935609,-0.003));
#1981=CARTESIAN_POINT('Origin',(0.0968017804208394,0.0217093980479805,-0.003));
#1982=CARTESIAN_POINT('',(0.125635707227785,0.0348925718366272,-0.003));
#1983=CARTESIAN_POINT('Origin',(0.124135707227785,0.0374906480479805,-0.003));
#1984=CARTESIAN_POINT('',(0.0983017804208394,0.0191113218366272,-0.003));
#1985=CARTESIAN_POINT('Ctrl Pts',(0.125635707227785,0.0348925718366272,
-0.003));
#1986=CARTESIAN_POINT('Ctrl Pts',(0.126722379930683,0.0355199626141664,
-0.003));
#1987=CARTESIAN_POINT('Ctrl Pts',(0.128578123548135,0.0372357388249485,
-0.003));
#1988=CARTESIAN_POINT('Ctrl Pts',(0.130684215273618,0.0411686977301768,
-0.003));
#1989=CARTESIAN_POINT('Ctrl Pts',(0.131900935614098,0.0480190136161426,
-0.003));
#1990=CARTESIAN_POINT('Ctrl Pts',(0.130125713643652,0.0607452909477492,
-0.003));
#1991=CARTESIAN_POINT('Ctrl Pts',(0.123930817476756,0.0736574151514543,
-0.003));
#1992=CARTESIAN_POINT('Ctrl Pts',(0.114816161634718,0.0846213041821184,
-0.003));
#1993=CARTESIAN_POINT('Ctrl Pts',(0.107518250167753,0.0902238125289012,
-0.003));
#1994=CARTESIAN_POINT('Ctrl Pts',(0.100992817233622,0.0925915550300416,
-0.003));
#1995=CARTESIAN_POINT('Ctrl Pts',(0.0965342162500415,0.0927326635643656,
-0.003));
#1996=CARTESIAN_POINT('Ctrl Pts',(0.0941223799306834,0.0919848189409118,
-0.003));
#1997=CARTESIAN_POINT('Ctrl Pts',(0.0930357072277854,0.0913574281633726,
-0.003));
#1998=CARTESIAN_POINT('Ctrl Pts',(0.125635707227785,0.0348925718366272,
-0.00210240209897435));
#1999=CARTESIAN_POINT('Ctrl Pts',(0.126723521349011,0.0355206216123448,
-0.00210240209897435));
#2000=CARTESIAN_POINT('Ctrl Pts',(0.128581064338134,0.037237648222475,-0.00210240209897435));
#2001=CARTESIAN_POINT('Ctrl Pts',(0.130688653342582,0.0411733399895455,
-0.00210240209897435));
#2002=CARTESIAN_POINT('Ctrl Pts',(0.131905645869054,0.0480250267542311,
-0.00210240209897435));
#2003=CARTESIAN_POINT('Ctrl Pts',(0.13013028002524,0.0607515067883778,-0.00210240209897435));
#2004=CARTESIAN_POINT('Ctrl Pts',(0.123935958810367,0.0736614132701361,
-0.00210240209897434));
#2005=CARTESIAN_POINT('Ctrl Pts',(0.114822597618472,0.0846237386023648,
-0.00210240209897434));
#2006=CARTESIAN_POINT('Ctrl Pts',(0.107525330965345,0.0902257454807273,
-0.00210240209897435));
#2007=CARTESIAN_POINT('Ctrl Pts',(0.100999132798584,0.0925931263636921,
-0.00210240209897434));
#2008=CARTESIAN_POINT('Ctrl Pts',(0.0965374493471974,0.0927342825744173,
-0.00210240209897434));
#2009=CARTESIAN_POINT('Ctrl Pts',(0.0941235213490106,0.0919854779390902,
-0.00210240209897434));
#2010=CARTESIAN_POINT('Ctrl Pts',(0.0930357072277854,0.0913574281633726,
-0.00210240209897434));
#2011=CARTESIAN_POINT('Ctrl Pts',(0.125259647419781,0.0355439265307759,
-0.000546878881302879));
#2012=CARTESIAN_POINT('Ctrl Pts',(0.126256295950719,0.0361193418284006,
-0.00054687888130288));
#2013=CARTESIAN_POINT('Ctrl Pts',(0.127963933571242,0.037693785377514,-0.000546878881302878));
#2014=CARTESIAN_POINT('Ctrl Pts',(0.129951305992591,0.041388094245499,-0.000546878881302878));
#2015=CARTESIAN_POINT('Ctrl Pts',(0.131136601954291,0.0479944035122644,
-0.000546878881302875));
#2016=CARTESIAN_POINT('Ctrl Pts',(0.129405275392489,0.0604904357588981,
-0.000546878881302876));
#2017=CARTESIAN_POINT('Ctrl Pts',(0.123278580771258,0.0732622561151457,
-0.000546878881302871));
#2018=CARTESIAN_POINT('Ctrl Pts',(0.114282677301068,0.0840792697485427,
-0.000546878881302872));
#2019=CARTESIAN_POINT('Ctrl Pts',(0.107115137994949,0.0895729105922595,
-0.000546878881302873));
#2020=CARTESIAN_POINT('Ctrl Pts',(0.100817161545559,0.0918468647714983,
-0.000546878881302872));
#2021=CARTESIAN_POINT('Ctrl Pts',(0.0966239510439644,0.0919719133372065,
-0.000546878881302873));
#2022=CARTESIAN_POINT('Ctrl Pts',(0.0944084155667285,0.0912814887668486,
-0.000546878881302872));
#2023=CARTESIAN_POINT('Ctrl Pts',(0.0934117670357901,0.0907060734692239,
-0.000546878881302873));
#2024=CARTESIAN_POINT('Ctrl Pts',(0.12447230644067,0.0369076411094766,-7.23424005001264E-18));
#2025=CARTESIAN_POINT('Ctrl Pts',(0.125281803885213,0.037375004676992,-7.99155429854028E-18));
#2026=CARTESIAN_POINT('Ctrl Pts',(0.126681452868934,0.0386550015359673,
-6.11252231119629E-18));
#2027=CARTESIAN_POINT('Ctrl Pts',(0.128422010672723,0.0418528401861588,
-6.11237738015589E-18));
#2028=CARTESIAN_POINT('Ctrl Pts',(0.129541831578642,0.0479498787743625,
-3.63356099687186E-18));
#2029=CARTESIAN_POINT('Ctrl Pts',(0.127902239535868,0.0599640923243484,
-3.97914006086796E-18));
#2030=CARTESIAN_POINT('Ctrl Pts',(0.121919005042985,0.0724395824296635,
4.82607427470184E-19));
#2031=CARTESIAN_POINT('Ctrl Pts',(0.113173235754578,0.0829472686347563,
1.41876331484844E-20));
#2032=CARTESIAN_POINT('Ctrl Pts',(0.106279401973422,0.0882123942536134,
-2.08950774918978E-18));
#2033=CARTESIAN_POINT('Ctrl Pts',(0.10045675095182,0.0902895666824938,-5.49619324000828E-19));
#2034=CARTESIAN_POINT('Ctrl Pts',(0.0968155890319862,0.0903810466556458,
-1.67858389009561E-18));
#2035=CARTESIAN_POINT('Ctrl Pts',(0.0950086054594439,0.0898097224580384,
-9.15755581924445E-19));
#2036=CARTESIAN_POINT('Ctrl Pts',(0.0941991080149008,0.0893423588905231,
-1.4071455116976E-18));
#2037=CARTESIAN_POINT('Ctrl Pts',(0.124135707227785,0.0374906480479805,
-6.14665798574459E-18));
#2038=CARTESIAN_POINT('Ctrl Pts',(0.124865222727261,0.0379118340179807,
-6.98835663652246E-18));
#2039=CARTESIAN_POINT('Ctrl Pts',(0.126133246027097,0.039065981218975,-5.18148498060868E-18));
#2040=CARTESIAN_POINT('Ctrl Pts',(0.127768323547234,0.0420516383809189,
-5.15883607086958E-18));
#2041=CARTESIAN_POINT('Ctrl Pts',(0.128860159573035,0.0479309899985993,
-2.96554991288359E-18));
#2042=CARTESIAN_POINT('Ctrl Pts',(0.127259781814983,0.0597392242856552,
-3.26007956748795E-18));
#2043=CARTESIAN_POINT('Ctrl Pts',(0.121337892497167,0.0720879751807606,
8.2000802623744E-19));
#2044=CARTESIAN_POINT('Ctrl Pts',(0.112699090519047,0.0824633815997903,
2.59486647485087E-19));
#2045=CARTESIAN_POINT('Ctrl Pts',(0.105922285328682,0.0876308015937807,
-1.96114365005906E-18));
#2046=CARTESIAN_POINT('Ctrl Pts',(0.100302823933217,0.0896238382987588,
-4.8851548707848E-19));
#2047=CARTESIAN_POINT('Ctrl Pts',(0.0968975955264922,0.0897009683909056,
-1.62584341000266E-18));
#2048=CARTESIAN_POINT('Ctrl Pts',(0.0952652227272609,0.0891805379220194,
-8.74933117211709E-19));
#2049=CARTESIAN_POINT('Ctrl Pts',(0.0945357072277854,0.0887593519520193,
-1.36592399683213E-18));
#2050=CARTESIAN_POINT('',(0.0930357072277854,0.0913574281633726,-0.003));
#2051=CARTESIAN_POINT('Origin',(0.0945357072277854,0.0887593519520193,-0.003));
#2052=CARTESIAN_POINT('Ctrl Pts',(0.125635707227785,0.0348925718366272,
-0.003));
#2053=CARTESIAN_POINT('Ctrl Pts',(0.126722379930683,0.0355199626141664,
-0.003));
#2054=CARTESIAN_POINT('Ctrl Pts',(0.128578123548135,0.0372357388249485,
-0.003));
#2055=CARTESIAN_POINT('Ctrl Pts',(0.130684215273618,0.0411686977301768,
-0.003));
#2056=CARTESIAN_POINT('Ctrl Pts',(0.131900935614098,0.0480190136161426,
-0.003));
#2057=CARTESIAN_POINT('Ctrl Pts',(0.130125713643652,0.0607452909477492,
-0.003));
#2058=CARTESIAN_POINT('Ctrl Pts',(0.123930817476756,0.0736574151514543,
-0.003));
#2059=CARTESIAN_POINT('Ctrl Pts',(0.114816161634718,0.0846213041821184,
-0.003));
#2060=CARTESIAN_POINT('Ctrl Pts',(0.107518250167753,0.0902238125289012,
-0.003));
#2061=CARTESIAN_POINT('Ctrl Pts',(0.100992817233622,0.0925915550300416,
-0.003));
#2062=CARTESIAN_POINT('Ctrl Pts',(0.0965342162500415,0.0927326635643656,
-0.003));
#2063=CARTESIAN_POINT('Ctrl Pts',(0.0941223799306834,0.0919848189409118,
-0.003));
#2064=CARTESIAN_POINT('Ctrl Pts',(0.0930357072277854,0.0913574281633726,
-0.003));
#2065=CARTESIAN_POINT('Origin',(0.0650719402956707,0.0717484381824221,-0.003));
#2066=CARTESIAN_POINT('',(0.0887760269774476,0.0888981006241783,-0.003));
#2067=CARTESIAN_POINT('Origin',(0.0902760269774476,0.086300024412825,-0.003));
#2068=CARTESIAN_POINT('',(0.0635719402956707,0.0743465143937753,-0.003));
#2069=CARTESIAN_POINT('Ctrl Pts',(0.0296000000000217,0.121331227691198,
0.));
#2070=CARTESIAN_POINT('Ctrl Pts',(0.0295999994127942,0.119465166726867,
0.));
#2071=CARTESIAN_POINT('Ctrl Pts',(0.0302951169623378,0.115760039653175,
0.));
#2072=CARTESIAN_POINT('Ctrl Pts',(0.0334661291188634,0.108948256753134,
0.));
#2073=CARTESIAN_POINT('Ctrl Pts',(0.0418147409987172,0.0987656042746272,
0.));
#2074=CARTESIAN_POINT('Ctrl Pts',(0.0543398680157604,0.0902637575855944,
0.));
#2075=CARTESIAN_POINT('Ctrl Pts',(0.068326669909526,0.084961865915193,0.));
#2076=CARTESIAN_POINT('Ctrl Pts',(0.0776221752054007,0.0834624300701651,
0.));
#2077=CARTESIAN_POINT('Ctrl Pts',(0.0851000525799363,0.0841118642607695,
0.));
#2078=CARTESIAN_POINT('Ctrl Pts',(0.0886600067787553,0.0853669927480035,
0.));
#2079=CARTESIAN_POINT('Ctrl Pts',(0.0902760534659314,0.0863000397068804,
0.));
#2080=CARTESIAN_POINT('Ctrl Pts',(0.0304975979010473,0.121331227408735,
0.));
#2081=CARTESIAN_POINT('Ctrl Pts',(0.0304975973492064,0.119577616100742,
0.));
#2082=CARTESIAN_POINT('Ctrl Pts',(0.0311535774300386,0.116052987548201,
0.));
#2083=CARTESIAN_POINT('Ctrl Pts',(0.0342174877671497,0.109457846554302,
0.));
#2084=CARTESIAN_POINT('Ctrl Pts',(0.0423991150502626,0.0994634223835899,
0.));
#2085=CARTESIAN_POINT('Ctrl Pts',(0.0547780512662155,0.0910586571442797,
0.));
#2086=CARTESIAN_POINT('Ctrl Pts',(0.0685692168560337,0.0858323076731747,
0.));
#2087=CARTESIAN_POINT('Ctrl Pts',(0.0776875834775845,0.0843676664101569,
0.));
#2088=CARTESIAN_POINT('Ctrl Pts',(0.0849247283526062,0.0850019918977275,
0.));
#2089=CARTESIAN_POINT('Ctrl Pts',(0.088308584495441,0.086200557101516,0.));
#2090=CARTESIAN_POINT('Ctrl Pts',(0.0898272465899211,0.0870773777157102,
0.));
#2091=CARTESIAN_POINT('Ctrl Pts',(0.032053201102648,0.121331226919204,-0.000752052954900669));
#2092=CARTESIAN_POINT('Ctrl Pts',(0.0320532006115908,0.119770771017957,
-0.000752052954900669));
#2093=CARTESIAN_POINT('Ctrl Pts',(0.0326408771892777,0.116557361753037,
-0.000752052954900669));
#2094=CARTESIAN_POINT('Ctrl Pts',(0.0355201939789467,0.110334907265281,
-0.000752052954900669));
#2095=CARTESIAN_POINT('Ctrl Pts',(0.043412915099954,0.10066571954121,-0.000752052954900669));
#2096=CARTESIAN_POINT('Ctrl Pts',(0.0555326894156057,0.0924326757219366,
-0.000752052954900669));
#2097=CARTESIAN_POINT('Ctrl Pts',(0.0689835807282026,0.0873381383675221,
-0.000752052954900669));
#2098=CARTESIAN_POINT('Ctrl Pts',(0.0777954545543345,0.0859339667812203,
-0.000752052954900669));
#2099=CARTESIAN_POINT('Ctrl Pts',(0.0846183097667071,0.0865425659801645,
-0.000752052954900669));
#2100=CARTESIAN_POINT('Ctrl Pts',(0.0876980472214181,0.0876443213703352,
-0.000752052954900669));
#2101=CARTESIAN_POINT('Ctrl Pts',(0.0890494312536507,0.0884245616762342,
-0.000752052954900669));
#2102=CARTESIAN_POINT('Ctrl Pts',(0.0326000000000215,0.121331226747133,
-0.00232680157423076));
#2103=CARTESIAN_POINT('Ctrl Pts',(0.0325999995306505,0.119839683827185,
-0.00232680157423076));
#2104=CARTESIAN_POINT('Ctrl Pts',(0.0331639473636743,0.116736610612785,
-0.00232680157423076));
#2105=CARTESIAN_POINT('Ctrl Pts',(0.0359777769051005,0.110646788645503,
-0.00232680157423076));
#2106=CARTESIAN_POINT('Ctrl Pts',(0.0437686577074789,0.101092498188705,
-0.00232680157423076));
#2107=CARTESIAN_POINT('Ctrl Pts',(0.0558007550612334,0.0929177689459601,
-0.00232680157423076));
#2108=CARTESIAN_POINT('Ctrl Pts',(0.0691327591845795,0.0878690383436524,
-0.00232680157423076));
#2109=CARTESIAN_POINT('Ctrl Pts',(0.0778366043824582,0.0864860229603996,
-0.00232680157423076));
#2110=CARTESIAN_POINT('Ctrl Pts',(0.0845121164647241,0.0870853092944101,
-0.00232680157423076));
#2111=CARTESIAN_POINT('Ctrl Pts',(0.0874843235416088,0.0881523177387302,
-0.00232680157423076));
#2112=CARTESIAN_POINT('Ctrl Pts',(0.0887760269769075,0.0888981006246086,
-0.00232680157423076));
#2113=CARTESIAN_POINT('Ctrl Pts',(0.0326000000000215,0.121331226747133,
-0.003));
#2114=CARTESIAN_POINT('Ctrl Pts',(0.0325999995305548,0.119839379686881,
-0.003));
#2115=CARTESIAN_POINT('Ctrl Pts',(0.03316386369734,0.116736025245219,-0.003));
#2116=CARTESIAN_POINT('Ctrl Pts',(0.0359778730676875,0.110645715797643,
-0.003));
#2117=CARTESIAN_POINT('Ctrl Pts',(0.0437688401831311,0.101091253383485,
-0.003));
#2118=CARTESIAN_POINT('Ctrl Pts',(0.0557999163294711,0.092917135216699,
-0.003));
#2119=CARTESIAN_POINT('Ctrl Pts',(0.0691317053574466,0.0878685615889812,
-0.003));
#2120=CARTESIAN_POINT('Ctrl Pts',(0.0778356388272487,0.0864855757915357,
-0.003));
#2121=CARTESIAN_POINT('Ctrl Pts',(0.084511664369145,0.087084942767301,-0.003));
#2122=CARTESIAN_POINT('Ctrl Pts',(0.0874840601474765,0.0881521656644764,
-0.003));
#2123=CARTESIAN_POINT('Ctrl Pts',(0.0887760269769075,0.0888981006246086,
-0.003));
#2124=CARTESIAN_POINT('',(0.0326000000000116,0.121331226747139,-0.003));
#2125=CARTESIAN_POINT('Ctrl Pts',(0.0887760269769075,0.0888981006246086,
-0.003));
#2126=CARTESIAN_POINT('Ctrl Pts',(0.0874840601474765,0.0881521656644764,
-0.003));
#2127=CARTESIAN_POINT('Ctrl Pts',(0.084511664369145,0.087084942767301,-0.003));
#2128=CARTESIAN_POINT('Ctrl Pts',(0.0778356388272487,0.0864855757915357,
-0.003));
#2129=CARTESIAN_POINT('Ctrl Pts',(0.0691317053574466,0.0878685615889812,
-0.003));
#2130=CARTESIAN_POINT('Ctrl Pts',(0.0557999163294711,0.092917135216699,
-0.003));
#2131=CARTESIAN_POINT('Ctrl Pts',(0.0437688401831311,0.101091253383485,
-0.003));
#2132=CARTESIAN_POINT('Ctrl Pts',(0.0359778730676875,0.110645715797643,
-0.003));
#2133=CARTESIAN_POINT('Ctrl Pts',(0.03316386369734,0.116736025245219,-0.003));
#2134=CARTESIAN_POINT('Ctrl Pts',(0.0325999995305548,0.119839379686881,
-0.003));
#2135=CARTESIAN_POINT('Ctrl Pts',(0.0326000000000215,0.121331226747133,
-0.003));
#2136=CARTESIAN_POINT('Origin',(0.0296000000000217,0.121331227691198,-0.003));
#2137=CARTESIAN_POINT('Origin',(0.0296,0.12625,-0.003));
#2138=CARTESIAN_POINT('',(0.0326,0.12625,-0.003));
#2139=CARTESIAN_POINT('Origin',(0.0296,0.12625,-0.003));
#2140=CARTESIAN_POINT('',(0.0326,0.12625,-0.003));
#2141=CARTESIAN_POINT('Ctrl Pts',(0.0326,0.12625,-0.003));
#2142=CARTESIAN_POINT('Ctrl Pts',(0.0326,0.127504781555078,-0.003));
#2143=CARTESIAN_POINT('Ctrl Pts',(0.0320423912533293,0.129968230946066,
-0.003));
#2144=CARTESIAN_POINT('Ctrl Pts',(0.0296896905940204,0.133762728654675,
-0.003));
#2145=CARTESIAN_POINT('Ctrl Pts',(0.0243668201057196,0.138224422571398,
-0.003));
#2146=CARTESIAN_POINT('Ctrl Pts',(0.0158630744283456,0.141714981448609,
-0.003));
#2147=CARTESIAN_POINT('Ctrl Pts',(0.00180759755426769,0.144163360271065,
-0.003));
#2148=CARTESIAN_POINT('Ctrl Pts',(-0.0124595187258539,0.143058411014761,
-0.003));
#2149=CARTESIAN_POINT('Ctrl Pts',(-0.0243677575848168,0.13823903882274,
-0.003));
#2150=CARTESIAN_POINT('Ctrl Pts',(-0.0296893774031975,0.133759698786038,
-0.003));
#2151=CARTESIAN_POINT('Ctrl Pts',(-0.0320426584829898,0.129969142710805,
-0.003));
#2152=CARTESIAN_POINT('Ctrl Pts',(-0.0326,0.127504781555078,-0.003));
#2153=CARTESIAN_POINT('Ctrl Pts',(-0.0326,0.12625,-0.003));
#2154=CARTESIAN_POINT('Ctrl Pts',(0.0326,0.12625,-0.00210240209897434));
#2155=CARTESIAN_POINT('Ctrl Pts',(0.0326,0.127506099551435,-0.00210240209897434));
#2156=CARTESIAN_POINT('Ctrl Pts',(0.0320423202088254,0.129971614696914,
-0.00210240209897434));
#2157=CARTESIAN_POINT('Ctrl Pts',(0.0296880207041633,0.133768746254527,
-0.00210240209897434));
#2158=CARTESIAN_POINT('Ctrl Pts',(0.0243645846731465,0.138230948256666,
-0.00210240209897434));
#2159=CARTESIAN_POINT('Ctrl Pts',(0.0158607982414449,0.141721403988813,
-0.00210240209897434));
#2160=CARTESIAN_POINT('Ctrl Pts',(0.00180619448399824,0.144169210687074,
-0.00210240209897434));
#2161=CARTESIAN_POINT('Ctrl Pts',(-0.0124569959156237,0.143064994588272,
-0.00210240209897434));
#2162=CARTESIAN_POINT('Ctrl Pts',(-0.0243653371443165,0.138245796143098,
-0.00210240209897434));
#2163=CARTESIAN_POINT('Ctrl Pts',(-0.0296876805143039,0.133765753127914,
-0.00210240209897434));
#2164=CARTESIAN_POINT('Ctrl Pts',(-0.0320425566186203,0.129972564945284,
-0.00210240209897434));
#2165=CARTESIAN_POINT('Ctrl Pts',(-0.0326,0.127506099551435,-0.00210240209897434));
#2166=CARTESIAN_POINT('Ctrl Pts',(-0.0326,0.12625,-0.00210240209897434));
#2167=CARTESIAN_POINT('Ctrl Pts',(0.031847995569318,0.12625,-0.000546740675154379));
#2168=CARTESIAN_POINT('Ctrl Pts',(0.031847995569318,0.127400830595249,-0.000546740675154379));
#2169=CARTESIAN_POINT('Ctrl Pts',(0.0313386736739591,0.129665479909707,
-0.00054674067515438));
#2170=CARTESIAN_POINT('Ctrl Pts',(0.0291332972539468,0.133237716382375,
-0.000546740675154379));
#2171=CARTESIAN_POINT('Ctrl Pts',(0.0240057528186186,0.137551075649596,
-0.000546740675154378));
#2172=CARTESIAN_POINT('Ctrl Pts',(0.0156602313698362,0.140985133163466,
-0.000546740675154379));
#2173=CARTESIAN_POINT('Ctrl Pts',(0.00179272683049405,0.143401392461237,
-0.000546740675154378));
#2174=CARTESIAN_POINT('Ctrl Pts',(-0.0123200262375609,0.142307975085116,
-0.000546740675154383));
#2175=CARTESIAN_POINT('Ctrl Pts',(-0.0240067457386443,0.137565034369812,
-0.000546740675154377));
#2176=CARTESIAN_POINT('Ctrl Pts',(-0.0291329954180789,0.133234800317471,
-0.00054674067515438));
#2177=CARTESIAN_POINT('Ctrl Pts',(-0.0313389395691794,0.129666361907947,
-0.000546740675154378));
#2178=CARTESIAN_POINT('Ctrl Pts',(-0.031847995569318,0.127400830595249,
-0.000546740675154379));
#2179=CARTESIAN_POINT('Ctrl Pts',(-0.031847995569318,0.12625,-0.000546740675154379));
#2180=CARTESIAN_POINT('Ctrl Pts',(0.0302731984257692,0.12625,6.41740483550599E-19));
#2181=CARTESIAN_POINT('Ctrl Pts',(0.0302731984257692,0.127184727135031,
4.22069529344805E-19));
#2182=CARTESIAN_POINT('Ctrl Pts',(0.0298649102451463,0.129035544820725,
-7.63073295648138E-19));
#2183=CARTESIAN_POINT('Ctrl Pts',(0.0279661292350319,0.132145501481951,
7.78628431057272E-19));
#2184=CARTESIAN_POINT('Ctrl Pts',(0.0232469439591881,0.136148838790473,
1.77903327602257E-18));
#2185=CARTESIAN_POINT('Ctrl Pts',(0.0152327160883022,0.13946445101098,2.12606237169349E-19));
#2186=CARTESIAN_POINT('Ctrl Pts',(0.00175989968422969,0.141812760315938,
1.67200217257436E-18));
#2187=CARTESIAN_POINT('Ctrl Pts',(-0.0120248791297641,0.140744373162514,
-4.06478418351627E-18));
#2188=CARTESIAN_POINT('Ctrl Pts',(-0.0232478306813934,0.136161698877106,
2.56828100608679E-18));
#2189=CARTESIAN_POINT('Ctrl Pts',(-0.0279658187369325,0.132142867884993,
-2.52293707229501E-19));
#2190=CARTESIAN_POINT('Ctrl Pts',(-0.0298651363138937,0.129036410724429,
2.19101310700163E-18));
#2191=CARTESIAN_POINT('Ctrl Pts',(-0.0302731984257692,0.127184727135031,
4.19216659809655E-19));
#2192=CARTESIAN_POINT('Ctrl Pts',(-0.0302731984257692,0.12625,6.41740483550599E-19));
#2193=CARTESIAN_POINT('Ctrl Pts',(0.0296,0.12625,6.82961998416066E-19));
#2194=CARTESIAN_POINT('Ctrl Pts',(0.0296,0.12709237194,4.63469435590549E-19));
#2195=CARTESIAN_POINT('Ctrl Pts',(0.0292349006148301,0.12876632341585,-7.20744252649653E-19));
#2196=CARTESIAN_POINT('Ctrl Pts',(0.027467153149454,0.131678714007337,8.19734655341991E-19));
#2197=CARTESIAN_POINT('Ctrl Pts',(0.0229225234736392,0.135549532059023,
1.81924285812031E-18));
#2198=CARTESIAN_POINT('Ctrl Pts',(0.0150499170712581,0.13881450899549,2.54242791383803E-19));
#2199=CARTESIAN_POINT('Ctrl Pts',(0.00174583973692136,0.141133759884777,
1.71223076086688E-18));
#2200=CARTESIAN_POINT('Ctrl Pts',(-0.0118986604773398,0.140076086779584,
-4.0204242727194E-18));
#2201=CARTESIAN_POINT('Ctrl Pts',(-0.0229233612494609,0.135561926941903,
2.60748671397551E-18));
#2202=CARTESIAN_POINT('Ctrl Pts',(-0.0274668384305293,0.131676201865272,
-2.10456566045835E-19));
#2203=CARTESIAN_POINT('Ctrl Pts',(-0.0292351090672924,0.128767183177579,
2.23087748374167E-18));
#2204=CARTESIAN_POINT('Ctrl Pts',(-0.0296,0.12709237194,4.60618882826571E-19));
#2205=CARTESIAN_POINT('Ctrl Pts',(-0.0296,0.12625,6.82961998416066E-19));
#2206=CARTESIAN_POINT('',(-0.0326,0.12625,-0.003));
#2207=CARTESIAN_POINT('Origin',(-0.0296,0.12625,-0.003));
#2208=CARTESIAN_POINT('Ctrl Pts',(0.0326,0.12625,-0.003));
#2209=CARTESIAN_POINT('Ctrl Pts',(0.0326,0.127504781555078,-0.003));
#2210=CARTESIAN_POINT('Ctrl Pts',(0.0320423912533293,0.129968230946066,
-0.003));
#2211=CARTESIAN_POINT('Ctrl Pts',(0.0296896905940204,0.133762728654675,
-0.003));
#2212=CARTESIAN_POINT('Ctrl Pts',(0.0243668201057196,0.138224422571398,
-0.003));
#2213=CARTESIAN_POINT('Ctrl Pts',(0.0158630744283456,0.141714981448609,
-0.003));
#2214=CARTESIAN_POINT('Ctrl Pts',(0.00180759755426769,0.144163360271065,
-0.003));
#2215=CARTESIAN_POINT('Ctrl Pts',(-0.0124595187258539,0.143058411014761,
-0.003));
#2216=CARTESIAN_POINT('Ctrl Pts',(-0.0243677575848168,0.13823903882274,
-0.003));
#2217=CARTESIAN_POINT('Ctrl Pts',(-0.0296893774031975,0.133759698786038,
-0.003));
#2218=CARTESIAN_POINT('Ctrl Pts',(-0.0320426584829898,0.129969142710805,
-0.003));
#2219=CARTESIAN_POINT('Ctrl Pts',(-0.0326,0.127504781555078,-0.003));
#2220=CARTESIAN_POINT('Ctrl Pts',(-0.0326,0.12625,-0.003));
#2221=CARTESIAN_POINT('Origin',(-0.0296,0.123790672460806,-0.003));
#2222=CARTESIAN_POINT('',(-0.0325999999999999,0.121331344921611,-0.003));
#2223=CARTESIAN_POINT('Origin',(-0.0295999999999999,0.121331344921611,-0.003));
#2224=CARTESIAN_POINT('',(-0.0326,0.123790672460806,-0.003));
#2225=CARTESIAN_POINT('Ctrl Pts',(-0.0902759254529206,0.0862999657976372,
0.));
#2226=CARTESIAN_POINT('Ctrl Pts',(-0.0886598695464129,0.0853669348069176,
0.));
#2227=CARTESIAN_POINT('Ctrl Pts',(-0.0851012966359486,0.0841120090982767,
0.));
#2228=CARTESIAN_POINT('Ctrl Pts',(-0.0776224187038217,0.0834624929312903,
0.));
#2229=CARTESIAN_POINT('Ctrl Pts',(-0.0683265615158033,0.0849620759202539,
0.));
#2230=CARTESIAN_POINT('Ctrl Pts',(-0.0543389680558351,0.0902638694163772,
0.));
#2231=CARTESIAN_POINT('Ctrl Pts',(-0.0418143578941645,0.0987658676590965,
0.));
#2232=CARTESIAN_POINT('Ctrl Pts',(-0.0334658490591276,0.108948195295713,
0.));
#2233=CARTESIAN_POINT('Ctrl Pts',(-0.0302955484211621,0.115758948126422,
0.));
#2234=CARTESIAN_POINT('Ctrl Pts',(-0.0295999809750753,0.119465314544104,
0.));
#2235=CARTESIAN_POINT('Ctrl Pts',(-0.0296000000007984,0.121331375508339,
0.));
#2236=CARTESIAN_POINT('Ctrl Pts',(-0.0898271262577872,0.0870773082410772,
0.));
#2237=CARTESIAN_POINT('Ctrl Pts',(-0.0883084545926228,0.0862005021091729,
0.));
#2238=CARTESIAN_POINT('Ctrl Pts',(-0.0849259274769413,0.0850021295760989,
0.));
#2239=CARTESIAN_POINT('Ctrl Pts',(-0.0776878107675617,0.0843677253494993,
0.));
#2240=CARTESIAN_POINT('Ctrl Pts',(-0.0685690984960388,0.0858325123061435,
0.));
#2241=CARTESIAN_POINT('Ctrl Pts',(-0.0547771537875957,0.0910587702388538,
0.));
#2242=CARTESIAN_POINT('Ctrl Pts',(-0.0423987336623953,0.099463693560639,
0.));
#2243=CARTESIAN_POINT('Ctrl Pts',(-0.0342172082120743,0.109457798496769,
0.));
#2244=CARTESIAN_POINT('Ctrl Pts',(-0.0311539935802905,0.116051937843674,
0.));
#2245=CARTESIAN_POINT('Ctrl Pts',(-0.0304975800225634,0.119577756096055,
0.));
#2246=CARTESIAN_POINT('Ctrl Pts',(-0.0304975979017774,0.121331366356736,
0.));
#2247=CARTESIAN_POINT('Ctrl Pts',(-0.0890493242327261,0.0884244998876528,
-0.000752052954375175));
#2248=CARTESIAN_POINT('Ctrl Pts',(-0.0876979300262888,0.087644271511761,
-0.000752052954375175));
#2249=CARTESIAN_POINT('Ctrl Pts',(-0.0846194317276314,0.0865426913473841,
-0.000752052954375175));
#2250=CARTESIAN_POINT('Ctrl Pts',(-0.0777956539836692,0.0859340189381279,
-0.000752052954375176));
#2251=CARTESIAN_POINT('Ctrl Pts',(-0.068983445136883,0.0873383336394161,
-0.000752052954375175));
#2252=CARTESIAN_POINT('Ctrl Pts',(-0.0555317960682664,0.0924327907404349,
-0.000752052954375176));
#2253=CARTESIAN_POINT('Ctrl Pts',(-0.0434125366341148,0.10066600374709,
-0.000752052954375175));
#2254=CARTESIAN_POINT('Ctrl Pts',(-0.0355199152855446,0.110334881965692,
-0.000752052954375175));
#2255=CARTESIAN_POINT('Ctrl Pts',(-0.0326412670385646,0.116556383660316,
-0.000752052954375176));
#2256=CARTESIAN_POINT('Ctrl Pts',(-0.0320531851940791,0.119770897441203,
-0.000752052954375175));
#2257=CARTESIAN_POINT('Ctrl Pts',(-0.0320532011039279,0.121331350496335,
-0.000752052954375175));
#2258=CARTESIAN_POINT('Ctrl Pts',(-0.0887759246353365,0.088898041536958,
-0.00232680157423076));
#2259=CARTESIAN_POINT('Ctrl Pts',(-0.0874842108105122,0.0881522696704966,
-0.00232680157423076));
#2260=CARTESIAN_POINT('Ctrl Pts',(-0.0845132108863685,0.0870854302771595,
-0.00232680157423076));
#2261=CARTESIAN_POINT('Ctrl Pts',(-0.0778367938834528,0.0864860727244378,
-0.00232680157423076));
#2262=CARTESIAN_POINT('Ctrl Pts',(-0.0691326175123445,0.087869230354691,
-0.00232680157423076));
#2263=CARTESIAN_POINT('Ctrl Pts',(-0.0557998632655698,0.0929178847973542,
-0.00232680157423076));
#2264=CARTESIAN_POINT('Ctrl Pts',(-0.0437682802996897,0.101092787254784,
-0.00232680157423076));
#2265=CARTESIAN_POINT('Ctrl Pts',(-0.0359774985217828,0.11064677161937,
-0.00232680157423076));
#2266=CARTESIAN_POINT('Ctrl Pts',(-0.0331643278321739,0.116735658203953,
-0.00232680157423076));
#2267=CARTESIAN_POINT('Ctrl Pts',(-0.0325999847934136,0.119839805489295,
-0.00232680157423076));
#2268=CARTESIAN_POINT('Ctrl Pts',(-0.0326000000006425,0.121331344921359,
-0.00232680157423076));
#2269=CARTESIAN_POINT('Ctrl Pts',(-0.0887759246353365,0.088898041536958,
-0.003));
#2270=CARTESIAN_POINT('Ctrl Pts',(-0.0874839474173301,0.0881521176002616,
-0.003));
#2271=CARTESIAN_POINT('Ctrl Pts',(-0.0845127589151707,0.0870850637668804,
-0.003));
#2272=CARTESIAN_POINT('Ctrl Pts',(-0.07783582836872,0.0864856255579998,
-0.003));
#2273=CARTESIAN_POINT('Ctrl Pts',(-0.0691315636924382,0.0878687535909858,
-0.003));
#2274=CARTESIAN_POINT('Ctrl Pts',(-0.0557990245040479,0.0929172510211531,
-0.003));
#2275=CARTESIAN_POINT('Ctrl Pts',(-0.0437684627659135,0.101091542365711,
-0.003));
#2276=CARTESIAN_POINT('Ctrl Pts',(-0.0359775946819952,0.11064569868965,
-0.003));
#2277=CARTESIAN_POINT('Ctrl Pts',(-0.0331642442062016,0.116735072683405,
-0.003));
#2278=CARTESIAN_POINT('Ctrl Pts',(-0.0325999847903126,0.119839501346159,
-0.003));
#2279=CARTESIAN_POINT('Ctrl Pts',(-0.0326000000006425,0.121331344921359,
-0.003));
#2280=CARTESIAN_POINT('',(-0.0887759246353465,0.0888980415369523,-0.003));
#2281=CARTESIAN_POINT('Ctrl Pts',(-0.0326000000006425,0.121331344921359,
-0.003));
#2282=CARTESIAN_POINT('Ctrl Pts',(-0.0325999847903126,0.119839501346159,
-0.003));
#2283=CARTESIAN_POINT('Ctrl Pts',(-0.0331642442062016,0.116735072683405,
-0.003));
#2284=CARTESIAN_POINT('Ctrl Pts',(-0.0359775946819952,0.11064569868965,
-0.003));
#2285=CARTESIAN_POINT('Ctrl Pts',(-0.0437684627659135,0.101091542365711,
-0.003));
#2286=CARTESIAN_POINT('Ctrl Pts',(-0.0557990245040479,0.0929172510211531,
-0.003));
#2287=CARTESIAN_POINT('Ctrl Pts',(-0.0691315636924382,0.0878687535909858,
-0.003));
#2288=CARTESIAN_POINT('Ctrl Pts',(-0.07783582836872,0.0864856255579998,
-0.003));
#2289=CARTESIAN_POINT('Ctrl Pts',(-0.0845127589151707,0.0870850637668804,
-0.003));
#2290=CARTESIAN_POINT('Ctrl Pts',(-0.0874839474173301,0.0881521176002616,
-0.003));
#2291=CARTESIAN_POINT('Ctrl Pts',(-0.0887759246353365,0.088898041536958,
-0.003));
#2292=CARTESIAN_POINT('Origin',(-0.0902759254529206,0.0862999657976372,
-0.003));
#2293=CARTESIAN_POINT('Origin',(-0.067201780420839,0.0729781019520194,-0.003));
#2294=CARTESIAN_POINT('',(-0.065701780420839,0.0755761781633727,-0.003));
#2295=CARTESIAN_POINT('Origin',(0.0930357072277853,-0.0913574281633727,
0.));
#2296=CARTESIAN_POINT('',(0.0887759246353546,-0.0888980415369436,-1.18443582865014));
#2297=CARTESIAN_POINT('',(0.0887759246353546,-0.0888980415369436,0.));
#2298=CARTESIAN_POINT('',(0.0930357072277853,-0.0913574281633727,-1.19052357245186));
#2299=CARTESIAN_POINT('Origin',(-0.0163000000000001,-0.0282324281633731,
-1.2875));
#2300=CARTESIAN_POINT('',(0.0930357072277853,-0.0913574281633727,0.));
#2301=CARTESIAN_POINT('Ctrl Pts',(0.0326000000006425,-0.121331344921611,
-0.003));
#2302=CARTESIAN_POINT('Ctrl Pts',(0.0325998542995179,-0.107040870098298,
-0.003));
#2303=CARTESIAN_POINT('Ctrl Pts',(0.0544999094493713,-0.0943968212920773,
-0.003));
#2304=CARTESIAN_POINT('Ctrl Pts',(0.0763999645992247,-0.0817527724858566,
-0.003));
#2305=CARTESIAN_POINT('Ctrl Pts',(0.0887759246353438,-0.0888980415369623,
-0.003));
#2306=CARTESIAN_POINT('Ctrl Pts',(0.0326000000006425,-0.121331344921611,
-1.18443596777005));
#2307=CARTESIAN_POINT('Ctrl Pts',(0.0325998542995179,-0.107040870098298,
-1.18443596777005));
#2308=CARTESIAN_POINT('Ctrl Pts',(0.0544999094493713,-0.0943968212920773,
-1.18443596777005));
#2309=CARTESIAN_POINT('Ctrl Pts',(0.0763999645992247,-0.0817527724858566,
-1.18443596777005));
#2310=CARTESIAN_POINT('Ctrl Pts',(0.0887759246353438,-0.0888980415369623,
-1.18443596777005));
#2311=CARTESIAN_POINT('',(0.0325999999999999,-0.121331344921611,-1.18443596776997));
#2312=CARTESIAN_POINT('',(0.0325999999999999,-0.121331344921611,0.));
#2313=CARTESIAN_POINT('Ctrl Pts',(0.0326000000006425,-0.121331344921511,
-1.18443596777005));
#2314=CARTESIAN_POINT('Ctrl Pts',(0.0325999923527702,-0.120581235298394,
-1.18355290452517));
#2315=CARTESIAN_POINT('Ctrl Pts',(0.0326708251331696,-0.119806264439345,
-1.18268259608029));
#2316=CARTESIAN_POINT('Ctrl Pts',(0.0332838695425662,-0.1163046391475,-1.17892888222565));
#2317=CARTESIAN_POINT('Ctrl Pts',(0.034587402675798,-0.113399329886262,
-1.17630225779352));
#2318=CARTESIAN_POINT('Ctrl Pts',(0.0382196464398127,-0.107799702973327,
-1.17199253536576));
#2319=CARTESIAN_POINT('Ctrl Pts',(0.0409036522467561,-0.104724227417638,
-1.17008780935093));
#2320=CARTESIAN_POINT('Ctrl Pts',(0.0472458694421611,-0.0990610753655151,
-1.16758075110597));
#2321=CARTESIAN_POINT('Ctrl Pts',(0.0509039895699305,-0.0964729266023615,
-1.16697925489779));
#2322=CARTESIAN_POINT('Ctrl Pts',(0.0580960104301113,-0.0923206114227187,
-1.16697925489779));
#2323=CARTESIAN_POINT('Ctrl Pts',(0.0621664730716602,-0.090446660843552,
-1.16758075110597));
#2324=CARTESIAN_POINT('Ctrl Pts',(0.0702420152119953,-0.0877857156620744,
-1.17008780935093));
#2325=CARTESIAN_POINT('Ctrl Pts',(0.0742474580754116,-0.0869990362272009,
-1.17199253536576));
#2326=CARTESIAN_POINT('Ctrl Pts',(0.0809129991157359,-0.0866532343112942,
-1.17630225779352));
#2327=CARTESIAN_POINT('Ctrl Pts',(0.0840808373084336,-0.0869769961338595,
-1.17892888222565));
#2328=CARTESIAN_POINT('Ctrl Pts',(0.0874198163964335,-0.0881968822893634,
-1.18268255159136));
#2329=CARTESIAN_POINT('Ctrl Pts',(0.0881263426260023,-0.0885230049164533,
-1.1835528131135));
#2330=CARTESIAN_POINT('Ctrl Pts',(0.0887759246353409,-0.0888980415369606,
-1.18443582865014));
#2331=CARTESIAN_POINT('Origin',(0.0325999999999999,-0.121331344921611,0.));
#2332=CARTESIAN_POINT('',(0.0326,-0.12625,-1.19052357245186));
#2333=CARTESIAN_POINT('',(0.0326,-0.12625,0.));
#2334=CARTESIAN_POINT('Origin',(0.0325999999999832,4.49034223932611E-15,
-1.2875));
#2335=CARTESIAN_POINT('Ctrl Pts',(0.0326,-0.12625,-0.003));
#2336=CARTESIAN_POINT('Ctrl Pts',(0.0326,-0.1435,-0.003));
#2337=CARTESIAN_POINT('Ctrl Pts',(-2.88197277602399E-17,-0.1435,-0.003));
#2338=CARTESIAN_POINT('Ctrl Pts',(-0.0326,-0.1435,-0.003));
#2339=CARTESIAN_POINT('Ctrl Pts',(-0.0326,-0.12625,-0.003));
#2340=CARTESIAN_POINT('Ctrl Pts',(0.0326,-0.12625,-1.21125040983717));
#2341=CARTESIAN_POINT('Ctrl Pts',(0.0326,-0.1435,-1.21125040983717));
#2342=CARTESIAN_POINT('Ctrl Pts',(-2.88197277602399E-17,-0.1435,-1.21125040983717));
#2343=CARTESIAN_POINT('Ctrl Pts',(-0.0326,-0.1435,-1.21125040983717));
#2344=CARTESIAN_POINT('Ctrl Pts',(-0.0326,-0.12625,-1.21125040983717));
#2345=CARTESIAN_POINT('',(-0.0326,-0.12625,-1.19052357245186));
#2346=CARTESIAN_POINT('',(-0.0326,-0.12625,0.));
#2347=CARTESIAN_POINT('Ctrl Pts',(-0.0326,-0.12625,-1.19052357245186));
#2348=CARTESIAN_POINT('Ctrl Pts',(-0.0326,-0.12844170272612,-1.19337686862051));
#2349=CARTESIAN_POINT('Ctrl Pts',(-0.031754892887993,-0.130785466570957,
-1.19635540000985));
#2350=CARTESIAN_POINT('Ctrl Pts',(-0.0283781515547744,-0.135049067379717,
-1.20161065543341));
#2351=CARTESIAN_POINT('Ctrl Pts',(-0.0258477172561015,-0.136968094298551,
-1.20388880746732));
#2352=CARTESIAN_POINT('Ctrl Pts',(-0.0199943499675437,-0.14006535152946,
-1.20747718684887));
#2353=CARTESIAN_POINT('Ctrl Pts',(-0.0162243346991804,-0.141386459838074,
-1.20894659308868));
#2354=CARTESIAN_POINT('Ctrl Pts',(-0.00819304576354683,-0.1431028728695,
-1.21082901737494));
#2355=CARTESIAN_POINT('Ctrl Pts',(-0.00393412688108437,-0.1435,-1.21125040983717));
#2356=CARTESIAN_POINT('Ctrl Pts',(0.00411854107270952,-0.1435,-1.21125040983717));
#2357=CARTESIAN_POINT('Ctrl Pts',(0.00857023179712563,-0.143064993775058,
-1.21078927518862));
#2358=CARTESIAN_POINT('Ctrl Pts',(0.0169103423161534,-0.141191321950478,
-1.20873054178792));
#2359=CARTESIAN_POINT('Ctrl Pts',(0.0207961596607893,-0.139751177870872,
-1.20712375719384));
#2360=CARTESIAN_POINT('Ctrl Pts',(0.0264620528981002,-0.13652081654764,
-1.20335893241784));
#2361=CARTESIAN_POINT('Ctrl Pts',(0.028770140754478,-0.134656146510793,
-1.20113326352179));
#2362=CARTESIAN_POINT('Ctrl Pts',(0.0318396167797301,-0.130559735082845,
-1.19606911714042));
#2363=CARTESIAN_POINT('Ctrl Pts',(0.0326,-0.128328560118775,-1.193229572473));
#2364=CARTESIAN_POINT('Ctrl Pts',(0.0326,-0.12625,-1.19052357245186));
#2365=CARTESIAN_POINT('Origin',(-0.0326,-0.12625,0.));
#2366=CARTESIAN_POINT('',(-0.0326,-0.121331226747142,-1.18443582865014));
#2367=CARTESIAN_POINT('',(-0.0326,-0.121331226747142,0.));
#2368=CARTESIAN_POINT('Origin',(-0.0325999999999999,3.62115674031949E-17,
-1.2875));
#2369=CARTESIAN_POINT('Ctrl Pts',(-0.0887760269771263,-0.0888981006247348,
-0.003));
#2370=CARTESIAN_POINT('Ctrl Pts',(-0.0764001855985573,-0.0817527370322028,
-0.003));
#2371=CARTESIAN_POINT('Ctrl Pts',(-0.0545000905507531,-0.0943967167331457,
-0.003));
#2372=CARTESIAN_POINT('Ctrl Pts',(-0.0325999955029489,-0.107040696434089,
-0.003));
#2373=CARTESIAN_POINT('Ctrl Pts',(-0.0326000000000216,-0.121331226747142,
-0.003));
#2374=CARTESIAN_POINT('Ctrl Pts',(-0.0887760269771263,-0.0888981006247348,
-1.18443596777005));
#2375=CARTESIAN_POINT('Ctrl Pts',(-0.0764001855985573,-0.0817527370322028,
-1.18443596777005));
#2376=CARTESIAN_POINT('Ctrl Pts',(-0.0545000905507531,-0.0943967167331457,
-1.18443596777005));
#2377=CARTESIAN_POINT('Ctrl Pts',(-0.0325999955029489,-0.107040696434089,
-1.18443596777005));
#2378=CARTESIAN_POINT('Ctrl Pts',(-0.0326000000000216,-0.121331226747142,
-1.18443596777005));
#2379=CARTESIAN_POINT('',(-0.0887760269774476,-0.0888981006241783,-1.18443596776997));
#2380=CARTESIAN_POINT('',(-0.0887760269774476,-0.0888981006241783,0.));
#2381=CARTESIAN_POINT('Ctrl Pts',(-0.0887760269770394,-0.0888981006246847,
-1.18443596777005));
#2382=CARTESIAN_POINT('Ctrl Pts',(-0.0881264168117328,-0.0885230391898744,
-1.18355290452517));
#2383=CARTESIAN_POINT('Ctrl Pts',(-0.0874198559704045,-0.0881968967475967,
-1.18268259608029));
#2384=CARTESIAN_POINT('Ctrl Pts',(-0.0840808373084337,-0.0869769961338594,
-1.17892888222565));
#2385=CARTESIAN_POINT('Ctrl Pts',(-0.080912999115736,-0.0866532343112941,
-1.17630225779352));
#2386=CARTESIAN_POINT('Ctrl Pts',(-0.0742474580754116,-0.0869990362272008,
-1.17199253536576));
#2387=CARTESIAN_POINT('Ctrl Pts',(-0.0702420152119953,-0.0877857156620743,
-1.17008780935093));
#2388=CARTESIAN_POINT('Ctrl Pts',(-0.0621664730716603,-0.0904466608435519,
-1.16758075110597));
#2389=CARTESIAN_POINT('Ctrl Pts',(-0.0580960104301113,-0.0923206114227187,
-1.16697925489779));
#2390=CARTESIAN_POINT('Ctrl Pts',(-0.0509039895699305,-0.0964729266023615,
-1.16697925489779));
#2391=CARTESIAN_POINT('Ctrl Pts',(-0.0472458694421611,-0.099061075365515,
-1.16758075110597));
#2392=CARTESIAN_POINT('Ctrl Pts',(-0.0409036522467561,-0.104724227417638,
-1.17008780935093));
#2393=CARTESIAN_POINT('Ctrl Pts',(-0.0382196464398128,-0.107799702973327,
-1.17199253536576));
#2394=CARTESIAN_POINT('Ctrl Pts',(-0.0345874026757981,-0.113399329886262,
-1.17630225779352));
#2395=CARTESIAN_POINT('Ctrl Pts',(-0.0332838695425664,-0.1163046391475,
-1.17892888222565));
#2396=CARTESIAN_POINT('Ctrl Pts',(-0.0326708323989577,-0.119806222938164,
-1.18268255159136));
#2397=CARTESIAN_POINT('Ctrl Pts',(-0.0325999997639821,-0.120581153914956,
-1.1835528131135));
#2398=CARTESIAN_POINT('Ctrl Pts',(-0.0326000000000216,-0.121331226747138,
-1.18443582865014));
#2399=CARTESIAN_POINT('Origin',(-0.0887760269774476,-0.0888981006241783,
0.));
#2400=CARTESIAN_POINT('',(-0.0930357072277854,-0.0913574281633726,-1.19052357245186));
#2401=CARTESIAN_POINT('',(-0.0930357072277854,-0.0913574281633726,0.));
#2402=CARTESIAN_POINT('Origin',(0.0162999999999954,-0.0282324281633556,
-1.2875));
#2403=CARTESIAN_POINT('Ctrl Pts',(-0.0930357072277854,-0.0913574281633726,
-0.003));
#2404=CARTESIAN_POINT('Ctrl Pts',(-0.107974645443067,-0.0999824281633726,
-0.003));
#2405=CARTESIAN_POINT('Ctrl Pts',(-0.124274645443067,-0.07175,-0.003));
#2406=CARTESIAN_POINT('Ctrl Pts',(-0.140574645443067,-0.0435175718366273,
-0.003));
#2407=CARTESIAN_POINT('Ctrl Pts',(-0.125635707227785,-0.0348925718366273,
-0.003));
#2408=CARTESIAN_POINT('Ctrl Pts',(-0.0930357072277854,-0.0913574281633726,
-1.21125040983717));
#2409=CARTESIAN_POINT('Ctrl Pts',(-0.107974645443067,-0.0999824281633726,
-1.21125040983717));
#2410=CARTESIAN_POINT('Ctrl Pts',(-0.124274645443067,-0.07175,-1.21125040983717));
#2411=CARTESIAN_POINT('Ctrl Pts',(-0.140574645443067,-0.0435175718366273,
-1.21125040983717));
#2412=CARTESIAN_POINT('Ctrl Pts',(-0.125635707227785,-0.0348925718366273,
-1.21125040983717));
#2413=CARTESIAN_POINT('',(-0.125635707227785,-0.0348925718366273,-1.19052357245186));
#2414=CARTESIAN_POINT('',(-0.125635707227785,-0.0348925718366273,0.));
#2415=CARTESIAN_POINT('Ctrl Pts',(-0.125635707227785,-0.0348925718366273,
-1.19052357245186));
#2416=CARTESIAN_POINT('Ctrl Pts',(-0.127533777466149,-0.0359884231996874,
-1.19337686862051));
#2417=CARTESIAN_POINT('Ctrl Pts',(-0.129140982940245,-0.0378921893500226,
-1.19635540000985));
#2418=CARTESIAN_POINT('Ctrl Pts',(-0.131144998885618,-0.0429483335309789,
-1.20161065543341));
#2419=CARTESIAN_POINT('Ctrl Pts',(-0.131541707798538,-0.0460992673756541,
-1.20388880746732));
#2420=CARTESIAN_POINT('Ctrl Pts',(-0.131297327598281,-0.0527170607606804,
-1.20747718684887));
#2421=CARTESIAN_POINT('Ctrl Pts',(-0.130556433320511,-0.0566425439100456,
-1.20894659308868));
#2422=CARTESIAN_POINT('Ctrl Pts',(-0.128027246141296,-0.06445605066915,
-1.21082901737494));
#2423=CARTESIAN_POINT('Ctrl Pts',(-0.126241708883609,-0.0683429461792697,
-1.21125040983717));
#2424=CARTESIAN_POINT('Ctrl Pts',(-0.122307582002525,-0.0751570538207302,
-1.21125040983717));
#2425=CARTESIAN_POINT('Ctrl Pts',(-0.119834200377749,-0.0786468222003501,
-1.21082901737494));
#2426=CARTESIAN_POINT('Ctrl Pts',(-0.11433209862133,-0.0847439159280287,
-1.20894659308868));
#2427=CARTESIAN_POINT('Ctrl Pts',(-0.111302977630738,-0.0873482907687791,
-1.20747718684887));
#2428=CARTESIAN_POINT('Ctrl Pts',(-0.105693990542437,-0.0908688269228967,
-1.20388880746732));
#2429=CARTESIAN_POINT('Ctrl Pts',(-0.102766847330844,-0.0921007338487379,
-1.20161065543341));
#2430=CARTESIAN_POINT('Ctrl Pts',(-0.0973860900522525,-0.092893277220934,
-1.19635540000985));
#2431=CARTESIAN_POINT('Ctrl Pts',(-0.0949337774661491,-0.0924532795264327,
-1.19337686862051));
#2432=CARTESIAN_POINT('Ctrl Pts',(-0.0930357072277854,-0.0913574281633726,
-1.19052357245186));
#2433=CARTESIAN_POINT('Origin',(-0.125635707227785,-0.0348925718366273,
0.));
#2434=CARTESIAN_POINT('',(-0.121375924635355,-0.0324331852101981,-1.18443582865014));
#2435=CARTESIAN_POINT('',(-0.121375924635355,-0.0324331852101981,0.));
#2436=CARTESIAN_POINT('Origin',(-0.0162999999999999,0.0282324281633726,
-1.2875));
#2437=CARTESIAN_POINT('Ctrl Pts',(-0.121376026977769,0.0324332442968766,
-0.003));
#2438=CARTESIAN_POINT('Ctrl Pts',(-0.109000039898075,0.0252881330660952,
-0.003));
#2439=CARTESIAN_POINT('Ctrl Pts',(-0.109000000000124,1.04558931514548E-7,
-0.003));
#2440=CARTESIAN_POINT('Ctrl Pts',(-0.108999960102174,-0.0252879239482321,
-0.003));
#2441=CARTESIAN_POINT('Ctrl Pts',(-0.121375924635365,-0.0324331852101795,
-0.003));
#2442=CARTESIAN_POINT('Ctrl Pts',(-0.121376026977769,0.0324332442968766,
-1.18443596777005));
#2443=CARTESIAN_POINT('Ctrl Pts',(-0.109000039898075,0.0252881330660952,
-1.18443596777005));
#2444=CARTESIAN_POINT('Ctrl Pts',(-0.109000000000124,1.04558931514548E-7,
-1.18443596777005));
#2445=CARTESIAN_POINT('Ctrl Pts',(-0.108999960102174,-0.0252879239482321,
-1.18443596777005));
#2446=CARTESIAN_POINT('Ctrl Pts',(-0.121375924635365,-0.0324331852101795,
-1.18443596777005));
#2447=CARTESIAN_POINT('',(-0.121376026977447,0.0324332442974331,-1.18443596776997));
#2448=CARTESIAN_POINT('',(-0.121376026977447,0.0324332442974331,0.));
#2449=CARTESIAN_POINT('',(-0.109000000000042,-1.89359106644318E-18,-1.16697925489779));
#2450=CARTESIAN_POINT('Ctrl Pts',(-0.121376026977682,0.0324332442968264,
-1.18443596777005));
#2451=CARTESIAN_POINT('Ctrl Pts',(-0.120804271280222,0.03210314876352,-1.18365874702389));
#2452=CARTESIAN_POINT('Ctrl Pts',(-0.120243310209071,0.0317159550333648,
-1.18289145632315));
#2453=CARTESIAN_POINT('Ctrl Pts',(-0.117644775072567,0.0296246198417148,
-1.17931842488066));
#2454=CARTESIAN_POINT('Ctrl Pts',(-0.115817384801381,0.0272042416220297,
-1.17674877348236));
#2455=CARTESIAN_POINT('Ctrl Pts',(-0.112693008582838,0.0213984266795162,
-1.17231717439089));
#2456=CARTESIAN_POINT('Ctrl Pts',(-0.111287151074264,0.0174529738634846,
-1.17029193031537));
#2457=CARTESIAN_POINT('Ctrl Pts',(-0.109440738050538,0.00890105204884929,
-1.16762229558435));
#2458=CARTESIAN_POINT('Ctrl Pts',(-0.109000000000042,0.00429420110241914,
-1.16697925489779));
#2459=CARTESIAN_POINT('Ctrl Pts',(-0.109000000000042,-5.46369598732853E-18,
-1.16697925489779));
#2460=CARTESIAN_POINT('Ctrl Pts',(-0.109000000000042,8.19554398099279E-18,
-1.16697925489779));
#2461=CARTESIAN_POINT('Ctrl Pts',(-0.109000000000042,-0.00429420110241914,
-1.16697925489779));
#2462=CARTESIAN_POINT('Ctrl Pts',(-0.109440738050538,-0.00890105204884927,
-1.16762229558435));
#2463=CARTESIAN_POINT('Ctrl Pts',(-0.111287151074264,-0.0174529738634846,
-1.17029193031537));
#2464=CARTESIAN_POINT('Ctrl Pts',(-0.112693008582838,-0.0213984266795162,
-1.17231717439089));
#2465=CARTESIAN_POINT('Ctrl Pts',(-0.115817384801381,-0.0272042416220297,
-1.17674877348236));
#2466=CARTESIAN_POINT('Ctrl Pts',(-0.117644775072567,-0.0296246198417147,
-1.17931842488066));
#2467=CARTESIAN_POINT('Ctrl Pts',(-0.120243277668293,-0.0317159288441193,
-1.18289141157901));
#2468=CARTESIAN_POINT('Ctrl Pts',(-0.12080420433709,-0.0321031025819541,
-1.18365865545986));
#2469=CARTESIAN_POINT('Ctrl Pts',(-0.121375924635363,-0.0324331852101778,
-1.18443582865014));
#2470=CARTESIAN_POINT('Origin',(-0.121376026977447,0.0324332442974331,0.));
#2471=CARTESIAN_POINT('',(-0.125635707227785,0.0348925718366273,-1.19052357245186));
#2472=CARTESIAN_POINT('',(-0.125635707227785,0.0348925718366273,0.));
#2473=CARTESIAN_POINT('Origin',(-0.0162999999999993,-0.028232428163372,
-1.2875));
#2474=CARTESIAN_POINT('Ctrl Pts',(-0.125635707227785,0.0348925718366273,
-0.003));
#2475=CARTESIAN_POINT('Ctrl Pts',(-0.140574645443067,0.0435175718366273,
-0.003));
#2476=CARTESIAN_POINT('Ctrl Pts',(-0.124274645443067,0.07175,-0.003));
#2477=CARTESIAN_POINT('Ctrl Pts',(-0.107974645443067,0.0999824281633727,
-0.003));
#2478=CARTESIAN_POINT('Ctrl Pts',(-0.0930357072277853,0.0913574281633727,
-0.003));
#2479=CARTESIAN_POINT('Ctrl Pts',(-0.125635707227785,0.0348925718366273,
-1.21125040983717));
#2480=CARTESIAN_POINT('Ctrl Pts',(-0.140574645443067,0.0435175718366273,
-1.21125040983717));
#2481=CARTESIAN_POINT('Ctrl Pts',(-0.124274645443067,0.07175,-1.21125040983717));
#2482=CARTESIAN_POINT('Ctrl Pts',(-0.107974645443067,0.0999824281633727,
-1.21125040983717));
#2483=CARTESIAN_POINT('Ctrl Pts',(-0.0930357072277853,0.0913574281633727,
-1.21125040983717));
#2484=CARTESIAN_POINT('',(-0.0930357072277853,0.0913574281633727,-1.19052357245186));
#2485=CARTESIAN_POINT('',(-0.0930357072277853,0.0913574281633727,0.));
#2486=CARTESIAN_POINT('Ctrl Pts',(-0.0930357072277853,0.0913574281633727,
-1.19052357245186));
#2487=CARTESIAN_POINT('Ctrl Pts',(-0.0948357930939377,0.0923967082227602,
-1.193229572473));
#2488=CARTESIAN_POINT('Ctrl Pts',(-0.0971482389032451,0.09285378451943,
-1.19606911714042));
#2489=CARTESIAN_POINT('Ctrl Pts',(-0.102230573276827,0.0922437460192286,
-1.20113326352179));
#2490=CARTESIAN_POINT('Ctrl Pts',(-0.104999468826601,0.0911772183198625,
-1.20335893241784));
#2491=CARTESIAN_POINT('Ctrl Pts',(-0.110629990414578,0.0878855915028366,
-1.20712375719384));
#2492=CARTESIAN_POINT('Ctrl Pts',(-0.113820100444945,0.0852404470077191,
-1.20873054178792));
#2493=CARTESIAN_POINT('Ctrl Pts',(-0.1196128031029,0.0789545353401611,-1.21078927518862));
#2494=CARTESIAN_POINT('Ctrl Pts',(-0.122215374906712,0.0753167611954961,
-1.21125040983717));
#2495=CARTESIAN_POINT('Ctrl Pts',(-0.126333915979422,0.0681832388045039,
-1.21125040983717));
#2496=CARTESIAN_POINT('Ctrl Pts',(-0.128183034900026,0.0641104584348971,
-1.21078927518862));
#2497=CARTESIAN_POINT('Ctrl Pts',(-0.130730442761098,0.0559508749427593,
-1.20873054178792));
#2498=CARTESIAN_POINT('Ctrl Pts',(-0.131426150075367,0.051865586368035,
-1.20712375719384));
#2499=CARTESIAN_POINT('Ctrl Pts',(-0.131461521724701,0.0453435982277776,
-1.20335893241784));
#2500=CARTESIAN_POINT('Ctrl Pts',(-0.131000714031305,0.0424124004915648,
-1.20113326352179));
#2501=CARTESIAN_POINT('Ctrl Pts',(-0.128987855682975,0.037705950563415,
-1.19606911714042));
#2502=CARTESIAN_POINT('Ctrl Pts',(-0.127435793093938,0.0359318518960148,
-1.193229572473));
#2503=CARTESIAN_POINT('Ctrl Pts',(-0.125635707227785,0.0348925718366273,
-1.19052357245186));
#2504=CARTESIAN_POINT('Origin',(1.75723207702678E-17,0.,0.01));
#2505=CARTESIAN_POINT('',(0.0803039694646626,-9.83439991637258E-18,0.0189999999999999));
#2506=CARTESIAN_POINT('Origin',(0.0803039694646626,-9.83439991637258E-18,
0.00999999999999986));
#2507=CARTESIAN_POINT('Origin',(3.33874094635087E-17,0.,0.019));
#2508=CARTESIAN_POINT('Origin',(-0.0879906956338338,0.,0.0190000000000002));
#2509=CARTESIAN_POINT('Origin',(0.,0.,-1.2875));
#2510=CARTESIAN_POINT('',(-0.0326,0.12625,-1.19052357245186));
#2511=CARTESIAN_POINT('',(-0.0325999999999999,0.121331344921611,-1.18443596776997));
#2512=CARTESIAN_POINT('Origin',(-0.0325999999999989,-2.89699499311519E-16,
-1.2875));
#2513=CARTESIAN_POINT('',(0.0326,0.12625,-1.19052357245186));
#2514=CARTESIAN_POINT('Ctrl Pts',(0.0326,0.12625,-1.19052357245186));
#2515=CARTESIAN_POINT('Ctrl Pts',(0.0326,0.128328560118775,-1.193229572473));
#2516=CARTESIAN_POINT('Ctrl Pts',(0.0318396167797301,0.130559735082845,
-1.19606911714042));
#2517=CARTESIAN_POINT('Ctrl Pts',(0.028770140754478,0.134656146510793,-1.20113326352179));
#2518=CARTESIAN_POINT('Ctrl Pts',(0.0264620528981002,0.13652081654764,-1.20335893241784));
#2519=CARTESIAN_POINT('Ctrl Pts',(0.0207961596607894,0.139751177870872,
-1.20712375719384));
#2520=CARTESIAN_POINT('Ctrl Pts',(0.0169103423161534,0.141191321950478,
-1.20873054178792));
#2521=CARTESIAN_POINT('Ctrl Pts',(0.00857023179712564,0.143064993775058,
-1.21078927518862));
#2522=CARTESIAN_POINT('Ctrl Pts',(0.00411854107270953,0.1435,-1.21125040983717));
#2523=CARTESIAN_POINT('Ctrl Pts',(-0.00393412688108436,0.1435,-1.21125040983717));
#2524=CARTESIAN_POINT('Ctrl Pts',(-0.00819304576354682,0.1431028728695,
-1.21082901737494));
#2525=CARTESIAN_POINT('Ctrl Pts',(-0.0162243346991804,0.141386459838074,
-1.20894659308868));
#2526=CARTESIAN_POINT('Ctrl Pts',(-0.0199943499675437,0.14006535152946,
-1.20747718684887));
#2527=CARTESIAN_POINT('Ctrl Pts',(-0.0258477172561015,0.136968094298551,
-1.20388880746732));
#2528=CARTESIAN_POINT('Ctrl Pts',(-0.0283781515547744,0.135049067379717,
-1.20161065543341));
#2529=CARTESIAN_POINT('Ctrl Pts',(-0.031754892887993,0.130785466570957,
-1.19635540000985));
#2530=CARTESIAN_POINT('Ctrl Pts',(-0.0326,0.12844170272612,-1.19337686862051));
#2531=CARTESIAN_POINT('Ctrl Pts',(-0.0326,0.12625,-1.19052357245186));
#2532=CARTESIAN_POINT('',(0.0326,0.121331226747142,-1.18443582865014));
#2533=CARTESIAN_POINT('Origin',(0.0326,0.,-1.2875));
#2534=CARTESIAN_POINT('',(0.0887760269774476,0.0888981006241783,-1.18443596776997));
#2535=CARTESIAN_POINT('Ctrl Pts',(0.0887760269770394,0.0888981006246847,
-1.18443596777005));
#2536=CARTESIAN_POINT('Ctrl Pts',(0.0881264168117327,0.0885230391898744,
-1.18355290452517));
#2537=CARTESIAN_POINT('Ctrl Pts',(0.0874198559704045,0.0881968967475968,
-1.18268259608029));
#2538=CARTESIAN_POINT('Ctrl Pts',(0.0840808373084337,0.0869769961338594,
-1.17892888222565));
#2539=CARTESIAN_POINT('Ctrl Pts',(0.080912999115736,0.0866532343112941,
-1.17630225779352));
#2540=CARTESIAN_POINT('Ctrl Pts',(0.0742474580754117,0.0869990362272009,
-1.17199253536576));
#2541=CARTESIAN_POINT('Ctrl Pts',(0.0702420152119953,0.0877857156620743,
-1.17008780935093));
#2542=CARTESIAN_POINT('Ctrl Pts',(0.0621664730716603,0.0904466608435519,
-1.16758075110597));
#2543=CARTESIAN_POINT('Ctrl Pts',(0.0580960104301114,0.0923206114227187,
-1.16697925489779));
#2544=CARTESIAN_POINT('Ctrl Pts',(0.0507811127563668,0.0965438695637497,
-1.16697925489779));
#2545=CARTESIAN_POINT('Ctrl Pts',(0.0470118318305582,0.099228985385109,
-1.16762229558435));
#2546=CARTESIAN_POINT('Ctrl Pts',(0.0405288567997685,0.105103986876852,
-1.17029193031537));
#2547=CARTESIAN_POINT('Ctrl Pts',(0.0378149231859395,0.108294221601394,
-1.17231717439089));
#2548=CARTESIAN_POINT('Ctrl Pts',(0.0343491280653226,0.113902918248888,
-1.17674877348236));
#2549=CARTESIAN_POINT('Ctrl Pts',(0.0331667141759022,0.116695673756207,
-1.17931842488066));
#2550=CARTESIAN_POINT('Ctrl Pts',(0.0326548387505196,0.119991697517108,
-1.18289141157901));
#2551=CARTESIAN_POINT('Ctrl Pts',(0.0325999997922749,0.120671061130863,
-1.18365865545986));
#2552=CARTESIAN_POINT('Ctrl Pts',(0.0326000000000215,0.121331226747138,
-1.18443582865014));
#2553=CARTESIAN_POINT('',(0.0930357072277854,0.0913574281633726,-1.19052357245186));
#2554=CARTESIAN_POINT('Origin',(-0.0162999999999996,0.0282324281633713,
-1.2875));
#2555=CARTESIAN_POINT('',(0.125635707227785,0.0348925718366272,-1.19052357245186));
#2556=CARTESIAN_POINT('Ctrl Pts',(0.125635707227785,0.0348925718366272,
-1.19052357245186));
#2557=CARTESIAN_POINT('Ctrl Pts',(0.127533777466149,0.0359884231996873,
-1.19337686862051));
#2558=CARTESIAN_POINT('Ctrl Pts',(0.129140982940245,0.0378921893500225,
-1.19635540000985));
#2559=CARTESIAN_POINT('Ctrl Pts',(0.131144998885618,0.0429483335309788,
-1.20161065543341));
#2560=CARTESIAN_POINT('Ctrl Pts',(0.131541707798538,0.046099267375654,-1.20388880746732));
#2561=CARTESIAN_POINT('Ctrl Pts',(0.131297327598281,0.0527170607606803,
-1.20747718684887));
#2562=CARTESIAN_POINT('Ctrl Pts',(0.130556433320511,0.0566425439100455,
-1.20894659308868));
#2563=CARTESIAN_POINT('Ctrl Pts',(0.128027246141296,0.0644560506691499,
-1.21082901737494));
#2564=CARTESIAN_POINT('Ctrl Pts',(0.126241708883609,0.0683429461792696,
-1.21125040983717));
#2565=CARTESIAN_POINT('Ctrl Pts',(0.122307582002525,0.0751570538207302,
-1.21125040983717));
#2566=CARTESIAN_POINT('Ctrl Pts',(0.119834200377749,0.07864682220035,-1.21082901737494));
#2567=CARTESIAN_POINT('Ctrl Pts',(0.114332098621331,0.0847439159280286,
-1.20894659308868));
#2568=CARTESIAN_POINT('Ctrl Pts',(0.111302977630738,0.087348290768779,-1.20747718684887));
#2569=CARTESIAN_POINT('Ctrl Pts',(0.105693990542437,0.0908688269228966,
-1.20388880746732));
#2570=CARTESIAN_POINT('Ctrl Pts',(0.102766847330844,0.0921007338487378,
-1.20161065543341));
#2571=CARTESIAN_POINT('Ctrl Pts',(0.0973860900522527,0.092893277220934,
-1.19635540000985));
#2572=CARTESIAN_POINT('Ctrl Pts',(0.0949337774661492,0.0924532795264327,
-1.19337686862051));
#2573=CARTESIAN_POINT('Ctrl Pts',(0.0930357072277854,0.0913574281633726,
-1.19052357245186));
#2574=CARTESIAN_POINT('',(0.121375924635355,0.032433185210198,-1.18443582865014));
#2575=CARTESIAN_POINT('Origin',(0.0163000000000004,-0.0282324281633732,
-1.2875));
#2576=CARTESIAN_POINT('',(0.121376026977447,-0.0324332442974331,-1.18443596776997));
#2577=CARTESIAN_POINT('Ctrl Pts',(0.121376026977682,-0.0324332442968264,
-1.18443596777005));
#2578=CARTESIAN_POINT('Ctrl Pts',(0.120804271280222,-0.0321031487635199,
-1.18365874702389));
#2579=CARTESIAN_POINT('Ctrl Pts',(0.120243310209071,-0.0317159550333649,
-1.18289145632315));
#2580=CARTESIAN_POINT('Ctrl Pts',(0.117644775072567,-0.0296246198417148,
-1.17931842488066));
#2581=CARTESIAN_POINT('Ctrl Pts',(0.115817384801381,-0.0272042416220297,
-1.17674877348236));
#2582=CARTESIAN_POINT('Ctrl Pts',(0.112693008582838,-0.0213984266795162,
-1.17231717439089));
#2583=CARTESIAN_POINT('Ctrl Pts',(0.111287151074264,-0.0174529738634846,
-1.17029193031537));
#2584=CARTESIAN_POINT('Ctrl Pts',(0.109440738050538,-0.00890105204884926,
-1.16762229558435));
#2585=CARTESIAN_POINT('Ctrl Pts',(0.109000000000042,-0.00429420110241913,
-1.16697925489779));
#2586=CARTESIAN_POINT('Ctrl Pts',(0.109000000000042,0.00429420110241917,
-1.16697925489779));
#2587=CARTESIAN_POINT('Ctrl Pts',(0.109440738050538,0.00890105204884929,
-1.16762229558435));
#2588=CARTESIAN_POINT('Ctrl Pts',(0.111287151074264,0.0174529738634846,
-1.17029193031537));
#2589=CARTESIAN_POINT('Ctrl Pts',(0.112693008582838,0.0213984266795162,
-1.17231717439089));
#2590=CARTESIAN_POINT('Ctrl Pts',(0.115817384801381,0.0272042416220297,
-1.17674877348236));
#2591=CARTESIAN_POINT('Ctrl Pts',(0.117644775072567,0.0296246198417148,
-1.17931842488066));
#2592=CARTESIAN_POINT('Ctrl Pts',(0.120243277668293,0.0317159288441193,
-1.18289141157901));
#2593=CARTESIAN_POINT('Ctrl Pts',(0.12080420433709,0.0321031025819542,-1.18365865545986));
#2594=CARTESIAN_POINT('Ctrl Pts',(0.121375924635363,0.0324331852101778,
-1.18443582865014));
#2595=CARTESIAN_POINT('',(0.125635707227787,-0.0348925718366249,-1.19052357245186));
#2596=CARTESIAN_POINT('Origin',(0.0162999999999934,0.028232428163366,-1.2875));
#2597=CARTESIAN_POINT('Ctrl Pts',(0.0930357072277839,-0.0913574281633751,
-1.19052357245186));
#2598=CARTESIAN_POINT('Ctrl Pts',(0.0948357930939357,-0.0923967082227623,
-1.193229572473));
#2599=CARTESIAN_POINT('Ctrl Pts',(0.0971482389032428,-0.092853784519432,
-1.19606911714042));
#2600=CARTESIAN_POINT('Ctrl Pts',(0.102230573276824,-0.0922437460192303,
-1.20113326352179));
#2601=CARTESIAN_POINT('Ctrl Pts',(0.104999468826597,-0.0911772183198641,
-1.20335893241784));
#2602=CARTESIAN_POINT('Ctrl Pts',(0.110629990414574,-0.0878855915028378,
-1.20712375719384));
#2603=CARTESIAN_POINT('Ctrl Pts',(0.113820100444942,-0.0852404470077197,
-1.20873054178792));
#2604=CARTESIAN_POINT('Ctrl Pts',(0.119612803102897,-0.0789545353401606,
-1.21078927518862));
#2605=CARTESIAN_POINT('Ctrl Pts',(0.122215374906709,-0.0753167611954951,
-1.21125040983716));
#2606=CARTESIAN_POINT('Ctrl Pts',(0.126241708883607,-0.0683429461792683,
-1.21125040983716));
#2607=CARTESIAN_POINT('Ctrl Pts',(0.128027246141293,-0.0644560506691485,
-1.21082901737494));
#2608=CARTESIAN_POINT('Ctrl Pts',(0.130556433320509,-0.0566425439100437,
-1.20894659308867));
#2609=CARTESIAN_POINT('Ctrl Pts',(0.13129732759828,-0.0527170607606782,
-1.20747718684887));
#2610=CARTESIAN_POINT('Ctrl Pts',(0.131541707798538,-0.0460992673756516,
-1.20388880746731));
#2611=CARTESIAN_POINT('Ctrl Pts',(0.131144998885618,-0.0429483335309763,
-1.20161065543341));
#2612=CARTESIAN_POINT('Ctrl Pts',(0.129140982940246,-0.03789218935002,-1.19635540000985));
#2613=CARTESIAN_POINT('Ctrl Pts',(0.12753377746615,-0.0359884231996849,
-1.19337686862051));
#2614=CARTESIAN_POINT('Ctrl Pts',(0.125635707227787,-0.0348925718366249,
-1.19052357245186));
#2615=CARTESIAN_POINT('',(-0.1625,-1.99005104861445E-17,-1.2875));
#2616=CARTESIAN_POINT('Origin',(0.,0.,-1.2875));
#2617=CARTESIAN_POINT('Origin',(0.,0.,-1.2875));
#2618=CARTESIAN_POINT('',(-0.0887759246353547,0.0888980415369436,-1.18443582865014));
#2619=CARTESIAN_POINT('Origin',(0.0163,0.0282324281633727,-1.2875));
#2620=CARTESIAN_POINT('Ctrl Pts',(-0.0326000000006425,0.121331344921511,
-1.18443596777005));
#2621=CARTESIAN_POINT('Ctrl Pts',(-0.0325999932694316,0.120671142196099,
-1.18365874702389));
#2622=CARTESIAN_POINT('Ctrl Pts',(-0.0326548323403567,0.119991738792871,
-1.18289145632315));
#2623=CARTESIAN_POINT('Ctrl Pts',(-0.0331667141759021,0.116695673756207,
-1.17931842488066));
#2624=CARTESIAN_POINT('Ctrl Pts',(-0.0343491280653226,0.113902918248888,
-1.17674877348236));
#2625=CARTESIAN_POINT('Ctrl Pts',(-0.0378149231859394,0.108294221601394,
-1.17231717439089));
#2626=CARTESIAN_POINT('Ctrl Pts',(-0.0405288567997685,0.105103986876852,
-1.17029193031537));
#2627=CARTESIAN_POINT('Ctrl Pts',(-0.0470118318305581,0.099228985385109,
-1.16762229558435));
#2628=CARTESIAN_POINT('Ctrl Pts',(-0.0507811127563668,0.0965438695637497,
-1.16697925489779));
#2629=CARTESIAN_POINT('Ctrl Pts',(-0.0580960104301113,0.0923206114227187,
-1.16697925489779));
#2630=CARTESIAN_POINT('Ctrl Pts',(-0.0621664730716603,0.090446660843552,
-1.16758075110597));
#2631=CARTESIAN_POINT('Ctrl Pts',(-0.0702420152119953,0.0877857156620744,
-1.17008780935093));
#2632=CARTESIAN_POINT('Ctrl Pts',(-0.0742474580754116,0.0869990362272009,
-1.17199253536576));
#2633=CARTESIAN_POINT('Ctrl Pts',(-0.080912999115736,0.0866532343112942,
-1.17630225779352));
#2634=CARTESIAN_POINT('Ctrl Pts',(-0.0840808373084336,0.0869769961338595,
-1.17892888222565));
#2635=CARTESIAN_POINT('Ctrl Pts',(-0.0874198163964335,0.0881968822893633,
-1.18268255159136));
#2636=CARTESIAN_POINT('Ctrl Pts',(-0.0881263426260023,0.0885230049164533,
-1.1835528131135));
#2637=CARTESIAN_POINT('Ctrl Pts',(-0.088775924635341,0.0888980415369606,
-1.18443582865014));
#2638=CARTESIAN_POINT('Origin',(0.,0.,-1.64375));
#2639=CARTESIAN_POINT('',(-0.1625,-1.99005104861445E-17,-2.));
#2640=CARTESIAN_POINT('',(-0.1625,-1.99005104861445E-17,-1.64375));
#2641=CARTESIAN_POINT('Origin',(0.,0.,-2.));
#2642=CARTESIAN_POINT('Ctrl Pts',(0.125635707227787,-0.0348925718366249,
-0.003));
#2643=CARTESIAN_POINT('Ctrl Pts',(0.140574645443066,-0.0435175718366235,
-0.003));
#2644=CARTESIAN_POINT('Ctrl Pts',(0.124274645443064,-0.0717499999999986,
-0.003));
#2645=CARTESIAN_POINT('Ctrl Pts',(0.107974645443063,-0.0999824281633737,
-0.003));
#2646=CARTESIAN_POINT('Ctrl Pts',(0.0930357072277839,-0.0913574281633751,
-0.003));
#2647=CARTESIAN_POINT('Ctrl Pts',(0.125635707227787,-0.0348925718366249,
-1.21125040983716));
#2648=CARTESIAN_POINT('Ctrl Pts',(0.140574645443066,-0.0435175718366235,
-1.21125040983716));
#2649=CARTESIAN_POINT('Ctrl Pts',(0.124274645443064,-0.0717499999999986,
-1.21125040983716));
#2650=CARTESIAN_POINT('Ctrl Pts',(0.107974645443063,-0.0999824281633737,
-1.21125040983716));
#2651=CARTESIAN_POINT('Ctrl Pts',(0.0930357072277839,-0.0913574281633751,
-1.21125040983716));
#2652=CARTESIAN_POINT('',(0.125635707227787,-0.0348925718366249,0.));
#2653=CARTESIAN_POINT('Origin',(0.121376026977447,-0.0324332442974331,0.));
#2654=CARTESIAN_POINT('',(0.121376026977447,-0.0324332442974331,0.));
#2655=CARTESIAN_POINT('Ctrl Pts',(0.121376026977769,-0.0324332442968765,
-0.003));
#2656=CARTESIAN_POINT('Ctrl Pts',(0.109000039898075,-0.0252881330660952,
-0.003));
#2657=CARTESIAN_POINT('Ctrl Pts',(0.109000000000124,-1.04558931542104E-7,
-0.003));
#2658=CARTESIAN_POINT('Ctrl Pts',(0.108999960102174,0.0252879239482321,
-0.003));
#2659=CARTESIAN_POINT('Ctrl Pts',(0.121375924635365,0.0324331852101795,
-0.003));
#2660=CARTESIAN_POINT('Ctrl Pts',(0.121376026977769,-0.0324332442968765,
-1.18443596777005));
#2661=CARTESIAN_POINT('Ctrl Pts',(0.109000039898075,-0.0252881330660952,
-1.18443596777005));
#2662=CARTESIAN_POINT('Ctrl Pts',(0.109000000000124,-1.04558931542104E-7,
-1.18443596777005));
#2663=CARTESIAN_POINT('Ctrl Pts',(0.108999960102174,0.0252879239482321,
-1.18443596777005));
#2664=CARTESIAN_POINT('Ctrl Pts',(0.121375924635365,0.0324331852101795,
-1.18443596777005));
#2665=CARTESIAN_POINT('',(0.121375924635355,0.032433185210198,0.));
#2666=CARTESIAN_POINT('Origin',(0.125635707227785,0.0348925718366272,0.));
#2667=CARTESIAN_POINT('',(0.125635707227785,0.0348925718366272,0.));
#2668=CARTESIAN_POINT('Ctrl Pts',(0.0930357072277854,0.0913574281633726,
-0.003));
#2669=CARTESIAN_POINT('Ctrl Pts',(0.107974645443067,0.0999824281633726,
-0.003));
#2670=CARTESIAN_POINT('Ctrl Pts',(0.124274645443067,0.0717499999999999,
-0.003));
#2671=CARTESIAN_POINT('Ctrl Pts',(0.140574645443067,0.0435175718366272,
-0.003));
#2672=CARTESIAN_POINT('Ctrl Pts',(0.125635707227785,0.0348925718366272,
-0.003));
#2673=CARTESIAN_POINT('Ctrl Pts',(0.0930357072277854,0.0913574281633726,
-1.21125040983717));
#2674=CARTESIAN_POINT('Ctrl Pts',(0.107974645443067,0.0999824281633726,
-1.21125040983717));
#2675=CARTESIAN_POINT('Ctrl Pts',(0.124274645443067,0.0717499999999999,
-1.21125040983717));
#2676=CARTESIAN_POINT('Ctrl Pts',(0.140574645443067,0.0435175718366272,
-1.21125040983717));
#2677=CARTESIAN_POINT('Ctrl Pts',(0.125635707227785,0.0348925718366272,
-1.21125040983717));
#2678=CARTESIAN_POINT('',(0.0930357072277854,0.0913574281633726,0.));
#2679=CARTESIAN_POINT('Origin',(0.0887760269774476,0.0888981006241783,0.));
#2680=CARTESIAN_POINT('',(0.0887760269774476,0.0888981006241783,0.));
#2681=CARTESIAN_POINT('Ctrl Pts',(0.0887760269771263,0.0888981006247349,
-0.003));
#2682=CARTESIAN_POINT('Ctrl Pts',(0.0764001855985574,0.0817527370322029,
-0.003));
#2683=CARTESIAN_POINT('Ctrl Pts',(0.0545000905507531,0.0943967167331457,
-0.003));
#2684=CARTESIAN_POINT('Ctrl Pts',(0.0325999955029489,0.107040696434089,
-0.003));
#2685=CARTESIAN_POINT('Ctrl Pts',(0.0326000000000215,0.121331226747142,
-0.003));
#2686=CARTESIAN_POINT('Ctrl Pts',(0.0887760269771263,0.0888981006247349,
-1.18443596777005));
#2687=CARTESIAN_POINT('Ctrl Pts',(0.0764001855985574,0.0817527370322029,
-1.18443596777005));
#2688=CARTESIAN_POINT('Ctrl Pts',(0.0545000905507531,0.0943967167331457,
-1.18443596777005));
#2689=CARTESIAN_POINT('Ctrl Pts',(0.0325999955029489,0.107040696434089,
-1.18443596777005));
#2690=CARTESIAN_POINT('Ctrl Pts',(0.0326000000000215,0.121331226747142,
-1.18443596777005));
#2691=CARTESIAN_POINT('',(0.0326,0.121331226747142,0.));
#2692=CARTESIAN_POINT('Origin',(0.0326,0.12625,0.));
#2693=CARTESIAN_POINT('',(0.0326,0.12625,0.));
#2694=CARTESIAN_POINT('Ctrl Pts',(-0.0326,0.12625,-0.003));
#2695=CARTESIAN_POINT('Ctrl Pts',(-0.0326,0.1435,-0.003));
#2696=CARTESIAN_POINT('Ctrl Pts',(-4.73655635492717E-18,0.1435,-0.003));
#2697=CARTESIAN_POINT('Ctrl Pts',(0.0326,0.1435,-0.003));
#2698=CARTESIAN_POINT('Ctrl Pts',(0.0326,0.12625,-0.003));
#2699=CARTESIAN_POINT('Ctrl Pts',(-0.0326,0.12625,-1.21125040983717));
#2700=CARTESIAN_POINT('Ctrl Pts',(-0.0326,0.1435,-1.21125040983717));
#2701=CARTESIAN_POINT('Ctrl Pts',(-4.73655635492717E-18,0.1435,-1.21125040983717));
#2702=CARTESIAN_POINT('Ctrl Pts',(0.0326,0.1435,-1.21125040983717));
#2703=CARTESIAN_POINT('Ctrl Pts',(0.0326,0.12625,-1.21125040983717));
#2704=CARTESIAN_POINT('',(-0.0326,0.12625,0.));
#2705=CARTESIAN_POINT('Origin',(-0.0325999999999999,0.121331344921611,0.));
#2706=CARTESIAN_POINT('',(-0.0325999999999999,0.121331344921611,0.));
#2707=CARTESIAN_POINT('Ctrl Pts',(-0.0326000000006425,0.121331344921611,
-0.003));
#2708=CARTESIAN_POINT('Ctrl Pts',(-0.0325998542995179,0.107040870098298,
-0.003));
#2709=CARTESIAN_POINT('Ctrl Pts',(-0.0544999094493713,0.0943968212920773,
-0.003));
#2710=CARTESIAN_POINT('Ctrl Pts',(-0.0763999645992247,0.0817527724858565,
-0.003));
#2711=CARTESIAN_POINT('Ctrl Pts',(-0.0887759246353439,0.0888980415369622,
-0.003));
#2712=CARTESIAN_POINT('Ctrl Pts',(-0.0326000000006425,0.121331344921611,
-1.18443596777005));
#2713=CARTESIAN_POINT('Ctrl Pts',(-0.0325998542995179,0.107040870098298,
-1.18443596777005));
#2714=CARTESIAN_POINT('Ctrl Pts',(-0.0544999094493713,0.0943968212920773,
-1.18443596777005));
#2715=CARTESIAN_POINT('Ctrl Pts',(-0.0763999645992247,0.0817527724858565,
-1.18443596777005));
#2716=CARTESIAN_POINT('Ctrl Pts',(-0.0887759246353439,0.0888980415369622,
-1.18443596777005));
#2717=CARTESIAN_POINT('',(-0.0887759246353547,0.0888980415369436,0.));
#2718=CARTESIAN_POINT('Origin',(-0.0930357072277853,0.0913574281633727,
0.));
#2719=CARTESIAN_POINT('Origin',(0.,0.12625,-2.));
#2720=UNCERTAINTY_MEASURE_WITH_UNIT(LENGTH_MEASURE(0.000393700787401575),
#2725,'DISTANCE_ACCURACY_VALUE',
'Maximum model space distance between geometric entities at asserted c
onnectivities');
#2721=UNCERTAINTY_MEASURE_WITH_UNIT(LENGTH_MEASURE(0.000393700787401575),
#2725,'DISTANCE_ACCURACY_VALUE',
'Maximum model space distance between geometric entities at asserted c
onnectivities');
#2722=(
GEOMETRIC_REPRESENTATION_CONTEXT(3)
GLOBAL_UNCERTAINTY_ASSIGNED_CONTEXT((#2720))
GLOBAL_UNIT_ASSIGNED_CONTEXT((#2725,#2729,#2730))
REPRESENTATION_CONTEXT('','3D')
);
#2723=(
GEOMETRIC_REPRESENTATION_CONTEXT(3)
GLOBAL_UNCERTAINTY_ASSIGNED_CONTEXT((#2721))
GLOBAL_UNIT_ASSIGNED_CONTEXT((#2725,#2729,#2730))
REPRESENTATION_CONTEXT('','3D')
);
#2724=DIMENSIONAL_EXPONENTS(1.,0.,0.,0.,0.,0.,0.);
#2725=(
CONVERSION_BASED_UNIT('inch',#2728)
LENGTH_UNIT()
NAMED_UNIT(#2724)
);
#2726=(
LENGTH_UNIT()
NAMED_UNIT(*)
SI_UNIT(.MILLI.,.METRE.)
);
#2727=(
LENGTH_UNIT()
NAMED_UNIT(*)
SI_UNIT($,.METRE.)
);
#2728=LENGTH_MEASURE_WITH_UNIT(LENGTH_MEASURE(25.4),#2726);
#2729=(
NAMED_UNIT(*)
PLANE_ANGLE_UNIT()
SI_UNIT($,.RADIAN.)
);
#2730=(
NAMED_UNIT(*)
SI_UNIT($,.STERADIAN.)
SOLID_ANGLE_UNIT()
);
#2731=SHAPE_DEFINITION_REPRESENTATION(#2732,#2733);
#2732=PRODUCT_DEFINITION_SHAPE('',$,#2735);
#2733=SHAPE_REPRESENTATION('',(#911),#2722);
#2734=PRODUCT_DEFINITION_CONTEXT('part definition',#2739,'design');
#2735=PRODUCT_DEFINITION('9106018H-E8 6 LOBE PLUS',
'9106018H-E8 6 LOBE PLUS v6',#2736,#2734);
#2736=PRODUCT_DEFINITION_FORMATION('',$,#2741);
#2737=PRODUCT_RELATED_PRODUCT_CATEGORY('9106018H-E8 6 LOBE PLUS v6',
'9106018H-E8 6 LOBE PLUS v6',(#2741));
#2738=APPLICATION_PROTOCOL_DEFINITION('international standard',
'automotive_design',2009,#2739);
#2739=APPLICATION_CONTEXT(
'Core Data for Automotive Mechanical Design Process');
#2740=PRODUCT_CONTEXT('part definition',#2739,'mechanical');
#2741=PRODUCT('9106018H-E8 6 LOBE PLUS','9106018H-E8 6 LOBE PLUS v6',$,
(#2740));
#2742=PRESENTATION_STYLE_ASSIGNMENT((#2743));
#2743=SURFACE_STYLE_USAGE(.BOTH.,#2744);
#2744=SURFACE_SIDE_STYLE('',(#2745));
#2745=SURFACE_STYLE_FILL_AREA(#2746);
#2746=FILL_AREA_STYLE('Steel - Satin',(#2747));
#2747=FILL_AREA_STYLE_COLOUR('Steel - Satin',#2748);
#2748=COLOUR_RGB('Steel - Satin',0.627450980392157,0.627450980392157,0.627450980392157);
ENDSEC;
END-ISO-10303-21;
