ISO-10303-21;
HEADER;
/* Generated by software containing ST-Developer
 * from STEP Tools, Inc. (www.steptools.com) 
 */

FILE_DESCRIPTION(
/* description */ (''),
/* implementation_level */ '2;1');

FILE_NAME(
/* name */ 'B0762-87-01 GROOVE.step',
/* time_stamp */ '2026-01-07T10:39:47-06:00',
/* author */ (''),
/* organization */ (''),
/* preprocessor_version */ 'ST-DEVELOPER v20.1',
/* originating_system */ 'Autodesk Translation Framework v14.24.0.0',
/* authorisation */ '');

FILE_SCHEMA (('AUTOMOTIVE_DESIGN { 1 0 10303 214 3 1 1 }'));
ENDSEC;

DATA;
#10=MECHANICAL_DESIGN_GEOMETRIC_PRESENTATION_REPRESENTATION('',(#13),#1615);
#11=SHAPE_REPRESENTATION_RELATIONSHIP('SRR','None',#1625,#12);
#12=ADVANCED_BREP_SHAPE_REPRESENTATION('',(#549),#1614);
#13=STYLED_ITEM('',(#1635),#549);
#14=B_SPLINE_SURFACE_WITH_KNOTS('',3,3,((#1115,#1116,#1117,#1118,#1119,
#1120,#1121,#1122,#1123,#1124),(#1125,#1126,#1127,#1128,#1129,#1130,#1131,
#1132,#1133,#1134),(#1135,#1136,#1137,#1138,#1139,#1140,#1141,#1142,#1143,
#1144),(#1145,#1146,#1147,#1148,#1149,#1150,#1151,#1152,#1153,#1154),(#1155,
#1156,#1157,#1158,#1159,#1160,#1161,#1162,#1163,#1164),(#1165,#1166,#1167,
#1168,#1169,#1170,#1171,#1172,#1173,#1174),(#1175,#1176,#1177,#1178,#1179,
#1180,#1181,#1182,#1183,#1184),(#1185,#1186,#1187,#1188,#1189,#1190,#1191,
#1192,#1193,#1194),(#1195,#1196,#1197,#1198,#1199,#1200,#1201,#1202,#1203,
#1204),(#1205,#1206,#1207,#1208,#1209,#1210,#1211,#1212,#1213,#1214),(#1215,
#1216,#1217,#1218,#1219,#1220,#1221,#1222,#1223,#1224),(#1225,#1226,#1227,
#1228,#1229,#1230,#1231,#1232,#1233,#1234),(#1235,#1236,#1237,#1238,#1239,
#1240,#1241,#1242,#1243,#1244),(#1245,#1246,#1247,#1248,#1249,#1250,#1251,
#1252,#1253,#1254),(#1255,#1256,#1257,#1258,#1259,#1260,#1261,#1262,#1263,
#1264),(#1265,#1266,#1267,#1268,#1269,#1270,#1271,#1272,#1273,#1274),(#1275,
#1276,#1277,#1278,#1279,#1280,#1281,#1282,#1283,#1284),(#1285,#1286,#1287,
#1288,#1289,#1290,#1291,#1292,#1293,#1294),(#1295,#1296,#1297,#1298,#1299,
#1300,#1301,#1302,#1303,#1304),(#1305,#1306,#1307,#1308,#1309,#1310,#1311,
#1312,#1313,#1314),(#1315,#1316,#1317,#1318,#1319,#1320,#1321,#1322,#1323,
#1324),(#1325,#1326,#1327,#1328,#1329,#1330,#1331,#1332,#1333,#1334),(#1335,
#1336,#1337,#1338,#1339,#1340,#1341,#1342,#1343,#1344),(#1345,#1346,#1347,
#1348,#1349,#1350,#1351,#1352,#1353,#1354),(#1355,#1356,#1357,#1358,#1359,
#1360,#1361,#1362,#1363,#1364),(#1365,#1366,#1367,#1368,#1369,#1370,#1371,
#1372,#1373,#1374),(#1375,#1376,#1377,#1378,#1379,#1380,#1381,#1382,#1383,
#1384),(#1385,#1386,#1387,#1388,#1389,#1390,#1391,#1392,#1393,#1394),(#1395,
#1396,#1397,#1398,#1399,#1400,#1401,#1402,#1403,#1404),(#1405,#1406,#1407,
#1408,#1409,#1410,#1411,#1412,#1413,#1414),(#1415,#1416,#1417,#1418,#1419,
#1420,#1421,#1422,#1423,#1424),(#1425,#1426,#1427,#1428,#1429,#1430,#1431,
#1432,#1433,#1434)),.UNSPECIFIED.,.F.,.F.,.F.,(4,1,1,1,1,1,1,1,1,1,1,1,
1,1,1,1,1,1,1,1,1,1,1,1,1,1,1,1,1,4),(4,1,1,1,1,1,1,4),(5.8778195499E-5,
0.035768865469111,0.071478952742724,0.107189040016336,0.125044083653142,
0.142899127289948,0.190512576988098,0.285739476384397,0.333352926082547,
0.357159650931622,0.380966375780697,0.404773100629771,0.428579825478846,
0.476193275176996,0.523806724875146,0.571420174573295,0.59522689942237,
0.619033624271445,0.64284034912052,0.666647073969595,0.678550436394132,
0.714260523667744,0.785680698214969,0.821390785488581,0.857100872762193,
0.874955916399,0.892810960035806,0.928521047309418,0.96423113458303,0.99994128866645),
(-4.98256266332019,-4.45667980929581,-3.93079695527142,-3.40491410124704,
-2.87903124722265,-2.35314839319827,-1.82726553917388,-1.3013826851495),
 .UNSPECIFIED.);
#15=B_SPLINE_SURFACE_WITH_KNOTS('',3,3,((#1543,#1544,#1545,#1546,#1547,
#1548,#1549),(#1550,#1551,#1552,#1553,#1554,#1555,#1556),(#1557,#1558,#1559,
#1560,#1561,#1562,#1563),(#1564,#1565,#1566,#1567,#1568,#1569,#1570),(#1571,
#1572,#1573,#1574,#1575,#1576,#1577),(#1578,#1579,#1580,#1581,#1582,#1583,
#1584),(#1585,#1586,#1587,#1588,#1589,#1590,#1591)),.UNSPECIFIED.,.F.,.F.,
 .F.,(4,3,4),(4,1,1,1,4),(0.999935586260298,0.999941221856643,1.0000587781955),
(-4.49706086098852,-3.72249337575641,-3.33520963314036,-2.56064214790826,
-1.78607466267616),.UNSPECIFIED.);
#16=(
BOUNDED_SURFACE()
B_SPLINE_SURFACE(2,2,((#1015,#1016,#1017,#1018,#1019,#1020,#1021,#1022,
#1023),(#1024,#1025,#1026,#1027,#1028,#1029,#1030,#1031,#1032),(#1033,#1034,
#1035,#1036,#1037,#1038,#1039,#1040,#1041)),.UNSPECIFIED.,.F.,.T.,.F.)
B_SPLINE_SURFACE_WITH_KNOTS((3,3),(3,2,2,2,3),(-1.1931277192353E-14,0.0872664625997657),
(-3.14159265358979,-1.5707963267949,0.,1.5707963267949,3.14159265358979),
 .UNSPECIFIED.)
GEOMETRIC_REPRESENTATION_ITEM()
RATIONAL_B_SPLINE_SURFACE(((1.,0.707106781186548,1.,0.707106781186548,1.,
0.707106781186548,1.,0.707106781186548,1.),(0.99904822158156,0.706433772212681,
0.99904822158156,0.706433772212681,0.99904822158156,0.706433772212681,0.99904822158156,
0.706433772212681,0.99904822158156),(1.,0.707106781186548,1.,0.707106781186548,
1.,0.707106781186548,1.,0.707106781186548,1.)))
REPRESENTATION_ITEM('')
SURFACE()
);
#17=B_SPLINE_CURVE_WITH_KNOTS('',3,(#915,#916,#917,#918,#919,#920,#921,
#922,#923,#924,#925,#926,#927,#928,#929,#930,#931,#932),.UNSPECIFIED.,.F.,
 .F.,(4,2,2,2,2,2,2,2,4),(-5.75355076744458,-5.75145073722023,-5.73907451333838,
-5.71968698295112,-5.67100929025508,-5.44691204053762,-5.03590896198489,
-4.66482148295787,-4.43688429251388),.UNSPECIFIED.);
#18=B_SPLINE_CURVE_WITH_KNOTS('',3,(#934,#935,#936,#937,#938,#939,#940,
#941,#942,#943,#944,#945,#946,#947,#948,#949,#950,#951),.UNSPECIFIED.,.F.,
 .F.,(4,2,2,2,2,2,2,2,4),(-3.28358546375054,-3.09921165607227,-2.67404531699532,
-2.16290751293096,-2.01001950852582,-1.95700676714799,-1.93464182229578,
-1.9215318441548,-1.91326870787171),.UNSPECIFIED.);
#19=B_SPLINE_CURVE_WITH_KNOTS('',3,(#961,#962,#963,#964,#965,#966,#967,
#968,#969,#970,#971,#972),.UNSPECIFIED.,.F.,.F.,(4,2,2,2,2,4),(7.44493350605606,
7.76363095753186,7.85987622118174,7.88305316513993,7.89741067088587,7.90081701350055),
 .UNSPECIFIED.);
#20=B_SPLINE_CURVE_WITH_KNOTS('',3,(#973,#974,#975,#976,#977,#978,#979,
#980),.UNSPECIFIED.,.F.,.F.,(4,2,2,4),(6.38410006998684,6.68263997034757,
7.19714350205226,7.44493350605606),.UNSPECIFIED.);
#21=B_SPLINE_CURVE_WITH_KNOTS('',3,(#982,#983,#984,#985,#986,#987,#988,
#989,#990,#991,#992,#993,#994,#995,#996,#997,#998,#999),.UNSPECIFIED.,.F.,
 .F.,(4,2,2,2,2,2,2,2,4),(-3.66676113838849,-3.33683996580333,-2.67588027035561,
-2.16934468515329,-2.06792259702627,-2.04000674305675,-2.02747677479358,
-2.01939094339605,-2.0156882007512),.UNSPECIFIED.);
#22=B_SPLINE_CURVE_WITH_KNOTS('',3,(#1046,#1047,#1048,#1049,#1050,#1051,
#1052,#1053,#1054,#1055,#1056,#1057,#1058,#1059,#1060,#1061,#1062,#1063),
 .UNSPECIFIED.,.F.,.F.,(4,2,2,2,2,2,2,2,4),(6.13075360380925,6.36995464977641,
6.55289608940306,6.70693962434421,6.80411125973474,6.89356364269789,7.06683045436379,
7.29986153889736,7.9019571274858),.UNSPECIFIED.);
#23=B_SPLINE_CURVE_WITH_KNOTS('',3,(#1066,#1067,#1068,#1069,#1070,#1071,
#1072,#1073,#1074,#1075,#1076,#1077,#1078,#1079,#1080,#1081,#1082,#1083,
#1084,#1085,#1086,#1087,#1088,#1089,#1090,#1091,#1092,#1093,#1094,#1095,
#1096,#1097,#1098,#1099,#1100,#1101,#1102,#1103,#1104,#1105,#1106,#1107,
#1108,#1109,#1110,#1111,#1112,#1113),.UNSPECIFIED.,.F.,.F.,(4,2,2,2,2,2,
2,2,2,2,2,2,2,2,2,2,2,2,2,2,2,2,2,4),(2.88919776206983E-9,0.492273367211248,
0.741384381807622,0.886110100813772,0.986703618642193,1.12099389897026,
1.37716809406127,1.84393867602064,2.58339602527746,2.92763155572869,3.1774695422624,
3.27938323217714,3.37895255021625,3.54447138130967,3.83963907942505,4.58003062004236,
5.04334346445293,5.24325048499851,5.36936159220004,5.45678319056571,5.60204667010574,
5.77181546491594,6.06921299020099,6.13075360380925),.UNSPECIFIED.);
#24=B_SPLINE_CURVE_WITH_KNOTS('',3,(#1436,#1437,#1438,#1439,#1440,#1441,
#1442,#1443,#1444,#1445,#1446,#1447,#1448,#1449,#1450,#1451,#1452,#1453,
#1454,#1455,#1456,#1457,#1458,#1459,#1460,#1461,#1462,#1463,#1464,#1465,
#1466,#1467,#1468,#1469),.UNSPECIFIED.,.F.,.F.,(4,3,3,3,3,3,3,3,3,3,3,4),
(-4.496879330536,-4.45667980929581,-3.93079695527142,-3.72227719017853,
-3.60994925331204,-3.40491410124704,-3.33489803316082,-2.87903124722265,
-2.56086225380937,-2.35314839319827,-1.82726553917388,-1.78640533174105),
 .UNSPECIFIED.);
#25=B_SPLINE_CURVE_WITH_KNOTS('',3,(#1471,#1472,#1473,#1474,#1475,#1476,
#1477,#1478,#1479,#1480,#1481,#1482,#1483,#1484,#1485,#1486),
 .UNSPECIFIED.,.F.,.F.,(4,2,2,2,2,2,2,4),(-2.39380327829969,-1.78976744858099,
-1.47828934685632,-1.26182418864831,-1.0907780245872,-0.910558159712357,
-0.686583206509056,-1.57231987787403E-6),.UNSPECIFIED.);
#26=B_SPLINE_CURVE_WITH_KNOTS('',3,(#1488,#1489,#1490,#1491,#1492,#1493,
#1494,#1495,#1496,#1497,#1498,#1499,#1500,#1501,#1502,#1503,#1504,#1505,
#1506,#1507,#1508,#1509,#1510,#1511,#1512,#1513,#1514,#1515,#1516,#1517,
#1518,#1519,#1520,#1521,#1522,#1523,#1524,#1525,#1526,#1527,#1528,#1529,
#1530,#1531,#1532,#1533,#1534,#1535),.UNSPECIFIED.,.F.,.F.,(4,2,2,2,2,2,
2,2,2,2,2,2,2,2,2,2,2,2,2,2,2,2,2,4),(-6.43614943913113,-6.18947082120276,
-6.08411139183448,-6.00626236397651,-5.96265434841786,-5.92256322157667,
-5.84753014551631,-5.72035911764482,-5.49268799241028,-5.29315832211524,
-5.20190777170418,-5.11965780003318,-5.06154365827578,-4.98263542144095,
-4.81388992570252,-4.20133777707346,-3.92699366490205,-3.69744295840738,
-3.55791133082018,-3.45889591589137,-3.33183966021133,-3.05052530573075,
-2.65339828572797,-2.39380327829969),.UNSPECIFIED.);
#27=B_SPLINE_CURVE_WITH_KNOTS('',3,(#1536,#1537,#1538,#1539,#1540,#1541,
#1542),.UNSPECIFIED.,.F.,.F.,(4,1,1,1,4),(-4.49649691420725,-3.72249337575641,
-3.33520963314036,-2.56064214790826,-1.78607466267616),.UNSPECIFIED.);
#28=FACE_BOUND('',#146,.T.);
#29=FACE_BOUND('',#151,.T.);
#30=FACE_BOUND('',#159,.T.);
#31=FACE_BOUND('',#166,.T.);
#32=TOROIDAL_SURFACE('',#577,0.396386198426885,0.03);
#33=TOROIDAL_SURFACE('',#587,0.165,0.01);
#34=TOROIDAL_SURFACE('',#594,0.218,0.01);
#35=TOROIDAL_SURFACE('',#601,0.238,0.01);
#36=TOROIDAL_SURFACE('',#609,0.145,0.01);
#37=TOROIDAL_SURFACE('',#614,0.462625,0.03);
#38=TOROIDAL_SURFACE('',#619,0.458625,0.03);
#39=TOROIDAL_SURFACE('',#631,0.394482864376269,0.01);
#40=TOROIDAL_SURFACE('',#639,0.418625,0.01);
#41=ORIENTED_CLOSED_SHELL('',*,#547,.F.);
#42=CYLINDRICAL_SURFACE('',#569,0.0625);
#43=CYLINDRICAL_SURFACE('',#581,0.0625);
#44=CYLINDRICAL_SURFACE('',#598,0.228);
#45=CYLINDRICAL_SURFACE('',#606,0.155);
#46=CYLINDRICAL_SURFACE('',#622,0.432625);
#47=CYLINDRICAL_SURFACE('',#628,0.428625);
#48=CYLINDRICAL_SURFACE('',#634,0.428625);
#49=LINE('',#827,#70);
#50=LINE('',#832,#71);
#51=LINE('',#834,#72);
#52=LINE('',#839,#73);
#53=LINE('',#844,#74);
#54=LINE('',#846,#75);
#55=LINE('',#847,#76);
#56=LINE('',#861,#77);
#57=LINE('',#865,#78);
#58=LINE('',#869,#79);
#59=LINE('',#892,#80);
#60=LINE('',#902,#81);
#61=LINE('',#1004,#82);
#62=LINE('',#1005,#83);
#63=LINE('',#1007,#84);
#64=LINE('',#1014,#85);
#65=LINE('',#1064,#86);
#66=LINE('',#1114,#87);
#67=LINE('',#1592,#88);
#68=LINE('',#1603,#89);
#69=LINE('',#1608,#90);
#70=VECTOR('',#649,1.6642794823505);
#71=VECTOR('',#656,0.869286737816226);
#72=VECTOR('',#659,0.0625);
#73=VECTOR('',#664,1.);
#74=VECTOR('',#669,1.);
#75=VECTOR('',#672,1.);
#76=VECTOR('',#673,1.);
#77=VECTOR('',#690,0.0625);
#78=VECTOR('',#695,0.577350269189626);
#79=VECTOR('',#700,1.6642794823505);
#80=VECTOR('',#729,0.228);
#81=VECTOR('',#742,0.155);
#82=VECTOR('',#775,1.);
#83=VECTOR('',#776,1.);
#84=VECTOR('',#777,0.432625);
#85=VECTOR('',#786,0.087488663525924);
#86=VECTOR('',#791,0.428625);
#87=VECTOR('',#792,1.);
#88=VECTOR('',#793,1.);
#89=VECTOR('',#808,0.428625);
#90=VECTOR('',#813,0.999999999999999);
#91=CONICAL_SURFACE('',#565,1.6642794823505,1.02974425867665);
#92=CONICAL_SURFACE('',#567,0.869286737816226,0.715584993317675);
#93=CONICAL_SURFACE('',#584,0.577350269189626,0.523598775598299);
#94=CONICAL_SURFACE('',#586,1.6642794823505,1.02974425867665);
#95=CONICAL_SURFACE('',#625,0.087488663525924,0.0872664625997169);
#96=CONICAL_SURFACE('',#636,0.999999999999999,0.785398163397448);
#97=FACE_OUTER_BOUND('',#132,.T.);
#98=FACE_OUTER_BOUND('',#133,.T.);
#99=FACE_OUTER_BOUND('',#134,.T.);
#100=FACE_OUTER_BOUND('',#135,.T.);
#101=FACE_OUTER_BOUND('',#136,.T.);
#102=FACE_OUTER_BOUND('',#137,.T.);
#103=FACE_OUTER_BOUND('',#138,.T.);
#104=FACE_OUTER_BOUND('',#139,.T.);
#105=FACE_OUTER_BOUND('',#140,.T.);
#106=FACE_OUTER_BOUND('',#141,.T.);
#107=FACE_OUTER_BOUND('',#142,.T.);
#108=FACE_OUTER_BOUND('',#143,.T.);
#109=FACE_OUTER_BOUND('',#144,.T.);
#110=FACE_OUTER_BOUND('',#145,.T.);
#111=FACE_OUTER_BOUND('',#147,.T.);
#112=FACE_OUTER_BOUND('',#148,.T.);
#113=FACE_OUTER_BOUND('',#149,.T.);
#114=FACE_OUTER_BOUND('',#150,.T.);
#115=FACE_OUTER_BOUND('',#152,.T.);
#116=FACE_OUTER_BOUND('',#153,.T.);
#117=FACE_OUTER_BOUND('',#154,.T.);
#118=FACE_OUTER_BOUND('',#155,.T.);
#119=FACE_OUTER_BOUND('',#156,.T.);
#120=FACE_OUTER_BOUND('',#157,.T.);
#121=FACE_OUTER_BOUND('',#158,.T.);
#122=FACE_OUTER_BOUND('',#160,.T.);
#123=FACE_OUTER_BOUND('',#161,.T.);
#124=FACE_OUTER_BOUND('',#162,.T.);
#125=FACE_OUTER_BOUND('',#163,.T.);
#126=FACE_OUTER_BOUND('',#164,.T.);
#127=FACE_OUTER_BOUND('',#165,.T.);
#128=FACE_OUTER_BOUND('',#167,.T.);
#129=FACE_OUTER_BOUND('',#168,.T.);
#130=FACE_OUTER_BOUND('',#169,.T.);
#131=FACE_OUTER_BOUND('',#170,.T.);
#132=EDGE_LOOP('',(#346));
#133=EDGE_LOOP('',(#347,#348,#349));
#134=EDGE_LOOP('',(#350,#351,#352,#353));
#135=EDGE_LOOP('',(#354,#355,#356,#357));
#136=EDGE_LOOP('',(#358,#359));
#137=EDGE_LOOP('',(#360,#361));
#138=EDGE_LOOP('',(#362,#363,#364,#365));
#139=EDGE_LOOP('',(#366));
#140=EDGE_LOOP('',(#367,#368,#369,#370,#371));
#141=EDGE_LOOP('',(#372,#373,#374,#375));
#142=EDGE_LOOP('',(#376,#377,#378,#379));
#143=EDGE_LOOP('',(#380,#381,#382));
#144=EDGE_LOOP('',(#383,#384,#385,#386,#387));
#145=EDGE_LOOP('',(#388));
#146=EDGE_LOOP('',(#389));
#147=EDGE_LOOP('',(#390,#391,#392,#393,#394));
#148=EDGE_LOOP('',(#395,#396,#397,#398,#399,#400));
#149=EDGE_LOOP('',(#401,#402,#403,#404,#405));
#150=EDGE_LOOP('',(#406));
#151=EDGE_LOOP('',(#407));
#152=EDGE_LOOP('',(#408,#409,#410,#411,#412,#413));
#153=EDGE_LOOP('',(#414,#415,#416,#417,#418));
#154=EDGE_LOOP('',(#419,#420));
#155=EDGE_LOOP('',(#421,#422,#423,#424));
#156=EDGE_LOOP('',(#425,#426));
#157=EDGE_LOOP('',(#427,#428,#429,#430,#431,#432));
#158=EDGE_LOOP('',(#433,#434,#435,#436,#437,#438,#439,#440,#441,#442,#443));
#159=EDGE_LOOP('',(#444,#445,#446,#447));
#160=EDGE_LOOP('',(#448,#449,#450,#451,#452));
#161=EDGE_LOOP('',(#453,#454,#455,#456,#457));
#162=EDGE_LOOP('',(#458,#459,#460,#461,#462,#463,#464,#465,#466,#467,#468,
#469));
#163=EDGE_LOOP('',(#470,#471,#472,#473,#474,#475));
#164=EDGE_LOOP('',(#476,#477,#478,#479));
#165=EDGE_LOOP('',(#480));
#166=EDGE_LOOP('',(#481));
#167=EDGE_LOOP('',(#482,#483,#484,#485));
#168=EDGE_LOOP('',(#486,#487,#488,#489,#490,#491));
#169=EDGE_LOOP('',(#492,#493,#494,#495,#496));
#170=EDGE_LOOP('',(#497,#498,#499,#500,#501));
#171=CIRCLE('',#564,0.0936630713262176);
#172=CIRCLE('',#566,0.0625);
#173=CIRCLE('',#568,0.0625);
#174=CIRCLE('',#571,0.432625);
#175=CIRCLE('',#573,0.432625);
#176=CIRCLE('',#576,0.396386198426885);
#177=CIRCLE('',#578,0.426272039369637);
#178=CIRCLE('',#579,0.03);
#179=CIRCLE('',#580,0.426272039369637);
#180=CIRCLE('',#582,0.0625);
#181=CIRCLE('',#583,0.0625);
#182=CIRCLE('',#585,0.09);
#183=CIRCLE('',#588,0.165);
#184=CIRCLE('',#589,0.01);
#185=CIRCLE('',#590,0.155);
#186=CIRCLE('',#591,0.155);
#187=CIRCLE('',#593,0.218);
#188=CIRCLE('',#595,0.228);
#189=CIRCLE('',#596,0.228);
#190=CIRCLE('',#597,0.01);
#191=CIRCLE('',#599,0.228);
#192=CIRCLE('',#600,0.228);
#193=CIRCLE('',#602,0.238);
#194=CIRCLE('',#603,0.01);
#195=CIRCLE('',#605,0.145);
#196=CIRCLE('',#607,0.155);
#197=CIRCLE('',#608,0.155);
#198=CIRCLE('',#610,0.01);
#199=CIRCLE('',#612,0.462624999999999);
#200=CIRCLE('',#613,0.428624999999999);
#201=CIRCLE('',#615,0.432625);
#202=CIRCLE('',#617,0.458625);
#203=CIRCLE('',#618,0.432625);
#204=CIRCLE('',#620,0.428625);
#205=CIRCLE('',#621,0.428625);
#206=CIRCLE('',#623,0.432625);
#207=CIRCLE('',#624,0.432625);
#208=CIRCLE('',#626,0.431673674522936);
#209=CIRCLE('',#627,0.249999999999947);
#210=CIRCLE('',#630,0.394482864376269);
#211=CIRCLE('',#632,0.401553932188134);
#212=CIRCLE('',#633,0.01);
#213=CIRCLE('',#635,0.428625);
#214=CIRCLE('',#637,0.425696067811865);
#215=CIRCLE('',#638,0.425696067811865);
#216=CIRCLE('',#640,0.01);
#217=VERTEX_POINT('',#822);
#218=VERTEX_POINT('',#825);
#219=VERTEX_POINT('',#826);
#220=VERTEX_POINT('',#830);
#221=VERTEX_POINT('',#836);
#222=VERTEX_POINT('',#837);
#223=VERTEX_POINT('',#841);
#224=VERTEX_POINT('',#842);
#225=VERTEX_POINT('',#849);
#226=VERTEX_POINT('',#852);
#227=VERTEX_POINT('',#853);
#228=VERTEX_POINT('',#858);
#229=VERTEX_POINT('',#860);
#230=VERTEX_POINT('',#864);
#231=VERTEX_POINT('',#868);
#232=VERTEX_POINT('',#871);
#233=VERTEX_POINT('',#873);
#234=VERTEX_POINT('',#875);
#235=VERTEX_POINT('',#879);
#236=VERTEX_POINT('',#882);
#237=VERTEX_POINT('',#883);
#238=VERTEX_POINT('',#888);
#239=VERTEX_POINT('',#889);
#240=VERTEX_POINT('',#894);
#241=VERTEX_POINT('',#898);
#242=VERTEX_POINT('',#901);
#243=VERTEX_POINT('',#903);
#244=VERTEX_POINT('',#909);
#245=VERTEX_POINT('',#910);
#246=VERTEX_POINT('',#914);
#247=VERTEX_POINT('',#933);
#248=VERTEX_POINT('',#954);
#249=VERTEX_POINT('',#955);
#250=VERTEX_POINT('',#959);
#251=VERTEX_POINT('',#960);
#252=VERTEX_POINT('',#981);
#253=VERTEX_POINT('',#1000);
#254=VERTEX_POINT('',#1006);
#255=VERTEX_POINT('',#1008);
#256=VERTEX_POINT('',#1012);
#257=VERTEX_POINT('',#1044);
#258=VERTEX_POINT('',#1045);
#259=VERTEX_POINT('',#1065);
#260=VERTEX_POINT('',#1435);
#261=VERTEX_POINT('',#1470);
#262=VERTEX_POINT('',#1487);
#263=VERTEX_POINT('',#1594);
#264=VERTEX_POINT('',#1597);
#265=VERTEX_POINT('',#1601);
#266=VERTEX_POINT('',#1605);
#267=VERTEX_POINT('',#1606);
#268=EDGE_CURVE('',#217,#217,#171,.T.);
#269=EDGE_CURVE('',#218,#219,#49,.T.);
#270=EDGE_CURVE('',#219,#219,#172,.T.);
#271=EDGE_CURVE('',#220,#220,#173,.T.);
#272=EDGE_CURVE('',#220,#217,#50,.T.);
#273=EDGE_CURVE('',#219,#220,#51,.T.);
#274=EDGE_CURVE('',#221,#222,#174,.T.);
#275=EDGE_CURVE('',#222,#221,#52,.T.);
#276=EDGE_CURVE('',#223,#224,#175,.T.);
#277=EDGE_CURVE('',#224,#223,#53,.T.);
#278=EDGE_CURVE('',#222,#223,#54,.T.);
#279=EDGE_CURVE('',#224,#221,#55,.T.);
#280=EDGE_CURVE('',#225,#225,#176,.T.);
#281=EDGE_CURVE('',#226,#227,#177,.T.);
#282=EDGE_CURVE('',#227,#225,#178,.T.);
#283=EDGE_CURVE('',#227,#226,#179,.T.);
#284=EDGE_CURVE('',#228,#228,#180,.T.);
#285=EDGE_CURVE('',#228,#229,#56,.T.);
#286=EDGE_CURVE('',#229,#229,#181,.T.);
#287=EDGE_CURVE('',#229,#230,#57,.T.);
#288=EDGE_CURVE('',#230,#230,#182,.T.);
#289=EDGE_CURVE('',#231,#228,#58,.T.);
#290=EDGE_CURVE('',#232,#232,#183,.T.);
#291=EDGE_CURVE('',#232,#233,#184,.T.);
#292=EDGE_CURVE('',#233,#234,#185,.T.);
#293=EDGE_CURVE('',#234,#233,#186,.T.);
#294=EDGE_CURVE('',#235,#235,#187,.T.);
#295=EDGE_CURVE('',#236,#237,#188,.T.);
#296=EDGE_CURVE('',#237,#236,#189,.T.);
#297=EDGE_CURVE('',#236,#235,#190,.T.);
#298=EDGE_CURVE('',#238,#239,#191,.T.);
#299=EDGE_CURVE('',#239,#238,#192,.T.);
#300=EDGE_CURVE('',#239,#237,#59,.T.);
#301=EDGE_CURVE('',#240,#240,#193,.T.);
#302=EDGE_CURVE('',#240,#238,#194,.T.);
#303=EDGE_CURVE('',#241,#241,#195,.T.);
#304=EDGE_CURVE('',#234,#242,#60,.T.);
#305=EDGE_CURVE('',#243,#242,#196,.T.);
#306=EDGE_CURVE('',#242,#243,#197,.T.);
#307=EDGE_CURVE('',#241,#243,#198,.T.);
#308=EDGE_CURVE('',#244,#245,#199,.T.);
#309=EDGE_CURVE('',#245,#244,#200,.T.);
#310=EDGE_CURVE('',#246,#244,#17,.T.);
#311=EDGE_CURVE('',#245,#247,#18,.T.);
#312=EDGE_CURVE('',#247,#246,#201,.T.);
#313=EDGE_CURVE('',#248,#249,#202,.T.);
#314=EDGE_CURVE('',#248,#249,#203,.T.);
#315=EDGE_CURVE('',#250,#251,#19,.F.);
#316=EDGE_CURVE('',#251,#248,#20,.F.);
#317=EDGE_CURVE('',#249,#252,#21,.T.);
#318=EDGE_CURVE('',#252,#253,#204,.T.);
#319=EDGE_CURVE('',#253,#250,#205,.T.);
#320=EDGE_CURVE('',#246,#250,#61,.T.);
#321=EDGE_CURVE('',#252,#247,#62,.T.);
#322=EDGE_CURVE('',#251,#254,#63,.T.);
#323=EDGE_CURVE('',#255,#254,#206,.T.);
#324=EDGE_CURVE('',#254,#255,#207,.T.);
#325=EDGE_CURVE('',#256,#256,#208,.T.);
#326=EDGE_CURVE('',#256,#226,#64,.T.);
#327=EDGE_CURVE('',#256,#255,#209,.T.);
#328=EDGE_CURVE('',#257,#258,#22,.F.);
#329=EDGE_CURVE('',#258,#253,#65,.T.);
#330=EDGE_CURVE('',#258,#259,#23,.F.);
#331=EDGE_CURVE('',#259,#257,#66,.T.);
#332=EDGE_CURVE('',#257,#260,#24,.T.);
#333=EDGE_CURVE('',#261,#260,#25,.T.);
#334=EDGE_CURVE('',#262,#261,#26,.T.);
#335=EDGE_CURVE('',#259,#262,#27,.T.);
#336=EDGE_CURVE('',#260,#262,#67,.T.);
#337=EDGE_CURVE('',#263,#263,#210,.T.);
#338=EDGE_CURVE('',#264,#264,#211,.T.);
#339=EDGE_CURVE('',#264,#263,#212,.T.);
#340=EDGE_CURVE('',#265,#265,#213,.T.);
#341=EDGE_CURVE('',#265,#261,#68,.T.);
#342=EDGE_CURVE('',#266,#267,#214,.T.);
#343=EDGE_CURVE('',#266,#264,#69,.T.);
#344=EDGE_CURVE('',#267,#266,#215,.T.);
#345=EDGE_CURVE('',#267,#265,#216,.T.);
#346=ORIENTED_EDGE('',*,*,#268,.F.);
#347=ORIENTED_EDGE('',*,*,#269,.T.);
#348=ORIENTED_EDGE('',*,*,#270,.T.);
#349=ORIENTED_EDGE('',*,*,#269,.F.);
#350=ORIENTED_EDGE('',*,*,#271,.F.);
#351=ORIENTED_EDGE('',*,*,#272,.T.);
#352=ORIENTED_EDGE('',*,*,#268,.T.);
#353=ORIENTED_EDGE('',*,*,#272,.F.);
#354=ORIENTED_EDGE('',*,*,#270,.F.);
#355=ORIENTED_EDGE('',*,*,#273,.T.);
#356=ORIENTED_EDGE('',*,*,#271,.T.);
#357=ORIENTED_EDGE('',*,*,#273,.F.);
#358=ORIENTED_EDGE('',*,*,#274,.F.);
#359=ORIENTED_EDGE('',*,*,#275,.F.);
#360=ORIENTED_EDGE('',*,*,#276,.F.);
#361=ORIENTED_EDGE('',*,*,#277,.F.);
#362=ORIENTED_EDGE('',*,*,#278,.F.);
#363=ORIENTED_EDGE('',*,*,#275,.T.);
#364=ORIENTED_EDGE('',*,*,#279,.F.);
#365=ORIENTED_EDGE('',*,*,#277,.T.);
#366=ORIENTED_EDGE('',*,*,#280,.F.);
#367=ORIENTED_EDGE('',*,*,#281,.T.);
#368=ORIENTED_EDGE('',*,*,#282,.T.);
#369=ORIENTED_EDGE('',*,*,#280,.T.);
#370=ORIENTED_EDGE('',*,*,#282,.F.);
#371=ORIENTED_EDGE('',*,*,#283,.T.);
#372=ORIENTED_EDGE('',*,*,#284,.F.);
#373=ORIENTED_EDGE('',*,*,#285,.T.);
#374=ORIENTED_EDGE('',*,*,#286,.T.);
#375=ORIENTED_EDGE('',*,*,#285,.F.);
#376=ORIENTED_EDGE('',*,*,#286,.F.);
#377=ORIENTED_EDGE('',*,*,#287,.T.);
#378=ORIENTED_EDGE('',*,*,#288,.F.);
#379=ORIENTED_EDGE('',*,*,#287,.F.);
#380=ORIENTED_EDGE('',*,*,#289,.T.);
#381=ORIENTED_EDGE('',*,*,#284,.T.);
#382=ORIENTED_EDGE('',*,*,#289,.F.);
#383=ORIENTED_EDGE('',*,*,#290,.T.);
#384=ORIENTED_EDGE('',*,*,#291,.T.);
#385=ORIENTED_EDGE('',*,*,#292,.T.);
#386=ORIENTED_EDGE('',*,*,#293,.T.);
#387=ORIENTED_EDGE('',*,*,#291,.F.);
#388=ORIENTED_EDGE('',*,*,#294,.F.);
#389=ORIENTED_EDGE('',*,*,#290,.F.);
#390=ORIENTED_EDGE('',*,*,#295,.T.);
#391=ORIENTED_EDGE('',*,*,#296,.T.);
#392=ORIENTED_EDGE('',*,*,#297,.T.);
#393=ORIENTED_EDGE('',*,*,#294,.T.);
#394=ORIENTED_EDGE('',*,*,#297,.F.);
#395=ORIENTED_EDGE('',*,*,#298,.F.);
#396=ORIENTED_EDGE('',*,*,#299,.F.);
#397=ORIENTED_EDGE('',*,*,#300,.T.);
#398=ORIENTED_EDGE('',*,*,#295,.F.);
#399=ORIENTED_EDGE('',*,*,#296,.F.);
#400=ORIENTED_EDGE('',*,*,#300,.F.);
#401=ORIENTED_EDGE('',*,*,#301,.T.);
#402=ORIENTED_EDGE('',*,*,#302,.T.);
#403=ORIENTED_EDGE('',*,*,#298,.T.);
#404=ORIENTED_EDGE('',*,*,#299,.T.);
#405=ORIENTED_EDGE('',*,*,#302,.F.);
#406=ORIENTED_EDGE('',*,*,#303,.F.);
#407=ORIENTED_EDGE('',*,*,#288,.T.);
#408=ORIENTED_EDGE('',*,*,#292,.F.);
#409=ORIENTED_EDGE('',*,*,#293,.F.);
#410=ORIENTED_EDGE('',*,*,#304,.T.);
#411=ORIENTED_EDGE('',*,*,#305,.F.);
#412=ORIENTED_EDGE('',*,*,#306,.F.);
#413=ORIENTED_EDGE('',*,*,#304,.F.);
#414=ORIENTED_EDGE('',*,*,#303,.T.);
#415=ORIENTED_EDGE('',*,*,#307,.T.);
#416=ORIENTED_EDGE('',*,*,#305,.T.);
#417=ORIENTED_EDGE('',*,*,#306,.T.);
#418=ORIENTED_EDGE('',*,*,#307,.F.);
#419=ORIENTED_EDGE('',*,*,#308,.F.);
#420=ORIENTED_EDGE('',*,*,#309,.F.);
#421=ORIENTED_EDGE('',*,*,#310,.T.);
#422=ORIENTED_EDGE('',*,*,#308,.T.);
#423=ORIENTED_EDGE('',*,*,#311,.T.);
#424=ORIENTED_EDGE('',*,*,#312,.T.);
#425=ORIENTED_EDGE('',*,*,#313,.F.);
#426=ORIENTED_EDGE('',*,*,#314,.T.);
#427=ORIENTED_EDGE('',*,*,#315,.T.);
#428=ORIENTED_EDGE('',*,*,#316,.T.);
#429=ORIENTED_EDGE('',*,*,#313,.T.);
#430=ORIENTED_EDGE('',*,*,#317,.T.);
#431=ORIENTED_EDGE('',*,*,#318,.T.);
#432=ORIENTED_EDGE('',*,*,#319,.T.);
#433=ORIENTED_EDGE('',*,*,#315,.F.);
#434=ORIENTED_EDGE('',*,*,#320,.F.);
#435=ORIENTED_EDGE('',*,*,#312,.F.);
#436=ORIENTED_EDGE('',*,*,#321,.F.);
#437=ORIENTED_EDGE('',*,*,#317,.F.);
#438=ORIENTED_EDGE('',*,*,#314,.F.);
#439=ORIENTED_EDGE('',*,*,#316,.F.);
#440=ORIENTED_EDGE('',*,*,#322,.T.);
#441=ORIENTED_EDGE('',*,*,#323,.F.);
#442=ORIENTED_EDGE('',*,*,#324,.F.);
#443=ORIENTED_EDGE('',*,*,#322,.F.);
#444=ORIENTED_EDGE('',*,*,#276,.T.);
#445=ORIENTED_EDGE('',*,*,#279,.T.);
#446=ORIENTED_EDGE('',*,*,#274,.T.);
#447=ORIENTED_EDGE('',*,*,#278,.T.);
#448=ORIENTED_EDGE('',*,*,#325,.F.);
#449=ORIENTED_EDGE('',*,*,#326,.T.);
#450=ORIENTED_EDGE('',*,*,#283,.F.);
#451=ORIENTED_EDGE('',*,*,#281,.F.);
#452=ORIENTED_EDGE('',*,*,#326,.F.);
#453=ORIENTED_EDGE('',*,*,#325,.T.);
#454=ORIENTED_EDGE('',*,*,#327,.T.);
#455=ORIENTED_EDGE('',*,*,#323,.T.);
#456=ORIENTED_EDGE('',*,*,#324,.T.);
#457=ORIENTED_EDGE('',*,*,#327,.F.);
#458=ORIENTED_EDGE('',*,*,#328,.T.);
#459=ORIENTED_EDGE('',*,*,#329,.T.);
#460=ORIENTED_EDGE('',*,*,#318,.F.);
#461=ORIENTED_EDGE('',*,*,#321,.T.);
#462=ORIENTED_EDGE('',*,*,#311,.F.);
#463=ORIENTED_EDGE('',*,*,#309,.T.);
#464=ORIENTED_EDGE('',*,*,#310,.F.);
#465=ORIENTED_EDGE('',*,*,#320,.T.);
#466=ORIENTED_EDGE('',*,*,#319,.F.);
#467=ORIENTED_EDGE('',*,*,#329,.F.);
#468=ORIENTED_EDGE('',*,*,#330,.T.);
#469=ORIENTED_EDGE('',*,*,#331,.T.);
#470=ORIENTED_EDGE('',*,*,#328,.F.);
#471=ORIENTED_EDGE('',*,*,#332,.T.);
#472=ORIENTED_EDGE('',*,*,#333,.F.);
#473=ORIENTED_EDGE('',*,*,#334,.F.);
#474=ORIENTED_EDGE('',*,*,#335,.F.);
#475=ORIENTED_EDGE('',*,*,#330,.F.);
#476=ORIENTED_EDGE('',*,*,#336,.F.);
#477=ORIENTED_EDGE('',*,*,#332,.F.);
#478=ORIENTED_EDGE('',*,*,#331,.F.);
#479=ORIENTED_EDGE('',*,*,#335,.T.);
#480=ORIENTED_EDGE('',*,*,#337,.F.);
#481=ORIENTED_EDGE('',*,*,#301,.F.);
#482=ORIENTED_EDGE('',*,*,#338,.T.);
#483=ORIENTED_EDGE('',*,*,#339,.T.);
#484=ORIENTED_EDGE('',*,*,#337,.T.);
#485=ORIENTED_EDGE('',*,*,#339,.F.);
#486=ORIENTED_EDGE('',*,*,#340,.F.);
#487=ORIENTED_EDGE('',*,*,#341,.T.);
#488=ORIENTED_EDGE('',*,*,#333,.T.);
#489=ORIENTED_EDGE('',*,*,#336,.T.);
#490=ORIENTED_EDGE('',*,*,#334,.T.);
#491=ORIENTED_EDGE('',*,*,#341,.F.);
#492=ORIENTED_EDGE('',*,*,#342,.F.);
#493=ORIENTED_EDGE('',*,*,#343,.T.);
#494=ORIENTED_EDGE('',*,*,#338,.F.);
#495=ORIENTED_EDGE('',*,*,#343,.F.);
#496=ORIENTED_EDGE('',*,*,#344,.F.);
#497=ORIENTED_EDGE('',*,*,#342,.T.);
#498=ORIENTED_EDGE('',*,*,#345,.T.);
#499=ORIENTED_EDGE('',*,*,#340,.T.);
#500=ORIENTED_EDGE('',*,*,#345,.F.);
#501=ORIENTED_EDGE('',*,*,#344,.T.);
#502=PLANE('',#563);
#503=PLANE('',#570);
#504=PLANE('',#572);
#505=PLANE('',#574);
#506=PLANE('',#575);
#507=PLANE('',#592);
#508=PLANE('',#604);
#509=PLANE('',#611);
#510=PLANE('',#616);
#511=PLANE('',#629);
#512=ADVANCED_FACE('',(#97),#502,.F.);
#513=ADVANCED_FACE('',(#98),#91,.F.);
#514=ADVANCED_FACE('',(#99),#92,.F.);
#515=ADVANCED_FACE('',(#100),#42,.F.);
#516=ADVANCED_FACE('',(#101),#503,.F.);
#517=ADVANCED_FACE('',(#102),#504,.F.);
#518=ADVANCED_FACE('',(#103),#505,.F.);
#519=ADVANCED_FACE('',(#104),#506,.F.);
#520=ADVANCED_FACE('',(#105),#32,.T.);
#521=ADVANCED_FACE('',(#106),#43,.F.);
#522=ADVANCED_FACE('',(#107),#93,.F.);
#523=ADVANCED_FACE('',(#108),#94,.F.);
#524=ADVANCED_FACE('',(#109),#33,.F.);
#525=ADVANCED_FACE('',(#110,#28),#507,.F.);
#526=ADVANCED_FACE('',(#111),#34,.F.);
#527=ADVANCED_FACE('',(#112),#44,.F.);
#528=ADVANCED_FACE('',(#113),#35,.T.);
#529=ADVANCED_FACE('',(#114,#29),#508,.T.);
#530=ADVANCED_FACE('',(#115),#45,.T.);
#531=ADVANCED_FACE('',(#116),#36,.T.);
#532=ADVANCED_FACE('',(#117),#509,.T.);
#533=ADVANCED_FACE('',(#118),#37,.F.);
#534=ADVANCED_FACE('',(#119),#510,.F.);
#535=ADVANCED_FACE('',(#120),#38,.F.);
#536=ADVANCED_FACE('',(#121,#30),#46,.T.);
#537=ADVANCED_FACE('',(#122),#95,.T.);
#538=ADVANCED_FACE('',(#123),#16,.F.);
#539=ADVANCED_FACE('',(#124),#47,.T.);
#540=ADVANCED_FACE('',(#125),#14,.T.);
#541=ADVANCED_FACE('',(#126),#15,.T.);
#542=ADVANCED_FACE('',(#127,#31),#511,.T.);
#543=ADVANCED_FACE('',(#128),#39,.T.);
#544=ADVANCED_FACE('',(#129),#48,.T.);
#545=ADVANCED_FACE('',(#130),#96,.T.);
#546=ADVANCED_FACE('',(#131),#40,.T.);
#547=CLOSED_SHELL('',(#512,#513,#514,#515));
#548=CLOSED_SHELL('',(#516,#517,#518,#519,#520,#521,#522,#523,#524,#525,
#526,#527,#528,#529,#530,#531,#532,#533,#534,#535,#536,#537,#538,#539,#540,
#541,#542,#543,#544,#545,#546));
#549=BREP_WITH_VOIDS('Body1',#548,(#41));
#550=DERIVED_UNIT_ELEMENT(#552,1.);
#551=DERIVED_UNIT_ELEMENT(#1619,-3.);
#552=(
MASS_UNIT()
NAMED_UNIT(*)
SI_UNIT(.KILO.,.GRAM.)
);
#553=DERIVED_UNIT((#550,#551));
#554=MEASURE_REPRESENTATION_ITEM('density measure',
POSITIVE_RATIO_MEASURE(1000.),#553);
#555=PROPERTY_DEFINITION_REPRESENTATION(#560,#557);
#556=PROPERTY_DEFINITION_REPRESENTATION(#561,#558);
#557=REPRESENTATION('material name',(#559),#1614);
#558=REPRESENTATION('density',(#554),#1614);
#559=DESCRIPTIVE_REPRESENTATION_ITEM('Generic','Generic');
#560=PROPERTY_DEFINITION('material property','material name',#1627);
#561=PROPERTY_DEFINITION('material property','density of part',#1627);
#562=AXIS2_PLACEMENT_3D('',#820,#641,#642);
#563=AXIS2_PLACEMENT_3D('',#821,#643,#644);
#564=AXIS2_PLACEMENT_3D('',#823,#645,#646);
#565=AXIS2_PLACEMENT_3D('',#824,#647,#648);
#566=AXIS2_PLACEMENT_3D('',#828,#650,#651);
#567=AXIS2_PLACEMENT_3D('',#829,#652,#653);
#568=AXIS2_PLACEMENT_3D('',#831,#654,#655);
#569=AXIS2_PLACEMENT_3D('',#833,#657,#658);
#570=AXIS2_PLACEMENT_3D('',#835,#660,#661);
#571=AXIS2_PLACEMENT_3D('',#838,#662,#663);
#572=AXIS2_PLACEMENT_3D('',#840,#665,#666);
#573=AXIS2_PLACEMENT_3D('',#843,#667,#668);
#574=AXIS2_PLACEMENT_3D('',#845,#670,#671);
#575=AXIS2_PLACEMENT_3D('',#848,#674,#675);
#576=AXIS2_PLACEMENT_3D('',#850,#676,#677);
#577=AXIS2_PLACEMENT_3D('',#851,#678,#679);
#578=AXIS2_PLACEMENT_3D('',#854,#680,#681);
#579=AXIS2_PLACEMENT_3D('',#855,#682,#683);
#580=AXIS2_PLACEMENT_3D('',#856,#684,#685);
#581=AXIS2_PLACEMENT_3D('',#857,#686,#687);
#582=AXIS2_PLACEMENT_3D('',#859,#688,#689);
#583=AXIS2_PLACEMENT_3D('',#862,#691,#692);
#584=AXIS2_PLACEMENT_3D('',#863,#693,#694);
#585=AXIS2_PLACEMENT_3D('',#866,#696,#697);
#586=AXIS2_PLACEMENT_3D('',#867,#698,#699);
#587=AXIS2_PLACEMENT_3D('',#870,#701,#702);
#588=AXIS2_PLACEMENT_3D('',#872,#703,#704);
#589=AXIS2_PLACEMENT_3D('',#874,#705,#706);
#590=AXIS2_PLACEMENT_3D('',#876,#707,#708);
#591=AXIS2_PLACEMENT_3D('',#877,#709,#710);
#592=AXIS2_PLACEMENT_3D('',#878,#711,#712);
#593=AXIS2_PLACEMENT_3D('',#880,#713,#714);
#594=AXIS2_PLACEMENT_3D('',#881,#715,#716);
#595=AXIS2_PLACEMENT_3D('',#884,#717,#718);
#596=AXIS2_PLACEMENT_3D('',#885,#719,#720);
#597=AXIS2_PLACEMENT_3D('',#886,#721,#722);
#598=AXIS2_PLACEMENT_3D('',#887,#723,#724);
#599=AXIS2_PLACEMENT_3D('',#890,#725,#726);
#600=AXIS2_PLACEMENT_3D('',#891,#727,#728);
#601=AXIS2_PLACEMENT_3D('',#893,#730,#731);
#602=AXIS2_PLACEMENT_3D('',#895,#732,#733);
#603=AXIS2_PLACEMENT_3D('',#896,#734,#735);
#604=AXIS2_PLACEMENT_3D('',#897,#736,#737);
#605=AXIS2_PLACEMENT_3D('',#899,#738,#739);
#606=AXIS2_PLACEMENT_3D('',#900,#740,#741);
#607=AXIS2_PLACEMENT_3D('',#904,#743,#744);
#608=AXIS2_PLACEMENT_3D('',#905,#745,#746);
#609=AXIS2_PLACEMENT_3D('',#906,#747,#748);
#610=AXIS2_PLACEMENT_3D('',#907,#749,#750);
#611=AXIS2_PLACEMENT_3D('',#908,#751,#752);
#612=AXIS2_PLACEMENT_3D('',#911,#753,#754);
#613=AXIS2_PLACEMENT_3D('',#912,#755,#756);
#614=AXIS2_PLACEMENT_3D('',#913,#757,#758);
#615=AXIS2_PLACEMENT_3D('',#952,#759,#760);
#616=AXIS2_PLACEMENT_3D('',#953,#761,#762);
#617=AXIS2_PLACEMENT_3D('',#956,#763,#764);
#618=AXIS2_PLACEMENT_3D('',#957,#765,#766);
#619=AXIS2_PLACEMENT_3D('',#958,#767,#768);
#620=AXIS2_PLACEMENT_3D('',#1001,#769,#770);
#621=AXIS2_PLACEMENT_3D('',#1002,#771,#772);
#622=AXIS2_PLACEMENT_3D('',#1003,#773,#774);
#623=AXIS2_PLACEMENT_3D('',#1009,#778,#779);
#624=AXIS2_PLACEMENT_3D('',#1010,#780,#781);
#625=AXIS2_PLACEMENT_3D('',#1011,#782,#783);
#626=AXIS2_PLACEMENT_3D('',#1013,#784,#785);
#627=AXIS2_PLACEMENT_3D('',#1042,#787,#788);
#628=AXIS2_PLACEMENT_3D('',#1043,#789,#790);
#629=AXIS2_PLACEMENT_3D('',#1593,#794,#795);
#630=AXIS2_PLACEMENT_3D('',#1595,#796,#797);
#631=AXIS2_PLACEMENT_3D('',#1596,#798,#799);
#632=AXIS2_PLACEMENT_3D('',#1598,#800,#801);
#633=AXIS2_PLACEMENT_3D('',#1599,#802,#803);
#634=AXIS2_PLACEMENT_3D('',#1600,#804,#805);
#635=AXIS2_PLACEMENT_3D('',#1602,#806,#807);
#636=AXIS2_PLACEMENT_3D('',#1604,#809,#810);
#637=AXIS2_PLACEMENT_3D('',#1607,#811,#812);
#638=AXIS2_PLACEMENT_3D('',#1609,#814,#815);
#639=AXIS2_PLACEMENT_3D('',#1610,#816,#817);
#640=AXIS2_PLACEMENT_3D('',#1611,#818,#819);
#641=DIRECTION('axis',(0.,0.,1.));
#642=DIRECTION('refdir',(1.,0.,0.));
#643=DIRECTION('center_axis',(0.,0.,-1.));
#644=DIRECTION('ref_axis',(1.,0.,0.));
#645=DIRECTION('center_axis',(0.,0.,-1.));
#646=DIRECTION('ref_axis',(-1.,0.,0.));
#647=DIRECTION('center_axis',(0.,0.,-1.));
#648=DIRECTION('ref_axis',(-1.,0.,0.));
#649=DIRECTION('',(0.85716730070211,-1.04972719113862E-16,-0.515038074910058));
#650=DIRECTION('center_axis',(-2.185478E-15,-8.354888E-16,-1.));
#651=DIRECTION('ref_axis',(1.,-2.048886E-16,-2.185478E-15));
#652=DIRECTION('center_axis',(0.,0.,-1.));
#653=DIRECTION('ref_axis',(-1.,0.,0.));
#654=DIRECTION('center_axis',(2.185478E-15,-1.937737E-15,-1.));
#655=DIRECTION('ref_axis',(1.,-2.048886E-16,2.185478E-15));
#656=DIRECTION('',(0.656059028990507,-8.03440589904945E-17,-0.754709580222772));
#657=DIRECTION('center_axis',(0.,0.,-1.));
#658=DIRECTION('ref_axis',(-1.,0.,0.));
#659=DIRECTION('',(0.,0.,-1.));
#660=DIRECTION('center_axis',(0.,0.,-1.));
#661=DIRECTION('ref_axis',(0.,-1.,0.));
#662=DIRECTION('center_axis',(-8.487709E-17,-2.179406E-16,-1.));
#663=DIRECTION('ref_axis',(0.931827741540168,-0.362900895694886,1.1865079270792E-23));
#664=DIRECTION('',(1.,0.,0.));
#665=DIRECTION('center_axis',(0.,0.,1.));
#666=DIRECTION('ref_axis',(0.,1.,0.));
#667=DIRECTION('center_axis',(-2.121927E-17,5.448514E-17,1.));
#668=DIRECTION('ref_axis',(-0.931827741540168,-0.362900895694886,1.66683021941896E-24));
#669=DIRECTION('',(-1.,0.,0.));
#670=DIRECTION('center_axis',(0.,1.,0.));
#671=DIRECTION('ref_axis',(0.,0.,-1.));
#672=DIRECTION('',(0.,0.,1.));
#673=DIRECTION('',(0.,0.,-1.));
#674=DIRECTION('center_axis',(0.,0.,1.));
#675=DIRECTION('ref_axis',(1.,0.,0.));
#676=DIRECTION('center_axis',(-3.445942E-16,4.372671E-16,1.));
#677=DIRECTION('ref_axis',(-1.,-8.614856E-17,-3.445942E-16));
#678=DIRECTION('center_axis',(0.,0.,1.));
#679=DIRECTION('ref_axis',(1.,0.,0.));
#680=DIRECTION('center_axis',(0.,0.,-1.));
#681=DIRECTION('ref_axis',(1.,1.602174E-16,0.));
#682=DIRECTION('center_axis',(1.28139606945214E-16,-1.,0.));
#683=DIRECTION('ref_axis',(-1.,-1.28139606945214E-16,0.));
#684=DIRECTION('center_axis',(0.,0.,-1.));
#685=DIRECTION('ref_axis',(1.,1.602174E-16,0.));
#686=DIRECTION('center_axis',(0.,0.,1.));
#687=DIRECTION('ref_axis',(1.,0.,0.));
#688=DIRECTION('center_axis',(0.,0.,1.));
#689=DIRECTION('ref_axis',(-1.,-2.048886E-16,0.));
#690=DIRECTION('',(0.,0.,1.));
#691=DIRECTION('center_axis',(1.711821E-31,-8.354888E-16,1.));
#692=DIRECTION('ref_axis',(-1.,-2.048886E-16,-3.05476799886004E-38));
#693=DIRECTION('center_axis',(0.,0.,1.));
#694=DIRECTION('ref_axis',(1.,0.,0.));
#695=DIRECTION('',(-0.5,-6.12323399573677E-17,0.866025403784439));
#696=DIRECTION('center_axis',(-1.517693E-15,-1.925851E-15,-1.));
#697=DIRECTION('ref_axis',(-1.,2.252826E-16,1.517693E-15));
#698=DIRECTION('center_axis',(0.,0.,1.));
#699=DIRECTION('ref_axis',(1.,0.,0.));
#700=DIRECTION('',(-0.85716730070211,-1.04972719113862E-16,0.515038074910058));
#701=DIRECTION('center_axis',(0.,0.,-1.));
#702=DIRECTION('ref_axis',(-1.,0.,0.));
#703=DIRECTION('center_axis',(0.,0.,1.));
#704=DIRECTION('ref_axis',(1.,0.,0.));
#705=DIRECTION('center_axis',(1.22464679914735E-16,1.,0.));
#706=DIRECTION('ref_axis',(1.,-1.22464679914735E-16,0.));
#707=DIRECTION('center_axis',(0.,0.,-1.));
#708=DIRECTION('ref_axis',(1.,4.956982E-16,0.));
#709=DIRECTION('center_axis',(0.,0.,-1.));
#710=DIRECTION('ref_axis',(1.,4.956982E-16,0.));
#711=DIRECTION('center_axis',(0.,0.,-1.));
#712=DIRECTION('ref_axis',(-1.,0.,0.));
#713=DIRECTION('center_axis',(-3.752098E-32,2.395323E-16,-1.));
#714=DIRECTION('ref_axis',(1.,1.566427E-16,6.20920999621525E-39));
#715=DIRECTION('center_axis',(0.,0.,-1.));
#716=DIRECTION('ref_axis',(-1.,0.,0.));
#717=DIRECTION('center_axis',(0.,0.,1.));
#718=DIRECTION('ref_axis',(1.,0.,0.));
#719=DIRECTION('center_axis',(0.,0.,1.));
#720=DIRECTION('ref_axis',(1.,0.,0.));
#721=DIRECTION('center_axis',(1.22464679914735E-16,1.,0.));
#722=DIRECTION('ref_axis',(1.,-1.22464679914735E-16,0.));
#723=DIRECTION('center_axis',(0.,0.,-1.));
#724=DIRECTION('ref_axis',(0.,1.,0.));
#725=DIRECTION('center_axis',(0.,0.,-1.));
#726=DIRECTION('ref_axis',(1.,-3.557094E-16,0.));
#727=DIRECTION('center_axis',(0.,0.,-1.));
#728=DIRECTION('ref_axis',(1.,-3.557094E-16,0.));
#729=DIRECTION('',(0.,0.,-1.));
#730=DIRECTION('center_axis',(0.,0.,-1.));
#731=DIRECTION('ref_axis',(-1.,0.,0.));
#732=DIRECTION('center_axis',(0.,0.,1.));
#733=DIRECTION('ref_axis',(1.,0.,0.));
#734=DIRECTION('center_axis',(-1.22464679914735E-16,-1.,0.));
#735=DIRECTION('ref_axis',(1.,-1.22464679914735E-16,0.));
#736=DIRECTION('center_axis',(0.,0.,1.));
#737=DIRECTION('ref_axis',(1.,0.,0.));
#738=DIRECTION('center_axis',(-9.420165E-16,-2.390712E-15,-1.));
#739=DIRECTION('ref_axis',(-1.,1.471901E-17,9.420165E-16));
#740=DIRECTION('center_axis',(0.,0.,-1.));
#741=DIRECTION('ref_axis',(0.,1.,0.));
#742=DIRECTION('',(0.,0.,1.));
#743=DIRECTION('center_axis',(0.,0.,1.));
#744=DIRECTION('ref_axis',(-1.,4.956982E-16,0.));
#745=DIRECTION('center_axis',(0.,0.,1.));
#746=DIRECTION('ref_axis',(-1.,4.956982E-16,0.));
#747=DIRECTION('center_axis',(0.,0.,1.));
#748=DIRECTION('ref_axis',(1.,0.,0.));
#749=DIRECTION('center_axis',(1.22464679914735E-16,-1.,0.));
#750=DIRECTION('ref_axis',(-1.,-1.22464679914735E-16,0.));
#751=DIRECTION('center_axis',(0.,0.,-1.));
#752=DIRECTION('ref_axis',(-1.,0.,0.));
#753=DIRECTION('center_axis',(1.171325E-18,3.144923E-16,-1.));
#754=DIRECTION('ref_axis',(-0.471417907410891,0.881909948108273,2.76801704393053E-16));
#755=DIRECTION('center_axis',(2.746736E-18,-1.404393E-16,1.));
#756=DIRECTION('ref_axis',(0.508812387088861,0.860877433055911,1.19503450783306E-16));
#757=DIRECTION('center_axis',(0.,0.,-1.));
#758=DIRECTION('ref_axis',(-1.,0.,0.));
#759=DIRECTION('center_axis',(0.,0.,1.));
#760=DIRECTION('ref_axis',(0.989112160052151,0.147163632861408,0.));
#761=DIRECTION('center_axis',(0.,0.,-1.));
#762=DIRECTION('ref_axis',(-1.,0.,0.));
#763=DIRECTION('center_axis',(0.,0.,1.));
#764=DIRECTION('ref_axis',(-0.72353471171937,-0.690287998546381,0.));
#765=DIRECTION('center_axis',(-7.06881E-19,-1.453238E-17,1.));
#766=DIRECTION('ref_axis',(-0.767017872666388,-0.641625734373497,-9.866539350543E-18));
#767=DIRECTION('center_axis',(0.,0.,1.));
#768=DIRECTION('ref_axis',(0.,-1.,0.));
#769=DIRECTION('center_axis',(0.,0.,-1.));
#770=DIRECTION('ref_axis',(0.998342719726012,0.057548362010304,0.));
#771=DIRECTION('center_axis',(0.,0.,-1.));
#772=DIRECTION('ref_axis',(0.998342719726012,0.057548362010304,0.));
#773=DIRECTION('center_axis',(0.,0.,1.));
#774=DIRECTION('ref_axis',(1.,0.,0.));
#775=DIRECTION('',(0.,0.,-1.));
#776=DIRECTION('',(0.,0.,1.));
#777=DIRECTION('',(0.,0.,-1.));
#778=DIRECTION('center_axis',(3.157293E-16,-3.199215E-16,-1.));
#779=DIRECTION('ref_axis',(1.,-3.551955E-16,3.157293E-16));
#780=DIRECTION('center_axis',(3.157293E-16,-3.199215E-16,-1.));
#781=DIRECTION('ref_axis',(1.,-3.551955E-16,3.157293E-16));
#782=DIRECTION('center_axis',(0.,0.,1.));
#783=DIRECTION('ref_axis',(-1.,0.,0.));
#784=DIRECTION('center_axis',(0.,0.,1.));
#785=DIRECTION('ref_axis',(1.,0.,0.));
#786=DIRECTION('',(-0.0871557427476586,-1.0673500138323E-17,-0.996194698091745));
#787=DIRECTION('center_axis',(-1.26291730420763E-16,-1.,-5.29272800000001E-16));
#788=DIRECTION('ref_axis',(1.,-1.26291730420769E-16,1.17198725830474E-14));
#789=DIRECTION('center_axis',(0.,0.,1.));
#790=DIRECTION('ref_axis',(1.,0.,0.));
#791=DIRECTION('',(0.,0.,-1.));
#792=DIRECTION('',(-0.624799113258225,-0.025192163597109,-0.78037902519547));
#793=DIRECTION('',(0.624791021396145,-0.025192251508027,0.780385500920358));
#794=DIRECTION('center_axis',(0.,0.,1.));
#795=DIRECTION('ref_axis',(1.,0.,0.));
#796=DIRECTION('center_axis',(3.462569E-16,4.393768E-16,-1.));
#797=DIRECTION('ref_axis',(1.,-3.137953E-16,3.462569E-16));
#798=DIRECTION('center_axis',(0.,0.,-1.));
#799=DIRECTION('ref_axis',(-1.,0.,0.));
#800=DIRECTION('center_axis',(0.,0.,1.));
#801=DIRECTION('ref_axis',(1.,0.,0.));
#802=DIRECTION('center_axis',(-1.22464679914735E-16,-1.,0.));
#803=DIRECTION('ref_axis',(1.,-1.22464679914735E-16,0.));
#804=DIRECTION('center_axis',(0.,0.,1.));
#805=DIRECTION('ref_axis',(1.,0.,0.));
#806=DIRECTION('center_axis',(0.,0.,1.));
#807=DIRECTION('ref_axis',(-1.,-1.195034E-16,0.));
#808=DIRECTION('',(0.,0.,-1.));
#809=DIRECTION('center_axis',(0.,0.,-1.));
#810=DIRECTION('ref_axis',(-1.,0.,0.));
#811=DIRECTION('center_axis',(0.,0.,-1.));
#812=DIRECTION('ref_axis',(1.,6.123234E-17,0.));
#813=DIRECTION('',(-0.707106781186547,8.65956056235493E-17,0.707106781186548));
#814=DIRECTION('center_axis',(0.,0.,-1.));
#815=DIRECTION('ref_axis',(1.,6.123234E-17,0.));
#816=DIRECTION('center_axis',(0.,0.,1.));
#817=DIRECTION('ref_axis',(1.,0.,0.));
#818=DIRECTION('center_axis',(1.22464679914735E-16,-1.,0.));
#819=DIRECTION('ref_axis',(-1.,-1.22464679914735E-16,0.));
#820=CARTESIAN_POINT('',(0.,0.,0.));
#821=CARTESIAN_POINT('Origin',(3.,-2.18547839493141E-17,-0.8069));
#822=CARTESIAN_POINT('',(3.09366307132622,-1.14704180497963E-17,-0.8069));
#823=CARTESIAN_POINT('Origin',(3.,0.,-0.8069));
#824=CARTESIAN_POINT('Origin',(3.,0.,-1.66944621131078));
#825=CARTESIAN_POINT('',(3.,0.,-0.669446211310778));
#826=CARTESIAN_POINT('',(3.0625,0.,-0.707));
#827=CARTESIAN_POINT('',(4.6642794823505,-2.03815454094716E-16,-1.66944621131078));
#828=CARTESIAN_POINT('Origin',(3.,-1.192551E-15,-0.707000000000006));
#829=CARTESIAN_POINT('Origin',(3.,0.,-1.69915296182303));
#830=CARTESIAN_POINT('',(3.0625,0.,-0.771050987274344));
#831=CARTESIAN_POINT('Origin',(3.,-2.095955E-15,-0.771050987274338));
#832=CARTESIAN_POINT('',(3.86928673781623,-1.06456922100789E-16,-1.69915296182303));
#833=CARTESIAN_POINT('Origin',(3.,0.,-0.703797450636283));
#834=CARTESIAN_POINT('',(3.0625,-7.65404249467096E-18,-0.703797450636283));
#835=CARTESIAN_POINT('Origin',(3.4434451743522,-0.18221875,-0.507));
#836=CARTESIAN_POINT('',(3.40313197668381,-0.196,-0.507));
#837=CARTESIAN_POINT('',(2.59686802331618,-0.196,-0.507));
#838=CARTESIAN_POINT('Origin',(3.,-0.039,-0.507));
#839=CARTESIAN_POINT('',(2.59686802331618,-0.196,-0.507));
#840=CARTESIAN_POINT('Origin',(3.4434451743522,-0.48540625,-0.132));
#841=CARTESIAN_POINT('',(2.59686802331618,-0.196,-0.132));
#842=CARTESIAN_POINT('',(3.40313197668381,-0.196,-0.132));
#843=CARTESIAN_POINT('Origin',(3.,-0.039,-0.132));
#844=CARTESIAN_POINT('',(3.40313197668381,-0.196,-0.132));
#845=CARTESIAN_POINT('Origin',(3.4434451743522,-0.196,-0.11325));
#846=CARTESIAN_POINT('',(2.59686802331618,-0.196,-0.507));
#847=CARTESIAN_POINT('',(3.40313197668381,-0.196,-0.132));
#848=CARTESIAN_POINT('Origin',(2.56397518173043,-0.475024818269573,-0.807));
#849=CARTESIAN_POINT('',(2.60361380157311,-0.039,-0.807));
#850=CARTESIAN_POINT('Origin',(3.,-0.039,-0.806999999999999));
#851=CARTESIAN_POINT('Origin',(3.,-0.039,-0.777));
#852=CARTESIAN_POINT('',(3.42627203936964,-0.039,-0.77961467228243));
#853=CARTESIAN_POINT('',(2.57372796063036,-0.039,-0.77961467228243));
#854=CARTESIAN_POINT('Origin',(3.,-0.039,-0.77961467228243));
#855=CARTESIAN_POINT('Origin',(2.60361380157311,-0.039,-0.777));
#856=CARTESIAN_POINT('Origin',(3.,-0.039,-0.77961467228243));
#857=CARTESIAN_POINT('Origin',(3.,0.,0.399881569860407));
#858=CARTESIAN_POINT('',(2.9375,0.,0.417));
#859=CARTESIAN_POINT('Origin',(3.,6.274713E-16,0.417));
#860=CARTESIAN_POINT('',(2.9375,0.,0.759368602791856));
#861=CARTESIAN_POINT('',(2.9375,-7.65404249467096E-18,0.399881569860407));
#862=CARTESIAN_POINT('Origin',(3.,-6.972617E-18,0.759368602791856));
#863=CARTESIAN_POINT('Origin',(3.,0.,1.6511154273188));
#864=CARTESIAN_POINT('',(2.91,0.,0.807));
#865=CARTESIAN_POINT('',(2.42264973081037,-7.07050159149938E-17,1.6511154273188));
#866=CARTESIAN_POINT('Origin',(3.,8.580389E-16,0.806999999999995));
#867=CARTESIAN_POINT('Origin',(3.,0.,1.37944621131078));
#868=CARTESIAN_POINT('',(3.,0.,0.379446211310778));
#869=CARTESIAN_POINT('',(1.3357205176495,-2.03815454094716E-16,1.37944621131078));
#870=CARTESIAN_POINT('Origin',(3.,0.,0.768));
#871=CARTESIAN_POINT('',(3.165,0.,0.758));
#872=CARTESIAN_POINT('Origin',(3.,2.347682E-17,0.758));
#873=CARTESIAN_POINT('',(3.155,0.,0.768));
#874=CARTESIAN_POINT('Origin',(3.165,-2.02066721859313E-17,0.768));
#875=CARTESIAN_POINT('',(3.,-0.155,0.768));
#876=CARTESIAN_POINT('Origin',(3.,1.410261E-15,0.768));
#877=CARTESIAN_POINT('Origin',(3.,1.410261E-15,0.768));
#878=CARTESIAN_POINT('Origin',(3.2398,-0.2398,0.758));
#879=CARTESIAN_POINT('',(3.218,0.,0.758));
#880=CARTESIAN_POINT('Origin',(3.,2.542144E-16,0.758));
#881=CARTESIAN_POINT('Origin',(3.,0.,0.768));
#882=CARTESIAN_POINT('',(3.228,0.,0.768));
#883=CARTESIAN_POINT('',(3.,-0.228,0.768));
#884=CARTESIAN_POINT('Origin',(3.,0.,0.768));
#885=CARTESIAN_POINT('Origin',(3.,0.,0.768));
#886=CARTESIAN_POINT('Origin',(3.218,-2.66973002214123E-17,0.768));
#887=CARTESIAN_POINT('Origin',(3.,0.,0.79845));
#888=CARTESIAN_POINT('',(3.228,0.,0.797));
#889=CARTESIAN_POINT('',(3.,-0.228,0.797));
#890=CARTESIAN_POINT('Origin',(3.,-9.860264E-16,0.797));
#891=CARTESIAN_POINT('Origin',(3.,-9.860264E-16,0.797));
#892=CARTESIAN_POINT('',(3.,-0.228,0.79845));
#893=CARTESIAN_POINT('Origin',(3.,0.,0.797));
#894=CARTESIAN_POINT('',(3.238,0.,0.807));
#895=CARTESIAN_POINT('Origin',(3.,-4.268512E-17,0.807));
#896=CARTESIAN_POINT('Origin',(3.238,-2.9146593819707E-17,0.797));
#897=CARTESIAN_POINT('Origin',(2.8405,-0.1595,0.807));
#898=CARTESIAN_POINT('',(2.855,0.,0.807));
#899=CARTESIAN_POINT('Origin',(3.,1.883013E-15,0.806999999999997));
#900=CARTESIAN_POINT('Origin',(3.,0.,0.79845));
#901=CARTESIAN_POINT('',(3.,-0.155,0.797));
#902=CARTESIAN_POINT('',(3.,-0.155,0.79845));
#903=CARTESIAN_POINT('',(2.845,0.,0.797));
#904=CARTESIAN_POINT('Origin',(3.,-1.563928E-15,0.797));
#905=CARTESIAN_POINT('Origin',(3.,-1.563928E-15,0.797));
#906=CARTESIAN_POINT('Origin',(3.,0.,0.797));
#907=CARTESIAN_POINT('Origin',(2.855,-1.77573785876366E-17,0.797));
#908=CARTESIAN_POINT('Origin',(3.23989868035756,0.366049704353788,0.053));
#909=CARTESIAN_POINT('',(2.78191029058404,0.36899358974359,0.053));
#910=CARTESIAN_POINT('',(3.21808970941596,0.36899358974359,0.053));
#911=CARTESIAN_POINT('Origin',(3.,-0.039,0.053));
#912=CARTESIAN_POINT('Origin',(3.,6.584442E-16,0.053));
#913=CARTESIAN_POINT('Origin',(3.,-0.039,0.023));
#914=CARTESIAN_POINT('',(2.57208535175744,0.024666666666667,0.023));
#915=CARTESIAN_POINT('Ctrl Pts',(2.57208535175744,0.0246666666666683,0.023));
#916=CARTESIAN_POINT('Ctrl Pts',(2.57208535175744,0.0246666666666683,0.0230686780383327));
#917=CARTESIAN_POINT('Ctrl Pts',(2.57208550253613,0.0246692827886607,0.0231376045532536));
#918=CARTESIAN_POINT('Ctrl Pts',(2.57208760478647,0.0247057406761507,0.0236144254950287));
#919=CARTESIAN_POINT('Ctrl Pts',(2.57209460616315,0.0248273680002007,0.0240004744845909));
#920=CARTESIAN_POINT('Ctrl Pts',(2.5721220781879,0.025297375958704,0.0249317839404548));
#921=CARTESIAN_POINT('Ctrl Pts',(2.57214789105662,0.0257327974788126,0.0254383059155622));
#922=CARTESIAN_POINT('Ctrl Pts',(2.57224699471678,0.0273514563911061,0.0269558084028121));
#923=CARTESIAN_POINT('Ctrl Pts',(2.57235473844073,0.0290096077767121,0.0278915325710137));
#924=CARTESIAN_POINT('Ctrl Pts',(2.57300493134344,0.0380851540774538,0.0321512657226408));
#925=CARTESIAN_POINT('Ctrl Pts',(2.57416660880568,0.0520032245345977,0.0353059039690053));
#926=CARTESIAN_POINT('Ctrl Pts',(2.58238936179204,0.101950177508119,0.0430147347899106));
#927=CARTESIAN_POINT('Ctrl Pts',(2.59369445923259,0.14728867280886,0.0466812383123988));
#928=CARTESIAN_POINT('Ctrl Pts',(2.64192764542385,0.24082580155901,0.0512937724295964));
#929=CARTESIAN_POINT('Ctrl Pts',(2.67236082678107,0.280797661191894,0.0521963913662031));
#930=CARTESIAN_POINT('Ctrl Pts',(2.7313069628169,0.335346653065146,0.0529186106024695));
#931=CARTESIAN_POINT('Ctrl Pts',(2.75580298431202,0.353563145972319,0.053));
#932=CARTESIAN_POINT('Ctrl Pts',(2.78191029058404,0.36899358974359,0.053));
#933=CARTESIAN_POINT('',(3.42791464824256,0.024666666666667,0.023));
#934=CARTESIAN_POINT('Ctrl Pts',(3.21808970941596,0.368993589743591,0.053));
#935=CARTESIAN_POINT('Ctrl Pts',(3.23886691898354,0.35671344254587,0.053));
#936=CARTESIAN_POINT('Ctrl Pts',(3.25859434095342,0.342685731345135,0.0529475481552808));
#937=CARTESIAN_POINT('Ctrl Pts',(3.31961465960184,0.290993978786594,0.0524242945550568));
#938=CARTESIAN_POINT('Ctrl Pts',(3.35458110593459,0.247099022001044,0.0515730110165519));
#939=CARTESIAN_POINT('Ctrl Pts',(3.41090888052068,0.138942447851091,0.046304836777916));
#940=CARTESIAN_POINT('Ctrl Pts',(3.42114928820994,0.0858474976329514,0.0416209137141383));
#941=CARTESIAN_POINT('Ctrl Pts',(3.42638946270184,0.0447483801401144,0.0334606169068872));
#942=CARTESIAN_POINT('Ctrl Pts',(3.42705047157311,0.0370678612407095,0.0314121579938514));
#943=CARTESIAN_POINT('Ctrl Pts',(3.42756895718019,0.0301229572839373,0.0284642057105894));
#944=CARTESIAN_POINT('Ctrl Pts',(3.42769238383167,0.0282932025238307,0.0275424958933723));
#945=CARTESIAN_POINT('Ctrl Pts',(3.42781515473856,0.0263423682199249,0.0260398825231045));
#946=CARTESIAN_POINT('Ctrl Pts',(3.42784987822133,0.0257691869588825,0.0255113597626494));
#947=CARTESIAN_POINT('Ctrl Pts',(3.42788952675838,0.0250998985476185,0.0245695016567563));
#948=CARTESIAN_POINT('Ctrl Pts',(3.42790130685341,0.0248973125302482,0.0241890831904534));
#949=CARTESIAN_POINT('Ctrl Pts',(3.42791243989882,0.0247050591576592,0.0235233854017307));
#950=CARTESIAN_POINT('Ctrl Pts',(3.42791464824256,0.024666666666666,0.0232630773568236));
#951=CARTESIAN_POINT('Ctrl Pts',(3.42791464824256,0.024666666666666,0.023));
#952=CARTESIAN_POINT('Origin',(3.,-0.039,0.023));
#953=CARTESIAN_POINT('Origin',(3.36501421787852,-0.479377083333333,-0.012));
#954=CARTESIAN_POINT('',(2.6681688928377,-0.316583333333334,-0.012));
#955=CARTESIAN_POINT('',(3.3318311071623,-0.316583333333334,-0.012));
#956=CARTESIAN_POINT('Origin',(3.,0.,-0.012));
#957=CARTESIAN_POINT('Origin',(3.,-0.039,-0.012));
#958=CARTESIAN_POINT('Origin',(3.,0.,0.018));
#959=CARTESIAN_POINT('',(2.57208535175744,0.024666666666667,0.018));
#960=CARTESIAN_POINT('',(2.567375,-0.0390000000018682,0.000332322369319057));
#961=CARTESIAN_POINT('Ctrl Pts',(2.567375,-0.0390000000037364,0.000332322369319158));
#962=CARTESIAN_POINT('Ctrl Pts',(2.56737499999979,-0.0151020357919119,0.00327682089081808));
#963=CARTESIAN_POINT('Ctrl Pts',(2.56932054024194,0.0033996839249272,0.00670738548130966));
#964=CARTESIAN_POINT('Ctrl Pts',(2.57106032952783,0.0174439918945082,0.0116458662024326));
#965=CARTESIAN_POINT('Ctrl Pts',(2.57154640367874,0.0209674438824974,0.0131597835284752));
#966=CARTESIAN_POINT('Ctrl Pts',(2.57191026284616,0.0234804803537615,0.0154197320277016));
#967=CARTESIAN_POINT('Ctrl Pts',(2.57197942418728,0.0239514137500184,0.0159391209052165));
#968=CARTESIAN_POINT('Ctrl Pts',(2.5720555036445,0.0244660402252381,0.016891815726084));
#969=CARTESIAN_POINT('Ctrl Pts',(2.57207616037788,0.0246048758631035,0.0172840269495432));
#970=CARTESIAN_POINT('Ctrl Pts',(2.57208455264703,0.0246612964158423,0.0178020457663637));
#971=CARTESIAN_POINT('Ctrl Pts',(2.57208535175744,0.0246666666666644,0.0179011452326708));
#972=CARTESIAN_POINT('Ctrl Pts',(2.57208535175744,0.0246666666666644,0.018));
#973=CARTESIAN_POINT('Ctrl Pts',(2.6681688928377,-0.316583333333334,-0.012));
#974=CARTESIAN_POINT('Ctrl Pts',(2.64977780536983,-0.294598097969598,-0.012));
#975=CARTESIAN_POINT('Ctrl Pts',(2.63351057829297,-0.270712951832444,-0.0118283725362398));
#976=CARTESIAN_POINT('Ctrl Pts',(2.59586386208451,-0.201284394912094,-0.0105837677269031));
#977=CARTESIAN_POINT('Ctrl Pts',(2.57971046748971,-0.153295187104678,-0.00907833595189314));
#978=CARTESIAN_POINT('Ctrl Pts',(2.56858376317342,-0.0794240110880396,-0.00395145950964455));
#979=CARTESIAN_POINT('Ctrl Pts',(2.56737500000016,-0.0575808723022406,-0.00195705050471151));
#980=CARTESIAN_POINT('Ctrl Pts',(2.567375,-0.0390000000037363,0.000332322369319159));
#981=CARTESIAN_POINT('',(3.42791464824256,0.024666666666667,0.018));
#982=CARTESIAN_POINT('Ctrl Pts',(3.3318311071623,-0.316583333333334,-0.012));
#983=CARTESIAN_POINT('Ctrl Pts',(3.35076318059953,-0.293951387769035,-0.012));
#984=CARTESIAN_POINT('Ctrl Pts',(3.36730581190326,-0.269470247320143,-0.0118173551101525));
#985=CARTESIAN_POINT('Ctrl Pts',(3.40908599541137,-0.191602724171411,-0.0103865236457171));
#986=CARTESIAN_POINT('Ctrl Pts',(3.42443854958416,-0.137601864713208,-0.00844435817475624));
#987=CARTESIAN_POINT('Ctrl Pts',(3.43439727771017,-0.0462579231712748,-0.00114231919140603));
#988=CARTESIAN_POINT('Ctrl Pts',(3.4323623893527,-0.0145932940947445,0.00295717214663982));
#989=CARTESIAN_POINT('Ctrl Pts',(3.43004529030909,0.00833089563467127,0.00862721275143648));
#990=CARTESIAN_POINT('Ctrl Pts',(3.42929151688397,0.0147966651544039,0.0103638278651407));
#991=CARTESIAN_POINT('Ctrl Pts',(3.42850557918369,0.0205730004307518,0.0132459494201079));
#992=CARTESIAN_POINT('Ctrl Pts',(3.42831221063438,0.0219436151747363,0.0140429557653329));
#993=CARTESIAN_POINT('Ctrl Pts',(3.42809618263139,0.0234361057774385,0.0153775131039506));
#994=CARTESIAN_POINT('Ctrl Pts',(3.42803187431296,0.0238745215358996,0.015855501710827));
#995=CARTESIAN_POINT('Ctrl Pts',(3.42795578246595,0.0243899095396873,0.016724550988706));
#996=CARTESIAN_POINT('Ctrl Pts',(3.42793322170242,0.0245417501441514,0.0170890676049169));
#997=CARTESIAN_POINT('Ctrl Pts',(3.42791714582927,0.0246498869556561,0.017649808596153));
#998=CARTESIAN_POINT('Ctrl Pts',(3.42791464824256,0.0246666666666668,0.0178252515470123));
#999=CARTESIAN_POINT('Ctrl Pts',(3.42791464824256,0.0246666666666668,0.0180000000000002));
#1000=CARTESIAN_POINT('',(2.571375,-5.24914234284534E-17,0.018));
#1001=CARTESIAN_POINT('Origin',(3.,2.775558E-17,0.018));
#1002=CARTESIAN_POINT('Origin',(3.,2.775558E-17,0.018));
#1003=CARTESIAN_POINT('Origin',(3.,-0.039,-0.807));
#1004=CARTESIAN_POINT('',(2.57208535175744,0.024666666666667,0.023));
#1005=CARTESIAN_POINT('',(3.42791464824256,0.024666666666667,0.018));
#1006=CARTESIAN_POINT('',(2.567375,-0.039,-0.696084764272871));
#1007=CARTESIAN_POINT('',(2.567375,-0.039,-0.807));
#1008=CARTESIAN_POINT('',(3.432625,-0.039,-0.696084764272872));
#1009=CARTESIAN_POINT('Origin',(3.,-0.039000000000001,-0.696084764272871));
#1010=CARTESIAN_POINT('Origin',(3.,-0.039000000000001,-0.696084764272871));
#1011=CARTESIAN_POINT('Origin',(3.,-0.039,-4.6519263774821));
#1012=CARTESIAN_POINT('',(3.43167367452294,-0.039,-0.717873699959786));
#1013=CARTESIAN_POINT('Origin',(3.,-0.039,-0.717873699959786));
#1014=CARTESIAN_POINT('',(3.08748866352592,-0.039,-4.6519263774821));
#1015=CARTESIAN_POINT('Ctrl Pts',(3.432625,-0.039,-0.696084764272861));
#1016=CARTESIAN_POINT('Ctrl Pts',(3.432625,-0.471625,-0.696084764272861));
#1017=CARTESIAN_POINT('Ctrl Pts',(3.,-0.471625,-0.696084764272866));
#1018=CARTESIAN_POINT('Ctrl Pts',(2.567375,-0.471625,-0.696084764272871));
#1019=CARTESIAN_POINT('Ctrl Pts',(2.567375,-0.039,-0.696084764272871));
#1020=CARTESIAN_POINT('Ctrl Pts',(2.567375,0.393625,-0.696084764272871));
#1021=CARTESIAN_POINT('Ctrl Pts',(3.,0.393625,-0.696084764272866));
#1022=CARTESIAN_POINT('Ctrl Pts',(3.432625,0.393625,-0.696084764272861));
#1023=CARTESIAN_POINT('Ctrl Pts',(3.432625,-0.039,-0.696084764272861));
#1024=CARTESIAN_POINT('Ctrl Pts',(3.432625,-0.039,-0.706999999999993));
#1025=CARTESIAN_POINT('Ctrl Pts',(3.432625,-0.471625,-0.706999999999993));
#1026=CARTESIAN_POINT('Ctrl Pts',(3.,-0.471625,-0.706999999999998));
#1027=CARTESIAN_POINT('Ctrl Pts',(2.567375,-0.471625,-0.707000000000003));
#1028=CARTESIAN_POINT('Ctrl Pts',(2.567375,-0.039,-0.707000000000003));
#1029=CARTESIAN_POINT('Ctrl Pts',(2.567375,0.393625,-0.707000000000003));
#1030=CARTESIAN_POINT('Ctrl Pts',(3.,0.393625,-0.706999999999998));
#1031=CARTESIAN_POINT('Ctrl Pts',(3.432625,0.393625,-0.706999999999993));
#1032=CARTESIAN_POINT('Ctrl Pts',(3.432625,-0.039,-0.706999999999993));
#1033=CARTESIAN_POINT('Ctrl Pts',(3.43167367452294,-0.039,-0.717873699959786));
#1034=CARTESIAN_POINT('Ctrl Pts',(3.43167367452294,-0.470673674522935,-0.717873699959786));
#1035=CARTESIAN_POINT('Ctrl Pts',(3.,-0.470673674522935,-0.717873699959791));
#1036=CARTESIAN_POINT('Ctrl Pts',(2.56832632547706,-0.470673674522935,-0.717873699959796));
#1037=CARTESIAN_POINT('Ctrl Pts',(2.56832632547706,-0.039,-0.717873699959796));
#1038=CARTESIAN_POINT('Ctrl Pts',(2.56832632547706,0.392673674522935,-0.717873699959796));
#1039=CARTESIAN_POINT('Ctrl Pts',(3.,0.392673674522935,-0.717873699959791));
#1040=CARTESIAN_POINT('Ctrl Pts',(3.43167367452294,0.392673674522935,-0.717873699959786));
#1041=CARTESIAN_POINT('Ctrl Pts',(3.43167367452294,-0.039,-0.717873699959786));
#1042=CARTESIAN_POINT('Origin',(3.18262500000005,-0.039,-0.696084764272867));
#1043=CARTESIAN_POINT('Origin',(3.,0.,0.));
#1044=CARTESIAN_POINT('',(3.01711039998886,-0.428283346439272,0.395535643832966));
#1045=CARTESIAN_POINT('',(2.571375,-1.08552911585994E-14,0.373505727497162));
#1046=CARTESIAN_POINT('Ctrl Pts',(2.571375,-2.16526271977829E-14,0.373505727497162));
#1047=CARTESIAN_POINT('Ctrl Pts',(2.571375,-0.0356036074059242,0.328024092658199));
#1048=CARTESIAN_POINT('Ctrl Pts',(2.57580593722387,-0.0714558521555179,
0.283165619813068));
#1049=CARTESIAN_POINT('Ctrl Pts',(2.59181621570232,-0.133722357390182,0.214421112106844));
#1050=CARTESIAN_POINT('Ctrl Pts',(2.6028977118825,-0.166025038764017,0.18162622816109));
#1051=CARTESIAN_POINT('Ctrl Pts',(2.6366832626948,-0.229801657682005,0.135325127965643));
#1052=CARTESIAN_POINT('Ctrl Pts',(2.65261289716616,-0.251925015487824,0.125912319350855));
#1053=CARTESIAN_POINT('Ctrl Pts',(2.67362508597051,-0.278150625152832,0.11829283091367));
#1054=CARTESIAN_POINT('Ctrl Pts',(2.68235296960436,-0.288092434119811,0.116618187024944));
#1055=CARTESIAN_POINT('Ctrl Pts',(2.70012314000865,-0.306502324862286,0.116076143099574));
#1056=CARTESIAN_POINT('Ctrl Pts',(2.70894902663149,-0.314886090387555,0.117013324342098));
#1057=CARTESIAN_POINT('Ctrl Pts',(2.73553952325474,-0.338115804947269,0.122950040424501));
#1058=CARTESIAN_POINT('Ctrl Pts',(2.75341561644279,-0.351227238067843,0.130826399918405));
#1059=CARTESIAN_POINT('Ctrl Pts',(2.79525083296098,-0.377627025068175,0.15573006842312));
#1060=CARTESIAN_POINT('Ctrl Pts',(2.8189834236025,-0.38927619773629,0.174827106986336));
#1061=CARTESIAN_POINT('Ctrl Pts',(2.89941428155144,-0.42130474568995,0.249119067873547));
#1062=CARTESIAN_POINT('Ctrl Pts',(2.95933145757541,-0.430591679984918,0.323373598433457));
#1063=CARTESIAN_POINT('Ctrl Pts',(3.01711039998886,-0.428283346439272,0.395535643832966));
#1064=CARTESIAN_POINT('',(2.571375,-5.24914234284534E-17,0.));
#1065=CARTESIAN_POINT('',(3.01742538740691,-0.42827064629901,0.395927766196816));
#1066=CARTESIAN_POINT('Ctrl Pts',(3.01742564618312,-0.428270635790152,0.395927632977037));
#1067=CARTESIAN_POINT('Ctrl Pts',(3.05778982172645,-0.426628282141054,0.446341502687698));
#1068=CARTESIAN_POINT('Ctrl Pts',(3.09988625916891,-0.419201378378556,0.499610417265838));
#1069=CARTESIAN_POINT('Ctrl Pts',(3.16324136987118,-0.39696428726446,0.569373055392116));
#1070=CARTESIAN_POINT('Ctrl Pts',(3.19186703186517,-0.384969091689724,0.599534114397993));
#1071=CARTESIAN_POINT('Ctrl Pts',(3.24048040743455,-0.355423101025908,0.63702429583326));
#1072=CARTESIAN_POINT('Ctrl Pts',(3.26066162697023,-0.341396281775347,0.650010656141788));
#1073=CARTESIAN_POINT('Ctrl Pts',(3.29626565909134,-0.310356559313159,0.660359386264392));
#1074=CARTESIAN_POINT('Ctrl Pts',(3.3073064106583,-0.29898933657108,0.660134755912823));
#1075=CARTESIAN_POINT('Ctrl Pts',(3.32412978285875,-0.280819697168326,0.658038357521339));
#1076=CARTESIAN_POINT('Ctrl Pts',(3.33276874724198,-0.270482346900894,0.654789024498624));
#1077=CARTESIAN_POINT('Ctrl Pts',(3.35618352858193,-0.239779932675007,0.640455306867989));
#1078=CARTESIAN_POINT('Ctrl Pts',(3.37057613807488,-0.217171473045898,0.624234423360416));
#1079=CARTESIAN_POINT('Ctrl Pts',(3.40573735000464,-0.147157783248544,0.559841165897214));
#1080=CARTESIAN_POINT('Ctrl Pts',(3.41773643880565,-0.10278652345244,0.504042473339837));
#1081=CARTESIAN_POINT('Ctrl Pts',(3.4324637104358,-0.00900706627344589,
0.385655376794396));
#1082=CARTESIAN_POINT('Ctrl Pts',(3.42983007802189,0.0505321333830357,0.306523093730165));
#1083=CARTESIAN_POINT('Ctrl Pts',(3.40761238370267,0.135458858026854,0.213853335041095));
#1084=CARTESIAN_POINT('Ctrl Pts',(3.39711571308658,0.16476625955356,0.184905709780852));
#1085=CARTESIAN_POINT('Ctrl Pts',(3.37076981150989,0.216434887361189,0.14562076428375));
#1086=CARTESIAN_POINT('Ctrl Pts',(3.35597491156074,0.241005234216201,0.130321583111897));
#1087=CARTESIAN_POINT('Ctrl Pts',(3.32714909594167,0.277259710756418,0.118941297130481));
#1088=CARTESIAN_POINT('Ctrl Pts',(3.31814590048731,0.287564185302028,0.116975759895328));
#1089=CARTESIAN_POINT('Ctrl Pts',(3.29920231319001,0.307212114174584,0.115977919099218));
#1090=CARTESIAN_POINT('Ctrl Pts',(3.28952680231769,0.316342189265165,0.116885134212944));
#1091=CARTESIAN_POINT('Ctrl Pts',(3.26253192666432,0.339544344206283,0.123066682457658));
#1092=CARTESIAN_POINT('Ctrl Pts',(3.24525736443605,0.352107435655865,0.130596483163987));
#1093=CARTESIAN_POINT('Ctrl Pts',(3.19745856536797,0.38214905691138,0.158672617825667));
#1094=CARTESIAN_POINT('Ctrl Pts',(3.16720419093764,0.39576310112692,0.184791871862496));
#1095=CARTESIAN_POINT('Ctrl Pts',(3.06955449433305,0.429339227558132,0.281767081991999));
#1096=CARTESIAN_POINT('Ctrl Pts',(2.99749841801487,0.434059171049609,0.378208478475161));
#1097=CARTESIAN_POINT('Ctrl Pts',(2.8876093474751,0.415843626000212,0.514766432567181));
#1098=CARTESIAN_POINT('Ctrl Pts',(2.84958860372137,0.40309366121928,0.558984008126198));
#1099=CARTESIAN_POINT('Ctrl Pts',(2.80141354317831,0.380185931081616,0.605650310128593));
#1100=CARTESIAN_POINT('Ctrl Pts',(2.77918518170203,0.368561380792206,0.625928033315753));
#1101=CARTESIAN_POINT('Ctrl Pts',(2.73955880147283,0.340938272937647,0.650251545630455));
#1102=CARTESIAN_POINT('Ctrl Pts',(2.72411128453406,0.328688863783848,0.657043720128962));
#1103=CARTESIAN_POINT('Ctrl Pts',(2.6982955785695,0.304797008121414,0.661367716919232));
#1104=CARTESIAN_POINT('Ctrl Pts',(2.68835661298596,0.294622728810167,0.661013749528146));
#1105=CARTESIAN_POINT('Ctrl Pts',(2.66312958389698,0.266088470264589,0.654408264582918));
#1106=CARTESIAN_POINT('Ctrl Pts',(2.64971448688056,0.247885872449214,0.644675436695638));
#1107=CARTESIAN_POINT('Ctrl Pts',(2.62559411430126,0.210057484134833,0.617984935070542));
#1108=CARTESIAN_POINT('Ctrl Pts',(2.61365250078311,0.187676613845073,0.597921187907932));
#1109=CARTESIAN_POINT('Ctrl Pts',(2.58483413360112,0.117098161103068,0.523787858671847));
#1110=CARTESIAN_POINT('Ctrl Pts',(2.57507497821351,0.0714505739029782,0.465158705101102));
#1111=CARTESIAN_POINT('Ctrl Pts',(2.57166863165005,0.018303098185597,0.396949870787729));
#1112=CARTESIAN_POINT('Ctrl Pts',(2.571375,0.0091599425855153,0.385207046385209));
#1113=CARTESIAN_POINT('Ctrl Pts',(2.571375,-2.16253087178463E-14,0.373505727497163));
#1114=CARTESIAN_POINT('',(3.01726830834308,-0.428276979793072,0.395731573205964));
#1115=CARTESIAN_POINT('Ctrl Pts',(3.01719808861352,-0.440298564397872,0.396163071848434));
#1116=CARTESIAN_POINT('Ctrl Pts',(3.01802391023871,-0.436075235281968,0.395334480440133));
#1117=CARTESIAN_POINT('Ctrl Pts',(3.01806723087976,-0.427005071970487,0.395285215692213));
#1118=CARTESIAN_POINT('Ctrl Pts',(3.01329609042574,-0.41518337190947,0.400048621026467));
#1119=CARTESIAN_POINT('Ctrl Pts',(3.0049713582169,-0.408340717558109,0.408368890039358));
#1120=CARTESIAN_POINT('Ctrl Pts',(2.99534817298053,-0.408344459755686,0.417992102045662));
#1121=CARTESIAN_POINT('Ctrl Pts',(2.98702103999923,-0.415162369836036,0.426323724085971));
#1122=CARTESIAN_POINT('Ctrl Pts',(2.98225178869715,-0.426984861289681,0.431100735134773));
#1123=CARTESIAN_POINT('Ctrl Pts',(2.98229570035216,-0.43605363246685,0.431062766453887));
#1124=CARTESIAN_POINT('Ctrl Pts',(2.98312173609759,-0.440277960366894,0.430239496971905));
#1125=CARTESIAN_POINT('Ctrl Pts',(3.0495939488979,-0.440396640696552,0.436131676235355));
#1126=CARTESIAN_POINT('Ctrl Pts',(3.05029366043887,-0.436178989023253,0.43514864094758));
#1127=CARTESIAN_POINT('Ctrl Pts',(3.0500662950832,-0.427109304711304,0.434767764635294));
#1128=CARTESIAN_POINT('Ctrl Pts',(3.04494391473828,-0.415255848400098,0.439100571659487));
#1129=CARTESIAN_POINT('Ctrl Pts',(3.03641757661832,-0.408357465216959,0.447173334650591));
#1130=CARTESIAN_POINT('Ctrl Pts',(3.02679688445486,-0.408296600551626,0.456798998472763));
#1131=CARTESIAN_POINT('Ctrl Pts',(3.01867571975779,-0.415058450636882,0.465382428466564));
#1132=CARTESIAN_POINT('Ctrl Pts',(3.01426015241847,-0.426848633044751,0.47059243466028));
#1133=CARTESIAN_POINT('Ctrl Pts',(3.01457475407029,-0.435917445588292,0.470886087296473));
#1134=CARTESIAN_POINT('Ctrl Pts',(3.01552645920785,-0.440147252410932,0.470216825833298));
#1135=CARTESIAN_POINT('Ctrl Pts',(3.11397521864085,-0.433417215564603,0.515673987700571));
#1136=CARTESIAN_POINT('Ctrl Pts',(3.11440864442203,-0.429250809025928,0.514350397982197));
#1137=CARTESIAN_POINT('Ctrl Pts',(3.11365001204559,-0.420253355030416,0.513275114175511));
#1138=CARTESIAN_POINT('Ctrl Pts',(3.10794995632645,-0.408386722473572,0.516805538838868));
#1139=CARTESIAN_POINT('Ctrl Pts',(3.09922121924561,-0.401357323757737,0.524532202905426));
#1140=CARTESIAN_POINT('Ctrl Pts',(3.08983129509323,-0.401081319544916,0.534363752321016));
#1141=CARTESIAN_POINT('Ctrl Pts',(3.08230609981084,-0.407605045699455,0.54364559249105));
#1142=CARTESIAN_POINT('Ctrl Pts',(3.07869628549413,-0.41919556834564,0.549861711752659));
#1143=CARTESIAN_POINT('Ctrl Pts',(3.07953838991599,-0.428195446046361,0.550847402152496));
#1144=CARTESIAN_POINT('Ctrl Pts',(3.08071845675105,-0.432409587797149,0.550483875084986));
#1145=CARTESIAN_POINT('Ctrl Pts',(3.20494084538074,-0.40167342040657,0.611656205548299));
#1146=CARTESIAN_POINT('Ctrl Pts',(3.20475175339532,-0.397692682704275,0.609697909058975));
#1147=CARTESIAN_POINT('Ctrl Pts',(3.20284773162313,-0.38902245086994,0.607441531865929));
#1148=CARTESIAN_POINT('Ctrl Pts',(3.19619062002183,-0.377380409338239,0.609939208496589));
#1149=CARTESIAN_POINT('Ctrl Pts',(3.1875251344651,-0.37024868145619,0.617652062978863));
#1150=CARTESIAN_POINT('Ctrl Pts',(3.17920466718964,-0.369569225327047,0.628494288126707));
#1151=CARTESIAN_POINT('Ctrl Pts',(3.17346060325373,-0.375500745250678,0.639534692416483));
#1152=CARTESIAN_POINT('Ctrl Pts',(3.17186739873605,-0.386467208337838,0.647785215241439));
#1153=CARTESIAN_POINT('Ctrl Pts',(3.17384399057832,-0.395144890349763,0.649942913929276));
#1154=CARTESIAN_POINT('Ctrl Pts',(3.17546424324854,-0.399241233440385,0.650040563035246));
#1155=CARTESIAN_POINT('Ctrl Pts',(3.27136469837057,-0.360308815195488,0.657026720504477));
#1156=CARTESIAN_POINT('Ctrl Pts',(3.27013550559724,-0.356960172399281,0.654325819680731));
#1157=CARTESIAN_POINT('Ctrl Pts',(3.26642525641994,-0.34934782944473,0.650717469404338));
#1158=CARTESIAN_POINT('Ctrl Pts',(3.25860529432652,-0.338249273462954,0.652128864545782));
#1159=CARTESIAN_POINT('Ctrl Pts',(3.25063974971322,-0.330469482810936,0.659992044679536));
#1160=CARTESIAN_POINT('Ctrl Pts',(3.24469436274707,-0.328124017552828,0.67218053574771));
#1161=CARTESIAN_POINT('Ctrl Pts',(3.2423552920573,-0.331825017189006,0.685398974629677));
#1162=CARTESIAN_POINT('Ctrl Pts',(3.24427923628753,-0.340596701411398,0.696070523600509));
#1163=CARTESIAN_POINT('Ctrl Pts',(3.24804102121446,-0.348231820187395,0.699569305694295));
#1164=CARTESIAN_POINT('Ctrl Pts',(3.25029324005504,-0.351981792216638,0.700177194056195));
#1165=CARTESIAN_POINT('Ctrl Pts',(3.31717016845871,-0.319829779938674,0.667589790990953));
#1166=CARTESIAN_POINT('Ctrl Pts',(3.31478094243649,-0.317523648173773,0.664628029486231));
#1167=CARTESIAN_POINT('Ctrl Pts',(3.30905701510554,-0.311679617511856,0.660493416385724));
#1168=CARTESIAN_POINT('Ctrl Pts',(3.2999424151017,-0.301575834507317,0.661314233285544));
#1169=CARTESIAN_POINT('Ctrl Pts',(3.29276046508352,-0.292861828186643,0.668945397709923));
#1170=CARTESIAN_POINT('Ctrl Pts',(3.28946514999889,-0.287905861225671,0.681323479824288));
#1171=CARTESIAN_POINT('Ctrl Pts',(3.29092559356134,-0.288025990808011,0.695101243702821));
#1172=CARTESIAN_POINT('Ctrl Pts',(3.29677145434376,-0.293214804908782,0.706551258711753));
#1173=CARTESIAN_POINT('Ctrl Pts',(3.30252462497632,-0.299103565239935,0.710574726453886));
#1174=CARTESIAN_POINT('Ctrl Pts',(3.30548031099,-0.302260789202571,0.711410809877326));
#1175=CARTESIAN_POINT('Ctrl Pts',(3.36495193246688,-0.267031947774967,0.660326147602096));
#1176=CARTESIAN_POINT('Ctrl Pts',(3.36130519938158,-0.266191031300215,0.657740111640628));
#1177=CARTESIAN_POINT('Ctrl Pts',(3.35338161215315,-0.262851507940269,0.654160119631464));
#1178=CARTESIAN_POINT('Ctrl Pts',(3.34279580945807,-0.254224146983851,0.655002697365332));
#1179=CARTESIAN_POINT('Ctrl Pts',(3.33637102671162,-0.244303932967183,0.661838201170269));
#1180=CARTESIAN_POINT('Ctrl Pts',(3.33585734367474,-0.235784177670298,0.672818176151284));
#1181=CARTESIAN_POINT('Ctrl Pts',(3.34137003105528,-0.230948797364473,0.684973783163754));
#1182=CARTESIAN_POINT('Ctrl Pts',(3.35144462477219,-0.231128243341767,0.695015943584505));
#1183=CARTESIAN_POINT('Ctrl Pts',(3.35937356329361,-0.234543120908854,0.698496776250909));
#1184=CARTESIAN_POINT('Ctrl Pts',(3.36310802155235,-0.236848479711293,0.699197804417266));
#1185=CARTESIAN_POINT('Ctrl Pts',(3.43795230334062,-0.142844379393539,0.569547728339111));
#1186=CARTESIAN_POINT('Ctrl Pts',(3.43358530733426,-0.143643707361847,0.568503282792526));
#1187=CARTESIAN_POINT('Ctrl Pts',(3.42430725087314,-0.143216351877561,0.567522963174515));
#1188=CARTESIAN_POINT('Ctrl Pts',(3.41249508053119,-0.136680803503724,0.569773067206505));
#1189=CARTESIAN_POINT('Ctrl Pts',(3.40598131810166,-0.126007925984219,0.575140136587347));
#1190=CARTESIAN_POINT('Ctrl Pts',(3.40654213192946,-0.114093344461168,0.582174039226365));
#1191=CARTESIAN_POINT('Ctrl Pts',(3.4139985637917,-0.104141355636428,0.588971038470485));
#1192=CARTESIAN_POINT('Ctrl Pts',(3.42636424770759,-0.098863751163977,0.593693311290527));
#1193=CARTESIAN_POINT('Ctrl Pts',(3.43563726306906,-0.099396191367524,0.594607403724529));
#1194=CARTESIAN_POINT('Ctrl Pts',(3.43990824489038,-0.100644984646964,0.594446958071876));
#1195=CARTESIAN_POINT('Ctrl Pts',(3.45248035160671,0.036638177842471,0.316444563767685));
#1196=CARTESIAN_POINT('Ctrl Pts',(3.4482747497577,0.035571604554629,0.316005469703279));
#1197=CARTESIAN_POINT('Ctrl Pts',(3.43918446108306,0.035376119179725,0.316302402766445));
#1198=CARTESIAN_POINT('Ctrl Pts',(3.4271786052474,0.040957422153798,0.320157999139151));
#1199=CARTESIAN_POINT('Ctrl Pts',(3.4200469502426,0.050914243377798,0.326385771423363));
#1200=CARTESIAN_POINT('Ctrl Pts',(3.41973358316594,0.062550684250665,0.333297178406829));
#1201=CARTESIAN_POINT('Ctrl Pts',(3.42629449013029,0.072726877878984,0.339031714560638));
#1202=CARTESIAN_POINT('Ctrl Pts',(3.43798685915807,0.078682083877336,0.342027930859425));
#1203=CARTESIAN_POINT('Ctrl Pts',(3.44707855002703,0.078773511422407,0.341666979021814));
#1204=CARTESIAN_POINT('Ctrl Pts',(3.45133968423593,0.077841187850853,0.340921094951353));
#1205=CARTESIAN_POINT('Ctrl Pts',(3.39584815196954,0.182392218526793,0.16529149532614));
#1206=CARTESIAN_POINT('Ctrl Pts',(3.39183512505672,0.180545563177639,0.165632737091924));
#1207=CARTESIAN_POINT('Ctrl Pts',(3.38318130924153,0.178421086809565,0.168022972752106));
#1208=CARTESIAN_POINT('Ctrl Pts',(3.37181921932896,0.180773445969951,0.175765424208545));
#1209=CARTESIAN_POINT('Ctrl Pts',(3.36514533510347,0.188038329627014,0.185578644396385));
#1210=CARTESIAN_POINT('Ctrl Pts',(3.36497730540227,0.19825353763896,0.19480096318684));
#1211=CARTESIAN_POINT('Ctrl Pts',(3.37133659992754,0.208652987856853,0.20095370426513));
#1212=CARTESIAN_POINT('Ctrl Pts',(3.38252925961223,0.216427534459855,0.202354796856004));
#1213=CARTESIAN_POINT('Ctrl Pts',(3.39118181699712,0.218461212871758,0.199880501246054));
#1214=CARTESIAN_POINT('Ctrl Pts',(3.39522680118631,0.218552586685348,0.197956606921251));
#1215=CARTESIAN_POINT('Ctrl Pts',(3.34306003091355,0.261087752385647,0.120021934049112));
#1216=CARTESIAN_POINT('Ctrl Pts',(3.3395941694913,0.258476344759053,0.120797190958464));
#1217=CARTESIAN_POINT('Ctrl Pts',(3.33238732008283,0.254182495166259,0.124552818739522));
#1218=CARTESIAN_POINT('Ctrl Pts',(3.32366250834743,0.252250880076361,0.135271602974536));
#1219=CARTESIAN_POINT('Ctrl Pts',(3.31938168585072,0.2553562935554,0.148187916133827));
#1220=CARTESIAN_POINT('Ctrl Pts',(3.32071371529905,0.262663958638877,0.159799360839828));
#1221=CARTESIAN_POINT('Ctrl Pts',(3.32727765895977,0.272188915006774,0.166984348278007));
#1222=CARTESIAN_POINT('Ctrl Pts',(3.33732066340167,0.281364081789579,0.16777830959056));
#1223=CARTESIAN_POINT('Ctrl Pts',(3.34451348862391,0.285591645657108,0.163918726200805));
#1224=CARTESIAN_POINT('Ctrl Pts',(3.34775290960154,0.286948830196373,0.161148861937119));
#1225=CARTESIAN_POINT('Ctrl Pts',(3.29231154559444,0.316275608321878,0.112301059404135));
#1226=CARTESIAN_POINT('Ctrl Pts',(3.28953264184228,0.312936576053709,0.113121335998622));
#1227=CARTESIAN_POINT('Ctrl Pts',(3.28425662266968,0.30653176800243,0.117142763057376));
#1228=CARTESIAN_POINT('Ctrl Pts',(3.27931404526765,0.300326334765322,0.128675979404458));
#1229=CARTESIAN_POINT('Ctrl Pts',(3.27868149085221,0.299202785568964,0.142603405296932));
#1230=CARTESIAN_POINT('Ctrl Pts',(3.28253755278519,0.303473876001447,0.155148929444616));
#1231=CARTESIAN_POINT('Ctrl Pts',(3.28982575230451,0.311968318643245,0.162938980864723));
#1232=CARTESIAN_POINT('Ctrl Pts',(3.2985895196116,0.322406079721219,0.163844703496374));
#1233=CARTESIAN_POINT('Ctrl Pts',(3.30382952355606,0.328770936583405,0.159711396660609));
#1234=CARTESIAN_POINT('Ctrl Pts',(3.30594775660941,0.331378272306019,0.156735607796032));
#1235=CARTESIAN_POINT('Ctrl Pts',(3.23486786970444,0.362277858970091,0.133369802091442));
#1236=CARTESIAN_POINT('Ctrl Pts',(3.23276778663137,0.35844053639952,0.133874176496159));
#1237=CARTESIAN_POINT('Ctrl Pts',(3.22942737008226,0.350550062414692,0.137102469724168));
#1238=CARTESIAN_POINT('Ctrl Pts',(3.22832629794882,0.341259218475678,0.147288692964083));
#1239=CARTESIAN_POINT('Ctrl Pts',(3.23143837883981,0.337024593029074,0.160074793336544));
#1240=CARTESIAN_POINT('Ctrl Pts',(3.23792755503543,0.339002107564013,0.171993452412424));
#1241=CARTESIAN_POINT('Ctrl Pts',(3.24602933289216,0.34663703380018,0.179840187555087));
#1242=CARTESIAN_POINT('Ctrl Pts',(3.25356281934922,0.357885765571984,0.18147117438138));
#1243=CARTESIAN_POINT('Ctrl Pts',(3.25684523644483,0.365755659107784,0.178135986926989));
#1244=CARTESIAN_POINT('Ctrl Pts',(3.2578306624188,0.369256494054811,0.175584453505119));
#1245=CARTESIAN_POINT('Ctrl Pts',(3.15443674282163,0.408885152752231,0.192648866635873));
#1246=CARTESIAN_POINT('Ctrl Pts',(3.1529434173732,0.404739794125327,0.192637097361692));
#1247=CARTESIAN_POINT('Ctrl Pts',(3.15130981194959,0.395924219711733,0.19450433019734));
#1248=CARTESIAN_POINT('Ctrl Pts',(3.15355593801007,0.384692014340476,0.20221928185149));
#1249=CARTESIAN_POINT('Ctrl Pts',(3.15989948448344,0.378486015635882,0.212770640481435));
#1250=CARTESIAN_POINT('Ctrl Pts',(3.16862701820622,0.37899776572589,0.22329715588421));
#1251=CARTESIAN_POINT('Ctrl Pts',(3.1773753812585,0.386064206199866,0.230967433307719));
#1252=CARTESIAN_POINT('Ctrl Pts',(3.18378138186042,0.397800823259347,0.233689010109743));
#1253=CARTESIAN_POINT('Ctrl Pts',(3.18533744560563,0.406608925746532,0.231726460774229));
#1254=CARTESIAN_POINT('Ctrl Pts',(3.18533107458046,0.410669606939097,0.229931151811297));
#1255=CARTESIAN_POINT('Ctrl Pts',(3.04796360972593,0.441741336149709,0.312111872785678));
#1256=CARTESIAN_POINT('Ctrl Pts',(3.04690281242909,0.437502058411178,0.311582991117741));
#1257=CARTESIAN_POINT('Ctrl Pts',(3.04637704391386,0.428416428875253,0.31215716783516));
#1258=CARTESIAN_POINT('Ctrl Pts',(3.05057290334261,0.416631519848364,0.317679661323736));
#1259=CARTESIAN_POINT('Ctrl Pts',(3.0586272662445,0.409875373090553,0.326377336516717));
#1260=CARTESIAN_POINT('Ctrl Pts',(3.06835900382204,0.409989965457645,0.335893319212966));
#1261=CARTESIAN_POINT('Ctrl Pts',(3.07714255188529,0.416916579567568,0.343663760831031));
#1262=CARTESIAN_POINT('Ctrl Pts',(3.0825949474523,0.428812354796737,0.347575387761689));
#1263=CARTESIAN_POINT('Ctrl Pts',(3.0830342440172,0.437895703247942,0.346914269503604));
#1264=CARTESIAN_POINT('Ctrl Pts',(3.08242279164449,0.442116857389604,0.345810367067808));
#1265=CARTESIAN_POINT('Ctrl Pts',(2.91706324198188,0.44205073339418,0.480863342074451));
#1266=CARTESIAN_POINT('Ctrl Pts',(2.91645627880715,0.437830627611725,0.479757313792578));
#1267=CARTESIAN_POINT('Ctrl Pts',(2.91690395921869,0.428747558684612,0.479091293831972));
#1268=CARTESIAN_POINT('Ctrl Pts',(2.92236647815208,0.416857131331307,0.482996637347485));
#1269=CARTESIAN_POINT('Ctrl Pts',(2.93115140958075,0.409914555720797,0.490757345504019));
#1270=CARTESIAN_POINT('Ctrl Pts',(2.94087905906761,0.409813093365362,0.500271265335925));
#1271=CARTESIAN_POINT('Ctrl Pts',(2.94892691003727,0.416550909563403,0.508972538403655));
#1272=CARTESIAN_POINT('Ctrl Pts',(2.95310867560919,0.428337900813225,0.514499011961498));
#1273=CARTESIAN_POINT('Ctrl Pts',(2.95257395909953,0.43742044820196,0.515078207291983));
#1274=CARTESIAN_POINT('Ctrl Pts',(2.95150994769568,0.441659710002631,0.514551752803426));
#1275=CARTESIAN_POINT('Ctrl Pts',(2.81420374535259,0.410505691399841,0.596436960343095));
#1276=CARTESIAN_POINT('Ctrl Pts',(2.8141975670081,0.406447186947448,0.594629914420651));
#1277=CARTESIAN_POINT('Ctrl Pts',(2.81575438242832,0.397640149981852,0.592644059311047));
#1278=CARTESIAN_POINT('Ctrl Pts',(2.82215860372518,0.38590394717776,0.59534333916077));
#1279=CARTESIAN_POINT('Ctrl Pts',(2.83090800729296,0.378814733303134,0.602998810980512));
#1280=CARTESIAN_POINT('Ctrl Pts',(2.839626054633,0.378302413331729,0.613540357546348));
#1281=CARTESIAN_POINT('Ctrl Pts',(2.84597459455242,0.384481451577459,0.624117823479449));
#1282=CARTESIAN_POINT('Ctrl Pts',(2.84821501248388,0.395707889829425,0.631868598127892));
#1283=CARTESIAN_POINT('Ctrl Pts',(2.84658287254057,0.404521292808615,0.633758109161521));
#1284=CARTESIAN_POINT('Ctrl Pts',(2.84508880170152,0.408666287817698,0.633756503619524));
#1285=CARTESIAN_POINT('Ctrl Pts',(2.74175948634535,0.369001593370395,0.650612260227286));
#1286=CARTESIAN_POINT('Ctrl Pts',(2.74275515912661,0.36550725702839,0.648054658753708));
#1287=CARTESIAN_POINT('Ctrl Pts',(2.74605704739113,0.357646958711956,0.644707073470938));
#1288=CARTESIAN_POINT('Ctrl Pts',(2.75360437989395,0.346407532141303,0.646328360477096));
#1289=CARTESIAN_POINT('Ctrl Pts',(2.76171128358497,0.338756109167945,0.654163093881136));
#1290=CARTESIAN_POINT('Ctrl Pts',(2.76817506864453,0.336774848537404,0.666092711397535));
#1291=CARTESIAN_POINT('Ctrl Pts',(2.77126713978913,0.340975115257612,0.678891506466123));
#1292=CARTESIAN_POINT('Ctrl Pts',(2.77012949690498,0.350248402188247,0.689096423060965));
#1293=CARTESIAN_POINT('Ctrl Pts',(2.76677096511736,0.358127328069002,0.692336240291487));
#1294=CARTESIAN_POINT('Ctrl Pts',(2.76466369955145,0.361961332332742,0.692845806798215));
#1295=CARTESIAN_POINT('Ctrl Pts',(2.6936865095089,0.331050135341261,0.669269320744989));
#1296=CARTESIAN_POINT('Ctrl Pts',(2.69581685096477,0.328457227695359,0.666284417215071));
#1297=CARTESIAN_POINT('Ctrl Pts',(2.70107963290999,0.322117807479098,0.662132925645291));
#1298=CARTESIAN_POINT('Ctrl Pts',(2.70985735149774,0.31170437257326,0.663023030397018));
#1299=CARTESIAN_POINT('Ctrl Pts',(2.71714876815046,0.303198385314624,0.670799539434055));
#1300=CARTESIAN_POINT('Ctrl Pts',(2.72097081266918,0.298912122659321,0.683359414847999));
#1301=CARTESIAN_POINT('Ctrl Pts',(2.72031098334556,0.299982044431564,0.697306800755681));
#1302=CARTESIAN_POINT('Ctrl Pts',(2.71532410237432,0.306144381473554,0.708867819403598));
#1303=CARTESIAN_POINT('Ctrl Pts',(2.71002740673367,0.312522642711376,0.71290672575836));
#1304=CARTESIAN_POINT('Ctrl Pts',(2.70724009879749,0.315851518754921,0.713734537752446));
#1305=CARTESIAN_POINT('Ctrl Pts',(2.65191676865348,0.286584556263562,0.664837897884211));
#1306=CARTESIAN_POINT('Ctrl Pts',(2.65516166386531,0.285231869249299,0.662075976580394));
#1307=CARTESIAN_POINT('Ctrl Pts',(2.66236929116743,0.281008817811007,0.658227325728553));
#1308=CARTESIAN_POINT('Ctrl Pts',(2.67243184845867,0.271830573329106,0.659023328599387));
#1309=CARTESIAN_POINT('Ctrl Pts',(2.67902616383798,0.262283757691364,0.666181780823514));
#1310=CARTESIAN_POINT('Ctrl Pts',(2.68035731651178,0.254962120225811,0.677767436691411));
#1311=CARTESIAN_POINT('Ctrl Pts',(2.67608716832883,0.251823066147461,0.690646728531842));
#1312=CARTESIAN_POINT('Ctrl Pts',(2.66734604269811,0.253740907054225,0.70133582473092));
#1313=CARTESIAN_POINT('Ctrl Pts',(2.66012561969341,0.258028344183606,0.705079786210457));
#1314=CARTESIAN_POINT('Ctrl Pts',(2.65665273261294,0.26063994368227,0.705852776766472));
#1315=CARTESIAN_POINT('Ctrl Pts',(2.62228923313187,0.243705174053338,0.641543691422487));
#1316=CARTESIAN_POINT('Ctrl Pts',(2.6260357759149,0.243150989297448,0.639297368514214));
#1317=CARTESIAN_POINT('Ctrl Pts',(2.63414893759315,0.240320715367536,0.636295814482559));
#1318=CARTESIAN_POINT('Ctrl Pts',(2.64491196339944,0.232059332109262,0.637471172238766));
#1319=CARTESIAN_POINT('Ctrl Pts',(2.65135891096924,0.222007862587147,0.64401388970283));
#1320=CARTESIAN_POINT('Ctrl Pts',(2.65173324776898,0.212894892401537,0.654154974070912));
#1321=CARTESIAN_POINT('Ctrl Pts',(2.64595820073267,0.207165174752922,0.665151974414883));
#1322=CARTESIAN_POINT('Ctrl Pts',(2.63556836587307,0.206390619157422,0.67402963002592));
#1323=CARTESIAN_POINT('Ctrl Pts',(2.62745139443086,0.209301533113357,0.676939015355985));
#1324=CARTESIAN_POINT('Ctrl Pts',(2.62364075941331,0.211422060683914,0.677444924542984));
#1325=CARTESIAN_POINT('Ctrl Pts',(2.59252560006002,0.187940403266889,0.597248193909246));
#1326=CARTESIAN_POINT('Ctrl Pts',(2.59661390194686,0.188066831902246,0.595587437116202));
#1327=CARTESIAN_POINT('Ctrl Pts',(2.60536109862691,0.18644375402292,0.593582460113373));
#1328=CARTESIAN_POINT('Ctrl Pts',(2.61667092261341,0.179047100547882,0.595330910959231));
#1329=CARTESIAN_POINT('Ctrl Pts',(2.62311224067995,0.168679263572195,0.60136860571521));
#1330=CARTESIAN_POINT('Ctrl Pts',(2.62292988038576,0.158154358386489,0.610063628491682));
#1331=CARTESIAN_POINT('Ctrl Pts',(2.61619795452652,0.150299098182549,0.619063757492655));
#1332=CARTESIAN_POINT('Ctrl Pts',(2.60470949073172,0.147260004475155,0.625934537508539));
#1333=CARTESIAN_POINT('Ctrl Pts',(2.59596333985735,0.148975456849492,0.627859071706239));
#1334=CARTESIAN_POINT('Ctrl Pts',(2.59190667145159,0.150658763038317,0.628028992406771));
#1335=CARTESIAN_POINT('Ctrl Pts',(2.55649021561895,0.086789419241802,0.490472361131575));
#1336=CARTESIAN_POINT('Ctrl Pts',(2.56075221353706,0.087593086907768,0.489607382464111));
#1337=CARTESIAN_POINT('Ctrl Pts',(2.56986835239697,0.087228187061791,0.48902527167216));
#1338=CARTESIAN_POINT('Ctrl Pts',(2.58164701082795,0.080921421890485,0.491829463878488));
#1339=CARTESIAN_POINT('Ctrl Pts',(2.58834594614086,0.07055092077821,0.497557759904754));
#1340=CARTESIAN_POINT('Ctrl Pts',(2.58813879200035,0.058929899150767,0.504661128868177));
#1341=CARTESIAN_POINT('Ctrl Pts',(2.58110908866143,0.049184417389253,0.511219241597051));
#1342=CARTESIAN_POINT('Ctrl Pts',(2.56912753282822,0.043969209360005,0.515456542134348));
#1343=CARTESIAN_POINT('Ctrl Pts',(2.56001333408015,0.044436960717131,0.5159722326402));
#1344=CARTESIAN_POINT('Ctrl Pts',(2.55578654457276,0.045630591708422,0.515619946012099));
#1345=CARTESIAN_POINT('Ctrl Pts',(2.55584783598604,-0.04574474147535,0.310296324480155));
#1346=CARTESIAN_POINT('Ctrl Pts',(2.56007164550312,-0.044549123569656,0.309953858531383));
#1347=CARTESIAN_POINT('Ctrl Pts',(2.56917753249127,-0.044075304203872,0.310490113057374));
#1348=CARTESIAN_POINT('Ctrl Pts',(2.58113149201762,-0.049280991388502,0.314750988205143));
#1349=CARTESIAN_POINT('Ctrl Pts',(2.58815056545587,-0.059006537676358,0.321320464966953));
#1350=CARTESIAN_POINT('Ctrl Pts',(2.58832231195126,-0.070621664263969,0.3284158375098));
#1351=CARTESIAN_POINT('Ctrl Pts',(2.5816268908465,-0.08098678617745,0.334130013221219));
#1352=CARTESIAN_POINT('Ctrl Pts',(2.56984610279555,-0.087296325861958,0.336903439885973));
#1353=CARTESIAN_POINT('Ctrl Pts',(2.56074089120049,-0.087666879685548,0.336301220570359));
#1354=CARTESIAN_POINT('Ctrl Pts',(2.55648503848161,-0.08686662916303,0.335427420273998));
#1355=CARTESIAN_POINT('Ctrl Pts',(2.59917077806944,-0.171550025218982,0.174104716386638));
#1356=CARTESIAN_POINT('Ctrl Pts',(2.60320271863556,-0.169790026192312,0.174392756827147));
#1357=CARTESIAN_POINT('Ctrl Pts',(2.6118869660239,-0.16788134930665,0.176615969509764));
#1358=CARTESIAN_POINT('Ctrl Pts',(2.62326626696476,-0.170604566601311,0.183991813418551));
#1359=CARTESIAN_POINT('Ctrl Pts',(2.62992363094707,-0.17818666610457,0.193421406718));
#1360=CARTESIAN_POINT('Ctrl Pts',(2.63004460599266,-0.1885777924353,0.202347509524639));
#1361=CARTESIAN_POINT('Ctrl Pts',(2.6236227036878,-0.198967659561647,0.208370275877497));
#1362=CARTESIAN_POINT('Ctrl Pts',(2.61236615618146,-0.206545781821983,0.209844284573042));
#1363=CARTESIAN_POINT('Ctrl Pts',(2.60368298853685,-0.208361412075407,0.207539899139436));
#1364=CARTESIAN_POINT('Ctrl Pts',(2.59962779617946,-0.208336606956235,0.20571984938851));
#1365=CARTESIAN_POINT('Ctrl Pts',(2.64533688431203,-0.24665916892648,0.123793135155443));
#1366=CARTESIAN_POINT('Ctrl Pts',(2.64894685915666,-0.244212894264433,0.124526158387259));
#1367=CARTESIAN_POINT('Ctrl Pts',(2.65653653664145,-0.240388467882837,0.128131785468804));
#1368=CARTESIAN_POINT('Ctrl Pts',(2.66595699346108,-0.239379258135438,0.138492840154363));
#1369=CARTESIAN_POINT('Ctrl Pts',(2.67086792532462,-0.243377457019678,0.151014817763907));
#1370=CARTESIAN_POINT('Ctrl Pts',(2.66993078257661,-0.251307782109912,0.16230182072887));
#1371=CARTESIAN_POINT('Ctrl Pts',(2.66341853710959,-0.261015364402465,0.169320198544457));
#1372=CARTESIAN_POINT('Ctrl Pts',(2.65307155805036,-0.269885626802368,0.17015014730034));
#1373=CARTESIAN_POINT('Ctrl Pts',(2.64549321412001,-0.273639144147038,0.166443089922633));
#1374=CARTESIAN_POINT('Ctrl Pts',(2.64204096317471,-0.274723238838816,0.163771584160129));
#1375=CARTESIAN_POINT('Ctrl Pts',(2.69475321395389,-0.302451245756914,0.113587276621004));
#1376=CARTESIAN_POINT('Ctrl Pts',(2.69770671066657,-0.299293217766703,0.114422968562872));
#1377=CARTESIAN_POINT('Ctrl Pts',(2.70345299226442,-0.293401641708704,0.11844362636669));
#1378=CARTESIAN_POINT('Ctrl Pts',(2.7092739521803,-0.288211121886432,0.129882772241098));
#1379=CARTESIAN_POINT('Ctrl Pts',(2.71072088568706,-0.288073862215699,0.143648354308716));
#1380=CARTESIAN_POINT('Ctrl Pts',(2.7073938909186,-0.29303502406231,0.156007787372613));
#1381=CARTESIAN_POINT('Ctrl Pts',(2.70020839760124,-0.301738396401561,0.163638233485737));
#1382=CARTESIAN_POINT('Ctrl Pts',(2.69109093296105,-0.311845536342017,0.164453531232236));
#1383=CARTESIAN_POINT('Ctrl Pts',(2.6853760279838,-0.317691078712223,0.160322543592425));
#1384=CARTESIAN_POINT('Ctrl Pts',(2.68299221190492,-0.319998761926149,0.157363425528219));
#1385=CARTESIAN_POINT('Ctrl Pts',(2.7499557106927,-0.352223610740275,0.125015377530666));
#1386=CARTESIAN_POINT('Ctrl Pts',(2.75220038293829,-0.348466210151779,0.125625914390771));
#1387=CARTESIAN_POINT('Ctrl Pts',(2.75593914159573,-0.34080592010526,0.129133793333807));
#1388=CARTESIAN_POINT('Ctrl Pts',(2.75780413978216,-0.331979848821988,0.139826128314265));
#1389=CARTESIAN_POINT('Ctrl Pts',(2.75541630299491,-0.328203952595748,0.15306871076579));
#1390=CARTESIAN_POINT('Ctrl Pts',(2.74941474820147,-0.33050938969868,0.165270466224094));
#1391=CARTESIAN_POINT('Ctrl Pts',(2.74143412290241,-0.338254081683803,0.173150966293566));
#1392=CARTESIAN_POINT('Ctrl Pts',(2.73362030795341,-0.349363177343057,0.174556633290056));
#1393=CARTESIAN_POINT('Ctrl Pts',(2.72993532954051,-0.356999719742691,0.170939637812603));
#1394=CARTESIAN_POINT('Ctrl Pts',(2.72872139817224,-0.360364536293369,0.168232986029996));
#1395=CARTESIAN_POINT('Ctrl Pts',(2.82465915743304,-0.399311305976423,0.175542622970039));
#1396=CARTESIAN_POINT('Ctrl Pts',(2.82628100901084,-0.395216691019395,0.175637854205454));
#1397=CARTESIAN_POINT('Ctrl Pts',(2.82826126631131,-0.386543158181533,0.177787645284569));
#1398=CARTESIAN_POINT('Ctrl Pts',(2.82665727831205,-0.375584141269715,0.186014603518314));
#1399=CARTESIAN_POINT('Ctrl Pts',(2.82090542752219,-0.369638166793072,0.197028302350918));
#1400=CARTESIAN_POINT('Ctrl Pts',(2.81255963043212,-0.37032705691883,0.20784260992996));
#1401=CARTESIAN_POINT('Ctrl Pts',(2.8038790144656,-0.377438826383915,0.215548109749426));
#1402=CARTESIAN_POINT('Ctrl Pts',(2.79720950020041,-0.389077928271852,0.218043093236121));
#1403=CARTESIAN_POINT('Ctrl Pts',(2.79530411433767,-0.397742793035373,0.215795731422757));
#1404=CARTESIAN_POINT('Ctrl Pts',(2.79511560476173,-0.401721892648231,0.213843643684907));
#1405=CARTESIAN_POINT('Ctrl Pts',(2.91934777967047,-0.432494805588054,0.27543984859343));
#1406=CARTESIAN_POINT('Ctrl Pts',(2.92052664334788,-0.428278878581433,0.27507333210481));
#1407=CARTESIAN_POINT('Ctrl Pts',(2.92136290134707,-0.419269767506017,0.27605188558183));
#1408=CARTESIAN_POINT('Ctrl Pts',(2.91773020362096,-0.407660419508251,0.282255584042758));
#1409=CARTESIAN_POINT('Ctrl Pts',(2.91018454291451,-0.401092993918937,0.291525349255529));
#1410=CARTESIAN_POINT('Ctrl Pts',(2.9007673937542,-0.401358797166087,0.30134831714074));
#1411=CARTESIAN_POINT('Ctrl Pts',(2.89202297264156,-0.40835763470243,0.309079956469591));
#1412=CARTESIAN_POINT('Ctrl Pts',(2.88631969786248,-0.420227556897945,0.312614992925672));
#1413=CARTESIAN_POINT('Ctrl Pts',(2.88556796342075,-0.429232211311763,0.311547262202829));
#1414=CARTESIAN_POINT('Ctrl Pts',(2.88600643835048,-0.433404867704283,0.310227736526279));
#1415=CARTESIAN_POINT('Ctrl Pts',(2.98447902342562,-0.440180778157929,0.355799939189249));
#1416=CARTESIAN_POINT('Ctrl Pts',(2.98543286120246,-0.435952068140147,0.355126655802194));
#1417=CARTESIAN_POINT('Ctrl Pts',(2.98575110031938,-0.426881636024931,0.355411000256589));
#1418=CARTESIAN_POINT('Ctrl Pts',(2.98133710015811,-0.415090774870981,0.360607999333277));
#1419=CARTESIAN_POINT('Ctrl Pts',(2.97321783200309,-0.408301945648242,0.369177960089434));
#1420=CARTESIAN_POINT('Ctrl Pts',(2.96359291804985,-0.408367920464672,0.37879950119261));
#1421=CARTESIAN_POINT('Ctrl Pts',(2.95505729577944,-0.415239685833588,0.386878487650666));
#1422=CARTESIAN_POINT('Ctrl Pts',(2.94992921943078,-0.427093049879354,0.391220283138494));
#1423=CARTESIAN_POINT('Ctrl Pts',(2.94969820311456,-0.436161590998214,0.390848689537075));
#1424=CARTESIAN_POINT('Ctrl Pts',(2.950396530617,-0.440380550991142,0.389870412658684));
#1425=CARTESIAN_POINT('Ctrl Pts',(3.01687630873132,-0.440302806821278,0.395770197885844));
#1426=CARTESIAN_POINT('Ctrl Pts',(3.01770410528478,-0.436079681249939,0.394942540243536));
#1427=CARTESIAN_POINT('Ctrl Pts',(3.01775166330133,-0.427009528517288,0.394895276783077));
#1428=CARTESIAN_POINT('Ctrl Pts',(3.01298603439419,-0.415186652086332,0.399661279087115));
#1429=CARTESIAN_POINT('Ctrl Pts',(3.00466447938304,-0.408341945346708,0.407983038108896));
#1430=CARTESIAN_POINT('Ctrl Pts',(2.99504126990025,-0.408343315122122,0.41760622649854));
#1431=CARTESIAN_POINT('Ctrl Pts',(2.98671093235579,-0.415159172374416,0.425936324558788));
#1432=CARTESIAN_POINT('Ctrl Pts',(2.98193614683281,-0.426980488186956,0.430710715868686));
#1433=CARTESIAN_POINT('Ctrl Pts',(2.98197582196699,-0.436049270290459,0.430670746414539));
#1434=CARTESIAN_POINT('Ctrl Pts',(2.98279988617911,-0.440273801881868,0.429846546857947));
#1435=CARTESIAN_POINT('',(2.98257283568411,-0.428270574017066,0.430073116696448));
#1436=CARTESIAN_POINT('Ctrl Pts',(3.01711101825142,-0.428283238684779,0.395535145353613));
#1437=CARTESIAN_POINT('Ctrl Pts',(3.01706041346215,-0.427956126334891,0.395585719339017));
#1438=CARTESIAN_POINT('Ctrl Pts',(3.0170048949185,-0.427630549497434,0.395641168130327));
#1439=CARTESIAN_POINT('Ctrl Pts',(3.01694458252148,-0.427306767719828,0.395701394765993));
#1440=CARTESIAN_POINT('Ctrl Pts',(3.0161555866702,-0.423071113163873,0.396489268702689));
#1441=CARTESIAN_POINT('Ctrl Pts',(3.01454753681296,-0.419154569924411,0.39809368496399));
#1442=CARTESIAN_POINT('Ctrl Pts',(3.01237775045663,-0.416035534655767,0.400265758195591));
#1443=CARTESIAN_POINT('Ctrl Pts',(3.01151740040364,-0.414798794388315,0.40112701502599));
#1444=CARTESIAN_POINT('Ctrl Pts',(3.0105672588626,-0.413685756877398,0.402077906591555));
#1445=CARTESIAN_POINT('Ctrl Pts',(3.00954307921391,-0.412726731110697,0.403102648238606));
#1446=CARTESIAN_POINT('Ctrl Pts',(3.00899136179342,-0.41221011156757,0.403654668403136));
#1447=CARTESIAN_POINT('Ctrl Pts',(3.00841816671877,-0.411738177945441,0.404228111658448));
#1448=CARTESIAN_POINT('Ctrl Pts',(3.00782774319601,-0.411313579248273,0.404818723871902));
#1449=CARTESIAN_POINT('Ctrl Pts',(3.00675002753463,-0.410538548023905,0.405896783955396));
#1450=CARTESIAN_POINT('Ctrl Pts',(3.00561490871684,-0.409921271667434,0.407032049045876));
#1451=CARTESIAN_POINT('Ctrl Pts',(3.00444834626805,-0.409477345188911,0.408198529049955));
#1452=CARTESIAN_POINT('Ctrl Pts',(3.00404998474312,-0.409325751736606,0.4085968624214));
#1453=CARTESIAN_POINT('Ctrl Pts',(3.00364786260656,-0.409194322454987,0.408998973655365));
#1454=CARTESIAN_POINT('Ctrl Pts',(3.00324298998499,-0.409083690583735,0.409403848507436));
#1455=CARTESIAN_POINT('Ctrl Pts',(3.00060690964291,-0.40836337884747,0.412039943372029));
#1456=CARTESIAN_POINT('Ctrl Pts',(2.99785420283944,-0.408525075887534,0.414793221230289));
#1457=CARTESIAN_POINT('Ctrl Pts',(2.99526051121509,-0.409498974390551,0.417386910332671));
#1458=CARTESIAN_POINT('Ctrl Pts',(2.99345026252226,-0.410178699950626,0.419197157265299));
#1459=CARTESIAN_POINT('Ctrl Pts',(2.99170854666615,-0.411258801829394,0.420938203590297));
#1460=CARTESIAN_POINT('Ctrl Pts',(2.99014117648149,-0.412713431825072,0.422505573353904));
#1461=CARTESIAN_POINT('Ctrl Pts',(2.989117932486,-0.413663074368556,0.423528817074516));
#1462=CARTESIAN_POINT('Ctrl Pts',(2.98816898213322,-0.414771887382076,0.424478052472254));
#1463=CARTESIAN_POINT('Ctrl Pts',(2.98731143765508,-0.416003853410567,0.425336545486626));
#1464=CARTESIAN_POINT('Ctrl Pts',(2.98514033585046,-0.419122902901139,0.427510048762862));
#1465=CARTESIAN_POINT('Ctrl Pts',(2.98353637588275,-0.42304371044232,0.429111490599531));
#1466=CARTESIAN_POINT('Ctrl Pts',(2.98274393809293,-0.42727829631064,0.429902535524848));
#1467=CARTESIAN_POINT('Ctrl Pts',(2.98268236701827,-0.427607316463413,0.429963998376299));
#1468=CARTESIAN_POINT('Ctrl Pts',(2.98262572619976,-0.427938184114276,0.430020543597346));
#1469=CARTESIAN_POINT('Ctrl Pts',(2.98257414980064,-0.428270632935386,0.430072062643431));
#1470=CARTESIAN_POINT('',(2.571375,1.99768089010137E-11,0.452396095190349));
#1471=CARTESIAN_POINT('Ctrl Pts',(2.571375,3.99537850310667E-11,0.452396095190349));
#1472=CARTESIAN_POINT('Ctrl Pts',(2.57137499999531,-0.0503041206102477,
0.388209549761331));
#1473=CARTESIAN_POINT('Ctrl Pts',(2.58018176832044,-0.100184708912842,0.322238951419884));
#1474=CARTESIAN_POINT('Ctrl Pts',(2.60663764880353,-0.172242517100342,0.242451346738577));
#1475=CARTESIAN_POINT('Ctrl Pts',(2.62011551214722,-0.202035821081494,0.211813539500495));
#1476=CARTESIAN_POINT('Ctrl Pts',(2.65480908914655,-0.255429531687953,0.17558639314749));
#1477=CARTESIAN_POINT('Ctrl Pts',(2.66823771506697,-0.271922840817422,0.169432935344355));
#1478=CARTESIAN_POINT('Ctrl Pts',(2.68844181493008,-0.294671416285269,0.164865379666464));
#1479=CARTESIAN_POINT('Ctrl Pts',(2.69821264459744,-0.304736410779893,0.164636586931757));
#1480=CARTESIAN_POINT('Ctrl Pts',(2.72061019144429,-0.325431265994355,0.168903921793921));
#1481=CARTESIAN_POINT('Ctrl Pts',(2.73579451956276,-0.338374026116841,0.174197478748019));
#1482=CARTESIAN_POINT('Ctrl Pts',(2.78024975508784,-0.369226660887486,0.202338787202112));
#1483=CARTESIAN_POINT('Ctrl Pts',(2.80322953751506,-0.381232443911405,0.223391736738977));
#1484=CARTESIAN_POINT('Ctrl Pts',(2.8709932762302,-0.412610205263992,0.290033028806889));
#1485=CARTESIAN_POINT('Ctrl Pts',(2.9262769893909,-0.425979786316077,0.359759507516277));
#1486=CARTESIAN_POINT('Ctrl Pts',(2.98257283568411,-0.428270574017066,0.430073116696448));
#1487=CARTESIAN_POINT('',(2.9828884135067,-0.428283306327733,0.430464589812345));
#1488=CARTESIAN_POINT('Ctrl Pts',(2.98288816108504,-0.428283288950139,0.430465212044134));
#1489=CARTESIAN_POINT('Ctrl Pts',(3.03782147541818,-0.430478121319708,0.499074000007393));
#1490=CARTESIAN_POINT('Ctrl Pts',(3.09442328791476,-0.422179686060992,0.568980623070854));
#1491=CARTESIAN_POINT('Ctrl Pts',(3.17279037415492,-0.393050847708607,0.643646344897507));
#1492=CARTESIAN_POINT('Ctrl Pts',(3.19765491809804,-0.381475708299052,0.664421995781939));
#1493=CARTESIAN_POINT('Ctrl Pts',(3.24151079575356,-0.354778646999388,0.691799392599445));
#1494=CARTESIAN_POINT('Ctrl Pts',(3.2603339087838,-0.341376259879918,0.70066721326048));
#1495=CARTESIAN_POINT('Ctrl Pts',(3.28916797446828,-0.316681328887951,0.70781156614552));
#1496=CARTESIAN_POINT('Ctrl Pts',(3.29924341252345,-0.30719369558692,0.70899474639139));
#1497=CARTESIAN_POINT('Ctrl Pts',(3.31783216798988,-0.287866435828887,0.708285863337548));
#1498=CARTESIAN_POINT('Ctrl Pts',(3.32625293811885,-0.278272755421029,0.706656811757656));
#1499=CARTESIAN_POINT('Ctrl Pts',(3.34881424454562,-0.250198021154326,0.698622206787716));
#1500=CARTESIAN_POINT('Ctrl Pts',(3.36114118885474,-0.231798387623743,0.689396402081219));
#1501=CARTESIAN_POINT('Ctrl Pts',(3.38913869852295,-0.183132009330236,0.657661158011132));
#1502=CARTESIAN_POINT('Ctrl Pts',(3.40136370904252,-0.153155009110592,0.63019754815367));
#1503=CARTESIAN_POINT('Ctrl Pts',(3.42492025487652,-0.0763023301911589,
0.550135867276448));
#1504=CARTESIAN_POINT('Ctrl Pts',(3.43073797280773,-0.025667324384399,0.485319469297981));
#1505=CARTESIAN_POINT('Ctrl Pts',(3.42551141199545,0.067528544277609,0.365966495109132));
#1506=CARTESIAN_POINT('Ctrl Pts',(3.416229511635,0.114039685206478,0.305936271901314));
#1507=CARTESIAN_POINT('Ctrl Pts',(3.38873346793646,0.182031278265224,0.234201153378434));
#1508=CARTESIAN_POINT('Ctrl Pts',(3.37716813251165,0.205479272848394,0.211651260250625));
#1509=CARTESIAN_POINT('Ctrl Pts',(3.34922657158631,0.249752176353046,0.179769572585189));
#1510=CARTESIAN_POINT('Ctrl Pts',(3.33538845965848,0.26764847421713,0.171521959980287));
#1511=CARTESIAN_POINT('Ctrl Pts',(3.31282742982903,0.293358046583029,0.165168641756177));
#1512=CARTESIAN_POINT('Ctrl Pts',(3.30300839790276,0.30349702111169,0.164586183860602));
#1513=CARTESIAN_POINT('Ctrl Pts',(3.27832642275587,0.326545559350973,0.168250654793909));
#1514=CARTESIAN_POINT('Ctrl Pts',(3.26388374724129,0.338227420797074,0.174150519151726));
#1515=CARTESIAN_POINT('Ctrl Pts',(3.21873215708783,0.370549833990765,0.200320121575605));
#1516=CARTESIAN_POINT('Ctrl Pts',(3.18951575216644,0.385044676247252,0.228361498884289));
#1517=CARTESIAN_POINT('Ctrl Pts',(3.09872170043886,0.42424670058973,0.321473964434466));
#1518=CARTESIAN_POINT('Ctrl Pts',(3.02044549874188,0.435121191202311,0.429629202229464));
#1519=CARTESIAN_POINT('Ctrl Pts',(2.90900429581901,0.420295769523759,0.563071795300664));
#1520=CARTESIAN_POINT('Ctrl Pts',(2.87125996240208,0.41094753174288,0.605530551987061));
#1521=CARTESIAN_POINT('Ctrl Pts',(2.80085651037141,0.381148510747754,0.668162599357462));
#1522=CARTESIAN_POINT('Ctrl Pts',(2.77437836791858,0.365493118968181,0.685428189530214));
#1523=CARTESIAN_POINT('Ctrl Pts',(2.73798542134836,0.339635981614787,0.702211326958718));
#1524=CARTESIAN_POINT('Ctrl Pts',(2.72432251390107,0.328697917382958,0.706634557420619));
#1525=CARTESIAN_POINT('Ctrl Pts',(2.70169582625693,0.308051391847798,0.709932463696572));
#1526=CARTESIAN_POINT('Ctrl Pts',(2.69268076701429,0.299056083325787,0.710008164598387));
#1527=CARTESIAN_POINT('Ctrl Pts',(2.67314328147589,0.277755218613683,0.707393482184108));
#1528=CARTESIAN_POINT('Ctrl Pts',(2.66310803849726,0.26545396568178,0.703959841828215));
#1529=CARTESIAN_POINT('Ctrl Pts',(2.63357239147248,0.225032281585386,0.687154463731207));
#1530=CARTESIAN_POINT('Ctrl Pts',(2.61833847700157,0.197149881496332,0.667364834325419));
#1531=CARTESIAN_POINT('Ctrl Pts',(2.59088700722414,0.134046770071588,0.612568956910867));
#1532=CARTESIAN_POINT('Ctrl Pts',(2.58136587018631,0.0978735062126007,0.572434657616051));
#1533=CARTESIAN_POINT('Ctrl Pts',(2.57301036644749,0.0433060454995769,0.507245279890562));
#1534=CARTESIAN_POINT('Ctrl Pts',(2.57137500000202,0.0216190794577151,0.479981390495101));
#1535=CARTESIAN_POINT('Ctrl Pts',(2.571375,3.99537741036747E-11,0.452396095190349));
#1536=CARTESIAN_POINT('Ctrl Pts',(3.01742527607576,-0.428270638488369,0.395927631772183));
#1537=CARTESIAN_POINT('Ctrl Pts',(3.0164462796348,-0.421970397523261,0.396902504074702));
#1538=CARTESIAN_POINT('Ctrl Pts',(3.01226376044699,-0.413443670891838,0.401079448878991));
#1539=CARTESIAN_POINT('Ctrl Pts',(3.00147948772738,-0.407196895301236,0.411859657228861));
#1540=CARTESIAN_POINT('Ctrl Pts',(2.98943901852973,-0.410507210014419,0.423902325048345));
#1541=CARTESIAN_POINT('Ctrl Pts',(2.98386155672097,-0.421977638143198,0.429487313977497));
#1542=CARTESIAN_POINT('Ctrl Pts',(2.9828884135067,-0.428283306327733,0.430464589812345));
#1543=CARTESIAN_POINT('Ctrl Pts',(3.01709600558706,-0.428283257369292,0.395516595609938));
#1544=CARTESIAN_POINT('Ctrl Pts',(3.01612087858085,-0.421977593399264,0.39649191928182));
#1545=CARTESIAN_POINT('Ctrl Pts',(3.01194006395851,-0.413444691314013,0.400672993043125));
#1546=CARTESIAN_POINT('Ctrl Pts',(3.00115455235705,-0.407196839094629,0.411458675513864));
#1547=CARTESIAN_POINT('Ctrl Pts',(2.98911303103854,-0.410507984616912,0.423500062887562));
#1548=CARTESIAN_POINT('Ctrl Pts',(2.98353201334025,-0.421978798876707,0.429080704854166));
#1549=CARTESIAN_POINT('Ctrl Pts',(2.98255692053588,-0.428284534986283,0.430055596225263));
#1550=CARTESIAN_POINT('Ctrl Pts',(3.01710106177798,-0.428283276749385,0.395522834196801));
#1551=CARTESIAN_POINT('Ctrl Pts',(3.01612590509639,-0.421977611753256,0.396498121558575));
#1552=CARTESIAN_POINT('Ctrl Pts',(3.0119450504088,-0.413444705268935,0.400679146276422));
#1553=CARTESIAN_POINT('Ctrl Pts',(3.0011595097192,-0.407196841701238,0.411464793085089));
#1554=CARTESIAN_POINT('Ctrl Pts',(2.98911800438636,-0.410507974553821,0.423506199928353));
#1555=CARTESIAN_POINT('Ctrl Pts',(2.98353704090747,-0.421978782941604,0.42908690818376));
#1556=CARTESIAN_POINT('Ctrl Pts',(2.98256197784142,-0.428284518025314,0.430061835927971));
#1557=CARTESIAN_POINT('Ctrl Pts',(3.01710611796891,-0.428283296129479,0.395529072783664));
#1558=CARTESIAN_POINT('Ctrl Pts',(3.01613093161193,-0.421977630107249,0.396504323835329));
#1559=CARTESIAN_POINT('Ctrl Pts',(3.01195003685909,-0.413444719223858,0.40068529950972));
#1560=CARTESIAN_POINT('Ctrl Pts',(3.00116446708135,-0.407196844307848,0.411470910656314));
#1561=CARTESIAN_POINT('Ctrl Pts',(2.98912297773418,-0.410507964490729,0.423512336969143));
#1562=CARTESIAN_POINT('Ctrl Pts',(2.98354206847468,-0.421978767006501,0.429093111513354));
#1563=CARTESIAN_POINT('Ctrl Pts',(2.98256703514695,-0.428284501064344,0.43006807563068));
#1564=CARTESIAN_POINT('Ctrl Pts',(3.01711117415983,-0.428283315509572,0.395535311370527));
#1565=CARTESIAN_POINT('Ctrl Pts',(3.01613595812747,-0.421977648461242,0.396510526112083));
#1566=CARTESIAN_POINT('Ctrl Pts',(3.01195502330939,-0.41344473317878,0.400691452743018));
#1567=CARTESIAN_POINT('Ctrl Pts',(3.00116942444351,-0.407196846914457,0.411477028227539));
#1568=CARTESIAN_POINT('Ctrl Pts',(2.989127951082,-0.410507954427637,0.423518474009934));
#1569=CARTESIAN_POINT('Ctrl Pts',(2.9835470960419,-0.421978751071398,0.429099314842948));
#1570=CARTESIAN_POINT('Ctrl Pts',(2.98257209245248,-0.428284484103375,0.430074315333388));
#1571=CARTESIAN_POINT('Ctrl Pts',(3.01721664432783,-0.428283719770749,0.3956654458561));
#1572=CARTESIAN_POINT('Ctrl Pts',(3.01624080927865,-0.421978031318364,0.396639903182965));
#1573=CARTESIAN_POINT('Ctrl Pts',(3.0120590387151,-0.41344502427301,0.40081980678655));
#1574=CARTESIAN_POINT('Ctrl Pts',(3.00127283308199,-0.407196901287311,0.411604638374162));
#1575=CARTESIAN_POINT('Ctrl Pts',(2.98923169317523,-0.410507744515472,0.423646490284092));
#1576=CARTESIAN_POINT('Ctrl Pts',(2.98365196913066,-0.421978418671374,0.429228713875656));
#1577=CARTESIAN_POINT('Ctrl Pts',(2.98267758587088,-0.428284130304176,0.430204473095056));
#1578=CARTESIAN_POINT('Ctrl Pts',(3.01732211249186,-0.428284085013998,0.395795578097488));
#1579=CARTESIAN_POINT('Ctrl Pts',(3.01634565853977,-0.421978375385595,0.396769278125569));
#1580=CARTESIAN_POINT('Ctrl Pts',(3.01216305272716,-0.413445276885893,0.400948159198828));
#1581=CARTESIAN_POINT('Ctrl Pts',(3.0013762416145,-0.407196917404663,0.411732248172099));
#1582=CARTESIAN_POINT('Ctrl Pts',(2.98933543660462,-0.410507496227927,0.423774507641546));
#1583=CARTESIAN_POINT('Ctrl Pts',(2.98375684422844,-0.421978047481059,0.429358114655589));
#1584=CARTESIAN_POINT('Ctrl Pts',(2.98278308141772,-0.428283737486628,0.430334632719954));
#1585=CARTESIAN_POINT('Ctrl Pts',(3.01742757862313,-0.428284411239879,0.395925707961303));
#1586=CARTESIAN_POINT('Ctrl Pts',(3.01645050588021,-0.421978680663462,0.396898650805975));
#1587=CARTESIAN_POINT('Ctrl Pts',(3.01226706531261,-0.413445491017826,0.401076509845371));
#1588=CARTESIAN_POINT('Ctrl Pts',(3.00147965000633,-0.407196895266526,0.411859857486359));
#1589=CARTESIAN_POINT('Ctrl Pts',(2.9894391813365,-0.410507209564589,0.423902525947673));
#1590=CARTESIAN_POINT('Ctrl Pts',(2.98386172130473,-0.421977637499846,0.429487517048875));
#1591=CARTESIAN_POINT('Ctrl Pts',(2.98288857906432,-0.428283305650083,0.430464794074763));
#1592=CARTESIAN_POINT('',(2.98273140820577,-0.42827696835063,0.430268482260119));
#1593=CARTESIAN_POINT('Origin',(2.5660688491861,-0.433931150813896,0.807));
#1594=CARTESIAN_POINT('',(3.39448286437627,0.,0.807));
#1595=CARTESIAN_POINT('Origin',(3.,-1.172176E-15,0.807000000000001));
#1596=CARTESIAN_POINT('Origin',(3.,0.,0.797));
#1597=CARTESIAN_POINT('',(3.40155393218813,2.458809E-17,0.804071067811866));
#1598=CARTESIAN_POINT('Origin',(3.,2.134256E-17,0.804071067811866));
#1599=CARTESIAN_POINT('Origin',(3.39448286437627,-4.83102177176877E-17,
0.797));
#1600=CARTESIAN_POINT('Origin',(3.,0.,0.));
#1601=CARTESIAN_POINT('',(2.571375,0.,0.772857864376269));
#1602=CARTESIAN_POINT('Origin',(3.,4.097324E-16,0.772857864376269));
#1603=CARTESIAN_POINT('',(2.571375,-5.24914234284534E-17,0.));
#1604=CARTESIAN_POINT('Origin',(3.,0.,0.205625));
#1605=CARTESIAN_POINT('',(3.42569606781186,2.606637E-17,0.779928932188135));
#1606=CARTESIAN_POINT('',(2.57430393218814,-5.21327326855415E-17,0.779928932188135));
#1607=CARTESIAN_POINT('Origin',(3.,1.83697E-16,0.779928932188135));
#1608=CARTESIAN_POINT('',(4.,-1.22464679914735E-16,0.205625));
#1609=CARTESIAN_POINT('Origin',(3.,1.83697E-16,0.779928932188135));
#1610=CARTESIAN_POINT('Origin',(3.,0.,0.772857864376269));
#1611=CARTESIAN_POINT('Origin',(2.581375,-5.12667766293061E-17,0.772857864376269));
#1612=UNCERTAINTY_MEASURE_WITH_UNIT(LENGTH_MEASURE(0.000393700787401575),
#1617,'DISTANCE_ACCURACY_VALUE',
'Maximum model space distance between geometric entities at asserted c
onnectivities');
#1613=UNCERTAINTY_MEASURE_WITH_UNIT(LENGTH_MEASURE(0.000393700787401575),
#1617,'DISTANCE_ACCURACY_VALUE',
'Maximum model space distance between geometric entities at asserted c
onnectivities');
#1614=(
GEOMETRIC_REPRESENTATION_CONTEXT(3)
GLOBAL_UNCERTAINTY_ASSIGNED_CONTEXT((#1612))
GLOBAL_UNIT_ASSIGNED_CONTEXT((#1617,#1621,#1622))
REPRESENTATION_CONTEXT('','3D')
);
#1615=(
GEOMETRIC_REPRESENTATION_CONTEXT(3)
GLOBAL_UNCERTAINTY_ASSIGNED_CONTEXT((#1613))
GLOBAL_UNIT_ASSIGNED_CONTEXT((#1617,#1621,#1622))
REPRESENTATION_CONTEXT('','3D')
);
#1616=DIMENSIONAL_EXPONENTS(1.,0.,0.,0.,0.,0.,0.);
#1617=(
CONVERSION_BASED_UNIT('inch',#1620)
LENGTH_UNIT()
NAMED_UNIT(#1616)
);
#1618=(
LENGTH_UNIT()
NAMED_UNIT(*)
SI_UNIT(.MILLI.,.METRE.)
);
#1619=(
LENGTH_UNIT()
NAMED_UNIT(*)
SI_UNIT($,.METRE.)
);
#1620=LENGTH_MEASURE_WITH_UNIT(LENGTH_MEASURE(25.4),#1618);
#1621=(
NAMED_UNIT(*)
PLANE_ANGLE_UNIT()
SI_UNIT($,.RADIAN.)
);
#1622=(
NAMED_UNIT(*)
SI_UNIT($,.STERADIAN.)
SOLID_ANGLE_UNIT()
);
#1623=SHAPE_DEFINITION_REPRESENTATION(#1624,#1625);
#1624=PRODUCT_DEFINITION_SHAPE('',$,#1627);
#1625=SHAPE_REPRESENTATION('',(#562),#1614);
#1626=PRODUCT_DEFINITION_CONTEXT('part definition',#1631,'design');
#1627=PRODUCT_DEFINITION('B0762-87-01 GROOVE V2',
'B0762-87-01 GROOVE v25',#1628,#1626);
#1628=PRODUCT_DEFINITION_FORMATION('',$,#1633);
#1629=PRODUCT_RELATED_PRODUCT_CATEGORY('B0762-87-01 GROOVE v25',
'B0762-87-01 GROOVE v25',(#1633));
#1630=APPLICATION_PROTOCOL_DEFINITION('international standard',
'automotive_design',2009,#1631);
#1631=APPLICATION_CONTEXT(
'Core Data for Automotive Mechanical Design Process');
#1632=PRODUCT_CONTEXT('part definition',#1631,'mechanical');
#1633=PRODUCT('B0762-87-01 GROOVE V2','B0762-87-01 GROOVE v25',$,(#1632));
#1634=PRESENTATION_STYLE_ASSIGNMENT((#1636));
#1635=PRESENTATION_STYLE_ASSIGNMENT((#1637));
#1636=SURFACE_STYLE_USAGE(.BOTH.,#1638);
#1637=SURFACE_STYLE_USAGE(.BOTH.,#1639);
#1638=SURFACE_SIDE_STYLE('',(#1640));
#1639=SURFACE_SIDE_STYLE('',(#1641));
#1640=SURFACE_STYLE_FILL_AREA(#1642);
#1641=SURFACE_STYLE_FILL_AREA(#1643);
#1642=FILL_AREA_STYLE('Default',(#1644));
#1643=FILL_AREA_STYLE('192,192,192',(#1645));
#1644=FILL_AREA_STYLE_COLOUR('Default',#1646);
#1645=FILL_AREA_STYLE_COLOUR('192,192,192',#1647);
#1646=COLOUR_RGB('Default',0.749019607843137,0.749019607843137,0.749019607843137);
#1647=COLOUR_RGB('192,192,192',0.752941176470588,0.752941176470588,0.752941176470588);
ENDSEC;
END-ISO-10303-21;
