ISO-10303-21;
HEADER;
/* Generated by software containing ST-Developer
 * from STEP Tools, Inc. (www.steptools.com) 
 */

FILE_DESCRIPTION(
/* description */ (''),
/* implementation_level */ '2;1');

FILE_NAME(
/* name */ 'PD1083-INVENTOR FILE.step',
/* time_stamp */ '2026-01-07T10:45:55-06:00',
/* author */ (''),
/* organization */ (''),
/* preprocessor_version */ 'ST-DEVELOPER v20.1',
/* originating_system */ 'Autodesk Translation Framework v14.24.0.0',
/* authorisation */ '');

FILE_SCHEMA (('AUTOMOTIVE_DESIGN { 1 0 10303 214 3 1 1 }'));
ENDSEC;

DATA;
#10=MECHANICAL_DESIGN_GEOMETRIC_PRESENTATION_REPRESENTATION('',(#124,#125,
#126,#127,#128,#129,#130,#131,#132,#133,#134,#135,#136,#137,#138,#139,#140,
#141,#142,#143,#144,#145,#146,#147,#148,#149,#150,#151,#152,#153,#154,#155,
#156,#157,#158,#159,#160,#161,#162,#163,#164,#165,#166,#167,#168,#169,#170,
#171,#172,#173,#174,#175,#176,#177,#178,#179,#180,#181,#182,#183,#184,#185,
#186,#187,#188,#189,#190,#191,#192,#193,#194,#195,#196,#197,#198,#199,#200,
#201,#202,#203,#204,#205,#206,#207,#208,#209,#210,#211,#212,#213,#214,#215,
#216,#217,#218,#219,#220,#221,#222,#223,#224,#225,#226,#227,#228,#229,#230,
#231,#232,#233,#234,#235,#236,#237,#238,#239,#240,#241,#242,#243,#244,#245,
#246,#247,#248,#249),#5489);
#11=SHAPE_REPRESENTATION_RELATIONSHIP('SRR','None',#5499,#12);
#12=ADVANCED_BREP_SHAPE_REPRESENTATION('',(#111),#5488);
#13=OPEN_SHELL('',(#2332));
#14=OPEN_SHELL('',(#2333));
#15=OPEN_SHELL('',(#2334));
#16=OPEN_SHELL('',(#2335));
#17=OPEN_SHELL('',(#2336));
#18=OPEN_SHELL('',(#2337));
#19=OPEN_SHELL('',(#2338));
#20=OPEN_SHELL('',(#2339));
#21=OPEN_SHELL('',(#2340));
#22=OPEN_SHELL('',(#2341));
#23=OPEN_SHELL('',(#2342));
#24=OPEN_SHELL('',(#2343));
#25=OPEN_SHELL('',(#2344));
#26=OPEN_SHELL('',(#2345));
#27=OPEN_SHELL('',(#2346));
#28=OPEN_SHELL('',(#2347));
#29=OPEN_SHELL('',(#2348));
#30=OPEN_SHELL('',(#2349));
#31=OPEN_SHELL('',(#2350));
#32=OPEN_SHELL('',(#2351));
#33=OPEN_SHELL('',(#2352));
#34=OPEN_SHELL('',(#2353));
#35=OPEN_SHELL('',(#2354));
#36=OPEN_SHELL('',(#2355));
#37=OPEN_SHELL('',(#2356));
#38=OPEN_SHELL('',(#2357));
#39=OPEN_SHELL('',(#2358));
#40=OPEN_SHELL('',(#2359));
#41=OPEN_SHELL('',(#2360));
#42=OPEN_SHELL('',(#2361));
#43=OPEN_SHELL('',(#2362));
#44=OPEN_SHELL('',(#2363));
#45=OPEN_SHELL('',(#2364));
#46=OPEN_SHELL('',(#2365));
#47=OPEN_SHELL('',(#2366));
#48=OPEN_SHELL('',(#2367));
#49=OPEN_SHELL('',(#2368));
#50=OPEN_SHELL('',(#2369));
#51=OPEN_SHELL('',(#2370));
#52=OPEN_SHELL('',(#2371));
#53=OPEN_SHELL('',(#2372));
#54=OPEN_SHELL('',(#2373));
#55=OPEN_SHELL('',(#2374));
#56=OPEN_SHELL('',(#2375));
#57=OPEN_SHELL('',(#2376));
#58=OPEN_SHELL('',(#2377));
#59=OPEN_SHELL('',(#2378));
#60=OPEN_SHELL('',(#2379));
#61=OPEN_SHELL('',(#2380));
#62=SHELL_BASED_SURFACE_MODEL('Body2',(#13));
#63=SHELL_BASED_SURFACE_MODEL('Body3',(#14));
#64=SHELL_BASED_SURFACE_MODEL('Body4',(#15));
#65=SHELL_BASED_SURFACE_MODEL('Body5',(#16));
#66=SHELL_BASED_SURFACE_MODEL('Body6',(#17));
#67=SHELL_BASED_SURFACE_MODEL('Body7',(#18));
#68=SHELL_BASED_SURFACE_MODEL('Body8',(#19));
#69=SHELL_BASED_SURFACE_MODEL('Body9',(#20));
#70=SHELL_BASED_SURFACE_MODEL('Body10',(#21));
#71=SHELL_BASED_SURFACE_MODEL('Body11',(#22));
#72=SHELL_BASED_SURFACE_MODEL('Body12',(#23));
#73=SHELL_BASED_SURFACE_MODEL('Body13',(#24));
#74=SHELL_BASED_SURFACE_MODEL('Body14',(#25));
#75=SHELL_BASED_SURFACE_MODEL('Body15',(#26));
#76=SHELL_BASED_SURFACE_MODEL('Body16',(#27));
#77=SHELL_BASED_SURFACE_MODEL('Body17',(#28));
#78=SHELL_BASED_SURFACE_MODEL('Body18',(#29));
#79=SHELL_BASED_SURFACE_MODEL('Body19',(#30));
#80=SHELL_BASED_SURFACE_MODEL('Body20',(#31));
#81=SHELL_BASED_SURFACE_MODEL('Body21',(#32));
#82=SHELL_BASED_SURFACE_MODEL('Body22',(#33));
#83=SHELL_BASED_SURFACE_MODEL('Body23',(#34));
#84=SHELL_BASED_SURFACE_MODEL('Body24',(#35));
#85=SHELL_BASED_SURFACE_MODEL('Body25',(#36));
#86=SHELL_BASED_SURFACE_MODEL('Body26',(#37));
#87=SHELL_BASED_SURFACE_MODEL('Body27',(#38));
#88=SHELL_BASED_SURFACE_MODEL('Body28',(#39));
#89=SHELL_BASED_SURFACE_MODEL('Body29',(#40));
#90=SHELL_BASED_SURFACE_MODEL('Body30',(#41));
#91=SHELL_BASED_SURFACE_MODEL('Body31',(#42));
#92=SHELL_BASED_SURFACE_MODEL('Body32',(#43));
#93=SHELL_BASED_SURFACE_MODEL('Body33',(#44));
#94=SHELL_BASED_SURFACE_MODEL('Body34',(#45));
#95=SHELL_BASED_SURFACE_MODEL('Body35',(#46));
#96=SHELL_BASED_SURFACE_MODEL('Body36',(#47));
#97=SHELL_BASED_SURFACE_MODEL('Body37',(#48));
#98=SHELL_BASED_SURFACE_MODEL('Body38',(#49));
#99=SHELL_BASED_SURFACE_MODEL('Body39',(#50));
#100=SHELL_BASED_SURFACE_MODEL('Body40',(#51));
#101=SHELL_BASED_SURFACE_MODEL('Body41',(#52));
#102=SHELL_BASED_SURFACE_MODEL('Body42',(#53));
#103=SHELL_BASED_SURFACE_MODEL('Body43',(#54));
#104=SHELL_BASED_SURFACE_MODEL('Body44',(#55));
#105=SHELL_BASED_SURFACE_MODEL('Body45',(#56));
#106=SHELL_BASED_SURFACE_MODEL('Body46',(#57));
#107=SHELL_BASED_SURFACE_MODEL('Body47',(#58));
#108=SHELL_BASED_SURFACE_MODEL('Body48',(#59));
#109=SHELL_BASED_SURFACE_MODEL('Body49',(#60));
#110=SHELL_BASED_SURFACE_MODEL('Body50',(#61));
#111=MANIFOLD_SOLID_BREP('Body1',#2381);
#112=FACE_BOUND('',#412,.T.);
#113=ELLIPSE('',#2433,0.206331670846137,0.187000000000257);
#114=ELLIPSE('',#2435,0.206331670845841,0.186999999999784);
#115=ELLIPSE('',#2439,0.206331670845955,0.186999999999953);
#116=ELLIPSE('',#2448,0.206331670845989,0.187000000000013);
#117=ELLIPSE('',#2504,0.206336882089503,0.187002830625526);
#118=CONICAL_SURFACE('',#2422,0.131751328292288,1.0471975511966);
#119=CYLINDRICAL_SURFACE('',#2416,0.01);
#120=CYLINDRICAL_SURFACE('',#2419,0.01);
#121=CYLINDRICAL_SURFACE('',#2449,0.187);
#122=CYLINDRICAL_SURFACE('',#2472,0.187);
#123=CYLINDRICAL_SURFACE('',#2497,0.187);
#124=STYLED_ITEM('',(#5510),#2305);
#125=STYLED_ITEM('',(#5510),#2306);
#126=STYLED_ITEM('',(#5510),#2307);
#127=STYLED_ITEM('',(#5510),#2308);
#128=STYLED_ITEM('',(#5510),#2309);
#129=STYLED_ITEM('',(#5510),#2310);
#130=STYLED_ITEM('',(#5510),#2311);
#131=STYLED_ITEM('',(#5510),#2312);
#132=STYLED_ITEM('',(#5510),#2313);
#133=STYLED_ITEM('',(#5510),#2314);
#134=STYLED_ITEM('',(#5510),#2315);
#135=STYLED_ITEM('',(#5510),#2316);
#136=STYLED_ITEM('',(#5510),#2317);
#137=STYLED_ITEM('',(#5510),#2318);
#138=STYLED_ITEM('',(#5510),#2319);
#139=STYLED_ITEM('',(#5510),#2320);
#140=STYLED_ITEM('',(#5510),#2321);
#141=STYLED_ITEM('',(#5510),#2322);
#142=STYLED_ITEM('',(#5510),#2323);
#143=STYLED_ITEM('',(#5510),#2324);
#144=STYLED_ITEM('',(#5510),#2325);
#145=STYLED_ITEM('',(#5510),#2326);
#146=STYLED_ITEM('',(#5510),#2327);
#147=STYLED_ITEM('',(#5510),#2328);
#148=STYLED_ITEM('',(#5510),#2329);
#149=STYLED_ITEM('',(#5510),#2330);
#150=STYLED_ITEM('',(#5510),#2331);
#151=STYLED_ITEM('',(#5509),#111);
#152=STYLED_ITEM('',(#5510),#2332);
#153=STYLED_ITEM('',(#5511),#62);
#154=STYLED_ITEM('',(#5510),#2333);
#155=STYLED_ITEM('',(#5511),#63);
#156=STYLED_ITEM('',(#5510),#2334);
#157=STYLED_ITEM('',(#5511),#64);
#158=STYLED_ITEM('',(#5510),#2335);
#159=STYLED_ITEM('',(#5511),#65);
#160=STYLED_ITEM('',(#5510),#2336);
#161=STYLED_ITEM('',(#5511),#66);
#162=STYLED_ITEM('',(#5510),#2337);
#163=STYLED_ITEM('',(#5511),#67);
#164=STYLED_ITEM('',(#5510),#2338);
#165=STYLED_ITEM('',(#5511),#68);
#166=STYLED_ITEM('',(#5510),#2339);
#167=STYLED_ITEM('',(#5511),#69);
#168=STYLED_ITEM('',(#5510),#2340);
#169=STYLED_ITEM('',(#5511),#70);
#170=STYLED_ITEM('',(#5510),#2341);
#171=STYLED_ITEM('',(#5511),#71);
#172=STYLED_ITEM('',(#5510),#2342);
#173=STYLED_ITEM('',(#5511),#72);
#174=STYLED_ITEM('',(#5510),#2343);
#175=STYLED_ITEM('',(#5511),#73);
#176=STYLED_ITEM('',(#5510),#2344);
#177=STYLED_ITEM('',(#5511),#74);
#178=STYLED_ITEM('',(#5510),#2345);
#179=STYLED_ITEM('',(#5511),#75);
#180=STYLED_ITEM('',(#5510),#2346);
#181=STYLED_ITEM('',(#5511),#76);
#182=STYLED_ITEM('',(#5510),#2347);
#183=STYLED_ITEM('',(#5511),#77);
#184=STYLED_ITEM('',(#5510),#2348);
#185=STYLED_ITEM('',(#5511),#78);
#186=STYLED_ITEM('',(#5510),#2349);
#187=STYLED_ITEM('',(#5511),#79);
#188=STYLED_ITEM('',(#5510),#2350);
#189=STYLED_ITEM('',(#5511),#80);
#190=STYLED_ITEM('',(#5510),#2351);
#191=STYLED_ITEM('',(#5511),#81);
#192=STYLED_ITEM('',(#5510),#2352);
#193=STYLED_ITEM('',(#5511),#82);
#194=STYLED_ITEM('',(#5510),#2353);
#195=STYLED_ITEM('',(#5511),#83);
#196=STYLED_ITEM('',(#5510),#2354);
#197=STYLED_ITEM('',(#5511),#84);
#198=STYLED_ITEM('',(#5510),#2355);
#199=STYLED_ITEM('',(#5511),#85);
#200=STYLED_ITEM('',(#5510),#2356);
#201=STYLED_ITEM('',(#5511),#86);
#202=STYLED_ITEM('',(#5510),#2357);
#203=STYLED_ITEM('',(#5511),#87);
#204=STYLED_ITEM('',(#5510),#2358);
#205=STYLED_ITEM('',(#5511),#88);
#206=STYLED_ITEM('',(#5510),#2359);
#207=STYLED_ITEM('',(#5511),#89);
#208=STYLED_ITEM('',(#5510),#2360);
#209=STYLED_ITEM('',(#5511),#90);
#210=STYLED_ITEM('',(#5510),#2361);
#211=STYLED_ITEM('',(#5511),#91);
#212=STYLED_ITEM('',(#5510),#2362);
#213=STYLED_ITEM('',(#5511),#92);
#214=STYLED_ITEM('',(#5510),#2363);
#215=STYLED_ITEM('',(#5511),#93);
#216=STYLED_ITEM('',(#5510),#2364);
#217=STYLED_ITEM('',(#5511),#94);
#218=STYLED_ITEM('',(#5510),#2365);
#219=STYLED_ITEM('',(#5511),#95);
#220=STYLED_ITEM('',(#5510),#2366);
#221=STYLED_ITEM('',(#5511),#96);
#222=STYLED_ITEM('',(#5510),#2367);
#223=STYLED_ITEM('',(#5511),#97);
#224=STYLED_ITEM('',(#5510),#2368);
#225=STYLED_ITEM('',(#5511),#98);
#226=STYLED_ITEM('',(#5510),#2369);
#227=STYLED_ITEM('',(#5511),#99);
#228=STYLED_ITEM('',(#5510),#2370);
#229=STYLED_ITEM('',(#5511),#100);
#230=STYLED_ITEM('',(#5510),#2371);
#231=STYLED_ITEM('',(#5511),#101);
#232=STYLED_ITEM('',(#5510),#2372);
#233=STYLED_ITEM('',(#5511),#102);
#234=STYLED_ITEM('',(#5510),#2373);
#235=STYLED_ITEM('',(#5511),#103);
#236=STYLED_ITEM('',(#5510),#2374);
#237=STYLED_ITEM('',(#5511),#104);
#238=STYLED_ITEM('',(#5510),#2375);
#239=STYLED_ITEM('',(#5511),#105);
#240=STYLED_ITEM('',(#5510),#2376);
#241=STYLED_ITEM('',(#5511),#106);
#242=STYLED_ITEM('',(#5510),#2377);
#243=STYLED_ITEM('',(#5511),#107);
#244=STYLED_ITEM('',(#5510),#2378);
#245=STYLED_ITEM('',(#5511),#108);
#246=STYLED_ITEM('',(#5510),#2379);
#247=STYLED_ITEM('',(#5511),#109);
#248=STYLED_ITEM('',(#5510),#2380);
#249=STYLED_ITEM('',(#5511),#110);
#250=B_SPLINE_SURFACE_WITH_KNOTS('',3,1,((#3079,#3080),(#3081,#3082),(#3083,
#3084),(#3085,#3086),(#3087,#3088),(#3089,#3090),(#3091,#3092),(#3093,#3094),
(#3095,#3096),(#3097,#3098),(#3099,#3100),(#3101,#3102),(#3103,#3104),(#3105,
#3106),(#3107,#3108),(#3109,#3110),(#3111,#3112),(#3113,#3114),(#3115,#3116),
(#3117,#3118),(#3119,#3120),(#3121,#3122),(#3123,#3124),(#3125,#3126),(#3127,
#3128),(#3129,#3130),(#3131,#3132),(#3133,#3134),(#3135,#3136),(#3137,#3138),
(#3139,#3140),(#3141,#3142),(#3143,#3144),(#3145,#3146),(#3147,#3148),(#3149,
#3150),(#3151,#3152),(#3153,#3154),(#3155,#3156),(#3157,#3158),(#3159,#3160),
(#3161,#3162),(#3163,#3164),(#3165,#3166),(#3167,#3168),(#3169,#3170),(#3171,
#3172),(#3173,#3174),(#3175,#3176),(#3177,#3178),(#3179,#3180),(#3181,#3182),
(#3183,#3184),(#3185,#3186),(#3187,#3188),(#3189,#3190),(#3191,#3192),(#3193,
#3194),(#3195,#3196),(#3197,#3198),(#3199,#3200),(#3201,#3202),(#3203,#3204),
(#3205,#3206),(#3207,#3208),(#3209,#3210),(#3211,#3212),(#3213,#3214),(#3215,
#3216),(#3217,#3218),(#3219,#3220),(#3221,#3222),(#3223,#3224)),
 .UNSPECIFIED.,.F.,.F.,.F.,(4,3,3,3,3,3,3,3,3,3,3,3,3,3,3,3,3,3,3,3,3,3,
3,3,4),(2,2),(-1.,-0.946881692068968,-0.92061992768382,-0.894405184297561,
-0.867847810209872,-0.840551522024044,-0.812106367237161,-0.782081606380796,
-0.750019664565672,-0.725495214198775,-0.693952274407046,-0.662876464364352,
-0.631877917300121,-0.600542007192414,-0.56843006288989,-0.535082382143112,
-0.500022794474749,-0.47061255568749,-0.43759321196844,-0.405789948002964,
-0.374758337892724,-0.34406867119179,-0.313308854635199,-0.282085611530417,
-0.250023669715292),(0.,0.00381),.UNSPECIFIED.);
#251=B_SPLINE_SURFACE_WITH_KNOTS('',3,1,((#3379,#3380),(#3381,#3382),(#3383,
#3384),(#3385,#3386),(#3387,#3388),(#3389,#3390),(#3391,#3392),(#3393,#3394),
(#3395,#3396),(#3397,#3398),(#3399,#3400),(#3401,#3402),(#3403,#3404),(#3405,
#3406),(#3407,#3408),(#3409,#3410),(#3411,#3412),(#3413,#3414),(#3415,#3416),
(#3417,#3418),(#3419,#3420),(#3421,#3422),(#3423,#3424),(#3425,#3426),(#3427,
#3428),(#3429,#3430),(#3431,#3432),(#3433,#3434)),.UNSPECIFIED.,.F.,.F.,
 .F.,(4,3,3,3,3,3,3,3,3,4),(2,2),(-0.246625837721195,-0.215888327563727,
-0.18694138816265,-0.159357316890244,-0.132726132948489,-0.10664966549884,
-0.0807351530562069,-0.0545892724178667,-0.0278133472556346,0.),(0.,0.00381),
 .UNSPECIFIED.);
#252=B_SPLINE_CURVE_WITH_KNOTS('',3,(#3051,#3052,#3053,#3054),
 .UNSPECIFIED.,.F.,.F.,(4,4),(-0.271353977651798,-0.250023669715292),
 .UNSPECIFIED.);
#253=B_SPLINE_CURVE_WITH_KNOTS('',3,(#3059,#3060,#3061,#3062),
 .UNSPECIFIED.,.F.,.F.,(4,4),(-0.24650937624086,-0.227916096301938),
 .UNSPECIFIED.);
#254=B_SPLINE_CURVE_WITH_KNOTS('',3,(#3067,#3068,#3069,#3070),
 .UNSPECIFIED.,.F.,.F.,(4,4),(-0.0183899384823383,0.),.UNSPECIFIED.);
#255=B_SPLINE_CURVE_WITH_KNOTS('',3,(#3075,#3076,#3077,#3078),
 .UNSPECIFIED.,.F.,.F.,(4,4),(-1.,-0.965059870320597),.UNSPECIFIED.);
#256=B_SPLINE_CURVE_WITH_KNOTS('',3,(#3226,#3227,#3228,#3229,#3230,#3231,
#3232,#3233,#3234,#3235,#3236,#3237,#3238,#3239,#3240,#3241,#3242,#3243,
#3244,#3245,#3246,#3247,#3248,#3249,#3250),.UNSPECIFIED.,.F.,.F.,(4,3,3,
3,3,3,3,3,4),(0.750052258473936,0.782081606380796,0.812106367237161,0.840551522024044,
0.867847810209872,0.894405184297561,0.92061992768382,0.946881692068968,
0.965059870320597),.UNSPECIFIED.);
#257=B_SPLINE_CURVE_WITH_KNOTS('',3,(#3252,#3253,#3254,#3255,#3256,#3257,
#3258,#3259,#3260,#3261,#3262,#3263,#3264,#3265,#3266,#3267,#3268,#3269,
#3270,#3271,#3272,#3273,#3274,#3275,#3276),.UNSPECIFIED.,.F.,.F.,(4,3,3,
3,3,3,3,3,4),(0.500055276424951,0.535082382143112,0.56843006288989,0.600542007192414,
0.631877917300121,0.662876464364352,0.693952274407046,0.725495214198775,
0.750052258473936),.UNSPECIFIED.);
#258=B_SPLINE_CURVE_WITH_KNOTS('',3,(#3277,#3278,#3279,#3280,#3281,#3282,
#3283,#3284,#3285,#3286,#3287,#3288,#3289,#3290,#3291,#3292,#3293,#3294,
#3295,#3296,#3297,#3298,#3299,#3300,#3301),.UNSPECIFIED.,.F.,.F.,(4,3,3,
3,3,3,3,3,4),(0.271353977651798,0.282085611530417,0.313308854635199,0.34406867119179,
0.374758337892724,0.405789948002964,0.43759321196844,0.47061255568749,0.500055276424951),
 .UNSPECIFIED.);
#259=B_SPLINE_CURVE_WITH_KNOTS('',3,(#3305,#3306,#3307,#3308,#3309,#3310,
#3311,#3312,#3313,#3314,#3315,#3316,#3317,#3318,#3319,#3320,#3321,#3322,
#3323,#3324,#3325,#3326,#3327,#3328,#3329,#3330,#3331,#3332,#3333,#3334,
#3335,#3336,#3337,#3338,#3339,#3340,#3341,#3342,#3343,#3344,#3345,#3346,
#3347,#3348,#3349,#3350,#3351,#3352,#3353,#3354,#3355,#3356,#3357,#3358,
#3359,#3360,#3361,#3362,#3363,#3364,#3365,#3366,#3367,#3368,#3369,#3370,
#3371,#3372,#3373,#3374,#3375,#3376,#3377),.UNSPECIFIED.,.F.,.F.,(4,3,3,
3,3,3,3,3,3,3,3,3,3,3,3,3,3,3,3,3,3,3,3,3,4),(-1.,-0.946881692068968,-0.92061992768382,
-0.894405184297561,-0.867847810209872,-0.840551522024044,-0.812106367237161,
-0.782081606380796,-0.750019664565672,-0.725495214198775,-0.693952274407046,
-0.662876464364352,-0.631877917300121,-0.600542007192414,-0.56843006288989,
-0.535082382143112,-0.500022794474749,-0.47061255568749,-0.43759321196844,
-0.405789948002964,-0.374758337892724,-0.34406867119179,-0.313308854635199,
-0.282085611530417,-0.250023669715292),.UNSPECIFIED.);
#260=B_SPLINE_CURVE_WITH_KNOTS('',3,(#3436,#3437,#3438,#3439),
 .UNSPECIFIED.,.F.,.F.,(4,4),(0.24650937624086,0.246625837721195),
 .UNSPECIFIED.);
#261=B_SPLINE_CURVE_WITH_KNOTS('',3,(#3440,#3441,#3442,#3443,#3444,#3445,
#3446,#3447,#3448,#3449,#3450,#3451,#3452,#3453,#3454,#3455,#3456,#3457,
#3458,#3459,#3460,#3461,#3462,#3463,#3464,#3465,#3466,#3467),
 .UNSPECIFIED.,.F.,.F.,(4,3,3,3,3,3,3,3,3,4),(0.0183899384823383,0.0278133472556346,
0.0545892724178667,0.0807351530562069,0.10664966549884,0.132726132948489,
0.159357316890244,0.18694138816265,0.215888327563727,0.227916096301938),
 .UNSPECIFIED.);
#262=B_SPLINE_CURVE_WITH_KNOTS('',3,(#3471,#3472,#3473,#3474,#3475,#3476,
#3477,#3478,#3479,#3480,#3481,#3482,#3483,#3484,#3485,#3486,#3487,#3488,
#3489,#3490,#3491,#3492,#3493,#3494,#3495,#3496,#3497,#3498),
 .UNSPECIFIED.,.F.,.F.,(4,3,3,3,3,3,3,3,3,4),(-0.246625837721195,-0.215888327563727,
-0.18694138816265,-0.159357316890245,-0.132726132948489,-0.10664966549884,
-0.0807351530562069,-0.0545892724178667,-0.0278133472556346,0.),
 .UNSPECIFIED.);
#263=B_SPLINE_CURVE_WITH_KNOTS('',3,(#3701,#3702,#3703,#3704,#3705,#3706,
#3707,#3708,#3709,#3710,#3711,#3712,#3713,#3714,#3715,#3716,#3717,#3718,
#3719,#3720,#3721,#3722,#3723,#3724,#3725,#3726,#3727,#3728,#3729,#3730,
#3731,#3732,#3733,#3734,#3735,#3736,#3737),.UNSPECIFIED.,.F.,.F.,(4,3,3,
3,3,3,3,3,3,3,3,3,4),(0.,0.0825488790145041,0.163733928325375,0.243789571813563,
0.322948755918224,0.401442972848522,0.479502290481847,0.557355393649129,
0.635229641215219,0.713351142702441,0.791944857231087,0.871234716354784,
1.),.UNSPECIFIED.);
#264=B_SPLINE_CURVE_WITH_KNOTS('',3,(#3761,#3762,#3763,#3764,#3765,#3766,
#3767,#3768,#3769,#3770,#3771,#3772,#3773,#3774,#3775,#3776,#3777,#3778,
#3779,#3780,#3781,#3782,#3783,#3784,#3785,#3786,#3787,#3788,#3789,#3790,
#3791,#3792,#3793,#3794,#3795,#3796,#3797,#3798,#3799,#3800,#3801,#3802,
#3803,#3804,#3805,#3806,#3807,#3808,#3809,#3810,#3811,#3812,#3813,#3814,
#3815),.UNSPECIFIED.,.F.,.F.,(4,3,3,3,3,3,3,3,3,3,3,3,3,3,3,3,3,3,4),(0.,
0.0586323522454895,0.116884218616232,0.174830981785208,0.232548225393885,
0.290111750897698,0.347597591510858,0.405082023322319,0.462641573730333,
0.520353027414997,0.578293430132694,0.63654009067057,0.69517058134089,0.754262737421726,
0.813894655961998,0.874144694364686,0.93509146914348,0.996813855216402,
1.),.UNSPECIFIED.);
#265=B_SPLINE_CURVE_WITH_KNOTS('',3,(#3824,#3825,#3826,#3827,#3828,#3829,
#3830,#3831,#3832,#3833,#3834,#3835,#3836,#3837,#3838,#3839,#3840,#3841,
#3842,#3843,#3844,#3845,#3846,#3847,#3848,#3849,#3850,#3851,#3852,#3853,
#3854,#3855,#3856,#3857,#3858,#3859,#3860,#3861,#3862,#3863,#3864,#3865,
#3866,#3867,#3868,#3869,#3870,#3871,#3872,#3873,#3874,#3875,#3876,#3877,
#3878),.UNSPECIFIED.,.F.,.F.,(4,3,3,3,3,3,3,3,3,3,3,3,3,3,3,3,3,3,4),(0.,
0.0620421867322006,0.123280282003889,0.183794206988657,0.243663534830364,
0.302967485995615,0.361784923430138,0.420194347949024,0.47827389431663,
0.53610132848217,0.593754046431215,0.651309075089663,0.708843075676894,
0.766432349849505,0.824152848909099,0.882080186269607,0.940289653296157,
0.998856238541392,1.),.UNSPECIFIED.);
#266=B_SPLINE_CURVE_WITH_KNOTS('',3,(#3908,#3909,#3910,#3911,#3912,#3913,
#3914,#3915,#3916,#3917,#3918,#3919,#3920,#3921,#3922,#3923,#3924,#3925,
#3926,#3927,#3928,#3929,#3930,#3931,#3932,#3933,#3934,#3935,#3936,#3937,
#3938,#3939,#3940,#3941,#3942,#3943,#3944,#3945,#3946,#3947,#3948,#3949,
#3950,#3951,#3952,#3953,#3954,#3955,#3956,#3957,#3958,#3959),
 .UNSPECIFIED.,.F.,.F.,(4,3,3,3,3,3,3,3,3,3,3,3,3,3,3,3,3,4),(0.,0.0620421935410718,
0.123280295531016,0.183794227152514,0.243663561558543,0.302967519224767,
0.361784963105948,0.420194394026233,0.478273946758992,0.53610138726249,
0.593754111531309,0.651309146500397,0.708843153398184,0.766432433890349,
0.824152939287569,0.882080283012918,0.940289756440674,1.),.UNSPECIFIED.);
#267=B_SPLINE_CURVE_WITH_KNOTS('',3,(#3965,#3966,#3967,#3968,#3969,#3970,
#3971,#3972,#3973,#3974,#3975,#3976,#3977,#3978,#3979,#3980,#3981,#3982,
#3983,#3984,#3985,#3986,#3987,#3988,#3989,#3990,#3991,#3992,#3993,#3994,
#3995,#3996,#3997,#3998),.UNSPECIFIED.,.F.,.F.,(4,3,3,3,3,3,3,3,3,3,3,4),
(0.,0.0447912796617978,0.0892862914330465,0.134021286545148,0.179550503336128,
0.226450644519368,0.250010071872356,0.29888749385159,0.347095336337368,
0.395221598624528,0.443868082051299,0.493647079032913),.UNSPECIFIED.);
#268=B_SPLINE_CURVE_WITH_KNOTS('',3,(#4002,#4003,#4004,#4005,#4006,#4007,
#4008,#4009,#4010,#4011,#4012,#4013,#4014,#4015,#4016,#4017),
 .UNSPECIFIED.,.F.,.F.,(4,3,3,3,3,4),(0.500003385692069,0.550530937694093,
0.599720698996065,0.648201017769547,0.696583288948162,0.745458326733761),
 .UNSPECIFIED.);
#269=B_SPLINE_CURVE_WITH_KNOTS('',3,(#4021,#4022,#4023,#4024,#4025,#4026,
#4027,#4028,#4029,#4030,#4031,#4032,#4033,#4034,#4035,#4036,#4037,#4038,
#4039),.UNSPECIFIED.,.F.,.F.,(4,3,3,3,3,3,4),(0.749994577913233,0.798871999892466,
0.845905264520834,0.891707425434483,0.936857882989289,0.981906228602204,
1.),.UNSPECIFIED.);
#270=B_SPLINE_CURVE_WITH_KNOTS('',3,(#4117,#4118,#4119,#4120,#4121,#4122,
#4123,#4124,#4125,#4126,#4127,#4128,#4129,#4130,#4131,#4132,#4133,#4134,
#4135,#4136,#4137,#4138,#4139,#4140,#4141,#4142,#4143,#4144,#4145,#4146,
#4147,#4148,#4149,#4150,#4151,#4152,#4153),.UNSPECIFIED.,.F.,.F.,(4,3,3,
3,3,3,3,3,3,3,3,3,4),(0.,0.081135508193768,0.161148397844128,0.240264027017488,
0.318707900676728,0.396705803374959,0.474483914250262,0.552268904874168,
0.630288021544813,0.708769154550845,0.787940897669065,0.868032601620319,
1.),.UNSPECIFIED.);
#271=B_SPLINE_CURVE_WITH_KNOTS('',3,(#4162,#4163,#4164,#4165,#4166,#4167,
#4168,#4169,#4170,#4171,#4172,#4173,#4174,#4175,#4176,#4177,#4178,#4179,
#4180,#4181,#4182,#4183,#4184,#4185,#4186,#4187,#4188,#4189,#4190,#4191,
#4192,#4193,#4194,#4195,#4196,#4197,#4198,#4199,#4200,#4201,#4202,#4203,
#4204,#4205,#4206,#4207,#4208,#4209,#4210,#4211,#4212,#4213),
 .UNSPECIFIED.,.F.,.F.,(4,3,3,3,3,3,3,3,3,3,3,3,3,3,3,3,3,4),(0.,0.0586323718906659,
0.116884257782141,0.174831040372251,0.232548303327358,0.290111848127866,
0.347597708013017,0.405082159096877,0.462641728802891,0.520353201836448,
0.578293623979252,0.636540304043902,0.695170814368176,0.754262990255754,
0.813894928781224,0.874144987373351,0.935091782571656,1.),.UNSPECIFIED.);
#272=B_SPLINE_CURVE_WITH_KNOTS('',3,(#4219,#4220,#4221,#4222,#4223,#4224,
#4225,#4226,#4227,#4228,#4229,#4230,#4231,#4232,#4233,#4234,#4235,#4236,
#4237),.UNSPECIFIED.,.F.,.F.,(4,3,3,3,3,3,4),(0.,0.118322334119888,0.261854613428295,
0.459868554501539,0.701221527668965,0.843482632135987,1.),.UNSPECIFIED.);
#273=B_SPLINE_CURVE_WITH_KNOTS('',3,(#4245,#4246,#4247,#4248,#4249,#4250,
#4251,#4252,#4253,#4254,#4255,#4256,#4257,#4258,#4259,#4260,#4261,#4262,
#4263,#4264,#4265,#4266),.UNSPECIFIED.,.F.,.F.,(4,3,3,3,3,3,3,4),(0.,0.238321026577062,
0.275036819729449,0.50542015897206,0.656131041299965,0.786448401063824,
0.901978458287388,1.),.UNSPECIFIED.);
#274=B_SPLINE_CURVE_WITH_KNOTS('',3,(#4270,#4271,#4272,#4273,#4274,#4275,
#4276,#4277,#4278,#4279,#4280,#4281,#4282,#4283,#4284,#4285,#4286,#4287,
#4288),.UNSPECIFIED.,.F.,.F.,(4,3,3,3,3,3,4),(0.,0.118322330674458,0.261854604546908,
0.459868534610228,0.701221492245811,0.843482612645159,1.),.UNSPECIFIED.);
#275=B_SPLINE_CURVE_WITH_KNOTS('',3,(#4303,#4304,#4305,#4306,#4307,#4308,
#4309,#4310,#4311,#4312,#4313,#4314,#4315,#4316,#4317,#4318,#4319,#4320,
#4321),.UNSPECIFIED.,.F.,.F.,(4,3,3,3,3,3,4),(0.,0.238572514042609,0.275057975860856,
0.505459036697475,0.656181511700403,0.786508895678641,1.),.UNSPECIFIED.);
#276=B_SPLINE_CURVE_WITH_KNOTS('',3,(#4368,#4369,#4370,#4371,#4372,#4373,
#4374,#4375,#4376,#4377,#4378,#4379,#4380,#4381,#4382,#4383,#4384,#4385,
#4386,#4387,#4388,#4389,#4390,#4391,#4392,#4393,#4394,#4395,#4396,#4397,
#4398,#4399,#4400,#4401,#4402,#4403,#4404),.UNSPECIFIED.,.F.,.F.,(4,3,3,
3,3,3,3,3,3,3,3,3,4),(0.,0.0825488790145041,0.163733928325375,0.243789571813563,
0.322948755918224,0.401442972848522,0.479502290481847,0.557355393649129,
0.635229641215219,0.713351142702441,0.791944857231087,0.871234716354784,
1.),.UNSPECIFIED.);
#277=B_SPLINE_CURVE_WITH_KNOTS('',3,(#4428,#4429,#4430,#4431,#4432,#4433,
#4434,#4435,#4436,#4437,#4438,#4439,#4440,#4441,#4442,#4443,#4444,#4445,
#4446,#4447,#4448,#4449,#4450,#4451,#4452,#4453,#4454,#4455,#4456,#4457,
#4458,#4459,#4460,#4461,#4462,#4463,#4464,#4465,#4466,#4467,#4468,#4469,
#4470,#4471,#4472,#4473,#4474,#4475,#4476,#4477,#4478,#4479,#4480,#4481,
#4482),.UNSPECIFIED.,.F.,.F.,(4,3,3,3,3,3,3,3,3,3,3,3,3,3,3,3,3,3,4),(0.,
0.0586323522454895,0.116884218616232,0.174830981785208,0.232548225393885,
0.290111750897698,0.347597591510858,0.405082023322319,0.462641573730333,
0.520353027414997,0.578293430132694,0.63654009067057,0.69517058134089,0.754262737421726,
0.813894655961998,0.874144694364686,0.93509146914348,0.996813855216402,
1.),.UNSPECIFIED.);
#278=B_SPLINE_CURVE_WITH_KNOTS('',3,(#4491,#4492,#4493,#4494,#4495,#4496,
#4497,#4498,#4499,#4500,#4501,#4502,#4503,#4504,#4505,#4506,#4507,#4508,
#4509,#4510,#4511,#4512,#4513,#4514,#4515,#4516,#4517,#4518,#4519,#4520,
#4521,#4522,#4523,#4524,#4525,#4526,#4527,#4528,#4529,#4530,#4531,#4532,
#4533,#4534,#4535,#4536,#4537,#4538,#4539,#4540,#4541,#4542,#4543,#4544,
#4545),.UNSPECIFIED.,.F.,.F.,(4,3,3,3,3,3,3,3,3,3,3,3,3,3,3,3,3,3,4),(0.,
0.0620421867322006,0.123280282003889,0.183794206988657,0.243663534830364,
0.302967485995615,0.361784923430138,0.420194347949024,0.47827389431663,
0.53610132848217,0.593754046431215,0.651309075089663,0.708843075676894,
0.766432349849505,0.824152848909099,0.882080186269607,0.940289653296157,
0.998856238541392,1.),.UNSPECIFIED.);
#279=B_SPLINE_CURVE_WITH_KNOTS('',3,(#4575,#4576,#4577,#4578,#4579,#4580,
#4581,#4582,#4583,#4584,#4585,#4586,#4587,#4588,#4589,#4590,#4591,#4592,
#4593,#4594,#4595,#4596,#4597,#4598,#4599,#4600,#4601,#4602,#4603,#4604,
#4605,#4606,#4607,#4608,#4609,#4610,#4611,#4612,#4613,#4614,#4615,#4616,
#4617,#4618,#4619,#4620,#4621,#4622,#4623,#4624,#4625,#4626),
 .UNSPECIFIED.,.F.,.F.,(4,3,3,3,3,3,3,3,3,3,3,3,3,3,3,3,3,4),(0.,0.0620421935410718,
0.123280295531016,0.183794227152514,0.243663561558543,0.302967519224767,
0.361784963105948,0.420194394026233,0.478273946758992,0.53610138726249,
0.593754111531309,0.651309146500397,0.708843153398184,0.766432433890349,
0.824152939287569,0.882080283012918,0.940289756440674,1.),.UNSPECIFIED.);
#280=B_SPLINE_CURVE_WITH_KNOTS('',3,(#4632,#4633,#4634,#4635,#4636,#4637,
#4638,#4639,#4640,#4641,#4642,#4643,#4644,#4645,#4646,#4647,#4648,#4649,
#4650,#4651,#4652,#4653,#4654,#4655,#4656,#4657,#4658,#4659,#4660,#4661,
#4662,#4663,#4664,#4665),.UNSPECIFIED.,.F.,.F.,(4,3,3,3,3,3,3,3,3,3,3,4),
(0.,0.0447912796617978,0.0892862914330465,0.134021286545148,0.179550503336128,
0.226450644519368,0.250010071872356,0.29888749385159,0.347095336337368,
0.395221598624528,0.443868082051299,0.493647079032913),.UNSPECIFIED.);
#281=B_SPLINE_CURVE_WITH_KNOTS('',3,(#4669,#4670,#4671,#4672,#4673,#4674,
#4675,#4676,#4677,#4678,#4679,#4680,#4681,#4682,#4683,#4684),
 .UNSPECIFIED.,.F.,.F.,(4,3,3,3,3,4),(0.500003385692069,0.550530937694093,
0.599720698996065,0.648201017769547,0.696583288948162,0.745458326733761),
 .UNSPECIFIED.);
#282=B_SPLINE_CURVE_WITH_KNOTS('',3,(#4688,#4689,#4690,#4691,#4692,#4693,
#4694,#4695,#4696,#4697,#4698,#4699,#4700,#4701,#4702,#4703,#4704,#4705,
#4706),.UNSPECIFIED.,.F.,.F.,(4,3,3,3,3,3,4),(0.749994577913233,0.798871999892466,
0.845905264520834,0.891707425434483,0.936857882989289,0.981906228602204,
1.),.UNSPECIFIED.);
#283=B_SPLINE_CURVE_WITH_KNOTS('',3,(#4797,#4798,#4799,#4800,#4801,#4802,
#4803,#4804,#4805,#4806,#4807,#4808,#4809,#4810,#4811,#4812,#4813,#4814,
#4815,#4816,#4817,#4818,#4819,#4820,#4821,#4822,#4823,#4824,#4825,#4826,
#4827,#4828,#4829,#4830,#4831,#4832,#4833),.UNSPECIFIED.,.F.,.F.,(4,3,3,
3,3,3,3,3,3,3,3,3,4),(0.,0.081135508193768,0.161148397844128,0.240264027017488,
0.318707900676728,0.396705803374959,0.474483914250262,0.552268904874168,
0.630288021544813,0.708769154550845,0.787940897669065,0.868032601620319,
1.),.UNSPECIFIED.);
#284=B_SPLINE_CURVE_WITH_KNOTS('',3,(#4842,#4843,#4844,#4845,#4846,#4847,
#4848,#4849,#4850,#4851,#4852,#4853,#4854,#4855,#4856,#4857,#4858,#4859,
#4860,#4861,#4862,#4863,#4864,#4865,#4866,#4867,#4868,#4869,#4870,#4871,
#4872,#4873,#4874,#4875,#4876,#4877,#4878,#4879,#4880,#4881,#4882,#4883,
#4884,#4885,#4886,#4887,#4888,#4889,#4890,#4891,#4892,#4893),
 .UNSPECIFIED.,.F.,.F.,(4,3,3,3,3,3,3,3,3,3,3,3,3,3,3,3,3,4),(0.,0.0586323718906659,
0.116884257782141,0.174831040372251,0.232548303327358,0.290111848127866,
0.347597708013017,0.405082159096877,0.462641728802891,0.520353201836448,
0.578293623979252,0.636540304043902,0.695170814368176,0.754262990255754,
0.813894928781224,0.874144987373351,0.935091782571656,1.),.UNSPECIFIED.);
#285=B_SPLINE_CURVE_WITH_KNOTS('',3,(#4899,#4900,#4901,#4902,#4903,#4904,
#4905,#4906,#4907,#4908,#4909,#4910,#4911,#4912,#4913,#4914,#4915,#4916,
#4917),.UNSPECIFIED.,.F.,.F.,(4,3,3,3,3,3,4),(0.,0.118322334119888,0.261854613428295,
0.459868554501539,0.701221527668965,0.843482632135987,1.),.UNSPECIFIED.);
#286=B_SPLINE_CURVE_WITH_KNOTS('',3,(#4925,#4926,#4927,#4928,#4929,#4930,
#4931,#4932,#4933,#4934,#4935,#4936,#4937,#4938,#4939,#4940,#4941,#4942,
#4943,#4944,#4945,#4946),.UNSPECIFIED.,.F.,.F.,(4,3,3,3,3,3,3,4),(0.,0.238321026577062,
0.275036819729449,0.50542015897206,0.656131041299965,0.786448401063824,
0.901978458287388,1.),.UNSPECIFIED.);
#287=B_SPLINE_CURVE_WITH_KNOTS('',3,(#4950,#4951,#4952,#4953,#4954,#4955,
#4956,#4957,#4958,#4959,#4960,#4961,#4962,#4963,#4964,#4965,#4966,#4967,
#4968),.UNSPECIFIED.,.F.,.F.,(4,3,3,3,3,3,4),(0.,0.118322330674458,0.261854604546908,
0.459868534610228,0.701221492245811,0.843482612645159,1.),.UNSPECIFIED.);
#288=B_SPLINE_CURVE_WITH_KNOTS('',3,(#4983,#4984,#4985,#4986,#4987,#4988,
#4989,#4990,#4991,#4992,#4993,#4994,#4995,#4996,#4997,#4998,#4999,#5000,
#5001),.UNSPECIFIED.,.F.,.F.,(4,3,3,3,3,3,4),(0.,0.238572514042609,0.275057975860856,
0.505459036697475,0.656181511700403,0.786508895678641,1.),.UNSPECIFIED.);
#289=B_SPLINE_CURVE_WITH_KNOTS('',3,(#5005,#5006,#5007,#5008,#5009,#5010,
#5011,#5012,#5013,#5014,#5015,#5016,#5017,#5018,#5019,#5020,#5021,#5022,
#5023,#5024,#5025,#5026,#5027,#5028,#5029,#5030,#5031,#5032,#5033,#5034,
#5035,#5036,#5037,#5038,#5039,#5040,#5041,#5042,#5043,#5044,#5045,#5046,
#5047,#5048,#5049,#5050,#5051,#5052,#5053,#5054,#5055,#5056,#5057,#5058,
#5059,#5060,#5061,#5062,#5063,#5064,#5065,#5066,#5067,#5068,#5069,#5070,
#5071,#5072,#5073,#5074,#5075,#5076,#5077),.UNSPECIFIED.,.F.,.F.,(4,3,3,
3,3,3,3,3,3,3,3,3,3,3,3,3,3,3,3,3,3,3,3,3,4),(0.,0.0341923823718275,0.0642301830572569,
0.0844210457807554,0.114124893538837,0.134086827995828,0.177104931748599,
0.205899506066847,0.225208745704524,0.267003943353625,0.294935709947939,
0.313621899275,0.354414523108296,0.381629631554852,0.399789155824643,0.433268422056842,
0.45559193231982,0.470475506984126,0.480398262573094,0.487013544226114,
0.491423765082503,0.4943639313526,0.496324047338813,0.497630789100731,0.499986148292825),
 .UNSPECIFIED.);
#290=B_SPLINE_CURVE_WITH_KNOTS('',3,(#5079,#5080,#5081,#5082,#5083,#5084,
#5085,#5086,#5087,#5088,#5089,#5090,#5091,#5092,#5093,#5094,#5095,#5096,
#5097,#5098,#5099,#5100,#5101,#5102,#5103,#5104,#5105,#5106,#5107,#5108,
#5109,#5110,#5111,#5112,#5113,#5114,#5115,#5116,#5117,#5118,#5119,#5120,
#5121,#5122,#5123,#5124,#5125,#5126,#5127,#5128,#5129,#5130,#5131,#5132,
#5133,#5134,#5135,#5136,#5137,#5138,#5139,#5140,#5141,#5142,#5143,#5144,
#5145,#5146,#5147,#5148,#5149,#5150,#5151,#5152,#5153,#5154,#5155,#5156,
#5157,#5158,#5159,#5160),.UNSPECIFIED.,.F.,.F.,(4,3,3,3,3,3,3,3,3,3,3,3,
3,3,3,3,3,3,3,3,3,3,3,3,3,3,3,4),(0.499986148292825,0.532965816152688,0.559792389736931,
0.577720368956169,0.604612440261157,0.622578203605582,0.649608422771807,
0.667660614513658,0.69489620366323,0.71307983391098,0.740580469962334,0.758935494964412,
0.78675139106691,0.80531142782155,0.833482338775163,0.852273998481832,0.880786026644623,
0.899800048442995,0.933281057457046,0.955605371037261,0.970489231516546,
0.980412079999645,0.987027390629365,0.991437620333044,0.994377786071203,
0.99633789994123,0.997644641070956,1.),.UNSPECIFIED.);
#291=B_SPLINE_CURVE_WITH_KNOTS('',3,(#5167,#5168,#5169,#5170,#5171,#5172,
#5173,#5174,#5175,#5176,#5177,#5178,#5179,#5180,#5181,#5182,#5183,#5184,
#5185,#5186,#5187,#5188,#5189,#5190,#5191,#5192,#5193,#5194,#5195,#5196,
#5197,#5198,#5199,#5200,#5201,#5202,#5203,#5204,#5205,#5206,#5207,#5208,
#5209,#5210,#5211,#5212,#5213,#5214,#5215,#5216,#5217,#5218,#5219,#5220,
#5221,#5222,#5223,#5224,#5225,#5226,#5227,#5228,#5229,#5230,#5231,#5232,
#5233,#5234,#5235,#5236,#5237,#5238,#5239),.UNSPECIFIED.,.F.,.F.,(4,3,3,
3,3,3,3,3,3,3,3,3,3,3,3,3,3,3,3,3,3,3,3,3,4),(0.500013851706866,0.50149805037143,
0.50367595263754,0.505636068611261,0.50857623486262,0.512986455690903,0.519601737301764,
0.529524492827494,0.544408067396948,0.566731577517658,0.600210843536495,
0.618370367690555,0.645585475963671,0.686378099536997,0.705064288744973,
0.732996055161281,0.774791252544022,0.794100492058643,0.822895066193386,
0.865913169672008,0.885875104001785,0.915578951570567,0.935769814165394,
0.965807614659395,1.),.UNSPECIFIED.);
#292=B_SPLINE_CURVE_WITH_KNOTS('',3,(#5254,#5255,#5256,#5257,#5258,#5259,
#5260,#5261,#5262,#5263,#5264,#5265,#5266,#5267,#5268,#5269,#5270,#5271,
#5272,#5273,#5274,#5275,#5276,#5277,#5278,#5279,#5280,#5281),
 .UNSPECIFIED.,.F.,.F.,(4,3,3,3,3,3,3,3,3,4),(0.,0.0278133472556346,0.0545892724178667,
0.0807351530562069,0.10664966549884,0.132726132948489,0.159357316890244,
0.18694138816265,0.215888327563727,0.246625837721195),.UNSPECIFIED.);
#293=B_SPLINE_CURVE_WITH_KNOTS('',3,(#5284,#5285,#5286,#5287,#5288,#5289,
#5290,#5291,#5292,#5293,#5294,#5295,#5296,#5297,#5298,#5299,#5300,#5301,
#5302,#5303,#5304,#5305,#5306,#5307,#5308,#5309,#5310,#5311,#5312,#5313,
#5314,#5315,#5316,#5317,#5318,#5319,#5320,#5321,#5322,#5323,#5324,#5325,
#5326,#5327,#5328,#5329,#5330,#5331,#5332,#5333,#5334,#5335,#5336,#5337,
#5338,#5339,#5340,#5341,#5342,#5343,#5344,#5345,#5346,#5347,#5348,#5349,
#5350,#5351,#5352,#5353,#5354,#5355,#5356),.UNSPECIFIED.,.F.,.F.,(4,3,3,
3,3,3,3,3,3,3,3,3,3,3,3,3,3,3,3,3,3,3,3,3,4),(0.250023669715292,0.282085611530417,
0.313308854635199,0.34406867119179,0.374758337892724,0.405789948002964,
0.43759321196844,0.47061255568749,0.500022794474749,0.535082382143112,0.56843006288989,
0.600542007192414,0.631877917300121,0.662876464364352,0.693952274407046,
0.725495214198775,0.750019664565672,0.782081606380796,0.812106367237161,
0.840551522024044,0.867847810209872,0.894405184297561,0.92061992768382,
0.946881692068968,1.),.UNSPECIFIED.);
#294=B_SPLINE_CURVE_WITH_KNOTS('',3,(#5370,#5371,#5372,#5373,#5374,#5375,
#5376,#5377,#5378,#5379,#5380,#5381,#5382,#5383,#5384,#5385,#5386,#5387,
#5388,#5389,#5390,#5391,#5392,#5393,#5394,#5395,#5396,#5397),
 .UNSPECIFIED.,.F.,.F.,(4,3,3,3,3,3,3,3,3,4),(0.,0.0278133472556346,0.0545892724178667,
0.0807351530562069,0.10664966549884,0.132726132948489,0.159357316890244,
0.18694138816265,0.215888327563727,0.246625837721195),.UNSPECIFIED.);
#295=B_SPLINE_CURVE_WITH_KNOTS('',3,(#5400,#5401,#5402,#5403,#5404,#5405,
#5406,#5407,#5408,#5409,#5410,#5411,#5412,#5413,#5414,#5415,#5416,#5417,
#5418,#5419,#5420,#5421,#5422,#5423,#5424,#5425,#5426,#5427,#5428,#5429,
#5430,#5431,#5432,#5433,#5434,#5435,#5436,#5437,#5438,#5439,#5440,#5441,
#5442,#5443,#5444,#5445,#5446,#5447,#5448,#5449,#5450,#5451,#5452,#5453,
#5454,#5455,#5456,#5457,#5458,#5459,#5460,#5461,#5462,#5463,#5464,#5465,
#5466,#5467,#5468,#5469,#5470,#5471,#5472),.UNSPECIFIED.,.F.,.F.,(4,3,3,
3,3,3,3,3,3,3,3,3,3,3,3,3,3,3,3,3,3,3,3,3,4),(0.250023669715292,0.282085611530417,
0.313308854635199,0.34406867119179,0.374758337892724,0.405789948002964,
0.43759321196844,0.47061255568749,0.500022794474749,0.535082382143112,0.56843006288989,
0.600542007192414,0.631877917300121,0.662876464364352,0.693952274407046,
0.725495214198775,0.750019664565672,0.782081606380796,0.812106367237161,
0.840551522024044,0.867847810209872,0.894405184297561,0.92061992768382,
0.946881692068968,1.),.UNSPECIFIED.);
#296=FACE_OUTER_BOUND('',#381,.T.);
#297=FACE_OUTER_BOUND('',#382,.T.);
#298=FACE_OUTER_BOUND('',#383,.T.);
#299=FACE_OUTER_BOUND('',#384,.T.);
#300=FACE_OUTER_BOUND('',#385,.T.);
#301=FACE_OUTER_BOUND('',#386,.T.);
#302=FACE_OUTER_BOUND('',#387,.T.);
#303=FACE_OUTER_BOUND('',#388,.T.);
#304=FACE_OUTER_BOUND('',#389,.T.);
#305=FACE_OUTER_BOUND('',#390,.T.);
#306=FACE_OUTER_BOUND('',#391,.T.);
#307=FACE_OUTER_BOUND('',#392,.T.);
#308=FACE_OUTER_BOUND('',#393,.T.);
#309=FACE_OUTER_BOUND('',#394,.T.);
#310=FACE_OUTER_BOUND('',#395,.T.);
#311=FACE_OUTER_BOUND('',#396,.T.);
#312=FACE_OUTER_BOUND('',#397,.T.);
#313=FACE_OUTER_BOUND('',#398,.T.);
#314=FACE_OUTER_BOUND('',#399,.T.);
#315=FACE_OUTER_BOUND('',#400,.T.);
#316=FACE_OUTER_BOUND('',#401,.T.);
#317=FACE_OUTER_BOUND('',#402,.T.);
#318=FACE_OUTER_BOUND('',#403,.T.);
#319=FACE_OUTER_BOUND('',#404,.T.);
#320=FACE_OUTER_BOUND('',#405,.T.);
#321=FACE_OUTER_BOUND('',#406,.T.);
#322=FACE_OUTER_BOUND('',#407,.T.);
#323=FACE_OUTER_BOUND('',#408,.T.);
#324=FACE_OUTER_BOUND('',#409,.T.);
#325=FACE_OUTER_BOUND('',#410,.T.);
#326=FACE_OUTER_BOUND('',#411,.T.);
#327=FACE_OUTER_BOUND('',#413,.T.);
#328=FACE_OUTER_BOUND('',#414,.T.);
#329=FACE_OUTER_BOUND('',#415,.T.);
#330=FACE_OUTER_BOUND('',#416,.T.);
#331=FACE_OUTER_BOUND('',#417,.T.);
#332=FACE_OUTER_BOUND('',#418,.T.);
#333=FACE_OUTER_BOUND('',#419,.T.);
#334=FACE_OUTER_BOUND('',#420,.T.);
#335=FACE_OUTER_BOUND('',#421,.T.);
#336=FACE_OUTER_BOUND('',#422,.T.);
#337=FACE_OUTER_BOUND('',#423,.T.);
#338=FACE_OUTER_BOUND('',#424,.T.);
#339=FACE_OUTER_BOUND('',#425,.T.);
#340=FACE_OUTER_BOUND('',#426,.T.);
#341=FACE_OUTER_BOUND('',#427,.T.);
#342=FACE_OUTER_BOUND('',#428,.T.);
#343=FACE_OUTER_BOUND('',#429,.T.);
#344=FACE_OUTER_BOUND('',#430,.T.);
#345=FACE_OUTER_BOUND('',#431,.T.);
#346=FACE_OUTER_BOUND('',#432,.T.);
#347=FACE_OUTER_BOUND('',#433,.T.);
#348=FACE_OUTER_BOUND('',#434,.T.);
#349=FACE_OUTER_BOUND('',#435,.T.);
#350=FACE_OUTER_BOUND('',#436,.T.);
#351=FACE_OUTER_BOUND('',#437,.T.);
#352=FACE_OUTER_BOUND('',#438,.T.);
#353=FACE_OUTER_BOUND('',#439,.T.);
#354=FACE_OUTER_BOUND('',#440,.T.);
#355=FACE_OUTER_BOUND('',#441,.T.);
#356=FACE_OUTER_BOUND('',#442,.T.);
#357=FACE_OUTER_BOUND('',#443,.T.);
#358=FACE_OUTER_BOUND('',#444,.T.);
#359=FACE_OUTER_BOUND('',#445,.T.);
#360=FACE_OUTER_BOUND('',#446,.T.);
#361=FACE_OUTER_BOUND('',#447,.T.);
#362=FACE_OUTER_BOUND('',#448,.T.);
#363=FACE_OUTER_BOUND('',#449,.T.);
#364=FACE_OUTER_BOUND('',#450,.T.);
#365=FACE_OUTER_BOUND('',#451,.T.);
#366=FACE_OUTER_BOUND('',#452,.T.);
#367=FACE_OUTER_BOUND('',#453,.T.);
#368=FACE_OUTER_BOUND('',#454,.T.);
#369=FACE_OUTER_BOUND('',#455,.T.);
#370=FACE_OUTER_BOUND('',#456,.T.);
#371=FACE_OUTER_BOUND('',#457,.T.);
#372=FACE_OUTER_BOUND('',#458,.T.);
#373=FACE_OUTER_BOUND('',#459,.T.);
#374=FACE_OUTER_BOUND('',#460,.T.);
#375=FACE_OUTER_BOUND('',#461,.T.);
#376=FACE_OUTER_BOUND('',#462,.T.);
#377=FACE_OUTER_BOUND('',#463,.T.);
#378=FACE_OUTER_BOUND('',#464,.T.);
#379=FACE_OUTER_BOUND('',#465,.T.);
#380=FACE_OUTER_BOUND('',#466,.T.);
#381=EDGE_LOOP('',(#1763,#1764,#1765,#1766,#1767,#1768,#1769,#1770,#1771,
#1772));
#382=EDGE_LOOP('',(#1773,#1774));
#383=EDGE_LOOP('',(#1775,#1776));
#384=EDGE_LOOP('',(#1777,#1778));
#385=EDGE_LOOP('',(#1779,#1780));
#386=EDGE_LOOP('',(#1781,#1782,#1783,#1784,#1785,#1786,#1787,#1788));
#387=EDGE_LOOP('',(#1789,#1790,#1791,#1792,#1793,#1794,#1795));
#388=EDGE_LOOP('',(#1796,#1797,#1798,#1799,#1800));
#389=EDGE_LOOP('',(#1801,#1802,#1803,#1804,#1805,#1806,#1807,#1808));
#390=EDGE_LOOP('',(#1809,#1810));
#391=EDGE_LOOP('',(#1811,#1812));
#392=EDGE_LOOP('',(#1813,#1814));
#393=EDGE_LOOP('',(#1815,#1816,#1817,#1818));
#394=EDGE_LOOP('',(#1819,#1820,#1821,#1822,#1823,#1824));
#395=EDGE_LOOP('',(#1825,#1826,#1827,#1828));
#396=EDGE_LOOP('',(#1829,#1830,#1831,#1832,#1833,#1834,#1835,#1836));
#397=EDGE_LOOP('',(#1837,#1838,#1839));
#398=EDGE_LOOP('',(#1840,#1841,#1842,#1843,#1844));
#399=EDGE_LOOP('',(#1845,#1846,#1847,#1848,#1849));
#400=EDGE_LOOP('',(#1850,#1851,#1852,#1853));
#401=EDGE_LOOP('',(#1854,#1855,#1856,#1857));
#402=EDGE_LOOP('',(#1858,#1859,#1860,#1861,#1862,#1863));
#403=EDGE_LOOP('',(#1864,#1865,#1866,#1867));
#404=EDGE_LOOP('',(#1868,#1869,#1870,#1871));
#405=EDGE_LOOP('',(#1872,#1873,#1874,#1875));
#406=EDGE_LOOP('',(#1876,#1877,#1878,#1879));
#407=EDGE_LOOP('',(#1880,#1881,#1882,#1883));
#408=EDGE_LOOP('',(#1884,#1885,#1886,#1887));
#409=EDGE_LOOP('',(#1888,#1889,#1890,#1891));
#410=EDGE_LOOP('',(#1892,#1893,#1894,#1895,#1896,#1897,#1898,#1899));
#411=EDGE_LOOP('',(#1900,#1901,#1902,#1903,#1904,#1905));
#412=EDGE_LOOP('',(#1906));
#413=EDGE_LOOP('',(#1907,#1908,#1909,#1910));
#414=EDGE_LOOP('',(#1911,#1912));
#415=EDGE_LOOP('',(#1913,#1914,#1915,#1916,#1917,#1918));
#416=EDGE_LOOP('',(#1919,#1920,#1921,#1922));
#417=EDGE_LOOP('',(#1923,#1924,#1925,#1926,#1927,#1928,#1929,#1930,#1931,
#1932,#1933,#1934,#1935,#1936,#1937,#1938,#1939,#1940,#1941,#1942,#1943,
#1944,#1945,#1946,#1947,#1948));
#418=EDGE_LOOP('',(#1949,#1950,#1951,#1952));
#419=EDGE_LOOP('',(#1953,#1954,#1955,#1956));
#420=EDGE_LOOP('',(#1957,#1958,#1959,#1960));
#421=EDGE_LOOP('',(#1961,#1962,#1963,#1964));
#422=EDGE_LOOP('',(#1965,#1966,#1967,#1968));
#423=EDGE_LOOP('',(#1969,#1970,#1971,#1972));
#424=EDGE_LOOP('',(#1973,#1974,#1975,#1976));
#425=EDGE_LOOP('',(#1977,#1978,#1979,#1980,#1981));
#426=EDGE_LOOP('',(#1982,#1983,#1984,#1985));
#427=EDGE_LOOP('',(#1986,#1987,#1988,#1989));
#428=EDGE_LOOP('',(#1990,#1991,#1992,#1993));
#429=EDGE_LOOP('',(#1994,#1995,#1996,#1997));
#430=EDGE_LOOP('',(#1998,#1999,#2000,#2001));
#431=EDGE_LOOP('',(#2002,#2003,#2004,#2005));
#432=EDGE_LOOP('',(#2006,#2007,#2008,#2009));
#433=EDGE_LOOP('',(#2010,#2011,#2012,#2013,#2014,#2015,#2016,#2017,#2018,
#2019,#2020,#2021));
#434=EDGE_LOOP('',(#2022,#2023,#2024,#2025,#2026,#2027,#2028,#2029));
#435=EDGE_LOOP('',(#2030,#2031,#2032,#2033,#2034,#2035,#2036,#2037));
#436=EDGE_LOOP('',(#2038,#2039,#2040,#2041,#2042,#2043));
#437=EDGE_LOOP('',(#2044,#2045,#2046,#2047));
#438=EDGE_LOOP('',(#2048,#2049,#2050,#2051,#2052));
#439=EDGE_LOOP('',(#2053,#2054,#2055,#2056));
#440=EDGE_LOOP('',(#2057,#2058,#2059,#2060,#2061,#2062,#2063,#2064,#2065,
#2066,#2067,#2068,#2069,#2070,#2071,#2072));
#441=EDGE_LOOP('',(#2073,#2074,#2075,#2076));
#442=EDGE_LOOP('',(#2077,#2078,#2079,#2080));
#443=EDGE_LOOP('',(#2081,#2082,#2083,#2084));
#444=EDGE_LOOP('',(#2085,#2086,#2087,#2088));
#445=EDGE_LOOP('',(#2089,#2090,#2091,#2092,#2093));
#446=EDGE_LOOP('',(#2094,#2095,#2096,#2097));
#447=EDGE_LOOP('',(#2098,#2099,#2100,#2101));
#448=EDGE_LOOP('',(#2102,#2103,#2104,#2105));
#449=EDGE_LOOP('',(#2106,#2107,#2108,#2109));
#450=EDGE_LOOP('',(#2110,#2111,#2112,#2113));
#451=EDGE_LOOP('',(#2114,#2115,#2116,#2117));
#452=EDGE_LOOP('',(#2118,#2119,#2120,#2121));
#453=EDGE_LOOP('',(#2122,#2123,#2124,#2125,#2126,#2127,#2128,#2129,#2130,
#2131,#2132,#2133));
#454=EDGE_LOOP('',(#2134,#2135,#2136,#2137,#2138,#2139,#2140,#2141));
#455=EDGE_LOOP('',(#2142,#2143,#2144,#2145,#2146,#2147,#2148,#2149));
#456=EDGE_LOOP('',(#2150,#2151,#2152,#2153,#2154,#2155));
#457=EDGE_LOOP('',(#2156,#2157,#2158,#2159,#2160,#2161));
#458=EDGE_LOOP('',(#2162,#2163,#2164,#2165));
#459=EDGE_LOOP('',(#2166,#2167,#2168,#2169,#2170));
#460=EDGE_LOOP('',(#2171,#2172,#2173,#2174));
#461=EDGE_LOOP('',(#2175,#2176,#2177,#2178,#2179,#2180,#2181,#2182,#2183,
#2184,#2185,#2186,#2187,#2188,#2189,#2190));
#462=EDGE_LOOP('',(#2191,#2192,#2193));
#463=EDGE_LOOP('',(#2194,#2195,#2196));
#464=EDGE_LOOP('',(#2197,#2198,#2199,#2200,#2201,#2202,#2203,#2204));
#465=EDGE_LOOP('',(#2205,#2206,#2207,#2208,#2209,#2210,#2211,#2212));
#466=EDGE_LOOP('',(#2213,#2214,#2215,#2216,#2217,#2218));
#467=CIRCLE('',#2396,0.01);
#468=CIRCLE('',#2397,0.01);
#469=CIRCLE('',#2398,0.187);
#470=CIRCLE('',#2400,0.187);
#471=CIRCLE('',#2402,0.187);
#472=CIRCLE('',#2404,0.187);
#473=CIRCLE('',#2406,0.187);
#474=CIRCLE('',#2408,0.187);
#475=CIRCLE('',#2411,0.187);
#476=CIRCLE('',#2413,0.187);
#477=CIRCLE('',#2415,0.187);
#478=CIRCLE('',#2417,0.01);
#479=CIRCLE('',#2420,0.01);
#480=CIRCLE('',#2423,0.199999999803082);
#481=CIRCLE('',#2429,0.187);
#482=CIRCLE('',#2444,0.187);
#483=CIRCLE('',#2446,0.187);
#484=CIRCLE('',#2473,0.186999999999998);
#485=CIRCLE('',#2474,0.187000000000001);
#486=CIRCLE('',#2475,0.187);
#487=CIRCLE('',#2476,0.187000000000001);
#488=CIRCLE('',#2498,0.186999999999998);
#489=CIRCLE('',#2499,0.187000000000001);
#490=CIRCLE('',#2500,0.187);
#491=CIRCLE('',#2501,0.187000000000001);
#492=LINE('',#3029,#781);
#493=LINE('',#3033,#782);
#494=LINE('',#3035,#783);
#495=LINE('',#3037,#784);
#496=LINE('',#3041,#785);
#497=LINE('',#3043,#786);
#498=LINE('',#3046,#787);
#499=LINE('',#3303,#788);
#500=LINE('',#3378,#789);
#501=LINE('',#3469,#790);
#502=LINE('',#3499,#791);
#503=LINE('',#3503,#792);
#504=LINE('',#3504,#793);
#505=LINE('',#3507,#794);
#506=LINE('',#3509,#795);
#507=LINE('',#3511,#796);
#508=LINE('',#3513,#797);
#509=LINE('',#3514,#798);
#510=LINE('',#3523,#799);
#511=LINE('',#3526,#800);
#512=LINE('',#3529,#801);
#513=LINE('',#3530,#802);
#514=LINE('',#3531,#803);
#515=LINE('',#3534,#804);
#516=LINE('',#3537,#805);
#517=LINE('',#3540,#806);
#518=LINE('',#3542,#807);
#519=LINE('',#3544,#808);
#520=LINE('',#3546,#809);
#521=LINE('',#3548,#810);
#522=LINE('',#3549,#811);
#523=LINE('',#3553,#812);
#524=LINE('',#3558,#813);
#525=LINE('',#3559,#814);
#526=LINE('',#3560,#815);
#527=LINE('',#3563,#816);
#528=LINE('',#3564,#817);
#529=LINE('',#3567,#818);
#530=LINE('',#3569,#819);
#531=LINE('',#3570,#820);
#532=LINE('',#3574,#821);
#533=LINE('',#3576,#822);
#534=LINE('',#3578,#823);
#535=LINE('',#3579,#824);
#536=LINE('',#3583,#825);
#537=LINE('',#3584,#826);
#538=LINE('',#3587,#827);
#539=LINE('',#3588,#828);
#540=LINE('',#3592,#829);
#541=LINE('',#3593,#830);
#542=LINE('',#3594,#831);
#543=LINE('',#3599,#832);
#544=LINE('',#3603,#833);
#545=LINE('',#3605,#834);
#546=LINE('',#3607,#835);
#547=LINE('',#3608,#836);
#548=LINE('',#3611,#837);
#549=LINE('',#3612,#838);
#550=LINE('',#3615,#839);
#551=LINE('',#3617,#840);
#552=LINE('',#3619,#841);
#553=LINE('',#3631,#842);
#554=LINE('',#3633,#843);
#555=LINE('',#3635,#844);
#556=LINE('',#3636,#845);
#557=LINE('',#3640,#846);
#558=LINE('',#3642,#847);
#559=LINE('',#3644,#848);
#560=LINE('',#3645,#849);
#561=LINE('',#3649,#850);
#562=LINE('',#3651,#851);
#563=LINE('',#3653,#852);
#564=LINE('',#3654,#853);
#565=LINE('',#3658,#854);
#566=LINE('',#3660,#855);
#567=LINE('',#3662,#856);
#568=LINE('',#3663,#857);
#569=LINE('',#3667,#858);
#570=LINE('',#3669,#859);
#571=LINE('',#3671,#860);
#572=LINE('',#3672,#861);
#573=LINE('',#3676,#862);
#574=LINE('',#3678,#863);
#575=LINE('',#3680,#864);
#576=LINE('',#3681,#865);
#577=LINE('',#3685,#866);
#578=LINE('',#3687,#867);
#579=LINE('',#3689,#868);
#580=LINE('',#3690,#869);
#581=LINE('',#3694,#870);
#582=LINE('',#3696,#871);
#583=LINE('',#3698,#872);
#584=LINE('',#3700,#873);
#585=LINE('',#3741,#874);
#586=LINE('',#3743,#875);
#587=LINE('',#3745,#876);
#588=LINE('',#3746,#877);
#589=LINE('',#3750,#878);
#590=LINE('',#3752,#879);
#591=LINE('',#3754,#880);
#592=LINE('',#3755,#881);
#593=LINE('',#3759,#882);
#594=LINE('',#3817,#883);
#595=LINE('',#3818,#884);
#596=LINE('',#3822,#885);
#597=LINE('',#3880,#886);
#598=LINE('',#3881,#887);
#599=LINE('',#3885,#888);
#600=LINE('',#3887,#889);
#601=LINE('',#3889,#890);
#602=LINE('',#3890,#891);
#603=LINE('',#3894,#892);
#604=LINE('',#3896,#893);
#605=LINE('',#3898,#894);
#606=LINE('',#3899,#895);
#607=LINE('',#3903,#896);
#608=LINE('',#3905,#897);
#609=LINE('',#3907,#898);
#610=LINE('',#3963,#899);
#611=LINE('',#4000,#900);
#612=LINE('',#4019,#901);
#613=LINE('',#4041,#902);
#614=LINE('',#4043,#903);
#615=LINE('',#4045,#904);
#616=LINE('',#4047,#905);
#617=LINE('',#4049,#906);
#618=LINE('',#4050,#907);
#619=LINE('',#4054,#908);
#620=LINE('',#4056,#909);
#621=LINE('',#4058,#910);
#622=LINE('',#4060,#911);
#623=LINE('',#4062,#912);
#624=LINE('',#4064,#913);
#625=LINE('',#4066,#914);
#626=LINE('',#4067,#915);
#627=LINE('',#4071,#916);
#628=LINE('',#4073,#917);
#629=LINE('',#4075,#918);
#630=LINE('',#4077,#919);
#631=LINE('',#4079,#920);
#632=LINE('',#4081,#921);
#633=LINE('',#4083,#922);
#634=LINE('',#4084,#923);
#635=LINE('',#4088,#924);
#636=LINE('',#4090,#925);
#637=LINE('',#4092,#926);
#638=LINE('',#4094,#927);
#639=LINE('',#4096,#928);
#640=LINE('',#4097,#929);
#641=LINE('',#4101,#930);
#642=LINE('',#4103,#931);
#643=LINE('',#4105,#932);
#644=LINE('',#4106,#933);
#645=LINE('',#4110,#934);
#646=LINE('',#4112,#935);
#647=LINE('',#4114,#936);
#648=LINE('',#4116,#937);
#649=LINE('',#4157,#938);
#650=LINE('',#4159,#939);
#651=LINE('',#4161,#940);
#652=LINE('',#4217,#941);
#653=LINE('',#4239,#942);
#654=LINE('',#4243,#943);
#655=LINE('',#4268,#944);
#656=LINE('',#4290,#945);
#657=LINE('',#4294,#946);
#658=LINE('',#4298,#947);
#659=LINE('',#4302,#948);
#660=LINE('',#4325,#949);
#661=LINE('',#4327,#950);
#662=LINE('',#4329,#951);
#663=LINE('',#4330,#952);
#664=LINE('',#4334,#953);
#665=LINE('',#4336,#954);
#666=LINE('',#4338,#955);
#667=LINE('',#4339,#956);
#668=LINE('',#4343,#957);
#669=LINE('',#4345,#958);
#670=LINE('',#4347,#959);
#671=LINE('',#4348,#960);
#672=LINE('',#4352,#961);
#673=LINE('',#4354,#962);
#674=LINE('',#4356,#963);
#675=LINE('',#4357,#964);
#676=LINE('',#4361,#965);
#677=LINE('',#4363,#966);
#678=LINE('',#4365,#967);
#679=LINE('',#4367,#968);
#680=LINE('',#4408,#969);
#681=LINE('',#4410,#970);
#682=LINE('',#4412,#971);
#683=LINE('',#4413,#972);
#684=LINE('',#4417,#973);
#685=LINE('',#4419,#974);
#686=LINE('',#4421,#975);
#687=LINE('',#4422,#976);
#688=LINE('',#4426,#977);
#689=LINE('',#4484,#978);
#690=LINE('',#4485,#979);
#691=LINE('',#4489,#980);
#692=LINE('',#4547,#981);
#693=LINE('',#4548,#982);
#694=LINE('',#4552,#983);
#695=LINE('',#4554,#984);
#696=LINE('',#4556,#985);
#697=LINE('',#4557,#986);
#698=LINE('',#4561,#987);
#699=LINE('',#4563,#988);
#700=LINE('',#4565,#989);
#701=LINE('',#4566,#990);
#702=LINE('',#4570,#991);
#703=LINE('',#4572,#992);
#704=LINE('',#4574,#993);
#705=LINE('',#4630,#994);
#706=LINE('',#4667,#995);
#707=LINE('',#4686,#996);
#708=LINE('',#4708,#997);
#709=LINE('',#4710,#998);
#710=LINE('',#4712,#999);
#711=LINE('',#4714,#1000);
#712=LINE('',#4716,#1001);
#713=LINE('',#4717,#1002);
#714=LINE('',#4721,#1003);
#715=LINE('',#4723,#1004);
#716=LINE('',#4725,#1005);
#717=LINE('',#4727,#1006);
#718=LINE('',#4729,#1007);
#719=LINE('',#4731,#1008);
#720=LINE('',#4733,#1009);
#721=LINE('',#4734,#1010);
#722=LINE('',#4738,#1011);
#723=LINE('',#4740,#1012);
#724=LINE('',#4742,#1013);
#725=LINE('',#4744,#1014);
#726=LINE('',#4746,#1015);
#727=LINE('',#4748,#1016);
#728=LINE('',#4750,#1017);
#729=LINE('',#4751,#1018);
#730=LINE('',#4755,#1019);
#731=LINE('',#4757,#1020);
#732=LINE('',#4759,#1021);
#733=LINE('',#4761,#1022);
#734=LINE('',#4763,#1023);
#735=LINE('',#4764,#1024);
#736=LINE('',#4768,#1025);
#737=LINE('',#4770,#1026);
#738=LINE('',#4772,#1027);
#739=LINE('',#4774,#1028);
#740=LINE('',#4776,#1029);
#741=LINE('',#4777,#1030);
#742=LINE('',#4781,#1031);
#743=LINE('',#4783,#1032);
#744=LINE('',#4785,#1033);
#745=LINE('',#4786,#1034);
#746=LINE('',#4790,#1035);
#747=LINE('',#4792,#1036);
#748=LINE('',#4794,#1037);
#749=LINE('',#4796,#1038);
#750=LINE('',#4837,#1039);
#751=LINE('',#4839,#1040);
#752=LINE('',#4841,#1041);
#753=LINE('',#4897,#1042);
#754=LINE('',#4919,#1043);
#755=LINE('',#4923,#1044);
#756=LINE('',#4948,#1045);
#757=LINE('',#4970,#1046);
#758=LINE('',#4974,#1047);
#759=LINE('',#4978,#1048);
#760=LINE('',#4982,#1049);
#761=LINE('',#5161,#1050);
#762=LINE('',#5240,#1051);
#763=LINE('',#5244,#1052);
#764=LINE('',#5246,#1053);
#765=LINE('',#5248,#1054);
#766=LINE('',#5250,#1055);
#767=LINE('',#5252,#1056);
#768=LINE('',#5283,#1057);
#769=LINE('',#5360,#1058);
#770=LINE('',#5362,#1059);
#771=LINE('',#5364,#1060);
#772=LINE('',#5366,#1061);
#773=LINE('',#5368,#1062);
#774=LINE('',#5399,#1063);
#775=LINE('',#5476,#1064);
#776=LINE('',#5478,#1065);
#777=LINE('',#5480,#1066);
#778=LINE('',#5482,#1067);
#779=LINE('',#5484,#1068);
#780=LINE('',#5485,#1069);
#781=VECTOR('',#2512,0.393700787401575);
#782=VECTOR('',#2515,0.393700787401575);
#783=VECTOR('',#2516,0.393700787401575);
#784=VECTOR('',#2517,0.393700787401575);
#785=VECTOR('',#2520,0.393700787401575);
#786=VECTOR('',#2521,0.393700787401575);
#787=VECTOR('',#2524,0.393700787401575);
#788=VECTOR('',#2541,0.393700787401575);
#789=VECTOR('',#2542,0.393700787401575);
#790=VECTOR('',#2543,0.393700787401575);
#791=VECTOR('',#2544,0.393700787401575);
#792=VECTOR('',#2549,0.393700787401575);
#793=VECTOR('',#2550,0.393700787401575);
#794=VECTOR('',#2553,0.393700787401575);
#795=VECTOR('',#2554,0.393700787401575);
#796=VECTOR('',#2555,0.393700787401575);
#797=VECTOR('',#2556,0.393700787401575);
#798=VECTOR('',#2557,0.393700787401575);
#799=VECTOR('',#2572,0.393700787401575);
#800=VECTOR('',#2575,0.393700787401575);
#801=VECTOR('',#2578,1.);
#802=VECTOR('',#2579,0.393700787401575);
#803=VECTOR('',#2580,0.393700787401575);
#804=VECTOR('',#2583,0.393700787401575);
#805=VECTOR('',#2586,0.393700787401575);
#806=VECTOR('',#2589,0.393700787401575);
#807=VECTOR('',#2590,1.);
#808=VECTOR('',#2591,1.);
#809=VECTOR('',#2592,1.);
#810=VECTOR('',#2593,1.);
#811=VECTOR('',#2594,1.);
#812=VECTOR('',#2597,0.131751328292288);
#813=VECTOR('',#2602,1.);
#814=VECTOR('',#2603,1.);
#815=VECTOR('',#2604,1.);
#816=VECTOR('',#2607,1.);
#817=VECTOR('',#2608,1.);
#818=VECTOR('',#2611,1.);
#819=VECTOR('',#2612,1.);
#820=VECTOR('',#2613,1.);
#821=VECTOR('',#2616,1.);
#822=VECTOR('',#2617,1.);
#823=VECTOR('',#2618,1.);
#824=VECTOR('',#2619,1.);
#825=VECTOR('',#2624,1.);
#826=VECTOR('',#2625,1.);
#827=VECTOR('',#2628,1.);
#828=VECTOR('',#2629,1.);
#829=VECTOR('',#2632,1.);
#830=VECTOR('',#2633,1.);
#831=VECTOR('',#2634,1.);
#832=VECTOR('',#2643,1.);
#833=VECTOR('',#2646,0.393700787401575);
#834=VECTOR('',#2647,1.);
#835=VECTOR('',#2648,1.);
#836=VECTOR('',#2649,1.);
#837=VECTOR('',#2652,0.393700787401575);
#838=VECTOR('',#2653,1.);
#839=VECTOR('',#2658,1.);
#840=VECTOR('',#2661,1.);
#841=VECTOR('',#2664,0.393700787401575);
#842=VECTOR('',#2683,0.37500000023842);
#843=VECTOR('',#2684,0.148910808090138);
#844=VECTOR('',#2685,0.575000001809643);
#845=VECTOR('',#2686,0.148910807438015);
#846=VECTOR('',#2689,0.375000002704048);
#847=VECTOR('',#2690,0.089999993562698);
#848=VECTOR('',#2691,0.375000000238419);
#849=VECTOR('',#2692,0.089999997356219);
#850=VECTOR('',#2695,0.375000002704048);
#851=VECTOR('',#2696,0.14891080881316);
#852=VECTOR('',#2697,0.57500000321865);
#853=VECTOR('',#2698,0.148910805141571);
#854=VECTOR('',#2701,0.200000000000002);
#855=VECTOR('',#2702,0.206499999999998);
#856=VECTOR('',#2703,0.200000000000002);
#857=VECTOR('',#2704,0.206499999999998);
#858=VECTOR('',#2707,0.200000000000002);
#859=VECTOR('',#2708,0.206500000000002);
#860=VECTOR('',#2709,0.200000000000002);
#861=VECTOR('',#2710,0.206500000000002);
#862=VECTOR('',#2713,0.089999993562698);
#863=VECTOR('',#2714,0.000500000238418);
#864=VECTOR('',#2715,0.089999993562698);
#865=VECTOR('',#2716,0.000500000238419);
#866=VECTOR('',#2719,0.089999999999999);
#867=VECTOR('',#2720,0.00050000246563);
#868=VECTOR('',#2721,0.089999999999998);
#869=VECTOR('',#2722,0.00050000246563);
#870=VECTOR('',#2725,0.393700787401575);
#871=VECTOR('',#2726,0.393700787401575);
#872=VECTOR('',#2727,0.393700787401575);
#873=VECTOR('',#2728,0.393700787401575);
#874=VECTOR('',#2731,0.265369239926948);
#875=VECTOR('',#2732,0.129484180678943);
#876=VECTOR('',#2733,0.265369239926947);
#877=VECTOR('',#2734,0.129484180678943);
#878=VECTOR('',#2737,0.265369239926948);
#879=VECTOR('',#2738,0.129484180440524);
#880=VECTOR('',#2739,0.265369239926946);
#881=VECTOR('',#2740,0.129484180440524);
#882=VECTOR('',#2743,0.393700787401575);
#883=VECTOR('',#2744,0.393700787401575);
#884=VECTOR('',#2745,0.393700787401575);
#885=VECTOR('',#2748,0.393700787401575);
#886=VECTOR('',#2749,0.393700787401575);
#887=VECTOR('',#2750,0.393700787401575);
#888=VECTOR('',#2753,0.601369233716059);
#889=VECTOR('',#2754,0.129484179647711);
#890=VECTOR('',#2755,0.60136923371606);
#891=VECTOR('',#2756,0.129484179647711);
#892=VECTOR('',#2759,0.601369233716059);
#893=VECTOR('',#2760,0.129484179886129);
#894=VECTOR('',#2761,0.601369233716059);
#895=VECTOR('',#2762,0.129484179886129);
#896=VECTOR('',#2765,0.393700787401575);
#897=VECTOR('',#2766,0.393700787401575);
#898=VECTOR('',#2767,0.393700787401575);
#899=VECTOR('',#2770,0.393700787401575);
#900=VECTOR('',#2771,0.393700787401575);
#901=VECTOR('',#2772,0.393700787401575);
#902=VECTOR('',#2773,0.393700787401575);
#903=VECTOR('',#2774,0.393700787401575);
#904=VECTOR('',#2775,0.393700787401575);
#905=VECTOR('',#2776,0.393700787401575);
#906=VECTOR('',#2777,0.393700787401575);
#907=VECTOR('',#2778,0.393700787401575);
#908=VECTOR('',#2781,0.393700787401575);
#909=VECTOR('',#2782,0.393700787401575);
#910=VECTOR('',#2783,0.393700787401575);
#911=VECTOR('',#2784,0.393700787401575);
#912=VECTOR('',#2785,0.393700787401575);
#913=VECTOR('',#2786,0.393700787401575);
#914=VECTOR('',#2787,0.393700787401575);
#915=VECTOR('',#2788,0.393700787401575);
#916=VECTOR('',#2791,0.393700787401575);
#917=VECTOR('',#2792,0.393700787401575);
#918=VECTOR('',#2793,0.393700787401575);
#919=VECTOR('',#2794,0.393700787401575);
#920=VECTOR('',#2795,0.393700787401575);
#921=VECTOR('',#2796,0.393700787401575);
#922=VECTOR('',#2797,0.393700787401575);
#923=VECTOR('',#2798,0.393700787401575);
#924=VECTOR('',#2801,0.393700787401575);
#925=VECTOR('',#2802,0.393700787401575);
#926=VECTOR('',#2803,0.393700787401575);
#927=VECTOR('',#2804,0.393700787401575);
#928=VECTOR('',#2805,0.393700787401575);
#929=VECTOR('',#2806,0.393700787401575);
#930=VECTOR('',#2809,1.25);
#931=VECTOR('',#2810,0.787);
#932=VECTOR('',#2811,1.25);
#933=VECTOR('',#2812,0.787);
#934=VECTOR('',#2815,0.393700787401575);
#935=VECTOR('',#2816,0.393700787401575);
#936=VECTOR('',#2817,0.393700787401575);
#937=VECTOR('',#2818,0.393700787401575);
#938=VECTOR('',#2821,0.393700787401575);
#939=VECTOR('',#2822,0.393700787401575);
#940=VECTOR('',#2823,0.393700787401575);
#941=VECTOR('',#2826,0.393700787401575);
#942=VECTOR('',#2827,0.393700787401575);
#943=VECTOR('',#2830,0.393700787401575);
#944=VECTOR('',#2831,0.393700787401575);
#945=VECTOR('',#2832,0.393700787401575);
#946=VECTOR('',#2835,0.393700787401575);
#947=VECTOR('',#2838,0.393700787401575);
#948=VECTOR('',#2841,0.393700787401575);
#949=VECTOR('',#2844,0.200000000000002);
#950=VECTOR('',#2845,0.206499999999998);
#951=VECTOR('',#2846,0.200000000000002);
#952=VECTOR('',#2847,0.206499999999998);
#953=VECTOR('',#2850,0.200000000000002);
#954=VECTOR('',#2851,0.206500000000002);
#955=VECTOR('',#2852,0.200000000000002);
#956=VECTOR('',#2853,0.206500000000002);
#957=VECTOR('',#2856,0.089999993562698);
#958=VECTOR('',#2857,0.000500000238418);
#959=VECTOR('',#2858,0.089999993562698);
#960=VECTOR('',#2859,0.000500000238419);
#961=VECTOR('',#2862,0.089999999999999);
#962=VECTOR('',#2863,0.00050000246563);
#963=VECTOR('',#2864,0.089999999999998);
#964=VECTOR('',#2865,0.00050000246563);
#965=VECTOR('',#2868,0.393700787401575);
#966=VECTOR('',#2869,0.393700787401575);
#967=VECTOR('',#2870,0.393700787401575);
#968=VECTOR('',#2871,0.393700787401575);
#969=VECTOR('',#2874,0.265369239926948);
#970=VECTOR('',#2875,0.129484180678943);
#971=VECTOR('',#2876,0.265369239926947);
#972=VECTOR('',#2877,0.129484180678943);
#973=VECTOR('',#2880,0.265369239926948);
#974=VECTOR('',#2881,0.129484180440524);
#975=VECTOR('',#2882,0.265369239926946);
#976=VECTOR('',#2883,0.129484180440524);
#977=VECTOR('',#2886,0.393700787401575);
#978=VECTOR('',#2887,0.393700787401575);
#979=VECTOR('',#2888,0.393700787401575);
#980=VECTOR('',#2891,0.393700787401575);
#981=VECTOR('',#2892,0.393700787401575);
#982=VECTOR('',#2893,0.393700787401575);
#983=VECTOR('',#2896,0.601369233716059);
#984=VECTOR('',#2897,0.129484179647711);
#985=VECTOR('',#2898,0.60136923371606);
#986=VECTOR('',#2899,0.129484179647711);
#987=VECTOR('',#2902,0.601369233716059);
#988=VECTOR('',#2903,0.129484179886129);
#989=VECTOR('',#2904,0.601369233716059);
#990=VECTOR('',#2905,0.129484179886129);
#991=VECTOR('',#2908,0.393700787401575);
#992=VECTOR('',#2909,0.393700787401575);
#993=VECTOR('',#2910,0.393700787401575);
#994=VECTOR('',#2913,0.393700787401575);
#995=VECTOR('',#2914,0.393700787401575);
#996=VECTOR('',#2915,0.393700787401575);
#997=VECTOR('',#2916,0.393700787401575);
#998=VECTOR('',#2917,0.393700787401575);
#999=VECTOR('',#2918,0.393700787401575);
#1000=VECTOR('',#2919,0.393700787401575);
#1001=VECTOR('',#2920,0.393700787401575);
#1002=VECTOR('',#2921,0.393700787401575);
#1003=VECTOR('',#2924,0.393700787401575);
#1004=VECTOR('',#2925,0.393700787401575);
#1005=VECTOR('',#2926,0.393700787401575);
#1006=VECTOR('',#2927,0.393700787401575);
#1007=VECTOR('',#2928,0.393700787401575);
#1008=VECTOR('',#2929,0.393700787401575);
#1009=VECTOR('',#2930,0.393700787401575);
#1010=VECTOR('',#2931,0.393700787401575);
#1011=VECTOR('',#2934,0.393700787401575);
#1012=VECTOR('',#2935,0.393700787401575);
#1013=VECTOR('',#2936,0.393700787401575);
#1014=VECTOR('',#2937,0.393700787401575);
#1015=VECTOR('',#2938,0.393700787401575);
#1016=VECTOR('',#2939,0.393700787401575);
#1017=VECTOR('',#2940,0.393700787401575);
#1018=VECTOR('',#2941,0.393700787401575);
#1019=VECTOR('',#2944,0.393700787401575);
#1020=VECTOR('',#2945,0.393700787401575);
#1021=VECTOR('',#2946,0.393700787401575);
#1022=VECTOR('',#2947,0.393700787401575);
#1023=VECTOR('',#2948,0.393700787401575);
#1024=VECTOR('',#2949,0.393700787401575);
#1025=VECTOR('',#2952,0.393700787401575);
#1026=VECTOR('',#2953,0.393700787401575);
#1027=VECTOR('',#2954,0.393700787401575);
#1028=VECTOR('',#2955,0.393700787401575);
#1029=VECTOR('',#2956,0.393700787401575);
#1030=VECTOR('',#2957,0.393700787401575);
#1031=VECTOR('',#2960,1.25);
#1032=VECTOR('',#2961,0.787);
#1033=VECTOR('',#2962,1.25);
#1034=VECTOR('',#2963,0.787);
#1035=VECTOR('',#2966,0.393700787401575);
#1036=VECTOR('',#2967,0.393700787401575);
#1037=VECTOR('',#2968,0.393700787401575);
#1038=VECTOR('',#2969,0.393700787401575);
#1039=VECTOR('',#2972,0.393700787401575);
#1040=VECTOR('',#2973,0.393700787401575);
#1041=VECTOR('',#2974,0.393700787401575);
#1042=VECTOR('',#2977,0.393700787401575);
#1043=VECTOR('',#2978,0.393700787401575);
#1044=VECTOR('',#2981,0.393700787401575);
#1045=VECTOR('',#2982,0.393700787401575);
#1046=VECTOR('',#2983,0.393700787401575);
#1047=VECTOR('',#2986,0.393700787401575);
#1048=VECTOR('',#2989,0.393700787401575);
#1049=VECTOR('',#2992,0.393700787401575);
#1050=VECTOR('',#2995,0.393700787401575);
#1051=VECTOR('',#3000,0.393700787401575);
#1052=VECTOR('',#3003,0.393700787401575);
#1053=VECTOR('',#3004,0.393700787401575);
#1054=VECTOR('',#3005,0.393700787401575);
#1055=VECTOR('',#3006,0.393700787401575);
#1056=VECTOR('',#3007,0.393700787401575);
#1057=VECTOR('',#3008,0.393700787401575);
#1058=VECTOR('',#3011,0.393700787401575);
#1059=VECTOR('',#3012,0.393700787401575);
#1060=VECTOR('',#3013,0.393700787401575);
#1061=VECTOR('',#3014,0.393700787401575);
#1062=VECTOR('',#3015,0.393700787401575);
#1063=VECTOR('',#3016,0.393700787401575);
#1064=VECTOR('',#3019,0.393700787401575);
#1065=VECTOR('',#3020,0.393700787401575);
#1066=VECTOR('',#3021,0.393700787401575);
#1067=VECTOR('',#3022,0.393700787401575);
#1068=VECTOR('',#3023,0.393700787401575);
#1069=VECTOR('',#3024,0.393700787401575);
#1070=VERTEX_POINT('',#3027);
#1071=VERTEX_POINT('',#3028);
#1072=VERTEX_POINT('',#3030);
#1073=VERTEX_POINT('',#3032);
#1074=VERTEX_POINT('',#3034);
#1075=VERTEX_POINT('',#3036);
#1076=VERTEX_POINT('',#3038);
#1077=VERTEX_POINT('',#3040);
#1078=VERTEX_POINT('',#3042);
#1079=VERTEX_POINT('',#3044);
#1080=VERTEX_POINT('',#3048);
#1081=VERTEX_POINT('',#3049);
#1082=VERTEX_POINT('',#3056);
#1083=VERTEX_POINT('',#3057);
#1084=VERTEX_POINT('',#3064);
#1085=VERTEX_POINT('',#3065);
#1086=VERTEX_POINT('',#3072);
#1087=VERTEX_POINT('',#3073);
#1088=VERTEX_POINT('',#3225);
#1089=VERTEX_POINT('',#3251);
#1090=VERTEX_POINT('',#3302);
#1091=VERTEX_POINT('',#3304);
#1092=VERTEX_POINT('',#3435);
#1093=VERTEX_POINT('',#3468);
#1094=VERTEX_POINT('',#3470);
#1095=VERTEX_POINT('',#3501);
#1096=VERTEX_POINT('',#3506);
#1097=VERTEX_POINT('',#3508);
#1098=VERTEX_POINT('',#3510);
#1099=VERTEX_POINT('',#3512);
#1100=VERTEX_POINT('',#3522);
#1101=VERTEX_POINT('',#3524);
#1102=VERTEX_POINT('',#3528);
#1103=VERTEX_POINT('',#3533);
#1104=VERTEX_POINT('',#3535);
#1105=VERTEX_POINT('',#3539);
#1106=VERTEX_POINT('',#3541);
#1107=VERTEX_POINT('',#3543);
#1108=VERTEX_POINT('',#3545);
#1109=VERTEX_POINT('',#3547);
#1110=VERTEX_POINT('',#3551);
#1111=VERTEX_POINT('',#3552);
#1112=VERTEX_POINT('',#3556);
#1113=VERTEX_POINT('',#3557);
#1114=VERTEX_POINT('',#3562);
#1115=VERTEX_POINT('',#3566);
#1116=VERTEX_POINT('',#3568);
#1117=VERTEX_POINT('',#3572);
#1118=VERTEX_POINT('',#3573);
#1119=VERTEX_POINT('',#3575);
#1120=VERTEX_POINT('',#3577);
#1121=VERTEX_POINT('',#3581);
#1122=VERTEX_POINT('',#3586);
#1123=VERTEX_POINT('',#3590);
#1124=VERTEX_POINT('',#3591);
#1125=VERTEX_POINT('',#3601);
#1126=VERTEX_POINT('',#3602);
#1127=VERTEX_POINT('',#3604);
#1128=VERTEX_POINT('',#3606);
#1129=VERTEX_POINT('',#3610);
#1130=VERTEX_POINT('',#3629);
#1131=VERTEX_POINT('',#3630);
#1132=VERTEX_POINT('',#3632);
#1133=VERTEX_POINT('',#3634);
#1134=VERTEX_POINT('',#3638);
#1135=VERTEX_POINT('',#3639);
#1136=VERTEX_POINT('',#3641);
#1137=VERTEX_POINT('',#3643);
#1138=VERTEX_POINT('',#3647);
#1139=VERTEX_POINT('',#3648);
#1140=VERTEX_POINT('',#3650);
#1141=VERTEX_POINT('',#3652);
#1142=VERTEX_POINT('',#3656);
#1143=VERTEX_POINT('',#3657);
#1144=VERTEX_POINT('',#3659);
#1145=VERTEX_POINT('',#3661);
#1146=VERTEX_POINT('',#3665);
#1147=VERTEX_POINT('',#3666);
#1148=VERTEX_POINT('',#3668);
#1149=VERTEX_POINT('',#3670);
#1150=VERTEX_POINT('',#3674);
#1151=VERTEX_POINT('',#3675);
#1152=VERTEX_POINT('',#3677);
#1153=VERTEX_POINT('',#3679);
#1154=VERTEX_POINT('',#3683);
#1155=VERTEX_POINT('',#3684);
#1156=VERTEX_POINT('',#3686);
#1157=VERTEX_POINT('',#3688);
#1158=VERTEX_POINT('',#3692);
#1159=VERTEX_POINT('',#3693);
#1160=VERTEX_POINT('',#3695);
#1161=VERTEX_POINT('',#3697);
#1162=VERTEX_POINT('',#3699);
#1163=VERTEX_POINT('',#3739);
#1164=VERTEX_POINT('',#3740);
#1165=VERTEX_POINT('',#3742);
#1166=VERTEX_POINT('',#3744);
#1167=VERTEX_POINT('',#3748);
#1168=VERTEX_POINT('',#3749);
#1169=VERTEX_POINT('',#3751);
#1170=VERTEX_POINT('',#3753);
#1171=VERTEX_POINT('',#3757);
#1172=VERTEX_POINT('',#3758);
#1173=VERTEX_POINT('',#3760);
#1174=VERTEX_POINT('',#3816);
#1175=VERTEX_POINT('',#3820);
#1176=VERTEX_POINT('',#3821);
#1177=VERTEX_POINT('',#3823);
#1178=VERTEX_POINT('',#3879);
#1179=VERTEX_POINT('',#3883);
#1180=VERTEX_POINT('',#3884);
#1181=VERTEX_POINT('',#3886);
#1182=VERTEX_POINT('',#3888);
#1183=VERTEX_POINT('',#3892);
#1184=VERTEX_POINT('',#3893);
#1185=VERTEX_POINT('',#3895);
#1186=VERTEX_POINT('',#3897);
#1187=VERTEX_POINT('',#3901);
#1188=VERTEX_POINT('',#3902);
#1189=VERTEX_POINT('',#3904);
#1190=VERTEX_POINT('',#3906);
#1191=VERTEX_POINT('',#3961);
#1192=VERTEX_POINT('',#3962);
#1193=VERTEX_POINT('',#3964);
#1194=VERTEX_POINT('',#3999);
#1195=VERTEX_POINT('',#4001);
#1196=VERTEX_POINT('',#4018);
#1197=VERTEX_POINT('',#4020);
#1198=VERTEX_POINT('',#4040);
#1199=VERTEX_POINT('',#4042);
#1200=VERTEX_POINT('',#4044);
#1201=VERTEX_POINT('',#4046);
#1202=VERTEX_POINT('',#4048);
#1203=VERTEX_POINT('',#4052);
#1204=VERTEX_POINT('',#4053);
#1205=VERTEX_POINT('',#4055);
#1206=VERTEX_POINT('',#4057);
#1207=VERTEX_POINT('',#4059);
#1208=VERTEX_POINT('',#4061);
#1209=VERTEX_POINT('',#4063);
#1210=VERTEX_POINT('',#4065);
#1211=VERTEX_POINT('',#4069);
#1212=VERTEX_POINT('',#4070);
#1213=VERTEX_POINT('',#4072);
#1214=VERTEX_POINT('',#4074);
#1215=VERTEX_POINT('',#4076);
#1216=VERTEX_POINT('',#4078);
#1217=VERTEX_POINT('',#4080);
#1218=VERTEX_POINT('',#4082);
#1219=VERTEX_POINT('',#4086);
#1220=VERTEX_POINT('',#4087);
#1221=VERTEX_POINT('',#4089);
#1222=VERTEX_POINT('',#4091);
#1223=VERTEX_POINT('',#4093);
#1224=VERTEX_POINT('',#4095);
#1225=VERTEX_POINT('',#4099);
#1226=VERTEX_POINT('',#4100);
#1227=VERTEX_POINT('',#4102);
#1228=VERTEX_POINT('',#4104);
#1229=VERTEX_POINT('',#4108);
#1230=VERTEX_POINT('',#4109);
#1231=VERTEX_POINT('',#4111);
#1232=VERTEX_POINT('',#4113);
#1233=VERTEX_POINT('',#4115);
#1234=VERTEX_POINT('',#4155);
#1235=VERTEX_POINT('',#4156);
#1236=VERTEX_POINT('',#4158);
#1237=VERTEX_POINT('',#4160);
#1238=VERTEX_POINT('',#4215);
#1239=VERTEX_POINT('',#4216);
#1240=VERTEX_POINT('',#4218);
#1241=VERTEX_POINT('',#4238);
#1242=VERTEX_POINT('',#4240);
#1243=VERTEX_POINT('',#4242);
#1244=VERTEX_POINT('',#4244);
#1245=VERTEX_POINT('',#4267);
#1246=VERTEX_POINT('',#4269);
#1247=VERTEX_POINT('',#4289);
#1248=VERTEX_POINT('',#4291);
#1249=VERTEX_POINT('',#4293);
#1250=VERTEX_POINT('',#4295);
#1251=VERTEX_POINT('',#4297);
#1252=VERTEX_POINT('',#4299);
#1253=VERTEX_POINT('',#4301);
#1254=VERTEX_POINT('',#4323);
#1255=VERTEX_POINT('',#4324);
#1256=VERTEX_POINT('',#4326);
#1257=VERTEX_POINT('',#4328);
#1258=VERTEX_POINT('',#4332);
#1259=VERTEX_POINT('',#4333);
#1260=VERTEX_POINT('',#4335);
#1261=VERTEX_POINT('',#4337);
#1262=VERTEX_POINT('',#4341);
#1263=VERTEX_POINT('',#4342);
#1264=VERTEX_POINT('',#4344);
#1265=VERTEX_POINT('',#4346);
#1266=VERTEX_POINT('',#4350);
#1267=VERTEX_POINT('',#4351);
#1268=VERTEX_POINT('',#4353);
#1269=VERTEX_POINT('',#4355);
#1270=VERTEX_POINT('',#4359);
#1271=VERTEX_POINT('',#4360);
#1272=VERTEX_POINT('',#4362);
#1273=VERTEX_POINT('',#4364);
#1274=VERTEX_POINT('',#4366);
#1275=VERTEX_POINT('',#4406);
#1276=VERTEX_POINT('',#4407);
#1277=VERTEX_POINT('',#4409);
#1278=VERTEX_POINT('',#4411);
#1279=VERTEX_POINT('',#4415);
#1280=VERTEX_POINT('',#4416);
#1281=VERTEX_POINT('',#4418);
#1282=VERTEX_POINT('',#4420);
#1283=VERTEX_POINT('',#4424);
#1284=VERTEX_POINT('',#4425);
#1285=VERTEX_POINT('',#4427);
#1286=VERTEX_POINT('',#4483);
#1287=VERTEX_POINT('',#4487);
#1288=VERTEX_POINT('',#4488);
#1289=VERTEX_POINT('',#4490);
#1290=VERTEX_POINT('',#4546);
#1291=VERTEX_POINT('',#4550);
#1292=VERTEX_POINT('',#4551);
#1293=VERTEX_POINT('',#4553);
#1294=VERTEX_POINT('',#4555);
#1295=VERTEX_POINT('',#4559);
#1296=VERTEX_POINT('',#4560);
#1297=VERTEX_POINT('',#4562);
#1298=VERTEX_POINT('',#4564);
#1299=VERTEX_POINT('',#4568);
#1300=VERTEX_POINT('',#4569);
#1301=VERTEX_POINT('',#4571);
#1302=VERTEX_POINT('',#4573);
#1303=VERTEX_POINT('',#4628);
#1304=VERTEX_POINT('',#4629);
#1305=VERTEX_POINT('',#4631);
#1306=VERTEX_POINT('',#4666);
#1307=VERTEX_POINT('',#4668);
#1308=VERTEX_POINT('',#4685);
#1309=VERTEX_POINT('',#4687);
#1310=VERTEX_POINT('',#4707);
#1311=VERTEX_POINT('',#4709);
#1312=VERTEX_POINT('',#4711);
#1313=VERTEX_POINT('',#4713);
#1314=VERTEX_POINT('',#4715);
#1315=VERTEX_POINT('',#4719);
#1316=VERTEX_POINT('',#4720);
#1317=VERTEX_POINT('',#4722);
#1318=VERTEX_POINT('',#4724);
#1319=VERTEX_POINT('',#4726);
#1320=VERTEX_POINT('',#4728);
#1321=VERTEX_POINT('',#4730);
#1322=VERTEX_POINT('',#4732);
#1323=VERTEX_POINT('',#4736);
#1324=VERTEX_POINT('',#4737);
#1325=VERTEX_POINT('',#4739);
#1326=VERTEX_POINT('',#4741);
#1327=VERTEX_POINT('',#4743);
#1328=VERTEX_POINT('',#4745);
#1329=VERTEX_POINT('',#4747);
#1330=VERTEX_POINT('',#4749);
#1331=VERTEX_POINT('',#4753);
#1332=VERTEX_POINT('',#4754);
#1333=VERTEX_POINT('',#4756);
#1334=VERTEX_POINT('',#4758);
#1335=VERTEX_POINT('',#4760);
#1336=VERTEX_POINT('',#4762);
#1337=VERTEX_POINT('',#4766);
#1338=VERTEX_POINT('',#4767);
#1339=VERTEX_POINT('',#4769);
#1340=VERTEX_POINT('',#4771);
#1341=VERTEX_POINT('',#4773);
#1342=VERTEX_POINT('',#4775);
#1343=VERTEX_POINT('',#4779);
#1344=VERTEX_POINT('',#4780);
#1345=VERTEX_POINT('',#4782);
#1346=VERTEX_POINT('',#4784);
#1347=VERTEX_POINT('',#4788);
#1348=VERTEX_POINT('',#4789);
#1349=VERTEX_POINT('',#4791);
#1350=VERTEX_POINT('',#4793);
#1351=VERTEX_POINT('',#4795);
#1352=VERTEX_POINT('',#4835);
#1353=VERTEX_POINT('',#4836);
#1354=VERTEX_POINT('',#4838);
#1355=VERTEX_POINT('',#4840);
#1356=VERTEX_POINT('',#4895);
#1357=VERTEX_POINT('',#4896);
#1358=VERTEX_POINT('',#4898);
#1359=VERTEX_POINT('',#4918);
#1360=VERTEX_POINT('',#4920);
#1361=VERTEX_POINT('',#4922);
#1362=VERTEX_POINT('',#4924);
#1363=VERTEX_POINT('',#4947);
#1364=VERTEX_POINT('',#4949);
#1365=VERTEX_POINT('',#4969);
#1366=VERTEX_POINT('',#4971);
#1367=VERTEX_POINT('',#4973);
#1368=VERTEX_POINT('',#4975);
#1369=VERTEX_POINT('',#4977);
#1370=VERTEX_POINT('',#4979);
#1371=VERTEX_POINT('',#4981);
#1372=VERTEX_POINT('',#5003);
#1373=VERTEX_POINT('',#5004);
#1374=VERTEX_POINT('',#5078);
#1375=VERTEX_POINT('',#5163);
#1376=VERTEX_POINT('',#5164);
#1377=VERTEX_POINT('',#5166);
#1378=VERTEX_POINT('',#5242);
#1379=VERTEX_POINT('',#5243);
#1380=VERTEX_POINT('',#5245);
#1381=VERTEX_POINT('',#5247);
#1382=VERTEX_POINT('',#5249);
#1383=VERTEX_POINT('',#5251);
#1384=VERTEX_POINT('',#5253);
#1385=VERTEX_POINT('',#5282);
#1386=VERTEX_POINT('',#5358);
#1387=VERTEX_POINT('',#5359);
#1388=VERTEX_POINT('',#5361);
#1389=VERTEX_POINT('',#5363);
#1390=VERTEX_POINT('',#5365);
#1391=VERTEX_POINT('',#5367);
#1392=VERTEX_POINT('',#5369);
#1393=VERTEX_POINT('',#5398);
#1394=VERTEX_POINT('',#5474);
#1395=VERTEX_POINT('',#5475);
#1396=VERTEX_POINT('',#5477);
#1397=VERTEX_POINT('',#5479);
#1398=VERTEX_POINT('',#5481);
#1399=VERTEX_POINT('',#5483);
#1400=EDGE_CURVE('',#1070,#1071,#492,.T.);
#1401=EDGE_CURVE('',#1071,#1072,#467,.T.);
#1402=EDGE_CURVE('',#1072,#1073,#493,.T.);
#1403=EDGE_CURVE('',#1073,#1074,#494,.T.);
#1404=EDGE_CURVE('',#1074,#1075,#495,.T.);
#1405=EDGE_CURVE('',#1075,#1076,#468,.T.);
#1406=EDGE_CURVE('',#1076,#1077,#496,.T.);
#1407=EDGE_CURVE('',#1077,#1078,#497,.T.);
#1408=EDGE_CURVE('',#1078,#1079,#469,.T.);
#1409=EDGE_CURVE('',#1079,#1070,#498,.T.);
#1410=EDGE_CURVE('',#1080,#1081,#470,.F.);
#1411=EDGE_CURVE('',#1081,#1080,#252,.T.);
#1412=EDGE_CURVE('',#1082,#1083,#471,.F.);
#1413=EDGE_CURVE('',#1083,#1082,#253,.T.);
#1414=EDGE_CURVE('',#1084,#1085,#472,.F.);
#1415=EDGE_CURVE('',#1085,#1084,#254,.T.);
#1416=EDGE_CURVE('',#1086,#1087,#473,.F.);
#1417=EDGE_CURVE('',#1087,#1086,#255,.T.);
#1418=EDGE_CURVE('',#1088,#1086,#256,.T.);
#1419=EDGE_CURVE('',#1089,#1088,#257,.T.);
#1420=EDGE_CURVE('',#1081,#1089,#258,.T.);
#1421=EDGE_CURVE('',#1080,#1090,#499,.T.);
#1422=EDGE_CURVE('',#1091,#1090,#259,.T.);
#1423=EDGE_CURVE('',#1087,#1091,#500,.T.);
#1424=EDGE_CURVE('',#1083,#1092,#260,.T.);
#1425=EDGE_CURVE('',#1085,#1082,#261,.T.);
#1426=EDGE_CURVE('',#1084,#1093,#501,.T.);
#1427=EDGE_CURVE('',#1094,#1093,#262,.T.);
#1428=EDGE_CURVE('',#1092,#1094,#502,.T.);
#1429=EDGE_CURVE('',#1095,#1080,#474,.F.);
#1430=EDGE_CURVE('',#1092,#1095,#503,.T.);
#1431=EDGE_CURVE('',#1090,#1094,#504,.T.);
#1432=EDGE_CURVE('',#1093,#1096,#505,.T.);
#1433=EDGE_CURVE('',#1096,#1097,#506,.T.);
#1434=EDGE_CURVE('',#1097,#1098,#507,.T.);
#1435=EDGE_CURVE('',#1098,#1099,#508,.T.);
#1436=EDGE_CURVE('',#1099,#1091,#509,.T.);
#1437=EDGE_CURVE('',#1085,#1082,#475,.F.);
#1438=EDGE_CURVE('',#1081,#1089,#476,.F.);
#1439=EDGE_CURVE('',#1089,#1088,#477,.F.);
#1440=EDGE_CURVE('',#1075,#1100,#510,.T.);
#1441=EDGE_CURVE('',#1100,#1101,#478,.F.);
#1442=EDGE_CURVE('',#1101,#1076,#511,.T.);
#1443=EDGE_CURVE('',#1102,#1100,#512,.T.);
#1444=EDGE_CURVE('',#1097,#1074,#513,.T.);
#1445=EDGE_CURVE('',#1102,#1096,#514,.T.);
#1446=EDGE_CURVE('',#1071,#1103,#515,.T.);
#1447=EDGE_CURVE('',#1103,#1104,#479,.F.);
#1448=EDGE_CURVE('',#1104,#1072,#516,.T.);
#1449=EDGE_CURVE('',#1105,#1070,#517,.T.);
#1450=EDGE_CURVE('',#1105,#1106,#518,.T.);
#1451=EDGE_CURVE('',#1106,#1107,#519,.T.);
#1452=EDGE_CURVE('',#1108,#1107,#520,.T.);
#1453=EDGE_CURVE('',#1109,#1108,#521,.T.);
#1454=EDGE_CURVE('',#1103,#1109,#522,.T.);
#1455=EDGE_CURVE('',#1110,#1111,#523,.T.);
#1456=EDGE_CURVE('',#1111,#1111,#480,.T.);
#1457=EDGE_CURVE('',#1112,#1113,#524,.T.);
#1458=EDGE_CURVE('',#1112,#1087,#525,.F.);
#1459=EDGE_CURVE('',#1099,#1113,#526,.T.);
#1460=EDGE_CURVE('',#1084,#1114,#527,.T.);
#1461=EDGE_CURVE('',#1102,#1114,#528,.T.);
#1462=EDGE_CURVE('',#1106,#1115,#529,.T.);
#1463=EDGE_CURVE('',#1115,#1116,#530,.F.);
#1464=EDGE_CURVE('',#1107,#1116,#531,.T.);
#1465=EDGE_CURVE('',#1117,#1118,#532,.T.);
#1466=EDGE_CURVE('',#1117,#1119,#533,.T.);
#1467=EDGE_CURVE('',#1119,#1120,#534,.T.);
#1468=EDGE_CURVE('',#1120,#1118,#535,.T.);
#1469=EDGE_CURVE('',#1112,#1121,#481,.F.);
#1470=EDGE_CURVE('',#1113,#1104,#536,.T.);
#1471=EDGE_CURVE('',#1109,#1121,#537,.T.);
#1472=EDGE_CURVE('',#1079,#1122,#538,.F.);
#1473=EDGE_CURVE('',#1105,#1122,#539,.T.);
#1474=EDGE_CURVE('',#1123,#1124,#540,.T.);
#1475=EDGE_CURVE('',#1123,#1078,#541,.T.);
#1476=EDGE_CURVE('',#1124,#1077,#542,.T.);
#1477=EDGE_CURVE('',#1122,#1115,#113,.F.);
#1478=EDGE_CURVE('',#1119,#1123,#114,.F.);
#1479=EDGE_CURVE('',#1120,#1124,#543,.T.);
#1480=EDGE_CURVE('',#1125,#1126,#544,.T.);
#1481=EDGE_CURVE('',#1125,#1127,#545,.T.);
#1482=EDGE_CURVE('',#1127,#1128,#546,.T.);
#1483=EDGE_CURVE('',#1126,#1128,#547,.T.);
#1484=EDGE_CURVE('',#1121,#1129,#548,.T.);
#1485=EDGE_CURVE('',#1108,#1129,#549,.T.);
#1486=EDGE_CURVE('',#1117,#1125,#115,.F.);
#1487=EDGE_CURVE('',#1118,#1127,#550,.T.);
#1488=EDGE_CURVE('',#1128,#1101,#551,.T.);
#1489=EDGE_CURVE('',#1098,#1073,#552,.T.);
#1490=EDGE_CURVE('',#1088,#1086,#482,.F.);
#1491=EDGE_CURVE('',#1126,#1114,#483,.F.);
#1492=EDGE_CURVE('',#1129,#1116,#116,.F.);
#1493=EDGE_CURVE('',#1130,#1131,#553,.T.);
#1494=EDGE_CURVE('',#1131,#1132,#554,.T.);
#1495=EDGE_CURVE('',#1132,#1133,#555,.T.);
#1496=EDGE_CURVE('',#1133,#1130,#556,.T.);
#1497=EDGE_CURVE('',#1134,#1135,#557,.T.);
#1498=EDGE_CURVE('',#1135,#1136,#558,.T.);
#1499=EDGE_CURVE('',#1136,#1137,#559,.T.);
#1500=EDGE_CURVE('',#1137,#1134,#560,.T.);
#1501=EDGE_CURVE('',#1138,#1139,#561,.T.);
#1502=EDGE_CURVE('',#1139,#1140,#562,.T.);
#1503=EDGE_CURVE('',#1140,#1141,#563,.T.);
#1504=EDGE_CURVE('',#1141,#1138,#564,.T.);
#1505=EDGE_CURVE('',#1142,#1143,#565,.T.);
#1506=EDGE_CURVE('',#1143,#1144,#566,.T.);
#1507=EDGE_CURVE('',#1144,#1145,#567,.T.);
#1508=EDGE_CURVE('',#1145,#1142,#568,.T.);
#1509=EDGE_CURVE('',#1146,#1147,#569,.T.);
#1510=EDGE_CURVE('',#1147,#1148,#570,.T.);
#1511=EDGE_CURVE('',#1148,#1149,#571,.T.);
#1512=EDGE_CURVE('',#1149,#1146,#572,.T.);
#1513=EDGE_CURVE('',#1150,#1151,#573,.T.);
#1514=EDGE_CURVE('',#1151,#1152,#574,.T.);
#1515=EDGE_CURVE('',#1152,#1153,#575,.T.);
#1516=EDGE_CURVE('',#1153,#1150,#576,.T.);
#1517=EDGE_CURVE('',#1154,#1155,#577,.T.);
#1518=EDGE_CURVE('',#1155,#1156,#578,.T.);
#1519=EDGE_CURVE('',#1156,#1157,#579,.T.);
#1520=EDGE_CURVE('',#1157,#1154,#580,.T.);
#1521=EDGE_CURVE('',#1158,#1159,#581,.T.);
#1522=EDGE_CURVE('',#1159,#1160,#582,.T.);
#1523=EDGE_CURVE('',#1160,#1161,#583,.T.);
#1524=EDGE_CURVE('',#1161,#1162,#584,.T.);
#1525=EDGE_CURVE('',#1162,#1158,#263,.T.);
#1526=EDGE_CURVE('',#1163,#1164,#585,.T.);
#1527=EDGE_CURVE('',#1164,#1165,#586,.T.);
#1528=EDGE_CURVE('',#1165,#1166,#587,.T.);
#1529=EDGE_CURVE('',#1166,#1163,#588,.T.);
#1530=EDGE_CURVE('',#1167,#1168,#589,.T.);
#1531=EDGE_CURVE('',#1168,#1169,#590,.T.);
#1532=EDGE_CURVE('',#1169,#1170,#591,.T.);
#1533=EDGE_CURVE('',#1170,#1167,#592,.T.);
#1534=EDGE_CURVE('',#1171,#1172,#593,.T.);
#1535=EDGE_CURVE('',#1172,#1173,#264,.T.);
#1536=EDGE_CURVE('',#1173,#1174,#594,.T.);
#1537=EDGE_CURVE('',#1174,#1171,#595,.T.);
#1538=EDGE_CURVE('',#1175,#1176,#596,.T.);
#1539=EDGE_CURVE('',#1176,#1177,#265,.T.);
#1540=EDGE_CURVE('',#1177,#1178,#597,.T.);
#1541=EDGE_CURVE('',#1178,#1175,#598,.T.);
#1542=EDGE_CURVE('',#1179,#1180,#599,.T.);
#1543=EDGE_CURVE('',#1180,#1181,#600,.T.);
#1544=EDGE_CURVE('',#1181,#1182,#601,.T.);
#1545=EDGE_CURVE('',#1182,#1179,#602,.T.);
#1546=EDGE_CURVE('',#1183,#1184,#603,.T.);
#1547=EDGE_CURVE('',#1184,#1185,#604,.T.);
#1548=EDGE_CURVE('',#1185,#1186,#605,.T.);
#1549=EDGE_CURVE('',#1186,#1183,#606,.T.);
#1550=EDGE_CURVE('',#1187,#1188,#607,.T.);
#1551=EDGE_CURVE('',#1188,#1189,#608,.T.);
#1552=EDGE_CURVE('',#1189,#1190,#609,.T.);
#1553=EDGE_CURVE('',#1190,#1187,#266,.T.);
#1554=EDGE_CURVE('',#1191,#1192,#610,.T.);
#1555=EDGE_CURVE('',#1192,#1193,#267,.T.);
#1556=EDGE_CURVE('',#1193,#1194,#611,.T.);
#1557=EDGE_CURVE('',#1194,#1195,#268,.T.);
#1558=EDGE_CURVE('',#1195,#1196,#612,.T.);
#1559=EDGE_CURVE('',#1196,#1197,#269,.T.);
#1560=EDGE_CURVE('',#1197,#1198,#613,.T.);
#1561=EDGE_CURVE('',#1198,#1199,#614,.T.);
#1562=EDGE_CURVE('',#1199,#1200,#615,.T.);
#1563=EDGE_CURVE('',#1200,#1201,#616,.T.);
#1564=EDGE_CURVE('',#1201,#1202,#617,.T.);
#1565=EDGE_CURVE('',#1202,#1191,#618,.T.);
#1566=EDGE_CURVE('',#1203,#1204,#619,.T.);
#1567=EDGE_CURVE('',#1204,#1205,#620,.T.);
#1568=EDGE_CURVE('',#1205,#1206,#621,.T.);
#1569=EDGE_CURVE('',#1206,#1207,#622,.T.);
#1570=EDGE_CURVE('',#1207,#1208,#623,.T.);
#1571=EDGE_CURVE('',#1208,#1209,#624,.T.);
#1572=EDGE_CURVE('',#1209,#1210,#625,.T.);
#1573=EDGE_CURVE('',#1210,#1203,#626,.T.);
#1574=EDGE_CURVE('',#1211,#1212,#627,.T.);
#1575=EDGE_CURVE('',#1212,#1213,#628,.T.);
#1576=EDGE_CURVE('',#1213,#1214,#629,.T.);
#1577=EDGE_CURVE('',#1214,#1215,#630,.T.);
#1578=EDGE_CURVE('',#1215,#1216,#631,.T.);
#1579=EDGE_CURVE('',#1216,#1217,#632,.T.);
#1580=EDGE_CURVE('',#1217,#1218,#633,.T.);
#1581=EDGE_CURVE('',#1218,#1211,#634,.T.);
#1582=EDGE_CURVE('',#1219,#1220,#635,.T.);
#1583=EDGE_CURVE('',#1220,#1221,#636,.T.);
#1584=EDGE_CURVE('',#1221,#1222,#637,.T.);
#1585=EDGE_CURVE('',#1222,#1223,#638,.T.);
#1586=EDGE_CURVE('',#1223,#1224,#639,.T.);
#1587=EDGE_CURVE('',#1224,#1219,#640,.T.);
#1588=EDGE_CURVE('',#1225,#1226,#641,.T.);
#1589=EDGE_CURVE('',#1226,#1227,#642,.T.);
#1590=EDGE_CURVE('',#1227,#1228,#643,.T.);
#1591=EDGE_CURVE('',#1228,#1225,#644,.T.);
#1592=EDGE_CURVE('',#1229,#1230,#645,.T.);
#1593=EDGE_CURVE('',#1230,#1231,#646,.T.);
#1594=EDGE_CURVE('',#1231,#1232,#647,.T.);
#1595=EDGE_CURVE('',#1232,#1233,#648,.T.);
#1596=EDGE_CURVE('',#1233,#1229,#270,.T.);
#1597=EDGE_CURVE('',#1234,#1235,#649,.T.);
#1598=EDGE_CURVE('',#1235,#1236,#650,.T.);
#1599=EDGE_CURVE('',#1236,#1237,#651,.T.);
#1600=EDGE_CURVE('',#1237,#1234,#271,.T.);
#1601=EDGE_CURVE('',#1238,#1239,#652,.T.);
#1602=EDGE_CURVE('',#1239,#1240,#272,.T.);
#1603=EDGE_CURVE('',#1240,#1241,#653,.T.);
#1604=EDGE_CURVE('',#1241,#1242,#484,.T.);
#1605=EDGE_CURVE('',#1242,#1243,#654,.T.);
#1606=EDGE_CURVE('',#1243,#1244,#273,.T.);
#1607=EDGE_CURVE('',#1244,#1245,#655,.T.);
#1608=EDGE_CURVE('',#1245,#1246,#274,.T.);
#1609=EDGE_CURVE('',#1246,#1247,#656,.T.);
#1610=EDGE_CURVE('',#1247,#1248,#485,.T.);
#1611=EDGE_CURVE('',#1248,#1249,#657,.T.);
#1612=EDGE_CURVE('',#1249,#1250,#486,.T.);
#1613=EDGE_CURVE('',#1250,#1251,#658,.T.);
#1614=EDGE_CURVE('',#1251,#1252,#487,.T.);
#1615=EDGE_CURVE('',#1252,#1253,#659,.T.);
#1616=EDGE_CURVE('',#1253,#1238,#275,.T.);
#1617=EDGE_CURVE('',#1254,#1255,#660,.T.);
#1618=EDGE_CURVE('',#1255,#1256,#661,.T.);
#1619=EDGE_CURVE('',#1256,#1257,#662,.T.);
#1620=EDGE_CURVE('',#1257,#1254,#663,.T.);
#1621=EDGE_CURVE('',#1258,#1259,#664,.T.);
#1622=EDGE_CURVE('',#1259,#1260,#665,.T.);
#1623=EDGE_CURVE('',#1260,#1261,#666,.T.);
#1624=EDGE_CURVE('',#1261,#1258,#667,.T.);
#1625=EDGE_CURVE('',#1262,#1263,#668,.T.);
#1626=EDGE_CURVE('',#1263,#1264,#669,.T.);
#1627=EDGE_CURVE('',#1264,#1265,#670,.T.);
#1628=EDGE_CURVE('',#1265,#1262,#671,.T.);
#1629=EDGE_CURVE('',#1266,#1267,#672,.T.);
#1630=EDGE_CURVE('',#1267,#1268,#673,.T.);
#1631=EDGE_CURVE('',#1268,#1269,#674,.T.);
#1632=EDGE_CURVE('',#1269,#1266,#675,.T.);
#1633=EDGE_CURVE('',#1270,#1271,#676,.T.);
#1634=EDGE_CURVE('',#1271,#1272,#677,.T.);
#1635=EDGE_CURVE('',#1272,#1273,#678,.T.);
#1636=EDGE_CURVE('',#1273,#1274,#679,.T.);
#1637=EDGE_CURVE('',#1274,#1270,#276,.T.);
#1638=EDGE_CURVE('',#1275,#1276,#680,.T.);
#1639=EDGE_CURVE('',#1276,#1277,#681,.T.);
#1640=EDGE_CURVE('',#1277,#1278,#682,.T.);
#1641=EDGE_CURVE('',#1278,#1275,#683,.T.);
#1642=EDGE_CURVE('',#1279,#1280,#684,.T.);
#1643=EDGE_CURVE('',#1280,#1281,#685,.T.);
#1644=EDGE_CURVE('',#1281,#1282,#686,.T.);
#1645=EDGE_CURVE('',#1282,#1279,#687,.T.);
#1646=EDGE_CURVE('',#1283,#1284,#688,.T.);
#1647=EDGE_CURVE('',#1284,#1285,#277,.T.);
#1648=EDGE_CURVE('',#1285,#1286,#689,.T.);
#1649=EDGE_CURVE('',#1286,#1283,#690,.T.);
#1650=EDGE_CURVE('',#1287,#1288,#691,.T.);
#1651=EDGE_CURVE('',#1288,#1289,#278,.T.);
#1652=EDGE_CURVE('',#1289,#1290,#692,.T.);
#1653=EDGE_CURVE('',#1290,#1287,#693,.T.);
#1654=EDGE_CURVE('',#1291,#1292,#694,.T.);
#1655=EDGE_CURVE('',#1292,#1293,#695,.T.);
#1656=EDGE_CURVE('',#1293,#1294,#696,.T.);
#1657=EDGE_CURVE('',#1294,#1291,#697,.T.);
#1658=EDGE_CURVE('',#1295,#1296,#698,.T.);
#1659=EDGE_CURVE('',#1296,#1297,#699,.T.);
#1660=EDGE_CURVE('',#1297,#1298,#700,.T.);
#1661=EDGE_CURVE('',#1298,#1295,#701,.T.);
#1662=EDGE_CURVE('',#1299,#1300,#702,.T.);
#1663=EDGE_CURVE('',#1300,#1301,#703,.T.);
#1664=EDGE_CURVE('',#1301,#1302,#704,.T.);
#1665=EDGE_CURVE('',#1302,#1299,#279,.T.);
#1666=EDGE_CURVE('',#1303,#1304,#705,.T.);
#1667=EDGE_CURVE('',#1304,#1305,#280,.T.);
#1668=EDGE_CURVE('',#1305,#1306,#706,.T.);
#1669=EDGE_CURVE('',#1306,#1307,#281,.T.);
#1670=EDGE_CURVE('',#1307,#1308,#707,.T.);
#1671=EDGE_CURVE('',#1308,#1309,#282,.T.);
#1672=EDGE_CURVE('',#1309,#1310,#708,.T.);
#1673=EDGE_CURVE('',#1310,#1311,#709,.T.);
#1674=EDGE_CURVE('',#1311,#1312,#710,.T.);
#1675=EDGE_CURVE('',#1312,#1313,#711,.T.);
#1676=EDGE_CURVE('',#1313,#1314,#712,.T.);
#1677=EDGE_CURVE('',#1314,#1303,#713,.T.);
#1678=EDGE_CURVE('',#1315,#1316,#714,.T.);
#1679=EDGE_CURVE('',#1316,#1317,#715,.T.);
#1680=EDGE_CURVE('',#1317,#1318,#716,.T.);
#1681=EDGE_CURVE('',#1318,#1319,#717,.T.);
#1682=EDGE_CURVE('',#1319,#1320,#718,.T.);
#1683=EDGE_CURVE('',#1320,#1321,#719,.T.);
#1684=EDGE_CURVE('',#1321,#1322,#720,.T.);
#1685=EDGE_CURVE('',#1322,#1315,#721,.T.);
#1686=EDGE_CURVE('',#1323,#1324,#722,.T.);
#1687=EDGE_CURVE('',#1324,#1325,#723,.T.);
#1688=EDGE_CURVE('',#1325,#1326,#724,.T.);
#1689=EDGE_CURVE('',#1326,#1327,#725,.T.);
#1690=EDGE_CURVE('',#1327,#1328,#726,.T.);
#1691=EDGE_CURVE('',#1328,#1329,#727,.T.);
#1692=EDGE_CURVE('',#1329,#1330,#728,.T.);
#1693=EDGE_CURVE('',#1330,#1323,#729,.T.);
#1694=EDGE_CURVE('',#1331,#1332,#730,.T.);
#1695=EDGE_CURVE('',#1332,#1333,#731,.T.);
#1696=EDGE_CURVE('',#1333,#1334,#732,.T.);
#1697=EDGE_CURVE('',#1334,#1335,#733,.T.);
#1698=EDGE_CURVE('',#1335,#1336,#734,.T.);
#1699=EDGE_CURVE('',#1336,#1331,#735,.T.);
#1700=EDGE_CURVE('',#1337,#1338,#736,.T.);
#1701=EDGE_CURVE('',#1338,#1339,#737,.T.);
#1702=EDGE_CURVE('',#1339,#1340,#738,.T.);
#1703=EDGE_CURVE('',#1340,#1341,#739,.T.);
#1704=EDGE_CURVE('',#1341,#1342,#740,.T.);
#1705=EDGE_CURVE('',#1342,#1337,#741,.T.);
#1706=EDGE_CURVE('',#1343,#1344,#742,.T.);
#1707=EDGE_CURVE('',#1344,#1345,#743,.T.);
#1708=EDGE_CURVE('',#1345,#1346,#744,.T.);
#1709=EDGE_CURVE('',#1346,#1343,#745,.T.);
#1710=EDGE_CURVE('',#1347,#1348,#746,.T.);
#1711=EDGE_CURVE('',#1348,#1349,#747,.T.);
#1712=EDGE_CURVE('',#1349,#1350,#748,.T.);
#1713=EDGE_CURVE('',#1350,#1351,#749,.T.);
#1714=EDGE_CURVE('',#1351,#1347,#283,.T.);
#1715=EDGE_CURVE('',#1352,#1353,#750,.T.);
#1716=EDGE_CURVE('',#1353,#1354,#751,.T.);
#1717=EDGE_CURVE('',#1354,#1355,#752,.T.);
#1718=EDGE_CURVE('',#1355,#1352,#284,.T.);
#1719=EDGE_CURVE('',#1356,#1357,#753,.T.);
#1720=EDGE_CURVE('',#1357,#1358,#285,.T.);
#1721=EDGE_CURVE('',#1358,#1359,#754,.T.);
#1722=EDGE_CURVE('',#1359,#1360,#488,.T.);
#1723=EDGE_CURVE('',#1360,#1361,#755,.T.);
#1724=EDGE_CURVE('',#1361,#1362,#286,.T.);
#1725=EDGE_CURVE('',#1362,#1363,#756,.T.);
#1726=EDGE_CURVE('',#1363,#1364,#287,.T.);
#1727=EDGE_CURVE('',#1364,#1365,#757,.T.);
#1728=EDGE_CURVE('',#1365,#1366,#489,.T.);
#1729=EDGE_CURVE('',#1366,#1367,#758,.T.);
#1730=EDGE_CURVE('',#1367,#1368,#490,.T.);
#1731=EDGE_CURVE('',#1368,#1369,#759,.T.);
#1732=EDGE_CURVE('',#1369,#1370,#491,.T.);
#1733=EDGE_CURVE('',#1370,#1371,#760,.T.);
#1734=EDGE_CURVE('',#1371,#1356,#288,.T.);
#1735=EDGE_CURVE('',#1372,#1373,#289,.T.);
#1736=EDGE_CURVE('',#1373,#1374,#290,.T.);
#1737=EDGE_CURVE('',#1374,#1372,#761,.T.);
#1738=EDGE_CURVE('',#1375,#1376,#117,.T.);
#1739=EDGE_CURVE('',#1376,#1377,#291,.T.);
#1740=EDGE_CURVE('',#1377,#1375,#762,.T.);
#1741=EDGE_CURVE('',#1378,#1379,#763,.T.);
#1742=EDGE_CURVE('',#1379,#1380,#764,.T.);
#1743=EDGE_CURVE('',#1380,#1381,#765,.T.);
#1744=EDGE_CURVE('',#1381,#1382,#766,.T.);
#1745=EDGE_CURVE('',#1382,#1383,#767,.T.);
#1746=EDGE_CURVE('',#1383,#1384,#292,.T.);
#1747=EDGE_CURVE('',#1384,#1385,#768,.T.);
#1748=EDGE_CURVE('',#1385,#1378,#293,.T.);
#1749=EDGE_CURVE('',#1386,#1387,#769,.T.);
#1750=EDGE_CURVE('',#1387,#1388,#770,.T.);
#1751=EDGE_CURVE('',#1388,#1389,#771,.T.);
#1752=EDGE_CURVE('',#1389,#1390,#772,.T.);
#1753=EDGE_CURVE('',#1390,#1391,#773,.T.);
#1754=EDGE_CURVE('',#1391,#1392,#294,.T.);
#1755=EDGE_CURVE('',#1392,#1393,#774,.T.);
#1756=EDGE_CURVE('',#1393,#1386,#295,.T.);
#1757=EDGE_CURVE('',#1394,#1395,#775,.T.);
#1758=EDGE_CURVE('',#1395,#1396,#776,.T.);
#1759=EDGE_CURVE('',#1396,#1397,#777,.T.);
#1760=EDGE_CURVE('',#1397,#1398,#778,.T.);
#1761=EDGE_CURVE('',#1398,#1399,#779,.T.);
#1762=EDGE_CURVE('',#1399,#1394,#780,.T.);
#1763=ORIENTED_EDGE('',*,*,#1400,.T.);
#1764=ORIENTED_EDGE('',*,*,#1401,.T.);
#1765=ORIENTED_EDGE('',*,*,#1402,.T.);
#1766=ORIENTED_EDGE('',*,*,#1403,.T.);
#1767=ORIENTED_EDGE('',*,*,#1404,.T.);
#1768=ORIENTED_EDGE('',*,*,#1405,.T.);
#1769=ORIENTED_EDGE('',*,*,#1406,.T.);
#1770=ORIENTED_EDGE('',*,*,#1407,.T.);
#1771=ORIENTED_EDGE('',*,*,#1408,.T.);
#1772=ORIENTED_EDGE('',*,*,#1409,.T.);
#1773=ORIENTED_EDGE('',*,*,#1410,.F.);
#1774=ORIENTED_EDGE('',*,*,#1411,.F.);
#1775=ORIENTED_EDGE('',*,*,#1412,.F.);
#1776=ORIENTED_EDGE('',*,*,#1413,.F.);
#1777=ORIENTED_EDGE('',*,*,#1414,.F.);
#1778=ORIENTED_EDGE('',*,*,#1415,.F.);
#1779=ORIENTED_EDGE('',*,*,#1416,.F.);
#1780=ORIENTED_EDGE('',*,*,#1417,.F.);
#1781=ORIENTED_EDGE('',*,*,#1417,.T.);
#1782=ORIENTED_EDGE('',*,*,#1418,.F.);
#1783=ORIENTED_EDGE('',*,*,#1419,.F.);
#1784=ORIENTED_EDGE('',*,*,#1420,.F.);
#1785=ORIENTED_EDGE('',*,*,#1411,.T.);
#1786=ORIENTED_EDGE('',*,*,#1421,.T.);
#1787=ORIENTED_EDGE('',*,*,#1422,.F.);
#1788=ORIENTED_EDGE('',*,*,#1423,.F.);
#1789=ORIENTED_EDGE('',*,*,#1424,.F.);
#1790=ORIENTED_EDGE('',*,*,#1413,.T.);
#1791=ORIENTED_EDGE('',*,*,#1425,.F.);
#1792=ORIENTED_EDGE('',*,*,#1415,.T.);
#1793=ORIENTED_EDGE('',*,*,#1426,.T.);
#1794=ORIENTED_EDGE('',*,*,#1427,.F.);
#1795=ORIENTED_EDGE('',*,*,#1428,.F.);
#1796=ORIENTED_EDGE('',*,*,#1429,.F.);
#1797=ORIENTED_EDGE('',*,*,#1430,.F.);
#1798=ORIENTED_EDGE('',*,*,#1428,.T.);
#1799=ORIENTED_EDGE('',*,*,#1431,.F.);
#1800=ORIENTED_EDGE('',*,*,#1421,.F.);
#1801=ORIENTED_EDGE('',*,*,#1431,.T.);
#1802=ORIENTED_EDGE('',*,*,#1427,.T.);
#1803=ORIENTED_EDGE('',*,*,#1432,.T.);
#1804=ORIENTED_EDGE('',*,*,#1433,.T.);
#1805=ORIENTED_EDGE('',*,*,#1434,.T.);
#1806=ORIENTED_EDGE('',*,*,#1435,.T.);
#1807=ORIENTED_EDGE('',*,*,#1436,.T.);
#1808=ORIENTED_EDGE('',*,*,#1422,.T.);
#1809=ORIENTED_EDGE('',*,*,#1425,.T.);
#1810=ORIENTED_EDGE('',*,*,#1437,.F.);
#1811=ORIENTED_EDGE('',*,*,#1420,.T.);
#1812=ORIENTED_EDGE('',*,*,#1438,.F.);
#1813=ORIENTED_EDGE('',*,*,#1419,.T.);
#1814=ORIENTED_EDGE('',*,*,#1439,.F.);
#1815=ORIENTED_EDGE('',*,*,#1440,.T.);
#1816=ORIENTED_EDGE('',*,*,#1441,.T.);
#1817=ORIENTED_EDGE('',*,*,#1442,.T.);
#1818=ORIENTED_EDGE('',*,*,#1405,.F.);
#1819=ORIENTED_EDGE('',*,*,#1443,.T.);
#1820=ORIENTED_EDGE('',*,*,#1440,.F.);
#1821=ORIENTED_EDGE('',*,*,#1404,.F.);
#1822=ORIENTED_EDGE('',*,*,#1444,.F.);
#1823=ORIENTED_EDGE('',*,*,#1433,.F.);
#1824=ORIENTED_EDGE('',*,*,#1445,.F.);
#1825=ORIENTED_EDGE('',*,*,#1446,.T.);
#1826=ORIENTED_EDGE('',*,*,#1447,.T.);
#1827=ORIENTED_EDGE('',*,*,#1448,.T.);
#1828=ORIENTED_EDGE('',*,*,#1401,.F.);
#1829=ORIENTED_EDGE('',*,*,#1446,.F.);
#1830=ORIENTED_EDGE('',*,*,#1400,.F.);
#1831=ORIENTED_EDGE('',*,*,#1449,.F.);
#1832=ORIENTED_EDGE('',*,*,#1450,.T.);
#1833=ORIENTED_EDGE('',*,*,#1451,.T.);
#1834=ORIENTED_EDGE('',*,*,#1452,.F.);
#1835=ORIENTED_EDGE('',*,*,#1453,.F.);
#1836=ORIENTED_EDGE('',*,*,#1454,.F.);
#1837=ORIENTED_EDGE('',*,*,#1455,.T.);
#1838=ORIENTED_EDGE('',*,*,#1456,.F.);
#1839=ORIENTED_EDGE('',*,*,#1455,.F.);
#1840=ORIENTED_EDGE('',*,*,#1457,.F.);
#1841=ORIENTED_EDGE('',*,*,#1458,.T.);
#1842=ORIENTED_EDGE('',*,*,#1423,.T.);
#1843=ORIENTED_EDGE('',*,*,#1436,.F.);
#1844=ORIENTED_EDGE('',*,*,#1459,.T.);
#1845=ORIENTED_EDGE('',*,*,#1460,.T.);
#1846=ORIENTED_EDGE('',*,*,#1461,.F.);
#1847=ORIENTED_EDGE('',*,*,#1445,.T.);
#1848=ORIENTED_EDGE('',*,*,#1432,.F.);
#1849=ORIENTED_EDGE('',*,*,#1426,.F.);
#1850=ORIENTED_EDGE('',*,*,#1462,.T.);
#1851=ORIENTED_EDGE('',*,*,#1463,.T.);
#1852=ORIENTED_EDGE('',*,*,#1464,.F.);
#1853=ORIENTED_EDGE('',*,*,#1451,.F.);
#1854=ORIENTED_EDGE('',*,*,#1465,.F.);
#1855=ORIENTED_EDGE('',*,*,#1466,.T.);
#1856=ORIENTED_EDGE('',*,*,#1467,.T.);
#1857=ORIENTED_EDGE('',*,*,#1468,.T.);
#1858=ORIENTED_EDGE('',*,*,#1469,.F.);
#1859=ORIENTED_EDGE('',*,*,#1457,.T.);
#1860=ORIENTED_EDGE('',*,*,#1470,.T.);
#1861=ORIENTED_EDGE('',*,*,#1447,.F.);
#1862=ORIENTED_EDGE('',*,*,#1454,.T.);
#1863=ORIENTED_EDGE('',*,*,#1471,.T.);
#1864=ORIENTED_EDGE('',*,*,#1472,.T.);
#1865=ORIENTED_EDGE('',*,*,#1473,.F.);
#1866=ORIENTED_EDGE('',*,*,#1449,.T.);
#1867=ORIENTED_EDGE('',*,*,#1409,.F.);
#1868=ORIENTED_EDGE('',*,*,#1474,.F.);
#1869=ORIENTED_EDGE('',*,*,#1475,.T.);
#1870=ORIENTED_EDGE('',*,*,#1407,.F.);
#1871=ORIENTED_EDGE('',*,*,#1476,.F.);
#1872=ORIENTED_EDGE('',*,*,#1473,.T.);
#1873=ORIENTED_EDGE('',*,*,#1477,.T.);
#1874=ORIENTED_EDGE('',*,*,#1462,.F.);
#1875=ORIENTED_EDGE('',*,*,#1450,.F.);
#1876=ORIENTED_EDGE('',*,*,#1467,.F.);
#1877=ORIENTED_EDGE('',*,*,#1478,.T.);
#1878=ORIENTED_EDGE('',*,*,#1474,.T.);
#1879=ORIENTED_EDGE('',*,*,#1479,.F.);
#1880=ORIENTED_EDGE('',*,*,#1480,.F.);
#1881=ORIENTED_EDGE('',*,*,#1481,.T.);
#1882=ORIENTED_EDGE('',*,*,#1482,.T.);
#1883=ORIENTED_EDGE('',*,*,#1483,.F.);
#1884=ORIENTED_EDGE('',*,*,#1484,.F.);
#1885=ORIENTED_EDGE('',*,*,#1471,.F.);
#1886=ORIENTED_EDGE('',*,*,#1453,.T.);
#1887=ORIENTED_EDGE('',*,*,#1485,.T.);
#1888=ORIENTED_EDGE('',*,*,#1486,.F.);
#1889=ORIENTED_EDGE('',*,*,#1465,.T.);
#1890=ORIENTED_EDGE('',*,*,#1487,.T.);
#1891=ORIENTED_EDGE('',*,*,#1481,.F.);
#1892=ORIENTED_EDGE('',*,*,#1442,.F.);
#1893=ORIENTED_EDGE('',*,*,#1488,.F.);
#1894=ORIENTED_EDGE('',*,*,#1482,.F.);
#1895=ORIENTED_EDGE('',*,*,#1487,.F.);
#1896=ORIENTED_EDGE('',*,*,#1468,.F.);
#1897=ORIENTED_EDGE('',*,*,#1479,.T.);
#1898=ORIENTED_EDGE('',*,*,#1476,.T.);
#1899=ORIENTED_EDGE('',*,*,#1406,.F.);
#1900=ORIENTED_EDGE('',*,*,#1470,.F.);
#1901=ORIENTED_EDGE('',*,*,#1459,.F.);
#1902=ORIENTED_EDGE('',*,*,#1435,.F.);
#1903=ORIENTED_EDGE('',*,*,#1489,.T.);
#1904=ORIENTED_EDGE('',*,*,#1402,.F.);
#1905=ORIENTED_EDGE('',*,*,#1448,.F.);
#1906=ORIENTED_EDGE('',*,*,#1456,.T.);
#1907=ORIENTED_EDGE('',*,*,#1489,.F.);
#1908=ORIENTED_EDGE('',*,*,#1434,.F.);
#1909=ORIENTED_EDGE('',*,*,#1444,.T.);
#1910=ORIENTED_EDGE('',*,*,#1403,.F.);
#1911=ORIENTED_EDGE('',*,*,#1418,.T.);
#1912=ORIENTED_EDGE('',*,*,#1490,.F.);
#1913=ORIENTED_EDGE('',*,*,#1491,.F.);
#1914=ORIENTED_EDGE('',*,*,#1483,.T.);
#1915=ORIENTED_EDGE('',*,*,#1488,.T.);
#1916=ORIENTED_EDGE('',*,*,#1441,.F.);
#1917=ORIENTED_EDGE('',*,*,#1443,.F.);
#1918=ORIENTED_EDGE('',*,*,#1461,.T.);
#1919=ORIENTED_EDGE('',*,*,#1492,.F.);
#1920=ORIENTED_EDGE('',*,*,#1485,.F.);
#1921=ORIENTED_EDGE('',*,*,#1452,.T.);
#1922=ORIENTED_EDGE('',*,*,#1464,.T.);
#1923=ORIENTED_EDGE('',*,*,#1486,.T.);
#1924=ORIENTED_EDGE('',*,*,#1480,.T.);
#1925=ORIENTED_EDGE('',*,*,#1491,.T.);
#1926=ORIENTED_EDGE('',*,*,#1460,.F.);
#1927=ORIENTED_EDGE('',*,*,#1414,.T.);
#1928=ORIENTED_EDGE('',*,*,#1437,.T.);
#1929=ORIENTED_EDGE('',*,*,#1412,.T.);
#1930=ORIENTED_EDGE('',*,*,#1424,.T.);
#1931=ORIENTED_EDGE('',*,*,#1430,.T.);
#1932=ORIENTED_EDGE('',*,*,#1429,.T.);
#1933=ORIENTED_EDGE('',*,*,#1410,.T.);
#1934=ORIENTED_EDGE('',*,*,#1438,.T.);
#1935=ORIENTED_EDGE('',*,*,#1439,.T.);
#1936=ORIENTED_EDGE('',*,*,#1490,.T.);
#1937=ORIENTED_EDGE('',*,*,#1416,.T.);
#1938=ORIENTED_EDGE('',*,*,#1458,.F.);
#1939=ORIENTED_EDGE('',*,*,#1469,.T.);
#1940=ORIENTED_EDGE('',*,*,#1484,.T.);
#1941=ORIENTED_EDGE('',*,*,#1492,.T.);
#1942=ORIENTED_EDGE('',*,*,#1463,.F.);
#1943=ORIENTED_EDGE('',*,*,#1477,.F.);
#1944=ORIENTED_EDGE('',*,*,#1472,.F.);
#1945=ORIENTED_EDGE('',*,*,#1408,.F.);
#1946=ORIENTED_EDGE('',*,*,#1475,.F.);
#1947=ORIENTED_EDGE('',*,*,#1478,.F.);
#1948=ORIENTED_EDGE('',*,*,#1466,.F.);
#1949=ORIENTED_EDGE('',*,*,#1493,.T.);
#1950=ORIENTED_EDGE('',*,*,#1494,.T.);
#1951=ORIENTED_EDGE('',*,*,#1495,.T.);
#1952=ORIENTED_EDGE('',*,*,#1496,.T.);
#1953=ORIENTED_EDGE('',*,*,#1497,.T.);
#1954=ORIENTED_EDGE('',*,*,#1498,.T.);
#1955=ORIENTED_EDGE('',*,*,#1499,.T.);
#1956=ORIENTED_EDGE('',*,*,#1500,.T.);
#1957=ORIENTED_EDGE('',*,*,#1501,.T.);
#1958=ORIENTED_EDGE('',*,*,#1502,.T.);
#1959=ORIENTED_EDGE('',*,*,#1503,.T.);
#1960=ORIENTED_EDGE('',*,*,#1504,.T.);
#1961=ORIENTED_EDGE('',*,*,#1505,.T.);
#1962=ORIENTED_EDGE('',*,*,#1506,.T.);
#1963=ORIENTED_EDGE('',*,*,#1507,.T.);
#1964=ORIENTED_EDGE('',*,*,#1508,.T.);
#1965=ORIENTED_EDGE('',*,*,#1509,.T.);
#1966=ORIENTED_EDGE('',*,*,#1510,.T.);
#1967=ORIENTED_EDGE('',*,*,#1511,.T.);
#1968=ORIENTED_EDGE('',*,*,#1512,.T.);
#1969=ORIENTED_EDGE('',*,*,#1513,.T.);
#1970=ORIENTED_EDGE('',*,*,#1514,.T.);
#1971=ORIENTED_EDGE('',*,*,#1515,.T.);
#1972=ORIENTED_EDGE('',*,*,#1516,.T.);
#1973=ORIENTED_EDGE('',*,*,#1517,.T.);
#1974=ORIENTED_EDGE('',*,*,#1518,.T.);
#1975=ORIENTED_EDGE('',*,*,#1519,.T.);
#1976=ORIENTED_EDGE('',*,*,#1520,.T.);
#1977=ORIENTED_EDGE('',*,*,#1521,.T.);
#1978=ORIENTED_EDGE('',*,*,#1522,.T.);
#1979=ORIENTED_EDGE('',*,*,#1523,.T.);
#1980=ORIENTED_EDGE('',*,*,#1524,.T.);
#1981=ORIENTED_EDGE('',*,*,#1525,.T.);
#1982=ORIENTED_EDGE('',*,*,#1526,.T.);
#1983=ORIENTED_EDGE('',*,*,#1527,.T.);
#1984=ORIENTED_EDGE('',*,*,#1528,.T.);
#1985=ORIENTED_EDGE('',*,*,#1529,.T.);
#1986=ORIENTED_EDGE('',*,*,#1530,.T.);
#1987=ORIENTED_EDGE('',*,*,#1531,.T.);
#1988=ORIENTED_EDGE('',*,*,#1532,.T.);
#1989=ORIENTED_EDGE('',*,*,#1533,.T.);
#1990=ORIENTED_EDGE('',*,*,#1534,.T.);
#1991=ORIENTED_EDGE('',*,*,#1535,.T.);
#1992=ORIENTED_EDGE('',*,*,#1536,.T.);
#1993=ORIENTED_EDGE('',*,*,#1537,.T.);
#1994=ORIENTED_EDGE('',*,*,#1538,.T.);
#1995=ORIENTED_EDGE('',*,*,#1539,.T.);
#1996=ORIENTED_EDGE('',*,*,#1540,.T.);
#1997=ORIENTED_EDGE('',*,*,#1541,.T.);
#1998=ORIENTED_EDGE('',*,*,#1542,.T.);
#1999=ORIENTED_EDGE('',*,*,#1543,.T.);
#2000=ORIENTED_EDGE('',*,*,#1544,.T.);
#2001=ORIENTED_EDGE('',*,*,#1545,.T.);
#2002=ORIENTED_EDGE('',*,*,#1546,.T.);
#2003=ORIENTED_EDGE('',*,*,#1547,.T.);
#2004=ORIENTED_EDGE('',*,*,#1548,.T.);
#2005=ORIENTED_EDGE('',*,*,#1549,.T.);
#2006=ORIENTED_EDGE('',*,*,#1550,.T.);
#2007=ORIENTED_EDGE('',*,*,#1551,.T.);
#2008=ORIENTED_EDGE('',*,*,#1552,.T.);
#2009=ORIENTED_EDGE('',*,*,#1553,.T.);
#2010=ORIENTED_EDGE('',*,*,#1554,.T.);
#2011=ORIENTED_EDGE('',*,*,#1555,.T.);
#2012=ORIENTED_EDGE('',*,*,#1556,.T.);
#2013=ORIENTED_EDGE('',*,*,#1557,.T.);
#2014=ORIENTED_EDGE('',*,*,#1558,.T.);
#2015=ORIENTED_EDGE('',*,*,#1559,.T.);
#2016=ORIENTED_EDGE('',*,*,#1560,.T.);
#2017=ORIENTED_EDGE('',*,*,#1561,.T.);
#2018=ORIENTED_EDGE('',*,*,#1562,.T.);
#2019=ORIENTED_EDGE('',*,*,#1563,.T.);
#2020=ORIENTED_EDGE('',*,*,#1564,.T.);
#2021=ORIENTED_EDGE('',*,*,#1565,.T.);
#2022=ORIENTED_EDGE('',*,*,#1566,.T.);
#2023=ORIENTED_EDGE('',*,*,#1567,.T.);
#2024=ORIENTED_EDGE('',*,*,#1568,.T.);
#2025=ORIENTED_EDGE('',*,*,#1569,.T.);
#2026=ORIENTED_EDGE('',*,*,#1570,.T.);
#2027=ORIENTED_EDGE('',*,*,#1571,.T.);
#2028=ORIENTED_EDGE('',*,*,#1572,.T.);
#2029=ORIENTED_EDGE('',*,*,#1573,.T.);
#2030=ORIENTED_EDGE('',*,*,#1574,.T.);
#2031=ORIENTED_EDGE('',*,*,#1575,.T.);
#2032=ORIENTED_EDGE('',*,*,#1576,.T.);
#2033=ORIENTED_EDGE('',*,*,#1577,.T.);
#2034=ORIENTED_EDGE('',*,*,#1578,.T.);
#2035=ORIENTED_EDGE('',*,*,#1579,.T.);
#2036=ORIENTED_EDGE('',*,*,#1580,.T.);
#2037=ORIENTED_EDGE('',*,*,#1581,.T.);
#2038=ORIENTED_EDGE('',*,*,#1582,.T.);
#2039=ORIENTED_EDGE('',*,*,#1583,.T.);
#2040=ORIENTED_EDGE('',*,*,#1584,.T.);
#2041=ORIENTED_EDGE('',*,*,#1585,.T.);
#2042=ORIENTED_EDGE('',*,*,#1586,.T.);
#2043=ORIENTED_EDGE('',*,*,#1587,.T.);
#2044=ORIENTED_EDGE('',*,*,#1588,.T.);
#2045=ORIENTED_EDGE('',*,*,#1589,.T.);
#2046=ORIENTED_EDGE('',*,*,#1590,.T.);
#2047=ORIENTED_EDGE('',*,*,#1591,.T.);
#2048=ORIENTED_EDGE('',*,*,#1592,.T.);
#2049=ORIENTED_EDGE('',*,*,#1593,.T.);
#2050=ORIENTED_EDGE('',*,*,#1594,.T.);
#2051=ORIENTED_EDGE('',*,*,#1595,.T.);
#2052=ORIENTED_EDGE('',*,*,#1596,.T.);
#2053=ORIENTED_EDGE('',*,*,#1597,.T.);
#2054=ORIENTED_EDGE('',*,*,#1598,.T.);
#2055=ORIENTED_EDGE('',*,*,#1599,.T.);
#2056=ORIENTED_EDGE('',*,*,#1600,.T.);
#2057=ORIENTED_EDGE('',*,*,#1601,.T.);
#2058=ORIENTED_EDGE('',*,*,#1602,.T.);
#2059=ORIENTED_EDGE('',*,*,#1603,.T.);
#2060=ORIENTED_EDGE('',*,*,#1604,.T.);
#2061=ORIENTED_EDGE('',*,*,#1605,.T.);
#2062=ORIENTED_EDGE('',*,*,#1606,.T.);
#2063=ORIENTED_EDGE('',*,*,#1607,.T.);
#2064=ORIENTED_EDGE('',*,*,#1608,.T.);
#2065=ORIENTED_EDGE('',*,*,#1609,.T.);
#2066=ORIENTED_EDGE('',*,*,#1610,.T.);
#2067=ORIENTED_EDGE('',*,*,#1611,.T.);
#2068=ORIENTED_EDGE('',*,*,#1612,.T.);
#2069=ORIENTED_EDGE('',*,*,#1613,.T.);
#2070=ORIENTED_EDGE('',*,*,#1614,.T.);
#2071=ORIENTED_EDGE('',*,*,#1615,.T.);
#2072=ORIENTED_EDGE('',*,*,#1616,.T.);
#2073=ORIENTED_EDGE('',*,*,#1617,.T.);
#2074=ORIENTED_EDGE('',*,*,#1618,.T.);
#2075=ORIENTED_EDGE('',*,*,#1619,.T.);
#2076=ORIENTED_EDGE('',*,*,#1620,.T.);
#2077=ORIENTED_EDGE('',*,*,#1621,.T.);
#2078=ORIENTED_EDGE('',*,*,#1622,.T.);
#2079=ORIENTED_EDGE('',*,*,#1623,.T.);
#2080=ORIENTED_EDGE('',*,*,#1624,.T.);
#2081=ORIENTED_EDGE('',*,*,#1625,.T.);
#2082=ORIENTED_EDGE('',*,*,#1626,.T.);
#2083=ORIENTED_EDGE('',*,*,#1627,.T.);
#2084=ORIENTED_EDGE('',*,*,#1628,.T.);
#2085=ORIENTED_EDGE('',*,*,#1629,.T.);
#2086=ORIENTED_EDGE('',*,*,#1630,.T.);
#2087=ORIENTED_EDGE('',*,*,#1631,.T.);
#2088=ORIENTED_EDGE('',*,*,#1632,.T.);
#2089=ORIENTED_EDGE('',*,*,#1633,.T.);
#2090=ORIENTED_EDGE('',*,*,#1634,.T.);
#2091=ORIENTED_EDGE('',*,*,#1635,.T.);
#2092=ORIENTED_EDGE('',*,*,#1636,.T.);
#2093=ORIENTED_EDGE('',*,*,#1637,.T.);
#2094=ORIENTED_EDGE('',*,*,#1638,.T.);
#2095=ORIENTED_EDGE('',*,*,#1639,.T.);
#2096=ORIENTED_EDGE('',*,*,#1640,.T.);
#2097=ORIENTED_EDGE('',*,*,#1641,.T.);
#2098=ORIENTED_EDGE('',*,*,#1642,.T.);
#2099=ORIENTED_EDGE('',*,*,#1643,.T.);
#2100=ORIENTED_EDGE('',*,*,#1644,.T.);
#2101=ORIENTED_EDGE('',*,*,#1645,.T.);
#2102=ORIENTED_EDGE('',*,*,#1646,.T.);
#2103=ORIENTED_EDGE('',*,*,#1647,.T.);
#2104=ORIENTED_EDGE('',*,*,#1648,.T.);
#2105=ORIENTED_EDGE('',*,*,#1649,.T.);
#2106=ORIENTED_EDGE('',*,*,#1650,.T.);
#2107=ORIENTED_EDGE('',*,*,#1651,.T.);
#2108=ORIENTED_EDGE('',*,*,#1652,.T.);
#2109=ORIENTED_EDGE('',*,*,#1653,.T.);
#2110=ORIENTED_EDGE('',*,*,#1654,.T.);
#2111=ORIENTED_EDGE('',*,*,#1655,.T.);
#2112=ORIENTED_EDGE('',*,*,#1656,.T.);
#2113=ORIENTED_EDGE('',*,*,#1657,.T.);
#2114=ORIENTED_EDGE('',*,*,#1658,.T.);
#2115=ORIENTED_EDGE('',*,*,#1659,.T.);
#2116=ORIENTED_EDGE('',*,*,#1660,.T.);
#2117=ORIENTED_EDGE('',*,*,#1661,.T.);
#2118=ORIENTED_EDGE('',*,*,#1662,.T.);
#2119=ORIENTED_EDGE('',*,*,#1663,.T.);
#2120=ORIENTED_EDGE('',*,*,#1664,.T.);
#2121=ORIENTED_EDGE('',*,*,#1665,.T.);
#2122=ORIENTED_EDGE('',*,*,#1666,.T.);
#2123=ORIENTED_EDGE('',*,*,#1667,.T.);
#2124=ORIENTED_EDGE('',*,*,#1668,.T.);
#2125=ORIENTED_EDGE('',*,*,#1669,.T.);
#2126=ORIENTED_EDGE('',*,*,#1670,.T.);
#2127=ORIENTED_EDGE('',*,*,#1671,.T.);
#2128=ORIENTED_EDGE('',*,*,#1672,.T.);
#2129=ORIENTED_EDGE('',*,*,#1673,.T.);
#2130=ORIENTED_EDGE('',*,*,#1674,.T.);
#2131=ORIENTED_EDGE('',*,*,#1675,.T.);
#2132=ORIENTED_EDGE('',*,*,#1676,.T.);
#2133=ORIENTED_EDGE('',*,*,#1677,.T.);
#2134=ORIENTED_EDGE('',*,*,#1678,.T.);
#2135=ORIENTED_EDGE('',*,*,#1679,.T.);
#2136=ORIENTED_EDGE('',*,*,#1680,.T.);
#2137=ORIENTED_EDGE('',*,*,#1681,.T.);
#2138=ORIENTED_EDGE('',*,*,#1682,.T.);
#2139=ORIENTED_EDGE('',*,*,#1683,.T.);
#2140=ORIENTED_EDGE('',*,*,#1684,.T.);
#2141=ORIENTED_EDGE('',*,*,#1685,.T.);
#2142=ORIENTED_EDGE('',*,*,#1686,.T.);
#2143=ORIENTED_EDGE('',*,*,#1687,.T.);
#2144=ORIENTED_EDGE('',*,*,#1688,.T.);
#2145=ORIENTED_EDGE('',*,*,#1689,.T.);
#2146=ORIENTED_EDGE('',*,*,#1690,.T.);
#2147=ORIENTED_EDGE('',*,*,#1691,.T.);
#2148=ORIENTED_EDGE('',*,*,#1692,.T.);
#2149=ORIENTED_EDGE('',*,*,#1693,.T.);
#2150=ORIENTED_EDGE('',*,*,#1694,.T.);
#2151=ORIENTED_EDGE('',*,*,#1695,.T.);
#2152=ORIENTED_EDGE('',*,*,#1696,.T.);
#2153=ORIENTED_EDGE('',*,*,#1697,.T.);
#2154=ORIENTED_EDGE('',*,*,#1698,.T.);
#2155=ORIENTED_EDGE('',*,*,#1699,.T.);
#2156=ORIENTED_EDGE('',*,*,#1700,.T.);
#2157=ORIENTED_EDGE('',*,*,#1701,.T.);
#2158=ORIENTED_EDGE('',*,*,#1702,.T.);
#2159=ORIENTED_EDGE('',*,*,#1703,.T.);
#2160=ORIENTED_EDGE('',*,*,#1704,.T.);
#2161=ORIENTED_EDGE('',*,*,#1705,.T.);
#2162=ORIENTED_EDGE('',*,*,#1706,.T.);
#2163=ORIENTED_EDGE('',*,*,#1707,.T.);
#2164=ORIENTED_EDGE('',*,*,#1708,.T.);
#2165=ORIENTED_EDGE('',*,*,#1709,.T.);
#2166=ORIENTED_EDGE('',*,*,#1710,.T.);
#2167=ORIENTED_EDGE('',*,*,#1711,.T.);
#2168=ORIENTED_EDGE('',*,*,#1712,.T.);
#2169=ORIENTED_EDGE('',*,*,#1713,.T.);
#2170=ORIENTED_EDGE('',*,*,#1714,.T.);
#2171=ORIENTED_EDGE('',*,*,#1715,.T.);
#2172=ORIENTED_EDGE('',*,*,#1716,.T.);
#2173=ORIENTED_EDGE('',*,*,#1717,.T.);
#2174=ORIENTED_EDGE('',*,*,#1718,.T.);
#2175=ORIENTED_EDGE('',*,*,#1719,.T.);
#2176=ORIENTED_EDGE('',*,*,#1720,.T.);
#2177=ORIENTED_EDGE('',*,*,#1721,.T.);
#2178=ORIENTED_EDGE('',*,*,#1722,.T.);
#2179=ORIENTED_EDGE('',*,*,#1723,.T.);
#2180=ORIENTED_EDGE('',*,*,#1724,.T.);
#2181=ORIENTED_EDGE('',*,*,#1725,.T.);
#2182=ORIENTED_EDGE('',*,*,#1726,.T.);
#2183=ORIENTED_EDGE('',*,*,#1727,.T.);
#2184=ORIENTED_EDGE('',*,*,#1728,.T.);
#2185=ORIENTED_EDGE('',*,*,#1729,.T.);
#2186=ORIENTED_EDGE('',*,*,#1730,.T.);
#2187=ORIENTED_EDGE('',*,*,#1731,.T.);
#2188=ORIENTED_EDGE('',*,*,#1732,.T.);
#2189=ORIENTED_EDGE('',*,*,#1733,.T.);
#2190=ORIENTED_EDGE('',*,*,#1734,.T.);
#2191=ORIENTED_EDGE('',*,*,#1735,.T.);
#2192=ORIENTED_EDGE('',*,*,#1736,.T.);
#2193=ORIENTED_EDGE('',*,*,#1737,.T.);
#2194=ORIENTED_EDGE('',*,*,#1738,.T.);
#2195=ORIENTED_EDGE('',*,*,#1739,.T.);
#2196=ORIENTED_EDGE('',*,*,#1740,.T.);
#2197=ORIENTED_EDGE('',*,*,#1741,.T.);
#2198=ORIENTED_EDGE('',*,*,#1742,.T.);
#2199=ORIENTED_EDGE('',*,*,#1743,.T.);
#2200=ORIENTED_EDGE('',*,*,#1744,.T.);
#2201=ORIENTED_EDGE('',*,*,#1745,.T.);
#2202=ORIENTED_EDGE('',*,*,#1746,.T.);
#2203=ORIENTED_EDGE('',*,*,#1747,.T.);
#2204=ORIENTED_EDGE('',*,*,#1748,.T.);
#2205=ORIENTED_EDGE('',*,*,#1749,.T.);
#2206=ORIENTED_EDGE('',*,*,#1750,.T.);
#2207=ORIENTED_EDGE('',*,*,#1751,.T.);
#2208=ORIENTED_EDGE('',*,*,#1752,.T.);
#2209=ORIENTED_EDGE('',*,*,#1753,.T.);
#2210=ORIENTED_EDGE('',*,*,#1754,.T.);
#2211=ORIENTED_EDGE('',*,*,#1755,.T.);
#2212=ORIENTED_EDGE('',*,*,#1756,.T.);
#2213=ORIENTED_EDGE('',*,*,#1757,.T.);
#2214=ORIENTED_EDGE('',*,*,#1758,.T.);
#2215=ORIENTED_EDGE('',*,*,#1759,.T.);
#2216=ORIENTED_EDGE('',*,*,#1760,.T.);
#2217=ORIENTED_EDGE('',*,*,#1761,.T.);
#2218=ORIENTED_EDGE('',*,*,#1762,.T.);
#2219=PLANE('',#2395);
#2220=PLANE('',#2399);
#2221=PLANE('',#2401);
#2222=PLANE('',#2403);
#2223=PLANE('',#2405);
#2224=PLANE('',#2407);
#2225=PLANE('',#2409);
#2226=PLANE('',#2410);
#2227=PLANE('',#2412);
#2228=PLANE('',#2414);
#2229=PLANE('',#2418);
#2230=PLANE('',#2421);
#2231=PLANE('',#2424);
#2232=PLANE('',#2425);
#2233=PLANE('',#2426);
#2234=PLANE('',#2427);
#2235=PLANE('',#2428);
#2236=PLANE('',#2430);
#2237=PLANE('',#2431);
#2238=PLANE('',#2432);
#2239=PLANE('',#2434);
#2240=PLANE('',#2436);
#2241=PLANE('',#2437);
#2242=PLANE('',#2438);
#2243=PLANE('',#2440);
#2244=PLANE('',#2441);
#2245=PLANE('',#2442);
#2246=PLANE('',#2443);
#2247=PLANE('',#2445);
#2248=PLANE('',#2447);
#2249=PLANE('',#2450);
#2250=PLANE('',#2451);
#2251=PLANE('',#2452);
#2252=PLANE('',#2453);
#2253=PLANE('',#2454);
#2254=PLANE('',#2455);
#2255=PLANE('',#2456);
#2256=PLANE('',#2457);
#2257=PLANE('',#2458);
#2258=PLANE('',#2459);
#2259=PLANE('',#2460);
#2260=PLANE('',#2461);
#2261=PLANE('',#2462);
#2262=PLANE('',#2463);
#2263=PLANE('',#2464);
#2264=PLANE('',#2465);
#2265=PLANE('',#2466);
#2266=PLANE('',#2467);
#2267=PLANE('',#2468);
#2268=PLANE('',#2469);
#2269=PLANE('',#2470);
#2270=PLANE('',#2471);
#2271=PLANE('',#2477);
#2272=PLANE('',#2478);
#2273=PLANE('',#2479);
#2274=PLANE('',#2480);
#2275=PLANE('',#2481);
#2276=PLANE('',#2482);
#2277=PLANE('',#2483);
#2278=PLANE('',#2484);
#2279=PLANE('',#2485);
#2280=PLANE('',#2486);
#2281=PLANE('',#2487);
#2282=PLANE('',#2488);
#2283=PLANE('',#2489);
#2284=PLANE('',#2490);
#2285=PLANE('',#2491);
#2286=PLANE('',#2492);
#2287=PLANE('',#2493);
#2288=PLANE('',#2494);
#2289=PLANE('',#2495);
#2290=PLANE('',#2496);
#2291=PLANE('',#2502);
#2292=PLANE('',#2503);
#2293=PLANE('',#2505);
#2294=PLANE('',#2506);
#2295=PLANE('',#2507);
#2296=ADVANCED_FACE('',(#296),#2219,.T.);
#2297=ADVANCED_FACE('',(#297),#2220,.F.);
#2298=ADVANCED_FACE('',(#298),#2221,.F.);
#2299=ADVANCED_FACE('',(#299),#2222,.F.);
#2300=ADVANCED_FACE('',(#300),#2223,.F.);
#2301=ADVANCED_FACE('',(#301),#250,.T.);
#2302=ADVANCED_FACE('',(#302),#251,.T.);
#2303=ADVANCED_FACE('',(#303),#2224,.T.);
#2304=ADVANCED_FACE('',(#304),#2225,.T.);
#2305=ADVANCED_FACE('',(#305),#2226,.F.);
#2306=ADVANCED_FACE('',(#306),#2227,.F.);
#2307=ADVANCED_FACE('',(#307),#2228,.F.);
#2308=ADVANCED_FACE('',(#308),#119,.T.);
#2309=ADVANCED_FACE('',(#309),#2229,.T.);
#2310=ADVANCED_FACE('',(#310),#120,.T.);
#2311=ADVANCED_FACE('',(#311),#2230,.T.);
#2312=ADVANCED_FACE('',(#312),#118,.F.);
#2313=ADVANCED_FACE('',(#313),#2231,.T.);
#2314=ADVANCED_FACE('',(#314),#2232,.T.);
#2315=ADVANCED_FACE('',(#315),#2233,.T.);
#2316=ADVANCED_FACE('',(#316),#2234,.T.);
#2317=ADVANCED_FACE('',(#317),#2235,.F.);
#2318=ADVANCED_FACE('',(#318),#2236,.T.);
#2319=ADVANCED_FACE('',(#319),#2237,.T.);
#2320=ADVANCED_FACE('',(#320),#2238,.T.);
#2321=ADVANCED_FACE('',(#321),#2239,.T.);
#2322=ADVANCED_FACE('',(#322),#2240,.F.);
#2323=ADVANCED_FACE('',(#323),#2241,.F.);
#2324=ADVANCED_FACE('',(#324),#2242,.F.);
#2325=ADVANCED_FACE('',(#325),#2243,.T.);
#2326=ADVANCED_FACE('',(#326,#112),#2244,.T.);
#2327=ADVANCED_FACE('',(#327),#2245,.T.);
#2328=ADVANCED_FACE('',(#328),#2246,.F.);
#2329=ADVANCED_FACE('',(#329),#2247,.F.);
#2330=ADVANCED_FACE('',(#330),#2248,.F.);
#2331=ADVANCED_FACE('',(#331),#121,.F.);
#2332=ADVANCED_FACE('',(#332),#2249,.T.);
#2333=ADVANCED_FACE('',(#333),#2250,.T.);
#2334=ADVANCED_FACE('',(#334),#2251,.T.);
#2335=ADVANCED_FACE('',(#335),#2252,.T.);
#2336=ADVANCED_FACE('',(#336),#2253,.T.);
#2337=ADVANCED_FACE('',(#337),#2254,.T.);
#2338=ADVANCED_FACE('',(#338),#2255,.T.);
#2339=ADVANCED_FACE('',(#339),#2256,.T.);
#2340=ADVANCED_FACE('',(#340),#2257,.T.);
#2341=ADVANCED_FACE('',(#341),#2258,.T.);
#2342=ADVANCED_FACE('',(#342),#2259,.T.);
#2343=ADVANCED_FACE('',(#343),#2260,.T.);
#2344=ADVANCED_FACE('',(#344),#2261,.T.);
#2345=ADVANCED_FACE('',(#345),#2262,.T.);
#2346=ADVANCED_FACE('',(#346),#2263,.T.);
#2347=ADVANCED_FACE('',(#347),#2264,.T.);
#2348=ADVANCED_FACE('',(#348),#2265,.T.);
#2349=ADVANCED_FACE('',(#349),#2266,.T.);
#2350=ADVANCED_FACE('',(#350),#2267,.T.);
#2351=ADVANCED_FACE('',(#351),#2268,.T.);
#2352=ADVANCED_FACE('',(#352),#2269,.T.);
#2353=ADVANCED_FACE('',(#353),#2270,.T.);
#2354=ADVANCED_FACE('',(#354),#122,.T.);
#2355=ADVANCED_FACE('',(#355),#2271,.T.);
#2356=ADVANCED_FACE('',(#356),#2272,.T.);
#2357=ADVANCED_FACE('',(#357),#2273,.T.);
#2358=ADVANCED_FACE('',(#358),#2274,.T.);
#2359=ADVANCED_FACE('',(#359),#2275,.T.);
#2360=ADVANCED_FACE('',(#360),#2276,.T.);
#2361=ADVANCED_FACE('',(#361),#2277,.T.);
#2362=ADVANCED_FACE('',(#362),#2278,.T.);
#2363=ADVANCED_FACE('',(#363),#2279,.T.);
#2364=ADVANCED_FACE('',(#364),#2280,.T.);
#2365=ADVANCED_FACE('',(#365),#2281,.T.);
#2366=ADVANCED_FACE('',(#366),#2282,.T.);
#2367=ADVANCED_FACE('',(#367),#2283,.T.);
#2368=ADVANCED_FACE('',(#368),#2284,.T.);
#2369=ADVANCED_FACE('',(#369),#2285,.T.);
#2370=ADVANCED_FACE('',(#370),#2286,.T.);
#2371=ADVANCED_FACE('',(#371),#2287,.T.);
#2372=ADVANCED_FACE('',(#372),#2288,.T.);
#2373=ADVANCED_FACE('',(#373),#2289,.T.);
#2374=ADVANCED_FACE('',(#374),#2290,.T.);
#2375=ADVANCED_FACE('',(#375),#123,.T.);
#2376=ADVANCED_FACE('',(#376),#2291,.T.);
#2377=ADVANCED_FACE('',(#377),#2292,.T.);
#2378=ADVANCED_FACE('',(#378),#2293,.T.);
#2379=ADVANCED_FACE('',(#379),#2294,.T.);
#2380=ADVANCED_FACE('',(#380),#2295,.T.);
#2381=CLOSED_SHELL('',(#2296,#2297,#2298,#2299,#2300,#2301,#2302,#2303,
#2304,#2305,#2306,#2307,#2308,#2309,#2310,#2311,#2312,#2313,#2314,#2315,
#2316,#2317,#2318,#2319,#2320,#2321,#2322,#2323,#2324,#2325,#2326,#2327,
#2328,#2329,#2330,#2331));
#2382=DERIVED_UNIT_ELEMENT(#2384,1.);
#2383=DERIVED_UNIT_ELEMENT(#5493,-3.);
#2384=(
MASS_UNIT()
NAMED_UNIT(*)
SI_UNIT(.KILO.,.GRAM.)
);
#2385=DERIVED_UNIT((#2382,#2383));
#2386=MEASURE_REPRESENTATION_ITEM('density measure',
POSITIVE_RATIO_MEASURE(1000.),#2385);
#2387=PROPERTY_DEFINITION_REPRESENTATION(#2392,#2389);
#2388=PROPERTY_DEFINITION_REPRESENTATION(#2393,#2390);
#2389=REPRESENTATION('material name',(#2391),#5488);
#2390=REPRESENTATION('density',(#2386),#5488);
#2391=DESCRIPTIVE_REPRESENTATION_ITEM('Generic','Generic');
#2392=PROPERTY_DEFINITION('material property','material name',#5501);
#2393=PROPERTY_DEFINITION('material property','density of part',#5501);
#2394=AXIS2_PLACEMENT_3D('',#3025,#2508,#2509);
#2395=AXIS2_PLACEMENT_3D('',#3026,#2510,#2511);
#2396=AXIS2_PLACEMENT_3D('',#3031,#2513,#2514);
#2397=AXIS2_PLACEMENT_3D('',#3039,#2518,#2519);
#2398=AXIS2_PLACEMENT_3D('',#3045,#2522,#2523);
#2399=AXIS2_PLACEMENT_3D('',#3047,#2525,#2526);
#2400=AXIS2_PLACEMENT_3D('',#3050,#2527,#2528);
#2401=AXIS2_PLACEMENT_3D('',#3055,#2529,#2530);
#2402=AXIS2_PLACEMENT_3D('',#3058,#2531,#2532);
#2403=AXIS2_PLACEMENT_3D('',#3063,#2533,#2534);
#2404=AXIS2_PLACEMENT_3D('',#3066,#2535,#2536);
#2405=AXIS2_PLACEMENT_3D('',#3071,#2537,#2538);
#2406=AXIS2_PLACEMENT_3D('',#3074,#2539,#2540);
#2407=AXIS2_PLACEMENT_3D('',#3500,#2545,#2546);
#2408=AXIS2_PLACEMENT_3D('',#3502,#2547,#2548);
#2409=AXIS2_PLACEMENT_3D('',#3505,#2551,#2552);
#2410=AXIS2_PLACEMENT_3D('',#3515,#2558,#2559);
#2411=AXIS2_PLACEMENT_3D('',#3516,#2560,#2561);
#2412=AXIS2_PLACEMENT_3D('',#3517,#2562,#2563);
#2413=AXIS2_PLACEMENT_3D('',#3518,#2564,#2565);
#2414=AXIS2_PLACEMENT_3D('',#3519,#2566,#2567);
#2415=AXIS2_PLACEMENT_3D('',#3520,#2568,#2569);
#2416=AXIS2_PLACEMENT_3D('',#3521,#2570,#2571);
#2417=AXIS2_PLACEMENT_3D('',#3525,#2573,#2574);
#2418=AXIS2_PLACEMENT_3D('',#3527,#2576,#2577);
#2419=AXIS2_PLACEMENT_3D('',#3532,#2581,#2582);
#2420=AXIS2_PLACEMENT_3D('',#3536,#2584,#2585);
#2421=AXIS2_PLACEMENT_3D('',#3538,#2587,#2588);
#2422=AXIS2_PLACEMENT_3D('',#3550,#2595,#2596);
#2423=AXIS2_PLACEMENT_3D('',#3554,#2598,#2599);
#2424=AXIS2_PLACEMENT_3D('',#3555,#2600,#2601);
#2425=AXIS2_PLACEMENT_3D('',#3561,#2605,#2606);
#2426=AXIS2_PLACEMENT_3D('',#3565,#2609,#2610);
#2427=AXIS2_PLACEMENT_3D('',#3571,#2614,#2615);
#2428=AXIS2_PLACEMENT_3D('',#3580,#2620,#2621);
#2429=AXIS2_PLACEMENT_3D('',#3582,#2622,#2623);
#2430=AXIS2_PLACEMENT_3D('',#3585,#2626,#2627);
#2431=AXIS2_PLACEMENT_3D('',#3589,#2630,#2631);
#2432=AXIS2_PLACEMENT_3D('',#3595,#2635,#2636);
#2433=AXIS2_PLACEMENT_3D('',#3596,#2637,#2638);
#2434=AXIS2_PLACEMENT_3D('',#3597,#2639,#2640);
#2435=AXIS2_PLACEMENT_3D('',#3598,#2641,#2642);
#2436=AXIS2_PLACEMENT_3D('',#3600,#2644,#2645);
#2437=AXIS2_PLACEMENT_3D('',#3609,#2650,#2651);
#2438=AXIS2_PLACEMENT_3D('',#3613,#2654,#2655);
#2439=AXIS2_PLACEMENT_3D('',#3614,#2656,#2657);
#2440=AXIS2_PLACEMENT_3D('',#3616,#2659,#2660);
#2441=AXIS2_PLACEMENT_3D('',#3618,#2662,#2663);
#2442=AXIS2_PLACEMENT_3D('',#3620,#2665,#2666);
#2443=AXIS2_PLACEMENT_3D('',#3621,#2667,#2668);
#2444=AXIS2_PLACEMENT_3D('',#3622,#2669,#2670);
#2445=AXIS2_PLACEMENT_3D('',#3623,#2671,#2672);
#2446=AXIS2_PLACEMENT_3D('',#3624,#2673,#2674);
#2447=AXIS2_PLACEMENT_3D('',#3625,#2675,#2676);
#2448=AXIS2_PLACEMENT_3D('',#3626,#2677,#2678);
#2449=AXIS2_PLACEMENT_3D('',#3627,#2679,#2680);
#2450=AXIS2_PLACEMENT_3D('',#3628,#2681,#2682);
#2451=AXIS2_PLACEMENT_3D('',#3637,#2687,#2688);
#2452=AXIS2_PLACEMENT_3D('',#3646,#2693,#2694);
#2453=AXIS2_PLACEMENT_3D('',#3655,#2699,#2700);
#2454=AXIS2_PLACEMENT_3D('',#3664,#2705,#2706);
#2455=AXIS2_PLACEMENT_3D('',#3673,#2711,#2712);
#2456=AXIS2_PLACEMENT_3D('',#3682,#2717,#2718);
#2457=AXIS2_PLACEMENT_3D('',#3691,#2723,#2724);
#2458=AXIS2_PLACEMENT_3D('',#3738,#2729,#2730);
#2459=AXIS2_PLACEMENT_3D('',#3747,#2735,#2736);
#2460=AXIS2_PLACEMENT_3D('',#3756,#2741,#2742);
#2461=AXIS2_PLACEMENT_3D('',#3819,#2746,#2747);
#2462=AXIS2_PLACEMENT_3D('',#3882,#2751,#2752);
#2463=AXIS2_PLACEMENT_3D('',#3891,#2757,#2758);
#2464=AXIS2_PLACEMENT_3D('',#3900,#2763,#2764);
#2465=AXIS2_PLACEMENT_3D('',#3960,#2768,#2769);
#2466=AXIS2_PLACEMENT_3D('',#4051,#2779,#2780);
#2467=AXIS2_PLACEMENT_3D('',#4068,#2789,#2790);
#2468=AXIS2_PLACEMENT_3D('',#4085,#2799,#2800);
#2469=AXIS2_PLACEMENT_3D('',#4098,#2807,#2808);
#2470=AXIS2_PLACEMENT_3D('',#4107,#2813,#2814);
#2471=AXIS2_PLACEMENT_3D('',#4154,#2819,#2820);
#2472=AXIS2_PLACEMENT_3D('',#4214,#2824,#2825);
#2473=AXIS2_PLACEMENT_3D('',#4241,#2828,#2829);
#2474=AXIS2_PLACEMENT_3D('',#4292,#2833,#2834);
#2475=AXIS2_PLACEMENT_3D('',#4296,#2836,#2837);
#2476=AXIS2_PLACEMENT_3D('',#4300,#2839,#2840);
#2477=AXIS2_PLACEMENT_3D('',#4322,#2842,#2843);
#2478=AXIS2_PLACEMENT_3D('',#4331,#2848,#2849);
#2479=AXIS2_PLACEMENT_3D('',#4340,#2854,#2855);
#2480=AXIS2_PLACEMENT_3D('',#4349,#2860,#2861);
#2481=AXIS2_PLACEMENT_3D('',#4358,#2866,#2867);
#2482=AXIS2_PLACEMENT_3D('',#4405,#2872,#2873);
#2483=AXIS2_PLACEMENT_3D('',#4414,#2878,#2879);
#2484=AXIS2_PLACEMENT_3D('',#4423,#2884,#2885);
#2485=AXIS2_PLACEMENT_3D('',#4486,#2889,#2890);
#2486=AXIS2_PLACEMENT_3D('',#4549,#2894,#2895);
#2487=AXIS2_PLACEMENT_3D('',#4558,#2900,#2901);
#2488=AXIS2_PLACEMENT_3D('',#4567,#2906,#2907);
#2489=AXIS2_PLACEMENT_3D('',#4627,#2911,#2912);
#2490=AXIS2_PLACEMENT_3D('',#4718,#2922,#2923);
#2491=AXIS2_PLACEMENT_3D('',#4735,#2932,#2933);
#2492=AXIS2_PLACEMENT_3D('',#4752,#2942,#2943);
#2493=AXIS2_PLACEMENT_3D('',#4765,#2950,#2951);
#2494=AXIS2_PLACEMENT_3D('',#4778,#2958,#2959);
#2495=AXIS2_PLACEMENT_3D('',#4787,#2964,#2965);
#2496=AXIS2_PLACEMENT_3D('',#4834,#2970,#2971);
#2497=AXIS2_PLACEMENT_3D('',#4894,#2975,#2976);
#2498=AXIS2_PLACEMENT_3D('',#4921,#2979,#2980);
#2499=AXIS2_PLACEMENT_3D('',#4972,#2984,#2985);
#2500=AXIS2_PLACEMENT_3D('',#4976,#2987,#2988);
#2501=AXIS2_PLACEMENT_3D('',#4980,#2990,#2991);
#2502=AXIS2_PLACEMENT_3D('',#5002,#2993,#2994);
#2503=AXIS2_PLACEMENT_3D('',#5162,#2996,#2997);
#2504=AXIS2_PLACEMENT_3D('',#5165,#2998,#2999);
#2505=AXIS2_PLACEMENT_3D('',#5241,#3001,#3002);
#2506=AXIS2_PLACEMENT_3D('',#5357,#3009,#3010);
#2507=AXIS2_PLACEMENT_3D('',#5473,#3017,#3018);
#2508=DIRECTION('axis',(0.,0.,1.));
#2509=DIRECTION('refdir',(1.,0.,0.));
#2510=DIRECTION('center_axis',(1.454732E-15,-7.273662E-16,-1.));
#2511=DIRECTION('ref_axis',(-1.,0.,-1.454732E-15));
#2512=DIRECTION('',(-0.707106781186549,-0.707106781186546,-5.14325289583181E-16));
#2513=DIRECTION('center_axis',(1.454732E-15,-7.273662E-16,-1.));
#2514=DIRECTION('ref_axis',(0.707106781186546,-0.707106781186549,1.54297643443496E-15));
#2515=DIRECTION('',(-1.,1.84704138505633E-15,-1.454732E-15));
#2516=DIRECTION('',(2.55481591275337E-15,1.,-7.27366199999996E-16));
#2517=DIRECTION('',(1.,1.09747015652356E-16,1.454732E-15));
#2518=DIRECTION('center_axis',(1.454732E-15,-7.273662E-16,-1.));
#2519=DIRECTION('ref_axis',(2.55481591275337E-15,1.,-7.27366199999996E-16));
#2520=DIRECTION('',(0.707106781186549,-0.707106781186546,1.54297643443496E-15));
#2521=DIRECTION('',(1.45718947948345E-16,-1.,7.273662E-16));
#2522=DIRECTION('center_axis',(-1.454732E-15,7.273662E-16,1.));
#2523=DIRECTION('ref_axis',(0.534759366257305,0.845004390639531,1.63303929791431E-16));
#2524=DIRECTION('',(-7.95588562421181E-15,-1.,7.27366199999988E-16));
#2525=DIRECTION('center_axis',(-1.454732E-15,7.273662E-16,1.));
#2526=DIRECTION('ref_axis',(1.,0.,1.454732E-15));
#2527=DIRECTION('center_axis',(1.454732E-15,-7.273662E-16,-1.));
#2528=DIRECTION('ref_axis',(-1.454732E-15,-1.,7.27366199999998E-16));
#2529=DIRECTION('center_axis',(-1.454732E-15,7.273662E-16,1.));
#2530=DIRECTION('ref_axis',(1.,0.,1.454732E-15));
#2531=DIRECTION('center_axis',(1.454732E-15,-7.273662E-16,-1.));
#2532=DIRECTION('ref_axis',(-1.454732E-15,-1.,7.27366199999998E-16));
#2533=DIRECTION('center_axis',(-1.454732E-15,7.273662E-16,1.));
#2534=DIRECTION('ref_axis',(1.,0.,1.454732E-15));
#2535=DIRECTION('center_axis',(1.454732E-15,-7.273662E-16,-1.));
#2536=DIRECTION('ref_axis',(-1.454732E-15,-1.,7.27366199999998E-16));
#2537=DIRECTION('center_axis',(-1.454732E-15,7.273662E-16,1.));
#2538=DIRECTION('ref_axis',(1.,0.,1.454732E-15));
#2539=DIRECTION('center_axis',(1.454732E-15,-7.273662E-16,-1.));
#2540=DIRECTION('ref_axis',(-1.454732E-15,-1.,7.27366199999998E-16));
#2541=DIRECTION('',(0.,0.,1.));
#2542=DIRECTION('',(0.,0.,1.));
#2543=DIRECTION('',(0.,0.,1.));
#2544=DIRECTION('',(0.,0.,1.));
#2545=DIRECTION('center_axis',(0.70386171102913,-0.710337026873262,0.));
#2546=DIRECTION('ref_axis',(0.710337026873262,0.70386171102913,5.21384785700638E-16));
#2547=DIRECTION('center_axis',(1.454732E-15,-7.273662E-16,-1.));
#2548=DIRECTION('ref_axis',(-1.454732E-15,-1.,7.27366199999998E-16));
#2549=DIRECTION('',(-0.710337026873262,-0.70386171102913,-5.21384785700638E-16));
#2550=DIRECTION('',(0.710337026873262,0.70386171102913,5.21384785700638E-16));
#2551=DIRECTION('center_axis',(-1.454732E-15,7.273662E-16,1.));
#2552=DIRECTION('ref_axis',(1.,0.,1.454732E-15));
#2553=DIRECTION('',(-9.76027477962201E-17,1.,-7.273662E-16));
#2554=DIRECTION('',(-1.,1.59574612963246E-15,-1.454732E-15));
#2555=DIRECTION('',(-1.37358822417564E-15,-1.,7.27366199999998E-16));
#2556=DIRECTION('',(1.,-1.59574612963246E-15,1.454732E-15));
#2557=DIRECTION('',(-9.76027477962532E-17,1.,-7.273662E-16));
#2558=DIRECTION('center_axis',(1.454732E-15,-7.273662E-16,-1.));
#2559=DIRECTION('ref_axis',(-1.454732E-15,-1.,7.27366199999998E-16));
#2560=DIRECTION('center_axis',(1.454732E-15,-7.273662E-16,-1.));
#2561=DIRECTION('ref_axis',(-1.454732E-15,-1.,7.27366199999998E-16));
#2562=DIRECTION('center_axis',(1.454732E-15,-7.273662E-16,-1.));
#2563=DIRECTION('ref_axis',(-1.454732E-15,-1.,7.27366199999998E-16));
#2564=DIRECTION('center_axis',(1.454732E-15,-7.273662E-16,-1.));
#2565=DIRECTION('ref_axis',(-1.454732E-15,-1.,7.27366199999998E-16));
#2566=DIRECTION('center_axis',(1.454732E-15,-7.273662E-16,-1.));
#2567=DIRECTION('ref_axis',(-1.454732E-15,-1.,7.27366199999998E-16));
#2568=DIRECTION('center_axis',(1.454732E-15,-7.273662E-16,-1.));
#2569=DIRECTION('ref_axis',(-1.454732E-15,-1.,7.27366199999998E-16));
#2570=DIRECTION('center_axis',(-2.90946409757432E-15,2.182098E-15,1.));
#2571=DIRECTION('ref_axis',(0.382683432365088,0.923879532511288,0.));
#2572=DIRECTION('',(-2.90946409757432E-15,2.182098E-15,1.));
#2573=DIRECTION('center_axis',(-1.454732E-15,7.273662E-16,1.));
#2574=DIRECTION('ref_axis',(0.382683432365088,0.923879532511288,0.));
#2575=DIRECTION('',(2.90946409757432E-15,-2.182098E-15,-1.));
#2576=DIRECTION('center_axis',(1.454732E-15,1.,-2.182098E-15));
#2577=DIRECTION('ref_axis',(1.454732E-15,-2.182098E-15,-1.));
#2578=DIRECTION('',(-1.,0.,0.));
#2579=DIRECTION('',(0.,0.,-1.));
#2580=DIRECTION('',(0.,0.,1.));
#2581=DIRECTION('center_axis',(-9.99829749644739E-22,2.182098E-15,1.));
#2582=DIRECTION('ref_axis',(0.382683432365092,-0.923879532511286,0.));
#2583=DIRECTION('',(-9.99829749644739E-22,2.182098E-15,1.));
#2584=DIRECTION('center_axis',(-1.454732E-15,7.273662E-16,1.));
#2585=DIRECTION('ref_axis',(0.382683432365092,-0.923879532511286,0.));
#2586=DIRECTION('',(9.99829749644739E-22,-2.182098E-15,-1.));
#2587=DIRECTION('center_axis',(0.707106781186547,-0.707106781186548,1.542977E-15));
#2588=DIRECTION('ref_axis',(-0.707106781186548,-0.707106781186547,-5.143255E-16));
#2589=DIRECTION('',(0.,0.,-1.));
#2590=DIRECTION('',(0.671542934237819,0.671542934237817,0.313145613014973));
#2591=DIRECTION('',(0.,0.,1.));
#2592=DIRECTION('',(0.671542934237819,0.671542934237817,-0.313145613014974));
#2593=DIRECTION('',(-1.670479E-9,-1.670481E-9,-1.));
#2594=DIRECTION('',(0.707106781186548,0.707106781186547,4.996004E-16));
#2595=DIRECTION('center_axis',(-1.56736817973474E-15,-1.,7.27366199999998E-16));
#2596=DIRECTION('ref_axis',(1.,-1.57621994214344E-15,1.31654335924286E-15));
#2597=DIRECTION('',(-0.866025403784439,-0.499999999999999,-8.82534418160507E-16));
#2598=DIRECTION('center_axis',(1.454732E-15,1.,-2.182098E-15));
#2599=DIRECTION('ref_axis',(1.,-1.57621994214344E-15,1.31654335924286E-15));
#2600=DIRECTION('center_axis',(1.,-1.454732E-15,0.));
#2601=DIRECTION('ref_axis',(1.0581228868584E-30,7.273662E-16,1.));
#2602=DIRECTION('',(0.,-1.,0.));
#2603=DIRECTION('',(0.,0.,-1.));
#2604=DIRECTION('',(0.,0.,-1.));
#2605=DIRECTION('center_axis',(1.,-1.454732E-15,0.));
#2606=DIRECTION('ref_axis',(1.0581228868584E-30,7.273662E-16,1.));
#2607=DIRECTION('',(0.,0.,-1.));
#2608=DIRECTION('',(0.,-1.,0.));
#2609=DIRECTION('center_axis',(1.,-1.454732E-15,0.));
#2610=DIRECTION('ref_axis',(1.0581228868584E-30,7.273662E-16,1.));
#2611=DIRECTION('',(0.,1.,0.));
#2612=DIRECTION('',(0.,0.,-1.));
#2613=DIRECTION('',(0.,1.,0.));
#2614=DIRECTION('center_axis',(1.,-1.454732E-15,0.));
#2615=DIRECTION('ref_axis',(1.0581228868584E-30,7.273662E-16,1.));
#2616=DIRECTION('',(0.,1.,0.));
#2617=DIRECTION('',(0.,0.,-1.));
#2618=DIRECTION('',(0.,1.,0.));
#2619=DIRECTION('',(0.,0.,1.));
#2620=DIRECTION('center_axis',(-1.454732E-15,7.273662E-16,1.));
#2621=DIRECTION('ref_axis',(1.454732E-15,1.,-7.27366199999998E-16));
#2622=DIRECTION('center_axis',(-1.454732E-15,7.273662E-16,1.));
#2623=DIRECTION('ref_axis',(1.454732E-15,1.,-7.27366199999998E-16));
#2624=DIRECTION('',(-1.,0.,0.));
#2625=DIRECTION('',(0.,1.,0.));
#2626=DIRECTION('center_axis',(1.,-1.454732E-15,9.501067E-16));
#2627=DIRECTION('ref_axis',(-9.50106699999999E-16,7.273662E-16,1.));
#2628=DIRECTION('',(0.,0.,-1.));
#2629=DIRECTION('',(0.,1.,0.));
#2630=DIRECTION('center_axis',(1.,-1.454732E-15,9.501067E-16));
#2631=DIRECTION('ref_axis',(-9.50106699999999E-16,7.273662E-16,1.));
#2632=DIRECTION('',(0.,1.,0.));
#2633=DIRECTION('',(0.,0.,-1.));
#2634=DIRECTION('',(0.,0.,-1.));
#2635=DIRECTION('center_axis',(0.422618261740701,-1.274014E-15,-0.906307787036649));
#2636=DIRECTION('ref_axis',(0.906307787036649,-1.011037E-15,0.422618261740701));
#2637=DIRECTION('center_axis',(0.422618261740705,3.70663985605198E-14,-0.906307787036647));
#2638=DIRECTION('ref_axis',(0.906307787036647,1.49667707857177E-12,0.422618261740705));
#2639=DIRECTION('center_axis',(0.422618261740701,-1.274014E-15,-0.906307787036649));
#2640=DIRECTION('ref_axis',(0.906307787036649,-1.011037E-15,0.422618261740701));
#2641=DIRECTION('center_axis',(0.422618261740691,2.97265190280734E-14,-0.906307787036654));
#2642=DIRECTION('ref_axis',(0.906307787036654,2.38675932112921E-12,0.422618261740691));
#2643=DIRECTION('',(-0.671542934237817,0.671542934237819,-0.313145613014975));
#2644=DIRECTION('center_axis',(-1.,1.454732E-15,1.670479E-9));
#2645=DIRECTION('ref_axis',(-1.670479E-9,-7.273662E-16,-1.));
#2646=DIRECTION('',(1.67047951918836E-9,1.05716078765694E-9,1.));
#2647=DIRECTION('',(0.,1.,0.));
#2648=DIRECTION('',(1.670479E-9,-1.67048E-9,1.));
#2649=DIRECTION('',(0.,1.,0.));
#2650=DIRECTION('center_axis',(-1.,1.454732E-15,1.670479E-9));
#2651=DIRECTION('ref_axis',(-1.670479E-9,-7.273662E-16,-1.));
#2652=DIRECTION('',(-1.67047951914099E-9,1.05715915225019E-9,-1.));
#2653=DIRECTION('',(0.,1.,0.));
#2654=DIRECTION('center_axis',(-0.4226182617407,-4.442117E-17,-0.90630778703665));
#2655=DIRECTION('ref_axis',(0.90630778703665,-1.625833E-15,-0.4226182617407));
#2656=DIRECTION('center_axis',(-0.422618261740709,5.5049107372748E-15,-0.906307787036645));
#2657=DIRECTION('ref_axis',(0.906307787036645,2.59717428464923E-14,-0.422618261740709));
#2658=DIRECTION('',(-0.671542934237817,0.671542934237819,0.313145613014973));
#2659=DIRECTION('center_axis',(0.707106781186549,0.707106781186547,5.143255E-16));
#2660=DIRECTION('ref_axis',(0.707106781186547,-0.707106781186549,1.542977E-15));
#2661=DIRECTION('',(-0.707106781186547,0.707106781186548,-1.498801E-15));
#2662=DIRECTION('center_axis',(-1.454732E-15,-1.,2.182098E-15));
#2663=DIRECTION('ref_axis',(-1.454732E-15,2.182098E-15,1.));
#2664=DIRECTION('',(0.,0.,-1.));
#2665=DIRECTION('center_axis',(-1.,1.454732E-15,0.));
#2666=DIRECTION('ref_axis',(-1.0581228868584E-30,-7.273662E-16,-1.));
#2667=DIRECTION('center_axis',(1.454732E-15,-7.273662E-16,-1.));
#2668=DIRECTION('ref_axis',(-1.454732E-15,-1.,7.27366199999998E-16));
#2669=DIRECTION('center_axis',(1.454732E-15,-7.273662E-16,-1.));
#2670=DIRECTION('ref_axis',(-1.454732E-15,-1.,7.27366199999998E-16));
#2671=DIRECTION('center_axis',(-1.454732E-15,7.273662E-16,1.));
#2672=DIRECTION('ref_axis',(1.454732E-15,1.,-7.27366199999998E-16));
#2673=DIRECTION('center_axis',(-1.454732E-15,7.273662E-16,1.));
#2674=DIRECTION('ref_axis',(1.454732E-15,1.,-7.27366199999998E-16));
#2675=DIRECTION('center_axis',(-0.4226182617407,-4.442117E-17,-0.90630778703665));
#2676=DIRECTION('ref_axis',(0.90630778703665,-1.625833E-15,-0.4226182617407));
#2677=DIRECTION('center_axis',(-0.422618261740696,5.1379166881237E-15,-0.906307787036652));
#2678=DIRECTION('ref_axis',(0.906307787036651,-2.92340847307235E-13,-0.422618261740696));
#2679=DIRECTION('center_axis',(1.454732E-15,-7.273662E-16,-1.));
#2680=DIRECTION('ref_axis',(-1.454732E-15,-1.,7.27366199999998E-16));
#2681=DIRECTION('center_axis',(-0.422618261740699,-2.11276382556521E-15,
-0.90630778703665));
#2682=DIRECTION('ref_axis',(-0.90630778703665,0.,0.422618261740699));
#2683=DIRECTION('',(0.,-1.,0.));
#2684=DIRECTION('',(-0.671542934237821,-0.671542934237814,0.313145613014975));
#2685=DIRECTION('',(7.616159E-10,1.,-3.55148E-10));
#2686=DIRECTION('',(0.671542934237817,-0.67154293423782,-0.313145613014973));
#2687=DIRECTION('center_axis',(-1.,-3.28750374280568E-9,6.84896662507595E-9));
#2688=DIRECTION('ref_axis',(6.84896662507595E-9,0.,1.));
#2689=DIRECTION('',(3.287504E-9,-1.,1.0116057E-8));
#2690=DIRECTION('',(0.,0.,1.));
#2691=DIRECTION('',(0.,1.,0.));
#2692=DIRECTION('',(-1.3697943E-8,2.7395878E-8,-1.));
#2693=DIRECTION('center_axis',(0.422618249760308,-7.77890345062904E-9,-0.906307792623198));
#2694=DIRECTION('ref_axis',(-0.906307792623198,0.,-0.422618249760308));
#2695=DIRECTION('',(3.287504E-9,-1.,1.0116057E-8));
#2696=DIRECTION('',(-0.67154293423782,-0.671542934237816,-0.313145613014973));
#2697=DIRECTION('',(0.,1.,0.));
#2698=DIRECTION('',(0.671542942516696,-0.671542934237818,0.31314559526086));
#2699=DIRECTION('center_axis',(1.,-5.08004663228614E-15,0.));
#2700=DIRECTION('ref_axis',(0.,0.,-1.));
#2701=DIRECTION('',(0.,0.,1.));
#2702=DIRECTION('',(0.,-1.,0.));
#2703=DIRECTION('',(0.,0.,-1.));
#2704=DIRECTION('',(0.,1.,0.));
#2705=DIRECTION('center_axis',(1.,-4.65670941292887E-15,0.));
#2706=DIRECTION('ref_axis',(0.,0.,-1.));
#2707=DIRECTION('',(0.,0.,1.));
#2708=DIRECTION('',(0.,-1.,0.));
#2709=DIRECTION('',(0.,0.,-1.));
#2710=DIRECTION('',(0.,1.,0.));
#2711=DIRECTION('center_axis',(1.,0.,0.));
#2712=DIRECTION('ref_axis',(0.,0.,-1.));
#2713=DIRECTION('',(0.,0.,1.));
#2714=DIRECTION('',(0.,-1.,0.));
#2715=DIRECTION('',(0.,0.,-1.));
#2716=DIRECTION('',(0.,1.,2.220445E-13));
#2717=DIRECTION('center_axis',(1.,0.,0.));
#2718=DIRECTION('ref_axis',(0.,0.,-1.));
#2719=DIRECTION('',(0.,0.,1.));
#2720=DIRECTION('',(0.,-1.,0.));
#2721=DIRECTION('',(0.,0.,-1.));
#2722=DIRECTION('',(0.,1.,0.));
#2723=DIRECTION('center_axis',(-4.85108794644001E-15,2.14816278876615E-29,
1.));
#2724=DIRECTION('ref_axis',(1.,0.,4.85108794644001E-15));
#2725=DIRECTION('',(0.,-1.,0.));
#2726=DIRECTION('',(-0.707106781186547,-0.707106781186547,-3.49894322987024E-15));
#2727=DIRECTION('',(1.,0.,4.88019447411866E-15));
#2728=DIRECTION('',(4.23337218868401E-15,1.,0.));
#2729=DIRECTION('center_axis',(1.,0.,0.));
#2730=DIRECTION('ref_axis',(0.,0.,-1.));
#2731=DIRECTION('',(0.,0.,1.));
#2732=DIRECTION('',(0.,-1.,0.));
#2733=DIRECTION('',(0.,0.,-1.));
#2734=DIRECTION('',(0.,1.,0.));
#2735=DIRECTION('center_axis',(1.,-4.05080229105257E-15,0.));
#2736=DIRECTION('ref_axis',(0.,0.,-1.));
#2737=DIRECTION('',(0.,0.,1.));
#2738=DIRECTION('',(0.,-1.,0.));
#2739=DIRECTION('',(0.,0.,-1.));
#2740=DIRECTION('',(0.,1.,0.));
#2741=DIRECTION('center_axis',(0.422618261740697,0.,-0.906307787036651));
#2742=DIRECTION('ref_axis',(-0.906307787036651,0.,-0.422618261740697));
#2743=DIRECTION('',(0.,1.,0.));
#2744=DIRECTION('',(4.93125987123433E-6,-0.999999999985198,2.29948443985554E-6));
#2745=DIRECTION('',(-0.671542934237825,-0.671542934237811,-0.313145613014974));
#2746=DIRECTION('center_axis',(0.422618261740706,-5.3193840741371E-15,-0.906307787036647));
#2747=DIRECTION('ref_axis',(-0.906307787036647,0.,-0.422618261740706));
#2748=DIRECTION('',(0.,-1.,0.));
#2749=DIRECTION('',(8.10160458210513E-15,1.,-8.10160458210513E-15));
#2750=DIRECTION('',(0.671542934237814,-0.671542934237821,0.313145613014977));
#2751=DIRECTION('center_axis',(-1.,0.,1.67047951915739E-9));
#2752=DIRECTION('ref_axis',(1.67047951915739E-9,0.,1.));
#2753=DIRECTION('',(-1.67048E-9,-1.015387E-15,-1.));
#2754=DIRECTION('',(0.,-1.,0.));
#2755=DIRECTION('',(1.670479E-9,9.692333E-16,1.));
#2756=DIRECTION('',(0.,1.,0.));
#2757=DIRECTION('center_axis',(-1.,0.,1.67047951915738E-9));
#2758=DIRECTION('ref_axis',(1.67047951915738E-9,0.,1.));
#2759=DIRECTION('',(-1.670479E-9,-8.307714E-16,-1.));
#2760=DIRECTION('',(0.,-1.,0.));
#2761=DIRECTION('',(1.670479E-9,8.307714E-16,1.));
#2762=DIRECTION('',(0.,1.,0.));
#2763=DIRECTION('center_axis',(-0.422618261740697,1.69164331361843E-15,
-0.906307787036651));
#2764=DIRECTION('ref_axis',(-0.906307787036651,0.,0.422618261740697));
#2765=DIRECTION('',(0.,1.,0.));
#2766=DIRECTION('',(0.671542934237821,-0.671542934237814,-0.313145613014975));
#2767=DIRECTION('',(0.,-1.,0.));
#2768=DIRECTION('center_axis',(1.43186515713924E-15,-1.74955090207651E-30,
-1.));
#2769=DIRECTION('ref_axis',(-1.,0.,-1.43186515713924E-15));
#2770=DIRECTION('',(-1.35026743035084E-15,-1.,0.));
#2771=DIRECTION('',(-0.0060192322351624,-0.99998188425756,0.));
#2772=DIRECTION('',(0.478543074659831,-0.87806407835369,0.));
#2773=DIRECTION('',(0.,-1.,0.));
#2774=DIRECTION('',(-0.707106781981776,-0.707106780391319,-1.1663144276641E-15));
#2775=DIRECTION('',(-1.,-2.2620207323715E-10,-9.95284278526639E-16));
#2776=DIRECTION('',(2.55481591120542E-15,1.,-1.11078952661105E-15));
#2777=DIRECTION('',(1.,-1.9076282009409E-15,1.82468784437826E-15));
#2778=DIRECTION('',(0.70710678118655,-0.707106781186545,1.16631442372913E-15));
#2779=DIRECTION('center_axis',(0.707106781186549,0.707106781186546,1.0302443954618E-15));
#2780=DIRECTION('ref_axis',(1.45698559662095E-15,0.,-1.));
#2781=DIRECTION('',(-1.67047966452421E-9,1.67048119087587E-9,-1.));
#2782=DIRECTION('',(0.671542934237817,-0.671542934237817,-0.313145613014977));
#2783=DIRECTION('',(-2.7395878563709E-8,2.73958805063566E-8,-0.999999999999999));
#2784=DIRECTION('',(-0.671542934237816,0.671542934237818,-0.313145613014977));
#2785=DIRECTION('',(6.58849049884772E-16,6.58849049884772E-16,-1.));
#2786=DIRECTION('',(-0.707106781186547,0.707106781186547,-8.16420096610398E-15));
#2787=DIRECTION('',(-1.91489535555895E-15,9.57447677779477E-16,1.));
#2788=DIRECTION('',(0.707106781186546,-0.707106781186549,0.));
#2789=DIRECTION('center_axis',(0.707106781186547,-0.707106781186548,1.35403549117836E-15));
#2790=DIRECTION('ref_axis',(1.91489535555895E-15,0.,-1.));
#2791=DIRECTION('',(1.67047937379056E-9,1.67048126355928E-9,1.));
#2792=DIRECTION('',(-0.707106781186547,-0.707106781186547,0.));
#2793=DIRECTION('',(9.99075837682932E-16,4.16281599034555E-17,-1.));
#2794=DIRECTION('',(0.707106781186551,0.707106781186544,0.));
#2795=DIRECTION('',(9.88273574827157E-16,2.80010846201028E-15,1.));
#2796=DIRECTION('',(0.671542934237819,0.671542934237815,0.313145613014977));
#2797=DIRECTION('',(-1.94264760111024E-15,9.71323800555122E-16,1.));
#2798=DIRECTION('',(-0.671542934237821,-0.671542934237816,0.313145613014972));
#2799=DIRECTION('center_axis',(1.57840106300602E-15,1.,-2.37780049368537E-15));
#2800=DIRECTION('ref_axis',(0.,2.37780049368537E-15,1.));
#2801=DIRECTION('',(-1.,1.69745894555494E-15,0.));
#2802=DIRECTION('',(1.99815167536587E-15,-2.37280511449696E-15,-1.));
#2803=DIRECTION('',(-1.,1.53439659640899E-15,-1.99056855750355E-15));
#2804=DIRECTION('',(-1.74838271594513E-15,2.41276814800428E-15,1.));
#2805=DIRECTION('',(1.,-1.59574612963246E-15,1.4547323015873E-15));
#2806=DIRECTION('',(1.74838271594511E-15,-2.40402623442452E-15,-1.));
#2807=DIRECTION('center_axis',(-1.,1.33294743274089E-15,-1.07203103622709E-30));
#2808=DIRECTION('ref_axis',(-1.07203103622709E-30,0.,1.));
#2809=DIRECTION('',(0.,0.,-1.));
#2810=DIRECTION('',(0.,-1.,0.));
#2811=DIRECTION('',(0.,0.,1.));
#2812=DIRECTION('',(0.,1.,0.));
#2813=DIRECTION('center_axis',(0.,0.,1.));
#2814=DIRECTION('ref_axis',(1.,0.,0.));
#2815=DIRECTION('',(0.,1.,0.));
#2816=DIRECTION('',(-1.,4.66801210027606E-15,0.));
#2817=DIRECTION('',(0.707106781186548,-0.707106781186547,0.));
#2818=DIRECTION('',(-8.10160473434212E-15,-1.,0.));
#2819=DIRECTION('center_axis',(-0.422618261740697,0.,-0.906307787036651));
#2820=DIRECTION('ref_axis',(-0.906307787036651,0.,0.422618261740697));
#2821=DIRECTION('',(0.,-1.,0.));
#2822=DIRECTION('',(-0.671542934237821,-0.671542934237815,0.313145613014973));
#2823=DIRECTION('',(0.,1.,0.));
#2824=DIRECTION('center_axis',(-1.45115765423447E-15,6.05846587504296E-16,
1.));
#2825=DIRECTION('ref_axis',(-1.,1.40244602883299E-15,-1.45115765423448E-15));
#2826=DIRECTION('',(-2.73959145026888E-8,-1.21415473518318E-15,-1.));
#2827=DIRECTION('',(6.58849049884772E-16,-1.15298583729835E-15,-1.));
#2828=DIRECTION('center_axis',(8.40711001518981E-14,-7.71678121158981E-14,
1.));
#2829=DIRECTION('ref_axis',(-0.824960571877992,0.565190281981861,1.13130646325862E-13));
#2830=DIRECTION('',(-3.29424524942384E-15,1.56476649347632E-15,1.));
#2831=DIRECTION('',(0.,4.85661900277567E-16,1.));
#2832=DIRECTION('',(1.6704792284175E-9,-1.05715980640733E-9,1.));
#2833=DIRECTION('center_axis',(1.08815842498047E-14,7.07202708397535E-14,
1.));
#2834=DIRECTION('ref_axis',(9.34964019221989E-15,-1.,7.08235244560657E-14));
#2835=DIRECTION('',(0.,8.74191357972556E-16,1.));
#2836=DIRECTION('center_axis',(1.45473278133016E-15,-7.27365407769912E-16,
-1.));
#2837=DIRECTION('ref_axis',(-0.817995200909881,-0.575225044037899,-7.71565635018266E-16));
#2838=DIRECTION('',(-4.37095678986276E-16,-7.64917438225984E-16,-1.));
#2839=DIRECTION('center_axis',(9.37968361815251E-11,-6.29330193411568E-10,
1.));
#2840=DIRECTION('ref_axis',(-0.534759358288767,0.845004395682405,5.81945447146256E-10));
#2841=DIRECTION('',(-1.67048097285025E-9,-1.05716213229605E-9,-1.));
#2842=DIRECTION('center_axis',(1.,-5.08004663228614E-15,0.));
#2843=DIRECTION('ref_axis',(0.,0.,-1.));
#2844=DIRECTION('',(0.,0.,1.));
#2845=DIRECTION('',(0.,-1.,0.));
#2846=DIRECTION('',(0.,0.,-1.));
#2847=DIRECTION('',(0.,1.,0.));
#2848=DIRECTION('center_axis',(1.,-4.65670941292887E-15,0.));
#2849=DIRECTION('ref_axis',(0.,0.,-1.));
#2850=DIRECTION('',(0.,0.,1.));
#2851=DIRECTION('',(0.,-1.,0.));
#2852=DIRECTION('',(0.,0.,-1.));
#2853=DIRECTION('',(0.,1.,0.));
#2854=DIRECTION('center_axis',(1.,0.,0.));
#2855=DIRECTION('ref_axis',(0.,0.,-1.));
#2856=DIRECTION('',(0.,0.,1.));
#2857=DIRECTION('',(0.,-1.,0.));
#2858=DIRECTION('',(0.,0.,-1.));
#2859=DIRECTION('',(0.,1.,2.220445E-13));
#2860=DIRECTION('center_axis',(1.,0.,0.));
#2861=DIRECTION('ref_axis',(0.,0.,-1.));
#2862=DIRECTION('',(0.,0.,1.));
#2863=DIRECTION('',(0.,-1.,0.));
#2864=DIRECTION('',(0.,0.,-1.));
#2865=DIRECTION('',(0.,1.,0.));
#2866=DIRECTION('center_axis',(-4.85108794644001E-15,2.14816278876615E-29,
1.));
#2867=DIRECTION('ref_axis',(1.,0.,4.85108794644001E-15));
#2868=DIRECTION('',(0.,-1.,0.));
#2869=DIRECTION('',(-0.707106781186547,-0.707106781186547,-3.49894322987024E-15));
#2870=DIRECTION('',(1.,0.,4.88019447411866E-15));
#2871=DIRECTION('',(4.23337218868401E-15,1.,0.));
#2872=DIRECTION('center_axis',(1.,0.,0.));
#2873=DIRECTION('ref_axis',(0.,0.,-1.));
#2874=DIRECTION('',(0.,0.,1.));
#2875=DIRECTION('',(0.,-1.,0.));
#2876=DIRECTION('',(0.,0.,-1.));
#2877=DIRECTION('',(0.,1.,0.));
#2878=DIRECTION('center_axis',(1.,-4.05080229105257E-15,0.));
#2879=DIRECTION('ref_axis',(0.,0.,-1.));
#2880=DIRECTION('',(0.,0.,1.));
#2881=DIRECTION('',(0.,-1.,0.));
#2882=DIRECTION('',(0.,0.,-1.));
#2883=DIRECTION('',(0.,1.,0.));
#2884=DIRECTION('center_axis',(0.422618261740697,0.,-0.906307787036651));
#2885=DIRECTION('ref_axis',(-0.906307787036651,0.,-0.422618261740697));
#2886=DIRECTION('',(0.,1.,0.));
#2887=DIRECTION('',(4.93125987123433E-6,-0.999999999985198,2.29948443985554E-6));
#2888=DIRECTION('',(-0.671542934237825,-0.671542934237811,-0.313145613014974));
#2889=DIRECTION('center_axis',(0.422618261740706,-5.3193840741371E-15,-0.906307787036647));
#2890=DIRECTION('ref_axis',(-0.906307787036647,0.,-0.422618261740706));
#2891=DIRECTION('',(0.,-1.,0.));
#2892=DIRECTION('',(8.10160458210513E-15,1.,-8.10160458210513E-15));
#2893=DIRECTION('',(0.671542934237814,-0.671542934237821,0.313145613014977));
#2894=DIRECTION('center_axis',(-1.,0.,1.67047951915739E-9));
#2895=DIRECTION('ref_axis',(1.67047951915739E-9,0.,1.));
#2896=DIRECTION('',(-1.67048E-9,-1.015387E-15,-1.));
#2897=DIRECTION('',(0.,-1.,0.));
#2898=DIRECTION('',(1.670479E-9,9.692333E-16,1.));
#2899=DIRECTION('',(0.,1.,0.));
#2900=DIRECTION('center_axis',(-1.,0.,1.67047951915738E-9));
#2901=DIRECTION('ref_axis',(1.67047951915738E-9,0.,1.));
#2902=DIRECTION('',(-1.670479E-9,-8.307714E-16,-1.));
#2903=DIRECTION('',(0.,-1.,0.));
#2904=DIRECTION('',(1.670479E-9,8.307714E-16,1.));
#2905=DIRECTION('',(0.,1.,0.));
#2906=DIRECTION('center_axis',(-0.422618261740697,1.69164331361843E-15,
-0.906307787036651));
#2907=DIRECTION('ref_axis',(-0.906307787036651,0.,0.422618261740697));
#2908=DIRECTION('',(0.,1.,0.));
#2909=DIRECTION('',(0.671542934237821,-0.671542934237814,-0.313145613014975));
#2910=DIRECTION('',(0.,-1.,0.));
#2911=DIRECTION('center_axis',(1.43186515713924E-15,-1.74955090207651E-30,
-1.));
#2912=DIRECTION('ref_axis',(-1.,0.,-1.43186515713924E-15));
#2913=DIRECTION('',(-1.35026743035084E-15,-1.,0.));
#2914=DIRECTION('',(-0.0060192322351624,-0.99998188425756,0.));
#2915=DIRECTION('',(0.478543074659831,-0.87806407835369,0.));
#2916=DIRECTION('',(0.,-1.,0.));
#2917=DIRECTION('',(-0.707106781981776,-0.707106780391319,-1.1663144276641E-15));
#2918=DIRECTION('',(-1.,-2.2620207323715E-10,-9.95284278526639E-16));
#2919=DIRECTION('',(2.55481591120542E-15,1.,-1.11078952661105E-15));
#2920=DIRECTION('',(1.,-1.9076282009409E-15,1.82468784437826E-15));
#2921=DIRECTION('',(0.70710678118655,-0.707106781186545,1.16631442372913E-15));
#2922=DIRECTION('center_axis',(0.707106781186549,0.707106781186546,1.0302443954618E-15));
#2923=DIRECTION('ref_axis',(1.45698559662095E-15,0.,-1.));
#2924=DIRECTION('',(-1.67047966452421E-9,1.67048119087587E-9,-1.));
#2925=DIRECTION('',(0.671542934237817,-0.671542934237817,-0.313145613014977));
#2926=DIRECTION('',(-2.7395878563709E-8,2.73958805063566E-8,-0.999999999999999));
#2927=DIRECTION('',(-0.671542934237816,0.671542934237818,-0.313145613014977));
#2928=DIRECTION('',(6.58849049884772E-16,6.58849049884772E-16,-1.));
#2929=DIRECTION('',(-0.707106781186547,0.707106781186547,-8.16420096610398E-15));
#2930=DIRECTION('',(-1.91489535555895E-15,9.57447677779477E-16,1.));
#2931=DIRECTION('',(0.707106781186546,-0.707106781186549,0.));
#2932=DIRECTION('center_axis',(0.707106781186547,-0.707106781186548,1.35403549117836E-15));
#2933=DIRECTION('ref_axis',(1.91489535555895E-15,0.,-1.));
#2934=DIRECTION('',(1.67047937379056E-9,1.67048126355928E-9,1.));
#2935=DIRECTION('',(-0.707106781186547,-0.707106781186547,0.));
#2936=DIRECTION('',(9.99075837682932E-16,4.16281599034555E-17,-1.));
#2937=DIRECTION('',(0.707106781186551,0.707106781186544,0.));
#2938=DIRECTION('',(9.88273574827157E-16,2.80010846201028E-15,1.));
#2939=DIRECTION('',(0.671542934237819,0.671542934237815,0.313145613014977));
#2940=DIRECTION('',(-1.94264760111024E-15,9.71323800555122E-16,1.));
#2941=DIRECTION('',(-0.671542934237821,-0.671542934237816,0.313145613014972));
#2942=DIRECTION('center_axis',(-1.57840106300602E-15,-1.,2.37780049368537E-15));
#2943=DIRECTION('ref_axis',(0.,-2.37780049368537E-15,-1.));
#2944=DIRECTION('',(1.,-1.57586677433384E-15,1.8246878439655E-15));
#2945=DIRECTION('',(-9.99075837682932E-16,2.37280511449696E-15,1.));
#2946=DIRECTION('',(1.,-1.48527657907959E-15,0.));
#2947=DIRECTION('',(-1.74838271594511E-15,2.40402623442453E-15,1.));
#2948=DIRECTION('',(-1.,1.59574612963246E-15,-1.38760533011518E-15));
#2949=DIRECTION('',(8.39223703653661E-16,-2.41276814800428E-15,-1.));
#2950=DIRECTION('center_axis',(1.57840106300602E-15,1.,-2.37780049368537E-15));
#2951=DIRECTION('ref_axis',(0.,2.37780049368537E-15,1.));
#2952=DIRECTION('',(-1.,1.69745894555494E-15,0.));
#2953=DIRECTION('',(1.99815167536587E-15,-2.37280511449696E-15,-1.));
#2954=DIRECTION('',(-1.,1.53439659640899E-15,-1.99056855750355E-15));
#2955=DIRECTION('',(-1.74838271594513E-15,2.41276814800428E-15,1.));
#2956=DIRECTION('',(1.,-1.59574612963246E-15,1.4547323015873E-15));
#2957=DIRECTION('',(1.74838271594511E-15,-2.40402623442452E-15,-1.));
#2958=DIRECTION('center_axis',(-1.,1.33294743274089E-15,-1.07203103622709E-30));
#2959=DIRECTION('ref_axis',(-1.07203103622709E-30,0.,1.));
#2960=DIRECTION('',(0.,0.,-1.));
#2961=DIRECTION('',(0.,-1.,0.));
#2962=DIRECTION('',(0.,0.,1.));
#2963=DIRECTION('',(0.,1.,0.));
#2964=DIRECTION('center_axis',(0.,0.,1.));
#2965=DIRECTION('ref_axis',(1.,0.,0.));
#2966=DIRECTION('',(0.,1.,0.));
#2967=DIRECTION('',(-1.,4.66801210027606E-15,0.));
#2968=DIRECTION('',(0.707106781186548,-0.707106781186547,0.));
#2969=DIRECTION('',(-8.10160473434212E-15,-1.,0.));
#2970=DIRECTION('center_axis',(-0.422618261740697,0.,-0.906307787036651));
#2971=DIRECTION('ref_axis',(-0.906307787036651,0.,0.422618261740697));
#2972=DIRECTION('',(0.,-1.,0.));
#2973=DIRECTION('',(-0.671542934237821,-0.671542934237815,0.313145613014973));
#2974=DIRECTION('',(0.,1.,0.));
#2975=DIRECTION('center_axis',(-1.45115765423447E-15,6.05846587504296E-16,
1.));
#2976=DIRECTION('ref_axis',(-1.,1.40244602883299E-15,-1.45115765423448E-15));
#2977=DIRECTION('',(-2.73959145026888E-8,-1.21415473518318E-15,-1.));
#2978=DIRECTION('',(6.58849049884772E-16,-1.15298583729835E-15,-1.));
#2979=DIRECTION('center_axis',(8.40711001518981E-14,-7.71678121158981E-14,
1.));
#2980=DIRECTION('ref_axis',(-0.824960571877992,0.565190281981861,1.13130646325862E-13));
#2981=DIRECTION('',(-3.29424524942384E-15,1.56476649347632E-15,1.));
#2982=DIRECTION('',(0.,4.85661900277567E-16,1.));
#2983=DIRECTION('',(1.6704792284175E-9,-1.05715980640733E-9,1.));
#2984=DIRECTION('center_axis',(1.08815842498047E-14,7.07202708397535E-14,
1.));
#2985=DIRECTION('ref_axis',(9.34964019221989E-15,-1.,7.08235244560657E-14));
#2986=DIRECTION('',(0.,8.74191357972556E-16,1.));
#2987=DIRECTION('center_axis',(1.45473278133016E-15,-7.27365407769912E-16,
-1.));
#2988=DIRECTION('ref_axis',(-0.817995200909881,-0.575225044037899,-7.71565635018266E-16));
#2989=DIRECTION('',(-4.37095678986276E-16,-7.64917438225984E-16,-1.));
#2990=DIRECTION('center_axis',(9.37968361815251E-11,-6.29330193411568E-10,
1.));
#2991=DIRECTION('ref_axis',(-0.534759358288767,0.845004395682405,5.81945447146256E-10));
#2992=DIRECTION('',(-1.67048097285025E-9,-1.05716213229605E-9,-1.));
#2993=DIRECTION('center_axis',(-0.4226182617407,2.42449181368235E-15,0.90630778703665));
#2994=DIRECTION('ref_axis',(0.90630778703665,0.,0.4226182617407));
#2995=DIRECTION('',(2.21292109122314E-15,1.,-2.21292109122314E-15));
#2996=DIRECTION('center_axis',(-0.422618261740699,0.,-0.90630778703665));
#2997=DIRECTION('ref_axis',(-0.90630778703665,0.,0.422618261740699));
#2998=DIRECTION('center_axis',(-0.422618261740699,0.,-0.90630778703665));
#2999=DIRECTION('ref_axis',(0.90630778554452,5.73826390930741E-5,-0.422618261044907));
#3000=DIRECTION('',(0.,-1.,0.));
#3001=DIRECTION('center_axis',(1.45473261904762E-15,-7.2736620076239E-16,
-1.));
#3002=DIRECTION('ref_axis',(-1.,0.,-1.45473261904762E-15));
#3003=DIRECTION('',(0.,-1.,7.27366200762391E-16));
#3004=DIRECTION('',(-1.,1.59574612963246E-15,-1.4547326984127E-15));
#3005=DIRECTION('',(1.11078952728407E-15,1.,-7.27365946632783E-16));
#3006=DIRECTION('',(1.,-1.59574612963246E-15,1.45473253968254E-15));
#3007=DIRECTION('',(-1.27001165807151E-15,-1.,7.27366200762389E-16));
#3008=DIRECTION('',(-0.71033702687325,-0.703861711029142,-5.2138522452226E-16));
#3009=DIRECTION('center_axis',(1.45473261904762E-15,-7.2736620076239E-16,
-1.));
#3010=DIRECTION('ref_axis',(-1.,0.,-1.45473261904762E-15));
#3011=DIRECTION('',(0.,-1.,7.27366200762391E-16));
#3012=DIRECTION('',(-1.,1.59574612963246E-15,-1.4547326984127E-15));
#3013=DIRECTION('',(1.11078952728407E-15,1.,-7.27365946632783E-16));
#3014=DIRECTION('',(1.,-1.59574612963246E-15,1.45473253968254E-15));
#3015=DIRECTION('',(-1.27001165807151E-15,-1.,7.27366200762389E-16));
#3016=DIRECTION('',(-0.71033702687325,-0.703861711029142,-5.2138522452226E-16));
#3017=DIRECTION('center_axis',(-1.57840106300602E-15,-1.,2.37780049368537E-15));
#3018=DIRECTION('ref_axis',(0.,-2.37780049368537E-15,-1.));
#3019=DIRECTION('',(1.,-1.57586677433384E-15,1.8246878439655E-15));
#3020=DIRECTION('',(-9.99075837682932E-16,2.37280511449696E-15,1.));
#3021=DIRECTION('',(1.,-1.48527657907959E-15,0.));
#3022=DIRECTION('',(-1.74838271594511E-15,2.40402623442453E-15,1.));
#3023=DIRECTION('',(-1.,1.59574612963246E-15,-1.38760533011518E-15));
#3024=DIRECTION('',(8.39223703653661E-16,-2.41276814800428E-15,-1.));
#3025=CARTESIAN_POINT('',(0.,0.,0.));
#3026=CARTESIAN_POINT('Origin',(-0.0500000007450583,6.55643518479423E-17,
-1.2515));
#3027=CARTESIAN_POINT('',(0.529999998509883,-0.287500001728536,-1.2515));
#3028=CARTESIAN_POINT('',(0.426928932426553,-0.390571067811866,-1.2515));
#3029=CARTESIAN_POINT('',(0.529999998509883,-0.287500001728536,-1.2515));
#3030=CARTESIAN_POINT('',(0.419857864614688,-0.393500000000001,-1.2515));
#3031=CARTESIAN_POINT('Origin',(0.419857864614687,-0.3835,-1.2515));
#3032=CARTESIAN_POINT('',(-0.630000000000001,-0.393499999999999,-1.2515));
#3033=CARTESIAN_POINT('',(0.419857864614688,-0.393500000000001,-1.2515));
#3034=CARTESIAN_POINT('',(-0.629999999999999,0.393500000000001,-1.2515));
#3035=CARTESIAN_POINT('',(-0.630000000000001,-0.393499999999999,-1.2515));
#3036=CARTESIAN_POINT('',(0.419857864376269,0.393500000000001,-1.2515));
#3037=CARTESIAN_POINT('',(-0.629999999999999,0.393500000000001,-1.2515));
#3038=CARTESIAN_POINT('',(0.426928932188134,0.390571067811865,-1.2515));
#3039=CARTESIAN_POINT('Origin',(0.419857864376269,0.3835,-1.2515));
#3040=CARTESIAN_POINT('',(0.529999998509884,0.287500001490116,-1.2515));
#3041=CARTESIAN_POINT('',(0.426928932188134,0.390571067811865,-1.2515));
#3042=CARTESIAN_POINT('',(0.529999998509884,0.158015821049592,-1.2515));
#3043=CARTESIAN_POINT('',(0.529999998509884,0.287500001490116,-1.2515));
#3044=CARTESIAN_POINT('',(0.529999998509884,-0.158015821049593,-1.2515));
#3045=CARTESIAN_POINT('Origin',(0.63,-8.74191357972564E-16,-1.2515));
#3046=CARTESIAN_POINT('',(0.529999998509884,-0.158015821049593,-1.2515));
#3047=CARTESIAN_POINT('Origin',(5.24514814783538E-16,3.01596018500535E-15,
-3.7011156E-16));
#3048=CARTESIAN_POINT('',(0.497771031918115,0.132228968081885,2.57833006760663E-16));
#3049=CARTESIAN_POINT('',(0.489198665794702,0.123060896656934,2.52031056718915E-16));
#3050=CARTESIAN_POINT('Origin',(0.629999999999998,5.293591E-17,5.463696E-16));
#3051=CARTESIAN_POINT('Ctrl Pts',(0.489198665794702,0.123060896656934,2.52030969462362E-16));
#3052=CARTESIAN_POINT('Ctrl Pts',(0.492000890781891,0.126164898585483,2.53849711467208E-16));
#3053=CARTESIAN_POINT('Ctrl Pts',(0.494885961350003,0.129196933333684,2.55841318135516E-16));
#3054=CARTESIAN_POINT('Ctrl Pts',(0.497771031918115,0.132228968081885,2.57832924803824E-16));
#3055=CARTESIAN_POINT('Origin',(5.24514814783538E-16,3.01596018500535E-15,
-3.7011156E-16));
#3056=CARTESIAN_POINT('',(0.507282958906956,0.141101126237067,2.65217003369862E-16));
#3057=CARTESIAN_POINT('',(0.499240845860658,0.133682622688083,2.58913852909905E-16));
#3058=CARTESIAN_POINT('Origin',(0.629999999999998,5.293591E-17,5.463696E-16));
#3059=CARTESIAN_POINT('Ctrl Pts',(0.499240845860665,0.133682622688089,2.58913771861847E-16));
#3060=CARTESIAN_POINT('Ctrl Pts',(0.501904634551964,0.136175206191587,2.60975851168307E-16));
#3061=CARTESIAN_POINT('Ctrl Pts',(0.504568735240952,0.138667425438574,2.63038649295858E-16));
#3062=CARTESIAN_POINT('Ctrl Pts',(0.507282958906956,0.141101126237067,2.65216927294593E-16));
#3063=CARTESIAN_POINT('Origin',(5.24514814783538E-16,3.01596018500535E-15,
-3.7011156E-16));
#3064=CARTESIAN_POINT('',(0.63,0.187,5.463696E-16));
#3065=CARTESIAN_POINT('',(0.619184208254141,0.18668695361195,3.94845741603666E-16));
#3066=CARTESIAN_POINT('Origin',(0.629999999999998,5.293591E-17,5.463696E-16));
#3067=CARTESIAN_POINT('Ctrl Pts',(0.619184208254141,0.18668695361195,3.94845734765846E-16));
#3068=CARTESIAN_POINT('Ctrl Pts',(0.622786228659346,0.186844763089625,3.99970926063551E-16));
#3069=CARTESIAN_POINT('Ctrl Pts',(0.626393114329673,0.186922381544813,4.05161523260493E-16));
#3070=CARTESIAN_POINT('Ctrl Pts',(0.630000000000001,0.187,4.10352120457435E-16));
#3071=CARTESIAN_POINT('Origin',(5.24514814783538E-16,3.01596018500535E-15,
-3.7011156E-16));
#3072=CARTESIAN_POINT('',(0.609454719039133,-0.185867940834989,6.5167578016421E-16));
#3073=CARTESIAN_POINT('',(0.63,-0.187,5.463696E-16));
#3074=CARTESIAN_POINT('Origin',(0.629999999999998,5.293591E-17,5.463696E-16));
#3075=CARTESIAN_POINT('Ctrl Pts',(0.63,-0.187,6.82387079542568E-16));
#3076=CARTESIAN_POINT('Ctrl Pts',(0.623138625956262,-0.186728903227796,
6.72208428280419E-16));
#3077=CARTESIAN_POINT('Ctrl Pts',(0.616277251912525,-0.186457806455593,
6.62029777018271E-16));
#3078=CARTESIAN_POINT('Ctrl Pts',(0.609454719039162,-0.185867940834992,
6.51675767587448E-16));
#3079=CARTESIAN_POINT('Ctrl Pts',(0.63,-0.187,6.82387079542568E-16));
#3080=CARTESIAN_POINT('Ctrl Pts',(0.63,-0.187,0.00150000000000068));
#3081=CARTESIAN_POINT('Ctrl Pts',(0.619568883039948,-0.186587860664595,
6.66912817225101E-16));
#3082=CARTESIAN_POINT('Ctrl Pts',(0.619568883039948,-0.186587860664595,
0.00150000000000067));
#3083=CARTESIAN_POINT('Ctrl Pts',(0.609137766079896,-0.186175721329191,
6.51438554907634E-16));
#3084=CARTESIAN_POINT('Ctrl Pts',(0.609137766079896,-0.186175721329191,
0.00150000000000065));
#3085=CARTESIAN_POINT('Ctrl Pts',(0.598843123605718,-0.184643538125934,
6.3534814442359E-16));
#3086=CARTESIAN_POINT('Ctrl Pts',(0.598843123605718,-0.184643538125934,
0.00150000000000064));
#3087=CARTESIAN_POINT('Ctrl Pts',(0.593753438229497,-0.183886024646193,
6.27393023384326E-16));
#3088=CARTESIAN_POINT('Ctrl Pts',(0.593753438229497,-0.183886024646193,
0.00150000000000063));
#3089=CARTESIAN_POINT('Ctrl Pts',(0.588697111682776,-0.182854735799711,
6.19287295574101E-16));
#3090=CARTESIAN_POINT('Ctrl Pts',(0.588697111682776,-0.182854735799711,
0.00150000000000062));
#3091=CARTESIAN_POINT('Ctrl Pts',(0.583693072857156,-0.181624172616504,
6.11112687000123E-16));
#3092=CARTESIAN_POINT('Ctrl Pts',(0.583693072857156,-0.181624172616504,
0.00150000000000061));
#3093=CARTESIAN_POINT('Ctrl Pts',(0.578697993631531,-0.180395812724333,
6.02952714847942E-16));
#3094=CARTESIAN_POINT('Ctrl Pts',(0.578697993631531,-0.180395812724333,
0.0015000000000006));
#3095=CARTESIAN_POINT('Ctrl Pts',(0.57375501505505,-0.178968891447529,5.94724108369585E-16));
#3096=CARTESIAN_POINT('Ctrl Pts',(0.57375501505505,-0.178968891447529,0.00150000000000059));
#3097=CARTESIAN_POINT('Ctrl Pts',(0.568885379862331,-0.177320797254896,
5.86441323200481E-16));
#3098=CARTESIAN_POINT('Ctrl Pts',(0.568885379862331,-0.177320797254896,
0.00150000000000059));
#3099=CARTESIAN_POINT('Ctrl Pts',(0.563952097793608,-0.175651162219351,
5.78050280763683E-16));
#3100=CARTESIAN_POINT('Ctrl Pts',(0.563952097793608,-0.175651162219351,
0.00150000000000058));
#3101=CARTESIAN_POINT('Ctrl Pts',(0.559094088856281,-0.173754534957646,
5.69603634133319E-16));
#3102=CARTESIAN_POINT('Ctrl Pts',(0.559094088856281,-0.173754534957646,
0.00150000000000057));
#3103=CARTESIAN_POINT('Ctrl Pts',(0.554331691391882,-0.17164335029288,5.6114001482827E-16));
#3104=CARTESIAN_POINT('Ctrl Pts',(0.554331691391882,-0.17164335029288,0.00150000000000056));
#3105=CARTESIAN_POINT('Ctrl Pts',(0.549436788258219,-0.169473425479053,
5.5244090960488E-16));
#3106=CARTESIAN_POINT('Ctrl Pts',(0.549436788258219,-0.169473425479053,
0.00150000000000055));
#3107=CARTESIAN_POINT('Ctrl Pts',(0.544642891069467,-0.167076837770389,
5.43723874095596E-16));
#3108=CARTESIAN_POINT('Ctrl Pts',(0.544642891069467,-0.167076837770389,
0.00150000000000054));
#3109=CARTESIAN_POINT('Ctrl Pts',(0.539968365978959,-0.164466495760668,
5.35025015417576E-16));
#3110=CARTESIAN_POINT('Ctrl Pts',(0.539968365978959,-0.164466495760668,
0.00150000000000053));
#3111=CARTESIAN_POINT('Ctrl Pts',(0.535097095978824,-0.161746287723306,
5.25960032666773E-16));
#3112=CARTESIAN_POINT('Ctrl Pts',(0.535097095978824,-0.161746287723306,
0.00150000000000053));
#3113=CARTESIAN_POINT('Ctrl Pts',(0.530355457984534,-0.15879395342519,5.16914789026962E-16));
#3114=CARTESIAN_POINT('Ctrl Pts',(0.530355457984534,-0.15879395342519,0.00150000000000052));
#3115=CARTESIAN_POINT('Ctrl Pts',(0.525757773027698,-0.155633030433059,
5.07927238200459E-16));
#3116=CARTESIAN_POINT('Ctrl Pts',(0.525757773027698,-0.155633030433059,
0.00150000000000051));
#3117=CARTESIAN_POINT('Ctrl Pts',(0.520904771089189,-0.152296576206138,
4.98440593945156E-16));
#3118=CARTESIAN_POINT('Ctrl Pts',(0.520904771089189,-0.152296576206138,
0.0015000000000005));
#3119=CARTESIAN_POINT('Ctrl Pts',(0.51621215400142,-0.148727723502971,4.89018227967094E-16));
#3120=CARTESIAN_POINT('Ctrl Pts',(0.51621215400142,-0.148727723502971,0.00150000000000049));
#3121=CARTESIAN_POINT('Ctrl Pts',(0.51168794440357,-0.144957410895873,4.79694314732982E-16));
#3122=CARTESIAN_POINT('Ctrl Pts',(0.51168794440357,-0.144957410895873,0.00150000000000048));
#3123=CARTESIAN_POINT('Ctrl Pts',(0.50685676704367,-0.140931282461016,4.69737773695688E-16));
#3124=CARTESIAN_POINT('Ctrl Pts',(0.50685676704367,-0.140931282461016,0.00150000000000047));
#3125=CARTESIAN_POINT('Ctrl Pts',(0.502217625365777,-0.136675428554525,
4.59893498685511E-16));
#3126=CARTESIAN_POINT('Ctrl Pts',(0.502217625365777,-0.136675428554525,
0.00150000000000046));
#3127=CARTESIAN_POINT('Ctrl Pts',(0.497771031918114,-0.132228968081885,
4.50190689092727E-16));
#3128=CARTESIAN_POINT('Ctrl Pts',(0.497771031918114,-0.132228968081885,
0.00150000000000045));
#3129=CARTESIAN_POINT('Ctrl Pts',(0.494369794995604,-0.128827832873094,
4.42768928001344E-16));
#3130=CARTESIAN_POINT('Ctrl Pts',(0.494369794995604,-0.128827832873094,
0.00150000000000044));
#3131=CARTESIAN_POINT('Ctrl Pts',(0.491081215143593,-0.125315176632222,
4.35429936195774E-16));
#3132=CARTESIAN_POINT('Ctrl Pts',(0.491081215143593,-0.125315176632222,
0.00150000000000044));
#3133=CARTESIAN_POINT('Ctrl Pts',(0.487921034332225,-0.121689111265163,
4.28195240697635E-16));
#3134=CARTESIAN_POINT('Ctrl Pts',(0.487921034332225,-0.121689111265163,
0.00150000000000043));
#3135=CARTESIAN_POINT('Ctrl Pts',(0.483856462381674,-0.117025326354884,
4.1889009578734E-16));
#3136=CARTESIAN_POINT('Ctrl Pts',(0.483856462381674,-0.117025326354884,
0.00150000000000042));
#3137=CARTESIAN_POINT('Ctrl Pts',(0.480004296806024,-0.112173932399761,
4.09757484880929E-16));
#3138=CARTESIAN_POINT('Ctrl Pts',(0.480004296806024,-0.112173932399761,
0.00150000000000041));
#3139=CARTESIAN_POINT('Ctrl Pts',(0.476402316291782,-0.107142961289607,
4.00858207991151E-16));
#3140=CARTESIAN_POINT('Ctrl Pts',(0.476402316291782,-0.107142961289607,
0.0015000000000004));
#3141=CARTESIAN_POINT('Ctrl Pts',(0.472853678689291,-0.10218649548199,3.92090723413932E-16));
#3142=CARTESIAN_POINT('Ctrl Pts',(0.472853678689291,-0.10218649548199,0.00150000000000039));
#3143=CARTESIAN_POINT('Ctrl Pts',(0.469547870872455,-0.0970557319692308,
3.83549712987193E-16));
#3144=CARTESIAN_POINT('Ctrl Pts',(0.469547870872455,-0.0970557319692308,
0.00150000000000038));
#3145=CARTESIAN_POINT('Ctrl Pts',(0.466515793363164,-0.091767439887503,
3.75292326010938E-16));
#3146=CARTESIAN_POINT('Ctrl Pts',(0.466515793363164,-0.091767439887503,
0.00150000000000038));
#3147=CARTESIAN_POINT('Ctrl Pts',(0.463491254429343,-0.0864922959488697,
3.67055469161211E-16));
#3148=CARTESIAN_POINT('Ctrl Pts',(0.463491254429343,-0.0864922959488697,
0.00150000000000037));
#3149=CARTESIAN_POINT('Ctrl Pts',(0.460739086358053,-0.081060405785866,
3.59100827183982E-16));
#3150=CARTESIAN_POINT('Ctrl Pts',(0.460739086358053,-0.081060405785866,
0.00150000000000036));
#3151=CARTESIAN_POINT('Ctrl Pts',(0.458281412905664,-0.0754982831431999,
3.51479869431053E-16));
#3152=CARTESIAN_POINT('Ctrl Pts',(0.458281412905664,-0.0754982831431999,
0.00150000000000035));
#3153=CARTESIAN_POINT('Ctrl Pts',(0.455796992128826,-0.0698756268691018,
3.43775971355264E-16));
#3154=CARTESIAN_POINT('Ctrl Pts',(0.455796992128826,-0.0698756268691018,
0.00150000000000034));
#3155=CARTESIAN_POINT('Ctrl Pts',(0.453613510933089,-0.0641198880007561,
3.36413060123499E-16));
#3156=CARTESIAN_POINT('Ctrl Pts',(0.453613510933089,-0.0641198880007561,
0.00150000000000034));
#3157=CARTESIAN_POINT('Ctrl Pts',(0.45174051530574,-0.0582650699727641,
3.29429755543885E-16));
#3158=CARTESIAN_POINT('Ctrl Pts',(0.45174051530574,-0.0582650699727641,
0.00150000000000033));
#3159=CARTESIAN_POINT('Ctrl Pts',(0.449821134918907,-0.0522652573051224,
3.2227350934145E-16));
#3160=CARTESIAN_POINT('Ctrl Pts',(0.449821134918907,-0.0522652573051224,
0.00150000000000032));
#3161=CARTESIAN_POINT('Ctrl Pts',(0.448227808880822,-0.046161397318822,
3.1551590453285E-16));
#3162=CARTESIAN_POINT('Ctrl Pts',(0.448227808880822,-0.046161397318822,
0.00150000000000032));
#3163=CARTESIAN_POINT('Ctrl Pts',(0.446955292309593,-0.039991984130548,
3.09177310536716E-16));
#3164=CARTESIAN_POINT('Ctrl Pts',(0.446955292309593,-0.039991984130548,
0.00150000000000031));
#3165=CARTESIAN_POINT('Ctrl Pts',(0.44563380657324,-0.0335851586995087,
3.02594793857714E-16));
#3166=CARTESIAN_POINT('Ctrl Pts',(0.44563380657324,-0.0335851586995087,
0.0015000000000003));
#3167=CARTESIAN_POINT('Ctrl Pts',(0.444658296254366,-0.0271076377349421,
2.96464157362275E-16));
#3168=CARTESIAN_POINT('Ctrl Pts',(0.444658296254366,-0.0271076377349421,
0.0015000000000003));
#3169=CARTESIAN_POINT('Ctrl Pts',(0.444007999999998,-0.0205985047377559,
2.90783626850581E-16));
#3170=CARTESIAN_POINT('Ctrl Pts',(0.444007999999998,-0.0205985047377559,
0.00150000000000029));
#3171=CARTESIAN_POINT('Ctrl Pts',(0.443324320714666,-0.0137552246700131,
2.84811485669615E-16));
#3172=CARTESIAN_POINT('Ctrl Pts',(0.443324320714666,-0.0137552246700131,
0.00150000000000028));
#3173=CARTESIAN_POINT('Ctrl Pts',(0.443000102329183,-0.00687700364819834,
2.79336849115915E-16));
#3174=CARTESIAN_POINT('Ctrl Pts',(0.443000102329183,-0.00687700364819834,
0.00150000000000028));
#3175=CARTESIAN_POINT('Ctrl Pts',(0.442999999999998,1.31128703695885E-16,
2.74334600238093E-16));
#3176=CARTESIAN_POINT('Ctrl Pts',(0.442999999999998,1.31128703695885E-16,
0.00150000000000027));
#3177=CARTESIAN_POINT('Ctrl Pts',(0.442999914159691,0.00576887330642754,
2.70138391903823E-16));
#3178=CARTESIAN_POINT('Ctrl Pts',(0.442999914159691,0.00576887330642754,
0.00150000000000027));
#3179=CARTESIAN_POINT('Ctrl Pts',(0.443227906657079,0.0115368899550456,
2.66274599671031E-16));
#3180=CARTESIAN_POINT('Ctrl Pts',(0.443227906657079,0.0115368899550456,
0.00150000000000027));
#3181=CARTESIAN_POINT('Ctrl Pts',(0.443705155646289,0.0172856514341171,
2.62787414546922E-16));
#3182=CARTESIAN_POINT('Ctrl Pts',(0.443705155646289,0.0172856514341171,
0.00150000000000026));
#3183=CARTESIAN_POINT('Ctrl Pts',(0.444240970691121,0.0237398775493611,
2.58872296242108E-16));
#3184=CARTESIAN_POINT('Ctrl Pts',(0.444240970691121,0.0237398775493611,
0.00150000000000026));
#3185=CARTESIAN_POINT('Ctrl Pts',(0.445090971317837,0.0301698326953557,
2.5543188783439E-16));
#3186=CARTESIAN_POINT('Ctrl Pts',(0.445090971317837,0.0301698326953557,
0.00150000000000026));
#3187=CARTESIAN_POINT('Ctrl Pts',(0.446277372618659,0.036537594708002,2.52526089643478E-16));
#3188=CARTESIAN_POINT('Ctrl Pts',(0.446277372618659,0.036537594708002,0.00150000000000025));
#3189=CARTESIAN_POINT('Ctrl Pts',(0.447420079574317,0.042670836418699,2.49727310004418E-16));
#3190=CARTESIAN_POINT('Ctrl Pts',(0.447420079574317,0.042670836418699,0.00150000000000025));
#3191=CARTESIAN_POINT('Ctrl Pts',(0.44887486468577,0.0487463816981682,2.47424487072267E-16));
#3192=CARTESIAN_POINT('Ctrl Pts',(0.44887486468577,0.0487463816981682,0.00150000000000025));
#3193=CARTESIAN_POINT('Ctrl Pts',(0.450649852660698,0.054727118091836,2.45656434469389E-16));
#3194=CARTESIAN_POINT('Ctrl Pts',(0.450649852660698,0.054727118091836,0.00150000000000025));
#3195=CARTESIAN_POINT('Ctrl Pts',(0.452381773473862,0.0605627417605857,
2.43931280752888E-16));
#3196=CARTESIAN_POINT('Ctrl Pts',(0.452381773473862,0.0605627417605857,
0.00150000000000024));
#3197=CARTESIAN_POINT('Ctrl Pts',(0.454418547266319,0.066308101491698,2.42715261546764E-16));
#3198=CARTESIAN_POINT('Ctrl Pts',(0.454418547266319,0.066308101491698,0.00150000000000024));
#3199=CARTESIAN_POINT('Ctrl Pts',(0.45675260377492,0.071930506083333,2.4202114261756E-16));
#3200=CARTESIAN_POINT('Ctrl Pts',(0.45675260377492,0.071930506083333,0.00150000000000024));
#3201=CARTESIAN_POINT('Ctrl Pts',(0.459060940856227,0.0774909562940082,
2.41334672321227E-16));
#3202=CARTESIAN_POINT('Ctrl Pts',(0.459060940856227,0.0774909562940082,
0.00150000000000024));
#3203=CARTESIAN_POINT('Ctrl Pts',(0.46166004511722,0.0829311461693457,2.41158663828948E-16));
#3204=CARTESIAN_POINT('Ctrl Pts',(0.46166004511722,0.0829311461693457,0.00150000000000024));
#3205=CARTESIAN_POINT('Ctrl Pts',(0.46453532993441,0.088219353977916,2.41494970819006E-16));
#3206=CARTESIAN_POINT('Ctrl Pts',(0.46453532993441,0.088219353977916,0.00150000000000024));
#3207=CARTESIAN_POINT('Ctrl Pts',(0.467417187022876,0.0935196494711807,
2.41832046533176E-16));
#3208=CARTESIAN_POINT('Ctrl Pts',(0.467417187022876,0.0935196494711807,
0.00150000000000024));
#3209=CARTESIAN_POINT('Ctrl Pts',(0.470576488687037,0.0986672673081758,
2.42683782488371E-16));
#3210=CARTESIAN_POINT('Ctrl Pts',(0.470576488687037,0.0986672673081758,
0.00150000000000024));
#3211=CARTESIAN_POINT('Ctrl Pts',(0.473968233217862,0.103659862088181,2.43986419195761E-16));
#3212=CARTESIAN_POINT('Ctrl Pts',(0.473968233217862,0.103659862088181,0.00150000000000024));
#3213=CARTESIAN_POINT('Ctrl Pts',(0.477411077678278,0.108727675163496,2.4530868139187E-16));
#3214=CARTESIAN_POINT('Ctrl Pts',(0.477411077678278,0.108727675163496,0.00150000000000025));
#3215=CARTESIAN_POINT('Ctrl Pts',(0.481093421721701,0.113635758847935,2.47095533203818E-16));
#3216=CARTESIAN_POINT('Ctrl Pts',(0.481093421721701,0.113635758847935,0.00150000000000025));
#3217=CARTESIAN_POINT('Ctrl Pts',(0.485042589104127,0.118312055596429,2.49439135613522E-16));
#3218=CARTESIAN_POINT('Ctrl Pts',(0.485042589104127,0.118312055596429,0.00150000000000025));
#3219=CARTESIAN_POINT('Ctrl Pts',(0.489097836485336,0.123113964025906,2.51845690366517E-16));
#3220=CARTESIAN_POINT('Ctrl Pts',(0.489097836485336,0.123113964025906,0.00150000000000025));
#3221=CARTESIAN_POINT('Ctrl Pts',(0.493434434201726,0.127671466053896,2.54839307585171E-16));
#3222=CARTESIAN_POINT('Ctrl Pts',(0.493434434201726,0.127671466053896,0.00150000000000025));
#3223=CARTESIAN_POINT('Ctrl Pts',(0.497771031918115,0.132228968081885,2.57832924803824E-16));
#3224=CARTESIAN_POINT('Ctrl Pts',(0.497771031918115,0.132228968081885,0.00150000000000026));
#3225=CARTESIAN_POINT('',(0.497784593525498,-0.132242528298512,4.50220362595419E-16));
#3226=CARTESIAN_POINT('Ctrl Pts',(0.497784593626863,-0.132242528197125,
4.50220280922319E-16));
#3227=CARTESIAN_POINT('Ctrl Pts',(0.502227057791341,-0.136684081249778,
4.59913514020727E-16));
#3228=CARTESIAN_POINT('Ctrl Pts',(0.506861678379127,-0.140935375390309,
4.69747895434011E-16));
#3229=CARTESIAN_POINT('Ctrl Pts',(0.51168794440357,-0.144957410895873,4.79694314732982E-16));
#3230=CARTESIAN_POINT('Ctrl Pts',(0.51621215400142,-0.148727723502971,4.89018227967094E-16));
#3231=CARTESIAN_POINT('Ctrl Pts',(0.520904771089189,-0.152296576206138,
4.98440593945156E-16));
#3232=CARTESIAN_POINT('Ctrl Pts',(0.525757773027698,-0.155633030433059,
5.07927238200459E-16));
#3233=CARTESIAN_POINT('Ctrl Pts',(0.530355457984534,-0.15879395342519,5.16914789026962E-16));
#3234=CARTESIAN_POINT('Ctrl Pts',(0.535097095978824,-0.161746287723306,
5.25960032666773E-16));
#3235=CARTESIAN_POINT('Ctrl Pts',(0.539968365978959,-0.164466495760668,
5.35025015417576E-16));
#3236=CARTESIAN_POINT('Ctrl Pts',(0.544642891069467,-0.167076837770389,
5.43723874095596E-16));
#3237=CARTESIAN_POINT('Ctrl Pts',(0.549436788258219,-0.169473425479053,
5.5244090960488E-16));
#3238=CARTESIAN_POINT('Ctrl Pts',(0.554331691391882,-0.17164335029288,5.6114001482827E-16));
#3239=CARTESIAN_POINT('Ctrl Pts',(0.559094088856281,-0.173754534957646,
5.69603634133319E-16));
#3240=CARTESIAN_POINT('Ctrl Pts',(0.563952097793608,-0.175651162219351,
5.78050280763683E-16));
#3241=CARTESIAN_POINT('Ctrl Pts',(0.568885379862331,-0.177320797254896,
5.86441323200481E-16));
#3242=CARTESIAN_POINT('Ctrl Pts',(0.57375501505505,-0.178968891447529,5.94724108369585E-16));
#3243=CARTESIAN_POINT('Ctrl Pts',(0.578697993631531,-0.180395812724333,
6.02952714847942E-16));
#3244=CARTESIAN_POINT('Ctrl Pts',(0.583693072857156,-0.181624172616504,
6.11112687000123E-16));
#3245=CARTESIAN_POINT('Ctrl Pts',(0.588697111682776,-0.182854735799711,
6.19287295574101E-16));
#3246=CARTESIAN_POINT('Ctrl Pts',(0.593753438229497,-0.183886024646193,
6.27393023384326E-16));
#3247=CARTESIAN_POINT('Ctrl Pts',(0.598843123605718,-0.184643538125934,
6.3534814442359E-16));
#3248=CARTESIAN_POINT('Ctrl Pts',(0.602366162144057,-0.185167882753385,
6.40854614063034E-16));
#3249=CARTESIAN_POINT('Ctrl Pts',(0.605905183881806,-0.185561053525352,
6.46288923555112E-16));
#3250=CARTESIAN_POINT('Ctrl Pts',(0.609454719039162,-0.185867940834992,
6.51675767587448E-16));
#3251=CARTESIAN_POINT('',(0.443000000976876,-1.91141888452842E-5,2.74348620436002E-16));
#3252=CARTESIAN_POINT('Ctrl Pts',(0.44300000111907,-1.91141888307696E-5,
2.74348504880955E-16));
#3253=CARTESIAN_POINT('Ctrl Pts',(0.443000703400383,-0.00688974866443024,
2.79346993807833E-16));
#3254=CARTESIAN_POINT('Ctrl Pts',(0.443324954128747,-0.0137615648210863,
2.84817018729338E-16));
#3255=CARTESIAN_POINT('Ctrl Pts',(0.444007999999998,-0.0205985047377559,
2.90783626850581E-16));
#3256=CARTESIAN_POINT('Ctrl Pts',(0.444658296254366,-0.0271076377349421,
2.96464157362275E-16));
#3257=CARTESIAN_POINT('Ctrl Pts',(0.44563380657324,-0.0335851586995087,
3.02594793857714E-16));
#3258=CARTESIAN_POINT('Ctrl Pts',(0.446955292309593,-0.039991984130548,
3.09177310536716E-16));
#3259=CARTESIAN_POINT('Ctrl Pts',(0.448227808880822,-0.046161397318822,
3.1551590453285E-16));
#3260=CARTESIAN_POINT('Ctrl Pts',(0.449821134918907,-0.0522652573051225,
3.2227350934145E-16));
#3261=CARTESIAN_POINT('Ctrl Pts',(0.45174051530574,-0.0582650699727641,
3.29429755543885E-16));
#3262=CARTESIAN_POINT('Ctrl Pts',(0.453613510933089,-0.0641198880007562,
3.36413060123499E-16));
#3263=CARTESIAN_POINT('Ctrl Pts',(0.455796992128826,-0.0698756268691018,
3.43775971355264E-16));
#3264=CARTESIAN_POINT('Ctrl Pts',(0.458281412905664,-0.0754982831431999,
3.51479869431053E-16));
#3265=CARTESIAN_POINT('Ctrl Pts',(0.460739086358053,-0.081060405785866,
3.59100827183982E-16));
#3266=CARTESIAN_POINT('Ctrl Pts',(0.463491254429343,-0.0864922959488697,
3.67055469161211E-16));
#3267=CARTESIAN_POINT('Ctrl Pts',(0.466515793363164,-0.091767439887503,
3.75292326010938E-16));
#3268=CARTESIAN_POINT('Ctrl Pts',(0.469547870872455,-0.0970557319692308,
3.83549712987193E-16));
#3269=CARTESIAN_POINT('Ctrl Pts',(0.472853678689291,-0.10218649548199,3.92090723413932E-16));
#3270=CARTESIAN_POINT('Ctrl Pts',(0.476402316291782,-0.107142961289607,
4.00858207991151E-16));
#3271=CARTESIAN_POINT('Ctrl Pts',(0.480004296806024,-0.112173932399761,
4.09757484880929E-16));
#3272=CARTESIAN_POINT('Ctrl Pts',(0.483856462381674,-0.117025326354884,
4.1889009578734E-16));
#3273=CARTESIAN_POINT('Ctrl Pts',(0.487921034332225,-0.121689111265163,
4.28195240697635E-16));
#3274=CARTESIAN_POINT('Ctrl Pts',(0.491085415141633,-0.125319995808194,
4.3543955137564E-16));
#3275=CARTESIAN_POINT('Ctrl Pts',(0.494378536485297,-0.128837169609069,
4.42788435757714E-16));
#3276=CARTESIAN_POINT('Ctrl Pts',(0.497784593626863,-0.132242528197125,
4.50220280922319E-16));
#3277=CARTESIAN_POINT('Ctrl Pts',(0.489198665794702,0.123060896656934,2.52030969462362E-16));
#3278=CARTESIAN_POINT('Ctrl Pts',(0.487788819640697,0.12149922148774,2.51115930008934E-16));
#3279=CARTESIAN_POINT('Ctrl Pts',(0.486399943890475,0.119919329525156,2.5024464716572E-16));
#3280=CARTESIAN_POINT('Ctrl Pts',(0.485042589104127,0.118312055596429,2.49439135613522E-16));
#3281=CARTESIAN_POINT('Ctrl Pts',(0.481093421721701,0.113635758847935,2.47095533203818E-16));
#3282=CARTESIAN_POINT('Ctrl Pts',(0.477411077678278,0.108727675163496,2.4530868139187E-16));
#3283=CARTESIAN_POINT('Ctrl Pts',(0.473968233217862,0.103659862088181,2.43986419195761E-16));
#3284=CARTESIAN_POINT('Ctrl Pts',(0.470576488687037,0.0986672673081758,
2.42683782488371E-16));
#3285=CARTESIAN_POINT('Ctrl Pts',(0.467417187022876,0.0935196494711807,
2.41832046533176E-16));
#3286=CARTESIAN_POINT('Ctrl Pts',(0.46453532993441,0.088219353977916,2.41494970819006E-16));
#3287=CARTESIAN_POINT('Ctrl Pts',(0.46166004511722,0.0829311461693457,2.41158663828948E-16));
#3288=CARTESIAN_POINT('Ctrl Pts',(0.459060940856227,0.0774909562940082,
2.41334672321227E-16));
#3289=CARTESIAN_POINT('Ctrl Pts',(0.45675260377492,0.071930506083333,2.4202114261756E-16));
#3290=CARTESIAN_POINT('Ctrl Pts',(0.454418547266319,0.066308101491698,2.42715261546764E-16));
#3291=CARTESIAN_POINT('Ctrl Pts',(0.452381773473862,0.0605627417605857,
2.43931280752888E-16));
#3292=CARTESIAN_POINT('Ctrl Pts',(0.450649852660698,0.054727118091836,2.45656434469389E-16));
#3293=CARTESIAN_POINT('Ctrl Pts',(0.44887486468577,0.0487463816981682,2.47424487072267E-16));
#3294=CARTESIAN_POINT('Ctrl Pts',(0.447420079574317,0.042670836418699,2.49727310004418E-16));
#3295=CARTESIAN_POINT('Ctrl Pts',(0.446277372618659,0.036537594708002,2.52526089643478E-16));
#3296=CARTESIAN_POINT('Ctrl Pts',(0.445090971317837,0.0301698326953557,
2.5543188783439E-16));
#3297=CARTESIAN_POINT('Ctrl Pts',(0.444240970691121,0.0237398775493611,
2.58872296242108E-16));
#3298=CARTESIAN_POINT('Ctrl Pts',(0.443705155646289,0.0172856514341171,
2.62787414546922E-16));
#3299=CARTESIAN_POINT('Ctrl Pts',(0.443227379562484,0.0115305407721831,
2.66278451070347E-16));
#3300=CARTESIAN_POINT('Ctrl Pts',(0.442999410802738,0.00575613238112408,
2.70146926972477E-16));
#3301=CARTESIAN_POINT('Ctrl Pts',(0.44300000111907,-1.91141888307696E-5,
2.74348504880955E-16));
#3302=CARTESIAN_POINT('',(0.497771031918115,0.132228968081885,0.00150000000000026));
#3303=CARTESIAN_POINT('',(0.497771031918115,0.132228968081885,2.57833006760663E-16));
#3304=CARTESIAN_POINT('',(0.63,-0.187,0.00150000000000068));
#3305=CARTESIAN_POINT('Ctrl Pts',(0.63,-0.187,0.00150000000000068));
#3306=CARTESIAN_POINT('Ctrl Pts',(0.619568883039948,-0.186587860664595,
0.00150000000000067));
#3307=CARTESIAN_POINT('Ctrl Pts',(0.609137766079896,-0.186175721329191,
0.00150000000000065));
#3308=CARTESIAN_POINT('Ctrl Pts',(0.598843123605718,-0.184643538125934,
0.00150000000000064));
#3309=CARTESIAN_POINT('Ctrl Pts',(0.593753438229497,-0.183886024646193,
0.00150000000000063));
#3310=CARTESIAN_POINT('Ctrl Pts',(0.588697111682776,-0.182854735799711,
0.00150000000000062));
#3311=CARTESIAN_POINT('Ctrl Pts',(0.583693072857156,-0.181624172616504,
0.00150000000000061));
#3312=CARTESIAN_POINT('Ctrl Pts',(0.578697993631531,-0.180395812724333,
0.0015000000000006));
#3313=CARTESIAN_POINT('Ctrl Pts',(0.573755015055049,-0.178968891447529,
0.00150000000000059));
#3314=CARTESIAN_POINT('Ctrl Pts',(0.568885379862331,-0.177320797254896,
0.00150000000000059));
#3315=CARTESIAN_POINT('Ctrl Pts',(0.563952097793608,-0.175651162219351,
0.00150000000000058));
#3316=CARTESIAN_POINT('Ctrl Pts',(0.559094088856281,-0.173754534957646,
0.00150000000000057));
#3317=CARTESIAN_POINT('Ctrl Pts',(0.554331691391882,-0.17164335029288,0.00150000000000056));
#3318=CARTESIAN_POINT('Ctrl Pts',(0.549436788258219,-0.169473425479053,
0.00150000000000055));
#3319=CARTESIAN_POINT('Ctrl Pts',(0.544642891069467,-0.167076837770389,
0.00150000000000054));
#3320=CARTESIAN_POINT('Ctrl Pts',(0.539968365978959,-0.164466495760668,
0.00150000000000053));
#3321=CARTESIAN_POINT('Ctrl Pts',(0.535097095978824,-0.161746287723306,
0.00150000000000053));
#3322=CARTESIAN_POINT('Ctrl Pts',(0.530355457984534,-0.15879395342519,0.00150000000000052));
#3323=CARTESIAN_POINT('Ctrl Pts',(0.525757773027698,-0.155633030433059,
0.00150000000000051));
#3324=CARTESIAN_POINT('Ctrl Pts',(0.520904771089189,-0.152296576206138,
0.0015000000000005));
#3325=CARTESIAN_POINT('Ctrl Pts',(0.51621215400142,-0.14872772350297,0.00150000000000049));
#3326=CARTESIAN_POINT('Ctrl Pts',(0.51168794440357,-0.144957410895873,0.00150000000000048));
#3327=CARTESIAN_POINT('Ctrl Pts',(0.50685676704367,-0.140931282461016,0.00150000000000047));
#3328=CARTESIAN_POINT('Ctrl Pts',(0.502217625365777,-0.136675428554525,
0.00150000000000046));
#3329=CARTESIAN_POINT('Ctrl Pts',(0.497771031918114,-0.132228968081885,
0.00150000000000045));
#3330=CARTESIAN_POINT('Ctrl Pts',(0.494369794995604,-0.128827832873094,
0.00150000000000044));
#3331=CARTESIAN_POINT('Ctrl Pts',(0.491081215143593,-0.125315176632222,
0.00150000000000044));
#3332=CARTESIAN_POINT('Ctrl Pts',(0.487921034332225,-0.121689111265163,
0.00150000000000043));
#3333=CARTESIAN_POINT('Ctrl Pts',(0.483856462381674,-0.117025326354884,
0.00150000000000042));
#3334=CARTESIAN_POINT('Ctrl Pts',(0.480004296806024,-0.112173932399761,
0.00150000000000041));
#3335=CARTESIAN_POINT('Ctrl Pts',(0.476402316291782,-0.107142961289607,
0.0015000000000004));
#3336=CARTESIAN_POINT('Ctrl Pts',(0.472853678689291,-0.10218649548199,0.00150000000000039));
#3337=CARTESIAN_POINT('Ctrl Pts',(0.469547870872455,-0.0970557319692308,
0.00150000000000038));
#3338=CARTESIAN_POINT('Ctrl Pts',(0.466515793363164,-0.091767439887503,
0.00150000000000038));
#3339=CARTESIAN_POINT('Ctrl Pts',(0.463491254429343,-0.0864922959488697,
0.00150000000000037));
#3340=CARTESIAN_POINT('Ctrl Pts',(0.460739086358053,-0.081060405785866,
0.00150000000000036));
#3341=CARTESIAN_POINT('Ctrl Pts',(0.458281412905664,-0.0754982831431999,
0.00150000000000035));
#3342=CARTESIAN_POINT('Ctrl Pts',(0.455796992128826,-0.0698756268691018,
0.00150000000000034));
#3343=CARTESIAN_POINT('Ctrl Pts',(0.453613510933089,-0.0641198880007561,
0.00150000000000034));
#3344=CARTESIAN_POINT('Ctrl Pts',(0.45174051530574,-0.0582650699727641,
0.00150000000000033));
#3345=CARTESIAN_POINT('Ctrl Pts',(0.449821134918907,-0.0522652573051224,
0.00150000000000032));
#3346=CARTESIAN_POINT('Ctrl Pts',(0.448227808880822,-0.046161397318822,
0.00150000000000032));
#3347=CARTESIAN_POINT('Ctrl Pts',(0.446955292309593,-0.039991984130548,
0.00150000000000031));
#3348=CARTESIAN_POINT('Ctrl Pts',(0.44563380657324,-0.0335851586995087,
0.0015000000000003));
#3349=CARTESIAN_POINT('Ctrl Pts',(0.444658296254366,-0.0271076377349421,
0.0015000000000003));
#3350=CARTESIAN_POINT('Ctrl Pts',(0.444007999999998,-0.0205985047377559,
0.00150000000000029));
#3351=CARTESIAN_POINT('Ctrl Pts',(0.443324320714666,-0.0137552246700131,
0.00150000000000028));
#3352=CARTESIAN_POINT('Ctrl Pts',(0.443000102329183,-0.00687700364819834,
0.00150000000000028));
#3353=CARTESIAN_POINT('Ctrl Pts',(0.442999999999998,1.31128703695885E-16,
0.00150000000000027));
#3354=CARTESIAN_POINT('Ctrl Pts',(0.442999914159691,0.00576887330642753,
0.00150000000000027));
#3355=CARTESIAN_POINT('Ctrl Pts',(0.443227906657079,0.0115368899550456,
0.00150000000000027));
#3356=CARTESIAN_POINT('Ctrl Pts',(0.443705155646289,0.017285651434117,0.00150000000000026));
#3357=CARTESIAN_POINT('Ctrl Pts',(0.444240970691121,0.0237398775493611,
0.00150000000000026));
#3358=CARTESIAN_POINT('Ctrl Pts',(0.445090971317837,0.0301698326953557,
0.00150000000000026));
#3359=CARTESIAN_POINT('Ctrl Pts',(0.446277372618659,0.036537594708002,0.00150000000000025));
#3360=CARTESIAN_POINT('Ctrl Pts',(0.447420079574317,0.042670836418699,0.00150000000000025));
#3361=CARTESIAN_POINT('Ctrl Pts',(0.44887486468577,0.0487463816981682,0.00150000000000025));
#3362=CARTESIAN_POINT('Ctrl Pts',(0.450649852660698,0.054727118091836,0.00150000000000025));
#3363=CARTESIAN_POINT('Ctrl Pts',(0.452381773473862,0.0605627417605857,
0.00150000000000024));
#3364=CARTESIAN_POINT('Ctrl Pts',(0.454418547266319,0.066308101491698,0.00150000000000024));
#3365=CARTESIAN_POINT('Ctrl Pts',(0.45675260377492,0.071930506083333,0.00150000000000024));
#3366=CARTESIAN_POINT('Ctrl Pts',(0.459060940856227,0.0774909562940082,
0.00150000000000024));
#3367=CARTESIAN_POINT('Ctrl Pts',(0.46166004511722,0.0829311461693457,0.00150000000000024));
#3368=CARTESIAN_POINT('Ctrl Pts',(0.46453532993441,0.088219353977916,0.00150000000000024));
#3369=CARTESIAN_POINT('Ctrl Pts',(0.467417187022876,0.0935196494711808,
0.00150000000000024));
#3370=CARTESIAN_POINT('Ctrl Pts',(0.470576488687037,0.0986672673081758,
0.00150000000000024));
#3371=CARTESIAN_POINT('Ctrl Pts',(0.473968233217862,0.103659862088181,0.00150000000000024));
#3372=CARTESIAN_POINT('Ctrl Pts',(0.477411077678278,0.108727675163496,0.00150000000000025));
#3373=CARTESIAN_POINT('Ctrl Pts',(0.481093421721701,0.113635758847935,0.00150000000000025));
#3374=CARTESIAN_POINT('Ctrl Pts',(0.485042589104127,0.118312055596429,0.00150000000000025));
#3375=CARTESIAN_POINT('Ctrl Pts',(0.489097836485336,0.123113964025906,0.00150000000000025));
#3376=CARTESIAN_POINT('Ctrl Pts',(0.493434434201726,0.127671466053896,0.00150000000000025));
#3377=CARTESIAN_POINT('Ctrl Pts',(0.497771031918115,0.132228968081885,0.00150000000000026));
#3378=CARTESIAN_POINT('',(0.63,-0.187,6.82387079400002E-16));
#3379=CARTESIAN_POINT('Ctrl Pts',(0.499190790901522,0.133635784775235,2.58875023594761E-16));
#3380=CARTESIAN_POINT('Ctrl Pts',(0.499190790901522,0.133635784775235,0.00150000000000026));
#3381=CARTESIAN_POINT('Ctrl Pts',(0.503594434161703,0.137756406910681,2.62283945820559E-16));
#3382=CARTESIAN_POINT('Ctrl Pts',(0.503594434161703,0.137756406910681,0.00150000000000026));
#3383=CARTESIAN_POINT('Ctrl Pts',(0.507998077421884,0.141877029046126,2.65692868046357E-16));
#3384=CARTESIAN_POINT('Ctrl Pts',(0.507998077421884,0.141877029046126,0.00150000000000027));
#3385=CARTESIAN_POINT('Ctrl Pts',(0.512626762440187,0.145734915499943,2.69620270912894E-16));
#3386=CARTESIAN_POINT('Ctrl Pts',(0.512626762440187,0.145734915499943,0.00150000000000027));
#3387=CARTESIAN_POINT('Ctrl Pts',(0.516985809872627,0.14936806616253,2.73318888406597E-16));
#3388=CARTESIAN_POINT('Ctrl Pts',(0.516985809872627,0.14936806616253,0.00150000000000027));
#3389=CARTESIAN_POINT('Ctrl Pts',(0.521544443751345,0.152768200155479,2.7747733926373E-16));
#3390=CARTESIAN_POINT('Ctrl Pts',(0.521544443751345,0.152768200155479,0.00150000000000028));
#3391=CARTESIAN_POINT('Ctrl Pts',(0.526239828038283,0.155963319400242,2.81983846198856E-16));
#3392=CARTESIAN_POINT('Ctrl Pts',(0.526239828038283,0.155963319400242,0.00150000000000028));
#3393=CARTESIAN_POINT('Ctrl Pts',(0.530714146135532,0.159008007329084,2.86278179591611E-16));
#3394=CARTESIAN_POINT('Ctrl Pts',(0.530714146135532,0.159008007329084,0.00150000000000029));
#3395=CARTESIAN_POINT('Ctrl Pts',(0.535312640917296,0.161866530901726,2.9088856651834E-16));
#3396=CARTESIAN_POINT('Ctrl Pts',(0.535312640917296,0.161866530901726,0.00150000000000029));
#3397=CARTESIAN_POINT('Ctrl Pts',(0.54003587608867,0.164504178402272,2.95841075148148E-16));
#3398=CARTESIAN_POINT('Ctrl Pts',(0.54003587608867,0.164504178402272,0.0015000000000003));
#3399=CARTESIAN_POINT('Ctrl Pts',(0.544595947856425,0.167050708791744,3.00622500159383E-16));
#3400=CARTESIAN_POINT('Ctrl Pts',(0.544595947856425,0.167050708791744,0.0015000000000003));
#3401=CARTESIAN_POINT('Ctrl Pts',(0.549272290598614,0.169391359784722,3.05722818064219E-16));
#3402=CARTESIAN_POINT('Ctrl Pts',(0.549272290598614,0.169391359784722,0.00150000000000031));
#3403=CARTESIAN_POINT('Ctrl Pts',(0.554044432669418,0.171515740218574,3.11119806272202E-16));
#3404=CARTESIAN_POINT('Ctrl Pts',(0.554044432669418,0.171515740218574,0.00150000000000031));
#3405=CARTESIAN_POINT('Ctrl Pts',(0.558717173004455,0.173595870691,3.16404377459101E-16));
#3406=CARTESIAN_POINT('Ctrl Pts',(0.558717173004455,0.173595870691,0.00150000000000032));
#3407=CARTESIAN_POINT('Ctrl Pts',(0.563481763312321,0.175468646422356,3.21973388627757E-16));
#3408=CARTESIAN_POINT('Ctrl Pts',(0.563481763312321,0.175468646422356,0.00150000000000032));
#3409=CARTESIAN_POINT('Ctrl Pts',(0.568319846363071,0.177128000391835,3.27804547862843E-16));
#3410=CARTESIAN_POINT('Ctrl Pts',(0.568319846363071,0.177128000391835,0.00150000000000033));
#3411=CARTESIAN_POINT('Ctrl Pts',(0.573127881180641,0.178777048491308,3.33599491094491E-16));
#3412=CARTESIAN_POINT('Ctrl Pts',(0.573127881180641,0.178777048491308,0.00150000000000033));
#3413=CARTESIAN_POINT('Ctrl Pts',(0.578008498682566,0.180215317624459,3.39653336220583E-16));
#3414=CARTESIAN_POINT('Ctrl Pts',(0.578008498682566,0.180215317624459,0.00150000000000034));
#3415=CARTESIAN_POINT('Ctrl Pts',(0.582941269466274,0.181439074578519,3.45939079335596E-16));
#3416=CARTESIAN_POINT('Ctrl Pts',(0.582941269466274,0.181439074578519,0.00150000000000035));
#3417=CARTESIAN_POINT('Ctrl Pts',(0.587918080680169,0.182673757396574,3.52280942396775E-16));
#3418=CARTESIAN_POINT('Ctrl Pts',(0.587918080680169,0.182673757396574,0.00150000000000035));
#3419=CARTESIAN_POINT('Ctrl Pts',(0.592947980595865,0.18369008055021,3.58858862763676E-16));
#3420=CARTESIAN_POINT('Ctrl Pts',(0.592947980595865,0.18369008055021,0.00150000000000036));
#3421=CARTESIAN_POINT('Ctrl Pts',(0.598011046954063,0.184511693673313,3.65626656931502E-16));
#3422=CARTESIAN_POINT('Ctrl Pts',(0.598011046954063,0.184511693673313,0.00150000000000037));
#3423=CARTESIAN_POINT('Ctrl Pts',(0.60319611942394,0.185353105435297,3.72557536508967E-16));
#3424=CARTESIAN_POINT('Ctrl Pts',(0.60319611942394,0.185353105435297,0.00150000000000037));
#3425=CARTESIAN_POINT('Ctrl Pts',(0.608415976037261,0.185990310139753,3.79687551026128E-16));
#3426=CARTESIAN_POINT('Ctrl Pts',(0.608415976037261,0.185990310139753,0.00150000000000038));
#3427=CARTESIAN_POINT('Ctrl Pts',(0.61365143205118,0.1863704,3.87027275147569E-16));
#3428=CARTESIAN_POINT('Ctrl Pts',(0.61365143205118,0.1863704,0.00150000000000039));
#3429=CARTESIAN_POINT('Ctrl Pts',(0.619089733632711,0.186765216283932,3.94651373829998E-16));
#3430=CARTESIAN_POINT('Ctrl Pts',(0.619089733632711,0.186765216283932,0.00150000000000039));
#3431=CARTESIAN_POINT('Ctrl Pts',(0.624544866816356,0.186882608141966,4.02501747143717E-16));
#3432=CARTESIAN_POINT('Ctrl Pts',(0.624544866816356,0.186882608141966,0.0015000000000004));
#3433=CARTESIAN_POINT('Ctrl Pts',(0.630000000000001,0.187,4.10352120457435E-16));
#3434=CARTESIAN_POINT('Ctrl Pts',(0.630000000000001,0.187,0.00150000000000041));
#3435=CARTESIAN_POINT('',(0.499190790901522,0.133635784775235,2.58875104673774E-16));
#3436=CARTESIAN_POINT('Ctrl Pts',(0.499240845860658,0.133682622688083,2.58913771861842E-16));
#3437=CARTESIAN_POINT('Ctrl Pts',(0.499224160866119,0.133667010059994,2.58900855754014E-16));
#3438=CARTESIAN_POINT('Ctrl Pts',(0.499207475883821,0.133651397417615,2.58887939674388E-16));
#3439=CARTESIAN_POINT('Ctrl Pts',(0.499190790901522,0.133635784775235,2.58875023594761E-16));
#3440=CARTESIAN_POINT('Ctrl Pts',(0.619184208254141,0.18668695361195,3.94845734765846E-16));
#3441=CARTESIAN_POINT('Ctrl Pts',(0.617338453809634,0.186606088566215,3.92219474069759E-16));
#3442=CARTESIAN_POINT('Ctrl Pts',(0.615493976868393,0.186504167259282,3.89610387412056E-16));
#3443=CARTESIAN_POINT('Ctrl Pts',(0.61365143205118,0.1863704,3.87027275147569E-16));
#3444=CARTESIAN_POINT('Ctrl Pts',(0.608415976037261,0.185990310139753,3.79687551026128E-16));
#3445=CARTESIAN_POINT('Ctrl Pts',(0.60319611942394,0.185353105435297,3.72557536508967E-16));
#3446=CARTESIAN_POINT('Ctrl Pts',(0.598011046954063,0.184511693673313,3.65626656931502E-16));
#3447=CARTESIAN_POINT('Ctrl Pts',(0.592947980595865,0.18369008055021,3.58858862763676E-16));
#3448=CARTESIAN_POINT('Ctrl Pts',(0.587918080680169,0.182673757396574,3.52280942396775E-16));
#3449=CARTESIAN_POINT('Ctrl Pts',(0.582941269466274,0.181439074578519,3.45939079335596E-16));
#3450=CARTESIAN_POINT('Ctrl Pts',(0.578008498682566,0.180215317624459,3.39653336220583E-16));
#3451=CARTESIAN_POINT('Ctrl Pts',(0.573127881180641,0.178777048491308,3.33599491094491E-16));
#3452=CARTESIAN_POINT('Ctrl Pts',(0.568319846363071,0.177128000391835,3.27804547862843E-16));
#3453=CARTESIAN_POINT('Ctrl Pts',(0.563481763312321,0.175468646422356,3.21973388627757E-16));
#3454=CARTESIAN_POINT('Ctrl Pts',(0.558717173004455,0.173595870691,3.16404377459101E-16));
#3455=CARTESIAN_POINT('Ctrl Pts',(0.554044432669418,0.171515740218574,3.11119806272202E-16));
#3456=CARTESIAN_POINT('Ctrl Pts',(0.549272290598614,0.169391359784722,3.05722818064219E-16));
#3457=CARTESIAN_POINT('Ctrl Pts',(0.544595947856425,0.167050708791744,3.00622500159383E-16));
#3458=CARTESIAN_POINT('Ctrl Pts',(0.54003587608867,0.164504178402272,2.95841075148148E-16));
#3459=CARTESIAN_POINT('Ctrl Pts',(0.535312640917296,0.161866530901726,2.9088856651834E-16));
#3460=CARTESIAN_POINT('Ctrl Pts',(0.530714146135532,0.159008007329084,2.86278179591611E-16));
#3461=CARTESIAN_POINT('Ctrl Pts',(0.526239828038283,0.155963319400242,2.81983846198856E-16));
#3462=CARTESIAN_POINT('Ctrl Pts',(0.521544443751345,0.152768200155479,2.7747733926373E-16));
#3463=CARTESIAN_POINT('Ctrl Pts',(0.516985809872627,0.14936806616253,2.73318888406597E-16));
#3464=CARTESIAN_POINT('Ctrl Pts',(0.512626762440187,0.145734915499943,2.69620270912894E-16));
#3465=CARTESIAN_POINT('Ctrl Pts',(0.510815530734139,0.144225301811421,2.68083455042692E-16));
#3466=CARTESIAN_POINT('Ctrl Pts',(0.509038757489332,0.14267545795683,2.6662602908311E-16));
#3467=CARTESIAN_POINT('Ctrl Pts',(0.507282958906956,0.141101126237067,2.65216927294593E-16));
#3468=CARTESIAN_POINT('',(0.630000000000001,0.187,0.00150000000000041));
#3469=CARTESIAN_POINT('',(0.630000000000001,0.187,4.10352120600003E-16));
#3470=CARTESIAN_POINT('',(0.499190790901522,0.133635784775235,0.00150000000000026));
#3471=CARTESIAN_POINT('Ctrl Pts',(0.499190790901522,0.133635784775235,0.00150000000000026));
#3472=CARTESIAN_POINT('Ctrl Pts',(0.503594434161703,0.137756406910681,0.00150000000000026));
#3473=CARTESIAN_POINT('Ctrl Pts',(0.507998077421884,0.141877029046126,0.00150000000000027));
#3474=CARTESIAN_POINT('Ctrl Pts',(0.512626762440187,0.145734915499943,0.00150000000000027));
#3475=CARTESIAN_POINT('Ctrl Pts',(0.516985809872627,0.14936806616253,0.00150000000000027));
#3476=CARTESIAN_POINT('Ctrl Pts',(0.521544443751345,0.152768200155479,0.00150000000000028));
#3477=CARTESIAN_POINT('Ctrl Pts',(0.526239828038283,0.155963319400242,0.00150000000000028));
#3478=CARTESIAN_POINT('Ctrl Pts',(0.530714146135532,0.159008007329084,0.00150000000000029));
#3479=CARTESIAN_POINT('Ctrl Pts',(0.535312640917296,0.161866530901726,0.00150000000000029));
#3480=CARTESIAN_POINT('Ctrl Pts',(0.54003587608867,0.164504178402272,0.0015000000000003));
#3481=CARTESIAN_POINT('Ctrl Pts',(0.544595947856425,0.167050708791744,0.0015000000000003));
#3482=CARTESIAN_POINT('Ctrl Pts',(0.549272290598614,0.169391359784722,0.00150000000000031));
#3483=CARTESIAN_POINT('Ctrl Pts',(0.554044432669418,0.171515740218574,0.00150000000000031));
#3484=CARTESIAN_POINT('Ctrl Pts',(0.558717173004455,0.173595870691,0.00150000000000032));
#3485=CARTESIAN_POINT('Ctrl Pts',(0.563481763312321,0.175468646422356,0.00150000000000032));
#3486=CARTESIAN_POINT('Ctrl Pts',(0.568319846363071,0.177128000391835,0.00150000000000033));
#3487=CARTESIAN_POINT('Ctrl Pts',(0.573127881180641,0.178777048491308,0.00150000000000033));
#3488=CARTESIAN_POINT('Ctrl Pts',(0.578008498682566,0.180215317624459,0.00150000000000034));
#3489=CARTESIAN_POINT('Ctrl Pts',(0.582941269466274,0.181439074578519,0.00150000000000035));
#3490=CARTESIAN_POINT('Ctrl Pts',(0.587918080680169,0.182673757396574,0.00150000000000035));
#3491=CARTESIAN_POINT('Ctrl Pts',(0.592947980595865,0.18369008055021,0.00150000000000036));
#3492=CARTESIAN_POINT('Ctrl Pts',(0.598011046954063,0.184511693673313,0.00150000000000037));
#3493=CARTESIAN_POINT('Ctrl Pts',(0.60319611942394,0.185353105435297,0.00150000000000037));
#3494=CARTESIAN_POINT('Ctrl Pts',(0.608415976037261,0.185990310139753,0.00150000000000038));
#3495=CARTESIAN_POINT('Ctrl Pts',(0.61365143205118,0.1863704,0.00150000000000039));
#3496=CARTESIAN_POINT('Ctrl Pts',(0.619089733632711,0.186765216283932,0.00150000000000039));
#3497=CARTESIAN_POINT('Ctrl Pts',(0.624544866816356,0.186882608141966,0.0015000000000004));
#3498=CARTESIAN_POINT('Ctrl Pts',(0.630000000000001,0.187,0.00150000000000041));
#3499=CARTESIAN_POINT('',(0.499190790901522,0.133635784775235,2.58875104673774E-16));
#3500=CARTESIAN_POINT('Origin',(0.497771031918115,0.132228968081885,2.57833006760663E-16));
#3501=CARTESIAN_POINT('',(0.498987447610976,0.133434295128778,2.58725851440516E-16));
#3502=CARTESIAN_POINT('Origin',(0.629999999999998,5.293591E-17,5.463696E-16));
#3503=CARTESIAN_POINT('',(0.498075135841306,0.132530299843585,2.58056217930608E-16));
#3504=CARTESIAN_POINT('',(0.497771031918115,0.132228968081885,0.00150000000000026));
#3505=CARTESIAN_POINT('Origin',(5.24514814783538E-16,3.01596018500535E-15,
0.00149999999999963));
#3506=CARTESIAN_POINT('',(0.630000000000001,0.393500000000002,0.00150000000000026));
#3507=CARTESIAN_POINT('',(0.630000000000001,0.187,0.00150000000000041));
#3508=CARTESIAN_POINT('',(-0.629999999999999,0.393500000000004,0.00149999999999843));
#3509=CARTESIAN_POINT('',(0.630000000000001,0.393500000000002,0.00150000000000026));
#3510=CARTESIAN_POINT('',(-0.63,-0.393499999999996,0.001499999999999));
#3511=CARTESIAN_POINT('',(-0.629999999999999,0.393500000000004,0.00149999999999843));
#3512=CARTESIAN_POINT('',(0.63,-0.393499999999998,0.00150000000000083));
#3513=CARTESIAN_POINT('',(-0.63,-0.393499999999996,0.001499999999999));
#3514=CARTESIAN_POINT('',(0.63,-0.393499999999998,0.00150000000000083));
#3515=CARTESIAN_POINT('Origin',(0.63,1.840377E-15,5.463696E-16));
#3516=CARTESIAN_POINT('Origin',(0.629999999999998,5.293591E-17,5.463696E-16));
#3517=CARTESIAN_POINT('Origin',(0.63,1.840377E-15,5.463696E-16));
#3518=CARTESIAN_POINT('Origin',(0.629999999999998,5.293591E-17,5.463696E-16));
#3519=CARTESIAN_POINT('Origin',(0.63,1.840377E-15,5.463696E-16));
#3520=CARTESIAN_POINT('Origin',(0.629999999999998,5.293591E-17,5.463696E-16));
#3521=CARTESIAN_POINT('Origin',(0.419857864376269,0.3835,-1.15));
#3522=CARTESIAN_POINT('',(0.419857864376266,0.393500000000002,-0.200000000000002));
#3523=CARTESIAN_POINT('',(0.419857864376269,0.3935,-1.15));
#3524=CARTESIAN_POINT('',(0.426928932188132,0.390571067811868,-0.200000000000002));
#3525=CARTESIAN_POINT('Origin',(0.419857864376266,0.383500000000002,-0.200000000000002));
#3526=CARTESIAN_POINT('',(0.426928932188134,0.390571067811865,-1.15));
#3527=CARTESIAN_POINT('Origin',(-0.629999999999999,0.393500000000004,-1.365924E-15));
#3528=CARTESIAN_POINT('',(0.629999999999999,0.3935,-0.200000000000002));
#3529=CARTESIAN_POINT('',(0.629999999999999,0.3935,-0.200000000000002));
#3530=CARTESIAN_POINT('',(-0.629999999999999,0.393500000000001,-1.25));
#3531=CARTESIAN_POINT('',(0.630000000000001,0.393500000000002,2.60151000300002E-16));
#3532=CARTESIAN_POINT('Origin',(0.419857864614687,-0.3835,-1.15));
#3533=CARTESIAN_POINT('',(0.426928932426553,-0.390571067811864,-0.200000000000001));
#3534=CARTESIAN_POINT('',(0.426928932426553,-0.390571067811866,-1.15));
#3535=CARTESIAN_POINT('',(0.419857864614687,-0.393499999999998,-0.200000000000001));
#3536=CARTESIAN_POINT('Origin',(0.419857864614687,-0.383499999999998,-0.2));
#3537=CARTESIAN_POINT('',(0.419857864614687,-0.3935,-1.15));
#3538=CARTESIAN_POINT('Origin',(0.424000000000001,-0.39350000023842,-2.3));
#3539=CARTESIAN_POINT('',(0.529999998509883,-0.287500001728535,-0.984630760073052));
#3540=CARTESIAN_POINT('',(0.529999998509883,-0.287500001728536,-1.25));
#3541=CARTESIAN_POINT('',(0.629999999655483,-0.187500000719694,-0.937999996992526));
#3542=CARTESIAN_POINT('',(0.157784428859912,-0.659715571378505,-1.15819773068536));
#3543=CARTESIAN_POINT('',(0.629999999999999,-0.18750000023842,-0.848000000000002));
#3544=CARTESIAN_POINT('',(0.630000000000001,-0.18750000023842,-2.3));
#3545=CARTESIAN_POINT('',(0.529999998995423,-0.287500001242995,-0.801369233716061));
#3546=CARTESIAN_POINT('',(0.749542527008698,-0.06795747322972,-0.90374359581936));
#3547=CARTESIAN_POINT('',(0.529999999999998,-0.287500000238419,-0.200000000000001));
#3548=CARTESIAN_POINT('',(0.529999996491991,-0.28750000374643,-2.30000000035414));
#3549=CARTESIAN_POINT('',(0.423999999999998,-0.393500000238419,-0.200000000000001));
#3550=CARTESIAN_POINT('Origin',(0.0899999999999997,-0.354096611131406,-0.43));
#3551=CARTESIAN_POINT('',(0.0899999999999998,-0.278029946275763,-0.43));
#3552=CARTESIAN_POINT('',(-0.109999999803082,-0.393499999999997,-0.43));
#3553=CARTESIAN_POINT('',(-0.0417513282922883,-0.354096611131406,-0.43));
#3554=CARTESIAN_POINT('Origin',(0.0899999999999996,-0.393499999999997,-0.43));
#3555=CARTESIAN_POINT('Origin',(0.630000000000001,0.393500000000002,2.731848E-16));
#3556=CARTESIAN_POINT('',(0.629999999999998,-0.187,-0.200000000000001));
#3557=CARTESIAN_POINT('',(0.629999999999999,-0.393500000105963,-0.200000000000001));
#3558=CARTESIAN_POINT('',(0.629999999999999,0.3935,-0.200000000000002));
#3559=CARTESIAN_POINT('',(0.63,-0.187,0.319772662863549));
#3560=CARTESIAN_POINT('',(0.629999999999999,-0.393499999999998,8.195544E-16));
#3561=CARTESIAN_POINT('Origin',(0.630000000000001,0.393500000000002,2.731848E-16));
#3562=CARTESIAN_POINT('',(0.630000000000001,0.187,-0.200000000000002));
#3563=CARTESIAN_POINT('',(0.63,0.187,0.319772662863549));
#3564=CARTESIAN_POINT('',(0.629999999999999,0.3935,-0.200000000000002));
#3565=CARTESIAN_POINT('Origin',(0.630000000000001,0.393500000000002,2.731848E-16));
#3566=CARTESIAN_POINT('',(0.629999999446644,-0.187,-0.937999997084813));
#3567=CARTESIAN_POINT('',(0.629999999999997,-1.5,-0.938));
#3568=CARTESIAN_POINT('',(0.629999999999999,-0.187000000000001,-0.848000000000002));
#3569=CARTESIAN_POINT('',(0.63,-0.187,0.319772662863549));
#3570=CARTESIAN_POINT('',(0.629999999999997,-1.65,-0.848000000000001));
#3571=CARTESIAN_POINT('Origin',(0.630000000000001,0.393500000000002,2.731848E-16));
#3572=CARTESIAN_POINT('',(0.630000000000002,0.187,-0.848000000000003));
#3573=CARTESIAN_POINT('',(0.629999999999999,0.1875,-0.848000000000003));
#3574=CARTESIAN_POINT('',(0.629999999999997,-1.65,-0.848000000000001));
#3575=CARTESIAN_POINT('',(0.629999999439247,0.186999999999999,-0.937999997096426));
#3576=CARTESIAN_POINT('',(0.63,0.187,0.319772662863549));
#3577=CARTESIAN_POINT('',(0.629999999655212,0.187500000492357,-0.937999996970287));
#3578=CARTESIAN_POINT('',(0.629999999999997,-1.5,-0.938));
#3579=CARTESIAN_POINT('',(0.630000000000002,0.187499999999998,-2.3));
#3580=CARTESIAN_POINT('Origin',(0.629999999999998,-1.235113E-16,-0.200000000000001));
#3581=CARTESIAN_POINT('',(0.529999999999998,-0.158015821992609,-0.200000000000001));
#3582=CARTESIAN_POINT('Origin',(0.629999999999998,-9.253732E-17,-0.200000000000001));
#3583=CARTESIAN_POINT('',(0.629999999999998,-0.393500000238419,-0.200000000000001));
#3584=CARTESIAN_POINT('',(0.529999999999996,-1.65,-0.2));
#3585=CARTESIAN_POINT('Origin',(0.529999998509881,-1.5,-0.984630760073051));
#3586=CARTESIAN_POINT('',(0.529999998509883,-0.158015821049593,-0.984630760073052));
#3587=CARTESIAN_POINT('',(0.529999998509882,-0.158015821049592,0.319772662863549));
#3588=CARTESIAN_POINT('',(0.529999998509881,-1.5,-0.984630760073051));
#3589=CARTESIAN_POINT('Origin',(0.529999998509881,-1.5,-0.984630760073051));
#3590=CARTESIAN_POINT('',(0.529999998509884,0.158015821049592,-0.984630760073053));
#3591=CARTESIAN_POINT('',(0.529999998509884,0.287500001490116,-0.984630760073053));
#3592=CARTESIAN_POINT('',(0.529999998509881,-1.5,-0.984630760073051));
#3593=CARTESIAN_POINT('',(0.529999998509882,0.158015821049593,0.319772662863549));
#3594=CARTESIAN_POINT('',(0.529999998509885,0.287500001490115,-2.3));
#3595=CARTESIAN_POINT('Origin',(0.629999999999997,-1.5,-0.937999993562699));
#3596=CARTESIAN_POINT('Origin',(0.630000000000053,2.55635407855127E-13,
-0.937999993562667));
#3597=CARTESIAN_POINT('Origin',(0.629999999999997,-1.5,-0.937999993562699));
#3598=CARTESIAN_POINT('Origin',(0.62999999999991,2.15160347980997E-13,-0.937999993562748));
#3599=CARTESIAN_POINT('',(0.343584032820106,0.473915967179894,-1.07155795247656));
#3600=CARTESIAN_POINT('Origin',(0.529999998995421,-1.65,-0.80136923371606));
#3601=CARTESIAN_POINT('',(0.529999998995424,0.158015821356865,-0.801369233716061));
#3602=CARTESIAN_POINT('',(0.529999999999999,0.158015821992609,-0.200000000000002));
#3603=CARTESIAN_POINT('',(0.529999998995424,0.158015821356865,-0.801369233713773));
#3604=CARTESIAN_POINT('',(0.529999998995424,0.287500001004576,-0.801369233716061));
#3605=CARTESIAN_POINT('',(0.529999998995421,-1.65,-0.80136923371606));
#3606=CARTESIAN_POINT('',(0.529999999999999,0.2875,-0.200000000000002));
#3607=CARTESIAN_POINT('',(0.529999996491992,0.287500003508008,-2.29999999966591));
#3608=CARTESIAN_POINT('',(0.529999999999996,-1.65,-0.2));
#3609=CARTESIAN_POINT('Origin',(0.529999998995421,-1.65,-0.80136923371606));
#3610=CARTESIAN_POINT('',(0.529999998995423,-0.158015821356866,-0.801369233716061));
#3611=CARTESIAN_POINT('',(0.529999999999998,-0.158015821992609,-0.199999999996345));
#3612=CARTESIAN_POINT('',(0.529999998995421,-1.65,-0.80136923371606));
#3613=CARTESIAN_POINT('Origin',(0.629999999999997,-1.65,-0.848000000000001));
#3614=CARTESIAN_POINT('Origin',(0.629999999999994,4.60698845651541E-14,
-0.848000000000002));
#3615=CARTESIAN_POINT('',(0.935342130968891,-0.117842130968892,-0.990383374028163));
#3616=CARTESIAN_POINT('Origin',(0.630000000000002,0.187499999999998,-2.3));
#3617=CARTESIAN_POINT('',(0.629999999999999,0.1875,-0.200000000000002));
#3618=CARTESIAN_POINT('Origin',(0.629999999999999,-0.393499999999998,8.195544E-16));
#3619=CARTESIAN_POINT('',(-0.630000000000001,-0.393499999999999,-1.25));
#3620=CARTESIAN_POINT('Origin',(-0.63,-0.393499999999996,-8.195544E-16));
#3621=CARTESIAN_POINT('Origin',(0.63,1.840377E-15,5.463696E-16));
#3622=CARTESIAN_POINT('Origin',(0.629999999999998,5.293591E-17,5.463696E-16));
#3623=CARTESIAN_POINT('Origin',(0.629999999999998,-1.235113E-16,-0.200000000000001));
#3624=CARTESIAN_POINT('Origin',(0.629999999999998,-9.253732E-17,-0.200000000000001));
#3625=CARTESIAN_POINT('Origin',(0.629999999999997,-1.65,-0.848000000000001));
#3626=CARTESIAN_POINT('Origin',(0.629999999999989,1.20638407400214E-14,
-0.847999999999996));
#3627=CARTESIAN_POINT('Origin',(0.629999999999998,2.855277E-16,0.319772662863549));
#3628=CARTESIAN_POINT('Origin',(0.629999999999999,-1.19210000576071E-10,
-0.848000000000003));
#3629=CARTESIAN_POINT('',(0.629999999999999,0.1875,-0.848000000000003));
#3630=CARTESIAN_POINT('',(0.629999999999999,-0.18750000023842,-0.848000000000002));
#3631=CARTESIAN_POINT('',(0.629999999999999,0.1875,-0.848000000000003));
#3632=CARTESIAN_POINT('',(0.529999998995423,-0.287500001242995,-0.801369233716061));
#3633=CARTESIAN_POINT('',(0.629999999999999,-0.18750000023842,-0.848000000000002));
#3634=CARTESIAN_POINT('',(0.529999999433352,0.287500000566648,-0.801369233920271));
#3635=CARTESIAN_POINT('',(0.529999998995423,-0.287500001242995,-0.801369233716061));
#3636=CARTESIAN_POINT('',(0.529999999433352,0.287500000566648,-0.801369233920271));
#3637=CARTESIAN_POINT('Origin',(0.629999999383592,1.11360498687696E-9,-0.937999995459461));
#3638=CARTESIAN_POINT('',(0.629999998767185,0.187500002465629,-0.937999997356222));
#3639=CARTESIAN_POINT('',(0.629999999999999,-0.187500000238419,-0.9379999935627));
#3640=CARTESIAN_POINT('',(0.629999998767185,0.187500002465629,-0.937999997356222));
#3641=CARTESIAN_POINT('',(0.629999999999999,-0.187500000238419,-0.848000000000002));
#3642=CARTESIAN_POINT('',(0.629999999999999,-0.187500000238419,-0.9379999935627));
#3643=CARTESIAN_POINT('',(0.629999999999999,0.1875,-0.848000000000003));
#3644=CARTESIAN_POINT('',(0.629999999999999,-0.187500000238419,-0.848000000000002));
#3645=CARTESIAN_POINT('',(0.629999999999999,0.1875,-0.848000000000003));
#3646=CARTESIAN_POINT('Origin',(0.629999999383592,1.11360498687696E-9,-0.937999995459461));
#3647=CARTESIAN_POINT('',(0.629999998767185,0.187500002465629,-0.937999997356222));
#3648=CARTESIAN_POINT('',(0.629999999999999,-0.187500000238419,-0.9379999935627));
#3649=CARTESIAN_POINT('',(0.629999998767185,0.187500002465629,-0.937999997356222));
#3650=CARTESIAN_POINT('',(0.529999998509883,-0.287500001728535,-0.984630760073052));
#3651=CARTESIAN_POINT('',(0.629999999999999,-0.187500000238419,-0.9379999935627));
#3652=CARTESIAN_POINT('',(0.529999998509884,0.287500001490116,-0.984630760073053));
#3653=CARTESIAN_POINT('',(0.529999998509883,-0.287500001728535,-0.984630760073052));
#3654=CARTESIAN_POINT('',(0.529999998509884,0.287500001490116,-0.984630760073053));
#3655=CARTESIAN_POINT('Origin',(0.63,-0.187,-0.1));
#3656=CARTESIAN_POINT('',(0.63,-0.187,-0.200000000000001));
#3657=CARTESIAN_POINT('',(0.63,-0.187,5.588285E-16));
#3658=CARTESIAN_POINT('',(0.63,-0.187,-0.200000000000001));
#3659=CARTESIAN_POINT('',(0.629999999999999,-0.393499999999998,7.090296E-16));
#3660=CARTESIAN_POINT('',(0.63,-0.187,5.588285E-16));
#3661=CARTESIAN_POINT('',(0.629999999999999,-0.393499999999998,-0.200000000000001));
#3662=CARTESIAN_POINT('',(0.629999999999999,-0.393499999999998,7.090296E-16));
#3663=CARTESIAN_POINT('',(0.629999999999999,-0.393499999999998,-0.200000000000001));
#3664=CARTESIAN_POINT('Origin',(0.630000000000001,0.393500000000002,-0.100000000000001));
#3665=CARTESIAN_POINT('',(0.630000000000001,0.393500000000002,-0.200000000000002));
#3666=CARTESIAN_POINT('',(0.630000000000001,0.393500000000002,2.731848E-16));
#3667=CARTESIAN_POINT('',(0.630000000000001,0.393500000000002,-0.200000000000002));
#3668=CARTESIAN_POINT('',(0.63,0.187,4.233859E-16));
#3669=CARTESIAN_POINT('',(0.630000000000001,0.393500000000002,2.731848E-16));
#3670=CARTESIAN_POINT('',(0.63,0.187,-0.200000000000002));
#3671=CARTESIAN_POINT('',(0.63,0.187,4.233859E-16));
#3672=CARTESIAN_POINT('',(0.63,0.187,-0.200000000000002));
#3673=CARTESIAN_POINT('Origin',(0.63,-0.187000000000001,-0.892999996781351));
#3674=CARTESIAN_POINT('',(0.63,-0.187000000000001,-0.9379999935627));
#3675=CARTESIAN_POINT('',(0.63,-0.187000000000001,-0.848000000000002));
#3676=CARTESIAN_POINT('',(0.63,-0.187000000000001,-0.9379999935627));
#3677=CARTESIAN_POINT('',(0.63,-0.187500000238419,-0.848000000000002));
#3678=CARTESIAN_POINT('',(0.63,-0.187000000000001,-0.848000000000002));
#3679=CARTESIAN_POINT('',(0.63,-0.187500000238419,-0.9379999935627));
#3680=CARTESIAN_POINT('',(0.63,-0.187500000238419,-0.848000000000002));
#3681=CARTESIAN_POINT('',(0.63,-0.187500000238419,-0.9379999935627));
#3682=CARTESIAN_POINT('Origin',(0.63,0.187500002465629,-0.893000000000002));
#3683=CARTESIAN_POINT('',(0.63,0.187500002465629,-0.938000000000001));
#3684=CARTESIAN_POINT('',(0.63,0.187500002465629,-0.848000000000003));
#3685=CARTESIAN_POINT('',(0.63,0.187500002465629,-0.938000000000001));
#3686=CARTESIAN_POINT('',(0.63,0.187,-0.848000000000003));
#3687=CARTESIAN_POINT('',(0.63,0.187500002465629,-0.848000000000003));
#3688=CARTESIAN_POINT('',(0.63,0.186999999999999,-0.938000000000001));
#3689=CARTESIAN_POINT('',(0.63,0.187,-0.848000000000003));
#3690=CARTESIAN_POINT('',(0.63,0.186999999999999,-0.938000000000001));
#3691=CARTESIAN_POINT('Origin',(0.629999999999999,-0.275051458580777,-0.200000000000001));
#3692=CARTESIAN_POINT('',(0.529999999999998,-0.158015821992609,-0.200000000000002));
#3693=CARTESIAN_POINT('',(0.529999999999998,-0.287500000238419,-0.200000000000001));
#3694=CARTESIAN_POINT('',(0.529999999999998,-0.158015821992609,-0.200000000000001));
#3695=CARTESIAN_POINT('',(0.423999999999998,-0.393500000238419,-0.200000000000002));
#3696=CARTESIAN_POINT('',(0.529999999999998,-0.287500000238419,-0.200000000000001));
#3697=CARTESIAN_POINT('',(0.629999999999999,-0.393500000238419,-0.200000000000001));
#3698=CARTESIAN_POINT('',(0.423999999999998,-0.393500000238419,-0.200000000000002));
#3699=CARTESIAN_POINT('',(0.63,-0.187,-0.200000000000001));
#3700=CARTESIAN_POINT('',(0.629999999999999,-0.393500000238419,-0.200000000000001));
#3701=CARTESIAN_POINT('Ctrl Pts',(0.63,-0.187,-0.200000000000001));
#3702=CARTESIAN_POINT('Ctrl Pts',(0.627095543404784,-0.186963989742724,
-0.200000000000001));
#3703=CARTESIAN_POINT('Ctrl Pts',(0.624191086809569,-0.186927979485448,
-0.200000000000001));
#3704=CARTESIAN_POINT('Ctrl Pts',(0.621289425039452,-0.186810482333348,
-0.200000000000001));
#3705=CARTESIAN_POINT('Ctrl Pts',(0.618435703017993,-0.186694926408168,
-0.200000000000001));
#3706=CARTESIAN_POINT('Ctrl Pts',(0.615584684235209,-0.186500553913861,
-0.200000000000001));
#3707=CARTESIAN_POINT('Ctrl Pts',(0.612739320606256,-0.186246411998206,
-0.200000000000001));
#3708=CARTESIAN_POINT('Ctrl Pts',(0.609933540253749,-0.185995805577839,
-0.200000000000001));
#3709=CARTESIAN_POINT('Ctrl Pts',(0.607133258806167,-0.185687081133582,
-0.200000000000001));
#3710=CARTESIAN_POINT('Ctrl Pts',(0.604341476860755,-0.185313643071308,
-0.200000000000001));
#3711=CARTESIAN_POINT('Ctrl Pts',(0.60158095716011,-0.184944386751139,-0.200000000000001));
#3712=CARTESIAN_POINT('Ctrl Pts',(0.59882874767336,-0.184511858018431,-0.200000000000001));
#3713=CARTESIAN_POINT('Ctrl Pts',(0.596087859642559,-0.184016853624719,
-0.200000000000001));
#3714=CARTESIAN_POINT('Ctrl Pts',(0.593369996110933,-0.183526007455687,
-0.200000000000001));
#3715=CARTESIAN_POINT('Ctrl Pts',(0.590663264625121,-0.182973730855474,
-0.200000000000001));
#3716=CARTESIAN_POINT('Ctrl Pts',(0.587970637042462,-0.182359528879253,
-0.200000000000001));
#3717=CARTESIAN_POINT('Ctrl Pts',(0.585292928034553,-0.18174872990542,-0.200000000000001));
#3718=CARTESIAN_POINT('Ctrl Pts',(0.58262916707665,-0.181076689853016,-0.200000000000001));
#3719=CARTESIAN_POINT('Ctrl Pts',(0.57998220715422,-0.180343948703815,-0.200000000000001));
#3720=CARTESIAN_POINT('Ctrl Pts',(0.577342239881016,-0.179613143285407,
-0.200000000000001));
#3721=CARTESIAN_POINT('Ctrl Pts',(0.574718984991722,-0.178821957062782,
-0.200000000000001));
#3722=CARTESIAN_POINT('Ctrl Pts',(0.572115226551496,-0.177971179843578,
-0.200000000000001));
#3723=CARTESIAN_POINT('Ctrl Pts',(0.569510760947334,-0.177120171558789,
-0.200000000000001));
#3724=CARTESIAN_POINT('Ctrl Pts',(0.566925802383898,-0.176209539903966,
-0.200000000000001));
#3725=CARTESIAN_POINT('Ctrl Pts',(0.564362638985449,-0.175241073151262,
-0.200000000000001));
#3726=CARTESIAN_POINT('Ctrl Pts',(0.561791337438375,-0.174269531477007,
-0.200000000000001));
#3727=CARTESIAN_POINT('Ctrl Pts',(0.559241969677084,-0.17323978686424,-0.200000000000001));
#3728=CARTESIAN_POINT('Ctrl Pts',(0.556717703767514,-0.172152265970725,
-0.200000000000001));
#3729=CARTESIAN_POINT('Ctrl Pts',(0.554178179686252,-0.171058171451012,
-0.200000000000001));
#3730=CARTESIAN_POINT('Ctrl Pts',(0.551664061835048,-0.169905600070833,
-0.200000000000001));
#3731=CARTESIAN_POINT('Ctrl Pts',(0.549174023292885,-0.168702189686716,
-0.200000000000001));
#3732=CARTESIAN_POINT('Ctrl Pts',(0.546661929209983,-0.167488120083353,
-0.200000000000001));
#3733=CARTESIAN_POINT('Ctrl Pts',(0.544174342890707,-0.166222306873503,
-0.200000000000001));
#3734=CARTESIAN_POINT('Ctrl Pts',(0.541725569174369,-0.164887082316304,
-0.200000000000001));
#3735=CARTESIAN_POINT('Ctrl Pts',(0.537748805365579,-0.162718702012215,
-0.200000000000001));
#3736=CARTESIAN_POINT('Ctrl Pts',(0.533874402682788,-0.160367262002412,
-0.200000000000001));
#3737=CARTESIAN_POINT('Ctrl Pts',(0.529999999999998,-0.158015821992609,
-0.200000000000001));
#3738=CARTESIAN_POINT('Origin',(0.529999998509883,-0.158015821049593,-1.11731538003653));
#3739=CARTESIAN_POINT('',(0.529999998509883,-0.158015821049593,-1.25));
#3740=CARTESIAN_POINT('',(0.529999998509883,-0.158015821049593,-0.984630760073052));
#3741=CARTESIAN_POINT('',(0.529999998509883,-0.158015821049593,-1.25));
#3742=CARTESIAN_POINT('',(0.529999998509883,-0.287500001728536,-0.984630760073052));
#3743=CARTESIAN_POINT('',(0.529999998509883,-0.158015821049593,-0.984630760073052));
#3744=CARTESIAN_POINT('',(0.529999998509883,-0.287500001728536,-1.25));
#3745=CARTESIAN_POINT('',(0.529999998509883,-0.287500001728536,-0.984630760073052));
#3746=CARTESIAN_POINT('',(0.529999998509883,-0.287500001728536,-1.25));
#3747=CARTESIAN_POINT('Origin',(0.529999998509884,0.287500001490116,-1.11731538003653));
#3748=CARTESIAN_POINT('',(0.529999998509884,0.287500001490116,-1.25));
#3749=CARTESIAN_POINT('',(0.529999998509884,0.287500001490116,-0.984630760073053));
#3750=CARTESIAN_POINT('',(0.529999998509884,0.287500001490116,-1.25));
#3751=CARTESIAN_POINT('',(0.529999998509883,0.158015821049592,-0.984630760073053));
#3752=CARTESIAN_POINT('',(0.529999998509884,0.287500001490116,-0.984630760073053));
#3753=CARTESIAN_POINT('',(0.529999998509884,0.158015821049592,-1.25));
#3754=CARTESIAN_POINT('',(0.529999998509883,0.158015821049592,-0.984630760073053));
#3755=CARTESIAN_POINT('',(0.529999998509884,0.158015821049592,-1.25));
#3756=CARTESIAN_POINT('Origin',(0.579999999254942,-0.157238915965521,-0.961315376817875));
#3757=CARTESIAN_POINT('',(0.529999998509883,-0.287500001728535,-0.984630760073052));
#3758=CARTESIAN_POINT('',(0.529999998509883,-0.158015821049593,-0.984630760073052));
#3759=CARTESIAN_POINT('',(0.529999998509883,-0.287500001728535,-0.984630760073052));
#3760=CARTESIAN_POINT('',(0.62999999753437,-0.187000000000001,-0.937999994712442));
#3761=CARTESIAN_POINT('Ctrl Pts',(0.529999998509883,-0.158015821049593,
-0.984630760073052));
#3762=CARTESIAN_POINT('Ctrl Pts',(0.531782088304271,-0.159121350437707,
-0.983799757954409));
#3763=CARTESIAN_POINT('Ctrl Pts',(0.533564178098659,-0.16022687982582,-0.982968755835766));
#3764=CARTESIAN_POINT('Ctrl Pts',(0.535364882999265,-0.161294562053796,
-0.982129073350536));
#3765=CARTESIAN_POINT('Ctrl Pts',(0.537153902494919,-0.162355315717747,
-0.981294839859124));
#3766=CARTESIAN_POINT('Ctrl Pts',(0.538961296280811,-0.163378711834716,
-0.980452038295461));
#3767=CARTESIAN_POINT('Ctrl Pts',(0.540781371631475,-0.164373592433704,
-0.979603323221027));
#3768=CARTESIAN_POINT('Ctrl Pts',(0.542591914054671,-0.165363262190962,
-0.978759053423676));
#3769=CARTESIAN_POINT('Ctrl Pts',(0.5444150055472,-0.166324714356885,-0.977908931899193));
#3770=CARTESIAN_POINT('Ctrl Pts',(0.546251314008345,-0.167254520749714,
-0.977052647201026));
#3771=CARTESIAN_POINT('Ctrl Pts',(0.548080349091522,-0.168180644300866,
-0.976199754134706));
#3772=CARTESIAN_POINT('Ctrl Pts',(0.549922496649297,-0.169075372271998,
-0.975340746621065));
#3773=CARTESIAN_POINT('Ctrl Pts',(0.551776648637744,-0.169938669557649,
-0.974476141349468));
#3774=CARTESIAN_POINT('Ctrl Pts',(0.55362586247059,-0.170799667627079,-0.973613838777646));
#3775=CARTESIAN_POINT('Ctrl Pts',(0.555487016876553,-0.171629402206524,
-0.972745968225136));
#3776=CARTESIAN_POINT('Ctrl Pts',(0.557359399312997,-0.172427073176702,
-0.971872861956028));
#3777=CARTESIAN_POINT('Ctrl Pts',(0.559229254874591,-0.173223667649539,
-0.971000933988013));
#3778=CARTESIAN_POINT('Ctrl Pts',(0.561110308181526,-0.173988284997639,
-0.970123784425591));
#3779=CARTESIAN_POINT('Ctrl Pts',(0.563001671328177,-0.174720475984164,
-0.969241827305956));
#3780=CARTESIAN_POINT('Ctrl Pts',(0.564892988123316,-0.175452649026933,
-0.968359891800385));
#3781=CARTESIAN_POINT('Ctrl Pts',(0.566794614252853,-0.17615239729745,-0.967473148973234));
#3782=CARTESIAN_POINT('Ctrl Pts',(0.568705647561419,-0.17681933125083,-0.966582019506461));
#3783=CARTESIAN_POINT('Ctrl Pts',(0.570619178139864,-0.177487136729612,
-0.965689725543618));
#3784=CARTESIAN_POINT('Ctrl Pts',(0.57254214049933,-0.178122042074074,-0.964793033469055));
#3785=CARTESIAN_POINT('Ctrl Pts',(0.574473584459737,-0.178723800524576,
-0.963892386359021));
#3786=CARTESIAN_POINT('Ctrl Pts',(0.576410125622331,-0.179327147053506,
-0.962989362384571));
#3787=CARTESIAN_POINT('Ctrl Pts',(0.578355193211893,-0.179897171504141,
-0.962082362471929));
#3788=CARTESIAN_POINT('Ctrl Pts',(0.580307807959559,-0.180433753563055,
-0.961171843261666));
#3789=CARTESIAN_POINT('Ctrl Pts',(0.582268168990325,-0.180972464314554,
-0.960257711900271));
#3790=CARTESIAN_POINT('Ctrl Pts',(0.584236137179137,-0.181477466807156,
-0.959340033262822));
#3791=CARTESIAN_POINT('Ctrl Pts',(0.586210709377234,-0.181948768810055,
-0.95841927512527));
#3792=CARTESIAN_POINT('Ctrl Pts',(0.588195718647716,-0.182422561992119,
-0.957493650100935));
#3793=CARTESIAN_POINT('Ctrl Pts',(0.590187401926125,-0.182862297478965,
-0.956564912935594));
#3794=CARTESIAN_POINT('Ctrl Pts',(0.592184741303187,-0.183268134403797,
-0.955633538288135));
#3795=CARTESIAN_POINT('Ctrl Pts',(0.594195242620016,-0.183676645686939,
-0.954696026127367));
#3796=CARTESIAN_POINT('Ctrl Pts',(0.59621147482551,-0.184050810170867,-0.953755841609327));
#3797=CARTESIAN_POINT('Ctrl Pts',(0.598232413532247,-0.184390849699621,
-0.952813462413714));
#3798=CARTESIAN_POINT('Ctrl Pts',(0.600269265418066,-0.184733566751399,
-0.951863662780829));
#3799=CARTESIAN_POINT('Ctrl Pts',(0.602310898216358,-0.185041619321992,
-0.950911633771845));
#3800=CARTESIAN_POINT('Ctrl Pts',(0.604356289060921,-0.185315627284138,
-0.949957852357105));
#3801=CARTESIAN_POINT('Ctrl Pts',(0.606420363014478,-0.1855921381032,-0.948995358865563));
#3802=CARTESIAN_POINT('Ctrl Pts',(0.608488263981717,-0.185833979529467,
-0.948031080808234));
#3803=CARTESIAN_POINT('Ctrl Pts',(0.610558980180214,-0.18604089545313,-0.947065489987009));
#3804=CARTESIAN_POINT('Ctrl Pts',(0.612651160568411,-0.18624995618188,-0.946089890249751));
#3805=CARTESIAN_POINT('Ctrl Pts',(0.614746214853402,-0.186423363608742,
-0.945112950392409));
#3806=CARTESIAN_POINT('Ctrl Pts',(0.616843144689987,-0.186564801121443,
-0.944135135950996));
#3807=CARTESIAN_POINT('Ctrl Pts',(0.618964323594856,-0.186707874229118,
-0.943146013983339));
#3808=CARTESIAN_POINT('Ctrl Pts',(0.621087421680196,-0.186818233741951,
-0.94215599708713));
#3809=CARTESIAN_POINT('Ctrl Pts',(0.623211469500338,-0.186887875450803,
-0.941165537322311));
#3810=CARTESIAN_POINT('Ctrl Pts',(0.625362548044985,-0.186958403423057,
-0.940162472923649));
#3811=CARTESIAN_POINT('Ctrl Pts',(0.627514600650977,-0.186987170643922,
-0.939158954312722));
#3812=CARTESIAN_POINT('Ctrl Pts',(0.629666723338308,-0.186999725865872,
-0.938155403022331));
#3813=CARTESIAN_POINT('Ctrl Pts',(0.62977781713928,-0.187000373973592,-0.938103599132164));
#3814=CARTESIAN_POINT('Ctrl Pts',(0.629888908670654,-0.186999908636747,
-0.938051796300328));
#3815=CARTESIAN_POINT('Ctrl Pts',(0.62999999753437,-0.187000000000001,-0.937999994712442));
#3816=CARTESIAN_POINT('',(0.630000000000001,-0.187500000238419,-0.937999993562699));
#3817=CARTESIAN_POINT('',(0.62999999753437,-0.187000000000001,-0.937999994712442));
#3818=CARTESIAN_POINT('',(0.630000000000001,-0.187500000238419,-0.937999993562699));
#3819=CARTESIAN_POINT('Origin',(0.579999998022127,0.288276906572758,-0.961315377392747));
#3820=CARTESIAN_POINT('',(0.62999999753437,0.187500002465629,-0.937999994712442));
#3821=CARTESIAN_POINT('',(0.62999999753437,0.186999999999999,-0.937999994712442));
#3822=CARTESIAN_POINT('',(0.62999999753437,0.187500002465629,-0.937999994712442));
#3823=CARTESIAN_POINT('',(0.529999998509883,0.158015821049592,-0.984630760073052));
#3824=CARTESIAN_POINT('Ctrl Pts',(0.62999999753437,0.186999999999999,-0.937999994712441));
#3825=CARTESIAN_POINT('Ctrl Pts',(0.627836738916666,0.186980023616001,-0.939008738772447));
#3826=CARTESIAN_POINT('Ctrl Pts',(0.625673480298962,0.186960047232003,-0.940017482832452));
#3827=CARTESIAN_POINT('Ctrl Pts',(0.623511160789658,0.186895169521958,-0.941025788979018));
#3828=CARTESIAN_POINT('Ctrl Pts',(0.621376865802761,0.186831132652885,-0.94202102707617));
#3829=CARTESIAN_POINT('Ctrl Pts',(0.61924348573957,0.186723350793756,-0.943015838537391));
#3830=CARTESIAN_POINT('Ctrl Pts',(0.617112003898894,0.186582571010098,-0.944009764842917));
#3831=CARTESIAN_POINT('Ctrl Pts',(0.615005727868576,0.186443456015912,-0.944991937486042));
#3832=CARTESIAN_POINT('Ctrl Pts',(0.612901305431414,0.186272118915738,-0.945973245784484));
#3833=CARTESIAN_POINT('Ctrl Pts',(0.610799741753473,0.186064839812216,-0.946953221021609));
#3834=CARTESIAN_POINT('Ctrl Pts',(0.60872056402956,0.185859768655344,-0.947922757516934));
#3835=CARTESIAN_POINT('Ctrl Pts',(0.606644184485968,0.185619517128707,-0.948890989199348));
#3836=CARTESIAN_POINT('Ctrl Pts',(0.60457162651401,0.18534433639639,-0.949857438853642));
#3837=CARTESIAN_POINT('Ctrl Pts',(0.602518640766765,0.185071754336439,-0.950814761829666));
#3838=CARTESIAN_POINT('Ctrl Pts',(0.60046940475385,0.184764899664526,-0.951770336275855));
#3839=CARTESIAN_POINT('Ctrl Pts',(0.598424951019075,0.184423142650799,-0.952723680709124));
#3840=CARTESIAN_POINT('Ctrl Pts',(0.596397269435131,0.184084189320073,-0.953669204160017));
#3841=CARTESIAN_POINT('Ctrl Pts',(0.594374291986122,0.183710903957492,-0.954612534036765));
#3842=CARTESIAN_POINT('Ctrl Pts',(0.592357052362639,0.18330305854282,-0.955553188321528));
#3843=CARTESIAN_POINT('Ctrl Pts',(0.590353806205315,0.182898042326495,-0.956487317345858));
#3844=CARTESIAN_POINT('Ctrl Pts',(0.588356218543748,0.182458943876889,-0.957418807770283));
#3845=CARTESIAN_POINT('Ctrl Pts',(0.586365315620815,0.181985599175607,-0.95834718104989));
#3846=CARTESIAN_POINT('Ctrl Pts',(0.584385656694566,0.181514927777071,-0.959270311167734));
#3847=CARTESIAN_POINT('Ctrl Pts',(0.582412607213547,0.181010395858755,-0.960190359250653));
#3848=CARTESIAN_POINT('Ctrl Pts',(0.580447177705311,0.180471992277735,-0.961106854081907));
#3849=CARTESIAN_POINT('Ctrl Pts',(0.578490279750648,0.179935925803681,-0.962019370584394));
#3850=CARTESIAN_POINT('Ctrl Pts',(0.57654093575866,0.179366281089512,-0.962928364616237));
#3851=CARTESIAN_POINT('Ctrl Pts',(0.574600131318094,0.178763176158154,-0.963833376589854));
#3852=CARTESIAN_POINT('Ctrl Pts',(0.572665190703473,0.178161893410562,-0.964735654216526));
#3853=CARTESIAN_POINT('Ctrl Pts',(0.570738738116488,0.177527352329581,-0.96563397381091));
#3854=CARTESIAN_POINT('Ctrl Pts',(0.568821728979094,0.176859798154544,-0.96652788985243));
#3855=CARTESIAN_POINT('Ctrl Pts',(0.566907968105951,0.176193375112541,-0.967420291203454));
#3856=CARTESIAN_POINT('Ctrl Pts',(0.565003618706724,0.175494050759361,-0.968308303912116));
#3857=CARTESIAN_POINT('Ctrl Pts',(0.563109587096555,0.1747622135984,-0.969191505356726));
#3858=CARTESIAN_POINT('Ctrl Pts',(0.561216247482073,0.174030643818488,-0.970074384118447));
#3859=CARTESIAN_POINT('Ctrl Pts',(0.559333218118695,0.173266584983948,-0.970952455131121));
#3860=CARTESIAN_POINT('Ctrl Pts',(0.557461390047839,0.172470485314749,-0.971825302895311));
#3861=CARTESIAN_POINT('Ctrl Pts',(0.555587763689924,0.171673620823313,-0.972698989214527));
#3862=CARTESIAN_POINT('Ctrl Pts',(0.553725360157294,0.170844653903638,-0.973567442244368));
#3863=CARTESIAN_POINT('Ctrl Pts',(0.55187489423728,0.169984383668484,-0.974430328674025));
#3864=CARTESIAN_POINT('Ctrl Pts',(0.550020211782422,0.169122153192191,-0.975295181306171));
#3865=CARTESIAN_POINT('Ctrl Pts',(0.548177521405066,0.16822847658028,-0.976154441940741));
#3866=CARTESIAN_POINT('Ctrl Pts',(0.546347932097005,0.167303387163077,-0.977007593446368));
#3867=CARTESIAN_POINT('Ctrl Pts',(0.544511786554157,0.166374982737751,-0.977863802174485));
#3868=CARTESIAN_POINT('Ctrl Pts',(0.542688836142789,0.165414939971564,-0.978713857911743));
#3869=CARTESIAN_POINT('Ctrl Pts',(0.540878415996682,0.164426683590883,-0.979558070690351));
#3870=CARTESIAN_POINT('Ctrl Pts',(0.539059178368976,0.163433614000147,-0.980406395128154));
#3871=CARTESIAN_POINT('Ctrl Pts',(0.537252593358725,0.162412055302135,-0.981248819553542));
#3872=CARTESIAN_POINT('Ctrl Pts',(0.535463234823556,0.161355325161706,-0.982083211141676));
#3873=CARTESIAN_POINT('Ctrl Pts',(0.533662898477296,0.16029211192489,-0.982922721767192));
#3874=CARTESIAN_POINT('Ctrl Pts',(0.531880000625209,0.159193294364451,-0.983754100689328));
#3875=CARTESIAN_POINT('Ctrl Pts',(0.530103796184536,0.158081465152806,-0.984582358422463));
#3876=CARTESIAN_POINT('Ctrl Pts',(0.530069108244761,0.158059751962674,-0.984598533674426));
#3877=CARTESIAN_POINT('Ctrl Pts',(0.530034596885558,0.158037701885761,-0.984614626585515));
#3878=CARTESIAN_POINT('Ctrl Pts',(0.529999998509883,0.158015821049592,-0.984630760073053));
#3879=CARTESIAN_POINT('',(0.529999998509884,0.287500001490116,-0.984630760073053));
#3880=CARTESIAN_POINT('',(0.529999998509883,0.158015821049592,-0.984630760073052));
#3881=CARTESIAN_POINT('',(0.529999998509884,0.287500001490116,-0.984630760073053));
#3882=CARTESIAN_POINT('Origin',(0.529999999497711,0.287500001004576,-0.500684616858031));
#3883=CARTESIAN_POINT('',(0.529999999999999,0.287500001004577,-0.200000000000002));
#3884=CARTESIAN_POINT('',(0.529999998995424,0.287500001004576,-0.801369233716061));
#3885=CARTESIAN_POINT('',(0.529999999999999,0.287500001004577,-0.200000000000002));
#3886=CARTESIAN_POINT('',(0.529999998995424,0.158015821356865,-0.801369233716061));
#3887=CARTESIAN_POINT('',(0.529999998995424,0.287500001004576,-0.801369233716061));
#3888=CARTESIAN_POINT('',(0.529999999999999,0.158015821356866,-0.200000000000002));
#3889=CARTESIAN_POINT('',(0.529999998995424,0.158015821356865,-0.801369233716061));
#3890=CARTESIAN_POINT('',(0.529999999999999,0.158015821356866,-0.200000000000002));
#3891=CARTESIAN_POINT('Origin',(0.52999999949771,-0.158015821356866,-0.500684616858031));
#3892=CARTESIAN_POINT('',(0.529999999999998,-0.158015821356866,-0.200000000000001));
#3893=CARTESIAN_POINT('',(0.529999998995423,-0.158015821356866,-0.801369233716061));
#3894=CARTESIAN_POINT('',(0.529999999999998,-0.158015821356866,-0.200000000000001));
#3895=CARTESIAN_POINT('',(0.529999998995423,-0.287500001242995,-0.801369233716061));
#3896=CARTESIAN_POINT('',(0.529999998995423,-0.158015821356866,-0.801369233716061));
#3897=CARTESIAN_POINT('',(0.529999999999998,-0.287500001242994,-0.200000000000001));
#3898=CARTESIAN_POINT('',(0.529999998995423,-0.287500001242995,-0.801369233716061));
#3899=CARTESIAN_POINT('',(0.529999999999998,-0.287500001242994,-0.200000000000001));
#3900=CARTESIAN_POINT('Origin',(0.579999999497713,0.288276906082462,-0.824684616858032));
#3901=CARTESIAN_POINT('',(0.529999998995424,0.158015821356865,-0.801369233716061));
#3902=CARTESIAN_POINT('',(0.529999998995424,0.287500001004576,-0.801369233716061));
#3903=CARTESIAN_POINT('',(0.529999998995424,0.158015821356865,-0.801369233716061));
#3904=CARTESIAN_POINT('',(0.630000000000002,0.1875,-0.848000000000003));
#3905=CARTESIAN_POINT('',(0.529999998995424,0.287500001004576,-0.801369233716061));
#3906=CARTESIAN_POINT('',(0.630000000000002,0.186999999999999,-0.848000000000003));
#3907=CARTESIAN_POINT('',(0.630000000000001,0.1875,-0.848000000000003));
#3908=CARTESIAN_POINT('Ctrl Pts',(0.630000000000001,0.186999999999999,-0.848000000000003));
#3909=CARTESIAN_POINT('Ctrl Pts',(0.6278367413856,0.186980023644648,-0.846991255941538));
#3910=CARTESIAN_POINT('Ctrl Pts',(0.625673482771199,0.186960047289297,-0.845982511883073));
#3911=CARTESIAN_POINT('Ctrl Pts',(0.6235111632647,0.186895169608157,-0.844974205737814));
#3912=CARTESIAN_POINT('Ctrl Pts',(0.621376868280656,0.186831132767618,-0.843978967641993));
#3913=CARTESIAN_POINT('Ctrl Pts',(0.619243488219834,0.186723350937277,-0.842984156181876));
#3914=CARTESIAN_POINT('Ctrl Pts',(0.61711200638115,0.186582571182573,-0.841990229877279));
#3915=CARTESIAN_POINT('Ctrl Pts',(0.615005730352873,0.186443456217004,-0.841008057235106));
#3916=CARTESIAN_POINT('Ctrl Pts',(0.612901307917383,0.186272119145611,-0.840026748937444));
#3917=CARTESIAN_POINT('Ctrl Pts',(0.610799744240696,0.186064840071039,-0.839046773700904));
#3918=CARTESIAN_POINT('Ctrl Pts',(0.608720566518083,0.185859768942815,-0.838077237206185));
#3919=CARTESIAN_POINT('Ctrl Pts',(0.606644186975381,0.185619517444994,-0.837109005524186));
#3920=CARTESIAN_POINT('Ctrl Pts',(0.604571629003902,0.185344336741621,-0.836142555870115));
#3921=CARTESIAN_POINT('Ctrl Pts',(0.602518643257179,0.185071754710348,-0.835185232894335));
#3922=CARTESIAN_POINT('Ctrl Pts',(0.600469407244384,0.184764900067239,-0.834229658448202));
#3923=CARTESIAN_POINT('Ctrl Pts',(0.598424953509286,0.184423143082469,-0.833276314014782));
#3924=CARTESIAN_POINT('Ctrl Pts',(0.596397271925056,0.184084189780468,-0.832330790563756));
#3925=CARTESIAN_POINT('Ctrl Pts',(0.594374294475327,0.18371090444676,-0.831387460686673));
#3926=CARTESIAN_POINT('Ctrl Pts',(0.592357054850769,0.183303059060928,-0.830446806401407));
#3927=CARTESIAN_POINT('Ctrl Pts',(0.590353808692396,0.182898042873246,-0.829512677376589));
#3928=CARTESIAN_POINT('Ctrl Pts',(0.588356221029431,0.182458944452248,-0.828581186951512));
#3929=CARTESIAN_POINT('Ctrl Pts',(0.586365318104411,0.181985599780104,-0.827652813670932));
#3930=CARTESIAN_POINT('Ctrl Pts',(0.58438565917609,0.181514928410542,-0.826729683552121));
#3931=CARTESIAN_POINT('Ctrl Pts',(0.582412609692319,0.181010396521723,-0.82580963546792));
#3932=CARTESIAN_POINT('Ctrl Pts',(0.580447180181869,0.180471992968522,-0.824893140635633));
#3933=CARTESIAN_POINT('Ctrl Pts',(0.578490282224987,0.179935926522163,-0.823980624132111));
#3934=CARTESIAN_POINT('Ctrl Pts',(0.576540938231314,0.179366281834025,-0.823071630099483));
#3935=CARTESIAN_POINT('Ctrl Pts',(0.574600133785058,0.178763176935063,-0.822166618123213));
#3936=CARTESIAN_POINT('Ctrl Pts',(0.572665193164733,0.178161894219759,-0.82126434049388));
#3937=CARTESIAN_POINT('Ctrl Pts',(0.570738740568062,0.177527353177393,-0.820366020894979));
#3938=CARTESIAN_POINT('Ctrl Pts',(0.568821731433861,0.176859799017333,-0.819472104854949));
#3939=CARTESIAN_POINT('Ctrl Pts',(0.566907970563854,0.176193375990264,-0.818579703505387));
#3940=CARTESIAN_POINT('Ctrl Pts',(0.565003621180599,0.175494051628459,-0.817691690804172));
#3941=CARTESIAN_POINT('Ctrl Pts',(0.563109589536472,0.174762214546744,-0.816808489343728));
#3942=CARTESIAN_POINT('Ctrl Pts',(0.561216249887971,0.174030644846021,-0.815925610566143));
#3943=CARTESIAN_POINT('Ctrl Pts',(0.559333220440682,0.173266586178475,-0.815047539514341));
#3944=CARTESIAN_POINT('Ctrl Pts',(0.557461392470207,0.172470486348226,-0.81417469179696));
#3945=CARTESIAN_POINT('Ctrl Pts',(0.555587766212674,0.171673621695545,-0.813301005524552));
#3946=CARTESIAN_POINT('Ctrl Pts',(0.553725362965073,0.170844654285947,-0.812432552627623));
#3947=CARTESIAN_POINT('Ctrl Pts',(0.551874896639353,0.169984384786572,-0.811569666008782));
#3948=CARTESIAN_POINT('Ctrl Pts',(0.550020213777746,0.16912215504768,-0.810704813186966));
#3949=CARTESIAN_POINT('Ctrl Pts',(0.548177522299755,0.168228480404461,-0.809845552039162));
#3950=CARTESIAN_POINT('Ctrl Pts',(0.546347934475997,0.167303388365139,-0.808992401225676));
#3951=CARTESIAN_POINT('Ctrl Pts',(0.544511790422628,0.166374981308226,-0.808136193192114));
#3952=CARTESIAN_POINT('Ctrl Pts',(0.542688844104238,0.165414931286676,-0.807286139363444));
#3953=CARTESIAN_POINT('Ctrl Pts',(0.540878418349763,0.164426684876161,-0.806441923969611));
#3954=CARTESIAN_POINT('Ctrl Pts',(0.539059175086207,0.163433625304058,-0.805593596903768));
#3955=CARTESIAN_POINT('Ctrl Pts',(0.537252574644032,0.162412094018403,-0.804751165282355));
#3956=CARTESIAN_POINT('Ctrl Pts',(0.535464344353041,0.161353173095348,-0.803917299803122));
#3957=CARTESIAN_POINT('Ctrl Pts',(0.533630009494339,0.160266950827693,-0.803061935410888));
#3958=CARTESIAN_POINT('Ctrl Pts',(0.531815004244882,0.159141386092279,-0.802215584563475));
#3959=CARTESIAN_POINT('Ctrl Pts',(0.529999998995424,0.158015821356865,-0.801369233716061));
#3960=CARTESIAN_POINT('Origin',(0.529999998509885,-1.00532006166845E-15,
-1.25));
#3961=CARTESIAN_POINT('',(0.529999998509885,0.287500001490116,-1.25));
#3962=CARTESIAN_POINT('',(0.529999998509885,0.158015821049591,-1.25));
#3963=CARTESIAN_POINT('',(0.529999998509885,0.287500001490116,-1.25));
#3964=CARTESIAN_POINT('',(0.443014402009137,0.00239262212708,-1.25));
#3965=CARTESIAN_POINT('Ctrl Pts',(0.529999998509885,0.158015821049591,-1.25));
#3966=CARTESIAN_POINT('Ctrl Pts',(0.525322835995878,0.15489315152346,-1.25));
#3967=CARTESIAN_POINT('Ctrl Pts',(0.520645673481872,0.15177048199733,-1.25));
#3968=CARTESIAN_POINT('Ctrl Pts',(0.516155124032267,0.148393133148307,-1.25));
#3969=CARTESIAN_POINT('Ctrl Pts',(0.511694276918092,0.145038123469469,-1.25));
#3970=CARTESIAN_POINT('Ctrl Pts',(0.507417582362059,0.141431792432358,-1.25));
#3971=CARTESIAN_POINT('Ctrl Pts',(0.50330533397362,0.137650165240537,-1.25));
#3972=CARTESIAN_POINT('Ctrl Pts',(0.499170906220182,0.133848141885388,-1.25));
#3973=CARTESIAN_POINT('Ctrl Pts',(0.495202703295107,0.129868926360571,-1.25));
#3974=CARTESIAN_POINT('Ctrl Pts',(0.491430954291255,0.125710241210459,-1.25));
#3975=CARTESIAN_POINT('Ctrl Pts',(0.487592241944305,0.121477723082528,-1.25));
#3976=CARTESIAN_POINT('Ctrl Pts',(0.483957021096967,0.117059306180173,-1.25));
#3977=CARTESIAN_POINT('Ctrl Pts',(0.480534160144682,0.112482216578595,-1.25));
#3978=CARTESIAN_POINT('Ctrl Pts',(0.477008233866403,0.107767306820585,-1.25));
#3979=CARTESIAN_POINT('Ctrl Pts',(0.473707648705359,0.102884024953949,-1.25));
#3980=CARTESIAN_POINT('Ctrl Pts',(0.470638492294625,0.09786198408001,-1.25));
#3981=CARTESIAN_POINT('Ctrl Pts',(0.469096757756745,0.0953392537822261,
-1.25));
#3982=CARTESIAN_POINT('Ctrl Pts',(0.467613421285621,0.0927815094347159,
-1.25));
#3983=CARTESIAN_POINT('Ctrl Pts',(0.466187606881146,0.090191462238252,-1.25));
#3984=CARTESIAN_POINT('Ctrl Pts',(0.463229549740475,0.084818036650654,-1.25));
#3985=CARTESIAN_POINT('Ctrl Pts',(0.46051907604564,0.0793055748440822,-1.25));
#3986=CARTESIAN_POINT('Ctrl Pts',(0.458083879333811,0.073673620308595,-1.25));
#3987=CARTESIAN_POINT('Ctrl Pts',(0.45568204276486,0.0681188188043508,-1.25));
#3988=CARTESIAN_POINT('Ctrl Pts',(0.453547992713898,0.0624477760457456,
-1.25));
#3989=CARTESIAN_POINT('Ctrl Pts',(0.451707609214958,0.056684164204161,-1.25));
#3990=CARTESIAN_POINT('Ctrl Pts',(0.44987034012321,0.0509303058917649,-1.25));
#3991=CARTESIAN_POINT('Ctrl Pts',(0.448325744504211,0.0450841915331892,
-1.25));
#3992=CARTESIAN_POINT('Ctrl Pts',(0.447056785064206,0.039175460653892,-1.25));
#3993=CARTESIAN_POINT('Ctrl Pts',(0.445774108799028,0.0332028593104116,
-1.25));
#3994=CARTESIAN_POINT('Ctrl Pts',(0.444773059901746,0.0271662804223941,
-1.25));
#3995=CARTESIAN_POINT('Ctrl Pts',(0.444147649326615,0.021096324218505,-1.25));
#3996=CARTESIAN_POINT('Ctrl Pts',(0.443507678892193,0.0148850565118316,
-1.25));
#3997=CARTESIAN_POINT('Ctrl Pts',(0.443261040450665,0.00863883931945582,
-1.25));
#3998=CARTESIAN_POINT('Ctrl Pts',(0.443014402009137,0.00239262212708,-1.25));
#3999=CARTESIAN_POINT('',(0.443,-1.04902962956708E-15,-1.25));
#4000=CARTESIAN_POINT('',(0.443014402009137,0.00239262212708,-1.25));
#4001=CARTESIAN_POINT('',(0.465370469138228,-0.088692121139998,-1.25));
#4002=CARTESIAN_POINT('Ctrl Pts',(0.443,-1.04902962956708E-15,-1.25));
#4003=CARTESIAN_POINT('Ctrl Pts',(0.443175276764468,-0.00634253403057235,
-1.25));
#4004=CARTESIAN_POINT('Ctrl Pts',(0.443350553528936,-0.0126850680611437,
-1.25));
#4005=CARTESIAN_POINT('Ctrl Pts',(0.443927999998808,-0.018997123371176,
-1.25));
#4006=CARTESIAN_POINT('Ctrl Pts',(0.444490157730426,-0.0251420578024521,
-1.25));
#4007=CARTESIAN_POINT('Ctrl Pts',(0.4454334710295,-0.031258106084756,-1.25));
#4008=CARTESIAN_POINT('Ctrl Pts',(0.446669912956085,-0.03730918400322,-1.25));
#4009=CARTESIAN_POINT('Ctrl Pts',(0.447888522218646,-0.0432729898572354,
-1.25));
#4010=CARTESIAN_POINT('Ctrl Pts',(0.449391865749161,-0.0491736859114886,
-1.25));
#4011=CARTESIAN_POINT('Ctrl Pts',(0.45117582816376,-0.0549933054951309,
-1.25));
#4012=CARTESIAN_POINT('Ctrl Pts',(0.45295618265604,-0.060801155360305,-1.25));
#4013=CARTESIAN_POINT('Ctrl Pts',(0.455016022121369,-0.0665282563646973,
-1.25));
#4014=CARTESIAN_POINT('Ctrl Pts',(0.457413858973464,-0.072103907452862,
-1.25));
#4015=CARTESIAN_POINT('Ctrl Pts',(0.45983611745565,-0.077736345760839,-1.25));
#4016=CARTESIAN_POINT('Ctrl Pts',(0.462603293296939,-0.0832142334504185,
-1.25));
#4017=CARTESIAN_POINT('Ctrl Pts',(0.465370469138228,-0.088692121139998,
-1.25));
#4018=CARTESIAN_POINT('',(0.466187606881146,-0.090191462238254,-1.25));
#4019=CARTESIAN_POINT('',(0.465370469138228,-0.088692121139998,-1.25));
#4020=CARTESIAN_POINT('',(0.529999998509884,-0.158015821049593,-1.25));
#4021=CARTESIAN_POINT('Ctrl Pts',(0.466187606881146,-0.090191462238254,
-1.25));
#4022=CARTESIAN_POINT('Ctrl Pts',(0.469289915990702,-0.0954873551203642,
-1.25));
#4023=CARTESIAN_POINT('Ctrl Pts',(0.472392225100258,-0.100783248002474,
-1.25));
#4024=CARTESIAN_POINT('Ctrl Pts',(0.475811711628061,-0.10587221827854,-1.25));
#4025=CARTESIAN_POINT('Ctrl Pts',(0.479102180074282,-0.110769180433823,
-1.25));
#4026=CARTESIAN_POINT('Ctrl Pts',(0.482686343096993,-0.115474539897197,
-1.25));
#4027=CARTESIAN_POINT('Ctrl Pts',(0.486474364857158,-0.120005693596668,
-1.25));
#4028=CARTESIAN_POINT('Ctrl Pts',(0.490163234502384,-0.124418243576082,
-1.25));
#4029=CARTESIAN_POINT('Ctrl Pts',(0.494045430482376,-0.128665588167434,
-1.25));
#4030=CARTESIAN_POINT('Ctrl Pts',(0.498126273506708,-0.132713408007039,
-1.25));
#4031=CARTESIAN_POINT('Ctrl Pts',(0.502149051604565,-0.136703632795825,
-1.25));
#4032=CARTESIAN_POINT('Ctrl Pts',(0.506364864001431,-0.140499970377697,
-1.25));
#4033=CARTESIAN_POINT('Ctrl Pts',(0.510739522393513,-0.144104636673317,
-1.25));
#4034=CARTESIAN_POINT('Ctrl Pts',(0.515104287090432,-0.147701150682222,
-1.25));
#4035=CARTESIAN_POINT('Ctrl Pts',(0.519627180105169,-0.151106859389249,
-1.25));
#4036=CARTESIAN_POINT('Ctrl Pts',(0.524308339206541,-0.15427499974238,-1.25));
#4037=CARTESIAN_POINT('Ctrl Pts',(0.526188537502495,-0.155547490585845,
-1.25));
#4038=CARTESIAN_POINT('Ctrl Pts',(0.528094268006189,-0.156781655817719,
-1.25));
#4039=CARTESIAN_POINT('Ctrl Pts',(0.529999998509884,-0.158015821049593,
-1.25));
#4040=CARTESIAN_POINT('',(0.529999998509884,-0.287500001728536,-1.25));
#4041=CARTESIAN_POINT('',(0.529999998509884,-0.158015821049593,-1.25));
#4042=CARTESIAN_POINT('',(0.423999999999999,-0.393500000000001,-1.25));
#4043=CARTESIAN_POINT('',(0.529999998509884,-0.287500001728536,-1.25));
#4044=CARTESIAN_POINT('',(-0.630000000000001,-0.393500000238418,-1.25));
#4045=CARTESIAN_POINT('',(0.423999999999999,-0.393500000000001,-1.25));
#4046=CARTESIAN_POINT('',(-0.629999999999999,0.39350000023842,-1.25));
#4047=CARTESIAN_POINT('',(-0.630000000000001,-0.393500000238418,-1.25));
#4048=CARTESIAN_POINT('',(0.423999999761582,0.393500000238418,-1.25));
#4049=CARTESIAN_POINT('',(-0.629999999999999,0.39350000023842,-1.25));
#4050=CARTESIAN_POINT('',(0.423999999761582,0.393500000238418,-1.25));
#4051=CARTESIAN_POINT('Origin',(0.526999999880789,0.290500000119209,-0.200000000000003));
#4052=CARTESIAN_POINT('',(0.529999999999999,0.2875,-0.200000000000003));
#4053=CARTESIAN_POINT('',(0.529999998995424,0.287500001004576,-0.801369233716061));
#4054=CARTESIAN_POINT('',(0.529999999999999,0.2875,-0.200000000000003));
#4055=CARTESIAN_POINT('',(0.629999999999999,0.1875,-0.848000000000003));
#4056=CARTESIAN_POINT('',(0.529999998995424,0.287500001004576,-0.801369233716061));
#4057=CARTESIAN_POINT('',(0.62999999753437,0.187500002465629,-0.937999994712442));
#4058=CARTESIAN_POINT('',(0.629999999999999,0.1875,-0.848000000000003));
#4059=CARTESIAN_POINT('',(0.529999998509884,0.287500001490116,-0.984630760073053));
#4060=CARTESIAN_POINT('',(0.62999999753437,0.187500002465629,-0.937999994712442));
#4061=CARTESIAN_POINT('',(0.529999998509884,0.287500001490116,-1.25));
#4062=CARTESIAN_POINT('',(0.529999998509884,0.287500001490116,-0.984630760073053));
#4063=CARTESIAN_POINT('',(0.423999999761582,0.393500000238418,-1.25));
#4064=CARTESIAN_POINT('',(0.529999998509884,0.287500001490116,-1.25));
#4065=CARTESIAN_POINT('',(0.42399999976158,0.393500000238419,-0.200000000000003));
#4066=CARTESIAN_POINT('',(0.423999999761582,0.393500000238418,-1.25));
#4067=CARTESIAN_POINT('',(0.42399999976158,0.393500000238419,-0.200000000000003));
#4068=CARTESIAN_POINT('Origin',(0.526999999999998,-0.290500000238419,-0.200000000000001));
#4069=CARTESIAN_POINT('',(0.529999998995423,-0.287500001242995,-0.801369233716061));
#4070=CARTESIAN_POINT('',(0.529999999999998,-0.287500000238419,-0.200000000000001));
#4071=CARTESIAN_POINT('',(0.529999998995423,-0.287500001242995,-0.801369233716061));
#4072=CARTESIAN_POINT('',(0.423999999999998,-0.393500000238419,-0.200000000000001));
#4073=CARTESIAN_POINT('',(0.529999999999998,-0.287500000238419,-0.200000000000001));
#4074=CARTESIAN_POINT('',(0.423999999999999,-0.393500000238419,-1.25));
#4075=CARTESIAN_POINT('',(0.423999999999998,-0.393500000238419,-0.200000000000001));
#4076=CARTESIAN_POINT('',(0.529999998509883,-0.287500001728536,-1.25));
#4077=CARTESIAN_POINT('',(0.423999999999999,-0.393500000238419,-1.25));
#4078=CARTESIAN_POINT('',(0.529999998509883,-0.287500001728535,-0.984630760073053));
#4079=CARTESIAN_POINT('',(0.529999998509883,-0.287500001728536,-1.25));
#4080=CARTESIAN_POINT('',(0.629999999999999,-0.187500000238419,-0.9379999935627));
#4081=CARTESIAN_POINT('',(0.529999998509883,-0.287500001728535,-0.984630760073053));
#4082=CARTESIAN_POINT('',(0.629999999999999,-0.187500000238419,-0.848000000000002));
#4083=CARTESIAN_POINT('',(0.629999999999999,-0.18750000023842,-0.9379999935627));
#4084=CARTESIAN_POINT('',(0.629999999999999,-0.18750000023842,-0.848000000000002));
#4085=CARTESIAN_POINT('Origin',(0.630000000000001,0.3935,-0.625));
#4086=CARTESIAN_POINT('',(0.630000000000001,0.393500000000001,-0.200000000000002));
#4087=CARTESIAN_POINT('',(0.42399999976158,0.393500000000002,-0.200000000000002));
#4088=CARTESIAN_POINT('',(0.63,0.393500000000002,-0.200000000000002));
#4089=CARTESIAN_POINT('',(0.423999999761582,0.393499999999999,-1.25));
#4090=CARTESIAN_POINT('',(0.42399999976158,0.393500000000002,-0.200000000000002));
#4091=CARTESIAN_POINT('',(-0.629999999999999,0.393500000000001,-1.25));
#4092=CARTESIAN_POINT('',(0.423999999761582,0.393499999999999,-1.25));
#4093=CARTESIAN_POINT('',(-0.630000000000001,0.393500000000004,-1.365924E-15));
#4094=CARTESIAN_POINT('',(-0.629999999999999,0.393500000000001,-1.25));
#4095=CARTESIAN_POINT('',(0.63,0.393500000000002,4.670387E-16));
#4096=CARTESIAN_POINT('',(-0.630000000000001,0.393500000000004,-1.365924E-15));
#4097=CARTESIAN_POINT('',(0.63,0.393500000000002,4.670387E-16));
#4098=CARTESIAN_POINT('Origin',(-0.629999999999999,0.393500000000003,-0.625000000000001));
#4099=CARTESIAN_POINT('',(-0.629999999999999,0.393500000000004,-1.391992E-15));
#4100=CARTESIAN_POINT('',(-0.629999999999999,0.393500000000003,-1.25));
#4101=CARTESIAN_POINT('',(-0.629999999999999,0.393500000000004,-1.391992E-15));
#4102=CARTESIAN_POINT('',(-0.63,-0.393499999999997,-1.25));
#4103=CARTESIAN_POINT('',(-0.629999999999999,0.393500000000003,-1.25));
#4104=CARTESIAN_POINT('',(-0.63,-0.393499999999996,-8.195544E-16));
#4105=CARTESIAN_POINT('',(-0.63,-0.393499999999997,-1.25));
#4106=CARTESIAN_POINT('',(-0.63,-0.393499999999996,-8.195544E-16));
#4107=CARTESIAN_POINT('Origin',(0.630000000000001,0.275051458580776,-0.200000000000002));
#4108=CARTESIAN_POINT('',(0.630000000000001,0.187,-0.200000000000002));
#4109=CARTESIAN_POINT('',(0.630000000000001,0.393500000238418,-0.200000000000002));
#4110=CARTESIAN_POINT('',(0.630000000000001,0.187,-0.200000000000002));
#4111=CARTESIAN_POINT('',(0.42399999976158,0.393500000238419,-0.200000000000002));
#4112=CARTESIAN_POINT('',(0.630000000000001,0.393500000238418,-0.200000000000002));
#4113=CARTESIAN_POINT('',(0.529999999999999,0.2875,-0.200000000000002));
#4114=CARTESIAN_POINT('',(0.42399999976158,0.393500000238419,-0.200000000000002));
#4115=CARTESIAN_POINT('',(0.529999999999998,0.158015821992609,-0.200000000000002));
#4116=CARTESIAN_POINT('',(0.529999999999999,0.2875,-0.200000000000002));
#4117=CARTESIAN_POINT('Ctrl Pts',(0.529999999999998,0.158015821992609,-0.200000000000002));
#4118=CARTESIAN_POINT('Ctrl Pts',(0.532430853587587,0.159513006539835,-0.200000000000002));
#4119=CARTESIAN_POINT('Ctrl Pts',(0.534861707175175,0.161010191087061,-0.200000000000002));
#4120=CARTESIAN_POINT('Ctrl Pts',(0.537332386696578,0.162439486679125,-0.200000000000002));
#4121=CARTESIAN_POINT('Ctrl Pts',(0.539768881054082,0.163849006050255,-0.200000000000002));
#4122=CARTESIAN_POINT('Ctrl Pts',(0.542244106879463,0.165192502138709,-0.200000000000002));
#4123=CARTESIAN_POINT('Ctrl Pts',(0.544745798146391,0.16648408321825,-0.200000000000002));
#4124=CARTESIAN_POINT('Ctrl Pts',(0.547219435574627,0.167761180573223,-0.200000000000002));
#4125=CARTESIAN_POINT('Ctrl Pts',(0.549718948208278,0.168987520735374,-0.200000000000002));
#4126=CARTESIAN_POINT('Ctrl Pts',(0.55224533216861,0.170156124641544,-0.200000000000002));
#4127=CARTESIAN_POINT('Ctrl Pts',(0.554750265091089,0.17131480615784,-0.200000000000002));
#4128=CARTESIAN_POINT('Ctrl Pts',(0.557281614959024,0.172416727710507,-0.200000000000002));
#4129=CARTESIAN_POINT('Ctrl Pts',(0.559836503705071,0.173460964290855,-0.200000000000002));
#4130=CARTESIAN_POINT('Ctrl Pts',(0.562376867337349,0.174499264152763,-0.200000000000002));
#4131=CARTESIAN_POINT('Ctrl Pts',(0.564940502960988,0.175480533081802,-0.200000000000002));
#4132=CARTESIAN_POINT('Ctrl Pts',(0.567525222121271,0.176402775874792,-0.200000000000002));
#4133=CARTESIAN_POINT('Ctrl Pts',(0.570102657750634,0.17732241986169,-0.200000000000002));
#4134=CARTESIAN_POINT('Ctrl Pts',(0.572701058260634,0.178183369905649,-0.200000000000002));
#4135=CARTESIAN_POINT('Ctrl Pts',(0.575317766249576,0.178984538055882,-0.200000000000002));
#4136=CARTESIAN_POINT('Ctrl Pts',(0.577934705695581,0.179785777072267,-0.200000000000002));
#4137=CARTESIAN_POINT('Ctrl Pts',(0.580569955859393,0.18052722361862,-0.200000000000002));
#4138=CARTESIAN_POINT('Ctrl Pts',(0.583220757633397,0.181208023899855,-0.200000000000002));
#4139=CARTESIAN_POINT('Ctrl Pts',(0.585879538089857,0.181890873330639,-0.200000000000002));
#4140=CARTESIAN_POINT('Ctrl Pts',(0.588553963915384,0.182512710866924,-0.200000000000002));
#4141=CARTESIAN_POINT('Ctrl Pts',(0.591241132483241,0.183073795391679,-0.200000000000002));
#4142=CARTESIAN_POINT('Ctrl Pts',(0.59394421401996,0.183638202566408,-0.200000000000002));
#4143=CARTESIAN_POINT('Ctrl Pts',(0.596660189666708,0.184141135060492,-0.200000000000002));
#4144=CARTESIAN_POINT('Ctrl Pts',(0.599386112885631,0.1845812030875,-0.200000000000002));
#4145=CARTESIAN_POINT('Ctrl Pts',(0.602136023400199,0.185025143579365,-0.200000000000002));
#4146=CARTESIAN_POINT('Ctrl Pts',(0.604896057328452,0.185405108359868,-0.200000000000002));
#4147=CARTESIAN_POINT('Ctrl Pts',(0.60766317781277,0.185728390834881,-0.200000000000002));
#4148=CARTESIAN_POINT('Ctrl Pts',(0.610462451719074,0.186055429791731,-0.200000000000002));
#4149=CARTESIAN_POINT('Ctrl Pts',(0.613268977827181,0.186324461514286,-0.200000000000002));
#4150=CARTESIAN_POINT('Ctrl Pts',(0.616080034464513,0.186512305363246,-0.200000000000002));
#4151=CARTESIAN_POINT('Ctrl Pts',(0.620711822937292,0.186821816371577,-0.200000000000002));
#4152=CARTESIAN_POINT('Ctrl Pts',(0.625355911468647,0.186910908185788,-0.200000000000002));
#4153=CARTESIAN_POINT('Ctrl Pts',(0.630000000000001,0.187,-0.200000000000002));
#4154=CARTESIAN_POINT('Origin',(0.579999999497711,-0.157238916277549,-0.824684616858031));
#4155=CARTESIAN_POINT('',(0.629999999999999,-0.187000000000001,-0.848000000000002));
#4156=CARTESIAN_POINT('',(0.629999999999999,-0.18750000023842,-0.848000000000002));
#4157=CARTESIAN_POINT('',(0.629999999999999,-0.187000000000001,-0.848000000000002));
#4158=CARTESIAN_POINT('',(0.529999998995423,-0.287500001242995,-0.801369233716061));
#4159=CARTESIAN_POINT('',(0.629999999999999,-0.18750000023842,-0.848000000000002));
#4160=CARTESIAN_POINT('',(0.529999998995423,-0.158015821356866,-0.801369233716061));
#4161=CARTESIAN_POINT('',(0.529999998995423,-0.287500001242995,-0.801369233716061));
#4162=CARTESIAN_POINT('Ctrl Pts',(0.529999998995423,-0.158015821356866,
-0.801369233716061));
#4163=CARTESIAN_POINT('Ctrl Pts',(0.531782088787794,-0.159121350736193,
-0.802200235833764));
#4164=CARTESIAN_POINT('Ctrl Pts',(0.533564178580166,-0.160226880115519,
-0.803031237951466));
#4165=CARTESIAN_POINT('Ctrl Pts',(0.535364883478553,-0.16129456233486,-0.803870920435661));
#4166=CARTESIAN_POINT('Ctrl Pts',(0.537153902972096,-0.162355315990288,
-0.804705153926089));
#4167=CARTESIAN_POINT('Ctrl Pts',(0.53896129675568,-0.163378712098879,-0.805547955488676));
#4168=CARTESIAN_POINT('Ctrl Pts',(0.540781372103892,-0.164373592689611,
-0.806396670561966));
#4169=CARTESIAN_POINT('Ctrl Pts',(0.542591914524732,-0.165363262438701,
-0.807240940358218));
#4170=CARTESIAN_POINT('Ctrl Pts',(0.544415006014764,-0.166324714596573,
-0.808091061881538));
#4171=CARTESIAN_POINT('Ctrl Pts',(0.546251314473261,-0.167254520981499,
-0.808947346578469));
#4172=CARTESIAN_POINT('Ctrl Pts',(0.54808034955387,-0.168180644524815,-0.809800239643592));
#4173=CARTESIAN_POINT('Ctrl Pts',(0.549922497108928,-0.169075372488255,
-0.810659247155967));
#4174=CARTESIAN_POINT('Ctrl Pts',(0.551776649094515,-0.169938669766334,
-0.811523852426229));
#4175=CARTESIAN_POINT('Ctrl Pts',(0.553625862924566,-0.17079966782824,-0.812386154996748));
#4176=CARTESIAN_POINT('Ctrl Pts',(0.555487017327592,-0.171629402400279,
-0.813254025547888));
#4177=CARTESIAN_POINT('Ctrl Pts',(0.557359399760965,-0.172427073363296,
-0.814127131815565));
#4178=CARTESIAN_POINT('Ctrl Pts',(0.559229255319536,-0.173223667829001,
-0.81499905978217));
#4179=CARTESIAN_POINT('Ctrl Pts',(0.561110308623314,-0.173988285170213,
-0.81587620934312));
#4180=CARTESIAN_POINT('Ctrl Pts',(0.563001671766668,-0.174720476149669,
-0.816758166461217));
#4181=CARTESIAN_POINT('Ctrl Pts',(0.564892988558538,-0.17545264918538,-0.817640101965264));
#4182=CARTESIAN_POINT('Ctrl Pts',(0.566794614684666,-0.176152397448657,
-0.818526844790825));
#4183=CARTESIAN_POINT('Ctrl Pts',(0.568705647989741,-0.176819331396243,
-0.819417974255971));
#4184=CARTESIAN_POINT('Ctrl Pts',(0.570619178564705,-0.177487136869229,
-0.82031026821719));
#4185=CARTESIAN_POINT('Ctrl Pts',(0.57254214092061,-0.178122042209345,-0.821206960290092));
#4186=CARTESIAN_POINT('Ctrl Pts',(0.57447358487718,-0.178723800650892,-0.822107607398338));
#4187=CARTESIAN_POINT('Ctrl Pts',(0.576410126035926,-0.179327147170844,
-0.823010631370994));
#4188=CARTESIAN_POINT('Ctrl Pts',(0.578355193621364,-0.179897171607868,
-0.823917631281712));
#4189=CARTESIAN_POINT('Ctrl Pts',(0.580307808365396,-0.180433753671271,
-0.824828150490281));
#4190=CARTESIAN_POINT('Ctrl Pts',(0.582268169392495,-0.180972464427272,
-0.825742281849966));
#4191=CARTESIAN_POINT('Ctrl Pts',(0.584236137578136,-0.18147746694262,-0.826659960485936));
#4192=CARTESIAN_POINT('Ctrl Pts',(0.586210709770714,-0.181948768901172,
-0.827580718620915));
#4193=CARTESIAN_POINT('Ctrl Pts',(0.588195719035613,-0.182422562038646,
-0.828506343642646));
#4194=CARTESIAN_POINT('Ctrl Pts',(0.590187402306067,-0.182862297413101,
-0.829435080804277));
#4195=CARTESIAN_POINT('Ctrl Pts',(0.59218474168354,-0.183268134478822,-0.830366455451928));
#4196=CARTESIAN_POINT('Ctrl Pts',(0.594195243000731,-0.183676645903771,
-0.831303967612865));
#4197=CARTESIAN_POINT('Ctrl Pts',(0.596211475215064,-0.184050810786136,
-0.832244152135027));
#4198=CARTESIAN_POINT('Ctrl Pts',(0.598232413898679,-0.184390849759575,
-0.833186531319858));
#4199=CARTESIAN_POINT('Ctrl Pts',(0.600269265761125,-0.184733566251653,
-0.834136330941844));
#4200=CARTESIAN_POINT('Ctrl Pts',(0.602310898503575,-0.185041617293716,
-0.835088359924789));
#4201=CARTESIAN_POINT('Ctrl Pts',(0.604356289412615,-0.185315627330053,
-0.836042141369595));
#4202=CARTESIAN_POINT('Ctrl Pts',(0.606420363431153,-0.185592140242241,
-0.837004634891437));
#4203=CARTESIAN_POINT('Ctrl Pts',(0.608488264585899,-0.185833987430477,
-0.837968913036203));
#4204=CARTESIAN_POINT('Ctrl Pts',(0.610558980516329,-0.186040895486056,
-0.838934503732426));
#4205=CARTESIAN_POINT('Ctrl Pts',(0.612651160633579,-0.186249948265155,
-0.83991010334334));
#4206=CARTESIAN_POINT('Ctrl Pts',(0.614746214182555,-0.186423333828288,
-0.840887042857472));
#4207=CARTESIAN_POINT('Ctrl Pts',(0.616843145009657,-0.186564801142449,
-0.841864857760771));
#4208=CARTESIAN_POINT('Ctrl Pts',(0.618964324916379,-0.186707904396204,
-0.8428539801956));
#4209=CARTESIAN_POINT('Ctrl Pts',(0.621087425770267,-0.18681834692214,-0.843843998382803));
#4210=CARTESIAN_POINT('Ctrl Pts',(0.623211482560277,-0.186885213139895,
-0.844834462330341));
#4211=CARTESIAN_POINT('Ctrl Pts',(0.625473598878413,-0.186956425530744,
-0.845889304493125));
#4212=CARTESIAN_POINT('Ctrl Pts',(0.627736799439206,-0.186978212765373,
-0.846944652246564));
#4213=CARTESIAN_POINT('Ctrl Pts',(0.629999999999999,-0.187000000000001,
-0.848000000000002));
#4214=CARTESIAN_POINT('Origin',(0.629999999999998,-4.37095678986256E-17,
6.82293542341851E-16));
#4215=CARTESIAN_POINT('',(0.630000000000002,0.187,-0.848000000000002));
#4216=CARTESIAN_POINT('',(0.62999999753437,0.186999999999999,-0.937999994712442));
#4217=CARTESIAN_POINT('',(0.630000000000002,0.186999999999999,-0.848000000000002));
#4218=CARTESIAN_POINT('',(0.529999998509884,0.158015821049592,-0.984630760073053));
#4219=CARTESIAN_POINT('Ctrl Pts',(0.62999999753437,0.186999999999999,-0.937999994712442));
#4220=CARTESIAN_POINT('Ctrl Pts',(0.625884699700759,0.186999999945739,-0.939940154912438));
#4221=CARTESIAN_POINT('Ctrl Pts',(0.621767855326162,0.186863942239676,-0.941880315112434));
#4222=CARTESIAN_POINT('Ctrl Pts',(0.617665711253364,0.186592779391686,-0.943826236157227));
#4223=CARTESIAN_POINT('Ctrl Pts',(0.612689557822994,0.186263842154898,-0.946186758242858));
#4224=CARTESIAN_POINT('Ctrl Pts',(0.607727933999052,0.185736226048483,-0.948555757517796));
#4225=CARTESIAN_POINT('Ctrl Pts',(0.602782110667602,0.185008611962495,-0.950899607801513));
#4226=CARTESIAN_POINT('Ctrl Pts',(0.595958962770618,0.184004811748069,-0.954133131537085));
#4227=CARTESIAN_POINT('Ctrl Pts',(0.589170324711727,0.182620307478599,-0.957318790837148));
#4228=CARTESIAN_POINT('Ctrl Pts',(0.582453146035421,0.180854352112607,-0.960443347666154));
#4229=CARTESIAN_POINT('Ctrl Pts',(0.574265787933076,0.178701884585558,-0.964251771842875));
#4230=CARTESIAN_POINT('Ctrl Pts',(0.56618060419395,0.175980609646129,-0.967969419705402));
#4231=CARTESIAN_POINT('Ctrl Pts',(0.558285000676979,0.172701936503616,-0.971595046655901));
#4232=CARTESIAN_POINT('Ctrl Pts',(0.553631081307281,0.17076938246743,-0.97373210628104));
#4233=CARTESIAN_POINT('Ctrl Pts',(0.549045430493317,0.168644544017261,-0.975837195100624));
#4234=CARTESIAN_POINT('Ctrl Pts',(0.54454286209215,0.166331228518876,-0.977903653725217));
#4235=CARTESIAN_POINT('Ctrl Pts',(0.539589082509048,0.163786091151901,-0.980177196208477));
#4236=CARTESIAN_POINT('Ctrl Pts',(0.534725749393454,0.161006503199391,-0.982403978140765));
#4237=CARTESIAN_POINT('Ctrl Pts',(0.529999998509884,0.158015821049592,-0.984630760073053));
#4238=CARTESIAN_POINT('',(0.529999998509884,0.158015821049592,-1.25));
#4239=CARTESIAN_POINT('',(0.529999998509884,0.158015821049592,-0.984630760073053));
#4240=CARTESIAN_POINT('',(0.529999998509884,-0.158015821049593,-1.25));
#4241=CARTESIAN_POINT('Origin',(0.629999999999999,1.20201311721228E-15,
-1.25000000000002));
#4242=CARTESIAN_POINT('',(0.529999998509883,-0.158015821049593,-0.984630760073052));
#4243=CARTESIAN_POINT('',(0.529999998509884,-0.158015821049593,-1.25));
#4244=CARTESIAN_POINT('',(0.630000000000001,-0.187000000000001,-0.9379999935627));
#4245=CARTESIAN_POINT('Ctrl Pts',(0.529999998509883,-0.158015821049593,
-0.984630760073052));
#4246=CARTESIAN_POINT('Ctrl Pts',(0.53719168731633,-0.162567067162699,-0.981215733393453));
#4247=CARTESIAN_POINT('Ctrl Pts',(0.544707212621894,-0.166630520699747,
-0.977800706713854));
#4248=CARTESIAN_POINT('Ctrl Pts',(0.552405508355435,-0.170141396686468,
-0.974286343724543));
#4249=CARTESIAN_POINT('Ctrl Pts',(0.553591509598541,-0.170682283062981,
-0.973744920139595));
#4250=CARTESIAN_POINT('Ctrl Pts',(0.554781808032828,-0.171210146461183,
-0.973201138851467));
#4251=CARTESIAN_POINT('Ctrl Pts',(0.555975848161159,-0.171724852437091,
-0.972654636631855));
#4252=CARTESIAN_POINT('Ctrl Pts',(0.56346818125098,-0.174954516602743,-0.969225458192616));
#4253=CARTESIAN_POINT('Ctrl Pts',(0.571150924649994,-0.177683211133659,
-0.965689149060329));
#4254=CARTESIAN_POINT('Ctrl Pts',(0.578938787827361,-0.179893725881313,
-0.962075895301719));
#4255=CARTESIAN_POINT('Ctrl Pts',(0.584033408535476,-0.181339788036298,
-0.959712197198267));
#4256=CARTESIAN_POINT('Ctrl Pts',(0.589168098894467,-0.182563482343336,
-0.957315571092615));
#4257=CARTESIAN_POINT('Ctrl Pts',(0.59433168114028,-0.183566802635231,-0.954887787951027));
#4258=CARTESIAN_POINT('Ctrl Pts',(0.598796550529963,-0.18443435811243,-0.952788521566251));
#4259=CARTESIAN_POINT('Ctrl Pts',(0.603284143598582,-0.18513725251434,-0.950665959712627));
#4260=CARTESIAN_POINT('Ctrl Pts',(0.607784072907456,-0.18567566502754,-0.948526899059865));
#4261=CARTESIAN_POINT('Ctrl Pts',(0.611773388617184,-0.186152983080734,
-0.94663056076644));
#4262=CARTESIAN_POINT('Ctrl Pts',(0.615771144531071,-0.186501075915746,
-0.944721255525078));
#4263=CARTESIAN_POINT('Ctrl Pts',(0.619779075835525,-0.186720466765763,
-0.942821558253981));
#4264=CARTESIAN_POINT('Ctrl Pts',(0.623179607393997,-0.186906609055251,
-0.941209759041073));
#4265=CARTESIAN_POINT('Ctrl Pts',(0.626590233618286,-0.187000000000001,
-0.939604876301886));
#4266=CARTESIAN_POINT('Ctrl Pts',(0.630000000000001,-0.187000000000001,
-0.9379999935627));
#4267=CARTESIAN_POINT('',(0.630000000000001,-0.187000000000001,-0.848000000000003));
#4268=CARTESIAN_POINT('',(0.630000000000001,-0.187000000000001,-0.9379999935627));
#4269=CARTESIAN_POINT('',(0.529999998995423,-0.158015821356866,-0.801369233718308));
#4270=CARTESIAN_POINT('Ctrl Pts',(0.630000000000001,-0.187000000000001,
-0.848000000000003));
#4271=CARTESIAN_POINT('Ctrl Pts',(0.625884702211255,-0.187000000000001,
-0.846059839821022));
#4272=CARTESIAN_POINT('Ctrl Pts',(0.621767857879786,-0.186863942351173,
-0.844119679642042));
#4273=CARTESIAN_POINT('Ctrl Pts',(0.617665713848641,-0.186592779563242,
-0.842173758616821));
#4274=CARTESIAN_POINT('Ctrl Pts',(0.612689560512357,-0.186263842402188,
-0.839813236575596));
#4275=CARTESIAN_POINT('Ctrl Pts',(0.607727936780301,-0.185736226379266,
-0.83744423734309));
#4276=CARTESIAN_POINT('Ctrl Pts',(0.602782113537726,-0.18500861238474,-0.835100387099103));
#4277=CARTESIAN_POINT('Ctrl Pts',(0.595958965884321,-0.18400481231429,-0.831866863475669));
#4278=CARTESIAN_POINT('Ctrl Pts',(0.589170328061842,-0.182620308217404,
-0.828681204280907));
#4279=CARTESIAN_POINT('Ctrl Pts',(0.582453149610127,-0.180854353052403,
-0.825556647550844));
#4280=CARTESIAN_POINT('Ctrl Pts',(0.57426579185318,-0.178701885789174,-0.821748223528051));
#4281=CARTESIAN_POINT('Ctrl Pts',(0.566180608440194,-0.175980611166208,
-0.81803057580842));
#4282=CARTESIAN_POINT('Ctrl Pts',(0.558285005213944,-0.172701938387605,
-0.814404948990424));
#4283=CARTESIAN_POINT('Ctrl Pts',(0.553631085194902,-0.17076938422512,-0.812267889066522));
#4284=CARTESIAN_POINT('Ctrl Pts',(0.549045433743555,-0.16864454559711,-0.810162799955841));
#4285=CARTESIAN_POINT('Ctrl Pts',(0.544542864723991,-0.166331229871057,
-0.808096341050557));
#4286=CARTESIAN_POINT('Ctrl Pts',(0.539589084398426,-0.163786092221695,
-0.80582279822998));
#4287=CARTESIAN_POINT('Ctrl Pts',(0.534725750561395,-0.161006503918186,
-0.803596015974144));
#4288=CARTESIAN_POINT('Ctrl Pts',(0.529999998995423,-0.158015821356866,
-0.801369233718308));
#4289=CARTESIAN_POINT('',(0.529999999999998,-0.158015821992609,-0.200000000000002));
#4290=CARTESIAN_POINT('',(0.529999998995423,-0.158015821356866,-0.801369233718308));
#4291=CARTESIAN_POINT('',(0.63,-0.187,-0.200000000000001));
#4292=CARTESIAN_POINT('Origin',(0.629999999999998,6.77498302428737E-16,
-0.200000000000014));
#4293=CARTESIAN_POINT('',(0.63,-0.187,8.189795E-16));
#4294=CARTESIAN_POINT('',(0.63,-0.187,-0.200000000000001));
#4295=CARTESIAN_POINT('',(0.630000000000001,0.187,5.469445E-16));
#4296=CARTESIAN_POINT('Origin',(0.629999999999998,-2.18547839493141E-17,
6.82962168747023E-16));
#4297=CARTESIAN_POINT('',(0.630000000000001,0.187,-0.200000000000002));
#4298=CARTESIAN_POINT('',(0.630000000000001,0.187,5.469445E-16));
#4299=CARTESIAN_POINT('',(0.529999999999999,0.158015821992609,-0.200000000008863));
#4300=CARTESIAN_POINT('Origin',(0.629999999999999,-1.04902962956708E-15,
-0.200000000117687));
#4301=CARTESIAN_POINT('',(0.529999998995423,0.158015821356865,-0.801369233716061));
#4302=CARTESIAN_POINT('',(0.529999999999999,0.158015821992609,-0.200000000008863));
#4303=CARTESIAN_POINT('Ctrl Pts',(0.529999998995423,0.158015821356865,-0.801369233716061));
#4304=CARTESIAN_POINT('Ctrl Pts',(0.537198341753005,0.162571278378879,-0.804787464043777));
#4305=CARTESIAN_POINT('Ctrl Pts',(0.544721329107824,0.16663818118716,-0.808205694371492));
#4306=CARTESIAN_POINT('Ctrl Pts',(0.552427886245936,0.170151600544122,-0.811723862218575));
#4307=CARTESIAN_POINT('Ctrl Pts',(0.553606468352685,0.170688916120119,-0.812261903992457));
#4308=CARTESIAN_POINT('Ctrl Pts',(0.554789303597893,0.171213377521608,-0.812802283136236));
#4309=CARTESIAN_POINT('Ctrl Pts',(0.555975848536691,0.171724852598967,-0.813345357109449));
#4310=CARTESIAN_POINT('Ctrl Pts',(0.563468729235071,0.174954752798728,-0.816774800326153));
#4311=CARTESIAN_POINT('Ctrl Pts',(0.571152042042122,0.177683528308869,-0.820311706932569));
#4312=CARTESIAN_POINT('Ctrl Pts',(0.578938788116623,0.179893725963416,-0.823924098403145));
#4313=CARTESIAN_POINT('Ctrl Pts',(0.584032678033216,0.181339580680966,-0.82628723241454));
#4314=CARTESIAN_POINT('Ctrl Pts',(0.589166815927019,0.182563233059381,-0.828682669731323));
#4315=CARTESIAN_POINT('Ctrl Pts',(0.594331681333117,0.183566802672699,-0.831112205709177));
#4316=CARTESIAN_POINT('Ctrl Pts',(0.598797660258711,0.184434573735649,-0.833212987747613));
#4317=CARTESIAN_POINT('Ctrl Pts',(0.603285308664991,0.185137391916657,-0.835339264647014));
#4318=CARTESIAN_POINT('Ctrl Pts',(0.607784073036259,0.18567566504295,-0.837473094568359));
#4319=CARTESIAN_POINT('Ctrl Pts',(0.615153561660876,0.186557417754091,-0.840968551105857));
#4320=CARTESIAN_POINT('Ctrl Pts',(0.622579907361966,0.187,-0.844484275552929));
#4321=CARTESIAN_POINT('Ctrl Pts',(0.630000000000002,0.187,-0.848000000000002));
#4322=CARTESIAN_POINT('Origin',(0.63,-0.187,-0.1));
#4323=CARTESIAN_POINT('',(0.63,-0.187,-0.200000000000001));
#4324=CARTESIAN_POINT('',(0.63,-0.187,5.588285E-16));
#4325=CARTESIAN_POINT('',(0.63,-0.187,-0.200000000000001));
#4326=CARTESIAN_POINT('',(0.629999999999999,-0.393499999999998,7.090296E-16));
#4327=CARTESIAN_POINT('',(0.63,-0.187,5.588285E-16));
#4328=CARTESIAN_POINT('',(0.629999999999999,-0.393499999999998,-0.200000000000001));
#4329=CARTESIAN_POINT('',(0.629999999999999,-0.393499999999998,7.090296E-16));
#4330=CARTESIAN_POINT('',(0.629999999999999,-0.393499999999998,-0.200000000000001));
#4331=CARTESIAN_POINT('Origin',(0.630000000000001,0.393500000000002,-0.100000000000001));
#4332=CARTESIAN_POINT('',(0.630000000000001,0.393500000000002,-0.200000000000002));
#4333=CARTESIAN_POINT('',(0.630000000000001,0.393500000000002,2.731848E-16));
#4334=CARTESIAN_POINT('',(0.630000000000001,0.393500000000002,-0.200000000000002));
#4335=CARTESIAN_POINT('',(0.63,0.187,4.233859E-16));
#4336=CARTESIAN_POINT('',(0.630000000000001,0.393500000000002,2.731848E-16));
#4337=CARTESIAN_POINT('',(0.63,0.187,-0.200000000000002));
#4338=CARTESIAN_POINT('',(0.63,0.187,4.233859E-16));
#4339=CARTESIAN_POINT('',(0.63,0.187,-0.200000000000002));
#4340=CARTESIAN_POINT('Origin',(0.63,-0.187000000000001,-0.892999996781351));
#4341=CARTESIAN_POINT('',(0.63,-0.187000000000001,-0.9379999935627));
#4342=CARTESIAN_POINT('',(0.63,-0.187000000000001,-0.848000000000002));
#4343=CARTESIAN_POINT('',(0.63,-0.187000000000001,-0.9379999935627));
#4344=CARTESIAN_POINT('',(0.63,-0.187500000238419,-0.848000000000002));
#4345=CARTESIAN_POINT('',(0.63,-0.187000000000001,-0.848000000000002));
#4346=CARTESIAN_POINT('',(0.63,-0.187500000238419,-0.9379999935627));
#4347=CARTESIAN_POINT('',(0.63,-0.187500000238419,-0.848000000000002));
#4348=CARTESIAN_POINT('',(0.63,-0.187500000238419,-0.9379999935627));
#4349=CARTESIAN_POINT('Origin',(0.63,0.187500002465629,-0.893000000000002));
#4350=CARTESIAN_POINT('',(0.63,0.187500002465629,-0.938000000000001));
#4351=CARTESIAN_POINT('',(0.63,0.187500002465629,-0.848000000000003));
#4352=CARTESIAN_POINT('',(0.63,0.187500002465629,-0.938000000000001));
#4353=CARTESIAN_POINT('',(0.63,0.187,-0.848000000000003));
#4354=CARTESIAN_POINT('',(0.63,0.187500002465629,-0.848000000000003));
#4355=CARTESIAN_POINT('',(0.63,0.186999999999999,-0.938000000000001));
#4356=CARTESIAN_POINT('',(0.63,0.187,-0.848000000000003));
#4357=CARTESIAN_POINT('',(0.63,0.186999999999999,-0.938000000000001));
#4358=CARTESIAN_POINT('Origin',(0.629999999999999,-0.275051458580777,-0.200000000000001));
#4359=CARTESIAN_POINT('',(0.529999999999998,-0.158015821992609,-0.200000000000002));
#4360=CARTESIAN_POINT('',(0.529999999999998,-0.287500000238419,-0.200000000000001));
#4361=CARTESIAN_POINT('',(0.529999999999998,-0.158015821992609,-0.200000000000001));
#4362=CARTESIAN_POINT('',(0.423999999999998,-0.393500000238419,-0.200000000000002));
#4363=CARTESIAN_POINT('',(0.529999999999998,-0.287500000238419,-0.200000000000001));
#4364=CARTESIAN_POINT('',(0.629999999999999,-0.393500000238419,-0.200000000000001));
#4365=CARTESIAN_POINT('',(0.423999999999998,-0.393500000238419,-0.200000000000002));
#4366=CARTESIAN_POINT('',(0.63,-0.187,-0.200000000000001));
#4367=CARTESIAN_POINT('',(0.629999999999999,-0.393500000238419,-0.200000000000001));
#4368=CARTESIAN_POINT('Ctrl Pts',(0.63,-0.187,-0.200000000000001));
#4369=CARTESIAN_POINT('Ctrl Pts',(0.627095543404784,-0.186963989742724,
-0.200000000000001));
#4370=CARTESIAN_POINT('Ctrl Pts',(0.624191086809569,-0.186927979485448,
-0.200000000000001));
#4371=CARTESIAN_POINT('Ctrl Pts',(0.621289425039452,-0.186810482333348,
-0.200000000000001));
#4372=CARTESIAN_POINT('Ctrl Pts',(0.618435703017993,-0.186694926408168,
-0.200000000000001));
#4373=CARTESIAN_POINT('Ctrl Pts',(0.615584684235209,-0.186500553913861,
-0.200000000000001));
#4374=CARTESIAN_POINT('Ctrl Pts',(0.612739320606256,-0.186246411998206,
-0.200000000000001));
#4375=CARTESIAN_POINT('Ctrl Pts',(0.609933540253749,-0.185995805577839,
-0.200000000000001));
#4376=CARTESIAN_POINT('Ctrl Pts',(0.607133258806167,-0.185687081133582,
-0.200000000000001));
#4377=CARTESIAN_POINT('Ctrl Pts',(0.604341476860755,-0.185313643071308,
-0.200000000000001));
#4378=CARTESIAN_POINT('Ctrl Pts',(0.60158095716011,-0.184944386751139,-0.200000000000001));
#4379=CARTESIAN_POINT('Ctrl Pts',(0.59882874767336,-0.184511858018431,-0.200000000000001));
#4380=CARTESIAN_POINT('Ctrl Pts',(0.596087859642559,-0.184016853624719,
-0.200000000000001));
#4381=CARTESIAN_POINT('Ctrl Pts',(0.593369996110933,-0.183526007455687,
-0.200000000000001));
#4382=CARTESIAN_POINT('Ctrl Pts',(0.590663264625121,-0.182973730855474,
-0.200000000000001));
#4383=CARTESIAN_POINT('Ctrl Pts',(0.587970637042462,-0.182359528879253,
-0.200000000000001));
#4384=CARTESIAN_POINT('Ctrl Pts',(0.585292928034553,-0.18174872990542,-0.200000000000001));
#4385=CARTESIAN_POINT('Ctrl Pts',(0.58262916707665,-0.181076689853016,-0.200000000000001));
#4386=CARTESIAN_POINT('Ctrl Pts',(0.57998220715422,-0.180343948703815,-0.200000000000001));
#4387=CARTESIAN_POINT('Ctrl Pts',(0.577342239881016,-0.179613143285407,
-0.200000000000001));
#4388=CARTESIAN_POINT('Ctrl Pts',(0.574718984991722,-0.178821957062782,
-0.200000000000001));
#4389=CARTESIAN_POINT('Ctrl Pts',(0.572115226551496,-0.177971179843578,
-0.200000000000001));
#4390=CARTESIAN_POINT('Ctrl Pts',(0.569510760947334,-0.177120171558789,
-0.200000000000001));
#4391=CARTESIAN_POINT('Ctrl Pts',(0.566925802383898,-0.176209539903966,
-0.200000000000001));
#4392=CARTESIAN_POINT('Ctrl Pts',(0.564362638985449,-0.175241073151262,
-0.200000000000001));
#4393=CARTESIAN_POINT('Ctrl Pts',(0.561791337438375,-0.174269531477007,
-0.200000000000001));
#4394=CARTESIAN_POINT('Ctrl Pts',(0.559241969677084,-0.17323978686424,-0.200000000000001));
#4395=CARTESIAN_POINT('Ctrl Pts',(0.556717703767514,-0.172152265970725,
-0.200000000000001));
#4396=CARTESIAN_POINT('Ctrl Pts',(0.554178179686252,-0.171058171451012,
-0.200000000000001));
#4397=CARTESIAN_POINT('Ctrl Pts',(0.551664061835048,-0.169905600070833,
-0.200000000000001));
#4398=CARTESIAN_POINT('Ctrl Pts',(0.549174023292885,-0.168702189686716,
-0.200000000000001));
#4399=CARTESIAN_POINT('Ctrl Pts',(0.546661929209983,-0.167488120083353,
-0.200000000000001));
#4400=CARTESIAN_POINT('Ctrl Pts',(0.544174342890707,-0.166222306873503,
-0.200000000000001));
#4401=CARTESIAN_POINT('Ctrl Pts',(0.541725569174369,-0.164887082316304,
-0.200000000000001));
#4402=CARTESIAN_POINT('Ctrl Pts',(0.537748805365579,-0.162718702012215,
-0.200000000000001));
#4403=CARTESIAN_POINT('Ctrl Pts',(0.533874402682788,-0.160367262002412,
-0.200000000000001));
#4404=CARTESIAN_POINT('Ctrl Pts',(0.529999999999998,-0.158015821992609,
-0.200000000000001));
#4405=CARTESIAN_POINT('Origin',(0.529999998509883,-0.158015821049593,-1.11731538003653));
#4406=CARTESIAN_POINT('',(0.529999998509883,-0.158015821049593,-1.25));
#4407=CARTESIAN_POINT('',(0.529999998509883,-0.158015821049593,-0.984630760073052));
#4408=CARTESIAN_POINT('',(0.529999998509883,-0.158015821049593,-1.25));
#4409=CARTESIAN_POINT('',(0.529999998509883,-0.287500001728536,-0.984630760073052));
#4410=CARTESIAN_POINT('',(0.529999998509883,-0.158015821049593,-0.984630760073052));
#4411=CARTESIAN_POINT('',(0.529999998509883,-0.287500001728536,-1.25));
#4412=CARTESIAN_POINT('',(0.529999998509883,-0.287500001728536,-0.984630760073052));
#4413=CARTESIAN_POINT('',(0.529999998509883,-0.287500001728536,-1.25));
#4414=CARTESIAN_POINT('Origin',(0.529999998509884,0.287500001490116,-1.11731538003653));
#4415=CARTESIAN_POINT('',(0.529999998509884,0.287500001490116,-1.25));
#4416=CARTESIAN_POINT('',(0.529999998509884,0.287500001490116,-0.984630760073053));
#4417=CARTESIAN_POINT('',(0.529999998509884,0.287500001490116,-1.25));
#4418=CARTESIAN_POINT('',(0.529999998509883,0.158015821049592,-0.984630760073053));
#4419=CARTESIAN_POINT('',(0.529999998509884,0.287500001490116,-0.984630760073053));
#4420=CARTESIAN_POINT('',(0.529999998509884,0.158015821049592,-1.25));
#4421=CARTESIAN_POINT('',(0.529999998509883,0.158015821049592,-0.984630760073053));
#4422=CARTESIAN_POINT('',(0.529999998509884,0.158015821049592,-1.25));
#4423=CARTESIAN_POINT('Origin',(0.579999999254942,-0.157238915965521,-0.961315376817875));
#4424=CARTESIAN_POINT('',(0.529999998509883,-0.287500001728535,-0.984630760073052));
#4425=CARTESIAN_POINT('',(0.529999998509883,-0.158015821049593,-0.984630760073052));
#4426=CARTESIAN_POINT('',(0.529999998509883,-0.287500001728535,-0.984630760073052));
#4427=CARTESIAN_POINT('',(0.62999999753437,-0.187000000000001,-0.937999994712442));
#4428=CARTESIAN_POINT('Ctrl Pts',(0.529999998509883,-0.158015821049593,
-0.984630760073052));
#4429=CARTESIAN_POINT('Ctrl Pts',(0.531782088304271,-0.159121350437707,
-0.983799757954409));
#4430=CARTESIAN_POINT('Ctrl Pts',(0.533564178098659,-0.16022687982582,-0.982968755835766));
#4431=CARTESIAN_POINT('Ctrl Pts',(0.535364882999265,-0.161294562053796,
-0.982129073350536));
#4432=CARTESIAN_POINT('Ctrl Pts',(0.537153902494919,-0.162355315717747,
-0.981294839859124));
#4433=CARTESIAN_POINT('Ctrl Pts',(0.538961296280811,-0.163378711834716,
-0.980452038295461));
#4434=CARTESIAN_POINT('Ctrl Pts',(0.540781371631475,-0.164373592433704,
-0.979603323221027));
#4435=CARTESIAN_POINT('Ctrl Pts',(0.542591914054671,-0.165363262190962,
-0.978759053423676));
#4436=CARTESIAN_POINT('Ctrl Pts',(0.5444150055472,-0.166324714356885,-0.977908931899193));
#4437=CARTESIAN_POINT('Ctrl Pts',(0.546251314008345,-0.167254520749714,
-0.977052647201026));
#4438=CARTESIAN_POINT('Ctrl Pts',(0.548080349091522,-0.168180644300866,
-0.976199754134706));
#4439=CARTESIAN_POINT('Ctrl Pts',(0.549922496649297,-0.169075372271998,
-0.975340746621065));
#4440=CARTESIAN_POINT('Ctrl Pts',(0.551776648637744,-0.169938669557649,
-0.974476141349468));
#4441=CARTESIAN_POINT('Ctrl Pts',(0.55362586247059,-0.170799667627079,-0.973613838777646));
#4442=CARTESIAN_POINT('Ctrl Pts',(0.555487016876553,-0.171629402206524,
-0.972745968225136));
#4443=CARTESIAN_POINT('Ctrl Pts',(0.557359399312997,-0.172427073176702,
-0.971872861956028));
#4444=CARTESIAN_POINT('Ctrl Pts',(0.559229254874591,-0.173223667649539,
-0.971000933988013));
#4445=CARTESIAN_POINT('Ctrl Pts',(0.561110308181526,-0.173988284997639,
-0.970123784425591));
#4446=CARTESIAN_POINT('Ctrl Pts',(0.563001671328177,-0.174720475984164,
-0.969241827305956));
#4447=CARTESIAN_POINT('Ctrl Pts',(0.564892988123316,-0.175452649026933,
-0.968359891800385));
#4448=CARTESIAN_POINT('Ctrl Pts',(0.566794614252853,-0.17615239729745,-0.967473148973234));
#4449=CARTESIAN_POINT('Ctrl Pts',(0.568705647561419,-0.17681933125083,-0.966582019506461));
#4450=CARTESIAN_POINT('Ctrl Pts',(0.570619178139864,-0.177487136729612,
-0.965689725543618));
#4451=CARTESIAN_POINT('Ctrl Pts',(0.57254214049933,-0.178122042074074,-0.964793033469055));
#4452=CARTESIAN_POINT('Ctrl Pts',(0.574473584459737,-0.178723800524576,
-0.963892386359021));
#4453=CARTESIAN_POINT('Ctrl Pts',(0.576410125622331,-0.179327147053506,
-0.962989362384571));
#4454=CARTESIAN_POINT('Ctrl Pts',(0.578355193211893,-0.179897171504141,
-0.962082362471929));
#4455=CARTESIAN_POINT('Ctrl Pts',(0.580307807959559,-0.180433753563055,
-0.961171843261666));
#4456=CARTESIAN_POINT('Ctrl Pts',(0.582268168990325,-0.180972464314554,
-0.960257711900271));
#4457=CARTESIAN_POINT('Ctrl Pts',(0.584236137179137,-0.181477466807156,
-0.959340033262822));
#4458=CARTESIAN_POINT('Ctrl Pts',(0.586210709377234,-0.181948768810055,
-0.95841927512527));
#4459=CARTESIAN_POINT('Ctrl Pts',(0.588195718647716,-0.182422561992119,
-0.957493650100935));
#4460=CARTESIAN_POINT('Ctrl Pts',(0.590187401926125,-0.182862297478965,
-0.956564912935594));
#4461=CARTESIAN_POINT('Ctrl Pts',(0.592184741303187,-0.183268134403797,
-0.955633538288135));
#4462=CARTESIAN_POINT('Ctrl Pts',(0.594195242620016,-0.183676645686939,
-0.954696026127367));
#4463=CARTESIAN_POINT('Ctrl Pts',(0.59621147482551,-0.184050810170867,-0.953755841609327));
#4464=CARTESIAN_POINT('Ctrl Pts',(0.598232413532247,-0.184390849699621,
-0.952813462413714));
#4465=CARTESIAN_POINT('Ctrl Pts',(0.600269265418066,-0.184733566751399,
-0.951863662780829));
#4466=CARTESIAN_POINT('Ctrl Pts',(0.602310898216358,-0.185041619321992,
-0.950911633771845));
#4467=CARTESIAN_POINT('Ctrl Pts',(0.604356289060921,-0.185315627284138,
-0.949957852357105));
#4468=CARTESIAN_POINT('Ctrl Pts',(0.606420363014478,-0.1855921381032,-0.948995358865563));
#4469=CARTESIAN_POINT('Ctrl Pts',(0.608488263981717,-0.185833979529467,
-0.948031080808234));
#4470=CARTESIAN_POINT('Ctrl Pts',(0.610558980180214,-0.18604089545313,-0.947065489987009));
#4471=CARTESIAN_POINT('Ctrl Pts',(0.612651160568411,-0.18624995618188,-0.946089890249751));
#4472=CARTESIAN_POINT('Ctrl Pts',(0.614746214853402,-0.186423363608742,
-0.945112950392409));
#4473=CARTESIAN_POINT('Ctrl Pts',(0.616843144689987,-0.186564801121443,
-0.944135135950996));
#4474=CARTESIAN_POINT('Ctrl Pts',(0.618964323594856,-0.186707874229118,
-0.943146013983339));
#4475=CARTESIAN_POINT('Ctrl Pts',(0.621087421680196,-0.186818233741951,
-0.94215599708713));
#4476=CARTESIAN_POINT('Ctrl Pts',(0.623211469500338,-0.186887875450803,
-0.941165537322311));
#4477=CARTESIAN_POINT('Ctrl Pts',(0.625362548044985,-0.186958403423057,
-0.940162472923649));
#4478=CARTESIAN_POINT('Ctrl Pts',(0.627514600650977,-0.186987170643922,
-0.939158954312722));
#4479=CARTESIAN_POINT('Ctrl Pts',(0.629666723338308,-0.186999725865872,
-0.938155403022331));
#4480=CARTESIAN_POINT('Ctrl Pts',(0.62977781713928,-0.187000373973592,-0.938103599132164));
#4481=CARTESIAN_POINT('Ctrl Pts',(0.629888908670654,-0.186999908636747,
-0.938051796300328));
#4482=CARTESIAN_POINT('Ctrl Pts',(0.62999999753437,-0.187000000000001,-0.937999994712442));
#4483=CARTESIAN_POINT('',(0.630000000000001,-0.187500000238419,-0.937999993562699));
#4484=CARTESIAN_POINT('',(0.62999999753437,-0.187000000000001,-0.937999994712442));
#4485=CARTESIAN_POINT('',(0.630000000000001,-0.187500000238419,-0.937999993562699));
#4486=CARTESIAN_POINT('Origin',(0.579999998022127,0.288276906572758,-0.961315377392747));
#4487=CARTESIAN_POINT('',(0.62999999753437,0.187500002465629,-0.937999994712442));
#4488=CARTESIAN_POINT('',(0.62999999753437,0.186999999999999,-0.937999994712442));
#4489=CARTESIAN_POINT('',(0.62999999753437,0.187500002465629,-0.937999994712442));
#4490=CARTESIAN_POINT('',(0.529999998509883,0.158015821049592,-0.984630760073052));
#4491=CARTESIAN_POINT('Ctrl Pts',(0.62999999753437,0.186999999999999,-0.937999994712441));
#4492=CARTESIAN_POINT('Ctrl Pts',(0.627836738916666,0.186980023616001,-0.939008738772447));
#4493=CARTESIAN_POINT('Ctrl Pts',(0.625673480298962,0.186960047232003,-0.940017482832452));
#4494=CARTESIAN_POINT('Ctrl Pts',(0.623511160789658,0.186895169521958,-0.941025788979018));
#4495=CARTESIAN_POINT('Ctrl Pts',(0.621376865802761,0.186831132652885,-0.94202102707617));
#4496=CARTESIAN_POINT('Ctrl Pts',(0.61924348573957,0.186723350793756,-0.943015838537391));
#4497=CARTESIAN_POINT('Ctrl Pts',(0.617112003898894,0.186582571010098,-0.944009764842917));
#4498=CARTESIAN_POINT('Ctrl Pts',(0.615005727868576,0.186443456015912,-0.944991937486042));
#4499=CARTESIAN_POINT('Ctrl Pts',(0.612901305431414,0.186272118915738,-0.945973245784484));
#4500=CARTESIAN_POINT('Ctrl Pts',(0.610799741753473,0.186064839812216,-0.946953221021609));
#4501=CARTESIAN_POINT('Ctrl Pts',(0.60872056402956,0.185859768655344,-0.947922757516934));
#4502=CARTESIAN_POINT('Ctrl Pts',(0.606644184485968,0.185619517128707,-0.948890989199348));
#4503=CARTESIAN_POINT('Ctrl Pts',(0.60457162651401,0.18534433639639,-0.949857438853642));
#4504=CARTESIAN_POINT('Ctrl Pts',(0.602518640766765,0.185071754336439,-0.950814761829666));
#4505=CARTESIAN_POINT('Ctrl Pts',(0.60046940475385,0.184764899664526,-0.951770336275855));
#4506=CARTESIAN_POINT('Ctrl Pts',(0.598424951019075,0.184423142650799,-0.952723680709124));
#4507=CARTESIAN_POINT('Ctrl Pts',(0.596397269435131,0.184084189320073,-0.953669204160017));
#4508=CARTESIAN_POINT('Ctrl Pts',(0.594374291986122,0.183710903957492,-0.954612534036765));
#4509=CARTESIAN_POINT('Ctrl Pts',(0.592357052362639,0.18330305854282,-0.955553188321528));
#4510=CARTESIAN_POINT('Ctrl Pts',(0.590353806205315,0.182898042326495,-0.956487317345858));
#4511=CARTESIAN_POINT('Ctrl Pts',(0.588356218543748,0.182458943876889,-0.957418807770283));
#4512=CARTESIAN_POINT('Ctrl Pts',(0.586365315620815,0.181985599175607,-0.95834718104989));
#4513=CARTESIAN_POINT('Ctrl Pts',(0.584385656694566,0.181514927777071,-0.959270311167734));
#4514=CARTESIAN_POINT('Ctrl Pts',(0.582412607213547,0.181010395858755,-0.960190359250653));
#4515=CARTESIAN_POINT('Ctrl Pts',(0.580447177705311,0.180471992277735,-0.961106854081907));
#4516=CARTESIAN_POINT('Ctrl Pts',(0.578490279750648,0.179935925803681,-0.962019370584394));
#4517=CARTESIAN_POINT('Ctrl Pts',(0.57654093575866,0.179366281089512,-0.962928364616237));
#4518=CARTESIAN_POINT('Ctrl Pts',(0.574600131318094,0.178763176158154,-0.963833376589854));
#4519=CARTESIAN_POINT('Ctrl Pts',(0.572665190703473,0.178161893410562,-0.964735654216526));
#4520=CARTESIAN_POINT('Ctrl Pts',(0.570738738116488,0.177527352329581,-0.96563397381091));
#4521=CARTESIAN_POINT('Ctrl Pts',(0.568821728979094,0.176859798154544,-0.96652788985243));
#4522=CARTESIAN_POINT('Ctrl Pts',(0.566907968105951,0.176193375112541,-0.967420291203454));
#4523=CARTESIAN_POINT('Ctrl Pts',(0.565003618706724,0.175494050759361,-0.968308303912116));
#4524=CARTESIAN_POINT('Ctrl Pts',(0.563109587096555,0.1747622135984,-0.969191505356726));
#4525=CARTESIAN_POINT('Ctrl Pts',(0.561216247482073,0.174030643818488,-0.970074384118447));
#4526=CARTESIAN_POINT('Ctrl Pts',(0.559333218118695,0.173266584983948,-0.970952455131121));
#4527=CARTESIAN_POINT('Ctrl Pts',(0.557461390047839,0.172470485314749,-0.971825302895311));
#4528=CARTESIAN_POINT('Ctrl Pts',(0.555587763689924,0.171673620823313,-0.972698989214527));
#4529=CARTESIAN_POINT('Ctrl Pts',(0.553725360157294,0.170844653903638,-0.973567442244368));
#4530=CARTESIAN_POINT('Ctrl Pts',(0.55187489423728,0.169984383668484,-0.974430328674025));
#4531=CARTESIAN_POINT('Ctrl Pts',(0.550020211782422,0.169122153192191,-0.975295181306171));
#4532=CARTESIAN_POINT('Ctrl Pts',(0.548177521405066,0.16822847658028,-0.976154441940741));
#4533=CARTESIAN_POINT('Ctrl Pts',(0.546347932097005,0.167303387163077,-0.977007593446368));
#4534=CARTESIAN_POINT('Ctrl Pts',(0.544511786554157,0.166374982737751,-0.977863802174485));
#4535=CARTESIAN_POINT('Ctrl Pts',(0.542688836142789,0.165414939971564,-0.978713857911743));
#4536=CARTESIAN_POINT('Ctrl Pts',(0.540878415996682,0.164426683590883,-0.979558070690351));
#4537=CARTESIAN_POINT('Ctrl Pts',(0.539059178368976,0.163433614000147,-0.980406395128154));
#4538=CARTESIAN_POINT('Ctrl Pts',(0.537252593358725,0.162412055302135,-0.981248819553542));
#4539=CARTESIAN_POINT('Ctrl Pts',(0.535463234823556,0.161355325161706,-0.982083211141676));
#4540=CARTESIAN_POINT('Ctrl Pts',(0.533662898477296,0.16029211192489,-0.982922721767192));
#4541=CARTESIAN_POINT('Ctrl Pts',(0.531880000625209,0.159193294364451,-0.983754100689328));
#4542=CARTESIAN_POINT('Ctrl Pts',(0.530103796184536,0.158081465152806,-0.984582358422463));
#4543=CARTESIAN_POINT('Ctrl Pts',(0.530069108244761,0.158059751962674,-0.984598533674426));
#4544=CARTESIAN_POINT('Ctrl Pts',(0.530034596885558,0.158037701885761,-0.984614626585515));
#4545=CARTESIAN_POINT('Ctrl Pts',(0.529999998509883,0.158015821049592,-0.984630760073053));
#4546=CARTESIAN_POINT('',(0.529999998509884,0.287500001490116,-0.984630760073053));
#4547=CARTESIAN_POINT('',(0.529999998509883,0.158015821049592,-0.984630760073052));
#4548=CARTESIAN_POINT('',(0.529999998509884,0.287500001490116,-0.984630760073053));
#4549=CARTESIAN_POINT('Origin',(0.529999999497711,0.287500001004576,-0.500684616858031));
#4550=CARTESIAN_POINT('',(0.529999999999999,0.287500001004577,-0.200000000000002));
#4551=CARTESIAN_POINT('',(0.529999998995424,0.287500001004576,-0.801369233716061));
#4552=CARTESIAN_POINT('',(0.529999999999999,0.287500001004577,-0.200000000000002));
#4553=CARTESIAN_POINT('',(0.529999998995424,0.158015821356865,-0.801369233716061));
#4554=CARTESIAN_POINT('',(0.529999998995424,0.287500001004576,-0.801369233716061));
#4555=CARTESIAN_POINT('',(0.529999999999999,0.158015821356866,-0.200000000000002));
#4556=CARTESIAN_POINT('',(0.529999998995424,0.158015821356865,-0.801369233716061));
#4557=CARTESIAN_POINT('',(0.529999999999999,0.158015821356866,-0.200000000000002));
#4558=CARTESIAN_POINT('Origin',(0.52999999949771,-0.158015821356866,-0.500684616858031));
#4559=CARTESIAN_POINT('',(0.529999999999998,-0.158015821356866,-0.200000000000001));
#4560=CARTESIAN_POINT('',(0.529999998995423,-0.158015821356866,-0.801369233716061));
#4561=CARTESIAN_POINT('',(0.529999999999998,-0.158015821356866,-0.200000000000001));
#4562=CARTESIAN_POINT('',(0.529999998995423,-0.287500001242995,-0.801369233716061));
#4563=CARTESIAN_POINT('',(0.529999998995423,-0.158015821356866,-0.801369233716061));
#4564=CARTESIAN_POINT('',(0.529999999999998,-0.287500001242994,-0.200000000000001));
#4565=CARTESIAN_POINT('',(0.529999998995423,-0.287500001242995,-0.801369233716061));
#4566=CARTESIAN_POINT('',(0.529999999999998,-0.287500001242994,-0.200000000000001));
#4567=CARTESIAN_POINT('Origin',(0.579999999497713,0.288276906082462,-0.824684616858032));
#4568=CARTESIAN_POINT('',(0.529999998995424,0.158015821356865,-0.801369233716061));
#4569=CARTESIAN_POINT('',(0.529999998995424,0.287500001004576,-0.801369233716061));
#4570=CARTESIAN_POINT('',(0.529999998995424,0.158015821356865,-0.801369233716061));
#4571=CARTESIAN_POINT('',(0.630000000000002,0.1875,-0.848000000000003));
#4572=CARTESIAN_POINT('',(0.529999998995424,0.287500001004576,-0.801369233716061));
#4573=CARTESIAN_POINT('',(0.630000000000002,0.186999999999999,-0.848000000000003));
#4574=CARTESIAN_POINT('',(0.630000000000001,0.1875,-0.848000000000003));
#4575=CARTESIAN_POINT('Ctrl Pts',(0.630000000000001,0.186999999999999,-0.848000000000003));
#4576=CARTESIAN_POINT('Ctrl Pts',(0.6278367413856,0.186980023644648,-0.846991255941538));
#4577=CARTESIAN_POINT('Ctrl Pts',(0.625673482771199,0.186960047289297,-0.845982511883073));
#4578=CARTESIAN_POINT('Ctrl Pts',(0.6235111632647,0.186895169608157,-0.844974205737814));
#4579=CARTESIAN_POINT('Ctrl Pts',(0.621376868280656,0.186831132767618,-0.843978967641993));
#4580=CARTESIAN_POINT('Ctrl Pts',(0.619243488219834,0.186723350937277,-0.842984156181876));
#4581=CARTESIAN_POINT('Ctrl Pts',(0.61711200638115,0.186582571182573,-0.841990229877279));
#4582=CARTESIAN_POINT('Ctrl Pts',(0.615005730352873,0.186443456217004,-0.841008057235106));
#4583=CARTESIAN_POINT('Ctrl Pts',(0.612901307917383,0.186272119145611,-0.840026748937444));
#4584=CARTESIAN_POINT('Ctrl Pts',(0.610799744240696,0.186064840071039,-0.839046773700904));
#4585=CARTESIAN_POINT('Ctrl Pts',(0.608720566518083,0.185859768942815,-0.838077237206185));
#4586=CARTESIAN_POINT('Ctrl Pts',(0.606644186975381,0.185619517444994,-0.837109005524186));
#4587=CARTESIAN_POINT('Ctrl Pts',(0.604571629003902,0.185344336741621,-0.836142555870115));
#4588=CARTESIAN_POINT('Ctrl Pts',(0.602518643257179,0.185071754710348,-0.835185232894335));
#4589=CARTESIAN_POINT('Ctrl Pts',(0.600469407244384,0.184764900067239,-0.834229658448202));
#4590=CARTESIAN_POINT('Ctrl Pts',(0.598424953509286,0.184423143082469,-0.833276314014782));
#4591=CARTESIAN_POINT('Ctrl Pts',(0.596397271925056,0.184084189780468,-0.832330790563756));
#4592=CARTESIAN_POINT('Ctrl Pts',(0.594374294475327,0.18371090444676,-0.831387460686673));
#4593=CARTESIAN_POINT('Ctrl Pts',(0.592357054850769,0.183303059060928,-0.830446806401407));
#4594=CARTESIAN_POINT('Ctrl Pts',(0.590353808692396,0.182898042873246,-0.829512677376589));
#4595=CARTESIAN_POINT('Ctrl Pts',(0.588356221029431,0.182458944452248,-0.828581186951512));
#4596=CARTESIAN_POINT('Ctrl Pts',(0.586365318104411,0.181985599780104,-0.827652813670932));
#4597=CARTESIAN_POINT('Ctrl Pts',(0.58438565917609,0.181514928410542,-0.826729683552121));
#4598=CARTESIAN_POINT('Ctrl Pts',(0.582412609692319,0.181010396521723,-0.82580963546792));
#4599=CARTESIAN_POINT('Ctrl Pts',(0.580447180181869,0.180471992968522,-0.824893140635633));
#4600=CARTESIAN_POINT('Ctrl Pts',(0.578490282224987,0.179935926522163,-0.823980624132111));
#4601=CARTESIAN_POINT('Ctrl Pts',(0.576540938231314,0.179366281834025,-0.823071630099483));
#4602=CARTESIAN_POINT('Ctrl Pts',(0.574600133785058,0.178763176935063,-0.822166618123213));
#4603=CARTESIAN_POINT('Ctrl Pts',(0.572665193164733,0.178161894219759,-0.82126434049388));
#4604=CARTESIAN_POINT('Ctrl Pts',(0.570738740568062,0.177527353177393,-0.820366020894979));
#4605=CARTESIAN_POINT('Ctrl Pts',(0.568821731433861,0.176859799017333,-0.819472104854949));
#4606=CARTESIAN_POINT('Ctrl Pts',(0.566907970563854,0.176193375990264,-0.818579703505387));
#4607=CARTESIAN_POINT('Ctrl Pts',(0.565003621180599,0.175494051628459,-0.817691690804172));
#4608=CARTESIAN_POINT('Ctrl Pts',(0.563109589536472,0.174762214546744,-0.816808489343728));
#4609=CARTESIAN_POINT('Ctrl Pts',(0.561216249887971,0.174030644846021,-0.815925610566143));
#4610=CARTESIAN_POINT('Ctrl Pts',(0.559333220440682,0.173266586178475,-0.815047539514341));
#4611=CARTESIAN_POINT('Ctrl Pts',(0.557461392470207,0.172470486348226,-0.81417469179696));
#4612=CARTESIAN_POINT('Ctrl Pts',(0.555587766212674,0.171673621695545,-0.813301005524552));
#4613=CARTESIAN_POINT('Ctrl Pts',(0.553725362965073,0.170844654285947,-0.812432552627623));
#4614=CARTESIAN_POINT('Ctrl Pts',(0.551874896639353,0.169984384786572,-0.811569666008782));
#4615=CARTESIAN_POINT('Ctrl Pts',(0.550020213777746,0.16912215504768,-0.810704813186966));
#4616=CARTESIAN_POINT('Ctrl Pts',(0.548177522299755,0.168228480404461,-0.809845552039162));
#4617=CARTESIAN_POINT('Ctrl Pts',(0.546347934475997,0.167303388365139,-0.808992401225676));
#4618=CARTESIAN_POINT('Ctrl Pts',(0.544511790422628,0.166374981308226,-0.808136193192114));
#4619=CARTESIAN_POINT('Ctrl Pts',(0.542688844104238,0.165414931286676,-0.807286139363444));
#4620=CARTESIAN_POINT('Ctrl Pts',(0.540878418349763,0.164426684876161,-0.806441923969611));
#4621=CARTESIAN_POINT('Ctrl Pts',(0.539059175086207,0.163433625304058,-0.805593596903768));
#4622=CARTESIAN_POINT('Ctrl Pts',(0.537252574644032,0.162412094018403,-0.804751165282355));
#4623=CARTESIAN_POINT('Ctrl Pts',(0.535464344353041,0.161353173095348,-0.803917299803122));
#4624=CARTESIAN_POINT('Ctrl Pts',(0.533630009494339,0.160266950827693,-0.803061935410888));
#4625=CARTESIAN_POINT('Ctrl Pts',(0.531815004244882,0.159141386092279,-0.802215584563475));
#4626=CARTESIAN_POINT('Ctrl Pts',(0.529999998995424,0.158015821356865,-0.801369233716061));
#4627=CARTESIAN_POINT('Origin',(0.529999998509885,-1.00532006166845E-15,
-1.25));
#4628=CARTESIAN_POINT('',(0.529999998509885,0.287500001490116,-1.25));
#4629=CARTESIAN_POINT('',(0.529999998509885,0.158015821049591,-1.25));
#4630=CARTESIAN_POINT('',(0.529999998509885,0.287500001490116,-1.25));
#4631=CARTESIAN_POINT('',(0.443014402009137,0.00239262212708,-1.25));
#4632=CARTESIAN_POINT('Ctrl Pts',(0.529999998509885,0.158015821049591,-1.25));
#4633=CARTESIAN_POINT('Ctrl Pts',(0.525322835995878,0.15489315152346,-1.25));
#4634=CARTESIAN_POINT('Ctrl Pts',(0.520645673481872,0.15177048199733,-1.25));
#4635=CARTESIAN_POINT('Ctrl Pts',(0.516155124032267,0.148393133148307,-1.25));
#4636=CARTESIAN_POINT('Ctrl Pts',(0.511694276918092,0.145038123469469,-1.25));
#4637=CARTESIAN_POINT('Ctrl Pts',(0.507417582362059,0.141431792432358,-1.25));
#4638=CARTESIAN_POINT('Ctrl Pts',(0.50330533397362,0.137650165240537,-1.25));
#4639=CARTESIAN_POINT('Ctrl Pts',(0.499170906220182,0.133848141885388,-1.25));
#4640=CARTESIAN_POINT('Ctrl Pts',(0.495202703295107,0.129868926360571,-1.25));
#4641=CARTESIAN_POINT('Ctrl Pts',(0.491430954291255,0.125710241210459,-1.25));
#4642=CARTESIAN_POINT('Ctrl Pts',(0.487592241944305,0.121477723082528,-1.25));
#4643=CARTESIAN_POINT('Ctrl Pts',(0.483957021096967,0.117059306180173,-1.25));
#4644=CARTESIAN_POINT('Ctrl Pts',(0.480534160144682,0.112482216578595,-1.25));
#4645=CARTESIAN_POINT('Ctrl Pts',(0.477008233866403,0.107767306820585,-1.25));
#4646=CARTESIAN_POINT('Ctrl Pts',(0.473707648705359,0.102884024953949,-1.25));
#4647=CARTESIAN_POINT('Ctrl Pts',(0.470638492294625,0.09786198408001,-1.25));
#4648=CARTESIAN_POINT('Ctrl Pts',(0.469096757756745,0.0953392537822261,
-1.25));
#4649=CARTESIAN_POINT('Ctrl Pts',(0.467613421285621,0.0927815094347159,
-1.25));
#4650=CARTESIAN_POINT('Ctrl Pts',(0.466187606881146,0.090191462238252,-1.25));
#4651=CARTESIAN_POINT('Ctrl Pts',(0.463229549740475,0.084818036650654,-1.25));
#4652=CARTESIAN_POINT('Ctrl Pts',(0.46051907604564,0.0793055748440822,-1.25));
#4653=CARTESIAN_POINT('Ctrl Pts',(0.458083879333811,0.073673620308595,-1.25));
#4654=CARTESIAN_POINT('Ctrl Pts',(0.45568204276486,0.0681188188043508,-1.25));
#4655=CARTESIAN_POINT('Ctrl Pts',(0.453547992713898,0.0624477760457456,
-1.25));
#4656=CARTESIAN_POINT('Ctrl Pts',(0.451707609214958,0.056684164204161,-1.25));
#4657=CARTESIAN_POINT('Ctrl Pts',(0.44987034012321,0.0509303058917649,-1.25));
#4658=CARTESIAN_POINT('Ctrl Pts',(0.448325744504211,0.0450841915331892,
-1.25));
#4659=CARTESIAN_POINT('Ctrl Pts',(0.447056785064206,0.039175460653892,-1.25));
#4660=CARTESIAN_POINT('Ctrl Pts',(0.445774108799028,0.0332028593104116,
-1.25));
#4661=CARTESIAN_POINT('Ctrl Pts',(0.444773059901746,0.0271662804223941,
-1.25));
#4662=CARTESIAN_POINT('Ctrl Pts',(0.444147649326615,0.021096324218505,-1.25));
#4663=CARTESIAN_POINT('Ctrl Pts',(0.443507678892193,0.0148850565118316,
-1.25));
#4664=CARTESIAN_POINT('Ctrl Pts',(0.443261040450665,0.00863883931945582,
-1.25));
#4665=CARTESIAN_POINT('Ctrl Pts',(0.443014402009137,0.00239262212708,-1.25));
#4666=CARTESIAN_POINT('',(0.443,-1.04902962956708E-15,-1.25));
#4667=CARTESIAN_POINT('',(0.443014402009137,0.00239262212708,-1.25));
#4668=CARTESIAN_POINT('',(0.465370469138228,-0.088692121139998,-1.25));
#4669=CARTESIAN_POINT('Ctrl Pts',(0.443,-1.04902962956708E-15,-1.25));
#4670=CARTESIAN_POINT('Ctrl Pts',(0.443175276764468,-0.00634253403057235,
-1.25));
#4671=CARTESIAN_POINT('Ctrl Pts',(0.443350553528936,-0.0126850680611437,
-1.25));
#4672=CARTESIAN_POINT('Ctrl Pts',(0.443927999998808,-0.018997123371176,
-1.25));
#4673=CARTESIAN_POINT('Ctrl Pts',(0.444490157730426,-0.0251420578024521,
-1.25));
#4674=CARTESIAN_POINT('Ctrl Pts',(0.4454334710295,-0.031258106084756,-1.25));
#4675=CARTESIAN_POINT('Ctrl Pts',(0.446669912956085,-0.03730918400322,-1.25));
#4676=CARTESIAN_POINT('Ctrl Pts',(0.447888522218646,-0.0432729898572354,
-1.25));
#4677=CARTESIAN_POINT('Ctrl Pts',(0.449391865749161,-0.0491736859114886,
-1.25));
#4678=CARTESIAN_POINT('Ctrl Pts',(0.45117582816376,-0.0549933054951309,
-1.25));
#4679=CARTESIAN_POINT('Ctrl Pts',(0.45295618265604,-0.060801155360305,-1.25));
#4680=CARTESIAN_POINT('Ctrl Pts',(0.455016022121369,-0.0665282563646973,
-1.25));
#4681=CARTESIAN_POINT('Ctrl Pts',(0.457413858973464,-0.072103907452862,
-1.25));
#4682=CARTESIAN_POINT('Ctrl Pts',(0.45983611745565,-0.077736345760839,-1.25));
#4683=CARTESIAN_POINT('Ctrl Pts',(0.462603293296939,-0.0832142334504185,
-1.25));
#4684=CARTESIAN_POINT('Ctrl Pts',(0.465370469138228,-0.088692121139998,
-1.25));
#4685=CARTESIAN_POINT('',(0.466187606881146,-0.090191462238254,-1.25));
#4686=CARTESIAN_POINT('',(0.465370469138228,-0.088692121139998,-1.25));
#4687=CARTESIAN_POINT('',(0.529999998509884,-0.158015821049593,-1.25));
#4688=CARTESIAN_POINT('Ctrl Pts',(0.466187606881146,-0.090191462238254,
-1.25));
#4689=CARTESIAN_POINT('Ctrl Pts',(0.469289915990702,-0.0954873551203642,
-1.25));
#4690=CARTESIAN_POINT('Ctrl Pts',(0.472392225100258,-0.100783248002474,
-1.25));
#4691=CARTESIAN_POINT('Ctrl Pts',(0.475811711628061,-0.10587221827854,-1.25));
#4692=CARTESIAN_POINT('Ctrl Pts',(0.479102180074282,-0.110769180433823,
-1.25));
#4693=CARTESIAN_POINT('Ctrl Pts',(0.482686343096993,-0.115474539897197,
-1.25));
#4694=CARTESIAN_POINT('Ctrl Pts',(0.486474364857158,-0.120005693596668,
-1.25));
#4695=CARTESIAN_POINT('Ctrl Pts',(0.490163234502384,-0.124418243576082,
-1.25));
#4696=CARTESIAN_POINT('Ctrl Pts',(0.494045430482376,-0.128665588167434,
-1.25));
#4697=CARTESIAN_POINT('Ctrl Pts',(0.498126273506708,-0.132713408007039,
-1.25));
#4698=CARTESIAN_POINT('Ctrl Pts',(0.502149051604565,-0.136703632795825,
-1.25));
#4699=CARTESIAN_POINT('Ctrl Pts',(0.506364864001431,-0.140499970377697,
-1.25));
#4700=CARTESIAN_POINT('Ctrl Pts',(0.510739522393513,-0.144104636673317,
-1.25));
#4701=CARTESIAN_POINT('Ctrl Pts',(0.515104287090432,-0.147701150682222,
-1.25));
#4702=CARTESIAN_POINT('Ctrl Pts',(0.519627180105169,-0.151106859389249,
-1.25));
#4703=CARTESIAN_POINT('Ctrl Pts',(0.524308339206541,-0.15427499974238,-1.25));
#4704=CARTESIAN_POINT('Ctrl Pts',(0.526188537502495,-0.155547490585845,
-1.25));
#4705=CARTESIAN_POINT('Ctrl Pts',(0.528094268006189,-0.156781655817719,
-1.25));
#4706=CARTESIAN_POINT('Ctrl Pts',(0.529999998509884,-0.158015821049593,
-1.25));
#4707=CARTESIAN_POINT('',(0.529999998509884,-0.287500001728536,-1.25));
#4708=CARTESIAN_POINT('',(0.529999998509884,-0.158015821049593,-1.25));
#4709=CARTESIAN_POINT('',(0.423999999999999,-0.393500000000001,-1.25));
#4710=CARTESIAN_POINT('',(0.529999998509884,-0.287500001728536,-1.25));
#4711=CARTESIAN_POINT('',(-0.630000000000001,-0.393500000238418,-1.25));
#4712=CARTESIAN_POINT('',(0.423999999999999,-0.393500000000001,-1.25));
#4713=CARTESIAN_POINT('',(-0.629999999999999,0.39350000023842,-1.25));
#4714=CARTESIAN_POINT('',(-0.630000000000001,-0.393500000238418,-1.25));
#4715=CARTESIAN_POINT('',(0.423999999761582,0.393500000238418,-1.25));
#4716=CARTESIAN_POINT('',(-0.629999999999999,0.39350000023842,-1.25));
#4717=CARTESIAN_POINT('',(0.423999999761582,0.393500000238418,-1.25));
#4718=CARTESIAN_POINT('Origin',(0.526999999880789,0.290500000119209,-0.200000000000003));
#4719=CARTESIAN_POINT('',(0.529999999999999,0.2875,-0.200000000000003));
#4720=CARTESIAN_POINT('',(0.529999998995424,0.287500001004576,-0.801369233716061));
#4721=CARTESIAN_POINT('',(0.529999999999999,0.2875,-0.200000000000003));
#4722=CARTESIAN_POINT('',(0.629999999999999,0.1875,-0.848000000000003));
#4723=CARTESIAN_POINT('',(0.529999998995424,0.287500001004576,-0.801369233716061));
#4724=CARTESIAN_POINT('',(0.62999999753437,0.187500002465629,-0.937999994712442));
#4725=CARTESIAN_POINT('',(0.629999999999999,0.1875,-0.848000000000003));
#4726=CARTESIAN_POINT('',(0.529999998509884,0.287500001490116,-0.984630760073053));
#4727=CARTESIAN_POINT('',(0.62999999753437,0.187500002465629,-0.937999994712442));
#4728=CARTESIAN_POINT('',(0.529999998509884,0.287500001490116,-1.25));
#4729=CARTESIAN_POINT('',(0.529999998509884,0.287500001490116,-0.984630760073053));
#4730=CARTESIAN_POINT('',(0.423999999761582,0.393500000238418,-1.25));
#4731=CARTESIAN_POINT('',(0.529999998509884,0.287500001490116,-1.25));
#4732=CARTESIAN_POINT('',(0.42399999976158,0.393500000238419,-0.200000000000003));
#4733=CARTESIAN_POINT('',(0.423999999761582,0.393500000238418,-1.25));
#4734=CARTESIAN_POINT('',(0.42399999976158,0.393500000238419,-0.200000000000003));
#4735=CARTESIAN_POINT('Origin',(0.526999999999998,-0.290500000238419,-0.200000000000001));
#4736=CARTESIAN_POINT('',(0.529999998995423,-0.287500001242995,-0.801369233716061));
#4737=CARTESIAN_POINT('',(0.529999999999998,-0.287500000238419,-0.200000000000001));
#4738=CARTESIAN_POINT('',(0.529999998995423,-0.287500001242995,-0.801369233716061));
#4739=CARTESIAN_POINT('',(0.423999999999998,-0.393500000238419,-0.200000000000001));
#4740=CARTESIAN_POINT('',(0.529999999999998,-0.287500000238419,-0.200000000000001));
#4741=CARTESIAN_POINT('',(0.423999999999999,-0.393500000238419,-1.25));
#4742=CARTESIAN_POINT('',(0.423999999999998,-0.393500000238419,-0.200000000000001));
#4743=CARTESIAN_POINT('',(0.529999998509883,-0.287500001728536,-1.25));
#4744=CARTESIAN_POINT('',(0.423999999999999,-0.393500000238419,-1.25));
#4745=CARTESIAN_POINT('',(0.529999998509883,-0.287500001728535,-0.984630760073053));
#4746=CARTESIAN_POINT('',(0.529999998509883,-0.287500001728536,-1.25));
#4747=CARTESIAN_POINT('',(0.629999999999999,-0.187500000238419,-0.9379999935627));
#4748=CARTESIAN_POINT('',(0.529999998509883,-0.287500001728535,-0.984630760073053));
#4749=CARTESIAN_POINT('',(0.629999999999999,-0.187500000238419,-0.848000000000002));
#4750=CARTESIAN_POINT('',(0.629999999999999,-0.18750000023842,-0.9379999935627));
#4751=CARTESIAN_POINT('',(0.629999999999999,-0.18750000023842,-0.848000000000002));
#4752=CARTESIAN_POINT('Origin',(0.63,-0.393499999999999,-0.624999999999999));
#4753=CARTESIAN_POINT('',(-0.630000000000001,-0.393499999999999,-1.25));
#4754=CARTESIAN_POINT('',(0.423999999999999,-0.393500000000001,-1.25));
#4755=CARTESIAN_POINT('',(-0.630000000000001,-0.393499999999999,-1.25));
#4756=CARTESIAN_POINT('',(0.423999999999998,-0.393499999999998,-0.200000000000001));
#4757=CARTESIAN_POINT('',(0.423999999999999,-0.393500000000001,-1.25));
#4758=CARTESIAN_POINT('',(0.63,-0.393499999999999,-0.200000000000001));
#4759=CARTESIAN_POINT('',(0.423999999999998,-0.393499999999998,-0.200000000000001));
#4760=CARTESIAN_POINT('',(0.629999999999999,-0.393499999999998,1.110223E-15));
#4761=CARTESIAN_POINT('',(0.629999999999999,-0.393499999999998,-0.200000000000001));
#4762=CARTESIAN_POINT('',(-0.630000000000003,-0.393499999999996,-6.661338E-16));
#4763=CARTESIAN_POINT('',(0.629999999999999,-0.393499999999998,1.04902962956708E-15));
#4764=CARTESIAN_POINT('',(-0.630000000000002,-0.393499999999996,-6.99353086378051E-16));
#4765=CARTESIAN_POINT('Origin',(0.630000000000001,0.3935,-0.625));
#4766=CARTESIAN_POINT('',(0.630000000000001,0.393500000000001,-0.200000000000002));
#4767=CARTESIAN_POINT('',(0.42399999976158,0.393500000000002,-0.200000000000002));
#4768=CARTESIAN_POINT('',(0.63,0.393500000000002,-0.200000000000002));
#4769=CARTESIAN_POINT('',(0.423999999761582,0.393499999999999,-1.25));
#4770=CARTESIAN_POINT('',(0.42399999976158,0.393500000000002,-0.200000000000002));
#4771=CARTESIAN_POINT('',(-0.629999999999999,0.393500000000001,-1.25));
#4772=CARTESIAN_POINT('',(0.423999999761582,0.393499999999999,-1.25));
#4773=CARTESIAN_POINT('',(-0.630000000000001,0.393500000000004,-1.365924E-15));
#4774=CARTESIAN_POINT('',(-0.629999999999999,0.393500000000001,-1.25));
#4775=CARTESIAN_POINT('',(0.63,0.393500000000002,4.670387E-16));
#4776=CARTESIAN_POINT('',(-0.630000000000001,0.393500000000004,-1.365924E-15));
#4777=CARTESIAN_POINT('',(0.63,0.393500000000002,4.670387E-16));
#4778=CARTESIAN_POINT('Origin',(-0.629999999999999,0.393500000000003,-0.625000000000001));
#4779=CARTESIAN_POINT('',(-0.629999999999999,0.393500000000004,-1.391992E-15));
#4780=CARTESIAN_POINT('',(-0.629999999999999,0.393500000000003,-1.25));
#4781=CARTESIAN_POINT('',(-0.629999999999999,0.393500000000004,-1.391992E-15));
#4782=CARTESIAN_POINT('',(-0.63,-0.393499999999997,-1.25));
#4783=CARTESIAN_POINT('',(-0.629999999999999,0.393500000000003,-1.25));
#4784=CARTESIAN_POINT('',(-0.63,-0.393499999999996,-8.195544E-16));
#4785=CARTESIAN_POINT('',(-0.63,-0.393499999999997,-1.25));
#4786=CARTESIAN_POINT('',(-0.63,-0.393499999999996,-8.195544E-16));
#4787=CARTESIAN_POINT('Origin',(0.630000000000001,0.275051458580776,-0.200000000000002));
#4788=CARTESIAN_POINT('',(0.630000000000001,0.187,-0.200000000000002));
#4789=CARTESIAN_POINT('',(0.630000000000001,0.393500000238418,-0.200000000000002));
#4790=CARTESIAN_POINT('',(0.630000000000001,0.187,-0.200000000000002));
#4791=CARTESIAN_POINT('',(0.42399999976158,0.393500000238419,-0.200000000000002));
#4792=CARTESIAN_POINT('',(0.630000000000001,0.393500000238418,-0.200000000000002));
#4793=CARTESIAN_POINT('',(0.529999999999999,0.2875,-0.200000000000002));
#4794=CARTESIAN_POINT('',(0.42399999976158,0.393500000238419,-0.200000000000002));
#4795=CARTESIAN_POINT('',(0.529999999999998,0.158015821992609,-0.200000000000002));
#4796=CARTESIAN_POINT('',(0.529999999999999,0.2875,-0.200000000000002));
#4797=CARTESIAN_POINT('Ctrl Pts',(0.529999999999998,0.158015821992609,-0.200000000000002));
#4798=CARTESIAN_POINT('Ctrl Pts',(0.532430853587587,0.159513006539835,-0.200000000000002));
#4799=CARTESIAN_POINT('Ctrl Pts',(0.534861707175175,0.161010191087061,-0.200000000000002));
#4800=CARTESIAN_POINT('Ctrl Pts',(0.537332386696578,0.162439486679125,-0.200000000000002));
#4801=CARTESIAN_POINT('Ctrl Pts',(0.539768881054082,0.163849006050255,-0.200000000000002));
#4802=CARTESIAN_POINT('Ctrl Pts',(0.542244106879463,0.165192502138709,-0.200000000000002));
#4803=CARTESIAN_POINT('Ctrl Pts',(0.544745798146391,0.16648408321825,-0.200000000000002));
#4804=CARTESIAN_POINT('Ctrl Pts',(0.547219435574627,0.167761180573223,-0.200000000000002));
#4805=CARTESIAN_POINT('Ctrl Pts',(0.549718948208278,0.168987520735374,-0.200000000000002));
#4806=CARTESIAN_POINT('Ctrl Pts',(0.55224533216861,0.170156124641544,-0.200000000000002));
#4807=CARTESIAN_POINT('Ctrl Pts',(0.554750265091089,0.17131480615784,-0.200000000000002));
#4808=CARTESIAN_POINT('Ctrl Pts',(0.557281614959024,0.172416727710507,-0.200000000000002));
#4809=CARTESIAN_POINT('Ctrl Pts',(0.559836503705071,0.173460964290855,-0.200000000000002));
#4810=CARTESIAN_POINT('Ctrl Pts',(0.562376867337349,0.174499264152763,-0.200000000000002));
#4811=CARTESIAN_POINT('Ctrl Pts',(0.564940502960988,0.175480533081802,-0.200000000000002));
#4812=CARTESIAN_POINT('Ctrl Pts',(0.567525222121271,0.176402775874792,-0.200000000000002));
#4813=CARTESIAN_POINT('Ctrl Pts',(0.570102657750634,0.17732241986169,-0.200000000000002));
#4814=CARTESIAN_POINT('Ctrl Pts',(0.572701058260634,0.178183369905649,-0.200000000000002));
#4815=CARTESIAN_POINT('Ctrl Pts',(0.575317766249576,0.178984538055882,-0.200000000000002));
#4816=CARTESIAN_POINT('Ctrl Pts',(0.577934705695581,0.179785777072267,-0.200000000000002));
#4817=CARTESIAN_POINT('Ctrl Pts',(0.580569955859393,0.18052722361862,-0.200000000000002));
#4818=CARTESIAN_POINT('Ctrl Pts',(0.583220757633397,0.181208023899855,-0.200000000000002));
#4819=CARTESIAN_POINT('Ctrl Pts',(0.585879538089857,0.181890873330639,-0.200000000000002));
#4820=CARTESIAN_POINT('Ctrl Pts',(0.588553963915384,0.182512710866924,-0.200000000000002));
#4821=CARTESIAN_POINT('Ctrl Pts',(0.591241132483241,0.183073795391679,-0.200000000000002));
#4822=CARTESIAN_POINT('Ctrl Pts',(0.59394421401996,0.183638202566408,-0.200000000000002));
#4823=CARTESIAN_POINT('Ctrl Pts',(0.596660189666708,0.184141135060492,-0.200000000000002));
#4824=CARTESIAN_POINT('Ctrl Pts',(0.599386112885631,0.1845812030875,-0.200000000000002));
#4825=CARTESIAN_POINT('Ctrl Pts',(0.602136023400199,0.185025143579365,-0.200000000000002));
#4826=CARTESIAN_POINT('Ctrl Pts',(0.604896057328452,0.185405108359868,-0.200000000000002));
#4827=CARTESIAN_POINT('Ctrl Pts',(0.60766317781277,0.185728390834881,-0.200000000000002));
#4828=CARTESIAN_POINT('Ctrl Pts',(0.610462451719074,0.186055429791731,-0.200000000000002));
#4829=CARTESIAN_POINT('Ctrl Pts',(0.613268977827181,0.186324461514286,-0.200000000000002));
#4830=CARTESIAN_POINT('Ctrl Pts',(0.616080034464513,0.186512305363246,-0.200000000000002));
#4831=CARTESIAN_POINT('Ctrl Pts',(0.620711822937292,0.186821816371577,-0.200000000000002));
#4832=CARTESIAN_POINT('Ctrl Pts',(0.625355911468647,0.186910908185788,-0.200000000000002));
#4833=CARTESIAN_POINT('Ctrl Pts',(0.630000000000001,0.187,-0.200000000000002));
#4834=CARTESIAN_POINT('Origin',(0.579999999497711,-0.157238916277549,-0.824684616858031));
#4835=CARTESIAN_POINT('',(0.629999999999999,-0.187000000000001,-0.848000000000002));
#4836=CARTESIAN_POINT('',(0.629999999999999,-0.18750000023842,-0.848000000000002));
#4837=CARTESIAN_POINT('',(0.629999999999999,-0.187000000000001,-0.848000000000002));
#4838=CARTESIAN_POINT('',(0.529999998995423,-0.287500001242995,-0.801369233716061));
#4839=CARTESIAN_POINT('',(0.629999999999999,-0.18750000023842,-0.848000000000002));
#4840=CARTESIAN_POINT('',(0.529999998995423,-0.158015821356866,-0.801369233716061));
#4841=CARTESIAN_POINT('',(0.529999998995423,-0.287500001242995,-0.801369233716061));
#4842=CARTESIAN_POINT('Ctrl Pts',(0.529999998995423,-0.158015821356866,
-0.801369233716061));
#4843=CARTESIAN_POINT('Ctrl Pts',(0.531782088787794,-0.159121350736193,
-0.802200235833764));
#4844=CARTESIAN_POINT('Ctrl Pts',(0.533564178580166,-0.160226880115519,
-0.803031237951466));
#4845=CARTESIAN_POINT('Ctrl Pts',(0.535364883478553,-0.16129456233486,-0.803870920435661));
#4846=CARTESIAN_POINT('Ctrl Pts',(0.537153902972096,-0.162355315990288,
-0.804705153926089));
#4847=CARTESIAN_POINT('Ctrl Pts',(0.53896129675568,-0.163378712098879,-0.805547955488676));
#4848=CARTESIAN_POINT('Ctrl Pts',(0.540781372103892,-0.164373592689611,
-0.806396670561966));
#4849=CARTESIAN_POINT('Ctrl Pts',(0.542591914524732,-0.165363262438701,
-0.807240940358218));
#4850=CARTESIAN_POINT('Ctrl Pts',(0.544415006014764,-0.166324714596573,
-0.808091061881538));
#4851=CARTESIAN_POINT('Ctrl Pts',(0.546251314473261,-0.167254520981499,
-0.808947346578469));
#4852=CARTESIAN_POINT('Ctrl Pts',(0.54808034955387,-0.168180644524815,-0.809800239643592));
#4853=CARTESIAN_POINT('Ctrl Pts',(0.549922497108928,-0.169075372488255,
-0.810659247155967));
#4854=CARTESIAN_POINT('Ctrl Pts',(0.551776649094515,-0.169938669766334,
-0.811523852426229));
#4855=CARTESIAN_POINT('Ctrl Pts',(0.553625862924566,-0.17079966782824,-0.812386154996748));
#4856=CARTESIAN_POINT('Ctrl Pts',(0.555487017327592,-0.171629402400279,
-0.813254025547888));
#4857=CARTESIAN_POINT('Ctrl Pts',(0.557359399760965,-0.172427073363296,
-0.814127131815565));
#4858=CARTESIAN_POINT('Ctrl Pts',(0.559229255319536,-0.173223667829001,
-0.81499905978217));
#4859=CARTESIAN_POINT('Ctrl Pts',(0.561110308623314,-0.173988285170213,
-0.81587620934312));
#4860=CARTESIAN_POINT('Ctrl Pts',(0.563001671766668,-0.174720476149669,
-0.816758166461217));
#4861=CARTESIAN_POINT('Ctrl Pts',(0.564892988558538,-0.17545264918538,-0.817640101965264));
#4862=CARTESIAN_POINT('Ctrl Pts',(0.566794614684666,-0.176152397448657,
-0.818526844790825));
#4863=CARTESIAN_POINT('Ctrl Pts',(0.568705647989741,-0.176819331396243,
-0.819417974255971));
#4864=CARTESIAN_POINT('Ctrl Pts',(0.570619178564705,-0.177487136869229,
-0.82031026821719));
#4865=CARTESIAN_POINT('Ctrl Pts',(0.57254214092061,-0.178122042209345,-0.821206960290092));
#4866=CARTESIAN_POINT('Ctrl Pts',(0.57447358487718,-0.178723800650892,-0.822107607398338));
#4867=CARTESIAN_POINT('Ctrl Pts',(0.576410126035926,-0.179327147170844,
-0.823010631370994));
#4868=CARTESIAN_POINT('Ctrl Pts',(0.578355193621364,-0.179897171607868,
-0.823917631281712));
#4869=CARTESIAN_POINT('Ctrl Pts',(0.580307808365396,-0.180433753671271,
-0.824828150490281));
#4870=CARTESIAN_POINT('Ctrl Pts',(0.582268169392495,-0.180972464427272,
-0.825742281849966));
#4871=CARTESIAN_POINT('Ctrl Pts',(0.584236137578136,-0.18147746694262,-0.826659960485936));
#4872=CARTESIAN_POINT('Ctrl Pts',(0.586210709770714,-0.181948768901172,
-0.827580718620915));
#4873=CARTESIAN_POINT('Ctrl Pts',(0.588195719035613,-0.182422562038646,
-0.828506343642646));
#4874=CARTESIAN_POINT('Ctrl Pts',(0.590187402306067,-0.182862297413101,
-0.829435080804277));
#4875=CARTESIAN_POINT('Ctrl Pts',(0.59218474168354,-0.183268134478822,-0.830366455451928));
#4876=CARTESIAN_POINT('Ctrl Pts',(0.594195243000731,-0.183676645903771,
-0.831303967612865));
#4877=CARTESIAN_POINT('Ctrl Pts',(0.596211475215064,-0.184050810786136,
-0.832244152135027));
#4878=CARTESIAN_POINT('Ctrl Pts',(0.598232413898679,-0.184390849759575,
-0.833186531319858));
#4879=CARTESIAN_POINT('Ctrl Pts',(0.600269265761125,-0.184733566251653,
-0.834136330941844));
#4880=CARTESIAN_POINT('Ctrl Pts',(0.602310898503575,-0.185041617293716,
-0.835088359924789));
#4881=CARTESIAN_POINT('Ctrl Pts',(0.604356289412615,-0.185315627330053,
-0.836042141369595));
#4882=CARTESIAN_POINT('Ctrl Pts',(0.606420363431153,-0.185592140242241,
-0.837004634891437));
#4883=CARTESIAN_POINT('Ctrl Pts',(0.608488264585899,-0.185833987430477,
-0.837968913036203));
#4884=CARTESIAN_POINT('Ctrl Pts',(0.610558980516329,-0.186040895486056,
-0.838934503732426));
#4885=CARTESIAN_POINT('Ctrl Pts',(0.612651160633579,-0.186249948265155,
-0.83991010334334));
#4886=CARTESIAN_POINT('Ctrl Pts',(0.614746214182555,-0.186423333828288,
-0.840887042857472));
#4887=CARTESIAN_POINT('Ctrl Pts',(0.616843145009657,-0.186564801142449,
-0.841864857760771));
#4888=CARTESIAN_POINT('Ctrl Pts',(0.618964324916379,-0.186707904396204,
-0.8428539801956));
#4889=CARTESIAN_POINT('Ctrl Pts',(0.621087425770267,-0.18681834692214,-0.843843998382803));
#4890=CARTESIAN_POINT('Ctrl Pts',(0.623211482560277,-0.186885213139895,
-0.844834462330341));
#4891=CARTESIAN_POINT('Ctrl Pts',(0.625473598878413,-0.186956425530744,
-0.845889304493125));
#4892=CARTESIAN_POINT('Ctrl Pts',(0.627736799439206,-0.186978212765373,
-0.846944652246564));
#4893=CARTESIAN_POINT('Ctrl Pts',(0.629999999999999,-0.187000000000001,
-0.848000000000002));
#4894=CARTESIAN_POINT('Origin',(0.629999999999998,-4.37095678986256E-17,
6.82293542341851E-16));
#4895=CARTESIAN_POINT('',(0.630000000000002,0.187,-0.848000000000002));
#4896=CARTESIAN_POINT('',(0.62999999753437,0.186999999999999,-0.937999994712442));
#4897=CARTESIAN_POINT('',(0.630000000000002,0.186999999999999,-0.848000000000002));
#4898=CARTESIAN_POINT('',(0.529999998509884,0.158015821049592,-0.984630760073053));
#4899=CARTESIAN_POINT('Ctrl Pts',(0.62999999753437,0.186999999999999,-0.937999994712442));
#4900=CARTESIAN_POINT('Ctrl Pts',(0.625884699700759,0.186999999945739,-0.939940154912438));
#4901=CARTESIAN_POINT('Ctrl Pts',(0.621767855326162,0.186863942239676,-0.941880315112434));
#4902=CARTESIAN_POINT('Ctrl Pts',(0.617665711253364,0.186592779391686,-0.943826236157227));
#4903=CARTESIAN_POINT('Ctrl Pts',(0.612689557822994,0.186263842154898,-0.946186758242858));
#4904=CARTESIAN_POINT('Ctrl Pts',(0.607727933999052,0.185736226048483,-0.948555757517796));
#4905=CARTESIAN_POINT('Ctrl Pts',(0.602782110667602,0.185008611962495,-0.950899607801513));
#4906=CARTESIAN_POINT('Ctrl Pts',(0.595958962770618,0.184004811748069,-0.954133131537085));
#4907=CARTESIAN_POINT('Ctrl Pts',(0.589170324711727,0.182620307478599,-0.957318790837148));
#4908=CARTESIAN_POINT('Ctrl Pts',(0.582453146035421,0.180854352112607,-0.960443347666154));
#4909=CARTESIAN_POINT('Ctrl Pts',(0.574265787933076,0.178701884585558,-0.964251771842875));
#4910=CARTESIAN_POINT('Ctrl Pts',(0.56618060419395,0.175980609646129,-0.967969419705402));
#4911=CARTESIAN_POINT('Ctrl Pts',(0.558285000676979,0.172701936503616,-0.971595046655901));
#4912=CARTESIAN_POINT('Ctrl Pts',(0.553631081307281,0.17076938246743,-0.97373210628104));
#4913=CARTESIAN_POINT('Ctrl Pts',(0.549045430493317,0.168644544017261,-0.975837195100624));
#4914=CARTESIAN_POINT('Ctrl Pts',(0.54454286209215,0.166331228518876,-0.977903653725217));
#4915=CARTESIAN_POINT('Ctrl Pts',(0.539589082509048,0.163786091151901,-0.980177196208477));
#4916=CARTESIAN_POINT('Ctrl Pts',(0.534725749393454,0.161006503199391,-0.982403978140765));
#4917=CARTESIAN_POINT('Ctrl Pts',(0.529999998509884,0.158015821049592,-0.984630760073053));
#4918=CARTESIAN_POINT('',(0.529999998509884,0.158015821049592,-1.25));
#4919=CARTESIAN_POINT('',(0.529999998509884,0.158015821049592,-0.984630760073053));
#4920=CARTESIAN_POINT('',(0.529999998509884,-0.158015821049593,-1.25));
#4921=CARTESIAN_POINT('Origin',(0.629999999999999,1.20201311721228E-15,
-1.25000000000002));
#4922=CARTESIAN_POINT('',(0.529999998509883,-0.158015821049593,-0.984630760073052));
#4923=CARTESIAN_POINT('',(0.529999998509884,-0.158015821049593,-1.25));
#4924=CARTESIAN_POINT('',(0.630000000000001,-0.187000000000001,-0.9379999935627));
#4925=CARTESIAN_POINT('Ctrl Pts',(0.529999998509883,-0.158015821049593,
-0.984630760073052));
#4926=CARTESIAN_POINT('Ctrl Pts',(0.53719168731633,-0.162567067162699,-0.981215733393453));
#4927=CARTESIAN_POINT('Ctrl Pts',(0.544707212621894,-0.166630520699747,
-0.977800706713854));
#4928=CARTESIAN_POINT('Ctrl Pts',(0.552405508355435,-0.170141396686468,
-0.974286343724543));
#4929=CARTESIAN_POINT('Ctrl Pts',(0.553591509598541,-0.170682283062981,
-0.973744920139595));
#4930=CARTESIAN_POINT('Ctrl Pts',(0.554781808032828,-0.171210146461183,
-0.973201138851467));
#4931=CARTESIAN_POINT('Ctrl Pts',(0.555975848161159,-0.171724852437091,
-0.972654636631855));
#4932=CARTESIAN_POINT('Ctrl Pts',(0.56346818125098,-0.174954516602743,-0.969225458192616));
#4933=CARTESIAN_POINT('Ctrl Pts',(0.571150924649994,-0.177683211133659,
-0.965689149060329));
#4934=CARTESIAN_POINT('Ctrl Pts',(0.578938787827361,-0.179893725881313,
-0.962075895301719));
#4935=CARTESIAN_POINT('Ctrl Pts',(0.584033408535476,-0.181339788036298,
-0.959712197198267));
#4936=CARTESIAN_POINT('Ctrl Pts',(0.589168098894467,-0.182563482343336,
-0.957315571092615));
#4937=CARTESIAN_POINT('Ctrl Pts',(0.59433168114028,-0.183566802635231,-0.954887787951027));
#4938=CARTESIAN_POINT('Ctrl Pts',(0.598796550529963,-0.18443435811243,-0.952788521566251));
#4939=CARTESIAN_POINT('Ctrl Pts',(0.603284143598582,-0.18513725251434,-0.950665959712627));
#4940=CARTESIAN_POINT('Ctrl Pts',(0.607784072907456,-0.18567566502754,-0.948526899059865));
#4941=CARTESIAN_POINT('Ctrl Pts',(0.611773388617184,-0.186152983080734,
-0.94663056076644));
#4942=CARTESIAN_POINT('Ctrl Pts',(0.615771144531071,-0.186501075915746,
-0.944721255525078));
#4943=CARTESIAN_POINT('Ctrl Pts',(0.619779075835525,-0.186720466765763,
-0.942821558253981));
#4944=CARTESIAN_POINT('Ctrl Pts',(0.623179607393997,-0.186906609055251,
-0.941209759041073));
#4945=CARTESIAN_POINT('Ctrl Pts',(0.626590233618286,-0.187000000000001,
-0.939604876301886));
#4946=CARTESIAN_POINT('Ctrl Pts',(0.630000000000001,-0.187000000000001,
-0.9379999935627));
#4947=CARTESIAN_POINT('',(0.630000000000001,-0.187000000000001,-0.848000000000003));
#4948=CARTESIAN_POINT('',(0.630000000000001,-0.187000000000001,-0.9379999935627));
#4949=CARTESIAN_POINT('',(0.529999998995423,-0.158015821356866,-0.801369233718308));
#4950=CARTESIAN_POINT('Ctrl Pts',(0.630000000000001,-0.187000000000001,
-0.848000000000003));
#4951=CARTESIAN_POINT('Ctrl Pts',(0.625884702211255,-0.187000000000001,
-0.846059839821022));
#4952=CARTESIAN_POINT('Ctrl Pts',(0.621767857879786,-0.186863942351173,
-0.844119679642042));
#4953=CARTESIAN_POINT('Ctrl Pts',(0.617665713848641,-0.186592779563242,
-0.842173758616821));
#4954=CARTESIAN_POINT('Ctrl Pts',(0.612689560512357,-0.186263842402188,
-0.839813236575596));
#4955=CARTESIAN_POINT('Ctrl Pts',(0.607727936780301,-0.185736226379266,
-0.83744423734309));
#4956=CARTESIAN_POINT('Ctrl Pts',(0.602782113537726,-0.18500861238474,-0.835100387099103));
#4957=CARTESIAN_POINT('Ctrl Pts',(0.595958965884321,-0.18400481231429,-0.831866863475669));
#4958=CARTESIAN_POINT('Ctrl Pts',(0.589170328061842,-0.182620308217404,
-0.828681204280907));
#4959=CARTESIAN_POINT('Ctrl Pts',(0.582453149610127,-0.180854353052403,
-0.825556647550844));
#4960=CARTESIAN_POINT('Ctrl Pts',(0.57426579185318,-0.178701885789174,-0.821748223528051));
#4961=CARTESIAN_POINT('Ctrl Pts',(0.566180608440194,-0.175980611166208,
-0.81803057580842));
#4962=CARTESIAN_POINT('Ctrl Pts',(0.558285005213944,-0.172701938387605,
-0.814404948990424));
#4963=CARTESIAN_POINT('Ctrl Pts',(0.553631085194902,-0.17076938422512,-0.812267889066522));
#4964=CARTESIAN_POINT('Ctrl Pts',(0.549045433743555,-0.16864454559711,-0.810162799955841));
#4965=CARTESIAN_POINT('Ctrl Pts',(0.544542864723991,-0.166331229871057,
-0.808096341050557));
#4966=CARTESIAN_POINT('Ctrl Pts',(0.539589084398426,-0.163786092221695,
-0.80582279822998));
#4967=CARTESIAN_POINT('Ctrl Pts',(0.534725750561395,-0.161006503918186,
-0.803596015974144));
#4968=CARTESIAN_POINT('Ctrl Pts',(0.529999998995423,-0.158015821356866,
-0.801369233718308));
#4969=CARTESIAN_POINT('',(0.529999999999998,-0.158015821992609,-0.200000000000002));
#4970=CARTESIAN_POINT('',(0.529999998995423,-0.158015821356866,-0.801369233718308));
#4971=CARTESIAN_POINT('',(0.63,-0.187,-0.200000000000001));
#4972=CARTESIAN_POINT('Origin',(0.629999999999998,6.77498302428737E-16,
-0.200000000000014));
#4973=CARTESIAN_POINT('',(0.63,-0.187,8.189795E-16));
#4974=CARTESIAN_POINT('',(0.63,-0.187,-0.200000000000001));
#4975=CARTESIAN_POINT('',(0.630000000000001,0.187,5.469445E-16));
#4976=CARTESIAN_POINT('Origin',(0.629999999999998,-2.18547839493141E-17,
6.82962168747023E-16));
#4977=CARTESIAN_POINT('',(0.630000000000001,0.187,-0.200000000000002));
#4978=CARTESIAN_POINT('',(0.630000000000001,0.187,5.469445E-16));
#4979=CARTESIAN_POINT('',(0.529999999999999,0.158015821992609,-0.200000000008863));
#4980=CARTESIAN_POINT('Origin',(0.629999999999999,-1.04902962956708E-15,
-0.200000000117687));
#4981=CARTESIAN_POINT('',(0.529999998995423,0.158015821356865,-0.801369233716061));
#4982=CARTESIAN_POINT('',(0.529999999999999,0.158015821992609,-0.200000000008863));
#4983=CARTESIAN_POINT('Ctrl Pts',(0.529999998995423,0.158015821356865,-0.801369233716061));
#4984=CARTESIAN_POINT('Ctrl Pts',(0.537198341753005,0.162571278378879,-0.804787464043777));
#4985=CARTESIAN_POINT('Ctrl Pts',(0.544721329107824,0.16663818118716,-0.808205694371492));
#4986=CARTESIAN_POINT('Ctrl Pts',(0.552427886245936,0.170151600544122,-0.811723862218575));
#4987=CARTESIAN_POINT('Ctrl Pts',(0.553606468352685,0.170688916120119,-0.812261903992457));
#4988=CARTESIAN_POINT('Ctrl Pts',(0.554789303597893,0.171213377521608,-0.812802283136236));
#4989=CARTESIAN_POINT('Ctrl Pts',(0.555975848536691,0.171724852598967,-0.813345357109449));
#4990=CARTESIAN_POINT('Ctrl Pts',(0.563468729235071,0.174954752798728,-0.816774800326153));
#4991=CARTESIAN_POINT('Ctrl Pts',(0.571152042042122,0.177683528308869,-0.820311706932569));
#4992=CARTESIAN_POINT('Ctrl Pts',(0.578938788116623,0.179893725963416,-0.823924098403145));
#4993=CARTESIAN_POINT('Ctrl Pts',(0.584032678033216,0.181339580680966,-0.82628723241454));
#4994=CARTESIAN_POINT('Ctrl Pts',(0.589166815927019,0.182563233059381,-0.828682669731323));
#4995=CARTESIAN_POINT('Ctrl Pts',(0.594331681333117,0.183566802672699,-0.831112205709177));
#4996=CARTESIAN_POINT('Ctrl Pts',(0.598797660258711,0.184434573735649,-0.833212987747613));
#4997=CARTESIAN_POINT('Ctrl Pts',(0.603285308664991,0.185137391916657,-0.835339264647014));
#4998=CARTESIAN_POINT('Ctrl Pts',(0.607784073036259,0.18567566504295,-0.837473094568359));
#4999=CARTESIAN_POINT('Ctrl Pts',(0.615153561660876,0.186557417754091,-0.840968551105857));
#5000=CARTESIAN_POINT('Ctrl Pts',(0.622579907361966,0.187,-0.844484275552929));
#5001=CARTESIAN_POINT('Ctrl Pts',(0.630000000000002,0.187,-0.848000000000002));
#5002=CARTESIAN_POINT('Origin',(0.529999998509883,-1.1920949791604E-10,
-0.984630760073052));
#5003=CARTESIAN_POINT('',(0.529999998509884,0.158015821087059,-0.984630760073053));
#5004=CARTESIAN_POINT('',(0.443,-8.74191357972564E-17,-1.02519952563768));
#5005=CARTESIAN_POINT('Ctrl Pts',(0.529999998509884,0.158015821087059,-0.984630760073053));
#5006=CARTESIAN_POINT('Ctrl Pts',(0.526563804160213,0.15574971802637,-0.986233083813213));
#5007=CARTESIAN_POINT('Ctrl Pts',(0.523127609810542,0.153483614965681,-0.987835407553374));
#5008=CARTESIAN_POINT('Ctrl Pts',(0.519780130196191,0.151064822425046,-0.989396362933063));
#5009=CARTESIAN_POINT('Ctrl Pts',(0.516839389642902,0.148939927837564,-0.990767652773709));
#5010=CARTESIAN_POINT('Ctrl Pts',(0.513967114828671,0.146697194899407,-0.992107016515911));
#5011=CARTESIAN_POINT('Ctrl Pts',(0.51115086388777,0.144374107626274,-0.993420255896939));
#5012=CARTESIAN_POINT('Ctrl Pts',(0.509257831280685,0.142812570657648,-0.99430299149876));
#5013=CARTESIAN_POINT('Ctrl Pts',(0.507390111848569,0.141214727321399,-0.995173923373241));
#5014=CARTESIAN_POINT('Ctrl Pts',(0.505551545746225,0.139576439784601,-0.996031260826788));
#5015=CARTESIAN_POINT('Ctrl Pts',(0.502846733755521,0.137166268201375,-0.997292535371923));
#5016=CARTESIAN_POINT('Ctrl Pts',(0.50020501805625,0.134668563595863,-0.998524387633161));
#5017=CARTESIAN_POINT('Ctrl Pts',(0.497631410356861,0.132089199371319,-0.999724480612472));
#5018=CARTESIAN_POINT('Ctrl Pts',(0.495901863779878,0.130355784225564,-1.00053098142645));
#5019=CARTESIAN_POINT('Ctrl Pts',(0.49420307660975,0.12858548939681,-1.00132313889346));
#5020=CARTESIAN_POINT('Ctrl Pts',(0.492536432359519,0.126778424718012,-1.00210030787076));
#5021=CARTESIAN_POINT('Ctrl Pts',(0.488944802729141,0.12288418811444,-1.00377511227267));
#5022=CARTESIAN_POINT('Ctrl Pts',(0.485502446559227,0.118819190336266,-1.00538030931679));
#5023=CARTESIAN_POINT('Ctrl Pts',(0.482228192863722,0.114597091197007,-1.00690711888975));
#5024=CARTESIAN_POINT('Ctrl Pts',(0.480036540207113,0.111770989234376,-1.00792910330754));
#5025=CARTESIAN_POINT('Ctrl Pts',(0.477920204531929,0.108874499251959,-1.00891596684011));
#5026=CARTESIAN_POINT('Ctrl Pts',(0.475883884493522,0.105911392416411,-1.00986551846847));
#5027=CARTESIAN_POINT('Ctrl Pts',(0.474518356697694,0.103924374330042,-1.01050227453709));
#5028=CARTESIAN_POINT('Ctrl Pts',(0.473188810784733,0.101907399601412,-1.01112225197817));
#5029=CARTESIAN_POINT('Ctrl Pts',(0.471896470509273,0.099861279457156,-1.01172488014556));
#5030=CARTESIAN_POINT('Ctrl Pts',(0.469099176661548,0.0954324154807572,
-1.01302927968886));
#5031=CARTESIAN_POINT('Ctrl Pts',(0.466476196373706,0.090867001199271,-1.01425239548428));
#5032=CARTESIAN_POINT('Ctrl Pts',(0.464043527664716,0.086182651960887,-1.01538676753303));
#5033=CARTESIAN_POINT('Ctrl Pts',(0.462417773070821,0.0830520973294361,
-1.01614486935045));
#5034=CARTESIAN_POINT('Ctrl Pts',(0.46087701658403,0.0798684232489966,-1.01686333589959));
#5035=CARTESIAN_POINT('Ctrl Pts',(0.459424967729737,0.076636534579889,-1.01754043740036));
#5036=CARTESIAN_POINT('Ctrl Pts',(0.458453555495147,0.074474419865411,-1.01799341436457));
#5037=CARTESIAN_POINT('Ctrl Pts',(0.457521844646651,0.0722907265567788,
-1.01842787826841));
#5038=CARTESIAN_POINT('Ctrl Pts',(0.456630804167996,0.070086536815084,-1.01884337726734));
#5039=CARTESIAN_POINT('Ctrl Pts',(0.454685630733766,0.065274711278245,-1.01975042653616));
#5040=CARTESIAN_POINT('Ctrl Pts',(0.452934277890483,0.0603652069943499,
-1.02056709577911));
#5041=CARTESIAN_POINT('Ctrl Pts',(0.451388383544576,0.055379513944779,-1.02128795815131));
#5042=CARTESIAN_POINT('Ctrl Pts',(0.450357028404424,0.0520532710048835,
-1.02176888695144));
#5043=CARTESIAN_POINT('Ctrl Pts',(0.449417122686265,0.0486931165029335,
-1.02220717218576));
#5044=CARTESIAN_POINT('Ctrl Pts',(0.448570989296812,0.045304680789556,-1.02260173066508));
#5045=CARTESIAN_POINT('Ctrl Pts',(0.448006399232751,0.0430437167851487,
-1.02286500333567));
#5046=CARTESIAN_POINT('Ctrl Pts',(0.447483559843257,0.0407701610101097,
-1.02310880734698));
#5047=CARTESIAN_POINT('Ctrl Pts',(0.447003084523178,0.038485439362623,-1.02333285666829));
#5048=CARTESIAN_POINT('Ctrl Pts',(0.446117270505148,0.0342732803233068,
-1.02374591852859));
#5049=CARTESIAN_POINT('Ctrl Pts',(0.445375449228121,0.0300231692033319,
-1.02409183547105));
#5050=CARTESIAN_POINT('Ctrl Pts',(0.444781223426062,0.025748879882937,-1.02436892751323));
#5051=CARTESIAN_POINT('Ctrl Pts',(0.444385001904993,0.0228988430616699,
-1.02455368864283));
#5052=CARTESIAN_POINT('Ctrl Pts',(0.444054401883962,0.0200380565220927,
-1.02470784996442));
#5053=CARTESIAN_POINT('Ctrl Pts',(0.443789915876821,0.017169873959994,-1.02483118181502));
#5054=CARTESIAN_POINT('Ctrl Pts',(0.443613577245998,0.0152575936415777,
-1.02491340986901));
#5055=CARTESIAN_POINT('Ctrl Pts',(0.443466627496352,0.0133420256566852,
-1.02498193366263));
#5056=CARTESIAN_POINT('Ctrl Pts',(0.443349295441367,0.011424293757207,-1.02503664649842));
#5057=CARTESIAN_POINT('Ctrl Pts',(0.443271071135001,0.0101457578306648,
-1.02507312309153));
#5058=CARTESIAN_POINT('Ctrl Pts',(0.443206011236794,0.00886626009209932,
-1.0251034610203));
#5059=CARTESIAN_POINT('Ctrl Pts',(0.443153938369192,0.00758612239973608,
-1.02512774299725));
#5060=CARTESIAN_POINT('Ctrl Pts',(0.44311922254025,0.0067326829177593,-1.02514393125414));
#5061=CARTESIAN_POINT('Ctrl Pts',(0.44309027891907,0.00587895900230485,
-1.02515742788635));
#5062=CARTESIAN_POINT('Ctrl Pts',(0.443067528320671,0.00502504048319197,
-1.02516803666461));
#5063=CARTESIAN_POINT('Ctrl Pts',(0.44305236114128,0.00445575719939878,
-1.02517510923652));
#5064=CARTESIAN_POINT('Ctrl Pts',(0.443039946457759,0.00388638742379292,
-1.02518089829852));
#5065=CARTESIAN_POINT('Ctrl Pts',(0.443029420281172,0.00331697446558099,
-1.02518580673527));
#5066=CARTESIAN_POINT('Ctrl Pts',(0.443022402784688,0.00293736336944615,
-1.02518907904762));
#5067=CARTESIAN_POINT('Ctrl Pts',(0.443016224635486,0.00255773308079357,
-1.02519195996591));
#5068=CARTESIAN_POINT('Ctrl Pts',(0.443011828349049,0.00217807683442606,
-1.02519400998794));
#5069=CARTESIAN_POINT('Ctrl Pts',(0.44300889748374,0.00192497200653263,
-1.02519537667288));
#5070=CARTESIAN_POINT('Ctrl Pts',(0.44300675856159,0.00167185564181659,
-1.02519637406866));
#5071=CARTESIAN_POINT('Ctrl Pts',(0.443005001223021,0.00141873685424605,
-1.02519719352909));
#5072=CARTESIAN_POINT('Ctrl Pts',(0.443003829665973,0.00124999128369261,
-1.02519773983511));
#5073=CARTESIAN_POINT('Ctrl Pts',(0.443002827701049,0.00108124463631853,
-1.02519820705903));
#5074=CARTESIAN_POINT('Ctrl Pts',(0.443002057147444,0.000912496577403982,
-1.02519856637408));
#5075=CARTESIAN_POINT('Ctrl Pts',(0.443000668249829,0.000608333732612895,
-1.02519921402767));
#5076=CARTESIAN_POINT('Ctrl Pts',(0.44300004302872,0.00030416677443586,
-1.02519950557306));
#5077=CARTESIAN_POINT('Ctrl Pts',(0.443,-8.74191357972564E-17,-1.02519952563768));
#5078=CARTESIAN_POINT('',(0.529999998509883,-0.15801582104958,-0.984630760073052));
#5079=CARTESIAN_POINT('Ctrl Pts',(0.443,-8.74191357972564E-17,-1.02519952563768));
#5080=CARTESIAN_POINT('Ctrl Pts',(0.443082719280656,-0.00425999661195226,
-1.02516095300364));
#5081=CARTESIAN_POINT('Ctrl Pts',(0.443165438561311,-0.00851999322390445,
-1.02512238036959));
#5082=CARTESIAN_POINT('Ctrl Pts',(0.443436377647932,-0.012767725740395,
-1.02499603939861));
#5083=CARTESIAN_POINT('Ctrl Pts',(0.443656766991299,-0.0162229488009796,
-1.02489327016002));
#5084=CARTESIAN_POINT('Ctrl Pts',(0.444001694705027,-0.0196700571445454,
-1.0247324277256));
#5085=CARTESIAN_POINT('Ctrl Pts',(0.444432553618722,-0.02310244252174,-1.02453151491456));
#5086=CARTESIAN_POINT('Ctrl Pts',(0.444720493098838,-0.0253962775328166,
-1.02439724652989));
#5087=CARTESIAN_POINT('Ctrl Pts',(0.44504681065018,-0.0276835370619699,
-1.02424508215671));
#5088=CARTESIAN_POINT('Ctrl Pts',(0.445416045395643,-0.029962705702002,
-1.02407290516725));
#5089=CARTESIAN_POINT('Ctrl Pts',(0.445969899624379,-0.0333814716897529,
-1.02381463869888));
#5090=CARTESIAN_POINT('Ctrl Pts',(0.446620318275831,-0.0367820330382389,
-1.02351134350071));
#5091=CARTESIAN_POINT('Ctrl Pts',(0.447362673157139,-0.040157276596584,
-1.02316517773448));
#5092=CARTESIAN_POINT('Ctrl Pts',(0.447858617555169,-0.0424121727074603,
-1.02293391506366));
#5093=CARTESIAN_POINT('Ctrl Pts',(0.44839559459992,-0.0446557690735005,
-1.02268351855544));
#5094=CARTESIAN_POINT('Ctrl Pts',(0.448973391785333,-0.046886748540076,
-1.02241408730302));
#5095=CARTESIAN_POINT('Ctrl Pts',(0.449842711070906,-0.0502433475768542,
-1.02200871706278));
#5096=CARTESIAN_POINT('Ctrl Pts',(0.450804432550181,-0.0535713864673589,
-1.02156025897198));
#5097=CARTESIAN_POINT('Ctrl Pts',(0.451855476879099,-0.05686412682332,-1.02107014895235));
#5098=CARTESIAN_POINT('Ctrl Pts',(0.452557419162221,-0.0590631907634384,
-1.02074282789014));
#5099=CARTESIAN_POINT('Ctrl Pts',(0.45329920181058,-0.0612465106188777,
-1.02039692896053));
#5100=CARTESIAN_POINT('Ctrl Pts',(0.454080119160005,-0.06341289809297,-1.0200327812201));
#5101=CARTESIAN_POINT('Ctrl Pts',(0.455258299870296,-0.0666813565730762,
-1.0194833865322));
#5102=CARTESIAN_POINT('Ctrl Pts',(0.456525559654567,-0.0699112732779914,
-1.01889245358993));
#5103=CARTESIAN_POINT('Ctrl Pts',(0.45787821295976,-0.073096446442426,-1.01826170099489));
#5104=CARTESIAN_POINT('Ctrl Pts',(0.458781301467225,-0.0752230026472159,
-1.01784058390786));
#5105=CARTESIAN_POINT('Ctrl Pts',(0.459722453810879,-0.0773296145895261,
-1.01740171736253));
#5106=CARTESIAN_POINT('Ctrl Pts',(0.460700795385026,-0.079415234599873,
-1.01694550919421));
#5107=CARTESIAN_POINT('Ctrl Pts',(0.462180423775944,-0.0825694934615253,
-1.0162555471443));
#5108=CARTESIAN_POINT('Ctrl Pts',(0.463745115321704,-0.0856757373485362,
-1.01552591949387));
#5109=CARTESIAN_POINT('Ctrl Pts',(0.465390540336671,-0.088728382515346,
-1.01475864520847));
#5110=CARTESIAN_POINT('Ctrl Pts',(0.466488762837138,-0.0907658400583147,
-1.01424653564614));
#5111=CARTESIAN_POINT('Ctrl Pts',(0.4676229501748,-0.0927794206483322,-1.01371765540481));
#5112=CARTESIAN_POINT('Ctrl Pts',(0.468792111013192,-0.094768226442477,
-1.01317246675225));
#5113=CARTESIAN_POINT('Ctrl Pts',(0.470563901376002,-0.097782137637461,
-1.01234626733743));
#5114=CARTESIAN_POINT('Ctrl Pts',(0.472416010177218,-0.10073915224289,-1.01148261481968));
#5115=CARTESIAN_POINT('Ctrl Pts',(0.474343577821129,-0.103634349148145,
-1.01058377526571));
#5116=CARTESIAN_POINT('Ctrl Pts',(0.475629739021409,-0.105566156801418,
-1.0099840284484));
#5117=CARTESIAN_POINT('Ctrl Pts',(0.476949495766861,-0.107470442175466,
-1.0093686157711));
#5118=CARTESIAN_POINT('Ctrl Pts',(0.478301772529069,-0.109346458698122,
-1.00873803876093));
#5119=CARTESIAN_POINT('Ctrl Pts',(0.480354293693569,-0.112193925818253,
-1.0077809324234));
#5120=CARTESIAN_POINT('Ctrl Pts',(0.482481734359489,-0.114976267256933,
-1.00678889054861));
#5121=CARTESIAN_POINT('Ctrl Pts',(0.484678825561664,-0.117689236371649,
-1.00576437009537));
#5122=CARTESIAN_POINT('Ctrl Pts',(0.486144415023211,-0.119498946837966,
-1.00508095450574));
#5123=CARTESIAN_POINT('Ctrl Pts',(0.487640996724394,-0.121277788860133,
-1.00438308699743));
#5124=CARTESIAN_POINT('Ctrl Pts',(0.489167441335149,-0.123025162800967,
-1.00367129418568));
#5125=CARTESIAN_POINT('Ctrl Pts',(0.491483470489047,-0.125676401477575,
-1.00259131205471));
#5126=CARTESIAN_POINT('Ctrl Pts',(0.493868247325542,-0.128255197190705,
-1.00147927235286));
#5127=CARTESIAN_POINT('Ctrl Pts',(0.49631621190305,-0.130757963045934,-1.00033776772348));
#5128=CARTESIAN_POINT('Ctrl Pts',(0.49794870369117,-0.132427000557255,-0.999576524300802));
#5129=CARTESIAN_POINT('Ctrl Pts',(0.499609296660901,-0.134062225673791,
-0.998802177081938));
#5130=CARTESIAN_POINT('Ctrl Pts',(0.501296872513003,-0.135663205969061,
-0.998015247538385));
#5131=CARTESIAN_POINT('Ctrl Pts',(0.504268455427723,-0.138482306329083,
-0.996629575668409));
#5132=CARTESIAN_POINT('Ctrl Pts',(0.507323702114415,-0.141195226375299,
-0.995204890740851));
#5133=CARTESIAN_POINT('Ctrl Pts',(0.51045379771111,-0.14379744644936,-0.993745303193355));
#5134=CARTESIAN_POINT('Ctrl Pts',(0.51254086849226,-0.145532542811411,-0.992772086104993));
#5135=CARTESIAN_POINT('Ctrl Pts',(0.514661216309148,-0.147218423133718,
-0.991783351680027));
#5136=CARTESIAN_POINT('Ctrl Pts',(0.516812706271495,-0.148854413956726,
-0.99078009543414));
#5137=CARTESIAN_POINT('Ctrl Pts',(0.518247127818528,-0.149945146671421,
-0.990111213681737));
#5138=CARTESIAN_POINT('Ctrl Pts',(0.519695392150794,-0.151013703340951,
-0.989435876932568));
#5139=CARTESIAN_POINT('Ctrl Pts',(0.521156853453628,-0.152059756191004,
-0.98875438633496));
#5140=CARTESIAN_POINT('Ctrl Pts',(0.522131187974709,-0.152757144073055,
-0.988300046686174));
#5141=CARTESIAN_POINT('Ctrl Pts',(0.523111388140957,-0.15344452970351,-0.987842971842128));
#5142=CARTESIAN_POINT('Ctrl Pts',(0.524097179837768,-0.154122005833856,
-0.98738328962456));
#5143=CARTESIAN_POINT('Ctrl Pts',(0.524754382081833,-0.154573661933825,
-0.987076831185196));
#5144=CARTESIAN_POINT('Ctrl Pts',(0.525414069509428,-0.155020913707252,
-0.98676921388572));
#5145=CARTESIAN_POINT('Ctrl Pts',(0.526076355038646,-0.155463423409028,
-0.98646038507156));
#5146=CARTESIAN_POINT('Ctrl Pts',(0.526517880989091,-0.155758431389782,
-0.986254498139593));
#5147=CARTESIAN_POINT('Ctrl Pts',(0.526960561663212,-0.156051331761519,
-0.986048072751133));
#5148=CARTESIAN_POINT('Ctrl Pts',(0.527404024917122,-0.156342783321823,
-0.985841282439725));
#5149=CARTESIAN_POINT('Ctrl Pts',(0.527699668353606,-0.156537085194858,
-0.985703421641209));
#5150=CARTESIAN_POINT('Ctrl Pts',(0.527995659606311,-0.15673074314618,-0.985565398653326));
#5151=CARTESIAN_POINT('Ctrl Pts',(0.528292380276592,-0.156923031862804,
-0.985427035532441));
#5152=CARTESIAN_POINT('Ctrl Pts',(0.528490194397678,-0.157051224561471,
-0.985334793292887));
#5153=CARTESIAN_POINT('Ctrl Pts',(0.528688332705471,-0.157178808709286,
-0.985242399882589));
#5154=CARTESIAN_POINT('Ctrl Pts',(0.528886625287259,-0.157306099230814,
-0.985149934533147));
#5155=CARTESIAN_POINT('Ctrl Pts',(0.529018820195067,-0.157390959484317,
-0.985088291035267));
#5156=CARTESIAN_POINT('Ctrl Pts',(0.529151083668942,-0.157475689237537,
-0.985026615564504));
#5157=CARTESIAN_POINT('Ctrl Pts',(0.529283440693394,-0.157560240866492,
-0.984964896470392));
#5158=CARTESIAN_POINT('Ctrl Pts',(0.529522009980204,-0.157712642462871,
-0.984853649784952));
#5159=CARTESIAN_POINT('Ctrl Pts',(0.529760887667549,-0.157864456143385,
-0.98474225928998));
#5160=CARTESIAN_POINT('Ctrl Pts',(0.529999998509883,-0.15801582104958,-0.984630760073052));
#5161=CARTESIAN_POINT('',(0.529999998509883,-0.15801582104958,-0.984630760073052));
#5162=CARTESIAN_POINT('Origin',(0.529999999480964,-6.04749496324433E-10,
-0.801369233716061));
#5163=CARTESIAN_POINT('',(0.529999999480964,-0.158015821664126,-0.801369233716061));
#5164=CARTESIAN_POINT('',(0.443,-8.74191357972564E-17,-0.760800467698607));
#5165=CARTESIAN_POINT('Origin',(0.630004722935585,2.13237130697844E-6,-0.848002202114623));
#5166=CARTESIAN_POINT('',(0.529999999480964,0.158015821701605,-0.801369233716061));
#5167=CARTESIAN_POINT('Ctrl Pts',(0.443,-4.37095678986282E-17,-0.760800467698607));
#5168=CARTESIAN_POINT('Ctrl Pts',(0.443000027113986,0.000191666699845477,
-0.760800480342066));
#5169=CARTESIAN_POINT('Ctrl Pts',(0.443000257215147,0.000383333402128186,
-0.76080058764));
#5170=CARTESIAN_POINT('Ctrl Pts',(0.443000808822841,0.000574999176409975,
-0.760800844858891));
#5171=CARTESIAN_POINT('Ctrl Pts',(0.443001618247937,0.000856248131897001,
-0.760801222300012));
#5172=CARTESIAN_POINT('Ctrl Pts',(0.443003048628529,0.00113749432143904,
-0.760801889297437));
#5173=CARTESIAN_POINT('Ctrl Pts',(0.44300500122302,0.001418736854246,-0.760802799807201));
#5174=CARTESIAN_POINT('Ctrl Pts',(0.443006758561589,0.00167185564181653,
-0.760803619267634));
#5175=CARTESIAN_POINT('Ctrl Pts',(0.443008897483739,0.0019249720065326,
-0.760804616663412));
#5176=CARTESIAN_POINT('Ctrl Pts',(0.443011828349049,0.00217807683442597,
-0.760805983348351));
#5177=CARTESIAN_POINT('Ctrl Pts',(0.443016224635486,0.00255773308079354,
-0.760808033370385));
#5178=CARTESIAN_POINT('Ctrl Pts',(0.443022402784688,0.00293736336944621,
-0.76081091428867));
#5179=CARTESIAN_POINT('Ctrl Pts',(0.443029420281172,0.00331697446558103,
-0.760814186601022));
#5180=CARTESIAN_POINT('Ctrl Pts',(0.443039946457759,0.00388638742379291,
-0.760819095037776));
#5181=CARTESIAN_POINT('Ctrl Pts',(0.44305236114128,0.00445575719939878,
-0.760824884099775));
#5182=CARTESIAN_POINT('Ctrl Pts',(0.443067528320671,0.00502504048319201,
-0.760831956671678));
#5183=CARTESIAN_POINT('Ctrl Pts',(0.44309027891907,0.00587895900230485,
-0.760842565449939));
#5184=CARTESIAN_POINT('Ctrl Pts',(0.44311922254025,0.00673268291775926,
-0.76085606208215));
#5185=CARTESIAN_POINT('Ctrl Pts',(0.443153938369192,0.00758612239973604,
-0.760872250339045));
#5186=CARTESIAN_POINT('Ctrl Pts',(0.443206011236793,0.00886626009209926,
-0.760896532315989));
#5187=CARTESIAN_POINT('Ctrl Pts',(0.443271071135001,0.0101457578306648,
-0.760926870244762));
#5188=CARTESIAN_POINT('Ctrl Pts',(0.443349295441367,0.011424293757207,-0.760963346837875));
#5189=CARTESIAN_POINT('Ctrl Pts',(0.443466627496352,0.0133420256566852,
-0.761018059673661));
#5190=CARTESIAN_POINT('Ctrl Pts',(0.443613577245998,0.0152575936415777,
-0.761086583467285));
#5191=CARTESIAN_POINT('Ctrl Pts',(0.443789915876821,0.017169873959994,-0.761168811521266));
#5192=CARTESIAN_POINT('Ctrl Pts',(0.444054401883962,0.0200380565220927,
-0.761292143371871));
#5193=CARTESIAN_POINT('Ctrl Pts',(0.444385001904994,0.0228988430616699,
-0.761446304693464));
#5194=CARTESIAN_POINT('Ctrl Pts',(0.444781223426062,0.025748879882937,-0.761631065823065));
#5195=CARTESIAN_POINT('Ctrl Pts',(0.445375449228121,0.0300231692033319,
-0.761908157865238));
#5196=CARTESIAN_POINT('Ctrl Pts',(0.446117270505148,0.0342732803233069,
-0.762254074807698));
#5197=CARTESIAN_POINT('Ctrl Pts',(0.447003084523178,0.038485439362623,-0.762667136668006));
#5198=CARTESIAN_POINT('Ctrl Pts',(0.447483559843257,0.0407701610101098,
-0.762891185989314));
#5199=CARTESIAN_POINT('Ctrl Pts',(0.448006399232751,0.0430437167851487,
-0.76313499000062));
#5200=CARTESIAN_POINT('Ctrl Pts',(0.448570989296812,0.045304680789556,-0.76339826267121));
#5201=CARTESIAN_POINT('Ctrl Pts',(0.449417122686265,0.0486931165029335,
-0.763792821150532));
#5202=CARTESIAN_POINT('Ctrl Pts',(0.450357028404425,0.0520532710048834,
-0.764231106384854));
#5203=CARTESIAN_POINT('Ctrl Pts',(0.451388383544577,0.0553795139447791,
-0.764712035184984));
#5204=CARTESIAN_POINT('Ctrl Pts',(0.452934277890483,0.0603652069943503,
-0.765432897557179));
#5205=CARTESIAN_POINT('Ctrl Pts',(0.454685630733766,0.0652747112782459,
-0.766249566800133));
#5206=CARTESIAN_POINT('Ctrl Pts',(0.456630804167996,0.070086536815085,-0.767156616068954));
#5207=CARTESIAN_POINT('Ctrl Pts',(0.457521844646651,0.0722907265567798,
-0.767572115067877));
#5208=CARTESIAN_POINT('Ctrl Pts',(0.458453555495147,0.074474419865412,-0.768006578971717));
#5209=CARTESIAN_POINT('Ctrl Pts',(0.459424967729738,0.07663653457989,-0.768459555935932));
#5210=CARTESIAN_POINT('Ctrl Pts',(0.46087701658403,0.0798684232489978,-0.769136657436704));
#5211=CARTESIAN_POINT('Ctrl Pts',(0.462417773070822,0.0830520973294377,
-0.769855123985847));
#5212=CARTESIAN_POINT('Ctrl Pts',(0.464043527664717,0.086182651960889,-0.770613225803261));
#5213=CARTESIAN_POINT('Ctrl Pts',(0.466476196373706,0.0908670011992731,
-0.771747597852016));
#5214=CARTESIAN_POINT('Ctrl Pts',(0.469099176661548,0.0954324154807594,
-0.772970713647427));
#5215=CARTESIAN_POINT('Ctrl Pts',(0.471896470509274,0.099861279457158,-0.774275113190731));
#5216=CARTESIAN_POINT('Ctrl Pts',(0.473188810784734,0.101907399601414,-0.77487774135812));
#5217=CARTESIAN_POINT('Ctrl Pts',(0.474518356697695,0.103924374330044,-0.775497718799203));
#5218=CARTESIAN_POINT('Ctrl Pts',(0.475883884493524,0.105911392416413,-0.776134474867821));
#5219=CARTESIAN_POINT('Ctrl Pts',(0.477920204531931,0.108874499251961,-0.777084026496185));
#5220=CARTESIAN_POINT('Ctrl Pts',(0.480036540207116,0.111770989234377,-0.77807089002875));
#5221=CARTESIAN_POINT('Ctrl Pts',(0.482228192863724,0.11459709119701,-0.779092874446542));
#5222=CARTESIAN_POINT('Ctrl Pts',(0.485502446559229,0.11881919033627,-0.780619684019499));
#5223=CARTESIAN_POINT('Ctrl Pts',(0.488944802729142,0.122884188114449,-0.782224881063626));
#5224=CARTESIAN_POINT('Ctrl Pts',(0.492536432359522,0.126778424718016,-0.783899685465529));
#5225=CARTESIAN_POINT('Ctrl Pts',(0.494203076609754,0.128585489396812,-0.784676854442832));
#5226=CARTESIAN_POINT('Ctrl Pts',(0.495901863779884,0.130355784225563,-0.785469011909839));
#5227=CARTESIAN_POINT('Ctrl Pts',(0.497631410356865,0.132089199371324,-0.786275512723821));
#5228=CARTESIAN_POINT('Ctrl Pts',(0.50020501805625,0.134668563595877,-0.787475605703131));
#5229=CARTESIAN_POINT('Ctrl Pts',(0.502846733755507,0.137166268201421,-0.788707457964363));
#5230=CARTESIAN_POINT('Ctrl Pts',(0.50555154574623,0.139576439784606,-0.789968732509506));
#5231=CARTESIAN_POINT('Ctrl Pts',(0.507390111848587,0.141214727321376,-0.790826069963059));
#5232=CARTESIAN_POINT('Ctrl Pts',(0.509257831280729,0.142812570657563,-0.791697001837552));
#5233=CARTESIAN_POINT('Ctrl Pts',(0.511150863887777,0.144374107626279,-0.792579737439356));
#5234=CARTESIAN_POINT('Ctrl Pts',(0.513967114828621,0.146697194899545,-0.793892976820358));
#5235=CARTESIAN_POINT('Ctrl Pts',(0.516839389642653,0.14893992783817,-0.795232340562467));
#5236=CARTESIAN_POINT('Ctrl Pts',(0.519780130196199,0.151064822425051,-0.796603630403232));
#5237=CARTESIAN_POINT('Ctrl Pts',(0.523127610122822,0.15348361519043,-0.798164585928536));
#5238=CARTESIAN_POINT('Ctrl Pts',(0.526563804801893,0.155749718446018,-0.799766909822299));
#5239=CARTESIAN_POINT('Ctrl Pts',(0.529999999480964,0.158015821701605,-0.801369233716061));
#5240=CARTESIAN_POINT('',(0.529999999480964,0.158015821701605,-0.801369233716061));
#5241=CARTESIAN_POINT('Origin',(0.63,2.0106401233369E-15,5.463696E-16));
#5242=CARTESIAN_POINT('',(0.63,-0.187,6.823871E-16));
#5243=CARTESIAN_POINT('',(0.63,-0.393499999999998,8.325882E-16));
#5244=CARTESIAN_POINT('',(0.63,-0.187,6.82387079542568E-16));
#5245=CARTESIAN_POINT('',(-0.63,-0.393499999999996,-1.000375E-15));
#5246=CARTESIAN_POINT('',(0.63,-0.393499999999998,8.325882E-16));
#5247=CARTESIAN_POINT('',(-0.629999999999999,0.393500000000004,-1.572812E-15));
#5248=CARTESIAN_POINT('',(-0.63,-0.393499999999996,-1.000375E-15));
#5249=CARTESIAN_POINT('',(0.630000000000001,0.393500000000002,2.60151E-16));
#5250=CARTESIAN_POINT('',(-0.629999999999999,0.393500000000004,-1.572812E-15));
#5251=CARTESIAN_POINT('',(0.630000000000001,0.187,4.103521E-16));
#5252=CARTESIAN_POINT('',(0.630000000000001,0.393500000000002,2.60151E-16));
#5253=CARTESIAN_POINT('',(0.499190790901522,0.133635784775235,2.58875027120465E-16));
#5254=CARTESIAN_POINT('Ctrl Pts',(0.630000000000001,0.187,4.10352120457435E-16));
#5255=CARTESIAN_POINT('Ctrl Pts',(0.624544866816356,0.186882608141966,4.02501747143717E-16));
#5256=CARTESIAN_POINT('Ctrl Pts',(0.619089733632711,0.186765216283932,3.94651373829998E-16));
#5257=CARTESIAN_POINT('Ctrl Pts',(0.61365143205118,0.1863704,3.87027275147569E-16));
#5258=CARTESIAN_POINT('Ctrl Pts',(0.608415976037261,0.185990310139753,3.79687551026128E-16));
#5259=CARTESIAN_POINT('Ctrl Pts',(0.60319611942394,0.185353105435297,3.72557536508967E-16));
#5260=CARTESIAN_POINT('Ctrl Pts',(0.598011046954063,0.184511693673313,3.65626656931502E-16));
#5261=CARTESIAN_POINT('Ctrl Pts',(0.592947980595865,0.18369008055021,3.58858862763676E-16));
#5262=CARTESIAN_POINT('Ctrl Pts',(0.587918080680169,0.182673757396574,3.52280942396775E-16));
#5263=CARTESIAN_POINT('Ctrl Pts',(0.582941269466274,0.181439074578519,3.45939079335596E-16));
#5264=CARTESIAN_POINT('Ctrl Pts',(0.578008498682566,0.180215317624459,3.39653336220583E-16));
#5265=CARTESIAN_POINT('Ctrl Pts',(0.573127881180641,0.178777048491308,3.33599491094491E-16));
#5266=CARTESIAN_POINT('Ctrl Pts',(0.568319846363071,0.177128000391835,3.27804547862843E-16));
#5267=CARTESIAN_POINT('Ctrl Pts',(0.563481763312321,0.175468646422356,3.21973388627757E-16));
#5268=CARTESIAN_POINT('Ctrl Pts',(0.558717173004455,0.173595870691,3.16404377459101E-16));
#5269=CARTESIAN_POINT('Ctrl Pts',(0.554044432669418,0.171515740218574,3.11119806272202E-16));
#5270=CARTESIAN_POINT('Ctrl Pts',(0.549272290598614,0.169391359784722,3.05722818064219E-16));
#5271=CARTESIAN_POINT('Ctrl Pts',(0.544595947856425,0.167050708791744,3.00622500159383E-16));
#5272=CARTESIAN_POINT('Ctrl Pts',(0.54003587608867,0.164504178402272,2.95841075148148E-16));
#5273=CARTESIAN_POINT('Ctrl Pts',(0.535312640917296,0.161866530901726,2.9088856651834E-16));
#5274=CARTESIAN_POINT('Ctrl Pts',(0.530714146135532,0.159008007329084,2.86278179591611E-16));
#5275=CARTESIAN_POINT('Ctrl Pts',(0.526239828038283,0.155963319400242,2.81983846198856E-16));
#5276=CARTESIAN_POINT('Ctrl Pts',(0.521544443751345,0.152768200155479,2.7747733926373E-16));
#5277=CARTESIAN_POINT('Ctrl Pts',(0.516985809872627,0.14936806616253,2.73318888406597E-16));
#5278=CARTESIAN_POINT('Ctrl Pts',(0.512626762440187,0.145734915499943,2.69620270912894E-16));
#5279=CARTESIAN_POINT('Ctrl Pts',(0.507998077421884,0.141877029046126,2.65692868046357E-16));
#5280=CARTESIAN_POINT('Ctrl Pts',(0.503594434161703,0.137756406910681,2.62283945820559E-16));
#5281=CARTESIAN_POINT('Ctrl Pts',(0.499190790901522,0.133635784775235,2.58875023594761E-16));
#5282=CARTESIAN_POINT('',(0.497771031918115,0.132228968081885,2.57832928330276E-16));
#5283=CARTESIAN_POINT('',(0.499190790901522,0.133635784775235,2.58875027120465E-16));
#5284=CARTESIAN_POINT('Ctrl Pts',(0.497771031918115,0.132228968081885,2.57832924803824E-16));
#5285=CARTESIAN_POINT('Ctrl Pts',(0.493434434201726,0.127671466053896,2.54839307585171E-16));
#5286=CARTESIAN_POINT('Ctrl Pts',(0.489097836485336,0.123113964025906,2.51845690366517E-16));
#5287=CARTESIAN_POINT('Ctrl Pts',(0.485042589104127,0.118312055596429,2.49439135613522E-16));
#5288=CARTESIAN_POINT('Ctrl Pts',(0.481093421721701,0.113635758847935,2.47095533203818E-16));
#5289=CARTESIAN_POINT('Ctrl Pts',(0.477411077678278,0.108727675163496,2.4530868139187E-16));
#5290=CARTESIAN_POINT('Ctrl Pts',(0.473968233217862,0.103659862088181,2.43986419195761E-16));
#5291=CARTESIAN_POINT('Ctrl Pts',(0.470576488687037,0.0986672673081758,
2.42683782488371E-16));
#5292=CARTESIAN_POINT('Ctrl Pts',(0.467417187022876,0.0935196494711807,
2.41832046533176E-16));
#5293=CARTESIAN_POINT('Ctrl Pts',(0.46453532993441,0.088219353977916,2.41494970819006E-16));
#5294=CARTESIAN_POINT('Ctrl Pts',(0.46166004511722,0.0829311461693457,2.41158663828948E-16));
#5295=CARTESIAN_POINT('Ctrl Pts',(0.459060940856227,0.0774909562940082,
2.41334672321227E-16));
#5296=CARTESIAN_POINT('Ctrl Pts',(0.45675260377492,0.071930506083333,2.4202114261756E-16));
#5297=CARTESIAN_POINT('Ctrl Pts',(0.454418547266319,0.066308101491698,2.42715261546764E-16));
#5298=CARTESIAN_POINT('Ctrl Pts',(0.452381773473862,0.0605627417605857,
2.43931280752888E-16));
#5299=CARTESIAN_POINT('Ctrl Pts',(0.450649852660698,0.054727118091836,2.45656434469389E-16));
#5300=CARTESIAN_POINT('Ctrl Pts',(0.44887486468577,0.0487463816981682,2.47424487072267E-16));
#5301=CARTESIAN_POINT('Ctrl Pts',(0.447420079574317,0.042670836418699,2.49727310004418E-16));
#5302=CARTESIAN_POINT('Ctrl Pts',(0.446277372618659,0.036537594708002,2.52526089643478E-16));
#5303=CARTESIAN_POINT('Ctrl Pts',(0.445090971317837,0.0301698326953557,
2.5543188783439E-16));
#5304=CARTESIAN_POINT('Ctrl Pts',(0.444240970691121,0.0237398775493611,
2.58872296242108E-16));
#5305=CARTESIAN_POINT('Ctrl Pts',(0.443705155646289,0.0172856514341171,
2.62787414546922E-16));
#5306=CARTESIAN_POINT('Ctrl Pts',(0.443227906657079,0.0115368899550456,
2.66274599671031E-16));
#5307=CARTESIAN_POINT('Ctrl Pts',(0.442999914159691,0.00576887330642754,
2.70138391903823E-16));
#5308=CARTESIAN_POINT('Ctrl Pts',(0.442999999999998,1.31128703695885E-16,
2.74334600238093E-16));
#5309=CARTESIAN_POINT('Ctrl Pts',(0.443000102329183,-0.00687700364819834,
2.79336849115915E-16));
#5310=CARTESIAN_POINT('Ctrl Pts',(0.443324320714666,-0.0137552246700131,
2.84811485669615E-16));
#5311=CARTESIAN_POINT('Ctrl Pts',(0.444007999999998,-0.0205985047377559,
2.90783626850581E-16));
#5312=CARTESIAN_POINT('Ctrl Pts',(0.444658296254366,-0.0271076377349421,
2.96464157362275E-16));
#5313=CARTESIAN_POINT('Ctrl Pts',(0.44563380657324,-0.0335851586995087,
3.02594793857714E-16));
#5314=CARTESIAN_POINT('Ctrl Pts',(0.446955292309593,-0.039991984130548,
3.09177310536716E-16));
#5315=CARTESIAN_POINT('Ctrl Pts',(0.448227808880822,-0.046161397318822,
3.1551590453285E-16));
#5316=CARTESIAN_POINT('Ctrl Pts',(0.449821134918907,-0.0522652573051224,
3.2227350934145E-16));
#5317=CARTESIAN_POINT('Ctrl Pts',(0.45174051530574,-0.0582650699727641,
3.29429755543885E-16));
#5318=CARTESIAN_POINT('Ctrl Pts',(0.453613510933089,-0.0641198880007561,
3.36413060123499E-16));
#5319=CARTESIAN_POINT('Ctrl Pts',(0.455796992128826,-0.0698756268691018,
3.43775971355264E-16));
#5320=CARTESIAN_POINT('Ctrl Pts',(0.458281412905664,-0.0754982831431999,
3.51479869431053E-16));
#5321=CARTESIAN_POINT('Ctrl Pts',(0.460739086358053,-0.081060405785866,
3.59100827183982E-16));
#5322=CARTESIAN_POINT('Ctrl Pts',(0.463491254429343,-0.0864922959488697,
3.67055469161211E-16));
#5323=CARTESIAN_POINT('Ctrl Pts',(0.466515793363164,-0.091767439887503,
3.75292326010938E-16));
#5324=CARTESIAN_POINT('Ctrl Pts',(0.469547870872455,-0.0970557319692308,
3.83549712987193E-16));
#5325=CARTESIAN_POINT('Ctrl Pts',(0.472853678689291,-0.10218649548199,3.92090723413932E-16));
#5326=CARTESIAN_POINT('Ctrl Pts',(0.476402316291782,-0.107142961289607,
4.00858207991151E-16));
#5327=CARTESIAN_POINT('Ctrl Pts',(0.480004296806024,-0.112173932399761,
4.09757484880929E-16));
#5328=CARTESIAN_POINT('Ctrl Pts',(0.483856462381674,-0.117025326354884,
4.1889009578734E-16));
#5329=CARTESIAN_POINT('Ctrl Pts',(0.487921034332225,-0.121689111265163,
4.28195240697635E-16));
#5330=CARTESIAN_POINT('Ctrl Pts',(0.491081215143593,-0.125315176632222,
4.35429936195774E-16));
#5331=CARTESIAN_POINT('Ctrl Pts',(0.494369794995604,-0.128827832873094,
4.42768928001344E-16));
#5332=CARTESIAN_POINT('Ctrl Pts',(0.497771031918114,-0.132228968081885,
4.50190689092727E-16));
#5333=CARTESIAN_POINT('Ctrl Pts',(0.502217625365777,-0.136675428554525,
4.59893498685511E-16));
#5334=CARTESIAN_POINT('Ctrl Pts',(0.50685676704367,-0.140931282461016,4.69737773695688E-16));
#5335=CARTESIAN_POINT('Ctrl Pts',(0.51168794440357,-0.144957410895873,4.79694314732982E-16));
#5336=CARTESIAN_POINT('Ctrl Pts',(0.51621215400142,-0.148727723502971,4.89018227967094E-16));
#5337=CARTESIAN_POINT('Ctrl Pts',(0.520904771089189,-0.152296576206138,
4.98440593945156E-16));
#5338=CARTESIAN_POINT('Ctrl Pts',(0.525757773027698,-0.155633030433059,
5.07927238200459E-16));
#5339=CARTESIAN_POINT('Ctrl Pts',(0.530355457984534,-0.15879395342519,5.16914789026962E-16));
#5340=CARTESIAN_POINT('Ctrl Pts',(0.535097095978824,-0.161746287723306,
5.25960032666773E-16));
#5341=CARTESIAN_POINT('Ctrl Pts',(0.539968365978959,-0.164466495760668,
5.35025015417576E-16));
#5342=CARTESIAN_POINT('Ctrl Pts',(0.544642891069467,-0.167076837770389,
5.43723874095596E-16));
#5343=CARTESIAN_POINT('Ctrl Pts',(0.549436788258219,-0.169473425479053,
5.5244090960488E-16));
#5344=CARTESIAN_POINT('Ctrl Pts',(0.554331691391882,-0.17164335029288,5.6114001482827E-16));
#5345=CARTESIAN_POINT('Ctrl Pts',(0.559094088856281,-0.173754534957646,
5.69603634133319E-16));
#5346=CARTESIAN_POINT('Ctrl Pts',(0.563952097793608,-0.175651162219351,
5.78050280763683E-16));
#5347=CARTESIAN_POINT('Ctrl Pts',(0.568885379862331,-0.177320797254896,
5.86441323200481E-16));
#5348=CARTESIAN_POINT('Ctrl Pts',(0.57375501505505,-0.178968891447529,5.94724108369585E-16));
#5349=CARTESIAN_POINT('Ctrl Pts',(0.578697993631531,-0.180395812724333,
6.02952714847942E-16));
#5350=CARTESIAN_POINT('Ctrl Pts',(0.583693072857156,-0.181624172616504,
6.11112687000123E-16));
#5351=CARTESIAN_POINT('Ctrl Pts',(0.588697111682776,-0.182854735799711,
6.19287295574101E-16));
#5352=CARTESIAN_POINT('Ctrl Pts',(0.593753438229497,-0.183886024646193,
6.27393023384326E-16));
#5353=CARTESIAN_POINT('Ctrl Pts',(0.598843123605718,-0.184643538125934,
6.3534814442359E-16));
#5354=CARTESIAN_POINT('Ctrl Pts',(0.609137766079896,-0.186175721329191,
6.51438554907634E-16));
#5355=CARTESIAN_POINT('Ctrl Pts',(0.619568883039948,-0.186587860664595,
6.66912817225101E-16));
#5356=CARTESIAN_POINT('Ctrl Pts',(0.63,-0.187,6.82387079542568E-16));
#5357=CARTESIAN_POINT('Origin',(0.63,2.0106401233369E-15,5.463696E-16));
#5358=CARTESIAN_POINT('',(0.63,-0.187,6.823871E-16));
#5359=CARTESIAN_POINT('',(0.63,-0.393499999999998,8.325882E-16));
#5360=CARTESIAN_POINT('',(0.63,-0.187,6.82387079542568E-16));
#5361=CARTESIAN_POINT('',(-0.63,-0.393499999999996,-1.000375E-15));
#5362=CARTESIAN_POINT('',(0.63,-0.393499999999998,8.325882E-16));
#5363=CARTESIAN_POINT('',(-0.629999999999999,0.393500000000004,-1.572812E-15));
#5364=CARTESIAN_POINT('',(-0.63,-0.393499999999996,-1.000375E-15));
#5365=CARTESIAN_POINT('',(0.630000000000001,0.393500000000002,2.60151E-16));
#5366=CARTESIAN_POINT('',(-0.629999999999999,0.393500000000004,-1.572812E-15));
#5367=CARTESIAN_POINT('',(0.630000000000001,0.187,4.103521E-16));
#5368=CARTESIAN_POINT('',(0.630000000000001,0.393500000000002,2.60151E-16));
#5369=CARTESIAN_POINT('',(0.499190790901522,0.133635784775235,2.58875027120465E-16));
#5370=CARTESIAN_POINT('Ctrl Pts',(0.630000000000001,0.187,4.10352120457435E-16));
#5371=CARTESIAN_POINT('Ctrl Pts',(0.624544866816356,0.186882608141966,4.02501747143717E-16));
#5372=CARTESIAN_POINT('Ctrl Pts',(0.619089733632711,0.186765216283932,3.94651373829998E-16));
#5373=CARTESIAN_POINT('Ctrl Pts',(0.61365143205118,0.1863704,3.87027275147569E-16));
#5374=CARTESIAN_POINT('Ctrl Pts',(0.608415976037261,0.185990310139753,3.79687551026128E-16));
#5375=CARTESIAN_POINT('Ctrl Pts',(0.60319611942394,0.185353105435297,3.72557536508967E-16));
#5376=CARTESIAN_POINT('Ctrl Pts',(0.598011046954063,0.184511693673313,3.65626656931502E-16));
#5377=CARTESIAN_POINT('Ctrl Pts',(0.592947980595865,0.18369008055021,3.58858862763676E-16));
#5378=CARTESIAN_POINT('Ctrl Pts',(0.587918080680169,0.182673757396574,3.52280942396775E-16));
#5379=CARTESIAN_POINT('Ctrl Pts',(0.582941269466274,0.181439074578519,3.45939079335596E-16));
#5380=CARTESIAN_POINT('Ctrl Pts',(0.578008498682566,0.180215317624459,3.39653336220583E-16));
#5381=CARTESIAN_POINT('Ctrl Pts',(0.573127881180641,0.178777048491308,3.33599491094491E-16));
#5382=CARTESIAN_POINT('Ctrl Pts',(0.568319846363071,0.177128000391835,3.27804547862843E-16));
#5383=CARTESIAN_POINT('Ctrl Pts',(0.563481763312321,0.175468646422356,3.21973388627757E-16));
#5384=CARTESIAN_POINT('Ctrl Pts',(0.558717173004455,0.173595870691,3.16404377459101E-16));
#5385=CARTESIAN_POINT('Ctrl Pts',(0.554044432669418,0.171515740218574,3.11119806272202E-16));
#5386=CARTESIAN_POINT('Ctrl Pts',(0.549272290598614,0.169391359784722,3.05722818064219E-16));
#5387=CARTESIAN_POINT('Ctrl Pts',(0.544595947856425,0.167050708791744,3.00622500159383E-16));
#5388=CARTESIAN_POINT('Ctrl Pts',(0.54003587608867,0.164504178402272,2.95841075148148E-16));
#5389=CARTESIAN_POINT('Ctrl Pts',(0.535312640917296,0.161866530901726,2.9088856651834E-16));
#5390=CARTESIAN_POINT('Ctrl Pts',(0.530714146135532,0.159008007329084,2.86278179591611E-16));
#5391=CARTESIAN_POINT('Ctrl Pts',(0.526239828038283,0.155963319400242,2.81983846198856E-16));
#5392=CARTESIAN_POINT('Ctrl Pts',(0.521544443751345,0.152768200155479,2.7747733926373E-16));
#5393=CARTESIAN_POINT('Ctrl Pts',(0.516985809872627,0.14936806616253,2.73318888406597E-16));
#5394=CARTESIAN_POINT('Ctrl Pts',(0.512626762440187,0.145734915499943,2.69620270912894E-16));
#5395=CARTESIAN_POINT('Ctrl Pts',(0.507998077421884,0.141877029046126,2.65692868046357E-16));
#5396=CARTESIAN_POINT('Ctrl Pts',(0.503594434161703,0.137756406910681,2.62283945820559E-16));
#5397=CARTESIAN_POINT('Ctrl Pts',(0.499190790901522,0.133635784775235,2.58875023594761E-16));
#5398=CARTESIAN_POINT('',(0.497771031918115,0.132228968081885,2.57832928330276E-16));
#5399=CARTESIAN_POINT('',(0.499190790901522,0.133635784775235,2.58875027120465E-16));
#5400=CARTESIAN_POINT('Ctrl Pts',(0.497771031918115,0.132228968081885,2.57832924803824E-16));
#5401=CARTESIAN_POINT('Ctrl Pts',(0.493434434201726,0.127671466053896,2.54839307585171E-16));
#5402=CARTESIAN_POINT('Ctrl Pts',(0.489097836485336,0.123113964025906,2.51845690366517E-16));
#5403=CARTESIAN_POINT('Ctrl Pts',(0.485042589104127,0.118312055596429,2.49439135613522E-16));
#5404=CARTESIAN_POINT('Ctrl Pts',(0.481093421721701,0.113635758847935,2.47095533203818E-16));
#5405=CARTESIAN_POINT('Ctrl Pts',(0.477411077678278,0.108727675163496,2.4530868139187E-16));
#5406=CARTESIAN_POINT('Ctrl Pts',(0.473968233217862,0.103659862088181,2.43986419195761E-16));
#5407=CARTESIAN_POINT('Ctrl Pts',(0.470576488687037,0.0986672673081758,
2.42683782488371E-16));
#5408=CARTESIAN_POINT('Ctrl Pts',(0.467417187022876,0.0935196494711807,
2.41832046533176E-16));
#5409=CARTESIAN_POINT('Ctrl Pts',(0.46453532993441,0.088219353977916,2.41494970819006E-16));
#5410=CARTESIAN_POINT('Ctrl Pts',(0.46166004511722,0.0829311461693457,2.41158663828948E-16));
#5411=CARTESIAN_POINT('Ctrl Pts',(0.459060940856227,0.0774909562940082,
2.41334672321227E-16));
#5412=CARTESIAN_POINT('Ctrl Pts',(0.45675260377492,0.071930506083333,2.4202114261756E-16));
#5413=CARTESIAN_POINT('Ctrl Pts',(0.454418547266319,0.066308101491698,2.42715261546764E-16));
#5414=CARTESIAN_POINT('Ctrl Pts',(0.452381773473862,0.0605627417605857,
2.43931280752888E-16));
#5415=CARTESIAN_POINT('Ctrl Pts',(0.450649852660698,0.054727118091836,2.45656434469389E-16));
#5416=CARTESIAN_POINT('Ctrl Pts',(0.44887486468577,0.0487463816981682,2.47424487072267E-16));
#5417=CARTESIAN_POINT('Ctrl Pts',(0.447420079574317,0.042670836418699,2.49727310004418E-16));
#5418=CARTESIAN_POINT('Ctrl Pts',(0.446277372618659,0.036537594708002,2.52526089643478E-16));
#5419=CARTESIAN_POINT('Ctrl Pts',(0.445090971317837,0.0301698326953557,
2.5543188783439E-16));
#5420=CARTESIAN_POINT('Ctrl Pts',(0.444240970691121,0.0237398775493611,
2.58872296242108E-16));
#5421=CARTESIAN_POINT('Ctrl Pts',(0.443705155646289,0.0172856514341171,
2.62787414546922E-16));
#5422=CARTESIAN_POINT('Ctrl Pts',(0.443227906657079,0.0115368899550456,
2.66274599671031E-16));
#5423=CARTESIAN_POINT('Ctrl Pts',(0.442999914159691,0.00576887330642754,
2.70138391903823E-16));
#5424=CARTESIAN_POINT('Ctrl Pts',(0.442999999999998,1.31128703695885E-16,
2.74334600238093E-16));
#5425=CARTESIAN_POINT('Ctrl Pts',(0.443000102329183,-0.00687700364819834,
2.79336849115915E-16));
#5426=CARTESIAN_POINT('Ctrl Pts',(0.443324320714666,-0.0137552246700131,
2.84811485669615E-16));
#5427=CARTESIAN_POINT('Ctrl Pts',(0.444007999999998,-0.0205985047377559,
2.90783626850581E-16));
#5428=CARTESIAN_POINT('Ctrl Pts',(0.444658296254366,-0.0271076377349421,
2.96464157362275E-16));
#5429=CARTESIAN_POINT('Ctrl Pts',(0.44563380657324,-0.0335851586995087,
3.02594793857714E-16));
#5430=CARTESIAN_POINT('Ctrl Pts',(0.446955292309593,-0.039991984130548,
3.09177310536716E-16));
#5431=CARTESIAN_POINT('Ctrl Pts',(0.448227808880822,-0.046161397318822,
3.1551590453285E-16));
#5432=CARTESIAN_POINT('Ctrl Pts',(0.449821134918907,-0.0522652573051224,
3.2227350934145E-16));
#5433=CARTESIAN_POINT('Ctrl Pts',(0.45174051530574,-0.0582650699727641,
3.29429755543885E-16));
#5434=CARTESIAN_POINT('Ctrl Pts',(0.453613510933089,-0.0641198880007561,
3.36413060123499E-16));
#5435=CARTESIAN_POINT('Ctrl Pts',(0.455796992128826,-0.0698756268691018,
3.43775971355264E-16));
#5436=CARTESIAN_POINT('Ctrl Pts',(0.458281412905664,-0.0754982831431999,
3.51479869431053E-16));
#5437=CARTESIAN_POINT('Ctrl Pts',(0.460739086358053,-0.081060405785866,
3.59100827183982E-16));
#5438=CARTESIAN_POINT('Ctrl Pts',(0.463491254429343,-0.0864922959488697,
3.67055469161211E-16));
#5439=CARTESIAN_POINT('Ctrl Pts',(0.466515793363164,-0.091767439887503,
3.75292326010938E-16));
#5440=CARTESIAN_POINT('Ctrl Pts',(0.469547870872455,-0.0970557319692308,
3.83549712987193E-16));
#5441=CARTESIAN_POINT('Ctrl Pts',(0.472853678689291,-0.10218649548199,3.92090723413932E-16));
#5442=CARTESIAN_POINT('Ctrl Pts',(0.476402316291782,-0.107142961289607,
4.00858207991151E-16));
#5443=CARTESIAN_POINT('Ctrl Pts',(0.480004296806024,-0.112173932399761,
4.09757484880929E-16));
#5444=CARTESIAN_POINT('Ctrl Pts',(0.483856462381674,-0.117025326354884,
4.1889009578734E-16));
#5445=CARTESIAN_POINT('Ctrl Pts',(0.487921034332225,-0.121689111265163,
4.28195240697635E-16));
#5446=CARTESIAN_POINT('Ctrl Pts',(0.491081215143593,-0.125315176632222,
4.35429936195774E-16));
#5447=CARTESIAN_POINT('Ctrl Pts',(0.494369794995604,-0.128827832873094,
4.42768928001344E-16));
#5448=CARTESIAN_POINT('Ctrl Pts',(0.497771031918114,-0.132228968081885,
4.50190689092727E-16));
#5449=CARTESIAN_POINT('Ctrl Pts',(0.502217625365777,-0.136675428554525,
4.59893498685511E-16));
#5450=CARTESIAN_POINT('Ctrl Pts',(0.50685676704367,-0.140931282461016,4.69737773695688E-16));
#5451=CARTESIAN_POINT('Ctrl Pts',(0.51168794440357,-0.144957410895873,4.79694314732982E-16));
#5452=CARTESIAN_POINT('Ctrl Pts',(0.51621215400142,-0.148727723502971,4.89018227967094E-16));
#5453=CARTESIAN_POINT('Ctrl Pts',(0.520904771089189,-0.152296576206138,
4.98440593945156E-16));
#5454=CARTESIAN_POINT('Ctrl Pts',(0.525757773027698,-0.155633030433059,
5.07927238200459E-16));
#5455=CARTESIAN_POINT('Ctrl Pts',(0.530355457984534,-0.15879395342519,5.16914789026962E-16));
#5456=CARTESIAN_POINT('Ctrl Pts',(0.535097095978824,-0.161746287723306,
5.25960032666773E-16));
#5457=CARTESIAN_POINT('Ctrl Pts',(0.539968365978959,-0.164466495760668,
5.35025015417576E-16));
#5458=CARTESIAN_POINT('Ctrl Pts',(0.544642891069467,-0.167076837770389,
5.43723874095596E-16));
#5459=CARTESIAN_POINT('Ctrl Pts',(0.549436788258219,-0.169473425479053,
5.5244090960488E-16));
#5460=CARTESIAN_POINT('Ctrl Pts',(0.554331691391882,-0.17164335029288,5.6114001482827E-16));
#5461=CARTESIAN_POINT('Ctrl Pts',(0.559094088856281,-0.173754534957646,
5.69603634133319E-16));
#5462=CARTESIAN_POINT('Ctrl Pts',(0.563952097793608,-0.175651162219351,
5.78050280763683E-16));
#5463=CARTESIAN_POINT('Ctrl Pts',(0.568885379862331,-0.177320797254896,
5.86441323200481E-16));
#5464=CARTESIAN_POINT('Ctrl Pts',(0.57375501505505,-0.178968891447529,5.94724108369585E-16));
#5465=CARTESIAN_POINT('Ctrl Pts',(0.578697993631531,-0.180395812724333,
6.02952714847942E-16));
#5466=CARTESIAN_POINT('Ctrl Pts',(0.583693072857156,-0.181624172616504,
6.11112687000123E-16));
#5467=CARTESIAN_POINT('Ctrl Pts',(0.588697111682776,-0.182854735799711,
6.19287295574101E-16));
#5468=CARTESIAN_POINT('Ctrl Pts',(0.593753438229497,-0.183886024646193,
6.27393023384326E-16));
#5469=CARTESIAN_POINT('Ctrl Pts',(0.598843123605718,-0.184643538125934,
6.3534814442359E-16));
#5470=CARTESIAN_POINT('Ctrl Pts',(0.609137766079896,-0.186175721329191,
6.51438554907634E-16));
#5471=CARTESIAN_POINT('Ctrl Pts',(0.619568883039948,-0.186587860664595,
6.66912817225101E-16));
#5472=CARTESIAN_POINT('Ctrl Pts',(0.63,-0.187,6.82387079542568E-16));
#5473=CARTESIAN_POINT('Origin',(0.63,-0.393499999999999,-0.624999999999999));
#5474=CARTESIAN_POINT('',(-0.630000000000001,-0.393499999999999,-1.25));
#5475=CARTESIAN_POINT('',(0.423999999999999,-0.393500000000001,-1.25));
#5476=CARTESIAN_POINT('',(-0.630000000000001,-0.393499999999999,-1.25));
#5477=CARTESIAN_POINT('',(0.423999999999998,-0.393499999999998,-0.200000000000001));
#5478=CARTESIAN_POINT('',(0.423999999999999,-0.393500000000001,-1.25));
#5479=CARTESIAN_POINT('',(0.63,-0.393499999999999,-0.200000000000001));
#5480=CARTESIAN_POINT('',(0.423999999999998,-0.393499999999998,-0.200000000000001));
#5481=CARTESIAN_POINT('',(0.629999999999999,-0.393499999999998,1.110223E-15));
#5482=CARTESIAN_POINT('',(0.629999999999999,-0.393499999999998,-0.200000000000001));
#5483=CARTESIAN_POINT('',(-0.630000000000003,-0.393499999999996,-6.661338E-16));
#5484=CARTESIAN_POINT('',(0.629999999999999,-0.393499999999998,1.04902962956708E-15));
#5485=CARTESIAN_POINT('',(-0.630000000000002,-0.393499999999996,-6.99353086378051E-16));
#5486=UNCERTAINTY_MEASURE_WITH_UNIT(LENGTH_MEASURE(0.000393700787401575),
#5491,'DISTANCE_ACCURACY_VALUE',
'Maximum model space distance between geometric entities at asserted c
onnectivities');
#5487=UNCERTAINTY_MEASURE_WITH_UNIT(LENGTH_MEASURE(0.000393700787401575),
#5491,'DISTANCE_ACCURACY_VALUE',
'Maximum model space distance between geometric entities at asserted c
onnectivities');
#5488=(
GEOMETRIC_REPRESENTATION_CONTEXT(3)
GLOBAL_UNCERTAINTY_ASSIGNED_CONTEXT((#5486))
GLOBAL_UNIT_ASSIGNED_CONTEXT((#5491,#5495,#5496))
REPRESENTATION_CONTEXT('','3D')
);
#5489=(
GEOMETRIC_REPRESENTATION_CONTEXT(3)
GLOBAL_UNCERTAINTY_ASSIGNED_CONTEXT((#5487))
GLOBAL_UNIT_ASSIGNED_CONTEXT((#5491,#5495,#5496))
REPRESENTATION_CONTEXT('','3D')
);
#5490=DIMENSIONAL_EXPONENTS(1.,0.,0.,0.,0.,0.,0.);
#5491=(
CONVERSION_BASED_UNIT('inch',#5494)
LENGTH_UNIT()
NAMED_UNIT(#5490)
);
#5492=(
LENGTH_UNIT()
NAMED_UNIT(*)
SI_UNIT(.MILLI.,.METRE.)
);
#5493=(
LENGTH_UNIT()
NAMED_UNIT(*)
SI_UNIT($,.METRE.)
);
#5494=LENGTH_MEASURE_WITH_UNIT(LENGTH_MEASURE(25.4),#5492);
#5495=(
NAMED_UNIT(*)
PLANE_ANGLE_UNIT()
SI_UNIT($,.RADIAN.)
);
#5496=(
NAMED_UNIT(*)
SI_UNIT($,.STERADIAN.)
SOLID_ANGLE_UNIT()
);
#5497=SHAPE_DEFINITION_REPRESENTATION(#5498,#5499);
#5498=PRODUCT_DEFINITION_SHAPE('',$,#5501);
#5499=SHAPE_REPRESENTATION('',(#2394,#62,#63,#64,#65,#66,#67,#68,#69,#70,
#71,#72,#73,#74,#75,#76,#77,#78,#79,#80,#81,#82,#83,#84,#85,#86,#87,#88,
#89,#90,#91,#92,#93,#94,#95,#96,#97,#98,#99,#100,#101,#102,#103,#104,#105,
#106,#107,#108,#109,#110),#5488);
#5500=PRODUCT_DEFINITION_CONTEXT('part definition',#5505,'design');
#5501=PRODUCT_DEFINITION('PD1083','PD1083-INVENTOR FILE v16',#5502,#5500);
#5502=PRODUCT_DEFINITION_FORMATION('',$,#5507);
#5503=PRODUCT_RELATED_PRODUCT_CATEGORY('PD1083-INVENTOR FILE v16',
'PD1083-INVENTOR FILE v16',(#5507));
#5504=APPLICATION_PROTOCOL_DEFINITION('international standard',
'automotive_design',2009,#5505);
#5505=APPLICATION_CONTEXT(
'Core Data for Automotive Mechanical Design Process');
#5506=PRODUCT_CONTEXT('part definition',#5505,'mechanical');
#5507=PRODUCT('PD1083','PD1083-INVENTOR FILE v16',$,(#5506));
#5508=PRESENTATION_STYLE_ASSIGNMENT((#5512));
#5509=PRESENTATION_STYLE_ASSIGNMENT((#5513));
#5510=PRESENTATION_STYLE_ASSIGNMENT((#5514));
#5511=PRESENTATION_STYLE_ASSIGNMENT((#5515));
#5512=SURFACE_STYLE_USAGE(.BOTH.,#5516);
#5513=SURFACE_STYLE_USAGE(.BOTH.,#5517);
#5514=SURFACE_STYLE_USAGE(.BOTH.,#5518);
#5515=SURFACE_STYLE_USAGE(.BOTH.,#5519);
#5516=SURFACE_SIDE_STYLE('',(#5520));
#5517=SURFACE_SIDE_STYLE('',(#5521));
#5518=SURFACE_SIDE_STYLE('',(#5522));
#5519=SURFACE_SIDE_STYLE('',(#5523));
#5520=SURFACE_STYLE_FILL_AREA(#5524);
#5521=SURFACE_STYLE_FILL_AREA(#5525);
#5522=SURFACE_STYLE_FILL_AREA(#5526);
#5523=SURFACE_STYLE_FILL_AREA(#5527);
#5524=FILL_AREA_STYLE('Default',(#5528));
#5525=FILL_AREA_STYLE('0,255,0',(#5529));
#5526=FILL_AREA_STYLE('Aluminum - Polished',(#5530));
#5527=FILL_AREA_STYLE('255,128,64',(#5531));
#5528=FILL_AREA_STYLE_COLOUR('Default',#5532);
#5529=FILL_AREA_STYLE_COLOUR('0,255,0',#5533);
#5530=FILL_AREA_STYLE_COLOUR('Aluminum - Polished',#5534);
#5531=FILL_AREA_STYLE_COLOUR('255,128,64',#5535);
#5532=COLOUR_RGB('Default',0.749019607843137,0.749019607843137,0.749019607843137);
#5533=COLOUR_RGB('0,255,0',0.,1.,0.);
#5534=COLOUR_RGB('Aluminum - Polished',0.,0.,0.);
#5535=COLOUR_RGB('255,128,64',1.,0.501960784313725,0.250980392156863);
ENDSEC;
END-ISO-10303-21;
