machine_id,machine_name,machine_taper,machine_max_rpm,machine_max_power_kw,tool_id,tool_type,grade_name,iso,toolpath,op,cut,strategy,dia_in,flutes,vc_sfm,rpm,rpm_clamped,fz_in,feed_ipm,ap_in,ae_in,coolant,css,source_crib
LTH-05,Okuma GENOS L400II-E,,3800,18.5,Default Preset,drill,304/316 SS (M),M,Drill,drilling,roughing,conventional,0.4375,2,220,1919,0,0.0028,10.58,0,0.4374,flood,0,130 DEG. INSERT DRILLS - PURPLE COATING (CHANGE SFM TO 75 FOR GOLD).csv
LTH-05,Okuma GENOS L400II-E,,3800,18.5,Default Preset,drill,304/316 SS (M),M,Peck,drilling,roughing,plunge,0.4375,2,154,1343,0,0.0014,3.7,0,0.4374,flood,0,130 DEG. INSERT DRILLS - PURPLE COATING (CHANGE SFM TO 75 FOR GOLD).csv
LTH-05,Okuma GENOS L400II-E,,3800,18.5,Default Preset,drill,17-4 PH (M),M,Drill,drilling,roughing,conventional,0.4375,2,165,1439,0,0.0028,7.93,0,0.4374,flood,0,130 DEG. INSERT DRILLS - PURPLE COATING (CHANGE SFM TO 75 FOR GOLD).csv
LTH-05,Okuma GENOS L400II-E,,3800,18.5,Default Preset,drill,17-4 PH (M),M,Peck,drilling,roughing,plunge,0.4375,2,115,1008,0,0.0014,2.78,0,0.4374,flood,0,130 DEG. INSERT DRILLS - PURPLE COATING (CHANGE SFM TO 75 FOR GOLD).csv
LTH-05,Okuma GENOS L400II-E,,3800,18.5,Default Preset,drill,2205 Duplex (M),M,Drill,drilling,roughing,conventional,0.4375,2,137,1199,0,0.0028,6.61,0,0.4374,flood,0,130 DEG. INSERT DRILLS - PURPLE COATING (CHANGE SFM TO 75 FOR GOLD).csv
LTH-05,Okuma GENOS L400II-E,,3800,18.5,Default Preset,drill,2205 Duplex (M),M,Peck,drilling,roughing,plunge,0.4375,2,96,840,0,0.0014,2.31,0,0.4374,flood,0,130 DEG. INSERT DRILLS - PURPLE COATING (CHANGE SFM TO 75 FOR GOLD).csv
LTH-05,Okuma GENOS L400II-E,,3800,18.5,Default Preset,drill,304/316 SS (M),M,Drill,drilling,roughing,conventional,0.4688,2,220,1791,0,0.0029,10.51,0,0.4689,flood,0,130 DEG. INSERT DRILLS - PURPLE COATING (CHANGE SFM TO 75 FOR GOLD).csv
LTH-05,Okuma GENOS L400II-E,,3800,18.5,Default Preset,drill,304/316 SS (M),M,Peck,drilling,roughing,plunge,0.4688,2,154,1254,0,0.0015,3.68,0,0.4689,flood,0,130 DEG. INSERT DRILLS - PURPLE COATING (CHANGE SFM TO 75 FOR GOLD).csv
LTH-05,Okuma GENOS L400II-E,,3800,18.5,Default Preset,drill,17-4 PH (M),M,Drill,drilling,roughing,conventional,0.4688,2,165,1343,0,0.0029,7.88,0,0.4689,flood,0,130 DEG. INSERT DRILLS - PURPLE COATING (CHANGE SFM TO 75 FOR GOLD).csv
LTH-05,Okuma GENOS L400II-E,,3800,18.5,Default Preset,drill,17-4 PH (M),M,Peck,drilling,roughing,plunge,0.4688,2,115,940,0,0.0015,2.76,0,0.4689,flood,0,130 DEG. INSERT DRILLS - PURPLE COATING (CHANGE SFM TO 75 FOR GOLD).csv
LTH-05,Okuma GENOS L400II-E,,3800,18.5,Default Preset,drill,2205 Duplex (M),M,Drill,drilling,roughing,conventional,0.4688,2,137,1119,0,0.0029,6.56,0,0.4689,flood,0,130 DEG. INSERT DRILLS - PURPLE COATING (CHANGE SFM TO 75 FOR GOLD).csv
LTH-05,Okuma GENOS L400II-E,,3800,18.5,Default Preset,drill,2205 Duplex (M),M,Peck,drilling,roughing,plunge,0.4688,2,96,784,0,0.0015,2.3,0,0.4689,flood,0,130 DEG. INSERT DRILLS - PURPLE COATING (CHANGE SFM TO 75 FOR GOLD).csv
LTH-05,Okuma GENOS L400II-E,,3800,18.5,Default Preset,drill,304/316 SS (M),M,Drill,drilling,roughing,conventional,0.48,2,220,1749,0,0.003,10.4,0,0.4799,flood,0,130 DEG. INSERT DRILLS - PURPLE COATING (CHANGE SFM TO 75 FOR GOLD).csv
LTH-05,Okuma GENOS L400II-E,,3800,18.5,Default Preset,drill,304/316 SS (M),M,Peck,drilling,roughing,plunge,0.48,2,154,1224,0,0.0015,3.64,0,0.4799,flood,0,130 DEG. INSERT DRILLS - PURPLE COATING (CHANGE SFM TO 75 FOR GOLD).csv
LTH-05,Okuma GENOS L400II-E,,3800,18.5,Default Preset,drill,17-4 PH (M),M,Drill,drilling,roughing,conventional,0.48,2,165,1312,0,0.003,7.8,0,0.4799,flood,0,130 DEG. INSERT DRILLS - PURPLE COATING (CHANGE SFM TO 75 FOR GOLD).csv
LTH-05,Okuma GENOS L400II-E,,3800,18.5,Default Preset,drill,17-4 PH (M),M,Peck,drilling,roughing,plunge,0.48,2,115,918,0,0.0015,2.73,0,0.4799,flood,0,130 DEG. INSERT DRILLS - PURPLE COATING (CHANGE SFM TO 75 FOR GOLD).csv
LTH-05,Okuma GENOS L400II-E,,3800,18.5,Default Preset,drill,2205 Duplex (M),M,Drill,drilling,roughing,conventional,0.48,2,137,1093,0,0.003,6.5,0,0.4799,flood,0,130 DEG. INSERT DRILLS - PURPLE COATING (CHANGE SFM TO 75 FOR GOLD).csv
LTH-05,Okuma GENOS L400II-E,,3800,18.5,Default Preset,drill,2205 Duplex (M),M,Peck,drilling,roughing,plunge,0.48,2,96,765,0,0.0015,2.27,0,0.4799,flood,0,130 DEG. INSERT DRILLS - PURPLE COATING (CHANGE SFM TO 75 FOR GOLD).csv
LTH-05,Okuma GENOS L400II-E,,3800,18.5,Default Preset,drill,304/316 SS (M),M,Drill,drilling,roughing,conventional,0.493,2,220,1703,0,0.003,10.26,0,0.4929,flood,0,130 DEG. INSERT DRILLS - PURPLE COATING (CHANGE SFM TO 75 FOR GOLD).csv
LTH-05,Okuma GENOS L400II-E,,3800,18.5,Default Preset,drill,304/316 SS (M),M,Peck,drilling,roughing,plunge,0.493,2,154,1192,0,0.0015,3.59,0,0.4929,flood,0,130 DEG. INSERT DRILLS - PURPLE COATING (CHANGE SFM TO 75 FOR GOLD).csv
LTH-05,Okuma GENOS L400II-E,,3800,18.5,Default Preset,drill,17-4 PH (M),M,Drill,drilling,roughing,conventional,0.493,2,165,1277,0,0.003,7.69,0,0.4929,flood,0,130 DEG. INSERT DRILLS - PURPLE COATING (CHANGE SFM TO 75 FOR GOLD).csv
LTH-05,Okuma GENOS L400II-E,,3800,18.5,Default Preset,drill,17-4 PH (M),M,Peck,drilling,roughing,plunge,0.493,2,115,894,0,0.0015,2.69,0,0.4929,flood,0,130 DEG. INSERT DRILLS - PURPLE COATING (CHANGE SFM TO 75 FOR GOLD).csv
LTH-05,Okuma GENOS L400II-E,,3800,18.5,Default Preset,drill,2205 Duplex (M),M,Drill,drilling,roughing,conventional,0.493,2,137,1064,0,0.003,6.41,0,0.4929,flood,0,130 DEG. INSERT DRILLS - PURPLE COATING (CHANGE SFM TO 75 FOR GOLD).csv
LTH-05,Okuma GENOS L400II-E,,3800,18.5,Default Preset,drill,2205 Duplex (M),M,Peck,drilling,roughing,plunge,0.493,2,96,745,0,0.0015,2.24,0,0.4929,flood,0,130 DEG. INSERT DRILLS - PURPLE COATING (CHANGE SFM TO 75 FOR GOLD).csv
LTH-05,Okuma GENOS L400II-E,,3800,18.5,Default Preset,drill,304/316 SS (M),M,Drill,drilling,roughing,conventional,0.531,2,220,1581,0,0.0031,9.83,0,0.5311,flood,0,130 DEG. INSERT DRILLS - PURPLE COATING (CHANGE SFM TO 75 FOR GOLD).csv
LTH-05,Okuma GENOS L400II-E,,3800,18.5,Default Preset,drill,304/316 SS (M),M,Peck,drilling,roughing,plunge,0.531,2,154,1107,0,0.0016,3.44,0,0.5311,flood,0,130 DEG. INSERT DRILLS - PURPLE COATING (CHANGE SFM TO 75 FOR GOLD).csv
LTH-05,Okuma GENOS L400II-E,,3800,18.5,Default Preset,drill,17-4 PH (M),M,Drill,drilling,roughing,conventional,0.531,2,165,1186,0,0.0031,7.38,0,0.5311,flood,0,130 DEG. INSERT DRILLS - PURPLE COATING (CHANGE SFM TO 75 FOR GOLD).csv
LTH-05,Okuma GENOS L400II-E,,3800,18.5,Default Preset,drill,17-4 PH (M),M,Peck,drilling,roughing,plunge,0.531,2,115,830,0,0.0016,2.58,0,0.5311,flood,0,130 DEG. INSERT DRILLS - PURPLE COATING (CHANGE SFM TO 75 FOR GOLD).csv
LTH-05,Okuma GENOS L400II-E,,3800,18.5,Default Preset,drill,2205 Duplex (M),M,Drill,drilling,roughing,conventional,0.531,2,137,988,0,0.0031,6.15,0,0.5311,flood,0,130 DEG. INSERT DRILLS - PURPLE COATING (CHANGE SFM TO 75 FOR GOLD).csv
LTH-05,Okuma GENOS L400II-E,,3800,18.5,Default Preset,drill,2205 Duplex (M),M,Peck,drilling,roughing,plunge,0.531,2,96,692,0,0.0016,2.15,0,0.5311,flood,0,130 DEG. INSERT DRILLS - PURPLE COATING (CHANGE SFM TO 75 FOR GOLD).csv
LTH-05,Okuma GENOS L400II-E,,3800,18.5,Default Preset,drill,304/316 SS (M),M,Drill,drilling,roughing,conventional,0.5625,2,220,1493,0,0.0032,9.58,0,0.5626,flood,0,130 DEG. INSERT DRILLS - PURPLE COATING (CHANGE SFM TO 75 FOR GOLD).csv
LTH-05,Okuma GENOS L400II-E,,3800,18.5,Default Preset,drill,304/316 SS (M),M,Peck,drilling,roughing,plunge,0.5625,2,154,1045,0,0.0016,3.35,0,0.5626,flood,0,130 DEG. INSERT DRILLS - PURPLE COATING (CHANGE SFM TO 75 FOR GOLD).csv
LTH-05,Okuma GENOS L400II-E,,3800,18.5,Default Preset,drill,17-4 PH (M),M,Drill,drilling,roughing,conventional,0.5625,2,165,1120,0,0.0032,7.19,0,0.5626,flood,0,130 DEG. INSERT DRILLS - PURPLE COATING (CHANGE SFM TO 75 FOR GOLD).csv
LTH-05,Okuma GENOS L400II-E,,3800,18.5,Default Preset,drill,17-4 PH (M),M,Peck,drilling,roughing,plunge,0.5625,2,115,784,0,0.0016,2.52,0,0.5626,flood,0,130 DEG. INSERT DRILLS - PURPLE COATING (CHANGE SFM TO 75 FOR GOLD).csv
LTH-05,Okuma GENOS L400II-E,,3800,18.5,Default Preset,drill,2205 Duplex (M),M,Drill,drilling,roughing,conventional,0.5625,2,137,933,0,0.0032,5.99,0,0.5626,flood,0,130 DEG. INSERT DRILLS - PURPLE COATING (CHANGE SFM TO 75 FOR GOLD).csv
LTH-05,Okuma GENOS L400II-E,,3800,18.5,Default Preset,drill,2205 Duplex (M),M,Peck,drilling,roughing,plunge,0.5625,2,96,653,0,0.0016,2.1,0,0.5626,flood,0,130 DEG. INSERT DRILLS - PURPLE COATING (CHANGE SFM TO 75 FOR GOLD).csv
LTH-05,Okuma GENOS L400II-E,,3800,18.5,Default Preset,drill,304/316 SS (M),M,Drill,drilling,roughing,conventional,0.57,2,220,1473,0,0.0032,9.51,0,0.5701,flood,0,130 DEG. INSERT DRILLS - PURPLE COATING (CHANGE SFM TO 75 FOR GOLD).csv
LTH-05,Okuma GENOS L400II-E,,3800,18.5,Default Preset,drill,304/316 SS (M),M,Peck,drilling,roughing,plunge,0.57,2,154,1031,0,0.0016,3.33,0,0.5701,flood,0,130 DEG. INSERT DRILLS - PURPLE COATING (CHANGE SFM TO 75 FOR GOLD).csv
LTH-05,Okuma GENOS L400II-E,,3800,18.5,Default Preset,drill,17-4 PH (M),M,Drill,drilling,roughing,conventional,0.57,2,165,1105,0,0.0032,7.13,0,0.5701,flood,0,130 DEG. INSERT DRILLS - PURPLE COATING (CHANGE SFM TO 75 FOR GOLD).csv
LTH-05,Okuma GENOS L400II-E,,3800,18.5,Default Preset,drill,17-4 PH (M),M,Peck,drilling,roughing,plunge,0.57,2,115,773,0,0.0016,2.5,0,0.5701,flood,0,130 DEG. INSERT DRILLS - PURPLE COATING (CHANGE SFM TO 75 FOR GOLD).csv
LTH-05,Okuma GENOS L400II-E,,3800,18.5,Default Preset,drill,2205 Duplex (M),M,Drill,drilling,roughing,conventional,0.57,2,137,921,0,0.0032,5.95,0,0.5701,flood,0,130 DEG. INSERT DRILLS - PURPLE COATING (CHANGE SFM TO 75 FOR GOLD).csv
LTH-05,Okuma GENOS L400II-E,,3800,18.5,Default Preset,drill,2205 Duplex (M),M,Peck,drilling,roughing,plunge,0.57,2,96,644,0,0.0016,2.08,0,0.5701,flood,0,130 DEG. INSERT DRILLS - PURPLE COATING (CHANGE SFM TO 75 FOR GOLD).csv
LTH-05,Okuma GENOS L400II-E,,3800,18.5,Default Preset,drill,304/316 SS (M),M,Drill,drilling,roughing,conventional,0.593,2,220,1416,0,0.0033,9.31,0,0.5929,flood,0,130 DEG. INSERT DRILLS - PURPLE COATING (CHANGE SFM TO 75 FOR GOLD).csv
LTH-05,Okuma GENOS L400II-E,,3800,18.5,Default Preset,drill,304/316 SS (M),M,Peck,drilling,roughing,plunge,0.593,2,154,991,0,0.0016,3.26,0,0.5929,flood,0,130 DEG. INSERT DRILLS - PURPLE COATING (CHANGE SFM TO 75 FOR GOLD).csv
LTH-05,Okuma GENOS L400II-E,,3800,18.5,Default Preset,drill,17-4 PH (M),M,Drill,drilling,roughing,conventional,0.593,2,165,1062,0,0.0033,6.98,0,0.5929,flood,0,130 DEG. INSERT DRILLS - PURPLE COATING (CHANGE SFM TO 75 FOR GOLD).csv
LTH-05,Okuma GENOS L400II-E,,3800,18.5,Default Preset,drill,17-4 PH (M),M,Peck,drilling,roughing,plunge,0.593,2,115,743,0,0.0016,2.44,0,0.5929,flood,0,130 DEG. INSERT DRILLS - PURPLE COATING (CHANGE SFM TO 75 FOR GOLD).csv
LTH-05,Okuma GENOS L400II-E,,3800,18.5,Default Preset,drill,2205 Duplex (M),M,Drill,drilling,roughing,conventional,0.593,2,137,885,0,0.0033,5.82,0,0.5929,flood,0,130 DEG. INSERT DRILLS - PURPLE COATING (CHANGE SFM TO 75 FOR GOLD).csv
LTH-05,Okuma GENOS L400II-E,,3800,18.5,Default Preset,drill,2205 Duplex (M),M,Peck,drilling,roughing,plunge,0.593,2,96,619,0,0.0016,2.03,0,0.5929,flood,0,130 DEG. INSERT DRILLS - PURPLE COATING (CHANGE SFM TO 75 FOR GOLD).csv
LTH-05,Okuma GENOS L400II-E,,3800,18.5,Default Preset,drill,304/316 SS (M),M,Drill,drilling,roughing,conventional,0.6102,2,220,1376,0,0.0033,9.21,0,0.6102,flood,0,130 DEG. INSERT DRILLS - PURPLE COATING (CHANGE SFM TO 75 FOR GOLD).csv
LTH-05,Okuma GENOS L400II-E,,3800,18.5,Default Preset,drill,304/316 SS (M),M,Peck,drilling,roughing,plunge,0.6102,2,154,963,0,0.0017,3.22,0,0.6102,flood,0,130 DEG. INSERT DRILLS - PURPLE COATING (CHANGE SFM TO 75 FOR GOLD).csv
LTH-05,Okuma GENOS L400II-E,,3800,18.5,Default Preset,drill,17-4 PH (M),M,Drill,drilling,roughing,conventional,0.6102,2,165,1032,0,0.0033,6.91,0,0.6102,flood,0,130 DEG. INSERT DRILLS - PURPLE COATING (CHANGE SFM TO 75 FOR GOLD).csv
LTH-05,Okuma GENOS L400II-E,,3800,18.5,Default Preset,drill,17-4 PH (M),M,Peck,drilling,roughing,plunge,0.6102,2,115,722,0,0.0017,2.42,0,0.6102,flood,0,130 DEG. INSERT DRILLS - PURPLE COATING (CHANGE SFM TO 75 FOR GOLD).csv
LTH-05,Okuma GENOS L400II-E,,3800,18.5,Default Preset,drill,2205 Duplex (M),M,Drill,drilling,roughing,conventional,0.6102,2,137,860,0,0.0033,5.76,0,0.6102,flood,0,130 DEG. INSERT DRILLS - PURPLE COATING (CHANGE SFM TO 75 FOR GOLD).csv
LTH-05,Okuma GENOS L400II-E,,3800,18.5,Default Preset,drill,2205 Duplex (M),M,Peck,drilling,roughing,plunge,0.6102,2,96,602,0,0.0017,2.01,0,0.6102,flood,0,130 DEG. INSERT DRILLS - PURPLE COATING (CHANGE SFM TO 75 FOR GOLD).csv
LTH-05,Okuma GENOS L400II-E,,3800,18.5,Default Preset,drill,304/316 SS (M),M,Drill,drilling,roughing,conventional,0.625,2,220,1343,0,0.0034,9.09,0,0.6252,flood,0,130 DEG. INSERT DRILLS - PURPLE COATING (CHANGE SFM TO 75 FOR GOLD).csv
LTH-05,Okuma GENOS L400II-E,,3800,18.5,Default Preset,drill,304/316 SS (M),M,Peck,drilling,roughing,plunge,0.625,2,154,940,0,0.0017,3.18,0,0.6252,flood,0,130 DEG. INSERT DRILLS - PURPLE COATING (CHANGE SFM TO 75 FOR GOLD).csv
LTH-05,Okuma GENOS L400II-E,,3800,18.5,Default Preset,drill,17-4 PH (M),M,Drill,drilling,roughing,conventional,0.625,2,165,1008,0,0.0034,6.83,0,0.6252,flood,0,130 DEG. INSERT DRILLS - PURPLE COATING (CHANGE SFM TO 75 FOR GOLD).csv
LTH-05,Okuma GENOS L400II-E,,3800,18.5,Default Preset,drill,17-4 PH (M),M,Peck,drilling,roughing,plunge,0.625,2,115,705,0,0.0017,2.39,0,0.6252,flood,0,130 DEG. INSERT DRILLS - PURPLE COATING (CHANGE SFM TO 75 FOR GOLD).csv
LTH-05,Okuma GENOS L400II-E,,3800,18.5,Default Preset,drill,2205 Duplex (M),M,Drill,drilling,roughing,conventional,0.625,2,137,840,0,0.0034,5.69,0,0.6252,flood,0,130 DEG. INSERT DRILLS - PURPLE COATING (CHANGE SFM TO 75 FOR GOLD).csv
LTH-05,Okuma GENOS L400II-E,,3800,18.5,Default Preset,drill,2205 Duplex (M),M,Peck,drilling,roughing,plunge,0.625,2,96,588,0,0.0017,1.99,0,0.6252,flood,0,130 DEG. INSERT DRILLS - PURPLE COATING (CHANGE SFM TO 75 FOR GOLD).csv
LTH-05,Okuma GENOS L400II-E,,3800,18.5,Default Preset,drill,304/316 SS (M),M,Drill,drilling,roughing,conventional,0.656,2,220,1280,0,0.0035,8.87,0,0.6559,flood,0,130 DEG. INSERT DRILLS - PURPLE COATING (CHANGE SFM TO 75 FOR GOLD).csv
LTH-05,Okuma GENOS L400II-E,,3800,18.5,Default Preset,drill,304/316 SS (M),M,Peck,drilling,roughing,plunge,0.656,2,154,896,0,0.0017,3.1,0,0.6559,flood,0,130 DEG. INSERT DRILLS - PURPLE COATING (CHANGE SFM TO 75 FOR GOLD).csv
LTH-05,Okuma GENOS L400II-E,,3800,18.5,Default Preset,drill,17-4 PH (M),M,Drill,drilling,roughing,conventional,0.656,2,165,960,0,0.0035,6.65,0,0.6559,flood,0,130 DEG. INSERT DRILLS - PURPLE COATING (CHANGE SFM TO 75 FOR GOLD).csv
LTH-05,Okuma GENOS L400II-E,,3800,18.5,Default Preset,drill,17-4 PH (M),M,Peck,drilling,roughing,plunge,0.656,2,115,672,0,0.0017,2.33,0,0.6559,flood,0,130 DEG. INSERT DRILLS - PURPLE COATING (CHANGE SFM TO 75 FOR GOLD).csv
LTH-05,Okuma GENOS L400II-E,,3800,18.5,Default Preset,drill,2205 Duplex (M),M,Drill,drilling,roughing,conventional,0.656,2,137,800,0,0.0035,5.54,0,0.6559,flood,0,130 DEG. INSERT DRILLS - PURPLE COATING (CHANGE SFM TO 75 FOR GOLD).csv
LTH-05,Okuma GENOS L400II-E,,3800,18.5,Default Preset,drill,2205 Duplex (M),M,Peck,drilling,roughing,plunge,0.656,2,96,560,0,0.0017,1.94,0,0.6559,flood,0,130 DEG. INSERT DRILLS - PURPLE COATING (CHANGE SFM TO 75 FOR GOLD).csv
LTH-05,Okuma GENOS L400II-E,,3800,18.5,Default Preset,drill,304/316 SS (M),M,Drill,drilling,roughing,conventional,0.6875,2,220,1221,0,0.0036,8.7,0,0.6874,flood,0,130 DEG. INSERT DRILLS - PURPLE COATING (CHANGE SFM TO 75 FOR GOLD).csv
LTH-05,Okuma GENOS L400II-E,,3800,18.5,Default Preset,drill,304/316 SS (M),M,Peck,drilling,roughing,plunge,0.6875,2,154,855,0,0.0018,3.05,0,0.6874,flood,0,130 DEG. INSERT DRILLS - PURPLE COATING (CHANGE SFM TO 75 FOR GOLD).csv
LTH-05,Okuma GENOS L400II-E,,3800,18.5,Default Preset,drill,17-4 PH (M),M,Drill,drilling,roughing,conventional,0.6875,2,165,916,0,0.0036,6.53,0,0.6874,flood,0,130 DEG. INSERT DRILLS - PURPLE COATING (CHANGE SFM TO 75 FOR GOLD).csv
LTH-05,Okuma GENOS L400II-E,,3800,18.5,Default Preset,drill,17-4 PH (M),M,Peck,drilling,roughing,plunge,0.6875,2,115,641,0,0.0018,2.28,0,0.6874,flood,0,130 DEG. INSERT DRILLS - PURPLE COATING (CHANGE SFM TO 75 FOR GOLD).csv
LTH-05,Okuma GENOS L400II-E,,3800,18.5,Default Preset,drill,2205 Duplex (M),M,Drill,drilling,roughing,conventional,0.6875,2,137,763,0,0.0036,5.44,0,0.6874,flood,0,130 DEG. INSERT DRILLS - PURPLE COATING (CHANGE SFM TO 75 FOR GOLD).csv
LTH-05,Okuma GENOS L400II-E,,3800,18.5,Default Preset,drill,2205 Duplex (M),M,Peck,drilling,roughing,plunge,0.6875,2,96,534,0,0.0018,1.9,0,0.6874,flood,0,130 DEG. INSERT DRILLS - PURPLE COATING (CHANGE SFM TO 75 FOR GOLD).csv
LTH-05,Okuma GENOS L400II-E,,3800,18.5,Default Preset,drill,304/316 SS (M),M,Drill,drilling,roughing,conventional,0.708,2,220,1186,0,0.0036,8.59,0,0.7079,flood,0,130 DEG. INSERT DRILLS - PURPLE COATING (CHANGE SFM TO 75 FOR GOLD).csv
LTH-05,Okuma GENOS L400II-E,,3800,18.5,Default Preset,drill,304/316 SS (M),M,Peck,drilling,roughing,plunge,0.708,2,154,830,0,0.0018,3.01,0,0.7079,flood,0,130 DEG. INSERT DRILLS - PURPLE COATING (CHANGE SFM TO 75 FOR GOLD).csv
LTH-05,Okuma GENOS L400II-E,,3800,18.5,Default Preset,drill,17-4 PH (M),M,Drill,drilling,roughing,conventional,0.708,2,165,889,0,0.0036,6.44,0,0.7079,flood,0,130 DEG. INSERT DRILLS - PURPLE COATING (CHANGE SFM TO 75 FOR GOLD).csv
LTH-05,Okuma GENOS L400II-E,,3800,18.5,Default Preset,drill,17-4 PH (M),M,Peck,drilling,roughing,plunge,0.708,2,115,623,0,0.0018,2.26,0,0.7079,flood,0,130 DEG. INSERT DRILLS - PURPLE COATING (CHANGE SFM TO 75 FOR GOLD).csv
LTH-05,Okuma GENOS L400II-E,,3800,18.5,Default Preset,drill,2205 Duplex (M),M,Drill,drilling,roughing,conventional,0.708,2,137,741,0,0.0036,5.37,0,0.7079,flood,0,130 DEG. INSERT DRILLS - PURPLE COATING (CHANGE SFM TO 75 FOR GOLD).csv
LTH-05,Okuma GENOS L400II-E,,3800,18.5,Default Preset,drill,2205 Duplex (M),M,Peck,drilling,roughing,plunge,0.708,2,96,519,0,0.0018,1.88,0,0.7079,flood,0,130 DEG. INSERT DRILLS - PURPLE COATING (CHANGE SFM TO 75 FOR GOLD).csv
LTH-05,Okuma GENOS L400II-E,,3800,18.5,Default Preset,drill,304/316 SS (M),M,Drill,drilling,roughing,conventional,0.7188,2,220,1168,0,0.0036,8.51,0,0.7189,flood,0,130 DEG. INSERT DRILLS - PURPLE COATING (CHANGE SFM TO 75 FOR GOLD).csv
LTH-05,Okuma GENOS L400II-E,,3800,18.5,Default Preset,drill,304/316 SS (M),M,Peck,drilling,roughing,plunge,0.7188,2,154,818,0,0.0018,2.98,0,0.7189,flood,0,130 DEG. INSERT DRILLS - PURPLE COATING (CHANGE SFM TO 75 FOR GOLD).csv
LTH-05,Okuma GENOS L400II-E,,3800,18.5,Default Preset,drill,17-4 PH (M),M,Drill,drilling,roughing,conventional,0.7188,2,165,876,0,0.0036,6.38,0,0.7189,flood,0,130 DEG. INSERT DRILLS - PURPLE COATING (CHANGE SFM TO 75 FOR GOLD).csv
LTH-05,Okuma GENOS L400II-E,,3800,18.5,Default Preset,drill,17-4 PH (M),M,Peck,drilling,roughing,plunge,0.7188,2,115,613,0,0.0018,2.23,0,0.7189,flood,0,130 DEG. INSERT DRILLS - PURPLE COATING (CHANGE SFM TO 75 FOR GOLD).csv
LTH-05,Okuma GENOS L400II-E,,3800,18.5,Default Preset,drill,2205 Duplex (M),M,Drill,drilling,roughing,conventional,0.7188,2,137,730,0,0.0036,5.32,0,0.7189,flood,0,130 DEG. INSERT DRILLS - PURPLE COATING (CHANGE SFM TO 75 FOR GOLD).csv
LTH-05,Okuma GENOS L400II-E,,3800,18.5,Default Preset,drill,2205 Duplex (M),M,Peck,drilling,roughing,plunge,0.7188,2,96,511,0,0.0018,1.86,0,0.7189,flood,0,130 DEG. INSERT DRILLS - PURPLE COATING (CHANGE SFM TO 75 FOR GOLD).csv
LTH-05,Okuma GENOS L400II-E,,3800,18.5,Default Preset,drill,304/316 SS (M),M,Drill,drilling,roughing,conventional,0.728,2,220,1153,0,0.0037,8.49,0,0.728,flood,0,130 DEG. INSERT DRILLS - PURPLE COATING (CHANGE SFM TO 75 FOR GOLD).csv
LTH-05,Okuma GENOS L400II-E,,3800,18.5,Default Preset,drill,304/316 SS (M),M,Peck,drilling,roughing,plunge,0.728,2,154,807,0,0.0018,2.97,0,0.728,flood,0,130 DEG. INSERT DRILLS - PURPLE COATING (CHANGE SFM TO 75 FOR GOLD).csv
LTH-05,Okuma GENOS L400II-E,,3800,18.5,Default Preset,drill,17-4 PH (M),M,Drill,drilling,roughing,conventional,0.728,2,165,865,0,0.0037,6.37,0,0.728,flood,0,130 DEG. INSERT DRILLS - PURPLE COATING (CHANGE SFM TO 75 FOR GOLD).csv
LTH-05,Okuma GENOS L400II-E,,3800,18.5,Default Preset,drill,17-4 PH (M),M,Peck,drilling,roughing,plunge,0.728,2,115,606,0,0.0018,2.23,0,0.728,flood,0,130 DEG. INSERT DRILLS - PURPLE COATING (CHANGE SFM TO 75 FOR GOLD).csv
LTH-05,Okuma GENOS L400II-E,,3800,18.5,Default Preset,drill,2205 Duplex (M),M,Drill,drilling,roughing,conventional,0.728,2,137,721,0,0.0037,5.31,0,0.728,flood,0,130 DEG. INSERT DRILLS - PURPLE COATING (CHANGE SFM TO 75 FOR GOLD).csv
LTH-05,Okuma GENOS L400II-E,,3800,18.5,Default Preset,drill,2205 Duplex (M),M,Peck,drilling,roughing,plunge,0.728,2,96,505,0,0.0018,1.86,0,0.728,flood,0,130 DEG. INSERT DRILLS - PURPLE COATING (CHANGE SFM TO 75 FOR GOLD).csv
LTH-05,Okuma GENOS L400II-E,,3800,18.5,Default Preset,drill,304/316 SS (M),M,Drill,drilling,roughing,conventional,0.737,2,220,1139,0,0.0037,8.43,0,0.737,flood,0,130 DEG. INSERT DRILLS - PURPLE COATING (CHANGE SFM TO 75 FOR GOLD).csv
LTH-05,Okuma GENOS L400II-E,,3800,18.5,Default Preset,drill,304/316 SS (M),M,Peck,drilling,roughing,plunge,0.737,2,154,797,0,0.0019,2.95,0,0.737,flood,0,130 DEG. INSERT DRILLS - PURPLE COATING (CHANGE SFM TO 75 FOR GOLD).csv
LTH-05,Okuma GENOS L400II-E,,3800,18.5,Default Preset,drill,17-4 PH (M),M,Drill,drilling,roughing,conventional,0.737,2,165,854,0,0.0037,6.32,0,0.737,flood,0,130 DEG. INSERT DRILLS - PURPLE COATING (CHANGE SFM TO 75 FOR GOLD).csv
LTH-05,Okuma GENOS L400II-E,,3800,18.5,Default Preset,drill,17-4 PH (M),M,Peck,drilling,roughing,plunge,0.737,2,115,598,0,0.0019,2.21,0,0.737,flood,0,130 DEG. INSERT DRILLS - PURPLE COATING (CHANGE SFM TO 75 FOR GOLD).csv
LTH-05,Okuma GENOS L400II-E,,3800,18.5,Default Preset,drill,2205 Duplex (M),M,Drill,drilling,roughing,conventional,0.737,2,137,712,0,0.0037,5.27,0,0.737,flood,0,130 DEG. INSERT DRILLS - PURPLE COATING (CHANGE SFM TO 75 FOR GOLD).csv
LTH-05,Okuma GENOS L400II-E,,3800,18.5,Default Preset,drill,2205 Duplex (M),M,Peck,drilling,roughing,plunge,0.737,2,96,498,0,0.0019,1.84,0,0.737,flood,0,130 DEG. INSERT DRILLS - PURPLE COATING (CHANGE SFM TO 75 FOR GOLD).csv
LTH-05,Okuma GENOS L400II-E,,3800,18.5,Default Preset,drill,304/316 SS (M),M,Drill,drilling,roughing,conventional,0.75,2,220,1120,0,0.0037,8.38,0,0.75,flood,0,130 DEG. INSERT DRILLS - PURPLE COATING (CHANGE SFM TO 75 FOR GOLD).csv
LTH-05,Okuma GENOS L400II-E,,3800,18.5,Default Preset,drill,304/316 SS (M),M,Peck,drilling,roughing,plunge,0.75,2,154,784,0,0.0019,2.93,0,0.75,flood,0,130 DEG. INSERT DRILLS - PURPLE COATING (CHANGE SFM TO 75 FOR GOLD).csv
LTH-05,Okuma GENOS L400II-E,,3800,18.5,Default Preset,drill,17-4 PH (M),M,Drill,drilling,roughing,conventional,0.75,2,165,840,0,0.0037,6.28,0,0.75,flood,0,130 DEG. INSERT DRILLS - PURPLE COATING (CHANGE SFM TO 75 FOR GOLD).csv
LTH-05,Okuma GENOS L400II-E,,3800,18.5,Default Preset,drill,17-4 PH (M),M,Peck,drilling,roughing,plunge,0.75,2,115,588,0,0.0019,2.2,0,0.75,flood,0,130 DEG. INSERT DRILLS - PURPLE COATING (CHANGE SFM TO 75 FOR GOLD).csv
LTH-05,Okuma GENOS L400II-E,,3800,18.5,Default Preset,drill,2205 Duplex (M),M,Drill,drilling,roughing,conventional,0.75,2,137,700,0,0.0037,5.24,0,0.75,flood,0,130 DEG. INSERT DRILLS - PURPLE COATING (CHANGE SFM TO 75 FOR GOLD).csv
LTH-05,Okuma GENOS L400II-E,,3800,18.5,Default Preset,drill,2205 Duplex (M),M,Peck,drilling,roughing,plunge,0.75,2,96,490,0,0.0019,1.83,0,0.75,flood,0,130 DEG. INSERT DRILLS - PURPLE COATING (CHANGE SFM TO 75 FOR GOLD).csv
LTH-05,Okuma GENOS L400II-E,,3800,18.5,Default Preset,drill,304/316 SS (M),M,Drill,drilling,roughing,conventional,0.787,2,220,1067,0,0.0038,8.19,0,0.787,flood,0,130 DEG. INSERT DRILLS - PURPLE COATING (CHANGE SFM TO 75 FOR GOLD).csv
LTH-05,Okuma GENOS L400II-E,,3800,18.5,Default Preset,drill,304/316 SS (M),M,Peck,drilling,roughing,plunge,0.787,2,154,747,0,0.0019,2.87,0,0.787,flood,0,130 DEG. INSERT DRILLS - PURPLE COATING (CHANGE SFM TO 75 FOR GOLD).csv
LTH-05,Okuma GENOS L400II-E,,3800,18.5,Default Preset,drill,17-4 PH (M),M,Drill,drilling,roughing,conventional,0.787,2,165,800,0,0.0038,6.14,0,0.787,flood,0,130 DEG. INSERT DRILLS - PURPLE COATING (CHANGE SFM TO 75 FOR GOLD).csv
LTH-05,Okuma GENOS L400II-E,,3800,18.5,Default Preset,drill,17-4 PH (M),M,Peck,drilling,roughing,plunge,0.787,2,115,560,0,0.0019,2.15,0,0.787,flood,0,130 DEG. INSERT DRILLS - PURPLE COATING (CHANGE SFM TO 75 FOR GOLD).csv
LTH-05,Okuma GENOS L400II-E,,3800,18.5,Default Preset,drill,2205 Duplex (M),M,Drill,drilling,roughing,conventional,0.787,2,137,667,0,0.0038,5.12,0,0.787,flood,0,130 DEG. INSERT DRILLS - PURPLE COATING (CHANGE SFM TO 75 FOR GOLD).csv
LTH-05,Okuma GENOS L400II-E,,3800,18.5,Default Preset,drill,2205 Duplex (M),M,Peck,drilling,roughing,plunge,0.787,2,96,467,0,0.0019,1.79,0,0.787,flood,0,130 DEG. INSERT DRILLS - PURPLE COATING (CHANGE SFM TO 75 FOR GOLD).csv
LTH-05,Okuma GENOS L400II-E,,3800,18.5,Default Preset,drill,304/316 SS (M),M,Drill,drilling,roughing,conventional,0.812,2,220,1034,0,0.0039,8.06,0,0.8118,flood,0,130 DEG. INSERT DRILLS - PURPLE COATING (CHANGE SFM TO 75 FOR GOLD).csv
LTH-05,Okuma GENOS L400II-E,,3800,18.5,Default Preset,drill,304/316 SS (M),M,Peck,drilling,roughing,plunge,0.812,2,154,724,0,0.0019,2.82,0,0.8118,flood,0,130 DEG. INSERT DRILLS - PURPLE COATING (CHANGE SFM TO 75 FOR GOLD).csv
LTH-05,Okuma GENOS L400II-E,,3800,18.5,Default Preset,drill,17-4 PH (M),M,Drill,drilling,roughing,conventional,0.812,2,165,776,0,0.0039,6.05,0,0.8118,flood,0,130 DEG. INSERT DRILLS - PURPLE COATING (CHANGE SFM TO 75 FOR GOLD).csv
LTH-05,Okuma GENOS L400II-E,,3800,18.5,Default Preset,drill,17-4 PH (M),M,Peck,drilling,roughing,plunge,0.812,2,115,543,0,0.0019,2.12,0,0.8118,flood,0,130 DEG. INSERT DRILLS - PURPLE COATING (CHANGE SFM TO 75 FOR GOLD).csv
LTH-05,Okuma GENOS L400II-E,,3800,18.5,Default Preset,drill,2205 Duplex (M),M,Drill,drilling,roughing,conventional,0.812,2,137,646,0,0.0039,5.04,0,0.8118,flood,0,130 DEG. INSERT DRILLS - PURPLE COATING (CHANGE SFM TO 75 FOR GOLD).csv
LTH-05,Okuma GENOS L400II-E,,3800,18.5,Default Preset,drill,2205 Duplex (M),M,Peck,drilling,roughing,plunge,0.812,2,96,452,0,0.0019,1.76,0,0.8118,flood,0,130 DEG. INSERT DRILLS - PURPLE COATING (CHANGE SFM TO 75 FOR GOLD).csv
LTH-05,Okuma GENOS L400II-E,,3800,18.5,Default Preset,drill,304/316 SS (M),M,Drill,drilling,roughing,conventional,0.821,2,220,1023,0,0.0039,8.01,0,0.8209,flood,0,130 DEG. INSERT DRILLS - PURPLE COATING (CHANGE SFM TO 75 FOR GOLD).csv
LTH-05,Okuma GENOS L400II-E,,3800,18.5,Default Preset,drill,304/316 SS (M),M,Peck,drilling,roughing,plunge,0.821,2,154,716,0,0.002,2.8,0,0.8209,flood,0,130 DEG. INSERT DRILLS - PURPLE COATING (CHANGE SFM TO 75 FOR GOLD).csv
LTH-05,Okuma GENOS L400II-E,,3800,18.5,Default Preset,drill,17-4 PH (M),M,Drill,drilling,roughing,conventional,0.821,2,165,767,0,0.0039,6.01,0,0.8209,flood,0,130 DEG. INSERT DRILLS - PURPLE COATING (CHANGE SFM TO 75 FOR GOLD).csv
LTH-05,Okuma GENOS L400II-E,,3800,18.5,Default Preset,drill,17-4 PH (M),M,Peck,drilling,roughing,plunge,0.821,2,115,537,0,0.002,2.1,0,0.8209,flood,0,130 DEG. INSERT DRILLS - PURPLE COATING (CHANGE SFM TO 75 FOR GOLD).csv
LTH-05,Okuma GENOS L400II-E,,3800,18.5,Default Preset,drill,2205 Duplex (M),M,Drill,drilling,roughing,conventional,0.821,2,137,639,0,0.0039,5.01,0,0.8209,flood,0,130 DEG. INSERT DRILLS - PURPLE COATING (CHANGE SFM TO 75 FOR GOLD).csv
LTH-05,Okuma GENOS L400II-E,,3800,18.5,Default Preset,drill,2205 Duplex (M),M,Peck,drilling,roughing,plunge,0.821,2,96,447,0,0.002,1.75,0,0.8209,flood,0,130 DEG. INSERT DRILLS - PURPLE COATING (CHANGE SFM TO 75 FOR GOLD).csv
LTH-05,Okuma GENOS L400II-E,,3800,18.5,Default Preset,drill,304/316 SS (M),M,Drill,drilling,roughing,conventional,0.838,2,220,1002,0,0.004,7.93,0,0.8382,flood,0,130 DEG. INSERT DRILLS - PURPLE COATING (CHANGE SFM TO 75 FOR GOLD).csv
LTH-05,Okuma GENOS L400II-E,,3800,18.5,Default Preset,drill,304/316 SS (M),M,Peck,drilling,roughing,plunge,0.838,2,154,701,0,0.002,2.77,0,0.8382,flood,0,130 DEG. INSERT DRILLS - PURPLE COATING (CHANGE SFM TO 75 FOR GOLD).csv
LTH-05,Okuma GENOS L400II-E,,3800,18.5,Default Preset,drill,17-4 PH (M),M,Drill,drilling,roughing,conventional,0.838,2,165,751,0,0.004,5.94,0,0.8382,flood,0,130 DEG. INSERT DRILLS - PURPLE COATING (CHANGE SFM TO 75 FOR GOLD).csv
LTH-05,Okuma GENOS L400II-E,,3800,18.5,Default Preset,drill,17-4 PH (M),M,Peck,drilling,roughing,plunge,0.838,2,115,526,0,0.002,2.08,0,0.8382,flood,0,130 DEG. INSERT DRILLS - PURPLE COATING (CHANGE SFM TO 75 FOR GOLD).csv
LTH-05,Okuma GENOS L400II-E,,3800,18.5,Default Preset,drill,2205 Duplex (M),M,Drill,drilling,roughing,conventional,0.838,2,137,626,0,0.004,4.95,0,0.8382,flood,0,130 DEG. INSERT DRILLS - PURPLE COATING (CHANGE SFM TO 75 FOR GOLD).csv
LTH-05,Okuma GENOS L400II-E,,3800,18.5,Default Preset,drill,2205 Duplex (M),M,Peck,drilling,roughing,plunge,0.838,2,96,438,0,0.002,1.73,0,0.8382,flood,0,130 DEG. INSERT DRILLS - PURPLE COATING (CHANGE SFM TO 75 FOR GOLD).csv
LTH-05,Okuma GENOS L400II-E,,3800,18.5,Default Preset,drill,304/316 SS (M),M,Drill,drilling,roughing,conventional,0.843,2,220,996,0,0.004,7.88,0,0.8429,flood,0,130 DEG. INSERT DRILLS - PURPLE COATING (CHANGE SFM TO 75 FOR GOLD).csv
LTH-05,Okuma GENOS L400II-E,,3800,18.5,Default Preset,drill,304/316 SS (M),M,Peck,drilling,roughing,plunge,0.843,2,154,697,0,0.002,2.76,0,0.8429,flood,0,130 DEG. INSERT DRILLS - PURPLE COATING (CHANGE SFM TO 75 FOR GOLD).csv
LTH-05,Okuma GENOS L400II-E,,3800,18.5,Default Preset,drill,17-4 PH (M),M,Drill,drilling,roughing,conventional,0.843,2,165,747,0,0.004,5.91,0,0.8429,flood,0,130 DEG. INSERT DRILLS - PURPLE COATING (CHANGE SFM TO 75 FOR GOLD).csv
LTH-05,Okuma GENOS L400II-E,,3800,18.5,Default Preset,drill,17-4 PH (M),M,Peck,drilling,roughing,plunge,0.843,2,115,523,0,0.002,2.07,0,0.8429,flood,0,130 DEG. INSERT DRILLS - PURPLE COATING (CHANGE SFM TO 75 FOR GOLD).csv
LTH-05,Okuma GENOS L400II-E,,3800,18.5,Default Preset,drill,2205 Duplex (M),M,Drill,drilling,roughing,conventional,0.843,2,137,623,0,0.004,4.93,0,0.8429,flood,0,130 DEG. INSERT DRILLS - PURPLE COATING (CHANGE SFM TO 75 FOR GOLD).csv
LTH-05,Okuma GENOS L400II-E,,3800,18.5,Default Preset,drill,2205 Duplex (M),M,Peck,drilling,roughing,plunge,0.843,2,96,436,0,0.002,1.73,0,0.8429,flood,0,130 DEG. INSERT DRILLS - PURPLE COATING (CHANGE SFM TO 75 FOR GOLD).csv
LTH-05,Okuma GENOS L400II-E,,3800,18.5,Default Preset,drill,304/316 SS (M),M,Drill,drilling,roughing,conventional,0.859,2,220,977,0,0.004,7.81,0,0.8591,flood,0,130 DEG. INSERT DRILLS - PURPLE COATING (CHANGE SFM TO 75 FOR GOLD).csv
LTH-05,Okuma GENOS L400II-E,,3800,18.5,Default Preset,drill,304/316 SS (M),M,Peck,drilling,roughing,plunge,0.859,2,154,684,0,0.002,2.73,0,0.8591,flood,0,130 DEG. INSERT DRILLS - PURPLE COATING (CHANGE SFM TO 75 FOR GOLD).csv
LTH-05,Okuma GENOS L400II-E,,3800,18.5,Default Preset,drill,17-4 PH (M),M,Drill,drilling,roughing,conventional,0.859,2,165,733,0,0.004,5.86,0,0.8591,flood,0,130 DEG. INSERT DRILLS - PURPLE COATING (CHANGE SFM TO 75 FOR GOLD).csv
LTH-05,Okuma GENOS L400II-E,,3800,18.5,Default Preset,drill,17-4 PH (M),M,Peck,drilling,roughing,plunge,0.859,2,115,513,0,0.002,2.05,0,0.8591,flood,0,130 DEG. INSERT DRILLS - PURPLE COATING (CHANGE SFM TO 75 FOR GOLD).csv
LTH-05,Okuma GENOS L400II-E,,3800,18.5,Default Preset,drill,2205 Duplex (M),M,Drill,drilling,roughing,conventional,0.859,2,137,611,0,0.004,4.88,0,0.8591,flood,0,130 DEG. INSERT DRILLS - PURPLE COATING (CHANGE SFM TO 75 FOR GOLD).csv
LTH-05,Okuma GENOS L400II-E,,3800,18.5,Default Preset,drill,2205 Duplex (M),M,Peck,drilling,roughing,plunge,0.859,2,96,428,0,0.002,1.71,0,0.8591,flood,0,130 DEG. INSERT DRILLS - PURPLE COATING (CHANGE SFM TO 75 FOR GOLD).csv
LTH-05,Okuma GENOS L400II-E,,3800,18.5,Default Preset,drill,304/316 SS (M),M,Drill,drilling,roughing,conventional,0.875,2,220,960,0,0.004,7.75,0,0.8752,flood,0,130 DEG. INSERT DRILLS - PURPLE COATING (CHANGE SFM TO 75 FOR GOLD).csv
LTH-05,Okuma GENOS L400II-E,,3800,18.5,Default Preset,drill,304/316 SS (M),M,Peck,drilling,roughing,plunge,0.875,2,154,672,0,0.002,2.71,0,0.8752,flood,0,130 DEG. INSERT DRILLS - PURPLE COATING (CHANGE SFM TO 75 FOR GOLD).csv
LTH-05,Okuma GENOS L400II-E,,3800,18.5,Default Preset,drill,17-4 PH (M),M,Drill,drilling,roughing,conventional,0.875,2,165,720,0,0.004,5.81,0,0.8752,flood,0,130 DEG. INSERT DRILLS - PURPLE COATING (CHANGE SFM TO 75 FOR GOLD).csv
LTH-05,Okuma GENOS L400II-E,,3800,18.5,Default Preset,drill,17-4 PH (M),M,Peck,drilling,roughing,plunge,0.875,2,115,504,0,0.002,2.03,0,0.8752,flood,0,130 DEG. INSERT DRILLS - PURPLE COATING (CHANGE SFM TO 75 FOR GOLD).csv
LTH-05,Okuma GENOS L400II-E,,3800,18.5,Default Preset,drill,2205 Duplex (M),M,Drill,drilling,roughing,conventional,0.875,2,137,600,0,0.004,4.84,0,0.8752,flood,0,130 DEG. INSERT DRILLS - PURPLE COATING (CHANGE SFM TO 75 FOR GOLD).csv
LTH-05,Okuma GENOS L400II-E,,3800,18.5,Default Preset,drill,2205 Duplex (M),M,Peck,drilling,roughing,plunge,0.875,2,96,420,0,0.002,1.69,0,0.8752,flood,0,130 DEG. INSERT DRILLS - PURPLE COATING (CHANGE SFM TO 75 FOR GOLD).csv
LTH-05,Okuma GENOS L400II-E,,3800,18.5,Default Preset,drill,304/316 SS (M),M,Drill,drilling,roughing,conventional,0.893,2,220,940,0,0.0041,7.66,0,0.8929,flood,0,130 DEG. INSERT DRILLS - PURPLE COATING (CHANGE SFM TO 75 FOR GOLD).csv
LTH-05,Okuma GENOS L400II-E,,3800,18.5,Default Preset,drill,304/316 SS (M),M,Peck,drilling,roughing,plunge,0.893,2,154,658,0,0.002,2.68,0,0.8929,flood,0,130 DEG. INSERT DRILLS - PURPLE COATING (CHANGE SFM TO 75 FOR GOLD).csv
LTH-05,Okuma GENOS L400II-E,,3800,18.5,Default Preset,drill,17-4 PH (M),M,Drill,drilling,roughing,conventional,0.893,2,165,705,0,0.0041,5.75,0,0.8929,flood,0,130 DEG. INSERT DRILLS - PURPLE COATING (CHANGE SFM TO 75 FOR GOLD).csv
LTH-05,Okuma GENOS L400II-E,,3800,18.5,Default Preset,drill,17-4 PH (M),M,Peck,drilling,roughing,plunge,0.893,2,115,494,0,0.002,2.01,0,0.8929,flood,0,130 DEG. INSERT DRILLS - PURPLE COATING (CHANGE SFM TO 75 FOR GOLD).csv
LTH-05,Okuma GENOS L400II-E,,3800,18.5,Default Preset,drill,2205 Duplex (M),M,Drill,drilling,roughing,conventional,0.893,2,137,588,0,0.0041,4.79,0,0.8929,flood,0,130 DEG. INSERT DRILLS - PURPLE COATING (CHANGE SFM TO 75 FOR GOLD).csv
LTH-05,Okuma GENOS L400II-E,,3800,18.5,Default Preset,drill,2205 Duplex (M),M,Peck,drilling,roughing,plunge,0.893,2,96,411,0,0.002,1.67,0,0.8929,flood,0,130 DEG. INSERT DRILLS - PURPLE COATING (CHANGE SFM TO 75 FOR GOLD).csv
LTH-05,Okuma GENOS L400II-E,,3800,18.5,Default Preset,drill,304/316 SS (M),M,Drill,drilling,roughing,conventional,0.906,2,220,927,0,0.0041,7.63,0,0.9059,flood,0,130 DEG. INSERT DRILLS - PURPLE COATING (CHANGE SFM TO 75 FOR GOLD).csv
LTH-05,Okuma GENOS L400II-E,,3800,18.5,Default Preset,drill,304/316 SS (M),M,Peck,drilling,roughing,plunge,0.906,2,154,649,0,0.0021,2.67,0,0.9059,flood,0,130 DEG. INSERT DRILLS - PURPLE COATING (CHANGE SFM TO 75 FOR GOLD).csv
LTH-05,Okuma GENOS L400II-E,,3800,18.5,Default Preset,drill,17-4 PH (M),M,Drill,drilling,roughing,conventional,0.906,2,165,695,0,0.0041,5.72,0,0.9059,flood,0,130 DEG. INSERT DRILLS - PURPLE COATING (CHANGE SFM TO 75 FOR GOLD).csv
LTH-05,Okuma GENOS L400II-E,,3800,18.5,Default Preset,drill,17-4 PH (M),M,Peck,drilling,roughing,plunge,0.906,2,115,487,0,0.0021,2,0,0.9059,flood,0,130 DEG. INSERT DRILLS - PURPLE COATING (CHANGE SFM TO 75 FOR GOLD).csv
LTH-05,Okuma GENOS L400II-E,,3800,18.5,Default Preset,drill,2205 Duplex (M),M,Drill,drilling,roughing,conventional,0.906,2,137,579,0,0.0041,4.76,0,0.9059,flood,0,130 DEG. INSERT DRILLS - PURPLE COATING (CHANGE SFM TO 75 FOR GOLD).csv
LTH-05,Okuma GENOS L400II-E,,3800,18.5,Default Preset,drill,2205 Duplex (M),M,Peck,drilling,roughing,plunge,0.906,2,96,405,0,0.0021,1.67,0,0.9059,flood,0,130 DEG. INSERT DRILLS - PURPLE COATING (CHANGE SFM TO 75 FOR GOLD).csv
LTH-05,Okuma GENOS L400II-E,,3800,18.5,Default Preset,drill,304/316 SS (M),M,Drill,drilling,roughing,conventional,0.925,2,220,908,0,0.0042,7.54,0,0.9252,flood,0,130 DEG. INSERT DRILLS - PURPLE COATING (CHANGE SFM TO 75 FOR GOLD).csv
LTH-05,Okuma GENOS L400II-E,,3800,18.5,Default Preset,drill,304/316 SS (M),M,Peck,drilling,roughing,plunge,0.925,2,154,635,0,0.0021,2.64,0,0.9252,flood,0,130 DEG. INSERT DRILLS - PURPLE COATING (CHANGE SFM TO 75 FOR GOLD).csv
LTH-05,Okuma GENOS L400II-E,,3800,18.5,Default Preset,drill,17-4 PH (M),M,Drill,drilling,roughing,conventional,0.925,2,165,681,0,0.0042,5.66,0,0.9252,flood,0,130 DEG. INSERT DRILLS - PURPLE COATING (CHANGE SFM TO 75 FOR GOLD).csv
LTH-05,Okuma GENOS L400II-E,,3800,18.5,Default Preset,drill,17-4 PH (M),M,Peck,drilling,roughing,plunge,0.925,2,115,477,0,0.0021,1.98,0,0.9252,flood,0,130 DEG. INSERT DRILLS - PURPLE COATING (CHANGE SFM TO 75 FOR GOLD).csv
LTH-05,Okuma GENOS L400II-E,,3800,18.5,Default Preset,drill,2205 Duplex (M),M,Drill,drilling,roughing,conventional,0.925,2,137,567,0,0.0042,4.71,0,0.9252,flood,0,130 DEG. INSERT DRILLS - PURPLE COATING (CHANGE SFM TO 75 FOR GOLD).csv
LTH-05,Okuma GENOS L400II-E,,3800,18.5,Default Preset,drill,2205 Duplex (M),M,Peck,drilling,roughing,plunge,0.925,2,96,397,0,0.0021,1.65,0,0.9252,flood,0,130 DEG. INSERT DRILLS - PURPLE COATING (CHANGE SFM TO 75 FOR GOLD).csv
LTH-05,Okuma GENOS L400II-E,,3800,18.5,Default Preset,drill,304/316 SS (M),M,Drill,drilling,roughing,conventional,0.9375,2,220,896,0,0.0042,7.48,0,0.9374,flood,0,130 DEG. INSERT DRILLS - PURPLE COATING (CHANGE SFM TO 75 FOR GOLD).csv
LTH-05,Okuma GENOS L400II-E,,3800,18.5,Default Preset,drill,304/316 SS (M),M,Peck,drilling,roughing,plunge,0.9375,2,154,627,0,0.0021,2.62,0,0.9374,flood,0,130 DEG. INSERT DRILLS - PURPLE COATING (CHANGE SFM TO 75 FOR GOLD).csv
LTH-05,Okuma GENOS L400II-E,,3800,18.5,Default Preset,drill,17-4 PH (M),M,Drill,drilling,roughing,conventional,0.9375,2,165,672,0,0.0042,5.61,0,0.9374,flood,0,130 DEG. INSERT DRILLS - PURPLE COATING (CHANGE SFM TO 75 FOR GOLD).csv
LTH-05,Okuma GENOS L400II-E,,3800,18.5,Default Preset,drill,17-4 PH (M),M,Peck,drilling,roughing,plunge,0.9375,2,115,470,0,0.0021,1.96,0,0.9374,flood,0,130 DEG. INSERT DRILLS - PURPLE COATING (CHANGE SFM TO 75 FOR GOLD).csv
LTH-05,Okuma GENOS L400II-E,,3800,18.5,Default Preset,drill,2205 Duplex (M),M,Drill,drilling,roughing,conventional,0.9375,2,137,560,0,0.0042,4.67,0,0.9374,flood,0,130 DEG. INSERT DRILLS - PURPLE COATING (CHANGE SFM TO 75 FOR GOLD).csv
LTH-05,Okuma GENOS L400II-E,,3800,18.5,Default Preset,drill,2205 Duplex (M),M,Peck,drilling,roughing,plunge,0.9375,2,96,392,0,0.0021,1.64,0,0.9374,flood,0,130 DEG. INSERT DRILLS - PURPLE COATING (CHANGE SFM TO 75 FOR GOLD).csv
LTH-05,Okuma GENOS L400II-E,,3800,18.5,Default Preset,drill,304/316 SS (M),M,Drill,drilling,roughing,conventional,0.9449,2,220,889,0,0.0042,7.46,0,0.9449,flood,0,130 DEG. INSERT DRILLS - PURPLE COATING (CHANGE SFM TO 75 FOR GOLD).csv
LTH-05,Okuma GENOS L400II-E,,3800,18.5,Default Preset,drill,304/316 SS (M),M,Peck,drilling,roughing,plunge,0.9449,2,154,622,0,0.0021,2.61,0,0.9449,flood,0,130 DEG. INSERT DRILLS - PURPLE COATING (CHANGE SFM TO 75 FOR GOLD).csv
LTH-05,Okuma GENOS L400II-E,,3800,18.5,Default Preset,drill,17-4 PH (M),M,Drill,drilling,roughing,conventional,0.9449,2,165,666,0,0.0042,5.58,0,0.9449,flood,0,130 DEG. INSERT DRILLS - PURPLE COATING (CHANGE SFM TO 75 FOR GOLD).csv
LTH-05,Okuma GENOS L400II-E,,3800,18.5,Default Preset,drill,17-4 PH (M),M,Peck,drilling,roughing,plunge,0.9449,2,115,467,0,0.0021,1.96,0,0.9449,flood,0,130 DEG. INSERT DRILLS - PURPLE COATING (CHANGE SFM TO 75 FOR GOLD).csv
LTH-05,Okuma GENOS L400II-E,,3800,18.5,Default Preset,drill,2205 Duplex (M),M,Drill,drilling,roughing,conventional,0.9449,2,137,555,0,0.0042,4.65,0,0.9449,flood,0,130 DEG. INSERT DRILLS - PURPLE COATING (CHANGE SFM TO 75 FOR GOLD).csv
LTH-05,Okuma GENOS L400II-E,,3800,18.5,Default Preset,drill,2205 Duplex (M),M,Peck,drilling,roughing,plunge,0.9449,2,96,389,0,0.0021,1.63,0,0.9449,flood,0,130 DEG. INSERT DRILLS - PURPLE COATING (CHANGE SFM TO 75 FOR GOLD).csv
LTH-05,Okuma GENOS L400II-E,,3800,18.5,Default Preset,drill,304/316 SS (M),M,Drill,drilling,roughing,conventional,0.968,2,220,867,0,0.0043,7.37,0,0.9681,flood,0,130 DEG. INSERT DRILLS - PURPLE COATING (CHANGE SFM TO 75 FOR GOLD).csv
LTH-05,Okuma GENOS L400II-E,,3800,18.5,Default Preset,drill,304/316 SS (M),M,Peck,drilling,roughing,plunge,0.968,2,154,607,0,0.0021,2.58,0,0.9681,flood,0,130 DEG. INSERT DRILLS - PURPLE COATING (CHANGE SFM TO 75 FOR GOLD).csv
LTH-05,Okuma GENOS L400II-E,,3800,18.5,Default Preset,drill,17-4 PH (M),M,Drill,drilling,roughing,conventional,0.968,2,165,651,0,0.0043,5.54,0,0.9681,flood,0,130 DEG. INSERT DRILLS - PURPLE COATING (CHANGE SFM TO 75 FOR GOLD).csv
LTH-05,Okuma GENOS L400II-E,,3800,18.5,Default Preset,drill,17-4 PH (M),M,Peck,drilling,roughing,plunge,0.968,2,115,455,0,0.0021,1.93,0,0.9681,flood,0,130 DEG. INSERT DRILLS - PURPLE COATING (CHANGE SFM TO 75 FOR GOLD).csv
LTH-05,Okuma GENOS L400II-E,,3800,18.5,Default Preset,drill,2205 Duplex (M),M,Drill,drilling,roughing,conventional,0.968,2,137,542,0,0.0043,4.61,0,0.9681,flood,0,130 DEG. INSERT DRILLS - PURPLE COATING (CHANGE SFM TO 75 FOR GOLD).csv
LTH-05,Okuma GENOS L400II-E,,3800,18.5,Default Preset,drill,2205 Duplex (M),M,Peck,drilling,roughing,plunge,0.968,2,96,379,0,0.0021,1.61,0,0.9681,flood,0,130 DEG. INSERT DRILLS - PURPLE COATING (CHANGE SFM TO 75 FOR GOLD).csv
LTH-05,Okuma GENOS L400II-E,,3800,18.5,Default Preset,drill,304/316 SS (M),M,Drill,drilling,roughing,conventional,0.981,2,220,856,0,0.0043,7.31,0,0.9811,flood,0,130 DEG. INSERT DRILLS - PURPLE COATING (CHANGE SFM TO 75 FOR GOLD).csv
LTH-05,Okuma GENOS L400II-E,,3800,18.5,Default Preset,drill,304/316 SS (M),M,Peck,drilling,roughing,plunge,0.981,2,154,599,0,0.0021,2.56,0,0.9811,flood,0,130 DEG. INSERT DRILLS - PURPLE COATING (CHANGE SFM TO 75 FOR GOLD).csv
LTH-05,Okuma GENOS L400II-E,,3800,18.5,Default Preset,drill,17-4 PH (M),M,Drill,drilling,roughing,conventional,0.981,2,165,642,0,0.0043,5.48,0,0.9811,flood,0,130 DEG. INSERT DRILLS - PURPLE COATING (CHANGE SFM TO 75 FOR GOLD).csv
LTH-05,Okuma GENOS L400II-E,,3800,18.5,Default Preset,drill,17-4 PH (M),M,Peck,drilling,roughing,plunge,0.981,2,115,449,0,0.0021,1.92,0,0.9811,flood,0,130 DEG. INSERT DRILLS - PURPLE COATING (CHANGE SFM TO 75 FOR GOLD).csv
LTH-05,Okuma GENOS L400II-E,,3800,18.5,Default Preset,drill,2205 Duplex (M),M,Drill,drilling,roughing,conventional,0.981,2,137,535,0,0.0043,4.57,0,0.9811,flood,0,130 DEG. INSERT DRILLS - PURPLE COATING (CHANGE SFM TO 75 FOR GOLD).csv
LTH-05,Okuma GENOS L400II-E,,3800,18.5,Default Preset,drill,2205 Duplex (M),M,Peck,drilling,roughing,plunge,0.981,2,96,374,0,0.0021,1.6,0,0.9811,flood,0,130 DEG. INSERT DRILLS - PURPLE COATING (CHANGE SFM TO 75 FOR GOLD).csv
LTH-05,Okuma GENOS L400II-E,,3800,18.5,Default Preset,drill,304/316 SS (M),M,Drill,drilling,roughing,conventional,0.984,2,220,853,0,0.0043,7.29,0,0.9839,flood,0,130 DEG. INSERT DRILLS - PURPLE COATING (CHANGE SFM TO 75 FOR GOLD).csv
LTH-05,Okuma GENOS L400II-E,,3800,18.5,Default Preset,drill,304/316 SS (M),M,Peck,drilling,roughing,plunge,0.984,2,154,597,0,0.0021,2.55,0,0.9839,flood,0,130 DEG. INSERT DRILLS - PURPLE COATING (CHANGE SFM TO 75 FOR GOLD).csv
LTH-05,Okuma GENOS L400II-E,,3800,18.5,Default Preset,drill,17-4 PH (M),M,Drill,drilling,roughing,conventional,0.984,2,165,640,0,0.0043,5.47,0,0.9839,flood,0,130 DEG. INSERT DRILLS - PURPLE COATING (CHANGE SFM TO 75 FOR GOLD).csv
LTH-05,Okuma GENOS L400II-E,,3800,18.5,Default Preset,drill,17-4 PH (M),M,Peck,drilling,roughing,plunge,0.984,2,115,448,0,0.0021,1.91,0,0.9839,flood,0,130 DEG. INSERT DRILLS - PURPLE COATING (CHANGE SFM TO 75 FOR GOLD).csv
LTH-05,Okuma GENOS L400II-E,,3800,18.5,Default Preset,drill,2205 Duplex (M),M,Drill,drilling,roughing,conventional,0.984,2,137,533,0,0.0043,4.55,0,0.9839,flood,0,130 DEG. INSERT DRILLS - PURPLE COATING (CHANGE SFM TO 75 FOR GOLD).csv
LTH-05,Okuma GENOS L400II-E,,3800,18.5,Default Preset,drill,2205 Duplex (M),M,Peck,drilling,roughing,plunge,0.984,2,96,373,0,0.0021,1.59,0,0.9839,flood,0,130 DEG. INSERT DRILLS - PURPLE COATING (CHANGE SFM TO 75 FOR GOLD).csv
LTH-05,Okuma GENOS L400II-E,,3800,18.5,Default Preset,drill,304/316 SS (M),M,Drill,drilling,roughing,conventional,1,2,220,840,0,0.0043,7.24,0,1,flood,0,130 DEG. INSERT DRILLS - PURPLE COATING (CHANGE SFM TO 75 FOR GOLD).csv
LTH-05,Okuma GENOS L400II-E,,3800,18.5,Default Preset,drill,304/316 SS (M),M,Peck,drilling,roughing,plunge,1,2,154,588,0,0.0022,2.53,0,1,flood,0,130 DEG. INSERT DRILLS - PURPLE COATING (CHANGE SFM TO 75 FOR GOLD).csv
LTH-05,Okuma GENOS L400II-E,,3800,18.5,Default Preset,drill,17-4 PH (M),M,Drill,drilling,roughing,conventional,1,2,165,630,0,0.0043,5.43,0,1,flood,0,130 DEG. INSERT DRILLS - PURPLE COATING (CHANGE SFM TO 75 FOR GOLD).csv
LTH-05,Okuma GENOS L400II-E,,3800,18.5,Default Preset,drill,17-4 PH (M),M,Peck,drilling,roughing,plunge,1,2,115,441,0,0.0022,1.9,0,1,flood,0,130 DEG. INSERT DRILLS - PURPLE COATING (CHANGE SFM TO 75 FOR GOLD).csv
LTH-05,Okuma GENOS L400II-E,,3800,18.5,Default Preset,drill,2205 Duplex (M),M,Drill,drilling,roughing,conventional,1,2,137,525,0,0.0043,4.53,0,1,flood,0,130 DEG. INSERT DRILLS - PURPLE COATING (CHANGE SFM TO 75 FOR GOLD).csv
LTH-05,Okuma GENOS L400II-E,,3800,18.5,Default Preset,drill,2205 Duplex (M),M,Peck,drilling,roughing,plunge,1,2,96,367,0,0.0022,1.58,0,1,flood,0,130 DEG. INSERT DRILLS - PURPLE COATING (CHANGE SFM TO 75 FOR GOLD).csv
LTH-05,Okuma GENOS L400II-E,,3800,18.5,Default Preset,drill,304/316 SS (M),M,Drill,drilling,roughing,conventional,1.063,2,220,790,0,0.0044,6.97,0,1.063,flood,0,130 DEG. INSERT DRILLS - PURPLE COATING (CHANGE SFM TO 75 FOR GOLD).csv
LTH-05,Okuma GENOS L400II-E,,3800,18.5,Default Preset,drill,304/316 SS (M),M,Peck,drilling,roughing,plunge,1.063,2,154,553,0,0.0022,2.44,0,1.063,flood,0,130 DEG. INSERT DRILLS - PURPLE COATING (CHANGE SFM TO 75 FOR GOLD).csv
LTH-05,Okuma GENOS L400II-E,,3800,18.5,Default Preset,drill,17-4 PH (M),M,Drill,drilling,roughing,conventional,1.063,2,165,592,0,0.0044,5.22,0,1.063,flood,0,130 DEG. INSERT DRILLS - PURPLE COATING (CHANGE SFM TO 75 FOR GOLD).csv
LTH-05,Okuma GENOS L400II-E,,3800,18.5,Default Preset,drill,17-4 PH (M),M,Peck,drilling,roughing,plunge,1.063,2,115,415,0,0.0022,1.83,0,1.063,flood,0,130 DEG. INSERT DRILLS - PURPLE COATING (CHANGE SFM TO 75 FOR GOLD).csv
LTH-05,Okuma GENOS L400II-E,,3800,18.5,Default Preset,drill,2205 Duplex (M),M,Drill,drilling,roughing,conventional,1.063,2,137,494,0,0.0044,4.36,0,1.063,flood,0,130 DEG. INSERT DRILLS - PURPLE COATING (CHANGE SFM TO 75 FOR GOLD).csv
LTH-05,Okuma GENOS L400II-E,,3800,18.5,Default Preset,drill,2205 Duplex (M),M,Peck,drilling,roughing,plunge,1.063,2,96,346,0,0.0022,1.53,0,1.063,flood,0,130 DEG. INSERT DRILLS - PURPLE COATING (CHANGE SFM TO 75 FOR GOLD).csv
LTH-05,Okuma GENOS L400II-E,,3800,18.5,Default Preset,drill,304/316 SS (M),M,Drill,drilling,roughing,conventional,1.093,2,220,768,0,0.0044,6.83,0,1.0929,flood,0,130 DEG. INSERT DRILLS - PURPLE COATING (CHANGE SFM TO 75 FOR GOLD).csv
LTH-05,Okuma GENOS L400II-E,,3800,18.5,Default Preset,drill,304/316 SS (M),M,Peck,drilling,roughing,plunge,1.093,2,154,538,0,0.0022,2.39,0,1.0929,flood,0,130 DEG. INSERT DRILLS - PURPLE COATING (CHANGE SFM TO 75 FOR GOLD).csv
LTH-05,Okuma GENOS L400II-E,,3800,18.5,Default Preset,drill,17-4 PH (M),M,Drill,drilling,roughing,conventional,1.093,2,165,576,0,0.0044,5.13,0,1.0929,flood,0,130 DEG. INSERT DRILLS - PURPLE COATING (CHANGE SFM TO 75 FOR GOLD).csv
LTH-05,Okuma GENOS L400II-E,,3800,18.5,Default Preset,drill,17-4 PH (M),M,Peck,drilling,roughing,plunge,1.093,2,115,403,0,0.0022,1.79,0,1.0929,flood,0,130 DEG. INSERT DRILLS - PURPLE COATING (CHANGE SFM TO 75 FOR GOLD).csv
LTH-05,Okuma GENOS L400II-E,,3800,18.5,Default Preset,drill,2205 Duplex (M),M,Drill,drilling,roughing,conventional,1.093,2,137,480,0,0.0044,4.27,0,1.0929,flood,0,130 DEG. INSERT DRILLS - PURPLE COATING (CHANGE SFM TO 75 FOR GOLD).csv
LTH-05,Okuma GENOS L400II-E,,3800,18.5,Default Preset,drill,2205 Duplex (M),M,Peck,drilling,roughing,plunge,1.093,2,96,336,0,0.0022,1.49,0,1.0929,flood,0,130 DEG. INSERT DRILLS - PURPLE COATING (CHANGE SFM TO 75 FOR GOLD).csv
LTH-05,Okuma GENOS L400II-E,,3800,18.5,Default Preset,drill,304/316 SS (M),M,Drill,drilling,roughing,conventional,1.156,2,220,726,0,0.0046,6.63,0,1.1559,flood,0,130 DEG. INSERT DRILLS - PURPLE COATING (CHANGE SFM TO 75 FOR GOLD).csv
LTH-05,Okuma GENOS L400II-E,,3800,18.5,Default Preset,drill,304/316 SS (M),M,Peck,drilling,roughing,plunge,1.156,2,154,508,0,0.0023,2.32,0,1.1559,flood,0,130 DEG. INSERT DRILLS - PURPLE COATING (CHANGE SFM TO 75 FOR GOLD).csv
LTH-05,Okuma GENOS L400II-E,,3800,18.5,Default Preset,drill,17-4 PH (M),M,Drill,drilling,roughing,conventional,1.156,2,165,545,0,0.0046,4.98,0,1.1559,flood,0,130 DEG. INSERT DRILLS - PURPLE COATING (CHANGE SFM TO 75 FOR GOLD).csv
LTH-05,Okuma GENOS L400II-E,,3800,18.5,Default Preset,drill,17-4 PH (M),M,Peck,drilling,roughing,plunge,1.156,2,115,381,0,0.0023,1.74,0,1.1559,flood,0,130 DEG. INSERT DRILLS - PURPLE COATING (CHANGE SFM TO 75 FOR GOLD).csv
LTH-05,Okuma GENOS L400II-E,,3800,18.5,Default Preset,drill,2205 Duplex (M),M,Drill,drilling,roughing,conventional,1.156,2,137,454,0,0.0046,4.15,0,1.1559,flood,0,130 DEG. INSERT DRILLS - PURPLE COATING (CHANGE SFM TO 75 FOR GOLD).csv
LTH-05,Okuma GENOS L400II-E,,3800,18.5,Default Preset,drill,2205 Duplex (M),M,Peck,drilling,roughing,plunge,1.156,2,96,318,0,0.0023,1.45,0,1.1559,flood,0,130 DEG. INSERT DRILLS - PURPLE COATING (CHANGE SFM TO 75 FOR GOLD).csv
LTH-05,Okuma GENOS L400II-E,,3800,18.5,Default Preset,drill,304/316 SS (M),M,Drill,drilling,roughing,conventional,1.218,2,220,689,0,0.0047,6.43,0,1.2181,flood,0,130 DEG. INSERT DRILLS - PURPLE COATING (CHANGE SFM TO 75 FOR GOLD).csv
LTH-05,Okuma GENOS L400II-E,,3800,18.5,Default Preset,drill,304/316 SS (M),M,Peck,drilling,roughing,plunge,1.218,2,154,483,0,0.0023,2.25,0,1.2181,flood,0,130 DEG. INSERT DRILLS - PURPLE COATING (CHANGE SFM TO 75 FOR GOLD).csv
LTH-05,Okuma GENOS L400II-E,,3800,18.5,Default Preset,drill,17-4 PH (M),M,Drill,drilling,roughing,conventional,1.218,2,165,517,0,0.0047,4.82,0,1.2181,flood,0,130 DEG. INSERT DRILLS - PURPLE COATING (CHANGE SFM TO 75 FOR GOLD).csv
LTH-05,Okuma GENOS L400II-E,,3800,18.5,Default Preset,drill,17-4 PH (M),M,Peck,drilling,roughing,plunge,1.218,2,115,362,0,0.0023,1.69,0,1.2181,flood,0,130 DEG. INSERT DRILLS - PURPLE COATING (CHANGE SFM TO 75 FOR GOLD).csv
LTH-05,Okuma GENOS L400II-E,,3800,18.5,Default Preset,drill,2205 Duplex (M),M,Drill,drilling,roughing,conventional,1.218,2,137,431,0,0.0047,4.02,0,1.2181,flood,0,130 DEG. INSERT DRILLS - PURPLE COATING (CHANGE SFM TO 75 FOR GOLD).csv
LTH-05,Okuma GENOS L400II-E,,3800,18.5,Default Preset,drill,2205 Duplex (M),M,Peck,drilling,roughing,plunge,1.218,2,96,302,0,0.0023,1.41,0,1.2181,flood,0,130 DEG. INSERT DRILLS - PURPLE COATING (CHANGE SFM TO 75 FOR GOLD).csv
LTH-05,Okuma GENOS L400II-E,,3800,18.5,Default Preset,drill,304/316 SS (M),M,Drill,drilling,roughing,conventional,1.281,2,220,655,0,0.0048,6.24,0,1.2811,flood,0,130 DEG. INSERT DRILLS - PURPLE COATING (CHANGE SFM TO 75 FOR GOLD).csv
LTH-05,Okuma GENOS L400II-E,,3800,18.5,Default Preset,drill,304/316 SS (M),M,Peck,drilling,roughing,plunge,1.281,2,154,459,0,0.0024,2.19,0,1.2811,flood,0,130 DEG. INSERT DRILLS - PURPLE COATING (CHANGE SFM TO 75 FOR GOLD).csv
LTH-05,Okuma GENOS L400II-E,,3800,18.5,Default Preset,drill,17-4 PH (M),M,Drill,drilling,roughing,conventional,1.281,2,165,492,0,0.0048,4.69,0,1.2811,flood,0,130 DEG. INSERT DRILLS - PURPLE COATING (CHANGE SFM TO 75 FOR GOLD).csv
LTH-05,Okuma GENOS L400II-E,,3800,18.5,Default Preset,drill,17-4 PH (M),M,Peck,drilling,roughing,plunge,1.281,2,115,344,0,0.0024,1.64,0,1.2811,flood,0,130 DEG. INSERT DRILLS - PURPLE COATING (CHANGE SFM TO 75 FOR GOLD).csv
LTH-05,Okuma GENOS L400II-E,,3800,18.5,Default Preset,drill,2205 Duplex (M),M,Drill,drilling,roughing,conventional,1.281,2,137,410,0,0.0048,3.91,0,1.2811,flood,0,130 DEG. INSERT DRILLS - PURPLE COATING (CHANGE SFM TO 75 FOR GOLD).csv
LTH-05,Okuma GENOS L400II-E,,3800,18.5,Default Preset,drill,2205 Duplex (M),M,Peck,drilling,roughing,plunge,1.281,2,96,287,0,0.0024,1.37,0,1.2811,flood,0,130 DEG. INSERT DRILLS - PURPLE COATING (CHANGE SFM TO 75 FOR GOLD).csv
LTH-05,Okuma GENOS L400II-E,,3800,18.5,Default Preset,drill,304/316 SS (M),M,Drill,drilling,roughing,conventional,1.3125,2,220,640,0,0.0048,6.15,0,1.3126,flood,0,130 DEG. INSERT DRILLS - PURPLE COATING (CHANGE SFM TO 75 FOR GOLD).csv
LTH-05,Okuma GENOS L400II-E,,3800,18.5,Default Preset,drill,304/316 SS (M),M,Peck,drilling,roughing,plunge,1.3125,2,154,448,0,0.0024,2.15,0,1.3126,flood,0,130 DEG. INSERT DRILLS - PURPLE COATING (CHANGE SFM TO 75 FOR GOLD).csv
LTH-05,Okuma GENOS L400II-E,,3800,18.5,Default Preset,drill,17-4 PH (M),M,Drill,drilling,roughing,conventional,1.3125,2,165,480,0,0.0048,4.61,0,1.3126,flood,0,130 DEG. INSERT DRILLS - PURPLE COATING (CHANGE SFM TO 75 FOR GOLD).csv
LTH-05,Okuma GENOS L400II-E,,3800,18.5,Default Preset,drill,17-4 PH (M),M,Peck,drilling,roughing,plunge,1.3125,2,115,336,0,0.0024,1.61,0,1.3126,flood,0,130 DEG. INSERT DRILLS - PURPLE COATING (CHANGE SFM TO 75 FOR GOLD).csv
LTH-05,Okuma GENOS L400II-E,,3800,18.5,Default Preset,drill,2205 Duplex (M),M,Drill,drilling,roughing,conventional,1.3125,2,137,400,0,0.0048,3.84,0,1.3126,flood,0,130 DEG. INSERT DRILLS - PURPLE COATING (CHANGE SFM TO 75 FOR GOLD).csv
LTH-05,Okuma GENOS L400II-E,,3800,18.5,Default Preset,drill,2205 Duplex (M),M,Peck,drilling,roughing,plunge,1.3125,2,96,280,0,0.0024,1.34,0,1.3126,flood,0,130 DEG. INSERT DRILLS - PURPLE COATING (CHANGE SFM TO 75 FOR GOLD).csv
LTH-05,Okuma GENOS L400II-E,,3800,18.5,Default Preset,drill,304/316 SS (M),M,Drill,drilling,roughing,conventional,1.35,2,220,622,0,0.0048,6.02,0,1.35,flood,0,130 DEG. INSERT DRILLS - PURPLE COATING (CHANGE SFM TO 75 FOR GOLD).csv
LTH-05,Okuma GENOS L400II-E,,3800,18.5,Default Preset,drill,304/316 SS (M),M,Peck,drilling,roughing,plunge,1.35,2,154,435,0,0.0024,2.11,0,1.35,flood,0,130 DEG. INSERT DRILLS - PURPLE COATING (CHANGE SFM TO 75 FOR GOLD).csv
LTH-05,Okuma GENOS L400II-E,,3800,18.5,Default Preset,drill,17-4 PH (M),M,Drill,drilling,roughing,conventional,1.35,2,165,466,0,0.0048,4.51,0,1.35,flood,0,130 DEG. INSERT DRILLS - PURPLE COATING (CHANGE SFM TO 75 FOR GOLD).csv
LTH-05,Okuma GENOS L400II-E,,3800,18.5,Default Preset,drill,17-4 PH (M),M,Peck,drilling,roughing,plunge,1.35,2,115,327,0,0.0024,1.58,0,1.35,flood,0,130 DEG. INSERT DRILLS - PURPLE COATING (CHANGE SFM TO 75 FOR GOLD).csv
LTH-05,Okuma GENOS L400II-E,,3800,18.5,Default Preset,drill,2205 Duplex (M),M,Drill,drilling,roughing,conventional,1.35,2,137,389,0,0.0048,3.77,0,1.35,flood,0,130 DEG. INSERT DRILLS - PURPLE COATING (CHANGE SFM TO 75 FOR GOLD).csv
LTH-05,Okuma GENOS L400II-E,,3800,18.5,Default Preset,drill,2205 Duplex (M),M,Peck,drilling,roughing,plunge,1.35,2,96,272,0,0.0024,1.32,0,1.35,flood,0,130 DEG. INSERT DRILLS - PURPLE COATING (CHANGE SFM TO 75 FOR GOLD).csv
LTH-05,Okuma GENOS L400II-E,,3800,18.5,Default Preset,drill,304/316 SS (M),M,Drill,drilling,roughing,conventional,1.406,2,220,597,0,0.0049,5.88,0,1.4059,flood,0,130 DEG. INSERT DRILLS - PURPLE COATING (CHANGE SFM TO 75 FOR GOLD).csv
LTH-05,Okuma GENOS L400II-E,,3800,18.5,Default Preset,drill,304/316 SS (M),M,Peck,drilling,roughing,plunge,1.406,2,154,418,0,0.0025,2.06,0,1.4059,flood,0,130 DEG. INSERT DRILLS - PURPLE COATING (CHANGE SFM TO 75 FOR GOLD).csv
LTH-05,Okuma GENOS L400II-E,,3800,18.5,Default Preset,drill,17-4 PH (M),M,Drill,drilling,roughing,conventional,1.406,2,165,448,0,0.0049,4.41,0,1.4059,flood,0,130 DEG. INSERT DRILLS - PURPLE COATING (CHANGE SFM TO 75 FOR GOLD).csv
LTH-05,Okuma GENOS L400II-E,,3800,18.5,Default Preset,drill,17-4 PH (M),M,Peck,drilling,roughing,plunge,1.406,2,115,314,0,0.0025,1.55,0,1.4059,flood,0,130 DEG. INSERT DRILLS - PURPLE COATING (CHANGE SFM TO 75 FOR GOLD).csv
LTH-05,Okuma GENOS L400II-E,,3800,18.5,Default Preset,drill,2205 Duplex (M),M,Drill,drilling,roughing,conventional,1.406,2,137,373,0,0.0049,3.67,0,1.4059,flood,0,130 DEG. INSERT DRILLS - PURPLE COATING (CHANGE SFM TO 75 FOR GOLD).csv
LTH-05,Okuma GENOS L400II-E,,3800,18.5,Default Preset,drill,2205 Duplex (M),M,Peck,drilling,roughing,plunge,1.406,2,96,261,0,0.0025,1.28,0,1.4059,flood,0,130 DEG. INSERT DRILLS - PURPLE COATING (CHANGE SFM TO 75 FOR GOLD).csv
LTH-05,Okuma GENOS L400II-E,,3800,18.5,Default Preset,drill,304/316 SS (M),M,Drill,drilling,roughing,conventional,0.5,2,220,1679,0,0.003,10.18,0,0.5,flood,0,130 DEG. INSERT DRILLS - PURPLE COATING (CHANGE SFM TO 75 FOR GOLD).csv
LTH-05,Okuma GENOS L400II-E,,3800,18.5,Default Preset,drill,304/316 SS (M),M,Peck,drilling,roughing,plunge,0.5,2,154,1175,0,0.0015,3.56,0,0.5,flood,0,130 DEG. INSERT DRILLS - PURPLE COATING (CHANGE SFM TO 75 FOR GOLD).csv
LTH-05,Okuma GENOS L400II-E,,3800,18.5,Default Preset,drill,17-4 PH (M),M,Drill,drilling,roughing,conventional,0.5,2,165,1259,0,0.003,7.63,0,0.5,flood,0,130 DEG. INSERT DRILLS - PURPLE COATING (CHANGE SFM TO 75 FOR GOLD).csv
LTH-05,Okuma GENOS L400II-E,,3800,18.5,Default Preset,drill,17-4 PH (M),M,Peck,drilling,roughing,plunge,0.5,2,115,882,0,0.0015,2.67,0,0.5,flood,0,130 DEG. INSERT DRILLS - PURPLE COATING (CHANGE SFM TO 75 FOR GOLD).csv
LTH-05,Okuma GENOS L400II-E,,3800,18.5,Default Preset,drill,2205 Duplex (M),M,Drill,drilling,roughing,conventional,0.5,2,137,1050,0,0.003,6.37,0,0.5,flood,0,130 DEG. INSERT DRILLS - PURPLE COATING (CHANGE SFM TO 75 FOR GOLD).csv
LTH-05,Okuma GENOS L400II-E,,3800,18.5,Default Preset,drill,2205 Duplex (M),M,Peck,drilling,roughing,plunge,0.5,2,96,735,0,0.0015,2.23,0,0.5,flood,0,130 DEG. INSERT DRILLS - PURPLE COATING (CHANGE SFM TO 75 FOR GOLD).csv
LTH-05,Okuma GENOS L400II-E,,3800,18.5,Default Preset,drill,304/316 SS (M),M,Drill,drilling,roughing,conventional,0.515,2,220,1630,0,0.0031,10.01,0,0.515,flood,0,130 DEG. INSERT DRILLS - PURPLE COATING (CHANGE SFM TO 75 FOR GOLD).csv
LTH-05,Okuma GENOS L400II-E,,3800,18.5,Default Preset,drill,304/316 SS (M),M,Peck,drilling,roughing,plunge,0.515,2,154,1141,0,0.0015,3.5,0,0.515,flood,0,130 DEG. INSERT DRILLS - PURPLE COATING (CHANGE SFM TO 75 FOR GOLD).csv
LTH-05,Okuma GENOS L400II-E,,3800,18.5,Default Preset,drill,17-4 PH (M),M,Drill,drilling,roughing,conventional,0.515,2,165,1223,0,0.0031,7.51,0,0.515,flood,0,130 DEG. INSERT DRILLS - PURPLE COATING (CHANGE SFM TO 75 FOR GOLD).csv
LTH-05,Okuma GENOS L400II-E,,3800,18.5,Default Preset,drill,17-4 PH (M),M,Peck,drilling,roughing,plunge,0.515,2,115,856,0,0.0015,2.63,0,0.515,flood,0,130 DEG. INSERT DRILLS - PURPLE COATING (CHANGE SFM TO 75 FOR GOLD).csv
LTH-05,Okuma GENOS L400II-E,,3800,18.5,Default Preset,drill,2205 Duplex (M),M,Drill,drilling,roughing,conventional,0.515,2,137,1019,0,0.0031,6.26,0,0.515,flood,0,130 DEG. INSERT DRILLS - PURPLE COATING (CHANGE SFM TO 75 FOR GOLD).csv
LTH-05,Okuma GENOS L400II-E,,3800,18.5,Default Preset,drill,2205 Duplex (M),M,Peck,drilling,roughing,plunge,0.515,2,96,713,0,0.0015,2.19,0,0.515,flood,0,130 DEG. INSERT DRILLS - PURPLE COATING (CHANGE SFM TO 75 FOR GOLD).csv
LTH-05,Okuma GENOS L400II-E,,3800,18.5,Default Preset,drill,304/316 SS (M),M,Drill,drilling,roughing,conventional,0.868,2,220,967,0,0.004,7.77,0,0.8681,flood,0,130 DEG. INSERT DRILLS - PURPLE COATING (CHANGE SFM TO 75 FOR GOLD).csv
LTH-05,Okuma GENOS L400II-E,,3800,18.5,Default Preset,drill,304/316 SS (M),M,Peck,drilling,roughing,plunge,0.868,2,154,677,0,0.002,2.72,0,0.8681,flood,0,130 DEG. INSERT DRILLS - PURPLE COATING (CHANGE SFM TO 75 FOR GOLD).csv
LTH-05,Okuma GENOS L400II-E,,3800,18.5,Default Preset,drill,17-4 PH (M),M,Drill,drilling,roughing,conventional,0.868,2,165,725,0,0.004,5.82,0,0.8681,flood,0,130 DEG. INSERT DRILLS - PURPLE COATING (CHANGE SFM TO 75 FOR GOLD).csv
LTH-05,Okuma GENOS L400II-E,,3800,18.5,Default Preset,drill,17-4 PH (M),M,Peck,drilling,roughing,plunge,0.868,2,115,508,0,0.002,2.04,0,0.8681,flood,0,130 DEG. INSERT DRILLS - PURPLE COATING (CHANGE SFM TO 75 FOR GOLD).csv
LTH-05,Okuma GENOS L400II-E,,3800,18.5,Default Preset,drill,2205 Duplex (M),M,Drill,drilling,roughing,conventional,0.868,2,137,605,0,0.004,4.86,0,0.8681,flood,0,130 DEG. INSERT DRILLS - PURPLE COATING (CHANGE SFM TO 75 FOR GOLD).csv
LTH-05,Okuma GENOS L400II-E,,3800,18.5,Default Preset,drill,2205 Duplex (M),M,Peck,drilling,roughing,plunge,0.868,2,96,423,0,0.002,1.7,0,0.8681,flood,0,130 DEG. INSERT DRILLS - PURPLE COATING (CHANGE SFM TO 75 FOR GOLD).csv
LTH-05,Okuma GENOS L400II-E,,3800,18.5,Default Preset,drill,304/316 SS (M),M,Drill,drilling,roughing,conventional,1.015,2,220,827,0,0.0043,7.16,0,1.015,flood,0,130 DEG. INSERT DRILLS - PURPLE COATING (CHANGE SFM TO 75 FOR GOLD).csv
LTH-05,Okuma GENOS L400II-E,,3800,18.5,Default Preset,drill,304/316 SS (M),M,Peck,drilling,roughing,plunge,1.015,2,154,579,0,0.0022,2.51,0,1.015,flood,0,130 DEG. INSERT DRILLS - PURPLE COATING (CHANGE SFM TO 75 FOR GOLD).csv
LTH-05,Okuma GENOS L400II-E,,3800,18.5,Default Preset,drill,17-4 PH (M),M,Drill,drilling,roughing,conventional,1.015,2,165,620,0,0.0043,5.37,0,1.015,flood,0,130 DEG. INSERT DRILLS - PURPLE COATING (CHANGE SFM TO 75 FOR GOLD).csv
LTH-05,Okuma GENOS L400II-E,,3800,18.5,Default Preset,drill,17-4 PH (M),M,Peck,drilling,roughing,plunge,1.015,2,115,434,0,0.0022,1.88,0,1.015,flood,0,130 DEG. INSERT DRILLS - PURPLE COATING (CHANGE SFM TO 75 FOR GOLD).csv
LTH-05,Okuma GENOS L400II-E,,3800,18.5,Default Preset,drill,2205 Duplex (M),M,Drill,drilling,roughing,conventional,1.015,2,137,517,0,0.0043,4.48,0,1.015,flood,0,130 DEG. INSERT DRILLS - PURPLE COATING (CHANGE SFM TO 75 FOR GOLD).csv
LTH-05,Okuma GENOS L400II-E,,3800,18.5,Default Preset,drill,2205 Duplex (M),M,Peck,drilling,roughing,plunge,1.015,2,96,362,0,0.0022,1.57,0,1.015,flood,0,130 DEG. INSERT DRILLS - PURPLE COATING (CHANGE SFM TO 75 FOR GOLD).csv
LTH-05,Okuma GENOS L400II-E,,3800,18.5,Default Preset,drill,304/316 SS (M),M,Drill,drilling,roughing,conventional,1.031,2,220,814,0,0.0044,7.08,0,1.0311,flood,0,130 DEG. INSERT DRILLS - PURPLE COATING (CHANGE SFM TO 75 FOR GOLD).csv
LTH-05,Okuma GENOS L400II-E,,3800,18.5,Default Preset,drill,304/316 SS (M),M,Peck,drilling,roughing,plunge,1.031,2,154,570,0,0.0022,2.48,0,1.0311,flood,0,130 DEG. INSERT DRILLS - PURPLE COATING (CHANGE SFM TO 75 FOR GOLD).csv
LTH-05,Okuma GENOS L400II-E,,3800,18.5,Default Preset,drill,17-4 PH (M),M,Drill,drilling,roughing,conventional,1.031,2,165,611,0,0.0044,5.32,0,1.0311,flood,0,130 DEG. INSERT DRILLS - PURPLE COATING (CHANGE SFM TO 75 FOR GOLD).csv
LTH-05,Okuma GENOS L400II-E,,3800,18.5,Default Preset,drill,17-4 PH (M),M,Peck,drilling,roughing,plunge,1.031,2,115,428,0,0.0022,1.86,0,1.0311,flood,0,130 DEG. INSERT DRILLS - PURPLE COATING (CHANGE SFM TO 75 FOR GOLD).csv
LTH-05,Okuma GENOS L400II-E,,3800,18.5,Default Preset,drill,2205 Duplex (M),M,Drill,drilling,roughing,conventional,1.031,2,137,509,0,0.0044,4.43,0,1.0311,flood,0,130 DEG. INSERT DRILLS - PURPLE COATING (CHANGE SFM TO 75 FOR GOLD).csv
LTH-05,Okuma GENOS L400II-E,,3800,18.5,Default Preset,drill,2205 Duplex (M),M,Peck,drilling,roughing,plunge,1.031,2,96,356,0,0.0022,1.55,0,1.0311,flood,0,130 DEG. INSERT DRILLS - PURPLE COATING (CHANGE SFM TO 75 FOR GOLD).csv
LTH-05,Okuma GENOS L400II-E,,3800,18.5,Default Preset,drill,304/316 SS (M),M,Drill,drilling,roughing,conventional,1.125,2,220,746,0,0.0045,6.73,0,1.1252,flood,0,130 DEG. INSERT DRILLS - PURPLE COATING (CHANGE SFM TO 75 FOR GOLD).csv
LTH-05,Okuma GENOS L400II-E,,3800,18.5,Default Preset,drill,304/316 SS (M),M,Peck,drilling,roughing,plunge,1.125,2,154,522,0,0.0023,2.35,0,1.1252,flood,0,130 DEG. INSERT DRILLS - PURPLE COATING (CHANGE SFM TO 75 FOR GOLD).csv
LTH-05,Okuma GENOS L400II-E,,3800,18.5,Default Preset,drill,17-4 PH (M),M,Drill,drilling,roughing,conventional,1.125,2,165,560,0,0.0045,5.05,0,1.1252,flood,0,130 DEG. INSERT DRILLS - PURPLE COATING (CHANGE SFM TO 75 FOR GOLD).csv
LTH-05,Okuma GENOS L400II-E,,3800,18.5,Default Preset,drill,17-4 PH (M),M,Peck,drilling,roughing,plunge,1.125,2,115,392,0,0.0023,1.77,0,1.1252,flood,0,130 DEG. INSERT DRILLS - PURPLE COATING (CHANGE SFM TO 75 FOR GOLD).csv
LTH-05,Okuma GENOS L400II-E,,3800,18.5,Default Preset,drill,2205 Duplex (M),M,Drill,drilling,roughing,conventional,1.125,2,137,466,0,0.0045,4.2,0,1.1252,flood,0,130 DEG. INSERT DRILLS - PURPLE COATING (CHANGE SFM TO 75 FOR GOLD).csv
LTH-05,Okuma GENOS L400II-E,,3800,18.5,Default Preset,drill,2205 Duplex (M),M,Peck,drilling,roughing,plunge,1.125,2,96,327,0,0.0023,1.47,0,1.1252,flood,0,130 DEG. INSERT DRILLS - PURPLE COATING (CHANGE SFM TO 75 FOR GOLD).csv
LTH-05,Okuma GENOS L400II-E,,3800,18.5,Default Preset,drill,304/316 SS (M),M,Drill,drilling,roughing,conventional,1.1875,2,220,707,0,0.0046,6.51,0,1.1874,flood,0,130 DEG. INSERT DRILLS - PURPLE COATING (CHANGE SFM TO 75 FOR GOLD).csv
LTH-05,Okuma GENOS L400II-E,,3800,18.5,Default Preset,drill,304/316 SS (M),M,Peck,drilling,roughing,plunge,1.1875,2,154,495,0,0.0023,2.28,0,1.1874,flood,0,130 DEG. INSERT DRILLS - PURPLE COATING (CHANGE SFM TO 75 FOR GOLD).csv
LTH-05,Okuma GENOS L400II-E,,3800,18.5,Default Preset,drill,17-4 PH (M),M,Drill,drilling,roughing,conventional,1.1875,2,165,530,0,0.0046,4.88,0,1.1874,flood,0,130 DEG. INSERT DRILLS - PURPLE COATING (CHANGE SFM TO 75 FOR GOLD).csv
LTH-05,Okuma GENOS L400II-E,,3800,18.5,Default Preset,drill,17-4 PH (M),M,Peck,drilling,roughing,plunge,1.1875,2,115,371,0,0.0023,1.71,0,1.1874,flood,0,130 DEG. INSERT DRILLS - PURPLE COATING (CHANGE SFM TO 75 FOR GOLD).csv
LTH-05,Okuma GENOS L400II-E,,3800,18.5,Default Preset,drill,2205 Duplex (M),M,Drill,drilling,roughing,conventional,1.1875,2,137,442,0,0.0046,4.07,0,1.1874,flood,0,130 DEG. INSERT DRILLS - PURPLE COATING (CHANGE SFM TO 75 FOR GOLD).csv
LTH-05,Okuma GENOS L400II-E,,3800,18.5,Default Preset,drill,2205 Duplex (M),M,Peck,drilling,roughing,plunge,1.1875,2,96,309,0,0.0023,1.42,0,1.1874,flood,0,130 DEG. INSERT DRILLS - PURPLE COATING (CHANGE SFM TO 75 FOR GOLD).csv
LTH-05,Okuma GENOS L400II-E,,3800,18.5,Default Preset,drill,304/316 SS (M),M,Drill,drilling,roughing,conventional,1.234,2,220,680,0,0.0047,6.37,0,1.2339,flood,0,130 DEG. INSERT DRILLS - PURPLE COATING (CHANGE SFM TO 75 FOR GOLD).csv
LTH-05,Okuma GENOS L400II-E,,3800,18.5,Default Preset,drill,304/316 SS (M),M,Peck,drilling,roughing,plunge,1.234,2,154,476,0,0.0023,2.23,0,1.2339,flood,0,130 DEG. INSERT DRILLS - PURPLE COATING (CHANGE SFM TO 75 FOR GOLD).csv
LTH-05,Okuma GENOS L400II-E,,3800,18.5,Default Preset,drill,17-4 PH (M),M,Drill,drilling,roughing,conventional,1.234,2,165,510,0,0.0047,4.78,0,1.2339,flood,0,130 DEG. INSERT DRILLS - PURPLE COATING (CHANGE SFM TO 75 FOR GOLD).csv
LTH-05,Okuma GENOS L400II-E,,3800,18.5,Default Preset,drill,17-4 PH (M),M,Peck,drilling,roughing,plunge,1.234,2,115,357,0,0.0023,1.67,0,1.2339,flood,0,130 DEG. INSERT DRILLS - PURPLE COATING (CHANGE SFM TO 75 FOR GOLD).csv
LTH-05,Okuma GENOS L400II-E,,3800,18.5,Default Preset,drill,2205 Duplex (M),M,Drill,drilling,roughing,conventional,1.234,2,137,425,0,0.0047,3.98,0,1.2339,flood,0,130 DEG. INSERT DRILLS - PURPLE COATING (CHANGE SFM TO 75 FOR GOLD).csv
LTH-05,Okuma GENOS L400II-E,,3800,18.5,Default Preset,drill,2205 Duplex (M),M,Peck,drilling,roughing,plunge,1.234,2,96,298,0,0.0023,1.4,0,1.2339,flood,0,130 DEG. INSERT DRILLS - PURPLE COATING (CHANGE SFM TO 75 FOR GOLD).csv
LTH-05,Okuma GENOS L400II-E,,3800,18.5,Default Preset,drill,304/316 SS (M),M,Drill,drilling,roughing,conventional,1.375,2,220,611,0,0.0049,5.97,0,1.3748,flood,0,130 DEG. INSERT DRILLS - PURPLE COATING (CHANGE SFM TO 75 FOR GOLD).csv
LTH-05,Okuma GENOS L400II-E,,3800,18.5,Default Preset,drill,304/316 SS (M),M,Peck,drilling,roughing,plunge,1.375,2,154,427,0,0.0024,2.08,0,1.3748,flood,0,130 DEG. INSERT DRILLS - PURPLE COATING (CHANGE SFM TO 75 FOR GOLD).csv
LTH-05,Okuma GENOS L400II-E,,3800,18.5,Default Preset,drill,17-4 PH (M),M,Drill,drilling,roughing,conventional,1.375,2,165,458,0,0.0049,4.47,0,1.3748,flood,0,130 DEG. INSERT DRILLS - PURPLE COATING (CHANGE SFM TO 75 FOR GOLD).csv
LTH-05,Okuma GENOS L400II-E,,3800,18.5,Default Preset,drill,17-4 PH (M),M,Peck,drilling,roughing,plunge,1.375,2,115,321,0,0.0024,1.57,0,1.3748,flood,0,130 DEG. INSERT DRILLS - PURPLE COATING (CHANGE SFM TO 75 FOR GOLD).csv
LTH-05,Okuma GENOS L400II-E,,3800,18.5,Default Preset,drill,2205 Duplex (M),M,Drill,drilling,roughing,conventional,1.375,2,137,382,0,0.0049,3.73,0,1.3748,flood,0,130 DEG. INSERT DRILLS - PURPLE COATING (CHANGE SFM TO 75 FOR GOLD).csv
LTH-05,Okuma GENOS L400II-E,,3800,18.5,Default Preset,drill,2205 Duplex (M),M,Peck,drilling,roughing,plunge,1.375,2,96,267,0,0.0024,1.3,0,1.3748,flood,0,130 DEG. INSERT DRILLS - PURPLE COATING (CHANGE SFM TO 75 FOR GOLD).csv
LTH-05,Okuma GENOS L400II-E,,3800,18.5,Default Preset,drill,304/316 SS (M),M,Drill,drilling,roughing,conventional,1.5,2,220,560,0,0.0051,5.67,0,1.5,flood,0,130 DEG. INSERT DRILLS - PURPLE COATING (CHANGE SFM TO 75 FOR GOLD).csv
LTH-05,Okuma GENOS L400II-E,,3800,18.5,Default Preset,drill,304/316 SS (M),M,Peck,drilling,roughing,plunge,1.5,2,154,392,0,0.0025,1.98,0,1.5,flood,0,130 DEG. INSERT DRILLS - PURPLE COATING (CHANGE SFM TO 75 FOR GOLD).csv
LTH-05,Okuma GENOS L400II-E,,3800,18.5,Default Preset,drill,17-4 PH (M),M,Drill,drilling,roughing,conventional,1.5,2,165,420,0,0.0051,4.25,0,1.5,flood,0,130 DEG. INSERT DRILLS - PURPLE COATING (CHANGE SFM TO 75 FOR GOLD).csv
LTH-05,Okuma GENOS L400II-E,,3800,18.5,Default Preset,drill,17-4 PH (M),M,Peck,drilling,roughing,plunge,1.5,2,115,294,0,0.0025,1.49,0,1.5,flood,0,130 DEG. INSERT DRILLS - PURPLE COATING (CHANGE SFM TO 75 FOR GOLD).csv
LTH-05,Okuma GENOS L400II-E,,3800,18.5,Default Preset,drill,2205 Duplex (M),M,Drill,drilling,roughing,conventional,1.5,2,137,350,0,0.0051,3.54,0,1.5,flood,0,130 DEG. INSERT DRILLS - PURPLE COATING (CHANGE SFM TO 75 FOR GOLD).csv
LTH-05,Okuma GENOS L400II-E,,3800,18.5,Default Preset,drill,2205 Duplex (M),M,Peck,drilling,roughing,plunge,1.5,2,96,245,0,0.0025,1.24,0,1.5,flood,0,130 DEG. INSERT DRILLS - PURPLE COATING (CHANGE SFM TO 75 FOR GOLD).csv
LTH-05,Okuma GENOS L400II-E,,3800,18.5,Default Preset,drill,304/316 SS (M),M,Drill,drilling,roughing,conventional,0.4375,2,220,1919,0,0.0028,10.58,0,0.4374,flood,0,180 DEG. INSERT DRILLS (FLAT).csv
LTH-05,Okuma GENOS L400II-E,,3800,18.5,Default Preset,drill,304/316 SS (M),M,Peck,drilling,roughing,plunge,0.4375,2,154,1343,0,0.0014,3.7,0,0.4374,flood,0,180 DEG. INSERT DRILLS (FLAT).csv
LTH-05,Okuma GENOS L400II-E,,3800,18.5,Default Preset,drill,17-4 PH (M),M,Drill,drilling,roughing,conventional,0.4375,2,165,1439,0,0.0028,7.93,0,0.4374,flood,0,180 DEG. INSERT DRILLS (FLAT).csv
LTH-05,Okuma GENOS L400II-E,,3800,18.5,Default Preset,drill,17-4 PH (M),M,Peck,drilling,roughing,plunge,0.4375,2,115,1008,0,0.0014,2.78,0,0.4374,flood,0,180 DEG. INSERT DRILLS (FLAT).csv
LTH-05,Okuma GENOS L400II-E,,3800,18.5,Default Preset,drill,2205 Duplex (M),M,Drill,drilling,roughing,conventional,0.4375,2,137,1199,0,0.0028,6.61,0,0.4374,flood,0,180 DEG. INSERT DRILLS (FLAT).csv
LTH-05,Okuma GENOS L400II-E,,3800,18.5,Default Preset,drill,2205 Duplex (M),M,Peck,drilling,roughing,plunge,0.4375,2,96,840,0,0.0014,2.31,0,0.4374,flood,0,180 DEG. INSERT DRILLS (FLAT).csv
LTH-05,Okuma GENOS L400II-E,,3800,18.5,Default Preset,drill,304/316 SS (M),M,Drill,drilling,roughing,conventional,0.4688,2,220,1791,0,0.0029,10.51,0,0.4689,flood,0,180 DEG. INSERT DRILLS (FLAT).csv
LTH-05,Okuma GENOS L400II-E,,3800,18.5,Default Preset,drill,304/316 SS (M),M,Peck,drilling,roughing,plunge,0.4688,2,154,1254,0,0.0015,3.68,0,0.4689,flood,0,180 DEG. INSERT DRILLS (FLAT).csv
LTH-05,Okuma GENOS L400II-E,,3800,18.5,Default Preset,drill,17-4 PH (M),M,Drill,drilling,roughing,conventional,0.4688,2,165,1343,0,0.0029,7.88,0,0.4689,flood,0,180 DEG. INSERT DRILLS (FLAT).csv
LTH-05,Okuma GENOS L400II-E,,3800,18.5,Default Preset,drill,17-4 PH (M),M,Peck,drilling,roughing,plunge,0.4688,2,115,940,0,0.0015,2.76,0,0.4689,flood,0,180 DEG. INSERT DRILLS (FLAT).csv
LTH-05,Okuma GENOS L400II-E,,3800,18.5,Default Preset,drill,2205 Duplex (M),M,Drill,drilling,roughing,conventional,0.4688,2,137,1119,0,0.0029,6.56,0,0.4689,flood,0,180 DEG. INSERT DRILLS (FLAT).csv
LTH-05,Okuma GENOS L400II-E,,3800,18.5,Default Preset,drill,2205 Duplex (M),M,Peck,drilling,roughing,plunge,0.4688,2,96,784,0,0.0015,2.3,0,0.4689,flood,0,180 DEG. INSERT DRILLS (FLAT).csv
LTH-05,Okuma GENOS L400II-E,,3800,18.5,Default Preset,drill,304/316 SS (M),M,Drill,drilling,roughing,conventional,0.48,2,220,1749,0,0.003,10.4,0,0.4799,flood,0,180 DEG. INSERT DRILLS (FLAT).csv
LTH-05,Okuma GENOS L400II-E,,3800,18.5,Default Preset,drill,304/316 SS (M),M,Peck,drilling,roughing,plunge,0.48,2,154,1224,0,0.0015,3.64,0,0.4799,flood,0,180 DEG. INSERT DRILLS (FLAT).csv
LTH-05,Okuma GENOS L400II-E,,3800,18.5,Default Preset,drill,17-4 PH (M),M,Drill,drilling,roughing,conventional,0.48,2,165,1312,0,0.003,7.8,0,0.4799,flood,0,180 DEG. INSERT DRILLS (FLAT).csv
LTH-05,Okuma GENOS L400II-E,,3800,18.5,Default Preset,drill,17-4 PH (M),M,Peck,drilling,roughing,plunge,0.48,2,115,918,0,0.0015,2.73,0,0.4799,flood,0,180 DEG. INSERT DRILLS (FLAT).csv
LTH-05,Okuma GENOS L400II-E,,3800,18.5,Default Preset,drill,2205 Duplex (M),M,Drill,drilling,roughing,conventional,0.48,2,137,1093,0,0.003,6.5,0,0.4799,flood,0,180 DEG. INSERT DRILLS (FLAT).csv
LTH-05,Okuma GENOS L400II-E,,3800,18.5,Default Preset,drill,2205 Duplex (M),M,Peck,drilling,roughing,plunge,0.48,2,96,765,0,0.0015,2.27,0,0.4799,flood,0,180 DEG. INSERT DRILLS (FLAT).csv
LTH-05,Okuma GENOS L400II-E,,3800,18.5,Default Preset,drill,304/316 SS (M),M,Drill,drilling,roughing,conventional,0.493,2,220,1703,0,0.003,10.26,0,0.4929,flood,0,180 DEG. INSERT DRILLS (FLAT).csv
LTH-05,Okuma GENOS L400II-E,,3800,18.5,Default Preset,drill,304/316 SS (M),M,Peck,drilling,roughing,plunge,0.493,2,154,1192,0,0.0015,3.59,0,0.4929,flood,0,180 DEG. INSERT DRILLS (FLAT).csv
LTH-05,Okuma GENOS L400II-E,,3800,18.5,Default Preset,drill,17-4 PH (M),M,Drill,drilling,roughing,conventional,0.493,2,165,1277,0,0.003,7.69,0,0.4929,flood,0,180 DEG. INSERT DRILLS (FLAT).csv
LTH-05,Okuma GENOS L400II-E,,3800,18.5,Default Preset,drill,17-4 PH (M),M,Peck,drilling,roughing,plunge,0.493,2,115,894,0,0.0015,2.69,0,0.4929,flood,0,180 DEG. INSERT DRILLS (FLAT).csv
LTH-05,Okuma GENOS L400II-E,,3800,18.5,Default Preset,drill,2205 Duplex (M),M,Drill,drilling,roughing,conventional,0.493,2,137,1064,0,0.003,6.41,0,0.4929,flood,0,180 DEG. INSERT DRILLS (FLAT).csv
LTH-05,Okuma GENOS L400II-E,,3800,18.5,Default Preset,drill,2205 Duplex (M),M,Peck,drilling,roughing,plunge,0.493,2,96,745,0,0.0015,2.24,0,0.4929,flood,0,180 DEG. INSERT DRILLS (FLAT).csv
LTH-05,Okuma GENOS L400II-E,,3800,18.5,Default Preset,drill,304/316 SS (M),M,Drill,drilling,roughing,conventional,0.5,2,220,1679,0,0.003,10.18,0,0.5,flood,0,180 DEG. INSERT DRILLS (FLAT).csv
LTH-05,Okuma GENOS L400II-E,,3800,18.5,Default Preset,drill,304/316 SS (M),M,Peck,drilling,roughing,plunge,0.5,2,154,1175,0,0.0015,3.56,0,0.5,flood,0,180 DEG. INSERT DRILLS (FLAT).csv
LTH-05,Okuma GENOS L400II-E,,3800,18.5,Default Preset,drill,17-4 PH (M),M,Drill,drilling,roughing,conventional,0.5,2,165,1259,0,0.003,7.63,0,0.5,flood,0,180 DEG. INSERT DRILLS (FLAT).csv
LTH-05,Okuma GENOS L400II-E,,3800,18.5,Default Preset,drill,17-4 PH (M),M,Peck,drilling,roughing,plunge,0.5,2,115,882,0,0.0015,2.67,0,0.5,flood,0,180 DEG. INSERT DRILLS (FLAT).csv
LTH-05,Okuma GENOS L400II-E,,3800,18.5,Default Preset,drill,2205 Duplex (M),M,Drill,drilling,roughing,conventional,0.5,2,137,1050,0,0.003,6.37,0,0.5,flood,0,180 DEG. INSERT DRILLS (FLAT).csv
LTH-05,Okuma GENOS L400II-E,,3800,18.5,Default Preset,drill,2205 Duplex (M),M,Peck,drilling,roughing,plunge,0.5,2,96,735,0,0.0015,2.23,0,0.5,flood,0,180 DEG. INSERT DRILLS (FLAT).csv
LTH-05,Okuma GENOS L400II-E,,3800,18.5,Default Preset,drill,304/316 SS (M),M,Drill,drilling,roughing,conventional,0.515,2,220,1630,0,0.0031,10.01,0,0.515,flood,0,180 DEG. INSERT DRILLS (FLAT).csv
LTH-05,Okuma GENOS L400II-E,,3800,18.5,Default Preset,drill,304/316 SS (M),M,Peck,drilling,roughing,plunge,0.515,2,154,1141,0,0.0015,3.5,0,0.515,flood,0,180 DEG. INSERT DRILLS (FLAT).csv
LTH-05,Okuma GENOS L400II-E,,3800,18.5,Default Preset,drill,17-4 PH (M),M,Drill,drilling,roughing,conventional,0.515,2,165,1223,0,0.0031,7.51,0,0.515,flood,0,180 DEG. INSERT DRILLS (FLAT).csv
LTH-05,Okuma GENOS L400II-E,,3800,18.5,Default Preset,drill,17-4 PH (M),M,Peck,drilling,roughing,plunge,0.515,2,115,856,0,0.0015,2.63,0,0.515,flood,0,180 DEG. INSERT DRILLS (FLAT).csv
LTH-05,Okuma GENOS L400II-E,,3800,18.5,Default Preset,drill,2205 Duplex (M),M,Drill,drilling,roughing,conventional,0.515,2,137,1019,0,0.0031,6.26,0,0.515,flood,0,180 DEG. INSERT DRILLS (FLAT).csv
LTH-05,Okuma GENOS L400II-E,,3800,18.5,Default Preset,drill,2205 Duplex (M),M,Peck,drilling,roughing,plunge,0.515,2,96,713,0,0.0015,2.19,0,0.515,flood,0,180 DEG. INSERT DRILLS (FLAT).csv
LTH-05,Okuma GENOS L400II-E,,3800,18.5,Default Preset,drill,304/316 SS (M),M,Drill,drilling,roughing,conventional,0.531,2,220,1581,0,0.0031,9.83,0,0.5311,flood,0,180 DEG. INSERT DRILLS (FLAT).csv
LTH-05,Okuma GENOS L400II-E,,3800,18.5,Default Preset,drill,304/316 SS (M),M,Peck,drilling,roughing,plunge,0.531,2,154,1107,0,0.0016,3.44,0,0.5311,flood,0,180 DEG. INSERT DRILLS (FLAT).csv
LTH-05,Okuma GENOS L400II-E,,3800,18.5,Default Preset,drill,17-4 PH (M),M,Drill,drilling,roughing,conventional,0.531,2,165,1186,0,0.0031,7.38,0,0.5311,flood,0,180 DEG. INSERT DRILLS (FLAT).csv
LTH-05,Okuma GENOS L400II-E,,3800,18.5,Default Preset,drill,17-4 PH (M),M,Peck,drilling,roughing,plunge,0.531,2,115,830,0,0.0016,2.58,0,0.5311,flood,0,180 DEG. INSERT DRILLS (FLAT).csv
LTH-05,Okuma GENOS L400II-E,,3800,18.5,Default Preset,drill,2205 Duplex (M),M,Drill,drilling,roughing,conventional,0.531,2,137,988,0,0.0031,6.15,0,0.5311,flood,0,180 DEG. INSERT DRILLS (FLAT).csv
LTH-05,Okuma GENOS L400II-E,,3800,18.5,Default Preset,drill,2205 Duplex (M),M,Peck,drilling,roughing,plunge,0.531,2,96,692,0,0.0016,2.15,0,0.5311,flood,0,180 DEG. INSERT DRILLS (FLAT).csv
LTH-05,Okuma GENOS L400II-E,,3800,18.5,Default Preset,drill,304/316 SS (M),M,Drill,drilling,roughing,conventional,0.5625,2,220,1493,0,0.0032,9.58,0,0.5626,flood,0,180 DEG. INSERT DRILLS (FLAT).csv
LTH-05,Okuma GENOS L400II-E,,3800,18.5,Default Preset,drill,304/316 SS (M),M,Peck,drilling,roughing,plunge,0.5625,2,154,1045,0,0.0016,3.35,0,0.5626,flood,0,180 DEG. INSERT DRILLS (FLAT).csv
LTH-05,Okuma GENOS L400II-E,,3800,18.5,Default Preset,drill,17-4 PH (M),M,Drill,drilling,roughing,conventional,0.5625,2,165,1120,0,0.0032,7.19,0,0.5626,flood,0,180 DEG. INSERT DRILLS (FLAT).csv
LTH-05,Okuma GENOS L400II-E,,3800,18.5,Default Preset,drill,17-4 PH (M),M,Peck,drilling,roughing,plunge,0.5625,2,115,784,0,0.0016,2.52,0,0.5626,flood,0,180 DEG. INSERT DRILLS (FLAT).csv
LTH-05,Okuma GENOS L400II-E,,3800,18.5,Default Preset,drill,2205 Duplex (M),M,Drill,drilling,roughing,conventional,0.5625,2,137,933,0,0.0032,5.99,0,0.5626,flood,0,180 DEG. INSERT DRILLS (FLAT).csv
LTH-05,Okuma GENOS L400II-E,,3800,18.5,Default Preset,drill,2205 Duplex (M),M,Peck,drilling,roughing,plunge,0.5625,2,96,653,0,0.0016,2.1,0,0.5626,flood,0,180 DEG. INSERT DRILLS (FLAT).csv
LTH-05,Okuma GENOS L400II-E,,3800,18.5,Default Preset,drill,304/316 SS (M),M,Drill,drilling,roughing,conventional,0.57,2,220,1473,0,0.0032,9.51,0,0.5701,flood,0,180 DEG. INSERT DRILLS (FLAT).csv
LTH-05,Okuma GENOS L400II-E,,3800,18.5,Default Preset,drill,304/316 SS (M),M,Peck,drilling,roughing,plunge,0.57,2,154,1031,0,0.0016,3.33,0,0.5701,flood,0,180 DEG. INSERT DRILLS (FLAT).csv
LTH-05,Okuma GENOS L400II-E,,3800,18.5,Default Preset,drill,17-4 PH (M),M,Drill,drilling,roughing,conventional,0.57,2,165,1105,0,0.0032,7.13,0,0.5701,flood,0,180 DEG. INSERT DRILLS (FLAT).csv
LTH-05,Okuma GENOS L400II-E,,3800,18.5,Default Preset,drill,17-4 PH (M),M,Peck,drilling,roughing,plunge,0.57,2,115,773,0,0.0016,2.5,0,0.5701,flood,0,180 DEG. INSERT DRILLS (FLAT).csv
LTH-05,Okuma GENOS L400II-E,,3800,18.5,Default Preset,drill,2205 Duplex (M),M,Drill,drilling,roughing,conventional,0.57,2,137,921,0,0.0032,5.95,0,0.5701,flood,0,180 DEG. INSERT DRILLS (FLAT).csv
LTH-05,Okuma GENOS L400II-E,,3800,18.5,Default Preset,drill,2205 Duplex (M),M,Peck,drilling,roughing,plunge,0.57,2,96,644,0,0.0016,2.08,0,0.5701,flood,0,180 DEG. INSERT DRILLS (FLAT).csv
LTH-05,Okuma GENOS L400II-E,,3800,18.5,Default Preset,drill,304/316 SS (M),M,Drill,drilling,roughing,conventional,0.593,2,220,1416,0,0.0033,9.31,0,0.5929,flood,0,180 DEG. INSERT DRILLS (FLAT).csv
LTH-05,Okuma GENOS L400II-E,,3800,18.5,Default Preset,drill,304/316 SS (M),M,Peck,drilling,roughing,plunge,0.593,2,154,991,0,0.0016,3.26,0,0.5929,flood,0,180 DEG. INSERT DRILLS (FLAT).csv
LTH-05,Okuma GENOS L400II-E,,3800,18.5,Default Preset,drill,17-4 PH (M),M,Drill,drilling,roughing,conventional,0.593,2,165,1062,0,0.0033,6.98,0,0.5929,flood,0,180 DEG. INSERT DRILLS (FLAT).csv
LTH-05,Okuma GENOS L400II-E,,3800,18.5,Default Preset,drill,17-4 PH (M),M,Peck,drilling,roughing,plunge,0.593,2,115,743,0,0.0016,2.44,0,0.5929,flood,0,180 DEG. INSERT DRILLS (FLAT).csv
LTH-05,Okuma GENOS L400II-E,,3800,18.5,Default Preset,drill,2205 Duplex (M),M,Drill,drilling,roughing,conventional,0.593,2,137,885,0,0.0033,5.82,0,0.5929,flood,0,180 DEG. INSERT DRILLS (FLAT).csv
LTH-05,Okuma GENOS L400II-E,,3800,18.5,Default Preset,drill,2205 Duplex (M),M,Peck,drilling,roughing,plunge,0.593,2,96,619,0,0.0016,2.03,0,0.5929,flood,0,180 DEG. INSERT DRILLS (FLAT).csv
LTH-05,Okuma GENOS L400II-E,,3800,18.5,Default Preset,drill,304/316 SS (M),M,Drill,drilling,roughing,conventional,0.6102,2,220,1376,0,0.0033,9.21,0,0.6102,flood,0,180 DEG. INSERT DRILLS (FLAT).csv
LTH-05,Okuma GENOS L400II-E,,3800,18.5,Default Preset,drill,304/316 SS (M),M,Peck,drilling,roughing,plunge,0.6102,2,154,963,0,0.0017,3.22,0,0.6102,flood,0,180 DEG. INSERT DRILLS (FLAT).csv
LTH-05,Okuma GENOS L400II-E,,3800,18.5,Default Preset,drill,17-4 PH (M),M,Drill,drilling,roughing,conventional,0.6102,2,165,1032,0,0.0033,6.91,0,0.6102,flood,0,180 DEG. INSERT DRILLS (FLAT).csv
LTH-05,Okuma GENOS L400II-E,,3800,18.5,Default Preset,drill,17-4 PH (M),M,Peck,drilling,roughing,plunge,0.6102,2,115,722,0,0.0017,2.42,0,0.6102,flood,0,180 DEG. INSERT DRILLS (FLAT).csv
LTH-05,Okuma GENOS L400II-E,,3800,18.5,Default Preset,drill,2205 Duplex (M),M,Drill,drilling,roughing,conventional,0.6102,2,137,860,0,0.0033,5.76,0,0.6102,flood,0,180 DEG. INSERT DRILLS (FLAT).csv
LTH-05,Okuma GENOS L400II-E,,3800,18.5,Default Preset,drill,2205 Duplex (M),M,Peck,drilling,roughing,plunge,0.6102,2,96,602,0,0.0017,2.01,0,0.6102,flood,0,180 DEG. INSERT DRILLS (FLAT).csv
LTH-05,Okuma GENOS L400II-E,,3800,18.5,Default Preset,drill,304/316 SS (M),M,Drill,drilling,roughing,conventional,0.625,2,220,1343,0,0.0034,9.09,0,0.6252,flood,0,180 DEG. INSERT DRILLS (FLAT).csv
LTH-05,Okuma GENOS L400II-E,,3800,18.5,Default Preset,drill,304/316 SS (M),M,Peck,drilling,roughing,plunge,0.625,2,154,940,0,0.0017,3.18,0,0.6252,flood,0,180 DEG. INSERT DRILLS (FLAT).csv
LTH-05,Okuma GENOS L400II-E,,3800,18.5,Default Preset,drill,17-4 PH (M),M,Drill,drilling,roughing,conventional,0.625,2,165,1008,0,0.0034,6.83,0,0.6252,flood,0,180 DEG. INSERT DRILLS (FLAT).csv
LTH-05,Okuma GENOS L400II-E,,3800,18.5,Default Preset,drill,17-4 PH (M),M,Peck,drilling,roughing,plunge,0.625,2,115,705,0,0.0017,2.39,0,0.6252,flood,0,180 DEG. INSERT DRILLS (FLAT).csv
LTH-05,Okuma GENOS L400II-E,,3800,18.5,Default Preset,drill,2205 Duplex (M),M,Drill,drilling,roughing,conventional,0.625,2,137,840,0,0.0034,5.69,0,0.6252,flood,0,180 DEG. INSERT DRILLS (FLAT).csv
LTH-05,Okuma GENOS L400II-E,,3800,18.5,Default Preset,drill,2205 Duplex (M),M,Peck,drilling,roughing,plunge,0.625,2,96,588,0,0.0017,1.99,0,0.6252,flood,0,180 DEG. INSERT DRILLS (FLAT).csv
LTH-05,Okuma GENOS L400II-E,,3800,18.5,Default Preset,drill,304/316 SS (M),M,Drill,drilling,roughing,conventional,0.656,2,220,1280,0,0.0035,8.87,0,0.6559,flood,0,180 DEG. INSERT DRILLS (FLAT).csv
LTH-05,Okuma GENOS L400II-E,,3800,18.5,Default Preset,drill,304/316 SS (M),M,Peck,drilling,roughing,plunge,0.656,2,154,896,0,0.0017,3.1,0,0.6559,flood,0,180 DEG. INSERT DRILLS (FLAT).csv
LTH-05,Okuma GENOS L400II-E,,3800,18.5,Default Preset,drill,17-4 PH (M),M,Drill,drilling,roughing,conventional,0.656,2,165,960,0,0.0035,6.65,0,0.6559,flood,0,180 DEG. INSERT DRILLS (FLAT).csv
LTH-05,Okuma GENOS L400II-E,,3800,18.5,Default Preset,drill,17-4 PH (M),M,Peck,drilling,roughing,plunge,0.656,2,115,672,0,0.0017,2.33,0,0.6559,flood,0,180 DEG. INSERT DRILLS (FLAT).csv
LTH-05,Okuma GENOS L400II-E,,3800,18.5,Default Preset,drill,2205 Duplex (M),M,Drill,drilling,roughing,conventional,0.656,2,137,800,0,0.0035,5.54,0,0.6559,flood,0,180 DEG. INSERT DRILLS (FLAT).csv
LTH-05,Okuma GENOS L400II-E,,3800,18.5,Default Preset,drill,2205 Duplex (M),M,Peck,drilling,roughing,plunge,0.656,2,96,560,0,0.0017,1.94,0,0.6559,flood,0,180 DEG. INSERT DRILLS (FLAT).csv
LTH-05,Okuma GENOS L400II-E,,3800,18.5,Default Preset,drill,304/316 SS (M),M,Drill,drilling,roughing,conventional,0.6875,2,220,1221,0,0.0036,8.7,0,0.6874,flood,0,180 DEG. INSERT DRILLS (FLAT).csv
LTH-05,Okuma GENOS L400II-E,,3800,18.5,Default Preset,drill,304/316 SS (M),M,Peck,drilling,roughing,plunge,0.6875,2,154,855,0,0.0018,3.05,0,0.6874,flood,0,180 DEG. INSERT DRILLS (FLAT).csv
LTH-05,Okuma GENOS L400II-E,,3800,18.5,Default Preset,drill,17-4 PH (M),M,Drill,drilling,roughing,conventional,0.6875,2,165,916,0,0.0036,6.53,0,0.6874,flood,0,180 DEG. INSERT DRILLS (FLAT).csv
LTH-05,Okuma GENOS L400II-E,,3800,18.5,Default Preset,drill,17-4 PH (M),M,Peck,drilling,roughing,plunge,0.6875,2,115,641,0,0.0018,2.28,0,0.6874,flood,0,180 DEG. INSERT DRILLS (FLAT).csv
LTH-05,Okuma GENOS L400II-E,,3800,18.5,Default Preset,drill,2205 Duplex (M),M,Drill,drilling,roughing,conventional,0.6875,2,137,763,0,0.0036,5.44,0,0.6874,flood,0,180 DEG. INSERT DRILLS (FLAT).csv
LTH-05,Okuma GENOS L400II-E,,3800,18.5,Default Preset,drill,2205 Duplex (M),M,Peck,drilling,roughing,plunge,0.6875,2,96,534,0,0.0018,1.9,0,0.6874,flood,0,180 DEG. INSERT DRILLS (FLAT).csv
LTH-05,Okuma GENOS L400II-E,,3800,18.5,Default Preset,drill,304/316 SS (M),M,Drill,drilling,roughing,conventional,0.708,2,220,1186,0,0.0036,8.59,0,0.7079,flood,0,180 DEG. INSERT DRILLS (FLAT).csv
LTH-05,Okuma GENOS L400II-E,,3800,18.5,Default Preset,drill,304/316 SS (M),M,Peck,drilling,roughing,plunge,0.708,2,154,830,0,0.0018,3.01,0,0.7079,flood,0,180 DEG. INSERT DRILLS (FLAT).csv
LTH-05,Okuma GENOS L400II-E,,3800,18.5,Default Preset,drill,17-4 PH (M),M,Drill,drilling,roughing,conventional,0.708,2,165,889,0,0.0036,6.44,0,0.7079,flood,0,180 DEG. INSERT DRILLS (FLAT).csv
LTH-05,Okuma GENOS L400II-E,,3800,18.5,Default Preset,drill,17-4 PH (M),M,Peck,drilling,roughing,plunge,0.708,2,115,623,0,0.0018,2.26,0,0.7079,flood,0,180 DEG. INSERT DRILLS (FLAT).csv
LTH-05,Okuma GENOS L400II-E,,3800,18.5,Default Preset,drill,2205 Duplex (M),M,Drill,drilling,roughing,conventional,0.708,2,137,741,0,0.0036,5.37,0,0.7079,flood,0,180 DEG. INSERT DRILLS (FLAT).csv
LTH-05,Okuma GENOS L400II-E,,3800,18.5,Default Preset,drill,2205 Duplex (M),M,Peck,drilling,roughing,plunge,0.708,2,96,519,0,0.0018,1.88,0,0.7079,flood,0,180 DEG. INSERT DRILLS (FLAT).csv
LTH-05,Okuma GENOS L400II-E,,3800,18.5,Default Preset,drill,304/316 SS (M),M,Drill,drilling,roughing,conventional,0.7188,2,220,1168,0,0.0036,8.51,0,0.7189,flood,0,180 DEG. INSERT DRILLS (FLAT).csv
LTH-05,Okuma GENOS L400II-E,,3800,18.5,Default Preset,drill,304/316 SS (M),M,Peck,drilling,roughing,plunge,0.7188,2,154,818,0,0.0018,2.98,0,0.7189,flood,0,180 DEG. INSERT DRILLS (FLAT).csv
LTH-05,Okuma GENOS L400II-E,,3800,18.5,Default Preset,drill,17-4 PH (M),M,Drill,drilling,roughing,conventional,0.7188,2,165,876,0,0.0036,6.38,0,0.7189,flood,0,180 DEG. INSERT DRILLS (FLAT).csv
LTH-05,Okuma GENOS L400II-E,,3800,18.5,Default Preset,drill,17-4 PH (M),M,Peck,drilling,roughing,plunge,0.7188,2,115,613,0,0.0018,2.23,0,0.7189,flood,0,180 DEG. INSERT DRILLS (FLAT).csv
LTH-05,Okuma GENOS L400II-E,,3800,18.5,Default Preset,drill,2205 Duplex (M),M,Drill,drilling,roughing,conventional,0.7188,2,137,730,0,0.0036,5.32,0,0.7189,flood,0,180 DEG. INSERT DRILLS (FLAT).csv
LTH-05,Okuma GENOS L400II-E,,3800,18.5,Default Preset,drill,2205 Duplex (M),M,Peck,drilling,roughing,plunge,0.7188,2,96,511,0,0.0018,1.86,0,0.7189,flood,0,180 DEG. INSERT DRILLS (FLAT).csv
LTH-05,Okuma GENOS L400II-E,,3800,18.5,Default Preset,drill,304/316 SS (M),M,Drill,drilling,roughing,conventional,0.728,2,220,1153,0,0.0037,8.49,0,0.728,flood,0,180 DEG. INSERT DRILLS (FLAT).csv
LTH-05,Okuma GENOS L400II-E,,3800,18.5,Default Preset,drill,304/316 SS (M),M,Peck,drilling,roughing,plunge,0.728,2,154,807,0,0.0018,2.97,0,0.728,flood,0,180 DEG. INSERT DRILLS (FLAT).csv
LTH-05,Okuma GENOS L400II-E,,3800,18.5,Default Preset,drill,17-4 PH (M),M,Drill,drilling,roughing,conventional,0.728,2,165,865,0,0.0037,6.37,0,0.728,flood,0,180 DEG. INSERT DRILLS (FLAT).csv
LTH-05,Okuma GENOS L400II-E,,3800,18.5,Default Preset,drill,17-4 PH (M),M,Peck,drilling,roughing,plunge,0.728,2,115,606,0,0.0018,2.23,0,0.728,flood,0,180 DEG. INSERT DRILLS (FLAT).csv
LTH-05,Okuma GENOS L400II-E,,3800,18.5,Default Preset,drill,2205 Duplex (M),M,Drill,drilling,roughing,conventional,0.728,2,137,721,0,0.0037,5.31,0,0.728,flood,0,180 DEG. INSERT DRILLS (FLAT).csv
LTH-05,Okuma GENOS L400II-E,,3800,18.5,Default Preset,drill,2205 Duplex (M),M,Peck,drilling,roughing,plunge,0.728,2,96,505,0,0.0018,1.86,0,0.728,flood,0,180 DEG. INSERT DRILLS (FLAT).csv
LTH-05,Okuma GENOS L400II-E,,3800,18.5,Default Preset,drill,304/316 SS (M),M,Drill,drilling,roughing,conventional,0.737,2,220,1139,0,0.0037,8.43,0,0.737,flood,0,180 DEG. INSERT DRILLS (FLAT).csv
LTH-05,Okuma GENOS L400II-E,,3800,18.5,Default Preset,drill,304/316 SS (M),M,Peck,drilling,roughing,plunge,0.737,2,154,797,0,0.0019,2.95,0,0.737,flood,0,180 DEG. INSERT DRILLS (FLAT).csv
LTH-05,Okuma GENOS L400II-E,,3800,18.5,Default Preset,drill,17-4 PH (M),M,Drill,drilling,roughing,conventional,0.737,2,165,854,0,0.0037,6.32,0,0.737,flood,0,180 DEG. INSERT DRILLS (FLAT).csv
LTH-05,Okuma GENOS L400II-E,,3800,18.5,Default Preset,drill,17-4 PH (M),M,Peck,drilling,roughing,plunge,0.737,2,115,598,0,0.0019,2.21,0,0.737,flood,0,180 DEG. INSERT DRILLS (FLAT).csv
LTH-05,Okuma GENOS L400II-E,,3800,18.5,Default Preset,drill,2205 Duplex (M),M,Drill,drilling,roughing,conventional,0.737,2,137,712,0,0.0037,5.27,0,0.737,flood,0,180 DEG. INSERT DRILLS (FLAT).csv
LTH-05,Okuma GENOS L400II-E,,3800,18.5,Default Preset,drill,2205 Duplex (M),M,Peck,drilling,roughing,plunge,0.737,2,96,498,0,0.0019,1.84,0,0.737,flood,0,180 DEG. INSERT DRILLS (FLAT).csv
LTH-05,Okuma GENOS L400II-E,,3800,18.5,Default Preset,drill,304/316 SS (M),M,Drill,drilling,roughing,conventional,0.75,2,220,1120,0,0.0037,8.38,0,0.75,flood,0,180 DEG. INSERT DRILLS (FLAT).csv
LTH-05,Okuma GENOS L400II-E,,3800,18.5,Default Preset,drill,304/316 SS (M),M,Peck,drilling,roughing,plunge,0.75,2,154,784,0,0.0019,2.93,0,0.75,flood,0,180 DEG. INSERT DRILLS (FLAT).csv
LTH-05,Okuma GENOS L400II-E,,3800,18.5,Default Preset,drill,17-4 PH (M),M,Drill,drilling,roughing,conventional,0.75,2,165,840,0,0.0037,6.28,0,0.75,flood,0,180 DEG. INSERT DRILLS (FLAT).csv
LTH-05,Okuma GENOS L400II-E,,3800,18.5,Default Preset,drill,17-4 PH (M),M,Peck,drilling,roughing,plunge,0.75,2,115,588,0,0.0019,2.2,0,0.75,flood,0,180 DEG. INSERT DRILLS (FLAT).csv
LTH-05,Okuma GENOS L400II-E,,3800,18.5,Default Preset,drill,2205 Duplex (M),M,Drill,drilling,roughing,conventional,0.75,2,137,700,0,0.0037,5.24,0,0.75,flood,0,180 DEG. INSERT DRILLS (FLAT).csv
LTH-05,Okuma GENOS L400II-E,,3800,18.5,Default Preset,drill,2205 Duplex (M),M,Peck,drilling,roughing,plunge,0.75,2,96,490,0,0.0019,1.83,0,0.75,flood,0,180 DEG. INSERT DRILLS (FLAT).csv
LTH-05,Okuma GENOS L400II-E,,3800,18.5,Default Preset,drill,304/316 SS (M),M,Drill,drilling,roughing,conventional,0.787,2,220,1067,0,0.0038,8.19,0,0.787,flood,0,180 DEG. INSERT DRILLS (FLAT).csv
LTH-05,Okuma GENOS L400II-E,,3800,18.5,Default Preset,drill,304/316 SS (M),M,Peck,drilling,roughing,plunge,0.787,2,154,747,0,0.0019,2.87,0,0.787,flood,0,180 DEG. INSERT DRILLS (FLAT).csv
LTH-05,Okuma GENOS L400II-E,,3800,18.5,Default Preset,drill,17-4 PH (M),M,Drill,drilling,roughing,conventional,0.787,2,165,800,0,0.0038,6.14,0,0.787,flood,0,180 DEG. INSERT DRILLS (FLAT).csv
LTH-05,Okuma GENOS L400II-E,,3800,18.5,Default Preset,drill,17-4 PH (M),M,Peck,drilling,roughing,plunge,0.787,2,115,560,0,0.0019,2.15,0,0.787,flood,0,180 DEG. INSERT DRILLS (FLAT).csv
LTH-05,Okuma GENOS L400II-E,,3800,18.5,Default Preset,drill,2205 Duplex (M),M,Drill,drilling,roughing,conventional,0.787,2,137,667,0,0.0038,5.12,0,0.787,flood,0,180 DEG. INSERT DRILLS (FLAT).csv
LTH-05,Okuma GENOS L400II-E,,3800,18.5,Default Preset,drill,2205 Duplex (M),M,Peck,drilling,roughing,plunge,0.787,2,96,467,0,0.0019,1.79,0,0.787,flood,0,180 DEG. INSERT DRILLS (FLAT).csv
LTH-05,Okuma GENOS L400II-E,,3800,18.5,Default Preset,drill,304/316 SS (M),M,Drill,drilling,roughing,conventional,0.812,2,220,1034,0,0.0039,8.06,0,0.8118,flood,0,180 DEG. INSERT DRILLS (FLAT).csv
LTH-05,Okuma GENOS L400II-E,,3800,18.5,Default Preset,drill,304/316 SS (M),M,Peck,drilling,roughing,plunge,0.812,2,154,724,0,0.0019,2.82,0,0.8118,flood,0,180 DEG. INSERT DRILLS (FLAT).csv
LTH-05,Okuma GENOS L400II-E,,3800,18.5,Default Preset,drill,17-4 PH (M),M,Drill,drilling,roughing,conventional,0.812,2,165,776,0,0.0039,6.05,0,0.8118,flood,0,180 DEG. INSERT DRILLS (FLAT).csv
LTH-05,Okuma GENOS L400II-E,,3800,18.5,Default Preset,drill,17-4 PH (M),M,Peck,drilling,roughing,plunge,0.812,2,115,543,0,0.0019,2.12,0,0.8118,flood,0,180 DEG. INSERT DRILLS (FLAT).csv
LTH-05,Okuma GENOS L400II-E,,3800,18.5,Default Preset,drill,2205 Duplex (M),M,Drill,drilling,roughing,conventional,0.812,2,137,646,0,0.0039,5.04,0,0.8118,flood,0,180 DEG. INSERT DRILLS (FLAT).csv
LTH-05,Okuma GENOS L400II-E,,3800,18.5,Default Preset,drill,2205 Duplex (M),M,Peck,drilling,roughing,plunge,0.812,2,96,452,0,0.0019,1.76,0,0.8118,flood,0,180 DEG. INSERT DRILLS (FLAT).csv
LTH-05,Okuma GENOS L400II-E,,3800,18.5,Default Preset,drill,304/316 SS (M),M,Drill,drilling,roughing,conventional,0.821,2,220,1023,0,0.0039,8.01,0,0.8209,flood,0,180 DEG. INSERT DRILLS (FLAT).csv
LTH-05,Okuma GENOS L400II-E,,3800,18.5,Default Preset,drill,304/316 SS (M),M,Peck,drilling,roughing,plunge,0.821,2,154,716,0,0.002,2.8,0,0.8209,flood,0,180 DEG. INSERT DRILLS (FLAT).csv
LTH-05,Okuma GENOS L400II-E,,3800,18.5,Default Preset,drill,17-4 PH (M),M,Drill,drilling,roughing,conventional,0.821,2,165,767,0,0.0039,6.01,0,0.8209,flood,0,180 DEG. INSERT DRILLS (FLAT).csv
LTH-05,Okuma GENOS L400II-E,,3800,18.5,Default Preset,drill,17-4 PH (M),M,Peck,drilling,roughing,plunge,0.821,2,115,537,0,0.002,2.1,0,0.8209,flood,0,180 DEG. INSERT DRILLS (FLAT).csv
LTH-05,Okuma GENOS L400II-E,,3800,18.5,Default Preset,drill,2205 Duplex (M),M,Drill,drilling,roughing,conventional,0.821,2,137,639,0,0.0039,5.01,0,0.8209,flood,0,180 DEG. INSERT DRILLS (FLAT).csv
LTH-05,Okuma GENOS L400II-E,,3800,18.5,Default Preset,drill,2205 Duplex (M),M,Peck,drilling,roughing,plunge,0.821,2,96,447,0,0.002,1.75,0,0.8209,flood,0,180 DEG. INSERT DRILLS (FLAT).csv
LTH-05,Okuma GENOS L400II-E,,3800,18.5,Default Preset,drill,304/316 SS (M),M,Drill,drilling,roughing,conventional,0.838,2,220,1002,0,0.004,7.93,0,0.8382,flood,0,180 DEG. INSERT DRILLS (FLAT).csv
LTH-05,Okuma GENOS L400II-E,,3800,18.5,Default Preset,drill,304/316 SS (M),M,Peck,drilling,roughing,plunge,0.838,2,154,701,0,0.002,2.77,0,0.8382,flood,0,180 DEG. INSERT DRILLS (FLAT).csv
LTH-05,Okuma GENOS L400II-E,,3800,18.5,Default Preset,drill,17-4 PH (M),M,Drill,drilling,roughing,conventional,0.838,2,165,751,0,0.004,5.94,0,0.8382,flood,0,180 DEG. INSERT DRILLS (FLAT).csv
LTH-05,Okuma GENOS L400II-E,,3800,18.5,Default Preset,drill,17-4 PH (M),M,Peck,drilling,roughing,plunge,0.838,2,115,526,0,0.002,2.08,0,0.8382,flood,0,180 DEG. INSERT DRILLS (FLAT).csv
LTH-05,Okuma GENOS L400II-E,,3800,18.5,Default Preset,drill,2205 Duplex (M),M,Drill,drilling,roughing,conventional,0.838,2,137,626,0,0.004,4.95,0,0.8382,flood,0,180 DEG. INSERT DRILLS (FLAT).csv
LTH-05,Okuma GENOS L400II-E,,3800,18.5,Default Preset,drill,2205 Duplex (M),M,Peck,drilling,roughing,plunge,0.838,2,96,438,0,0.002,1.73,0,0.8382,flood,0,180 DEG. INSERT DRILLS (FLAT).csv
LTH-05,Okuma GENOS L400II-E,,3800,18.5,Default Preset,drill,304/316 SS (M),M,Drill,drilling,roughing,conventional,0.843,2,220,996,0,0.004,7.88,0,0.8429,flood,0,180 DEG. INSERT DRILLS (FLAT).csv
LTH-05,Okuma GENOS L400II-E,,3800,18.5,Default Preset,drill,304/316 SS (M),M,Peck,drilling,roughing,plunge,0.843,2,154,697,0,0.002,2.76,0,0.8429,flood,0,180 DEG. INSERT DRILLS (FLAT).csv
LTH-05,Okuma GENOS L400II-E,,3800,18.5,Default Preset,drill,17-4 PH (M),M,Drill,drilling,roughing,conventional,0.843,2,165,747,0,0.004,5.91,0,0.8429,flood,0,180 DEG. INSERT DRILLS (FLAT).csv
LTH-05,Okuma GENOS L400II-E,,3800,18.5,Default Preset,drill,17-4 PH (M),M,Peck,drilling,roughing,plunge,0.843,2,115,523,0,0.002,2.07,0,0.8429,flood,0,180 DEG. INSERT DRILLS (FLAT).csv
LTH-05,Okuma GENOS L400II-E,,3800,18.5,Default Preset,drill,2205 Duplex (M),M,Drill,drilling,roughing,conventional,0.843,2,137,623,0,0.004,4.93,0,0.8429,flood,0,180 DEG. INSERT DRILLS (FLAT).csv
LTH-05,Okuma GENOS L400II-E,,3800,18.5,Default Preset,drill,2205 Duplex (M),M,Peck,drilling,roughing,plunge,0.843,2,96,436,0,0.002,1.73,0,0.8429,flood,0,180 DEG. INSERT DRILLS (FLAT).csv
LTH-05,Okuma GENOS L400II-E,,3800,18.5,Default Preset,drill,304/316 SS (M),M,Drill,drilling,roughing,conventional,0.859,2,220,977,0,0.004,7.81,0,0.8591,flood,0,180 DEG. INSERT DRILLS (FLAT).csv
LTH-05,Okuma GENOS L400II-E,,3800,18.5,Default Preset,drill,304/316 SS (M),M,Peck,drilling,roughing,plunge,0.859,2,154,684,0,0.002,2.73,0,0.8591,flood,0,180 DEG. INSERT DRILLS (FLAT).csv
LTH-05,Okuma GENOS L400II-E,,3800,18.5,Default Preset,drill,17-4 PH (M),M,Drill,drilling,roughing,conventional,0.859,2,165,733,0,0.004,5.86,0,0.8591,flood,0,180 DEG. INSERT DRILLS (FLAT).csv
LTH-05,Okuma GENOS L400II-E,,3800,18.5,Default Preset,drill,17-4 PH (M),M,Peck,drilling,roughing,plunge,0.859,2,115,513,0,0.002,2.05,0,0.8591,flood,0,180 DEG. INSERT DRILLS (FLAT).csv
LTH-05,Okuma GENOS L400II-E,,3800,18.5,Default Preset,drill,2205 Duplex (M),M,Drill,drilling,roughing,conventional,0.859,2,137,611,0,0.004,4.88,0,0.8591,flood,0,180 DEG. INSERT DRILLS (FLAT).csv
LTH-05,Okuma GENOS L400II-E,,3800,18.5,Default Preset,drill,2205 Duplex (M),M,Peck,drilling,roughing,plunge,0.859,2,96,428,0,0.002,1.71,0,0.8591,flood,0,180 DEG. INSERT DRILLS (FLAT).csv
LTH-05,Okuma GENOS L400II-E,,3800,18.5,Default Preset,drill,304/316 SS (M),M,Drill,drilling,roughing,conventional,0.868,2,220,967,0,0.004,7.77,0,0.8681,flood,0,180 DEG. INSERT DRILLS (FLAT).csv
LTH-05,Okuma GENOS L400II-E,,3800,18.5,Default Preset,drill,304/316 SS (M),M,Peck,drilling,roughing,plunge,0.868,2,154,677,0,0.002,2.72,0,0.8681,flood,0,180 DEG. INSERT DRILLS (FLAT).csv
LTH-05,Okuma GENOS L400II-E,,3800,18.5,Default Preset,drill,17-4 PH (M),M,Drill,drilling,roughing,conventional,0.868,2,165,725,0,0.004,5.82,0,0.8681,flood,0,180 DEG. INSERT DRILLS (FLAT).csv
LTH-05,Okuma GENOS L400II-E,,3800,18.5,Default Preset,drill,17-4 PH (M),M,Peck,drilling,roughing,plunge,0.868,2,115,508,0,0.002,2.04,0,0.8681,flood,0,180 DEG. INSERT DRILLS (FLAT).csv
LTH-05,Okuma GENOS L400II-E,,3800,18.5,Default Preset,drill,2205 Duplex (M),M,Drill,drilling,roughing,conventional,0.868,2,137,605,0,0.004,4.86,0,0.8681,flood,0,180 DEG. INSERT DRILLS (FLAT).csv
LTH-05,Okuma GENOS L400II-E,,3800,18.5,Default Preset,drill,2205 Duplex (M),M,Peck,drilling,roughing,plunge,0.868,2,96,423,0,0.002,1.7,0,0.8681,flood,0,180 DEG. INSERT DRILLS (FLAT).csv
LTH-05,Okuma GENOS L400II-E,,3800,18.5,Default Preset,drill,304/316 SS (M),M,Drill,drilling,roughing,conventional,0.875,2,220,960,0,0.004,7.75,0,0.8752,flood,0,180 DEG. INSERT DRILLS (FLAT).csv
LTH-05,Okuma GENOS L400II-E,,3800,18.5,Default Preset,drill,304/316 SS (M),M,Peck,drilling,roughing,plunge,0.875,2,154,672,0,0.002,2.71,0,0.8752,flood,0,180 DEG. INSERT DRILLS (FLAT).csv
LTH-05,Okuma GENOS L400II-E,,3800,18.5,Default Preset,drill,17-4 PH (M),M,Drill,drilling,roughing,conventional,0.875,2,165,720,0,0.004,5.81,0,0.8752,flood,0,180 DEG. INSERT DRILLS (FLAT).csv
LTH-05,Okuma GENOS L400II-E,,3800,18.5,Default Preset,drill,17-4 PH (M),M,Peck,drilling,roughing,plunge,0.875,2,115,504,0,0.002,2.03,0,0.8752,flood,0,180 DEG. INSERT DRILLS (FLAT).csv
LTH-05,Okuma GENOS L400II-E,,3800,18.5,Default Preset,drill,2205 Duplex (M),M,Drill,drilling,roughing,conventional,0.875,2,137,600,0,0.004,4.84,0,0.8752,flood,0,180 DEG. INSERT DRILLS (FLAT).csv
LTH-05,Okuma GENOS L400II-E,,3800,18.5,Default Preset,drill,2205 Duplex (M),M,Peck,drilling,roughing,plunge,0.875,2,96,420,0,0.002,1.69,0,0.8752,flood,0,180 DEG. INSERT DRILLS (FLAT).csv
LTH-05,Okuma GENOS L400II-E,,3800,18.5,Default Preset,drill,304/316 SS (M),M,Drill,drilling,roughing,conventional,0.893,2,220,940,0,0.0041,7.66,0,0.8929,flood,0,180 DEG. INSERT DRILLS (FLAT).csv
LTH-05,Okuma GENOS L400II-E,,3800,18.5,Default Preset,drill,304/316 SS (M),M,Peck,drilling,roughing,plunge,0.893,2,154,658,0,0.002,2.68,0,0.8929,flood,0,180 DEG. INSERT DRILLS (FLAT).csv
LTH-05,Okuma GENOS L400II-E,,3800,18.5,Default Preset,drill,17-4 PH (M),M,Drill,drilling,roughing,conventional,0.893,2,165,705,0,0.0041,5.75,0,0.8929,flood,0,180 DEG. INSERT DRILLS (FLAT).csv
LTH-05,Okuma GENOS L400II-E,,3800,18.5,Default Preset,drill,17-4 PH (M),M,Peck,drilling,roughing,plunge,0.893,2,115,494,0,0.002,2.01,0,0.8929,flood,0,180 DEG. INSERT DRILLS (FLAT).csv
LTH-05,Okuma GENOS L400II-E,,3800,18.5,Default Preset,drill,2205 Duplex (M),M,Drill,drilling,roughing,conventional,0.893,2,137,588,0,0.0041,4.79,0,0.8929,flood,0,180 DEG. INSERT DRILLS (FLAT).csv
LTH-05,Okuma GENOS L400II-E,,3800,18.5,Default Preset,drill,2205 Duplex (M),M,Peck,drilling,roughing,plunge,0.893,2,96,411,0,0.002,1.67,0,0.8929,flood,0,180 DEG. INSERT DRILLS (FLAT).csv
LTH-05,Okuma GENOS L400II-E,,3800,18.5,Default Preset,drill,304/316 SS (M),M,Drill,drilling,roughing,conventional,0.906,2,220,927,0,0.0041,7.63,0,0.9059,flood,0,180 DEG. INSERT DRILLS (FLAT).csv
LTH-05,Okuma GENOS L400II-E,,3800,18.5,Default Preset,drill,304/316 SS (M),M,Peck,drilling,roughing,plunge,0.906,2,154,649,0,0.0021,2.67,0,0.9059,flood,0,180 DEG. INSERT DRILLS (FLAT).csv
LTH-05,Okuma GENOS L400II-E,,3800,18.5,Default Preset,drill,17-4 PH (M),M,Drill,drilling,roughing,conventional,0.906,2,165,695,0,0.0041,5.72,0,0.9059,flood,0,180 DEG. INSERT DRILLS (FLAT).csv
LTH-05,Okuma GENOS L400II-E,,3800,18.5,Default Preset,drill,17-4 PH (M),M,Peck,drilling,roughing,plunge,0.906,2,115,487,0,0.0021,2,0,0.9059,flood,0,180 DEG. INSERT DRILLS (FLAT).csv
LTH-05,Okuma GENOS L400II-E,,3800,18.5,Default Preset,drill,2205 Duplex (M),M,Drill,drilling,roughing,conventional,0.906,2,137,579,0,0.0041,4.76,0,0.9059,flood,0,180 DEG. INSERT DRILLS (FLAT).csv
LTH-05,Okuma GENOS L400II-E,,3800,18.5,Default Preset,drill,2205 Duplex (M),M,Peck,drilling,roughing,plunge,0.906,2,96,405,0,0.0021,1.67,0,0.9059,flood,0,180 DEG. INSERT DRILLS (FLAT).csv
LTH-05,Okuma GENOS L400II-E,,3800,18.5,Default Preset,drill,304/316 SS (M),M,Drill,drilling,roughing,conventional,0.925,2,220,908,0,0.0042,7.54,0,0.9252,flood,0,180 DEG. INSERT DRILLS (FLAT).csv
LTH-05,Okuma GENOS L400II-E,,3800,18.5,Default Preset,drill,304/316 SS (M),M,Peck,drilling,roughing,plunge,0.925,2,154,635,0,0.0021,2.64,0,0.9252,flood,0,180 DEG. INSERT DRILLS (FLAT).csv
LTH-05,Okuma GENOS L400II-E,,3800,18.5,Default Preset,drill,17-4 PH (M),M,Drill,drilling,roughing,conventional,0.925,2,165,681,0,0.0042,5.66,0,0.9252,flood,0,180 DEG. INSERT DRILLS (FLAT).csv
LTH-05,Okuma GENOS L400II-E,,3800,18.5,Default Preset,drill,17-4 PH (M),M,Peck,drilling,roughing,plunge,0.925,2,115,477,0,0.0021,1.98,0,0.9252,flood,0,180 DEG. INSERT DRILLS (FLAT).csv
LTH-05,Okuma GENOS L400II-E,,3800,18.5,Default Preset,drill,2205 Duplex (M),M,Drill,drilling,roughing,conventional,0.925,2,137,567,0,0.0042,4.71,0,0.9252,flood,0,180 DEG. INSERT DRILLS (FLAT).csv
LTH-05,Okuma GENOS L400II-E,,3800,18.5,Default Preset,drill,2205 Duplex (M),M,Peck,drilling,roughing,plunge,0.925,2,96,397,0,0.0021,1.65,0,0.9252,flood,0,180 DEG. INSERT DRILLS (FLAT).csv
LTH-05,Okuma GENOS L400II-E,,3800,18.5,Default Preset,drill,304/316 SS (M),M,Drill,drilling,roughing,conventional,0.9375,2,220,896,0,0.0042,7.48,0,0.9374,flood,0,180 DEG. INSERT DRILLS (FLAT).csv
LTH-05,Okuma GENOS L400II-E,,3800,18.5,Default Preset,drill,304/316 SS (M),M,Peck,drilling,roughing,plunge,0.9375,2,154,627,0,0.0021,2.62,0,0.9374,flood,0,180 DEG. INSERT DRILLS (FLAT).csv
LTH-05,Okuma GENOS L400II-E,,3800,18.5,Default Preset,drill,17-4 PH (M),M,Drill,drilling,roughing,conventional,0.9375,2,165,672,0,0.0042,5.61,0,0.9374,flood,0,180 DEG. INSERT DRILLS (FLAT).csv
LTH-05,Okuma GENOS L400II-E,,3800,18.5,Default Preset,drill,17-4 PH (M),M,Peck,drilling,roughing,plunge,0.9375,2,115,470,0,0.0021,1.96,0,0.9374,flood,0,180 DEG. INSERT DRILLS (FLAT).csv
LTH-05,Okuma GENOS L400II-E,,3800,18.5,Default Preset,drill,2205 Duplex (M),M,Drill,drilling,roughing,conventional,0.9375,2,137,560,0,0.0042,4.67,0,0.9374,flood,0,180 DEG. INSERT DRILLS (FLAT).csv
LTH-05,Okuma GENOS L400II-E,,3800,18.5,Default Preset,drill,2205 Duplex (M),M,Peck,drilling,roughing,plunge,0.9375,2,96,392,0,0.0021,1.64,0,0.9374,flood,0,180 DEG. INSERT DRILLS (FLAT).csv
LTH-05,Okuma GENOS L400II-E,,3800,18.5,Default Preset,drill,304/316 SS (M),M,Drill,drilling,roughing,conventional,0.9449,2,220,889,0,0.0042,7.46,0,0.9449,flood,0,180 DEG. INSERT DRILLS (FLAT).csv
LTH-05,Okuma GENOS L400II-E,,3800,18.5,Default Preset,drill,304/316 SS (M),M,Peck,drilling,roughing,plunge,0.9449,2,154,622,0,0.0021,2.61,0,0.9449,flood,0,180 DEG. INSERT DRILLS (FLAT).csv
LTH-05,Okuma GENOS L400II-E,,3800,18.5,Default Preset,drill,17-4 PH (M),M,Drill,drilling,roughing,conventional,0.9449,2,165,666,0,0.0042,5.58,0,0.9449,flood,0,180 DEG. INSERT DRILLS (FLAT).csv
LTH-05,Okuma GENOS L400II-E,,3800,18.5,Default Preset,drill,17-4 PH (M),M,Peck,drilling,roughing,plunge,0.9449,2,115,467,0,0.0021,1.96,0,0.9449,flood,0,180 DEG. INSERT DRILLS (FLAT).csv
LTH-05,Okuma GENOS L400II-E,,3800,18.5,Default Preset,drill,2205 Duplex (M),M,Drill,drilling,roughing,conventional,0.9449,2,137,555,0,0.0042,4.65,0,0.9449,flood,0,180 DEG. INSERT DRILLS (FLAT).csv
LTH-05,Okuma GENOS L400II-E,,3800,18.5,Default Preset,drill,2205 Duplex (M),M,Peck,drilling,roughing,plunge,0.9449,2,96,389,0,0.0021,1.63,0,0.9449,flood,0,180 DEG. INSERT DRILLS (FLAT).csv
LTH-05,Okuma GENOS L400II-E,,3800,18.5,Default Preset,drill,304/316 SS (M),M,Drill,drilling,roughing,conventional,0.968,2,220,867,0,0.0043,7.37,0,0.9681,flood,0,180 DEG. INSERT DRILLS (FLAT).csv
LTH-05,Okuma GENOS L400II-E,,3800,18.5,Default Preset,drill,304/316 SS (M),M,Peck,drilling,roughing,plunge,0.968,2,154,607,0,0.0021,2.58,0,0.9681,flood,0,180 DEG. INSERT DRILLS (FLAT).csv
LTH-05,Okuma GENOS L400II-E,,3800,18.5,Default Preset,drill,17-4 PH (M),M,Drill,drilling,roughing,conventional,0.968,2,165,651,0,0.0043,5.54,0,0.9681,flood,0,180 DEG. INSERT DRILLS (FLAT).csv
LTH-05,Okuma GENOS L400II-E,,3800,18.5,Default Preset,drill,17-4 PH (M),M,Peck,drilling,roughing,plunge,0.968,2,115,455,0,0.0021,1.93,0,0.9681,flood,0,180 DEG. INSERT DRILLS (FLAT).csv
LTH-05,Okuma GENOS L400II-E,,3800,18.5,Default Preset,drill,2205 Duplex (M),M,Drill,drilling,roughing,conventional,0.968,2,137,542,0,0.0043,4.61,0,0.9681,flood,0,180 DEG. INSERT DRILLS (FLAT).csv
LTH-05,Okuma GENOS L400II-E,,3800,18.5,Default Preset,drill,2205 Duplex (M),M,Peck,drilling,roughing,plunge,0.968,2,96,379,0,0.0021,1.61,0,0.9681,flood,0,180 DEG. INSERT DRILLS (FLAT).csv
LTH-05,Okuma GENOS L400II-E,,3800,18.5,Default Preset,drill,304/316 SS (M),M,Drill,drilling,roughing,conventional,0.981,2,220,856,0,0.0043,7.31,0,0.9811,flood,0,180 DEG. INSERT DRILLS (FLAT).csv
LTH-05,Okuma GENOS L400II-E,,3800,18.5,Default Preset,drill,304/316 SS (M),M,Peck,drilling,roughing,plunge,0.981,2,154,599,0,0.0021,2.56,0,0.9811,flood,0,180 DEG. INSERT DRILLS (FLAT).csv
LTH-05,Okuma GENOS L400II-E,,3800,18.5,Default Preset,drill,17-4 PH (M),M,Drill,drilling,roughing,conventional,0.981,2,165,642,0,0.0043,5.48,0,0.9811,flood,0,180 DEG. INSERT DRILLS (FLAT).csv
LTH-05,Okuma GENOS L400II-E,,3800,18.5,Default Preset,drill,17-4 PH (M),M,Peck,drilling,roughing,plunge,0.981,2,115,449,0,0.0021,1.92,0,0.9811,flood,0,180 DEG. INSERT DRILLS (FLAT).csv
LTH-05,Okuma GENOS L400II-E,,3800,18.5,Default Preset,drill,2205 Duplex (M),M,Drill,drilling,roughing,conventional,0.981,2,137,535,0,0.0043,4.57,0,0.9811,flood,0,180 DEG. INSERT DRILLS (FLAT).csv
LTH-05,Okuma GENOS L400II-E,,3800,18.5,Default Preset,drill,2205 Duplex (M),M,Peck,drilling,roughing,plunge,0.981,2,96,374,0,0.0021,1.6,0,0.9811,flood,0,180 DEG. INSERT DRILLS (FLAT).csv
LTH-05,Okuma GENOS L400II-E,,3800,18.5,Default Preset,drill,304/316 SS (M),M,Drill,drilling,roughing,conventional,0.984,2,220,853,0,0.0043,7.29,0,0.9839,flood,0,180 DEG. INSERT DRILLS (FLAT).csv
LTH-05,Okuma GENOS L400II-E,,3800,18.5,Default Preset,drill,304/316 SS (M),M,Peck,drilling,roughing,plunge,0.984,2,154,597,0,0.0021,2.55,0,0.9839,flood,0,180 DEG. INSERT DRILLS (FLAT).csv
LTH-05,Okuma GENOS L400II-E,,3800,18.5,Default Preset,drill,17-4 PH (M),M,Drill,drilling,roughing,conventional,0.984,2,165,640,0,0.0043,5.47,0,0.9839,flood,0,180 DEG. INSERT DRILLS (FLAT).csv
LTH-05,Okuma GENOS L400II-E,,3800,18.5,Default Preset,drill,17-4 PH (M),M,Peck,drilling,roughing,plunge,0.984,2,115,448,0,0.0021,1.91,0,0.9839,flood,0,180 DEG. INSERT DRILLS (FLAT).csv
LTH-05,Okuma GENOS L400II-E,,3800,18.5,Default Preset,drill,2205 Duplex (M),M,Drill,drilling,roughing,conventional,0.984,2,137,533,0,0.0043,4.55,0,0.9839,flood,0,180 DEG. INSERT DRILLS (FLAT).csv
LTH-05,Okuma GENOS L400II-E,,3800,18.5,Default Preset,drill,2205 Duplex (M),M,Peck,drilling,roughing,plunge,0.984,2,96,373,0,0.0021,1.59,0,0.9839,flood,0,180 DEG. INSERT DRILLS (FLAT).csv
LTH-05,Okuma GENOS L400II-E,,3800,18.5,Default Preset,drill,304/316 SS (M),M,Drill,drilling,roughing,conventional,1,2,220,840,0,0.0043,7.24,0,1,flood,0,180 DEG. INSERT DRILLS (FLAT).csv
LTH-05,Okuma GENOS L400II-E,,3800,18.5,Default Preset,drill,304/316 SS (M),M,Peck,drilling,roughing,plunge,1,2,154,588,0,0.0022,2.53,0,1,flood,0,180 DEG. INSERT DRILLS (FLAT).csv
LTH-05,Okuma GENOS L400II-E,,3800,18.5,Default Preset,drill,17-4 PH (M),M,Drill,drilling,roughing,conventional,1,2,165,630,0,0.0043,5.43,0,1,flood,0,180 DEG. INSERT DRILLS (FLAT).csv
LTH-05,Okuma GENOS L400II-E,,3800,18.5,Default Preset,drill,17-4 PH (M),M,Peck,drilling,roughing,plunge,1,2,115,441,0,0.0022,1.9,0,1,flood,0,180 DEG. INSERT DRILLS (FLAT).csv
LTH-05,Okuma GENOS L400II-E,,3800,18.5,Default Preset,drill,2205 Duplex (M),M,Drill,drilling,roughing,conventional,1,2,137,525,0,0.0043,4.53,0,1,flood,0,180 DEG. INSERT DRILLS (FLAT).csv
LTH-05,Okuma GENOS L400II-E,,3800,18.5,Default Preset,drill,2205 Duplex (M),M,Peck,drilling,roughing,plunge,1,2,96,367,0,0.0022,1.58,0,1,flood,0,180 DEG. INSERT DRILLS (FLAT).csv
LTH-05,Okuma GENOS L400II-E,,3800,18.5,Default Preset,drill,304/316 SS (M),M,Drill,drilling,roughing,conventional,1.015,2,220,827,0,0.0043,7.16,0,1.015,flood,0,180 DEG. INSERT DRILLS (FLAT).csv
LTH-05,Okuma GENOS L400II-E,,3800,18.5,Default Preset,drill,304/316 SS (M),M,Peck,drilling,roughing,plunge,1.015,2,154,579,0,0.0022,2.51,0,1.015,flood,0,180 DEG. INSERT DRILLS (FLAT).csv
LTH-05,Okuma GENOS L400II-E,,3800,18.5,Default Preset,drill,17-4 PH (M),M,Drill,drilling,roughing,conventional,1.015,2,165,620,0,0.0043,5.37,0,1.015,flood,0,180 DEG. INSERT DRILLS (FLAT).csv
LTH-05,Okuma GENOS L400II-E,,3800,18.5,Default Preset,drill,17-4 PH (M),M,Peck,drilling,roughing,plunge,1.015,2,115,434,0,0.0022,1.88,0,1.015,flood,0,180 DEG. INSERT DRILLS (FLAT).csv
LTH-05,Okuma GENOS L400II-E,,3800,18.5,Default Preset,drill,2205 Duplex (M),M,Drill,drilling,roughing,conventional,1.015,2,137,517,0,0.0043,4.48,0,1.015,flood,0,180 DEG. INSERT DRILLS (FLAT).csv
LTH-05,Okuma GENOS L400II-E,,3800,18.5,Default Preset,drill,2205 Duplex (M),M,Peck,drilling,roughing,plunge,1.015,2,96,362,0,0.0022,1.57,0,1.015,flood,0,180 DEG. INSERT DRILLS (FLAT).csv
LTH-05,Okuma GENOS L400II-E,,3800,18.5,Default Preset,drill,304/316 SS (M),M,Drill,drilling,roughing,conventional,1.031,2,220,814,0,0.0044,7.08,0,1.0311,flood,0,180 DEG. INSERT DRILLS (FLAT).csv
LTH-05,Okuma GENOS L400II-E,,3800,18.5,Default Preset,drill,304/316 SS (M),M,Peck,drilling,roughing,plunge,1.031,2,154,570,0,0.0022,2.48,0,1.0311,flood,0,180 DEG. INSERT DRILLS (FLAT).csv
LTH-05,Okuma GENOS L400II-E,,3800,18.5,Default Preset,drill,17-4 PH (M),M,Drill,drilling,roughing,conventional,1.031,2,165,611,0,0.0044,5.32,0,1.0311,flood,0,180 DEG. INSERT DRILLS (FLAT).csv
LTH-05,Okuma GENOS L400II-E,,3800,18.5,Default Preset,drill,17-4 PH (M),M,Peck,drilling,roughing,plunge,1.031,2,115,428,0,0.0022,1.86,0,1.0311,flood,0,180 DEG. INSERT DRILLS (FLAT).csv
LTH-05,Okuma GENOS L400II-E,,3800,18.5,Default Preset,drill,2205 Duplex (M),M,Drill,drilling,roughing,conventional,1.031,2,137,509,0,0.0044,4.43,0,1.0311,flood,0,180 DEG. INSERT DRILLS (FLAT).csv
LTH-05,Okuma GENOS L400II-E,,3800,18.5,Default Preset,drill,2205 Duplex (M),M,Peck,drilling,roughing,plunge,1.031,2,96,356,0,0.0022,1.55,0,1.0311,flood,0,180 DEG. INSERT DRILLS (FLAT).csv
LTH-05,Okuma GENOS L400II-E,,3800,18.5,Default Preset,drill,304/316 SS (M),M,Drill,drilling,roughing,conventional,1.063,2,220,790,0,0.0044,6.97,0,1.063,flood,0,180 DEG. INSERT DRILLS (FLAT).csv
LTH-05,Okuma GENOS L400II-E,,3800,18.5,Default Preset,drill,304/316 SS (M),M,Peck,drilling,roughing,plunge,1.063,2,154,553,0,0.0022,2.44,0,1.063,flood,0,180 DEG. INSERT DRILLS (FLAT).csv
LTH-05,Okuma GENOS L400II-E,,3800,18.5,Default Preset,drill,17-4 PH (M),M,Drill,drilling,roughing,conventional,1.063,2,165,592,0,0.0044,5.22,0,1.063,flood,0,180 DEG. INSERT DRILLS (FLAT).csv
LTH-05,Okuma GENOS L400II-E,,3800,18.5,Default Preset,drill,17-4 PH (M),M,Peck,drilling,roughing,plunge,1.063,2,115,415,0,0.0022,1.83,0,1.063,flood,0,180 DEG. INSERT DRILLS (FLAT).csv
LTH-05,Okuma GENOS L400II-E,,3800,18.5,Default Preset,drill,2205 Duplex (M),M,Drill,drilling,roughing,conventional,1.063,2,137,494,0,0.0044,4.36,0,1.063,flood,0,180 DEG. INSERT DRILLS (FLAT).csv
LTH-05,Okuma GENOS L400II-E,,3800,18.5,Default Preset,drill,2205 Duplex (M),M,Peck,drilling,roughing,plunge,1.063,2,96,346,0,0.0022,1.53,0,1.063,flood,0,180 DEG. INSERT DRILLS (FLAT).csv
LTH-05,Okuma GENOS L400II-E,,3800,18.5,Default Preset,drill,304/316 SS (M),M,Drill,drilling,roughing,conventional,1.093,2,220,768,0,0.0044,6.83,0,1.0929,flood,0,180 DEG. INSERT DRILLS (FLAT).csv
LTH-05,Okuma GENOS L400II-E,,3800,18.5,Default Preset,drill,304/316 SS (M),M,Peck,drilling,roughing,plunge,1.093,2,154,538,0,0.0022,2.39,0,1.0929,flood,0,180 DEG. INSERT DRILLS (FLAT).csv
LTH-05,Okuma GENOS L400II-E,,3800,18.5,Default Preset,drill,17-4 PH (M),M,Drill,drilling,roughing,conventional,1.093,2,165,576,0,0.0044,5.13,0,1.0929,flood,0,180 DEG. INSERT DRILLS (FLAT).csv
LTH-05,Okuma GENOS L400II-E,,3800,18.5,Default Preset,drill,17-4 PH (M),M,Peck,drilling,roughing,plunge,1.093,2,115,403,0,0.0022,1.79,0,1.0929,flood,0,180 DEG. INSERT DRILLS (FLAT).csv
LTH-05,Okuma GENOS L400II-E,,3800,18.5,Default Preset,drill,2205 Duplex (M),M,Drill,drilling,roughing,conventional,1.093,2,137,480,0,0.0044,4.27,0,1.0929,flood,0,180 DEG. INSERT DRILLS (FLAT).csv
LTH-05,Okuma GENOS L400II-E,,3800,18.5,Default Preset,drill,2205 Duplex (M),M,Peck,drilling,roughing,plunge,1.093,2,96,336,0,0.0022,1.49,0,1.0929,flood,0,180 DEG. INSERT DRILLS (FLAT).csv
LTH-05,Okuma GENOS L400II-E,,3800,18.5,Default Preset,drill,304/316 SS (M),M,Drill,drilling,roughing,conventional,1.125,2,220,746,0,0.0045,6.73,0,1.1252,flood,0,180 DEG. INSERT DRILLS (FLAT).csv
LTH-05,Okuma GENOS L400II-E,,3800,18.5,Default Preset,drill,304/316 SS (M),M,Peck,drilling,roughing,plunge,1.125,2,154,522,0,0.0023,2.35,0,1.1252,flood,0,180 DEG. INSERT DRILLS (FLAT).csv
LTH-05,Okuma GENOS L400II-E,,3800,18.5,Default Preset,drill,17-4 PH (M),M,Drill,drilling,roughing,conventional,1.125,2,165,560,0,0.0045,5.05,0,1.1252,flood,0,180 DEG. INSERT DRILLS (FLAT).csv
LTH-05,Okuma GENOS L400II-E,,3800,18.5,Default Preset,drill,17-4 PH (M),M,Peck,drilling,roughing,plunge,1.125,2,115,392,0,0.0023,1.77,0,1.1252,flood,0,180 DEG. INSERT DRILLS (FLAT).csv
LTH-05,Okuma GENOS L400II-E,,3800,18.5,Default Preset,drill,2205 Duplex (M),M,Drill,drilling,roughing,conventional,1.125,2,137,466,0,0.0045,4.2,0,1.1252,flood,0,180 DEG. INSERT DRILLS (FLAT).csv
LTH-05,Okuma GENOS L400II-E,,3800,18.5,Default Preset,drill,2205 Duplex (M),M,Peck,drilling,roughing,plunge,1.125,2,96,327,0,0.0023,1.47,0,1.1252,flood,0,180 DEG. INSERT DRILLS (FLAT).csv
LTH-05,Okuma GENOS L400II-E,,3800,18.5,Default Preset,drill,304/316 SS (M),M,Drill,drilling,roughing,conventional,1.156,2,220,726,0,0.0046,6.63,0,1.1559,flood,0,180 DEG. INSERT DRILLS (FLAT).csv
LTH-05,Okuma GENOS L400II-E,,3800,18.5,Default Preset,drill,304/316 SS (M),M,Peck,drilling,roughing,plunge,1.156,2,154,508,0,0.0023,2.32,0,1.1559,flood,0,180 DEG. INSERT DRILLS (FLAT).csv
LTH-05,Okuma GENOS L400II-E,,3800,18.5,Default Preset,drill,17-4 PH (M),M,Drill,drilling,roughing,conventional,1.156,2,165,545,0,0.0046,4.98,0,1.1559,flood,0,180 DEG. INSERT DRILLS (FLAT).csv
LTH-05,Okuma GENOS L400II-E,,3800,18.5,Default Preset,drill,17-4 PH (M),M,Peck,drilling,roughing,plunge,1.156,2,115,381,0,0.0023,1.74,0,1.1559,flood,0,180 DEG. INSERT DRILLS (FLAT).csv
LTH-05,Okuma GENOS L400II-E,,3800,18.5,Default Preset,drill,2205 Duplex (M),M,Drill,drilling,roughing,conventional,1.156,2,137,454,0,0.0046,4.15,0,1.1559,flood,0,180 DEG. INSERT DRILLS (FLAT).csv
LTH-05,Okuma GENOS L400II-E,,3800,18.5,Default Preset,drill,2205 Duplex (M),M,Peck,drilling,roughing,plunge,1.156,2,96,318,0,0.0023,1.45,0,1.1559,flood,0,180 DEG. INSERT DRILLS (FLAT).csv
LTH-05,Okuma GENOS L400II-E,,3800,18.5,Default Preset,drill,304/316 SS (M),M,Drill,drilling,roughing,conventional,1.1875,2,220,707,0,0.0046,6.51,0,1.1874,flood,0,180 DEG. INSERT DRILLS (FLAT).csv
LTH-05,Okuma GENOS L400II-E,,3800,18.5,Default Preset,drill,304/316 SS (M),M,Peck,drilling,roughing,plunge,1.1875,2,154,495,0,0.0023,2.28,0,1.1874,flood,0,180 DEG. INSERT DRILLS (FLAT).csv
LTH-05,Okuma GENOS L400II-E,,3800,18.5,Default Preset,drill,17-4 PH (M),M,Drill,drilling,roughing,conventional,1.1875,2,165,530,0,0.0046,4.88,0,1.1874,flood,0,180 DEG. INSERT DRILLS (FLAT).csv
LTH-05,Okuma GENOS L400II-E,,3800,18.5,Default Preset,drill,17-4 PH (M),M,Peck,drilling,roughing,plunge,1.1875,2,115,371,0,0.0023,1.71,0,1.1874,flood,0,180 DEG. INSERT DRILLS (FLAT).csv
LTH-05,Okuma GENOS L400II-E,,3800,18.5,Default Preset,drill,2205 Duplex (M),M,Drill,drilling,roughing,conventional,1.1875,2,137,442,0,0.0046,4.07,0,1.1874,flood,0,180 DEG. INSERT DRILLS (FLAT).csv
LTH-05,Okuma GENOS L400II-E,,3800,18.5,Default Preset,drill,2205 Duplex (M),M,Peck,drilling,roughing,plunge,1.1875,2,96,309,0,0.0023,1.42,0,1.1874,flood,0,180 DEG. INSERT DRILLS (FLAT).csv
LTH-05,Okuma GENOS L400II-E,,3800,18.5,Default Preset,drill,304/316 SS (M),M,Drill,drilling,roughing,conventional,1.218,2,220,689,0,0.0047,6.43,0,1.2181,flood,0,180 DEG. INSERT DRILLS (FLAT).csv
LTH-05,Okuma GENOS L400II-E,,3800,18.5,Default Preset,drill,304/316 SS (M),M,Peck,drilling,roughing,plunge,1.218,2,154,483,0,0.0023,2.25,0,1.2181,flood,0,180 DEG. INSERT DRILLS (FLAT).csv
LTH-05,Okuma GENOS L400II-E,,3800,18.5,Default Preset,drill,17-4 PH (M),M,Drill,drilling,roughing,conventional,1.218,2,165,517,0,0.0047,4.82,0,1.2181,flood,0,180 DEG. INSERT DRILLS (FLAT).csv
LTH-05,Okuma GENOS L400II-E,,3800,18.5,Default Preset,drill,17-4 PH (M),M,Peck,drilling,roughing,plunge,1.218,2,115,362,0,0.0023,1.69,0,1.2181,flood,0,180 DEG. INSERT DRILLS (FLAT).csv
LTH-05,Okuma GENOS L400II-E,,3800,18.5,Default Preset,drill,2205 Duplex (M),M,Drill,drilling,roughing,conventional,1.218,2,137,431,0,0.0047,4.02,0,1.2181,flood,0,180 DEG. INSERT DRILLS (FLAT).csv
LTH-05,Okuma GENOS L400II-E,,3800,18.5,Default Preset,drill,2205 Duplex (M),M,Peck,drilling,roughing,plunge,1.218,2,96,302,0,0.0023,1.41,0,1.2181,flood,0,180 DEG. INSERT DRILLS (FLAT).csv
LTH-05,Okuma GENOS L400II-E,,3800,18.5,Default Preset,drill,304/316 SS (M),M,Drill,drilling,roughing,conventional,1.234,2,220,680,0,0.0047,6.37,0,1.2339,flood,0,180 DEG. INSERT DRILLS (FLAT).csv
LTH-05,Okuma GENOS L400II-E,,3800,18.5,Default Preset,drill,304/316 SS (M),M,Peck,drilling,roughing,plunge,1.234,2,154,476,0,0.0023,2.23,0,1.2339,flood,0,180 DEG. INSERT DRILLS (FLAT).csv
LTH-05,Okuma GENOS L400II-E,,3800,18.5,Default Preset,drill,17-4 PH (M),M,Drill,drilling,roughing,conventional,1.234,2,165,510,0,0.0047,4.78,0,1.2339,flood,0,180 DEG. INSERT DRILLS (FLAT).csv
LTH-05,Okuma GENOS L400II-E,,3800,18.5,Default Preset,drill,17-4 PH (M),M,Peck,drilling,roughing,plunge,1.234,2,115,357,0,0.0023,1.67,0,1.2339,flood,0,180 DEG. INSERT DRILLS (FLAT).csv
LTH-05,Okuma GENOS L400II-E,,3800,18.5,Default Preset,drill,2205 Duplex (M),M,Drill,drilling,roughing,conventional,1.234,2,137,425,0,0.0047,3.98,0,1.2339,flood,0,180 DEG. INSERT DRILLS (FLAT).csv
LTH-05,Okuma GENOS L400II-E,,3800,18.5,Default Preset,drill,2205 Duplex (M),M,Peck,drilling,roughing,plunge,1.234,2,96,298,0,0.0023,1.4,0,1.2339,flood,0,180 DEG. INSERT DRILLS (FLAT).csv
LTH-05,Okuma GENOS L400II-E,,3800,18.5,Default Preset,drill,304/316 SS (M),M,Drill,drilling,roughing,conventional,1.281,2,220,655,0,0.0048,6.24,0,1.2811,flood,0,180 DEG. INSERT DRILLS (FLAT).csv
LTH-05,Okuma GENOS L400II-E,,3800,18.5,Default Preset,drill,304/316 SS (M),M,Peck,drilling,roughing,plunge,1.281,2,154,459,0,0.0024,2.19,0,1.2811,flood,0,180 DEG. INSERT DRILLS (FLAT).csv
LTH-05,Okuma GENOS L400II-E,,3800,18.5,Default Preset,drill,17-4 PH (M),M,Drill,drilling,roughing,conventional,1.281,2,165,492,0,0.0048,4.69,0,1.2811,flood,0,180 DEG. INSERT DRILLS (FLAT).csv
LTH-05,Okuma GENOS L400II-E,,3800,18.5,Default Preset,drill,17-4 PH (M),M,Peck,drilling,roughing,plunge,1.281,2,115,344,0,0.0024,1.64,0,1.2811,flood,0,180 DEG. INSERT DRILLS (FLAT).csv
LTH-05,Okuma GENOS L400II-E,,3800,18.5,Default Preset,drill,2205 Duplex (M),M,Drill,drilling,roughing,conventional,1.281,2,137,410,0,0.0048,3.91,0,1.2811,flood,0,180 DEG. INSERT DRILLS (FLAT).csv
LTH-05,Okuma GENOS L400II-E,,3800,18.5,Default Preset,drill,2205 Duplex (M),M,Peck,drilling,roughing,plunge,1.281,2,96,287,0,0.0024,1.37,0,1.2811,flood,0,180 DEG. INSERT DRILLS (FLAT).csv
LTH-05,Okuma GENOS L400II-E,,3800,18.5,Default Preset,drill,304/316 SS (M),M,Drill,drilling,roughing,conventional,1.3125,2,220,640,0,0.0048,6.15,0,1.3126,flood,0,180 DEG. INSERT DRILLS (FLAT).csv
LTH-05,Okuma GENOS L400II-E,,3800,18.5,Default Preset,drill,304/316 SS (M),M,Peck,drilling,roughing,plunge,1.3125,2,154,448,0,0.0024,2.15,0,1.3126,flood,0,180 DEG. INSERT DRILLS (FLAT).csv
LTH-05,Okuma GENOS L400II-E,,3800,18.5,Default Preset,drill,17-4 PH (M),M,Drill,drilling,roughing,conventional,1.3125,2,165,480,0,0.0048,4.61,0,1.3126,flood,0,180 DEG. INSERT DRILLS (FLAT).csv
LTH-05,Okuma GENOS L400II-E,,3800,18.5,Default Preset,drill,17-4 PH (M),M,Peck,drilling,roughing,plunge,1.3125,2,115,336,0,0.0024,1.61,0,1.3126,flood,0,180 DEG. INSERT DRILLS (FLAT).csv
LTH-05,Okuma GENOS L400II-E,,3800,18.5,Default Preset,drill,2205 Duplex (M),M,Drill,drilling,roughing,conventional,1.3125,2,137,400,0,0.0048,3.84,0,1.3126,flood,0,180 DEG. INSERT DRILLS (FLAT).csv
LTH-05,Okuma GENOS L400II-E,,3800,18.5,Default Preset,drill,2205 Duplex (M),M,Peck,drilling,roughing,plunge,1.3125,2,96,280,0,0.0024,1.34,0,1.3126,flood,0,180 DEG. INSERT DRILLS (FLAT).csv
LTH-05,Okuma GENOS L400II-E,,3800,18.5,Default Preset,drill,304/316 SS (M),M,Drill,drilling,roughing,conventional,1.35,2,220,622,0,0.0048,6.02,0,1.35,flood,0,180 DEG. INSERT DRILLS (FLAT).csv
LTH-05,Okuma GENOS L400II-E,,3800,18.5,Default Preset,drill,304/316 SS (M),M,Peck,drilling,roughing,plunge,1.35,2,154,435,0,0.0024,2.11,0,1.35,flood,0,180 DEG. INSERT DRILLS (FLAT).csv
LTH-05,Okuma GENOS L400II-E,,3800,18.5,Default Preset,drill,17-4 PH (M),M,Drill,drilling,roughing,conventional,1.35,2,165,466,0,0.0048,4.51,0,1.35,flood,0,180 DEG. INSERT DRILLS (FLAT).csv
LTH-05,Okuma GENOS L400II-E,,3800,18.5,Default Preset,drill,17-4 PH (M),M,Peck,drilling,roughing,plunge,1.35,2,115,327,0,0.0024,1.58,0,1.35,flood,0,180 DEG. INSERT DRILLS (FLAT).csv
LTH-05,Okuma GENOS L400II-E,,3800,18.5,Default Preset,drill,2205 Duplex (M),M,Drill,drilling,roughing,conventional,1.35,2,137,389,0,0.0048,3.77,0,1.35,flood,0,180 DEG. INSERT DRILLS (FLAT).csv
LTH-05,Okuma GENOS L400II-E,,3800,18.5,Default Preset,drill,2205 Duplex (M),M,Peck,drilling,roughing,plunge,1.35,2,96,272,0,0.0024,1.32,0,1.35,flood,0,180 DEG. INSERT DRILLS (FLAT).csv
LTH-05,Okuma GENOS L400II-E,,3800,18.5,Default Preset,drill,304/316 SS (M),M,Drill,drilling,roughing,conventional,1.375,2,220,611,0,0.0049,5.97,0,1.3748,flood,0,180 DEG. INSERT DRILLS (FLAT).csv
LTH-05,Okuma GENOS L400II-E,,3800,18.5,Default Preset,drill,304/316 SS (M),M,Peck,drilling,roughing,plunge,1.375,2,154,427,0,0.0024,2.08,0,1.3748,flood,0,180 DEG. INSERT DRILLS (FLAT).csv
LTH-05,Okuma GENOS L400II-E,,3800,18.5,Default Preset,drill,17-4 PH (M),M,Drill,drilling,roughing,conventional,1.375,2,165,458,0,0.0049,4.47,0,1.3748,flood,0,180 DEG. INSERT DRILLS (FLAT).csv
LTH-05,Okuma GENOS L400II-E,,3800,18.5,Default Preset,drill,17-4 PH (M),M,Peck,drilling,roughing,plunge,1.375,2,115,321,0,0.0024,1.57,0,1.3748,flood,0,180 DEG. INSERT DRILLS (FLAT).csv
LTH-05,Okuma GENOS L400II-E,,3800,18.5,Default Preset,drill,2205 Duplex (M),M,Drill,drilling,roughing,conventional,1.375,2,137,382,0,0.0049,3.73,0,1.3748,flood,0,180 DEG. INSERT DRILLS (FLAT).csv
LTH-05,Okuma GENOS L400II-E,,3800,18.5,Default Preset,drill,2205 Duplex (M),M,Peck,drilling,roughing,plunge,1.375,2,96,267,0,0.0024,1.3,0,1.3748,flood,0,180 DEG. INSERT DRILLS (FLAT).csv
LTH-05,Okuma GENOS L400II-E,,3800,18.5,Default Preset,drill,304/316 SS (M),M,Drill,drilling,roughing,conventional,1.406,2,220,597,0,0.0049,5.88,0,1.4059,flood,0,180 DEG. INSERT DRILLS (FLAT).csv
LTH-05,Okuma GENOS L400II-E,,3800,18.5,Default Preset,drill,304/316 SS (M),M,Peck,drilling,roughing,plunge,1.406,2,154,418,0,0.0025,2.06,0,1.4059,flood,0,180 DEG. INSERT DRILLS (FLAT).csv
LTH-05,Okuma GENOS L400II-E,,3800,18.5,Default Preset,drill,17-4 PH (M),M,Drill,drilling,roughing,conventional,1.406,2,165,448,0,0.0049,4.41,0,1.4059,flood,0,180 DEG. INSERT DRILLS (FLAT).csv
LTH-05,Okuma GENOS L400II-E,,3800,18.5,Default Preset,drill,17-4 PH (M),M,Peck,drilling,roughing,plunge,1.406,2,115,314,0,0.0025,1.55,0,1.4059,flood,0,180 DEG. INSERT DRILLS (FLAT).csv
LTH-05,Okuma GENOS L400II-E,,3800,18.5,Default Preset,drill,2205 Duplex (M),M,Drill,drilling,roughing,conventional,1.406,2,137,373,0,0.0049,3.67,0,1.4059,flood,0,180 DEG. INSERT DRILLS (FLAT).csv
LTH-05,Okuma GENOS L400II-E,,3800,18.5,Default Preset,drill,2205 Duplex (M),M,Peck,drilling,roughing,plunge,1.406,2,96,261,0,0.0025,1.28,0,1.4059,flood,0,180 DEG. INSERT DRILLS (FLAT).csv
LTH-05,Okuma GENOS L400II-E,,3800,18.5,Default Preset,drill,304/316 SS (M),M,Drill,drilling,roughing,conventional,1.5,2,220,560,0,0.0051,5.67,0,1.5,flood,0,180 DEG. INSERT DRILLS (FLAT).csv
LTH-05,Okuma GENOS L400II-E,,3800,18.5,Default Preset,drill,304/316 SS (M),M,Peck,drilling,roughing,plunge,1.5,2,154,392,0,0.0025,1.98,0,1.5,flood,0,180 DEG. INSERT DRILLS (FLAT).csv
LTH-05,Okuma GENOS L400II-E,,3800,18.5,Default Preset,drill,17-4 PH (M),M,Drill,drilling,roughing,conventional,1.5,2,165,420,0,0.0051,4.25,0,1.5,flood,0,180 DEG. INSERT DRILLS (FLAT).csv
LTH-05,Okuma GENOS L400II-E,,3800,18.5,Default Preset,drill,17-4 PH (M),M,Peck,drilling,roughing,plunge,1.5,2,115,294,0,0.0025,1.49,0,1.5,flood,0,180 DEG. INSERT DRILLS (FLAT).csv
LTH-05,Okuma GENOS L400II-E,,3800,18.5,Default Preset,drill,2205 Duplex (M),M,Drill,drilling,roughing,conventional,1.5,2,137,350,0,0.0051,3.54,0,1.5,flood,0,180 DEG. INSERT DRILLS (FLAT).csv
LTH-05,Okuma GENOS L400II-E,,3800,18.5,Default Preset,drill,2205 Duplex (M),M,Peck,drilling,roughing,plunge,1.5,2,96,245,0,0.0025,1.24,0,1.5,flood,0,180 DEG. INSERT DRILLS (FLAT).csv
LTH-05,Okuma GENOS L400II-E,,3800,18.5,Default preset,turning boring,304/316 SS (M),M,Bore Rough,turning,roughing,conventional,0.1563,1,476,,0,0.0049,,0.0984,0.1563,flood,1,BORING  BARS - FINISHING.csv
LTH-05,Okuma GENOS L400II-E,,3800,18.5,Default preset,turning boring,304/316 SS (M),M,Bore Finish,turning,finishing,conventional,0.1563,1,558,,0,0.0024,,0.0157,0.1563,flood,1,BORING  BARS - FINISHING.csv
LTH-05,Okuma GENOS L400II-E,,3800,18.5,Default preset,turning boring,17-4 PH (M),M,Bore Rough,turning,roughing,conventional,0.1563,1,357,,0,0.0049,,0.0984,0.1563,flood,1,BORING  BARS - FINISHING.csv
LTH-05,Okuma GENOS L400II-E,,3800,18.5,Default preset,turning boring,17-4 PH (M),M,Bore Finish,turning,finishing,conventional,0.1563,1,418,,0,0.0024,,0.0157,0.1563,flood,1,BORING  BARS - FINISHING.csv
LTH-05,Okuma GENOS L400II-E,,3800,18.5,Default preset,turning boring,2205 Duplex (M),M,Bore Rough,turning,roughing,conventional,0.1563,1,297,,0,0.0049,,0.0984,0.1563,flood,1,BORING  BARS - FINISHING.csv
LTH-05,Okuma GENOS L400II-E,,3800,18.5,Default preset,turning boring,2205 Duplex (M),M,Bore Finish,turning,finishing,conventional,0.1563,1,349,,0,0.0024,,0.0157,0.1563,flood,1,BORING  BARS - FINISHING.csv
LTH-05,Okuma GENOS L400II-E,,3800,18.5,Default preset,turning boring,304/316 SS (M),M,Bore Rough,turning,roughing,conventional,0.25,1,476,,0,0.0061,,0.0984,0.25,flood,1,BORING  BARS - FINISHING.csv
LTH-05,Okuma GENOS L400II-E,,3800,18.5,Default preset,turning boring,304/316 SS (M),M,Bore Finish,turning,finishing,conventional,0.25,1,558,,0,0.0029,,0.0157,0.25,flood,1,BORING  BARS - FINISHING.csv
LTH-05,Okuma GENOS L400II-E,,3800,18.5,Default preset,turning boring,17-4 PH (M),M,Bore Rough,turning,roughing,conventional,0.25,1,357,,0,0.0061,,0.0984,0.25,flood,1,BORING  BARS - FINISHING.csv
LTH-05,Okuma GENOS L400II-E,,3800,18.5,Default preset,turning boring,17-4 PH (M),M,Bore Finish,turning,finishing,conventional,0.25,1,418,,0,0.0029,,0.0157,0.25,flood,1,BORING  BARS - FINISHING.csv
LTH-05,Okuma GENOS L400II-E,,3800,18.5,Default preset,turning boring,2205 Duplex (M),M,Bore Rough,turning,roughing,conventional,0.25,1,297,,0,0.0061,,0.0984,0.25,flood,1,BORING  BARS - FINISHING.csv
LTH-05,Okuma GENOS L400II-E,,3800,18.5,Default preset,turning boring,2205 Duplex (M),M,Bore Finish,turning,finishing,conventional,0.25,1,349,,0,0.0029,,0.0157,0.25,flood,1,BORING  BARS - FINISHING.csv
LTH-05,Okuma GENOS L400II-E,,3800,18.5,Default preset,turning boring,304/316 SS (M),M,Bore Rough,turning,roughing,conventional,0.25,1,476,,0,0.0061,,0.0984,0.25,flood,1,BORING  BARS - FINISHING.csv
LTH-05,Okuma GENOS L400II-E,,3800,18.5,Default preset,turning boring,304/316 SS (M),M,Bore Finish,turning,finishing,conventional,0.25,1,558,,0,0.0029,,0.0157,0.25,flood,1,BORING  BARS - FINISHING.csv
LTH-05,Okuma GENOS L400II-E,,3800,18.5,Default preset,turning boring,17-4 PH (M),M,Bore Rough,turning,roughing,conventional,0.25,1,357,,0,0.0061,,0.0984,0.25,flood,1,BORING  BARS - FINISHING.csv
LTH-05,Okuma GENOS L400II-E,,3800,18.5,Default preset,turning boring,17-4 PH (M),M,Bore Finish,turning,finishing,conventional,0.25,1,418,,0,0.0029,,0.0157,0.25,flood,1,BORING  BARS - FINISHING.csv
LTH-05,Okuma GENOS L400II-E,,3800,18.5,Default preset,turning boring,2205 Duplex (M),M,Bore Rough,turning,roughing,conventional,0.25,1,297,,0,0.0061,,0.0984,0.25,flood,1,BORING  BARS - FINISHING.csv
LTH-05,Okuma GENOS L400II-E,,3800,18.5,Default preset,turning boring,2205 Duplex (M),M,Bore Finish,turning,finishing,conventional,0.25,1,349,,0,0.0029,,0.0157,0.25,flood,1,BORING  BARS - FINISHING.csv
LTH-05,Okuma GENOS L400II-E,,3800,18.5,Default preset,turning boring,304/316 SS (M),M,Bore Rough,turning,roughing,conventional,0.25,1,476,,0,0.0061,,0.0984,0.25,flood,1,BORING  BARS - FINISHING.csv
LTH-05,Okuma GENOS L400II-E,,3800,18.5,Default preset,turning boring,304/316 SS (M),M,Bore Finish,turning,finishing,conventional,0.25,1,558,,0,0.0029,,0.0157,0.25,flood,1,BORING  BARS - FINISHING.csv
LTH-05,Okuma GENOS L400II-E,,3800,18.5,Default preset,turning boring,17-4 PH (M),M,Bore Rough,turning,roughing,conventional,0.25,1,357,,0,0.0061,,0.0984,0.25,flood,1,BORING  BARS - FINISHING.csv
LTH-05,Okuma GENOS L400II-E,,3800,18.5,Default preset,turning boring,17-4 PH (M),M,Bore Finish,turning,finishing,conventional,0.25,1,418,,0,0.0029,,0.0157,0.25,flood,1,BORING  BARS - FINISHING.csv
LTH-05,Okuma GENOS L400II-E,,3800,18.5,Default preset,turning boring,2205 Duplex (M),M,Bore Rough,turning,roughing,conventional,0.25,1,297,,0,0.0061,,0.0984,0.25,flood,1,BORING  BARS - FINISHING.csv
LTH-05,Okuma GENOS L400II-E,,3800,18.5,Default preset,turning boring,2205 Duplex (M),M,Bore Finish,turning,finishing,conventional,0.25,1,349,,0,0.0029,,0.0157,0.25,flood,1,BORING  BARS - FINISHING.csv
LTH-05,Okuma GENOS L400II-E,,3800,18.5,Default preset,turning boring,304/316 SS (M),M,Bore Rough,turning,roughing,conventional,0.25,1,476,,0,0.0061,,0.0984,0.25,flood,1,BORING  BARS - FINISHING.csv
LTH-05,Okuma GENOS L400II-E,,3800,18.5,Default preset,turning boring,304/316 SS (M),M,Bore Finish,turning,finishing,conventional,0.25,1,558,,0,0.0029,,0.0157,0.25,flood,1,BORING  BARS - FINISHING.csv
LTH-05,Okuma GENOS L400II-E,,3800,18.5,Default preset,turning boring,17-4 PH (M),M,Bore Rough,turning,roughing,conventional,0.25,1,357,,0,0.0061,,0.0984,0.25,flood,1,BORING  BARS - FINISHING.csv
LTH-05,Okuma GENOS L400II-E,,3800,18.5,Default preset,turning boring,17-4 PH (M),M,Bore Finish,turning,finishing,conventional,0.25,1,418,,0,0.0029,,0.0157,0.25,flood,1,BORING  BARS - FINISHING.csv
LTH-05,Okuma GENOS L400II-E,,3800,18.5,Default preset,turning boring,2205 Duplex (M),M,Bore Rough,turning,roughing,conventional,0.25,1,297,,0,0.0061,,0.0984,0.25,flood,1,BORING  BARS - FINISHING.csv
LTH-05,Okuma GENOS L400II-E,,3800,18.5,Default preset,turning boring,2205 Duplex (M),M,Bore Finish,turning,finishing,conventional,0.25,1,349,,0,0.0029,,0.0157,0.25,flood,1,BORING  BARS - FINISHING.csv
LTH-05,Okuma GENOS L400II-E,,3800,18.5,Default preset,turning boring,304/316 SS (M),M,Bore Rough,turning,roughing,conventional,0.25,1,476,,0,0.0061,,0.0984,0.25,flood,1,BORING  BARS - FINISHING.csv
LTH-05,Okuma GENOS L400II-E,,3800,18.5,Default preset,turning boring,304/316 SS (M),M,Bore Finish,turning,finishing,conventional,0.25,1,558,,0,0.0029,,0.0157,0.25,flood,1,BORING  BARS - FINISHING.csv
LTH-05,Okuma GENOS L400II-E,,3800,18.5,Default preset,turning boring,17-4 PH (M),M,Bore Rough,turning,roughing,conventional,0.25,1,357,,0,0.0061,,0.0984,0.25,flood,1,BORING  BARS - FINISHING.csv
LTH-05,Okuma GENOS L400II-E,,3800,18.5,Default preset,turning boring,17-4 PH (M),M,Bore Finish,turning,finishing,conventional,0.25,1,418,,0,0.0029,,0.0157,0.25,flood,1,BORING  BARS - FINISHING.csv
LTH-05,Okuma GENOS L400II-E,,3800,18.5,Default preset,turning boring,2205 Duplex (M),M,Bore Rough,turning,roughing,conventional,0.25,1,297,,0,0.0061,,0.0984,0.25,flood,1,BORING  BARS - FINISHING.csv
LTH-05,Okuma GENOS L400II-E,,3800,18.5,Default preset,turning boring,2205 Duplex (M),M,Bore Finish,turning,finishing,conventional,0.25,1,349,,0,0.0029,,0.0157,0.25,flood,1,BORING  BARS - FINISHING.csv
LTH-05,Okuma GENOS L400II-E,,3800,18.5,Default preset,turning boring,304/316 SS (M),M,Bore Rough,turning,roughing,conventional,0.25,1,476,,0,0.0061,,0.0984,0.25,flood,1,BORING  BARS - FINISHING.csv
LTH-05,Okuma GENOS L400II-E,,3800,18.5,Default preset,turning boring,304/316 SS (M),M,Bore Finish,turning,finishing,conventional,0.25,1,558,,0,0.0029,,0.0157,0.25,flood,1,BORING  BARS - FINISHING.csv
LTH-05,Okuma GENOS L400II-E,,3800,18.5,Default preset,turning boring,17-4 PH (M),M,Bore Rough,turning,roughing,conventional,0.25,1,357,,0,0.0061,,0.0984,0.25,flood,1,BORING  BARS - FINISHING.csv
LTH-05,Okuma GENOS L400II-E,,3800,18.5,Default preset,turning boring,17-4 PH (M),M,Bore Finish,turning,finishing,conventional,0.25,1,418,,0,0.0029,,0.0157,0.25,flood,1,BORING  BARS - FINISHING.csv
LTH-05,Okuma GENOS L400II-E,,3800,18.5,Default preset,turning boring,2205 Duplex (M),M,Bore Rough,turning,roughing,conventional,0.25,1,297,,0,0.0061,,0.0984,0.25,flood,1,BORING  BARS - FINISHING.csv
LTH-05,Okuma GENOS L400II-E,,3800,18.5,Default preset,turning boring,2205 Duplex (M),M,Bore Finish,turning,finishing,conventional,0.25,1,349,,0,0.0029,,0.0157,0.25,flood,1,BORING  BARS - FINISHING.csv
LTH-05,Okuma GENOS L400II-E,,3800,18.5,Default preset,turning boring,304/316 SS (M),M,Bore Rough,turning,roughing,conventional,0.1563,1,476,,0,0.0049,,0.0984,0.1563,flood,1,BORING  BARS - FINISHING.csv
LTH-05,Okuma GENOS L400II-E,,3800,18.5,Default preset,turning boring,304/316 SS (M),M,Bore Finish,turning,finishing,conventional,0.1563,1,558,,0,0.0024,,0.0157,0.1563,flood,1,BORING  BARS - FINISHING.csv
LTH-05,Okuma GENOS L400II-E,,3800,18.5,Default preset,turning boring,17-4 PH (M),M,Bore Rough,turning,roughing,conventional,0.1563,1,357,,0,0.0049,,0.0984,0.1563,flood,1,BORING  BARS - FINISHING.csv
LTH-05,Okuma GENOS L400II-E,,3800,18.5,Default preset,turning boring,17-4 PH (M),M,Bore Finish,turning,finishing,conventional,0.1563,1,418,,0,0.0024,,0.0157,0.1563,flood,1,BORING  BARS - FINISHING.csv
LTH-05,Okuma GENOS L400II-E,,3800,18.5,Default preset,turning boring,2205 Duplex (M),M,Bore Rough,turning,roughing,conventional,0.1563,1,297,,0,0.0049,,0.0984,0.1563,flood,1,BORING  BARS - FINISHING.csv
LTH-05,Okuma GENOS L400II-E,,3800,18.5,Default preset,turning boring,2205 Duplex (M),M,Bore Finish,turning,finishing,conventional,0.1563,1,349,,0,0.0024,,0.0157,0.1563,flood,1,BORING  BARS - FINISHING.csv
LTH-05,Okuma GENOS L400II-E,,3800,18.5,Default preset,turning boring,304/316 SS (M),M,Bore Rough,turning,roughing,conventional,0.25,1,476,,0,0.0061,,0.0984,0.25,flood,1,BORING  BARS - FINISHING.csv
LTH-05,Okuma GENOS L400II-E,,3800,18.5,Default preset,turning boring,304/316 SS (M),M,Bore Finish,turning,finishing,conventional,0.25,1,558,,0,0.0029,,0.0157,0.25,flood,1,BORING  BARS - FINISHING.csv
LTH-05,Okuma GENOS L400II-E,,3800,18.5,Default preset,turning boring,17-4 PH (M),M,Bore Rough,turning,roughing,conventional,0.25,1,357,,0,0.0061,,0.0984,0.25,flood,1,BORING  BARS - FINISHING.csv
LTH-05,Okuma GENOS L400II-E,,3800,18.5,Default preset,turning boring,17-4 PH (M),M,Bore Finish,turning,finishing,conventional,0.25,1,418,,0,0.0029,,0.0157,0.25,flood,1,BORING  BARS - FINISHING.csv
LTH-05,Okuma GENOS L400II-E,,3800,18.5,Default preset,turning boring,2205 Duplex (M),M,Bore Rough,turning,roughing,conventional,0.25,1,297,,0,0.0061,,0.0984,0.25,flood,1,BORING  BARS - FINISHING.csv
LTH-05,Okuma GENOS L400II-E,,3800,18.5,Default preset,turning boring,2205 Duplex (M),M,Bore Finish,turning,finishing,conventional,0.25,1,349,,0,0.0029,,0.0157,0.25,flood,1,BORING  BARS - FINISHING.csv
LTH-05,Okuma GENOS L400II-E,,3800,18.5,Default preset,turning boring,304/316 SS (M),M,Bore Rough,turning,roughing,conventional,0.25,1,476,,0,0.0061,,0.0984,0.25,flood,1,BORING  BARS - FINISHING.csv
LTH-05,Okuma GENOS L400II-E,,3800,18.5,Default preset,turning boring,304/316 SS (M),M,Bore Finish,turning,finishing,conventional,0.25,1,558,,0,0.0029,,0.0157,0.25,flood,1,BORING  BARS - FINISHING.csv
LTH-05,Okuma GENOS L400II-E,,3800,18.5,Default preset,turning boring,17-4 PH (M),M,Bore Rough,turning,roughing,conventional,0.25,1,357,,0,0.0061,,0.0984,0.25,flood,1,BORING  BARS - FINISHING.csv
LTH-05,Okuma GENOS L400II-E,,3800,18.5,Default preset,turning boring,17-4 PH (M),M,Bore Finish,turning,finishing,conventional,0.25,1,418,,0,0.0029,,0.0157,0.25,flood,1,BORING  BARS - FINISHING.csv
LTH-05,Okuma GENOS L400II-E,,3800,18.5,Default preset,turning boring,2205 Duplex (M),M,Bore Rough,turning,roughing,conventional,0.25,1,297,,0,0.0061,,0.0984,0.25,flood,1,BORING  BARS - FINISHING.csv
LTH-05,Okuma GENOS L400II-E,,3800,18.5,Default preset,turning boring,2205 Duplex (M),M,Bore Finish,turning,finishing,conventional,0.25,1,349,,0,0.0029,,0.0157,0.25,flood,1,BORING  BARS - FINISHING.csv
LTH-05,Okuma GENOS L400II-E,,3800,18.5,Default preset,turning boring,304/316 SS (M),M,Bore Rough,turning,roughing,conventional,0.25,1,476,,0,0.0061,,0.0984,0.25,flood,1,BORING  BARS - FINISHING.csv
LTH-05,Okuma GENOS L400II-E,,3800,18.5,Default preset,turning boring,304/316 SS (M),M,Bore Finish,turning,finishing,conventional,0.25,1,558,,0,0.0029,,0.0157,0.25,flood,1,BORING  BARS - FINISHING.csv
LTH-05,Okuma GENOS L400II-E,,3800,18.5,Default preset,turning boring,17-4 PH (M),M,Bore Rough,turning,roughing,conventional,0.25,1,357,,0,0.0061,,0.0984,0.25,flood,1,BORING  BARS - FINISHING.csv
LTH-05,Okuma GENOS L400II-E,,3800,18.5,Default preset,turning boring,17-4 PH (M),M,Bore Finish,turning,finishing,conventional,0.25,1,418,,0,0.0029,,0.0157,0.25,flood,1,BORING  BARS - FINISHING.csv
LTH-05,Okuma GENOS L400II-E,,3800,18.5,Default preset,turning boring,2205 Duplex (M),M,Bore Rough,turning,roughing,conventional,0.25,1,297,,0,0.0061,,0.0984,0.25,flood,1,BORING  BARS - FINISHING.csv
LTH-05,Okuma GENOS L400II-E,,3800,18.5,Default preset,turning boring,2205 Duplex (M),M,Bore Finish,turning,finishing,conventional,0.25,1,349,,0,0.0029,,0.0157,0.25,flood,1,BORING  BARS - FINISHING.csv
LTH-05,Okuma GENOS L400II-E,,3800,18.5,Default preset,turning boring,304/316 SS (M),M,Bore Rough,turning,roughing,conventional,0.25,1,476,,0,0.0061,,0.0984,0.25,flood,1,BORING  BARS - FINISHING.csv
LTH-05,Okuma GENOS L400II-E,,3800,18.5,Default preset,turning boring,304/316 SS (M),M,Bore Finish,turning,finishing,conventional,0.25,1,558,,0,0.0029,,0.0157,0.25,flood,1,BORING  BARS - FINISHING.csv
LTH-05,Okuma GENOS L400II-E,,3800,18.5,Default preset,turning boring,17-4 PH (M),M,Bore Rough,turning,roughing,conventional,0.25,1,357,,0,0.0061,,0.0984,0.25,flood,1,BORING  BARS - FINISHING.csv
LTH-05,Okuma GENOS L400II-E,,3800,18.5,Default preset,turning boring,17-4 PH (M),M,Bore Finish,turning,finishing,conventional,0.25,1,418,,0,0.0029,,0.0157,0.25,flood,1,BORING  BARS - FINISHING.csv
LTH-05,Okuma GENOS L400II-E,,3800,18.5,Default preset,turning boring,2205 Duplex (M),M,Bore Rough,turning,roughing,conventional,0.25,1,297,,0,0.0061,,0.0984,0.25,flood,1,BORING  BARS - FINISHING.csv
LTH-05,Okuma GENOS L400II-E,,3800,18.5,Default preset,turning boring,2205 Duplex (M),M,Bore Finish,turning,finishing,conventional,0.25,1,349,,0,0.0029,,0.0157,0.25,flood,1,BORING  BARS - FINISHING.csv
LTH-05,Okuma GENOS L400II-E,,3800,18.5,Default preset,turning boring,304/316 SS (M),M,Bore Rough,turning,roughing,conventional,0.25,1,476,,0,0.0061,,0.0984,0.25,flood,1,BORING  BARS - FINISHING.csv
LTH-05,Okuma GENOS L400II-E,,3800,18.5,Default preset,turning boring,304/316 SS (M),M,Bore Finish,turning,finishing,conventional,0.25,1,558,,0,0.0029,,0.0157,0.25,flood,1,BORING  BARS - FINISHING.csv
LTH-05,Okuma GENOS L400II-E,,3800,18.5,Default preset,turning boring,17-4 PH (M),M,Bore Rough,turning,roughing,conventional,0.25,1,357,,0,0.0061,,0.0984,0.25,flood,1,BORING  BARS - FINISHING.csv
LTH-05,Okuma GENOS L400II-E,,3800,18.5,Default preset,turning boring,17-4 PH (M),M,Bore Finish,turning,finishing,conventional,0.25,1,418,,0,0.0029,,0.0157,0.25,flood,1,BORING  BARS - FINISHING.csv
LTH-05,Okuma GENOS L400II-E,,3800,18.5,Default preset,turning boring,2205 Duplex (M),M,Bore Rough,turning,roughing,conventional,0.25,1,297,,0,0.0061,,0.0984,0.25,flood,1,BORING  BARS - FINISHING.csv
LTH-05,Okuma GENOS L400II-E,,3800,18.5,Default preset,turning boring,2205 Duplex (M),M,Bore Finish,turning,finishing,conventional,0.25,1,349,,0,0.0029,,0.0157,0.25,flood,1,BORING  BARS - FINISHING.csv
LTH-05,Okuma GENOS L400II-E,,3800,18.5,Default preset,turning boring,304/316 SS (M),M,Bore Rough,turning,roughing,conventional,0.25,1,476,,0,0.0061,,0.0984,0.25,flood,1,BORING  BARS - FINISHING.csv
LTH-05,Okuma GENOS L400II-E,,3800,18.5,Default preset,turning boring,304/316 SS (M),M,Bore Finish,turning,finishing,conventional,0.25,1,558,,0,0.0029,,0.0157,0.25,flood,1,BORING  BARS - FINISHING.csv
LTH-05,Okuma GENOS L400II-E,,3800,18.5,Default preset,turning boring,17-4 PH (M),M,Bore Rough,turning,roughing,conventional,0.25,1,357,,0,0.0061,,0.0984,0.25,flood,1,BORING  BARS - FINISHING.csv
LTH-05,Okuma GENOS L400II-E,,3800,18.5,Default preset,turning boring,17-4 PH (M),M,Bore Finish,turning,finishing,conventional,0.25,1,418,,0,0.0029,,0.0157,0.25,flood,1,BORING  BARS - FINISHING.csv
LTH-05,Okuma GENOS L400II-E,,3800,18.5,Default preset,turning boring,2205 Duplex (M),M,Bore Rough,turning,roughing,conventional,0.25,1,297,,0,0.0061,,0.0984,0.25,flood,1,BORING  BARS - FINISHING.csv
LTH-05,Okuma GENOS L400II-E,,3800,18.5,Default preset,turning boring,2205 Duplex (M),M,Bore Finish,turning,finishing,conventional,0.25,1,349,,0,0.0029,,0.0157,0.25,flood,1,BORING  BARS - FINISHING.csv
LTH-05,Okuma GENOS L400II-E,,3800,18.5,Default preset,turning boring,304/316 SS (M),M,Bore Rough,turning,roughing,conventional,0.1563,1,476,,0,0.0049,,0.0984,0.1563,flood,1,BORING BARS - ROUGHING.csv
LTH-05,Okuma GENOS L400II-E,,3800,18.5,Default preset,turning boring,304/316 SS (M),M,Bore Finish,turning,finishing,conventional,0.1563,1,558,,0,0.0024,,0.0157,0.1563,flood,1,BORING BARS - ROUGHING.csv
LTH-05,Okuma GENOS L400II-E,,3800,18.5,Default preset,turning boring,17-4 PH (M),M,Bore Rough,turning,roughing,conventional,0.1563,1,357,,0,0.0049,,0.0984,0.1563,flood,1,BORING BARS - ROUGHING.csv
LTH-05,Okuma GENOS L400II-E,,3800,18.5,Default preset,turning boring,17-4 PH (M),M,Bore Finish,turning,finishing,conventional,0.1563,1,418,,0,0.0024,,0.0157,0.1563,flood,1,BORING BARS - ROUGHING.csv
LTH-05,Okuma GENOS L400II-E,,3800,18.5,Default preset,turning boring,2205 Duplex (M),M,Bore Rough,turning,roughing,conventional,0.1563,1,297,,0,0.0049,,0.0984,0.1563,flood,1,BORING BARS - ROUGHING.csv
LTH-05,Okuma GENOS L400II-E,,3800,18.5,Default preset,turning boring,2205 Duplex (M),M,Bore Finish,turning,finishing,conventional,0.1563,1,349,,0,0.0024,,0.0157,0.1563,flood,1,BORING BARS - ROUGHING.csv
LTH-05,Okuma GENOS L400II-E,,3800,18.5,Default preset,turning boring,304/316 SS (M),M,Bore Rough,turning,roughing,conventional,0.25,1,476,,0,0.0061,,0.0984,0.25,flood,1,BORING BARS - ROUGHING.csv
LTH-05,Okuma GENOS L400II-E,,3800,18.5,Default preset,turning boring,304/316 SS (M),M,Bore Finish,turning,finishing,conventional,0.25,1,558,,0,0.0029,,0.0157,0.25,flood,1,BORING BARS - ROUGHING.csv
LTH-05,Okuma GENOS L400II-E,,3800,18.5,Default preset,turning boring,17-4 PH (M),M,Bore Rough,turning,roughing,conventional,0.25,1,357,,0,0.0061,,0.0984,0.25,flood,1,BORING BARS - ROUGHING.csv
LTH-05,Okuma GENOS L400II-E,,3800,18.5,Default preset,turning boring,17-4 PH (M),M,Bore Finish,turning,finishing,conventional,0.25,1,418,,0,0.0029,,0.0157,0.25,flood,1,BORING BARS - ROUGHING.csv
LTH-05,Okuma GENOS L400II-E,,3800,18.5,Default preset,turning boring,2205 Duplex (M),M,Bore Rough,turning,roughing,conventional,0.25,1,297,,0,0.0061,,0.0984,0.25,flood,1,BORING BARS - ROUGHING.csv
LTH-05,Okuma GENOS L400II-E,,3800,18.5,Default preset,turning boring,2205 Duplex (M),M,Bore Finish,turning,finishing,conventional,0.25,1,349,,0,0.0029,,0.0157,0.25,flood,1,BORING BARS - ROUGHING.csv
LTH-05,Okuma GENOS L400II-E,,3800,18.5,Default preset,turning boring,304/316 SS (M),M,Bore Rough,turning,roughing,conventional,0.25,1,476,,0,0.0061,,0.0984,0.25,flood,1,BORING BARS - ROUGHING.csv
LTH-05,Okuma GENOS L400II-E,,3800,18.5,Default preset,turning boring,304/316 SS (M),M,Bore Finish,turning,finishing,conventional,0.25,1,558,,0,0.0029,,0.0157,0.25,flood,1,BORING BARS - ROUGHING.csv
LTH-05,Okuma GENOS L400II-E,,3800,18.5,Default preset,turning boring,17-4 PH (M),M,Bore Rough,turning,roughing,conventional,0.25,1,357,,0,0.0061,,0.0984,0.25,flood,1,BORING BARS - ROUGHING.csv
LTH-05,Okuma GENOS L400II-E,,3800,18.5,Default preset,turning boring,17-4 PH (M),M,Bore Finish,turning,finishing,conventional,0.25,1,418,,0,0.0029,,0.0157,0.25,flood,1,BORING BARS - ROUGHING.csv
LTH-05,Okuma GENOS L400II-E,,3800,18.5,Default preset,turning boring,2205 Duplex (M),M,Bore Rough,turning,roughing,conventional,0.25,1,297,,0,0.0061,,0.0984,0.25,flood,1,BORING BARS - ROUGHING.csv
LTH-05,Okuma GENOS L400II-E,,3800,18.5,Default preset,turning boring,2205 Duplex (M),M,Bore Finish,turning,finishing,conventional,0.25,1,349,,0,0.0029,,0.0157,0.25,flood,1,BORING BARS - ROUGHING.csv
LTH-05,Okuma GENOS L400II-E,,3800,18.5,Default preset,turning boring,304/316 SS (M),M,Bore Rough,turning,roughing,conventional,0.25,1,476,,0,0.0061,,0.0984,0.25,flood,1,BORING BARS - ROUGHING.csv
LTH-05,Okuma GENOS L400II-E,,3800,18.5,Default preset,turning boring,304/316 SS (M),M,Bore Finish,turning,finishing,conventional,0.25,1,558,,0,0.0029,,0.0157,0.25,flood,1,BORING BARS - ROUGHING.csv
LTH-05,Okuma GENOS L400II-E,,3800,18.5,Default preset,turning boring,17-4 PH (M),M,Bore Rough,turning,roughing,conventional,0.25,1,357,,0,0.0061,,0.0984,0.25,flood,1,BORING BARS - ROUGHING.csv
LTH-05,Okuma GENOS L400II-E,,3800,18.5,Default preset,turning boring,17-4 PH (M),M,Bore Finish,turning,finishing,conventional,0.25,1,418,,0,0.0029,,0.0157,0.25,flood,1,BORING BARS - ROUGHING.csv
LTH-05,Okuma GENOS L400II-E,,3800,18.5,Default preset,turning boring,2205 Duplex (M),M,Bore Rough,turning,roughing,conventional,0.25,1,297,,0,0.0061,,0.0984,0.25,flood,1,BORING BARS - ROUGHING.csv
LTH-05,Okuma GENOS L400II-E,,3800,18.5,Default preset,turning boring,2205 Duplex (M),M,Bore Finish,turning,finishing,conventional,0.25,1,349,,0,0.0029,,0.0157,0.25,flood,1,BORING BARS - ROUGHING.csv
LTH-05,Okuma GENOS L400II-E,,3800,18.5,Default preset,turning boring,304/316 SS (M),M,Bore Rough,turning,roughing,conventional,0.25,1,476,,0,0.0061,,0.0984,0.25,flood,1,BORING BARS - ROUGHING.csv
LTH-05,Okuma GENOS L400II-E,,3800,18.5,Default preset,turning boring,304/316 SS (M),M,Bore Finish,turning,finishing,conventional,0.25,1,558,,0,0.0029,,0.0157,0.25,flood,1,BORING BARS - ROUGHING.csv
LTH-05,Okuma GENOS L400II-E,,3800,18.5,Default preset,turning boring,17-4 PH (M),M,Bore Rough,turning,roughing,conventional,0.25,1,357,,0,0.0061,,0.0984,0.25,flood,1,BORING BARS - ROUGHING.csv
LTH-05,Okuma GENOS L400II-E,,3800,18.5,Default preset,turning boring,17-4 PH (M),M,Bore Finish,turning,finishing,conventional,0.25,1,418,,0,0.0029,,0.0157,0.25,flood,1,BORING BARS - ROUGHING.csv
LTH-05,Okuma GENOS L400II-E,,3800,18.5,Default preset,turning boring,2205 Duplex (M),M,Bore Rough,turning,roughing,conventional,0.25,1,297,,0,0.0061,,0.0984,0.25,flood,1,BORING BARS - ROUGHING.csv
LTH-05,Okuma GENOS L400II-E,,3800,18.5,Default preset,turning boring,2205 Duplex (M),M,Bore Finish,turning,finishing,conventional,0.25,1,349,,0,0.0029,,0.0157,0.25,flood,1,BORING BARS - ROUGHING.csv
LTH-05,Okuma GENOS L400II-E,,3800,18.5,Default preset,turning boring,304/316 SS (M),M,Bore Rough,turning,roughing,conventional,0.25,1,476,,0,0.0061,,0.0984,0.25,flood,1,BORING BARS - ROUGHING.csv
LTH-05,Okuma GENOS L400II-E,,3800,18.5,Default preset,turning boring,304/316 SS (M),M,Bore Finish,turning,finishing,conventional,0.25,1,558,,0,0.0029,,0.0157,0.25,flood,1,BORING BARS - ROUGHING.csv
LTH-05,Okuma GENOS L400II-E,,3800,18.5,Default preset,turning boring,17-4 PH (M),M,Bore Rough,turning,roughing,conventional,0.25,1,357,,0,0.0061,,0.0984,0.25,flood,1,BORING BARS - ROUGHING.csv
LTH-05,Okuma GENOS L400II-E,,3800,18.5,Default preset,turning boring,17-4 PH (M),M,Bore Finish,turning,finishing,conventional,0.25,1,418,,0,0.0029,,0.0157,0.25,flood,1,BORING BARS - ROUGHING.csv
LTH-05,Okuma GENOS L400II-E,,3800,18.5,Default preset,turning boring,2205 Duplex (M),M,Bore Rough,turning,roughing,conventional,0.25,1,297,,0,0.0061,,0.0984,0.25,flood,1,BORING BARS - ROUGHING.csv
LTH-05,Okuma GENOS L400II-E,,3800,18.5,Default preset,turning boring,2205 Duplex (M),M,Bore Finish,turning,finishing,conventional,0.25,1,349,,0,0.0029,,0.0157,0.25,flood,1,BORING BARS - ROUGHING.csv
LTH-05,Okuma GENOS L400II-E,,3800,18.5,Default preset,turning boring,304/316 SS (M),M,Bore Rough,turning,roughing,conventional,0.25,1,476,,0,0.0061,,0.0984,0.25,flood,1,BORING BARS - ROUGHING.csv
LTH-05,Okuma GENOS L400II-E,,3800,18.5,Default preset,turning boring,304/316 SS (M),M,Bore Finish,turning,finishing,conventional,0.25,1,558,,0,0.0029,,0.0157,0.25,flood,1,BORING BARS - ROUGHING.csv
LTH-05,Okuma GENOS L400II-E,,3800,18.5,Default preset,turning boring,17-4 PH (M),M,Bore Rough,turning,roughing,conventional,0.25,1,357,,0,0.0061,,0.0984,0.25,flood,1,BORING BARS - ROUGHING.csv
LTH-05,Okuma GENOS L400II-E,,3800,18.5,Default preset,turning boring,17-4 PH (M),M,Bore Finish,turning,finishing,conventional,0.25,1,418,,0,0.0029,,0.0157,0.25,flood,1,BORING BARS - ROUGHING.csv
LTH-05,Okuma GENOS L400II-E,,3800,18.5,Default preset,turning boring,2205 Duplex (M),M,Bore Rough,turning,roughing,conventional,0.25,1,297,,0,0.0061,,0.0984,0.25,flood,1,BORING BARS - ROUGHING.csv
LTH-05,Okuma GENOS L400II-E,,3800,18.5,Default preset,turning boring,2205 Duplex (M),M,Bore Finish,turning,finishing,conventional,0.25,1,349,,0,0.0029,,0.0157,0.25,flood,1,BORING BARS - ROUGHING.csv
LTH-05,Okuma GENOS L400II-E,,3800,18.5,Default preset,turning boring,304/316 SS (M),M,Bore Rough,turning,roughing,conventional,0.25,1,476,,0,0.0061,,0.0984,0.25,flood,1,BORING BARS - ROUGHING.csv
LTH-05,Okuma GENOS L400II-E,,3800,18.5,Default preset,turning boring,304/316 SS (M),M,Bore Finish,turning,finishing,conventional,0.25,1,558,,0,0.0029,,0.0157,0.25,flood,1,BORING BARS - ROUGHING.csv
LTH-05,Okuma GENOS L400II-E,,3800,18.5,Default preset,turning boring,17-4 PH (M),M,Bore Rough,turning,roughing,conventional,0.25,1,357,,0,0.0061,,0.0984,0.25,flood,1,BORING BARS - ROUGHING.csv
LTH-05,Okuma GENOS L400II-E,,3800,18.5,Default preset,turning boring,17-4 PH (M),M,Bore Finish,turning,finishing,conventional,0.25,1,418,,0,0.0029,,0.0157,0.25,flood,1,BORING BARS - ROUGHING.csv
LTH-05,Okuma GENOS L400II-E,,3800,18.5,Default preset,turning boring,2205 Duplex (M),M,Bore Rough,turning,roughing,conventional,0.25,1,297,,0,0.0061,,0.0984,0.25,flood,1,BORING BARS - ROUGHING.csv
LTH-05,Okuma GENOS L400II-E,,3800,18.5,Default preset,turning boring,2205 Duplex (M),M,Bore Finish,turning,finishing,conventional,0.25,1,349,,0,0.0029,,0.0157,0.25,flood,1,BORING BARS - ROUGHING.csv
LTH-05,Okuma GENOS L400II-E,,3800,18.5,Default preset,turning boring,304/316 SS (M),M,Bore Rough,turning,roughing,conventional,0.1563,1,476,,0,0.0049,,0.0984,0.1563,flood,1,BORING BARS - ROUGHING.csv
LTH-05,Okuma GENOS L400II-E,,3800,18.5,Default preset,turning boring,304/316 SS (M),M,Bore Finish,turning,finishing,conventional,0.1563,1,558,,0,0.0024,,0.0157,0.1563,flood,1,BORING BARS - ROUGHING.csv
LTH-05,Okuma GENOS L400II-E,,3800,18.5,Default preset,turning boring,17-4 PH (M),M,Bore Rough,turning,roughing,conventional,0.1563,1,357,,0,0.0049,,0.0984,0.1563,flood,1,BORING BARS - ROUGHING.csv
LTH-05,Okuma GENOS L400II-E,,3800,18.5,Default preset,turning boring,17-4 PH (M),M,Bore Finish,turning,finishing,conventional,0.1563,1,418,,0,0.0024,,0.0157,0.1563,flood,1,BORING BARS - ROUGHING.csv
LTH-05,Okuma GENOS L400II-E,,3800,18.5,Default preset,turning boring,2205 Duplex (M),M,Bore Rough,turning,roughing,conventional,0.1563,1,297,,0,0.0049,,0.0984,0.1563,flood,1,BORING BARS - ROUGHING.csv
LTH-05,Okuma GENOS L400II-E,,3800,18.5,Default preset,turning boring,2205 Duplex (M),M,Bore Finish,turning,finishing,conventional,0.1563,1,349,,0,0.0024,,0.0157,0.1563,flood,1,BORING BARS - ROUGHING.csv
LTH-05,Okuma GENOS L400II-E,,3800,18.5,Default preset,turning boring,304/316 SS (M),M,Bore Rough,turning,roughing,conventional,0.25,1,476,,0,0.0061,,0.0984,0.25,flood,1,BORING BARS - ROUGHING.csv
LTH-05,Okuma GENOS L400II-E,,3800,18.5,Default preset,turning boring,304/316 SS (M),M,Bore Finish,turning,finishing,conventional,0.25,1,558,,0,0.0029,,0.0157,0.25,flood,1,BORING BARS - ROUGHING.csv
LTH-05,Okuma GENOS L400II-E,,3800,18.5,Default preset,turning boring,17-4 PH (M),M,Bore Rough,turning,roughing,conventional,0.25,1,357,,0,0.0061,,0.0984,0.25,flood,1,BORING BARS - ROUGHING.csv
LTH-05,Okuma GENOS L400II-E,,3800,18.5,Default preset,turning boring,17-4 PH (M),M,Bore Finish,turning,finishing,conventional,0.25,1,418,,0,0.0029,,0.0157,0.25,flood,1,BORING BARS - ROUGHING.csv
LTH-05,Okuma GENOS L400II-E,,3800,18.5,Default preset,turning boring,2205 Duplex (M),M,Bore Rough,turning,roughing,conventional,0.25,1,297,,0,0.0061,,0.0984,0.25,flood,1,BORING BARS - ROUGHING.csv
LTH-05,Okuma GENOS L400II-E,,3800,18.5,Default preset,turning boring,2205 Duplex (M),M,Bore Finish,turning,finishing,conventional,0.25,1,349,,0,0.0029,,0.0157,0.25,flood,1,BORING BARS - ROUGHING.csv
LTH-05,Okuma GENOS L400II-E,,3800,18.5,Default preset,turning boring,304/316 SS (M),M,Bore Rough,turning,roughing,conventional,0.25,1,476,,0,0.0061,,0.0984,0.25,flood,1,BORING BARS - ROUGHING.csv
LTH-05,Okuma GENOS L400II-E,,3800,18.5,Default preset,turning boring,304/316 SS (M),M,Bore Finish,turning,finishing,conventional,0.25,1,558,,0,0.0029,,0.0157,0.25,flood,1,BORING BARS - ROUGHING.csv
LTH-05,Okuma GENOS L400II-E,,3800,18.5,Default preset,turning boring,17-4 PH (M),M,Bore Rough,turning,roughing,conventional,0.25,1,357,,0,0.0061,,0.0984,0.25,flood,1,BORING BARS - ROUGHING.csv
LTH-05,Okuma GENOS L400II-E,,3800,18.5,Default preset,turning boring,17-4 PH (M),M,Bore Finish,turning,finishing,conventional,0.25,1,418,,0,0.0029,,0.0157,0.25,flood,1,BORING BARS - ROUGHING.csv
LTH-05,Okuma GENOS L400II-E,,3800,18.5,Default preset,turning boring,2205 Duplex (M),M,Bore Rough,turning,roughing,conventional,0.25,1,297,,0,0.0061,,0.0984,0.25,flood,1,BORING BARS - ROUGHING.csv
LTH-05,Okuma GENOS L400II-E,,3800,18.5,Default preset,turning boring,2205 Duplex (M),M,Bore Finish,turning,finishing,conventional,0.25,1,349,,0,0.0029,,0.0157,0.25,flood,1,BORING BARS - ROUGHING.csv
LTH-05,Okuma GENOS L400II-E,,3800,18.5,Default preset,turning boring,304/316 SS (M),M,Bore Rough,turning,roughing,conventional,0.25,1,476,,0,0.0061,,0.0984,0.25,flood,1,BORING BARS - ROUGHING.csv
LTH-05,Okuma GENOS L400II-E,,3800,18.5,Default preset,turning boring,304/316 SS (M),M,Bore Finish,turning,finishing,conventional,0.25,1,558,,0,0.0029,,0.0157,0.25,flood,1,BORING BARS - ROUGHING.csv
LTH-05,Okuma GENOS L400II-E,,3800,18.5,Default preset,turning boring,17-4 PH (M),M,Bore Rough,turning,roughing,conventional,0.25,1,357,,0,0.0061,,0.0984,0.25,flood,1,BORING BARS - ROUGHING.csv
LTH-05,Okuma GENOS L400II-E,,3800,18.5,Default preset,turning boring,17-4 PH (M),M,Bore Finish,turning,finishing,conventional,0.25,1,418,,0,0.0029,,0.0157,0.25,flood,1,BORING BARS - ROUGHING.csv
LTH-05,Okuma GENOS L400II-E,,3800,18.5,Default preset,turning boring,2205 Duplex (M),M,Bore Rough,turning,roughing,conventional,0.25,1,297,,0,0.0061,,0.0984,0.25,flood,1,BORING BARS - ROUGHING.csv
LTH-05,Okuma GENOS L400II-E,,3800,18.5,Default preset,turning boring,2205 Duplex (M),M,Bore Finish,turning,finishing,conventional,0.25,1,349,,0,0.0029,,0.0157,0.25,flood,1,BORING BARS - ROUGHING.csv
LTH-05,Okuma GENOS L400II-E,,3800,18.5,Default preset,turning boring,304/316 SS (M),M,Bore Rough,turning,roughing,conventional,0.25,1,476,,0,0.0061,,0.0984,0.25,flood,1,BORING BARS - ROUGHING.csv
LTH-05,Okuma GENOS L400II-E,,3800,18.5,Default preset,turning boring,304/316 SS (M),M,Bore Finish,turning,finishing,conventional,0.25,1,558,,0,0.0029,,0.0157,0.25,flood,1,BORING BARS - ROUGHING.csv
LTH-05,Okuma GENOS L400II-E,,3800,18.5,Default preset,turning boring,17-4 PH (M),M,Bore Rough,turning,roughing,conventional,0.25,1,357,,0,0.0061,,0.0984,0.25,flood,1,BORING BARS - ROUGHING.csv
LTH-05,Okuma GENOS L400II-E,,3800,18.5,Default preset,turning boring,17-4 PH (M),M,Bore Finish,turning,finishing,conventional,0.25,1,418,,0,0.0029,,0.0157,0.25,flood,1,BORING BARS - ROUGHING.csv
LTH-05,Okuma GENOS L400II-E,,3800,18.5,Default preset,turning boring,2205 Duplex (M),M,Bore Rough,turning,roughing,conventional,0.25,1,297,,0,0.0061,,0.0984,0.25,flood,1,BORING BARS - ROUGHING.csv
LTH-05,Okuma GENOS L400II-E,,3800,18.5,Default preset,turning boring,2205 Duplex (M),M,Bore Finish,turning,finishing,conventional,0.25,1,349,,0,0.0029,,0.0157,0.25,flood,1,BORING BARS - ROUGHING.csv
LTH-05,Okuma GENOS L400II-E,,3800,18.5,Default preset,turning boring,304/316 SS (M),M,Bore Rough,turning,roughing,conventional,0.25,1,476,,0,0.0061,,0.0984,0.25,flood,1,BORING BARS - ROUGHING.csv
LTH-05,Okuma GENOS L400II-E,,3800,18.5,Default preset,turning boring,304/316 SS (M),M,Bore Finish,turning,finishing,conventional,0.25,1,558,,0,0.0029,,0.0157,0.25,flood,1,BORING BARS - ROUGHING.csv
LTH-05,Okuma GENOS L400II-E,,3800,18.5,Default preset,turning boring,17-4 PH (M),M,Bore Rough,turning,roughing,conventional,0.25,1,357,,0,0.0061,,0.0984,0.25,flood,1,BORING BARS - ROUGHING.csv
LTH-05,Okuma GENOS L400II-E,,3800,18.5,Default preset,turning boring,17-4 PH (M),M,Bore Finish,turning,finishing,conventional,0.25,1,418,,0,0.0029,,0.0157,0.25,flood,1,BORING BARS - ROUGHING.csv
LTH-05,Okuma GENOS L400II-E,,3800,18.5,Default preset,turning boring,2205 Duplex (M),M,Bore Rough,turning,roughing,conventional,0.25,1,297,,0,0.0061,,0.0984,0.25,flood,1,BORING BARS - ROUGHING.csv
LTH-05,Okuma GENOS L400II-E,,3800,18.5,Default preset,turning boring,2205 Duplex (M),M,Bore Finish,turning,finishing,conventional,0.25,1,349,,0,0.0029,,0.0157,0.25,flood,1,BORING BARS - ROUGHING.csv
LTH-05,Okuma GENOS L400II-E,,3800,18.5,Default preset,turning general,304/316 SS (M),M,Turn Rough,turning,roughing,conventional,0.375,1,476,,0,0.008,,0.0984,0.3748,flood,1,TURNING TOOLS.csv
LTH-05,Okuma GENOS L400II-E,,3800,18.5,Default preset,turning general,304/316 SS (M),M,Turn Finish,turning,finishing,conventional,0.375,1,558,,0,0.0039,,0.0157,0.3748,flood,1,TURNING TOOLS.csv
LTH-05,Okuma GENOS L400II-E,,3800,18.5,Default preset,turning general,17-4 PH (M),M,Turn Rough,turning,roughing,conventional,0.375,1,357,,0,0.008,,0.0984,0.3748,flood,1,TURNING TOOLS.csv
LTH-05,Okuma GENOS L400II-E,,3800,18.5,Default preset,turning general,17-4 PH (M),M,Turn Finish,turning,finishing,conventional,0.375,1,418,,0,0.0039,,0.0157,0.3748,flood,1,TURNING TOOLS.csv
LTH-05,Okuma GENOS L400II-E,,3800,18.5,Default preset,turning general,2205 Duplex (M),M,Turn Rough,turning,roughing,conventional,0.375,1,297,,0,0.008,,0.0984,0.3748,flood,1,TURNING TOOLS.csv
LTH-05,Okuma GENOS L400II-E,,3800,18.5,Default preset,turning general,2205 Duplex (M),M,Turn Finish,turning,finishing,conventional,0.375,1,349,,0,0.0039,,0.0157,0.3748,flood,1,TURNING TOOLS.csv
LTH-05,Okuma GENOS L400II-E,,3800,18.5,Default preset,turning general,304/316 SS (M),M,Turn Rough,turning,roughing,conventional,0.375,1,476,,0,0.008,,0.0984,0.3748,flood,1,TURNING TOOLS.csv
LTH-05,Okuma GENOS L400II-E,,3800,18.5,Default preset,turning general,304/316 SS (M),M,Turn Finish,turning,finishing,conventional,0.375,1,558,,0,0.0039,,0.0157,0.3748,flood,1,TURNING TOOLS.csv
LTH-05,Okuma GENOS L400II-E,,3800,18.5,Default preset,turning general,17-4 PH (M),M,Turn Rough,turning,roughing,conventional,0.375,1,357,,0,0.008,,0.0984,0.3748,flood,1,TURNING TOOLS.csv
LTH-05,Okuma GENOS L400II-E,,3800,18.5,Default preset,turning general,17-4 PH (M),M,Turn Finish,turning,finishing,conventional,0.375,1,418,,0,0.0039,,0.0157,0.3748,flood,1,TURNING TOOLS.csv
LTH-05,Okuma GENOS L400II-E,,3800,18.5,Default preset,turning general,2205 Duplex (M),M,Turn Rough,turning,roughing,conventional,0.375,1,297,,0,0.008,,0.0984,0.3748,flood,1,TURNING TOOLS.csv
LTH-05,Okuma GENOS L400II-E,,3800,18.5,Default preset,turning general,2205 Duplex (M),M,Turn Finish,turning,finishing,conventional,0.375,1,349,,0,0.0039,,0.0157,0.3748,flood,1,TURNING TOOLS.csv
LTH-05,Okuma GENOS L400II-E,,3800,18.5,Default preset,turning grooving,304/316 SS (M),M,Groove Rough,turning,roughing,conventional,0.4,1,476,,0,0.0085,,0.0984,0.4,flood,1,TURNING TOOLS.csv
LTH-05,Okuma GENOS L400II-E,,3800,18.5,Default preset,turning grooving,304/316 SS (M),M,Groove Finish,turning,finishing,conventional,0.4,1,558,,0,0.0041,,0.0157,0.4,flood,1,TURNING TOOLS.csv
LTH-05,Okuma GENOS L400II-E,,3800,18.5,Default preset,turning grooving,17-4 PH (M),M,Groove Rough,turning,roughing,conventional,0.4,1,357,,0,0.0085,,0.0984,0.4,flood,1,TURNING TOOLS.csv
LTH-05,Okuma GENOS L400II-E,,3800,18.5,Default preset,turning grooving,17-4 PH (M),M,Groove Finish,turning,finishing,conventional,0.4,1,418,,0,0.0041,,0.0157,0.4,flood,1,TURNING TOOLS.csv
LTH-05,Okuma GENOS L400II-E,,3800,18.5,Default preset,turning grooving,2205 Duplex (M),M,Groove Rough,turning,roughing,conventional,0.4,1,297,,0,0.0085,,0.0984,0.4,flood,1,TURNING TOOLS.csv
LTH-05,Okuma GENOS L400II-E,,3800,18.5,Default preset,turning grooving,2205 Duplex (M),M,Groove Finish,turning,finishing,conventional,0.4,1,349,,0,0.0041,,0.0157,0.4,flood,1,TURNING TOOLS.csv
LTH-05,Okuma GENOS L400II-E,,3800,18.5,Default preset,turning grooving,304/316 SS (M),M,Groove Rough,turning,roughing,conventional,0.4,1,476,,0,0.0085,,0.0984,0.4,flood,1,TURNING TOOLS.csv
LTH-05,Okuma GENOS L400II-E,,3800,18.5,Default preset,turning grooving,304/316 SS (M),M,Groove Finish,turning,finishing,conventional,0.4,1,558,,0,0.0041,,0.0157,0.4,flood,1,TURNING TOOLS.csv
LTH-05,Okuma GENOS L400II-E,,3800,18.5,Default preset,turning grooving,17-4 PH (M),M,Groove Rough,turning,roughing,conventional,0.4,1,357,,0,0.0085,,0.0984,0.4,flood,1,TURNING TOOLS.csv
LTH-05,Okuma GENOS L400II-E,,3800,18.5,Default preset,turning grooving,17-4 PH (M),M,Groove Finish,turning,finishing,conventional,0.4,1,418,,0,0.0041,,0.0157,0.4,flood,1,TURNING TOOLS.csv
LTH-05,Okuma GENOS L400II-E,,3800,18.5,Default preset,turning grooving,2205 Duplex (M),M,Groove Rough,turning,roughing,conventional,0.4,1,297,,0,0.0085,,0.0984,0.4,flood,1,TURNING TOOLS.csv
LTH-05,Okuma GENOS L400II-E,,3800,18.5,Default preset,turning grooving,2205 Duplex (M),M,Groove Finish,turning,finishing,conventional,0.4,1,349,,0,0.0041,,0.0157,0.4,flood,1,TURNING TOOLS.csv
LTH-05,Okuma GENOS L400II-E,,3800,18.5,Default preset,turning grooving,304/316 SS (M),M,Groove Rough,turning,roughing,conventional,0.4,1,476,,0,0.0085,,0.0984,0.4,flood,1,TURNING TOOLS.csv
LTH-05,Okuma GENOS L400II-E,,3800,18.5,Default preset,turning grooving,304/316 SS (M),M,Groove Finish,turning,finishing,conventional,0.4,1,558,,0,0.0041,,0.0157,0.4,flood,1,TURNING TOOLS.csv
LTH-05,Okuma GENOS L400II-E,,3800,18.5,Default preset,turning grooving,17-4 PH (M),M,Groove Rough,turning,roughing,conventional,0.4,1,357,,0,0.0085,,0.0984,0.4,flood,1,TURNING TOOLS.csv
LTH-05,Okuma GENOS L400II-E,,3800,18.5,Default preset,turning grooving,17-4 PH (M),M,Groove Finish,turning,finishing,conventional,0.4,1,418,,0,0.0041,,0.0157,0.4,flood,1,TURNING TOOLS.csv
LTH-05,Okuma GENOS L400II-E,,3800,18.5,Default preset,turning grooving,2205 Duplex (M),M,Groove Rough,turning,roughing,conventional,0.4,1,297,,0,0.0085,,0.0984,0.4,flood,1,TURNING TOOLS.csv
LTH-05,Okuma GENOS L400II-E,,3800,18.5,Default preset,turning grooving,2205 Duplex (M),M,Groove Finish,turning,finishing,conventional,0.4,1,349,,0,0.0041,,0.0157,0.4,flood,1,TURNING TOOLS.csv
LTH-05,Okuma GENOS L400II-E,,3800,18.5,Default preset,turning general,304/316 SS (M),M,Turn Rough,turning,roughing,conventional,0.375,1,476,,0,0.008,,0.0984,0.3748,flood,1,TURNING TOOLS.csv
LTH-05,Okuma GENOS L400II-E,,3800,18.5,Default preset,turning general,304/316 SS (M),M,Turn Finish,turning,finishing,conventional,0.375,1,558,,0,0.0039,,0.0157,0.3748,flood,1,TURNING TOOLS.csv
LTH-05,Okuma GENOS L400II-E,,3800,18.5,Default preset,turning general,17-4 PH (M),M,Turn Rough,turning,roughing,conventional,0.375,1,357,,0,0.008,,0.0984,0.3748,flood,1,TURNING TOOLS.csv
LTH-05,Okuma GENOS L400II-E,,3800,18.5,Default preset,turning general,17-4 PH (M),M,Turn Finish,turning,finishing,conventional,0.375,1,418,,0,0.0039,,0.0157,0.3748,flood,1,TURNING TOOLS.csv
LTH-05,Okuma GENOS L400II-E,,3800,18.5,Default preset,turning general,2205 Duplex (M),M,Turn Rough,turning,roughing,conventional,0.375,1,297,,0,0.008,,0.0984,0.3748,flood,1,TURNING TOOLS.csv
LTH-05,Okuma GENOS L400II-E,,3800,18.5,Default preset,turning general,2205 Duplex (M),M,Turn Finish,turning,finishing,conventional,0.375,1,349,,0,0.0039,,0.0157,0.3748,flood,1,TURNING TOOLS.csv
LTH-05,Okuma GENOS L400II-E,,3800,18.5,Default preset,turning grooving,304/316 SS (M),M,Groove Rough,turning,roughing,conventional,0.4,1,476,,0,0.0085,,0.0984,0.4,flood,1,TURNING TOOLS.csv
LTH-05,Okuma GENOS L400II-E,,3800,18.5,Default preset,turning grooving,304/316 SS (M),M,Groove Finish,turning,finishing,conventional,0.4,1,558,,0,0.0041,,0.0157,0.4,flood,1,TURNING TOOLS.csv
LTH-05,Okuma GENOS L400II-E,,3800,18.5,Default preset,turning grooving,17-4 PH (M),M,Groove Rough,turning,roughing,conventional,0.4,1,357,,0,0.0085,,0.0984,0.4,flood,1,TURNING TOOLS.csv
LTH-05,Okuma GENOS L400II-E,,3800,18.5,Default preset,turning grooving,17-4 PH (M),M,Groove Finish,turning,finishing,conventional,0.4,1,418,,0,0.0041,,0.0157,0.4,flood,1,TURNING TOOLS.csv
LTH-05,Okuma GENOS L400II-E,,3800,18.5,Default preset,turning grooving,2205 Duplex (M),M,Groove Rough,turning,roughing,conventional,0.4,1,297,,0,0.0085,,0.0984,0.4,flood,1,TURNING TOOLS.csv
LTH-05,Okuma GENOS L400II-E,,3800,18.5,Default preset,turning grooving,2205 Duplex (M),M,Groove Finish,turning,finishing,conventional,0.4,1,349,,0,0.0041,,0.0157,0.4,flood,1,TURNING TOOLS.csv
LTH-05,Okuma GENOS L400II-E,,3800,18.5,Default preset,turning grooving,304/316 SS (M),M,Groove Rough,turning,roughing,conventional,0.4,1,476,,0,0.0085,,0.0984,0.4,flood,1,TURNING TOOLS.csv
LTH-05,Okuma GENOS L400II-E,,3800,18.5,Default preset,turning grooving,304/316 SS (M),M,Groove Finish,turning,finishing,conventional,0.4,1,558,,0,0.0041,,0.0157,0.4,flood,1,TURNING TOOLS.csv
LTH-05,Okuma GENOS L400II-E,,3800,18.5,Default preset,turning grooving,17-4 PH (M),M,Groove Rough,turning,roughing,conventional,0.4,1,357,,0,0.0085,,0.0984,0.4,flood,1,TURNING TOOLS.csv
LTH-05,Okuma GENOS L400II-E,,3800,18.5,Default preset,turning grooving,17-4 PH (M),M,Groove Finish,turning,finishing,conventional,0.4,1,418,,0,0.0041,,0.0157,0.4,flood,1,TURNING TOOLS.csv
LTH-05,Okuma GENOS L400II-E,,3800,18.5,Default preset,turning grooving,2205 Duplex (M),M,Groove Rough,turning,roughing,conventional,0.4,1,297,,0,0.0085,,0.0984,0.4,flood,1,TURNING TOOLS.csv
LTH-05,Okuma GENOS L400II-E,,3800,18.5,Default preset,turning grooving,2205 Duplex (M),M,Groove Finish,turning,finishing,conventional,0.4,1,349,,0,0.0041,,0.0157,0.4,flood,1,TURNING TOOLS.csv
LTH-05,Okuma GENOS L400II-E,,3800,18.5,Default preset,turning general,304/316 SS (M),M,Turn Rough,turning,roughing,conventional,0.375,1,476,,0,0.008,,0.0984,0.3748,flood,1,TURNING TOOLS.csv
LTH-05,Okuma GENOS L400II-E,,3800,18.5,Default preset,turning general,304/316 SS (M),M,Turn Finish,turning,finishing,conventional,0.375,1,558,,0,0.0039,,0.0157,0.3748,flood,1,TURNING TOOLS.csv
LTH-05,Okuma GENOS L400II-E,,3800,18.5,Default preset,turning general,17-4 PH (M),M,Turn Rough,turning,roughing,conventional,0.375,1,357,,0,0.008,,0.0984,0.3748,flood,1,TURNING TOOLS.csv
LTH-05,Okuma GENOS L400II-E,,3800,18.5,Default preset,turning general,17-4 PH (M),M,Turn Finish,turning,finishing,conventional,0.375,1,418,,0,0.0039,,0.0157,0.3748,flood,1,TURNING TOOLS.csv
LTH-05,Okuma GENOS L400II-E,,3800,18.5,Default preset,turning general,2205 Duplex (M),M,Turn Rough,turning,roughing,conventional,0.375,1,297,,0,0.008,,0.0984,0.3748,flood,1,TURNING TOOLS.csv
LTH-05,Okuma GENOS L400II-E,,3800,18.5,Default preset,turning general,2205 Duplex (M),M,Turn Finish,turning,finishing,conventional,0.375,1,349,,0,0.0039,,0.0157,0.3748,flood,1,TURNING TOOLS.csv
LTH-05,Okuma GENOS L400II-E,,3800,18.5,Default preset,turning general,304/316 SS (M),M,Turn Rough,turning,roughing,conventional,0.375,1,476,,0,0.008,,0.0984,0.3748,flood,1,TURNING TOOLS.csv
LTH-05,Okuma GENOS L400II-E,,3800,18.5,Default preset,turning general,304/316 SS (M),M,Turn Finish,turning,finishing,conventional,0.375,1,558,,0,0.0039,,0.0157,0.3748,flood,1,TURNING TOOLS.csv
LTH-05,Okuma GENOS L400II-E,,3800,18.5,Default preset,turning general,17-4 PH (M),M,Turn Rough,turning,roughing,conventional,0.375,1,357,,0,0.008,,0.0984,0.3748,flood,1,TURNING TOOLS.csv
LTH-05,Okuma GENOS L400II-E,,3800,18.5,Default preset,turning general,17-4 PH (M),M,Turn Finish,turning,finishing,conventional,0.375,1,418,,0,0.0039,,0.0157,0.3748,flood,1,TURNING TOOLS.csv
LTH-05,Okuma GENOS L400II-E,,3800,18.5,Default preset,turning general,2205 Duplex (M),M,Turn Rough,turning,roughing,conventional,0.375,1,297,,0,0.008,,0.0984,0.3748,flood,1,TURNING TOOLS.csv
LTH-05,Okuma GENOS L400II-E,,3800,18.5,Default preset,turning general,2205 Duplex (M),M,Turn Finish,turning,finishing,conventional,0.375,1,349,,0,0.0039,,0.0157,0.3748,flood,1,TURNING TOOLS.csv
LTH-05,Okuma GENOS L400II-E,,3800,18.5,Default preset,turning grooving,304/316 SS (M),M,Groove Rough,turning,roughing,conventional,0.4,1,476,,0,0.0085,,0.0984,0.4,flood,1,TURNING TOOLS.csv
LTH-05,Okuma GENOS L400II-E,,3800,18.5,Default preset,turning grooving,304/316 SS (M),M,Groove Finish,turning,finishing,conventional,0.4,1,558,,0,0.0041,,0.0157,0.4,flood,1,TURNING TOOLS.csv
LTH-05,Okuma GENOS L400II-E,,3800,18.5,Default preset,turning grooving,17-4 PH (M),M,Groove Rough,turning,roughing,conventional,0.4,1,357,,0,0.0085,,0.0984,0.4,flood,1,TURNING TOOLS.csv
LTH-05,Okuma GENOS L400II-E,,3800,18.5,Default preset,turning grooving,17-4 PH (M),M,Groove Finish,turning,finishing,conventional,0.4,1,418,,0,0.0041,,0.0157,0.4,flood,1,TURNING TOOLS.csv
LTH-05,Okuma GENOS L400II-E,,3800,18.5,Default preset,turning grooving,2205 Duplex (M),M,Groove Rough,turning,roughing,conventional,0.4,1,297,,0,0.0085,,0.0984,0.4,flood,1,TURNING TOOLS.csv
LTH-05,Okuma GENOS L400II-E,,3800,18.5,Default preset,turning grooving,2205 Duplex (M),M,Groove Finish,turning,finishing,conventional,0.4,1,349,,0,0.0041,,0.0157,0.4,flood,1,TURNING TOOLS.csv
LTH-05,Okuma GENOS L400II-E,,3800,18.5,Default preset,turning general,304/316 SS (M),M,Turn Rough,turning,roughing,conventional,0.375,1,476,,0,0.008,,0.0984,0.3748,flood,1,TURNING TOOLS.csv
LTH-05,Okuma GENOS L400II-E,,3800,18.5,Default preset,turning general,304/316 SS (M),M,Turn Finish,turning,finishing,conventional,0.375,1,558,,0,0.0039,,0.0157,0.3748,flood,1,TURNING TOOLS.csv
LTH-05,Okuma GENOS L400II-E,,3800,18.5,Default preset,turning general,17-4 PH (M),M,Turn Rough,turning,roughing,conventional,0.375,1,357,,0,0.008,,0.0984,0.3748,flood,1,TURNING TOOLS.csv
LTH-05,Okuma GENOS L400II-E,,3800,18.5,Default preset,turning general,17-4 PH (M),M,Turn Finish,turning,finishing,conventional,0.375,1,418,,0,0.0039,,0.0157,0.3748,flood,1,TURNING TOOLS.csv
LTH-05,Okuma GENOS L400II-E,,3800,18.5,Default preset,turning general,2205 Duplex (M),M,Turn Rough,turning,roughing,conventional,0.375,1,297,,0,0.008,,0.0984,0.3748,flood,1,TURNING TOOLS.csv
LTH-05,Okuma GENOS L400II-E,,3800,18.5,Default preset,turning general,2205 Duplex (M),M,Turn Finish,turning,finishing,conventional,0.375,1,349,,0,0.0039,,0.0157,0.3748,flood,1,TURNING TOOLS.csv
LTH-05,Okuma GENOS L400II-E,,3800,18.5,Default preset,turning general,304/316 SS (M),M,Turn Rough,turning,roughing,conventional,0.375,1,476,,0,0.008,,0.0984,0.3748,flood,1,TURNING TOOLS.csv
LTH-05,Okuma GENOS L400II-E,,3800,18.5,Default preset,turning general,304/316 SS (M),M,Turn Finish,turning,finishing,conventional,0.375,1,558,,0,0.0039,,0.0157,0.3748,flood,1,TURNING TOOLS.csv
LTH-05,Okuma GENOS L400II-E,,3800,18.5,Default preset,turning general,17-4 PH (M),M,Turn Rough,turning,roughing,conventional,0.375,1,357,,0,0.008,,0.0984,0.3748,flood,1,TURNING TOOLS.csv
LTH-05,Okuma GENOS L400II-E,,3800,18.5,Default preset,turning general,17-4 PH (M),M,Turn Finish,turning,finishing,conventional,0.375,1,418,,0,0.0039,,0.0157,0.3748,flood,1,TURNING TOOLS.csv
LTH-05,Okuma GENOS L400II-E,,3800,18.5,Default preset,turning general,2205 Duplex (M),M,Turn Rough,turning,roughing,conventional,0.375,1,297,,0,0.008,,0.0984,0.3748,flood,1,TURNING TOOLS.csv
LTH-05,Okuma GENOS L400II-E,,3800,18.5,Default preset,turning general,2205 Duplex (M),M,Turn Finish,turning,finishing,conventional,0.375,1,349,,0,0.0039,,0.0157,0.3748,flood,1,TURNING TOOLS.csv
LTH-05,Okuma GENOS L400II-E,,3800,18.5,Default preset,turning general,304/316 SS (M),M,Turn Rough,turning,roughing,conventional,0.375,1,476,,0,0.008,,0.0984,0.3748,flood,1,TURNING TOOLS.csv
LTH-05,Okuma GENOS L400II-E,,3800,18.5,Default preset,turning general,304/316 SS (M),M,Turn Finish,turning,finishing,conventional,0.375,1,558,,0,0.0039,,0.0157,0.3748,flood,1,TURNING TOOLS.csv
LTH-05,Okuma GENOS L400II-E,,3800,18.5,Default preset,turning general,17-4 PH (M),M,Turn Rough,turning,roughing,conventional,0.375,1,357,,0,0.008,,0.0984,0.3748,flood,1,TURNING TOOLS.csv
LTH-05,Okuma GENOS L400II-E,,3800,18.5,Default preset,turning general,17-4 PH (M),M,Turn Finish,turning,finishing,conventional,0.375,1,418,,0,0.0039,,0.0157,0.3748,flood,1,TURNING TOOLS.csv
LTH-05,Okuma GENOS L400II-E,,3800,18.5,Default preset,turning general,2205 Duplex (M),M,Turn Rough,turning,roughing,conventional,0.375,1,297,,0,0.008,,0.0984,0.3748,flood,1,TURNING TOOLS.csv
LTH-05,Okuma GENOS L400II-E,,3800,18.5,Default preset,turning general,2205 Duplex (M),M,Turn Finish,turning,finishing,conventional,0.375,1,349,,0,0.0039,,0.0157,0.3748,flood,1,TURNING TOOLS.csv
LTH-05,Okuma GENOS L400II-E,,3800,18.5,Default preset,turning general,304/316 SS (M),M,Turn Rough,turning,roughing,conventional,0.375,1,476,,0,0.008,,0.0984,0.3748,flood,1,TURNING TOOLS.csv
LTH-05,Okuma GENOS L400II-E,,3800,18.5,Default preset,turning general,304/316 SS (M),M,Turn Finish,turning,finishing,conventional,0.375,1,558,,0,0.0039,,0.0157,0.3748,flood,1,TURNING TOOLS.csv
LTH-05,Okuma GENOS L400II-E,,3800,18.5,Default preset,turning general,17-4 PH (M),M,Turn Rough,turning,roughing,conventional,0.375,1,357,,0,0.008,,0.0984,0.3748,flood,1,TURNING TOOLS.csv
LTH-05,Okuma GENOS L400II-E,,3800,18.5,Default preset,turning general,17-4 PH (M),M,Turn Finish,turning,finishing,conventional,0.375,1,418,,0,0.0039,,0.0157,0.3748,flood,1,TURNING TOOLS.csv
LTH-05,Okuma GENOS L400II-E,,3800,18.5,Default preset,turning general,2205 Duplex (M),M,Turn Rough,turning,roughing,conventional,0.375,1,297,,0,0.008,,0.0984,0.3748,flood,1,TURNING TOOLS.csv
LTH-05,Okuma GENOS L400II-E,,3800,18.5,Default preset,turning general,2205 Duplex (M),M,Turn Finish,turning,finishing,conventional,0.375,1,349,,0,0.0039,,0.0157,0.3748,flood,1,TURNING TOOLS.csv
LTH-05,Okuma GENOS L400II-E,,3800,18.5,Default preset,turning general,304/316 SS (M),M,Turn Rough,turning,roughing,conventional,0.375,1,476,,0,0.008,,0.0984,0.3748,flood,1,TURNING TOOLS.csv
LTH-05,Okuma GENOS L400II-E,,3800,18.5,Default preset,turning general,304/316 SS (M),M,Turn Finish,turning,finishing,conventional,0.375,1,558,,0,0.0039,,0.0157,0.3748,flood,1,TURNING TOOLS.csv
LTH-05,Okuma GENOS L400II-E,,3800,18.5,Default preset,turning general,17-4 PH (M),M,Turn Rough,turning,roughing,conventional,0.375,1,357,,0,0.008,,0.0984,0.3748,flood,1,TURNING TOOLS.csv
LTH-05,Okuma GENOS L400II-E,,3800,18.5,Default preset,turning general,17-4 PH (M),M,Turn Finish,turning,finishing,conventional,0.375,1,418,,0,0.0039,,0.0157,0.3748,flood,1,TURNING TOOLS.csv
LTH-05,Okuma GENOS L400II-E,,3800,18.5,Default preset,turning general,2205 Duplex (M),M,Turn Rough,turning,roughing,conventional,0.375,1,297,,0,0.008,,0.0984,0.3748,flood,1,TURNING TOOLS.csv
LTH-05,Okuma GENOS L400II-E,,3800,18.5,Default preset,turning general,2205 Duplex (M),M,Turn Finish,turning,finishing,conventional,0.375,1,349,,0,0.0039,,0.0157,0.3748,flood,1,TURNING TOOLS.csv
LTH-05,Okuma GENOS L400II-E,,3800,18.5,Default preset,turning general,304/316 SS (M),M,Turn Rough,turning,roughing,conventional,0.375,1,476,,0,0.008,,0.0984,0.3748,flood,1,TURNING TOOLS.csv
LTH-05,Okuma GENOS L400II-E,,3800,18.5,Default preset,turning general,304/316 SS (M),M,Turn Finish,turning,finishing,conventional,0.375,1,558,,0,0.0039,,0.0157,0.3748,flood,1,TURNING TOOLS.csv
LTH-05,Okuma GENOS L400II-E,,3800,18.5,Default preset,turning general,17-4 PH (M),M,Turn Rough,turning,roughing,conventional,0.375,1,357,,0,0.008,,0.0984,0.3748,flood,1,TURNING TOOLS.csv
LTH-05,Okuma GENOS L400II-E,,3800,18.5,Default preset,turning general,17-4 PH (M),M,Turn Finish,turning,finishing,conventional,0.375,1,418,,0,0.0039,,0.0157,0.3748,flood,1,TURNING TOOLS.csv
LTH-05,Okuma GENOS L400II-E,,3800,18.5,Default preset,turning general,2205 Duplex (M),M,Turn Rough,turning,roughing,conventional,0.375,1,297,,0,0.008,,0.0984,0.3748,flood,1,TURNING TOOLS.csv
LTH-05,Okuma GENOS L400II-E,,3800,18.5,Default preset,turning general,2205 Duplex (M),M,Turn Finish,turning,finishing,conventional,0.375,1,349,,0,0.0039,,0.0157,0.3748,flood,1,TURNING TOOLS.csv
LTH-05,Okuma GENOS L400II-E,,3800,18.5,Default preset,turning general,304/316 SS (M),M,Turn Rough,turning,roughing,conventional,0.375,1,476,,0,0.008,,0.0984,0.3748,flood,1,TURNING TOOLS.csv
LTH-05,Okuma GENOS L400II-E,,3800,18.5,Default preset,turning general,304/316 SS (M),M,Turn Finish,turning,finishing,conventional,0.375,1,558,,0,0.0039,,0.0157,0.3748,flood,1,TURNING TOOLS.csv
LTH-05,Okuma GENOS L400II-E,,3800,18.5,Default preset,turning general,17-4 PH (M),M,Turn Rough,turning,roughing,conventional,0.375,1,357,,0,0.008,,0.0984,0.3748,flood,1,TURNING TOOLS.csv
LTH-05,Okuma GENOS L400II-E,,3800,18.5,Default preset,turning general,17-4 PH (M),M,Turn Finish,turning,finishing,conventional,0.375,1,418,,0,0.0039,,0.0157,0.3748,flood,1,TURNING TOOLS.csv
LTH-05,Okuma GENOS L400II-E,,3800,18.5,Default preset,turning general,2205 Duplex (M),M,Turn Rough,turning,roughing,conventional,0.375,1,297,,0,0.008,,0.0984,0.3748,flood,1,TURNING TOOLS.csv
LTH-05,Okuma GENOS L400II-E,,3800,18.5,Default preset,turning general,2205 Duplex (M),M,Turn Finish,turning,finishing,conventional,0.375,1,349,,0,0.0039,,0.0157,0.3748,flood,1,TURNING TOOLS.csv
LTH-05,Okuma GENOS L400II-E,,3800,18.5,Default preset,turning threading,304/316 SS (M),M,Thread,turning,finishing,conventional,0.4,1,558,,0,0.0041,,0.0157,0.4,flood,1,TURNING TOOLS.csv
LTH-05,Okuma GENOS L400II-E,,3800,18.5,Default preset,turning threading,17-4 PH (M),M,Thread,turning,finishing,conventional,0.4,1,418,,0,0.0041,,0.0157,0.4,flood,1,TURNING TOOLS.csv
LTH-05,Okuma GENOS L400II-E,,3800,18.5,Default preset,turning threading,2205 Duplex (M),M,Thread,turning,finishing,conventional,0.4,1,349,,0,0.0041,,0.0157,0.4,flood,1,TURNING TOOLS.csv
LTH-05,Okuma GENOS L400II-E,,3800,18.5,Default preset,turning threading,304/316 SS (M),M,Thread,turning,finishing,conventional,0.4,1,558,,0,0.0041,,0.0157,0.4,flood,1,TURNING TOOLS.csv
LTH-05,Okuma GENOS L400II-E,,3800,18.5,Default preset,turning threading,17-4 PH (M),M,Thread,turning,finishing,conventional,0.4,1,418,,0,0.0041,,0.0157,0.4,flood,1,TURNING TOOLS.csv
LTH-05,Okuma GENOS L400II-E,,3800,18.5,Default preset,turning threading,2205 Duplex (M),M,Thread,turning,finishing,conventional,0.4,1,349,,0,0.0041,,0.0157,0.4,flood,1,TURNING TOOLS.csv
LTH-05,Okuma GENOS L400II-E,,3800,18.5,Default preset,turning grooving,304/316 SS (M),M,Groove Rough,turning,roughing,conventional,0.4,1,476,,0,0.0085,,0.0984,0.4,flood,1,TURNING TOOLS.csv
LTH-05,Okuma GENOS L400II-E,,3800,18.5,Default preset,turning grooving,304/316 SS (M),M,Groove Finish,turning,finishing,conventional,0.4,1,558,,0,0.0041,,0.0157,0.4,flood,1,TURNING TOOLS.csv
LTH-05,Okuma GENOS L400II-E,,3800,18.5,Default preset,turning grooving,17-4 PH (M),M,Groove Rough,turning,roughing,conventional,0.4,1,357,,0,0.0085,,0.0984,0.4,flood,1,TURNING TOOLS.csv
LTH-05,Okuma GENOS L400II-E,,3800,18.5,Default preset,turning grooving,17-4 PH (M),M,Groove Finish,turning,finishing,conventional,0.4,1,418,,0,0.0041,,0.0157,0.4,flood,1,TURNING TOOLS.csv
LTH-05,Okuma GENOS L400II-E,,3800,18.5,Default preset,turning grooving,2205 Duplex (M),M,Groove Rough,turning,roughing,conventional,0.4,1,297,,0,0.0085,,0.0984,0.4,flood,1,TURNING TOOLS.csv
LTH-05,Okuma GENOS L400II-E,,3800,18.5,Default preset,turning grooving,2205 Duplex (M),M,Groove Finish,turning,finishing,conventional,0.4,1,349,,0,0.0041,,0.0157,0.4,flood,1,TURNING TOOLS.csv
LTH-05,Okuma GENOS L400II-E,,3800,18.5,Default preset,turning general,304/316 SS (M),M,Turn Rough,turning,roughing,conventional,6.35,1,476,,0,0.0231,,0.0984,6.35,flood,1,TURNING TOOLS.csv
LTH-05,Okuma GENOS L400II-E,,3800,18.5,Default preset,turning general,304/316 SS (M),M,Turn Finish,turning,finishing,conventional,6.35,1,558,,0,0.0111,,0.0157,6.35,flood,1,TURNING TOOLS.csv
LTH-05,Okuma GENOS L400II-E,,3800,18.5,Default preset,turning general,17-4 PH (M),M,Turn Rough,turning,roughing,conventional,6.35,1,357,,0,0.0231,,0.0984,6.35,flood,1,TURNING TOOLS.csv
LTH-05,Okuma GENOS L400II-E,,3800,18.5,Default preset,turning general,17-4 PH (M),M,Turn Finish,turning,finishing,conventional,6.35,1,418,,0,0.0111,,0.0157,6.35,flood,1,TURNING TOOLS.csv
LTH-05,Okuma GENOS L400II-E,,3800,18.5,Default preset,turning general,2205 Duplex (M),M,Turn Rough,turning,roughing,conventional,6.35,1,297,,0,0.0231,,0.0984,6.35,flood,1,TURNING TOOLS.csv
LTH-05,Okuma GENOS L400II-E,,3800,18.5,Default preset,turning general,2205 Duplex (M),M,Turn Finish,turning,finishing,conventional,6.35,1,349,,0,0.0111,,0.0157,6.35,flood,1,TURNING TOOLS.csv
LTH-05,Okuma GENOS L400II-E,,3800,18.5,Default preset,turning grooving,304/316 SS (M),M,Groove Rough,turning,roughing,conventional,0.4,1,476,,0,0.0085,,0.0984,0.4,flood,1,TURNING TOOLS.csv
LTH-05,Okuma GENOS L400II-E,,3800,18.5,Default preset,turning grooving,304/316 SS (M),M,Groove Finish,turning,finishing,conventional,0.4,1,558,,0,0.0041,,0.0157,0.4,flood,1,TURNING TOOLS.csv
LTH-05,Okuma GENOS L400II-E,,3800,18.5,Default preset,turning grooving,17-4 PH (M),M,Groove Rough,turning,roughing,conventional,0.4,1,357,,0,0.0085,,0.0984,0.4,flood,1,TURNING TOOLS.csv
LTH-05,Okuma GENOS L400II-E,,3800,18.5,Default preset,turning grooving,17-4 PH (M),M,Groove Finish,turning,finishing,conventional,0.4,1,418,,0,0.0041,,0.0157,0.4,flood,1,TURNING TOOLS.csv
LTH-05,Okuma GENOS L400II-E,,3800,18.5,Default preset,turning grooving,2205 Duplex (M),M,Groove Rough,turning,roughing,conventional,0.4,1,297,,0,0.0085,,0.0984,0.4,flood,1,TURNING TOOLS.csv
LTH-05,Okuma GENOS L400II-E,,3800,18.5,Default preset,turning grooving,2205 Duplex (M),M,Groove Finish,turning,finishing,conventional,0.4,1,349,,0,0.0041,,0.0157,0.4,flood,1,TURNING TOOLS.csv
LTH-05,Okuma GENOS L400II-E,,3800,18.5,Default preset,turning grooving,304/316 SS (M),M,Groove Rough,turning,roughing,conventional,0.4,1,476,,0,0.0085,,0.0984,0.4,flood,1,TURNING TOOLS.csv
LTH-05,Okuma GENOS L400II-E,,3800,18.5,Default preset,turning grooving,304/316 SS (M),M,Groove Finish,turning,finishing,conventional,0.4,1,558,,0,0.0041,,0.0157,0.4,flood,1,TURNING TOOLS.csv
LTH-05,Okuma GENOS L400II-E,,3800,18.5,Default preset,turning grooving,17-4 PH (M),M,Groove Rough,turning,roughing,conventional,0.4,1,357,,0,0.0085,,0.0984,0.4,flood,1,TURNING TOOLS.csv
LTH-05,Okuma GENOS L400II-E,,3800,18.5,Default preset,turning grooving,17-4 PH (M),M,Groove Finish,turning,finishing,conventional,0.4,1,418,,0,0.0041,,0.0157,0.4,flood,1,TURNING TOOLS.csv
LTH-05,Okuma GENOS L400II-E,,3800,18.5,Default preset,turning grooving,2205 Duplex (M),M,Groove Rough,turning,roughing,conventional,0.4,1,297,,0,0.0085,,0.0984,0.4,flood,1,TURNING TOOLS.csv
LTH-05,Okuma GENOS L400II-E,,3800,18.5,Default preset,turning grooving,2205 Duplex (M),M,Groove Finish,turning,finishing,conventional,0.4,1,349,,0,0.0041,,0.0157,0.4,flood,1,TURNING TOOLS.csv
LTH-05,Okuma GENOS L400II-E,,3800,18.5,Default preset,turning general,304/316 SS (M),M,Turn Rough,turning,roughing,conventional,0.375,1,476,,0,0.008,,0.0984,0.3748,flood,1,TURNING TOOLS.csv
LTH-05,Okuma GENOS L400II-E,,3800,18.5,Default preset,turning general,304/316 SS (M),M,Turn Finish,turning,finishing,conventional,0.375,1,558,,0,0.0039,,0.0157,0.3748,flood,1,TURNING TOOLS.csv
LTH-05,Okuma GENOS L400II-E,,3800,18.5,Default preset,turning general,17-4 PH (M),M,Turn Rough,turning,roughing,conventional,0.375,1,357,,0,0.008,,0.0984,0.3748,flood,1,TURNING TOOLS.csv
LTH-05,Okuma GENOS L400II-E,,3800,18.5,Default preset,turning general,17-4 PH (M),M,Turn Finish,turning,finishing,conventional,0.375,1,418,,0,0.0039,,0.0157,0.3748,flood,1,TURNING TOOLS.csv
LTH-05,Okuma GENOS L400II-E,,3800,18.5,Default preset,turning general,2205 Duplex (M),M,Turn Rough,turning,roughing,conventional,0.375,1,297,,0,0.008,,0.0984,0.3748,flood,1,TURNING TOOLS.csv
LTH-05,Okuma GENOS L400II-E,,3800,18.5,Default preset,turning general,2205 Duplex (M),M,Turn Finish,turning,finishing,conventional,0.375,1,349,,0,0.0039,,0.0157,0.3748,flood,1,TURNING TOOLS.csv
LTH-05,Okuma GENOS L400II-E,,3800,18.5,Default preset,turning general,304/316 SS (M),M,Turn Rough,turning,roughing,conventional,0.375,1,476,,0,0.008,,0.0984,0.3748,flood,1,TURNING TOOLS.csv
LTH-05,Okuma GENOS L400II-E,,3800,18.5,Default preset,turning general,304/316 SS (M),M,Turn Finish,turning,finishing,conventional,0.375,1,558,,0,0.0039,,0.0157,0.3748,flood,1,TURNING TOOLS.csv
LTH-05,Okuma GENOS L400II-E,,3800,18.5,Default preset,turning general,17-4 PH (M),M,Turn Rough,turning,roughing,conventional,0.375,1,357,,0,0.008,,0.0984,0.3748,flood,1,TURNING TOOLS.csv
LTH-05,Okuma GENOS L400II-E,,3800,18.5,Default preset,turning general,17-4 PH (M),M,Turn Finish,turning,finishing,conventional,0.375,1,418,,0,0.0039,,0.0157,0.3748,flood,1,TURNING TOOLS.csv
LTH-05,Okuma GENOS L400II-E,,3800,18.5,Default preset,turning general,2205 Duplex (M),M,Turn Rough,turning,roughing,conventional,0.375,1,297,,0,0.008,,0.0984,0.3748,flood,1,TURNING TOOLS.csv
LTH-05,Okuma GENOS L400II-E,,3800,18.5,Default preset,turning general,2205 Duplex (M),M,Turn Finish,turning,finishing,conventional,0.375,1,349,,0,0.0039,,0.0157,0.3748,flood,1,TURNING TOOLS.csv
LTH-05,Okuma GENOS L400II-E,,3800,18.5,Default preset,turning general,304/316 SS (M),M,Turn Rough,turning,roughing,conventional,0.375,1,476,,0,0.008,,0.0984,0.3748,flood,1,TURNING TOOLS.csv
LTH-05,Okuma GENOS L400II-E,,3800,18.5,Default preset,turning general,304/316 SS (M),M,Turn Finish,turning,finishing,conventional,0.375,1,558,,0,0.0039,,0.0157,0.3748,flood,1,TURNING TOOLS.csv
LTH-05,Okuma GENOS L400II-E,,3800,18.5,Default preset,turning general,17-4 PH (M),M,Turn Rough,turning,roughing,conventional,0.375,1,357,,0,0.008,,0.0984,0.3748,flood,1,TURNING TOOLS.csv
LTH-05,Okuma GENOS L400II-E,,3800,18.5,Default preset,turning general,17-4 PH (M),M,Turn Finish,turning,finishing,conventional,0.375,1,418,,0,0.0039,,0.0157,0.3748,flood,1,TURNING TOOLS.csv
LTH-05,Okuma GENOS L400II-E,,3800,18.5,Default preset,turning general,2205 Duplex (M),M,Turn Rough,turning,roughing,conventional,0.375,1,297,,0,0.008,,0.0984,0.3748,flood,1,TURNING TOOLS.csv
LTH-05,Okuma GENOS L400II-E,,3800,18.5,Default preset,turning general,2205 Duplex (M),M,Turn Finish,turning,finishing,conventional,0.375,1,349,,0,0.0039,,0.0157,0.3748,flood,1,TURNING TOOLS.csv
LTH-05,Okuma GENOS L400II-E,,3800,18.5,Default preset,turning general,304/316 SS (M),M,Turn Rough,turning,roughing,conventional,0.375,1,476,,0,0.008,,0.0984,0.3748,flood,1,TURNING TOOLS.csv
LTH-05,Okuma GENOS L400II-E,,3800,18.5,Default preset,turning general,304/316 SS (M),M,Turn Finish,turning,finishing,conventional,0.375,1,558,,0,0.0039,,0.0157,0.3748,flood,1,TURNING TOOLS.csv
LTH-05,Okuma GENOS L400II-E,,3800,18.5,Default preset,turning general,17-4 PH (M),M,Turn Rough,turning,roughing,conventional,0.375,1,357,,0,0.008,,0.0984,0.3748,flood,1,TURNING TOOLS.csv
LTH-05,Okuma GENOS L400II-E,,3800,18.5,Default preset,turning general,17-4 PH (M),M,Turn Finish,turning,finishing,conventional,0.375,1,418,,0,0.0039,,0.0157,0.3748,flood,1,TURNING TOOLS.csv
LTH-05,Okuma GENOS L400II-E,,3800,18.5,Default preset,turning general,2205 Duplex (M),M,Turn Rough,turning,roughing,conventional,0.375,1,297,,0,0.008,,0.0984,0.3748,flood,1,TURNING TOOLS.csv
LTH-05,Okuma GENOS L400II-E,,3800,18.5,Default preset,turning general,2205 Duplex (M),M,Turn Finish,turning,finishing,conventional,0.375,1,349,,0,0.0039,,0.0157,0.3748,flood,1,TURNING TOOLS.csv
LTH-05,Okuma GENOS L400II-E,,3800,18.5,Default preset,turning grooving,304/316 SS (M),M,Groove Rough,turning,roughing,conventional,0.4,1,476,,0,0.0085,,0.0984,0.4,flood,1,TURNING TOOLS.csv
LTH-05,Okuma GENOS L400II-E,,3800,18.5,Default preset,turning grooving,304/316 SS (M),M,Groove Finish,turning,finishing,conventional,0.4,1,558,,0,0.0041,,0.0157,0.4,flood,1,TURNING TOOLS.csv
LTH-05,Okuma GENOS L400II-E,,3800,18.5,Default preset,turning grooving,17-4 PH (M),M,Groove Rough,turning,roughing,conventional,0.4,1,357,,0,0.0085,,0.0984,0.4,flood,1,TURNING TOOLS.csv
LTH-05,Okuma GENOS L400II-E,,3800,18.5,Default preset,turning grooving,17-4 PH (M),M,Groove Finish,turning,finishing,conventional,0.4,1,418,,0,0.0041,,0.0157,0.4,flood,1,TURNING TOOLS.csv
LTH-05,Okuma GENOS L400II-E,,3800,18.5,Default preset,turning grooving,2205 Duplex (M),M,Groove Rough,turning,roughing,conventional,0.4,1,297,,0,0.0085,,0.0984,0.4,flood,1,TURNING TOOLS.csv
LTH-05,Okuma GENOS L400II-E,,3800,18.5,Default preset,turning grooving,2205 Duplex (M),M,Groove Finish,turning,finishing,conventional,0.4,1,349,,0,0.0041,,0.0157,0.4,flood,1,TURNING TOOLS.csv
LTH-05,Okuma GENOS L400II-E,,3800,18.5,Default preset,turning grooving,304/316 SS (M),M,Groove Rough,turning,roughing,conventional,0.4,1,476,,0,0.0085,,0.0984,0.4,flood,1,TURNING TOOLS.csv
LTH-05,Okuma GENOS L400II-E,,3800,18.5,Default preset,turning grooving,304/316 SS (M),M,Groove Finish,turning,finishing,conventional,0.4,1,558,,0,0.0041,,0.0157,0.4,flood,1,TURNING TOOLS.csv
LTH-05,Okuma GENOS L400II-E,,3800,18.5,Default preset,turning grooving,17-4 PH (M),M,Groove Rough,turning,roughing,conventional,0.4,1,357,,0,0.0085,,0.0984,0.4,flood,1,TURNING TOOLS.csv
LTH-05,Okuma GENOS L400II-E,,3800,18.5,Default preset,turning grooving,17-4 PH (M),M,Groove Finish,turning,finishing,conventional,0.4,1,418,,0,0.0041,,0.0157,0.4,flood,1,TURNING TOOLS.csv
LTH-05,Okuma GENOS L400II-E,,3800,18.5,Default preset,turning grooving,2205 Duplex (M),M,Groove Rough,turning,roughing,conventional,0.4,1,297,,0,0.0085,,0.0984,0.4,flood,1,TURNING TOOLS.csv
LTH-05,Okuma GENOS L400II-E,,3800,18.5,Default preset,turning grooving,2205 Duplex (M),M,Groove Finish,turning,finishing,conventional,0.4,1,349,,0,0.0041,,0.0157,0.4,flood,1,TURNING TOOLS.csv
