{
  "category": "M_STAINLESS",
  "subcategory": "stainless",
  "material_count": 51,
  "generated": "2026-01-26T10:21:26.527667",
  "materials": [
    {
      "iso_group": "M",
      "material_type": "stainless",
      "iso_p_equivalent": "M",
      "physical": {
        "density": 7867.0329681946,
        "melting_point": 1714.3675235291,
        "boiling_point": 3193.4543342629,
        "liquidus_temperature": 1748.6548821613,
        "solidus_temperature": 1628.6491565142,
        "latent_heat_fusion": 292.0146621763,
        "specific_heat": 668.4249195865,
        "thermal_conductivity": 145.5799877416,
        "thermal_expansion": 25.0732732349,
        "electrical_resistivity": 7.7096478612,
        "magnetic_permeability": 256.6776708393,
        "poisson_ratio": 0.3541187257,
        "elastic_modulus": 153.3455605071,
        "shear_modulus": 144.3223624839,
        "bulk_modulus": 223.9926931543
      },
      "mechanical": {
        "hardness": {
          "brinell": 295.8485990102,
          "vickers": 310.6410491223,
          "rockwell_c": 19.5848810626,
          "rockwell_b": null
        },
        "tensile_strength": {
          "typical": 363.5164876781,
          "min": 327.1648620719,
          "max": 399.8681606075
        },
        "yield_strength": {
          "typical": 231.3766960794,
          "min": 208.2390516331,
          "max": 254.5143918489
        },
        "elongation": 16.8486020102,
        "reduction_of_area": 21.9032097749,
        "impact_strength": 104.3101624717,
        "fatigue_strength": 145.4066242328,
        "fracture_toughness": 44.6642548258,
        "compressive_strength": 399.8681676075,
        "true_fracture_stress": 581.6264124466,
        "true_fracture_strain": 0.2190649877,
        "strain_rate_sensitivity": 0.0171648087
      },
      "kienzle": {
        "kc1_1": 1546.7030129539,
        "mc": 0.2327712043,
        "kc1_1_milling": 1294.9788437448,
        "mc_milling": 0.15638981,
        "kc1_1_drilling": 1745.9366388075,
        "mc_drilling": 0.2297739833
      },
      "johnson_cook": {
        "A": 231.376737241,
        "B": 330.3495211584,
        "n": 0.4628026244,
        "C": 0.0163799369,
        "m": 0.8579450395,
        "T_melt": 1714.3675696907,
        "T_ref": 296.3895465511,
        "epsilon_dot_ref": 0.0021540224
      },
      "taylor": {
        "C": 231.8011197344,
        "n": 0.2778889894,
        "C_carbide": 336.0347153378,
        "n_carbide": 0.2523940419,
        "C_ceramic": 521.5914631881,
        "n_ceramic": 0.3940468356,
        "C_cbn": null,
        "n_cbn": null
      },
      "chip_formation": {
        "chip_type": "continuous",
        "chip_breaking": "moderate",
        "shear_angle": 30.1092183677,
        "chip_compression_ratio": 1.8917553596,
        "built_up_edge_tendency": "high",
        "segmentation_frequency": null,
        "min_chip_thickness": 0.01141181,
        "edge_radius_sensitivity": 0.796471418
      },
      "tribology": {
        "friction_coefficient": 0.3871561787,
        "friction_coefficient_dry": 0.3864001579,
        "friction_coefficient_flood": 0.2475611091,
        "friction_coefficient_mql": 0.2951567367,
        "wear_coefficient": 3.6774621228,
        "adhesion_tendency": "high",
        "abrasiveness": "low",
        "galling_tendency": "high",
        "crater_wear_coefficient": 6.7161600253358e-05,
        "flank_wear_coefficient": 6.8161603236874e-05
      },
      "thermal_machining": {
        "thermal_diffusivity": 51.8425600041,
        "heat_partition_coefficient": 0.6015353631,
        "critical_temperature": 685.7470805732,
        "recrystallization_temperature": 600.0287053968,
        "phase_transformation_temperature": 857.1838349261,
        "maximum_cutting_temperature": 1114.3389644555,
        "emissivity": 0.6890495206,
        "heat_transfer_coefficient": 15783.8828600444
      },
      "surface_integrity": {
        "residual_stress_tendency": "neutral",
        "work_hardening_depth": 0.1985631817,
        "white_layer_risk": "low",
        "surface_roughness_achievable": 0.4380888885,
        "burr_formation_tendency": "moderate",
        "microstructure_sensitivity": "moderate",
        "minimum_uncut_chip_thickness": 0.0075193325,
        "ploughing_force_coefficient": 0.1534257049
      },
      "machinability": {
        "aisi_rating": 60.6358626019,
        "relative_to_1212": 0.4563966429,
        "machinability_index": 0.7606072971,
        "power_constant": 1.6272514562,
        "unit_power": 0.0272046165
      },
      "cutting_recommendations": {
        "turning": {
          "speed_roughing": 223.9927601543,
          "speed_finishing": 268.6203557819,
          "feed_roughing": 0.1987450603,
          "feed_finishing": 0.071481103,
          "doc_roughing": 3.0880022495,
          "doc_finishing": 0.5310313325
        },
        "milling": {
          "speed_roughing": 197.0941092556,
          "speed_finishing": 145.4213385828,
          "feed_per_tooth_roughing": 0.1280917196,
          "feed_per_tooth_finishing": 0.045452915,
          "doc_roughing": 2.6766529382,
          "doc_finishing": 0.253454915,
          "woc_roughing": 1.1948478563,
          "woc_finishing": 0.1517841433
        },
        "drilling": {
          "speed": 190.5861807477,
          "feed_per_rev": 0.2810901726,
          "peck_depth_ratio": 0.6091864107
        },
        "tool_material": {
          "recommended_grade": "Coated carbide",
          "coating_recommendation": "TiAlN",
          "geometry_recommendation": "Neutral"
        },
        "coolant": {
          "type": "Flood emulsion",
          "pressure": 70.9317270932,
          "flow_rate": 17.9182970798
        }
      },
      "process_specific": {
        "grinding_ratio": 10.9170771418,
        "edm_machinability": 88.0172001787,
        "laser_absorptivity": 0.5480925096,
        "weldability_rating": "good"
      },
      "_gen_v5": {
        "complete": true,
        "params": 127,
        "uid": 1616
      },
      "name": "A286 Aged",
      "category": "STAINLESS"
    }
  ],
  "enhanced_date": "2026-01-26T10:45:58.534182",
  "physics_complete": true,
  "physics_mode": "accurate",
  "_enhanced": {
    "timestamp": "2026-01-27T13:51:21.201294",
    "version": "1.0"
  },
  "_mechanical_enhanced": {
    "timestamp": "2026-01-27T13:57:23.113856",
    "version": "1.0",
    "materials_enhanced": 51
  },
  "_enhancement_iteration": "2026-01-27T14:09:10.956858",
  "_complete_enhanced": {
    "timestamp": "2026-01-27T14:13:24.563632",
    "version": "2.0"
  }
}