brand,id,category,type,dc_mm,shank_mm,ratio,classification
"MA Ford","MA -4.0000-4F","solid_mill","end_mill",101.6,101.6,1,bad-diameter
"MA Ford","MA -5.0000-4F","solid_mill","end_mill",127,127,1,bad-diameter
"MA Ford","MA -3.5000-4F","solid_mill","end_mill",88.9,88.9,1,bad-diameter
"MA Ford","MA -4.5000-4F","solid_mill","end_mill",114.3,114.3,1,bad-diameter
"MA Ford","MA -6.0000-3F","solid_mill","end_mill",152.4,152.4,1,bad-diameter
"MA Ford","MA -6.0000-4F","solid_mill","end_mill",152.4,152.4,1,bad-diameter
"MA Ford","19877","solid_mill","end_mill",152.4,152.4,1,bad-diameter
"MA Ford","19882","solid_mill","end_mill",152.4,152.4,1,bad-diameter
"MA Ford","72010020M","solid_mill","end_mill",101.6,76.2,1.3,bad-diameter
"MA Ford","41156220M","solid_mill","end_mill",101.6,152.4,0.7,bad-diameter
"MA Ford","72030020M","solid_mill","end_mill",121.92,76.2,1.6,bad-diameter
"MA Ford","41187520M","solid_mill","end_mill",121.92,152.4,0.8,bad-diameter
"MA Ford","41250020M","solid_mill","end_mill",152.4,152.4,1,bad-diameter
"MA Ford","41156220EM","solid_mill","end_mill",101.6,152.4,0.7,bad-diameter
"MA Ford","41187520EM","solid_mill","end_mill",121.92,152.4,0.8,bad-diameter
"MA Ford","41250020EM","solid_mill","end_mill",152.4,152.4,1,bad-diameter
"MA Ford","72020020M","solid_mill","end_mill",101.6,76.2,1.3,bad-diameter
"MA Ford","42156220M","solid_mill","end_mill",101.6,152.4,0.7,bad-diameter
"MA Ford","72040020M","solid_mill","end_mill",121.92,76.2,1.6,bad-diameter
"MA Ford","42187520M","solid_mill","end_mill",121.92,152.4,0.8,bad-diameter
"MA Ford","42250020M","solid_mill","end_mill",152.4,152.4,1,bad-diameter
"MA Ford","42250020L6M","solid_mill","end_mill",152.4,152.4,1,bad-diameter
"MA Ford","43187520M","solid_mill","end_mill",121.92,152.4,0.8,bad-diameter
"MA Ford","72050020M","solid_mill","end_mill",121.92,76.2,1.6,bad-diameter
"MA Ford","43250020M","solid_mill","end_mill",152.4,152.4,1,bad-diameter
"MA Ford","M 43250020L6M","solid_mill","end_mill",152.4,152.4,1,bad-diameter
"MA Ford","72060020M","solid_mill","end_mill",121.92,76.2,1.6,bad-diameter
"MA Ford","44250020M","solid_mill","end_mill",152.4,152.4,1,bad-diameter
"MA Ford","44250020L6M","solid_mill","end_mill",152.4,152.4,1,bad-diameter
"MA Ford","72080020M","solid_mill","end_mill",121.92,76.2,1.6,bad-diameter
"MA Ford","45250020M","solid_mill","end_mill",152.4,152.4,1,bad-diameter
"MA Ford","45250020L6M","solid_mill","end_mill",152.4,152.4,1,bad-diameter
"MA Ford","72090020M","solid_mill","end_mill",121.92,76.2,1.6,bad-diameter
"MA Ford","46250020M","solid_mill","end_mill",152.4,152.4,1,bad-diameter
"MA Ford","46250020L6M","solid_mill","end_mill",152.4,152.4,1,bad-diameter
"MA Ford","72070020M","solid_mill","end_mill",121.92,76.2,1.6,bad-diameter
"MA Ford","49250020M","solid_mill","end_mill",152.4,152.4,1,bad-diameter
"MA Ford","29702500M","solid_mill","end_mill",152.4,152.4,1,bad-diameter
"MA Ford","72120020M","solid_mill","end_mill",121.92,76.2,1.6,bad-diameter
"MA Ford","48250020M","solid_mill","end_mill",152.4,152.4,1,bad-diameter
"MA Ford","72100020M","solid_mill","end_mill",121.92,76.2,1.6,bad-diameter
"MA Ford","47250020M","solid_mill","end_mill",152.4,152.4,1,bad-diameter
"MA Ford","47250120M","solid_mill","end_mill",152.4,152.4,1,bad-diameter
"MA Ford","47250220M","solid_mill","end_mill",152.4,152.4,1,bad-diameter
"MA Ford","72110020M","solid_mill","end_mill",121.92,76.2,1.6,bad-diameter
"MA Ford","50025020M","solid_mill","end_mill",152.4,152.4,1,bad-diameter
"Generic","UNK-4.0000-4F","solid_mill","end_mill",101.6,101.6,1,bad-diameter
"Generic","UNK-5.0000-4F","solid_mill","end_mill",127,127,1,bad-diameter
"Generic","UNK-6.0000-4F","solid_mill","end_mill",152.4,152.4,1,bad-diameter
"Generic","UNK-3.5000-4F","solid_mill","end_mill",88.9,88.9,1,bad-diameter
"Generic","UNK-4.5000-4F","solid_mill","end_mill",114.3,114.3,1,bad-diameter
"Generic","UNK-5.5000-4F","solid_mill","end_mill",139.7,139.7,1,bad-diameter
"Generic","UNK-6.0000-5F","solid_mill","end_mill",152.4,152.4,1,bad-diameter
"Generic","UNK-3.8200-4F","solid_mill","ball_mill",97.03,97.03,1,bad-diameter
"Generic","UNK-4.8900-4F","solid_mill","ball_mill",124.21,124.21,1,bad-diameter
"Generic","UNK-6.0000-6F","solid_mill","ball_mill",152.4,152.4,1,bad-diameter
"Generic","UNK-6.0000-2F","solid_mill","end_mill",152.4,152.4,1,bad-diameter
"Generic","UNK-6.0000-8F","solid_mill","end_mill",152.4,152.4,1,bad-diameter
"Generic","UNK-6.0000-9F","solid_mill","end_mill",152.4,152.4,1,bad-diameter
"Generic","UNK-6.0000-3F","solid_mill","end_mill",152.4,152.4,1,bad-diameter
"Generic","UNK-6.0000-11F","solid_mill","end_mill",152.4,152.4,1,bad-diameter
"Generic","UNK-5.0000-10F","solid_mill","end_mill",127,127,1,bad-diameter
"Generic","UNK-6.0000-10F","solid_mill","end_mill",152.4,152.4,1,bad-diameter
"Generic","UNK-4.0000-1F","solid_mill","end_mill",101.6,101.6,1,bad-diameter
"Generic","UNK-5.0000-1F","solid_mill","end_mill",127,127,1,bad-diameter
"Generic","UNK-6.0000-1F","solid_mill","end_mill",152.4,152.4,1,bad-diameter
"YG-1","YG1-309.0","solid_mill","ball_mill",309,309,1,bad-diameter
"YG-1","YG1-108.0","solid_mill","ball_mill",108,108,1,bad-diameter
"YG-1","YG1-110.0","solid_mill","ball_mill",110,110,1,bad-diameter
"YG-1","YG1-4.2","solid_mill","ball_mill",106.68,106.68,1,bad-diameter
"YG-1","HPI90040","solid_mill","end_mill",101.6,101.6,1,bad-diameter
"YG-1","HPI90901","solid_mill","end_mill",101.6,6,16.9,bad-diameter
"YG-1","SEMD98035","solid_mill","end_mill",88.9,6,14.8,bad-diameter
"YG-1","SEMD98040050","solid_mill","end_mill",101.6,6,16.9,bad-diameter
"YG-1","SEMD980404S","solid_mill","end_mill",101.6,101.6,1,bad-diameter
"YG-1","SEMD98040","solid_mill","end_mill",101.6,6,16.9,bad-diameter
"YG-1","SEMD980401004S","solid_mill","end_mill",101.6,101.6,1,bad-diameter
"YG-1","SEMD980401204S","solid_mill","end_mill",101.6,101.6,1,bad-diameter
"YG-1","SEMD98040100","solid_mill","end_mill",101.6,6,16.9,bad-diameter
"YG-1","SEMD98040120","solid_mill","end_mill",101.6,6,16.9,bad-diameter
"YG-1","SEMD98045","solid_mill","end_mill",114.3,6,19.1,bad-diameter
"YG-1","SEME640400110","solid_mill","end_mill",101.6,6,16.9,bad-diameter
"YG-1","SEME640400112","solid_mill","end_mill",101.6,6,16.9,bad-diameter
"YG-1","SEME640400114","solid_mill","end_mill",101.6,6,16.9,bad-diameter
"YG-1","SEME640400116","solid_mill","end_mill",101.6,6,16.9,bad-diameter
"YG-1","SEME640400120","solid_mill","end_mill",101.6,6,16.9,bad-diameter
"YG-1","SEME640400126","solid_mill","end_mill",101.6,6,16.9,bad-diameter
"YG-1","SEME640400130","solid_mill","end_mill",101.6,6,16.9,bad-diameter
"YG-1","SEME640400135","solid_mill","end_mill",101.6,6,16.9,bad-diameter
"YG-1","SEME640400140","solid_mill","end_mill",101.6,6,16.9,bad-diameter
"YG-1","SEME640400145","solid_mill","end_mill",101.6,6,16.9,bad-diameter
"YG-1","SEME640400150","solid_mill","end_mill",101.6,6,16.9,bad-diameter
"YG-1","SEME640400210","solid_mill","end_mill",101.6,6,16.9,bad-diameter
"YG-1","SEME640400212","solid_mill","end_mill",101.6,6,16.9,bad-diameter
"YG-1","SEME640400214","solid_mill","end_mill",101.6,6,16.9,bad-diameter
"YG-1","SEME640400216","solid_mill","end_mill",101.6,6,16.9,bad-diameter
"YG-1","SEME640400220","solid_mill","end_mill",101.6,6,16.9,bad-diameter
"YG-1","SEME640400226","solid_mill","end_mill",101.6,6,16.9,bad-diameter
"YG-1","SEME640400230","solid_mill","end_mill",101.6,6,16.9,bad-diameter
"YG-1","SEME640400235","solid_mill","end_mill",101.6,6,16.9,bad-diameter
"YG-1","SEME640400240","solid_mill","end_mill",101.6,6,16.9,bad-diameter
"YG-1","SEME640400245","solid_mill","end_mill",101.6,6,16.9,bad-diameter
"YG-1","SEME640400250","solid_mill","end_mill",101.6,6,16.9,bad-diameter
"YG-1","SEME640400310","solid_mill","end_mill",101.6,6,16.9,bad-diameter
"YG-1","SEME640400312","solid_mill","end_mill",101.6,6,16.9,bad-diameter
"YG-1","SEME640400314","solid_mill","end_mill",101.6,6,16.9,bad-diameter
"YG-1","SEME640400316","solid_mill","end_mill",101.6,6,16.9,bad-diameter
"YG-1","SEME640400320","solid_mill","end_mill",101.6,6,16.9,bad-diameter
"YG-1","SEME640400326","solid_mill","end_mill",101.6,6,16.9,bad-diameter
"YG-1","SEME640400330","solid_mill","end_mill",101.6,6,16.9,bad-diameter
"YG-1","SEME640400335","solid_mill","end_mill",101.6,6,16.9,bad-diameter
"YG-1","SEME640400340","solid_mill","end_mill",101.6,6,16.9,bad-diameter
"YG-1","SEME640400345","solid_mill","end_mill",101.6,6,16.9,bad-diameter
"YG-1","SEME640400350","solid_mill","end_mill",101.6,6,16.9,bad-diameter
"YG-1","SEME640400510","solid_mill","end_mill",101.6,6,16.9,bad-diameter
"YG-1","SEME640400512","solid_mill","end_mill",101.6,6,16.9,bad-diameter
"YG-1","SEME640400514","solid_mill","end_mill",101.6,6,16.9,bad-diameter
"YG-1","SEME640400516","solid_mill","end_mill",101.6,6,16.9,bad-diameter
"YG-1","SEME640400520","solid_mill","end_mill",101.6,6,16.9,bad-diameter
"YG-1","SEME640400526","solid_mill","end_mill",101.6,6,16.9,bad-diameter
"YG-1","SEME640400530","solid_mill","end_mill",101.6,6,16.9,bad-diameter
"YG-1","SEME640400535","solid_mill","end_mill",101.6,6,16.9,bad-diameter
"YG-1","SEME640400540","solid_mill","end_mill",101.6,6,16.9,bad-diameter
"YG-1","SEME640400545","solid_mill","end_mill",101.6,6,16.9,bad-diameter
"YG-1","SEME640400550","solid_mill","end_mill",101.6,6,16.9,bad-diameter
"YG-1","SEME640401010","solid_mill","end_mill",101.6,6,16.9,bad-diameter
"YG-1","SEME640401012","solid_mill","end_mill",101.6,6,16.9,bad-diameter
"YG-1","SEME640401014","solid_mill","end_mill",101.6,6,16.9,bad-diameter
"YG-1","SEME640401016","solid_mill","end_mill",101.6,6,16.9,bad-diameter
"YG-1","SEME640401020","solid_mill","end_mill",101.6,6,16.9,bad-diameter
"YG-1","SEME640401026","solid_mill","end_mill",101.6,6,16.9,bad-diameter
"YG-1","SEME640401030","solid_mill","end_mill",101.6,6,16.9,bad-diameter
"YG-1","SEME640401035","solid_mill","end_mill",101.6,6,16.9,bad-diameter
"YG-1","SEME640401040","solid_mill","end_mill",101.6,6,16.9,bad-diameter
"YG-1","SEME640401045","solid_mill","end_mill",101.6,6,16.9,bad-diameter
"YG-1","SEME640401050","solid_mill","end_mill",101.6,6,16.9,bad-diameter
"YG-1","SEME35035","solid_mill","end_mill",88.9,6,14.8,bad-diameter
"YG-1","SEME35040","solid_mill","end_mill",101.6,6,16.9,bad-diameter
"YG-1","SEME35045","solid_mill","end_mill",114.3,6,19.1,bad-diameter
"YG-1","SEME36035","solid_mill","end_mill",88.9,6,14.8,bad-diameter
"YG-1","SEME36040","solid_mill","end_mill",101.6,6,16.9,bad-diameter
"YG-1","SEME36045","solid_mill","end_mill",114.3,6,19.1,bad-diameter
"YG-1","SEME7104004","solid_mill","end_mill",101.6,6,16.9,bad-diameter
"YG-1","SEME7104008","solid_mill","end_mill",101.6,6,16.9,bad-diameter
"YG-1","SEME71040","solid_mill","end_mill",101.6,6,16.9,bad-diameter
"YG-1","SEME7104012","solid_mill","end_mill",101.6,6,16.9,bad-diameter
"YG-1","SEME7104014","solid_mill","end_mill",101.6,6,16.9,bad-diameter
"YG-1","SEME7104016","solid_mill","end_mill",101.6,6,16.9,bad-diameter
"YG-1","SEME72040204S","solid_mill","end_mill",101.6,101.6,1,bad-diameter
"YG-1","SEME7204012","solid_mill","end_mill",101.6,6,16.9,bad-diameter
"YG-1","SEME7204016","solid_mill","end_mill",101.6,6,16.9,bad-diameter
"YG-1","SEME7204020","solid_mill","end_mill",101.6,6,16.9,bad-diameter
"YG-1","SEME7204026","solid_mill","end_mill",101.6,6,16.9,bad-diameter
"YG-1","SEME7204030","solid_mill","end_mill",101.6,6,16.9,bad-diameter
"YG-1","GM818911","solid_mill","end_mill",101.6,6,16.9,bad-diameter
"YG-1","GM8A1040","solid_mill","end_mill",101.6,6,16.9,bad-diameter
"YG-1","GM8A1986","solid_mill","end_mill",101.6,6,16.9,bad-diameter
"YG-1","GM8A1987","solid_mill","end_mill",101.6,6,16.9,bad-diameter
"YG-1","GM810035","solid_mill","end_mill",88.9,6,14.8,bad-diameter
"YG-1","GM810040","solid_mill","end_mill",101.6,6,16.9,bad-diameter
"YG-1","EE515040","solid_mill","end_mill",101.6,101.6,1,bad-diameter
"YG-1","EH919040","solid_mill","end_mill",101.6,101.6,1,bad-diameter
"YG-1","EMB41040","solid_mill","end_mill",101.6,101.6,1,bad-diameter
"YG-1","EMB43040","solid_mill","end_mill",101.6,101.6,1,bad-diameter
"YG-1","EMB14040","solid_mill","end_mill",101.6,101.6,1,bad-diameter
"YG-1","EMB15040","solid_mill","end_mill",101.6,101.6,1,bad-diameter
"YG-1","EMB74040","solid_mill","end_mill",101.6,101.6,1,bad-diameter
"YG-1","YG1-300.0","solid_mill","end_mill",300,200,1.5,bad-diameter
"YG-1","YG1-100.0","solid_mill","end_mill",100,100,1,bad-diameter
"YG-1","E5522040","solid_mill","end_mill",101.6,101.6,1,bad-diameter
"YG-1","EG930040","solid_mill","end_mill",101.6,101.6,1,bad-diameter
"YG-1","EG909040","solid_mill","end_mill",101.6,6,16.9,bad-diameter
"YG-1","EG908035","solid_mill","end_mill",88.9,6,14.8,bad-diameter
"YG-1","EG908040","solid_mill","end_mill",101.6,6,16.9,bad-diameter
"YG-1","EI880035","solid_mill","end_mill",88.9,6,14.8,bad-diameter
"YG-1","EI880040","solid_mill","end_mill",101.6,6,16.9,bad-diameter
"YG-1","99560","solid_mill","end_mill",101.6,101.6,1,bad-diameter
"YG-1","99568","solid_mill","end_mill",101.6,101.6,1,bad-diameter
"YG-1","EH527035","solid_mill","end_mill",88.9,88.9,1,bad-diameter
"YG-1","EH527040","solid_mill","end_mill",101.6,101.6,1,bad-diameter
"YG-1","EH527045","solid_mill","end_mill",114.3,114.3,1,bad-diameter
"YG-1","EH540035","solid_mill","end_mill",88.9,88.9,1,bad-diameter
"YG-1","EH540040","solid_mill","end_mill",101.6,101.6,1,bad-diameter
"YG-1","EH540045","solid_mill","end_mill",114.3,114.3,1,bad-diameter
"YG-1","EH882040","solid_mill","end_mill",101.6,101.6,1,bad-diameter
"YG-1","15255","solid_mill","end_mill",88.9,88.9,1,bad-diameter
"YG-1","15256","solid_mill","end_mill",101.6,101.6,1,bad-diameter
"YG-1","15257","solid_mill","end_mill",114.3,114.3,1,bad-diameter
"YG-1","16255","solid_mill","end_mill",88.9,88.9,1,bad-diameter
"YG-1","16256","solid_mill","end_mill",101.6,101.6,1,bad-diameter
"YG-1","16257","solid_mill","end_mill",114.3,114.3,1,bad-diameter
"Sumitomo","WSX445-040A04AR","solid_mill","end_mill",160,,,bad-diameter
"Sumitomo","WSX445-050A03AR","solid_mill","end_mill",220,,,bad-diameter
"Sumitomo","WSX445-050A04AR","solid_mill","end_mill",220,,,bad-diameter
"Sumitomo","WSX445-050A05AR","solid_mill","end_mill",220,,,bad-diameter
"Sumitomo","WSX445-063A04AR","solid_mill","end_mill",220,,,bad-diameter
"Sumitomo","WSX445-063A05AR","solid_mill","end_mill",220,,,bad-diameter
"Sumitomo","WSX445-063A06AR","solid_mill","end_mill",220,,,bad-diameter
"Sumitomo","WSX445-080A04AR","solid_mill","end_mill",271,,,bad-diameter
"Sumitomo","WSX445-080A06AR","solid_mill","end_mill",271,,,bad-diameter
"Sumitomo","WSX445-080A08AR","solid_mill","end_mill",271,,,bad-diameter
"Sumitomo","WSX445-100B05AR","solid_mill","end_mill",321,,,bad-diameter
"Sumitomo","WSX445-100B07AR","solid_mill","end_mill",321,,,bad-diameter
"Sumitomo","WSX445-100B10AR","solid_mill","end_mill",321,,,bad-diameter
"Sumitomo","WSX445-125B06AR","solid_mill","end_mill",403,,,bad-diameter
"Sumitomo","WSX445-125B08AR","solid_mill","end_mill",403,,,bad-diameter
"Sumitomo","WSX445-125B12AR","solid_mill","end_mill",403,,,bad-diameter
"Sumitomo","WSX445-160C07NR","solid_mill","end_mill",404,,,bad-diameter
"Sumitomo","WSX445-160C10NR","solid_mill","end_mill",404,,,bad-diameter
"Sumitomo","WSX445-160C16NR","solid_mill","end_mill",404,,,bad-diameter
"Sumitomo","WSX445-200C08NR","solid_mill","end_mill",607,,,bad-diameter
"Sumitomo","WSX445-200C12NR","solid_mill","end_mill",607,,,bad-diameter
"Sumitomo","WSX445-200C20NR","solid_mill","end_mill",607,,,bad-diameter
"Sumitomo","ASX445R10005D","solid_mill","end_mill",100,,,bad-diameter
"Sumitomo","ASX445R12506E","solid_mill","end_mill",125,,,bad-diameter
"Sumitomo","ASX445R16007F","solid_mill","end_mill",160,,,bad-diameter
"Sumitomo","ASX445R20008K","solid_mill","end_mill",200,,,bad-diameter
"Sumitomo","ASX445R25010K","solid_mill","end_mill",250,,,bad-diameter
"Sumitomo","ASX445R31514P","solid_mill","end_mill",315,,,bad-diameter
"Sumitomo","ASX445R10007D","solid_mill","end_mill",100,,,bad-diameter
"Sumitomo","ASX445R12508E","solid_mill","end_mill",125,,,bad-diameter
"Sumitomo","ASX445R16010F","solid_mill","end_mill",160,,,bad-diameter
"Sumitomo","ASX445R20012K","solid_mill","end_mill",200,,,bad-diameter
"Sumitomo","ASX445R25014K","solid_mill","end_mill",250,,,bad-diameter
"Sumitomo","ASX445R31518P","solid_mill","end_mill",315,,,bad-diameter
"Sumitomo","ASX445R10010D","solid_mill","end_mill",100,,,bad-diameter
"Sumitomo","ASX445R12512E","solid_mill","end_mill",125,,,bad-diameter
"Sumitomo","ASX445R16016F","solid_mill","end_mill",160,,,bad-diameter
"Sumitomo","ASX445R20020K","solid_mill","end_mill",200,,,bad-diameter
"Sumitomo","ASX445R25024K","solid_mill","end_mill",250,,,bad-diameter
"Sumitomo","ASX445R31528P","solid_mill","end_mill",315,,,bad-diameter
"Sumitomo","ASX445-100A05R","solid_mill","end_mill",100,,,bad-diameter
"Sumitomo","ASX445-125B06R","solid_mill","end_mill",125,,,bad-diameter
"Sumitomo","ASX445-160C07R","solid_mill","end_mill",160,,,bad-diameter
"Sumitomo","ASX445-200C08R","solid_mill","end_mill",200,,,bad-diameter
"Sumitomo","ASX445-250C10R","solid_mill","end_mill",250,,,bad-diameter
"Sumitomo","ASX445-315C14R","solid_mill","end_mill",315,,,bad-diameter
"Sumitomo","ASX445-100A07R","solid_mill","end_mill",100,,,bad-diameter
"Sumitomo","ASX445-125B08R","solid_mill","end_mill",125,,,bad-diameter
"Sumitomo","ASX445-160C10R","solid_mill","end_mill",160,,,bad-diameter
"Sumitomo","ASX445-200C12R","solid_mill","end_mill",200,,,bad-diameter
"Sumitomo","ASX445-250C14R","solid_mill","end_mill",250,,,bad-diameter
"Sumitomo","ASX445-315C18R","solid_mill","end_mill",315,,,bad-diameter
"Sumitomo","ASX445-100A10R","solid_mill","end_mill",100,,,bad-diameter
"Sumitomo","ASX445-125B12R","solid_mill","end_mill",125,,,bad-diameter
"Sumitomo","ASX445-160C16R","solid_mill","end_mill",160,,,bad-diameter
"Sumitomo","ASX445-200C20R","solid_mill","end_mill",200,,,bad-diameter
"Sumitomo","ASX445-250C24R","solid_mill","end_mill",250,,,bad-diameter
"Sumitomo","ASX445-315C28R","solid_mill","end_mill",315,,,bad-diameter
"Sumitomo","AOX445R10008D","solid_mill","end_mill",100,,,bad-diameter
"Sumitomo","AOX445R12510E","solid_mill","end_mill",125,,,bad-diameter
"Sumitomo","AOX445R16012F","solid_mill","end_mill",160,,,bad-diameter
"Sumitomo","NF10000R0406D","solid_mill","end_mill",100,,,bad-diameter
"Sumitomo","NF10000R0508E","solid_mill","end_mill",125,,,bad-diameter
"Sumitomo","NF10000R0408D","solid_mill","end_mill",100,,,bad-diameter
"Sumitomo","NF10000R0510E","solid_mill","end_mill",125,,,bad-diameter
"Sumitomo","FF3000R0502E","solid_mill","end_mill",125,,,bad-diameter
"Sumitomo","FF3000R0602F","solid_mill","end_mill",160,,,bad-diameter
"Sumitomo","FF3000R0802K","solid_mill","end_mill",200,,,bad-diameter
"Sumitomo","FF3000R1002K","solid_mill","end_mill",250,,,bad-diameter
"Sumitomo","VOX400R10006D","solid_mill","end_mill",100,,,bad-diameter
"Sumitomo","VOX400R12508E","solid_mill","end_mill",125,,,bad-diameter
"Sumitomo","VOX400R16010F","solid_mill","end_mill",160,,,bad-diameter
"Sumitomo","VOX400R20012K","solid_mill","end_mill",200,,,bad-diameter
"Sumitomo","VOX400R25016K","solid_mill","end_mill",250,,,bad-diameter
"Sumitomo","VOX400R10010D","solid_mill","end_mill",100,,,bad-diameter
"Sumitomo","VOX400R12512E","solid_mill","end_mill",125,,,bad-diameter
"Sumitomo","VOX400R16016F","solid_mill","end_mill",160,,,bad-diameter
"Sumitomo","VOX400R20020K","solid_mill","end_mill",200,,,bad-diameter
"Sumitomo","VOX400R25024K","solid_mill","end_mill",250,,,bad-diameter
"Sumitomo","VOX400R10012D","solid_mill","end_mill",100,,,bad-diameter
"Sumitomo","VOX400R12516E","solid_mill","end_mill",125,,,bad-diameter
"Sumitomo","VOX400R16020F","solid_mill","end_mill",160,,,bad-diameter
"Sumitomo","VOX400R20026K","solid_mill","end_mill",200,,,bad-diameter
"Sumitomo","VOX400R25034K","solid_mill","end_mill",250,,,bad-diameter
"Sumitomo","VOX400-100B06R","solid_mill","end_mill",100,,,bad-diameter
"Sumitomo","VOX400-125B08R","solid_mill","end_mill",125,,,bad-diameter
"Sumitomo","VOX400-160C10R","solid_mill","end_mill",160,,,bad-diameter
"Sumitomo","VOX400-200C12R","solid_mill","end_mill",200,,,bad-diameter
"Sumitomo","VOX400-250C16R","solid_mill","end_mill",250,,,bad-diameter
"Sumitomo","VOX400-100B10R","solid_mill","end_mill",100,,,bad-diameter
"Sumitomo","VOX400-125B12R","solid_mill","end_mill",125,,,bad-diameter
"Sumitomo","VOX400-160C16R","solid_mill","end_mill",160,,,bad-diameter
"Sumitomo","VOX400-200C20R","solid_mill","end_mill",200,,,bad-diameter
"Sumitomo","VOX400-250C24R","solid_mill","end_mill",250,,,bad-diameter
"Sumitomo","VOX400-100B12R","solid_mill","end_mill",100,,,bad-diameter
"Sumitomo","VOX400-125B16R","solid_mill","end_mill",125,,,bad-diameter
"Sumitomo","VOX400-160C20R","solid_mill","end_mill",160,,,bad-diameter
"Sumitomo","VOX400-200C26R","solid_mill","end_mill",200,,,bad-diameter
"Sumitomo","VOX400-250C34R","solid_mill","end_mill",250,,,bad-diameter
"Sumitomo","ASX400R10005D","solid_mill","end_mill",100,,,bad-diameter
"Sumitomo","ASX400R12506E","solid_mill","end_mill",125,,,bad-diameter
"Sumitomo","ASX400R16008F","solid_mill","end_mill",160,,,bad-diameter
"Sumitomo","ASX400R20010K","solid_mill","end_mill",200,,,bad-diameter
"Sumitomo","ASX400R25012K","solid_mill","end_mill",250,,,bad-diameter
"Sumitomo","ASX400R10007D","solid_mill","end_mill",100,,,bad-diameter
"Sumitomo","ASX400R12508E","solid_mill","end_mill",125,,,bad-diameter
"Sumitomo","ASX400R16012F","solid_mill","end_mill",160,,,bad-diameter
"Sumitomo","ASX400R20016K","solid_mill","end_mill",200,,,bad-diameter
"Sumitomo","ASX400R25018K","solid_mill","end_mill",250,,,bad-diameter
"Sumitomo","ASX400-100B05R","solid_mill","end_mill",100,,,bad-diameter
"Sumitomo","ASX400-125B06R","solid_mill","end_mill",125,,,bad-diameter
"Sumitomo","ASX400-160C08R","solid_mill","end_mill",160,,,bad-diameter
"Sumitomo","ASX400-200C10R","solid_mill","end_mill",200,,,bad-diameter
"Sumitomo","ASX400-250C12R","solid_mill","end_mill",250,,,bad-diameter
"Sumitomo","ASX400-100B07R","solid_mill","end_mill",100,,,bad-diameter
"Sumitomo","ASX400-125B08R","solid_mill","end_mill",125,,,bad-diameter
"Sumitomo","ASX400-160C12R","solid_mill","end_mill",160,,,bad-diameter
"Sumitomo","ASX400-200C16R","solid_mill","end_mill",200,,,bad-diameter
"Sumitomo","ASX400-250C18R","solid_mill","end_mill",250,,,bad-diameter
"Sumitomo","ASX400-100B10R","solid_mill","end_mill",100,,,bad-diameter
"Sumitomo","ASX400-125B12R","solid_mill","end_mill",125,,,bad-diameter
"Sumitomo","ASX400-160C15R","solid_mill","end_mill",160,,,bad-diameter
"Sumitomo","ASX400-200C19R","solid_mill","end_mill",200,,,bad-diameter
"Sumitomo","ASX400-250C22R","solid_mill","end_mill",250,,,bad-diameter
"Sumitomo","AXD4000R10006DA","solid_mill","end_mill",100,,,bad-diameter
"Sumitomo","AXD4000R12507EA","solid_mill","end_mill",125,,,bad-diameter
"Sumitomo","AXD4000R10006DB","solid_mill","end_mill",100,,,bad-diameter
"Sumitomo","AXD4000R12507EB","solid_mill","end_mill",125,,,bad-diameter
"Sumitomo","AXD4000-100A06RA","solid_mill","end_mill",100,,,bad-diameter
"Sumitomo","AXD4000-125B07RA","solid_mill","end_mill",125,,,bad-diameter
"Sumitomo","AXD4000-100A06RB","solid_mill","end_mill",100,,,bad-diameter
"Sumitomo","AXD4000-125B07RB","solid_mill","end_mill",125,,,bad-diameter
"Sumitomo","AXD7000R10005DA","solid_mill","end_mill",100,,,bad-diameter
"Sumitomo","AXD7000R12506EA","solid_mill","end_mill",125,,,bad-diameter
"Sumitomo","AXD7000R10005DB","solid_mill","end_mill",100,,,bad-diameter
"Sumitomo","AXD7000R12506EB","solid_mill","end_mill",125,,,bad-diameter
"Sumitomo","AXD7000-100A05RA","solid_mill","end_mill",100,,,bad-diameter
"Sumitomo","AXD7000-125B06RA","solid_mill","end_mill",125,,,bad-diameter
"Sumitomo","AXD7000-100A05RB","solid_mill","end_mill",100,,,bad-diameter
"Sumitomo","AXD7000-125B06RB","solid_mill","end_mill",125,,,bad-diameter
"Sumitomo","BXD4000R10006DA","solid_mill","end_mill",100,,,bad-diameter
"Sumitomo","BXD4000R12507EA","solid_mill","end_mill",125,,,bad-diameter
"Sumitomo","BXD4000R10006DB","solid_mill","end_mill",100,,,bad-diameter
"Sumitomo","BXD4000R12507EB","solid_mill","end_mill",125,,,bad-diameter
"Sumitomo","BXD4000-100A06RA","solid_mill","end_mill",100,,,bad-diameter
"Sumitomo","BXD4000-125B07RA","solid_mill","end_mill",125,,,bad-diameter
"Sumitomo","BXD4000-100A06RB","solid_mill","end_mill",100,,,bad-diameter
"Sumitomo","BXD4000-125B07RB","solid_mill","end_mill",125,,,bad-diameter
"Sumitomo","AJX14R10005D","solid_mill","end_mill",88.1,,,bad-diameter
"Sumitomo","AJX14R10006D","solid_mill","end_mill",88.1,,,bad-diameter
"Sumitomo","AJX12R10007D","solid_mill","end_mill",88.3,,,bad-diameter
"Sumitomo","AJX14R12505E","solid_mill","end_mill",113.2,,,bad-diameter
"Sumitomo","AJX14R12507E","solid_mill","end_mill",113.2,,,bad-diameter
"Sumitomo","AJX14R16006F","solid_mill","end_mill",148.2,,,bad-diameter
"Sumitomo","AJX14R16008F","solid_mill","end_mill",148.2,,,bad-diameter
"Sumitomo","AJX14-100A05R","solid_mill","end_mill",88.1,,,bad-diameter
"Sumitomo","AJX14-100A06R","solid_mill","end_mill",88.1,,,bad-diameter
"Sumitomo","AJX12-100A07R","solid_mill","end_mill",88.3,,,bad-diameter
"Sumitomo","AJX14-125B05R","solid_mill","end_mill",113.2,,,bad-diameter
"Sumitomo","AJX14-125B07R","solid_mill","end_mill",113.2,,,bad-diameter
"Sumitomo","AJX14-160B06R","solid_mill","end_mill",148.2,,,bad-diameter
"Sumitomo","AJX14-160B08R","solid_mill","end_mill",148.2,,,bad-diameter
"Sumitomo","AJX12-100A09R","solid_mill","end_mill",88.3,,,bad-diameter
"Sumitomo","AJX14-125B09R","solid_mill","end_mill",113.2,,,bad-diameter
"Sumitomo","WJX14R10006DA a","solid_mill","end_mill",84.4,,,bad-diameter
"Sumitomo","WJX14R10007DA a","solid_mill","end_mill",84.4,,,bad-diameter
"Sumitomo","WJX14R12507EA a","solid_mill","end_mill",109.4,,,bad-diameter
"Sumitomo","WJX14R12509EA a","solid_mill","end_mill",109.4,,,bad-diameter
"Sumitomo","WJX14R16009FA a","solid_mill","end_mill",144.4,,,bad-diameter
"Sumitomo","WJX14-100A06AR a","solid_mill","end_mill",84.4,,,bad-diameter
"Sumitomo","WJX14-100A07AR a","solid_mill","end_mill",84.4,,,bad-diameter
"Sumitomo","WJX14-125B07AR a","solid_mill","end_mill",109.4,,,bad-diameter
"Sumitomo","WJX14-125B09AR a","solid_mill","end_mill",109.4,,,bad-diameter
"Sumitomo","WJX14-160B09AR a","solid_mill","end_mill",144.4,,,bad-diameter
"Sumitomo","OCTACUT1006DR","solid_mill","end_mill",88.5,,,bad-diameter
"Sumitomo","OCTACUT1257ER","solid_mill","end_mill",113.5,,,bad-diameter
"Sumitomo","OCTACUT1608FR","solid_mill","end_mill",148.5,,,bad-diameter
"Sumitomo","OCTACUT1006AR","solid_mill","end_mill",88.5,,,bad-diameter
"Sumitomo","OCTACUT1257BR","solid_mill","end_mill",113.5,,,bad-diameter
"Sumitomo","OCTACUT1608CR","solid_mill","end_mill",148.5,,,bad-diameter
"Sumitomo","ARP6PR10009DA","solid_mill","end_mill",88,,,bad-diameter
"Sumitomo","ARP6PR10011DA","solid_mill","end_mill",88,,,bad-diameter
"Sumitomo","ARP6P-100B09AR","solid_mill","end_mill",88,,,bad-diameter
"Sumitomo","ARP6P-100B11AR","solid_mill","end_mill",88,,,bad-diameter
"Sumitomo","BRP8PR10006D","solid_mill","end_mill",83.8,,,bad-diameter
"Sumitomo","Sumitomo-100.0","solid_mill","end_mill",100,,,bad-diameter
"Sumitomo","VFX6-100A06A090R","solid_mill","end_mill",100,,,bad-diameter
"Sumitomo","FP490R/L0410Q","solid_mill","end_mill",100,,,bad-diameter
"Sumitomo","FP490R/L0514Q","solid_mill","end_mill",125,,,bad-diameter
"Sumitomo","FP490R/L0618Q","solid_mill","end_mill",160,,,bad-diameter
"Sumitomo","FP490R/L0822Q","solid_mill","end_mill",200,,,bad-diameter
"Sumitomo","FP490R/L1028Q","solid_mill","end_mill",250,,,bad-diameter
"Sumitomo","FP490R/L1236Q","solid_mill","end_mill",315,,,bad-diameter
"Sumitomo","FP490R/L1440Q","solid_mill","end_mill",355,,,bad-diameter
"Sumitomo","FP490R/L1646Q","solid_mill","end_mill",400,,,bad-diameter
"Sumitomo","FP490R/L2056Q","solid_mill","end_mill",500,,,bad-diameter
"Sumitomo","FP490R/L1028T","solid_mill","end_mill",250,,,bad-diameter
"Sumitomo","FP490R/L1236T","solid_mill","end_mill",315,,,bad-diameter
"Sumitomo","FP490R/L1440T","solid_mill","end_mill",355,,,bad-diameter
"Sumitomo","FP490R/L1646T","solid_mill","end_mill",400,,,bad-diameter
"Sumitomo","FP590R/L0514Q","solid_mill","end_mill",125,,,bad-diameter
"Sumitomo","FP590R/L0618Q","solid_mill","end_mill",160,,,bad-diameter
"Sumitomo","FP590R/L0822Q","solid_mill","end_mill",200,,,bad-diameter
"Sumitomo","FP590R/L1028Q","solid_mill","end_mill",250,,,bad-diameter
"Sumitomo","FP590R/L1236Q","solid_mill","end_mill",315,,,bad-diameter
"Sumitomo","FP590R/L1440Q","solid_mill","end_mill",355,,,bad-diameter
"Sumitomo","FP590R/L1646Q","solid_mill","end_mill",400,,,bad-diameter
"Sumitomo","FP590R/L2056Q","solid_mill","end_mill",500,,,bad-diameter
"Sumitomo","FP590R/L1028T","solid_mill","end_mill",250,,,bad-diameter
"Sumitomo","FP590R/L1236T","solid_mill","end_mill",315,,,bad-diameter
"Sumitomo","FP590R/L1440T","solid_mill","end_mill",355,,,bad-diameter
"Sumitomo","FP590R/L1646T","solid_mill","end_mill",400,,,bad-diameter
"Sumitomo","FE404R/L0408Q","solid_mill","end_mill",100,,,bad-diameter
"Sumitomo","FE404R/L0510Q","solid_mill","end_mill",125,,,bad-diameter
"Sumitomo","FE404R/L0612Q","solid_mill","end_mill",160,,,bad-diameter
"Sumitomo","FE404R/L0816Q","solid_mill","end_mill",200,,,bad-diameter
"Sumitomo","FE404R/L1020Q","solid_mill","end_mill",250,,,bad-diameter
"Sumitomo","FE404R/L1224Q","solid_mill","end_mill",315,,,bad-diameter
"Sumitomo","FE404R/L1428Q","solid_mill","end_mill",355,,,bad-diameter
"Sumitomo","FE404R/L1632Q","solid_mill","end_mill",400,,,bad-diameter
"Sumitomo","FE404R/L2040Q","solid_mill","end_mill",500,,,bad-diameter
"Sumitomo","FE404R/L1020T","solid_mill","end_mill",250,,,bad-diameter
"Sumitomo","FE404R/L1224T","solid_mill","end_mill",315,,,bad-diameter
"Sumitomo","FE404R/L1428T","solid_mill","end_mill",335,,,bad-diameter
"Sumitomo","FE404R/L1632T","solid_mill","end_mill",400,,,bad-diameter
"ISCAR","M ECS-A1.00X06-2T","indexable_mill","end_mill",102.67,5.99,17.1,bad-diameter
"ISCAR","M ECS-A1.60X06-2T","indexable_mill","end_mill",103.25,5.99,17.2,bad-diameter
"ISCAR","M ECS-A2.00X06-2T","indexable_mill","end_mill",103.66,5.99,17.3,bad-diameter
"ISCAR","M ECS-A3.15X08-2T","indexable_mill","end_mill",130.28,8,16.3,bad-diameter
"ISCAR","M ECS-A4.00X10-2T","indexable_mill","end_mill",156.51,10.01,15.6,bad-diameter
"ISCAR","M ECS-A5.00X12-2T","indexable_mill","end_mill",208.33,11.99,17.4,bad-diameter
"ISCAR","M ECS-A6.30X16-2T","indexable_mill","end_mill",260.45,16,16.3,bad-diameter
"ISCAR","M ECS-B3.15X12-2T","indexable_mill","end_mill",206.45,11.99,17.2,bad-diameter
"ISCAR","M ECS-B5.00X19-2T","indexable_mill","end_mill",309.88,18.44,16.8,bad-diameter
"ISCAR","M ECS-B6.30X20-2T","indexable_mill","end_mill",311.2,18.44,16.9,bad-diameter
"ISCAR","EC-H4S 06-06C06CF-E50","indexable_mill","end_mill",152.4,152.4,1,bad-diameter
"ISCAR","EC-H4S 06-06C06CFR.2E50","indexable_mill","end_mill",152.4,152.4,1,bad-diameter
"ISCAR","EC-H4S 06-06W06CF-E50","indexable_mill","end_mill",152.4,152.4,1,bad-diameter
"ISCAR","EC-H4S 08-08C08CF-E63","indexable_mill","end_mill",203.2,203.2,1,bad-diameter
"ISCAR","EC-H4S 08-08C08CFR.4E63","indexable_mill","end_mill",203.2,203.2,1,bad-diameter
"ISCAR","EC-H4S 08-08W08CF-E63","indexable_mill","end_mill",203.2,203.2,1,bad-diameter
"ISCAR","EC-H4S 10-10C10CF-E66","indexable_mill","end_mill",254,254,1,bad-diameter
"ISCAR","EC-H4S 10-10C10CFR.5E66","indexable_mill","end_mill",254,254,1,bad-diameter
"ISCAR","EC-H4S 10-10W10CF-E66","indexable_mill","end_mill",254,254,1,bad-diameter
"ISCAR","EC-H4S 12-12C12CF-E73","indexable_mill","end_mill",304.8,304.8,1,bad-diameter
"ISCAR","EC-H4S 12-12C12CFR.6E73","indexable_mill","end_mill",304.8,304.8,1,bad-diameter
"ISCAR","EC-H4S 12-12W12CF-E73","indexable_mill","end_mill",304.8,304.8,1,bad-diameter
"ISCAR","EC-H4S 16-16C16CF-E82","indexable_mill","end_mill",406.4,406.4,1,bad-diameter
"ISCAR","EC-H4S 16-16W16CF-E82","indexable_mill","end_mill",406.4,406.4,1,bad-diameter
"ISCAR","EC-H4M 04-08C4CF-E50","indexable_mill","end_mill",101.6,101.6,1,bad-diameter
"ISCAR","EC-H4M 06-12C06CF-E57","indexable_mill","end_mill",152.4,152.4,1,bad-diameter
"ISCAR","EC-H4M 06-12C06CFR0.2-E57","indexable_mill","end_mill",152.4,152.4,1,bad-diameter
"ISCAR","EC-H4M 06-12C06CFR0.5-E57","indexable_mill","end_mill",152.4,152.4,1,bad-diameter
"ISCAR","EC-H4M 06-12C06CFR1-E57","indexable_mill","end_mill",152.4,152.4,1,bad-diameter
"ISCAR","EC-H4M 06-12W06CF-E57","indexable_mill","end_mill",152.4,152.4,1,bad-diameter
"ISCAR","EC-H4M 08-16C08CF-E63","indexable_mill","end_mill",203.2,203.2,1,bad-diameter
"ISCAR","EC-H4M 08-16C08CFR0.3-E63","indexable_mill","end_mill",203.2,203.2,1,bad-diameter
"ISCAR","EC-H4M 08-16C08CFR0.5-E63","indexable_mill","end_mill",203.2,203.2,1,bad-diameter
"ISCAR","EC-H4M 08-16C08CFR1.5-E63","indexable_mill","end_mill",203.2,203.2,1,bad-diameter
"ISCAR","EC-H4M 08-16C08CFR1-E63","indexable_mill","end_mill",203.2,203.2,1,bad-diameter
"ISCAR","EC-H4M 08-16W08CF-E63","indexable_mill","end_mill",203.2,203.2,1,bad-diameter
"ISCAR","EC-H4M 10-20C10CF-E72","indexable_mill","end_mill",254,254,1,bad-diameter
"ISCAR","EC-H4M 10-20C10CFR0.3-E72","indexable_mill","end_mill",254,254,1,bad-diameter
"ISCAR","EC-H4M 10-20C10CFR0.5-E72","indexable_mill","end_mill",254,254,1,bad-diameter
"ISCAR","EC-H4M 10-20C10CFR1.5-E72","indexable_mill","end_mill",254,254,1,bad-diameter
"ISCAR","EC-H4M 10-20C10CFR1-E72","indexable_mill","end_mill",254,254,1,bad-diameter
"ISCAR","EC-H4M 10-20W10CF-E72","indexable_mill","end_mill",254,254,1,bad-diameter
"ISCAR","EC-H4M 12-24C12CF-E83","indexable_mill","end_mill",304.8,304.8,1,bad-diameter
"ISCAR","EC-H4M 12-24C12CFR0.5-E83","indexable_mill","end_mill",304.8,304.8,1,bad-diameter
"ISCAR","EC-H4M 12-24C12CFR1.5-E83","indexable_mill","end_mill",304.8,304.8,1,bad-diameter
"ISCAR","EC-H4M 12-24C12CFR2-E83","indexable_mill","end_mill",304.8,304.8,1,bad-diameter
"ISCAR","EC-H4M 12-24C12CFR3-E83","indexable_mill","end_mill",304.8,304.8,1,bad-diameter
"ISCAR","EC-H4M 12-24W12CF-E83","indexable_mill","end_mill",304.8,304.8,1,bad-diameter
"ISCAR","EC-H4M 16-32C16CF-E92","indexable_mill","end_mill",406.4,406.4,1,bad-diameter
"ISCAR","EC-H4M 16-32C16CFR0.5-E92","indexable_mill","end_mill",406.4,406.4,1,bad-diameter
"ISCAR","EC-H4M 16-32C16CFR1.5-E92","indexable_mill","end_mill",406.4,406.4,1,bad-diameter
"ISCAR","EC-H4M 16-32C16CFR2-E92","indexable_mill","end_mill",406.4,406.4,1,bad-diameter
"ISCAR","EC-H4M 16-32C16CFR3-E92","indexable_mill","end_mill",406.4,406.4,1,bad-diameter
"ISCAR","EC-H4M 16-32C16CFR4-E92","indexable_mill","end_mill",406.4,406.4,1,bad-diameter
"ISCAR","EC-H4M 16-32W16CF-E92","indexable_mill","end_mill",406.4,406.4,1,bad-diameter
"ISCAR","ECP-H4L 10-22/32W10CFR.5","indexable_mill","end_mill",254,254,1,bad-diameter
"ISCAR","ECP-H4L 10-22/40W10CFR.5","indexable_mill","end_mill",254,254,1,bad-diameter
"ISCAR","ECP-H4L 12-26/38W12CFR.5","indexable_mill","end_mill",304.8,304.8,1,bad-diameter
"ISCAR","ECP-H4L 12-26/50W12CFR.5","indexable_mill","end_mill",304.8,304.8,1,bad-diameter
"ISCAR","ECP-H4L 16-34/50W16CFR1","indexable_mill","end_mill",406.4,406.4,1,bad-diameter
"ISCAR","ECP-H4L 16-34/64W16CFR1","indexable_mill","end_mill",406.4,406.4,1,bad-diameter
"ISCAR","EC-H4L 04-11/13C6CFR.2","indexable_mill","end_mill",101.6,152.4,0.7,bad-diameter
"ISCAR","EC-H4L 05-13/20C6CFR.2","indexable_mill","end_mill",127,152.4,0.8,bad-diameter
"ISCAR","EC-H4L 06-14/20C6CFR.2","indexable_mill","end_mill",152.4,152.4,1,bad-diameter
"ISCAR","EC-H4L 06-14/20C6CFR.2C","indexable_mill","end_mill",152.4,152.4,1,bad-diameter
"ISCAR","EC-H4L 06-14/25C6CFR.2","indexable_mill","end_mill",152.4,152.4,1,bad-diameter
"ISCAR","EC-H4L 06-14/25C6CFR.2C","indexable_mill","end_mill",152.4,152.4,1,bad-diameter
"ISCAR","EC-H4M 06-12C06CFR0.2-57","indexable_mill","end_mill",152.4,152.4,1,bad-diameter
"ISCAR","EC-H4M 06-12C06CFR0.5-57","indexable_mill","end_mill",152.4,152.4,1,bad-diameter
"ISCAR","EC-H4M 06-12W06CFR0.2-57","indexable_mill","end_mill",152.4,152.4,1,bad-diameter
"ISCAR","EC-H4XL 06-12/25C06CFR.2","indexable_mill","end_mill",152.4,152.4,1,bad-diameter
"ISCAR","EC-H4XL 06-12/25W06CFR.2","indexable_mill","end_mill",152.4,152.4,1,bad-diameter
"ISCAR","EC-H4L 08-18/26W8CFR.3","indexable_mill","end_mill",203.2,203.2,1,bad-diameter
"ISCAR","EC-H4L 08-18/26W8CFR.3C","indexable_mill","end_mill",203.2,203.2,1,bad-diameter
"ISCAR","EC-H4L 08-18/32W8CFR.3","indexable_mill","end_mill",203.2,203.2,1,bad-diameter
"ISCAR","EC-H4L 08-18/32W8CFR.3C","indexable_mill","end_mill",203.2,203.2,1,bad-diameter
"ISCAR","EC-H4M 08-16C08CFR0.4-63","indexable_mill","end_mill",203.2,203.2,1,bad-diameter
"ISCAR","EC-H4M 08-16C08CFR0.5-63","indexable_mill","end_mill",203.2,203.2,1,bad-diameter
"ISCAR","EC-H4M 08-16C08CFR1-63","indexable_mill","end_mill",203.2,203.2,1,bad-diameter
"ISCAR","EC-H4M 08-16W08CFR0.4-63","indexable_mill","end_mill",203.2,203.2,1,bad-diameter
"ISCAR","EC-H4M 08-16W08CFR1.5-63","indexable_mill","end_mill",203.2,203.2,1,bad-diameter
"ISCAR","EC-H4XL 08-16/32C08CFR.4","indexable_mill","end_mill",203.2,203.2,1,bad-diameter
"ISCAR","EC-H4XL 08-16/32W08CFR.4","indexable_mill","end_mill",203.2,203.2,1,bad-diameter
"ISCAR","EC-H4L 10-22/32W10CFR.5","indexable_mill","end_mill",254,254,1,bad-diameter
"ISCAR","EC-H4L 10-22/32W10CFR.5C","indexable_mill","end_mill",254,254,1,bad-diameter
"ISCAR","EC-H4L 10-22/40W10CFR.5","indexable_mill","end_mill",254,254,1,bad-diameter
"ISCAR","EC-H4L 10-22/40W10CFR.5C","indexable_mill","end_mill",254,254,1,bad-diameter
"ISCAR","EC-H4M 10-20C10CFR0.5-72","indexable_mill","end_mill",254,254,1,bad-diameter
"ISCAR","EC-H4M 10-20W10CFR0.5-72","indexable_mill","end_mill",254,254,1,bad-diameter
"ISCAR","EC-H4M 10-20W10CFR1.5-72","indexable_mill","end_mill",254,254,1,bad-diameter
"ISCAR","EC-H4M 10-20W10CFR1-72","indexable_mill","end_mill",254,254,1,bad-diameter
"ISCAR","EC-H4XL 10-20/40C10CFR.5","indexable_mill","end_mill",254,254,1,bad-diameter
"ISCAR","EC-H4XL 10-20/40W10CFR.5","indexable_mill","end_mill",254,254,1,bad-diameter
"ISCAR","EC-H4L 12-26/38W12CFR.5","indexable_mill","end_mill",304.8,304.8,1,bad-diameter
"ISCAR","EC-H4L 12-26/38W12CFR.5C","indexable_mill","end_mill",304.8,304.8,1,bad-diameter
"ISCAR","EC-H4L 12-26/50W12CFR.5","indexable_mill","end_mill",304.8,304.8,1,bad-diameter
"ISCAR","EC-H4L 12-26/50W12CFR.5C","indexable_mill","end_mill",304.8,304.8,1,bad-diameter
"ISCAR","EC-H4M 12-24C12CFR0.6-83","indexable_mill","end_mill",304.8,304.8,1,bad-diameter
"ISCAR","EC-H4M 12-24W12CFR0.6-83","indexable_mill","end_mill",304.8,304.8,1,bad-diameter
"ISCAR","EC-H4M 12-24W12CFR1.5-83","indexable_mill","end_mill",304.8,304.8,1,bad-diameter
"ISCAR","EC-H4M 12-24W12CFR1-83","indexable_mill","end_mill",304.8,304.8,1,bad-diameter
"ISCAR","EC-H4M 12-24W12CFR2-83","indexable_mill","end_mill",304.8,304.8,1,bad-diameter
"ISCAR","EC-H4M 12-24W12CFR3-83","indexable_mill","end_mill",304.8,304.8,1,bad-diameter
"ISCAR","EC-H4XL 12-24/50C12CFR.6","indexable_mill","end_mill",304.8,304.8,1,bad-diameter
"ISCAR","EC-H4XL 12-24/50W12CFR.6","indexable_mill","end_mill",304.8,304.8,1,bad-diameter
"ISCAR","EC-H4M 14-28C14CFR0.7-83","indexable_mill","end_mill",355.6,355.6,1,bad-diameter
"ISCAR","EC-H4M 14-28W14CFR0.7-83","indexable_mill","end_mill",355.6,355.6,1,bad-diameter
"ISCAR","EC-H4L 16-34/50W16CFR1","indexable_mill","end_mill",406.4,406.4,1,bad-diameter
"ISCAR","EC-H4L 16-34/50W16CFR1C","indexable_mill","end_mill",406.4,406.4,1,bad-diameter
"ISCAR","EC-H4L 16-34/64W16CFR1","indexable_mill","end_mill",406.4,406.4,1,bad-diameter
"ISCAR","EC-H4L 16-34/64W16CFR1C","indexable_mill","end_mill",406.4,406.4,1,bad-diameter
"ISCAR","EC-H4M 16-32C16CFR0.8-92","indexable_mill","end_mill",406.4,406.4,1,bad-diameter
"ISCAR","EC-H4M 16-32W16CFR0.5-92","indexable_mill","end_mill",406.4,406.4,1,bad-diameter
"ISCAR","EC-H4M 16-32W16CFR0.8-92","indexable_mill","end_mill",406.4,406.4,1,bad-diameter
"ISCAR","EC-H4M 16-32W16CFR1.5-92","indexable_mill","end_mill",406.4,406.4,1,bad-diameter
"ISCAR","EC-H4M 16-32W16CFR1-92","indexable_mill","end_mill",406.4,406.4,1,bad-diameter
"ISCAR","EC-H4M 16-32W16CFR2-92","indexable_mill","end_mill",406.4,406.4,1,bad-diameter
"ISCAR","EC-H4M 16-32W16CFR3-92","indexable_mill","end_mill",406.4,406.4,1,bad-diameter
"ISCAR","EC-H4M 16-32W16CFR4-92","indexable_mill","end_mill",406.4,406.4,1,bad-diameter
"ISCAR","EC-H4XL 16-32/64C16CFR.8","indexable_mill","end_mill",406.4,406.4,1,bad-diameter
"ISCAR","EC-H4XL 16-32/64W16CFR.8","indexable_mill","end_mill",406.4,406.4,1,bad-diameter
"ISCAR","ECP-H5L 08-18/26W08CFR.3","indexable_mill","end_mill",203.2,203.2,1,bad-diameter
"ISCAR","ECP-H5L 08-18/32W08CFR.3","indexable_mill","end_mill",203.2,203.2,1,bad-diameter
"ISCAR","ECP-H5L 10-22/32W10CFR.5","indexable_mill","end_mill",254,254,1,bad-diameter
"ISCAR","ECP-H5L 10-22/40W10CFR.5","indexable_mill","end_mill",254,254,1,bad-diameter
"ISCAR","ECP-H5L 12-26/38W12CFR.5","indexable_mill","end_mill",304.8,304.8,1,bad-diameter
"ISCAR","ECP-H5L 12-26/50W12CFR.5","indexable_mill","end_mill",304.8,304.8,1,bad-diameter
"ISCAR","ECP-H5L 16-34/50W16CFR1","indexable_mill","end_mill",406.4,406.4,1,bad-diameter
"ISCAR","ECP-H5L 16-34/64W16CFR1","indexable_mill","end_mill",406.4,406.4,1,bad-diameter
"ISCAR","EC-H5M 04-09C06CFR0.2-57","indexable_mill","end_mill",101.6,152.4,0.7,bad-diameter
"ISCAR","EC-H5M 05-11C06CFR0.2-57","indexable_mill","end_mill",127,152.4,0.8,bad-diameter
"ISCAR","EC-H5M 06-10/25C06CFR.1","indexable_mill","end_mill",152.4,152.4,1,bad-diameter
"ISCAR","EC-H5M 06-10/25C06CFR.1C","indexable_mill","end_mill",152.4,152.4,1,bad-diameter
"ISCAR","EC-H5M 06-13/19C06CFR.1","indexable_mill","end_mill",152.4,152.4,1,bad-diameter
"ISCAR","EC-H5M 06-13/19C06CFR.1C","indexable_mill","end_mill",152.4,152.4,1,bad-diameter
"ISCAR","EC-H5M 08-13/33C08CFR.1","indexable_mill","end_mill",203.2,203.2,1,bad-diameter
"ISCAR","EC-H5M 08-13/33C08CFR.1C","indexable_mill","end_mill",203.2,203.2,1,bad-diameter
"ISCAR","EC-H5M 08-17/25C08CFR.1","indexable_mill","end_mill",203.2,203.2,1,bad-diameter
"ISCAR","EC-H5M 08-17/25C08CFR.1C","indexable_mill","end_mill",203.2,203.2,1,bad-diameter
"ISCAR","EC-H5M 10-17/42C10CFR.1","indexable_mill","end_mill",254,254,1,bad-diameter
"ISCAR","EC-H5M 10-17/42C10CFR.1C","indexable_mill","end_mill",254,254,1,bad-diameter
"ISCAR","EC-H5M 10-22/32C10CFR.1","indexable_mill","end_mill",254,254,1,bad-diameter
"ISCAR","EC-H5M 10-22/32C10CFR.1C","indexable_mill","end_mill",254,254,1,bad-diameter
"ISCAR","EC-H5M 12-20/50C12CFR.2","indexable_mill","end_mill",304.8,304.8,1,bad-diameter
"ISCAR","EC-H5M 12-20/50C12CFR.2C","indexable_mill","end_mill",304.8,304.8,1,bad-diameter
"ISCAR","EC-H5M 12-26/38C12CFR.2","indexable_mill","end_mill",304.8,304.8,1,bad-diameter
"ISCAR","EC-H5M 12-26/38C12CFR.2C","indexable_mill","end_mill",304.8,304.8,1,bad-diameter
"ISCAR","EC-H5M 16-26/66C16CFR.2","indexable_mill","end_mill",406.4,406.4,1,bad-diameter
"ISCAR","EC-H5M 16-26/66C16CFR.2C","indexable_mill","end_mill",406.4,406.4,1,bad-diameter
"ISCAR","EC-H5M 16-34/50C16CFR.2","indexable_mill","end_mill",406.4,406.4,1,bad-diameter
"ISCAR","EC-H5M 16-34/50C16CFR.2C","indexable_mill","end_mill",406.4,406.4,1,bad-diameter
"ISCAR","EC-H5M 06-12C06CF-57","indexable_mill","end_mill",152.4,152.4,1,bad-diameter
"ISCAR","EC-H5M 06-12C06CFR0.2-57","indexable_mill","end_mill",152.4,152.4,1,bad-diameter
"ISCAR","EC-H5M 06-12C06CFR0.5-57","indexable_mill","end_mill",152.4,152.4,1,bad-diameter
"ISCAR","EC-H5M 08-16C08CF-63","indexable_mill","end_mill",203.2,203.2,1,bad-diameter
"ISCAR","EC-H5M 08-16C08CFR0.2-63","indexable_mill","end_mill",203.2,203.2,1,bad-diameter
"ISCAR","EC-H5M 08-16C08CFR0.5-63","indexable_mill","end_mill",203.2,203.2,1,bad-diameter
"ISCAR","EC-H5M 08-16C08CFR1.0-63","indexable_mill","end_mill",203.2,203.2,1,bad-diameter
"ISCAR","EC-H5M 08-16C08CFR1.5-63","indexable_mill","end_mill",203.2,203.2,1,bad-diameter
"ISCAR","EC-H5M 10-20C10CF-72","indexable_mill","end_mill",254,254,1,bad-diameter
"ISCAR","EC-H5M 10-20C10CFR0.2-72","indexable_mill","end_mill",254,254,1,bad-diameter
"ISCAR","EC-H5M 10-20C10CFR0.5-72","indexable_mill","end_mill",254,254,1,bad-diameter
"ISCAR","EC-H5M 10-20C10CFR1.0-72","indexable_mill","end_mill",254,254,1,bad-diameter
"ISCAR","EC-H5M 10-20C10CFR1.5-72","indexable_mill","end_mill",254,254,1,bad-diameter
"ISCAR","EC-H5M 10-20C10CFR2.0-72","indexable_mill","end_mill",254,254,1,bad-diameter
"ISCAR","EC-H5M 10-20W10CF-72","indexable_mill","end_mill",254,254,1,bad-diameter
"ISCAR","EC-H5M 12-24C12CF-83","indexable_mill","end_mill",304.8,304.8,1,bad-diameter
"ISCAR","EC-H5M 12-24C12CFR0.5-83","indexable_mill","end_mill",304.8,304.8,1,bad-diameter
"ISCAR","EC-H5M 12-24C12CFR1.0-83","indexable_mill","end_mill",304.8,304.8,1,bad-diameter
"ISCAR","EC-H5M 12-24C12CFR1.5-83","indexable_mill","end_mill",304.8,304.8,1,bad-diameter
"ISCAR","EC-H5M 12-24C12CFR2.0-83","indexable_mill","end_mill",304.8,304.8,1,bad-diameter
"ISCAR","EC-H5M 12-24C12CFR2.5-83","indexable_mill","end_mill",304.8,304.8,1,bad-diameter
"ISCAR","EC-H5M 12-24C12CFR3.0-83","indexable_mill","end_mill",304.8,304.8,1,bad-diameter
"ISCAR","EC-H5M 12-24W12CF-83","indexable_mill","end_mill",304.8,304.8,1,bad-diameter
"ISCAR","EC-H5M 16-32C16CF-92","indexable_mill","end_mill",406.4,406.4,1,bad-diameter
"ISCAR","EC-H5M 16-32C16CFR0.5-92","indexable_mill","end_mill",406.4,406.4,1,bad-diameter
"ISCAR","EC-H5M 16-32C16CFR1.0-92","indexable_mill","end_mill",406.4,406.4,1,bad-diameter
"ISCAR","EC-H5M 16-32C16CFR1.5-92","indexable_mill","end_mill",406.4,406.4,1,bad-diameter
"ISCAR","EC-H5M 16-32C16CFR2.0-92","indexable_mill","end_mill",406.4,406.4,1,bad-diameter
"ISCAR","EC-H5M 16-32C16CFR2.5-92","indexable_mill","end_mill",406.4,406.4,1,bad-diameter
"ISCAR","EC-H5M 16-32C16CFR3.0-92","indexable_mill","end_mill",406.4,406.4,1,bad-diameter
"ISCAR","EC-H5M 16-32W16CF-92","indexable_mill","end_mill",406.4,406.4,1,bad-diameter
"ISCAR","ECY-S5 05-11C06CFR.2-57","indexable_mill","end_mill",127,152.4,0.8,bad-diameter
"ISCAR","ECY-S5 06-13C06CFR.2-57","indexable_mill","end_mill",152.4,152.4,1,bad-diameter
"ISCAR","ECY-S5 08-19C08CFR.4-63 6","indexable_mill","end_mill",203.2,203.2,1,bad-diameter
"ISCAR","ECY-S5 10-22C10CFR.5-72 6","indexable_mill","end_mill",254,254,1,bad-diameter
"ISCAR","ECY-S5 10-22W10CFR.5-72 6","indexable_mill","end_mill",254,254,1,bad-diameter
"ISCAR","ECY-S5 12-26C12CFR.6-83 6","indexable_mill","end_mill",304.8,304.8,1,bad-diameter
"ISCAR","ECY-S5 12-26W12CFR.6-83 6","indexable_mill","end_mill",304.8,304.8,1,bad-diameter
"ISCAR","ECY-S5 16-32C16CFR.8-92 6","indexable_mill","end_mill",406.4,406.4,1,bad-diameter
"ISCAR","ECY-S5 16-32W16CFR.8-92 6","indexable_mill","end_mill",406.4,406.4,1,bad-diameter
"ISCAR","EC-E7 04-08C06CF-M57","indexable_mill","end_mill",101.6,152.4,0.7,bad-diameter
"ISCAR","EC-E7 05-10C06CF-M57","indexable_mill","end_mill",127,152.4,0.8,bad-diameter
"ISCAR","EC-H7 06-12C06CF-M57","indexable_mill","end_mill",152.4,152.4,1,bad-diameter
"ISCAR","EC-H7 06-12C06CFR.2M57","indexable_mill","end_mill",152.4,152.4,1,bad-diameter
"ISCAR","EC-H7 06-18C06CF-M65","indexable_mill","end_mill",152.4,152.4,1,bad-diameter
"ISCAR","EC-H7 06-24C06CF-70","indexable_mill","end_mill",152.4,152.4,1,bad-diameter
"ISCAR","EC-H7 06-36C06CF-90","indexable_mill","end_mill",152.4,152.4,1,bad-diameter
"ISCAR","EC-H7 08-16C08CF-M63","indexable_mill","end_mill",203.2,203.2,1,bad-diameter
"ISCAR","EC-H7 08-16C08CFR.4M63","indexable_mill","end_mill",203.2,203.2,1,bad-diameter
"ISCAR","EC-H7 08-24C08CF-M90","indexable_mill","end_mill",203.2,203.2,1,bad-diameter
"ISCAR","EC-H7 08-32C08CF-90","indexable_mill","end_mill",203.2,203.2,1,bad-diameter
"ISCAR","EC-H7 08-48C08CF-110","indexable_mill","end_mill",203.2,203.2,1,bad-diameter
"ISCAR","EC-H7 10-20C10CF-M72","indexable_mill","end_mill",254,254,1,bad-diameter
"ISCAR","EC-H7 10-20C10CFR.5M72","indexable_mill","end_mill",254,254,1,bad-diameter
"ISCAR","EC-H7 10-20C10CFR1.6-M72","indexable_mill","end_mill",254,254,1,bad-diameter
"ISCAR","EC-H7 10-20C10CFR2.0-M72","indexable_mill","end_mill",254,254,1,bad-diameter
"ISCAR","EC-H7 10-20C10CFR2.5-M72","indexable_mill","end_mill",254,254,1,bad-diameter
"ISCAR","EC-H7 10-20C10CFR3.0-M72","indexable_mill","end_mill",254,254,1,bad-diameter
"ISCAR","EC-H7 10-20W10CF-M72","indexable_mill","end_mill",254,254,1,bad-diameter
"ISCAR","EC-H7 10-30C10CF-M100","indexable_mill","end_mill",254,254,1,bad-diameter
"ISCAR","EC-H7 10-30C10CFR0.5-M85","indexable_mill","end_mill",254,254,1,bad-diameter
"ISCAR","EC-H7 10-30C10CFR1.6-M85","indexable_mill","end_mill",254,254,1,bad-diameter
"ISCAR","EC-H7 10-30C10CFR2.0-M85","indexable_mill","end_mill",254,254,1,bad-diameter
"ISCAR","EC-H7 10-30C10CFR2.5-M85","indexable_mill","end_mill",254,254,1,bad-diameter
"ISCAR","EC-H7 10-30C10CFR3.0-M85","indexable_mill","end_mill",254,254,1,bad-diameter
"ISCAR","EC-H7 10-40C10CF-100","indexable_mill","end_mill",254,254,1,bad-diameter
"ISCAR","EC-H7 10-40C10CFR0.5-M100","indexable_mill","end_mill",254,254,1,bad-diameter
"ISCAR","EC-H7 10-40C10CFR1.6-M100","indexable_mill","end_mill",254,254,1,bad-diameter
"ISCAR","EC-H7 10-40C10CFR2.0-M100","indexable_mill","end_mill",254,254,1,bad-diameter
"ISCAR","EC-H7 10-40C10CFR2.5-M100","indexable_mill","end_mill",254,254,1,bad-diameter
"ISCAR","EC-H7 10-40C10CFR3.0-M100","indexable_mill","end_mill",254,254,1,bad-diameter
"ISCAR","EC-H7 10-60C10CF-130","indexable_mill","end_mill",254,254,1,bad-diameter
"ISCAR","EC-H7 10-60C10CFR0.5-M130","indexable_mill","end_mill",254,254,1,bad-diameter
"ISCAR","EC-H7 10-60C10CFR1.0-M130","indexable_mill","end_mill",254,254,1,bad-diameter
"ISCAR","EC-H7 12-24C12CF-M83","indexable_mill","end_mill",304.8,304.8,1,bad-diameter
"ISCAR","EC-H7 12-24C12CFR.6M83","indexable_mill","end_mill",304.8,304.8,1,bad-diameter
"ISCAR","EC-H7 12-24C12CFR1.6-M83","indexable_mill","end_mill",304.8,304.8,1,bad-diameter
"ISCAR","EC-H7 12-24C12CFR2.0-M83","indexable_mill","end_mill",304.8,304.8,1,bad-diameter
"ISCAR","EC-H7 12-24C12CFR2.5-M83","indexable_mill","end_mill",304.8,304.8,1,bad-diameter
"ISCAR","EC-H7 12-24C12CFR3.0-M83","indexable_mill","end_mill",304.8,304.8,1,bad-diameter
"ISCAR","EC-H7 12-24SL12CF-M83 (1)","indexable_mill","end_mill",304.8,304.8,1,bad-diameter
"ISCAR","EC-H7 12-24SL12CFR.6M83 (1)","indexable_mill","end_mill",304.8,304.8,1,bad-diameter
"ISCAR","EC-H7 12-24W12CF-M83","indexable_mill","end_mill",304.8,304.8,1,bad-diameter
"ISCAR","EC-H7 12-36C12CF-M95","indexable_mill","end_mill",304.8,304.8,1,bad-diameter
"ISCAR","EC-H7 12-36C12CFR0.6-M95","indexable_mill","end_mill",304.8,304.8,1,bad-diameter
"ISCAR","EC-H7 12-36C12CFR1.6-M95","indexable_mill","end_mill",304.8,304.8,1,bad-diameter
"ISCAR","EC-H7 12-36C12CFR2.0-M95","indexable_mill","end_mill",304.8,304.8,1,bad-diameter
"ISCAR","EC-H7 12-36C12CFR2.5-M95","indexable_mill","end_mill",304.8,304.8,1,bad-diameter
"ISCAR","EC-H7 12-36C12CFR3.0-M95","indexable_mill","end_mill",304.8,304.8,1,bad-diameter
"ISCAR","EC-H7 12-36SL12CF-M95 (1)","indexable_mill","end_mill",304.8,304.8,1,bad-diameter
"ISCAR","EC-H7 12-48C12CF-110","indexable_mill","end_mill",304.8,304.8,1,bad-diameter
"ISCAR","EC-H7 12-48C12CFR0.6-M110","indexable_mill","end_mill",304.8,304.8,1,bad-diameter
"ISCAR","EC-H7 12-48C12CFR1.6-M110","indexable_mill","end_mill",304.8,304.8,1,bad-diameter
"ISCAR","EC-H7 12-48C12CFR2.0-M110","indexable_mill","end_mill",304.8,304.8,1,bad-diameter
"ISCAR","EC-H7 12-48C12CFR2.5-M110","indexable_mill","end_mill",304.8,304.8,1,bad-diameter
"ISCAR","EC-H7 12-48C12CFR3.0-M110","indexable_mill","end_mill",304.8,304.8,1,bad-diameter
"ISCAR","EC-H7 12-48SL12CF-110 (1)","indexable_mill","end_mill",304.8,304.8,1,bad-diameter
"ISCAR","EC-H7 12-72C12CF-140","indexable_mill","end_mill",304.8,304.8,1,bad-diameter
"ISCAR","EC-H7 12-72C12CFR1.0-M140","indexable_mill","end_mill",304.8,304.8,1,bad-diameter
"ISCAR","EC-H7 16-32C16CF-M92","indexable_mill","end_mill",406.4,406.4,1,bad-diameter
"ISCAR","EC-H7 16-32C16CFR.8M92","indexable_mill","end_mill",406.4,406.4,1,bad-diameter
"ISCAR","EC-H7 16-32C16CFR1.6-M92","indexable_mill","end_mill",406.4,406.4,1,bad-diameter
"ISCAR","EC-H7 16-32C16CFR2.0-M92","indexable_mill","end_mill",406.4,406.4,1,bad-diameter
"ISCAR","EC-H7 16-32C16CFR2.5-M92","indexable_mill","end_mill",406.4,406.4,1,bad-diameter
"ISCAR","EC-H7 16-32C16CFR3.0-M92","indexable_mill","end_mill",406.4,406.4,1,bad-diameter
"ISCAR","EC-H7 16-32C16CFR4.0-M92","indexable_mill","end_mill",406.4,406.4,1,bad-diameter
"ISCAR","EC-H7 16-32SL16CFR.8M92 (1)","indexable_mill","end_mill",406.4,406.4,1,bad-diameter
"ISCAR","EC-H7 16-32W16CF-M92","indexable_mill","end_mill",406.4,406.4,1,bad-diameter
"ISCAR","EC-H7 16-48C16CF-M110","indexable_mill","end_mill",406.4,406.4,1,bad-diameter
"ISCAR","EC-H7 16-48C16CFR0.8-M110","indexable_mill","end_mill",406.4,406.4,1,bad-diameter
"ISCAR","EC-H7 16-48C16CFR1.6-M110","indexable_mill","end_mill",406.4,406.4,1,bad-diameter
"ISCAR","EC-H7 16-48C16CFR2.0-M110","indexable_mill","end_mill",406.4,406.4,1,bad-diameter
"ISCAR","EC-H7 16-48C16CFR2.5-M110","indexable_mill","end_mill",406.4,406.4,1,bad-diameter
"ISCAR","EC-H7 16-48C16CFR3.0-M110","indexable_mill","end_mill",406.4,406.4,1,bad-diameter
"ISCAR","EC-H7 16-48C16CFR4.0-M110","indexable_mill","end_mill",406.4,406.4,1,bad-diameter
"ISCAR","EC-H7 16-48SL16CF-M110 (1)","indexable_mill","end_mill",406.4,406.4,1,bad-diameter
"ISCAR","EC-H7 16-64C16CF-131","indexable_mill","end_mill",406.4,406.4,1,bad-diameter
"ISCAR","EC-H7 16-64C16CFR0.8-M131","indexable_mill","end_mill",406.4,406.4,1,bad-diameter
"ISCAR","EC-H7 16-64C16CFR1.6-M131","indexable_mill","end_mill",406.4,406.4,1,bad-diameter
"ISCAR","EC-H7 16-64C16CFR2.0-M131","indexable_mill","end_mill",406.4,406.4,1,bad-diameter
"ISCAR","EC-H7 16-64C16CFR2.5-M131","indexable_mill","end_mill",406.4,406.4,1,bad-diameter
"ISCAR","EC-H7 16-64C16CFR3.0-M131","indexable_mill","end_mill",406.4,406.4,1,bad-diameter
"ISCAR","EC-H7 16-64C16CFR4.0-M131","indexable_mill","end_mill",406.4,406.4,1,bad-diameter
"ISCAR","EC-H7 16-64SL16CF-131 (1)","indexable_mill","end_mill",406.4,406.4,1,bad-diameter
"ISCAR","EC-H7 16-96C16CF-175","indexable_mill","end_mill",406.4,406.4,1,bad-diameter
"ISCAR","EC-H7 16-96C16CFR1.0M175","indexable_mill","end_mill",406.4,406.4,1,bad-diameter
"ISCAR","EC-H7 16-96SL16CF-175 (1)","indexable_mill","end_mill",406.4,406.4,1,bad-diameter
"ISCAR","ECP-H7 06-18C06CF-65","indexable_mill","end_mill",152.4,152.4,1,bad-diameter
"ISCAR","ECP-H7 06-18W06CF-65","indexable_mill","end_mill",152.4,152.4,1,bad-diameter
"ISCAR","ECP-H7 06-24C06CF-70","indexable_mill","end_mill",152.4,152.4,1,bad-diameter
"ISCAR","ECP-H7 06-24W06CF-70","indexable_mill","end_mill",152.4,152.4,1,bad-diameter
"ISCAR","ECP-H7 06-36C06CF-90","indexable_mill","end_mill",152.4,152.4,1,bad-diameter
"ISCAR","ECP-H7 06-36W06CF-90","indexable_mill","end_mill",152.4,152.4,1,bad-diameter
"ISCAR","ECP-H7 08-24C08CF-90","indexable_mill","end_mill",203.2,203.2,1,bad-diameter
"ISCAR","ECP-H7 08-24W08CF-90","indexable_mill","end_mill",203.2,203.2,1,bad-diameter
"ISCAR","ECP-H7 08-32C08CF-90","indexable_mill","end_mill",203.2,203.2,1,bad-diameter
"ISCAR","ECP-H7 08-32W08CF-90","indexable_mill","end_mill",203.2,203.2,1,bad-diameter
"ISCAR","ECP-H7 08-48C08CF-110","indexable_mill","end_mill",203.2,203.2,1,bad-diameter
"ISCAR","ECP-H7 10-30C10CF-85","indexable_mill","end_mill",254,254,1,bad-diameter
"ISCAR","ECP-H7 10-30C10CFR0.5-85","indexable_mill","end_mill",254,254,1,bad-diameter
"ISCAR","ECP-H7 10-30W10CFR0.5-85","indexable_mill","end_mill",254,254,1,bad-diameter
"ISCAR","ECP-H7 10-30C10CFR1.6-85","indexable_mill","end_mill",254,254,1,bad-diameter
"ISCAR","ECP-H7 10-30C10CFR2.0-85","indexable_mill","end_mill",254,254,1,bad-diameter
"ISCAR","ECP-H7 10-30C10CFR2.5-85","indexable_mill","end_mill",254,254,1,bad-diameter
"ISCAR","ECP-H7 10-30C10CFR3.0-85","indexable_mill","end_mill",254,254,1,bad-diameter
"ISCAR","ECP-H7 10-40C10CF-100","indexable_mill","end_mill",254,254,1,bad-diameter
"ISCAR","ECP-H7 10-40C10CFR0.5-100","indexable_mill","end_mill",254,254,1,bad-diameter
"ISCAR","ECP-H7 10-40W10CFR0.5-100","indexable_mill","end_mill",254,254,1,bad-diameter
"ISCAR","ECP-H7 10-40C10CFR1.6-100","indexable_mill","end_mill",254,254,1,bad-diameter
"ISCAR","ECP-H7 10-40C10CFR2.0-100","indexable_mill","end_mill",254,254,1,bad-diameter
"ISCAR","ECP-H7 10-40C10CFR2.5-100","indexable_mill","end_mill",254,254,1,bad-diameter
"ISCAR","ECP-H7 10-40C10CFR3.0-100","indexable_mill","end_mill",254,254,1,bad-diameter
"ISCAR","ECP-H7 10-60C10CF-130","indexable_mill","end_mill",254,254,1,bad-diameter
"ISCAR","ECP-H7 10-60C10CFR0.5-130","indexable_mill","end_mill",254,254,1,bad-diameter
"ISCAR","ECP-H7 10-60C10CFR1.0-130","indexable_mill","end_mill",254,254,1,bad-diameter
"ISCAR","ECP-H7 12-36C12CF-95","indexable_mill","end_mill",304.8,304.8,1,bad-diameter
"ISCAR","ECP-H7 12-36C12CFR0.6-95","indexable_mill","end_mill",304.8,304.8,1,bad-diameter
"ISCAR","ECP-H7 12-36W12CFR0.6-95","indexable_mill","end_mill",304.8,304.8,1,bad-diameter
"ISCAR","ECP-H7 12-36C12CFR1.6-95","indexable_mill","end_mill",304.8,304.8,1,bad-diameter
"ISCAR","ECP-H7 12-36C12CFR2.0-95","indexable_mill","end_mill",304.8,304.8,1,bad-diameter
"ISCAR","ECP-H7 12-36C12CFR2.5-95","indexable_mill","end_mill",304.8,304.8,1,bad-diameter
"ISCAR","ECP-H7 12-36C12CFR3.0-95","indexable_mill","end_mill",304.8,304.8,1,bad-diameter
"ISCAR","ECP-H7 12-36C12CFR4.0-95","indexable_mill","end_mill",304.8,304.8,1,bad-diameter
"ISCAR","ECP-H7 12-48C12CF-110","indexable_mill","end_mill",304.8,304.8,1,bad-diameter
"ISCAR","ECP-H7 12-48C12CFR0.6-110","indexable_mill","end_mill",304.8,304.8,1,bad-diameter
"ISCAR","ECP-H7 12-48W12CFR0.6-110","indexable_mill","end_mill",304.8,304.8,1,bad-diameter
"ISCAR","ECP-H7 12-48C12CFR1.6-110","indexable_mill","end_mill",304.8,304.8,1,bad-diameter
"ISCAR","ECP-H7 12-48C12CFR2.0-110","indexable_mill","end_mill",304.8,304.8,1,bad-diameter
"ISCAR","ECP-H7 12-48C12CFR2.5-110","indexable_mill","end_mill",304.8,304.8,1,bad-diameter
"ISCAR","ECP-H7 12-48C12CFR3.0-110","indexable_mill","end_mill",304.8,304.8,1,bad-diameter
"ISCAR","ECP-H7 12-48C12CFR4.0-110","indexable_mill","end_mill",304.8,304.8,1,bad-diameter
"ISCAR","ECP-H7 12-72C12CF-140","indexable_mill","end_mill",304.8,304.8,1,bad-diameter
"ISCAR","ECP-H7 12-72C12CFR1.0-140","indexable_mill","end_mill",304.8,304.8,1,bad-diameter
"ISCAR","ECP-H7 16-48C16CF-110","indexable_mill","end_mill",406.4,406.4,1,bad-diameter
"ISCAR","ECP-H7 16-48C16CFR0.8-110","indexable_mill","end_mill",406.4,406.4,1,bad-diameter
"ISCAR","ECP-H7 16-48C16CFR1.6-110","indexable_mill","end_mill",406.4,406.4,1,bad-diameter
"ISCAR","ECP-H7 16-48C16CFR2.0-110","indexable_mill","end_mill",406.4,406.4,1,bad-diameter
"ISCAR","ECP-H7 16-48C16CFR2.5-110","indexable_mill","end_mill",406.4,406.4,1,bad-diameter
"ISCAR","ECP-H7 16-48C16CFR3.0-110","indexable_mill","end_mill",406.4,406.4,1,bad-diameter
"ISCAR","ECP-H7 16-48C16CFR4.0-110","indexable_mill","end_mill",406.4,406.4,1,bad-diameter
"ISCAR","ECP-H7 16-64C16CF-131","indexable_mill","end_mill",406.4,406.4,1,bad-diameter
"ISCAR","ECP-H7 16-64C16CFR0.8-131","indexable_mill","end_mill",406.4,406.4,1,bad-diameter
"ISCAR","ECP-H7 16-64W16CFR0.8-131","indexable_mill","end_mill",406.4,406.4,1,bad-diameter
"ISCAR","ECP-H7 16-96C16CF-175","indexable_mill","end_mill",406.4,406.4,1,bad-diameter
"ISCAR","ECP-H7 16-96C16CFR1.0-175","indexable_mill","end_mill",406.4,406.4,1,bad-diameter
"ISCAR","EC-E3 06-06/15C06R.4N50CE","indexable_mill","end_mill",152.4,152.4,1,bad-diameter
"ISCAR","EC-E3 08-08/20C08R.5N57CE","indexable_mill","end_mill",203.2,203.2,1,bad-diameter
"ISCAR","EC-E3 10-10/25C10R.7N65CE","indexable_mill","end_mill",254,254,1,bad-diameter
"ISCAR","EC-E3 12-12/30C12R1.N72CE","indexable_mill","end_mill",304.8,304.8,1,bad-diameter
"ISCAR","EC-E3 16-16/35C16R2.N83CE","indexable_mill","end_mill",406.4,406.4,1,bad-diameter
"ISCAR","EC-E7 08-02C08R1.0N63CE","indexable_mill","end_mill",203.2,203.2,1,bad-diameter
"ISCAR","EC-E7 10-02C10R1.5N72CE","indexable_mill","end_mill",254,254,1,bad-diameter
"ISCAR","EC-E7 12-02C12R1.5N83CE","indexable_mill","end_mill",304.8,304.8,1,bad-diameter
"ISCAR","EC-H6 06-12C06CF-H57","indexable_mill","end_mill",152.4,152.4,1,bad-diameter
"ISCAR","EC-H8 08-16C08CF-H63","indexable_mill","end_mill",203.2,203.2,1,bad-diameter
"ISCAR","EC-H10 10-20C10CF-H72","indexable_mill","end_mill",254,254,1,bad-diameter
"ISCAR","EC-H10 10-20SL10CF-H72 (1)","indexable_mill","end_mill",254,254,1,bad-diameter
"ISCAR","EC-H12 12-24C12CF-H83","indexable_mill","end_mill",304.8,304.8,1,bad-diameter
"ISCAR","EC-H12 12-24SL12CF-H83 (1)","indexable_mill","end_mill",304.8,304.8,1,bad-diameter
"ISCAR","EC-H16 16-32C16CF-H92","indexable_mill","end_mill",406.4,406.4,1,bad-diameter
"ISCAR","EC-H16 16-32SL16CF-H92 (1)","indexable_mill","end_mill",406.4,406.4,1,bad-diameter
"ISCAR","ECK-H4M 04-08C06CFR0.2-57","indexable_mill","end_mill",101.6,152.4,0.7,bad-diameter
"ISCAR","ECK-H4M 04-08C06CFR0.5-57","indexable_mill","end_mill",101.6,152.4,0.7,bad-diameter
"ISCAR","ECK-H4M 05-10C06CFR0.2-57","indexable_mill","end_mill",127,152.4,0.8,bad-diameter
"ISCAR","ECK-H4M 06-12C06CFR0.2-57","indexable_mill","end_mill",152.4,152.4,1,bad-diameter
"ISCAR","ECK-H4M 06-12C06CFR0.5-57","indexable_mill","end_mill",152.4,152.4,1,bad-diameter
"ISCAR","ECK-H4M 06-12C06CFR1-57","indexable_mill","end_mill",152.4,152.4,1,bad-diameter
"ISCAR","ECK-H4M 06-12W06CFR0.2-57","indexable_mill","end_mill",152.4,152.4,1,bad-diameter
"ISCAR","ECK-H4M 08-16C08CFR0.4-63","indexable_mill","end_mill",203.2,203.2,1,bad-diameter
"ISCAR","ECK-H4M 08-16C08CFR0.5-63","indexable_mill","end_mill",203.2,203.2,1,bad-diameter
"ISCAR","ECK-H4M 08-16C08CFR1-63","indexable_mill","end_mill",203.2,203.2,1,bad-diameter
"ISCAR","ECK-H4M 08-16W08CFR0.4-63","indexable_mill","end_mill",203.2,203.2,1,bad-diameter
"ISCAR","ECK-H4 10-20SL10CFR.5-72C (1)","indexable_mill","end_mill",254,254,1,bad-diameter
"ISCAR","ECK-H4 10-20SL10CFR0.5-72 (1)","indexable_mill","end_mill",254,254,1,bad-diameter
"ISCAR","ECK-H4M 10-20C10CFR0.5-72","indexable_mill","end_mill",254,254,1,bad-diameter
"ISCAR","ECK-H4M 10-20C10CFR1-72","indexable_mill","end_mill",254,254,1,bad-diameter
"ISCAR","ECK-H4M 10-20C10CFR2-72","indexable_mill","end_mill",254,254,1,bad-diameter
"ISCAR","ECK-H4M 10-20C10CFR3-72","indexable_mill","end_mill",254,254,1,bad-diameter
"ISCAR","ECK-H4M 10-20W10CFR0.5-72","indexable_mill","end_mill",254,254,1,bad-diameter
"ISCAR","ECK-H4 12-24SL12CFR0.6-83 (1)","indexable_mill","end_mill",304.8,304.8,1,bad-diameter
"ISCAR","ECK-H4M 12-24C12CFR0.6-83","indexable_mill","end_mill",304.8,304.8,1,bad-diameter
"ISCAR","ECK-H4M 12-24C12CFR1-83","indexable_mill","end_mill",304.8,304.8,1,bad-diameter
"ISCAR","ECK-H4M 12-24C12CFR2-83","indexable_mill","end_mill",304.8,304.8,1,bad-diameter
"ISCAR","ECK-H4M 12-24C12CFR3-83","indexable_mill","end_mill",304.8,304.8,1,bad-diameter
"ISCAR","ECK-H4M 12-24W12CFR0.6-83","indexable_mill","end_mill",304.8,304.8,1,bad-diameter
"ISCAR","ECK-H4 16-32SL16CFR.8-92C (1)","indexable_mill","end_mill",406.4,406.4,1,bad-diameter
"ISCAR","ECK-H4M 16-32C16CFR0.8-92","indexable_mill","end_mill",406.4,406.4,1,bad-diameter
"ISCAR","ECK-H4M 16-32C16CFR1-93","indexable_mill","end_mill",406.4,406.4,1,bad-diameter
"ISCAR","ECK-H4M 16-32C16CFR2-93","indexable_mill","end_mill",406.4,406.4,1,bad-diameter
"ISCAR","ECK-H4M 16-32C16CFR3-93","indexable_mill","end_mill",406.4,406.4,1,bad-diameter
"ISCAR","ECK-H4M 16-32C16CFR4-93","indexable_mill","end_mill",406.4,406.4,1,bad-diameter
"ISCAR","ECK-H4M 16-32W16CFR0.8-92","indexable_mill","end_mill",406.4,406.4,1,bad-diameter
"ISCAR","ECK-H7 06-13C06CFR0.2T57","indexable_mill","end_mill",152.4,152.4,1,bad-diameter
"ISCAR","ECK-H7 06-13W06CFR0.2T57","indexable_mill","end_mill",152.4,152.4,1,bad-diameter
"ISCAR","ECK-H7 08-19C08CFR0.4T63","indexable_mill","end_mill",203.2,203.2,1,bad-diameter
"ISCAR","ECK-H7 08-19W08CFR0.4T63","indexable_mill","end_mill",203.2,203.2,1,bad-diameter
"ISCAR","ECK-H7 10-22C10CFR0.5T72","indexable_mill","end_mill",254,254,1,bad-diameter
"ISCAR","ECK-H7 10-22W10CFR0.5T72","indexable_mill","end_mill",254,254,1,bad-diameter
"ISCAR","ECK-H7 12-26C12CFR0.6T83","indexable_mill","end_mill",304.8,304.8,1,bad-diameter
"ISCAR","ECK-H7 12-26SL12CFR0.6T83 (1)","indexable_mill","end_mill",304.8,304.8,1,bad-diameter
"ISCAR","ECK-H7 12-26W12CFR0.6T83","indexable_mill","end_mill",304.8,304.8,1,bad-diameter
"ISCAR","ECK-H9 16-32C16CFR0.8T92","indexable_mill","end_mill",406.4,406.4,1,bad-diameter
"ISCAR","ECK-H9 16-32SL16CFR0.8T92 (1)","indexable_mill","end_mill",406.4,406.4,1,bad-diameter
"ISCAR","ECK-H9 16-32W16CFR0.8T92","indexable_mill","end_mill",406.4,406.4,1,bad-diameter
"ISCAR","EFS-E44 06-14C06CF57","indexable_mill","end_mill",152.4,152.4,1,bad-diameter
"ISCAR","EFS-E44 06-14W06CF57","indexable_mill","end_mill",152.4,152.4,1,bad-diameter
"ISCAR","EFS-E44 08-18C08CF63","indexable_mill","end_mill",203.2,203.2,1,bad-diameter
"ISCAR","EFS-E44 08-18W08CF63","indexable_mill","end_mill",203.2,203.2,1,bad-diameter
"ISCAR","EFS-E44 10-22C10CF72","indexable_mill","end_mill",254,254,1,bad-diameter
"ISCAR","EFS-E44 10-22W10CF72","indexable_mill","end_mill",254,254,1,bad-diameter
"ISCAR","EFS-E44 12-26C12CF83","indexable_mill","end_mill",304.8,304.8,1,bad-diameter
"ISCAR","EFS-E44 12-26W12CF83","indexable_mill","end_mill",304.8,304.8,1,bad-diameter
"ISCAR","EFS-E44 14-30C14CF83","indexable_mill","end_mill",355.6,355.6,1,bad-diameter
"ISCAR","EFS-E44 14-30W14CF83","indexable_mill","end_mill",355.6,355.6,1,bad-diameter
"ISCAR","EFS-E44 16-34C16CF92","indexable_mill","end_mill",406.4,406.4,1,bad-diameter
"ISCAR","EFS-E44 16-34W16CF92","indexable_mill","end_mill",406.4,406.4,1,bad-diameter
"ISCAR","FS-B44 04-10C06-57","indexable_mill","end_mill",101.6,152.4,0.7,bad-diameter
"ISCAR","FS-B44 05-12C06-57","indexable_mill","end_mill",127,152.4,0.8,bad-diameter
"ISCAR","FS-B44 06-14/20C06-57","indexable_mill","end_mill",152.4,152.4,1,bad-diameter
"ISCAR","FS-B44 06-14/20W06-57","indexable_mill","end_mill",152.4,152.4,1,bad-diameter
"ISCAR","FS-B44 06-14C06-57","indexable_mill","end_mill",152.4,152.4,1,bad-diameter
"ISCAR","FS-B44 06-14W06-57","indexable_mill","end_mill",152.4,152.4,1,bad-diameter
"ISCAR","FS-B44 08-18/26C08-63","indexable_mill","end_mill",203.2,203.2,1,bad-diameter
"ISCAR","FS-B44 08-18/26W08-63","indexable_mill","end_mill",203.2,203.2,1,bad-diameter
"ISCAR","FS-B44 08-18C08-63","indexable_mill","end_mill",203.2,203.2,1,bad-diameter
"ISCAR","FS-B44 08-18W08-63","indexable_mill","end_mill",203.2,203.2,1,bad-diameter
"ISCAR","FS-B44 10-22/32C10-72","indexable_mill","end_mill",254,254,1,bad-diameter
"ISCAR","FS-B44 10-22/32SL10-72 (1)","indexable_mill","end_mill",254,254,1,bad-diameter
"ISCAR","FS-B44 10-22/32W10-72","indexable_mill","end_mill",254,254,1,bad-diameter
"ISCAR","FS-B44 10-22C10-72","indexable_mill","end_mill",254,254,1,bad-diameter
"ISCAR","FS-B44 10-22SL10-72 (1)","indexable_mill","end_mill",254,254,1,bad-diameter
"ISCAR","FS-B44 10-22SL10-72C (1)","indexable_mill","end_mill",254,254,1,bad-diameter
"ISCAR","FS-B44 10-22W10-72","indexable_mill","end_mill",254,254,1,bad-diameter
"ISCAR","FS-B44 12-26/38C12-83","indexable_mill","end_mill",304.8,304.8,1,bad-diameter
"ISCAR","FS-B44 12-26/38SL12-83 (1)","indexable_mill","end_mill",304.8,304.8,1,bad-diameter
"ISCAR","FS-B44 12-26/38W12-83","indexable_mill","end_mill",304.8,304.8,1,bad-diameter
"ISCAR","FS-B44 12-26C12-83","indexable_mill","end_mill",304.8,304.8,1,bad-diameter
"ISCAR","FS-B44 12-26SL12-83 (1)","indexable_mill","end_mill",304.8,304.8,1,bad-diameter
"ISCAR","FS-B44 12-26SL12-83C (1)","indexable_mill","end_mill",304.8,304.8,1,bad-diameter
"ISCAR","FS-B44 12-26W12-83","indexable_mill","end_mill",304.8,304.8,1,bad-diameter
"ISCAR","FS-B44 14-30C14-83","indexable_mill","end_mill",355.6,355.6,1,bad-diameter
"ISCAR","FS-B44 14-30W14-83","indexable_mill","end_mill",355.6,355.6,1,bad-diameter
"ISCAR","FS-B44 16-34/50C16-100","indexable_mill","end_mill",406.4,406.4,1,bad-diameter
"ISCAR","FS-B44 16-34/50W16-100","indexable_mill","end_mill",406.4,406.4,1,bad-diameter
"ISCAR","FS-B44 16-34C16-92","indexable_mill","end_mill",406.4,406.4,1,bad-diameter
"ISCAR","FS-B44 16-34W16-92","indexable_mill","end_mill",406.4,406.4,1,bad-diameter
"ISCAR","EC-E4M 06-12C06CF-57","indexable_mill","end_mill",152.4,152.4,1,bad-diameter
"ISCAR","EC-E4M 06-12C06CFR0.5-57","indexable_mill","end_mill",152.4,152.4,1,bad-diameter
"ISCAR","EC-E4M 06-12C06CFR1-57","indexable_mill","end_mill",152.4,152.4,1,bad-diameter
"ISCAR","EC-E4M 08-16C08CF-63","indexable_mill","end_mill",203.2,203.2,1,bad-diameter
"ISCAR","EC-E4M 08-16C08CFR0.5-63","indexable_mill","end_mill",203.2,203.2,1,bad-diameter
"ISCAR","EC-E4M 08-16C08CFR1-63","indexable_mill","end_mill",203.2,203.2,1,bad-diameter
"ISCAR","EC-E4M 10-20C10CF-72","indexable_mill","end_mill",254,254,1,bad-diameter
"ISCAR","EC-E4M 10-20C10CFR0.5-72","indexable_mill","end_mill",254,254,1,bad-diameter
"ISCAR","EC-E4M 10-20C10CFR1-72","indexable_mill","end_mill",254,254,1,bad-diameter
"ISCAR","EC-E4M 10-20C10CFR2-72","indexable_mill","end_mill",254,254,1,bad-diameter
"ISCAR","EC-E4M 10-20C10CFR3-72","indexable_mill","end_mill",254,254,1,bad-diameter
"ISCAR","EC-E4M 12-24C12CF-83","indexable_mill","end_mill",304.8,304.8,1,bad-diameter
"ISCAR","EC-E4M 12-24C12CFR0.5-83","indexable_mill","end_mill",304.8,304.8,1,bad-diameter
"ISCAR","EC-E4M 12-24C12CFR1-83","indexable_mill","end_mill",304.8,304.8,1,bad-diameter
"ISCAR","EC-E4M 12-24C12CFR2-83","indexable_mill","end_mill",304.8,304.8,1,bad-diameter
"ISCAR","EC-E4M 12-24C12CFR3-83","indexable_mill","end_mill",304.8,304.8,1,bad-diameter
"ISCAR","EC-E4M 12-24W12CF-83","indexable_mill","end_mill",304.8,304.8,1,bad-diameter
"ISCAR","EC-E4M 16-32C16CF-100","indexable_mill","end_mill",406.4,406.4,1,bad-diameter
"ISCAR","EC-E4M 16-32C16CFR1-100","indexable_mill","end_mill",406.4,406.4,1,bad-diameter
"ISCAR","EC-E4M 16-32C16CFR2-100","indexable_mill","end_mill",406.4,406.4,1,bad-diameter
"ISCAR","EC-E4M 16-32C16CFR3-100","indexable_mill","end_mill",406.4,406.4,1,bad-diameter
"ISCAR","EC-E4M 16-32W16CF-100","indexable_mill","end_mill",406.4,406.4,1,bad-diameter
"ISCAR","EC-E4L 04-10/14C06CF57","indexable_mill","end_mill",101.6,152.4,0.7,bad-diameter
"ISCAR","EC-E4L 05-12/17C06CF57","indexable_mill","end_mill",127,152.4,0.8,bad-diameter
"ISCAR","EC-E4L 06-14/20C06CFR0.2","indexable_mill","end_mill",152.4,152.4,1,bad-diameter
"ISCAR","EC-E4L 06-14/20C06CFR0.5","indexable_mill","end_mill",152.4,152.4,1,bad-diameter
"ISCAR","EC-E4L 06-14/20C06CFR1","indexable_mill","end_mill",152.4,152.4,1,bad-diameter
"ISCAR","EC-E4L 06-14/20C06CF57","indexable_mill","end_mill",152.4,152.4,1,bad-diameter
"ISCAR","EC-E4L 06-14/20W06CF57","indexable_mill","end_mill",152.4,152.4,1,bad-diameter
"ISCAR","EC-E4L 08-18/26C08CFR0.3","indexable_mill","end_mill",203.2,203.2,1,bad-diameter
"ISCAR","EC-E4L 08-18/26C08CFR0.5","indexable_mill","end_mill",203.2,203.2,1,bad-diameter
"ISCAR","EC-E4L 08-18/26C08CFR1","indexable_mill","end_mill",203.2,203.2,1,bad-diameter
"ISCAR","EC-E4L 08-18/26C08CFR1.5","indexable_mill","end_mill",203.2,203.2,1,bad-diameter
"ISCAR","EC-E4L 08-18/26C08CFS63","indexable_mill","end_mill",203.2,203.2,1,bad-diameter
"ISCAR","EC-E4L 08-18/26C08CF63","indexable_mill","end_mill",203.2,203.2,1,bad-diameter
"ISCAR","EC-E4L 08-18/26W08CF63","indexable_mill","end_mill",203.2,203.2,1,bad-diameter
"ISCAR","EC-E4L 10-22/32C10CFR0.5","indexable_mill","end_mill",254,254,1,bad-diameter
"ISCAR","EC-E4L 10-22/32C10CFR1","indexable_mill","end_mill",254,254,1,bad-diameter
"ISCAR","EC-E4L 10-22/32C10CFR1.5","indexable_mill","end_mill",254,254,1,bad-diameter
"ISCAR","EC-E4L 10-22/32C10CFR2","indexable_mill","end_mill",254,254,1,bad-diameter
"ISCAR","EC-E4L 10-22/32C10CFR3","indexable_mill","end_mill",254,254,1,bad-diameter
"ISCAR","EC-E4L 10-22/32C10CFS72","indexable_mill","end_mill",254,254,1,bad-diameter
"ISCAR","EC-E4L 10-22/32C10CF72","indexable_mill","end_mill",254,254,1,bad-diameter
"ISCAR","EC-E4L 10-22/32W10CF72","indexable_mill","end_mill",254,254,1,bad-diameter
"ISCAR","EC-E4L 12-26/38C12CFR0.5","indexable_mill","end_mill",304.8,304.8,1,bad-diameter
"ISCAR","EC-E4L 12-26/38C12CFR1","indexable_mill","end_mill",304.8,304.8,1,bad-diameter
"ISCAR","EC-E4L 12-26/38C12CFR1.5","indexable_mill","end_mill",304.8,304.8,1,bad-diameter
"ISCAR","EC-E4L 12-26/38C12CFR2","indexable_mill","end_mill",304.8,304.8,1,bad-diameter
"ISCAR","EC-E4L 12-26/38C12CFR3","indexable_mill","end_mill",304.8,304.8,1,bad-diameter
"ISCAR","EC-E4L 12-26/38C12CFR4","indexable_mill","end_mill",304.8,304.8,1,bad-diameter
"ISCAR","EC-E4L 12-26/38C12CFS83","indexable_mill","end_mill",304.8,304.8,1,bad-diameter
"ISCAR","EC-E4L 12-26/38C12CF83","indexable_mill","end_mill",304.8,304.8,1,bad-diameter
"ISCAR","EC-E4L 12-26/38W12CF83","indexable_mill","end_mill",304.8,304.8,1,bad-diameter
"ISCAR","EC-E4L 16-34/50C16CFR2","indexable_mill","end_mill",406.4,406.4,1,bad-diameter
"ISCAR","EC-E4L 16-34/50C16CFR3","indexable_mill","end_mill",406.4,406.4,1,bad-diameter
"ISCAR","EC-E4L 16-34/50C16CFR5","indexable_mill","end_mill",406.4,406.4,1,bad-diameter
"ISCAR","EC-E4L 16-34/50C16CF100","indexable_mill","end_mill",406.4,406.4,1,bad-diameter
"ISCAR","EC-E4L 16-34/50W16CF100","indexable_mill","end_mill",406.4,406.4,1,bad-diameter
"ISCAR","EC-E5L 06-15C06CF57","indexable_mill","end_mill",152.4,152.4,1,bad-diameter
"ISCAR","EC-E5L 06-15W06CF57","indexable_mill","end_mill",152.4,152.4,1,bad-diameter
"ISCAR","EC-E5L 08-20C08CF63","indexable_mill","end_mill",203.2,203.2,1,bad-diameter
"ISCAR","EC-E5L 08-20W08CF63","indexable_mill","end_mill",203.2,203.2,1,bad-diameter
"ISCAR","EC-E5L 10-25C10CF72","indexable_mill","end_mill",254,254,1,bad-diameter
"ISCAR","EC-E5L 10-25W10CF72","indexable_mill","end_mill",254,254,1,bad-diameter
"ISCAR","EC-E5L 12-30C12CF83","indexable_mill","end_mill",304.8,304.8,1,bad-diameter
"ISCAR","EC-E5L 12-30W12CF83","indexable_mill","end_mill",304.8,304.8,1,bad-diameter
"ISCAR","EC-E5L 16-40C16CF100","indexable_mill","end_mill",406.4,406.4,1,bad-diameter
"ISCAR","EC-E5L 16-40W16CF100","indexable_mill","end_mill",406.4,406.4,1,bad-diameter
"ISCAR","ECR-B4M 05-10C06-57","indexable_mill","end_mill",127,152.4,0.8,bad-diameter
"ISCAR","ECR-B4M 05-10W06-57","indexable_mill","end_mill",127,152.4,0.8,bad-diameter
"ISCAR","ECR-B4S 05-05C06-57","indexable_mill","end_mill",127,152.4,0.8,bad-diameter
"ISCAR","ECR-B4S 05-05W06-57","indexable_mill","end_mill",127,152.4,0.8,bad-diameter
"ISCAR","ECR-B4L 06-12/18C06-57","indexable_mill","end_mill",152.4,152.4,1,bad-diameter
"ISCAR","ECR-B4L 06-12/18W06-57","indexable_mill","end_mill",152.4,152.4,1,bad-diameter
"ISCAR","ECR-B4M 06-12C06-57","indexable_mill","end_mill",152.4,152.4,1,bad-diameter
"ISCAR","ECR-B4M 06-12W06-57","indexable_mill","end_mill",152.4,152.4,1,bad-diameter
"ISCAR","ECR-B4S 06-06C06-57","indexable_mill","end_mill",152.4,152.4,1,bad-diameter
"ISCAR","ECR-B4S 06-06W06-57","indexable_mill","end_mill",152.4,152.4,1,bad-diameter
"ISCAR","ECR-B4S 07-07C08-63","indexable_mill","end_mill",177.8,203.2,0.9,bad-diameter
"ISCAR","ECR-B4L 08-16/24C08-63","indexable_mill","end_mill",203.2,203.2,1,bad-diameter
"ISCAR","ECR-B4L 08-16/24W08-63","indexable_mill","end_mill",203.2,203.2,1,bad-diameter
"ISCAR","ECR-B4M 08-16C08-63","indexable_mill","end_mill",203.2,203.2,1,bad-diameter
"ISCAR","ECR-B4M 08-16W08-63","indexable_mill","end_mill",203.2,203.2,1,bad-diameter
"ISCAR","ECR-B4S 08-08C08-63","indexable_mill","end_mill",203.2,203.2,1,bad-diameter
"ISCAR","ECR-B4S 08-08W08-63","indexable_mill","end_mill",203.2,203.2,1,bad-diameter
"ISCAR","ECR-B4X 08-12/32C08-68","indexable_mill","end_mill",203.2,203.2,1,bad-diameter
"ISCAR","ECR-B4X 08-12/32W08-68","indexable_mill","end_mill",203.2,203.2,1,bad-diameter
"ISCAR","ECR-B4L 10-20/30C10-72","indexable_mill","end_mill",254,254,1,bad-diameter
"ISCAR","ECR-B4L 10-20/30W10-72","indexable_mill","end_mill",254,254,1,bad-diameter
"ISCAR","ECR-B4M 10-20C10-72","indexable_mill","end_mill",254,254,1,bad-diameter
"ISCAR","ECR-B4M 10-20C10-72R1.0","indexable_mill","end_mill",254,254,1,bad-diameter
"ISCAR","ECR-B4M 10-20W10-72","indexable_mill","end_mill",254,254,1,bad-diameter
"ISCAR","ECR-B4S 10-10C10-72","indexable_mill","end_mill",254,254,1,bad-diameter
"ISCAR","ECR-B4S 10-10W10-72","indexable_mill","end_mill",254,254,1,bad-diameter
"ISCAR","ECR-B4X 10-15/40C10-80 90","indexable_mill","end_mill",254,254,1,bad-diameter
"ISCAR","ECR-B4X 10-15/40W10-80 90","indexable_mill","end_mill",254,254,1,bad-diameter
"ISCAR","ECR-B4L 12-24/36C12-83","indexable_mill","end_mill",304.8,304.8,1,bad-diameter
"ISCAR","ECR-B4L 12-24/36W12-83","indexable_mill","end_mill",304.8,304.8,1,bad-diameter
"ISCAR","ECR-B4M 12-24C12-83","indexable_mill","end_mill",304.8,304.8,1,bad-diameter
"ISCAR","ECR-B4M 12-24C12-83R1.2","indexable_mill","end_mill",304.8,304.8,1,bad-diameter
"ISCAR","ECR-B4M 12-24W12-83","indexable_mill","end_mill",304.8,304.8,1,bad-diameter
"ISCAR","ECR-B4M 12-24W12-83R1.2","indexable_mill","end_mill",304.8,304.8,1,bad-diameter
"ISCAR","ECR-B4S 12-12C12-83","indexable_mill","end_mill",304.8,304.8,1,bad-diameter
"ISCAR","ECR-B4S 12-12W12-83","indexable_mill","end_mill",304.8,304.8,1,bad-diameter
"ISCAR","ECR-B4X 12-18/48C12-100","indexable_mill","end_mill",304.8,304.8,1,bad-diameter
"ISCAR","ECR-B4X 12-18/48W12-100","indexable_mill","end_mill",304.8,304.8,1,bad-diameter
"ISCAR","ECR-B5L 16-32/48C16-100 (1)","indexable_mill","end_mill",406.4,406.4,1,bad-diameter
"ISCAR","ECR-B5L 16-32/48W16-100 (1)","indexable_mill","end_mill",406.4,406.4,1,bad-diameter
"ISCAR","ECR-B5M 16-32C16-92 (1)","indexable_mill","end_mill",406.4,406.4,1,bad-diameter
"ISCAR","ECR-B5M 16-32C16-92R1.6 (1)","indexable_mill","end_mill",406.4,406.4,1,bad-diameter
"ISCAR","ECR-B5M 16-32W16-92 (1)","indexable_mill","end_mill",406.4,406.4,1,bad-diameter
"ISCAR","ECR-B5M 16-32W16-92R1.6 (1)","indexable_mill","end_mill",406.4,406.4,1,bad-diameter
"ISCAR","ECR-B5S 16-16C16-92 (1)","indexable_mill","end_mill",406.4,406.4,1,bad-diameter
"ISCAR","ECR-B5S 16-16W16-92 (1)","indexable_mill","end_mill",406.4,406.4,1,bad-diameter
"ISCAR","ECR-B5X 16-24/64C16-115 (1)","indexable_mill","end_mill",406.4,406.4,1,bad-diameter
"ISCAR","ECR-B5X 16-24/64W16-115 (1)","indexable_mill","end_mill",406.4,406.4,1,bad-diameter
"ISCAR","ECR-B4MF 06-14C06-57","indexable_mill","end_mill",152.4,152.4,1,bad-diameter
"ISCAR","ECR-B4MF 06-14W06-57","indexable_mill","end_mill",152.4,152.4,1,bad-diameter
"ISCAR","ECR-B4MF 08-18C08-63","indexable_mill","end_mill",203.2,203.2,1,bad-diameter
"ISCAR","ECR-B4MF 08-18W08-63","indexable_mill","end_mill",203.2,203.2,1,bad-diameter
"ISCAR","ECR-B4MF 10-22C10-72","indexable_mill","end_mill",254,254,1,bad-diameter
"ISCAR","ECR-B4MF 10-22W10-72","indexable_mill","end_mill",254,254,1,bad-diameter
"ISCAR","ECR-B4MF 12-26C12-83","indexable_mill","end_mill",304.8,304.8,1,bad-diameter
"ISCAR","ECR-B4MF 12-26W12-83","indexable_mill","end_mill",304.8,304.8,1,bad-diameter
"ISCAR","ECR-B4MF 14-30C14-83","indexable_mill","end_mill",355.6,355.6,1,bad-diameter
"ISCAR","ECR-B4MF 14-30W14-83","indexable_mill","end_mill",355.6,355.6,1,bad-diameter
"ISCAR","ECR-B6MF 16-34C16-92 (1)","indexable_mill","end_mill",406.4,406.4,1,bad-diameter
"ISCAR","ECR-B6MF 16-34W16-92 (1)","indexable_mill","end_mill",406.4,406.4,1,bad-diameter
"ISCAR","ECP-E3L 05-12/17C06S57","indexable_mill","end_mill",127,152.4,0.8,bad-diameter
"ISCAR","ECP-E3L 05-12/17W06S57","indexable_mill","end_mill",127,152.4,0.8,bad-diameter
"ISCAR","ECP-E3L 06-14/20C06S57","indexable_mill","end_mill",152.4,152.4,1,bad-diameter
"ISCAR","ECP-E3L 06-14/20W06S57","indexable_mill","end_mill",152.4,152.4,1,bad-diameter
"ISCAR","ECP-E3L 08-18/26C08S63","indexable_mill","end_mill",203.2,203.2,1,bad-diameter
"ISCAR","ECP-E3L 08-18/26W08S63","indexable_mill","end_mill",203.2,203.2,1,bad-diameter
"ISCAR","ECP-E3L 10-22/32C10S72","indexable_mill","end_mill",254,254,1,bad-diameter
"ISCAR","ECP-E3L 10-22/32W10S72","indexable_mill","end_mill",254,254,1,bad-diameter
"ISCAR","ECP-E3L 12-26/38C12S83","indexable_mill","end_mill",304.8,304.8,1,bad-diameter
"ISCAR","ECP-E3L 12-26/38W12S83","indexable_mill","end_mill",304.8,304.8,1,bad-diameter
"ISCAR","ECP-E3L 14-30/44C14S100","indexable_mill","end_mill",355.6,355.6,1,bad-diameter
"ISCAR","ECP-E3L 14-30/44W14S100","indexable_mill","end_mill",355.6,355.6,1,bad-diameter
"ISCAR","ECP-E3L 16-34/50C16S100","indexable_mill","end_mill",406.4,406.4,1,bad-diameter
"ISCAR","ECP-E3L 16-34/50W16S100","indexable_mill","end_mill",406.4,406.4,1,bad-diameter
"ISCAR","ECP-E4L 05-12/17C06S57","indexable_mill","end_mill",127,152.4,0.8,bad-diameter
"ISCAR","ECP-E4L 05-12/17W06S57","indexable_mill","end_mill",127,152.4,0.8,bad-diameter
"ISCAR","ECP-E4L 06-14/20C06S57","indexable_mill","end_mill",152.4,152.4,1,bad-diameter
"ISCAR","ECP-E4L 06-14/20W06S57","indexable_mill","end_mill",152.4,152.4,1,bad-diameter
"ISCAR","ECP-E4L 08-18/26C08S63","indexable_mill","end_mill",203.2,203.2,1,bad-diameter
"ISCAR","ECP-E4L 08-18/26W08S63","indexable_mill","end_mill",203.2,203.2,1,bad-diameter
"ISCAR","ECP-E4L 10-22/32C10S72","indexable_mill","end_mill",254,254,1,bad-diameter
"ISCAR","ECP-E4L 10-22/32W10S72","indexable_mill","end_mill",254,254,1,bad-diameter
"ISCAR","ECP-E4L 12-26/38C12S83","indexable_mill","end_mill",304.8,304.8,1,bad-diameter
"ISCAR","ECP-E4L 12-26/38W12S83","indexable_mill","end_mill",304.8,304.8,1,bad-diameter
"ISCAR","ECP-E4L 14-30/44C14S100","indexable_mill","end_mill",355.6,355.6,1,bad-diameter
"ISCAR","ECP-E4L 14-30/44W14S100","indexable_mill","end_mill",355.6,355.6,1,bad-diameter
"ISCAR","ECP-E4L 16-34/50C16S100","indexable_mill","end_mill",406.4,406.4,1,bad-diameter
"ISCAR","ECP-E4L 16-34/50W16S100","indexable_mill","end_mill",406.4,406.4,1,bad-diameter
"ISCAR","ERF040E08-3C06","indexable_mill","end_mill",101.6,152.4,0.7,bad-diameter
"ISCAR","ERF050E10-3C06","indexable_mill","end_mill",127,152.4,0.8,bad-diameter
"ISCAR","ERF060E13-3C06","indexable_mill","end_mill",152.4,152.4,1,bad-diameter
"ISCAR","ERF060E13-3W06","indexable_mill","end_mill",152.4,152.4,1,bad-diameter
"ISCAR","ERF070E20-3C08","indexable_mill","end_mill",177.8,203.2,0.9,bad-diameter
"ISCAR","ERF080E20-3C08","indexable_mill","end_mill",203.2,203.2,1,bad-diameter
"ISCAR","ERF080E20-3W08","indexable_mill","end_mill",203.2,203.2,1,bad-diameter
"ISCAR","ERF090A22-4C10","indexable_mill","end_mill",228.6,254,0.9,bad-diameter
"ISCAR","ERF100A22-4C10","indexable_mill","end_mill",254,254,1,bad-diameter
"ISCAR","ERF100A22-4W10","indexable_mill","end_mill",254,254,1,bad-diameter
"ISCAR","ERF110A25-4C12","indexable_mill","end_mill",279.4,304.8,0.9,bad-diameter
"ISCAR","ERF120A25-4C12","indexable_mill","end_mill",304.8,304.8,1,bad-diameter
"ISCAR","ERF120A25-4W12","indexable_mill","end_mill",304.8,304.8,1,bad-diameter
"ISCAR","ERF130A25-4C14","indexable_mill","end_mill",330.2,355.6,0.9,bad-diameter
"ISCAR","ERF140A25-4C14","indexable_mill","end_mill",355.6,355.6,1,bad-diameter
"ISCAR","ERF140A25-4W14","indexable_mill","end_mill",355.6,355.6,1,bad-diameter
"ISCAR","ERF160A32-4C16","indexable_mill","end_mill",406.4,406.4,1,bad-diameter
"ISCAR","ERF160A32-4W16","indexable_mill","end_mill",406.4,406.4,1,bad-diameter
"ISCAR","ERF180A32-4C18","indexable_mill","end_mill",457.2,457.2,1,bad-diameter
"ISCAR","ERF180A32-4W18","indexable_mill","end_mill",457.2,457.2,1,bad-diameter
"ISCAR","ECR-T4M 06-10-C06-57","indexable_mill","end_mill",152.4,152.4,1,bad-diameter
"ISCAR","ECR-T4M 06-10-W06-57","indexable_mill","end_mill",152.4,152.4,1,bad-diameter
"ISCAR","ECR-T4M 08-16-C08-63","indexable_mill","end_mill",203.2,203.2,1,bad-diameter
"ISCAR","ECR-T4M 08-16-W08-63","indexable_mill","end_mill",203.2,203.2,1,bad-diameter
"ISCAR","ECR-T4M 10-20-C10-72","indexable_mill","end_mill",254,254,1,bad-diameter
"ISCAR","ECR-T4M 10-20-W10-72","indexable_mill","end_mill",254,254,1,bad-diameter
"ISCAR","ECR-T4M 12-24-C12-83","indexable_mill","end_mill",304.8,304.8,1,bad-diameter
"ISCAR","ECR-T4M 12-24-W12-83","indexable_mill","end_mill",304.8,304.8,1,bad-diameter
"ISCAR","ECR-T4M 16-32-C16-92","indexable_mill","end_mill",406.4,406.4,1,bad-diameter
"ISCAR","ECR-T4M 16-32-W16-92","indexable_mill","end_mill",406.4,406.4,1,bad-diameter
"ISCAR","EBRF-T3 06-16C06M57","indexable_mill","end_mill",152.4,152.4,1,bad-diameter
"ISCAR","EBRF-T3 08-16C08M63","indexable_mill","end_mill",203.2,203.2,1,bad-diameter
"ISCAR","EBRF-T4 10-22C10M72","indexable_mill","end_mill",254,254,1,bad-diameter
"ISCAR","EBRF-T4 12-26C12M83","indexable_mill","end_mill",304.8,304.8,1,bad-diameter
"ISCAR","EBRF-T4 14-26C14M83","indexable_mill","end_mill",355.6,355.6,1,bad-diameter
"ISCAR","EBRF-T4 16-32C16M92","indexable_mill","end_mill",406.4,406.4,1,bad-diameter
"ISCAR","EFF-S4-04 020/14C06M57","indexable_mill","end_mill",101.6,152.4,0.7,bad-diameter
"ISCAR","EFF-S4-05 022/17C06M57","indexable_mill","end_mill",127,152.4,0.8,bad-diameter
"ISCAR","EFF-S4-06 030/20C06R1.0M","indexable_mill","end_mill",152.4,152.4,1,bad-diameter
"ISCAR","EFF-S6-06 025/20C06R0.7M","indexable_mill","end_mill",152.4,152.4,1,bad-diameter
"ISCAR","EFF-S4-08 035/26C08R1.3M","indexable_mill","end_mill",203.2,203.2,1,bad-diameter
"ISCAR","EFF-S6-08 025/26C08R0.86M","indexable_mill","end_mill",203.2,203.2,1,bad-diameter
"ISCAR","EFF-S4-10 040/30C10R1.6M","indexable_mill","end_mill",254,254,1,bad-diameter
"ISCAR","EFF-S6-10 025/30C10R1.0M","indexable_mill","end_mill",254,254,1,bad-diameter
"ISCAR","EFF-S4-12 045/34C12R2.0M","indexable_mill","end_mill",304.8,304.8,1,bad-diameter
"ISCAR","EFF-S6-12 030/34C12R1.2M","indexable_mill","end_mill",304.8,304.8,1,bad-diameter
"ISCAR","EFF-S4-16 055/42C16R2.6M","indexable_mill","end_mill",406.4,406.4,1,bad-diameter
"ISCAR","EFF-S6-16 045/42C16R2.0M","indexable_mill","end_mill",406.4,406.4,1,bad-diameter
"ISCAR","EFP-E4CF 06-12C06R1.0M57","indexable_mill","end_mill",152.4,152.4,1,bad-diameter
"ISCAR","EFP-E4CF 08-16C08R1.4M63","indexable_mill","end_mill",203.2,203.2,1,bad-diameter
"ISCAR","EFP-E4CF 10-20C10R1.7M72","indexable_mill","end_mill",254,254,1,bad-diameter
"ISCAR","EFP-E4CF 12-25C12R2.0M83","indexable_mill","end_mill",304.8,304.8,1,bad-diameter
"ISCAR","EFP-E4CF 16-32C16R2.7M92","indexable_mill","end_mill",406.4,406.4,1,bad-diameter
"ISCAR","EFP-E5CF 16-40C16R2.7M92 (1)","indexable_mill","end_mill",406.4,406.4,1,bad-diameter
"ISCAR","ETR-A2 04-3/16C06R1M80","indexable_mill","end_mill",101.6,152.4,0.7,bad-diameter
"ISCAR","ETR-A2 06-4/25C08R2M100","indexable_mill","end_mill",152.4,203.2,0.8,bad-diameter
"ISCAR","ETR-A2 10-6/40C12R3M160","indexable_mill","end_mill",254,304.8,0.8,bad-diameter
"ISCAR","EC035A12-2C04","indexable_mill","end_mill",88.9,101.6,0.9,bad-diameter
"ISCAR","ECC040A12-2C04","indexable_mill","end_mill",101.6,101.6,1,bad-diameter
"ISCAR","EC040A12-2C04","indexable_mill","end_mill",101.6,101.6,1,bad-diameter
"ISCAR","EC040A12-2C06","indexable_mill","end_mill",101.6,152.4,0.7,bad-diameter
"ISCAR","ECC050A14-2C05","indexable_mill","end_mill",127,127,1,bad-diameter
"ISCAR","EC050A14-2C05","indexable_mill","end_mill",127,127,1,bad-diameter
"ISCAR","EC050A14-2C06","indexable_mill","end_mill",127,152.4,0.8,bad-diameter
"ISCAR","ECC060A16-2C06","indexable_mill","end_mill",152.4,152.4,1,bad-diameter
"ISCAR","EC060A16-2C06","indexable_mill","end_mill",152.4,152.4,1,bad-diameter
"ISCAR","EC060A16-2W06","indexable_mill","end_mill",152.4,152.4,1,bad-diameter
"ISCAR","EC070A20-2C07","indexable_mill","end_mill",177.8,177.8,1,bad-diameter
"ISCAR","ECC080A20-2C08","indexable_mill","end_mill",203.2,203.2,1,bad-diameter
"ISCAR","EC080A20-2C08","indexable_mill","end_mill",203.2,203.2,1,bad-diameter
"ISCAR","EC080A20-2W08","indexable_mill","end_mill",203.2,203.2,1,bad-diameter
"ISCAR","ECC100A22-2C10","indexable_mill","end_mill",254,254,1,bad-diameter
"ISCAR","EC100A22-2C10","indexable_mill","end_mill",254,254,1,bad-diameter
"ISCAR","ECC120A25-2C12","indexable_mill","end_mill",304.8,304.8,1,bad-diameter
"ISCAR","EC120A25-2C12","indexable_mill","end_mill",304.8,304.8,1,bad-diameter
"ISCAR","EC140A25-2C14","indexable_mill","end_mill",355.6,355.6,1,bad-diameter
"ISCAR","ECC160A32-2C16","indexable_mill","end_mill",406.4,406.4,1,bad-diameter
"ISCAR","EC160A32-2C16","indexable_mill","end_mill",406.4,406.4,1,bad-diameter
"ISCAR","EC180A32-2C18","indexable_mill","end_mill",457.2,457.2,1,bad-diameter
"ISCAR","EC-A2 035-12C035E32","indexable_mill","end_mill",88.9,88.9,1,bad-diameter
"ISCAR","EC-A2 04-12C04E50","indexable_mill","end_mill",101.6,101.6,1,bad-diameter
"ISCAR","EC-A2 04-30C04E75","indexable_mill","end_mill",101.6,101.6,1,bad-diameter
"ISCAR","EC-A2 04-05W06E54","indexable_mill","end_mill",101.6,152.4,0.7,bad-diameter
"ISCAR","EC-A2 045-05W06E54","indexable_mill","end_mill",114.3,152.4,0.8,bad-diameter
"ISCAR","EC-A2 05-14C05E50","indexable_mill","end_mill",127,127,1,bad-diameter
"ISCAR","EC-A2 05-40C05E100","indexable_mill","end_mill",127,127,1,bad-diameter
"ISCAR","EC-A2 05-06W06E54","indexable_mill","end_mill",127,152.4,0.8,bad-diameter
"ISCAR","EC-A2 055-16C055E50","indexable_mill","end_mill",139.7,139.7,1,bad-diameter
"ISCAR","EC-A2 06-07W06E54","indexable_mill","end_mill",152.4,152.4,1,bad-diameter
"ISCAR","EC-A2 06-16C06E50","indexable_mill","end_mill",152.4,152.4,1,bad-diameter
"ISCAR","EC-A2 06-50C06E150","indexable_mill","end_mill",152.4,152.4,1,bad-diameter
"ISCAR","EC-A2 07-20C07E60","indexable_mill","end_mill",177.8,177.8,1,bad-diameter
"ISCAR","EC-A2 08-09W08E58","indexable_mill","end_mill",203.2,203.2,1,bad-diameter
"ISCAR","EC-A2 08-20C08E63","indexable_mill","end_mill",203.2,203.2,1,bad-diameter
"ISCAR","EC-A2 08-50C08E150","indexable_mill","end_mill",203.2,203.2,1,bad-diameter
"ISCAR","EC-A2 09-20C09E60","indexable_mill","end_mill",228.6,228.6,1,bad-diameter
"ISCAR","EC-A2 10-11W10E66","indexable_mill","end_mill",254,254,1,bad-diameter
"ISCAR","EC-A2 10-22C10E72","indexable_mill","end_mill",254,254,1,bad-diameter
"ISCAR","EC-A2 10-60C10E150","indexable_mill","end_mill",254,254,1,bad-diameter
"ISCAR","EC-A2 12-22C12E73","indexable_mill","end_mill",304.8,304.8,1,bad-diameter
"ISCAR","EC-A2 12-75C12E150","indexable_mill","end_mill",304.8,304.8,1,bad-diameter
"ISCAR","EC-A2 14-25C14E75","indexable_mill","end_mill",355.6,355.6,1,bad-diameter
"ISCAR","EC-A2 14-65C14E150","indexable_mill","end_mill",355.6,355.6,1,bad-diameter
"ISCAR","EC-A2 16-25C16E92","indexable_mill","end_mill",406.4,406.4,1,bad-diameter
"ISCAR","EC-A2 16-65C16E150","indexable_mill","end_mill",406.4,406.4,1,bad-diameter
"ISCAR","EC-A2 18-18W18E84","indexable_mill","end_mill",457.2,457.2,1,bad-diameter
"ISCAR","ECS035E04-3W06-57","indexable_mill","end_mill",88.9,152.4,0.6,bad-diameter
"ISCAR","ECS040E05-3W06-57","indexable_mill","end_mill",101.6,152.4,0.7,bad-diameter
"ISCAR","ECS050E06-3W06-57","indexable_mill","end_mill",127,152.4,0.8,bad-diameter
"ISCAR","ECCS060E07-3W06-57","indexable_mill","end_mill",152.4,152.4,1,bad-diameter
"ISCAR","ECCS070E08-3W08-63","indexable_mill","end_mill",177.8,203.2,0.9,bad-diameter
"ISCAR","ECCS080E09-3W08-63","indexable_mill","end_mill",203.2,203.2,1,bad-diameter
"ISCAR","ECCS090E10-3W10-72","indexable_mill","end_mill",228.6,254,0.9,bad-diameter
"ISCAR","ECCS100E11-3W10-72","indexable_mill","end_mill",254,254,1,bad-diameter
"ISCAR","ECCS120E12-3W12-83","indexable_mill","end_mill",304.8,304.8,1,bad-diameter
"ISCAR","ECCS160E16-3W16-92","indexable_mill","end_mill",406.4,406.4,1,bad-diameter
"ISCAR","EC-A3 035-12C035E32","indexable_mill","end_mill",88.9,88.9,1,bad-diameter
"ISCAR","EC-A3 035-06W06E37","indexable_mill","end_mill",88.9,152.4,0.6,bad-diameter
"ISCAR","EC-E3 04-12C04E50","indexable_mill","end_mill",101.6,101.6,1,bad-diameter
"ISCAR","EC-E3 04-07C06E39","indexable_mill","end_mill",101.6,152.4,0.7,bad-diameter
"ISCAR","EC-A3 045-14C045E50","indexable_mill","end_mill",114.3,114.3,1,bad-diameter
"ISCAR","EC-A3 045-08W06E38","indexable_mill","end_mill",114.3,152.4,0.8,bad-diameter
"ISCAR","EC-E3 05-14C05E50","indexable_mill","end_mill",127,127,1,bad-diameter
"ISCAR","EC-E3 05-08C06E39","indexable_mill","end_mill",127,152.4,0.8,bad-diameter
"ISCAR","EC-A3 055-16C055E50","indexable_mill","end_mill",139.7,139.7,1,bad-diameter
"ISCAR","EC-A3 055-08W06E39","indexable_mill","end_mill",139.7,152.4,0.9,bad-diameter
"ISCAR","EC-E3 06-08C06E39","indexable_mill","end_mill",152.4,152.4,1,bad-diameter
"ISCAR","EC-E3 06-16C06E50","indexable_mill","end_mill",152.4,152.4,1,bad-diameter
"ISCAR","EC-A3 0675-10W08E42","indexable_mill","end_mill",171.45,203.2,0.8,bad-diameter
"ISCAR","EC-E3 07-20C07E60","indexable_mill","end_mill",177.8,177.8,1,bad-diameter
"ISCAR","EC-A3 07-10W08E42","indexable_mill","end_mill",177.8,203.2,0.9,bad-diameter
"ISCAR","EC-E3 08-11C08E43","indexable_mill","end_mill",203.2,203.2,1,bad-diameter
"ISCAR","EC-E3 08-20C08E63","indexable_mill","end_mill",203.2,203.2,1,bad-diameter
"ISCAR","EC-A3 09-20C09E60","indexable_mill","end_mill",228.6,228.6,1,bad-diameter
"ISCAR","EC-A3 09-11W10E48","indexable_mill","end_mill",228.6,254,0.9,bad-diameter
"ISCAR","EC-A3 097-11W10E48","indexable_mill","end_mill",246.38,254,1,bad-diameter
"ISCAR","EC-E3 10-13C10E50","indexable_mill","end_mill",254,254,1,bad-diameter
"ISCAR","EC-E3 10-22C10E72","indexable_mill","end_mill",254,254,1,bad-diameter
"ISCAR","EC-E3 12-15C12E55","indexable_mill","end_mill",304.8,304.8,1,bad-diameter
"ISCAR","EC-E3 12-22C12E73","indexable_mill","end_mill",304.8,304.8,1,bad-diameter
"ISCAR","EC-A3 14-25C14E75","indexable_mill","end_mill",355.6,355.6,1,bad-diameter
"ISCAR","EC-A3 16-18W16E62","indexable_mill","end_mill",406.4,406.4,1,bad-diameter
"ISCAR","EC-A3 16-25C16E75","indexable_mill","end_mill",406.4,406.4,1,bad-diameter
"ISCAR","EC-B3 035-04W06E50","indexable_mill","end_mill",88.9,152.4,0.6,bad-diameter
"ISCAR","EC-B3 04-05W06E54","indexable_mill","end_mill",101.6,152.4,0.7,bad-diameter
"ISCAR","EC-B3 04-11C06E50","indexable_mill","end_mill",101.6,152.4,0.7,bad-diameter
"ISCAR","EC-B3 045-05W06E54","indexable_mill","end_mill",114.3,152.4,0.8,bad-diameter
"ISCAR","EC-B3 05-06C06E57","indexable_mill","end_mill",127,152.4,0.8,bad-diameter
"ISCAR","EC-B3 05-13C06E50","indexable_mill","end_mill",127,152.4,0.8,bad-diameter
"ISCAR","EC-B3 06-07W06E54","indexable_mill","end_mill",152.4,152.4,1,bad-diameter
"ISCAR","EC-B3 06-13C06E50","indexable_mill","end_mill",152.4,152.4,1,bad-diameter
"ISCAR","EC-B3 08-09W08E58","indexable_mill","end_mill",203.2,203.2,1,bad-diameter
"ISCAR","EC-B3 08-19C08E63","indexable_mill","end_mill",203.2,203.2,1,bad-diameter
"ISCAR","EC-B3 09-10W10E66","indexable_mill","end_mill",228.6,254,0.9,bad-diameter
"ISCAR","EC-B3 10-11W10E66","indexable_mill","end_mill",254,254,1,bad-diameter
"ISCAR","EC-B3 10-22C10E72","indexable_mill","end_mill",254,254,1,bad-diameter
"ISCAR","EC-B3 12-12W12E73","indexable_mill","end_mill",304.8,304.8,1,bad-diameter
"ISCAR","EC-B3 12-26C12E73","indexable_mill","end_mill",304.8,304.8,1,bad-diameter
"ISCAR","EC-B3 14-26C14E75","indexable_mill","end_mill",355.6,355.6,1,bad-diameter
"ISCAR","EC-B3 16-16W16E82","indexable_mill","end_mill",406.4,406.4,1,bad-diameter
"ISCAR","EC-B3 16-25C16E92","indexable_mill","end_mill",406.4,406.4,1,bad-diameter
"ISCAR","EC035E12-3C04","indexable_mill","end_mill",88.9,101.6,0.9,bad-diameter
"ISCAR","EC040E12-3C04","indexable_mill","end_mill",101.6,101.6,1,bad-diameter
"ISCAR","EC040E12-3C06","indexable_mill","end_mill",101.6,152.4,0.7,bad-diameter
"ISCAR","EC045E14-3C06","indexable_mill","end_mill",114.3,152.4,0.8,bad-diameter
"ISCAR","EC050E14-3C05","indexable_mill","end_mill",127,127,1,bad-diameter
"ISCAR","EC050E14-3C06","indexable_mill","end_mill",127,152.4,0.8,bad-diameter
"ISCAR","EC050E14-3W06","indexable_mill","end_mill",127,152.4,0.8,bad-diameter
"ISCAR","EC060E16-3C06","indexable_mill","end_mill",152.4,152.4,1,bad-diameter
"ISCAR","EC060E16-3W06","indexable_mill","end_mill",152.4,152.4,1,bad-diameter
"ISCAR","EC070E20-3C07","indexable_mill","end_mill",177.8,177.8,1,bad-diameter
"ISCAR","EC080E20-3C08","indexable_mill","end_mill",203.2,203.2,1,bad-diameter
"ISCAR","EC080E20-3W08","indexable_mill","end_mill",203.2,203.2,1,bad-diameter
"ISCAR","EC100E22-3C10","indexable_mill","end_mill",254,254,1,bad-diameter
"ISCAR","EC100E22-3W10","indexable_mill","end_mill",254,254,1,bad-diameter
"ISCAR","EC120E25-3C12","indexable_mill","end_mill",304.8,304.8,1,bad-diameter
"ISCAR","EC120E25-3W12","indexable_mill","end_mill",304.8,304.8,1,bad-diameter
"ISCAR","EC140E25-3C14","indexable_mill","end_mill",355.6,355.6,1,bad-diameter
"ISCAR","EC140E25-3W14","indexable_mill","end_mill",355.6,355.6,1,bad-diameter
"ISCAR","EC160E32-3C16","indexable_mill","end_mill",406.4,406.4,1,bad-diameter
"ISCAR","EC160E32-3W16","indexable_mill","end_mill",406.4,406.4,1,bad-diameter
"ISCAR","EC180E32-3C18","indexable_mill","end_mill",457.2,457.2,1,bad-diameter
"ISCAR","EC180E32-3W18","indexable_mill","end_mill",457.2,457.2,1,bad-diameter
"ISCAR","ECC035E12-3C04","indexable_mill","end_mill",88.9,101.6,0.9,bad-diameter
"ISCAR","ECC040E12-3C04","indexable_mill","end_mill",101.6,101.6,1,bad-diameter
"ISCAR","ECC050E14-3C05","indexable_mill","end_mill",127,127,1,bad-diameter
"ISCAR","ECC060E16-3C06","indexable_mill","end_mill",152.4,152.4,1,bad-diameter
"ISCAR","ECC060E16-3W06","indexable_mill","end_mill",152.4,152.4,1,bad-diameter
"ISCAR","ECC080E20-3C08","indexable_mill","end_mill",203.2,203.2,1,bad-diameter
"ISCAR","ECC080E20-3W08","indexable_mill","end_mill",203.2,203.2,1,bad-diameter
"ISCAR","ECC100E22-3C10","indexable_mill","end_mill",254,254,1,bad-diameter
"ISCAR","ECC100E22-3W10","indexable_mill","end_mill",254,254,1,bad-diameter
"ISCAR","ECC120E25-3C12","indexable_mill","end_mill",304.8,304.8,1,bad-diameter
"ISCAR","ECC120E25-3W12","indexable_mill","end_mill",304.8,304.8,1,bad-diameter
"ISCAR","ECC160E32-3C16","indexable_mill","end_mill",406.4,406.4,1,bad-diameter
"ISCAR","ECC160E32-3W16","indexable_mill","end_mill",406.4,406.4,1,bad-diameter
"ISCAR","ECU038E05-3W06-57","indexable_mill","end_mill",96.52,152.4,0.6,bad-diameter
"ISCAR","ECU048E06-3W06-57","indexable_mill","end_mill",121.92,152.4,0.8,bad-diameter
"ISCAR","ECU057E07-3W06-57","indexable_mill","end_mill",144.78,152.4,0.9,bad-diameter
"ISCAR","ECU067E08-3W08-63","indexable_mill","end_mill",170.18,203.2,0.8,bad-diameter
"ISCAR","ECU077E09-3W08-63","indexable_mill","end_mill",195.58,203.2,1,bad-diameter
"ISCAR","ECU097E11-3W10-72","indexable_mill","end_mill",246.38,254,1,bad-diameter
"ISCAR","ECU117E12-3W12-73","indexable_mill","end_mill",297.18,304.8,1,bad-diameter
"ISCAR","ECU137E16-3W14-83","indexable_mill","end_mill",347.98,355.6,1,bad-diameter
"ISCAR","ECU157E16-3W16-92","indexable_mill","end_mill",398.78,406.4,1,bad-diameter
"ISCAR","ECU177E18-3W18-92","indexable_mill","end_mill",449.58,457.2,1,bad-diameter
"ISCAR","ECU038E05-3W06R01L57","indexable_mill","end_mill",96.52,152.4,0.6,bad-diameter
"ISCAR","ECU048E06-3W06R02L57","indexable_mill","end_mill",121.92,152.4,0.8,bad-diameter
"ISCAR","ECU057E07-3W06R02L57","indexable_mill","end_mill",144.78,152.4,0.9,bad-diameter
"ISCAR","ECU077E09-3W08R02L63","indexable_mill","end_mill",195.58,203.2,1,bad-diameter
"ISCAR","ECU097E11-3W10R03L72","indexable_mill","end_mill",246.38,254,1,bad-diameter
"ISCAR","ECU117E12-3W12R03L83","indexable_mill","end_mill",297.18,304.8,1,bad-diameter
"ISCAR","EC040B12-3C04","indexable_mill","end_mill",101.6,101.6,1,bad-diameter
"ISCAR","EC040B12-3C06","indexable_mill","end_mill",101.6,152.4,0.7,bad-diameter
"ISCAR","EC050B14-3C05","indexable_mill","end_mill",127,127,1,bad-diameter
"ISCAR","EC050B14-3C06","indexable_mill","end_mill",127,152.4,0.8,bad-diameter
"ISCAR","EC060B13-3C06R0.5","indexable_mill","end_mill",152.4,152.4,1,bad-diameter
"ISCAR","EC060B13-3C06R1.0","indexable_mill","end_mill",152.4,152.4,1,bad-diameter
"ISCAR","EC060B16-3C06","indexable_mill","end_mill",152.4,152.4,1,bad-diameter
"ISCAR","EC060B16-3W06","indexable_mill","end_mill",152.4,152.4,1,bad-diameter
"ISCAR","EC070B16-3C07","indexable_mill","end_mill",177.8,177.8,1,bad-diameter
"ISCAR","EC080B20-3C08","indexable_mill","end_mill",203.2,203.2,1,bad-diameter
"ISCAR","EC080B20-3C08R0.5","indexable_mill","end_mill",203.2,203.2,1,bad-diameter
"ISCAR","EC080B20-3C08R1","indexable_mill","end_mill",203.2,203.2,1,bad-diameter
"ISCAR","EC080B20-3C08R1.5","indexable_mill","end_mill",203.2,203.2,1,bad-diameter
"ISCAR","EC080B20-3C08R2","indexable_mill","end_mill",203.2,203.2,1,bad-diameter
"ISCAR","EC080B20-3W08","indexable_mill","end_mill",203.2,203.2,1,bad-diameter
"ISCAR","EC090B20-3C09","indexable_mill","end_mill",228.6,228.6,1,bad-diameter
"ISCAR","EC100B22-3C10","indexable_mill","end_mill",254,254,1,bad-diameter
"ISCAR","EC100B22-3C10R0.5","indexable_mill","end_mill",254,254,1,bad-diameter
"ISCAR","EC100B22-3C10R1","indexable_mill","end_mill",254,254,1,bad-diameter
"ISCAR","EC100B22-3C10R1.5","indexable_mill","end_mill",254,254,1,bad-diameter
"ISCAR","EC100B22-3C10R2","indexable_mill","end_mill",254,254,1,bad-diameter
"ISCAR","EC100B22-3C10R3","indexable_mill","end_mill",254,254,1,bad-diameter
"ISCAR","EC100B22-3W10","indexable_mill","end_mill",254,254,1,bad-diameter
"ISCAR","EC120B25-3C12","indexable_mill","end_mill",304.8,304.8,1,bad-diameter
"ISCAR","EC120B25-3C12R0.5","indexable_mill","end_mill",304.8,304.8,1,bad-diameter
"ISCAR","EC120B25-3C12R1","indexable_mill","end_mill",304.8,304.8,1,bad-diameter
"ISCAR","EC120B25-3C12R1.5","indexable_mill","end_mill",304.8,304.8,1,bad-diameter
"ISCAR","EC120B25-3C12R2","indexable_mill","end_mill",304.8,304.8,1,bad-diameter
"ISCAR","EC120B25-3C12R3","indexable_mill","end_mill",304.8,304.8,1,bad-diameter
"ISCAR","EC120B25-3W12","indexable_mill","end_mill",304.8,304.8,1,bad-diameter
"ISCAR","EC140B25-3C14","indexable_mill","end_mill",355.6,355.6,1,bad-diameter
"ISCAR","EC140B25-3W14","indexable_mill","end_mill",355.6,355.6,1,bad-diameter
"ISCAR","EC160B32-3C16","indexable_mill","end_mill",406.4,406.4,1,bad-diameter
"ISCAR","EC160B32-3C16R0.5","indexable_mill","end_mill",406.4,406.4,1,bad-diameter
"ISCAR","EC160B32-3C16R1","indexable_mill","end_mill",406.4,406.4,1,bad-diameter
"ISCAR","EC160B32-3C16R2","indexable_mill","end_mill",406.4,406.4,1,bad-diameter
"ISCAR","EC160B32-3C16R3","indexable_mill","end_mill",406.4,406.4,1,bad-diameter
"ISCAR","EC160B32-3W16","indexable_mill","end_mill",406.4,406.4,1,bad-diameter
"ISCAR","EC180B32-3C18","indexable_mill","end_mill",457.2,457.2,1,bad-diameter
"ISCAR","EC180B32-3W18","indexable_mill","end_mill",457.2,457.2,1,bad-diameter
"ISCAR","EC040B12-4C04","indexable_mill","end_mill",101.6,101.6,1,bad-diameter
"ISCAR","EC040B12-4C06","indexable_mill","end_mill",101.6,152.4,0.7,bad-diameter
"ISCAR","EC050B14-4C05","indexable_mill","end_mill",127,127,1,bad-diameter
"ISCAR","EC050B14-4C06","indexable_mill","end_mill",127,152.4,0.8,bad-diameter
"ISCAR","EC060B16-4C06","indexable_mill","end_mill",152.4,152.4,1,bad-diameter
"ISCAR","EC060B16-4C06R0.5","indexable_mill","end_mill",152.4,152.4,1,bad-diameter
"ISCAR","EC060B16-4C06R1","indexable_mill","end_mill",152.4,152.4,1,bad-diameter
"ISCAR","EC060B16-4W06","indexable_mill","end_mill",152.4,152.4,1,bad-diameter
"ISCAR","EC070B16-4C07","indexable_mill","end_mill",177.8,177.8,1,bad-diameter
"ISCAR","EC080B20-4C08","indexable_mill","end_mill",203.2,203.2,1,bad-diameter
"ISCAR","EC080B20-4C08R0.5","indexable_mill","end_mill",203.2,203.2,1,bad-diameter
"ISCAR","EC080B20-4C08R1","indexable_mill","end_mill",203.2,203.2,1,bad-diameter
"ISCAR","EC080B20-4C08R1.5","indexable_mill","end_mill",203.2,203.2,1,bad-diameter
"ISCAR","EC080B20-4C08R2","indexable_mill","end_mill",203.2,203.2,1,bad-diameter
"ISCAR","EC080B20-4W08","indexable_mill","end_mill",203.2,203.2,1,bad-diameter
"ISCAR","EC090B20-4C09","indexable_mill","end_mill",228.6,228.6,1,bad-diameter
"ISCAR","EC100B22-4C10","indexable_mill","end_mill",254,254,1,bad-diameter
"ISCAR","EC100B22-4C10R0.5","indexable_mill","end_mill",254,254,1,bad-diameter
"ISCAR","EC100B22-4C10R1","indexable_mill","end_mill",254,254,1,bad-diameter
"ISCAR","EC100B22-4C10R1.5","indexable_mill","end_mill",254,254,1,bad-diameter
"ISCAR","EC100B22-4C10R2","indexable_mill","end_mill",254,254,1,bad-diameter
"ISCAR","EC100B22-4C10R3","indexable_mill","end_mill",254,254,1,bad-diameter
"ISCAR","EC100B22-4W10","indexable_mill","end_mill",254,254,1,bad-diameter
"ISCAR","EC120B25-4C12","indexable_mill","end_mill",304.8,304.8,1,bad-diameter
"ISCAR","EC120B25-4C12R0.5","indexable_mill","end_mill",304.8,304.8,1,bad-diameter
"ISCAR","EC120B25-4C12R1","indexable_mill","end_mill",304.8,304.8,1,bad-diameter
"ISCAR","EC120B25-4C12R1.5","indexable_mill","end_mill",304.8,304.8,1,bad-diameter
"ISCAR","EC120B25-4C12R2","indexable_mill","end_mill",304.8,304.8,1,bad-diameter
"ISCAR","EC120B25-4C12R3","indexable_mill","end_mill",304.8,304.8,1,bad-diameter
"ISCAR","EC120B25-4W12","indexable_mill","end_mill",304.8,304.8,1,bad-diameter
"ISCAR","EC140B25-4C14","indexable_mill","end_mill",355.6,355.6,1,bad-diameter
"ISCAR","EC160B32-4C16","indexable_mill","end_mill",406.4,406.4,1,bad-diameter
"ISCAR","EC160B32-4C16R0.5","indexable_mill","end_mill",406.4,406.4,1,bad-diameter
"ISCAR","EC160B32-4C16R1","indexable_mill","end_mill",406.4,406.4,1,bad-diameter
"ISCAR","EC160B32-4C16R1.5","indexable_mill","end_mill",406.4,406.4,1,bad-diameter
"ISCAR","EC160B32-4C16R2","indexable_mill","end_mill",406.4,406.4,1,bad-diameter
"ISCAR","EC160B32-4C16R2.5","indexable_mill","end_mill",406.4,406.4,1,bad-diameter
"ISCAR","EC160B32-4C16R3","indexable_mill","end_mill",406.4,406.4,1,bad-diameter
"ISCAR","EC160B32-4W16","indexable_mill","end_mill",406.4,406.4,1,bad-diameter
"ISCAR","EC180B32-4C18","indexable_mill","end_mill",457.2,457.2,1,bad-diameter
"ISCAR","EC035A12-4C04","indexable_mill","end_mill",88.9,101.6,0.9,bad-diameter
"ISCAR","EC035A12-4C04R0.4","indexable_mill","end_mill",88.9,101.6,0.9,bad-diameter
"ISCAR","EC040A07-4C04R0.4","indexable_mill","end_mill",101.6,101.6,1,bad-diameter
"ISCAR","EC040A10-4C04R1.0","indexable_mill","end_mill",101.6,101.6,1,bad-diameter
"ISCAR","EC040A12-4C04","indexable_mill","end_mill",101.6,101.6,1,bad-diameter
"ISCAR","EC040A12-4C04R0.4","indexable_mill","end_mill",101.6,101.6,1,bad-diameter
"ISCAR","EC040A12-4C04R0.8","indexable_mill","end_mill",101.6,101.6,1,bad-diameter
"ISCAR","EC040A12-4C06","indexable_mill","end_mill",101.6,152.4,0.7,bad-diameter
"ISCAR","EC045A14-4C06","indexable_mill","end_mill",114.3,152.4,0.8,bad-diameter
"ISCAR","EC050A14-4C05","indexable_mill","end_mill",127,127,1,bad-diameter
"ISCAR","EC050A14-4C05R0.5","indexable_mill","end_mill",127,127,1,bad-diameter
"ISCAR","EC050A20-4C05R0.8","indexable_mill","end_mill",127,127,1,bad-diameter
"ISCAR","EC050A14-4C06","indexable_mill","end_mill",127,152.4,0.8,bad-diameter
"ISCAR","EC060A16-4C06","indexable_mill","end_mill",152.4,152.4,1,bad-diameter
"ISCAR","EC060A16-4C06R0.4","indexable_mill","end_mill",152.4,152.4,1,bad-diameter
"ISCAR","EC060A16-4C06R0.8","indexable_mill","end_mill",152.4,152.4,1,bad-diameter
"ISCAR","EC060A16-4W06","indexable_mill","end_mill",152.4,152.4,1,bad-diameter
"ISCAR","EC070A20-4C07","indexable_mill","end_mill",177.8,177.8,1,bad-diameter
"ISCAR","EC075A20-4C08","indexable_mill","end_mill",190.5,203.2,0.9,bad-diameter
"ISCAR","EC080A20-4C08","indexable_mill","end_mill",203.2,203.2,1,bad-diameter
"ISCAR","EC080A20-4C08R0.8","indexable_mill","end_mill",203.2,203.2,1,bad-diameter
"ISCAR","EC080A20-4W08","indexable_mill","end_mill",203.2,203.2,1,bad-diameter
"ISCAR","EC100A22-4C10","indexable_mill","end_mill",254,254,1,bad-diameter
"ISCAR","EC100A22-4W10","indexable_mill","end_mill",254,254,1,bad-diameter
"ISCAR","EC120A25-4C12","indexable_mill","end_mill",304.8,304.8,1,bad-diameter
"ISCAR","EC120A25-4W12","indexable_mill","end_mill",304.8,304.8,1,bad-diameter
"ISCAR","EC140A25-4C14","indexable_mill","end_mill",355.6,355.6,1,bad-diameter
"ISCAR","EC140A32-4C14","indexable_mill","end_mill",355.6,355.6,1,bad-diameter
"ISCAR","EC160A32-4C16","indexable_mill","end_mill",406.4,406.4,1,bad-diameter
"ISCAR","EC160A32-4W16","indexable_mill","end_mill",406.4,406.4,1,bad-diameter
"ISCAR","EC160A40-4C16-92","indexable_mill","end_mill",406.4,406.4,1,bad-diameter
"ISCAR","EC180A32-4C18","indexable_mill","end_mill",457.2,457.2,1,bad-diameter
"ISCAR","ECC035A12-4C04","indexable_mill","end_mill",88.9,101.6,0.9,bad-diameter
"ISCAR","ECC040A12-4C04","indexable_mill","end_mill",101.6,101.6,1,bad-diameter
"ISCAR","ECC050A14-4C05","indexable_mill","end_mill",127,127,1,bad-diameter
"ISCAR","ECC060A16-4C06","indexable_mill","end_mill",152.4,152.4,1,bad-diameter
"ISCAR","ECC080A20-4C08","indexable_mill","end_mill",203.2,203.2,1,bad-diameter
"ISCAR","ECC080A20-4W08","indexable_mill","end_mill",203.2,203.2,1,bad-diameter
"ISCAR","ECC100A22-4C10","indexable_mill","end_mill",254,254,1,bad-diameter
"ISCAR","ECC100A22-4W10","indexable_mill","end_mill",254,254,1,bad-diameter
"ISCAR","ECC120A25-4C12","indexable_mill","end_mill",304.8,304.8,1,bad-diameter
"ISCAR","ECC120A25-4W12","indexable_mill","end_mill",304.8,304.8,1,bad-diameter
"ISCAR","ECC160A32-4C16","indexable_mill","end_mill",406.4,406.4,1,bad-diameter
"ISCAR","ECC160A32-4W16","indexable_mill","end_mill",406.4,406.4,1,bad-diameter
"ISCAR","EC-A4 04-12C04E50","indexable_mill","end_mill",101.6,101.6,1,bad-diameter
"ISCAR","EC-A4 04-30C04E75","indexable_mill","end_mill",101.6,101.6,1,bad-diameter
"ISCAR","EC-A4 05-14C05E50","indexable_mill","end_mill",127,127,1,bad-diameter
"ISCAR","EC-A4 05-40C05E100","indexable_mill","end_mill",127,127,1,bad-diameter
"ISCAR","EC-A4 055-16C055E50","indexable_mill","end_mill",139.7,139.7,1,bad-diameter
"ISCAR","EC-A4 06-16C06E50","indexable_mill","end_mill",152.4,152.4,1,bad-diameter
"ISCAR","EC-A4 06-18C06E61","indexable_mill","end_mill",152.4,152.4,1,bad-diameter
"ISCAR","EC-A4 06-50C06E150","indexable_mill","end_mill",152.4,152.4,1,bad-diameter
"ISCAR","EC-A4 07-20C07E60","indexable_mill","end_mill",177.8,177.8,1,bad-diameter
"ISCAR","EC-A4 08-20C08E63","indexable_mill","end_mill",203.2,203.2,1,bad-diameter
"ISCAR","EC-A4 08-20C08R.5E63","indexable_mill","end_mill",203.2,203.2,1,bad-diameter
"ISCAR","EC-A4 08-20C08R1E63","indexable_mill","end_mill",203.2,203.2,1,bad-diameter
"ISCAR","EC-A4 08-20C08R1.5E63","indexable_mill","end_mill",203.2,203.2,1,bad-diameter
"ISCAR","EC-A4 08-20C08R2-63","indexable_mill","end_mill",203.2,203.2,1,bad-diameter
"ISCAR","EC-A4 08-24C08E69","indexable_mill","end_mill",203.2,203.2,1,bad-diameter
"ISCAR","EC-A4 08-50C08E150","indexable_mill","end_mill",203.2,203.2,1,bad-diameter
"ISCAR","EC-A4 09-20C09E60","indexable_mill","end_mill",228.6,228.6,1,bad-diameter
"ISCAR","EC-A4 10-22C10E72","indexable_mill","end_mill",254,254,1,bad-diameter
"ISCAR","EC-A4 10-22C10R.5E72","indexable_mill","end_mill",254,254,1,bad-diameter
"ISCAR","EC-A4 10-22C10R.8E72","indexable_mill","end_mill",254,254,1,bad-diameter
"ISCAR","EC-A4 10-22C10R1E72","indexable_mill","end_mill",254,254,1,bad-diameter
"ISCAR","EC-A4 10-22C10R1.5E72","indexable_mill","end_mill",254,254,1,bad-diameter
"ISCAR","EC-A4 10-22C10R2E72","indexable_mill","end_mill",254,254,1,bad-diameter
"ISCAR","EC-A4 10-30C10E81","indexable_mill","end_mill",254,254,1,bad-diameter
"ISCAR","EC-A4 10-60C10E150","indexable_mill","end_mill",254,254,1,bad-diameter
"ISCAR","EC-A4 12-22C12E73","indexable_mill","end_mill",304.8,304.8,1,bad-diameter
"ISCAR","EC-A4 12-22C12R.5E73","indexable_mill","end_mill",304.8,304.8,1,bad-diameter
"ISCAR","EC-A4 12-22C12R.8E73","indexable_mill","end_mill",304.8,304.8,1,bad-diameter
"ISCAR","EC-A4 12-22C12R1.5E73","indexable_mill","end_mill",304.8,304.8,1,bad-diameter
"ISCAR","EC-A4 12-22C12R1E73","indexable_mill","end_mill",304.8,304.8,1,bad-diameter
"ISCAR","EC-A4 12-22C12R2E73","indexable_mill","end_mill",304.8,304.8,1,bad-diameter
"ISCAR","EC-A4 12-36C12E94","indexable_mill","end_mill",304.8,304.8,1,bad-diameter
"ISCAR","EC-A4 12-75C12E150","indexable_mill","end_mill",304.8,304.8,1,bad-diameter
"ISCAR","EC-A4 14-25C14E83","indexable_mill","end_mill",355.6,355.6,1,bad-diameter
"ISCAR","EC-A4 14-65C14E150","indexable_mill","end_mill",355.6,355.6,1,bad-diameter
"ISCAR","EC-A4 16-25C16E82","indexable_mill","end_mill",406.4,406.4,1,bad-diameter
"ISCAR","EC-A4 16-42C16E116","indexable_mill","end_mill",406.4,406.4,1,bad-diameter
"ISCAR","EC-A4 16-48C16E116","indexable_mill","end_mill",406.4,406.4,1,bad-diameter
"ISCAR","EC-A4 16-65C16E150","indexable_mill","end_mill",406.4,406.4,1,bad-diameter
"ISCAR","EC-A4 18-65C18E150","indexable_mill","end_mill",457.2,457.2,1,bad-diameter
"ISCAR","EC-A2 040-60/10C6H55T","indexable_mill","end_mill",101.6,152.4,0.7,bad-diameter
"ISCAR","EC-A2 040-60/12C6H55T","indexable_mill","end_mill",101.6,152.4,0.7,bad-diameter
"ISCAR","EC-A2 040-60/16C6H55T","indexable_mill","end_mill",101.6,152.4,0.7,bad-diameter
"ISCAR","EC-A2 040-60/20C6H60T","indexable_mill","end_mill",101.6,152.4,0.7,bad-diameter
"ISCAR","EC-A2 040-60/25C6H60T","indexable_mill","end_mill",101.6,152.4,0.7,bad-diameter
"ISCAR","EC-A2 040-60/30C6H70T","indexable_mill","end_mill",101.6,152.4,0.7,bad-diameter
"ISCAR","EC-A2 040-60/35C6H75T","indexable_mill","end_mill",101.6,152.4,0.7,bad-diameter
"ISCAR","EC-A2 040-60/40C6H80T","indexable_mill","end_mill",101.6,152.4,0.7,bad-diameter
"ISCAR","EC-A2 040-60/10C6R010H55T","indexable_mill","end_mill",101.6,152.4,0.7,bad-diameter
"ISCAR","EC-A2 040-60/10C6R020H55T","indexable_mill","end_mill",101.6,152.4,0.7,bad-diameter
"ISCAR","EC-A2 040-60/10C6R030H55T","indexable_mill","end_mill",101.6,152.4,0.7,bad-diameter
"ISCAR","EC-A2 040-60/10C6R050H55T","indexable_mill","end_mill",101.6,152.4,0.7,bad-diameter
"ISCAR","EC-A2 040-60/10C6R100H55T","indexable_mill","end_mill",101.6,152.4,0.7,bad-diameter
"ISCAR","EC-A2 040-60/12C6R010H55T","indexable_mill","end_mill",101.6,152.4,0.7,bad-diameter
"ISCAR","EC-A2 040-60/12C6R020H55T","indexable_mill","end_mill",101.6,152.4,0.7,bad-diameter
"ISCAR","EC-A2 040-60/12C6R030H55T","indexable_mill","end_mill",101.6,152.4,0.7,bad-diameter
"ISCAR","EC-A2 040-60/12C6R050H55T","indexable_mill","end_mill",101.6,152.4,0.7,bad-diameter
"ISCAR","EC-A2 040-60/12C6R100H55T","indexable_mill","end_mill",101.6,152.4,0.7,bad-diameter
"ISCAR","EC-A2 040-60/16C6R010H55T","indexable_mill","end_mill",101.6,152.4,0.7,bad-diameter
"ISCAR","EC-A2 040-60/16C6R020H55T","indexable_mill","end_mill",101.6,152.4,0.7,bad-diameter
"ISCAR","EC-A2 040-60/16C6R030H55T","indexable_mill","end_mill",101.6,152.4,0.7,bad-diameter
"ISCAR","EC-A2 040-60/16C6R050H55T","indexable_mill","end_mill",101.6,152.4,0.7,bad-diameter
"ISCAR","EC-A2 040-60/16C6R100H55T","indexable_mill","end_mill",101.6,152.4,0.7,bad-diameter
"ISCAR","EC-A2 040-60/20C6R010H60T","indexable_mill","end_mill",101.6,152.4,0.7,bad-diameter
"ISCAR","EC-A2 040-60/20C6R020H60T","indexable_mill","end_mill",101.6,152.4,0.7,bad-diameter
"ISCAR","EC-A2 040-60/20C6R030H60T","indexable_mill","end_mill",101.6,152.4,0.7,bad-diameter
"ISCAR","EC-A2 040-60/20C6R050H60T","indexable_mill","end_mill",101.6,152.4,0.7,bad-diameter
"ISCAR","EC-A2 040-60/20C6R100H60T","indexable_mill","end_mill",101.6,152.4,0.7,bad-diameter
"ISCAR","EC-A2 040-60/25C6R010H60T","indexable_mill","end_mill",101.6,152.4,0.7,bad-diameter
"ISCAR","EC-A2 040-60/25C6R020H60T","indexable_mill","end_mill",101.6,152.4,0.7,bad-diameter
"ISCAR","EC-A2 040-60/25C6R030H60T","indexable_mill","end_mill",101.6,152.4,0.7,bad-diameter
"ISCAR","EC-A2 040-60/25C6R050H60T","indexable_mill","end_mill",101.6,152.4,0.7,bad-diameter
"ISCAR","EC-A2 040-60/25C6R100H60T","indexable_mill","end_mill",101.6,152.4,0.7,bad-diameter
"ISCAR","EC-A2 040-60/30C6R010H70T","indexable_mill","end_mill",101.6,152.4,0.7,bad-diameter
"ISCAR","EC-A2 040-60/30C6R020H70T","indexable_mill","end_mill",101.6,152.4,0.7,bad-diameter
"ISCAR","EC-A2 040-60/30C6R030H70T","indexable_mill","end_mill",101.6,152.4,0.7,bad-diameter
"ISCAR","EC-A2 040-60/30C6R050H70T","indexable_mill","end_mill",101.6,152.4,0.7,bad-diameter
"ISCAR","EC-A2 040-050/12C6R.2H55","indexable_mill","end_mill",101.6,152.4,0.7,bad-diameter
"ISCAR","EC-A2 040-050/12C6R.5H55","indexable_mill","end_mill",101.6,152.4,0.7,bad-diameter
"ISCAR","EC-A2 040-050/12C6R1.H55","indexable_mill","end_mill",101.6,152.4,0.7,bad-diameter
"ISCAR","EC-A2 040-050/20C6R.2H55","indexable_mill","end_mill",101.6,152.4,0.7,bad-diameter
"ISCAR","EC-A2 040-050/20C6R.3H55","indexable_mill","end_mill",101.6,152.4,0.7,bad-diameter
"ISCAR","EC-A2 040-050/20C6R.5H55","indexable_mill","end_mill",101.6,152.4,0.7,bad-diameter
"ISCAR","EC-A2 040-060/16C6H60","indexable_mill","end_mill",101.6,152.4,0.7,bad-diameter
"ISCAR","EC-A2 060-070/20C6R.3H60","indexable_mill","end_mill",152.4,152.4,1,bad-diameter
"ISCAR","EC-A2 060-070/20C6R.5H60","indexable_mill","end_mill",152.4,152.4,1,bad-diameter
"ISCAR","EC-A2 060-070/20C6R1.H60","indexable_mill","end_mill",152.4,152.4,1,bad-diameter
"ISCAR","EC-A2 060-070/20C6R1.5H60","indexable_mill","end_mill",152.4,152.4,1,bad-diameter
"ISCAR","EC-A2 060-070/20C6R2.H60","indexable_mill","end_mill",152.4,152.4,1,bad-diameter
"ISCAR","EC-A2 080-090/25C8R1.H60","indexable_mill","end_mill",203.2,203.2,1,bad-diameter
"ISCAR","EC-A2 080-090/25C8R2.H60","indexable_mill","end_mill",203.2,203.2,1,bad-diameter
"ISCAR","EC-A2 100-090/32C10R.3H70","indexable_mill","end_mill",254,254,1,bad-diameter
"ISCAR","EC-A2 100-110/32C10R.5H70","indexable_mill","end_mill",254,254,1,bad-diameter
"ISCAR","EC-A2 040-060/12C6M50","indexable_mill","end_mill",101.6,152.4,0.7,bad-diameter
"ISCAR","EC-A2 040-060/16C6M60","indexable_mill","end_mill",101.6,152.4,0.7,bad-diameter
"ISCAR","EC-A2 040-060/20C6M60","indexable_mill","end_mill",101.6,152.4,0.7,bad-diameter
"ISCAR","EC-A2 040-060/25C6M70","indexable_mill","end_mill",101.6,152.4,0.7,bad-diameter
"ISCAR","EC-A2 040-060/30C6M70","indexable_mill","end_mill",101.6,152.4,0.7,bad-diameter
"ISCAR","EC-A2 040-060/35C6M80","indexable_mill","end_mill",101.6,152.4,0.7,bad-diameter
"ISCAR","EC-A2 040-060/40C6M90","indexable_mill","end_mill",101.6,152.4,0.7,bad-diameter
"ISCAR","EC-A2 040-060/45C6M90","indexable_mill","end_mill",101.6,152.4,0.7,bad-diameter
"ISCAR","EC-A2 040-060/50C6M100","indexable_mill","end_mill",101.6,152.4,0.7,bad-diameter
"ISCAR","EC-A2 050-075/16C6M60","indexable_mill","end_mill",127,152.4,0.8,bad-diameter
"ISCAR","EC-A2 050-075/20C6M60","indexable_mill","end_mill",127,152.4,0.8,bad-diameter
"ISCAR","EC-A2 050-075/25C6M70","indexable_mill","end_mill",127,152.4,0.8,bad-diameter
"ISCAR","EC-A2 050-075/30C6M80","indexable_mill","end_mill",127,152.4,0.8,bad-diameter
"ISCAR","EC-A2 050-075/35C6M80","indexable_mill","end_mill",127,152.4,0.8,bad-diameter
"ISCAR","EC-A2 050-075/40C6M80","indexable_mill","end_mill",127,152.4,0.8,bad-diameter
"ISCAR","EC-A2 050-075/50C6M110","indexable_mill","end_mill",127,152.4,0.8,bad-diameter
"ISCAR","EC-A2 060-090/20C6M80","indexable_mill","end_mill",152.4,152.4,1,bad-diameter
"ISCAR","EC-A2 060-090/30C6M90","indexable_mill","end_mill",152.4,152.4,1,bad-diameter
"ISCAR","EC-A2 060-090/40C6M100","indexable_mill","end_mill",152.4,152.4,1,bad-diameter
"ISCAR","EC-A2 060-090/50C6M110","indexable_mill","end_mill",152.4,152.4,1,bad-diameter
"ISCAR","EC-A2 035-10C06M45","indexable_mill","end_mill",88.9,152.4,0.6,bad-diameter
"ISCAR","EC-A2 040-11C06-45","indexable_mill","end_mill",101.6,152.4,0.7,bad-diameter
"ISCAR","EC-A2 045-11C06-45","indexable_mill","end_mill",114.3,152.4,0.8,bad-diameter
"ISCAR","EC-A2 050-13C06-50","indexable_mill","end_mill",127,152.4,0.8,bad-diameter
"ISCAR","EC-A2 055-13C06-50","indexable_mill","end_mill",139.7,152.4,0.9,bad-diameter
"ISCAR","EC-A2 060-13C06-50","indexable_mill","end_mill",152.4,152.4,1,bad-diameter
"ISCAR","EC-A2 065-16C08-60","indexable_mill","end_mill",165.1,203.2,0.8,bad-diameter
"ISCAR","EC-A2 070-16C08-60","indexable_mill","end_mill",177.8,203.2,0.9,bad-diameter
"ISCAR","EC-A2 075-16C08-60","indexable_mill","end_mill",190.5,203.2,0.9,bad-diameter
"ISCAR","EC-A2 080-19C08-64","indexable_mill","end_mill",203.2,203.2,1,bad-diameter
"ISCAR","EC-A2 085-19C10-70","indexable_mill","end_mill",215.9,254,0.8,bad-diameter
"ISCAR","EC-A2 090-19C10-70","indexable_mill","end_mill",228.6,254,0.9,bad-diameter
"ISCAR","EC-A2 095-19C10-70","indexable_mill","end_mill",241.3,254,1,bad-diameter
"ISCAR","EC-A2 100-22C10-70","indexable_mill","end_mill",254,254,1,bad-diameter
"ISCAR","EC-A2 110-22C12-75","indexable_mill","end_mill",279.4,304.8,0.9,bad-diameter
"ISCAR","EC-A2 120-26C12-75","indexable_mill","end_mill",304.8,304.8,1,bad-diameter
"ISCAR","EC-A2 150-26C16-90","indexable_mill","end_mill",381,406.4,0.9,bad-diameter
"ISCAR","EC-A2 160-32C16-100","indexable_mill","end_mill",406.4,406.4,1,bad-diameter
"ISCAR","EC-A2 180-32C18-100","indexable_mill","end_mill",457.2,457.2,1,bad-diameter
"ISCAR","EC-A4 035-10C06-50","indexable_mill","end_mill",88.9,152.4,0.6,bad-diameter
"ISCAR","EC-A4 040-11C06-50","indexable_mill","end_mill",101.6,152.4,0.7,bad-diameter
"ISCAR","EC-A4 045-11C06-50","indexable_mill","end_mill",114.3,152.4,0.8,bad-diameter
"ISCAR","EC-A4 050-13C06-50","indexable_mill","end_mill",127,152.4,0.8,bad-diameter
"ISCAR","EC-A4 055-13C06-50","indexable_mill","end_mill",139.7,152.4,0.9,bad-diameter
"ISCAR","EC-A4 060-13C06-50","indexable_mill","end_mill",152.4,152.4,1,bad-diameter
"ISCAR","EC-A4 065-16C08-63","indexable_mill","end_mill",165.1,203.2,0.8,bad-diameter
"ISCAR","EC-A4 070-16C08-63","indexable_mill","end_mill",177.8,203.2,0.9,bad-diameter
"ISCAR","EC-A4 075-16C08-63","indexable_mill","end_mill",190.5,203.2,0.9,bad-diameter
"ISCAR","EC-A4 080-19C08-63","indexable_mill","end_mill",203.2,203.2,1,bad-diameter
"ISCAR","EC-A4 085-19C10-72","indexable_mill","end_mill",215.9,254,0.8,bad-diameter
"ISCAR","EC-A4 090-19C10-72","indexable_mill","end_mill",228.6,254,0.9,bad-diameter
"ISCAR","EC-A4 095-19C10-70","indexable_mill","end_mill",241.3,254,1,bad-diameter
"ISCAR","EC-A4 100-22C10-72","indexable_mill","end_mill",254,254,1,bad-diameter
"ISCAR","EC-A4 105-22C12-75","indexable_mill","end_mill",266.7,304.8,0.9,bad-diameter
"ISCAR","EC-A4 110-22C12-75","indexable_mill","end_mill",279.4,304.8,0.9,bad-diameter
"ISCAR","EC-A4 115-22C12-75","indexable_mill","end_mill",292.1,304.8,1,bad-diameter
"ISCAR","EC-A4 120-26C12-73","indexable_mill","end_mill",304.8,304.8,1,bad-diameter
"ISCAR","EC-A4 140-26C14-83","indexable_mill","end_mill",355.6,355.6,1,bad-diameter
"ISCAR","EC-A4 150-26C16-92","indexable_mill","end_mill",381,406.4,0.9,bad-diameter
"ISCAR","EC-A4 160-32C16-92","indexable_mill","end_mill",406.4,406.4,1,bad-diameter
"ISCAR","EC-A4 180-32C18-100","indexable_mill","end_mill",457.2,457.2,1,bad-diameter
"ISCAR","EC-A4 190-32C20-100","indexable_mill","end_mill",482.6,20,24.1,bad-diameter
"ISCAR","ECH060B16-6C06","indexable_mill","end_mill",152.4,152.4,1,bad-diameter
"ISCAR","ECH060B16-6W06","indexable_mill","end_mill",152.4,152.4,1,bad-diameter
"ISCAR","ECH080B20-6C08","indexable_mill","end_mill",203.2,203.2,1,bad-diameter
"ISCAR","ECH080B20-6W08","indexable_mill","end_mill",203.2,203.2,1,bad-diameter
"ISCAR","ECH100B22-6C10","indexable_mill","end_mill",254,254,1,bad-diameter
"ISCAR","ECH100B22-6W10","indexable_mill","end_mill",254,254,1,bad-diameter
"ISCAR","ECH120B25-6C12","indexable_mill","end_mill",304.8,304.8,1,bad-diameter
"ISCAR","ECH120B25-6W12","indexable_mill","end_mill",304.8,304.8,1,bad-diameter
"ISCAR","ECH160B32-6C16","indexable_mill","end_mill",406.4,406.4,1,bad-diameter
"ISCAR","ECH160B32-6W16","indexable_mill","end_mill",406.4,406.4,1,bad-diameter
"ISCAR","ECL060B24-4C06","indexable_mill","end_mill",152.4,152.4,1,bad-diameter
"ISCAR","ECL060B24-4W06","indexable_mill","end_mill",152.4,152.4,1,bad-diameter
"ISCAR","ECL080B32-4C08","indexable_mill","end_mill",203.2,203.2,1,bad-diameter
"ISCAR","ECL080B32-4W08","indexable_mill","end_mill",203.2,203.2,1,bad-diameter
"ISCAR","ECL100B40-4C10","indexable_mill","end_mill",254,254,1,bad-diameter
"ISCAR","ECL100B40-4W10","indexable_mill","end_mill",254,254,1,bad-diameter
"ISCAR","ECL120B48-4C12","indexable_mill","end_mill",304.8,304.8,1,bad-diameter
"ISCAR","ECL120B48-4W12","indexable_mill","end_mill",304.8,304.8,1,bad-diameter
"ISCAR","ECL140B50-4C14","indexable_mill","end_mill",355.6,355.6,1,bad-diameter
"ISCAR","ECL140B50-4W14","indexable_mill","end_mill",355.6,355.6,1,bad-diameter
"ISCAR","ECL160B56-6C16 (1)","indexable_mill","end_mill",406.4,406.4,1,bad-diameter
"ISCAR","ECL160B56-6W16 (1)","indexable_mill","end_mill",406.4,406.4,1,bad-diameter
"ISCAR","ECXL100B60-4C10","indexable_mill","end_mill",254,254,1,bad-diameter
"ISCAR","ECXL100B60-4W10","indexable_mill","end_mill",254,254,1,bad-diameter
"ISCAR","ECXL120B72-4C12","indexable_mill","end_mill",304.8,304.8,1,bad-diameter
"ISCAR","ECXL120B72-4W12","indexable_mill","end_mill",304.8,304.8,1,bad-diameter
"ISCAR","ECXL160B80-6C16 (1)","indexable_mill","end_mill",406.4,406.4,1,bad-diameter
"ISCAR","ECXL160B80-6W16 (1)","indexable_mill","end_mill",406.4,406.4,1,bad-diameter
"ISCAR","EC-D6 06-13C06H57","indexable_mill","end_mill",152.4,152.4,1,bad-diameter
"ISCAR","EC-D6 08-20C08H63","indexable_mill","end_mill",203.2,203.2,1,bad-diameter
"ISCAR","EC-D6 10-22C10H72","indexable_mill","end_mill",254,254,1,bad-diameter
"ISCAR","EC-D6 12-25C12H83","indexable_mill","end_mill",304.8,304.8,1,bad-diameter
"ISCAR","EC-D6 12-25W12H83","indexable_mill","end_mill",304.8,304.8,1,bad-diameter
"ISCAR","EC-D6 14-30C14H83","indexable_mill","end_mill",355.6,355.6,1,bad-diameter
"ISCAR","EC-D6 16-32C16H92","indexable_mill","end_mill",406.4,406.4,1,bad-diameter
"ISCAR","EC-B6 060-026C06-70","indexable_mill","end_mill",152.4,152.4,1,bad-diameter
"ISCAR","EC-B6 080-036C08-90","indexable_mill","end_mill",203.2,203.2,1,bad-diameter
"ISCAR","EC-B6 100-46C10-100","indexable_mill","end_mill",254,254,1,bad-diameter
"ISCAR","EC-B6 120-56C12-110","indexable_mill","end_mill",304.8,304.8,1,bad-diameter
"ISCAR","EC-B6 160-66C16-130","indexable_mill","end_mill",406.4,406.4,1,bad-diameter
"ISCAR","EC-B6 06-06/14C06R.25H50","indexable_mill","end_mill",152.4,152.4,1,bad-diameter
"ISCAR","EC-B6 06-06/14C06R.5H50","indexable_mill","end_mill",152.4,152.4,1,bad-diameter
"ISCAR","EC-B6 06-13C06R.5H70","indexable_mill","end_mill",152.4,152.4,1,bad-diameter
"ISCAR","EC-B6 06-26C06R.5H70","indexable_mill","end_mill",152.4,152.4,1,bad-diameter
"ISCAR","EC-B6 08-08/24C08R.5H60","indexable_mill","end_mill",203.2,203.2,1,bad-diameter
"ISCAR","EC-B6 08-19C08R.5H90","indexable_mill","end_mill",203.2,203.2,1,bad-diameter
"ISCAR","EC-B6 08-36C08R.5H90","indexable_mill","end_mill",203.2,203.2,1,bad-diameter
"ISCAR","EC-B6 10-22C10R.5H100","indexable_mill","end_mill",254,254,1,bad-diameter
"ISCAR","EC-B6 10-22C10R1H100","indexable_mill","end_mill",254,254,1,bad-diameter
"ISCAR","EC-B6 10-46C10R1H100","indexable_mill","end_mill",254,254,1,bad-diameter
"ISCAR","EC-B6 12-26C12R.5H110","indexable_mill","end_mill",304.8,304.8,1,bad-diameter
"ISCAR","EC-B6 12-26C12R1H110","indexable_mill","end_mill",304.8,304.8,1,bad-diameter
"ISCAR","EC-B6 12-56C12R1H110","indexable_mill","end_mill",304.8,304.8,1,bad-diameter
"ISCAR","ECA-H3 04-10/16C06CF-R02","indexable_mill","end_mill",101.6,152.4,0.7,bad-diameter
"ISCAR","ECA-H3 05-12/20C06CF-R02","indexable_mill","end_mill",127,152.4,0.8,bad-diameter
"ISCAR","ECA-H3 06-09/18C06CF-R02","indexable_mill","end_mill",152.4,152.4,1,bad-diameter
"ISCAR","ECA-H3 06-09/18C06CF-R02D","indexable_mill","end_mill",152.4,152.4,1,bad-diameter
"ISCAR","ECA-H3 06-09/18C06CF-R04","indexable_mill","end_mill",152.4,152.4,1,bad-diameter
"ISCAR","ECA-H3 06-09/18C06CF-R08","indexable_mill","end_mill",152.4,152.4,1,bad-diameter
"ISCAR","ECA-H3 06-09/30C06CF-R02","indexable_mill","end_mill",152.4,152.4,1,bad-diameter
"ISCAR","ECA-H3 06-09/30C06CF-R02D","indexable_mill","end_mill",152.4,152.4,1,bad-diameter
"ISCAR","ECA-H3 06-09/30C06CF-R04","indexable_mill","end_mill",152.4,152.4,1,bad-diameter
"ISCAR","ECA-H3 06-09/30C06CF-R08","indexable_mill","end_mill",152.4,152.4,1,bad-diameter
"ISCAR","ECA-H3 06-09C06CF-R02-57","indexable_mill","end_mill",152.4,152.4,1,bad-diameter
"ISCAR","ECA-H3 06-12/18C06CF-R02C","indexable_mill","end_mill",152.4,152.4,1,bad-diameter
"ISCAR","ECA-H3 06-12/30C06CF-R02C","indexable_mill","end_mill",152.4,152.4,1,bad-diameter
"ISCAR","ECA-H3 06-14/24C06CF-R02","indexable_mill","end_mill",152.4,152.4,1,bad-diameter
"ISCAR","ECA-H3 06-14/24C06CF-R02D","indexable_mill","end_mill",152.4,152.4,1,bad-diameter
"ISCAR","ECA-H3 08-12/24C08CF-R02","indexable_mill","end_mill",203.2,203.2,1,bad-diameter
"ISCAR","ECA-H3 08-12/24C08CF-R02D","indexable_mill","end_mill",203.2,203.2,1,bad-diameter
"ISCAR","ECA-H3 08-12/24C08CF-R04","indexable_mill","end_mill",203.2,203.2,1,bad-diameter
"ISCAR","ECA-H3 08-12/24C08CF-R08","indexable_mill","end_mill",203.2,203.2,1,bad-diameter
"ISCAR","ECA-H3 08-12/24C08CF-R30","indexable_mill","end_mill",203.2,203.2,1,bad-diameter
"ISCAR","ECA-H3 08-12/40C08CF-R02","indexable_mill","end_mill",203.2,203.2,1,bad-diameter
"ISCAR","ECA-H3 08-12/40C08CF-R02D","indexable_mill","end_mill",203.2,203.2,1,bad-diameter
"ISCAR","ECA-H3 08-12/40C08CF-R04","indexable_mill","end_mill",203.2,203.2,1,bad-diameter
"ISCAR","ECA-H3 08-12/40C08CF-R08","indexable_mill","end_mill",203.2,203.2,1,bad-diameter
"ISCAR","ECA-H3 08-12C08CF-R02-63","indexable_mill","end_mill",203.2,203.2,1,bad-diameter
"ISCAR","ECA-H3 08-16/24C08CF-R02C","indexable_mill","end_mill",203.2,203.2,1,bad-diameter
"ISCAR","ECA-H3 08-16/40C08CF-R02C","indexable_mill","end_mill",203.2,203.2,1,bad-diameter
"ISCAR","ECA-H3 08-18/32C08CF-R02","indexable_mill","end_mill",203.2,203.2,1,bad-diameter
"ISCAR","ECA-H3 08-18/32C08CF-R02D","indexable_mill","end_mill",203.2,203.2,1,bad-diameter
"ISCAR","ECA-H3 10-15/30C10CF-R02","indexable_mill","end_mill",254,254,1,bad-diameter
"ISCAR","ECA-H3 10-15/30C10CF-R02D","indexable_mill","end_mill",254,254,1,bad-diameter
"ISCAR","ECA-H3 10-15/30C10CF-R04","indexable_mill","end_mill",254,254,1,bad-diameter
"ISCAR","ECA-H3 10-15/30C10CF-R08","indexable_mill","end_mill",254,254,1,bad-diameter
"ISCAR","ECA-H3 10-15/30C10CF-R16","indexable_mill","end_mill",254,254,1,bad-diameter
"ISCAR","ECA-H3 10-15/30C10CF-R30","indexable_mill","end_mill",254,254,1,bad-diameter
"ISCAR","ECA-H3 10-15/50C10CF-R02","indexable_mill","end_mill",254,254,1,bad-diameter
"ISCAR","ECA-H3 10-15/50C10CF-R02D","indexable_mill","end_mill",254,254,1,bad-diameter
"ISCAR","ECA-H3 10-15/50C10CF-R04","indexable_mill","end_mill",254,254,1,bad-diameter
"ISCAR","ECA-H3 10-15/50C10CF-R08","indexable_mill","end_mill",254,254,1,bad-diameter
"ISCAR","ECA-H3 10-15/50C10CF-R16","indexable_mill","end_mill",254,254,1,bad-diameter
"ISCAR","ECA-H3 10-15/50C10CF-R20","indexable_mill","end_mill",254,254,1,bad-diameter
"ISCAR","ECA-H3 10-15/50C10CF-R30","indexable_mill","end_mill",254,254,1,bad-diameter
"ISCAR","ECA-H3 10-15C10CF-R02-72","indexable_mill","end_mill",254,254,1,bad-diameter
"ISCAR","ECA-H3 10-20/30C10CF-R02C","indexable_mill","end_mill",254,254,1,bad-diameter
"ISCAR","ECA-H3 10-20/50C10CF-R02C","indexable_mill","end_mill",254,254,1,bad-diameter
"ISCAR","ECA-H3 10-22/40C10CF-R02","indexable_mill","end_mill",254,254,1,bad-diameter
"ISCAR","ECA-H3 10-22/40C10CF-R02D","indexable_mill","end_mill",254,254,1,bad-diameter
"ISCAR","ECA-H3 10-22/40C10CF-R30","indexable_mill","end_mill",254,254,1,bad-diameter
"ISCAR","ECA-H3 12-18/36C12CF-R02","indexable_mill","end_mill",304.8,304.8,1,bad-diameter
"ISCAR","ECA-H3 12-18/36C12CF-R02D","indexable_mill","end_mill",304.8,304.8,1,bad-diameter
"ISCAR","ECA-H3 12-18/36C12CF-R04","indexable_mill","end_mill",304.8,304.8,1,bad-diameter
"ISCAR","ECA-H3 12-18/36C12CF-R08","indexable_mill","end_mill",304.8,304.8,1,bad-diameter
"ISCAR","ECA-H3 12-18/36C12CF-R16","indexable_mill","end_mill",304.8,304.8,1,bad-diameter
"ISCAR","ECA-H3 12-18/36C12CF-R20","indexable_mill","end_mill",304.8,304.8,1,bad-diameter
"ISCAR","ECA-H3 12-18/36C12CF-R25","indexable_mill","end_mill",304.8,304.8,1,bad-diameter
"ISCAR","ECA-H3 12-18/36C12CF-R30","indexable_mill","end_mill",304.8,304.8,1,bad-diameter
"ISCAR","ECA-H3 12-18/60C12CF-R02","indexable_mill","end_mill",304.8,304.8,1,bad-diameter
"ISCAR","ECA-H3 12-18/60C12CF-R02D","indexable_mill","end_mill",304.8,304.8,1,bad-diameter
"ISCAR","ECA-H3 12-18/60C12CF-R04","indexable_mill","end_mill",304.8,304.8,1,bad-diameter
"ISCAR","ECA-H3 12-18/60C12CF-R08","indexable_mill","end_mill",304.8,304.8,1,bad-diameter
"ISCAR","ECA-H3 12-18/60C12CF-R16","indexable_mill","end_mill",304.8,304.8,1,bad-diameter
"ISCAR","ECA-H3 12-18/60C12CF-R20","indexable_mill","end_mill",304.8,304.8,1,bad-diameter
"ISCAR","ECA-H3 12-18/60C12CF-R25","indexable_mill","end_mill",304.8,304.8,1,bad-diameter
"ISCAR","ECA-H3 12-18/60C12CF-R30","indexable_mill","end_mill",304.8,304.8,1,bad-diameter
"ISCAR","ECA-H3 12-18C12CF-R02-83","indexable_mill","end_mill",304.8,304.8,1,bad-diameter
"ISCAR","ECA-H3 12-24/36C12CF-R02C","indexable_mill","end_mill",304.8,304.8,1,bad-diameter
"ISCAR","ECA-H3 12-24/60C12CF-R02C","indexable_mill","end_mill",304.8,304.8,1,bad-diameter
"ISCAR","ECA-H3 12-26/48C12CF-R02","indexable_mill","end_mill",304.8,304.8,1,bad-diameter
"ISCAR","ECA-H3 12-26/48C12CF-R02D","indexable_mill","end_mill",304.8,304.8,1,bad-diameter
"ISCAR","ECA-H3 16-24/48C16CF-R02","indexable_mill","end_mill",406.4,406.4,1,bad-diameter
"ISCAR","ECA-H3 16-24/48C16CF-R02D","indexable_mill","end_mill",406.4,406.4,1,bad-diameter
"ISCAR","ECA-H3 16-24/48C16CF-R04","indexable_mill","end_mill",406.4,406.4,1,bad-diameter
"ISCAR","ECA-H3 16-24/48C16CF-R08","indexable_mill","end_mill",406.4,406.4,1,bad-diameter
"ISCAR","ECA-H3 16-24/48C16CF-R16","indexable_mill","end_mill",406.4,406.4,1,bad-diameter
"ISCAR","ECA-H3 16-24/48C16CF-R20","indexable_mill","end_mill",406.4,406.4,1,bad-diameter
"ISCAR","ECA-H3 16-24/48C16CF-R25","indexable_mill","end_mill",406.4,406.4,1,bad-diameter
"ISCAR","ECA-H3 16-24/48C16CF-R30","indexable_mill","end_mill",406.4,406.4,1,bad-diameter
"ISCAR","ECA-H3 16-24/48C16CF-R32","indexable_mill","end_mill",406.4,406.4,1,bad-diameter
"ISCAR","ECA-H3 16-24/48C16CF-R40","indexable_mill","end_mill",406.4,406.4,1,bad-diameter
"ISCAR","ECA-H3 16-24/48C16CF-R50","indexable_mill","end_mill",406.4,406.4,1,bad-diameter
"ISCAR","ECA-H3 16-24/80C16CF-R02","indexable_mill","end_mill",406.4,406.4,1,bad-diameter
"ISCAR","ECA-H3 16-24/80C16CF-R04","indexable_mill","end_mill",406.4,406.4,1,bad-diameter
"ISCAR","ECA-H3 16-24/80C16CF-R08","indexable_mill","end_mill",406.4,406.4,1,bad-diameter
"ISCAR","ECA-H3 16-24/80C16CF-R16","indexable_mill","end_mill",406.4,406.4,1,bad-diameter
"ISCAR","ECA-H3 16-24/80C16CF-R20","indexable_mill","end_mill",406.4,406.4,1,bad-diameter
"ISCAR","ECA-H3 16-24/80C16CF-R25","indexable_mill","end_mill",406.4,406.4,1,bad-diameter
"ISCAR","ECA-H3 16-24/80C16CF-R30","indexable_mill","end_mill",406.4,406.4,1,bad-diameter
"ISCAR","ECA-H3 16-24/80C16CF-R32","indexable_mill","end_mill",406.4,406.4,1,bad-diameter
"ISCAR","ECA-H3 16-24/80C16CF-R40","indexable_mill","end_mill",406.4,406.4,1,bad-diameter
"ISCAR","ECA-H3 16-24/80C16CF-R50","indexable_mill","end_mill",406.4,406.4,1,bad-diameter
"ISCAR","ECA-H3 16-32/48C16CF-R02C","indexable_mill","end_mill",406.4,406.4,1,bad-diameter
"ISCAR","ECA-H3 16-32/80C16CF-R02C","indexable_mill","end_mill",406.4,406.4,1,bad-diameter
"ISCAR","ECA-H3 16-34/64C16CF-R02","indexable_mill","end_mill",406.4,406.4,1,bad-diameter
"ISCAR","ECA-H3 16-34/64C16CF-R02D","indexable_mill","end_mill",406.4,406.4,1,bad-diameter
"ISCAR","ECA-H4 06-09/30C06CFR02","indexable_mill","end_mill",152.4,152.4,1,bad-diameter
"ISCAR","ECA-H4 06-12/18C06CFR02","indexable_mill","end_mill",152.4,152.4,1,bad-diameter
"ISCAR","ECA-H4 08-12/40C08CFR02","indexable_mill","end_mill",203.2,203.2,1,bad-diameter
"ISCAR","ECA-H4 08-16/24C08CFR02","indexable_mill","end_mill",203.2,203.2,1,bad-diameter
"ISCAR","ECA-H4 10-15/50C10CFR02","indexable_mill","end_mill",254,254,1,bad-diameter
"ISCAR","ECA-H4 10-20/30C10CFR02","indexable_mill","end_mill",254,254,1,bad-diameter
"ISCAR","ECA-H4 12-18/60C12CFR02","indexable_mill","end_mill",304.8,304.8,1,bad-diameter
"ISCAR","ECA-H4 12-24/36C12CFR02","indexable_mill","end_mill",304.8,304.8,1,bad-diameter
"ISCAR","ECA-H4 16-24/80C16CFR02","indexable_mill","end_mill",406.4,406.4,1,bad-diameter
"ISCAR","ECA-H4 16-32/48C16CFR02","indexable_mill","end_mill",406.4,406.4,1,bad-diameter
"ISCAR","ECAP-H3 10-15/50C10CFR02C","indexable_mill","end_mill",254,254,1,bad-diameter
"ISCAR","ECAP-H3 10-22/40C10CFR02C","indexable_mill","end_mill",254,254,1,bad-diameter
"ISCAR","ECAP-H3 12-18/60C12CFR02C","indexable_mill","end_mill",304.8,304.8,1,bad-diameter
"ISCAR","ECAP-H3 12-26/48C12CFR02C","indexable_mill","end_mill",304.8,304.8,1,bad-diameter
"ISCAR","ECAP-H3 16-24/80C16CFR02C","indexable_mill","end_mill",406.4,406.4,1,bad-diameter
"ISCAR","ECAP-H3 16-34/64C16CFR02C","indexable_mill","end_mill",406.4,406.4,1,bad-diameter
"ISCAR","ERC060E13-3C06","indexable_mill","end_mill",152.4,152.4,1,bad-diameter
"ISCAR","ERC060E13-3C06CH05DA57","indexable_mill","end_mill",152.4,152.4,1,bad-diameter
"ISCAR","ERC060E13-3W06","indexable_mill","end_mill",152.4,152.4,1,bad-diameter
"ISCAR","ERC080E20-3C08","indexable_mill","end_mill",203.2,203.2,1,bad-diameter
"ISCAR","ERC080E20-3C08CH05DA63","indexable_mill","end_mill",203.2,203.2,1,bad-diameter
"ISCAR","ERC080E20-3W08","indexable_mill","end_mill",203.2,203.2,1,bad-diameter
"ISCAR","ERC100E22-3C10","indexable_mill","end_mill",254,254,1,bad-diameter
"ISCAR","ERC100E22-3C10CH06DA72","indexable_mill","end_mill",254,254,1,bad-diameter
"ISCAR","ERC100E22-3W10","indexable_mill","end_mill",254,254,1,bad-diameter
"ISCAR","ERC120E25-3C12","indexable_mill","end_mill",304.8,304.8,1,bad-diameter
"ISCAR","ERC120E25-3C12CH06DA83","indexable_mill","end_mill",304.8,304.8,1,bad-diameter
"ISCAR","ERC120E25-3W12","indexable_mill","end_mill",304.8,304.8,1,bad-diameter
"ISCAR","ERC160E32-3C16","indexable_mill","end_mill",406.4,406.4,1,bad-diameter
"ISCAR","ERC160E32-3C16CH06DA92","indexable_mill","end_mill",406.4,406.4,1,bad-diameter
"ISCAR","ERC160E32-3W16","indexable_mill","end_mill",406.4,406.4,1,bad-diameter
"ISCAR","ECR-B3 06-09/21C06R02A57","indexable_mill","end_mill",152.4,152.4,1,bad-diameter
"ISCAR","ECR-B3 06-09/21C06R02DA57","indexable_mill","end_mill",152.4,152.4,1,bad-diameter
"ISCAR","ECR-B3 06-09/21W06R02A57","indexable_mill","end_mill",152.4,152.4,1,bad-diameter
"ISCAR","ECR-B3 06-09/30C06R02A65","indexable_mill","end_mill",152.4,152.4,1,bad-diameter
"ISCAR","ECR-B3 06-09/30W06R02A65","indexable_mill","end_mill",152.4,152.4,1,bad-diameter
"ISCAR","ECR-B3 08-12/27C08R02A63","indexable_mill","end_mill",203.2,203.2,1,bad-diameter
"ISCAR","ECR-B3 08-12/27C08R02DA63","indexable_mill","end_mill",203.2,203.2,1,bad-diameter
"ISCAR","ECR-B3 08-12/27W08R02A63","indexable_mill","end_mill",203.2,203.2,1,bad-diameter
"ISCAR","ECR-B3 08-12/40C08R02A78","indexable_mill","end_mill",203.2,203.2,1,bad-diameter
"ISCAR","ECR-B3 08-12/40W08R02A78","indexable_mill","end_mill",203.2,203.2,1,bad-diameter
"ISCAR","ECR-B3 10-12/31C10R02A72","indexable_mill","end_mill",254,254,1,bad-diameter
"ISCAR","ECR-B3 10-12/31C10R02DA72","indexable_mill","end_mill",254,254,1,bad-diameter
"ISCAR","ECR-B3 10-12/31W10R02A72","indexable_mill","end_mill",254,254,1,bad-diameter
"ISCAR","ECR-B3 10-12/50C10R02A100","indexable_mill","end_mill",254,254,1,bad-diameter
"ISCAR","ECR-B3 10-12/50W10R02A100","indexable_mill","end_mill",254,254,1,bad-diameter
"ISCAR","ECR-B3 12-12/37C12R02A83","indexable_mill","end_mill",304.8,304.8,1,bad-diameter
"ISCAR","ECR-B3 12-12/37C12R02DA83","indexable_mill","end_mill",304.8,304.8,1,bad-diameter
"ISCAR","ECR-B3 12-12/37W12R02A83","indexable_mill","end_mill",304.8,304.8,1,bad-diameter
"ISCAR","ECR-B3 12-14/55C12R02A100","indexable_mill","end_mill",304.8,304.8,1,bad-diameter
"ISCAR","ECR-B3 12-14/55W12R02A100","indexable_mill","end_mill",304.8,304.8,1,bad-diameter
"ISCAR","ECR-B3 16-14/43C16R02A92","indexable_mill","end_mill",406.4,406.4,1,bad-diameter
"ISCAR","ECR-B3 16-14/43C16R02DA92","indexable_mill","end_mill",406.4,406.4,1,bad-diameter
"ISCAR","ECR-B3 16-14/43W16R02A92","indexable_mill","end_mill",406.4,406.4,1,bad-diameter
"ISCAR","ECR-B3 16-18/80C16R02A150","indexable_mill","end_mill",406.4,406.4,1,bad-diameter
"ISCAR","ECR-B3 16-18/80W16R02A150","indexable_mill","end_mill",406.4,406.4,1,bad-diameter
"ISCAR","ECR-B3 08-12/41C08R02A83C","indexable_mill","end_mill",203.2,203.3,1,bad-diameter
"ISCAR","ECR-B3 08-12/41C08R20A83C","indexable_mill","end_mill",203.2,203.3,1,bad-diameter
"ISCAR","ECR-B3 10-12/41C10R.2A83C","indexable_mill","end_mill",254,254.1,1,bad-diameter
"ISCAR","ECR-B3 10-12/41C10R20A83C","indexable_mill","end_mill",254,254.1,1,bad-diameter
"ISCAR","ECR-B3 12-12/41C12R.2A87C","indexable_mill","end_mill",304.8,304.9,1,bad-diameter
"ISCAR","ECR-B3 16-14/60C16R2A109C","indexable_mill","end_mill",406.4,406.55,1,bad-diameter
"ISCAR","ECR-B316-14/60C16R.2A109C","indexable_mill","end_mill",406.4,406.55,1,bad-diameter
"ISCAR","ECR-B316-14/60C16R40A109C","indexable_mill","end_mill",406.4,406.55,1,bad-diameter
"ISCAR","ECA040B12-2C06","indexable_mill","end_mill",101.6,152.4,0.7,bad-diameter
"ISCAR","ECA050B14-2C06","indexable_mill","end_mill",127,152.4,0.8,bad-diameter
"ISCAR","ECA060B16-2C06","indexable_mill","end_mill",152.4,152.4,1,bad-diameter
"ISCAR","ECA080B20-2C08","indexable_mill","end_mill",203.2,203.2,1,bad-diameter
"ISCAR","ECA100B22-2C10","indexable_mill","end_mill",254,254,1,bad-diameter
"ISCAR","ECA120B25-2C12","indexable_mill","end_mill",304.8,304.8,1,bad-diameter
"ISCAR","ECA160B32-2C16","indexable_mill","end_mill",406.4,406.4,1,bad-diameter
"ISCAR","EBA-B2 040-040/08C6-57","indexable_mill","end_mill",101.6,152.4,0.7,bad-diameter
"ISCAR","EBA-B2 050-050/10C6-57","indexable_mill","end_mill",127,152.4,0.8,bad-diameter
"ISCAR","EBA-B2 060-060/12C6-57","indexable_mill","end_mill",152.4,152.4,1,bad-diameter
"ISCAR","ECA-B-3 04-12C06-57","indexable_mill","end_mill",101.6,152.4,0.7,bad-diameter
"ISCAR","ECA-B-3 04-12C06-57 R02D","indexable_mill","end_mill",101.6,152.4,0.7,bad-diameter
"ISCAR","ECA-B-3 04-12C06R.5-57","indexable_mill","end_mill",101.6,152.4,0.7,bad-diameter
"ISCAR","ECA-B-3 04-12W06-57","indexable_mill","end_mill",101.6,152.4,0.7,bad-diameter
"ISCAR","ECA-B-3 05-14C06-57","indexable_mill","end_mill",127,152.4,0.8,bad-diameter
"ISCAR","ECA-B-3 05-14C06-57 R02D","indexable_mill","end_mill",127,152.4,0.8,bad-diameter
"ISCAR","ECA-B-3 05-14C06R.5-57","indexable_mill","end_mill",127,152.4,0.8,bad-diameter
"ISCAR","ECA-B-3 05-14W06-57","indexable_mill","end_mill",127,152.4,0.8,bad-diameter
"ISCAR","ECA-B-3 06-16C06-57","indexable_mill","end_mill",152.4,152.4,1,bad-diameter
"ISCAR","ECA-B-3 06-16C06-57 R02D","indexable_mill","end_mill",152.4,152.4,1,bad-diameter
"ISCAR","ECA-B-3 06-16C06R.5-57","indexable_mill","end_mill",152.4,152.4,1,bad-diameter
"ISCAR","ECA-B-3 06-16C06R1-57","indexable_mill","end_mill",152.4,152.4,1,bad-diameter
"ISCAR","ECA-B-3 06-16W06-57","indexable_mill","end_mill",152.4,152.4,1,bad-diameter
"ISCAR","ECA-B-3 08-20C08-63","indexable_mill","end_mill",203.2,203.2,1,bad-diameter
"ISCAR","ECA-B-3 08-20C08-63 R02D","indexable_mill","end_mill",203.2,203.2,1,bad-diameter
"ISCAR","ECA-B-3 08-20C08R.5-63","indexable_mill","end_mill",203.2,203.2,1,bad-diameter
"ISCAR","ECA-B-3 08-20C08R1.5-63","indexable_mill","end_mill",203.2,203.2,1,bad-diameter
"ISCAR","ECA-B-3 08-20C08R1-63","indexable_mill","end_mill",203.2,203.2,1,bad-diameter
"ISCAR","ECA-B-3 08-20C08R3-63","indexable_mill","end_mill",203.2,203.2,1,bad-diameter
"ISCAR","ECA-B-3 08-20W08-63","indexable_mill","end_mill",203.2,203.2,1,bad-diameter
"ISCAR","ECA-B-3 10-22C10-72","indexable_mill","end_mill",254,254,1,bad-diameter
"ISCAR","ECA-B-3 10-22C10-72 R02D","indexable_mill","end_mill",254,254,1,bad-diameter
"ISCAR","ECA-B-3 10-22C10R.5-72","indexable_mill","end_mill",254,254,1,bad-diameter
"ISCAR","ECA-B-3 10-22C10R1.5-72","indexable_mill","end_mill",254,254,1,bad-diameter
"ISCAR","ECA-B-3 10-22C10R1-72","indexable_mill","end_mill",254,254,1,bad-diameter
"ISCAR","ECA-B-3 10-22C10R2-72","indexable_mill","end_mill",254,254,1,bad-diameter
"ISCAR","ECA-B-3 10-22W10-72","indexable_mill","end_mill",254,254,1,bad-diameter
"ISCAR","ECA-B-3 10-25C10R3-72","indexable_mill","end_mill",254,254,1,bad-diameter
"ISCAR","ECA-B-3 10-25C10R4-72","indexable_mill","end_mill",254,254,1,bad-diameter
"ISCAR","ECA-B-3 12-25C12-83","indexable_mill","end_mill",304.8,304.8,1,bad-diameter
"ISCAR","ECA-B-3 12-25C12-83 R02D","indexable_mill","end_mill",304.8,304.8,1,bad-diameter
"ISCAR","ECA-B-3 12-25C12R.5-83","indexable_mill","end_mill",304.8,304.8,1,bad-diameter
"ISCAR","ECA-B-3 12-25C12R1.5-83","indexable_mill","end_mill",304.8,304.8,1,bad-diameter
"ISCAR","ECA-B-3 12-25C12R1-83","indexable_mill","end_mill",304.8,304.8,1,bad-diameter
"ISCAR","ECA-B-3 12-25C12R2.5-83","indexable_mill","end_mill",304.8,304.8,1,bad-diameter
"ISCAR","ECA-B-3 12-25C12R2-83","indexable_mill","end_mill",304.8,304.8,1,bad-diameter
"ISCAR","ECA-B-3 12-25W12-83","indexable_mill","end_mill",304.8,304.8,1,bad-diameter
"ISCAR","ECA-B-3 12-30C12R3-83","indexable_mill","end_mill",304.8,304.8,1,bad-diameter
"ISCAR","ECA-B-3 12-30C12R4-83","indexable_mill","end_mill",304.8,304.8,1,bad-diameter
"ISCAR","ECA-B-3 14-30C14-83","indexable_mill","end_mill",355.6,355.6,1,bad-diameter
"ISCAR","ECA-B-3 14-30W14-83","indexable_mill","end_mill",355.6,355.6,1,bad-diameter
"ISCAR","ECA-B-3 16-32C16-92","indexable_mill","end_mill",406.4,406.4,1,bad-diameter
"ISCAR","ECA-B-3 16-32C16-92 R02D","indexable_mill","end_mill",406.4,406.4,1,bad-diameter
"ISCAR","ECA-B-3 16-32C16R.5-92","indexable_mill","end_mill",406.4,406.4,1,bad-diameter
"ISCAR","ECA-B-3 16-32C16R1.5-92","indexable_mill","end_mill",406.4,406.4,1,bad-diameter
"ISCAR","ECA-B-3 16-32C16R1-92","indexable_mill","end_mill",406.4,406.4,1,bad-diameter
"ISCAR","ECA-B-3 16-32C16R2.5-92","indexable_mill","end_mill",406.4,406.4,1,bad-diameter
"ISCAR","ECA-B-3 16-32C16R2-92","indexable_mill","end_mill",406.4,406.4,1,bad-diameter
"ISCAR","ECA-B-3 16-32C16R3-92","indexable_mill","end_mill",406.4,406.4,1,bad-diameter
"ISCAR","ECA-B-3 16-32C16R4-92","indexable_mill","end_mill",406.4,406.4,1,bad-diameter
"ISCAR","ECA-B-3 16-32W16-92","indexable_mill","end_mill",406.4,406.4,1,bad-diameter
"ISCAR","ECA040F11-2C04","indexable_mill","end_mill",101.6,101.6,1,bad-diameter
"ISCAR","ECA060F13-2C06","indexable_mill","end_mill",152.4,152.4,1,bad-diameter
"ISCAR","ECA080F20-2C08","indexable_mill","end_mill",203.2,203.2,1,bad-diameter
"ISCAR","ECA100F22-2C10","indexable_mill","end_mill",254,254,1,bad-diameter
"ISCAR","ECA120F25-2C12","indexable_mill","end_mill",304.8,304.8,1,bad-diameter
"ISCAR","ECA160F32-2C16","indexable_mill","end_mill",406.4,406.4,1,bad-diameter
"ISCAR","EPN-F10 04-16C04F55","indexable_mill","end_mill",101.6,101.6,1,bad-diameter
"ISCAR","EPN-F10 06-19C06F57","indexable_mill","end_mill",152.4,152.4,1,bad-diameter
"ISCAR","EPNF060S15-3L/9C06F57 (1)","indexable_mill","end_mill",152.4,152.4,1,bad-diameter
"ISCAR","EPN-F12 08-25C08F63","indexable_mill","end_mill",203.2,203.2,1,bad-diameter
"ISCAR","EPNF080S25-3L/10C8F72 (1)","indexable_mill","end_mill",203.2,203.2,1,bad-diameter
"ISCAR","EPN-F12 10-25C10F72","indexable_mill","end_mill",254,254,1,bad-diameter
"ISCAR","EPN-F12 12-25C12F83","indexable_mill","end_mill",304.8,304.8,1,bad-diameter
"ISCAR","EPNC-C10 08-25C08F63","indexable_mill","end_mill",203.2,203.2,1,bad-diameter
"ISCAR","EPNC-C10 10-25C10F72","indexable_mill","end_mill",254,254,1,bad-diameter
"ISCAR","EPNC-C10 12-25C12F83","indexable_mill","end_mill",304.8,304.8,1,bad-diameter
"ISCAR","EPND-C8 04-16C04F60","indexable_mill","end_mill",101.6,101.6,1,bad-diameter
"ISCAR","EPND-C10 06-19C06F65","indexable_mill","end_mill",152.4,152.4,1,bad-diameter
"ISCAR","EPND-C10 08-25C08F63","indexable_mill","end_mill",203.2,203.2,1,bad-diameter
"ISCAR","EPND-C10 10-25C10F72","indexable_mill","end_mill",254,254,1,bad-diameter
"ISCAR","EPND-C10 12-25C12F83","indexable_mill","end_mill",304.8,304.8,1,bad-diameter
"ISCAR","EPX-F6 06-12C06F57","indexable_mill","end_mill",152.4,152.4,1,bad-diameter
"ISCAR","EPX-F6 08-16C08F63","indexable_mill","end_mill",203.2,203.2,1,bad-diameter
"ISCAR","EPX-F6 10-20C10F72","indexable_mill","end_mill",254,254,1,bad-diameter
"ISCAR","EPX-F8 12-24C12F83","indexable_mill","end_mill",304.8,304.8,1,bad-diameter
"ISCAR","EB-H3 06-12C06CFH57","indexable_mill","end_mill",152.4,152.4,1,bad-diameter
"ISCAR","EB-H3 08-16C08CFH63","indexable_mill","end_mill",203.2,203.2,1,bad-diameter
"ISCAR","EB-H3 10-20C10CFH72","indexable_mill","end_mill",254,254,1,bad-diameter
"ISCAR","EB-H3 12-24C12CFH83","indexable_mill","end_mill",304.8,304.8,1,bad-diameter
"ISCAR","EB-H5 16-32C16CFH92","indexable_mill","end_mill",406.4,406.4,1,bad-diameter
"ISCAR","EB-E4L 04-08/12C06CFH57","indexable_mill","end_mill",101.6,152.4,0.7,bad-diameter
"ISCAR","EB-E4L 05-10/15C06CFH57","indexable_mill","end_mill",127,152.4,0.8,bad-diameter
"ISCAR","EB-E4L 06-12/18C06CFH57","indexable_mill","end_mill",152.4,152.4,1,bad-diameter
"ISCAR","EB-E4L 08-16/24C08CFH63","indexable_mill","end_mill",203.2,203.2,1,bad-diameter
"ISCAR","EB-E4L 10-20/30C10CFH72","indexable_mill","end_mill",254,254,1,bad-diameter
"ISCAR","EB-E4L 12-24/36C12CFH83","indexable_mill","end_mill",304.8,304.8,1,bad-diameter
"ISCAR","EB-E4L 16-32/48C16CFH92","indexable_mill","end_mill",406.4,406.4,1,bad-diameter
"ISCAR","EB040A07-2C04","indexable_mill","end_mill",101.6,101.6,1,bad-diameter
"ISCAR","EB040A07-2C06","indexable_mill","end_mill",101.6,152.4,0.7,bad-diameter
"ISCAR","EB050A08-2C05","indexable_mill","end_mill",127,127,1,bad-diameter
"ISCAR","EB050A08-2C06","indexable_mill","end_mill",127,152.4,0.8,bad-diameter
"ISCAR","EB060A08-2C06","indexable_mill","end_mill",152.4,152.4,1,bad-diameter
"ISCAR","EB080A11-2C08","indexable_mill","end_mill",203.2,203.2,1,bad-diameter
"ISCAR","EB100A13-2C10","indexable_mill","end_mill",254,254,1,bad-diameter
"ISCAR","EB120A14-2C12","indexable_mill","end_mill",304.8,304.8,1,bad-diameter
"ISCAR","EB160A16-2C16","indexable_mill","end_mill",406.4,406.4,1,bad-diameter
"ISCAR","EB-A2 04-04/08C06H70","indexable_mill","end_mill",101.6,152.4,0.7,bad-diameter
"ISCAR","EB-A2 05-05/10C06H80","indexable_mill","end_mill",127,152.4,0.8,bad-diameter
"ISCAR","EB-A2 06-06/12C06H90","indexable_mill","end_mill",152.4,152.4,1,bad-diameter
"ISCAR","EB-A2 07-07/14C08H90","indexable_mill","end_mill",177.8,203.2,0.9,bad-diameter
"ISCAR","EB-A2 08-08/16C08H100","indexable_mill","end_mill",203.2,203.2,1,bad-diameter
"ISCAR","EB-A2 10-10/20C10H100","indexable_mill","end_mill",254,254,1,bad-diameter
"ISCAR","EB-A2 12-12/24C12H110","indexable_mill","end_mill",304.8,304.8,1,bad-diameter
"ISCAR","EB-A2 14-14/28C14H110","indexable_mill","end_mill",355.6,355.6,1,bad-diameter
"ISCAR","EB-A2 04-06C06E50","indexable_mill","end_mill",101.6,152.4,0.7,bad-diameter
"ISCAR","EB-A2 04-08W06E57","indexable_mill","end_mill",101.6,152.4,0.7,bad-diameter
"ISCAR","EB-A2 05-07C06E51","indexable_mill","end_mill",127,152.4,0.8,bad-diameter
"ISCAR","EB-A2 05-10W06E57","indexable_mill","end_mill",127,152.4,0.8,bad-diameter
"ISCAR","EB-A2 06-07C06E51","indexable_mill","end_mill",152.4,152.4,1,bad-diameter
"ISCAR","EB-A2 06-10W06E57","indexable_mill","end_mill",152.4,152.4,1,bad-diameter
"ISCAR","EB-A2 08-09C08E63","indexable_mill","end_mill",203.2,203.2,1,bad-diameter
"ISCAR","EB-A2 08-16W08E63","indexable_mill","end_mill",203.2,203.2,1,bad-diameter
"ISCAR","EB-A2 10-10C10E66","indexable_mill","end_mill",254,254,1,bad-diameter
"ISCAR","EB-A2 10-19W10E72","indexable_mill","end_mill",254,254,1,bad-diameter
"ISCAR","EB-A2 12-14C12E71","indexable_mill","end_mill",304.8,304.8,1,bad-diameter
"ISCAR","EB-A2 12-22W12E83","indexable_mill","end_mill",304.8,304.8,1,bad-diameter
"ISCAR","EB-A2 16-26W16E92","indexable_mill","end_mill",406.4,406.4,1,bad-diameter
"ISCAR","EB-A2 18-26W18E92","indexable_mill","end_mill",457.2,457.2,1,bad-diameter
"ISCAR","EB-A2 04-30C04E75","indexable_mill","end_mill",101.6,101.6,1,bad-diameter
"ISCAR","EB-A2 05-40C05E100","indexable_mill","end_mill",127,127,1,bad-diameter
"ISCAR","EB-A2 06-50C06E150","indexable_mill","end_mill",152.4,152.4,1,bad-diameter
"ISCAR","EB-A2 08-50C08E150","indexable_mill","end_mill",203.2,203.2,1,bad-diameter
"ISCAR","EB-A2 10-60C10E150","indexable_mill","end_mill",254,254,1,bad-diameter
"ISCAR","EB-A2 12-75C12E150","indexable_mill","end_mill",304.8,304.8,1,bad-diameter
"ISCAR","EB-A2 16-75C16E150","indexable_mill","end_mill",406.4,406.4,1,bad-diameter
"ISCAR","EB040A07-3C04","indexable_mill","end_mill",101.6,101.6,1,bad-diameter
"ISCAR","EB040A07-3C06","indexable_mill","end_mill",101.6,152.4,0.7,bad-diameter
"ISCAR","EB050A08-3C05","indexable_mill","end_mill",127,127,1,bad-diameter
"ISCAR","EB050A08-3C06","indexable_mill","end_mill",127,152.4,0.8,bad-diameter
"ISCAR","EB060A08-3C06","indexable_mill","end_mill",152.4,152.4,1,bad-diameter
"ISCAR","EB080A11-3C08","indexable_mill","end_mill",203.2,203.2,1,bad-diameter
"ISCAR","EB100A13-3C10","indexable_mill","end_mill",254,254,1,bad-diameter
"ISCAR","EB120A14-3C12","indexable_mill","end_mill",304.8,304.8,1,bad-diameter
"ISCAR","EB-A4 04-06C06E50","indexable_mill","end_mill",101.6,152.4,0.7,bad-diameter
"ISCAR","EB-A4 05-07C06E51","indexable_mill","end_mill",127,152.4,0.8,bad-diameter
"ISCAR","EB-A4 06-07C06E50","indexable_mill","end_mill",152.4,152.4,1,bad-diameter
"ISCAR","EB-A4 06-07C06E51","indexable_mill","end_mill",152.4,152.4,1,bad-diameter
"ISCAR","EB-A4 08-09C08E59","indexable_mill","end_mill",203.2,203.2,1,bad-diameter
"ISCAR","EB-A4 10-10C10E66","indexable_mill","end_mill",254,254,1,bad-diameter
"ISCAR","EB-A4 12-14C12E71","indexable_mill","end_mill",304.8,304.8,1,bad-diameter
"ISCAR","EB-A4 16-16C16E76","indexable_mill","end_mill",406.4,406.4,1,bad-diameter
"ISCAR","EB-A4 18-18C18E76","indexable_mill","end_mill",457.2,457.2,1,bad-diameter
"ISCAR","EB040A07-4C04","indexable_mill","end_mill",101.6,101.6,1,bad-diameter
"ISCAR","EB040A07-4C06","indexable_mill","end_mill",101.6,152.4,0.7,bad-diameter
"ISCAR","EB050A08-4C06","indexable_mill","end_mill",127,152.4,0.8,bad-diameter
"ISCAR","EB060A08-4C06","indexable_mill","end_mill",152.4,152.4,1,bad-diameter
"ISCAR","EB080A11-4C08","indexable_mill","end_mill",203.2,203.2,1,bad-diameter
"ISCAR","EB100A13-4C10","indexable_mill","end_mill",254,254,1,bad-diameter
"ISCAR","EB120A14-4C12","indexable_mill","end_mill",304.8,304.8,1,bad-diameter
"ISCAR","EB140A14-4C14","indexable_mill","end_mill",355.6,355.6,1,bad-diameter
"ISCAR","EB160A16-4C16","indexable_mill","end_mill",406.4,406.4,1,bad-diameter
"ISCAR","EB040A12-4C04","indexable_mill","end_mill",101.6,101.6,1,bad-diameter
"ISCAR","EB050A14-4C05","indexable_mill","end_mill",127,127,1,bad-diameter
"ISCAR","EB060A16-4C06","indexable_mill","end_mill",152.4,152.4,1,bad-diameter
"ISCAR","EB080A20-4C08","indexable_mill","end_mill",203.2,203.2,1,bad-diameter
"ISCAR","EB090A11-4C09","indexable_mill","end_mill",228.6,228.6,1,bad-diameter
"ISCAR","EB100A22-4C10","indexable_mill","end_mill",254,254,1,bad-diameter
"ISCAR","EB120A25-4C12","indexable_mill","end_mill",304.8,304.8,1,bad-diameter
"ISCAR","EB160A32-4C16","indexable_mill","end_mill",406.4,406.4,1,bad-diameter
"ISCAR","EBL040A12-4C04","indexable_mill","end_mill",101.6,101.6,1,bad-diameter
"ISCAR","EBL060A16-4C06","indexable_mill","end_mill",152.4,152.4,1,bad-diameter
"ISCAR","EBL070A16-4C07","indexable_mill","end_mill",177.8,177.8,1,bad-diameter
"ISCAR","EBL080A20-4C08","indexable_mill","end_mill",203.2,203.2,1,bad-diameter
"ISCAR","EBL090A20-4C09","indexable_mill","end_mill",228.6,228.6,1,bad-diameter
"ISCAR","EBL100A22-4C10","indexable_mill","end_mill",254,254,1,bad-diameter
"ISCAR","EBL120A25-4C12","indexable_mill","end_mill",304.8,304.8,1,bad-diameter
"ISCAR","EBL160A32-4C16","indexable_mill","end_mill",406.4,406.4,1,bad-diameter
"ISCAR","EB-A2 040-032/16C6H60","indexable_mill","end_mill",101.6,152.4,0.7,bad-diameter
"ISCAR","EB-A2 040-032/20C6H65","indexable_mill","end_mill",101.6,152.4,0.7,bad-diameter
"ISCAR","EB-A2 040-032/25C6H70","indexable_mill","end_mill",101.6,152.4,0.7,bad-diameter
"ISCAR","EB-A2 040-060/10C6M60","indexable_mill","end_mill",101.6,152.4,0.7,bad-diameter
"ISCAR","EB-A2 040-060/12C6M60","indexable_mill","end_mill",101.6,152.4,0.7,bad-diameter
"ISCAR","EB-A2 040-060/16C6M60","indexable_mill","end_mill",101.6,152.4,0.7,bad-diameter
"ISCAR","EB-A2 040-060/20C6M65","indexable_mill","end_mill",101.6,152.4,0.7,bad-diameter
"ISCAR","EB-A2 040-060/25C6M70","indexable_mill","end_mill",101.6,152.4,0.7,bad-diameter
"ISCAR","EB-A2 040-060/30C6M70","indexable_mill","end_mill",101.6,152.4,0.7,bad-diameter
"ISCAR","EB-A2 040-060/35C6M80","indexable_mill","end_mill",101.6,152.4,0.7,bad-diameter
"ISCAR","EB-A2 040-060/45C6M90","indexable_mill","end_mill",101.6,152.4,0.7,bad-diameter
"ISCAR","EB-A2 050-075/20C6M60","indexable_mill","end_mill",127,152.4,0.8,bad-diameter
"ISCAR","EB-A2 050-075/25C6M70","indexable_mill","end_mill",127,152.4,0.8,bad-diameter
"ISCAR","EB-A2 050-075/35C6M80","indexable_mill","end_mill",127,152.4,0.8,bad-diameter
"ISCAR","EB-A2 060-090/20C6M80","indexable_mill","end_mill",152.4,152.4,1,bad-diameter
"ISCAR","EB-A2 060-090/30C6M90","indexable_mill","end_mill",152.4,152.4,1,bad-diameter
"ISCAR","EB-A2 060-090/40C6M100","indexable_mill","end_mill",152.4,152.4,1,bad-diameter
"ISCAR","EB-A2 04-08C06M70","indexable_mill","end_mill",101.6,152.4,0.7,bad-diameter
"ISCAR","EB-A2 05-12C06M80","indexable_mill","end_mill",127,152.4,0.8,bad-diameter
"ISCAR","EB-A2 06-12/22C06M80","indexable_mill","end_mill",152.4,152.4,1,bad-diameter
"ISCAR","EB-A2 07-14C08M90","indexable_mill","end_mill",177.8,203.2,0.9,bad-diameter
"ISCAR","EB-A2 08-14/27C08M90","indexable_mill","end_mill",203.2,203.2,1,bad-diameter
"ISCAR","EB-A2 10-18/31C10M100","indexable_mill","end_mill",254,254,1,bad-diameter
"ISCAR","EB-A2 12-22/35C12M110","indexable_mill","end_mill",304.8,304.8,1,bad-diameter
"ISCAR","EB-A2 16-30/50C16M140","indexable_mill","end_mill",406.4,406.4,1,bad-diameter
"ISCAR","EB-A2 04-08C04M100","indexable_mill","end_mill",101.6,101.6,1,bad-diameter
"ISCAR","EB-A2 06-10C06M120","indexable_mill","end_mill",152.4,152.4,1,bad-diameter
"ISCAR","EB-A2 08-14C08M140","indexable_mill","end_mill",203.2,203.2,1,bad-diameter
"ISCAR","EB-A2 10-18C10M180","indexable_mill","end_mill",254,254,1,bad-diameter
"ISCAR","EB-A2 12-22C12M200","indexable_mill","end_mill",304.8,304.8,1,bad-diameter
"ISCAR","EB-A2 16-30C16M250","indexable_mill","end_mill",406.4,406.4,1,bad-diameter
"ISCAR","EB-A2 04-08/10/1.5C06M90","indexable_mill","end_mill",101.6,152.4,0.7,bad-diameter
"ISCAR","EB-A2 04-08/10/3.0C06M70","indexable_mill","end_mill",101.6,152.4,0.7,bad-diameter
"ISCAR","EB-A2 05-10/12/1.5C08M110","indexable_mill","end_mill",127,203.2,0.6,bad-diameter
"ISCAR","EB-A2 06-12/15/1.5C08M110","indexable_mill","end_mill",152.4,203.2,0.8,bad-diameter
"ISCAR","EB-A2 06-12/15/3.0C08M90","indexable_mill","end_mill",152.4,203.2,0.8,bad-diameter
"ISCAR","EB-A2 08-14/17/1.5C10M120","indexable_mill","end_mill",203.2,254,0.8,bad-diameter
"ISCAR","EB-A2 10-18/21/1.5C12M130","indexable_mill","end_mill",254,304.8,0.8,bad-diameter
"ISCAR","EB-A2 10-18/21/3.0C12M110","indexable_mill","end_mill",254,304.8,0.8,bad-diameter
"ISCAR","EB-A2 04-04/08C06M70","indexable_mill","end_mill",101.6,152.4,0.7,bad-diameter
"ISCAR","EB-A2 05-05/10C06M80","indexable_mill","end_mill",127,152.4,0.8,bad-diameter
"ISCAR","EB-A2 06-06/12C06M90","indexable_mill","end_mill",152.4,152.4,1,bad-diameter
"ISCAR","EB-A2 07-07/14C08M90","indexable_mill","end_mill",177.8,203.2,0.9,bad-diameter
"ISCAR","EB-A2 08-08/16C08M100","indexable_mill","end_mill",203.2,203.2,1,bad-diameter
"ISCAR","EB-A2 09-09/18C10M100","indexable_mill","end_mill",228.6,254,0.9,bad-diameter
"ISCAR","EB-A2 10-10/20C10M100","indexable_mill","end_mill",254,254,1,bad-diameter
"ISCAR","EB-A2 12-12/24C12M110","indexable_mill","end_mill",304.8,304.8,1,bad-diameter
"ISCAR","EB-A2 16-16/32C16M140","indexable_mill","end_mill",406.4,406.4,1,bad-diameter
"ISCAR","ESB-A2 04 03/30C06M80","indexable_mill","end_mill",101.6,152.4,0.7,bad-diameter
"ISCAR","ESB-A2 05 03/38C06M80","indexable_mill","end_mill",127,152.4,0.8,bad-diameter
"ISCAR","ESB-A2 06 04/28C06M100","indexable_mill","end_mill",152.4,152.4,1,bad-diameter
"ISCAR","ESB-A2 08 06/33C08M100","indexable_mill","end_mill",203.2,203.2,1,bad-diameter
"ISCAR","ESB-A2 10 07/40C10M100","indexable_mill","end_mill",254,254,1,bad-diameter
"ISCAR","ESB-A2 16 12/59C16M150","indexable_mill","end_mill",406.4,406.4,1,bad-diameter
"ISCAR","ESB-A4 05 3/38C06M80","indexable_mill","end_mill",127,152.4,0.8,bad-diameter
"ISCAR","ESB-A4 06 4/28C06M100","indexable_mill","end_mill",152.4,152.4,1,bad-diameter
"ISCAR","ESB-A4 08 6/33C08M100","indexable_mill","end_mill",203.2,203.2,1,bad-diameter
"ISCAR","ESB-A4 10 7/40C10M100","indexable_mill","end_mill",254,254,1,bad-diameter
"ISCAR","ESB-A4 12 9/49C12M100","indexable_mill","end_mill",304.8,304.8,1,bad-diameter
"ISCAR","ISCAR-101.6","indexable_mill","end_mill",101.6,101.6,1,bad-diameter
"ISCAR","ISCAR-127.0","indexable_mill","end_mill",127,127,1,bad-diameter
"ISCAR","ISCAR-152.4","indexable_mill","end_mill",152.4,152.4,1,bad-diameter
"ISCAR","ISCAR-203.2","indexable_mill","end_mill",203.2,203.2,1,bad-diameter
"ISCAR","ISCAR-254.0","indexable_mill","end_mill",254,254,1,bad-diameter
"ISCAR","ISCAR-304.8","indexable_mill","end_mill",304.8,304.8,1,bad-diameter
"ISCAR","R0.5D5.0C06-50","indexable_mill","end_mill",127,152.4,0.8,bad-diameter
"ISCAR","R.75D4.5C06-50","indexable_mill","end_mill",114.3,152.4,0.8,bad-diameter
"ISCAR","R1.0D4.0C06-50","indexable_mill","end_mill",101.6,152.4,0.7,bad-diameter
"ISCAR","R1.5D5.0C08-63","indexable_mill","end_mill",127,203.2,0.6,bad-diameter
"ISCAR","R2.0D6.0C10-66","indexable_mill","end_mill",152.4,254,0.6,bad-diameter
"ISCAR","R2.5D5.0C10-66","indexable_mill","end_mill",127,254,0.5,bad-diameter
"ISCAR","R3.0D6.0C12-73","indexable_mill","end_mill",152.4,304.8,0.5,bad-diameter
"ISCAR","SM-D4.0-23-6-1.50-13","indexable_mill","end_mill",101.6,38.1,2.7,bad-diameter
"ISCAR","D4.0-3.0-06-1.5-12-C","indexable_mill","end_mill",101.6,,,bad-diameter
"ISCAR","D4.0-5.1-06-1.5-12-C","indexable_mill","end_mill",101.6,,,bad-diameter
"ISCAR","D4.00-1.50-1.50-M","indexable_mill","end_mill",101.6,,,bad-diameter
"ISCAR","D4.00-07-1.50-R-LN16","indexable_mill","end_mill",101.6,,,bad-diameter
"ISCAR","D5.00-9-1.50-R-LN16","indexable_mill","end_mill",127,,,bad-diameter
"ISCAR","D6.00-10-2.00-R-LN16","indexable_mill","end_mill",152.4,,,bad-diameter
"ISCAR","RW D337A400-7-1.50-16","indexable_mill","end_mill",85.6,38.1,2.2,bad-diameter
"ISCAR","RW D321A400-6-1.50-20","indexable_mill","end_mill",81.53,38.1,2.1,bad-diameter
"ISCAR","RW D421A500-7-1.50-20","indexable_mill","end_mill",106.93,38.1,2.8,bad-diameter
"ISCAR","ISCAR-85.6","indexable_mill","end_mill",85.6,38.1,2.2,bad-diameter
"ISCAR","ISCAR-111.0","indexable_mill","end_mill",111,38.1,2.9,bad-diameter
"ISCAR","ISCAR-88.9","indexable_mill","end_mill",88.9,38.1,2.3,bad-diameter
"ISCAR","X4 ED20/.78-3-M10-04","indexable_mill","end_mill",496,,,bad-diameter
"ISCAR","X4 ED35/1.38-5-M16-04","indexable_mill","end_mill",87,,,bad-diameter
"ISCAR","X4 ED42/1.65-6-M16-04","indexable_mill","end_mill",362,,,bad-diameter
"ISCAR","X4 FD4.00-8-1.50-08","indexable_mill","end_mill",86,,,bad-diameter
"ISCAR","X4 FD5.00-10-1.50-08","indexable_mill","end_mill",111.4,,,bad-diameter
"ISCAR","FQ4 D5.0-10-1.50-12","indexable_mill","end_mill",104.39,38.1,2.7,bad-diameter
"ISCAR","FQ4 D5.00-08-1.50-17","indexable_mill","end_mill",97.79,38.1,2.6,bad-diameter
"ISCAR","FQ4 D6.00-10-2.00-17 (1)","indexable_mill","end_mill",123.19,50.8,2.4,bad-diameter
"ISCAR","F FWX D4.00-08-1.50-07","indexable_mill","end_mill",88.59,,,bad-diameter
"ISCAR","F FWX D4.00-07-1.50-08","indexable_mill","end_mill",85.6,,,bad-diameter
"ISCAR","F FWX D5.00-09-1.50-08","indexable_mill","end_mill",111,,,bad-diameter
"ISCAR","F FWX D6.00-10-2.00-08 (1)","indexable_mill","end_mill",136.4,,,bad-diameter
"ISCAR","MF FWX D4.00-08-1.50-07","indexable_mill","end_mill",89.41,38.1,2.3,bad-diameter
"ISCAR","MF FWX D4.00-07-1.50-08","indexable_mill","end_mill",86.31,38.1,2.3,bad-diameter
"ISCAR","MF FWX D5.00-09-1.50-08","indexable_mill","end_mill",111.71,38.1,2.9,bad-diameter
"ISCAR","F FHX D4.00-09-1.50-R06","indexable_mill","end_mill",91.95,,,bad-diameter
"ISCAR","F FHX D5.00-11-1.50-R06","indexable_mill","end_mill",117.35,,,bad-diameter
"ISCAR","F FHX D6.00-13-2.00-R06","indexable_mill","end_mill",142.75,,,bad-diameter
"ISCAR","V D4.0-08-1.5-R-VN07","indexable_mill","end_mill",86,38.1,2.3,bad-diameter
"ISCAR","W D4.00-1.50-09-C","indexable_mill","end_mill",80.77,38.1,2.1,bad-diameter
"ISCAR","DN D100-03-27-LN08","indexable_mill","end_mill",100,27,3.7,bad-diameter
"ISCAR","DN D100-04-27-LN08","indexable_mill","end_mill",100,27,3.7,bad-diameter
"ISCAR","DN D100-05-27-LN08","indexable_mill","end_mill",100,27,3.7,bad-diameter
"ISCAR","DN D100-06-27-LN08","indexable_mill","end_mill",100,27,3.7,bad-diameter
"ISCAR","DN D4.0-0.281-08-LN12 (1)","indexable_mill","end_mill",101.6,25.4,4,bad-diameter
"ISCAR","DN D4.0-0.375-08-LN12 (2)","indexable_mill","end_mill",101.6,25.4,4,bad-diameter
"ISCAR","DN D5.0-0.281-10-LN12 (1)","indexable_mill","end_mill",127,31.75,4,bad-diameter
"ISCAR","DN D5.0-0.375-10-LN12 (2)","indexable_mill","end_mill",127,31.75,4,bad-diameter
"ISCAR","DN D6.0-0.375-12-LN12 (2)","indexable_mill","end_mill",152.4,38.1,4,bad-diameter
"ISCAR","D4.0-0.31-08-R06","indexable_mill","end_mill",101.6,,,bad-diameter
"ISCAR","D4.0-0.38-08-R06","indexable_mill","end_mill",101.6,,,bad-diameter
"ISCAR","D4.0-0.50-08-R10","indexable_mill","end_mill",101.6,,,bad-diameter
"ISCAR","D5.0-0.62-10-R10","indexable_mill","end_mill",127,,,bad-diameter
"ISCAR","D6.0-0.50-12-R10","indexable_mill","end_mill",152.4,,,bad-diameter
"ISCAR","D6.0-0.50-12-R12","indexable_mill","end_mill",152.4,,,bad-diameter
"ISCAR","D6.0-0.75-12-R12","indexable_mill","end_mill",152.4,,,bad-diameter
"ISCAR","D8.0-0.75-16-R12","indexable_mill","end_mill",203.2,,,bad-diameter
"ISCAR","FDN D100-0608-27R-CALN12 (1)","indexable_mill","end_mill",100,27,3.7,bad-diameter
"ISCAR","FDN D100-0810-27R-CALN12 (2)","indexable_mill","end_mill",100,27,3.7,bad-diameter
"ISCAR","FDN D100-1014-27R-CALN12 (3)","indexable_mill","end_mill",100,27,3.7,bad-diameter
"ISCAR","FDN D125-0608-32R-CALN12 (1)","indexable_mill","end_mill",125,32,3.9,bad-diameter
"ISCAR","FDN D125-0810-32R-CALN12 (2)","indexable_mill","end_mill",125,32,3.9,bad-diameter
"ISCAR","FDN D160-0608-40R-CALN12 (1)","indexable_mill","end_mill",160,40,4,bad-diameter
"ISCAR","FDN D160-0810-40R-CALN12 (2)","indexable_mill","end_mill",160,40,4,bad-diameter
"ISCAR","FDN D160-1014-40R-CALN12 (3)","indexable_mill","end_mill",160,40,4,bad-diameter
"ISCAR","DN D100-0608-27R-CALN12(1)","indexable_mill","end_mill",100,27,3.7,bad-diameter
"ISCAR","DN D100-0810-27R-CALN12(2)","indexable_mill","end_mill",100,27,3.7,bad-diameter
"ISCAR","DN D100-1014-27R-CALN12(3)","indexable_mill","end_mill",100,27,3.7,bad-diameter
"ISCAR","DN D125-0608-32R-CALN12(1)","indexable_mill","end_mill",125,32,3.9,bad-diameter
"ISCAR","DN D125-0810-32R-CALN12(2)","indexable_mill","end_mill",125,32,3.9,bad-diameter
"ISCAR","DN D160-0608-40R-CALN12(1)","indexable_mill","end_mill",160,40,4,bad-diameter
"ISCAR","DN D160-0810-40R-CALN12(2)","indexable_mill","end_mill",160,40,4,bad-diameter
"ISCAR","DN D160-1014-40R-CALN12(3)","indexable_mill","end_mill",160,40,4,bad-diameter
"ISCAR","D100-1419-27R-CALN11","indexable_mill","end_mill",100,27,3.7,bad-diameter
"ISCAR","D125-1419-32R-CALN11","indexable_mill","end_mill",125,32,3.9,bad-diameter
"ISCAR","D160-1419-40R-CALN11","indexable_mill","end_mill",160,40,4,bad-diameter
"ISCAR","D200-1419-40R-CALN11","indexable_mill","end_mill",200,40,5,bad-diameter
"ISCAR","D250-1419-60R-CALN11","indexable_mill","end_mill",250,60,4.2,bad-diameter
"ISCAR","DN D4.0-0.39-08-XN09","indexable_mill","end_mill",101.6,,,bad-diameter
"ISCAR","DN D4.0-0.50-08-XN09","indexable_mill","end_mill",101.6,,,bad-diameter
"ISCAR","DN D5.0-0.39-10-XN09","indexable_mill","end_mill",127,,,bad-diameter
"ISCAR","DN D5.0-0.50-10-XN09","indexable_mill","end_mill",127,,,bad-diameter
"ISCAR","DN D6.0-0.39-12-XN09","indexable_mill","end_mill",152.4,,,bad-diameter
"ISCAR","DN D6.0-0.50-12-XN09","indexable_mill","end_mill",152.4,,,bad-diameter
"ISCAR","DN D4.0-0.281-10-LN12(1)","indexable_mill","end_mill",101.6,31.75,3.2,bad-diameter
"ISCAR","DN D4.0-0.375-10-LN12(2)","indexable_mill","end_mill",101.6,31.75,3.2,bad-diameter
"ISCAR","DN D5.0-0.375-12-LN12(2)","indexable_mill","end_mill",127,38.1,3.3,bad-diameter
"ISCAR","DN D6.0-0.375-12-LN12(2)","indexable_mill","end_mill",152.4,38.1,4,bad-diameter
"ISCAR","DN D8.0-0.375-16-LN12(2)","indexable_mill","end_mill",203.2,50.8,4,bad-diameter
"ISCAR","N D100-0608-27-CALN12(1)","indexable_mill","end_mill",100,27,3.7,bad-diameter
"ISCAR","N D100-0810-27-CALN12(2)","indexable_mill","end_mill",100,27,3.7,bad-diameter
"ISCAR","N D100-1014-27-CALN12(3)","indexable_mill","end_mill",100,27,3.7,bad-diameter
"ISCAR","N D125-0608-40-CALN12(1)","indexable_mill","end_mill",125,40,3.1,bad-diameter
"ISCAR","N D125-0810-40-CALN12(2)","indexable_mill","end_mill",125,40,3.1,bad-diameter
"ISCAR","N D125-1014-40-CALN12(3)","indexable_mill","end_mill",125,40,3.1,bad-diameter
"ISCAR","N D160-0608-40-CALN12(1)","indexable_mill","end_mill",160,40,4,bad-diameter
"ISCAR","N D160-0810-40-CALN12(2)","indexable_mill","end_mill",160,40,4,bad-diameter
"ISCAR","N D160-1014-40-CALN12(3)","indexable_mill","end_mill",160,40,4,bad-diameter
"ISCAR","N D200-0608-50-CALN12(1)","indexable_mill","end_mill",200,50,4,bad-diameter
"ISCAR","N D200-0810-50-CALN12(2)","indexable_mill","end_mill",200,50,4,bad-diameter
"ISCAR","DN D4.0-.275-10-XN06","indexable_mill","end_mill",101.6,31.75,3.2,bad-diameter
"ISCAR","DN D5.0-.275-12-XN06","indexable_mill","end_mill",127,38.1,3.3,bad-diameter
"ISCAR","D5-.68-.9-12-CALN13","indexable_mill","end_mill",127.99,,,bad-diameter
"ISCAR","D6-.68-.9-12-CALN13","indexable_mill","end_mill",153.39,,,bad-diameter
"ISCAR","D8-.68-.9-16-CALN13","indexable_mill","end_mill",204.19,,,bad-diameter
"ISCAR","ISCAR-125.0","indexable_mill","end_mill",125,40,3.1,bad-diameter
"ISCAR","ISCAR-160.0","indexable_mill","end_mill",160,40,4,bad-diameter
"ISCAR","ISCAR-200.0","indexable_mill","end_mill",200,50,4,bad-diameter
"ISCAR","ISCAR-250.0","indexable_mill","end_mill",250,60,4.2,bad-diameter
"ISCAR","B D100-12-32-R/L10","indexable_mill","end_mill",100,32,3.1,bad-diameter
"ISCAR","B D125-12-40-R/L10","indexable_mill","end_mill",125,40,3.1,bad-diameter
"ISCAR","B D160-16-40-R10","indexable_mill","end_mill",160,40,4,bad-diameter
"ISCAR","GSF 80-3-22K-JHP","indexable_mill","end_mill",80.01,22,3.6,bad-diameter
"ISCAR","GSF 100-3-22K-JHP","indexable_mill","end_mill",100,22,4.5,bad-diameter
"ISCAR","GSF 125-3-32K-JHP","indexable_mill","end_mill",124.99,32,3.9,bad-diameter
"ISCAR","GSF 80-4-22K-JHP","indexable_mill","end_mill",80.01,22,3.6,bad-diameter
"ISCAR","GSF 100-4-22K-JHP","indexable_mill","end_mill",100,22,4.5,bad-diameter
"ISCAR","GSF 125-4-32K-JHP","indexable_mill","end_mill",124.99,32,3.9,bad-diameter
"ISCAR","SGSF 100-1.4-1.000A","indexable_mill","end_mill",100.08,25.4,3.9,bad-diameter
"ISCAR","SGSF 100-1.6-1.000A","indexable_mill","end_mill",100.08,25.4,3.9,bad-diameter
"ISCAR","SGSF 125-1.6-1.250A","indexable_mill","end_mill",124.97,31.75,3.9,bad-diameter
"ISCAR","SGSF 80-2-1.000KR (1)","indexable_mill","end_mill",80.01,25.4,3.2,bad-diameter
"ISCAR","SGSF 100-2-1.000A (1)","indexable_mill","end_mill",100.08,25.4,3.9,bad-diameter
"ISCAR","SGSF 100-2-1.000KR (1)","indexable_mill","end_mill",100.08,25.4,3.9,bad-diameter
"ISCAR","SGSF 125-2-1.250A (1)","indexable_mill","end_mill",124.97,31.75,3.9,bad-diameter
"ISCAR","SGSF 125-2-1.250KR (1)","indexable_mill","end_mill",124.97,31.75,3.9,bad-diameter
"ISCAR","SGSF 80-2.4-1.000A","indexable_mill","end_mill",80.01,25.4,3.2,bad-diameter
"ISCAR","SGSF 100-2.4-1.000K","indexable_mill","end_mill",100.08,25.4,3.9,bad-diameter
"ISCAR","SGSF 125-2.4-1.250K","indexable_mill","end_mill",124.97,31.75,3.9,bad-diameter
"ISCAR","SGSF 160-2.4-1.250K","indexable_mill","end_mill",160.02,31.75,5,bad-diameter
"ISCAR","SGSF 80-3-1.00K","indexable_mill","end_mill",80.01,25.4,3.2,bad-diameter
"ISCAR","SGSF 100-3-1.000K","indexable_mill","end_mill",100.08,25.4,3.9,bad-diameter
"ISCAR","SGSF 125-3-1.250K","indexable_mill","end_mill",124.97,31.75,3.9,bad-diameter
"ISCAR","SGSF 160-3-1.250K","indexable_mill","end_mill",160.02,31.75,5,bad-diameter
"ISCAR","SGSF 160-3-1.500K","indexable_mill","end_mill",160.02,38.1,4.2,bad-diameter
"ISCAR","SGSF 200-3-1.500K","indexable_mill","end_mill",199.9,38.1,5.2,bad-diameter
"ISCAR","SGSF 250-3-1.500K","indexable_mill","end_mill",249.94,38.1,6.6,bad-diameter
"ISCAR","SGSF 80-4-1.00K","indexable_mill","end_mill",80.01,25.4,3.2,bad-diameter
"ISCAR","SGSF 100-4-1.00K","indexable_mill","end_mill",100.08,25.4,3.9,bad-diameter
"ISCAR","SGSF 125-4-1.250K","indexable_mill","end_mill",124.97,31.75,3.9,bad-diameter
"ISCAR","SGSF 160-4-1.500K","indexable_mill","end_mill",160.02,38.1,4.2,bad-diameter
"ISCAR","SGSF 200-4-1.500K","indexable_mill","end_mill",199.9,38.1,5.2,bad-diameter
"ISCAR","SGSF 80-5-1.000K","indexable_mill","end_mill",80.01,25.4,3.2,bad-diameter
"ISCAR","SGSF 100-5-1.000K","indexable_mill","end_mill",100.08,25.4,3.9,bad-diameter
"ISCAR","SGSF 125-5-1.250K","indexable_mill","end_mill",124.97,31.75,3.9,bad-diameter
"ISCAR","SGSF 160-5-1.500K","indexable_mill","end_mill",160.02,38.1,4.2,bad-diameter
"ISCAR","SGSF 200-5-1.500K","indexable_mill","end_mill",199.9,38.1,5.2,bad-diameter
"ISCAR","SGSF 250-5-1.500K","indexable_mill","end_mill",249.94,38.1,6.6,bad-diameter
"ISCAR","SGSF 125-6-1.250K","indexable_mill","end_mill",124.97,31.75,3.9,bad-diameter
"ISCAR","SGSF 160-6-1.500K","indexable_mill","end_mill",160.02,38.1,4.2,bad-diameter
"ISCAR","SGSF 200-6-1.500K","indexable_mill","end_mill",199.9,38.1,5.2,bad-diameter
"ISCAR","SGSA 80-3-1.00K-10Z-FP","indexable_mill","end_mill",80.01,25.4,3.2,bad-diameter
"ISCAR","SGSA 100-3-1.00K-12Z-FP","indexable_mill","end_mill",100.08,25.4,3.9,bad-diameter
"ISCAR","SGSA 125-3-1.25K-16Z-FP","indexable_mill","end_mill",124.97,31.75,3.9,bad-diameter
"ISCAR","SGSA 80-4-1.00K-10Z-FP","indexable_mill","end_mill",80.01,25.4,3.2,bad-diameter
"ISCAR","SGSA 100-4-1.00K-12Z-FP","indexable_mill","end_mill",100.08,25.4,3.9,bad-diameter
"ISCAR","GM D100-3DG-1.000K (1)","indexable_mill","end_mill",100.08,25.4,3.9,bad-diameter
"ISCAR","GM D125-3DG-1.250K","indexable_mill","end_mill",124.97,31.75,3.9,bad-diameter
"ISCAR","GM D100-4DG-1.000K (2)","indexable_mill","end_mill",100.08,25.4,3.9,bad-diameter
"ISCAR","GM D125-4DG-1.250K","indexable_mill","end_mill",124.97,31.75,3.9,bad-diameter
"ISCAR","GM D160-4DG-1.500K","indexable_mill","end_mill",160.02,38.1,4.2,bad-diameter
"ISCAR","GM D200-4DG-1.500K","indexable_mill","end_mill",199.9,38.1,5.2,bad-diameter
"ISCAR","MTECH 0604C9 0.8ISO","indexable_mill","end_mill",101.6,,,bad-diameter
"ISCAR","MTECH 08048D10 1.0ISO","indexable_mill","end_mill",121.92,,,bad-diameter
"ISCAR","MTECH 0806D14 1.25ISO","indexable_mill","end_mill",152.4,,,bad-diameter
"ISCAR","MTECH 12095D20 1.75ISO 92","indexable_mill","end_mill",241.3,,,bad-diameter
"ISCAR","F D3.94-8-1.25-30 (1)","indexable_mill","end_mill",100.08,31.75,3.2,bad-diameter
"ISCAR","F D4.00-4-1.25-30","indexable_mill","end_mill",101.6,31.75,3.2,bad-diameter
"ISCAR","F D4.00-8-1.25-30","indexable_mill","end_mill",101.6,31.75,3.2,bad-diameter
"ISCAR","F D3.15-4-1.00-40","indexable_mill","end_mill",80.01,25.4,3.2,bad-diameter
"ISCAR","F D4.00-4-1.25-40","indexable_mill","end_mill",101.6,31.75,3.2,bad-diameter
"Korloy","080-KH","indexable_mill","milling",82.44,,,bad-diameter
"Korloy","100-KH","indexable_mill","milling",102.66,,,bad-diameter
"Korloy","120-KH","indexable_mill","milling",12366,,,bad-diameter
"Korloy","130-KH","indexable_mill","milling",1336.56,,,bad-diameter
"Korloy","160-KH","indexable_mill","milling",16488,,,bad-diameter
"Korloy","170-KH","indexable_mill","milling",1748.58,,,bad-diameter
"Korloy","200-KH","indexable_mill","milling",2051010,,,bad-diameter
"Korloy","210-KH","indexable_mill","milling",21510.51,,,bad-diameter
"Korloy","250-KH","indexable_mill","milling",25612.51,,,bad-diameter
"Korloy","260-KH","indexable_mill","milling",2661313,,,bad-diameter
"Korloy","300-KH","indexable_mill","milling",3071515,,,bad-diameter
"Korloy","320-KH","indexable_mill","milling",3271616,,,bad-diameter
"Korloy","330-KH","indexable_mill","milling",33716.52,,,bad-diameter
"Korloy","KORLOY-milling-82.444","indexable_mill","milling",82.44,,,bad-diameter
"Korloy","KORLOY-milling-92.44","indexable_mill","milling",92.44,,,bad-diameter
"Korloy","KORLOY-milling-102.655","indexable_mill","milling",102.66,,,bad-diameter
"Korloy","KORLOY-milling-112.65","indexable_mill","milling",112.65,,,bad-diameter
"Korloy","KORLOY-milling-12366.0","indexable_mill","milling",12366,,,bad-diameter
"Korloy","KORLOY-milling-1336.56","indexable_mill","milling",1336.56,,,bad-diameter
"Korloy","KORLOY-milling-16488.0","indexable_mill","milling",16488,,,bad-diameter
"Korloy","KORLOY-milling-1748.58","indexable_mill","milling",1748.58,,,bad-diameter
"Korloy","KORLOY-milling-2051010.0","indexable_mill","milling",2051010,,,bad-diameter
"Korloy","KORLOY-milling-21510.51","indexable_mill","milling",21510.51,,,bad-diameter
"Korloy","KORLOY-milling-25612.512","indexable_mill","milling",25612.51,,,bad-diameter
"Korloy","KORLOY-milling-2661313.0","indexable_mill","milling",2661313,,,bad-diameter
"Korloy","KORLOY-milling-3071515.0","indexable_mill","milling",3071515,,,bad-diameter
"Korloy","KORLOY-milling-31715.515","indexable_mill","milling",31715.51,,,bad-diameter
"Korloy","KORLOY-milling-3271616.0","indexable_mill","milling",3271616,,,bad-diameter
"Korloy","160-D90","indexable_mill","milling",164,,,bad-diameter
"Korloy","200-D90","indexable_mill","milling",205,,,bad-diameter
"Korloy","250-D90","indexable_mill","milling",256,,,bad-diameter
"Korloy","KORLOY-milling-102.6","indexable_mill","milling",102.6,,,bad-diameter
"Korloy","KORLOY-milling-123.0","indexable_mill","milling",123,,,bad-diameter
"Korloy","KORLOY-milling-164.0","indexable_mill","milling",164,,,bad-diameter
"Korloy","KORLOY-milling-205.0","indexable_mill","milling",205,,,bad-diameter
"Korloy","KORLOY-milling-256.0","indexable_mill","milling",256,,,bad-diameter
"Korloy","KORLOY-milling-307.0","indexable_mill","milling",307,,,bad-diameter
"Korloy","KORLOY-milling-327.0","indexable_mill","milling",327,,,bad-diameter
"Korloy","100-R05","indexable_mill","milling",102.6,,,bad-diameter
"Korloy","100-R10","indexable_mill","milling",102.61,,,bad-diameter
"Korloy","100-R20","indexable_mill","milling",102.62,,,bad-diameter
"Korloy","110-R05","indexable_mill","milling",112.6,,,bad-diameter
"Korloy","120-R05","indexable_mill","milling",1230.54,,,bad-diameter
"Korloy","120-R10","indexable_mill","milling",12314,,,bad-diameter
"Korloy","120-R20","indexable_mill","milling",12324,,,bad-diameter
"Korloy","130-R05","indexable_mill","milling",1330.54,,,bad-diameter
"Korloy","130-R10","indexable_mill","milling",13314,,,bad-diameter
"Korloy","160-R05","indexable_mill","milling",1640.55,,,bad-diameter
"Korloy","160-R10","indexable_mill","milling",16415,,,bad-diameter
"Korloy","160-R20","indexable_mill","milling",16425,,,bad-diameter
"Korloy","160-R30","indexable_mill","milling",16435,,,bad-diameter
"Korloy","170-R05","indexable_mill","milling",1740.55,,,bad-diameter
"Korloy","170-R10","indexable_mill","milling",17415,,,bad-diameter
"Korloy","200-R05","indexable_mill","milling",2050.57,,,bad-diameter
"Korloy","200-R10","indexable_mill","milling",20517,,,bad-diameter
"Korloy","200-R20","indexable_mill","milling",20527,,,bad-diameter
"Korloy","200-R30","indexable_mill","milling",20537,,,bad-diameter
"Korloy","210-R05","indexable_mill","milling",2150.57,,,bad-diameter
"Korloy","KORLOY-milling-100.0","indexable_mill","milling",100,31.75,3.1,bad-diameter
"Korloy","KORLOY-milling-125.0","indexable_mill","milling",125,38.1,3.3,bad-diameter
"Korloy","KORLOY-milling-160.0","indexable_mill","milling",160,50.8,3.1,bad-diameter
"Korloy","KORLOY-milling-200.0","indexable_mill","milling",200,47.62,4.2,bad-diameter
"Korloy","KORLOY-milling-250.0","indexable_mill","milling",250,47.62,5.2,bad-diameter
"Korloy","KORLOY-milling-315.0","indexable_mill","milling",315,47.62,6.6,bad-diameter
"Korloy","KORLOY-milling-1001.0","indexable_mill","milling",1001,,,bad-diameter
"Korloy","KORLOY-milling-1251.0","indexable_mill","milling",1251,,,bad-diameter
"Korloy","KORLOY-milling-1601.0","indexable_mill","milling",1601,,,bad-diameter
"Korloy","KORLOY-milling-2002.0","indexable_mill","milling",2002,,,bad-diameter
"Korloy","KORLOY-milling-2502.0","indexable_mill","milling",2502,,,bad-diameter
"Korloy","B310015R","indexable_mill","milling",100,31.75,3.1,bad-diameter
"Korloy","B310017R","indexable_mill","milling",100,31.75,3.1,bad-diameter
"Korloy","B312515R","indexable_mill","milling",125,38.1,3.3,bad-diameter
"Korloy","B312517R","indexable_mill","milling",125,38.1,3.3,bad-diameter
"Korloy","B316015R","indexable_mill","milling",160,38.1,4.2,bad-diameter
"Korloy","B316017R","indexable_mill","milling",160,38.1,4.2,bad-diameter
"Korloy","KORLOY-milling-400.0","indexable_mill","milling",400,47.62,8.4,bad-diameter
"Korloy","RMH8EC(RMH8ECM)","indexable_mill","milling",808,25.4,31.8,bad-diameter
"Korloy","KORLOY-milling-3153.0","indexable_mill","milling",3153,47.62,66.2,bad-diameter
"Korloy","KORLOY-milling-4004.0","indexable_mill","milling",4004,47.62,84.1,bad-diameter
"Korloy","RM16ACM","indexable_mill","milling",637,22,29,bad-diameter
"Korloy","RM16AC(RM16ACM)","indexable_mill","milling",808,25.4,31.8,bad-diameter
"Korloy","KORLOY-milling-90.4","indexable_mill","milling",90.4,32,2.8,bad-diameter
"Korloy","KORLOY-milling-115.4","indexable_mill","milling",115.4,40,2.9,bad-diameter
"Korloy","KORLOY-milling-96.0","indexable_mill","milling",96,75,1.3,bad-diameter
"Korloy","KORLOY-milling-90.0","indexable_mill","milling",90,31.75,2.8,bad-diameter
"Korloy","KORLOY-milling-88.0","indexable_mill","milling",88,31.75,2.8,bad-diameter
"Korloy","KORLOY-milling-113.0","indexable_mill","milling",113,38.1,3,bad-diameter
"Korloy","KORLOY-milling-84.0","indexable_mill","milling",84,31.75,2.6,bad-diameter
"Korloy","KORLOY-milling-109.0","indexable_mill","milling",109,38.1,2.9,bad-diameter
"Korloy","KORLOY-milling-144.0","indexable_mill","milling",144,50.8,2.8,bad-diameter
"Korloy","KORLOY-milling-105.0","indexable_mill","milling",105,38.1,2.8,bad-diameter
"Korloy","KORLOY-milling-140.0","indexable_mill","milling",140,50.8,2.8,bad-diameter
"Korloy","KORLOY-milling-180.0","indexable_mill","milling",180,47.62,3.8,bad-diameter
"Korloy","KORLOY-milling-230.0","indexable_mill","milling",230,47.62,4.8,bad-diameter
"Korloy","KORLOY-milling-89.0","indexable_mill","milling",89,32,2.8,bad-diameter
"Korloy","KORLOY-milling-90.1","indexable_mill","milling",90.1,32,2.8,bad-diameter
"Korloy","KORLOY-milling-89.96","indexable_mill","milling",89.96,31.75,2.8,bad-diameter
"Korloy","KORLOY-milling-111.95","indexable_mill","milling",111.95,38.1,2.9,bad-diameter
"Korloy","KORLOY-milling-83.4","indexable_mill","milling",83.4,31.75,2.6,bad-diameter
"Korloy","KORLOY-milling-108.4","indexable_mill","milling",108.4,38.1,2.8,bad-diameter
"Korloy","KORLOY-milling-143.4","indexable_mill","milling",143.4,50.8,2.8,bad-diameter
"Korloy","KORLOY-milling-183.38","indexable_mill","milling",183.38,47.62,3.9,bad-diameter
"Korloy","KORLOY-milling-233.4","indexable_mill","milling",233.4,47.62,4.9,bad-diameter
"Korloy","KORLOY-milling-298.39","indexable_mill","milling",298.39,47.62,6.3,bad-diameter
"Korloy","KORLOY-milling-85.14","indexable_mill","milling",85.14,,,bad-diameter
"Korloy","KORLOY-milling-110.13","indexable_mill","milling",110.13,,,bad-diameter
"Korloy","KORLOY-milling-145.12","indexable_mill","milling",145.12,,,bad-diameter
"Korloy","AM2100039-6","indexable_mill","milling",100,,,bad-diameter
"Korloy","AM3100071-6","indexable_mill","milling",100,,,bad-diameter
"Korloy","AM4100076-6","indexable_mill","milling",100,,,bad-diameter
"Korloy","1251214R/L","indexable_mill","milling",125,38.1,3.3,bad-diameter
"Korloy","2001214R/L","indexable_mill","milling",200,50.8,3.9,bad-diameter
"Korloy","3151214R/L","indexable_mill","milling",315,47.62,6.6,bad-diameter
"Korloy","1251416R/L","indexable_mill","milling",125,38.1,3.3,bad-diameter
"Korloy","2001416R/L","indexable_mill","milling",200,50.8,3.9,bad-diameter
"Korloy","3151416R/L","indexable_mill","milling",315,47.62,6.6,bad-diameter
"Korloy","1601618R/L","indexable_mill","milling",160,38.1,4.2,bad-diameter
"Korloy","2501618R/L","indexable_mill","milling",250,47.62,5.2,bad-diameter
"Korloy","RAFCB 1251820R/L(M) 1601820R/L2001820R/L2501820R/L3151820R/L","indexable_mill","milling",125,38.1,3.3,bad-diameter
"Korloy","2001820R/L","indexable_mill","milling",200,50.8,3.9,bad-diameter
"Korloy","3151820R/L","indexable_mill","milling",315,47.62,6.6,bad-diameter
"Korloy","1602022R/L","indexable_mill","milling",160,38.1,4.2,bad-diameter
"Korloy","2502022R/L","indexable_mill","milling",250,47.62,5.2,bad-diameter
"Korloy","RAFCB 1252224R/L(M) 1602224R/L2002224R/L2502224R/L3152224R/L","indexable_mill","milling",125,38.1,3.3,bad-diameter
"Korloy","2002224R/L","indexable_mill","milling",200,50.8,3.9,bad-diameter
"Korloy","3152224R/L","indexable_mill","milling",315,47.62,6.6,bad-diameter
"Korloy","2512R/L","indexable_mill","milling",125,38.1,3.3,bad-diameter
"Korloy","0012R/L","indexable_mill","milling",200,50.8,3.9,bad-diameter
"Korloy","1512R/L","indexable_mill","milling",315,47.62,6.6,bad-diameter
"Korloy","2514R/L","indexable_mill","milling",125,38.1,3.3,bad-diameter
"Korloy","0014R/L","indexable_mill","milling",200,50.8,3.9,bad-diameter
"Korloy","1514R/L","indexable_mill","milling",315,47.62,6.6,bad-diameter
"Korloy","6016R/L","indexable_mill","milling",160,38.1,4.2,bad-diameter
"Korloy","5016R/L","indexable_mill","milling",250,47.62,5.2,bad-diameter
"Korloy","RAHCB 12518R/L(M) 16018R/L20018R/L25018R/L31518R/L","indexable_mill","milling",125,38.1,3.3,bad-diameter
"Korloy","0018R/L","indexable_mill","milling",200,50.8,3.9,bad-diameter
"Korloy","1518R/L","indexable_mill","milling",315,47.62,6.6,bad-diameter
"Korloy","6020R/L","indexable_mill","milling",160,38.1,4.2,bad-diameter
"Korloy","5020R/L","indexable_mill","milling",250,47.62,5.2,bad-diameter
"Korloy","RAHCB 12522R/L(M) 16022R/L20022R/L25022R/L31522R/L","indexable_mill","milling",125,38.1,3.3,bad-diameter
"Korloy","0022R/L","indexable_mill","milling",200,50.8,3.9,bad-diameter
"Korloy","1522R/L","indexable_mill","milling",315,47.62,6.6,bad-diameter
"Korloy","DF22-46","indexable_mill","milling",46322251024.16,,,bad-diameter
"Korloy","DF32-55","indexable_mill","milling",55453261034.88,,,bad-diameter
"Korloy","DF40-80","indexable_mill","milling",806340111243.51,,,bad-diameter
"Korloy","DF50-110","indexable_mill","milling",1108050141453.61,,,bad-diameter
"Korloy","KORLOY-milling-500.0","indexable_mill","milling",500,100,5,bad-diameter
"Korloy","KORLOY-milling-450.0","indexable_mill","milling",450,100,4.5,bad-diameter
"Korloy","KORLOY-milling-560.0","indexable_mill","milling",560,120,4.7,bad-diameter
"Korloy","KORLOY-milling-210.0","indexable_mill","milling",210,,,bad-diameter
"Korloy","KORLOY-milling-240.0","indexable_mill","milling",240,,,bad-diameter
"Korloy","KORLOY-milling-270.0","indexable_mill","milling",270,,,bad-diameter
"Korloy","KORLOY-milling-350.0","indexable_mill","milling",350,,,bad-diameter
"Korloy","TMSR 12-1020-10","indexable_mill","milling",9126.81,,,bad-diameter
"Korloy","TMSR 16-1620-16","indexable_mill","milling",171613.62,,,bad-diameter
"Korloy","TMSR 16-2220-2225-22","indexable_mill","milling",171613.53,,,bad-diameter
"Korloy","KORLOY-milling-192515.53092","indexable_mill","milling",192515.53,,,bad-diameter
"Korloy","KORLOY-milling-464038.063135","indexable_mill","milling",464038.06,,,bad-diameter
"Korloy","TMSRL 20-2225-22","indexable_mill","milling",192015.54,,,bad-diameter
"Korloy","TMSRL 25-2732-27","indexable_mill","milling",30252492150,,,bad-diameter
"Korloy","TMSRL 40-38","indexable_mill","milling",46403893168,,,bad-diameter
"Korloy","TMSRT 16-2220-22","indexable_mill","milling",171613.53,,,bad-diameter
"Korloy","BT30-MD19F-70","indexable_mill","milling",1910535450.21,,,bad-diameter
"Korloy","BT30-MD32F-80","indexable_mill","milling",3212141550.31,,,bad-diameter
"Korloy","BT30-MD40F-60","indexable_mill","milling",4011050360.51,,,bad-diameter
"Korloy","BT30-MD50F-70","indexable_mill","milling",5012858470.81,,,bad-diameter
"Korloy","BT40-MD25F-95","indexable_mill","milling",2513641630.21,,,bad-diameter
"Korloy","BT40-MD32F-100","indexable_mill","milling",3214141700.31,,,bad-diameter
"Korloy","BT40-MD40F-60","indexable_mill","milling",4011050310.51,,,bad-diameter
"Korloy","BT40-MD40F-115","indexable_mill","milling",4016550830.51,,,bad-diameter
"Korloy","BT40-MD63F-64","indexable_mill","milling",6314581372.13,,,bad-diameter
"Korloy","BT40-MD63F-135","indexable_mill","milling",63216811082.13,,,bad-diameter
"Korloy","BT40-MD80F-100","indexable_mill","milling",80201101734.83,,,bad-diameter
"Korloy","BT50-MD19F-85","indexable_mill","milling",1911120.24,,,bad-diameter
"Korloy","BT50-MD25F-120R","indexable_mill","milling",251416141400.22,,,bad-diameter
"Korloy","BT50-MD32F-115R","indexable_mill","milling",321815641450.32,,,bad-diameter
"Korloy","BT50-MD40F-60","indexable_mill","milling",3218110.55,,,bad-diameter
"Korloy","BT50-MD40F-230R","indexable_mill","milling",4022280.55,,,bad-diameter
"Korloy","BT50-MD50F-225","indexable_mill","milling",5028283.56,,,bad-diameter
"Korloy","BT50-MD63F-75","indexable_mill","milling",6336145.68,,,bad-diameter
"Korloy","BT50-MD63F-195","indexable_mill","milling",6336275.68,,,bad-diameter
"Korloy","BT50-MD63F-95","indexable_mill","milling",6336295.61,,,bad-diameter
"Korloy","BT50-MD80F-75","indexable_mill","milling",8045175.61,,,bad-diameter
"Korloy","BT50-MD80F-175","indexable_mill","milling",8045275.61,,,bad-diameter
"Korloy","HSK63A-MD19F 60","indexable_mill","milling",191195.23,,,bad-diameter
"Korloy","HSK63A-MD32F 65","indexable_mill","milling",321810641360.3,,,bad-diameter
"Korloy","HSK63A-MD50F 85","indexable_mill","milling",5028143.56,,,bad-diameter
"Korloy","SK40-MD25F-80R","indexable_mill","milling",2512141220.23,,,bad-diameter
"Korloy","SK40-MD40F-100","indexable_mill","milling",4015050800.51,,,bad-diameter
"Korloy","SK40-MD63F-70","indexable_mill","milling",6315181502.32,,,bad-diameter
"Korloy","SK50-MD25F-105R","indexable_mill","milling",2514641220.23,,,bad-diameter
"Korloy","SK50-MD40F-145","indexable_mill","milling",40195501200.51,,,bad-diameter
"Korloy","SK50-MD63F-130","indexable_mill","milling",63211811072.31,,,bad-diameter
"Korloy","SK50-MD80F-150","indexable_mill","milling",802511011305.11,,,bad-diameter
"Korloy","KDP-BT40 - FMA25.4-210FMA25.4-260FMA31.75-210FMA31.75-260","indexable_mill","milling",8025.42,,,bad-diameter
"Korloy","KORLOY-milling-10031.752101836","indexable_mill","milling",10031.75,,,bad-diameter
"Korloy","FMA31.75-260","indexable_mill","milling",100,,,bad-diameter
"Korloy","KDP-BT50 - FMA25.4-210FMA25.4-260FMA31.75-210FMA31.7 -260","indexable_mill","milling",8025.42,,,bad-diameter
"Korloy","KORLOY-milling-10031.752101726086","indexable_mill","milling",10031.75,,,bad-diameter
"Korloy","FMA31.7 -260","indexable_mill","milling",100,,,bad-diameter
"Korloy","KDP-BT40 - FMC16-160FMC22-210FMC22-260FMC27-210FMC27-260","indexable_mill","milling",401616013338,,,bad-diameter
"Korloy","KORLOY-milling-802726023360.0","indexable_mill","milling",802726023360,,,bad-diameter
"Korloy","KORLOY-milling-8.027210172607821e+18","indexable_mill","milling",8027210172607821000,,,bad-diameter
"Korloy","KORLOY-milling-8.027320282607821e+18","indexable_mill","milling",8027320282607821000,,,bad-diameter
"Korloy","FMC32-210","indexable_mill","milling",100,,,bad-diameter
"Korloy","KORLOY-milling-1003226022278.0","indexable_mill","milling",1003226022278,,,bad-diameter
"Korloy","FMC32-330","indexable_mill","milling",100,,,bad-diameter
"Korloy","KDP-HSK63 - FMA25.4-210FMA25.4-260FMA31.75-210FMA31.75-260","indexable_mill","milling",8025.42,,,bad-diameter
"Korloy","KORLOY-milling-10031.752101846","indexable_mill","milling",10031.75,,,bad-diameter
"Korloy","KDP-HSK100 - FMA25.4-210FMA25.4-260FMA31.75-210FMA31.75-260","indexable_mill","milling",8025.42,,,bad-diameter
"Korloy","KORLOY-milling-10031.752101816086","indexable_mill","milling",10031.75,,,bad-diameter
"Korloy","KDP-HSK63 - FMC16-160FMC22-210FMC22-260FMC27-210FMC27-260","indexable_mill","milling",401616013438,,,bad-diameter
"Korloy","KORLOY-milling-802726023460.0","indexable_mill","milling",802726023460,,,bad-diameter
"Korloy","KORLOY-milling-8.027210181607821e+18","indexable_mill","milling",8027210181607821000,,,bad-diameter
"Korloy","KORLOY-milling-8.027320291607821e+18","indexable_mill","milling",8027320291607821000,,,bad-diameter
"Korloy","KORLOY-milling-1003226023178.0","indexable_mill","milling",1003226023178,,,bad-diameter
"Korloy","KORLOY-milling-8027210183.060602","indexable_mill","milling",8027210183.06,,,bad-diameter
"Korloy","KORLOY-milling-8027210190.960782","indexable_mill","milling",8027210190.96,,,bad-diameter
"Korloy","KORLOY-milling-8027320300.960782","indexable_mill","milling",8027320300.96,,,bad-diameter
"Korloy","KORLOY-milling-10032260240.978","indexable_mill","milling",10032260240.98,,,bad-diameter
"Korloy","P40T-1(3)","indexable_mill","milling",17231015356045,,,bad-diameter
"Korloy","PS40-3F","indexable_mill","milling",1723101535600,,,bad-diameter
"Korloy","DIN69872-A40","indexable_mill","milling",17231419265415,,,bad-diameter
"Korloy","JISB6339-A40(PS-806)","indexable_mill","milling",17231419295415,,,bad-diameter
"Korloy","KORLOY-milling-25381723458545.0","indexable_mill","milling",25381723458545,,,bad-diameter
"Korloy","KORLOY-milling-25381723458530.0","indexable_mill","milling",25381723458530,,,bad-diameter
"Korloy","PS50-1FH","indexable_mill","milling",2538172345850,,,bad-diameter
"Korloy","DIN69872-A50","indexable_mill","milling",25362128347415,,,bad-diameter
"Unknown Solid","UNK-4.0000-4F","solid_mill","end_mill",101.6,101.6,1,bad-diameter
"Unknown Solid","UNK-5.0000-4F","solid_mill","end_mill",127,127,1,bad-diameter
"Unknown Solid","UNK-6.0000-4F","solid_mill","end_mill",152.4,152.4,1,bad-diameter
"Unknown Solid","UNK-3.5000-4F","solid_mill","end_mill",88.9,88.9,1,bad-diameter
"Unknown Solid","UNK-4.5000-4F","solid_mill","end_mill",114.3,114.3,1,bad-diameter
"Unknown Solid","UNK-5.5000-4F","solid_mill","end_mill",139.7,139.7,1,bad-diameter
"Unknown Solid","UNK-6.0000-5F","solid_mill","end_mill",152.4,152.4,1,bad-diameter
"Unknown Solid","UNK-3.8200-4F","solid_mill","ball_mill",97.03,97.03,1,bad-diameter
"Unknown Solid","UNK-4.8900-4F","solid_mill","ball_mill",124.21,124.21,1,bad-diameter
"Unknown Solid","UNK-6.0000-6F","solid_mill","ball_mill",152.4,152.4,1,bad-diameter
"Unknown Solid","UNK-6.0000-2F","solid_mill","end_mill",152.4,152.4,1,bad-diameter
"Unknown Solid","UNK-6.0000-8F","solid_mill","end_mill",152.4,152.4,1,bad-diameter
"Unknown Solid","UNK-6.0000-9F","solid_mill","end_mill",152.4,152.4,1,bad-diameter
"Unknown Solid","UNK-6.0000-3F","solid_mill","end_mill",152.4,152.4,1,bad-diameter
"Unknown Solid","UNK-6.0000-11F","solid_mill","end_mill",152.4,152.4,1,bad-diameter
"Unknown Solid","UNK-5.0000-10F","solid_mill","end_mill",127,127,1,bad-diameter
"Unknown Solid","UNK-6.0000-10F","solid_mill","end_mill",152.4,152.4,1,bad-diameter
"Unknown Solid","UNK-4.0000-1F","solid_mill","end_mill",101.6,101.6,1,bad-diameter
"Unknown Solid","UNK-5.0000-1F","solid_mill","end_mill",127,127,1,bad-diameter
"Unknown Solid","UNK-6.0000-1F","solid_mill","end_mill",152.4,152.4,1,bad-diameter