machine_id,machine_name,machine_taper,machine_max_rpm,machine_max_power_kw,tool_id,tool_type,grade_name,iso,toolpath,op,cut,strategy,dia_in,flutes,vc_sfm,rpm,rpm_clamped,fz_in,feed_ipm,ap_in,ae_in,coolant,css,source_crib
LTH-03,Okuma LNC8,,4000,11,Default Preset,drill,1018 Steel (P),P,Drill,drilling,roughing,conventional,0.4375,2,344,3008,0,0.0033,19.9,0,0.4374,flood,0,130 DEG. INSERT DRILLS - PURPLE COATING (CHANGE SFM TO 75 FOR GOLD).csv
LTH-03,Okuma LNC8,,4000,11,Default Preset,drill,1018 Steel (P),P,Peck,drilling,roughing,plunge,0.4375,2,241,2105,0,0.0017,6.96,0,0.4374,flood,0,130 DEG. INSERT DRILLS - PURPLE COATING (CHANGE SFM TO 75 FOR GOLD).csv
LTH-03,Okuma LNC8,,4000,11,Default Preset,drill,1045 Steel (P),P,Drill,drilling,roughing,conventional,0.4375,2,291,2545,0,0.0033,16.83,0,0.4374,flood,0,130 DEG. INSERT DRILLS - PURPLE COATING (CHANGE SFM TO 75 FOR GOLD).csv
LTH-03,Okuma LNC8,,4000,11,Default Preset,drill,1045 Steel (P),P,Peck,drilling,roughing,plunge,0.4375,2,204,1781,0,0.0017,5.89,0,0.4374,flood,0,130 DEG. INSERT DRILLS - PURPLE COATING (CHANGE SFM TO 75 FOR GOLD).csv
LTH-03,Okuma LNC8,,4000,11,Default Preset,drill,4140/4340 Alloy (P),P,Drill,drilling,roughing,conventional,0.4375,2,265,2314,0,0.0033,15.31,0,0.4374,flood,0,130 DEG. INSERT DRILLS - PURPLE COATING (CHANGE SFM TO 75 FOR GOLD).csv
LTH-03,Okuma LNC8,,4000,11,Default Preset,drill,4140/4340 Alloy (P),P,Peck,drilling,roughing,plunge,0.4375,2,185,1620,0,0.0017,5.36,0,0.4374,flood,0,130 DEG. INSERT DRILLS - PURPLE COATING (CHANGE SFM TO 75 FOR GOLD).csv
LTH-03,Okuma LNC8,,4000,11,Default Preset,drill,1018 Steel (P),P,Drill,drilling,roughing,conventional,0.4688,2,344,2807,0,0.0035,19.78,0,0.4689,flood,0,130 DEG. INSERT DRILLS - PURPLE COATING (CHANGE SFM TO 75 FOR GOLD).csv
LTH-03,Okuma LNC8,,4000,11,Default Preset,drill,1018 Steel (P),P,Peck,drilling,roughing,plunge,0.4688,2,241,1965,0,0.0018,6.92,0,0.4689,flood,0,130 DEG. INSERT DRILLS - PURPLE COATING (CHANGE SFM TO 75 FOR GOLD).csv
LTH-03,Okuma LNC8,,4000,11,Default Preset,drill,1045 Steel (P),P,Drill,drilling,roughing,conventional,0.4688,2,291,2375,0,0.0035,16.74,0,0.4689,flood,0,130 DEG. INSERT DRILLS - PURPLE COATING (CHANGE SFM TO 75 FOR GOLD).csv
LTH-03,Okuma LNC8,,4000,11,Default Preset,drill,1045 Steel (P),P,Peck,drilling,roughing,plunge,0.4688,2,204,1663,0,0.0018,5.86,0,0.4689,flood,0,130 DEG. INSERT DRILLS - PURPLE COATING (CHANGE SFM TO 75 FOR GOLD).csv
LTH-03,Okuma LNC8,,4000,11,Default Preset,drill,4140/4340 Alloy (P),P,Drill,drilling,roughing,conventional,0.4688,2,265,2159,0,0.0035,15.21,0,0.4689,flood,0,130 DEG. INSERT DRILLS - PURPLE COATING (CHANGE SFM TO 75 FOR GOLD).csv
LTH-03,Okuma LNC8,,4000,11,Default Preset,drill,4140/4340 Alloy (P),P,Peck,drilling,roughing,plunge,0.4688,2,185,1511,0,0.0018,5.32,0,0.4689,flood,0,130 DEG. INSERT DRILLS - PURPLE COATING (CHANGE SFM TO 75 FOR GOLD).csv
LTH-03,Okuma LNC8,,4000,11,Default Preset,drill,1018 Steel (P),P,Drill,drilling,roughing,conventional,0.48,2,344,2741,0,0.0036,19.53,0,0.4799,flood,0,130 DEG. INSERT DRILLS - PURPLE COATING (CHANGE SFM TO 75 FOR GOLD).csv
LTH-03,Okuma LNC8,,4000,11,Default Preset,drill,1018 Steel (P),P,Peck,drilling,roughing,plunge,0.48,2,241,1919,0,0.0018,6.84,0,0.4799,flood,0,130 DEG. INSERT DRILLS - PURPLE COATING (CHANGE SFM TO 75 FOR GOLD).csv
LTH-03,Okuma LNC8,,4000,11,Default Preset,drill,1045 Steel (P),P,Drill,drilling,roughing,conventional,0.48,2,291,2320,0,0.0036,16.53,0,0.4799,flood,0,130 DEG. INSERT DRILLS - PURPLE COATING (CHANGE SFM TO 75 FOR GOLD).csv
LTH-03,Okuma LNC8,,4000,11,Default Preset,drill,1045 Steel (P),P,Peck,drilling,roughing,plunge,0.48,2,204,1624,0,0.0018,5.79,0,0.4799,flood,0,130 DEG. INSERT DRILLS - PURPLE COATING (CHANGE SFM TO 75 FOR GOLD).csv
LTH-03,Okuma LNC8,,4000,11,Default Preset,drill,4140/4340 Alloy (P),P,Drill,drilling,roughing,conventional,0.48,2,265,2109,0,0.0036,15.03,0,0.4799,flood,0,130 DEG. INSERT DRILLS - PURPLE COATING (CHANGE SFM TO 75 FOR GOLD).csv
LTH-03,Okuma LNC8,,4000,11,Default Preset,drill,4140/4340 Alloy (P),P,Peck,drilling,roughing,plunge,0.48,2,185,1476,0,0.0018,5.26,0,0.4799,flood,0,130 DEG. INSERT DRILLS - PURPLE COATING (CHANGE SFM TO 75 FOR GOLD).csv
LTH-03,Okuma LNC8,,4000,11,Default Preset,drill,1018 Steel (P),P,Drill,drilling,roughing,conventional,0.493,2,344,2669,0,0.0036,19.33,0,0.4929,flood,0,130 DEG. INSERT DRILLS - PURPLE COATING (CHANGE SFM TO 75 FOR GOLD).csv
LTH-03,Okuma LNC8,,4000,11,Default Preset,drill,1018 Steel (P),P,Peck,drilling,roughing,plunge,0.493,2,241,1868,0,0.0018,6.77,0,0.4929,flood,0,130 DEG. INSERT DRILLS - PURPLE COATING (CHANGE SFM TO 75 FOR GOLD).csv
LTH-03,Okuma LNC8,,4000,11,Default Preset,drill,1045 Steel (P),P,Drill,drilling,roughing,conventional,0.493,2,291,2258,0,0.0036,16.36,0,0.4929,flood,0,130 DEG. INSERT DRILLS - PURPLE COATING (CHANGE SFM TO 75 FOR GOLD).csv
LTH-03,Okuma LNC8,,4000,11,Default Preset,drill,1045 Steel (P),P,Peck,drilling,roughing,plunge,0.493,2,204,1581,0,0.0018,5.73,0,0.4929,flood,0,130 DEG. INSERT DRILLS - PURPLE COATING (CHANGE SFM TO 75 FOR GOLD).csv
LTH-03,Okuma LNC8,,4000,11,Default Preset,drill,4140/4340 Alloy (P),P,Drill,drilling,roughing,conventional,0.493,2,265,2053,0,0.0036,14.87,0,0.4929,flood,0,130 DEG. INSERT DRILLS - PURPLE COATING (CHANGE SFM TO 75 FOR GOLD).csv
LTH-03,Okuma LNC8,,4000,11,Default Preset,drill,4140/4340 Alloy (P),P,Peck,drilling,roughing,plunge,0.493,2,185,1437,0,0.0018,5.2,0,0.4929,flood,0,130 DEG. INSERT DRILLS - PURPLE COATING (CHANGE SFM TO 75 FOR GOLD).csv
LTH-03,Okuma LNC8,,4000,11,Default Preset,drill,1018 Steel (P),P,Drill,drilling,roughing,conventional,0.531,2,344,2478,0,0.0037,18.54,0,0.5311,flood,0,130 DEG. INSERT DRILLS - PURPLE COATING (CHANGE SFM TO 75 FOR GOLD).csv
LTH-03,Okuma LNC8,,4000,11,Default Preset,drill,1018 Steel (P),P,Peck,drilling,roughing,plunge,0.531,2,241,1735,0,0.0019,6.49,0,0.5311,flood,0,130 DEG. INSERT DRILLS - PURPLE COATING (CHANGE SFM TO 75 FOR GOLD).csv
LTH-03,Okuma LNC8,,4000,11,Default Preset,drill,1045 Steel (P),P,Drill,drilling,roughing,conventional,0.531,2,291,2097,0,0.0037,15.69,0,0.5311,flood,0,130 DEG. INSERT DRILLS - PURPLE COATING (CHANGE SFM TO 75 FOR GOLD).csv
LTH-03,Okuma LNC8,,4000,11,Default Preset,drill,1045 Steel (P),P,Peck,drilling,roughing,plunge,0.531,2,204,1468,0,0.0019,5.49,0,0.5311,flood,0,130 DEG. INSERT DRILLS - PURPLE COATING (CHANGE SFM TO 75 FOR GOLD).csv
LTH-03,Okuma LNC8,,4000,11,Default Preset,drill,4140/4340 Alloy (P),P,Drill,drilling,roughing,conventional,0.531,2,265,1906,0,0.0037,14.26,0,0.5311,flood,0,130 DEG. INSERT DRILLS - PURPLE COATING (CHANGE SFM TO 75 FOR GOLD).csv
LTH-03,Okuma LNC8,,4000,11,Default Preset,drill,4140/4340 Alloy (P),P,Peck,drilling,roughing,plunge,0.531,2,185,1334,0,0.0019,4.99,0,0.5311,flood,0,130 DEG. INSERT DRILLS - PURPLE COATING (CHANGE SFM TO 75 FOR GOLD).csv
LTH-03,Okuma LNC8,,4000,11,Default Preset,drill,1018 Steel (P),P,Drill,drilling,roughing,conventional,0.5625,2,344,2339,0,0.0038,17.96,0,0.5626,flood,0,130 DEG. INSERT DRILLS - PURPLE COATING (CHANGE SFM TO 75 FOR GOLD).csv
LTH-03,Okuma LNC8,,4000,11,Default Preset,drill,1018 Steel (P),P,Peck,drilling,roughing,plunge,0.5625,2,241,1637,0,0.0019,6.28,0,0.5626,flood,0,130 DEG. INSERT DRILLS - PURPLE COATING (CHANGE SFM TO 75 FOR GOLD).csv
LTH-03,Okuma LNC8,,4000,11,Default Preset,drill,1045 Steel (P),P,Drill,drilling,roughing,conventional,0.5625,2,291,1979,0,0.0038,15.19,0,0.5626,flood,0,130 DEG. INSERT DRILLS - PURPLE COATING (CHANGE SFM TO 75 FOR GOLD).csv
LTH-03,Okuma LNC8,,4000,11,Default Preset,drill,1045 Steel (P),P,Peck,drilling,roughing,plunge,0.5625,2,204,1386,0,0.0019,5.32,0,0.5626,flood,0,130 DEG. INSERT DRILLS - PURPLE COATING (CHANGE SFM TO 75 FOR GOLD).csv
LTH-03,Okuma LNC8,,4000,11,Default Preset,drill,4140/4340 Alloy (P),P,Drill,drilling,roughing,conventional,0.5625,2,265,1799,0,0.0038,13.81,0,0.5626,flood,0,130 DEG. INSERT DRILLS - PURPLE COATING (CHANGE SFM TO 75 FOR GOLD).csv
LTH-03,Okuma LNC8,,4000,11,Default Preset,drill,4140/4340 Alloy (P),P,Peck,drilling,roughing,plunge,0.5625,2,185,1260,0,0.0019,4.84,0,0.5626,flood,0,130 DEG. INSERT DRILLS - PURPLE COATING (CHANGE SFM TO 75 FOR GOLD).csv
LTH-03,Okuma LNC8,,4000,11,Default Preset,drill,1018 Steel (P),P,Drill,drilling,roughing,conventional,0.57,2,344,2309,0,0.0039,17.91,0,0.5701,flood,0,130 DEG. INSERT DRILLS - PURPLE COATING (CHANGE SFM TO 75 FOR GOLD).csv
LTH-03,Okuma LNC8,,4000,11,Default Preset,drill,1018 Steel (P),P,Peck,drilling,roughing,plunge,0.57,2,241,1616,0,0.0019,6.27,0,0.5701,flood,0,130 DEG. INSERT DRILLS - PURPLE COATING (CHANGE SFM TO 75 FOR GOLD).csv
LTH-03,Okuma LNC8,,4000,11,Default Preset,drill,1045 Steel (P),P,Drill,drilling,roughing,conventional,0.57,2,291,1953,0,0.0039,15.15,0,0.5701,flood,0,130 DEG. INSERT DRILLS - PURPLE COATING (CHANGE SFM TO 75 FOR GOLD).csv
LTH-03,Okuma LNC8,,4000,11,Default Preset,drill,1045 Steel (P),P,Peck,drilling,roughing,plunge,0.57,2,204,1367,0,0.0019,5.3,0,0.5701,flood,0,130 DEG. INSERT DRILLS - PURPLE COATING (CHANGE SFM TO 75 FOR GOLD).csv
LTH-03,Okuma LNC8,,4000,11,Default Preset,drill,4140/4340 Alloy (P),P,Drill,drilling,roughing,conventional,0.57,2,265,1776,0,0.0039,13.77,0,0.5701,flood,0,130 DEG. INSERT DRILLS - PURPLE COATING (CHANGE SFM TO 75 FOR GOLD).csv
LTH-03,Okuma LNC8,,4000,11,Default Preset,drill,4140/4340 Alloy (P),P,Peck,drilling,roughing,plunge,0.57,2,185,1243,0,0.0019,4.82,0,0.5701,flood,0,130 DEG. INSERT DRILLS - PURPLE COATING (CHANGE SFM TO 75 FOR GOLD).csv
LTH-03,Okuma LNC8,,4000,11,Default Preset,drill,1018 Steel (P),P,Drill,drilling,roughing,conventional,0.593,2,344,2219,0,0.004,17.56,0,0.5929,flood,0,130 DEG. INSERT DRILLS - PURPLE COATING (CHANGE SFM TO 75 FOR GOLD).csv
LTH-03,Okuma LNC8,,4000,11,Default Preset,drill,1018 Steel (P),P,Peck,drilling,roughing,plunge,0.593,2,241,1553,0,0.002,6.14,0,0.5929,flood,0,130 DEG. INSERT DRILLS - PURPLE COATING (CHANGE SFM TO 75 FOR GOLD).csv
LTH-03,Okuma LNC8,,4000,11,Default Preset,drill,1045 Steel (P),P,Drill,drilling,roughing,conventional,0.593,2,291,1878,0,0.004,14.86,0,0.5929,flood,0,130 DEG. INSERT DRILLS - PURPLE COATING (CHANGE SFM TO 75 FOR GOLD).csv
LTH-03,Okuma LNC8,,4000,11,Default Preset,drill,1045 Steel (P),P,Peck,drilling,roughing,plunge,0.593,2,204,1314,0,0.002,5.2,0,0.5929,flood,0,130 DEG. INSERT DRILLS - PURPLE COATING (CHANGE SFM TO 75 FOR GOLD).csv
LTH-03,Okuma LNC8,,4000,11,Default Preset,drill,4140/4340 Alloy (P),P,Drill,drilling,roughing,conventional,0.593,2,265,1707,0,0.004,13.51,0,0.5929,flood,0,130 DEG. INSERT DRILLS - PURPLE COATING (CHANGE SFM TO 75 FOR GOLD).csv
LTH-03,Okuma LNC8,,4000,11,Default Preset,drill,4140/4340 Alloy (P),P,Peck,drilling,roughing,plunge,0.593,2,185,1195,0,0.002,4.73,0,0.5929,flood,0,130 DEG. INSERT DRILLS - PURPLE COATING (CHANGE SFM TO 75 FOR GOLD).csv
LTH-03,Okuma LNC8,,4000,11,Default Preset,drill,1018 Steel (P),P,Drill,drilling,roughing,conventional,0.6102,2,344,2156,0,0.004,17.32,0,0.6102,flood,0,130 DEG. INSERT DRILLS - PURPLE COATING (CHANGE SFM TO 75 FOR GOLD).csv
LTH-03,Okuma LNC8,,4000,11,Default Preset,drill,1018 Steel (P),P,Peck,drilling,roughing,plunge,0.6102,2,241,1509,0,0.002,6.06,0,0.6102,flood,0,130 DEG. INSERT DRILLS - PURPLE COATING (CHANGE SFM TO 75 FOR GOLD).csv
LTH-03,Okuma LNC8,,4000,11,Default Preset,drill,1045 Steel (P),P,Drill,drilling,roughing,conventional,0.6102,2,291,1825,0,0.004,14.66,0,0.6102,flood,0,130 DEG. INSERT DRILLS - PURPLE COATING (CHANGE SFM TO 75 FOR GOLD).csv
LTH-03,Okuma LNC8,,4000,11,Default Preset,drill,1045 Steel (P),P,Peck,drilling,roughing,plunge,0.6102,2,204,1277,0,0.002,5.13,0,0.6102,flood,0,130 DEG. INSERT DRILLS - PURPLE COATING (CHANGE SFM TO 75 FOR GOLD).csv
LTH-03,Okuma LNC8,,4000,11,Default Preset,drill,4140/4340 Alloy (P),P,Drill,drilling,roughing,conventional,0.6102,2,265,1659,0,0.004,13.32,0,0.6102,flood,0,130 DEG. INSERT DRILLS - PURPLE COATING (CHANGE SFM TO 75 FOR GOLD).csv
LTH-03,Okuma LNC8,,4000,11,Default Preset,drill,4140/4340 Alloy (P),P,Peck,drilling,roughing,plunge,0.6102,2,185,1161,0,0.002,4.66,0,0.6102,flood,0,130 DEG. INSERT DRILLS - PURPLE COATING (CHANGE SFM TO 75 FOR GOLD).csv
LTH-03,Okuma LNC8,,4000,11,Default Preset,drill,1018 Steel (P),P,Drill,drilling,roughing,conventional,0.625,2,344,2105,0,0.0041,17.07,0,0.6252,flood,0,130 DEG. INSERT DRILLS - PURPLE COATING (CHANGE SFM TO 75 FOR GOLD).csv
LTH-03,Okuma LNC8,,4000,11,Default Preset,drill,1018 Steel (P),P,Peck,drilling,roughing,plunge,0.625,2,241,1474,0,0.002,5.98,0,0.6252,flood,0,130 DEG. INSERT DRILLS - PURPLE COATING (CHANGE SFM TO 75 FOR GOLD).csv
LTH-03,Okuma LNC8,,4000,11,Default Preset,drill,1045 Steel (P),P,Drill,drilling,roughing,conventional,0.625,2,291,1781,0,0.0041,14.44,0,0.6252,flood,0,130 DEG. INSERT DRILLS - PURPLE COATING (CHANGE SFM TO 75 FOR GOLD).csv
LTH-03,Okuma LNC8,,4000,11,Default Preset,drill,1045 Steel (P),P,Peck,drilling,roughing,plunge,0.625,2,204,1247,0,0.002,5.06,0,0.6252,flood,0,130 DEG. INSERT DRILLS - PURPLE COATING (CHANGE SFM TO 75 FOR GOLD).csv
LTH-03,Okuma LNC8,,4000,11,Default Preset,drill,4140/4340 Alloy (P),P,Drill,drilling,roughing,conventional,0.625,2,265,1620,0,0.0041,13.14,0,0.6252,flood,0,130 DEG. INSERT DRILLS - PURPLE COATING (CHANGE SFM TO 75 FOR GOLD).csv
LTH-03,Okuma LNC8,,4000,11,Default Preset,drill,4140/4340 Alloy (P),P,Peck,drilling,roughing,plunge,0.625,2,185,1134,0,0.002,4.6,0,0.6252,flood,0,130 DEG. INSERT DRILLS - PURPLE COATING (CHANGE SFM TO 75 FOR GOLD).csv
LTH-03,Okuma LNC8,,4000,11,Default Preset,drill,1018 Steel (P),P,Drill,drilling,roughing,conventional,0.656,2,344,2006,0,0.0042,16.66,0,0.6559,flood,0,130 DEG. INSERT DRILLS - PURPLE COATING (CHANGE SFM TO 75 FOR GOLD).csv
LTH-03,Okuma LNC8,,4000,11,Default Preset,drill,1018 Steel (P),P,Peck,drilling,roughing,plunge,0.656,2,241,1404,0,0.0021,5.83,0,0.6559,flood,0,130 DEG. INSERT DRILLS - PURPLE COATING (CHANGE SFM TO 75 FOR GOLD).csv
LTH-03,Okuma LNC8,,4000,11,Default Preset,drill,1045 Steel (P),P,Drill,drilling,roughing,conventional,0.656,2,291,1697,0,0.0042,14.1,0,0.6559,flood,0,130 DEG. INSERT DRILLS - PURPLE COATING (CHANGE SFM TO 75 FOR GOLD).csv
LTH-03,Okuma LNC8,,4000,11,Default Preset,drill,1045 Steel (P),P,Peck,drilling,roughing,plunge,0.656,2,204,1188,0,0.0021,4.93,0,0.6559,flood,0,130 DEG. INSERT DRILLS - PURPLE COATING (CHANGE SFM TO 75 FOR GOLD).csv
LTH-03,Okuma LNC8,,4000,11,Default Preset,drill,4140/4340 Alloy (P),P,Drill,drilling,roughing,conventional,0.656,2,265,1543,0,0.0042,12.82,0,0.6559,flood,0,130 DEG. INSERT DRILLS - PURPLE COATING (CHANGE SFM TO 75 FOR GOLD).csv
LTH-03,Okuma LNC8,,4000,11,Default Preset,drill,4140/4340 Alloy (P),P,Peck,drilling,roughing,plunge,0.656,2,185,1080,0,0.0021,4.49,0,0.6559,flood,0,130 DEG. INSERT DRILLS - PURPLE COATING (CHANGE SFM TO 75 FOR GOLD).csv
LTH-03,Okuma LNC8,,4000,11,Default Preset,drill,1018 Steel (P),P,Drill,drilling,roughing,conventional,0.6875,2,344,1914,0,0.0043,16.35,0,0.6874,flood,0,130 DEG. INSERT DRILLS - PURPLE COATING (CHANGE SFM TO 75 FOR GOLD).csv
LTH-03,Okuma LNC8,,4000,11,Default Preset,drill,1018 Steel (P),P,Peck,drilling,roughing,plunge,0.6875,2,241,1340,0,0.0021,5.72,0,0.6874,flood,0,130 DEG. INSERT DRILLS - PURPLE COATING (CHANGE SFM TO 75 FOR GOLD).csv
LTH-03,Okuma LNC8,,4000,11,Default Preset,drill,1045 Steel (P),P,Drill,drilling,roughing,conventional,0.6875,2,291,1620,0,0.0043,13.84,0,0.6874,flood,0,130 DEG. INSERT DRILLS - PURPLE COATING (CHANGE SFM TO 75 FOR GOLD).csv
LTH-03,Okuma LNC8,,4000,11,Default Preset,drill,1045 Steel (P),P,Peck,drilling,roughing,plunge,0.6875,2,204,1134,0,0.0021,4.84,0,0.6874,flood,0,130 DEG. INSERT DRILLS - PURPLE COATING (CHANGE SFM TO 75 FOR GOLD).csv
LTH-03,Okuma LNC8,,4000,11,Default Preset,drill,4140/4340 Alloy (P),P,Drill,drilling,roughing,conventional,0.6875,2,265,1472,0,0.0043,12.58,0,0.6874,flood,0,130 DEG. INSERT DRILLS - PURPLE COATING (CHANGE SFM TO 75 FOR GOLD).csv
LTH-03,Okuma LNC8,,4000,11,Default Preset,drill,4140/4340 Alloy (P),P,Peck,drilling,roughing,plunge,0.6875,2,185,1031,0,0.0021,4.4,0,0.6874,flood,0,130 DEG. INSERT DRILLS - PURPLE COATING (CHANGE SFM TO 75 FOR GOLD).csv
LTH-03,Okuma LNC8,,4000,11,Default Preset,drill,1018 Steel (P),P,Drill,drilling,roughing,conventional,0.708,2,344,1859,0,0.0043,16.1,0,0.7079,flood,0,130 DEG. INSERT DRILLS - PURPLE COATING (CHANGE SFM TO 75 FOR GOLD).csv
LTH-03,Okuma LNC8,,4000,11,Default Preset,drill,1018 Steel (P),P,Peck,drilling,roughing,plunge,0.708,2,241,1301,0,0.0022,5.63,0,0.7079,flood,0,130 DEG. INSERT DRILLS - PURPLE COATING (CHANGE SFM TO 75 FOR GOLD).csv
LTH-03,Okuma LNC8,,4000,11,Default Preset,drill,1045 Steel (P),P,Drill,drilling,roughing,conventional,0.708,2,291,1573,0,0.0043,13.62,0,0.7079,flood,0,130 DEG. INSERT DRILLS - PURPLE COATING (CHANGE SFM TO 75 FOR GOLD).csv
LTH-03,Okuma LNC8,,4000,11,Default Preset,drill,1045 Steel (P),P,Peck,drilling,roughing,plunge,0.708,2,204,1101,0,0.0022,4.77,0,0.7079,flood,0,130 DEG. INSERT DRILLS - PURPLE COATING (CHANGE SFM TO 75 FOR GOLD).csv
LTH-03,Okuma LNC8,,4000,11,Default Preset,drill,4140/4340 Alloy (P),P,Drill,drilling,roughing,conventional,0.708,2,265,1430,0,0.0043,12.39,0,0.7079,flood,0,130 DEG. INSERT DRILLS - PURPLE COATING (CHANGE SFM TO 75 FOR GOLD).csv
LTH-03,Okuma LNC8,,4000,11,Default Preset,drill,4140/4340 Alloy (P),P,Peck,drilling,roughing,plunge,0.708,2,185,1001,0,0.0022,4.34,0,0.7079,flood,0,130 DEG. INSERT DRILLS - PURPLE COATING (CHANGE SFM TO 75 FOR GOLD).csv
LTH-03,Okuma LNC8,,4000,11,Default Preset,drill,1018 Steel (P),P,Drill,drilling,roughing,conventional,0.7188,2,344,1831,0,0.0044,16,0,0.7189,flood,0,130 DEG. INSERT DRILLS - PURPLE COATING (CHANGE SFM TO 75 FOR GOLD).csv
LTH-03,Okuma LNC8,,4000,11,Default Preset,drill,1018 Steel (P),P,Peck,drilling,roughing,plunge,0.7188,2,241,1281,0,0.0022,5.6,0,0.7189,flood,0,130 DEG. INSERT DRILLS - PURPLE COATING (CHANGE SFM TO 75 FOR GOLD).csv
LTH-03,Okuma LNC8,,4000,11,Default Preset,drill,1045 Steel (P),P,Drill,drilling,roughing,conventional,0.7188,2,291,1549,0,0.0044,13.54,0,0.7189,flood,0,130 DEG. INSERT DRILLS - PURPLE COATING (CHANGE SFM TO 75 FOR GOLD).csv
LTH-03,Okuma LNC8,,4000,11,Default Preset,drill,1045 Steel (P),P,Peck,drilling,roughing,plunge,0.7188,2,204,1084,0,0.0022,4.74,0,0.7189,flood,0,130 DEG. INSERT DRILLS - PURPLE COATING (CHANGE SFM TO 75 FOR GOLD).csv
LTH-03,Okuma LNC8,,4000,11,Default Preset,drill,4140/4340 Alloy (P),P,Drill,drilling,roughing,conventional,0.7188,2,265,1408,0,0.0044,12.31,0,0.7189,flood,0,130 DEG. INSERT DRILLS - PURPLE COATING (CHANGE SFM TO 75 FOR GOLD).csv
LTH-03,Okuma LNC8,,4000,11,Default Preset,drill,4140/4340 Alloy (P),P,Peck,drilling,roughing,plunge,0.7188,2,185,986,0,0.0022,4.31,0,0.7189,flood,0,130 DEG. INSERT DRILLS - PURPLE COATING (CHANGE SFM TO 75 FOR GOLD).csv
LTH-03,Okuma LNC8,,4000,11,Default Preset,drill,1018 Steel (P),P,Drill,drilling,roughing,conventional,0.728,2,344,1807,0,0.0044,15.94,0,0.728,flood,0,130 DEG. INSERT DRILLS - PURPLE COATING (CHANGE SFM TO 75 FOR GOLD).csv
LTH-03,Okuma LNC8,,4000,11,Default Preset,drill,1018 Steel (P),P,Peck,drilling,roughing,plunge,0.728,2,241,1265,0,0.0022,5.58,0,0.728,flood,0,130 DEG. INSERT DRILLS - PURPLE COATING (CHANGE SFM TO 75 FOR GOLD).csv
LTH-03,Okuma LNC8,,4000,11,Default Preset,drill,1045 Steel (P),P,Drill,drilling,roughing,conventional,0.728,2,291,1529,0,0.0044,13.48,0,0.728,flood,0,130 DEG. INSERT DRILLS - PURPLE COATING (CHANGE SFM TO 75 FOR GOLD).csv
LTH-03,Okuma LNC8,,4000,11,Default Preset,drill,1045 Steel (P),P,Peck,drilling,roughing,plunge,0.728,2,204,1071,0,0.0022,4.72,0,0.728,flood,0,130 DEG. INSERT DRILLS - PURPLE COATING (CHANGE SFM TO 75 FOR GOLD).csv
LTH-03,Okuma LNC8,,4000,11,Default Preset,drill,4140/4340 Alloy (P),P,Drill,drilling,roughing,conventional,0.728,2,265,1390,0,0.0044,12.26,0,0.728,flood,0,130 DEG. INSERT DRILLS - PURPLE COATING (CHANGE SFM TO 75 FOR GOLD).csv
LTH-03,Okuma LNC8,,4000,11,Default Preset,drill,4140/4340 Alloy (P),P,Peck,drilling,roughing,plunge,0.728,2,185,973,0,0.0022,4.29,0,0.728,flood,0,130 DEG. INSERT DRILLS - PURPLE COATING (CHANGE SFM TO 75 FOR GOLD).csv
LTH-03,Okuma LNC8,,4000,11,Default Preset,drill,1018 Steel (P),P,Drill,drilling,roughing,conventional,0.737,2,344,1785,0,0.0044,15.81,0,0.737,flood,0,130 DEG. INSERT DRILLS - PURPLE COATING (CHANGE SFM TO 75 FOR GOLD).csv
LTH-03,Okuma LNC8,,4000,11,Default Preset,drill,1018 Steel (P),P,Peck,drilling,roughing,plunge,0.737,2,241,1250,0,0.0022,5.54,0,0.737,flood,0,130 DEG. INSERT DRILLS - PURPLE COATING (CHANGE SFM TO 75 FOR GOLD).csv
LTH-03,Okuma LNC8,,4000,11,Default Preset,drill,1045 Steel (P),P,Drill,drilling,roughing,conventional,0.737,2,291,1511,0,0.0044,13.38,0,0.737,flood,0,130 DEG. INSERT DRILLS - PURPLE COATING (CHANGE SFM TO 75 FOR GOLD).csv
LTH-03,Okuma LNC8,,4000,11,Default Preset,drill,1045 Steel (P),P,Peck,drilling,roughing,plunge,0.737,2,204,1058,0,0.0022,4.69,0,0.737,flood,0,130 DEG. INSERT DRILLS - PURPLE COATING (CHANGE SFM TO 75 FOR GOLD).csv
LTH-03,Okuma LNC8,,4000,11,Default Preset,drill,4140/4340 Alloy (P),P,Drill,drilling,roughing,conventional,0.737,2,265,1373,0,0.0044,12.16,0,0.737,flood,0,130 DEG. INSERT DRILLS - PURPLE COATING (CHANGE SFM TO 75 FOR GOLD).csv
LTH-03,Okuma LNC8,,4000,11,Default Preset,drill,4140/4340 Alloy (P),P,Peck,drilling,roughing,plunge,0.737,2,185,961,0,0.0022,4.26,0,0.737,flood,0,130 DEG. INSERT DRILLS - PURPLE COATING (CHANGE SFM TO 75 FOR GOLD).csv
LTH-03,Okuma LNC8,,4000,11,Default Preset,drill,1018 Steel (P),P,Drill,drilling,roughing,conventional,0.75,2,344,1754,0,0.0045,15.74,0,0.75,flood,0,130 DEG. INSERT DRILLS - PURPLE COATING (CHANGE SFM TO 75 FOR GOLD).csv
LTH-03,Okuma LNC8,,4000,11,Default Preset,drill,1018 Steel (P),P,Peck,drilling,roughing,plunge,0.75,2,241,1228,0,0.0022,5.51,0,0.75,flood,0,130 DEG. INSERT DRILLS - PURPLE COATING (CHANGE SFM TO 75 FOR GOLD).csv
LTH-03,Okuma LNC8,,4000,11,Default Preset,drill,1045 Steel (P),P,Drill,drilling,roughing,conventional,0.75,2,291,1485,0,0.0045,13.33,0,0.75,flood,0,130 DEG. INSERT DRILLS - PURPLE COATING (CHANGE SFM TO 75 FOR GOLD).csv
LTH-03,Okuma LNC8,,4000,11,Default Preset,drill,1045 Steel (P),P,Peck,drilling,roughing,plunge,0.75,2,204,1039,0,0.0022,4.66,0,0.75,flood,0,130 DEG. INSERT DRILLS - PURPLE COATING (CHANGE SFM TO 75 FOR GOLD).csv
LTH-03,Okuma LNC8,,4000,11,Default Preset,drill,4140/4340 Alloy (P),P,Drill,drilling,roughing,conventional,0.75,2,265,1350,0,0.0045,12.12,0,0.75,flood,0,130 DEG. INSERT DRILLS - PURPLE COATING (CHANGE SFM TO 75 FOR GOLD).csv
LTH-03,Okuma LNC8,,4000,11,Default Preset,drill,4140/4340 Alloy (P),P,Peck,drilling,roughing,plunge,0.75,2,185,945,0,0.0022,4.24,0,0.75,flood,0,130 DEG. INSERT DRILLS - PURPLE COATING (CHANGE SFM TO 75 FOR GOLD).csv
LTH-03,Okuma LNC8,,4000,11,Default Preset,drill,1018 Steel (P),P,Drill,drilling,roughing,conventional,0.787,2,344,1672,0,0.0046,15.4,0,0.787,flood,0,130 DEG. INSERT DRILLS - PURPLE COATING (CHANGE SFM TO 75 FOR GOLD).csv
LTH-03,Okuma LNC8,,4000,11,Default Preset,drill,1018 Steel (P),P,Peck,drilling,roughing,plunge,0.787,2,241,1170,0,0.0023,5.39,0,0.787,flood,0,130 DEG. INSERT DRILLS - PURPLE COATING (CHANGE SFM TO 75 FOR GOLD).csv
LTH-03,Okuma LNC8,,4000,11,Default Preset,drill,1045 Steel (P),P,Drill,drilling,roughing,conventional,0.787,2,291,1415,0,0.0046,13.04,0,0.787,flood,0,130 DEG. INSERT DRILLS - PURPLE COATING (CHANGE SFM TO 75 FOR GOLD).csv
LTH-03,Okuma LNC8,,4000,11,Default Preset,drill,1045 Steel (P),P,Peck,drilling,roughing,plunge,0.787,2,204,990,0,0.0023,4.56,0,0.787,flood,0,130 DEG. INSERT DRILLS - PURPLE COATING (CHANGE SFM TO 75 FOR GOLD).csv
LTH-03,Okuma LNC8,,4000,11,Default Preset,drill,4140/4340 Alloy (P),P,Drill,drilling,roughing,conventional,0.787,2,265,1286,0,0.0046,11.85,0,0.787,flood,0,130 DEG. INSERT DRILLS - PURPLE COATING (CHANGE SFM TO 75 FOR GOLD).csv
LTH-03,Okuma LNC8,,4000,11,Default Preset,drill,4140/4340 Alloy (P),P,Peck,drilling,roughing,plunge,0.787,2,185,900,0,0.0023,4.15,0,0.787,flood,0,130 DEG. INSERT DRILLS - PURPLE COATING (CHANGE SFM TO 75 FOR GOLD).csv
LTH-03,Okuma LNC8,,4000,11,Default Preset,drill,1018 Steel (P),P,Drill,drilling,roughing,conventional,0.812,2,344,1621,0,0.0047,15.13,0,0.8118,flood,0,130 DEG. INSERT DRILLS - PURPLE COATING (CHANGE SFM TO 75 FOR GOLD).csv
LTH-03,Okuma LNC8,,4000,11,Default Preset,drill,1018 Steel (P),P,Peck,drilling,roughing,plunge,0.812,2,241,1134,0,0.0023,5.29,0,0.8118,flood,0,130 DEG. INSERT DRILLS - PURPLE COATING (CHANGE SFM TO 75 FOR GOLD).csv
LTH-03,Okuma LNC8,,4000,11,Default Preset,drill,1045 Steel (P),P,Drill,drilling,roughing,conventional,0.812,2,291,1371,0,0.0047,12.79,0,0.8118,flood,0,130 DEG. INSERT DRILLS - PURPLE COATING (CHANGE SFM TO 75 FOR GOLD).csv
LTH-03,Okuma LNC8,,4000,11,Default Preset,drill,1045 Steel (P),P,Peck,drilling,roughing,plunge,0.812,2,204,960,0,0.0023,4.48,0,0.8118,flood,0,130 DEG. INSERT DRILLS - PURPLE COATING (CHANGE SFM TO 75 FOR GOLD).csv
LTH-03,Okuma LNC8,,4000,11,Default Preset,drill,4140/4340 Alloy (P),P,Drill,drilling,roughing,conventional,0.812,2,265,1247,0,0.0047,11.64,0,0.8118,flood,0,130 DEG. INSERT DRILLS - PURPLE COATING (CHANGE SFM TO 75 FOR GOLD).csv
LTH-03,Okuma LNC8,,4000,11,Default Preset,drill,4140/4340 Alloy (P),P,Peck,drilling,roughing,plunge,0.812,2,185,873,0,0.0023,4.07,0,0.8118,flood,0,130 DEG. INSERT DRILLS - PURPLE COATING (CHANGE SFM TO 75 FOR GOLD).csv
LTH-03,Okuma LNC8,,4000,11,Default Preset,drill,1018 Steel (P),P,Drill,drilling,roughing,conventional,0.821,2,344,1603,0,0.0047,15.08,0,0.8209,flood,0,130 DEG. INSERT DRILLS - PURPLE COATING (CHANGE SFM TO 75 FOR GOLD).csv
LTH-03,Okuma LNC8,,4000,11,Default Preset,drill,1018 Steel (P),P,Peck,drilling,roughing,plunge,0.821,2,241,1122,0,0.0024,5.28,0,0.8209,flood,0,130 DEG. INSERT DRILLS - PURPLE COATING (CHANGE SFM TO 75 FOR GOLD).csv
LTH-03,Okuma LNC8,,4000,11,Default Preset,drill,1045 Steel (P),P,Drill,drilling,roughing,conventional,0.821,2,291,1356,0,0.0047,12.76,0,0.8209,flood,0,130 DEG. INSERT DRILLS - PURPLE COATING (CHANGE SFM TO 75 FOR GOLD).csv
LTH-03,Okuma LNC8,,4000,11,Default Preset,drill,1045 Steel (P),P,Peck,drilling,roughing,plunge,0.821,2,204,949,0,0.0024,4.46,0,0.8209,flood,0,130 DEG. INSERT DRILLS - PURPLE COATING (CHANGE SFM TO 75 FOR GOLD).csv
LTH-03,Okuma LNC8,,4000,11,Default Preset,drill,4140/4340 Alloy (P),P,Drill,drilling,roughing,conventional,0.821,2,265,1233,0,0.0047,11.6,0,0.8209,flood,0,130 DEG. INSERT DRILLS - PURPLE COATING (CHANGE SFM TO 75 FOR GOLD).csv
LTH-03,Okuma LNC8,,4000,11,Default Preset,drill,4140/4340 Alloy (P),P,Peck,drilling,roughing,plunge,0.821,2,185,863,0,0.0024,4.06,0,0.8209,flood,0,130 DEG. INSERT DRILLS - PURPLE COATING (CHANGE SFM TO 75 FOR GOLD).csv
LTH-03,Okuma LNC8,,4000,11,Default Preset,drill,1018 Steel (P),P,Drill,drilling,roughing,conventional,0.838,2,344,1570,0,0.0047,14.9,0,0.8382,flood,0,130 DEG. INSERT DRILLS - PURPLE COATING (CHANGE SFM TO 75 FOR GOLD).csv
LTH-03,Okuma LNC8,,4000,11,Default Preset,drill,1018 Steel (P),P,Peck,drilling,roughing,plunge,0.838,2,241,1099,0,0.0024,5.21,0,0.8382,flood,0,130 DEG. INSERT DRILLS - PURPLE COATING (CHANGE SFM TO 75 FOR GOLD).csv
LTH-03,Okuma LNC8,,4000,11,Default Preset,drill,1045 Steel (P),P,Drill,drilling,roughing,conventional,0.838,2,291,1329,0,0.0047,12.61,0,0.8382,flood,0,130 DEG. INSERT DRILLS - PURPLE COATING (CHANGE SFM TO 75 FOR GOLD).csv
LTH-03,Okuma LNC8,,4000,11,Default Preset,drill,1045 Steel (P),P,Peck,drilling,roughing,plunge,0.838,2,204,930,0,0.0024,4.41,0,0.8382,flood,0,130 DEG. INSERT DRILLS - PURPLE COATING (CHANGE SFM TO 75 FOR GOLD).csv
LTH-03,Okuma LNC8,,4000,11,Default Preset,drill,4140/4340 Alloy (P),P,Drill,drilling,roughing,conventional,0.838,2,265,1208,0,0.0047,11.46,0,0.8382,flood,0,130 DEG. INSERT DRILLS - PURPLE COATING (CHANGE SFM TO 75 FOR GOLD).csv
LTH-03,Okuma LNC8,,4000,11,Default Preset,drill,4140/4340 Alloy (P),P,Peck,drilling,roughing,plunge,0.838,2,185,846,0,0.0024,4.01,0,0.8382,flood,0,130 DEG. INSERT DRILLS - PURPLE COATING (CHANGE SFM TO 75 FOR GOLD).csv
LTH-03,Okuma LNC8,,4000,11,Default Preset,drill,1018 Steel (P),P,Drill,drilling,roughing,conventional,0.843,2,344,1561,0,0.0048,14.87,0,0.8429,flood,0,130 DEG. INSERT DRILLS - PURPLE COATING (CHANGE SFM TO 75 FOR GOLD).csv
LTH-03,Okuma LNC8,,4000,11,Default Preset,drill,1018 Steel (P),P,Peck,drilling,roughing,plunge,0.843,2,241,1093,0,0.0024,5.21,0,0.8429,flood,0,130 DEG. INSERT DRILLS - PURPLE COATING (CHANGE SFM TO 75 FOR GOLD).csv
LTH-03,Okuma LNC8,,4000,11,Default Preset,drill,1045 Steel (P),P,Drill,drilling,roughing,conventional,0.843,2,291,1321,0,0.0048,12.59,0,0.8429,flood,0,130 DEG. INSERT DRILLS - PURPLE COATING (CHANGE SFM TO 75 FOR GOLD).csv
LTH-03,Okuma LNC8,,4000,11,Default Preset,drill,1045 Steel (P),P,Peck,drilling,roughing,plunge,0.843,2,204,925,0,0.0024,4.41,0,0.8429,flood,0,130 DEG. INSERT DRILLS - PURPLE COATING (CHANGE SFM TO 75 FOR GOLD).csv
LTH-03,Okuma LNC8,,4000,11,Default Preset,drill,4140/4340 Alloy (P),P,Drill,drilling,roughing,conventional,0.843,2,265,1201,0,0.0048,11.44,0,0.8429,flood,0,130 DEG. INSERT DRILLS - PURPLE COATING (CHANGE SFM TO 75 FOR GOLD).csv
LTH-03,Okuma LNC8,,4000,11,Default Preset,drill,4140/4340 Alloy (P),P,Peck,drilling,roughing,plunge,0.843,2,185,840,0,0.0024,4,0,0.8429,flood,0,130 DEG. INSERT DRILLS - PURPLE COATING (CHANGE SFM TO 75 FOR GOLD).csv
LTH-03,Okuma LNC8,,4000,11,Default Preset,drill,1018 Steel (P),P,Drill,drilling,roughing,conventional,0.859,2,344,1532,0,0.0048,14.72,0,0.8591,flood,0,130 DEG. INSERT DRILLS - PURPLE COATING (CHANGE SFM TO 75 FOR GOLD).csv
LTH-03,Okuma LNC8,,4000,11,Default Preset,drill,1018 Steel (P),P,Peck,drilling,roughing,plunge,0.859,2,241,1072,0,0.0024,5.15,0,0.8591,flood,0,130 DEG. INSERT DRILLS - PURPLE COATING (CHANGE SFM TO 75 FOR GOLD).csv
LTH-03,Okuma LNC8,,4000,11,Default Preset,drill,1045 Steel (P),P,Drill,drilling,roughing,conventional,0.859,2,291,1296,0,0.0048,12.45,0,0.8591,flood,0,130 DEG. INSERT DRILLS - PURPLE COATING (CHANGE SFM TO 75 FOR GOLD).csv
LTH-03,Okuma LNC8,,4000,11,Default Preset,drill,1045 Steel (P),P,Peck,drilling,roughing,plunge,0.859,2,204,907,0,0.0024,4.36,0,0.8591,flood,0,130 DEG. INSERT DRILLS - PURPLE COATING (CHANGE SFM TO 75 FOR GOLD).csv
LTH-03,Okuma LNC8,,4000,11,Default Preset,drill,4140/4340 Alloy (P),P,Drill,drilling,roughing,conventional,0.859,2,265,1178,0,0.0048,11.32,0,0.8591,flood,0,130 DEG. INSERT DRILLS - PURPLE COATING (CHANGE SFM TO 75 FOR GOLD).csv
LTH-03,Okuma LNC8,,4000,11,Default Preset,drill,4140/4340 Alloy (P),P,Peck,drilling,roughing,plunge,0.859,2,185,825,0,0.0024,3.96,0,0.8591,flood,0,130 DEG. INSERT DRILLS - PURPLE COATING (CHANGE SFM TO 75 FOR GOLD).csv
LTH-03,Okuma LNC8,,4000,11,Default Preset,drill,1018 Steel (P),P,Drill,drilling,roughing,conventional,0.875,2,344,1504,0,0.0048,14.57,0,0.8752,flood,0,130 DEG. INSERT DRILLS - PURPLE COATING (CHANGE SFM TO 75 FOR GOLD).csv
LTH-03,Okuma LNC8,,4000,11,Default Preset,drill,1018 Steel (P),P,Peck,drilling,roughing,plunge,0.875,2,241,1053,0,0.0024,5.1,0,0.8752,flood,0,130 DEG. INSERT DRILLS - PURPLE COATING (CHANGE SFM TO 75 FOR GOLD).csv
LTH-03,Okuma LNC8,,4000,11,Default Preset,drill,1045 Steel (P),P,Drill,drilling,roughing,conventional,0.875,2,291,1272,0,0.0048,12.32,0,0.8752,flood,0,130 DEG. INSERT DRILLS - PURPLE COATING (CHANGE SFM TO 75 FOR GOLD).csv
LTH-03,Okuma LNC8,,4000,11,Default Preset,drill,1045 Steel (P),P,Peck,drilling,roughing,plunge,0.875,2,204,891,0,0.0024,4.31,0,0.8752,flood,0,130 DEG. INSERT DRILLS - PURPLE COATING (CHANGE SFM TO 75 FOR GOLD).csv
LTH-03,Okuma LNC8,,4000,11,Default Preset,drill,4140/4340 Alloy (P),P,Drill,drilling,roughing,conventional,0.875,2,265,1157,0,0.0048,11.21,0,0.8752,flood,0,130 DEG. INSERT DRILLS - PURPLE COATING (CHANGE SFM TO 75 FOR GOLD).csv
LTH-03,Okuma LNC8,,4000,11,Default Preset,drill,4140/4340 Alloy (P),P,Peck,drilling,roughing,plunge,0.875,2,185,810,0,0.0024,3.92,0,0.8752,flood,0,130 DEG. INSERT DRILLS - PURPLE COATING (CHANGE SFM TO 75 FOR GOLD).csv
LTH-03,Okuma LNC8,,4000,11,Default Preset,drill,1018 Steel (P),P,Drill,drilling,roughing,conventional,0.893,2,344,1474,0,0.0049,14.39,0,0.8929,flood,0,130 DEG. INSERT DRILLS - PURPLE COATING (CHANGE SFM TO 75 FOR GOLD).csv
LTH-03,Okuma LNC8,,4000,11,Default Preset,drill,1018 Steel (P),P,Peck,drilling,roughing,plunge,0.893,2,241,1031,0,0.0024,5.03,0,0.8929,flood,0,130 DEG. INSERT DRILLS - PURPLE COATING (CHANGE SFM TO 75 FOR GOLD).csv
LTH-03,Okuma LNC8,,4000,11,Default Preset,drill,1045 Steel (P),P,Drill,drilling,roughing,conventional,0.893,2,291,1247,0,0.0049,12.18,0,0.8929,flood,0,130 DEG. INSERT DRILLS - PURPLE COATING (CHANGE SFM TO 75 FOR GOLD).csv
LTH-03,Okuma LNC8,,4000,11,Default Preset,drill,1045 Steel (P),P,Peck,drilling,roughing,plunge,0.893,2,204,873,0,0.0024,4.26,0,0.8929,flood,0,130 DEG. INSERT DRILLS - PURPLE COATING (CHANGE SFM TO 75 FOR GOLD).csv
LTH-03,Okuma LNC8,,4000,11,Default Preset,drill,4140/4340 Alloy (P),P,Drill,drilling,roughing,conventional,0.893,2,265,1133,0,0.0049,11.06,0,0.8929,flood,0,130 DEG. INSERT DRILLS - PURPLE COATING (CHANGE SFM TO 75 FOR GOLD).csv
LTH-03,Okuma LNC8,,4000,11,Default Preset,drill,4140/4340 Alloy (P),P,Peck,drilling,roughing,plunge,0.893,2,185,793,0,0.0024,3.87,0,0.8929,flood,0,130 DEG. INSERT DRILLS - PURPLE COATING (CHANGE SFM TO 75 FOR GOLD).csv
LTH-03,Okuma LNC8,,4000,11,Default Preset,drill,1018 Steel (P),P,Drill,drilling,roughing,conventional,0.906,2,344,1452,0,0.0049,14.29,0,0.9059,flood,0,130 DEG. INSERT DRILLS - PURPLE COATING (CHANGE SFM TO 75 FOR GOLD).csv
LTH-03,Okuma LNC8,,4000,11,Default Preset,drill,1018 Steel (P),P,Peck,drilling,roughing,plunge,0.906,2,241,1017,0,0.0025,5,0,0.9059,flood,0,130 DEG. INSERT DRILLS - PURPLE COATING (CHANGE SFM TO 75 FOR GOLD).csv
LTH-03,Okuma LNC8,,4000,11,Default Preset,drill,1045 Steel (P),P,Drill,drilling,roughing,conventional,0.906,2,291,1229,0,0.0049,12.1,0,0.9059,flood,0,130 DEG. INSERT DRILLS - PURPLE COATING (CHANGE SFM TO 75 FOR GOLD).csv
LTH-03,Okuma LNC8,,4000,11,Default Preset,drill,1045 Steel (P),P,Peck,drilling,roughing,plunge,0.906,2,204,860,0,0.0025,4.23,0,0.9059,flood,0,130 DEG. INSERT DRILLS - PURPLE COATING (CHANGE SFM TO 75 FOR GOLD).csv
LTH-03,Okuma LNC8,,4000,11,Default Preset,drill,4140/4340 Alloy (P),P,Drill,drilling,roughing,conventional,0.906,2,265,1117,0,0.0049,10.99,0,0.9059,flood,0,130 DEG. INSERT DRILLS - PURPLE COATING (CHANGE SFM TO 75 FOR GOLD).csv
LTH-03,Okuma LNC8,,4000,11,Default Preset,drill,4140/4340 Alloy (P),P,Peck,drilling,roughing,plunge,0.906,2,185,782,0,0.0025,3.85,0,0.9059,flood,0,130 DEG. INSERT DRILLS - PURPLE COATING (CHANGE SFM TO 75 FOR GOLD).csv
LTH-03,Okuma LNC8,,4000,11,Default Preset,drill,1018 Steel (P),P,Drill,drilling,roughing,conventional,0.925,2,344,1423,0,0.005,14.17,0,0.9252,flood,0,130 DEG. INSERT DRILLS - PURPLE COATING (CHANGE SFM TO 75 FOR GOLD).csv
LTH-03,Okuma LNC8,,4000,11,Default Preset,drill,1018 Steel (P),P,Peck,drilling,roughing,plunge,0.925,2,241,996,0,0.0025,4.96,0,0.9252,flood,0,130 DEG. INSERT DRILLS - PURPLE COATING (CHANGE SFM TO 75 FOR GOLD).csv
LTH-03,Okuma LNC8,,4000,11,Default Preset,drill,1045 Steel (P),P,Drill,drilling,roughing,conventional,0.925,2,291,1204,0,0.005,11.99,0,0.9252,flood,0,130 DEG. INSERT DRILLS - PURPLE COATING (CHANGE SFM TO 75 FOR GOLD).csv
LTH-03,Okuma LNC8,,4000,11,Default Preset,drill,1045 Steel (P),P,Peck,drilling,roughing,plunge,0.925,2,204,843,0,0.0025,4.2,0,0.9252,flood,0,130 DEG. INSERT DRILLS - PURPLE COATING (CHANGE SFM TO 75 FOR GOLD).csv
LTH-03,Okuma LNC8,,4000,11,Default Preset,drill,4140/4340 Alloy (P),P,Drill,drilling,roughing,conventional,0.925,2,265,1094,0,0.005,10.9,0,0.9252,flood,0,130 DEG. INSERT DRILLS - PURPLE COATING (CHANGE SFM TO 75 FOR GOLD).csv
LTH-03,Okuma LNC8,,4000,11,Default Preset,drill,4140/4340 Alloy (P),P,Peck,drilling,roughing,plunge,0.925,2,185,766,0,0.0025,3.81,0,0.9252,flood,0,130 DEG. INSERT DRILLS - PURPLE COATING (CHANGE SFM TO 75 FOR GOLD).csv
LTH-03,Okuma LNC8,,4000,11,Default Preset,drill,1018 Steel (P),P,Drill,drilling,roughing,conventional,0.9375,2,344,1404,0,0.005,14.1,0,0.9374,flood,0,130 DEG. INSERT DRILLS - PURPLE COATING (CHANGE SFM TO 75 FOR GOLD).csv
LTH-03,Okuma LNC8,,4000,11,Default Preset,drill,1018 Steel (P),P,Peck,drilling,roughing,plunge,0.9375,2,241,982,0,0.0025,4.93,0,0.9374,flood,0,130 DEG. INSERT DRILLS - PURPLE COATING (CHANGE SFM TO 75 FOR GOLD).csv
LTH-03,Okuma LNC8,,4000,11,Default Preset,drill,1045 Steel (P),P,Drill,drilling,roughing,conventional,0.9375,2,291,1188,0,0.005,11.93,0,0.9374,flood,0,130 DEG. INSERT DRILLS - PURPLE COATING (CHANGE SFM TO 75 FOR GOLD).csv
LTH-03,Okuma LNC8,,4000,11,Default Preset,drill,1045 Steel (P),P,Peck,drilling,roughing,plunge,0.9375,2,204,831,0,0.0025,4.17,0,0.9374,flood,0,130 DEG. INSERT DRILLS - PURPLE COATING (CHANGE SFM TO 75 FOR GOLD).csv
LTH-03,Okuma LNC8,,4000,11,Default Preset,drill,4140/4340 Alloy (P),P,Drill,drilling,roughing,conventional,0.9375,2,265,1080,0,0.005,10.84,0,0.9374,flood,0,130 DEG. INSERT DRILLS - PURPLE COATING (CHANGE SFM TO 75 FOR GOLD).csv
LTH-03,Okuma LNC8,,4000,11,Default Preset,drill,4140/4340 Alloy (P),P,Peck,drilling,roughing,plunge,0.9375,2,185,756,0,0.0025,3.79,0,0.9374,flood,0,130 DEG. INSERT DRILLS - PURPLE COATING (CHANGE SFM TO 75 FOR GOLD).csv
LTH-03,Okuma LNC8,,4000,11,Default Preset,drill,1018 Steel (P),P,Drill,drilling,roughing,conventional,0.9449,2,344,1393,0,0.005,14.04,0,0.9449,flood,0,130 DEG. INSERT DRILLS - PURPLE COATING (CHANGE SFM TO 75 FOR GOLD).csv
LTH-03,Okuma LNC8,,4000,11,Default Preset,drill,1018 Steel (P),P,Peck,drilling,roughing,plunge,0.9449,2,241,975,0,0.0025,4.91,0,0.9449,flood,0,130 DEG. INSERT DRILLS - PURPLE COATING (CHANGE SFM TO 75 FOR GOLD).csv
LTH-03,Okuma LNC8,,4000,11,Default Preset,drill,1045 Steel (P),P,Drill,drilling,roughing,conventional,0.9449,2,291,1178,0,0.005,11.87,0,0.9449,flood,0,130 DEG. INSERT DRILLS - PURPLE COATING (CHANGE SFM TO 75 FOR GOLD).csv
LTH-03,Okuma LNC8,,4000,11,Default Preset,drill,1045 Steel (P),P,Peck,drilling,roughing,plunge,0.9449,2,204,825,0,0.0025,4.16,0,0.9449,flood,0,130 DEG. INSERT DRILLS - PURPLE COATING (CHANGE SFM TO 75 FOR GOLD).csv
LTH-03,Okuma LNC8,,4000,11,Default Preset,drill,4140/4340 Alloy (P),P,Drill,drilling,roughing,conventional,0.9449,2,265,1071,0,0.005,10.79,0,0.9449,flood,0,130 DEG. INSERT DRILLS - PURPLE COATING (CHANGE SFM TO 75 FOR GOLD).csv
LTH-03,Okuma LNC8,,4000,11,Default Preset,drill,4140/4340 Alloy (P),P,Peck,drilling,roughing,plunge,0.9449,2,185,750,0,0.0025,3.78,0,0.9449,flood,0,130 DEG. INSERT DRILLS - PURPLE COATING (CHANGE SFM TO 75 FOR GOLD).csv
LTH-03,Okuma LNC8,,4000,11,Default Preset,drill,1018 Steel (P),P,Drill,drilling,roughing,conventional,0.968,2,344,1359,0,0.0051,13.86,0,0.9681,flood,0,130 DEG. INSERT DRILLS - PURPLE COATING (CHANGE SFM TO 75 FOR GOLD).csv
LTH-03,Okuma LNC8,,4000,11,Default Preset,drill,1018 Steel (P),P,Peck,drilling,roughing,plunge,0.968,2,241,952,0,0.0025,4.85,0,0.9681,flood,0,130 DEG. INSERT DRILLS - PURPLE COATING (CHANGE SFM TO 75 FOR GOLD).csv
LTH-03,Okuma LNC8,,4000,11,Default Preset,drill,1045 Steel (P),P,Drill,drilling,roughing,conventional,0.968,2,291,1150,0,0.0051,11.73,0,0.9681,flood,0,130 DEG. INSERT DRILLS - PURPLE COATING (CHANGE SFM TO 75 FOR GOLD).csv
LTH-03,Okuma LNC8,,4000,11,Default Preset,drill,1045 Steel (P),P,Peck,drilling,roughing,plunge,0.968,2,204,805,0,0.0025,4.1,0,0.9681,flood,0,130 DEG. INSERT DRILLS - PURPLE COATING (CHANGE SFM TO 75 FOR GOLD).csv
LTH-03,Okuma LNC8,,4000,11,Default Preset,drill,4140/4340 Alloy (P),P,Drill,drilling,roughing,conventional,0.968,2,265,1046,0,0.0051,10.67,0,0.9681,flood,0,130 DEG. INSERT DRILLS - PURPLE COATING (CHANGE SFM TO 75 FOR GOLD).csv
LTH-03,Okuma LNC8,,4000,11,Default Preset,drill,4140/4340 Alloy (P),P,Peck,drilling,roughing,plunge,0.968,2,185,732,0,0.0025,3.73,0,0.9681,flood,0,130 DEG. INSERT DRILLS - PURPLE COATING (CHANGE SFM TO 75 FOR GOLD).csv
LTH-03,Okuma LNC8,,4000,11,Default Preset,drill,1018 Steel (P),P,Drill,drilling,roughing,conventional,0.981,2,344,1341,0,0.0051,13.78,0,0.9811,flood,0,130 DEG. INSERT DRILLS - PURPLE COATING (CHANGE SFM TO 75 FOR GOLD).csv
LTH-03,Okuma LNC8,,4000,11,Default Preset,drill,1018 Steel (P),P,Peck,drilling,roughing,plunge,0.981,2,241,939,0,0.0026,4.82,0,0.9811,flood,0,130 DEG. INSERT DRILLS - PURPLE COATING (CHANGE SFM TO 75 FOR GOLD).csv
LTH-03,Okuma LNC8,,4000,11,Default Preset,drill,1045 Steel (P),P,Drill,drilling,roughing,conventional,0.981,2,291,1135,0,0.0051,11.66,0,0.9811,flood,0,130 DEG. INSERT DRILLS - PURPLE COATING (CHANGE SFM TO 75 FOR GOLD).csv
LTH-03,Okuma LNC8,,4000,11,Default Preset,drill,1045 Steel (P),P,Peck,drilling,roughing,plunge,0.981,2,204,794,0,0.0026,4.08,0,0.9811,flood,0,130 DEG. INSERT DRILLS - PURPLE COATING (CHANGE SFM TO 75 FOR GOLD).csv
LTH-03,Okuma LNC8,,4000,11,Default Preset,drill,4140/4340 Alloy (P),P,Drill,drilling,roughing,conventional,0.981,2,265,1032,0,0.0051,10.6,0,0.9811,flood,0,130 DEG. INSERT DRILLS - PURPLE COATING (CHANGE SFM TO 75 FOR GOLD).csv
LTH-03,Okuma LNC8,,4000,11,Default Preset,drill,4140/4340 Alloy (P),P,Peck,drilling,roughing,plunge,0.981,2,185,722,0,0.0026,3.71,0,0.9811,flood,0,130 DEG. INSERT DRILLS - PURPLE COATING (CHANGE SFM TO 75 FOR GOLD).csv
LTH-03,Okuma LNC8,,4000,11,Default Preset,drill,1018 Steel (P),P,Drill,drilling,roughing,conventional,0.984,2,344,1337,0,0.0051,13.74,0,0.9839,flood,0,130 DEG. INSERT DRILLS - PURPLE COATING (CHANGE SFM TO 75 FOR GOLD).csv
LTH-03,Okuma LNC8,,4000,11,Default Preset,drill,1018 Steel (P),P,Peck,drilling,roughing,plunge,0.984,2,241,936,0,0.0026,4.81,0,0.9839,flood,0,130 DEG. INSERT DRILLS - PURPLE COATING (CHANGE SFM TO 75 FOR GOLD).csv
LTH-03,Okuma LNC8,,4000,11,Default Preset,drill,1045 Steel (P),P,Drill,drilling,roughing,conventional,0.984,2,291,1132,0,0.0051,11.63,0,0.9839,flood,0,130 DEG. INSERT DRILLS - PURPLE COATING (CHANGE SFM TO 75 FOR GOLD).csv
LTH-03,Okuma LNC8,,4000,11,Default Preset,drill,1045 Steel (P),P,Peck,drilling,roughing,plunge,0.984,2,204,792,0,0.0026,4.07,0,0.9839,flood,0,130 DEG. INSERT DRILLS - PURPLE COATING (CHANGE SFM TO 75 FOR GOLD).csv
LTH-03,Okuma LNC8,,4000,11,Default Preset,drill,4140/4340 Alloy (P),P,Drill,drilling,roughing,conventional,0.984,2,265,1029,0,0.0051,10.57,0,0.9839,flood,0,130 DEG. INSERT DRILLS - PURPLE COATING (CHANGE SFM TO 75 FOR GOLD).csv
LTH-03,Okuma LNC8,,4000,11,Default Preset,drill,4140/4340 Alloy (P),P,Peck,drilling,roughing,plunge,0.984,2,185,720,0,0.0026,3.7,0,0.9839,flood,0,130 DEG. INSERT DRILLS - PURPLE COATING (CHANGE SFM TO 75 FOR GOLD).csv
LTH-03,Okuma LNC8,,4000,11,Default Preset,drill,1018 Steel (P),P,Drill,drilling,roughing,conventional,1,2,344,1316,0,0.0052,13.63,0,1,flood,0,130 DEG. INSERT DRILLS - PURPLE COATING (CHANGE SFM TO 75 FOR GOLD).csv
LTH-03,Okuma LNC8,,4000,11,Default Preset,drill,1018 Steel (P),P,Peck,drilling,roughing,plunge,1,2,241,921,0,0.0026,4.77,0,1,flood,0,130 DEG. INSERT DRILLS - PURPLE COATING (CHANGE SFM TO 75 FOR GOLD).csv
LTH-03,Okuma LNC8,,4000,11,Default Preset,drill,1045 Steel (P),P,Drill,drilling,roughing,conventional,1,2,291,1113,0,0.0052,11.52,0,1,flood,0,130 DEG. INSERT DRILLS - PURPLE COATING (CHANGE SFM TO 75 FOR GOLD).csv
LTH-03,Okuma LNC8,,4000,11,Default Preset,drill,1045 Steel (P),P,Peck,drilling,roughing,plunge,1,2,204,779,0,0.0026,4.03,0,1,flood,0,130 DEG. INSERT DRILLS - PURPLE COATING (CHANGE SFM TO 75 FOR GOLD).csv
LTH-03,Okuma LNC8,,4000,11,Default Preset,drill,4140/4340 Alloy (P),P,Drill,drilling,roughing,conventional,1,2,265,1012,0,0.0052,10.48,0,1,flood,0,130 DEG. INSERT DRILLS - PURPLE COATING (CHANGE SFM TO 75 FOR GOLD).csv
LTH-03,Okuma LNC8,,4000,11,Default Preset,drill,4140/4340 Alloy (P),P,Peck,drilling,roughing,plunge,1,2,185,709,0,0.0026,3.67,0,1,flood,0,130 DEG. INSERT DRILLS - PURPLE COATING (CHANGE SFM TO 75 FOR GOLD).csv
LTH-03,Okuma LNC8,,4000,11,Default Preset,drill,1018 Steel (P),P,Drill,drilling,roughing,conventional,1.063,2,344,1238,0,0.0053,13.11,0,1.063,flood,0,130 DEG. INSERT DRILLS - PURPLE COATING (CHANGE SFM TO 75 FOR GOLD).csv
LTH-03,Okuma LNC8,,4000,11,Default Preset,drill,1018 Steel (P),P,Peck,drilling,roughing,plunge,1.063,2,241,867,0,0.0026,4.59,0,1.063,flood,0,130 DEG. INSERT DRILLS - PURPLE COATING (CHANGE SFM TO 75 FOR GOLD).csv
LTH-03,Okuma LNC8,,4000,11,Default Preset,drill,1045 Steel (P),P,Drill,drilling,roughing,conventional,1.063,2,291,1047,0,0.0053,11.09,0,1.063,flood,0,130 DEG. INSERT DRILLS - PURPLE COATING (CHANGE SFM TO 75 FOR GOLD).csv
LTH-03,Okuma LNC8,,4000,11,Default Preset,drill,1045 Steel (P),P,Peck,drilling,roughing,plunge,1.063,2,204,733,0,0.0026,3.88,0,1.063,flood,0,130 DEG. INSERT DRILLS - PURPLE COATING (CHANGE SFM TO 75 FOR GOLD).csv
LTH-03,Okuma LNC8,,4000,11,Default Preset,drill,4140/4340 Alloy (P),P,Drill,drilling,roughing,conventional,1.063,2,265,952,0,0.0053,10.08,0,1.063,flood,0,130 DEG. INSERT DRILLS - PURPLE COATING (CHANGE SFM TO 75 FOR GOLD).csv
LTH-03,Okuma LNC8,,4000,11,Default Preset,drill,4140/4340 Alloy (P),P,Peck,drilling,roughing,plunge,1.063,2,185,667,0,0.0026,3.53,0,1.063,flood,0,130 DEG. INSERT DRILLS - PURPLE COATING (CHANGE SFM TO 75 FOR GOLD).csv
LTH-03,Okuma LNC8,,4000,11,Default Preset,drill,1018 Steel (P),P,Drill,drilling,roughing,conventional,1.093,2,344,1204,0,0.0054,12.89,0,1.0929,flood,0,130 DEG. INSERT DRILLS - PURPLE COATING (CHANGE SFM TO 75 FOR GOLD).csv
LTH-03,Okuma LNC8,,4000,11,Default Preset,drill,1018 Steel (P),P,Peck,drilling,roughing,plunge,1.093,2,241,843,0,0.0027,4.51,0,1.0929,flood,0,130 DEG. INSERT DRILLS - PURPLE COATING (CHANGE SFM TO 75 FOR GOLD).csv
LTH-03,Okuma LNC8,,4000,11,Default Preset,drill,1045 Steel (P),P,Drill,drilling,roughing,conventional,1.093,2,291,1019,0,0.0054,10.91,0,1.0929,flood,0,130 DEG. INSERT DRILLS - PURPLE COATING (CHANGE SFM TO 75 FOR GOLD).csv
LTH-03,Okuma LNC8,,4000,11,Default Preset,drill,1045 Steel (P),P,Peck,drilling,roughing,plunge,1.093,2,204,713,0,0.0027,3.82,0,1.0929,flood,0,130 DEG. INSERT DRILLS - PURPLE COATING (CHANGE SFM TO 75 FOR GOLD).csv
LTH-03,Okuma LNC8,,4000,11,Default Preset,drill,4140/4340 Alloy (P),P,Drill,drilling,roughing,conventional,1.093,2,265,926,0,0.0054,9.92,0,1.0929,flood,0,130 DEG. INSERT DRILLS - PURPLE COATING (CHANGE SFM TO 75 FOR GOLD).csv
LTH-03,Okuma LNC8,,4000,11,Default Preset,drill,4140/4340 Alloy (P),P,Peck,drilling,roughing,plunge,1.093,2,185,648,0,0.0027,3.47,0,1.0929,flood,0,130 DEG. INSERT DRILLS - PURPLE COATING (CHANGE SFM TO 75 FOR GOLD).csv
LTH-03,Okuma LNC8,,4000,11,Default Preset,drill,1018 Steel (P),P,Drill,drilling,roughing,conventional,1.156,2,344,1138,0,0.0055,12.46,0,1.1559,flood,0,130 DEG. INSERT DRILLS - PURPLE COATING (CHANGE SFM TO 75 FOR GOLD).csv
LTH-03,Okuma LNC8,,4000,11,Default Preset,drill,1018 Steel (P),P,Peck,drilling,roughing,plunge,1.156,2,241,797,0,0.0027,4.36,0,1.1559,flood,0,130 DEG. INSERT DRILLS - PURPLE COATING (CHANGE SFM TO 75 FOR GOLD).csv
LTH-03,Okuma LNC8,,4000,11,Default Preset,drill,1045 Steel (P),P,Drill,drilling,roughing,conventional,1.156,2,291,963,0,0.0055,10.54,0,1.1559,flood,0,130 DEG. INSERT DRILLS - PURPLE COATING (CHANGE SFM TO 75 FOR GOLD).csv
LTH-03,Okuma LNC8,,4000,11,Default Preset,drill,1045 Steel (P),P,Peck,drilling,roughing,plunge,1.156,2,204,674,0,0.0027,3.69,0,1.1559,flood,0,130 DEG. INSERT DRILLS - PURPLE COATING (CHANGE SFM TO 75 FOR GOLD).csv
LTH-03,Okuma LNC8,,4000,11,Default Preset,drill,4140/4340 Alloy (P),P,Drill,drilling,roughing,conventional,1.156,2,265,876,0,0.0055,9.59,0,1.1559,flood,0,130 DEG. INSERT DRILLS - PURPLE COATING (CHANGE SFM TO 75 FOR GOLD).csv
LTH-03,Okuma LNC8,,4000,11,Default Preset,drill,4140/4340 Alloy (P),P,Peck,drilling,roughing,plunge,1.156,2,185,613,0,0.0027,3.35,0,1.1559,flood,0,130 DEG. INSERT DRILLS - PURPLE COATING (CHANGE SFM TO 75 FOR GOLD).csv
LTH-03,Okuma LNC8,,4000,11,Default Preset,drill,1018 Steel (P),P,Drill,drilling,roughing,conventional,1.218,2,344,1080,0,0.0056,12.08,0,1.2181,flood,0,130 DEG. INSERT DRILLS - PURPLE COATING (CHANGE SFM TO 75 FOR GOLD).csv
LTH-03,Okuma LNC8,,4000,11,Default Preset,drill,1018 Steel (P),P,Peck,drilling,roughing,plunge,1.218,2,241,756,0,0.0028,4.23,0,1.2181,flood,0,130 DEG. INSERT DRILLS - PURPLE COATING (CHANGE SFM TO 75 FOR GOLD).csv
LTH-03,Okuma LNC8,,4000,11,Default Preset,drill,1045 Steel (P),P,Drill,drilling,roughing,conventional,1.218,2,291,914,0,0.0056,10.22,0,1.2181,flood,0,130 DEG. INSERT DRILLS - PURPLE COATING (CHANGE SFM TO 75 FOR GOLD).csv
LTH-03,Okuma LNC8,,4000,11,Default Preset,drill,1045 Steel (P),P,Peck,drilling,roughing,plunge,1.218,2,204,640,0,0.0028,3.58,0,1.2181,flood,0,130 DEG. INSERT DRILLS - PURPLE COATING (CHANGE SFM TO 75 FOR GOLD).csv
LTH-03,Okuma LNC8,,4000,11,Default Preset,drill,4140/4340 Alloy (P),P,Drill,drilling,roughing,conventional,1.218,2,265,831,0,0.0056,9.29,0,1.2181,flood,0,130 DEG. INSERT DRILLS - PURPLE COATING (CHANGE SFM TO 75 FOR GOLD).csv
LTH-03,Okuma LNC8,,4000,11,Default Preset,drill,4140/4340 Alloy (P),P,Peck,drilling,roughing,plunge,1.218,2,185,582,0,0.0028,3.25,0,1.2181,flood,0,130 DEG. INSERT DRILLS - PURPLE COATING (CHANGE SFM TO 75 FOR GOLD).csv
LTH-03,Okuma LNC8,,4000,11,Default Preset,drill,1018 Steel (P),P,Drill,drilling,roughing,conventional,1.281,2,344,1027,0,0.0057,11.73,0,1.2811,flood,0,130 DEG. INSERT DRILLS - PURPLE COATING (CHANGE SFM TO 75 FOR GOLD).csv
LTH-03,Okuma LNC8,,4000,11,Default Preset,drill,1018 Steel (P),P,Peck,drilling,roughing,plunge,1.281,2,241,719,0,0.0029,4.1,0,1.2811,flood,0,130 DEG. INSERT DRILLS - PURPLE COATING (CHANGE SFM TO 75 FOR GOLD).csv
LTH-03,Okuma LNC8,,4000,11,Default Preset,drill,1045 Steel (P),P,Drill,drilling,roughing,conventional,1.281,2,291,869,0,0.0057,9.92,0,1.2811,flood,0,130 DEG. INSERT DRILLS - PURPLE COATING (CHANGE SFM TO 75 FOR GOLD).csv
LTH-03,Okuma LNC8,,4000,11,Default Preset,drill,1045 Steel (P),P,Peck,drilling,roughing,plunge,1.281,2,204,608,0,0.0029,3.47,0,1.2811,flood,0,130 DEG. INSERT DRILLS - PURPLE COATING (CHANGE SFM TO 75 FOR GOLD).csv
LTH-03,Okuma LNC8,,4000,11,Default Preset,drill,4140/4340 Alloy (P),P,Drill,drilling,roughing,conventional,1.281,2,265,790,0,0.0057,9.02,0,1.2811,flood,0,130 DEG. INSERT DRILLS - PURPLE COATING (CHANGE SFM TO 75 FOR GOLD).csv
LTH-03,Okuma LNC8,,4000,11,Default Preset,drill,4140/4340 Alloy (P),P,Peck,drilling,roughing,plunge,1.281,2,185,553,0,0.0029,3.16,0,1.2811,flood,0,130 DEG. INSERT DRILLS - PURPLE COATING (CHANGE SFM TO 75 FOR GOLD).csv
LTH-03,Okuma LNC8,,4000,11,Default Preset,drill,1018 Steel (P),P,Drill,drilling,roughing,conventional,1.3125,2,344,1003,0,0.0058,11.57,0,1.3126,flood,0,130 DEG. INSERT DRILLS - PURPLE COATING (CHANGE SFM TO 75 FOR GOLD).csv
LTH-03,Okuma LNC8,,4000,11,Default Preset,drill,1018 Steel (P),P,Peck,drilling,roughing,plunge,1.3125,2,241,702,0,0.0029,4.05,0,1.3126,flood,0,130 DEG. INSERT DRILLS - PURPLE COATING (CHANGE SFM TO 75 FOR GOLD).csv
LTH-03,Okuma LNC8,,4000,11,Default Preset,drill,1045 Steel (P),P,Drill,drilling,roughing,conventional,1.3125,2,291,848,0,0.0058,9.78,0,1.3126,flood,0,130 DEG. INSERT DRILLS - PURPLE COATING (CHANGE SFM TO 75 FOR GOLD).csv
LTH-03,Okuma LNC8,,4000,11,Default Preset,drill,1045 Steel (P),P,Peck,drilling,roughing,plunge,1.3125,2,204,594,0,0.0029,3.43,0,1.3126,flood,0,130 DEG. INSERT DRILLS - PURPLE COATING (CHANGE SFM TO 75 FOR GOLD).csv
LTH-03,Okuma LNC8,,4000,11,Default Preset,drill,4140/4340 Alloy (P),P,Drill,drilling,roughing,conventional,1.3125,2,265,771,0,0.0058,8.89,0,1.3126,flood,0,130 DEG. INSERT DRILLS - PURPLE COATING (CHANGE SFM TO 75 FOR GOLD).csv
LTH-03,Okuma LNC8,,4000,11,Default Preset,drill,4140/4340 Alloy (P),P,Peck,drilling,roughing,plunge,1.3125,2,185,540,0,0.0029,3.11,0,1.3126,flood,0,130 DEG. INSERT DRILLS - PURPLE COATING (CHANGE SFM TO 75 FOR GOLD).csv
LTH-03,Okuma LNC8,,4000,11,Default Preset,drill,1018 Steel (P),P,Drill,drilling,roughing,conventional,1.35,2,344,975,0,0.0058,11.36,0,1.35,flood,0,130 DEG. INSERT DRILLS - PURPLE COATING (CHANGE SFM TO 75 FOR GOLD).csv
LTH-03,Okuma LNC8,,4000,11,Default Preset,drill,1018 Steel (P),P,Peck,drilling,roughing,plunge,1.35,2,241,682,0,0.0029,3.97,0,1.35,flood,0,130 DEG. INSERT DRILLS - PURPLE COATING (CHANGE SFM TO 75 FOR GOLD).csv
LTH-03,Okuma LNC8,,4000,11,Default Preset,drill,1045 Steel (P),P,Drill,drilling,roughing,conventional,1.35,2,291,825,0,0.0058,9.61,0,1.35,flood,0,130 DEG. INSERT DRILLS - PURPLE COATING (CHANGE SFM TO 75 FOR GOLD).csv
LTH-03,Okuma LNC8,,4000,11,Default Preset,drill,1045 Steel (P),P,Peck,drilling,roughing,plunge,1.35,2,204,577,0,0.0029,3.36,0,1.35,flood,0,130 DEG. INSERT DRILLS - PURPLE COATING (CHANGE SFM TO 75 FOR GOLD).csv
LTH-03,Okuma LNC8,,4000,11,Default Preset,drill,4140/4340 Alloy (P),P,Drill,drilling,roughing,conventional,1.35,2,265,750,0,0.0058,8.74,0,1.35,flood,0,130 DEG. INSERT DRILLS - PURPLE COATING (CHANGE SFM TO 75 FOR GOLD).csv
LTH-03,Okuma LNC8,,4000,11,Default Preset,drill,4140/4340 Alloy (P),P,Peck,drilling,roughing,plunge,1.35,2,185,525,0,0.0029,3.06,0,1.35,flood,0,130 DEG. INSERT DRILLS - PURPLE COATING (CHANGE SFM TO 75 FOR GOLD).csv
LTH-03,Okuma LNC8,,4000,11,Default Preset,drill,1018 Steel (P),P,Drill,drilling,roughing,conventional,1.406,2,344,936,0,0.0059,11.09,0,1.4059,flood,0,130 DEG. INSERT DRILLS - PURPLE COATING (CHANGE SFM TO 75 FOR GOLD).csv
LTH-03,Okuma LNC8,,4000,11,Default Preset,drill,1018 Steel (P),P,Peck,drilling,roughing,plunge,1.406,2,241,655,0,0.003,3.88,0,1.4059,flood,0,130 DEG. INSERT DRILLS - PURPLE COATING (CHANGE SFM TO 75 FOR GOLD).csv
LTH-03,Okuma LNC8,,4000,11,Default Preset,drill,1045 Steel (P),P,Drill,drilling,roughing,conventional,1.406,2,291,792,0,0.0059,9.39,0,1.4059,flood,0,130 DEG. INSERT DRILLS - PURPLE COATING (CHANGE SFM TO 75 FOR GOLD).csv
LTH-03,Okuma LNC8,,4000,11,Default Preset,drill,1045 Steel (P),P,Peck,drilling,roughing,plunge,1.406,2,204,554,0,0.003,3.28,0,1.4059,flood,0,130 DEG. INSERT DRILLS - PURPLE COATING (CHANGE SFM TO 75 FOR GOLD).csv
LTH-03,Okuma LNC8,,4000,11,Default Preset,drill,4140/4340 Alloy (P),P,Drill,drilling,roughing,conventional,1.406,2,265,720,0,0.0059,8.53,0,1.4059,flood,0,130 DEG. INSERT DRILLS - PURPLE COATING (CHANGE SFM TO 75 FOR GOLD).csv
LTH-03,Okuma LNC8,,4000,11,Default Preset,drill,4140/4340 Alloy (P),P,Peck,drilling,roughing,plunge,1.406,2,185,504,0,0.003,2.99,0,1.4059,flood,0,130 DEG. INSERT DRILLS - PURPLE COATING (CHANGE SFM TO 75 FOR GOLD).csv
LTH-03,Okuma LNC8,,4000,11,Default Preset,drill,1018 Steel (P),P,Drill,drilling,roughing,conventional,0.5,2,344,2632,0,0.0036,19.17,0,0.5,flood,0,130 DEG. INSERT DRILLS - PURPLE COATING (CHANGE SFM TO 75 FOR GOLD).csv
LTH-03,Okuma LNC8,,4000,11,Default Preset,drill,1018 Steel (P),P,Peck,drilling,roughing,plunge,0.5,2,241,1842,0,0.0018,6.71,0,0.5,flood,0,130 DEG. INSERT DRILLS - PURPLE COATING (CHANGE SFM TO 75 FOR GOLD).csv
LTH-03,Okuma LNC8,,4000,11,Default Preset,drill,1045 Steel (P),P,Drill,drilling,roughing,conventional,0.5,2,291,2227,0,0.0036,16.22,0,0.5,flood,0,130 DEG. INSERT DRILLS - PURPLE COATING (CHANGE SFM TO 75 FOR GOLD).csv
LTH-03,Okuma LNC8,,4000,11,Default Preset,drill,1045 Steel (P),P,Peck,drilling,roughing,plunge,0.5,2,204,1559,0,0.0018,5.68,0,0.5,flood,0,130 DEG. INSERT DRILLS - PURPLE COATING (CHANGE SFM TO 75 FOR GOLD).csv
LTH-03,Okuma LNC8,,4000,11,Default Preset,drill,4140/4340 Alloy (P),P,Drill,drilling,roughing,conventional,0.5,2,265,2024,0,0.0036,14.74,0,0.5,flood,0,130 DEG. INSERT DRILLS - PURPLE COATING (CHANGE SFM TO 75 FOR GOLD).csv
LTH-03,Okuma LNC8,,4000,11,Default Preset,drill,4140/4340 Alloy (P),P,Peck,drilling,roughing,plunge,0.5,2,185,1417,0,0.0018,5.16,0,0.5,flood,0,130 DEG. INSERT DRILLS - PURPLE COATING (CHANGE SFM TO 75 FOR GOLD).csv
LTH-03,Okuma LNC8,,4000,11,Default Preset,drill,1018 Steel (P),P,Drill,drilling,roughing,conventional,0.515,2,344,2555,0,0.0037,18.81,0,0.515,flood,0,130 DEG. INSERT DRILLS - PURPLE COATING (CHANGE SFM TO 75 FOR GOLD).csv
LTH-03,Okuma LNC8,,4000,11,Default Preset,drill,1018 Steel (P),P,Peck,drilling,roughing,plunge,0.515,2,241,1789,0,0.0018,6.59,0,0.515,flood,0,130 DEG. INSERT DRILLS - PURPLE COATING (CHANGE SFM TO 75 FOR GOLD).csv
LTH-03,Okuma LNC8,,4000,11,Default Preset,drill,1045 Steel (P),P,Drill,drilling,roughing,conventional,0.515,2,291,2162,0,0.0037,15.92,0,0.515,flood,0,130 DEG. INSERT DRILLS - PURPLE COATING (CHANGE SFM TO 75 FOR GOLD).csv
LTH-03,Okuma LNC8,,4000,11,Default Preset,drill,1045 Steel (P),P,Peck,drilling,roughing,plunge,0.515,2,204,1513,0,0.0018,5.57,0,0.515,flood,0,130 DEG. INSERT DRILLS - PURPLE COATING (CHANGE SFM TO 75 FOR GOLD).csv
LTH-03,Okuma LNC8,,4000,11,Default Preset,drill,4140/4340 Alloy (P),P,Drill,drilling,roughing,conventional,0.515,2,265,1965,0,0.0037,14.47,0,0.515,flood,0,130 DEG. INSERT DRILLS - PURPLE COATING (CHANGE SFM TO 75 FOR GOLD).csv
LTH-03,Okuma LNC8,,4000,11,Default Preset,drill,4140/4340 Alloy (P),P,Peck,drilling,roughing,plunge,0.515,2,185,1376,0,0.0018,5.07,0,0.515,flood,0,130 DEG. INSERT DRILLS - PURPLE COATING (CHANGE SFM TO 75 FOR GOLD).csv
LTH-03,Okuma LNC8,,4000,11,Default Preset,drill,1018 Steel (P),P,Drill,drilling,roughing,conventional,0.868,2,344,1516,0,0.0048,14.62,0,0.8681,flood,0,130 DEG. INSERT DRILLS - PURPLE COATING (CHANGE SFM TO 75 FOR GOLD).csv
LTH-03,Okuma LNC8,,4000,11,Default Preset,drill,1018 Steel (P),P,Peck,drilling,roughing,plunge,0.868,2,241,1061,0,0.0024,5.12,0,0.8681,flood,0,130 DEG. INSERT DRILLS - PURPLE COATING (CHANGE SFM TO 75 FOR GOLD).csv
LTH-03,Okuma LNC8,,4000,11,Default Preset,drill,1045 Steel (P),P,Drill,drilling,roughing,conventional,0.868,2,291,1283,0,0.0048,12.38,0,0.8681,flood,0,130 DEG. INSERT DRILLS - PURPLE COATING (CHANGE SFM TO 75 FOR GOLD).csv
LTH-03,Okuma LNC8,,4000,11,Default Preset,drill,1045 Steel (P),P,Peck,drilling,roughing,plunge,0.868,2,204,898,0,0.0024,4.33,0,0.8681,flood,0,130 DEG. INSERT DRILLS - PURPLE COATING (CHANGE SFM TO 75 FOR GOLD).csv
LTH-03,Okuma LNC8,,4000,11,Default Preset,drill,4140/4340 Alloy (P),P,Drill,drilling,roughing,conventional,0.868,2,265,1166,0,0.0048,11.25,0,0.8681,flood,0,130 DEG. INSERT DRILLS - PURPLE COATING (CHANGE SFM TO 75 FOR GOLD).csv
LTH-03,Okuma LNC8,,4000,11,Default Preset,drill,4140/4340 Alloy (P),P,Peck,drilling,roughing,plunge,0.868,2,185,816,0,0.0024,3.94,0,0.8681,flood,0,130 DEG. INSERT DRILLS - PURPLE COATING (CHANGE SFM TO 75 FOR GOLD).csv
LTH-03,Okuma LNC8,,4000,11,Default Preset,drill,1018 Steel (P),P,Drill,drilling,roughing,conventional,1.015,2,344,1296,0,0.0052,13.47,0,1.015,flood,0,130 DEG. INSERT DRILLS - PURPLE COATING (CHANGE SFM TO 75 FOR GOLD).csv
LTH-03,Okuma LNC8,,4000,11,Default Preset,drill,1018 Steel (P),P,Peck,drilling,roughing,plunge,1.015,2,241,907,0,0.0026,4.71,0,1.015,flood,0,130 DEG. INSERT DRILLS - PURPLE COATING (CHANGE SFM TO 75 FOR GOLD).csv
LTH-03,Okuma LNC8,,4000,11,Default Preset,drill,1045 Steel (P),P,Drill,drilling,roughing,conventional,1.015,2,291,1097,0,0.0052,11.4,0,1.015,flood,0,130 DEG. INSERT DRILLS - PURPLE COATING (CHANGE SFM TO 75 FOR GOLD).csv
LTH-03,Okuma LNC8,,4000,11,Default Preset,drill,1045 Steel (P),P,Peck,drilling,roughing,plunge,1.015,2,204,768,0,0.0026,3.99,0,1.015,flood,0,130 DEG. INSERT DRILLS - PURPLE COATING (CHANGE SFM TO 75 FOR GOLD).csv
LTH-03,Okuma LNC8,,4000,11,Default Preset,drill,4140/4340 Alloy (P),P,Drill,drilling,roughing,conventional,1.015,2,265,997,0,0.0052,10.36,0,1.015,flood,0,130 DEG. INSERT DRILLS - PURPLE COATING (CHANGE SFM TO 75 FOR GOLD).csv
LTH-03,Okuma LNC8,,4000,11,Default Preset,drill,4140/4340 Alloy (P),P,Peck,drilling,roughing,plunge,1.015,2,185,698,0,0.0026,3.63,0,1.015,flood,0,130 DEG. INSERT DRILLS - PURPLE COATING (CHANGE SFM TO 75 FOR GOLD).csv
LTH-03,Okuma LNC8,,4000,11,Default Preset,drill,1018 Steel (P),P,Drill,drilling,roughing,conventional,1.031,2,344,1276,0,0.0052,13.36,0,1.0311,flood,0,130 DEG. INSERT DRILLS - PURPLE COATING (CHANGE SFM TO 75 FOR GOLD).csv
LTH-03,Okuma LNC8,,4000,11,Default Preset,drill,1018 Steel (P),P,Peck,drilling,roughing,plunge,1.031,2,241,893,0,0.0026,4.68,0,1.0311,flood,0,130 DEG. INSERT DRILLS - PURPLE COATING (CHANGE SFM TO 75 FOR GOLD).csv
LTH-03,Okuma LNC8,,4000,11,Default Preset,drill,1045 Steel (P),P,Drill,drilling,roughing,conventional,1.031,2,291,1080,0,0.0052,11.31,0,1.0311,flood,0,130 DEG. INSERT DRILLS - PURPLE COATING (CHANGE SFM TO 75 FOR GOLD).csv
LTH-03,Okuma LNC8,,4000,11,Default Preset,drill,1045 Steel (P),P,Peck,drilling,roughing,plunge,1.031,2,204,756,0,0.0026,3.96,0,1.0311,flood,0,130 DEG. INSERT DRILLS - PURPLE COATING (CHANGE SFM TO 75 FOR GOLD).csv
LTH-03,Okuma LNC8,,4000,11,Default Preset,drill,4140/4340 Alloy (P),P,Drill,drilling,roughing,conventional,1.031,2,265,982,0,0.0052,10.28,0,1.0311,flood,0,130 DEG. INSERT DRILLS - PURPLE COATING (CHANGE SFM TO 75 FOR GOLD).csv
LTH-03,Okuma LNC8,,4000,11,Default Preset,drill,4140/4340 Alloy (P),P,Peck,drilling,roughing,plunge,1.031,2,185,687,0,0.0026,3.6,0,1.0311,flood,0,130 DEG. INSERT DRILLS - PURPLE COATING (CHANGE SFM TO 75 FOR GOLD).csv
LTH-03,Okuma LNC8,,4000,11,Default Preset,drill,1018 Steel (P),P,Drill,drilling,roughing,conventional,1.125,2,344,1170,0,0.0054,12.67,0,1.1252,flood,0,130 DEG. INSERT DRILLS - PURPLE COATING (CHANGE SFM TO 75 FOR GOLD).csv
LTH-03,Okuma LNC8,,4000,11,Default Preset,drill,1018 Steel (P),P,Peck,drilling,roughing,plunge,1.125,2,241,819,0,0.0027,4.43,0,1.1252,flood,0,130 DEG. INSERT DRILLS - PURPLE COATING (CHANGE SFM TO 75 FOR GOLD).csv
LTH-03,Okuma LNC8,,4000,11,Default Preset,drill,1045 Steel (P),P,Drill,drilling,roughing,conventional,1.125,2,291,990,0,0.0054,10.72,0,1.1252,flood,0,130 DEG. INSERT DRILLS - PURPLE COATING (CHANGE SFM TO 75 FOR GOLD).csv
LTH-03,Okuma LNC8,,4000,11,Default Preset,drill,1045 Steel (P),P,Peck,drilling,roughing,plunge,1.125,2,204,693,0,0.0027,3.75,0,1.1252,flood,0,130 DEG. INSERT DRILLS - PURPLE COATING (CHANGE SFM TO 75 FOR GOLD).csv
LTH-03,Okuma LNC8,,4000,11,Default Preset,drill,4140/4340 Alloy (P),P,Drill,drilling,roughing,conventional,1.125,2,265,900,0,0.0054,9.74,0,1.1252,flood,0,130 DEG. INSERT DRILLS - PURPLE COATING (CHANGE SFM TO 75 FOR GOLD).csv
LTH-03,Okuma LNC8,,4000,11,Default Preset,drill,4140/4340 Alloy (P),P,Peck,drilling,roughing,plunge,1.125,2,185,630,0,0.0027,3.41,0,1.1252,flood,0,130 DEG. INSERT DRILLS - PURPLE COATING (CHANGE SFM TO 75 FOR GOLD).csv
LTH-03,Okuma LNC8,,4000,11,Default Preset,drill,1018 Steel (P),P,Drill,drilling,roughing,conventional,1.1875,2,344,1108,0,0.0055,12.26,0,1.1874,flood,0,130 DEG. INSERT DRILLS - PURPLE COATING (CHANGE SFM TO 75 FOR GOLD).csv
LTH-03,Okuma LNC8,,4000,11,Default Preset,drill,1018 Steel (P),P,Peck,drilling,roughing,plunge,1.1875,2,241,776,0,0.0028,4.29,0,1.1874,flood,0,130 DEG. INSERT DRILLS - PURPLE COATING (CHANGE SFM TO 75 FOR GOLD).csv
LTH-03,Okuma LNC8,,4000,11,Default Preset,drill,1045 Steel (P),P,Drill,drilling,roughing,conventional,1.1875,2,291,938,0,0.0055,10.38,0,1.1874,flood,0,130 DEG. INSERT DRILLS - PURPLE COATING (CHANGE SFM TO 75 FOR GOLD).csv
LTH-03,Okuma LNC8,,4000,11,Default Preset,drill,1045 Steel (P),P,Peck,drilling,roughing,plunge,1.1875,2,204,656,0,0.0028,3.63,0,1.1874,flood,0,130 DEG. INSERT DRILLS - PURPLE COATING (CHANGE SFM TO 75 FOR GOLD).csv
LTH-03,Okuma LNC8,,4000,11,Default Preset,drill,4140/4340 Alloy (P),P,Drill,drilling,roughing,conventional,1.1875,2,265,852,0,0.0055,9.43,0,1.1874,flood,0,130 DEG. INSERT DRILLS - PURPLE COATING (CHANGE SFM TO 75 FOR GOLD).csv
LTH-03,Okuma LNC8,,4000,11,Default Preset,drill,4140/4340 Alloy (P),P,Peck,drilling,roughing,plunge,1.1875,2,185,597,0,0.0028,3.3,0,1.1874,flood,0,130 DEG. INSERT DRILLS - PURPLE COATING (CHANGE SFM TO 75 FOR GOLD).csv
LTH-03,Okuma LNC8,,4000,11,Default Preset,drill,1018 Steel (P),P,Drill,drilling,roughing,conventional,1.234,2,344,1066,0,0.0056,11.96,0,1.2339,flood,0,130 DEG. INSERT DRILLS - PURPLE COATING (CHANGE SFM TO 75 FOR GOLD).csv
LTH-03,Okuma LNC8,,4000,11,Default Preset,drill,1018 Steel (P),P,Peck,drilling,roughing,plunge,1.234,2,241,746,0,0.0028,4.19,0,1.2339,flood,0,130 DEG. INSERT DRILLS - PURPLE COATING (CHANGE SFM TO 75 FOR GOLD).csv
LTH-03,Okuma LNC8,,4000,11,Default Preset,drill,1045 Steel (P),P,Drill,drilling,roughing,conventional,1.234,2,291,902,0,0.0056,10.12,0,1.2339,flood,0,130 DEG. INSERT DRILLS - PURPLE COATING (CHANGE SFM TO 75 FOR GOLD).csv
LTH-03,Okuma LNC8,,4000,11,Default Preset,drill,1045 Steel (P),P,Peck,drilling,roughing,plunge,1.234,2,204,632,0,0.0028,3.55,0,1.2339,flood,0,130 DEG. INSERT DRILLS - PURPLE COATING (CHANGE SFM TO 75 FOR GOLD).csv
LTH-03,Okuma LNC8,,4000,11,Default Preset,drill,4140/4340 Alloy (P),P,Drill,drilling,roughing,conventional,1.234,2,265,820,0,0.0056,9.2,0,1.2339,flood,0,130 DEG. INSERT DRILLS - PURPLE COATING (CHANGE SFM TO 75 FOR GOLD).csv
LTH-03,Okuma LNC8,,4000,11,Default Preset,drill,4140/4340 Alloy (P),P,Peck,drilling,roughing,plunge,1.234,2,185,574,0,0.0028,3.22,0,1.2339,flood,0,130 DEG. INSERT DRILLS - PURPLE COATING (CHANGE SFM TO 75 FOR GOLD).csv
LTH-03,Okuma LNC8,,4000,11,Default Preset,drill,1018 Steel (P),P,Drill,drilling,roughing,conventional,1.375,2,344,957,0,0.0059,11.23,0,1.3748,flood,0,130 DEG. INSERT DRILLS - PURPLE COATING (CHANGE SFM TO 75 FOR GOLD).csv
LTH-03,Okuma LNC8,,4000,11,Default Preset,drill,1018 Steel (P),P,Peck,drilling,roughing,plunge,1.375,2,241,670,0,0.0029,3.93,0,1.3748,flood,0,130 DEG. INSERT DRILLS - PURPLE COATING (CHANGE SFM TO 75 FOR GOLD).csv
LTH-03,Okuma LNC8,,4000,11,Default Preset,drill,1045 Steel (P),P,Drill,drilling,roughing,conventional,1.375,2,291,810,0,0.0059,9.5,0,1.3748,flood,0,130 DEG. INSERT DRILLS - PURPLE COATING (CHANGE SFM TO 75 FOR GOLD).csv
LTH-03,Okuma LNC8,,4000,11,Default Preset,drill,1045 Steel (P),P,Peck,drilling,roughing,plunge,1.375,2,204,567,0,0.0029,3.33,0,1.3748,flood,0,130 DEG. INSERT DRILLS - PURPLE COATING (CHANGE SFM TO 75 FOR GOLD).csv
LTH-03,Okuma LNC8,,4000,11,Default Preset,drill,4140/4340 Alloy (P),P,Drill,drilling,roughing,conventional,1.375,2,265,736,0,0.0059,8.63,0,1.3748,flood,0,130 DEG. INSERT DRILLS - PURPLE COATING (CHANGE SFM TO 75 FOR GOLD).csv
LTH-03,Okuma LNC8,,4000,11,Default Preset,drill,4140/4340 Alloy (P),P,Peck,drilling,roughing,plunge,1.375,2,185,515,0,0.0029,3.02,0,1.3748,flood,0,130 DEG. INSERT DRILLS - PURPLE COATING (CHANGE SFM TO 75 FOR GOLD).csv
LTH-03,Okuma LNC8,,4000,11,Default Preset,drill,1018 Steel (P),P,Drill,drilling,roughing,conventional,1.5,2,344,877,0,0.0061,10.67,0,1.5,flood,0,130 DEG. INSERT DRILLS - PURPLE COATING (CHANGE SFM TO 75 FOR GOLD).csv
LTH-03,Okuma LNC8,,4000,11,Default Preset,drill,1018 Steel (P),P,Peck,drilling,roughing,plunge,1.5,2,241,614,0,0.003,3.73,0,1.5,flood,0,130 DEG. INSERT DRILLS - PURPLE COATING (CHANGE SFM TO 75 FOR GOLD).csv
LTH-03,Okuma LNC8,,4000,11,Default Preset,drill,1045 Steel (P),P,Drill,drilling,roughing,conventional,1.5,2,291,742,0,0.0061,9.03,0,1.5,flood,0,130 DEG. INSERT DRILLS - PURPLE COATING (CHANGE SFM TO 75 FOR GOLD).csv
LTH-03,Okuma LNC8,,4000,11,Default Preset,drill,1045 Steel (P),P,Peck,drilling,roughing,plunge,1.5,2,204,520,0,0.003,3.16,0,1.5,flood,0,130 DEG. INSERT DRILLS - PURPLE COATING (CHANGE SFM TO 75 FOR GOLD).csv
LTH-03,Okuma LNC8,,4000,11,Default Preset,drill,4140/4340 Alloy (P),P,Drill,drilling,roughing,conventional,1.5,2,265,675,0,0.0061,8.21,0,1.5,flood,0,130 DEG. INSERT DRILLS - PURPLE COATING (CHANGE SFM TO 75 FOR GOLD).csv
LTH-03,Okuma LNC8,,4000,11,Default Preset,drill,4140/4340 Alloy (P),P,Peck,drilling,roughing,plunge,1.5,2,185,472,0,0.003,2.87,0,1.5,flood,0,130 DEG. INSERT DRILLS - PURPLE COATING (CHANGE SFM TO 75 FOR GOLD).csv
LTH-03,Okuma LNC8,,4000,11,Default Preset,drill,1018 Steel (P),P,Drill,drilling,roughing,conventional,0.4375,2,344,3008,0,0.0033,19.9,0,0.4374,flood,0,180 DEG. INSERT DRILLS (FLAT).csv
LTH-03,Okuma LNC8,,4000,11,Default Preset,drill,1018 Steel (P),P,Peck,drilling,roughing,plunge,0.4375,2,241,2105,0,0.0017,6.96,0,0.4374,flood,0,180 DEG. INSERT DRILLS (FLAT).csv
LTH-03,Okuma LNC8,,4000,11,Default Preset,drill,1045 Steel (P),P,Drill,drilling,roughing,conventional,0.4375,2,291,2545,0,0.0033,16.83,0,0.4374,flood,0,180 DEG. INSERT DRILLS (FLAT).csv
LTH-03,Okuma LNC8,,4000,11,Default Preset,drill,1045 Steel (P),P,Peck,drilling,roughing,plunge,0.4375,2,204,1781,0,0.0017,5.89,0,0.4374,flood,0,180 DEG. INSERT DRILLS (FLAT).csv
LTH-03,Okuma LNC8,,4000,11,Default Preset,drill,4140/4340 Alloy (P),P,Drill,drilling,roughing,conventional,0.4375,2,265,2314,0,0.0033,15.31,0,0.4374,flood,0,180 DEG. INSERT DRILLS (FLAT).csv
LTH-03,Okuma LNC8,,4000,11,Default Preset,drill,4140/4340 Alloy (P),P,Peck,drilling,roughing,plunge,0.4375,2,185,1620,0,0.0017,5.36,0,0.4374,flood,0,180 DEG. INSERT DRILLS (FLAT).csv
LTH-03,Okuma LNC8,,4000,11,Default Preset,drill,1018 Steel (P),P,Drill,drilling,roughing,conventional,0.4688,2,344,2807,0,0.0035,19.78,0,0.4689,flood,0,180 DEG. INSERT DRILLS (FLAT).csv
LTH-03,Okuma LNC8,,4000,11,Default Preset,drill,1018 Steel (P),P,Peck,drilling,roughing,plunge,0.4688,2,241,1965,0,0.0018,6.92,0,0.4689,flood,0,180 DEG. INSERT DRILLS (FLAT).csv
LTH-03,Okuma LNC8,,4000,11,Default Preset,drill,1045 Steel (P),P,Drill,drilling,roughing,conventional,0.4688,2,291,2375,0,0.0035,16.74,0,0.4689,flood,0,180 DEG. INSERT DRILLS (FLAT).csv
LTH-03,Okuma LNC8,,4000,11,Default Preset,drill,1045 Steel (P),P,Peck,drilling,roughing,plunge,0.4688,2,204,1663,0,0.0018,5.86,0,0.4689,flood,0,180 DEG. INSERT DRILLS (FLAT).csv
LTH-03,Okuma LNC8,,4000,11,Default Preset,drill,4140/4340 Alloy (P),P,Drill,drilling,roughing,conventional,0.4688,2,265,2159,0,0.0035,15.21,0,0.4689,flood,0,180 DEG. INSERT DRILLS (FLAT).csv
LTH-03,Okuma LNC8,,4000,11,Default Preset,drill,4140/4340 Alloy (P),P,Peck,drilling,roughing,plunge,0.4688,2,185,1511,0,0.0018,5.32,0,0.4689,flood,0,180 DEG. INSERT DRILLS (FLAT).csv
LTH-03,Okuma LNC8,,4000,11,Default Preset,drill,1018 Steel (P),P,Drill,drilling,roughing,conventional,0.48,2,344,2741,0,0.0036,19.53,0,0.4799,flood,0,180 DEG. INSERT DRILLS (FLAT).csv
LTH-03,Okuma LNC8,,4000,11,Default Preset,drill,1018 Steel (P),P,Peck,drilling,roughing,plunge,0.48,2,241,1919,0,0.0018,6.84,0,0.4799,flood,0,180 DEG. INSERT DRILLS (FLAT).csv
LTH-03,Okuma LNC8,,4000,11,Default Preset,drill,1045 Steel (P),P,Drill,drilling,roughing,conventional,0.48,2,291,2320,0,0.0036,16.53,0,0.4799,flood,0,180 DEG. INSERT DRILLS (FLAT).csv
LTH-03,Okuma LNC8,,4000,11,Default Preset,drill,1045 Steel (P),P,Peck,drilling,roughing,plunge,0.48,2,204,1624,0,0.0018,5.79,0,0.4799,flood,0,180 DEG. INSERT DRILLS (FLAT).csv
LTH-03,Okuma LNC8,,4000,11,Default Preset,drill,4140/4340 Alloy (P),P,Drill,drilling,roughing,conventional,0.48,2,265,2109,0,0.0036,15.03,0,0.4799,flood,0,180 DEG. INSERT DRILLS (FLAT).csv
LTH-03,Okuma LNC8,,4000,11,Default Preset,drill,4140/4340 Alloy (P),P,Peck,drilling,roughing,plunge,0.48,2,185,1476,0,0.0018,5.26,0,0.4799,flood,0,180 DEG. INSERT DRILLS (FLAT).csv
LTH-03,Okuma LNC8,,4000,11,Default Preset,drill,1018 Steel (P),P,Drill,drilling,roughing,conventional,0.493,2,344,2669,0,0.0036,19.33,0,0.4929,flood,0,180 DEG. INSERT DRILLS (FLAT).csv
LTH-03,Okuma LNC8,,4000,11,Default Preset,drill,1018 Steel (P),P,Peck,drilling,roughing,plunge,0.493,2,241,1868,0,0.0018,6.77,0,0.4929,flood,0,180 DEG. INSERT DRILLS (FLAT).csv
LTH-03,Okuma LNC8,,4000,11,Default Preset,drill,1045 Steel (P),P,Drill,drilling,roughing,conventional,0.493,2,291,2258,0,0.0036,16.36,0,0.4929,flood,0,180 DEG. INSERT DRILLS (FLAT).csv
LTH-03,Okuma LNC8,,4000,11,Default Preset,drill,1045 Steel (P),P,Peck,drilling,roughing,plunge,0.493,2,204,1581,0,0.0018,5.73,0,0.4929,flood,0,180 DEG. INSERT DRILLS (FLAT).csv
LTH-03,Okuma LNC8,,4000,11,Default Preset,drill,4140/4340 Alloy (P),P,Drill,drilling,roughing,conventional,0.493,2,265,2053,0,0.0036,14.87,0,0.4929,flood,0,180 DEG. INSERT DRILLS (FLAT).csv
LTH-03,Okuma LNC8,,4000,11,Default Preset,drill,4140/4340 Alloy (P),P,Peck,drilling,roughing,plunge,0.493,2,185,1437,0,0.0018,5.2,0,0.4929,flood,0,180 DEG. INSERT DRILLS (FLAT).csv
LTH-03,Okuma LNC8,,4000,11,Default Preset,drill,1018 Steel (P),P,Drill,drilling,roughing,conventional,0.5,2,344,2632,0,0.0036,19.17,0,0.5,flood,0,180 DEG. INSERT DRILLS (FLAT).csv
LTH-03,Okuma LNC8,,4000,11,Default Preset,drill,1018 Steel (P),P,Peck,drilling,roughing,plunge,0.5,2,241,1842,0,0.0018,6.71,0,0.5,flood,0,180 DEG. INSERT DRILLS (FLAT).csv
LTH-03,Okuma LNC8,,4000,11,Default Preset,drill,1045 Steel (P),P,Drill,drilling,roughing,conventional,0.5,2,291,2227,0,0.0036,16.22,0,0.5,flood,0,180 DEG. INSERT DRILLS (FLAT).csv
LTH-03,Okuma LNC8,,4000,11,Default Preset,drill,1045 Steel (P),P,Peck,drilling,roughing,plunge,0.5,2,204,1559,0,0.0018,5.68,0,0.5,flood,0,180 DEG. INSERT DRILLS (FLAT).csv
LTH-03,Okuma LNC8,,4000,11,Default Preset,drill,4140/4340 Alloy (P),P,Drill,drilling,roughing,conventional,0.5,2,265,2024,0,0.0036,14.74,0,0.5,flood,0,180 DEG. INSERT DRILLS (FLAT).csv
LTH-03,Okuma LNC8,,4000,11,Default Preset,drill,4140/4340 Alloy (P),P,Peck,drilling,roughing,plunge,0.5,2,185,1417,0,0.0018,5.16,0,0.5,flood,0,180 DEG. INSERT DRILLS (FLAT).csv
LTH-03,Okuma LNC8,,4000,11,Default Preset,drill,1018 Steel (P),P,Drill,drilling,roughing,conventional,0.515,2,344,2555,0,0.0037,18.81,0,0.515,flood,0,180 DEG. INSERT DRILLS (FLAT).csv
LTH-03,Okuma LNC8,,4000,11,Default Preset,drill,1018 Steel (P),P,Peck,drilling,roughing,plunge,0.515,2,241,1789,0,0.0018,6.59,0,0.515,flood,0,180 DEG. INSERT DRILLS (FLAT).csv
LTH-03,Okuma LNC8,,4000,11,Default Preset,drill,1045 Steel (P),P,Drill,drilling,roughing,conventional,0.515,2,291,2162,0,0.0037,15.92,0,0.515,flood,0,180 DEG. INSERT DRILLS (FLAT).csv
LTH-03,Okuma LNC8,,4000,11,Default Preset,drill,1045 Steel (P),P,Peck,drilling,roughing,plunge,0.515,2,204,1513,0,0.0018,5.57,0,0.515,flood,0,180 DEG. INSERT DRILLS (FLAT).csv
LTH-03,Okuma LNC8,,4000,11,Default Preset,drill,4140/4340 Alloy (P),P,Drill,drilling,roughing,conventional,0.515,2,265,1965,0,0.0037,14.47,0,0.515,flood,0,180 DEG. INSERT DRILLS (FLAT).csv
LTH-03,Okuma LNC8,,4000,11,Default Preset,drill,4140/4340 Alloy (P),P,Peck,drilling,roughing,plunge,0.515,2,185,1376,0,0.0018,5.07,0,0.515,flood,0,180 DEG. INSERT DRILLS (FLAT).csv
LTH-03,Okuma LNC8,,4000,11,Default Preset,drill,1018 Steel (P),P,Drill,drilling,roughing,conventional,0.531,2,344,2478,0,0.0037,18.54,0,0.5311,flood,0,180 DEG. INSERT DRILLS (FLAT).csv
LTH-03,Okuma LNC8,,4000,11,Default Preset,drill,1018 Steel (P),P,Peck,drilling,roughing,plunge,0.531,2,241,1735,0,0.0019,6.49,0,0.5311,flood,0,180 DEG. INSERT DRILLS (FLAT).csv
LTH-03,Okuma LNC8,,4000,11,Default Preset,drill,1045 Steel (P),P,Drill,drilling,roughing,conventional,0.531,2,291,2097,0,0.0037,15.69,0,0.5311,flood,0,180 DEG. INSERT DRILLS (FLAT).csv
LTH-03,Okuma LNC8,,4000,11,Default Preset,drill,1045 Steel (P),P,Peck,drilling,roughing,plunge,0.531,2,204,1468,0,0.0019,5.49,0,0.5311,flood,0,180 DEG. INSERT DRILLS (FLAT).csv
LTH-03,Okuma LNC8,,4000,11,Default Preset,drill,4140/4340 Alloy (P),P,Drill,drilling,roughing,conventional,0.531,2,265,1906,0,0.0037,14.26,0,0.5311,flood,0,180 DEG. INSERT DRILLS (FLAT).csv
LTH-03,Okuma LNC8,,4000,11,Default Preset,drill,4140/4340 Alloy (P),P,Peck,drilling,roughing,plunge,0.531,2,185,1334,0,0.0019,4.99,0,0.5311,flood,0,180 DEG. INSERT DRILLS (FLAT).csv
LTH-03,Okuma LNC8,,4000,11,Default Preset,drill,1018 Steel (P),P,Drill,drilling,roughing,conventional,0.5625,2,344,2339,0,0.0038,17.96,0,0.5626,flood,0,180 DEG. INSERT DRILLS (FLAT).csv
LTH-03,Okuma LNC8,,4000,11,Default Preset,drill,1018 Steel (P),P,Peck,drilling,roughing,plunge,0.5625,2,241,1637,0,0.0019,6.28,0,0.5626,flood,0,180 DEG. INSERT DRILLS (FLAT).csv
LTH-03,Okuma LNC8,,4000,11,Default Preset,drill,1045 Steel (P),P,Drill,drilling,roughing,conventional,0.5625,2,291,1979,0,0.0038,15.19,0,0.5626,flood,0,180 DEG. INSERT DRILLS (FLAT).csv
LTH-03,Okuma LNC8,,4000,11,Default Preset,drill,1045 Steel (P),P,Peck,drilling,roughing,plunge,0.5625,2,204,1386,0,0.0019,5.32,0,0.5626,flood,0,180 DEG. INSERT DRILLS (FLAT).csv
LTH-03,Okuma LNC8,,4000,11,Default Preset,drill,4140/4340 Alloy (P),P,Drill,drilling,roughing,conventional,0.5625,2,265,1799,0,0.0038,13.81,0,0.5626,flood,0,180 DEG. INSERT DRILLS (FLAT).csv
LTH-03,Okuma LNC8,,4000,11,Default Preset,drill,4140/4340 Alloy (P),P,Peck,drilling,roughing,plunge,0.5625,2,185,1260,0,0.0019,4.84,0,0.5626,flood,0,180 DEG. INSERT DRILLS (FLAT).csv
LTH-03,Okuma LNC8,,4000,11,Default Preset,drill,1018 Steel (P),P,Drill,drilling,roughing,conventional,0.57,2,344,2309,0,0.0039,17.91,0,0.5701,flood,0,180 DEG. INSERT DRILLS (FLAT).csv
LTH-03,Okuma LNC8,,4000,11,Default Preset,drill,1018 Steel (P),P,Peck,drilling,roughing,plunge,0.57,2,241,1616,0,0.0019,6.27,0,0.5701,flood,0,180 DEG. INSERT DRILLS (FLAT).csv
LTH-03,Okuma LNC8,,4000,11,Default Preset,drill,1045 Steel (P),P,Drill,drilling,roughing,conventional,0.57,2,291,1953,0,0.0039,15.15,0,0.5701,flood,0,180 DEG. INSERT DRILLS (FLAT).csv
LTH-03,Okuma LNC8,,4000,11,Default Preset,drill,1045 Steel (P),P,Peck,drilling,roughing,plunge,0.57,2,204,1367,0,0.0019,5.3,0,0.5701,flood,0,180 DEG. INSERT DRILLS (FLAT).csv
LTH-03,Okuma LNC8,,4000,11,Default Preset,drill,4140/4340 Alloy (P),P,Drill,drilling,roughing,conventional,0.57,2,265,1776,0,0.0039,13.77,0,0.5701,flood,0,180 DEG. INSERT DRILLS (FLAT).csv
LTH-03,Okuma LNC8,,4000,11,Default Preset,drill,4140/4340 Alloy (P),P,Peck,drilling,roughing,plunge,0.57,2,185,1243,0,0.0019,4.82,0,0.5701,flood,0,180 DEG. INSERT DRILLS (FLAT).csv
LTH-03,Okuma LNC8,,4000,11,Default Preset,drill,1018 Steel (P),P,Drill,drilling,roughing,conventional,0.593,2,344,2219,0,0.004,17.56,0,0.5929,flood,0,180 DEG. INSERT DRILLS (FLAT).csv
LTH-03,Okuma LNC8,,4000,11,Default Preset,drill,1018 Steel (P),P,Peck,drilling,roughing,plunge,0.593,2,241,1553,0,0.002,6.14,0,0.5929,flood,0,180 DEG. INSERT DRILLS (FLAT).csv
LTH-03,Okuma LNC8,,4000,11,Default Preset,drill,1045 Steel (P),P,Drill,drilling,roughing,conventional,0.593,2,291,1878,0,0.004,14.86,0,0.5929,flood,0,180 DEG. INSERT DRILLS (FLAT).csv
LTH-03,Okuma LNC8,,4000,11,Default Preset,drill,1045 Steel (P),P,Peck,drilling,roughing,plunge,0.593,2,204,1314,0,0.002,5.2,0,0.5929,flood,0,180 DEG. INSERT DRILLS (FLAT).csv
LTH-03,Okuma LNC8,,4000,11,Default Preset,drill,4140/4340 Alloy (P),P,Drill,drilling,roughing,conventional,0.593,2,265,1707,0,0.004,13.51,0,0.5929,flood,0,180 DEG. INSERT DRILLS (FLAT).csv
LTH-03,Okuma LNC8,,4000,11,Default Preset,drill,4140/4340 Alloy (P),P,Peck,drilling,roughing,plunge,0.593,2,185,1195,0,0.002,4.73,0,0.5929,flood,0,180 DEG. INSERT DRILLS (FLAT).csv
LTH-03,Okuma LNC8,,4000,11,Default Preset,drill,1018 Steel (P),P,Drill,drilling,roughing,conventional,0.6102,2,344,2156,0,0.004,17.32,0,0.6102,flood,0,180 DEG. INSERT DRILLS (FLAT).csv
LTH-03,Okuma LNC8,,4000,11,Default Preset,drill,1018 Steel (P),P,Peck,drilling,roughing,plunge,0.6102,2,241,1509,0,0.002,6.06,0,0.6102,flood,0,180 DEG. INSERT DRILLS (FLAT).csv
LTH-03,Okuma LNC8,,4000,11,Default Preset,drill,1045 Steel (P),P,Drill,drilling,roughing,conventional,0.6102,2,291,1825,0,0.004,14.66,0,0.6102,flood,0,180 DEG. INSERT DRILLS (FLAT).csv
LTH-03,Okuma LNC8,,4000,11,Default Preset,drill,1045 Steel (P),P,Peck,drilling,roughing,plunge,0.6102,2,204,1277,0,0.002,5.13,0,0.6102,flood,0,180 DEG. INSERT DRILLS (FLAT).csv
LTH-03,Okuma LNC8,,4000,11,Default Preset,drill,4140/4340 Alloy (P),P,Drill,drilling,roughing,conventional,0.6102,2,265,1659,0,0.004,13.32,0,0.6102,flood,0,180 DEG. INSERT DRILLS (FLAT).csv
LTH-03,Okuma LNC8,,4000,11,Default Preset,drill,4140/4340 Alloy (P),P,Peck,drilling,roughing,plunge,0.6102,2,185,1161,0,0.002,4.66,0,0.6102,flood,0,180 DEG. INSERT DRILLS (FLAT).csv
LTH-03,Okuma LNC8,,4000,11,Default Preset,drill,1018 Steel (P),P,Drill,drilling,roughing,conventional,0.625,2,344,2105,0,0.0041,17.07,0,0.6252,flood,0,180 DEG. INSERT DRILLS (FLAT).csv
LTH-03,Okuma LNC8,,4000,11,Default Preset,drill,1018 Steel (P),P,Peck,drilling,roughing,plunge,0.625,2,241,1474,0,0.002,5.98,0,0.6252,flood,0,180 DEG. INSERT DRILLS (FLAT).csv
LTH-03,Okuma LNC8,,4000,11,Default Preset,drill,1045 Steel (P),P,Drill,drilling,roughing,conventional,0.625,2,291,1781,0,0.0041,14.44,0,0.6252,flood,0,180 DEG. INSERT DRILLS (FLAT).csv
LTH-03,Okuma LNC8,,4000,11,Default Preset,drill,1045 Steel (P),P,Peck,drilling,roughing,plunge,0.625,2,204,1247,0,0.002,5.06,0,0.6252,flood,0,180 DEG. INSERT DRILLS (FLAT).csv
LTH-03,Okuma LNC8,,4000,11,Default Preset,drill,4140/4340 Alloy (P),P,Drill,drilling,roughing,conventional,0.625,2,265,1620,0,0.0041,13.14,0,0.6252,flood,0,180 DEG. INSERT DRILLS (FLAT).csv
LTH-03,Okuma LNC8,,4000,11,Default Preset,drill,4140/4340 Alloy (P),P,Peck,drilling,roughing,plunge,0.625,2,185,1134,0,0.002,4.6,0,0.6252,flood,0,180 DEG. INSERT DRILLS (FLAT).csv
LTH-03,Okuma LNC8,,4000,11,Default Preset,drill,1018 Steel (P),P,Drill,drilling,roughing,conventional,0.656,2,344,2006,0,0.0042,16.66,0,0.6559,flood,0,180 DEG. INSERT DRILLS (FLAT).csv
LTH-03,Okuma LNC8,,4000,11,Default Preset,drill,1018 Steel (P),P,Peck,drilling,roughing,plunge,0.656,2,241,1404,0,0.0021,5.83,0,0.6559,flood,0,180 DEG. INSERT DRILLS (FLAT).csv
LTH-03,Okuma LNC8,,4000,11,Default Preset,drill,1045 Steel (P),P,Drill,drilling,roughing,conventional,0.656,2,291,1697,0,0.0042,14.1,0,0.6559,flood,0,180 DEG. INSERT DRILLS (FLAT).csv
LTH-03,Okuma LNC8,,4000,11,Default Preset,drill,1045 Steel (P),P,Peck,drilling,roughing,plunge,0.656,2,204,1188,0,0.0021,4.93,0,0.6559,flood,0,180 DEG. INSERT DRILLS (FLAT).csv
LTH-03,Okuma LNC8,,4000,11,Default Preset,drill,4140/4340 Alloy (P),P,Drill,drilling,roughing,conventional,0.656,2,265,1543,0,0.0042,12.82,0,0.6559,flood,0,180 DEG. INSERT DRILLS (FLAT).csv
LTH-03,Okuma LNC8,,4000,11,Default Preset,drill,4140/4340 Alloy (P),P,Peck,drilling,roughing,plunge,0.656,2,185,1080,0,0.0021,4.49,0,0.6559,flood,0,180 DEG. INSERT DRILLS (FLAT).csv
LTH-03,Okuma LNC8,,4000,11,Default Preset,drill,1018 Steel (P),P,Drill,drilling,roughing,conventional,0.6875,2,344,1914,0,0.0043,16.35,0,0.6874,flood,0,180 DEG. INSERT DRILLS (FLAT).csv
LTH-03,Okuma LNC8,,4000,11,Default Preset,drill,1018 Steel (P),P,Peck,drilling,roughing,plunge,0.6875,2,241,1340,0,0.0021,5.72,0,0.6874,flood,0,180 DEG. INSERT DRILLS (FLAT).csv
LTH-03,Okuma LNC8,,4000,11,Default Preset,drill,1045 Steel (P),P,Drill,drilling,roughing,conventional,0.6875,2,291,1620,0,0.0043,13.84,0,0.6874,flood,0,180 DEG. INSERT DRILLS (FLAT).csv
LTH-03,Okuma LNC8,,4000,11,Default Preset,drill,1045 Steel (P),P,Peck,drilling,roughing,plunge,0.6875,2,204,1134,0,0.0021,4.84,0,0.6874,flood,0,180 DEG. INSERT DRILLS (FLAT).csv
LTH-03,Okuma LNC8,,4000,11,Default Preset,drill,4140/4340 Alloy (P),P,Drill,drilling,roughing,conventional,0.6875,2,265,1472,0,0.0043,12.58,0,0.6874,flood,0,180 DEG. INSERT DRILLS (FLAT).csv
LTH-03,Okuma LNC8,,4000,11,Default Preset,drill,4140/4340 Alloy (P),P,Peck,drilling,roughing,plunge,0.6875,2,185,1031,0,0.0021,4.4,0,0.6874,flood,0,180 DEG. INSERT DRILLS (FLAT).csv
LTH-03,Okuma LNC8,,4000,11,Default Preset,drill,1018 Steel (P),P,Drill,drilling,roughing,conventional,0.708,2,344,1859,0,0.0043,16.1,0,0.7079,flood,0,180 DEG. INSERT DRILLS (FLAT).csv
LTH-03,Okuma LNC8,,4000,11,Default Preset,drill,1018 Steel (P),P,Peck,drilling,roughing,plunge,0.708,2,241,1301,0,0.0022,5.63,0,0.7079,flood,0,180 DEG. INSERT DRILLS (FLAT).csv
LTH-03,Okuma LNC8,,4000,11,Default Preset,drill,1045 Steel (P),P,Drill,drilling,roughing,conventional,0.708,2,291,1573,0,0.0043,13.62,0,0.7079,flood,0,180 DEG. INSERT DRILLS (FLAT).csv
LTH-03,Okuma LNC8,,4000,11,Default Preset,drill,1045 Steel (P),P,Peck,drilling,roughing,plunge,0.708,2,204,1101,0,0.0022,4.77,0,0.7079,flood,0,180 DEG. INSERT DRILLS (FLAT).csv
LTH-03,Okuma LNC8,,4000,11,Default Preset,drill,4140/4340 Alloy (P),P,Drill,drilling,roughing,conventional,0.708,2,265,1430,0,0.0043,12.39,0,0.7079,flood,0,180 DEG. INSERT DRILLS (FLAT).csv
LTH-03,Okuma LNC8,,4000,11,Default Preset,drill,4140/4340 Alloy (P),P,Peck,drilling,roughing,plunge,0.708,2,185,1001,0,0.0022,4.34,0,0.7079,flood,0,180 DEG. INSERT DRILLS (FLAT).csv
LTH-03,Okuma LNC8,,4000,11,Default Preset,drill,1018 Steel (P),P,Drill,drilling,roughing,conventional,0.7188,2,344,1831,0,0.0044,16,0,0.7189,flood,0,180 DEG. INSERT DRILLS (FLAT).csv
LTH-03,Okuma LNC8,,4000,11,Default Preset,drill,1018 Steel (P),P,Peck,drilling,roughing,plunge,0.7188,2,241,1281,0,0.0022,5.6,0,0.7189,flood,0,180 DEG. INSERT DRILLS (FLAT).csv
LTH-03,Okuma LNC8,,4000,11,Default Preset,drill,1045 Steel (P),P,Drill,drilling,roughing,conventional,0.7188,2,291,1549,0,0.0044,13.54,0,0.7189,flood,0,180 DEG. INSERT DRILLS (FLAT).csv
LTH-03,Okuma LNC8,,4000,11,Default Preset,drill,1045 Steel (P),P,Peck,drilling,roughing,plunge,0.7188,2,204,1084,0,0.0022,4.74,0,0.7189,flood,0,180 DEG. INSERT DRILLS (FLAT).csv
LTH-03,Okuma LNC8,,4000,11,Default Preset,drill,4140/4340 Alloy (P),P,Drill,drilling,roughing,conventional,0.7188,2,265,1408,0,0.0044,12.31,0,0.7189,flood,0,180 DEG. INSERT DRILLS (FLAT).csv
LTH-03,Okuma LNC8,,4000,11,Default Preset,drill,4140/4340 Alloy (P),P,Peck,drilling,roughing,plunge,0.7188,2,185,986,0,0.0022,4.31,0,0.7189,flood,0,180 DEG. INSERT DRILLS (FLAT).csv
LTH-03,Okuma LNC8,,4000,11,Default Preset,drill,1018 Steel (P),P,Drill,drilling,roughing,conventional,0.728,2,344,1807,0,0.0044,15.94,0,0.728,flood,0,180 DEG. INSERT DRILLS (FLAT).csv
LTH-03,Okuma LNC8,,4000,11,Default Preset,drill,1018 Steel (P),P,Peck,drilling,roughing,plunge,0.728,2,241,1265,0,0.0022,5.58,0,0.728,flood,0,180 DEG. INSERT DRILLS (FLAT).csv
LTH-03,Okuma LNC8,,4000,11,Default Preset,drill,1045 Steel (P),P,Drill,drilling,roughing,conventional,0.728,2,291,1529,0,0.0044,13.48,0,0.728,flood,0,180 DEG. INSERT DRILLS (FLAT).csv
LTH-03,Okuma LNC8,,4000,11,Default Preset,drill,1045 Steel (P),P,Peck,drilling,roughing,plunge,0.728,2,204,1071,0,0.0022,4.72,0,0.728,flood,0,180 DEG. INSERT DRILLS (FLAT).csv
LTH-03,Okuma LNC8,,4000,11,Default Preset,drill,4140/4340 Alloy (P),P,Drill,drilling,roughing,conventional,0.728,2,265,1390,0,0.0044,12.26,0,0.728,flood,0,180 DEG. INSERT DRILLS (FLAT).csv
LTH-03,Okuma LNC8,,4000,11,Default Preset,drill,4140/4340 Alloy (P),P,Peck,drilling,roughing,plunge,0.728,2,185,973,0,0.0022,4.29,0,0.728,flood,0,180 DEG. INSERT DRILLS (FLAT).csv
LTH-03,Okuma LNC8,,4000,11,Default Preset,drill,1018 Steel (P),P,Drill,drilling,roughing,conventional,0.737,2,344,1785,0,0.0044,15.81,0,0.737,flood,0,180 DEG. INSERT DRILLS (FLAT).csv
LTH-03,Okuma LNC8,,4000,11,Default Preset,drill,1018 Steel (P),P,Peck,drilling,roughing,plunge,0.737,2,241,1250,0,0.0022,5.54,0,0.737,flood,0,180 DEG. INSERT DRILLS (FLAT).csv
LTH-03,Okuma LNC8,,4000,11,Default Preset,drill,1045 Steel (P),P,Drill,drilling,roughing,conventional,0.737,2,291,1511,0,0.0044,13.38,0,0.737,flood,0,180 DEG. INSERT DRILLS (FLAT).csv
LTH-03,Okuma LNC8,,4000,11,Default Preset,drill,1045 Steel (P),P,Peck,drilling,roughing,plunge,0.737,2,204,1058,0,0.0022,4.69,0,0.737,flood,0,180 DEG. INSERT DRILLS (FLAT).csv
LTH-03,Okuma LNC8,,4000,11,Default Preset,drill,4140/4340 Alloy (P),P,Drill,drilling,roughing,conventional,0.737,2,265,1373,0,0.0044,12.16,0,0.737,flood,0,180 DEG. INSERT DRILLS (FLAT).csv
LTH-03,Okuma LNC8,,4000,11,Default Preset,drill,4140/4340 Alloy (P),P,Peck,drilling,roughing,plunge,0.737,2,185,961,0,0.0022,4.26,0,0.737,flood,0,180 DEG. INSERT DRILLS (FLAT).csv
LTH-03,Okuma LNC8,,4000,11,Default Preset,drill,1018 Steel (P),P,Drill,drilling,roughing,conventional,0.75,2,344,1754,0,0.0045,15.74,0,0.75,flood,0,180 DEG. INSERT DRILLS (FLAT).csv
LTH-03,Okuma LNC8,,4000,11,Default Preset,drill,1018 Steel (P),P,Peck,drilling,roughing,plunge,0.75,2,241,1228,0,0.0022,5.51,0,0.75,flood,0,180 DEG. INSERT DRILLS (FLAT).csv
LTH-03,Okuma LNC8,,4000,11,Default Preset,drill,1045 Steel (P),P,Drill,drilling,roughing,conventional,0.75,2,291,1485,0,0.0045,13.33,0,0.75,flood,0,180 DEG. INSERT DRILLS (FLAT).csv
LTH-03,Okuma LNC8,,4000,11,Default Preset,drill,1045 Steel (P),P,Peck,drilling,roughing,plunge,0.75,2,204,1039,0,0.0022,4.66,0,0.75,flood,0,180 DEG. INSERT DRILLS (FLAT).csv
LTH-03,Okuma LNC8,,4000,11,Default Preset,drill,4140/4340 Alloy (P),P,Drill,drilling,roughing,conventional,0.75,2,265,1350,0,0.0045,12.12,0,0.75,flood,0,180 DEG. INSERT DRILLS (FLAT).csv
LTH-03,Okuma LNC8,,4000,11,Default Preset,drill,4140/4340 Alloy (P),P,Peck,drilling,roughing,plunge,0.75,2,185,945,0,0.0022,4.24,0,0.75,flood,0,180 DEG. INSERT DRILLS (FLAT).csv
LTH-03,Okuma LNC8,,4000,11,Default Preset,drill,1018 Steel (P),P,Drill,drilling,roughing,conventional,0.787,2,344,1672,0,0.0046,15.4,0,0.787,flood,0,180 DEG. INSERT DRILLS (FLAT).csv
LTH-03,Okuma LNC8,,4000,11,Default Preset,drill,1018 Steel (P),P,Peck,drilling,roughing,plunge,0.787,2,241,1170,0,0.0023,5.39,0,0.787,flood,0,180 DEG. INSERT DRILLS (FLAT).csv
LTH-03,Okuma LNC8,,4000,11,Default Preset,drill,1045 Steel (P),P,Drill,drilling,roughing,conventional,0.787,2,291,1415,0,0.0046,13.04,0,0.787,flood,0,180 DEG. INSERT DRILLS (FLAT).csv
LTH-03,Okuma LNC8,,4000,11,Default Preset,drill,1045 Steel (P),P,Peck,drilling,roughing,plunge,0.787,2,204,990,0,0.0023,4.56,0,0.787,flood,0,180 DEG. INSERT DRILLS (FLAT).csv
LTH-03,Okuma LNC8,,4000,11,Default Preset,drill,4140/4340 Alloy (P),P,Drill,drilling,roughing,conventional,0.787,2,265,1286,0,0.0046,11.85,0,0.787,flood,0,180 DEG. INSERT DRILLS (FLAT).csv
LTH-03,Okuma LNC8,,4000,11,Default Preset,drill,4140/4340 Alloy (P),P,Peck,drilling,roughing,plunge,0.787,2,185,900,0,0.0023,4.15,0,0.787,flood,0,180 DEG. INSERT DRILLS (FLAT).csv
LTH-03,Okuma LNC8,,4000,11,Default Preset,drill,1018 Steel (P),P,Drill,drilling,roughing,conventional,0.812,2,344,1621,0,0.0047,15.13,0,0.8118,flood,0,180 DEG. INSERT DRILLS (FLAT).csv
LTH-03,Okuma LNC8,,4000,11,Default Preset,drill,1018 Steel (P),P,Peck,drilling,roughing,plunge,0.812,2,241,1134,0,0.0023,5.29,0,0.8118,flood,0,180 DEG. INSERT DRILLS (FLAT).csv
LTH-03,Okuma LNC8,,4000,11,Default Preset,drill,1045 Steel (P),P,Drill,drilling,roughing,conventional,0.812,2,291,1371,0,0.0047,12.79,0,0.8118,flood,0,180 DEG. INSERT DRILLS (FLAT).csv
LTH-03,Okuma LNC8,,4000,11,Default Preset,drill,1045 Steel (P),P,Peck,drilling,roughing,plunge,0.812,2,204,960,0,0.0023,4.48,0,0.8118,flood,0,180 DEG. INSERT DRILLS (FLAT).csv
LTH-03,Okuma LNC8,,4000,11,Default Preset,drill,4140/4340 Alloy (P),P,Drill,drilling,roughing,conventional,0.812,2,265,1247,0,0.0047,11.64,0,0.8118,flood,0,180 DEG. INSERT DRILLS (FLAT).csv
LTH-03,Okuma LNC8,,4000,11,Default Preset,drill,4140/4340 Alloy (P),P,Peck,drilling,roughing,plunge,0.812,2,185,873,0,0.0023,4.07,0,0.8118,flood,0,180 DEG. INSERT DRILLS (FLAT).csv
LTH-03,Okuma LNC8,,4000,11,Default Preset,drill,1018 Steel (P),P,Drill,drilling,roughing,conventional,0.821,2,344,1603,0,0.0047,15.08,0,0.8209,flood,0,180 DEG. INSERT DRILLS (FLAT).csv
LTH-03,Okuma LNC8,,4000,11,Default Preset,drill,1018 Steel (P),P,Peck,drilling,roughing,plunge,0.821,2,241,1122,0,0.0024,5.28,0,0.8209,flood,0,180 DEG. INSERT DRILLS (FLAT).csv
LTH-03,Okuma LNC8,,4000,11,Default Preset,drill,1045 Steel (P),P,Drill,drilling,roughing,conventional,0.821,2,291,1356,0,0.0047,12.76,0,0.8209,flood,0,180 DEG. INSERT DRILLS (FLAT).csv
LTH-03,Okuma LNC8,,4000,11,Default Preset,drill,1045 Steel (P),P,Peck,drilling,roughing,plunge,0.821,2,204,949,0,0.0024,4.46,0,0.8209,flood,0,180 DEG. INSERT DRILLS (FLAT).csv
LTH-03,Okuma LNC8,,4000,11,Default Preset,drill,4140/4340 Alloy (P),P,Drill,drilling,roughing,conventional,0.821,2,265,1233,0,0.0047,11.6,0,0.8209,flood,0,180 DEG. INSERT DRILLS (FLAT).csv
LTH-03,Okuma LNC8,,4000,11,Default Preset,drill,4140/4340 Alloy (P),P,Peck,drilling,roughing,plunge,0.821,2,185,863,0,0.0024,4.06,0,0.8209,flood,0,180 DEG. INSERT DRILLS (FLAT).csv
LTH-03,Okuma LNC8,,4000,11,Default Preset,drill,1018 Steel (P),P,Drill,drilling,roughing,conventional,0.838,2,344,1570,0,0.0047,14.9,0,0.8382,flood,0,180 DEG. INSERT DRILLS (FLAT).csv
LTH-03,Okuma LNC8,,4000,11,Default Preset,drill,1018 Steel (P),P,Peck,drilling,roughing,plunge,0.838,2,241,1099,0,0.0024,5.21,0,0.8382,flood,0,180 DEG. INSERT DRILLS (FLAT).csv
LTH-03,Okuma LNC8,,4000,11,Default Preset,drill,1045 Steel (P),P,Drill,drilling,roughing,conventional,0.838,2,291,1329,0,0.0047,12.61,0,0.8382,flood,0,180 DEG. INSERT DRILLS (FLAT).csv
LTH-03,Okuma LNC8,,4000,11,Default Preset,drill,1045 Steel (P),P,Peck,drilling,roughing,plunge,0.838,2,204,930,0,0.0024,4.41,0,0.8382,flood,0,180 DEG. INSERT DRILLS (FLAT).csv
LTH-03,Okuma LNC8,,4000,11,Default Preset,drill,4140/4340 Alloy (P),P,Drill,drilling,roughing,conventional,0.838,2,265,1208,0,0.0047,11.46,0,0.8382,flood,0,180 DEG. INSERT DRILLS (FLAT).csv
LTH-03,Okuma LNC8,,4000,11,Default Preset,drill,4140/4340 Alloy (P),P,Peck,drilling,roughing,plunge,0.838,2,185,846,0,0.0024,4.01,0,0.8382,flood,0,180 DEG. INSERT DRILLS (FLAT).csv
LTH-03,Okuma LNC8,,4000,11,Default Preset,drill,1018 Steel (P),P,Drill,drilling,roughing,conventional,0.843,2,344,1561,0,0.0048,14.87,0,0.8429,flood,0,180 DEG. INSERT DRILLS (FLAT).csv
LTH-03,Okuma LNC8,,4000,11,Default Preset,drill,1018 Steel (P),P,Peck,drilling,roughing,plunge,0.843,2,241,1093,0,0.0024,5.21,0,0.8429,flood,0,180 DEG. INSERT DRILLS (FLAT).csv
LTH-03,Okuma LNC8,,4000,11,Default Preset,drill,1045 Steel (P),P,Drill,drilling,roughing,conventional,0.843,2,291,1321,0,0.0048,12.59,0,0.8429,flood,0,180 DEG. INSERT DRILLS (FLAT).csv
LTH-03,Okuma LNC8,,4000,11,Default Preset,drill,1045 Steel (P),P,Peck,drilling,roughing,plunge,0.843,2,204,925,0,0.0024,4.41,0,0.8429,flood,0,180 DEG. INSERT DRILLS (FLAT).csv
LTH-03,Okuma LNC8,,4000,11,Default Preset,drill,4140/4340 Alloy (P),P,Drill,drilling,roughing,conventional,0.843,2,265,1201,0,0.0048,11.44,0,0.8429,flood,0,180 DEG. INSERT DRILLS (FLAT).csv
LTH-03,Okuma LNC8,,4000,11,Default Preset,drill,4140/4340 Alloy (P),P,Peck,drilling,roughing,plunge,0.843,2,185,840,0,0.0024,4,0,0.8429,flood,0,180 DEG. INSERT DRILLS (FLAT).csv
LTH-03,Okuma LNC8,,4000,11,Default Preset,drill,1018 Steel (P),P,Drill,drilling,roughing,conventional,0.859,2,344,1532,0,0.0048,14.72,0,0.8591,flood,0,180 DEG. INSERT DRILLS (FLAT).csv
LTH-03,Okuma LNC8,,4000,11,Default Preset,drill,1018 Steel (P),P,Peck,drilling,roughing,plunge,0.859,2,241,1072,0,0.0024,5.15,0,0.8591,flood,0,180 DEG. INSERT DRILLS (FLAT).csv
LTH-03,Okuma LNC8,,4000,11,Default Preset,drill,1045 Steel (P),P,Drill,drilling,roughing,conventional,0.859,2,291,1296,0,0.0048,12.45,0,0.8591,flood,0,180 DEG. INSERT DRILLS (FLAT).csv
LTH-03,Okuma LNC8,,4000,11,Default Preset,drill,1045 Steel (P),P,Peck,drilling,roughing,plunge,0.859,2,204,907,0,0.0024,4.36,0,0.8591,flood,0,180 DEG. INSERT DRILLS (FLAT).csv
LTH-03,Okuma LNC8,,4000,11,Default Preset,drill,4140/4340 Alloy (P),P,Drill,drilling,roughing,conventional,0.859,2,265,1178,0,0.0048,11.32,0,0.8591,flood,0,180 DEG. INSERT DRILLS (FLAT).csv
LTH-03,Okuma LNC8,,4000,11,Default Preset,drill,4140/4340 Alloy (P),P,Peck,drilling,roughing,plunge,0.859,2,185,825,0,0.0024,3.96,0,0.8591,flood,0,180 DEG. INSERT DRILLS (FLAT).csv
LTH-03,Okuma LNC8,,4000,11,Default Preset,drill,1018 Steel (P),P,Drill,drilling,roughing,conventional,0.868,2,344,1516,0,0.0048,14.62,0,0.8681,flood,0,180 DEG. INSERT DRILLS (FLAT).csv
LTH-03,Okuma LNC8,,4000,11,Default Preset,drill,1018 Steel (P),P,Peck,drilling,roughing,plunge,0.868,2,241,1061,0,0.0024,5.12,0,0.8681,flood,0,180 DEG. INSERT DRILLS (FLAT).csv
LTH-03,Okuma LNC8,,4000,11,Default Preset,drill,1045 Steel (P),P,Drill,drilling,roughing,conventional,0.868,2,291,1283,0,0.0048,12.38,0,0.8681,flood,0,180 DEG. INSERT DRILLS (FLAT).csv
LTH-03,Okuma LNC8,,4000,11,Default Preset,drill,1045 Steel (P),P,Peck,drilling,roughing,plunge,0.868,2,204,898,0,0.0024,4.33,0,0.8681,flood,0,180 DEG. INSERT DRILLS (FLAT).csv
LTH-03,Okuma LNC8,,4000,11,Default Preset,drill,4140/4340 Alloy (P),P,Drill,drilling,roughing,conventional,0.868,2,265,1166,0,0.0048,11.25,0,0.8681,flood,0,180 DEG. INSERT DRILLS (FLAT).csv
LTH-03,Okuma LNC8,,4000,11,Default Preset,drill,4140/4340 Alloy (P),P,Peck,drilling,roughing,plunge,0.868,2,185,816,0,0.0024,3.94,0,0.8681,flood,0,180 DEG. INSERT DRILLS (FLAT).csv
LTH-03,Okuma LNC8,,4000,11,Default Preset,drill,1018 Steel (P),P,Drill,drilling,roughing,conventional,0.875,2,344,1504,0,0.0048,14.57,0,0.8752,flood,0,180 DEG. INSERT DRILLS (FLAT).csv
LTH-03,Okuma LNC8,,4000,11,Default Preset,drill,1018 Steel (P),P,Peck,drilling,roughing,plunge,0.875,2,241,1053,0,0.0024,5.1,0,0.8752,flood,0,180 DEG. INSERT DRILLS (FLAT).csv
LTH-03,Okuma LNC8,,4000,11,Default Preset,drill,1045 Steel (P),P,Drill,drilling,roughing,conventional,0.875,2,291,1272,0,0.0048,12.32,0,0.8752,flood,0,180 DEG. INSERT DRILLS (FLAT).csv
LTH-03,Okuma LNC8,,4000,11,Default Preset,drill,1045 Steel (P),P,Peck,drilling,roughing,plunge,0.875,2,204,891,0,0.0024,4.31,0,0.8752,flood,0,180 DEG. INSERT DRILLS (FLAT).csv
LTH-03,Okuma LNC8,,4000,11,Default Preset,drill,4140/4340 Alloy (P),P,Drill,drilling,roughing,conventional,0.875,2,265,1157,0,0.0048,11.21,0,0.8752,flood,0,180 DEG. INSERT DRILLS (FLAT).csv
LTH-03,Okuma LNC8,,4000,11,Default Preset,drill,4140/4340 Alloy (P),P,Peck,drilling,roughing,plunge,0.875,2,185,810,0,0.0024,3.92,0,0.8752,flood,0,180 DEG. INSERT DRILLS (FLAT).csv
LTH-03,Okuma LNC8,,4000,11,Default Preset,drill,1018 Steel (P),P,Drill,drilling,roughing,conventional,0.893,2,344,1474,0,0.0049,14.39,0,0.8929,flood,0,180 DEG. INSERT DRILLS (FLAT).csv
LTH-03,Okuma LNC8,,4000,11,Default Preset,drill,1018 Steel (P),P,Peck,drilling,roughing,plunge,0.893,2,241,1031,0,0.0024,5.03,0,0.8929,flood,0,180 DEG. INSERT DRILLS (FLAT).csv
LTH-03,Okuma LNC8,,4000,11,Default Preset,drill,1045 Steel (P),P,Drill,drilling,roughing,conventional,0.893,2,291,1247,0,0.0049,12.18,0,0.8929,flood,0,180 DEG. INSERT DRILLS (FLAT).csv
LTH-03,Okuma LNC8,,4000,11,Default Preset,drill,1045 Steel (P),P,Peck,drilling,roughing,plunge,0.893,2,204,873,0,0.0024,4.26,0,0.8929,flood,0,180 DEG. INSERT DRILLS (FLAT).csv
LTH-03,Okuma LNC8,,4000,11,Default Preset,drill,4140/4340 Alloy (P),P,Drill,drilling,roughing,conventional,0.893,2,265,1133,0,0.0049,11.06,0,0.8929,flood,0,180 DEG. INSERT DRILLS (FLAT).csv
LTH-03,Okuma LNC8,,4000,11,Default Preset,drill,4140/4340 Alloy (P),P,Peck,drilling,roughing,plunge,0.893,2,185,793,0,0.0024,3.87,0,0.8929,flood,0,180 DEG. INSERT DRILLS (FLAT).csv
LTH-03,Okuma LNC8,,4000,11,Default Preset,drill,1018 Steel (P),P,Drill,drilling,roughing,conventional,0.906,2,344,1452,0,0.0049,14.29,0,0.9059,flood,0,180 DEG. INSERT DRILLS (FLAT).csv
LTH-03,Okuma LNC8,,4000,11,Default Preset,drill,1018 Steel (P),P,Peck,drilling,roughing,plunge,0.906,2,241,1017,0,0.0025,5,0,0.9059,flood,0,180 DEG. INSERT DRILLS (FLAT).csv
LTH-03,Okuma LNC8,,4000,11,Default Preset,drill,1045 Steel (P),P,Drill,drilling,roughing,conventional,0.906,2,291,1229,0,0.0049,12.1,0,0.9059,flood,0,180 DEG. INSERT DRILLS (FLAT).csv
LTH-03,Okuma LNC8,,4000,11,Default Preset,drill,1045 Steel (P),P,Peck,drilling,roughing,plunge,0.906,2,204,860,0,0.0025,4.23,0,0.9059,flood,0,180 DEG. INSERT DRILLS (FLAT).csv
LTH-03,Okuma LNC8,,4000,11,Default Preset,drill,4140/4340 Alloy (P),P,Drill,drilling,roughing,conventional,0.906,2,265,1117,0,0.0049,10.99,0,0.9059,flood,0,180 DEG. INSERT DRILLS (FLAT).csv
LTH-03,Okuma LNC8,,4000,11,Default Preset,drill,4140/4340 Alloy (P),P,Peck,drilling,roughing,plunge,0.906,2,185,782,0,0.0025,3.85,0,0.9059,flood,0,180 DEG. INSERT DRILLS (FLAT).csv
LTH-03,Okuma LNC8,,4000,11,Default Preset,drill,1018 Steel (P),P,Drill,drilling,roughing,conventional,0.925,2,344,1423,0,0.005,14.17,0,0.9252,flood,0,180 DEG. INSERT DRILLS (FLAT).csv
LTH-03,Okuma LNC8,,4000,11,Default Preset,drill,1018 Steel (P),P,Peck,drilling,roughing,plunge,0.925,2,241,996,0,0.0025,4.96,0,0.9252,flood,0,180 DEG. INSERT DRILLS (FLAT).csv
LTH-03,Okuma LNC8,,4000,11,Default Preset,drill,1045 Steel (P),P,Drill,drilling,roughing,conventional,0.925,2,291,1204,0,0.005,11.99,0,0.9252,flood,0,180 DEG. INSERT DRILLS (FLAT).csv
LTH-03,Okuma LNC8,,4000,11,Default Preset,drill,1045 Steel (P),P,Peck,drilling,roughing,plunge,0.925,2,204,843,0,0.0025,4.2,0,0.9252,flood,0,180 DEG. INSERT DRILLS (FLAT).csv
LTH-03,Okuma LNC8,,4000,11,Default Preset,drill,4140/4340 Alloy (P),P,Drill,drilling,roughing,conventional,0.925,2,265,1094,0,0.005,10.9,0,0.9252,flood,0,180 DEG. INSERT DRILLS (FLAT).csv
LTH-03,Okuma LNC8,,4000,11,Default Preset,drill,4140/4340 Alloy (P),P,Peck,drilling,roughing,plunge,0.925,2,185,766,0,0.0025,3.81,0,0.9252,flood,0,180 DEG. INSERT DRILLS (FLAT).csv
LTH-03,Okuma LNC8,,4000,11,Default Preset,drill,1018 Steel (P),P,Drill,drilling,roughing,conventional,0.9375,2,344,1404,0,0.005,14.1,0,0.9374,flood,0,180 DEG. INSERT DRILLS (FLAT).csv
LTH-03,Okuma LNC8,,4000,11,Default Preset,drill,1018 Steel (P),P,Peck,drilling,roughing,plunge,0.9375,2,241,982,0,0.0025,4.93,0,0.9374,flood,0,180 DEG. INSERT DRILLS (FLAT).csv
LTH-03,Okuma LNC8,,4000,11,Default Preset,drill,1045 Steel (P),P,Drill,drilling,roughing,conventional,0.9375,2,291,1188,0,0.005,11.93,0,0.9374,flood,0,180 DEG. INSERT DRILLS (FLAT).csv
LTH-03,Okuma LNC8,,4000,11,Default Preset,drill,1045 Steel (P),P,Peck,drilling,roughing,plunge,0.9375,2,204,831,0,0.0025,4.17,0,0.9374,flood,0,180 DEG. INSERT DRILLS (FLAT).csv
LTH-03,Okuma LNC8,,4000,11,Default Preset,drill,4140/4340 Alloy (P),P,Drill,drilling,roughing,conventional,0.9375,2,265,1080,0,0.005,10.84,0,0.9374,flood,0,180 DEG. INSERT DRILLS (FLAT).csv
LTH-03,Okuma LNC8,,4000,11,Default Preset,drill,4140/4340 Alloy (P),P,Peck,drilling,roughing,plunge,0.9375,2,185,756,0,0.0025,3.79,0,0.9374,flood,0,180 DEG. INSERT DRILLS (FLAT).csv
LTH-03,Okuma LNC8,,4000,11,Default Preset,drill,1018 Steel (P),P,Drill,drilling,roughing,conventional,0.9449,2,344,1393,0,0.005,14.04,0,0.9449,flood,0,180 DEG. INSERT DRILLS (FLAT).csv
LTH-03,Okuma LNC8,,4000,11,Default Preset,drill,1018 Steel (P),P,Peck,drilling,roughing,plunge,0.9449,2,241,975,0,0.0025,4.91,0,0.9449,flood,0,180 DEG. INSERT DRILLS (FLAT).csv
LTH-03,Okuma LNC8,,4000,11,Default Preset,drill,1045 Steel (P),P,Drill,drilling,roughing,conventional,0.9449,2,291,1178,0,0.005,11.87,0,0.9449,flood,0,180 DEG. INSERT DRILLS (FLAT).csv
LTH-03,Okuma LNC8,,4000,11,Default Preset,drill,1045 Steel (P),P,Peck,drilling,roughing,plunge,0.9449,2,204,825,0,0.0025,4.16,0,0.9449,flood,0,180 DEG. INSERT DRILLS (FLAT).csv
LTH-03,Okuma LNC8,,4000,11,Default Preset,drill,4140/4340 Alloy (P),P,Drill,drilling,roughing,conventional,0.9449,2,265,1071,0,0.005,10.79,0,0.9449,flood,0,180 DEG. INSERT DRILLS (FLAT).csv
LTH-03,Okuma LNC8,,4000,11,Default Preset,drill,4140/4340 Alloy (P),P,Peck,drilling,roughing,plunge,0.9449,2,185,750,0,0.0025,3.78,0,0.9449,flood,0,180 DEG. INSERT DRILLS (FLAT).csv
LTH-03,Okuma LNC8,,4000,11,Default Preset,drill,1018 Steel (P),P,Drill,drilling,roughing,conventional,0.968,2,344,1359,0,0.0051,13.86,0,0.9681,flood,0,180 DEG. INSERT DRILLS (FLAT).csv
LTH-03,Okuma LNC8,,4000,11,Default Preset,drill,1018 Steel (P),P,Peck,drilling,roughing,plunge,0.968,2,241,952,0,0.0025,4.85,0,0.9681,flood,0,180 DEG. INSERT DRILLS (FLAT).csv
LTH-03,Okuma LNC8,,4000,11,Default Preset,drill,1045 Steel (P),P,Drill,drilling,roughing,conventional,0.968,2,291,1150,0,0.0051,11.73,0,0.9681,flood,0,180 DEG. INSERT DRILLS (FLAT).csv
LTH-03,Okuma LNC8,,4000,11,Default Preset,drill,1045 Steel (P),P,Peck,drilling,roughing,plunge,0.968,2,204,805,0,0.0025,4.1,0,0.9681,flood,0,180 DEG. INSERT DRILLS (FLAT).csv
LTH-03,Okuma LNC8,,4000,11,Default Preset,drill,4140/4340 Alloy (P),P,Drill,drilling,roughing,conventional,0.968,2,265,1046,0,0.0051,10.67,0,0.9681,flood,0,180 DEG. INSERT DRILLS (FLAT).csv
LTH-03,Okuma LNC8,,4000,11,Default Preset,drill,4140/4340 Alloy (P),P,Peck,drilling,roughing,plunge,0.968,2,185,732,0,0.0025,3.73,0,0.9681,flood,0,180 DEG. INSERT DRILLS (FLAT).csv
LTH-03,Okuma LNC8,,4000,11,Default Preset,drill,1018 Steel (P),P,Drill,drilling,roughing,conventional,0.981,2,344,1341,0,0.0051,13.78,0,0.9811,flood,0,180 DEG. INSERT DRILLS (FLAT).csv
LTH-03,Okuma LNC8,,4000,11,Default Preset,drill,1018 Steel (P),P,Peck,drilling,roughing,plunge,0.981,2,241,939,0,0.0026,4.82,0,0.9811,flood,0,180 DEG. INSERT DRILLS (FLAT).csv
LTH-03,Okuma LNC8,,4000,11,Default Preset,drill,1045 Steel (P),P,Drill,drilling,roughing,conventional,0.981,2,291,1135,0,0.0051,11.66,0,0.9811,flood,0,180 DEG. INSERT DRILLS (FLAT).csv
LTH-03,Okuma LNC8,,4000,11,Default Preset,drill,1045 Steel (P),P,Peck,drilling,roughing,plunge,0.981,2,204,794,0,0.0026,4.08,0,0.9811,flood,0,180 DEG. INSERT DRILLS (FLAT).csv
LTH-03,Okuma LNC8,,4000,11,Default Preset,drill,4140/4340 Alloy (P),P,Drill,drilling,roughing,conventional,0.981,2,265,1032,0,0.0051,10.6,0,0.9811,flood,0,180 DEG. INSERT DRILLS (FLAT).csv
LTH-03,Okuma LNC8,,4000,11,Default Preset,drill,4140/4340 Alloy (P),P,Peck,drilling,roughing,plunge,0.981,2,185,722,0,0.0026,3.71,0,0.9811,flood,0,180 DEG. INSERT DRILLS (FLAT).csv
LTH-03,Okuma LNC8,,4000,11,Default Preset,drill,1018 Steel (P),P,Drill,drilling,roughing,conventional,0.984,2,344,1337,0,0.0051,13.74,0,0.9839,flood,0,180 DEG. INSERT DRILLS (FLAT).csv
LTH-03,Okuma LNC8,,4000,11,Default Preset,drill,1018 Steel (P),P,Peck,drilling,roughing,plunge,0.984,2,241,936,0,0.0026,4.81,0,0.9839,flood,0,180 DEG. INSERT DRILLS (FLAT).csv
LTH-03,Okuma LNC8,,4000,11,Default Preset,drill,1045 Steel (P),P,Drill,drilling,roughing,conventional,0.984,2,291,1132,0,0.0051,11.63,0,0.9839,flood,0,180 DEG. INSERT DRILLS (FLAT).csv
LTH-03,Okuma LNC8,,4000,11,Default Preset,drill,1045 Steel (P),P,Peck,drilling,roughing,plunge,0.984,2,204,792,0,0.0026,4.07,0,0.9839,flood,0,180 DEG. INSERT DRILLS (FLAT).csv
LTH-03,Okuma LNC8,,4000,11,Default Preset,drill,4140/4340 Alloy (P),P,Drill,drilling,roughing,conventional,0.984,2,265,1029,0,0.0051,10.57,0,0.9839,flood,0,180 DEG. INSERT DRILLS (FLAT).csv
LTH-03,Okuma LNC8,,4000,11,Default Preset,drill,4140/4340 Alloy (P),P,Peck,drilling,roughing,plunge,0.984,2,185,720,0,0.0026,3.7,0,0.9839,flood,0,180 DEG. INSERT DRILLS (FLAT).csv
LTH-03,Okuma LNC8,,4000,11,Default Preset,drill,1018 Steel (P),P,Drill,drilling,roughing,conventional,1,2,344,1316,0,0.0052,13.63,0,1,flood,0,180 DEG. INSERT DRILLS (FLAT).csv
LTH-03,Okuma LNC8,,4000,11,Default Preset,drill,1018 Steel (P),P,Peck,drilling,roughing,plunge,1,2,241,921,0,0.0026,4.77,0,1,flood,0,180 DEG. INSERT DRILLS (FLAT).csv
LTH-03,Okuma LNC8,,4000,11,Default Preset,drill,1045 Steel (P),P,Drill,drilling,roughing,conventional,1,2,291,1113,0,0.0052,11.52,0,1,flood,0,180 DEG. INSERT DRILLS (FLAT).csv
LTH-03,Okuma LNC8,,4000,11,Default Preset,drill,1045 Steel (P),P,Peck,drilling,roughing,plunge,1,2,204,779,0,0.0026,4.03,0,1,flood,0,180 DEG. INSERT DRILLS (FLAT).csv
LTH-03,Okuma LNC8,,4000,11,Default Preset,drill,4140/4340 Alloy (P),P,Drill,drilling,roughing,conventional,1,2,265,1012,0,0.0052,10.48,0,1,flood,0,180 DEG. INSERT DRILLS (FLAT).csv
LTH-03,Okuma LNC8,,4000,11,Default Preset,drill,4140/4340 Alloy (P),P,Peck,drilling,roughing,plunge,1,2,185,709,0,0.0026,3.67,0,1,flood,0,180 DEG. INSERT DRILLS (FLAT).csv
LTH-03,Okuma LNC8,,4000,11,Default Preset,drill,1018 Steel (P),P,Drill,drilling,roughing,conventional,1.015,2,344,1296,0,0.0052,13.47,0,1.015,flood,0,180 DEG. INSERT DRILLS (FLAT).csv
LTH-03,Okuma LNC8,,4000,11,Default Preset,drill,1018 Steel (P),P,Peck,drilling,roughing,plunge,1.015,2,241,907,0,0.0026,4.71,0,1.015,flood,0,180 DEG. INSERT DRILLS (FLAT).csv
LTH-03,Okuma LNC8,,4000,11,Default Preset,drill,1045 Steel (P),P,Drill,drilling,roughing,conventional,1.015,2,291,1097,0,0.0052,11.4,0,1.015,flood,0,180 DEG. INSERT DRILLS (FLAT).csv
LTH-03,Okuma LNC8,,4000,11,Default Preset,drill,1045 Steel (P),P,Peck,drilling,roughing,plunge,1.015,2,204,768,0,0.0026,3.99,0,1.015,flood,0,180 DEG. INSERT DRILLS (FLAT).csv
LTH-03,Okuma LNC8,,4000,11,Default Preset,drill,4140/4340 Alloy (P),P,Drill,drilling,roughing,conventional,1.015,2,265,997,0,0.0052,10.36,0,1.015,flood,0,180 DEG. INSERT DRILLS (FLAT).csv
LTH-03,Okuma LNC8,,4000,11,Default Preset,drill,4140/4340 Alloy (P),P,Peck,drilling,roughing,plunge,1.015,2,185,698,0,0.0026,3.63,0,1.015,flood,0,180 DEG. INSERT DRILLS (FLAT).csv
LTH-03,Okuma LNC8,,4000,11,Default Preset,drill,1018 Steel (P),P,Drill,drilling,roughing,conventional,1.031,2,344,1276,0,0.0052,13.36,0,1.0311,flood,0,180 DEG. INSERT DRILLS (FLAT).csv
LTH-03,Okuma LNC8,,4000,11,Default Preset,drill,1018 Steel (P),P,Peck,drilling,roughing,plunge,1.031,2,241,893,0,0.0026,4.68,0,1.0311,flood,0,180 DEG. INSERT DRILLS (FLAT).csv
LTH-03,Okuma LNC8,,4000,11,Default Preset,drill,1045 Steel (P),P,Drill,drilling,roughing,conventional,1.031,2,291,1080,0,0.0052,11.31,0,1.0311,flood,0,180 DEG. INSERT DRILLS (FLAT).csv
LTH-03,Okuma LNC8,,4000,11,Default Preset,drill,1045 Steel (P),P,Peck,drilling,roughing,plunge,1.031,2,204,756,0,0.0026,3.96,0,1.0311,flood,0,180 DEG. INSERT DRILLS (FLAT).csv
LTH-03,Okuma LNC8,,4000,11,Default Preset,drill,4140/4340 Alloy (P),P,Drill,drilling,roughing,conventional,1.031,2,265,982,0,0.0052,10.28,0,1.0311,flood,0,180 DEG. INSERT DRILLS (FLAT).csv
LTH-03,Okuma LNC8,,4000,11,Default Preset,drill,4140/4340 Alloy (P),P,Peck,drilling,roughing,plunge,1.031,2,185,687,0,0.0026,3.6,0,1.0311,flood,0,180 DEG. INSERT DRILLS (FLAT).csv
LTH-03,Okuma LNC8,,4000,11,Default Preset,drill,1018 Steel (P),P,Drill,drilling,roughing,conventional,1.063,2,344,1238,0,0.0053,13.11,0,1.063,flood,0,180 DEG. INSERT DRILLS (FLAT).csv
LTH-03,Okuma LNC8,,4000,11,Default Preset,drill,1018 Steel (P),P,Peck,drilling,roughing,plunge,1.063,2,241,867,0,0.0026,4.59,0,1.063,flood,0,180 DEG. INSERT DRILLS (FLAT).csv
LTH-03,Okuma LNC8,,4000,11,Default Preset,drill,1045 Steel (P),P,Drill,drilling,roughing,conventional,1.063,2,291,1047,0,0.0053,11.09,0,1.063,flood,0,180 DEG. INSERT DRILLS (FLAT).csv
LTH-03,Okuma LNC8,,4000,11,Default Preset,drill,1045 Steel (P),P,Peck,drilling,roughing,plunge,1.063,2,204,733,0,0.0026,3.88,0,1.063,flood,0,180 DEG. INSERT DRILLS (FLAT).csv
LTH-03,Okuma LNC8,,4000,11,Default Preset,drill,4140/4340 Alloy (P),P,Drill,drilling,roughing,conventional,1.063,2,265,952,0,0.0053,10.08,0,1.063,flood,0,180 DEG. INSERT DRILLS (FLAT).csv
LTH-03,Okuma LNC8,,4000,11,Default Preset,drill,4140/4340 Alloy (P),P,Peck,drilling,roughing,plunge,1.063,2,185,667,0,0.0026,3.53,0,1.063,flood,0,180 DEG. INSERT DRILLS (FLAT).csv
LTH-03,Okuma LNC8,,4000,11,Default Preset,drill,1018 Steel (P),P,Drill,drilling,roughing,conventional,1.093,2,344,1204,0,0.0054,12.89,0,1.0929,flood,0,180 DEG. INSERT DRILLS (FLAT).csv
LTH-03,Okuma LNC8,,4000,11,Default Preset,drill,1018 Steel (P),P,Peck,drilling,roughing,plunge,1.093,2,241,843,0,0.0027,4.51,0,1.0929,flood,0,180 DEG. INSERT DRILLS (FLAT).csv
LTH-03,Okuma LNC8,,4000,11,Default Preset,drill,1045 Steel (P),P,Drill,drilling,roughing,conventional,1.093,2,291,1019,0,0.0054,10.91,0,1.0929,flood,0,180 DEG. INSERT DRILLS (FLAT).csv
LTH-03,Okuma LNC8,,4000,11,Default Preset,drill,1045 Steel (P),P,Peck,drilling,roughing,plunge,1.093,2,204,713,0,0.0027,3.82,0,1.0929,flood,0,180 DEG. INSERT DRILLS (FLAT).csv
LTH-03,Okuma LNC8,,4000,11,Default Preset,drill,4140/4340 Alloy (P),P,Drill,drilling,roughing,conventional,1.093,2,265,926,0,0.0054,9.92,0,1.0929,flood,0,180 DEG. INSERT DRILLS (FLAT).csv
LTH-03,Okuma LNC8,,4000,11,Default Preset,drill,4140/4340 Alloy (P),P,Peck,drilling,roughing,plunge,1.093,2,185,648,0,0.0027,3.47,0,1.0929,flood,0,180 DEG. INSERT DRILLS (FLAT).csv
LTH-03,Okuma LNC8,,4000,11,Default Preset,drill,1018 Steel (P),P,Drill,drilling,roughing,conventional,1.125,2,344,1170,0,0.0054,12.67,0,1.1252,flood,0,180 DEG. INSERT DRILLS (FLAT).csv
LTH-03,Okuma LNC8,,4000,11,Default Preset,drill,1018 Steel (P),P,Peck,drilling,roughing,plunge,1.125,2,241,819,0,0.0027,4.43,0,1.1252,flood,0,180 DEG. INSERT DRILLS (FLAT).csv
LTH-03,Okuma LNC8,,4000,11,Default Preset,drill,1045 Steel (P),P,Drill,drilling,roughing,conventional,1.125,2,291,990,0,0.0054,10.72,0,1.1252,flood,0,180 DEG. INSERT DRILLS (FLAT).csv
LTH-03,Okuma LNC8,,4000,11,Default Preset,drill,1045 Steel (P),P,Peck,drilling,roughing,plunge,1.125,2,204,693,0,0.0027,3.75,0,1.1252,flood,0,180 DEG. INSERT DRILLS (FLAT).csv
LTH-03,Okuma LNC8,,4000,11,Default Preset,drill,4140/4340 Alloy (P),P,Drill,drilling,roughing,conventional,1.125,2,265,900,0,0.0054,9.74,0,1.1252,flood,0,180 DEG. INSERT DRILLS (FLAT).csv
LTH-03,Okuma LNC8,,4000,11,Default Preset,drill,4140/4340 Alloy (P),P,Peck,drilling,roughing,plunge,1.125,2,185,630,0,0.0027,3.41,0,1.1252,flood,0,180 DEG. INSERT DRILLS (FLAT).csv
LTH-03,Okuma LNC8,,4000,11,Default Preset,drill,1018 Steel (P),P,Drill,drilling,roughing,conventional,1.156,2,344,1138,0,0.0055,12.46,0,1.1559,flood,0,180 DEG. INSERT DRILLS (FLAT).csv
LTH-03,Okuma LNC8,,4000,11,Default Preset,drill,1018 Steel (P),P,Peck,drilling,roughing,plunge,1.156,2,241,797,0,0.0027,4.36,0,1.1559,flood,0,180 DEG. INSERT DRILLS (FLAT).csv
LTH-03,Okuma LNC8,,4000,11,Default Preset,drill,1045 Steel (P),P,Drill,drilling,roughing,conventional,1.156,2,291,963,0,0.0055,10.54,0,1.1559,flood,0,180 DEG. INSERT DRILLS (FLAT).csv
LTH-03,Okuma LNC8,,4000,11,Default Preset,drill,1045 Steel (P),P,Peck,drilling,roughing,plunge,1.156,2,204,674,0,0.0027,3.69,0,1.1559,flood,0,180 DEG. INSERT DRILLS (FLAT).csv
LTH-03,Okuma LNC8,,4000,11,Default Preset,drill,4140/4340 Alloy (P),P,Drill,drilling,roughing,conventional,1.156,2,265,876,0,0.0055,9.59,0,1.1559,flood,0,180 DEG. INSERT DRILLS (FLAT).csv
LTH-03,Okuma LNC8,,4000,11,Default Preset,drill,4140/4340 Alloy (P),P,Peck,drilling,roughing,plunge,1.156,2,185,613,0,0.0027,3.35,0,1.1559,flood,0,180 DEG. INSERT DRILLS (FLAT).csv
LTH-03,Okuma LNC8,,4000,11,Default Preset,drill,1018 Steel (P),P,Drill,drilling,roughing,conventional,1.1875,2,344,1108,0,0.0055,12.26,0,1.1874,flood,0,180 DEG. INSERT DRILLS (FLAT).csv
LTH-03,Okuma LNC8,,4000,11,Default Preset,drill,1018 Steel (P),P,Peck,drilling,roughing,plunge,1.1875,2,241,776,0,0.0028,4.29,0,1.1874,flood,0,180 DEG. INSERT DRILLS (FLAT).csv
LTH-03,Okuma LNC8,,4000,11,Default Preset,drill,1045 Steel (P),P,Drill,drilling,roughing,conventional,1.1875,2,291,938,0,0.0055,10.38,0,1.1874,flood,0,180 DEG. INSERT DRILLS (FLAT).csv
LTH-03,Okuma LNC8,,4000,11,Default Preset,drill,1045 Steel (P),P,Peck,drilling,roughing,plunge,1.1875,2,204,656,0,0.0028,3.63,0,1.1874,flood,0,180 DEG. INSERT DRILLS (FLAT).csv
LTH-03,Okuma LNC8,,4000,11,Default Preset,drill,4140/4340 Alloy (P),P,Drill,drilling,roughing,conventional,1.1875,2,265,852,0,0.0055,9.43,0,1.1874,flood,0,180 DEG. INSERT DRILLS (FLAT).csv
LTH-03,Okuma LNC8,,4000,11,Default Preset,drill,4140/4340 Alloy (P),P,Peck,drilling,roughing,plunge,1.1875,2,185,597,0,0.0028,3.3,0,1.1874,flood,0,180 DEG. INSERT DRILLS (FLAT).csv
LTH-03,Okuma LNC8,,4000,11,Default Preset,drill,1018 Steel (P),P,Drill,drilling,roughing,conventional,1.218,2,344,1080,0,0.0056,12.08,0,1.2181,flood,0,180 DEG. INSERT DRILLS (FLAT).csv
LTH-03,Okuma LNC8,,4000,11,Default Preset,drill,1018 Steel (P),P,Peck,drilling,roughing,plunge,1.218,2,241,756,0,0.0028,4.23,0,1.2181,flood,0,180 DEG. INSERT DRILLS (FLAT).csv
LTH-03,Okuma LNC8,,4000,11,Default Preset,drill,1045 Steel (P),P,Drill,drilling,roughing,conventional,1.218,2,291,914,0,0.0056,10.22,0,1.2181,flood,0,180 DEG. INSERT DRILLS (FLAT).csv
LTH-03,Okuma LNC8,,4000,11,Default Preset,drill,1045 Steel (P),P,Peck,drilling,roughing,plunge,1.218,2,204,640,0,0.0028,3.58,0,1.2181,flood,0,180 DEG. INSERT DRILLS (FLAT).csv
LTH-03,Okuma LNC8,,4000,11,Default Preset,drill,4140/4340 Alloy (P),P,Drill,drilling,roughing,conventional,1.218,2,265,831,0,0.0056,9.29,0,1.2181,flood,0,180 DEG. INSERT DRILLS (FLAT).csv
LTH-03,Okuma LNC8,,4000,11,Default Preset,drill,4140/4340 Alloy (P),P,Peck,drilling,roughing,plunge,1.218,2,185,582,0,0.0028,3.25,0,1.2181,flood,0,180 DEG. INSERT DRILLS (FLAT).csv
LTH-03,Okuma LNC8,,4000,11,Default Preset,drill,1018 Steel (P),P,Drill,drilling,roughing,conventional,1.234,2,344,1066,0,0.0056,11.96,0,1.2339,flood,0,180 DEG. INSERT DRILLS (FLAT).csv
LTH-03,Okuma LNC8,,4000,11,Default Preset,drill,1018 Steel (P),P,Peck,drilling,roughing,plunge,1.234,2,241,746,0,0.0028,4.19,0,1.2339,flood,0,180 DEG. INSERT DRILLS (FLAT).csv
LTH-03,Okuma LNC8,,4000,11,Default Preset,drill,1045 Steel (P),P,Drill,drilling,roughing,conventional,1.234,2,291,902,0,0.0056,10.12,0,1.2339,flood,0,180 DEG. INSERT DRILLS (FLAT).csv
LTH-03,Okuma LNC8,,4000,11,Default Preset,drill,1045 Steel (P),P,Peck,drilling,roughing,plunge,1.234,2,204,632,0,0.0028,3.55,0,1.2339,flood,0,180 DEG. INSERT DRILLS (FLAT).csv
LTH-03,Okuma LNC8,,4000,11,Default Preset,drill,4140/4340 Alloy (P),P,Drill,drilling,roughing,conventional,1.234,2,265,820,0,0.0056,9.2,0,1.2339,flood,0,180 DEG. INSERT DRILLS (FLAT).csv
LTH-03,Okuma LNC8,,4000,11,Default Preset,drill,4140/4340 Alloy (P),P,Peck,drilling,roughing,plunge,1.234,2,185,574,0,0.0028,3.22,0,1.2339,flood,0,180 DEG. INSERT DRILLS (FLAT).csv
LTH-03,Okuma LNC8,,4000,11,Default Preset,drill,1018 Steel (P),P,Drill,drilling,roughing,conventional,1.281,2,344,1027,0,0.0057,11.73,0,1.2811,flood,0,180 DEG. INSERT DRILLS (FLAT).csv
LTH-03,Okuma LNC8,,4000,11,Default Preset,drill,1018 Steel (P),P,Peck,drilling,roughing,plunge,1.281,2,241,719,0,0.0029,4.1,0,1.2811,flood,0,180 DEG. INSERT DRILLS (FLAT).csv
LTH-03,Okuma LNC8,,4000,11,Default Preset,drill,1045 Steel (P),P,Drill,drilling,roughing,conventional,1.281,2,291,869,0,0.0057,9.92,0,1.2811,flood,0,180 DEG. INSERT DRILLS (FLAT).csv
LTH-03,Okuma LNC8,,4000,11,Default Preset,drill,1045 Steel (P),P,Peck,drilling,roughing,plunge,1.281,2,204,608,0,0.0029,3.47,0,1.2811,flood,0,180 DEG. INSERT DRILLS (FLAT).csv
LTH-03,Okuma LNC8,,4000,11,Default Preset,drill,4140/4340 Alloy (P),P,Drill,drilling,roughing,conventional,1.281,2,265,790,0,0.0057,9.02,0,1.2811,flood,0,180 DEG. INSERT DRILLS (FLAT).csv
LTH-03,Okuma LNC8,,4000,11,Default Preset,drill,4140/4340 Alloy (P),P,Peck,drilling,roughing,plunge,1.281,2,185,553,0,0.0029,3.16,0,1.2811,flood,0,180 DEG. INSERT DRILLS (FLAT).csv
LTH-03,Okuma LNC8,,4000,11,Default Preset,drill,1018 Steel (P),P,Drill,drilling,roughing,conventional,1.3125,2,344,1003,0,0.0058,11.57,0,1.3126,flood,0,180 DEG. INSERT DRILLS (FLAT).csv
LTH-03,Okuma LNC8,,4000,11,Default Preset,drill,1018 Steel (P),P,Peck,drilling,roughing,plunge,1.3125,2,241,702,0,0.0029,4.05,0,1.3126,flood,0,180 DEG. INSERT DRILLS (FLAT).csv
LTH-03,Okuma LNC8,,4000,11,Default Preset,drill,1045 Steel (P),P,Drill,drilling,roughing,conventional,1.3125,2,291,848,0,0.0058,9.78,0,1.3126,flood,0,180 DEG. INSERT DRILLS (FLAT).csv
LTH-03,Okuma LNC8,,4000,11,Default Preset,drill,1045 Steel (P),P,Peck,drilling,roughing,plunge,1.3125,2,204,594,0,0.0029,3.43,0,1.3126,flood,0,180 DEG. INSERT DRILLS (FLAT).csv
LTH-03,Okuma LNC8,,4000,11,Default Preset,drill,4140/4340 Alloy (P),P,Drill,drilling,roughing,conventional,1.3125,2,265,771,0,0.0058,8.89,0,1.3126,flood,0,180 DEG. INSERT DRILLS (FLAT).csv
LTH-03,Okuma LNC8,,4000,11,Default Preset,drill,4140/4340 Alloy (P),P,Peck,drilling,roughing,plunge,1.3125,2,185,540,0,0.0029,3.11,0,1.3126,flood,0,180 DEG. INSERT DRILLS (FLAT).csv
LTH-03,Okuma LNC8,,4000,11,Default Preset,drill,1018 Steel (P),P,Drill,drilling,roughing,conventional,1.35,2,344,975,0,0.0058,11.36,0,1.35,flood,0,180 DEG. INSERT DRILLS (FLAT).csv
LTH-03,Okuma LNC8,,4000,11,Default Preset,drill,1018 Steel (P),P,Peck,drilling,roughing,plunge,1.35,2,241,682,0,0.0029,3.97,0,1.35,flood,0,180 DEG. INSERT DRILLS (FLAT).csv
LTH-03,Okuma LNC8,,4000,11,Default Preset,drill,1045 Steel (P),P,Drill,drilling,roughing,conventional,1.35,2,291,825,0,0.0058,9.61,0,1.35,flood,0,180 DEG. INSERT DRILLS (FLAT).csv
LTH-03,Okuma LNC8,,4000,11,Default Preset,drill,1045 Steel (P),P,Peck,drilling,roughing,plunge,1.35,2,204,577,0,0.0029,3.36,0,1.35,flood,0,180 DEG. INSERT DRILLS (FLAT).csv
LTH-03,Okuma LNC8,,4000,11,Default Preset,drill,4140/4340 Alloy (P),P,Drill,drilling,roughing,conventional,1.35,2,265,750,0,0.0058,8.74,0,1.35,flood,0,180 DEG. INSERT DRILLS (FLAT).csv
LTH-03,Okuma LNC8,,4000,11,Default Preset,drill,4140/4340 Alloy (P),P,Peck,drilling,roughing,plunge,1.35,2,185,525,0,0.0029,3.06,0,1.35,flood,0,180 DEG. INSERT DRILLS (FLAT).csv
LTH-03,Okuma LNC8,,4000,11,Default Preset,drill,1018 Steel (P),P,Drill,drilling,roughing,conventional,1.375,2,344,957,0,0.0059,11.23,0,1.3748,flood,0,180 DEG. INSERT DRILLS (FLAT).csv
LTH-03,Okuma LNC8,,4000,11,Default Preset,drill,1018 Steel (P),P,Peck,drilling,roughing,plunge,1.375,2,241,670,0,0.0029,3.93,0,1.3748,flood,0,180 DEG. INSERT DRILLS (FLAT).csv
LTH-03,Okuma LNC8,,4000,11,Default Preset,drill,1045 Steel (P),P,Drill,drilling,roughing,conventional,1.375,2,291,810,0,0.0059,9.5,0,1.3748,flood,0,180 DEG. INSERT DRILLS (FLAT).csv
LTH-03,Okuma LNC8,,4000,11,Default Preset,drill,1045 Steel (P),P,Peck,drilling,roughing,plunge,1.375,2,204,567,0,0.0029,3.33,0,1.3748,flood,0,180 DEG. INSERT DRILLS (FLAT).csv
LTH-03,Okuma LNC8,,4000,11,Default Preset,drill,4140/4340 Alloy (P),P,Drill,drilling,roughing,conventional,1.375,2,265,736,0,0.0059,8.63,0,1.3748,flood,0,180 DEG. INSERT DRILLS (FLAT).csv
LTH-03,Okuma LNC8,,4000,11,Default Preset,drill,4140/4340 Alloy (P),P,Peck,drilling,roughing,plunge,1.375,2,185,515,0,0.0029,3.02,0,1.3748,flood,0,180 DEG. INSERT DRILLS (FLAT).csv
LTH-03,Okuma LNC8,,4000,11,Default Preset,drill,1018 Steel (P),P,Drill,drilling,roughing,conventional,1.406,2,344,936,0,0.0059,11.09,0,1.4059,flood,0,180 DEG. INSERT DRILLS (FLAT).csv
LTH-03,Okuma LNC8,,4000,11,Default Preset,drill,1018 Steel (P),P,Peck,drilling,roughing,plunge,1.406,2,241,655,0,0.003,3.88,0,1.4059,flood,0,180 DEG. INSERT DRILLS (FLAT).csv
LTH-03,Okuma LNC8,,4000,11,Default Preset,drill,1045 Steel (P),P,Drill,drilling,roughing,conventional,1.406,2,291,792,0,0.0059,9.39,0,1.4059,flood,0,180 DEG. INSERT DRILLS (FLAT).csv
LTH-03,Okuma LNC8,,4000,11,Default Preset,drill,1045 Steel (P),P,Peck,drilling,roughing,plunge,1.406,2,204,554,0,0.003,3.28,0,1.4059,flood,0,180 DEG. INSERT DRILLS (FLAT).csv
LTH-03,Okuma LNC8,,4000,11,Default Preset,drill,4140/4340 Alloy (P),P,Drill,drilling,roughing,conventional,1.406,2,265,720,0,0.0059,8.53,0,1.4059,flood,0,180 DEG. INSERT DRILLS (FLAT).csv
LTH-03,Okuma LNC8,,4000,11,Default Preset,drill,4140/4340 Alloy (P),P,Peck,drilling,roughing,plunge,1.406,2,185,504,0,0.003,2.99,0,1.4059,flood,0,180 DEG. INSERT DRILLS (FLAT).csv
LTH-03,Okuma LNC8,,4000,11,Default Preset,drill,1018 Steel (P),P,Drill,drilling,roughing,conventional,1.5,2,344,877,0,0.0061,10.67,0,1.5,flood,0,180 DEG. INSERT DRILLS (FLAT).csv
LTH-03,Okuma LNC8,,4000,11,Default Preset,drill,1018 Steel (P),P,Peck,drilling,roughing,plunge,1.5,2,241,614,0,0.003,3.73,0,1.5,flood,0,180 DEG. INSERT DRILLS (FLAT).csv
LTH-03,Okuma LNC8,,4000,11,Default Preset,drill,1045 Steel (P),P,Drill,drilling,roughing,conventional,1.5,2,291,742,0,0.0061,9.03,0,1.5,flood,0,180 DEG. INSERT DRILLS (FLAT).csv
LTH-03,Okuma LNC8,,4000,11,Default Preset,drill,1045 Steel (P),P,Peck,drilling,roughing,plunge,1.5,2,204,520,0,0.003,3.16,0,1.5,flood,0,180 DEG. INSERT DRILLS (FLAT).csv
LTH-03,Okuma LNC8,,4000,11,Default Preset,drill,4140/4340 Alloy (P),P,Drill,drilling,roughing,conventional,1.5,2,265,675,0,0.0061,8.21,0,1.5,flood,0,180 DEG. INSERT DRILLS (FLAT).csv
LTH-03,Okuma LNC8,,4000,11,Default Preset,drill,4140/4340 Alloy (P),P,Peck,drilling,roughing,plunge,1.5,2,185,472,0,0.003,2.87,0,1.5,flood,0,180 DEG. INSERT DRILLS (FLAT).csv
LTH-03,Okuma LNC8,,4000,11,Default preset,turning boring,1018 Steel (P),P,Bore Rough,turning,roughing,conventional,0.1563,1,607,,0,0.0059,,0.1181,0.1563,flood,1,BORING  BARS - FINISHING.csv
LTH-03,Okuma LNC8,,4000,11,Default preset,turning boring,1018 Steel (P),P,Bore Finish,turning,finishing,conventional,0.1563,1,705,,0,0.003,,0.0197,0.1563,flood,1,BORING  BARS - FINISHING.csv
LTH-03,Okuma LNC8,,4000,11,Default preset,turning boring,1045 Steel (P),P,Bore Rough,turning,roughing,conventional,0.1563,1,514,,0,0.0059,,0.1181,0.1563,flood,1,BORING  BARS - FINISHING.csv
LTH-03,Okuma LNC8,,4000,11,Default preset,turning boring,1045 Steel (P),P,Bore Finish,turning,finishing,conventional,0.1563,1,597,,0,0.003,,0.0197,0.1563,flood,1,BORING  BARS - FINISHING.csv
LTH-03,Okuma LNC8,,4000,11,Default preset,turning boring,4140/4340 Alloy (P),P,Bore Rough,turning,roughing,conventional,0.1563,1,467,,0,0.0059,,0.1181,0.1563,flood,1,BORING  BARS - FINISHING.csv
LTH-03,Okuma LNC8,,4000,11,Default preset,turning boring,4140/4340 Alloy (P),P,Bore Finish,turning,finishing,conventional,0.1563,1,543,,0,0.003,,0.0197,0.1563,flood,1,BORING  BARS - FINISHING.csv
LTH-03,Okuma LNC8,,4000,11,Default preset,turning boring,1018 Steel (P),P,Bore Rough,turning,roughing,conventional,0.25,1,607,,0,0.0073,,0.1181,0.25,flood,1,BORING  BARS - FINISHING.csv
LTH-03,Okuma LNC8,,4000,11,Default preset,turning boring,1018 Steel (P),P,Bore Finish,turning,finishing,conventional,0.25,1,705,,0,0.0037,,0.0197,0.25,flood,1,BORING  BARS - FINISHING.csv
LTH-03,Okuma LNC8,,4000,11,Default preset,turning boring,1045 Steel (P),P,Bore Rough,turning,roughing,conventional,0.25,1,514,,0,0.0073,,0.1181,0.25,flood,1,BORING  BARS - FINISHING.csv
LTH-03,Okuma LNC8,,4000,11,Default preset,turning boring,1045 Steel (P),P,Bore Finish,turning,finishing,conventional,0.25,1,597,,0,0.0037,,0.0197,0.25,flood,1,BORING  BARS - FINISHING.csv
LTH-03,Okuma LNC8,,4000,11,Default preset,turning boring,4140/4340 Alloy (P),P,Bore Rough,turning,roughing,conventional,0.25,1,467,,0,0.0073,,0.1181,0.25,flood,1,BORING  BARS - FINISHING.csv
LTH-03,Okuma LNC8,,4000,11,Default preset,turning boring,4140/4340 Alloy (P),P,Bore Finish,turning,finishing,conventional,0.25,1,543,,0,0.0037,,0.0197,0.25,flood,1,BORING  BARS - FINISHING.csv
LTH-03,Okuma LNC8,,4000,11,Default preset,turning boring,1018 Steel (P),P,Bore Rough,turning,roughing,conventional,0.25,1,607,,0,0.0073,,0.1181,0.25,flood,1,BORING  BARS - FINISHING.csv
LTH-03,Okuma LNC8,,4000,11,Default preset,turning boring,1018 Steel (P),P,Bore Finish,turning,finishing,conventional,0.25,1,705,,0,0.0037,,0.0197,0.25,flood,1,BORING  BARS - FINISHING.csv
LTH-03,Okuma LNC8,,4000,11,Default preset,turning boring,1045 Steel (P),P,Bore Rough,turning,roughing,conventional,0.25,1,514,,0,0.0073,,0.1181,0.25,flood,1,BORING  BARS - FINISHING.csv
LTH-03,Okuma LNC8,,4000,11,Default preset,turning boring,1045 Steel (P),P,Bore Finish,turning,finishing,conventional,0.25,1,597,,0,0.0037,,0.0197,0.25,flood,1,BORING  BARS - FINISHING.csv
LTH-03,Okuma LNC8,,4000,11,Default preset,turning boring,4140/4340 Alloy (P),P,Bore Rough,turning,roughing,conventional,0.25,1,467,,0,0.0073,,0.1181,0.25,flood,1,BORING  BARS - FINISHING.csv
LTH-03,Okuma LNC8,,4000,11,Default preset,turning boring,4140/4340 Alloy (P),P,Bore Finish,turning,finishing,conventional,0.25,1,543,,0,0.0037,,0.0197,0.25,flood,1,BORING  BARS - FINISHING.csv
LTH-03,Okuma LNC8,,4000,11,Default preset,turning boring,1018 Steel (P),P,Bore Rough,turning,roughing,conventional,0.25,1,607,,0,0.0073,,0.1181,0.25,flood,1,BORING  BARS - FINISHING.csv
LTH-03,Okuma LNC8,,4000,11,Default preset,turning boring,1018 Steel (P),P,Bore Finish,turning,finishing,conventional,0.25,1,705,,0,0.0037,,0.0197,0.25,flood,1,BORING  BARS - FINISHING.csv
LTH-03,Okuma LNC8,,4000,11,Default preset,turning boring,1045 Steel (P),P,Bore Rough,turning,roughing,conventional,0.25,1,514,,0,0.0073,,0.1181,0.25,flood,1,BORING  BARS - FINISHING.csv
LTH-03,Okuma LNC8,,4000,11,Default preset,turning boring,1045 Steel (P),P,Bore Finish,turning,finishing,conventional,0.25,1,597,,0,0.0037,,0.0197,0.25,flood,1,BORING  BARS - FINISHING.csv
LTH-03,Okuma LNC8,,4000,11,Default preset,turning boring,4140/4340 Alloy (P),P,Bore Rough,turning,roughing,conventional,0.25,1,467,,0,0.0073,,0.1181,0.25,flood,1,BORING  BARS - FINISHING.csv
LTH-03,Okuma LNC8,,4000,11,Default preset,turning boring,4140/4340 Alloy (P),P,Bore Finish,turning,finishing,conventional,0.25,1,543,,0,0.0037,,0.0197,0.25,flood,1,BORING  BARS - FINISHING.csv
LTH-03,Okuma LNC8,,4000,11,Default preset,turning boring,1018 Steel (P),P,Bore Rough,turning,roughing,conventional,0.25,1,607,,0,0.0073,,0.1181,0.25,flood,1,BORING  BARS - FINISHING.csv
LTH-03,Okuma LNC8,,4000,11,Default preset,turning boring,1018 Steel (P),P,Bore Finish,turning,finishing,conventional,0.25,1,705,,0,0.0037,,0.0197,0.25,flood,1,BORING  BARS - FINISHING.csv
LTH-03,Okuma LNC8,,4000,11,Default preset,turning boring,1045 Steel (P),P,Bore Rough,turning,roughing,conventional,0.25,1,514,,0,0.0073,,0.1181,0.25,flood,1,BORING  BARS - FINISHING.csv
LTH-03,Okuma LNC8,,4000,11,Default preset,turning boring,1045 Steel (P),P,Bore Finish,turning,finishing,conventional,0.25,1,597,,0,0.0037,,0.0197,0.25,flood,1,BORING  BARS - FINISHING.csv
LTH-03,Okuma LNC8,,4000,11,Default preset,turning boring,4140/4340 Alloy (P),P,Bore Rough,turning,roughing,conventional,0.25,1,467,,0,0.0073,,0.1181,0.25,flood,1,BORING  BARS - FINISHING.csv
LTH-03,Okuma LNC8,,4000,11,Default preset,turning boring,4140/4340 Alloy (P),P,Bore Finish,turning,finishing,conventional,0.25,1,543,,0,0.0037,,0.0197,0.25,flood,1,BORING  BARS - FINISHING.csv
LTH-03,Okuma LNC8,,4000,11,Default preset,turning boring,1018 Steel (P),P,Bore Rough,turning,roughing,conventional,0.25,1,607,,0,0.0073,,0.1181,0.25,flood,1,BORING  BARS - FINISHING.csv
LTH-03,Okuma LNC8,,4000,11,Default preset,turning boring,1018 Steel (P),P,Bore Finish,turning,finishing,conventional,0.25,1,705,,0,0.0037,,0.0197,0.25,flood,1,BORING  BARS - FINISHING.csv
LTH-03,Okuma LNC8,,4000,11,Default preset,turning boring,1045 Steel (P),P,Bore Rough,turning,roughing,conventional,0.25,1,514,,0,0.0073,,0.1181,0.25,flood,1,BORING  BARS - FINISHING.csv
LTH-03,Okuma LNC8,,4000,11,Default preset,turning boring,1045 Steel (P),P,Bore Finish,turning,finishing,conventional,0.25,1,597,,0,0.0037,,0.0197,0.25,flood,1,BORING  BARS - FINISHING.csv
LTH-03,Okuma LNC8,,4000,11,Default preset,turning boring,4140/4340 Alloy (P),P,Bore Rough,turning,roughing,conventional,0.25,1,467,,0,0.0073,,0.1181,0.25,flood,1,BORING  BARS - FINISHING.csv
LTH-03,Okuma LNC8,,4000,11,Default preset,turning boring,4140/4340 Alloy (P),P,Bore Finish,turning,finishing,conventional,0.25,1,543,,0,0.0037,,0.0197,0.25,flood,1,BORING  BARS - FINISHING.csv
LTH-03,Okuma LNC8,,4000,11,Default preset,turning boring,1018 Steel (P),P,Bore Rough,turning,roughing,conventional,0.25,1,607,,0,0.0073,,0.1181,0.25,flood,1,BORING  BARS - FINISHING.csv
LTH-03,Okuma LNC8,,4000,11,Default preset,turning boring,1018 Steel (P),P,Bore Finish,turning,finishing,conventional,0.25,1,705,,0,0.0037,,0.0197,0.25,flood,1,BORING  BARS - FINISHING.csv
LTH-03,Okuma LNC8,,4000,11,Default preset,turning boring,1045 Steel (P),P,Bore Rough,turning,roughing,conventional,0.25,1,514,,0,0.0073,,0.1181,0.25,flood,1,BORING  BARS - FINISHING.csv
LTH-03,Okuma LNC8,,4000,11,Default preset,turning boring,1045 Steel (P),P,Bore Finish,turning,finishing,conventional,0.25,1,597,,0,0.0037,,0.0197,0.25,flood,1,BORING  BARS - FINISHING.csv
LTH-03,Okuma LNC8,,4000,11,Default preset,turning boring,4140/4340 Alloy (P),P,Bore Rough,turning,roughing,conventional,0.25,1,467,,0,0.0073,,0.1181,0.25,flood,1,BORING  BARS - FINISHING.csv
LTH-03,Okuma LNC8,,4000,11,Default preset,turning boring,4140/4340 Alloy (P),P,Bore Finish,turning,finishing,conventional,0.25,1,543,,0,0.0037,,0.0197,0.25,flood,1,BORING  BARS - FINISHING.csv
LTH-03,Okuma LNC8,,4000,11,Default preset,turning boring,1018 Steel (P),P,Bore Rough,turning,roughing,conventional,0.1563,1,607,,0,0.0059,,0.1181,0.1563,flood,1,BORING  BARS - FINISHING.csv
LTH-03,Okuma LNC8,,4000,11,Default preset,turning boring,1018 Steel (P),P,Bore Finish,turning,finishing,conventional,0.1563,1,705,,0,0.003,,0.0197,0.1563,flood,1,BORING  BARS - FINISHING.csv
LTH-03,Okuma LNC8,,4000,11,Default preset,turning boring,1045 Steel (P),P,Bore Rough,turning,roughing,conventional,0.1563,1,514,,0,0.0059,,0.1181,0.1563,flood,1,BORING  BARS - FINISHING.csv
LTH-03,Okuma LNC8,,4000,11,Default preset,turning boring,1045 Steel (P),P,Bore Finish,turning,finishing,conventional,0.1563,1,597,,0,0.003,,0.0197,0.1563,flood,1,BORING  BARS - FINISHING.csv
LTH-03,Okuma LNC8,,4000,11,Default preset,turning boring,4140/4340 Alloy (P),P,Bore Rough,turning,roughing,conventional,0.1563,1,467,,0,0.0059,,0.1181,0.1563,flood,1,BORING  BARS - FINISHING.csv
LTH-03,Okuma LNC8,,4000,11,Default preset,turning boring,4140/4340 Alloy (P),P,Bore Finish,turning,finishing,conventional,0.1563,1,543,,0,0.003,,0.0197,0.1563,flood,1,BORING  BARS - FINISHING.csv
LTH-03,Okuma LNC8,,4000,11,Default preset,turning boring,1018 Steel (P),P,Bore Rough,turning,roughing,conventional,0.25,1,607,,0,0.0073,,0.1181,0.25,flood,1,BORING  BARS - FINISHING.csv
LTH-03,Okuma LNC8,,4000,11,Default preset,turning boring,1018 Steel (P),P,Bore Finish,turning,finishing,conventional,0.25,1,705,,0,0.0037,,0.0197,0.25,flood,1,BORING  BARS - FINISHING.csv
LTH-03,Okuma LNC8,,4000,11,Default preset,turning boring,1045 Steel (P),P,Bore Rough,turning,roughing,conventional,0.25,1,514,,0,0.0073,,0.1181,0.25,flood,1,BORING  BARS - FINISHING.csv
LTH-03,Okuma LNC8,,4000,11,Default preset,turning boring,1045 Steel (P),P,Bore Finish,turning,finishing,conventional,0.25,1,597,,0,0.0037,,0.0197,0.25,flood,1,BORING  BARS - FINISHING.csv
LTH-03,Okuma LNC8,,4000,11,Default preset,turning boring,4140/4340 Alloy (P),P,Bore Rough,turning,roughing,conventional,0.25,1,467,,0,0.0073,,0.1181,0.25,flood,1,BORING  BARS - FINISHING.csv
LTH-03,Okuma LNC8,,4000,11,Default preset,turning boring,4140/4340 Alloy (P),P,Bore Finish,turning,finishing,conventional,0.25,1,543,,0,0.0037,,0.0197,0.25,flood,1,BORING  BARS - FINISHING.csv
LTH-03,Okuma LNC8,,4000,11,Default preset,turning boring,1018 Steel (P),P,Bore Rough,turning,roughing,conventional,0.25,1,607,,0,0.0073,,0.1181,0.25,flood,1,BORING  BARS - FINISHING.csv
LTH-03,Okuma LNC8,,4000,11,Default preset,turning boring,1018 Steel (P),P,Bore Finish,turning,finishing,conventional,0.25,1,705,,0,0.0037,,0.0197,0.25,flood,1,BORING  BARS - FINISHING.csv
LTH-03,Okuma LNC8,,4000,11,Default preset,turning boring,1045 Steel (P),P,Bore Rough,turning,roughing,conventional,0.25,1,514,,0,0.0073,,0.1181,0.25,flood,1,BORING  BARS - FINISHING.csv
LTH-03,Okuma LNC8,,4000,11,Default preset,turning boring,1045 Steel (P),P,Bore Finish,turning,finishing,conventional,0.25,1,597,,0,0.0037,,0.0197,0.25,flood,1,BORING  BARS - FINISHING.csv
LTH-03,Okuma LNC8,,4000,11,Default preset,turning boring,4140/4340 Alloy (P),P,Bore Rough,turning,roughing,conventional,0.25,1,467,,0,0.0073,,0.1181,0.25,flood,1,BORING  BARS - FINISHING.csv
LTH-03,Okuma LNC8,,4000,11,Default preset,turning boring,4140/4340 Alloy (P),P,Bore Finish,turning,finishing,conventional,0.25,1,543,,0,0.0037,,0.0197,0.25,flood,1,BORING  BARS - FINISHING.csv
LTH-03,Okuma LNC8,,4000,11,Default preset,turning boring,1018 Steel (P),P,Bore Rough,turning,roughing,conventional,0.25,1,607,,0,0.0073,,0.1181,0.25,flood,1,BORING  BARS - FINISHING.csv
LTH-03,Okuma LNC8,,4000,11,Default preset,turning boring,1018 Steel (P),P,Bore Finish,turning,finishing,conventional,0.25,1,705,,0,0.0037,,0.0197,0.25,flood,1,BORING  BARS - FINISHING.csv
LTH-03,Okuma LNC8,,4000,11,Default preset,turning boring,1045 Steel (P),P,Bore Rough,turning,roughing,conventional,0.25,1,514,,0,0.0073,,0.1181,0.25,flood,1,BORING  BARS - FINISHING.csv
LTH-03,Okuma LNC8,,4000,11,Default preset,turning boring,1045 Steel (P),P,Bore Finish,turning,finishing,conventional,0.25,1,597,,0,0.0037,,0.0197,0.25,flood,1,BORING  BARS - FINISHING.csv
LTH-03,Okuma LNC8,,4000,11,Default preset,turning boring,4140/4340 Alloy (P),P,Bore Rough,turning,roughing,conventional,0.25,1,467,,0,0.0073,,0.1181,0.25,flood,1,BORING  BARS - FINISHING.csv
LTH-03,Okuma LNC8,,4000,11,Default preset,turning boring,4140/4340 Alloy (P),P,Bore Finish,turning,finishing,conventional,0.25,1,543,,0,0.0037,,0.0197,0.25,flood,1,BORING  BARS - FINISHING.csv
LTH-03,Okuma LNC8,,4000,11,Default preset,turning boring,1018 Steel (P),P,Bore Rough,turning,roughing,conventional,0.25,1,607,,0,0.0073,,0.1181,0.25,flood,1,BORING  BARS - FINISHING.csv
LTH-03,Okuma LNC8,,4000,11,Default preset,turning boring,1018 Steel (P),P,Bore Finish,turning,finishing,conventional,0.25,1,705,,0,0.0037,,0.0197,0.25,flood,1,BORING  BARS - FINISHING.csv
LTH-03,Okuma LNC8,,4000,11,Default preset,turning boring,1045 Steel (P),P,Bore Rough,turning,roughing,conventional,0.25,1,514,,0,0.0073,,0.1181,0.25,flood,1,BORING  BARS - FINISHING.csv
LTH-03,Okuma LNC8,,4000,11,Default preset,turning boring,1045 Steel (P),P,Bore Finish,turning,finishing,conventional,0.25,1,597,,0,0.0037,,0.0197,0.25,flood,1,BORING  BARS - FINISHING.csv
LTH-03,Okuma LNC8,,4000,11,Default preset,turning boring,4140/4340 Alloy (P),P,Bore Rough,turning,roughing,conventional,0.25,1,467,,0,0.0073,,0.1181,0.25,flood,1,BORING  BARS - FINISHING.csv
LTH-03,Okuma LNC8,,4000,11,Default preset,turning boring,4140/4340 Alloy (P),P,Bore Finish,turning,finishing,conventional,0.25,1,543,,0,0.0037,,0.0197,0.25,flood,1,BORING  BARS - FINISHING.csv
LTH-03,Okuma LNC8,,4000,11,Default preset,turning boring,1018 Steel (P),P,Bore Rough,turning,roughing,conventional,0.25,1,607,,0,0.0073,,0.1181,0.25,flood,1,BORING  BARS - FINISHING.csv
LTH-03,Okuma LNC8,,4000,11,Default preset,turning boring,1018 Steel (P),P,Bore Finish,turning,finishing,conventional,0.25,1,705,,0,0.0037,,0.0197,0.25,flood,1,BORING  BARS - FINISHING.csv
LTH-03,Okuma LNC8,,4000,11,Default preset,turning boring,1045 Steel (P),P,Bore Rough,turning,roughing,conventional,0.25,1,514,,0,0.0073,,0.1181,0.25,flood,1,BORING  BARS - FINISHING.csv
LTH-03,Okuma LNC8,,4000,11,Default preset,turning boring,1045 Steel (P),P,Bore Finish,turning,finishing,conventional,0.25,1,597,,0,0.0037,,0.0197,0.25,flood,1,BORING  BARS - FINISHING.csv
LTH-03,Okuma LNC8,,4000,11,Default preset,turning boring,4140/4340 Alloy (P),P,Bore Rough,turning,roughing,conventional,0.25,1,467,,0,0.0073,,0.1181,0.25,flood,1,BORING  BARS - FINISHING.csv
LTH-03,Okuma LNC8,,4000,11,Default preset,turning boring,4140/4340 Alloy (P),P,Bore Finish,turning,finishing,conventional,0.25,1,543,,0,0.0037,,0.0197,0.25,flood,1,BORING  BARS - FINISHING.csv
LTH-03,Okuma LNC8,,4000,11,Default preset,turning boring,1018 Steel (P),P,Bore Rough,turning,roughing,conventional,0.25,1,607,,0,0.0073,,0.1181,0.25,flood,1,BORING  BARS - FINISHING.csv
LTH-03,Okuma LNC8,,4000,11,Default preset,turning boring,1018 Steel (P),P,Bore Finish,turning,finishing,conventional,0.25,1,705,,0,0.0037,,0.0197,0.25,flood,1,BORING  BARS - FINISHING.csv
LTH-03,Okuma LNC8,,4000,11,Default preset,turning boring,1045 Steel (P),P,Bore Rough,turning,roughing,conventional,0.25,1,514,,0,0.0073,,0.1181,0.25,flood,1,BORING  BARS - FINISHING.csv
LTH-03,Okuma LNC8,,4000,11,Default preset,turning boring,1045 Steel (P),P,Bore Finish,turning,finishing,conventional,0.25,1,597,,0,0.0037,,0.0197,0.25,flood,1,BORING  BARS - FINISHING.csv
LTH-03,Okuma LNC8,,4000,11,Default preset,turning boring,4140/4340 Alloy (P),P,Bore Rough,turning,roughing,conventional,0.25,1,467,,0,0.0073,,0.1181,0.25,flood,1,BORING  BARS - FINISHING.csv
LTH-03,Okuma LNC8,,4000,11,Default preset,turning boring,4140/4340 Alloy (P),P,Bore Finish,turning,finishing,conventional,0.25,1,543,,0,0.0037,,0.0197,0.25,flood,1,BORING  BARS - FINISHING.csv
LTH-03,Okuma LNC8,,4000,11,Default preset,turning boring,1018 Steel (P),P,Bore Rough,turning,roughing,conventional,0.1563,1,607,,0,0.0059,,0.1181,0.1563,flood,1,BORING BARS - ROUGHING.csv
LTH-03,Okuma LNC8,,4000,11,Default preset,turning boring,1018 Steel (P),P,Bore Finish,turning,finishing,conventional,0.1563,1,705,,0,0.003,,0.0197,0.1563,flood,1,BORING BARS - ROUGHING.csv
LTH-03,Okuma LNC8,,4000,11,Default preset,turning boring,1045 Steel (P),P,Bore Rough,turning,roughing,conventional,0.1563,1,514,,0,0.0059,,0.1181,0.1563,flood,1,BORING BARS - ROUGHING.csv
LTH-03,Okuma LNC8,,4000,11,Default preset,turning boring,1045 Steel (P),P,Bore Finish,turning,finishing,conventional,0.1563,1,597,,0,0.003,,0.0197,0.1563,flood,1,BORING BARS - ROUGHING.csv
LTH-03,Okuma LNC8,,4000,11,Default preset,turning boring,4140/4340 Alloy (P),P,Bore Rough,turning,roughing,conventional,0.1563,1,467,,0,0.0059,,0.1181,0.1563,flood,1,BORING BARS - ROUGHING.csv
LTH-03,Okuma LNC8,,4000,11,Default preset,turning boring,4140/4340 Alloy (P),P,Bore Finish,turning,finishing,conventional,0.1563,1,543,,0,0.003,,0.0197,0.1563,flood,1,BORING BARS - ROUGHING.csv
LTH-03,Okuma LNC8,,4000,11,Default preset,turning boring,1018 Steel (P),P,Bore Rough,turning,roughing,conventional,0.25,1,607,,0,0.0073,,0.1181,0.25,flood,1,BORING BARS - ROUGHING.csv
LTH-03,Okuma LNC8,,4000,11,Default preset,turning boring,1018 Steel (P),P,Bore Finish,turning,finishing,conventional,0.25,1,705,,0,0.0037,,0.0197,0.25,flood,1,BORING BARS - ROUGHING.csv
LTH-03,Okuma LNC8,,4000,11,Default preset,turning boring,1045 Steel (P),P,Bore Rough,turning,roughing,conventional,0.25,1,514,,0,0.0073,,0.1181,0.25,flood,1,BORING BARS - ROUGHING.csv
LTH-03,Okuma LNC8,,4000,11,Default preset,turning boring,1045 Steel (P),P,Bore Finish,turning,finishing,conventional,0.25,1,597,,0,0.0037,,0.0197,0.25,flood,1,BORING BARS - ROUGHING.csv
LTH-03,Okuma LNC8,,4000,11,Default preset,turning boring,4140/4340 Alloy (P),P,Bore Rough,turning,roughing,conventional,0.25,1,467,,0,0.0073,,0.1181,0.25,flood,1,BORING BARS - ROUGHING.csv
LTH-03,Okuma LNC8,,4000,11,Default preset,turning boring,4140/4340 Alloy (P),P,Bore Finish,turning,finishing,conventional,0.25,1,543,,0,0.0037,,0.0197,0.25,flood,1,BORING BARS - ROUGHING.csv
LTH-03,Okuma LNC8,,4000,11,Default preset,turning boring,1018 Steel (P),P,Bore Rough,turning,roughing,conventional,0.25,1,607,,0,0.0073,,0.1181,0.25,flood,1,BORING BARS - ROUGHING.csv
LTH-03,Okuma LNC8,,4000,11,Default preset,turning boring,1018 Steel (P),P,Bore Finish,turning,finishing,conventional,0.25,1,705,,0,0.0037,,0.0197,0.25,flood,1,BORING BARS - ROUGHING.csv
LTH-03,Okuma LNC8,,4000,11,Default preset,turning boring,1045 Steel (P),P,Bore Rough,turning,roughing,conventional,0.25,1,514,,0,0.0073,,0.1181,0.25,flood,1,BORING BARS - ROUGHING.csv
LTH-03,Okuma LNC8,,4000,11,Default preset,turning boring,1045 Steel (P),P,Bore Finish,turning,finishing,conventional,0.25,1,597,,0,0.0037,,0.0197,0.25,flood,1,BORING BARS - ROUGHING.csv
LTH-03,Okuma LNC8,,4000,11,Default preset,turning boring,4140/4340 Alloy (P),P,Bore Rough,turning,roughing,conventional,0.25,1,467,,0,0.0073,,0.1181,0.25,flood,1,BORING BARS - ROUGHING.csv
LTH-03,Okuma LNC8,,4000,11,Default preset,turning boring,4140/4340 Alloy (P),P,Bore Finish,turning,finishing,conventional,0.25,1,543,,0,0.0037,,0.0197,0.25,flood,1,BORING BARS - ROUGHING.csv
LTH-03,Okuma LNC8,,4000,11,Default preset,turning boring,1018 Steel (P),P,Bore Rough,turning,roughing,conventional,0.25,1,607,,0,0.0073,,0.1181,0.25,flood,1,BORING BARS - ROUGHING.csv
LTH-03,Okuma LNC8,,4000,11,Default preset,turning boring,1018 Steel (P),P,Bore Finish,turning,finishing,conventional,0.25,1,705,,0,0.0037,,0.0197,0.25,flood,1,BORING BARS - ROUGHING.csv
LTH-03,Okuma LNC8,,4000,11,Default preset,turning boring,1045 Steel (P),P,Bore Rough,turning,roughing,conventional,0.25,1,514,,0,0.0073,,0.1181,0.25,flood,1,BORING BARS - ROUGHING.csv
LTH-03,Okuma LNC8,,4000,11,Default preset,turning boring,1045 Steel (P),P,Bore Finish,turning,finishing,conventional,0.25,1,597,,0,0.0037,,0.0197,0.25,flood,1,BORING BARS - ROUGHING.csv
LTH-03,Okuma LNC8,,4000,11,Default preset,turning boring,4140/4340 Alloy (P),P,Bore Rough,turning,roughing,conventional,0.25,1,467,,0,0.0073,,0.1181,0.25,flood,1,BORING BARS - ROUGHING.csv
LTH-03,Okuma LNC8,,4000,11,Default preset,turning boring,4140/4340 Alloy (P),P,Bore Finish,turning,finishing,conventional,0.25,1,543,,0,0.0037,,0.0197,0.25,flood,1,BORING BARS - ROUGHING.csv
LTH-03,Okuma LNC8,,4000,11,Default preset,turning boring,1018 Steel (P),P,Bore Rough,turning,roughing,conventional,0.25,1,607,,0,0.0073,,0.1181,0.25,flood,1,BORING BARS - ROUGHING.csv
LTH-03,Okuma LNC8,,4000,11,Default preset,turning boring,1018 Steel (P),P,Bore Finish,turning,finishing,conventional,0.25,1,705,,0,0.0037,,0.0197,0.25,flood,1,BORING BARS - ROUGHING.csv
LTH-03,Okuma LNC8,,4000,11,Default preset,turning boring,1045 Steel (P),P,Bore Rough,turning,roughing,conventional,0.25,1,514,,0,0.0073,,0.1181,0.25,flood,1,BORING BARS - ROUGHING.csv
LTH-03,Okuma LNC8,,4000,11,Default preset,turning boring,1045 Steel (P),P,Bore Finish,turning,finishing,conventional,0.25,1,597,,0,0.0037,,0.0197,0.25,flood,1,BORING BARS - ROUGHING.csv
LTH-03,Okuma LNC8,,4000,11,Default preset,turning boring,4140/4340 Alloy (P),P,Bore Rough,turning,roughing,conventional,0.25,1,467,,0,0.0073,,0.1181,0.25,flood,1,BORING BARS - ROUGHING.csv
LTH-03,Okuma LNC8,,4000,11,Default preset,turning boring,4140/4340 Alloy (P),P,Bore Finish,turning,finishing,conventional,0.25,1,543,,0,0.0037,,0.0197,0.25,flood,1,BORING BARS - ROUGHING.csv
LTH-03,Okuma LNC8,,4000,11,Default preset,turning boring,1018 Steel (P),P,Bore Rough,turning,roughing,conventional,0.25,1,607,,0,0.0073,,0.1181,0.25,flood,1,BORING BARS - ROUGHING.csv
LTH-03,Okuma LNC8,,4000,11,Default preset,turning boring,1018 Steel (P),P,Bore Finish,turning,finishing,conventional,0.25,1,705,,0,0.0037,,0.0197,0.25,flood,1,BORING BARS - ROUGHING.csv
LTH-03,Okuma LNC8,,4000,11,Default preset,turning boring,1045 Steel (P),P,Bore Rough,turning,roughing,conventional,0.25,1,514,,0,0.0073,,0.1181,0.25,flood,1,BORING BARS - ROUGHING.csv
LTH-03,Okuma LNC8,,4000,11,Default preset,turning boring,1045 Steel (P),P,Bore Finish,turning,finishing,conventional,0.25,1,597,,0,0.0037,,0.0197,0.25,flood,1,BORING BARS - ROUGHING.csv
LTH-03,Okuma LNC8,,4000,11,Default preset,turning boring,4140/4340 Alloy (P),P,Bore Rough,turning,roughing,conventional,0.25,1,467,,0,0.0073,,0.1181,0.25,flood,1,BORING BARS - ROUGHING.csv
LTH-03,Okuma LNC8,,4000,11,Default preset,turning boring,4140/4340 Alloy (P),P,Bore Finish,turning,finishing,conventional,0.25,1,543,,0,0.0037,,0.0197,0.25,flood,1,BORING BARS - ROUGHING.csv
LTH-03,Okuma LNC8,,4000,11,Default preset,turning boring,1018 Steel (P),P,Bore Rough,turning,roughing,conventional,0.25,1,607,,0,0.0073,,0.1181,0.25,flood,1,BORING BARS - ROUGHING.csv
LTH-03,Okuma LNC8,,4000,11,Default preset,turning boring,1018 Steel (P),P,Bore Finish,turning,finishing,conventional,0.25,1,705,,0,0.0037,,0.0197,0.25,flood,1,BORING BARS - ROUGHING.csv
LTH-03,Okuma LNC8,,4000,11,Default preset,turning boring,1045 Steel (P),P,Bore Rough,turning,roughing,conventional,0.25,1,514,,0,0.0073,,0.1181,0.25,flood,1,BORING BARS - ROUGHING.csv
LTH-03,Okuma LNC8,,4000,11,Default preset,turning boring,1045 Steel (P),P,Bore Finish,turning,finishing,conventional,0.25,1,597,,0,0.0037,,0.0197,0.25,flood,1,BORING BARS - ROUGHING.csv
LTH-03,Okuma LNC8,,4000,11,Default preset,turning boring,4140/4340 Alloy (P),P,Bore Rough,turning,roughing,conventional,0.25,1,467,,0,0.0073,,0.1181,0.25,flood,1,BORING BARS - ROUGHING.csv
LTH-03,Okuma LNC8,,4000,11,Default preset,turning boring,4140/4340 Alloy (P),P,Bore Finish,turning,finishing,conventional,0.25,1,543,,0,0.0037,,0.0197,0.25,flood,1,BORING BARS - ROUGHING.csv
LTH-03,Okuma LNC8,,4000,11,Default preset,turning boring,1018 Steel (P),P,Bore Rough,turning,roughing,conventional,0.25,1,607,,0,0.0073,,0.1181,0.25,flood,1,BORING BARS - ROUGHING.csv
LTH-03,Okuma LNC8,,4000,11,Default preset,turning boring,1018 Steel (P),P,Bore Finish,turning,finishing,conventional,0.25,1,705,,0,0.0037,,0.0197,0.25,flood,1,BORING BARS - ROUGHING.csv
LTH-03,Okuma LNC8,,4000,11,Default preset,turning boring,1045 Steel (P),P,Bore Rough,turning,roughing,conventional,0.25,1,514,,0,0.0073,,0.1181,0.25,flood,1,BORING BARS - ROUGHING.csv
LTH-03,Okuma LNC8,,4000,11,Default preset,turning boring,1045 Steel (P),P,Bore Finish,turning,finishing,conventional,0.25,1,597,,0,0.0037,,0.0197,0.25,flood,1,BORING BARS - ROUGHING.csv
LTH-03,Okuma LNC8,,4000,11,Default preset,turning boring,4140/4340 Alloy (P),P,Bore Rough,turning,roughing,conventional,0.25,1,467,,0,0.0073,,0.1181,0.25,flood,1,BORING BARS - ROUGHING.csv
LTH-03,Okuma LNC8,,4000,11,Default preset,turning boring,4140/4340 Alloy (P),P,Bore Finish,turning,finishing,conventional,0.25,1,543,,0,0.0037,,0.0197,0.25,flood,1,BORING BARS - ROUGHING.csv
LTH-03,Okuma LNC8,,4000,11,Default preset,turning boring,1018 Steel (P),P,Bore Rough,turning,roughing,conventional,0.1563,1,607,,0,0.0059,,0.1181,0.1563,flood,1,BORING BARS - ROUGHING.csv
LTH-03,Okuma LNC8,,4000,11,Default preset,turning boring,1018 Steel (P),P,Bore Finish,turning,finishing,conventional,0.1563,1,705,,0,0.003,,0.0197,0.1563,flood,1,BORING BARS - ROUGHING.csv
LTH-03,Okuma LNC8,,4000,11,Default preset,turning boring,1045 Steel (P),P,Bore Rough,turning,roughing,conventional,0.1563,1,514,,0,0.0059,,0.1181,0.1563,flood,1,BORING BARS - ROUGHING.csv
LTH-03,Okuma LNC8,,4000,11,Default preset,turning boring,1045 Steel (P),P,Bore Finish,turning,finishing,conventional,0.1563,1,597,,0,0.003,,0.0197,0.1563,flood,1,BORING BARS - ROUGHING.csv
LTH-03,Okuma LNC8,,4000,11,Default preset,turning boring,4140/4340 Alloy (P),P,Bore Rough,turning,roughing,conventional,0.1563,1,467,,0,0.0059,,0.1181,0.1563,flood,1,BORING BARS - ROUGHING.csv
LTH-03,Okuma LNC8,,4000,11,Default preset,turning boring,4140/4340 Alloy (P),P,Bore Finish,turning,finishing,conventional,0.1563,1,543,,0,0.003,,0.0197,0.1563,flood,1,BORING BARS - ROUGHING.csv
LTH-03,Okuma LNC8,,4000,11,Default preset,turning boring,1018 Steel (P),P,Bore Rough,turning,roughing,conventional,0.25,1,607,,0,0.0073,,0.1181,0.25,flood,1,BORING BARS - ROUGHING.csv
LTH-03,Okuma LNC8,,4000,11,Default preset,turning boring,1018 Steel (P),P,Bore Finish,turning,finishing,conventional,0.25,1,705,,0,0.0037,,0.0197,0.25,flood,1,BORING BARS - ROUGHING.csv
LTH-03,Okuma LNC8,,4000,11,Default preset,turning boring,1045 Steel (P),P,Bore Rough,turning,roughing,conventional,0.25,1,514,,0,0.0073,,0.1181,0.25,flood,1,BORING BARS - ROUGHING.csv
LTH-03,Okuma LNC8,,4000,11,Default preset,turning boring,1045 Steel (P),P,Bore Finish,turning,finishing,conventional,0.25,1,597,,0,0.0037,,0.0197,0.25,flood,1,BORING BARS - ROUGHING.csv
LTH-03,Okuma LNC8,,4000,11,Default preset,turning boring,4140/4340 Alloy (P),P,Bore Rough,turning,roughing,conventional,0.25,1,467,,0,0.0073,,0.1181,0.25,flood,1,BORING BARS - ROUGHING.csv
LTH-03,Okuma LNC8,,4000,11,Default preset,turning boring,4140/4340 Alloy (P),P,Bore Finish,turning,finishing,conventional,0.25,1,543,,0,0.0037,,0.0197,0.25,flood,1,BORING BARS - ROUGHING.csv
LTH-03,Okuma LNC8,,4000,11,Default preset,turning boring,1018 Steel (P),P,Bore Rough,turning,roughing,conventional,0.25,1,607,,0,0.0073,,0.1181,0.25,flood,1,BORING BARS - ROUGHING.csv
LTH-03,Okuma LNC8,,4000,11,Default preset,turning boring,1018 Steel (P),P,Bore Finish,turning,finishing,conventional,0.25,1,705,,0,0.0037,,0.0197,0.25,flood,1,BORING BARS - ROUGHING.csv
LTH-03,Okuma LNC8,,4000,11,Default preset,turning boring,1045 Steel (P),P,Bore Rough,turning,roughing,conventional,0.25,1,514,,0,0.0073,,0.1181,0.25,flood,1,BORING BARS - ROUGHING.csv
LTH-03,Okuma LNC8,,4000,11,Default preset,turning boring,1045 Steel (P),P,Bore Finish,turning,finishing,conventional,0.25,1,597,,0,0.0037,,0.0197,0.25,flood,1,BORING BARS - ROUGHING.csv
LTH-03,Okuma LNC8,,4000,11,Default preset,turning boring,4140/4340 Alloy (P),P,Bore Rough,turning,roughing,conventional,0.25,1,467,,0,0.0073,,0.1181,0.25,flood,1,BORING BARS - ROUGHING.csv
LTH-03,Okuma LNC8,,4000,11,Default preset,turning boring,4140/4340 Alloy (P),P,Bore Finish,turning,finishing,conventional,0.25,1,543,,0,0.0037,,0.0197,0.25,flood,1,BORING BARS - ROUGHING.csv
LTH-03,Okuma LNC8,,4000,11,Default preset,turning boring,1018 Steel (P),P,Bore Rough,turning,roughing,conventional,0.25,1,607,,0,0.0073,,0.1181,0.25,flood,1,BORING BARS - ROUGHING.csv
LTH-03,Okuma LNC8,,4000,11,Default preset,turning boring,1018 Steel (P),P,Bore Finish,turning,finishing,conventional,0.25,1,705,,0,0.0037,,0.0197,0.25,flood,1,BORING BARS - ROUGHING.csv
LTH-03,Okuma LNC8,,4000,11,Default preset,turning boring,1045 Steel (P),P,Bore Rough,turning,roughing,conventional,0.25,1,514,,0,0.0073,,0.1181,0.25,flood,1,BORING BARS - ROUGHING.csv
LTH-03,Okuma LNC8,,4000,11,Default preset,turning boring,1045 Steel (P),P,Bore Finish,turning,finishing,conventional,0.25,1,597,,0,0.0037,,0.0197,0.25,flood,1,BORING BARS - ROUGHING.csv
LTH-03,Okuma LNC8,,4000,11,Default preset,turning boring,4140/4340 Alloy (P),P,Bore Rough,turning,roughing,conventional,0.25,1,467,,0,0.0073,,0.1181,0.25,flood,1,BORING BARS - ROUGHING.csv
LTH-03,Okuma LNC8,,4000,11,Default preset,turning boring,4140/4340 Alloy (P),P,Bore Finish,turning,finishing,conventional,0.25,1,543,,0,0.0037,,0.0197,0.25,flood,1,BORING BARS - ROUGHING.csv
LTH-03,Okuma LNC8,,4000,11,Default preset,turning boring,1018 Steel (P),P,Bore Rough,turning,roughing,conventional,0.25,1,607,,0,0.0073,,0.1181,0.25,flood,1,BORING BARS - ROUGHING.csv
LTH-03,Okuma LNC8,,4000,11,Default preset,turning boring,1018 Steel (P),P,Bore Finish,turning,finishing,conventional,0.25,1,705,,0,0.0037,,0.0197,0.25,flood,1,BORING BARS - ROUGHING.csv
LTH-03,Okuma LNC8,,4000,11,Default preset,turning boring,1045 Steel (P),P,Bore Rough,turning,roughing,conventional,0.25,1,514,,0,0.0073,,0.1181,0.25,flood,1,BORING BARS - ROUGHING.csv
LTH-03,Okuma LNC8,,4000,11,Default preset,turning boring,1045 Steel (P),P,Bore Finish,turning,finishing,conventional,0.25,1,597,,0,0.0037,,0.0197,0.25,flood,1,BORING BARS - ROUGHING.csv
LTH-03,Okuma LNC8,,4000,11,Default preset,turning boring,4140/4340 Alloy (P),P,Bore Rough,turning,roughing,conventional,0.25,1,467,,0,0.0073,,0.1181,0.25,flood,1,BORING BARS - ROUGHING.csv
LTH-03,Okuma LNC8,,4000,11,Default preset,turning boring,4140/4340 Alloy (P),P,Bore Finish,turning,finishing,conventional,0.25,1,543,,0,0.0037,,0.0197,0.25,flood,1,BORING BARS - ROUGHING.csv
LTH-03,Okuma LNC8,,4000,11,Default preset,turning boring,1018 Steel (P),P,Bore Rough,turning,roughing,conventional,0.25,1,607,,0,0.0073,,0.1181,0.25,flood,1,BORING BARS - ROUGHING.csv
LTH-03,Okuma LNC8,,4000,11,Default preset,turning boring,1018 Steel (P),P,Bore Finish,turning,finishing,conventional,0.25,1,705,,0,0.0037,,0.0197,0.25,flood,1,BORING BARS - ROUGHING.csv
LTH-03,Okuma LNC8,,4000,11,Default preset,turning boring,1045 Steel (P),P,Bore Rough,turning,roughing,conventional,0.25,1,514,,0,0.0073,,0.1181,0.25,flood,1,BORING BARS - ROUGHING.csv
LTH-03,Okuma LNC8,,4000,11,Default preset,turning boring,1045 Steel (P),P,Bore Finish,turning,finishing,conventional,0.25,1,597,,0,0.0037,,0.0197,0.25,flood,1,BORING BARS - ROUGHING.csv
LTH-03,Okuma LNC8,,4000,11,Default preset,turning boring,4140/4340 Alloy (P),P,Bore Rough,turning,roughing,conventional,0.25,1,467,,0,0.0073,,0.1181,0.25,flood,1,BORING BARS - ROUGHING.csv
LTH-03,Okuma LNC8,,4000,11,Default preset,turning boring,4140/4340 Alloy (P),P,Bore Finish,turning,finishing,conventional,0.25,1,543,,0,0.0037,,0.0197,0.25,flood,1,BORING BARS - ROUGHING.csv
LTH-03,Okuma LNC8,,4000,11,Default preset,turning general,1018 Steel (P),P,Turn Rough,turning,roughing,conventional,0.375,1,607,,0,0.0096,,0.1181,0.3748,flood,1,TURNING TOOLS.csv
LTH-03,Okuma LNC8,,4000,11,Default preset,turning general,1018 Steel (P),P,Turn Finish,turning,finishing,conventional,0.375,1,705,,0,0.0048,,0.0197,0.3748,flood,1,TURNING TOOLS.csv
LTH-03,Okuma LNC8,,4000,11,Default preset,turning general,1045 Steel (P),P,Turn Rough,turning,roughing,conventional,0.375,1,514,,0,0.0096,,0.1181,0.3748,flood,1,TURNING TOOLS.csv
LTH-03,Okuma LNC8,,4000,11,Default preset,turning general,1045 Steel (P),P,Turn Finish,turning,finishing,conventional,0.375,1,597,,0,0.0048,,0.0197,0.3748,flood,1,TURNING TOOLS.csv
LTH-03,Okuma LNC8,,4000,11,Default preset,turning general,4140/4340 Alloy (P),P,Turn Rough,turning,roughing,conventional,0.375,1,467,,0,0.0096,,0.1181,0.3748,flood,1,TURNING TOOLS.csv
LTH-03,Okuma LNC8,,4000,11,Default preset,turning general,4140/4340 Alloy (P),P,Turn Finish,turning,finishing,conventional,0.375,1,543,,0,0.0048,,0.0197,0.3748,flood,1,TURNING TOOLS.csv
LTH-03,Okuma LNC8,,4000,11,Default preset,turning general,1018 Steel (P),P,Turn Rough,turning,roughing,conventional,0.375,1,607,,0,0.0096,,0.1181,0.3748,flood,1,TURNING TOOLS.csv
LTH-03,Okuma LNC8,,4000,11,Default preset,turning general,1018 Steel (P),P,Turn Finish,turning,finishing,conventional,0.375,1,705,,0,0.0048,,0.0197,0.3748,flood,1,TURNING TOOLS.csv
LTH-03,Okuma LNC8,,4000,11,Default preset,turning general,1045 Steel (P),P,Turn Rough,turning,roughing,conventional,0.375,1,514,,0,0.0096,,0.1181,0.3748,flood,1,TURNING TOOLS.csv
LTH-03,Okuma LNC8,,4000,11,Default preset,turning general,1045 Steel (P),P,Turn Finish,turning,finishing,conventional,0.375,1,597,,0,0.0048,,0.0197,0.3748,flood,1,TURNING TOOLS.csv
LTH-03,Okuma LNC8,,4000,11,Default preset,turning general,4140/4340 Alloy (P),P,Turn Rough,turning,roughing,conventional,0.375,1,467,,0,0.0096,,0.1181,0.3748,flood,1,TURNING TOOLS.csv
LTH-03,Okuma LNC8,,4000,11,Default preset,turning general,4140/4340 Alloy (P),P,Turn Finish,turning,finishing,conventional,0.375,1,543,,0,0.0048,,0.0197,0.3748,flood,1,TURNING TOOLS.csv
LTH-03,Okuma LNC8,,4000,11,Default preset,turning grooving,1018 Steel (P),P,Groove Rough,turning,roughing,conventional,0.4,1,607,,0,0.0102,,0.1181,0.4,flood,1,TURNING TOOLS.csv
LTH-03,Okuma LNC8,,4000,11,Default preset,turning grooving,1018 Steel (P),P,Groove Finish,turning,finishing,conventional,0.4,1,705,,0,0.0051,,0.0197,0.4,flood,1,TURNING TOOLS.csv
LTH-03,Okuma LNC8,,4000,11,Default preset,turning grooving,1045 Steel (P),P,Groove Rough,turning,roughing,conventional,0.4,1,514,,0,0.0102,,0.1181,0.4,flood,1,TURNING TOOLS.csv
LTH-03,Okuma LNC8,,4000,11,Default preset,turning grooving,1045 Steel (P),P,Groove Finish,turning,finishing,conventional,0.4,1,597,,0,0.0051,,0.0197,0.4,flood,1,TURNING TOOLS.csv
LTH-03,Okuma LNC8,,4000,11,Default preset,turning grooving,4140/4340 Alloy (P),P,Groove Rough,turning,roughing,conventional,0.4,1,467,,0,0.0102,,0.1181,0.4,flood,1,TURNING TOOLS.csv
LTH-03,Okuma LNC8,,4000,11,Default preset,turning grooving,4140/4340 Alloy (P),P,Groove Finish,turning,finishing,conventional,0.4,1,543,,0,0.0051,,0.0197,0.4,flood,1,TURNING TOOLS.csv
LTH-03,Okuma LNC8,,4000,11,Default preset,turning grooving,1018 Steel (P),P,Groove Rough,turning,roughing,conventional,0.4,1,607,,0,0.0102,,0.1181,0.4,flood,1,TURNING TOOLS.csv
LTH-03,Okuma LNC8,,4000,11,Default preset,turning grooving,1018 Steel (P),P,Groove Finish,turning,finishing,conventional,0.4,1,705,,0,0.0051,,0.0197,0.4,flood,1,TURNING TOOLS.csv
LTH-03,Okuma LNC8,,4000,11,Default preset,turning grooving,1045 Steel (P),P,Groove Rough,turning,roughing,conventional,0.4,1,514,,0,0.0102,,0.1181,0.4,flood,1,TURNING TOOLS.csv
LTH-03,Okuma LNC8,,4000,11,Default preset,turning grooving,1045 Steel (P),P,Groove Finish,turning,finishing,conventional,0.4,1,597,,0,0.0051,,0.0197,0.4,flood,1,TURNING TOOLS.csv
LTH-03,Okuma LNC8,,4000,11,Default preset,turning grooving,4140/4340 Alloy (P),P,Groove Rough,turning,roughing,conventional,0.4,1,467,,0,0.0102,,0.1181,0.4,flood,1,TURNING TOOLS.csv
LTH-03,Okuma LNC8,,4000,11,Default preset,turning grooving,4140/4340 Alloy (P),P,Groove Finish,turning,finishing,conventional,0.4,1,543,,0,0.0051,,0.0197,0.4,flood,1,TURNING TOOLS.csv
LTH-03,Okuma LNC8,,4000,11,Default preset,turning grooving,1018 Steel (P),P,Groove Rough,turning,roughing,conventional,0.4,1,607,,0,0.0102,,0.1181,0.4,flood,1,TURNING TOOLS.csv
LTH-03,Okuma LNC8,,4000,11,Default preset,turning grooving,1018 Steel (P),P,Groove Finish,turning,finishing,conventional,0.4,1,705,,0,0.0051,,0.0197,0.4,flood,1,TURNING TOOLS.csv
LTH-03,Okuma LNC8,,4000,11,Default preset,turning grooving,1045 Steel (P),P,Groove Rough,turning,roughing,conventional,0.4,1,514,,0,0.0102,,0.1181,0.4,flood,1,TURNING TOOLS.csv
LTH-03,Okuma LNC8,,4000,11,Default preset,turning grooving,1045 Steel (P),P,Groove Finish,turning,finishing,conventional,0.4,1,597,,0,0.0051,,0.0197,0.4,flood,1,TURNING TOOLS.csv
LTH-03,Okuma LNC8,,4000,11,Default preset,turning grooving,4140/4340 Alloy (P),P,Groove Rough,turning,roughing,conventional,0.4,1,467,,0,0.0102,,0.1181,0.4,flood,1,TURNING TOOLS.csv
LTH-03,Okuma LNC8,,4000,11,Default preset,turning grooving,4140/4340 Alloy (P),P,Groove Finish,turning,finishing,conventional,0.4,1,543,,0,0.0051,,0.0197,0.4,flood,1,TURNING TOOLS.csv
LTH-03,Okuma LNC8,,4000,11,Default preset,turning general,1018 Steel (P),P,Turn Rough,turning,roughing,conventional,0.375,1,607,,0,0.0096,,0.1181,0.3748,flood,1,TURNING TOOLS.csv
LTH-03,Okuma LNC8,,4000,11,Default preset,turning general,1018 Steel (P),P,Turn Finish,turning,finishing,conventional,0.375,1,705,,0,0.0048,,0.0197,0.3748,flood,1,TURNING TOOLS.csv
LTH-03,Okuma LNC8,,4000,11,Default preset,turning general,1045 Steel (P),P,Turn Rough,turning,roughing,conventional,0.375,1,514,,0,0.0096,,0.1181,0.3748,flood,1,TURNING TOOLS.csv
LTH-03,Okuma LNC8,,4000,11,Default preset,turning general,1045 Steel (P),P,Turn Finish,turning,finishing,conventional,0.375,1,597,,0,0.0048,,0.0197,0.3748,flood,1,TURNING TOOLS.csv
LTH-03,Okuma LNC8,,4000,11,Default preset,turning general,4140/4340 Alloy (P),P,Turn Rough,turning,roughing,conventional,0.375,1,467,,0,0.0096,,0.1181,0.3748,flood,1,TURNING TOOLS.csv
LTH-03,Okuma LNC8,,4000,11,Default preset,turning general,4140/4340 Alloy (P),P,Turn Finish,turning,finishing,conventional,0.375,1,543,,0,0.0048,,0.0197,0.3748,flood,1,TURNING TOOLS.csv
LTH-03,Okuma LNC8,,4000,11,Default preset,turning grooving,1018 Steel (P),P,Groove Rough,turning,roughing,conventional,0.4,1,607,,0,0.0102,,0.1181,0.4,flood,1,TURNING TOOLS.csv
LTH-03,Okuma LNC8,,4000,11,Default preset,turning grooving,1018 Steel (P),P,Groove Finish,turning,finishing,conventional,0.4,1,705,,0,0.0051,,0.0197,0.4,flood,1,TURNING TOOLS.csv
LTH-03,Okuma LNC8,,4000,11,Default preset,turning grooving,1045 Steel (P),P,Groove Rough,turning,roughing,conventional,0.4,1,514,,0,0.0102,,0.1181,0.4,flood,1,TURNING TOOLS.csv
LTH-03,Okuma LNC8,,4000,11,Default preset,turning grooving,1045 Steel (P),P,Groove Finish,turning,finishing,conventional,0.4,1,597,,0,0.0051,,0.0197,0.4,flood,1,TURNING TOOLS.csv
LTH-03,Okuma LNC8,,4000,11,Default preset,turning grooving,4140/4340 Alloy (P),P,Groove Rough,turning,roughing,conventional,0.4,1,467,,0,0.0102,,0.1181,0.4,flood,1,TURNING TOOLS.csv
LTH-03,Okuma LNC8,,4000,11,Default preset,turning grooving,4140/4340 Alloy (P),P,Groove Finish,turning,finishing,conventional,0.4,1,543,,0,0.0051,,0.0197,0.4,flood,1,TURNING TOOLS.csv
LTH-03,Okuma LNC8,,4000,11,Default preset,turning grooving,1018 Steel (P),P,Groove Rough,turning,roughing,conventional,0.4,1,607,,0,0.0102,,0.1181,0.4,flood,1,TURNING TOOLS.csv
LTH-03,Okuma LNC8,,4000,11,Default preset,turning grooving,1018 Steel (P),P,Groove Finish,turning,finishing,conventional,0.4,1,705,,0,0.0051,,0.0197,0.4,flood,1,TURNING TOOLS.csv
LTH-03,Okuma LNC8,,4000,11,Default preset,turning grooving,1045 Steel (P),P,Groove Rough,turning,roughing,conventional,0.4,1,514,,0,0.0102,,0.1181,0.4,flood,1,TURNING TOOLS.csv
LTH-03,Okuma LNC8,,4000,11,Default preset,turning grooving,1045 Steel (P),P,Groove Finish,turning,finishing,conventional,0.4,1,597,,0,0.0051,,0.0197,0.4,flood,1,TURNING TOOLS.csv
LTH-03,Okuma LNC8,,4000,11,Default preset,turning grooving,4140/4340 Alloy (P),P,Groove Rough,turning,roughing,conventional,0.4,1,467,,0,0.0102,,0.1181,0.4,flood,1,TURNING TOOLS.csv
LTH-03,Okuma LNC8,,4000,11,Default preset,turning grooving,4140/4340 Alloy (P),P,Groove Finish,turning,finishing,conventional,0.4,1,543,,0,0.0051,,0.0197,0.4,flood,1,TURNING TOOLS.csv
LTH-03,Okuma LNC8,,4000,11,Default preset,turning general,1018 Steel (P),P,Turn Rough,turning,roughing,conventional,0.375,1,607,,0,0.0096,,0.1181,0.3748,flood,1,TURNING TOOLS.csv
LTH-03,Okuma LNC8,,4000,11,Default preset,turning general,1018 Steel (P),P,Turn Finish,turning,finishing,conventional,0.375,1,705,,0,0.0048,,0.0197,0.3748,flood,1,TURNING TOOLS.csv
LTH-03,Okuma LNC8,,4000,11,Default preset,turning general,1045 Steel (P),P,Turn Rough,turning,roughing,conventional,0.375,1,514,,0,0.0096,,0.1181,0.3748,flood,1,TURNING TOOLS.csv
LTH-03,Okuma LNC8,,4000,11,Default preset,turning general,1045 Steel (P),P,Turn Finish,turning,finishing,conventional,0.375,1,597,,0,0.0048,,0.0197,0.3748,flood,1,TURNING TOOLS.csv
LTH-03,Okuma LNC8,,4000,11,Default preset,turning general,4140/4340 Alloy (P),P,Turn Rough,turning,roughing,conventional,0.375,1,467,,0,0.0096,,0.1181,0.3748,flood,1,TURNING TOOLS.csv
LTH-03,Okuma LNC8,,4000,11,Default preset,turning general,4140/4340 Alloy (P),P,Turn Finish,turning,finishing,conventional,0.375,1,543,,0,0.0048,,0.0197,0.3748,flood,1,TURNING TOOLS.csv
LTH-03,Okuma LNC8,,4000,11,Default preset,turning general,1018 Steel (P),P,Turn Rough,turning,roughing,conventional,0.375,1,607,,0,0.0096,,0.1181,0.3748,flood,1,TURNING TOOLS.csv
LTH-03,Okuma LNC8,,4000,11,Default preset,turning general,1018 Steel (P),P,Turn Finish,turning,finishing,conventional,0.375,1,705,,0,0.0048,,0.0197,0.3748,flood,1,TURNING TOOLS.csv
LTH-03,Okuma LNC8,,4000,11,Default preset,turning general,1045 Steel (P),P,Turn Rough,turning,roughing,conventional,0.375,1,514,,0,0.0096,,0.1181,0.3748,flood,1,TURNING TOOLS.csv
LTH-03,Okuma LNC8,,4000,11,Default preset,turning general,1045 Steel (P),P,Turn Finish,turning,finishing,conventional,0.375,1,597,,0,0.0048,,0.0197,0.3748,flood,1,TURNING TOOLS.csv
LTH-03,Okuma LNC8,,4000,11,Default preset,turning general,4140/4340 Alloy (P),P,Turn Rough,turning,roughing,conventional,0.375,1,467,,0,0.0096,,0.1181,0.3748,flood,1,TURNING TOOLS.csv
LTH-03,Okuma LNC8,,4000,11,Default preset,turning general,4140/4340 Alloy (P),P,Turn Finish,turning,finishing,conventional,0.375,1,543,,0,0.0048,,0.0197,0.3748,flood,1,TURNING TOOLS.csv
LTH-03,Okuma LNC8,,4000,11,Default preset,turning grooving,1018 Steel (P),P,Groove Rough,turning,roughing,conventional,0.4,1,607,,0,0.0102,,0.1181,0.4,flood,1,TURNING TOOLS.csv
LTH-03,Okuma LNC8,,4000,11,Default preset,turning grooving,1018 Steel (P),P,Groove Finish,turning,finishing,conventional,0.4,1,705,,0,0.0051,,0.0197,0.4,flood,1,TURNING TOOLS.csv
LTH-03,Okuma LNC8,,4000,11,Default preset,turning grooving,1045 Steel (P),P,Groove Rough,turning,roughing,conventional,0.4,1,514,,0,0.0102,,0.1181,0.4,flood,1,TURNING TOOLS.csv
LTH-03,Okuma LNC8,,4000,11,Default preset,turning grooving,1045 Steel (P),P,Groove Finish,turning,finishing,conventional,0.4,1,597,,0,0.0051,,0.0197,0.4,flood,1,TURNING TOOLS.csv
LTH-03,Okuma LNC8,,4000,11,Default preset,turning grooving,4140/4340 Alloy (P),P,Groove Rough,turning,roughing,conventional,0.4,1,467,,0,0.0102,,0.1181,0.4,flood,1,TURNING TOOLS.csv
LTH-03,Okuma LNC8,,4000,11,Default preset,turning grooving,4140/4340 Alloy (P),P,Groove Finish,turning,finishing,conventional,0.4,1,543,,0,0.0051,,0.0197,0.4,flood,1,TURNING TOOLS.csv
LTH-03,Okuma LNC8,,4000,11,Default preset,turning general,1018 Steel (P),P,Turn Rough,turning,roughing,conventional,0.375,1,607,,0,0.0096,,0.1181,0.3748,flood,1,TURNING TOOLS.csv
LTH-03,Okuma LNC8,,4000,11,Default preset,turning general,1018 Steel (P),P,Turn Finish,turning,finishing,conventional,0.375,1,705,,0,0.0048,,0.0197,0.3748,flood,1,TURNING TOOLS.csv
LTH-03,Okuma LNC8,,4000,11,Default preset,turning general,1045 Steel (P),P,Turn Rough,turning,roughing,conventional,0.375,1,514,,0,0.0096,,0.1181,0.3748,flood,1,TURNING TOOLS.csv
LTH-03,Okuma LNC8,,4000,11,Default preset,turning general,1045 Steel (P),P,Turn Finish,turning,finishing,conventional,0.375,1,597,,0,0.0048,,0.0197,0.3748,flood,1,TURNING TOOLS.csv
LTH-03,Okuma LNC8,,4000,11,Default preset,turning general,4140/4340 Alloy (P),P,Turn Rough,turning,roughing,conventional,0.375,1,467,,0,0.0096,,0.1181,0.3748,flood,1,TURNING TOOLS.csv
LTH-03,Okuma LNC8,,4000,11,Default preset,turning general,4140/4340 Alloy (P),P,Turn Finish,turning,finishing,conventional,0.375,1,543,,0,0.0048,,0.0197,0.3748,flood,1,TURNING TOOLS.csv
LTH-03,Okuma LNC8,,4000,11,Default preset,turning general,1018 Steel (P),P,Turn Rough,turning,roughing,conventional,0.375,1,607,,0,0.0096,,0.1181,0.3748,flood,1,TURNING TOOLS.csv
LTH-03,Okuma LNC8,,4000,11,Default preset,turning general,1018 Steel (P),P,Turn Finish,turning,finishing,conventional,0.375,1,705,,0,0.0048,,0.0197,0.3748,flood,1,TURNING TOOLS.csv
LTH-03,Okuma LNC8,,4000,11,Default preset,turning general,1045 Steel (P),P,Turn Rough,turning,roughing,conventional,0.375,1,514,,0,0.0096,,0.1181,0.3748,flood,1,TURNING TOOLS.csv
LTH-03,Okuma LNC8,,4000,11,Default preset,turning general,1045 Steel (P),P,Turn Finish,turning,finishing,conventional,0.375,1,597,,0,0.0048,,0.0197,0.3748,flood,1,TURNING TOOLS.csv
LTH-03,Okuma LNC8,,4000,11,Default preset,turning general,4140/4340 Alloy (P),P,Turn Rough,turning,roughing,conventional,0.375,1,467,,0,0.0096,,0.1181,0.3748,flood,1,TURNING TOOLS.csv
LTH-03,Okuma LNC8,,4000,11,Default preset,turning general,4140/4340 Alloy (P),P,Turn Finish,turning,finishing,conventional,0.375,1,543,,0,0.0048,,0.0197,0.3748,flood,1,TURNING TOOLS.csv
LTH-03,Okuma LNC8,,4000,11,Default preset,turning general,1018 Steel (P),P,Turn Rough,turning,roughing,conventional,0.375,1,607,,0,0.0096,,0.1181,0.3748,flood,1,TURNING TOOLS.csv
LTH-03,Okuma LNC8,,4000,11,Default preset,turning general,1018 Steel (P),P,Turn Finish,turning,finishing,conventional,0.375,1,705,,0,0.0048,,0.0197,0.3748,flood,1,TURNING TOOLS.csv
LTH-03,Okuma LNC8,,4000,11,Default preset,turning general,1045 Steel (P),P,Turn Rough,turning,roughing,conventional,0.375,1,514,,0,0.0096,,0.1181,0.3748,flood,1,TURNING TOOLS.csv
LTH-03,Okuma LNC8,,4000,11,Default preset,turning general,1045 Steel (P),P,Turn Finish,turning,finishing,conventional,0.375,1,597,,0,0.0048,,0.0197,0.3748,flood,1,TURNING TOOLS.csv
LTH-03,Okuma LNC8,,4000,11,Default preset,turning general,4140/4340 Alloy (P),P,Turn Rough,turning,roughing,conventional,0.375,1,467,,0,0.0096,,0.1181,0.3748,flood,1,TURNING TOOLS.csv
LTH-03,Okuma LNC8,,4000,11,Default preset,turning general,4140/4340 Alloy (P),P,Turn Finish,turning,finishing,conventional,0.375,1,543,,0,0.0048,,0.0197,0.3748,flood,1,TURNING TOOLS.csv
LTH-03,Okuma LNC8,,4000,11,Default preset,turning general,1018 Steel (P),P,Turn Rough,turning,roughing,conventional,0.375,1,607,,0,0.0096,,0.1181,0.3748,flood,1,TURNING TOOLS.csv
LTH-03,Okuma LNC8,,4000,11,Default preset,turning general,1018 Steel (P),P,Turn Finish,turning,finishing,conventional,0.375,1,705,,0,0.0048,,0.0197,0.3748,flood,1,TURNING TOOLS.csv
LTH-03,Okuma LNC8,,4000,11,Default preset,turning general,1045 Steel (P),P,Turn Rough,turning,roughing,conventional,0.375,1,514,,0,0.0096,,0.1181,0.3748,flood,1,TURNING TOOLS.csv
LTH-03,Okuma LNC8,,4000,11,Default preset,turning general,1045 Steel (P),P,Turn Finish,turning,finishing,conventional,0.375,1,597,,0,0.0048,,0.0197,0.3748,flood,1,TURNING TOOLS.csv
LTH-03,Okuma LNC8,,4000,11,Default preset,turning general,4140/4340 Alloy (P),P,Turn Rough,turning,roughing,conventional,0.375,1,467,,0,0.0096,,0.1181,0.3748,flood,1,TURNING TOOLS.csv
LTH-03,Okuma LNC8,,4000,11,Default preset,turning general,4140/4340 Alloy (P),P,Turn Finish,turning,finishing,conventional,0.375,1,543,,0,0.0048,,0.0197,0.3748,flood,1,TURNING TOOLS.csv
LTH-03,Okuma LNC8,,4000,11,Default preset,turning general,1018 Steel (P),P,Turn Rough,turning,roughing,conventional,0.375,1,607,,0,0.0096,,0.1181,0.3748,flood,1,TURNING TOOLS.csv
LTH-03,Okuma LNC8,,4000,11,Default preset,turning general,1018 Steel (P),P,Turn Finish,turning,finishing,conventional,0.375,1,705,,0,0.0048,,0.0197,0.3748,flood,1,TURNING TOOLS.csv
LTH-03,Okuma LNC8,,4000,11,Default preset,turning general,1045 Steel (P),P,Turn Rough,turning,roughing,conventional,0.375,1,514,,0,0.0096,,0.1181,0.3748,flood,1,TURNING TOOLS.csv
LTH-03,Okuma LNC8,,4000,11,Default preset,turning general,1045 Steel (P),P,Turn Finish,turning,finishing,conventional,0.375,1,597,,0,0.0048,,0.0197,0.3748,flood,1,TURNING TOOLS.csv
LTH-03,Okuma LNC8,,4000,11,Default preset,turning general,4140/4340 Alloy (P),P,Turn Rough,turning,roughing,conventional,0.375,1,467,,0,0.0096,,0.1181,0.3748,flood,1,TURNING TOOLS.csv
LTH-03,Okuma LNC8,,4000,11,Default preset,turning general,4140/4340 Alloy (P),P,Turn Finish,turning,finishing,conventional,0.375,1,543,,0,0.0048,,0.0197,0.3748,flood,1,TURNING TOOLS.csv
LTH-03,Okuma LNC8,,4000,11,Default preset,turning general,1018 Steel (P),P,Turn Rough,turning,roughing,conventional,0.375,1,607,,0,0.0096,,0.1181,0.3748,flood,1,TURNING TOOLS.csv
LTH-03,Okuma LNC8,,4000,11,Default preset,turning general,1018 Steel (P),P,Turn Finish,turning,finishing,conventional,0.375,1,705,,0,0.0048,,0.0197,0.3748,flood,1,TURNING TOOLS.csv
LTH-03,Okuma LNC8,,4000,11,Default preset,turning general,1045 Steel (P),P,Turn Rough,turning,roughing,conventional,0.375,1,514,,0,0.0096,,0.1181,0.3748,flood,1,TURNING TOOLS.csv
LTH-03,Okuma LNC8,,4000,11,Default preset,turning general,1045 Steel (P),P,Turn Finish,turning,finishing,conventional,0.375,1,597,,0,0.0048,,0.0197,0.3748,flood,1,TURNING TOOLS.csv
LTH-03,Okuma LNC8,,4000,11,Default preset,turning general,4140/4340 Alloy (P),P,Turn Rough,turning,roughing,conventional,0.375,1,467,,0,0.0096,,0.1181,0.3748,flood,1,TURNING TOOLS.csv
LTH-03,Okuma LNC8,,4000,11,Default preset,turning general,4140/4340 Alloy (P),P,Turn Finish,turning,finishing,conventional,0.375,1,543,,0,0.0048,,0.0197,0.3748,flood,1,TURNING TOOLS.csv
LTH-03,Okuma LNC8,,4000,11,Default preset,turning general,1018 Steel (P),P,Turn Rough,turning,roughing,conventional,0.375,1,607,,0,0.0096,,0.1181,0.3748,flood,1,TURNING TOOLS.csv
LTH-03,Okuma LNC8,,4000,11,Default preset,turning general,1018 Steel (P),P,Turn Finish,turning,finishing,conventional,0.375,1,705,,0,0.0048,,0.0197,0.3748,flood,1,TURNING TOOLS.csv
LTH-03,Okuma LNC8,,4000,11,Default preset,turning general,1045 Steel (P),P,Turn Rough,turning,roughing,conventional,0.375,1,514,,0,0.0096,,0.1181,0.3748,flood,1,TURNING TOOLS.csv
LTH-03,Okuma LNC8,,4000,11,Default preset,turning general,1045 Steel (P),P,Turn Finish,turning,finishing,conventional,0.375,1,597,,0,0.0048,,0.0197,0.3748,flood,1,TURNING TOOLS.csv
LTH-03,Okuma LNC8,,4000,11,Default preset,turning general,4140/4340 Alloy (P),P,Turn Rough,turning,roughing,conventional,0.375,1,467,,0,0.0096,,0.1181,0.3748,flood,1,TURNING TOOLS.csv
LTH-03,Okuma LNC8,,4000,11,Default preset,turning general,4140/4340 Alloy (P),P,Turn Finish,turning,finishing,conventional,0.375,1,543,,0,0.0048,,0.0197,0.3748,flood,1,TURNING TOOLS.csv
LTH-03,Okuma LNC8,,4000,11,Default preset,turning threading,1018 Steel (P),P,Thread,turning,finishing,conventional,0.4,1,705,,0,0.0051,,0.0197,0.4,flood,1,TURNING TOOLS.csv
LTH-03,Okuma LNC8,,4000,11,Default preset,turning threading,1045 Steel (P),P,Thread,turning,finishing,conventional,0.4,1,597,,0,0.0051,,0.0197,0.4,flood,1,TURNING TOOLS.csv
LTH-03,Okuma LNC8,,4000,11,Default preset,turning threading,4140/4340 Alloy (P),P,Thread,turning,finishing,conventional,0.4,1,543,,0,0.0051,,0.0197,0.4,flood,1,TURNING TOOLS.csv
LTH-03,Okuma LNC8,,4000,11,Default preset,turning threading,1018 Steel (P),P,Thread,turning,finishing,conventional,0.4,1,705,,0,0.0051,,0.0197,0.4,flood,1,TURNING TOOLS.csv
LTH-03,Okuma LNC8,,4000,11,Default preset,turning threading,1045 Steel (P),P,Thread,turning,finishing,conventional,0.4,1,597,,0,0.0051,,0.0197,0.4,flood,1,TURNING TOOLS.csv
LTH-03,Okuma LNC8,,4000,11,Default preset,turning threading,4140/4340 Alloy (P),P,Thread,turning,finishing,conventional,0.4,1,543,,0,0.0051,,0.0197,0.4,flood,1,TURNING TOOLS.csv
LTH-03,Okuma LNC8,,4000,11,Default preset,turning grooving,1018 Steel (P),P,Groove Rough,turning,roughing,conventional,0.4,1,607,,0,0.0102,,0.1181,0.4,flood,1,TURNING TOOLS.csv
LTH-03,Okuma LNC8,,4000,11,Default preset,turning grooving,1018 Steel (P),P,Groove Finish,turning,finishing,conventional,0.4,1,705,,0,0.0051,,0.0197,0.4,flood,1,TURNING TOOLS.csv
LTH-03,Okuma LNC8,,4000,11,Default preset,turning grooving,1045 Steel (P),P,Groove Rough,turning,roughing,conventional,0.4,1,514,,0,0.0102,,0.1181,0.4,flood,1,TURNING TOOLS.csv
LTH-03,Okuma LNC8,,4000,11,Default preset,turning grooving,1045 Steel (P),P,Groove Finish,turning,finishing,conventional,0.4,1,597,,0,0.0051,,0.0197,0.4,flood,1,TURNING TOOLS.csv
LTH-03,Okuma LNC8,,4000,11,Default preset,turning grooving,4140/4340 Alloy (P),P,Groove Rough,turning,roughing,conventional,0.4,1,467,,0,0.0102,,0.1181,0.4,flood,1,TURNING TOOLS.csv
LTH-03,Okuma LNC8,,4000,11,Default preset,turning grooving,4140/4340 Alloy (P),P,Groove Finish,turning,finishing,conventional,0.4,1,543,,0,0.0051,,0.0197,0.4,flood,1,TURNING TOOLS.csv
LTH-03,Okuma LNC8,,4000,11,Default preset,turning general,1018 Steel (P),P,Turn Rough,turning,roughing,conventional,6.35,1,607,,0,0.0278,,0.1181,6.35,flood,1,TURNING TOOLS.csv
LTH-03,Okuma LNC8,,4000,11,Default preset,turning general,1018 Steel (P),P,Turn Finish,turning,finishing,conventional,6.35,1,705,,0,0.0139,,0.0197,6.35,flood,1,TURNING TOOLS.csv
LTH-03,Okuma LNC8,,4000,11,Default preset,turning general,1045 Steel (P),P,Turn Rough,turning,roughing,conventional,6.35,1,514,,0,0.0278,,0.1181,6.35,flood,1,TURNING TOOLS.csv
LTH-03,Okuma LNC8,,4000,11,Default preset,turning general,1045 Steel (P),P,Turn Finish,turning,finishing,conventional,6.35,1,597,,0,0.0139,,0.0197,6.35,flood,1,TURNING TOOLS.csv
LTH-03,Okuma LNC8,,4000,11,Default preset,turning general,4140/4340 Alloy (P),P,Turn Rough,turning,roughing,conventional,6.35,1,467,,0,0.0278,,0.1181,6.35,flood,1,TURNING TOOLS.csv
LTH-03,Okuma LNC8,,4000,11,Default preset,turning general,4140/4340 Alloy (P),P,Turn Finish,turning,finishing,conventional,6.35,1,543,,0,0.0139,,0.0197,6.35,flood,1,TURNING TOOLS.csv
LTH-03,Okuma LNC8,,4000,11,Default preset,turning grooving,1018 Steel (P),P,Groove Rough,turning,roughing,conventional,0.4,1,607,,0,0.0102,,0.1181,0.4,flood,1,TURNING TOOLS.csv
LTH-03,Okuma LNC8,,4000,11,Default preset,turning grooving,1018 Steel (P),P,Groove Finish,turning,finishing,conventional,0.4,1,705,,0,0.0051,,0.0197,0.4,flood,1,TURNING TOOLS.csv
LTH-03,Okuma LNC8,,4000,11,Default preset,turning grooving,1045 Steel (P),P,Groove Rough,turning,roughing,conventional,0.4,1,514,,0,0.0102,,0.1181,0.4,flood,1,TURNING TOOLS.csv
LTH-03,Okuma LNC8,,4000,11,Default preset,turning grooving,1045 Steel (P),P,Groove Finish,turning,finishing,conventional,0.4,1,597,,0,0.0051,,0.0197,0.4,flood,1,TURNING TOOLS.csv
LTH-03,Okuma LNC8,,4000,11,Default preset,turning grooving,4140/4340 Alloy (P),P,Groove Rough,turning,roughing,conventional,0.4,1,467,,0,0.0102,,0.1181,0.4,flood,1,TURNING TOOLS.csv
LTH-03,Okuma LNC8,,4000,11,Default preset,turning grooving,4140/4340 Alloy (P),P,Groove Finish,turning,finishing,conventional,0.4,1,543,,0,0.0051,,0.0197,0.4,flood,1,TURNING TOOLS.csv
LTH-03,Okuma LNC8,,4000,11,Default preset,turning grooving,1018 Steel (P),P,Groove Rough,turning,roughing,conventional,0.4,1,607,,0,0.0102,,0.1181,0.4,flood,1,TURNING TOOLS.csv
LTH-03,Okuma LNC8,,4000,11,Default preset,turning grooving,1018 Steel (P),P,Groove Finish,turning,finishing,conventional,0.4,1,705,,0,0.0051,,0.0197,0.4,flood,1,TURNING TOOLS.csv
LTH-03,Okuma LNC8,,4000,11,Default preset,turning grooving,1045 Steel (P),P,Groove Rough,turning,roughing,conventional,0.4,1,514,,0,0.0102,,0.1181,0.4,flood,1,TURNING TOOLS.csv
LTH-03,Okuma LNC8,,4000,11,Default preset,turning grooving,1045 Steel (P),P,Groove Finish,turning,finishing,conventional,0.4,1,597,,0,0.0051,,0.0197,0.4,flood,1,TURNING TOOLS.csv
LTH-03,Okuma LNC8,,4000,11,Default preset,turning grooving,4140/4340 Alloy (P),P,Groove Rough,turning,roughing,conventional,0.4,1,467,,0,0.0102,,0.1181,0.4,flood,1,TURNING TOOLS.csv
LTH-03,Okuma LNC8,,4000,11,Default preset,turning grooving,4140/4340 Alloy (P),P,Groove Finish,turning,finishing,conventional,0.4,1,543,,0,0.0051,,0.0197,0.4,flood,1,TURNING TOOLS.csv
LTH-03,Okuma LNC8,,4000,11,Default preset,turning general,1018 Steel (P),P,Turn Rough,turning,roughing,conventional,0.375,1,607,,0,0.0096,,0.1181,0.3748,flood,1,TURNING TOOLS.csv
LTH-03,Okuma LNC8,,4000,11,Default preset,turning general,1018 Steel (P),P,Turn Finish,turning,finishing,conventional,0.375,1,705,,0,0.0048,,0.0197,0.3748,flood,1,TURNING TOOLS.csv
LTH-03,Okuma LNC8,,4000,11,Default preset,turning general,1045 Steel (P),P,Turn Rough,turning,roughing,conventional,0.375,1,514,,0,0.0096,,0.1181,0.3748,flood,1,TURNING TOOLS.csv
LTH-03,Okuma LNC8,,4000,11,Default preset,turning general,1045 Steel (P),P,Turn Finish,turning,finishing,conventional,0.375,1,597,,0,0.0048,,0.0197,0.3748,flood,1,TURNING TOOLS.csv
LTH-03,Okuma LNC8,,4000,11,Default preset,turning general,4140/4340 Alloy (P),P,Turn Rough,turning,roughing,conventional,0.375,1,467,,0,0.0096,,0.1181,0.3748,flood,1,TURNING TOOLS.csv
LTH-03,Okuma LNC8,,4000,11,Default preset,turning general,4140/4340 Alloy (P),P,Turn Finish,turning,finishing,conventional,0.375,1,543,,0,0.0048,,0.0197,0.3748,flood,1,TURNING TOOLS.csv
LTH-03,Okuma LNC8,,4000,11,Default preset,turning general,1018 Steel (P),P,Turn Rough,turning,roughing,conventional,0.375,1,607,,0,0.0096,,0.1181,0.3748,flood,1,TURNING TOOLS.csv
LTH-03,Okuma LNC8,,4000,11,Default preset,turning general,1018 Steel (P),P,Turn Finish,turning,finishing,conventional,0.375,1,705,,0,0.0048,,0.0197,0.3748,flood,1,TURNING TOOLS.csv
LTH-03,Okuma LNC8,,4000,11,Default preset,turning general,1045 Steel (P),P,Turn Rough,turning,roughing,conventional,0.375,1,514,,0,0.0096,,0.1181,0.3748,flood,1,TURNING TOOLS.csv
LTH-03,Okuma LNC8,,4000,11,Default preset,turning general,1045 Steel (P),P,Turn Finish,turning,finishing,conventional,0.375,1,597,,0,0.0048,,0.0197,0.3748,flood,1,TURNING TOOLS.csv
LTH-03,Okuma LNC8,,4000,11,Default preset,turning general,4140/4340 Alloy (P),P,Turn Rough,turning,roughing,conventional,0.375,1,467,,0,0.0096,,0.1181,0.3748,flood,1,TURNING TOOLS.csv
LTH-03,Okuma LNC8,,4000,11,Default preset,turning general,4140/4340 Alloy (P),P,Turn Finish,turning,finishing,conventional,0.375,1,543,,0,0.0048,,0.0197,0.3748,flood,1,TURNING TOOLS.csv
LTH-03,Okuma LNC8,,4000,11,Default preset,turning general,1018 Steel (P),P,Turn Rough,turning,roughing,conventional,0.375,1,607,,0,0.0096,,0.1181,0.3748,flood,1,TURNING TOOLS.csv
LTH-03,Okuma LNC8,,4000,11,Default preset,turning general,1018 Steel (P),P,Turn Finish,turning,finishing,conventional,0.375,1,705,,0,0.0048,,0.0197,0.3748,flood,1,TURNING TOOLS.csv
LTH-03,Okuma LNC8,,4000,11,Default preset,turning general,1045 Steel (P),P,Turn Rough,turning,roughing,conventional,0.375,1,514,,0,0.0096,,0.1181,0.3748,flood,1,TURNING TOOLS.csv
LTH-03,Okuma LNC8,,4000,11,Default preset,turning general,1045 Steel (P),P,Turn Finish,turning,finishing,conventional,0.375,1,597,,0,0.0048,,0.0197,0.3748,flood,1,TURNING TOOLS.csv
LTH-03,Okuma LNC8,,4000,11,Default preset,turning general,4140/4340 Alloy (P),P,Turn Rough,turning,roughing,conventional,0.375,1,467,,0,0.0096,,0.1181,0.3748,flood,1,TURNING TOOLS.csv
LTH-03,Okuma LNC8,,4000,11,Default preset,turning general,4140/4340 Alloy (P),P,Turn Finish,turning,finishing,conventional,0.375,1,543,,0,0.0048,,0.0197,0.3748,flood,1,TURNING TOOLS.csv
LTH-03,Okuma LNC8,,4000,11,Default preset,turning general,1018 Steel (P),P,Turn Rough,turning,roughing,conventional,0.375,1,607,,0,0.0096,,0.1181,0.3748,flood,1,TURNING TOOLS.csv
LTH-03,Okuma LNC8,,4000,11,Default preset,turning general,1018 Steel (P),P,Turn Finish,turning,finishing,conventional,0.375,1,705,,0,0.0048,,0.0197,0.3748,flood,1,TURNING TOOLS.csv
LTH-03,Okuma LNC8,,4000,11,Default preset,turning general,1045 Steel (P),P,Turn Rough,turning,roughing,conventional,0.375,1,514,,0,0.0096,,0.1181,0.3748,flood,1,TURNING TOOLS.csv
LTH-03,Okuma LNC8,,4000,11,Default preset,turning general,1045 Steel (P),P,Turn Finish,turning,finishing,conventional,0.375,1,597,,0,0.0048,,0.0197,0.3748,flood,1,TURNING TOOLS.csv
LTH-03,Okuma LNC8,,4000,11,Default preset,turning general,4140/4340 Alloy (P),P,Turn Rough,turning,roughing,conventional,0.375,1,467,,0,0.0096,,0.1181,0.3748,flood,1,TURNING TOOLS.csv
LTH-03,Okuma LNC8,,4000,11,Default preset,turning general,4140/4340 Alloy (P),P,Turn Finish,turning,finishing,conventional,0.375,1,543,,0,0.0048,,0.0197,0.3748,flood,1,TURNING TOOLS.csv
LTH-03,Okuma LNC8,,4000,11,Default preset,turning grooving,1018 Steel (P),P,Groove Rough,turning,roughing,conventional,0.4,1,607,,0,0.0102,,0.1181,0.4,flood,1,TURNING TOOLS.csv
LTH-03,Okuma LNC8,,4000,11,Default preset,turning grooving,1018 Steel (P),P,Groove Finish,turning,finishing,conventional,0.4,1,705,,0,0.0051,,0.0197,0.4,flood,1,TURNING TOOLS.csv
LTH-03,Okuma LNC8,,4000,11,Default preset,turning grooving,1045 Steel (P),P,Groove Rough,turning,roughing,conventional,0.4,1,514,,0,0.0102,,0.1181,0.4,flood,1,TURNING TOOLS.csv
LTH-03,Okuma LNC8,,4000,11,Default preset,turning grooving,1045 Steel (P),P,Groove Finish,turning,finishing,conventional,0.4,1,597,,0,0.0051,,0.0197,0.4,flood,1,TURNING TOOLS.csv
LTH-03,Okuma LNC8,,4000,11,Default preset,turning grooving,4140/4340 Alloy (P),P,Groove Rough,turning,roughing,conventional,0.4,1,467,,0,0.0102,,0.1181,0.4,flood,1,TURNING TOOLS.csv
LTH-03,Okuma LNC8,,4000,11,Default preset,turning grooving,4140/4340 Alloy (P),P,Groove Finish,turning,finishing,conventional,0.4,1,543,,0,0.0051,,0.0197,0.4,flood,1,TURNING TOOLS.csv
LTH-03,Okuma LNC8,,4000,11,Default preset,turning grooving,1018 Steel (P),P,Groove Rough,turning,roughing,conventional,0.4,1,607,,0,0.0102,,0.1181,0.4,flood,1,TURNING TOOLS.csv
LTH-03,Okuma LNC8,,4000,11,Default preset,turning grooving,1018 Steel (P),P,Groove Finish,turning,finishing,conventional,0.4,1,705,,0,0.0051,,0.0197,0.4,flood,1,TURNING TOOLS.csv
LTH-03,Okuma LNC8,,4000,11,Default preset,turning grooving,1045 Steel (P),P,Groove Rough,turning,roughing,conventional,0.4,1,514,,0,0.0102,,0.1181,0.4,flood,1,TURNING TOOLS.csv
LTH-03,Okuma LNC8,,4000,11,Default preset,turning grooving,1045 Steel (P),P,Groove Finish,turning,finishing,conventional,0.4,1,597,,0,0.0051,,0.0197,0.4,flood,1,TURNING TOOLS.csv
LTH-03,Okuma LNC8,,4000,11,Default preset,turning grooving,4140/4340 Alloy (P),P,Groove Rough,turning,roughing,conventional,0.4,1,467,,0,0.0102,,0.1181,0.4,flood,1,TURNING TOOLS.csv
LTH-03,Okuma LNC8,,4000,11,Default preset,turning grooving,4140/4340 Alloy (P),P,Groove Finish,turning,finishing,conventional,0.4,1,543,,0,0.0051,,0.0197,0.4,flood,1,TURNING TOOLS.csv
