[?2026h[?25l[1Gpulling manifest ⠋ [K[?25h[?2026l[?2026h[?25l[1Gpulling manifest [K
pulling 043a363c6ca3:   8% ▕█                 ▏ 1.7 GB/ 21 GB                  [K[?25h[?2026l[?2026h[?25l[A[1Gpulling manifest [K
pulling 043a363c6ca3:   8% ▕█                 ▏ 1.7 GB/ 21 GB                  [K[?25h[?2026l[?2026h[?25l[A[1Gpulling manifest [K
pulling 043a363c6ca3:   8% ▕█                 ▏ 1.7 GB/ 21 GB                  [K[?25h[?2026l[?2026h[?25l[A[1Gpulling manifest [K
pulling 043a363c6ca3:   8% ▕█                 ▏ 1.7 GB/ 21 GB  1.7 MB/s    3h8m[K[?25h[?2026l[?2026h[?25l[A[1Gpulling manifest [K
pulling 043a363c6ca3:   8% ▕█                 ▏ 1.8 GB/ 21 GB  4.8 MB/s    1h6m[K[?25h[?2026l[?2026h[?25l[A[1Gpulling manifest [K
pulling 043a363c6ca3:   8% ▕█                 ▏ 1.8 GB/ 21 GB   12 MB/s  25m12s[K[?25h[?2026l[?2026h[?25l[A[1Gpulling manifest [K
pulling 043a363c6ca3:   8% ▕█                 ▏ 1.8 GB/ 21 GB   12 MB/s  26m47s[K[?25h[?2026l[?2026h[?25l[A[1Gpulling manifest [K
pulling 043a363c6ca3:   8% ▕█                 ▏ 1.8 GB/ 21 GB   12 MB/s  26m47s[K[?25h[?2026l[?2026h[?25l[A[1Gpulling manifest [K
pulling 043a363c6ca3:   8% ▕█                 ▏ 1.8 GB/ 21 GB   10 MB/s  29m52s[K[?25h[?2026l[?2026h[?25l[A[1Gpulling manifest [K
pulling 043a363c6ca3:   8% ▕█                 ▏ 1.8 GB/ 21 GB   10 MB/s  29m52s[K[?25h[?2026l[?2026h[?25l[A[1Gpulling manifest [K
pulling 043a363c6ca3:   9% ▕█                 ▏ 1.8 GB/ 21 GB   10 MB/s   32m9s[K[?25h[?2026l[?2026h[?25l[A[1Gpulling manifest [K
pulling 043a363c6ca3:   9% ▕█                 ▏ 1.8 GB/ 21 GB   10 MB/s   32m8s[K[?25h[?2026l[?2026h[?25l[A[1Gpulling manifest [K
pulling 043a363c6ca3:   9% ▕█                 ▏ 1.8 GB/ 21 GB  9.5 MB/s   34m8s[K[?25h[?2026l[?2026h[?25l[A[1Gpulling manifest [K
pulling 043a363c6ca3:   9% ▕█                 ▏ 1.8 GB/ 21 GB  9.5 MB/s   34m8s[K[?25h[?2026l[?2026h[?25l[A[1Gpulling manifest [K
pulling 043a363c6ca3:   9% ▕█                 ▏ 1.8 GB/ 21 GB  9.5 MB/s   34m7s[K[?25h[?2026l[?2026h[?25l[A[1Gpulling manifest [K
pulling 043a363c6ca3:   9% ▕█                 ▏ 1.8 GB/ 21 GB  8.5 MB/s   38m0s[K[?25h[?2026l[?2026h[?25l[A[1Gpulling manifest [K
pulling 043a363c6ca3:   9% ▕█                 ▏ 1.8 GB/ 21 GB  8.5 MB/s   38m0s[K[?25h[?2026l[?2026h[?25l[A[1Gpulling manifest [K
pulling 043a363c6ca3:   9% ▕█                 ▏ 1.8 GB/ 21 GB  8.5 MB/s   38m0s[K[?25h[?2026l[?2026h[?25l[A[1Gpulling manifest [K
pulling 043a363c6ca3:   9% ▕█                 ▏ 1.8 GB/ 21 GB  8.3 MB/s  38m49s[K[?25h[?2026l[?2026h[?25l[A[1Gpulling manifest [K
pulling 043a363c6ca3:   9% ▕█                 ▏ 1.8 GB/ 21 GB  8.3 MB/s  38m49s[K[?25h[?2026l[?2026h[?25l[A[1Gpulling manifest [K
pulling 043a363c6ca3:   9% ▕█                 ▏ 1.8 GB/ 21 GB  8.3 MB/s  38m49s[K[?25h[?2026l[?2026h[?25l[A[1Gpulling manifest [K
pulling 043a363c6ca3:   9% ▕█                 ▏ 1.8 GB/ 21 GB  7.5 MB/s   43m0s[K[?25h[?2026l[?2026h[?25l[A[1Gpulling manifest [K
pulling 043a363c6ca3:   9% ▕█                 ▏ 1.8 GB/ 21 GB  4.0 MB/s   1h20m[K[?25h[?2026l[?2026h[?25l[A[1Gpulling manifest [K
pulling 043a363c6ca3:   9% ▕█                 ▏ 1.8 GB/ 21 GB  2.9 MB/s   1h51m[K[?25h[?2026l[?2026h[?25l[A[1Gpulling manifest [K
pulling 043a363c6ca3:   9% ▕█                 ▏ 1.8 GB/ 21 GB  2.9 MB/s   1h51m[K[?25h[?2026l[?2026h[?25l[A[1Gpulling manifest [K
pulling 043a363c6ca3:   9% ▕█                 ▏ 1.8 GB/ 21 GB  2.9 MB/s   1h51m[K[?25h[?2026l[?2026h[?25l[A[1Gpulling manifest [K
pulling 043a363c6ca3:   9% ▕█                 ▏ 1.8 GB/ 21 GB  1.9 MB/s   2h50m[K[?25h[?2026l[?2026h[?25l[A[1Gpulling manifest [K
pulling 043a363c6ca3:   9% ▕█                 ▏ 1.8 GB/ 21 GB  1.9 MB/s   2h50m[K[?25h[?2026l[?2026h[?25l[A[1Gpulling manifest [K
pulling 043a363c6ca3:   9% ▕█                 ▏ 1.8 GB/ 21 GB  1.4 MB/s   3h42m[K[?25h[?2026l[?2026h[?25l[A[1Gpulling manifest [K
pulling 043a363c6ca3:   9% ▕█                 ▏ 1.8 GB/ 21 GB  1.4 MB/s   3h42m[K[?25h[?2026l[?2026h[?25l[A[1Gpulling manifest [K
pulling 043a363c6ca3:   9% ▕█                 ▏ 1.8 GB/ 21 GB  1.4 MB/s   3h42m[K[?25h[?2026l[?2026h[?25l[A[1Gpulling manifest [K
pulling 043a363c6ca3:   9% ▕█                 ▏ 1.8 GB/ 21 GB  1.4 MB/s   3h42m[K[?25h[?2026l[?2026h[?25l[A[1Gpulling manifest [K
pulling 043a363c6ca3:   9% ▕█                 ▏ 1.8 GB/ 21 GB  847 KB/s   6h20m[K[?25h[?2026l[?2026h[?25l[A[1Gpulling manifest [K
pulling 043a363c6ca3:   9% ▕█                 ▏ 1.8 GB/ 21 GB  847 KB/s   6h20m[K[?25h[?2026l[?2026h[?25l[A[1Gpulling manifest [K
pulling 043a363c6ca3:   9% ▕█                 ▏ 1.8 GB/ 21 GB  847 KB/s   6h20m[K[?25h[?2026l[?2026h[?25l[A[1Gpulling manifest [K
pulling 043a363c6ca3:   9% ▕█                 ▏ 1.8 GB/ 21 GB  847 KB/s   6h20m[K[?25h[?2026l[?2026h[?25l[A[1Gpulling manifest [K
pulling 043a363c6ca3:   9% ▕█                 ▏ 1.8 GB/ 21 GB  252 KB/s  21h19m[K[?25h[?2026l[?2026h[?25l[A[1Gpulling manifest [K
pulling 043a363c6ca3:   9% ▕█                 ▏ 1.8 GB/ 21 GB  252 KB/s  21h17m[K[?25h[?2026l[?2026h[?25l[A[1Gpulling manifest [K
pulling 043a363c6ca3:   9% ▕█                 ▏ 1.8 GB/ 21 GB  252 KB/s  21h17m[K[?25h[?2026l[?2026h[?25l[A[1Gpulling manifest [K
pulling 043a363c6ca3:   9% ▕█                 ▏ 1.8 GB/ 21 GB  2.7 MB/s   1h58m[K[?25h[?2026l[?2026h[?25l[A[1Gpulling manifest [K
pulling 043a363c6ca3:   9% ▕█                 ▏ 1.8 GB/ 21 GB  2.7 MB/s   1h58m[K[?25h[?2026l[?2026h[?25l[A[1Gpulling manifest [K
pulling 043a363c6ca3:   9% ▕█                 ▏ 1.8 GB/ 21 GB  2.7 MB/s   1h58m[K[?25h[?2026l[?2026h[?25l[A[1Gpulling manifest [K
pulling 043a363c6ca3:   9% ▕█                 ▏ 1.8 GB/ 21 GB  2.7 MB/s   1h58m[K[?25h[?2026l[?2026h[?25l[A[1Gpulling manifest [K
pulling 043a363c6ca3:   9% ▕█                 ▏ 1.8 GB/ 21 GB  2.9 MB/s   1h50m[K[?25h[?2026l[?2026h[?25l[A[1Gpulling manifest [K
pulling 043a363c6ca3:   9% ▕█                 ▏ 1.8 GB/ 21 GB  2.9 MB/s   1h50m[K[?25h[?2026l[?2026h[?25l[A[1Gpulling manifest [K
pulling 043a363c6ca3:   9% ▕█                 ▏ 1.8 GB/ 21 GB  2.9 MB/s   1h50m[K[?25h[?2026l[?2026h[?25l[A[1Gpulling manifest [K
pulling 043a363c6ca3:   9% ▕█                 ▏ 1.8 GB/ 21 GB  2.9 MB/s   1h50m[K[?25h[?2026l[?2026h[?25l[A[1Gpulling manifest [K
pulling 043a363c6ca3:   9% ▕█                 ▏ 1.8 GB/ 21 GB  2.9 MB/s   1h50m[K[?25h[?2026l[?2026h[?25l[A[1Gpulling manifest [K
pulling 043a363c6ca3:   9% ▕█                 ▏ 1.8 GB/ 21 GB  3.3 MB/s   1h36m[K[?25h[?2026l[?2026h[?25l[A[1Gpulling manifest [K
pulling 043a363c6ca3:   9% ▕█                 ▏ 1.8 GB/ 21 GB  3.3 MB/s   1h36m[K[?25h[?2026l[?2026h[?25l[A[1Gpulling manifest [K
pulling 043a363c6ca3:   9% ▕█                 ▏ 1.8 GB/ 21 GB  3.3 MB/s   1h36m[K[?25h[?2026l[?2026h[?25l[A[1Gpulling manifest [K
pulling 043a363c6ca3:   9% ▕█                 ▏ 1.8 GB/ 21 GB  3.3 MB/s   1h36m[K[?25h[?2026l[?2026h[?25l[A[1Gpulling manifest [K
pulling 043a363c6ca3:   9% ▕█                 ▏ 1.8 GB/ 21 GB  3.3 MB/s   1h36m[K[?25h[?2026l[?2026h[?25l[A[1Gpulling manifest [K
pulling 043a363c6ca3:   9% ▕█                 ▏ 1.8 GB/ 21 GB  3.3 MB/s   1h36m[K[?25h[?2026l[?2026h[?25l[A[1Gpulling manifest [K
pulling 043a363c6ca3:   9% ▕█                 ▏ 1.8 GB/ 21 GB  3.3 MB/s   1h36m[K[?25h[?2026l[?2026h[?25l[A[1Gpulling manifest [K
pulling 043a363c6ca3:   9% ▕█                 ▏ 1.8 GB/ 21 GB  3.3 MB/s   1h36m[K[?25h[?2026l[?2026h[?25l[A[1Gpulling manifest [K
pulling 043a363c6ca3:   9% ▕█                 ▏ 1.8 GB/ 21 GB  3.3 MB/s   1h36m[K[?25h[?2026l[?2026h[?25l[A[1Gpulling manifest [K
pulling 043a363c6ca3:   9% ▕█                 ▏ 1.8 GB/ 21 GB  3.6 MB/s   1h29m[K[?25h[?2026l[?2026h[?25l[A[1Gpulling manifest [K
pulling 043a363c6ca3:   9% ▕█                 ▏ 1.8 GB/ 21 GB  3.6 MB/s   1h29m[K[?25h[?2026l[?2026h[?25l[A[1Gpulling manifest [K
pulling 043a363c6ca3:   9% ▕█                 ▏ 1.8 GB/ 21 GB  3.6 MB/s   1h29m[K[?25h[?2026l[?2026h[?25l[A[1Gpulling manifest [K
pulling 043a363c6ca3:   9% ▕█                 ▏ 1.8 GB/ 21 GB  3.9 MB/s   1h23m[K[?25h[?2026l[?2026h[?25l[A[1Gpulling manifest [K
pulling 043a363c6ca3:   9% ▕█                 ▏ 1.8 GB/ 21 GB  3.9 MB/s   1h23m[K[?25h[?2026l[?2026h[?25l[A[1Gpulling manifest [K
pulling 043a363c6ca3:   9% ▕█                 ▏ 1.8 GB/ 21 GB  3.9 MB/s   1h23m[K[?25h[?2026l[?2026h[?25l[A[1Gpulling manifest [K
pulling 043a363c6ca3:   9% ▕█                 ▏ 1.8 GB/ 21 GB  3.9 MB/s   1h23m[K[?25h[?2026l[?2026h[?25l[A[1Gpulling manifest [K
pulling 043a363c6ca3:   9% ▕█                 ▏ 1.8 GB/ 21 GB  4.4 MB/s   1h12m[K[?25h[?2026l[?2026h[?25l[A[1Gpulling manifest [K
pulling 043a363c6ca3:   9% ▕█                 ▏ 1.8 GB/ 21 GB  4.4 MB/s   1h12m[K[?25h[?2026l[?2026h[?25l[A[1Gpulling manifest [K
pulling 043a363c6ca3:   9% ▕█                 ▏ 1.8 GB/ 21 GB  4.4 MB/s   1h12m[K[?25h[?2026l[?2026h[?25l[A[1Gpulling manifest [K
pulling 043a363c6ca3:   9% ▕█                 ▏ 1.9 GB/ 21 GB  4.4 MB/s   1h12m[K[?25h[?2026l[?2026h[?25l[A[1Gpulling manifest [K
pulling 043a363c6ca3:   9% ▕█                 ▏ 1.9 GB/ 21 GB  5.1 MB/s    1h2m[K[?25h[?2026l[?2026h[?25l[A[1Gpulling manifest [K
pulling 043a363c6ca3:   9% ▕█                 ▏ 1.9 GB/ 21 GB  5.1 MB/s    1h2m[K[?25h[?2026l[?2026h[?25l[A[1Gpulling manifest [K
pulling 043a363c6ca3:   9% ▕█                 ▏ 1.9 GB/ 21 GB  5.1 MB/s    1h2m[K[?25h[?2026l[?2026h[?25l[A[1Gpulling manifest [K
pulling 043a363c6ca3:   9% ▕█                 ▏ 1.9 GB/ 21 GB  5.1 MB/s    1h2m[K[?25h[?2026l[?2026h[?25l[A[1Gpulling manifest [K
pulling 043a363c6ca3:   9% ▕█                 ▏ 1.9 GB/ 21 GB  5.7 MB/s  56m26s[K[?25h[?2026l[?2026h[?25l[A[1Gpulling manifest [K
pulling 043a363c6ca3:   9% ▕█                 ▏ 1.9 GB/ 21 GB  5.7 MB/s  56m25s[K[?25h[?2026l[?2026h[?25l[A[1Gpulling manifest [K
pulling 043a363c6ca3:   9% ▕█                 ▏ 1.9 GB/ 21 GB  5.7 MB/s  56m25s[K[?25h[?2026l[?2026h[?25l[A[1Gpulling manifest [K
pulling 043a363c6ca3:   9% ▕█                 ▏ 1.9 GB/ 21 GB  5.7 MB/s  56m25s[K[?25h[?2026l[?2026h[?25l[A[1Gpulling manifest [K
pulling 043a363c6ca3:   9% ▕█                 ▏ 1.9 GB/ 21 GB  5.7 MB/s  56m25s[K[?25h[?2026l[?2026h[?25l[A[1Gpulling manifest [K
pulling 043a363c6ca3:   9% ▕█                 ▏ 1.9 GB/ 21 GB  3.4 MB/s   1h33m[K[?25h[?2026l[?2026h[?25l[A[1Gpulling manifest [K
pulling 043a363c6ca3:   9% ▕█                 ▏ 1.9 GB/ 21 GB  3.4 MB/s   1h33m[K[?25h[?2026l[?2026h[?25l[A[1Gpulling manifest [K
pulling 043a363c6ca3:   9% ▕█                 ▏ 1.9 GB/ 21 GB  3.4 MB/s   1h33m[K[?25h[?2026l[?2026h[?25l[A[1Gpulling manifest [K
pulling 043a363c6ca3:   9% ▕█                 ▏ 1.9 GB/ 21 GB  3.4 MB/s   1h33m[K[?25h[?2026l[?2026h[?25l[A[1Gpulling manifest [K
pulling 043a363c6ca3:   9% ▕█                 ▏ 1.9 GB/ 21 GB  3.4 MB/s   1h33m[K[?25h[?2026l[?2026h[?25l[A[1Gpulling manifest [K
pulling 043a363c6ca3:   9% ▕█                 ▏ 1.9 GB/ 21 GB  3.5 MB/s   1h32m[K[?25h[?2026l[?2026h[?25l[A[1Gpulling manifest [K
pulling 043a363c6ca3:   9% ▕█                 ▏ 1.9 GB/ 21 GB  3.5 MB/s   1h32m[K[?25h[?2026l[?2026h[?25l[A[1Gpulling manifest [K
pulling 043a363c6ca3:   9% ▕█                 ▏ 1.9 GB/ 21 GB  3.5 MB/s   1h32m[K[?25h[?2026l[?2026h[?25l[A[1Gpulling manifest [K
pulling 043a363c6ca3:   9% ▕█                 ▏ 1.9 GB/ 21 GB  3.6 MB/s   1h30m[K[?25h[?2026l[?2026h[?25l[A[1Gpulling manifest [K
pulling 043a363c6ca3:   9% ▕█                 ▏ 1.9 GB/ 21 GB  3.6 MB/s   1h30m[K[?25h[?2026l[?2026h[?25l[A[1Gpulling manifest [K
pulling 043a363c6ca3:   9% ▕█                 ▏ 1.9 GB/ 21 GB  3.6 MB/s   1h30m[K[?25h[?2026l[?2026h[?25l[A[1Gpulling manifest [K
pulling 043a363c6ca3:   9% ▕█                 ▏ 1.9 GB/ 21 GB  3.7 MB/s   1h26m[K[?25h[?2026l[?2026h[?25l[A[1Gpulling manifest [K
pulling 043a363c6ca3:   9% ▕█                 ▏ 1.9 GB/ 21 GB  3.7 MB/s   1h26m[K[?25h[?2026l[?2026h[?25l[A[1Gpulling manifest [K
pulling 043a363c6ca3:   9% ▕█                 ▏ 1.9 GB/ 21 GB  3.7 MB/s   1h26m[K[?25h[?2026l[?2026h[?25l[A[1Gpulling manifest [K
pulling 043a363c6ca3:   9% ▕█                 ▏ 1.9 GB/ 21 GB  3.7 MB/s   1h26m[K[?25h[?2026l[?2026h[?25l[A[1Gpulling manifest [K
pulling 043a363c6ca3:   9% ▕█                 ▏ 1.9 GB/ 21 GB  3.7 MB/s   1h26m[K[?25h[?2026l[?2026h[?25l[A[1Gpulling manifest [K
pulling 043a363c6ca3:   9% ▕█                 ▏ 1.9 GB/ 21 GB  3.7 MB/s   1h26m[K[?25h[?2026l[?2026h[?25l[A[1Gpulling manifest [K
pulling 043a363c6ca3:   9% ▕█                 ▏ 1.9 GB/ 21 GB  3.4 MB/s   1h33m[K[?25h[?2026l[?2026h[?25l[A[1Gpulling manifest [K
pulling 043a363c6ca3:   9% ▕█                 ▏ 1.9 GB/ 21 GB  3.4 MB/s   1h33m[K[?25h[?2026l[?2026h[?25l[A[1Gpulling manifest [K
pulling 043a363c6ca3:   9% ▕█                 ▏ 1.9 GB/ 21 GB  3.4 MB/s   1h33m[K[?25h[?2026l[?2026h[?25l[A[1Gpulling manifest [K
pulling 043a363c6ca3:   9% ▕█                 ▏ 1.9 GB/ 21 GB  3.4 MB/s   1h33m[K[?25h[?2026l[?2026h[?25l[A[1Gpulling manifest [K
pulling 043a363c6ca3:   9% ▕█                 ▏ 1.9 GB/ 21 GB  3.4 MB/s   1h33m[K[?25h[?2026l[?2026h[?25l[A[1Gpulling manifest [K
pulling 043a363c6ca3:   9% ▕█                 ▏ 1.9 GB/ 21 GB  3.4 MB/s   1h33m[K[?25h[?2026l[?2026h[?25l[A[1Gpulling manifest [K
pulling 043a363c6ca3:   9% ▕█                 ▏ 1.9 GB/ 21 GB  3.4 MB/s   1h33m[K[?25h[?2026l[?2026h[?25l[A[1Gpulling manifest [K
pulling 043a363c6ca3:   9% ▕█                 ▏ 1.9 GB/ 21 GB  3.2 MB/s   1h40m[K[?25h[?2026l[?2026h[?25l[A[1Gpulling manifest [K
pulling 043a363c6ca3:   9% ▕█                 ▏ 1.9 GB/ 21 GB  3.2 MB/s   1h40m[K[?25h[?2026l[?2026h[?25l[A[1Gpulling manifest [K
pulling 043a363c6ca3:   9% ▕█                 ▏ 1.9 GB/ 21 GB  3.2 MB/s   1h40m[K[?25h[?2026l[?2026h[?25l[A[1Gpulling manifest [K
pulling 043a363c6ca3:   9% ▕█                 ▏ 1.9 GB/ 21 GB  3.2 MB/s   1h40m[K[?25h[?2026l[?2026h[?25l[A[1Gpulling manifest [K
pulling 043a363c6ca3:   9% ▕█                 ▏ 1.9 GB/ 21 GB  3.2 MB/s   1h40m[K[?25h[?2026l[?2026h[?25l[A[1Gpulling manifest [K
pulling 043a363c6ca3:   9% ▕█                 ▏ 1.9 GB/ 21 GB  2.5 MB/s    2h6m[K[?25h[?2026l[?2026h[?25l[A[1Gpulling manifest [K
pulling 043a363c6ca3:   9% ▕█                 ▏ 1.9 GB/ 21 GB  2.5 MB/s    2h6m[K[?25h[?2026l[?2026h[?25l[A[1Gpulling manifest [K
pulling 043a363c6ca3:   9% ▕█                 ▏ 1.9 GB/ 21 GB  2.5 MB/s    2h6m[K[?25h[?2026l[?2026h[?25l[A[1Gpulling manifest [K
pulling 043a363c6ca3:   9% ▕█                 ▏ 1.9 GB/ 21 GB  2.2 MB/s   2h24m[K[?25h[?2026l[?2026h[?25l[A[1Gpulling manifest [K
pulling 043a363c6ca3:   9% ▕█                 ▏ 1.9 GB/ 21 GB  2.1 MB/s   2h29m[K[?25h[?2026l[?2026h[?25l[A[1Gpulling manifest [K
pulling 043a363c6ca3:   9% ▕█                 ▏ 1.9 GB/ 21 GB  2.1 MB/s   2h29m[K[?25h[?2026l[?2026h[?25l[A[1Gpulling manifest [K
pulling 043a363c6ca3:   9% ▕█                 ▏ 1.9 GB/ 21 GB  1.9 MB/s   2h52m[K[?25h[?2026l[?2026h[?25l[A[1Gpulling manifest [K
pulling 043a363c6ca3:   9% ▕█                 ▏ 1.9 GB/ 21 GB  1.9 MB/s   2h52m[K[?25h[?2026l[?2026h[?25l[A[1Gpulling manifest [K
pulling 043a363c6ca3:   9% ▕█                 ▏ 1.9 GB/ 21 GB  3.2 MB/s   1h39m[K[?25h[?2026l[?2026h[?25l[A[1Gpulling manifest [K
pulling 043a363c6ca3:   9% ▕█                 ▏ 1.9 GB/ 21 GB  3.2 MB/s   1h41m[K[?25h[?2026l[?2026h[?25l[A[1Gpulling manifest [K
pulling 043a363c6ca3:   9% ▕█                 ▏ 1.9 GB/ 21 GB  3.4 MB/s   1h33m[K[?25h[?2026l[?2026h[?25l[A[1Gpulling manifest [K
pulling 043a363c6ca3:   9% ▕█                 ▏ 1.9 GB/ 21 GB  3.4 MB/s   1h33m[K[?25h[?2026l[?2026h[?25l[A[1Gpulling manifest [K
pulling 043a363c6ca3:   9% ▕█                 ▏ 1.9 GB/ 21 GB  4.1 MB/s   1h19m[K[?25h[?2026l[?2026h[?25l[A[1Gpulling manifest [K
pulling 043a363c6ca3:   9% ▕█                 ▏ 1.9 GB/ 21 GB  4.1 MB/s   1h19m[K[?25h[?2026l[?2026h[?25l[A[1Gpulling manifest [K
pulling 043a363c6ca3:   9% ▕█                 ▏ 1.9 GB/ 21 GB  4.2 MB/s   1h15m[K[?25h[?2026l[?2026h[?25l[A[1Gpulling manifest [K
pulling 043a363c6ca3:   9% ▕█                 ▏ 1.9 GB/ 21 GB  4.2 MB/s   1h15m[K[?25h[?2026l[?2026h[?25l[A[1Gpulling manifest [K
pulling 043a363c6ca3:   9% ▕█                 ▏ 1.9 GB/ 21 GB  3.9 MB/s   1h23m[K[?25h[?2026l[?2026h[?25l[A[1Gpulling manifest [K
pulling 043a363c6ca3:   9% ▕█                 ▏ 1.9 GB/ 21 GB  3.9 MB/s   1h23m[K[?25h[?2026l[?2026h[?25l[A[1Gpulling manifest [K
pulling 043a363c6ca3:   9% ▕█                 ▏ 1.9 GB/ 21 GB  3.9 MB/s   1h23m[K[?25h[?2026l[?2026h[?25l[A[1Gpulling manifest [K
pulling 043a363c6ca3:   9% ▕█                 ▏ 1.9 GB/ 21 GB  3.9 MB/s   1h23m[K[?25h[?2026l[?2026h[?25l[A[1Gpulling manifest [K
pulling 043a363c6ca3:   9% ▕█                 ▏ 1.9 GB/ 21 GB  3.7 MB/s   1h27m[K[?25h[?2026l[?2026h[?25l[A[1Gpulling manifest [K
pulling 043a363c6ca3:   9% ▕█                 ▏ 1.9 GB/ 21 GB  3.7 MB/s   1h27m[K[?25h[?2026l[?2026h[?25l[A[1Gpulling manifest [K
pulling 043a363c6ca3:   9% ▕█                 ▏ 1.9 GB/ 21 GB  3.7 MB/s   1h27m[K[?25h[?2026l[?2026h[?25l[A[1Gpulling manifest [K
pulling 043a363c6ca3:   9% ▕█                 ▏ 1.9 GB/ 21 GB  3.7 MB/s   1h27m[K[?25h[?2026l[?2026h[?25l[A[1Gpulling manifest [K
pulling 043a363c6ca3:   9% ▕█                 ▏ 1.9 GB/ 21 GB  3.7 MB/s   1h27m[K[?25h[?2026l[?2026h[?25l[A[1Gpulling manifest [K
pulling 043a363c6ca3:   9% ▕█                 ▏ 1.9 GB/ 21 GB  3.2 MB/s   1h40m[K[?25h[?2026l[?2026h[?25l[A[1Gpulling manifest [K
pulling 043a363c6ca3:   9% ▕█                 ▏ 1.9 GB/ 21 GB  3.2 MB/s   1h40m[K[?25h[?2026l[?2026h[?25l[A[1Gpulling manifest [K
pulling 043a363c6ca3:   9% ▕█                 ▏ 1.9 GB/ 21 GB  3.2 MB/s   1h40m[K[?25h[?2026l[?2026h[?25l[A[1Gpulling manifest [K
pulling 043a363c6ca3:   9% ▕█                 ▏ 1.9 GB/ 21 GB  3.2 MB/s   1h40m[K[?25h[?2026l[?2026h[?25l[A[1Gpulling manifest [K
pulling 043a363c6ca3:   9% ▕█                 ▏ 1.9 GB/ 21 GB  3.2 MB/s   1h40m[K[?25h[?2026l[?2026h[?25l[A[1Gpulling manifest [K
pulling 043a363c6ca3:   9% ▕█                 ▏ 1.9 GB/ 21 GB  3.2 MB/s   1h40m[K[?25h[?2026l[?2026h[?25l[A[1Gpulling manifest [K
pulling 043a363c6ca3:   9% ▕█                 ▏ 1.9 GB/ 21 GB  3.2 MB/s   1h40m[K[?25h[?2026l[?2026h[?25l[A[1Gpulling manifest [K
pulling 043a363c6ca3:   9% ▕█                 ▏ 1.9 GB/ 21 GB  2.1 MB/s   2h33m[K[?25h[?2026l[?2026h[?25l[A[1Gpulling manifest [K
pulling 043a363c6ca3:   9% ▕█                 ▏ 1.9 GB/ 21 GB  2.1 MB/s   2h33m[K[?25h[?2026l[?2026h[?25l[A[1Gpulling manifest [K
pulling 043a363c6ca3:   9% ▕█                 ▏ 1.9 GB/ 21 GB  2.1 MB/s   2h33m[K[?25h[?2026l[?2026h[?25l[A[1Gpulling manifest [K
pulling 043a363c6ca3:   9% ▕█                 ▏ 1.9 GB/ 21 GB  2.1 MB/s   2h33m[K[?25h[?2026l[?2026h[?25l[A[1Gpulling manifest [K
pulling 043a363c6ca3:   9% ▕█                 ▏ 1.9 GB/ 21 GB  1.8 MB/s   2h56m[K[?25h[?2026l[?2026h[?25l[A[1Gpulling manifest [K
pulling 043a363c6ca3:   9% ▕█                 ▏ 1.9 GB/ 21 GB  1.8 MB/s   2h56m[K[?25h[?2026l[?2026h[?25l[A[1Gpulling manifest [K
pulling 043a363c6ca3:   9% ▕█                 ▏ 1.9 GB/ 21 GB  1.8 MB/s   2h56m[K[?25h[?2026l[?2026h[?25l[A[1Gpulling manifest [K
pulling 043a363c6ca3:   9% ▕█                 ▏ 1.9 GB/ 21 GB  1.8 MB/s   2h56m[K[?25h[?2026l[?2026h[?25l[A[1Gpulling manifest [K
pulling 043a363c6ca3:   9% ▕█                 ▏ 1.9 GB/ 21 GB  1.7 MB/s    3h3m[K[?25h[?2026l[?2026h[?25l[A[1Gpulling manifest [K
pulling 043a363c6ca3:   9% ▕█                 ▏ 1.9 GB/ 21 GB  1.7 MB/s    3h3m[K[?25h[?2026l[?2026h[?25l[A[1Gpulling manifest [K
pulling 043a363c6ca3:   9% ▕█                 ▏ 1.9 GB/ 21 GB  1.7 MB/s    3h3m[K[?25h[?2026l[?2026h[?25l[A[1Gpulling manifest [K
pulling 043a363c6ca3:   9% ▕█                 ▏ 1.9 GB/ 21 GB  1.9 MB/s   2h51m[K[?25h[?2026l[?2026h[?25l[A[1Gpulling manifest [K
pulling 043a363c6ca3:   9% ▕█                 ▏ 1.9 GB/ 21 GB  1.9 MB/s   2h51m[K[?25h[?2026l[?2026h[?25l[A[1Gpulling manifest [K
pulling 043a363c6ca3:   9% ▕█                 ▏ 1.9 GB/ 21 GB  2.2 MB/s   2h28m[K[?25h[?2026l[?2026h[?25l[A[1Gpulling manifest [K
pulling 043a363c6ca3:   9% ▕█                 ▏ 1.9 GB/ 21 GB  2.2 MB/s   2h28m[K[?25h[?2026l[?2026h[?25l[A[1Gpulling manifest [K
pulling 043a363c6ca3:   9% ▕█                 ▏ 1.9 GB/ 21 GB  2.2 MB/s   2h28m[K[?25h[?2026l[?2026h[?25l[A[1Gpulling manifest [K
pulling 043a363c6ca3:   9% ▕█                 ▏ 1.9 GB/ 21 GB  2.6 MB/s    2h3m[K[?25h[?2026l[?2026h[?25l[A[1Gpulling manifest [K
pulling 043a363c6ca3:   9% ▕█                 ▏ 1.9 GB/ 21 GB  2.6 MB/s    2h3m[K[?25h[?2026l[?2026h[?25l[A[1Gpulling manifest [K
pulling 043a363c6ca3:   9% ▕█                 ▏ 1.9 GB/ 21 GB  2.6 MB/s    2h3m[K[?25h[?2026l[?2026h[?25l[A[1Gpulling manifest [K
pulling 043a363c6ca3:   9% ▕█                 ▏ 1.9 GB/ 21 GB  2.7 MB/s   1h59m[K[?25h[?2026l[?2026h[?25l[A[1Gpulling manifest [K
pulling 043a363c6ca3:   9% ▕█                 ▏ 1.9 GB/ 21 GB  2.6 MB/s    2h1m[K[?25h[?2026l[?2026h[?25l[A[1Gpulling manifest [K
pulling 043a363c6ca3:   9% ▕█                 ▏ 1.9 GB/ 21 GB  3.5 MB/s   1h31m[K[?25h[?2026l[?2026h[?25l[A[1Gpulling manifest [K
pulling 043a363c6ca3:   9% ▕█                 ▏ 1.9 GB/ 21 GB  3.5 MB/s   1h31m[K[?25h[?2026l[?2026h[?25l[A[1Gpulling manifest [K
pulling 043a363c6ca3:   9% ▕█                 ▏ 1.9 GB/ 21 GB  3.5 MB/s   1h31m[K[?25h[?2026l[?2026h[?25l[A[1Gpulling manifest [K
pulling 043a363c6ca3:   9% ▕█                 ▏ 2.0 GB/ 21 GB  3.7 MB/s   1h27m[K[?25h[?2026l[?2026h[?25l[A[1Gpulling manifest [K
pulling 043a363c6ca3:   9% ▕█                 ▏ 2.0 GB/ 21 GB  3.8 MB/s   1h23m[K[?25h[?2026l[?2026h[?25l[A[1Gpulling manifest [K
pulling 043a363c6ca3:   9% ▕█                 ▏ 2.0 GB/ 21 GB  3.8 MB/s   1h23m[K[?25h[?2026l[?2026h[?25l[A[1Gpulling manifest [K
pulling 043a363c6ca3:   9% ▕█                 ▏ 2.0 GB/ 21 GB  4.1 MB/s   1h17m[K[?25h[?2026l[?2026h[?25l[A[1Gpulling manifest [K
pulling 043a363c6ca3:   9% ▕█                 ▏ 2.0 GB/ 21 GB  4.1 MB/s   1h17m[K[?25h[?2026l[?2026h[?25l[A[1Gpulling manifest [K
pulling 043a363c6ca3:   9% ▕█                 ▏ 2.0 GB/ 21 GB  4.1 MB/s   1h17m[K[?25h[?2026l[?2026h[?25l[A[1Gpulling manifest [K
pulling 043a363c6ca3:   9% ▕█                 ▏ 2.0 GB/ 21 GB  4.2 MB/s   1h15m[K[?25h[?2026l[?2026h[?25l[A[1Gpulling manifest [K
pulling 043a363c6ca3:   9% ▕█                 ▏ 2.0 GB/ 21 GB  4.2 MB/s   1h15m[K[?25h[?2026l[?2026h[?25l[A[1Gpulling manifest [K
pulling 043a363c6ca3:   9% ▕█                 ▏ 2.0 GB/ 21 GB  4.7 MB/s    1h8m[K[?25h[?2026l[?2026h[?25l[A[1Gpulling manifest [K
pulling 043a363c6ca3:   9% ▕█                 ▏ 2.0 GB/ 21 GB  5.1 MB/s    1h2m[K[?25h[?2026l[?2026h[?25l[A[1Gpulling manifest [K
pulling 043a363c6ca3:   9% ▕█                 ▏ 2.0 GB/ 21 GB  4.9 MB/s    1h5m[K[?25h[?2026l[?2026h[?25l[A[1Gpulling manifest [K
pulling 043a363c6ca3:   9% ▕█                 ▏ 2.0 GB/ 21 GB  4.9 MB/s    1h5m[K[?25h[?2026l[?2026h[?25l[A[1Gpulling manifest [K
pulling 043a363c6ca3:   9% ▕█                 ▏ 2.0 GB/ 21 GB  4.7 MB/s    1h7m[K[?25h[?2026l[?2026h[?25l[A[1Gpulling manifest [K
pulling 043a363c6ca3:   9% ▕█                 ▏ 2.0 GB/ 21 GB  4.7 MB/s    1h7m[K[?25h[?2026l[?2026h[?25l[A[1Gpulling manifest [K
pulling 043a363c6ca3:  10% ▕█                 ▏ 2.0 GB/ 21 GB  5.6 MB/s  57m14s[K[?25h[?2026l[?2026h[?25l[A[1Gpulling manifest [K
pulling 043a363c6ca3:  10% ▕█                 ▏ 2.0 GB/ 21 GB  5.9 MB/s   54m3s[K[?25h[?2026l[?2026h[?25l[A[1Gpulling manifest [K
pulling 043a363c6ca3:  10% ▕█                 ▏ 2.0 GB/ 21 GB  5.5 MB/s  58m16s[K[?25h[?2026l[?2026h[?25l[A[1Gpulling manifest [K
pulling 043a363c6ca3:  10% ▕█                 ▏ 2.0 GB/ 21 GB  5.5 MB/s  58m16s[K[?25h[?2026l[?2026h[?25l[A[1Gpulling manifest [K
pulling 043a363c6ca3:  10% ▕█                 ▏ 2.0 GB/ 21 GB  5.8 MB/s  54m35s[K[?25h[?2026l[?2026h[?25l[A[1Gpulling manifest [K
pulling 043a363c6ca3:  10% ▕█                 ▏ 2.0 GB/ 21 GB  5.8 MB/s  54m35s[K[?25h[?2026l[?2026h[?25l[A[1Gpulling manifest [K
pulling 043a363c6ca3:  10% ▕█                 ▏ 2.0 GB/ 21 GB  5.4 MB/s  58m54s[K[?25h[?2026l[?2026h[?25l[A[1Gpulling manifest [K
pulling 043a363c6ca3:  10% ▕█                 ▏ 2.0 GB/ 21 GB  5.4 MB/s  58m54s[K[?25h[?2026l[?2026h[?25l[A[1Gpulling manifest [K
pulling 043a363c6ca3:  10% ▕█                 ▏ 2.0 GB/ 21 GB  4.7 MB/s    1h8m[K[?25h[?2026l[?2026h[?25l[A[1Gpulling manifest [K
pulling 043a363c6ca3:  10% ▕█                 ▏ 2.0 GB/ 21 GB  4.7 MB/s    1h8m[K[?25h[?2026l[?2026h[?25l[A[1Gpulling manifest [K
pulling 043a363c6ca3:  10% ▕█                 ▏ 2.0 GB/ 21 GB  4.2 MB/s   1h15m[K[?25h[?2026l[?2026h[?25l[A[1Gpulling manifest [K
pulling 043a363c6ca3:  10% ▕█                 ▏ 2.0 GB/ 21 GB  4.2 MB/s   1h15m[K[?25h[?2026l[?2026h[?25l[A[1Gpulling manifest [K
pulling 043a363c6ca3:  10% ▕█                 ▏ 2.0 GB/ 21 GB  4.5 MB/s   1h10m[K[?25h[?2026l[?2026h[?25l[A[1Gpulling manifest [K
pulling 043a363c6ca3:  10% ▕█                 ▏ 2.0 GB/ 21 GB  4.5 MB/s   1h10m[K[?25h[?2026l[?2026h[?25l[A[1Gpulling manifest [K
pulling 043a363c6ca3:  10% ▕█                 ▏ 2.0 GB/ 21 GB  4.3 MB/s   1h13m[K[?25h[?2026l[?2026h[?25l[A[1Gpulling manifest [K
pulling 043a363c6ca3:  10% ▕█                 ▏ 2.0 GB/ 21 GB  4.3 MB/s   1h13m[K[?25h[?2026l[?2026h[?25l[A[1Gpulling manifest [K
pulling 043a363c6ca3:  10% ▕█                 ▏ 2.0 GB/ 21 GB  4.3 MB/s   1h13m[K[?25h[?2026l[?2026h[?25l[A[1Gpulling manifest [K
pulling 043a363c6ca3:  10% ▕█                 ▏ 2.0 GB/ 21 GB  2.8 MB/s   1h53m[K[?25h[?2026l[?2026h[?25l[A[1Gpulling manifest [K
pulling 043a363c6ca3:  10% ▕█                 ▏ 2.0 GB/ 21 GB  2.4 MB/s   2h13m[K[?25h[?2026l[?2026h[?25l[A[1Gpulling manifest [K
pulling 043a363c6ca3:  10% ▕█                 ▏ 2.0 GB/ 21 GB  2.4 MB/s   2h13m[K[?25h[?2026l[?2026h[?25l[A[1Gpulling manifest [K
pulling 043a363c6ca3:  10% ▕█                 ▏ 2.0 GB/ 21 GB  2.4 MB/s   2h13m[K[?25h[?2026l[?2026h[?25l[A[1Gpulling manifest [K
pulling 043a363c6ca3:  10% ▕█                 ▏ 2.0 GB/ 21 GB  2.3 MB/s   2h16m[K[?25h[?2026l[?2026h[?25l[A[1Gpulling manifest [K
pulling 043a363c6ca3:  10% ▕█                 ▏ 2.0 GB/ 21 GB  2.3 MB/s   2h16m[K[?25h[?2026l[?2026h[?25l[A[1Gpulling manifest [K
pulling 043a363c6ca3:  10% ▕█                 ▏ 2.0 GB/ 21 GB  2.3 MB/s   2h16m[K[?25h[?2026l[?2026h[?25l[A[1Gpulling manifest [K
pulling 043a363c6ca3:  10% ▕█                 ▏ 2.1 GB/ 21 GB  2.5 MB/s    2h6m[K[?25h[?2026l[?2026h[?25l[A[1Gpulling manifest [K
pulling 043a363c6ca3:  10% ▕█                 ▏ 2.1 GB/ 21 GB  2.5 MB/s    2h6m[K[?25h[?2026l[?2026h[?25l[A[1Gpulling manifest [K
pulling 043a363c6ca3:  10% ▕█                 ▏ 2.1 GB/ 21 GB  2.5 MB/s    2h6m[K[?25h[?2026l[?2026h[?25l[A[1Gpulling manifest [K
pulling 043a363c6ca3:  10% ▕█                 ▏ 2.1 GB/ 21 GB  2.5 MB/s    2h6m[K[?25h[?2026l[?2026h[?25l[A[1Gpulling manifest [K
pulling 043a363c6ca3:  10% ▕█                 ▏ 2.1 GB/ 21 GB  2.6 MB/s    2h1m[K[?25h[?2026l[?2026h[?25l[A[1Gpulling manifest [K
pulling 043a363c6ca3:  10% ▕█                 ▏ 2.1 GB/ 21 GB  2.6 MB/s    2h1m[K[?25h[?2026l[?2026h[?25l[A[1Gpulling manifest [K
pulling 043a363c6ca3:  10% ▕█                 ▏ 2.1 GB/ 21 GB  2.6 MB/s    2h1m[K[?25h[?2026l[?2026h[?25l[A[1Gpulling manifest [K
pulling 043a363c6ca3:  10% ▕█                 ▏ 2.1 GB/ 21 GB  2.7 MB/s   1h58m[K[?25h[?2026l[?2026h[?25l[A[1Gpulling manifest [K
pulling 043a363c6ca3:  10% ▕█                 ▏ 2.1 GB/ 21 GB  2.7 MB/s   1h58m[K[?25h[?2026l[?2026h[?25l[A[1Gpulling manifest [K
pulling 043a363c6ca3:  10% ▕█                 ▏ 2.1 GB/ 21 GB  2.7 MB/s   1h58m[K[?25h[?2026l[?2026h[?25l[A[1Gpulling manifest [K
pulling 043a363c6ca3:  10% ▕█                 ▏ 2.1 GB/ 21 GB  2.8 MB/s   1h53m[K[?25h[?2026l[?2026h[?25l[A[1Gpulling manifest [K
pulling 043a363c6ca3:  10% ▕█                 ▏ 2.1 GB/ 21 GB  2.8 MB/s   1h53m[K[?25h[?2026l[?2026h[?25l[A[1Gpulling manifest [K
pulling 043a363c6ca3:  10% ▕█                 ▏ 2.1 GB/ 21 GB  3.1 MB/s   1h43m[K[?25h[?2026l[?2026h[?25l[A[1Gpulling manifest [K
pulling 043a363c6ca3:  10% ▕█                 ▏ 2.1 GB/ 21 GB  3.1 MB/s   1h43m[K[?25h[?2026l[?2026h[?25l[A[1Gpulling manifest [K
pulling 043a363c6ca3:  10% ▕█                 ▏ 2.1 GB/ 21 GB  3.1 MB/s   1h43m[K[?25h[?2026l[?2026h[?25l[A[1Gpulling manifest [K
pulling 043a363c6ca3:  10% ▕█                 ▏ 2.1 GB/ 21 GB  3.1 MB/s   1h43m[K[?25h[?2026l[?2026h[?25l[A[1Gpulling manifest [K
pulling 043a363c6ca3:  10% ▕█                 ▏ 2.1 GB/ 21 GB  3.1 MB/s   1h43m[K[?25h[?2026l[?2026h[?25l[A[1Gpulling manifest [K
pulling 043a363c6ca3:  10% ▕█                 ▏ 2.1 GB/ 21 GB  3.1 MB/s   1h43m[K[?25h[?2026l[?2026h[?25l[A[1Gpulling manifest [K
pulling 043a363c6ca3:  10% ▕█                 ▏ 2.1 GB/ 21 GB  3.1 MB/s   1h43m[K[?25h[?2026l[?2026h[?25l[A[1Gpulling manifest [K
pulling 043a363c6ca3:  10% ▕█                 ▏ 2.1 GB/ 21 GB  3.1 MB/s   1h43m[K[?25h[?2026l[?2026h[?25l[A[1Gpulling manifest [K
pulling 043a363c6ca3:  10% ▕█                 ▏ 2.1 GB/ 21 GB  3.1 MB/s   1h43m[K[?25h[?2026l[?2026h[?25l[A[1Gpulling manifest [K
pulling 043a363c6ca3:  10% ▕█                 ▏ 2.1 GB/ 21 GB  3.1 MB/s   1h43m[K[?25h[?2026l[?2026h[?25l[A[1Gpulling manifest [K
pulling 043a363c6ca3:  10% ▕█                 ▏ 2.1 GB/ 21 GB  3.2 MB/s   1h39m[K[?25h[?2026l[?2026h[?25l[A[1Gpulling manifest [K
pulling 043a363c6ca3:  10% ▕█                 ▏ 2.1 GB/ 21 GB  3.2 MB/s   1h39m[K[?25h[?2026l[?2026h[?25l[A[1Gpulling manifest [K
pulling 043a363c6ca3:  10% ▕█                 ▏ 2.1 GB/ 21 GB  3.3 MB/s   1h37m[K[?25h[?2026l[?2026h[?25l[A[1Gpulling manifest [K
pulling 043a363c6ca3:  10% ▕█                 ▏ 2.1 GB/ 21 GB  3.3 MB/s   1h37m[K[?25h[?2026l[?2026h[?25l[A[1Gpulling manifest [K
pulling 043a363c6ca3:  10% ▕█                 ▏ 2.1 GB/ 21 GB  4.0 MB/s   1h20m[K[?25h[?2026l[?2026h[?25l[A[1Gpulling manifest [K
pulling 043a363c6ca3:  10% ▕█                 ▏ 2.1 GB/ 21 GB  4.0 MB/s   1h20m[K[?25h[?2026l[?2026h[?25l[A[1Gpulling manifest [K
pulling 043a363c6ca3:  10% ▕█                 ▏ 2.1 GB/ 21 GB  4.0 MB/s   1h19m[K[?25h[?2026l[?2026h[?25l[A[1Gpulling manifest [K
pulling 043a363c6ca3:  10% ▕█                 ▏ 2.1 GB/ 21 GB  4.0 MB/s   1h19m[K[?25h[?2026l[?2026h[?25l[A[1Gpulling manifest [K
pulling 043a363c6ca3:  10% ▕█                 ▏ 2.1 GB/ 21 GB  4.0 MB/s   1h19m[K[?25h[?2026l[?2026h[?25l[A[1Gpulling manifest [K
pulling 043a363c6ca3:  10% ▕█                 ▏ 2.1 GB/ 21 GB  4.0 MB/s   1h19m[K[?25h[?2026l[?2026h[?25l[A[1Gpulling manifest [K
pulling 043a363c6ca3:  10% ▕█                 ▏ 2.1 GB/ 21 GB  4.0 MB/s   1h19m[K[?25h[?2026l[?2026h[?25l[A[1Gpulling manifest [K
pulling 043a363c6ca3:  10% ▕█                 ▏ 2.1 GB/ 21 GB  3.9 MB/s   1h20m[K[?25h[?2026l[?2026h[?25l[A[1Gpulling manifest [K
pulling 043a363c6ca3:  10% ▕█                 ▏ 2.1 GB/ 21 GB  3.9 MB/s   1h20m[K[?25h[?2026l[?2026h[?25l[A[1Gpulling manifest [K
pulling 043a363c6ca3:  10% ▕█                 ▏ 2.1 GB/ 21 GB  3.9 MB/s   1h20m[K[?25h[?2026l[?2026h[?25l[A[1Gpulling manifest [K
pulling 043a363c6ca3:  10% ▕█                 ▏ 2.1 GB/ 21 GB  4.2 MB/s   1h15m[K[?25h[?2026l[?2026h[?25l[A[1Gpulling manifest [K
pulling 043a363c6ca3:  10% ▕█                 ▏ 2.1 GB/ 21 GB  4.2 MB/s   1h15m[K[?25h[?2026l[?2026h[?25l[A[1Gpulling manifest [K
pulling 043a363c6ca3:  10% ▕█                 ▏ 2.1 GB/ 21 GB  3.4 MB/s   1h34m[K[?25h[?2026l[?2026h[?25l[A[1Gpulling manifest [K
pulling 043a363c6ca3:  10% ▕█                 ▏ 2.1 GB/ 21 GB  3.4 MB/s   1h34m[K[?25h[?2026l[?2026h[?25l[A[1Gpulling manifest [K
pulling 043a363c6ca3:  10% ▕█                 ▏ 2.1 GB/ 21 GB  3.6 MB/s   1h27m[K[?25h[?2026l[?2026h[?25l[A[1Gpulling manifest [K
pulling 043a363c6ca3:  10% ▕█                 ▏ 2.1 GB/ 21 GB  3.6 MB/s   1h27m[K[?25h[?2026l[?2026h[?25l[A[1Gpulling manifest [K
pulling 043a363c6ca3:  10% ▕█                 ▏ 2.1 GB/ 21 GB  3.6 MB/s   1h27m[K[?25h[?2026l[?2026h[?25l[A[1Gpulling manifest [K
pulling 043a363c6ca3:  10% ▕█                 ▏ 2.1 GB/ 21 GB  3.7 MB/s   1h26m[K[?25h[?2026l[?2026h[?25l[A[1Gpulling manifest [K
pulling 043a363c6ca3:  10% ▕█                 ▏ 2.1 GB/ 21 GB  3.7 MB/s   1h26m[K[?25h[?2026l[?2026h[?25l[A[1Gpulling manifest [K
pulling 043a363c6ca3:  10% ▕█                 ▏ 2.1 GB/ 21 GB  3.5 MB/s   1h31m[K[?25h[?2026l[?2026h[?25l[A[1Gpulling manifest [K
pulling 043a363c6ca3:  10% ▕█                 ▏ 2.1 GB/ 21 GB  3.5 MB/s   1h31m[K[?25h[?2026l[?2026h[?25l[A[1Gpulling manifest [K
pulling 043a363c6ca3:  10% ▕█                 ▏ 2.1 GB/ 21 GB  2.8 MB/s   1h54m[K[?25h[?2026l[?2026h[?25l[A[1Gpulling manifest [K
pulling 043a363c6ca3:  10% ▕█                 ▏ 2.1 GB/ 21 GB  2.8 MB/s   1h54m[K[?25h[?2026l[?2026h[?25l[A[1Gpulling manifest [K
pulling 043a363c6ca3:  10% ▕█                 ▏ 2.1 GB/ 21 GB  3.1 MB/s   1h42m[K[?25h[?2026l[?2026h[?25l[A[1Gpulling manifest [K
pulling 043a363c6ca3:  10% ▕█                 ▏ 2.1 GB/ 21 GB  3.1 MB/s   1h42m[K[?25h[?2026l[?2026h[?25l[A[1Gpulling manifest [K
pulling 043a363c6ca3:  10% ▕█                 ▏ 2.1 GB/ 21 GB  2.9 MB/s   1h49m[K[?25h[?2026l[?2026h[?25l[A[1Gpulling manifest [K
pulling 043a363c6ca3:  10% ▕█                 ▏ 2.1 GB/ 21 GB  2.9 MB/s   1h49m[K[?25h[?2026l[?2026h[?25l[A[1Gpulling manifest [K
pulling 043a363c6ca3:  10% ▕█                 ▏ 2.1 GB/ 21 GB  3.0 MB/s   1h45m[K[?25h[?2026l[?2026h[?25l[A[1Gpulling manifest [K
pulling 043a363c6ca3:  10% ▕█                 ▏ 2.1 GB/ 21 GB  3.0 MB/s   1h45m[K[?25h[?2026l[?2026h[?25l[A[1Gpulling manifest [K
pulling 043a363c6ca3:  10% ▕█                 ▏ 2.1 GB/ 21 GB  2.8 MB/s   1h54m[K[?25h[?2026l[?2026h[?25l[A[1Gpulling manifest [K
pulling 043a363c6ca3:  10% ▕█                 ▏ 2.1 GB/ 21 GB  2.9 MB/s   1h47m[K[?25h[?2026l[?2026h[?25l[A[1Gpulling manifest [K
pulling 043a363c6ca3:  10% ▕█                 ▏ 2.1 GB/ 21 GB  2.9 MB/s   1h47m[K[?25h[?2026l[?2026h[?25l[A[1Gpulling manifest [K
pulling 043a363c6ca3:  10% ▕█                 ▏ 2.1 GB/ 21 GB  2.7 MB/s   1h57m[K[?25h[?2026l[?2026h[?25l[A[1Gpulling manifest [K
pulling 043a363c6ca3:  10% ▕█                 ▏ 2.1 GB/ 21 GB  2.7 MB/s   1h57m[K[?25h[?2026l[?2026h[?25l[A[1Gpulling manifest [K
pulling 043a363c6ca3:  10% ▕█                 ▏ 2.1 GB/ 21 GB  2.9 MB/s   1h47m[K[?25h[?2026l[?2026h[?25l[A[1Gpulling manifest [K
pulling 043a363c6ca3:  10% ▕█                 ▏ 2.1 GB/ 21 GB  2.9 MB/s   1h47m[K[?25h[?2026l[?2026h[?25l[A[1Gpulling manifest [K
pulling 043a363c6ca3:  10% ▕█                 ▏ 2.2 GB/ 21 GB  5.3 MB/s    1h0m[K[?25h[?2026l[?2026h[?25l[A[1Gpulling manifest [K
pulling 043a363c6ca3:  10% ▕█                 ▏ 2.2 GB/ 21 GB  7.0 MB/s  45m18s[K[?25h[?2026l[?2026h[?25l[A[1Gpulling manifest [K
pulling 043a363c6ca3:  10% ▕█                 ▏ 2.2 GB/ 21 GB  7.0 MB/s  45m16s[K[?25h[?2026l[?2026h[?25l[A[1Gpulling manifest [K
pulling 043a363c6ca3:  10% ▕█                 ▏ 2.2 GB/ 21 GB  7.5 MB/s  41m58s[K[?25h[?2026l[?2026h[?25l[A[1Gpulling manifest [K
pulling 043a363c6ca3:  10% ▕█                 ▏ 2.2 GB/ 21 GB  7.5 MB/s  41m58s[K[?25h[?2026l[?2026h[?25l[A[1Gpulling manifest [K
pulling 043a363c6ca3:  10% ▕█                 ▏ 2.2 GB/ 21 GB  7.5 MB/s  42m14s[K[?25h[?2026l[?2026h[?25l[A[1Gpulling manifest [K
pulling 043a363c6ca3:  10% ▕█                 ▏ 2.2 GB/ 21 GB  7.9 MB/s   40m2s[K[?25h[?2026l[?2026h[?25l[A[1Gpulling manifest [K
pulling 043a363c6ca3:  10% ▕█                 ▏ 2.2 GB/ 21 GB  7.9 MB/s   40m2s[K[?25h[?2026l[?2026h[?25l[A[1Gpulling manifest [K
pulling 043a363c6ca3:  10% ▕█                 ▏ 2.2 GB/ 21 GB  7.6 MB/s  41m26s[K[?25h[?2026l[?2026h[?25l[A[1Gpulling manifest [K
pulling 043a363c6ca3:  10% ▕█                 ▏ 2.2 GB/ 21 GB  7.4 MB/s  42m34s[K[?25h[?2026l[?2026h[?25l[A[1Gpulling manifest [K
pulling 043a363c6ca3:  10% ▕█                 ▏ 2.2 GB/ 21 GB  7.4 MB/s  42m34s[K[?25h[?2026l[?2026h[?25l[A[1Gpulling manifest [K
pulling 043a363c6ca3:  10% ▕█                 ▏ 2.2 GB/ 21 GB  7.0 MB/s  44m56s[K[?25h[?2026l[?2026h[?25l[A[1Gpulling manifest [K
pulling 043a363c6ca3:  10% ▕█                 ▏ 2.2 GB/ 21 GB  7.0 MB/s  44m56s[K[?25h[?2026l[?2026h[?25l[A[1Gpulling manifest [K
pulling 043a363c6ca3:  10% ▕█                 ▏ 2.2 GB/ 21 GB  6.9 MB/s  45m59s[K[?25h[?2026l[?2026h[?25l[A[1Gpulling manifest [K
pulling 043a363c6ca3:  10% ▕█                 ▏ 2.2 GB/ 21 GB  6.9 MB/s  45m59s[K[?25h[?2026l[?2026h[?25l[A[1Gpulling manifest [K
pulling 043a363c6ca3:  10% ▕█                 ▏ 2.2 GB/ 21 GB  6.9 MB/s  45m59s[K[?25h[?2026l[?2026h[?25l[A[1Gpulling manifest [K
pulling 043a363c6ca3:  10% ▕█                 ▏ 2.2 GB/ 21 GB  6.9 MB/s  45m59s[K[?25h[?2026l[?2026h[?25l[A[1Gpulling manifest [K
pulling 043a363c6ca3:  10% ▕█                 ▏ 2.2 GB/ 21 GB  4.1 MB/s   1h16m[K[?25h[?2026l[?2026h[?25l[A[1Gpulling manifest [K
pulling 043a363c6ca3:  10% ▕█                 ▏ 2.2 GB/ 21 GB  4.1 MB/s   1h16m[K[?25h[?2026l[?2026h[?25l[A[1Gpulling manifest [K
pulling 043a363c6ca3:  10% ▕█                 ▏ 2.2 GB/ 21 GB  4.1 MB/s   1h16m[K[?25h[?2026l[?2026h[?25l[A[1Gpulling manifest [K
pulling 043a363c6ca3:  10% ▕█                 ▏ 2.2 GB/ 21 GB  1.3 MB/s    4h6m[K[?25h[?2026l[?2026h[?25l[A[1Gpulling manifest [K
pulling 043a363c6ca3:  10% ▕█                 ▏ 2.2 GB/ 21 GB  1.3 MB/s    4h6m[K[?25h[?2026l[?2026h[?25l[A[1Gpulling manifest [K
pulling 043a363c6ca3:  10% ▕█                 ▏ 2.2 GB/ 21 GB  125 KB/s  41h55m[K[?25h[?2026l[?2026h[?25l[A[1Gpulling manifest [K
pulling 043a363c6ca3:  10% ▕█                 ▏ 2.2 GB/ 21 GB  125 KB/s  41h55m[K[?25h[?2026l[?2026h[?25l[A[1Gpulling manifest [K
pulling 043a363c6ca3:  10% ▕█                 ▏ 2.2 GB/ 21 GB   61 KB/s   85h4m[K[?25h[?2026l[?2026h[?25l[A[1Gpulling manifest [K
pulling 043a363c6ca3:  10% ▕█                 ▏ 2.2 GB/ 21 GB   61 KB/s   85h4m[K[?25h[?2026l[?2026h[?25l[A[1Gpulling manifest [K
pulling 043a363c6ca3:  10% ▕█                 ▏ 2.2 GB/ 21 GB   61 KB/s   85h4m[K[?25h[?2026l[?2026h[?25l[A[1Gpulling manifest [K
pulling 043a363c6ca3:  10% ▕█                 ▏ 2.2 GB/ 21 GB   52 KB/s  99h44m[K[?25h[?2026l[?2026h[?25l[A[1Gpulling manifest [K
pulling 043a363c6ca3:  10% ▕█                 ▏ 2.2 GB/ 21 GB   52 KB/s  99h44m[K[?25h[?2026l[?2026h[?25l[A[1Gpulling manifest [K
pulling 043a363c6ca3:  10% ▕█                 ▏ 2.2 GB/ 21 GB   52 KB/s  99h44m[K[?25h[?2026l[?2026h[?25l[A[1Gpulling manifest [K
pulling 043a363c6ca3:  10% ▕█                 ▏ 2.2 GB/ 21 GB   52 KB/s  99h44m[K[?25h[?2026l[?2026h[?25l[A[1Gpulling manifest [K
pulling 043a363c6ca3:  10% ▕█                 ▏ 2.2 GB/ 21 GB   52 KB/s  99h44m[K[?25h[?2026l[?2026h[?25l[A[1Gpulling manifest [K
pulling 043a363c6ca3:  10% ▕█                 ▏ 2.2 GB/ 21 GB   52 KB/s  99h44m[K[?25h[?2026l[?2026h[?25l[A[1Gpulling manifest [K
pulling 043a363c6ca3:  10% ▕█                 ▏ 2.2 GB/ 21 GB   41 KB/s    99h+[K[?25h[?2026l[?2026h[?25l[A[1Gpulling manifest [K
pulling 043a363c6ca3:  10% ▕█                 ▏ 2.2 GB/ 21 GB   41 KB/s    99h+[K[?25h[?2026l[?2026h[?25l[A[1Gpulling manifest [K
pulling 043a363c6ca3:  10% ▕█                 ▏ 2.2 GB/ 21 GB   40 KB/s    99h+[K[?25h[?2026l[?2026h[?25l[A[1Gpulling manifest [K
pulling 043a363c6ca3:  10% ▕█                 ▏ 2.2 GB/ 21 GB   40 KB/s    99h+[K[?25h[?2026l[?2026h[?25l[A[1Gpulling manifest [K
pulling 043a363c6ca3:  10% ▕█                 ▏ 2.2 GB/ 21 GB   40 KB/s    99h+[K[?25h[?2026l[?2026h[?25l[A[1Gpulling manifest [K
pulling 043a363c6ca3:  10% ▕█                 ▏ 2.2 GB/ 21 GB   40 KB/s    99h+[K[?25h[?2026l[?2026h[?25l[A[1Gpulling manifest [K
pulling 043a363c6ca3:  10% ▕█                 ▏ 2.2 GB/ 21 GB   40 KB/s    99h+[K[?25h[?2026l[?2026h[?25l[A[1Gpulling manifest [K
pulling 043a363c6ca3:  10% ▕█                 ▏ 2.2 GB/ 21 GB                  [K[?25h[?2026l[?2026h[?25l[A[1Gpulling manifest [K
pulling 043a363c6ca3:  10% ▕█                 ▏ 2.2 GB/ 21 GB                  [K[?25h[?2026l[?2026h[?25l[A[1Gpulling manifest [K
pulling 043a363c6ca3:  10% ▕█                 ▏ 2.2 GB/ 21 GB                  [K[?25h[?2026l[?2026h[?25l[A[1Gpulling manifest [K
pulling 043a363c6ca3:  10% ▕█                 ▏ 2.2 GB/ 21 GB                  [K[?25h[?2026l[?2026h[?25l[A[1Gpulling manifest [K
pulling 043a363c6ca3:  10% ▕█                 ▏ 2.2 GB/ 21 GB                  [K[?25h[?2026l[?2026h[?25l[A[1Gpulling manifest [K
pulling 043a363c6ca3:  10% ▕█                 ▏ 2.2 GB/ 21 GB                  [K[?25h[?2026l[?2026h[?25l[A[1Gpulling manifest [K
pulling 043a363c6ca3:  10% ▕█                 ▏ 2.2 GB/ 21 GB                  [K[?25h[?2026l[?2026h[?25l[A[1Gpulling manifest [K
pulling 043a363c6ca3:  10% ▕█                 ▏ 2.2 GB/ 21 GB                  [K[?25h[?2026l[?2026h[?25l[A[1Gpulling manifest [K
pulling 043a363c6ca3:  10% ▕█                 ▏ 2.2 GB/ 21 GB                  [K[?25h[?2026l[?2026h[?25l[A[1Gpulling manifest [K
pulling 043a363c6ca3:  10% ▕█                 ▏ 2.2 GB/ 21 GB                  [K[?25h[?2026l[?2026h[?25l[A[1Gpulling manifest [K
pulling 043a363c6ca3:  10% ▕█                 ▏ 2.2 GB/ 21 GB                  [K[?25h[?2026l[?2026h[?25l[A[1Gpulling manifest [K
pulling 043a363c6ca3:  10% ▕█                 ▏ 2.2 GB/ 21 GB                  [K[?25h[?2026l[?2026h[?25l[A[1Gpulling manifest [K
pulling 043a363c6ca3:  10% ▕█                 ▏ 2.2 GB/ 21 GB                  [K[?25h[?2026l[?2026h[?25l[A[1Gpulling manifest [K
pulling 043a363c6ca3:  10% ▕█                 ▏ 2.2 GB/ 21 GB                  [K[?25h[?2026l[?2026h[?25l[A[1Gpulling manifest [K
pulling 043a363c6ca3:  10% ▕█                 ▏ 2.2 GB/ 21 GB                  [K[?25h[?2026l[?2026h[?25l[A[1Gpulling manifest [K
pulling 043a363c6ca3:  10% ▕█                 ▏ 2.2 GB/ 21 GB                  [K[?25h[?2026l[?2026h[?25l[A[1Gpulling manifest [K
pulling 043a363c6ca3:  10% ▕█                 ▏ 2.2 GB/ 21 GB   10 KB/s    99h+[K[?25h[?2026l[?2026h[?25l[A[1Gpulling manifest [K
pulling 043a363c6ca3:  10% ▕█                 ▏ 2.2 GB/ 21 GB   10 KB/s    99h+[K[?25h[?2026l[?2026h[?25l[A[1Gpulling manifest [K
pulling 043a363c6ca3:  10% ▕█                 ▏ 2.2 GB/ 21 GB  167 KB/s  31h31m[K[?25h[?2026l[?2026h[?25l[A[1Gpulling manifest [K
pulling 043a363c6ca3:  11% ▕█                 ▏ 2.2 GB/ 21 GB  167 KB/s  31h27m[K[?25h[?2026l[?2026h[?25l[A[1Gpulling manifest [K
pulling 043a363c6ca3:  11% ▕█                 ▏ 2.2 GB/ 21 GB  167 KB/s  31h27m[K[?25h[?2026l[?2026h[?25l[A[1Gpulling manifest [K
pulling 043a363c6ca3:  11% ▕█                 ▏ 2.2 GB/ 21 GB  167 KB/s  31h27m[K[?25h[?2026l[?2026h[?25l[A[1Gpulling manifest [K
pulling 043a363c6ca3:  11% ▕█                 ▏ 2.2 GB/ 21 GB  5.1 MB/s    1h1m[K[?25h[?2026l[?2026h[?25l[A[1Gpulling manifest [K
pulling 043a363c6ca3:  11% ▕█                 ▏ 2.3 GB/ 21 GB  5.4 MB/s  58m21s[K[?25h[?2026l[?2026h[?25l[A[1Gpulling manifest [K
pulling 043a363c6ca3:  11% ▕█                 ▏ 2.3 GB/ 21 GB  5.4 MB/s  58m21s[K[?25h[?2026l[?2026h[?25l[A[1Gpulling manifest [K
pulling 043a363c6ca3:  11% ▕█                 ▏ 2.3 GB/ 21 GB  5.4 MB/s  58m21s[K[?25h[?2026l[?2026h[?25l[A[1Gpulling manifest [K
pulling 043a363c6ca3:  11% ▕█                 ▏ 2.3 GB/ 21 GB  5.5 MB/s  57m46s[K[?25h[?2026l[?2026h[?25l[A[1Gpulling manifest [K
pulling 043a363c6ca3:  11% ▕█                 ▏ 2.3 GB/ 21 GB  5.5 MB/s  57m46s[K[?25h[?2026l[?2026h[?25l[A[1Gpulling manifest [K
pulling 043a363c6ca3:  11% ▕█                 ▏ 2.3 GB/ 21 GB  5.5 MB/s  57m46s[K[?25h[?2026l[?2026h[?25l[A[1Gpulling manifest [K
pulling 043a363c6ca3:  11% ▕█                 ▏ 2.3 GB/ 21 GB  5.5 MB/s  57m16s[K[?25h[?2026l[?2026h[?25l[A[1Gpulling manifest [K
pulling 043a363c6ca3:  11% ▕█                 ▏ 2.3 GB/ 21 GB  5.5 MB/s  57m16s[K[?25h[?2026l[?2026h[?25l[A[1Gpulling manifest [K
pulling 043a363c6ca3:  11% ▕█                 ▏ 2.3 GB/ 21 GB  5.5 MB/s   57m5s[K[?25h[?2026l[?2026h[?25l[A[1Gpulling manifest [K
pulling 043a363c6ca3:  11% ▕█                 ▏ 2.3 GB/ 21 GB  5.6 MB/s  56m32s[K[?25h[?2026l[?2026h[?25l[A[1Gpulling manifest [K
pulling 043a363c6ca3:  11% ▕█                 ▏ 2.3 GB/ 21 GB  5.6 MB/s  56m32s[K[?25h[?2026l[?2026h[?25l[A[1Gpulling manifest [K
pulling 043a363c6ca3:  11% ▕█                 ▏ 2.3 GB/ 21 GB  5.6 MB/s  56m32s[K[?25h[?2026l[?2026h[?25l[A[1Gpulling manifest [K
pulling 043a363c6ca3:  11% ▕█                 ▏ 2.3 GB/ 21 GB  5.6 MB/s  56m25s[K[?25h[?2026l[?2026h[?25l[A[1Gpulling manifest [K
pulling 043a363c6ca3:  11% ▕█                 ▏ 2.3 GB/ 21 GB  5.6 MB/s  56m25s[K[?25h[?2026l[?2026h[?25l[A[1Gpulling manifest [K
pulling 043a363c6ca3:  11% ▕█                 ▏ 2.3 GB/ 21 GB  5.7 MB/s  55m27s[K[?25h[?2026l[?2026h[?25l[A[1Gpulling manifest [K
pulling 043a363c6ca3:  11% ▕█                 ▏ 2.3 GB/ 21 GB  713 KB/s   7h21m[K[?25h[?2026l[?2026h[?25l[A[1Gpulling manifest [K
pulling 043a363c6ca3:  11% ▕█                 ▏ 2.3 GB/ 21 GB  713 KB/s   7h21m[K[?25h[?2026l[?2026h[?25l[A[1Gpulling manifest [K
pulling 043a363c6ca3:  11% ▕█                 ▏ 2.3 GB/ 21 GB  486 KB/s  10h48m[K[?25h[?2026l[?2026h[?25l[A[1Gpulling manifest [K
pulling 043a363c6ca3:  11% ▕█                 ▏ 2.3 GB/ 21 GB  1.0 MB/s   5h11m[K[?25h[?2026l[?2026h[?25l[A[1Gpulling manifest [K
pulling 043a363c6ca3:  11% ▕█                 ▏ 2.3 GB/ 21 GB  1.0 MB/s   5h11m[K[?25h[?2026l[?2026h[?25l[A[1Gpulling manifest [K
pulling 043a363c6ca3:  11% ▕█                 ▏ 2.3 GB/ 21 GB  1.4 MB/s   3h48m[K[?25h[?2026l[?2026h[?25l[A[1Gpulling manifest [K
pulling 043a363c6ca3:  11% ▕█                 ▏ 2.3 GB/ 21 GB  1.4 MB/s   3h48m[K[?25h[?2026l[?2026h[?25l[A[1Gpulling manifest [K
pulling 043a363c6ca3:  11% ▕█                 ▏ 2.3 GB/ 21 GB  1.4 MB/s   3h48m[K[?25h[?2026l[?2026h[?25l[A[1Gpulling manifest [K
pulling 043a363c6ca3:  11% ▕█                 ▏ 2.3 GB/ 21 GB  1.6 MB/s   3h10m[K[?25h[?2026l[?2026h[?25l[A[1Gpulling manifest [K
pulling 043a363c6ca3:  11% ▕█                 ▏ 2.3 GB/ 21 GB  1.6 MB/s   3h10m[K[?25h[?2026l[?2026h[?25l[A[1Gpulling manifest [K
pulling 043a363c6ca3:  11% ▕█                 ▏ 2.3 GB/ 21 GB  1.6 MB/s   3h10m[K[?25h[?2026l[?2026h[?25l[A[1Gpulling manifest [K
pulling 043a363c6ca3:  11% ▕█                 ▏ 2.3 GB/ 21 GB  1.6 MB/s   3h10m[K[?25h[?2026l[?2026h[?25l[A[1Gpulling manifest [K
pulling 043a363c6ca3:  11% ▕█                 ▏ 2.3 GB/ 21 GB  1.6 MB/s   3h10m[K[?25h[?2026l[?2026h[?25l[A[1Gpulling manifest [K
pulling 043a363c6ca3:  11% ▕█                 ▏ 2.3 GB/ 21 GB  1.7 MB/s   3h10m[K[?25h[?2026l[?2026h[?25l[A[1Gpulling manifest [K
pulling 043a363c6ca3:  11% ▕█                 ▏ 2.3 GB/ 21 GB  1.7 MB/s   3h10m[K[?25h[?2026l[?2026h[?25l[A[1Gpulling manifest [K
pulling 043a363c6ca3:  11% ▕█                 ▏ 2.3 GB/ 21 GB  1.6 MB/s   3h13m[K[?25h[?2026l[?2026h[?25l[A[1Gpulling manifest [K
pulling 043a363c6ca3:  11% ▕█                 ▏ 2.3 GB/ 21 GB  1.6 MB/s   3h13m[K[?25h[?2026l[?2026h[?25l[A[1Gpulling manifest [K
pulling 043a363c6ca3:  11% ▕█                 ▏ 2.3 GB/ 21 GB  1.6 MB/s   3h13m[K[?25h[?2026l[?2026h[?25l[A[1Gpulling manifest [K
pulling 043a363c6ca3:  11% ▕█                 ▏ 2.3 GB/ 21 GB  1.4 MB/s   3h48m[K[?25h[?2026l[?2026h[?25l[A[1Gpulling manifest [K
pulling 043a363c6ca3:  11% ▕█                 ▏ 2.3 GB/ 21 GB  1.4 MB/s   3h48m[K[?25h[?2026l[?2026h[?25l[A[1Gpulling manifest [K
pulling 043a363c6ca3:  11% ▕█                 ▏ 2.3 GB/ 21 GB  1.4 MB/s   3h48m[K[?25h[?2026l[?2026h[?25l[A[1Gpulling manifest [K
pulling 043a363c6ca3:  11% ▕█                 ▏ 2.3 GB/ 21 GB  1.4 MB/s   3h50m[K[?25h[?2026l[?2026h[?25l[A[1Gpulling manifest [K
pulling 043a363c6ca3:  11% ▕█                 ▏ 2.3 GB/ 21 GB  1.4 MB/s   3h50m[K[?25h[?2026l[?2026h[?25l[A[1Gpulling manifest [K
pulling 043a363c6ca3:  11% ▕█                 ▏ 2.3 GB/ 21 GB  1.3 MB/s   3h55m[K[?25h[?2026l[?2026h[?25l[A[1Gpulling manifest [K
pulling 043a363c6ca3:  11% ▕█                 ▏ 2.3 GB/ 21 GB  1.3 MB/s   3h55m[K[?25h[?2026l[?2026h[?25l[A[1Gpulling manifest [K
pulling 043a363c6ca3:  11% ▕█                 ▏ 2.3 GB/ 21 GB  1.3 MB/s   3h55m[K[?25h[?2026l[?2026h[?25l[A[1Gpulling manifest [K
pulling 043a363c6ca3:  11% ▕█                 ▏ 2.3 GB/ 21 GB  1.1 MB/s   4h45m[K[?25h[?2026l[?2026h[?25l[A[1Gpulling manifest [K
pulling 043a363c6ca3:  11% ▕█                 ▏ 2.3 GB/ 21 GB  1.3 MB/s    4h0m[K[?25h[?2026l[?2026h[?25l[A[1Gpulling manifest [K
pulling 043a363c6ca3:  11% ▕█                 ▏ 2.3 GB/ 21 GB  1.3 MB/s    4h0m[K[?25h[?2026l[?2026h[?25l[A[1Gpulling manifest [K
pulling 043a363c6ca3:  11% ▕█                 ▏ 2.3 GB/ 21 GB  1.8 MB/s   2h52m[K[?25h[?2026l[?2026h[?25l[A[1Gpulling manifest [K
pulling 043a363c6ca3:  11% ▕█                 ▏ 2.3 GB/ 21 GB  2.1 MB/s   2h33m[K[?25h[?2026l[?2026h[?25l[A[1Gpulling manifest [K
pulling 043a363c6ca3:  11% ▕█                 ▏ 2.3 GB/ 21 GB  2.4 MB/s   2h11m[K[?25h[?2026l[?2026h[?25l[A[1Gpulling manifest [K
pulling 043a363c6ca3:  11% ▕█                 ▏ 2.3 GB/ 21 GB  2.6 MB/s   1h59m[K[?25h[?2026l[?2026h[?25l[A[1Gpulling manifest [K
pulling 043a363c6ca3:  11% ▕█                 ▏ 2.3 GB/ 21 GB  2.6 MB/s   1h59m[K[?25h[?2026l[?2026h[?25l[A[1Gpulling manifest [K
pulling 043a363c6ca3:  11% ▕█                 ▏ 2.3 GB/ 21 GB  2.8 MB/s   1h51m[K[?25h[?2026l[?2026h[?25l[A[1Gpulling manifest [K
pulling 043a363c6ca3:  11% ▕█                 ▏ 2.3 GB/ 21 GB  2.8 MB/s   1h51m[K[?25h[?2026l[?2026h[?25l[A[1Gpulling manifest [K
pulling 043a363c6ca3:  11% ▕█                 ▏ 2.3 GB/ 21 GB  3.1 MB/s   1h42m[K[?25h[?2026l[?2026h[?25l[A[1Gpulling manifest [K
pulling 043a363c6ca3:  11% ▕█                 ▏ 2.3 GB/ 21 GB  3.1 MB/s   1h42m[K[?25h[?2026l[?2026h[?25l[A[1Gpulling manifest [K
pulling 043a363c6ca3:  11% ▕█                 ▏ 2.3 GB/ 21 GB  3.1 MB/s   1h42m[K[?25h[?2026l[?2026h[?25l[A[1Gpulling manifest [K
pulling 043a363c6ca3:  11% ▕█                 ▏ 2.3 GB/ 21 GB  3.3 MB/s   1h35m[K[?25h[?2026l[?2026h[?25l[A[1Gpulling manifest [K
pulling 043a363c6ca3:  11% ▕█                 ▏ 2.3 GB/ 21 GB  3.3 MB/s   1h35m[K[?25h[?2026l[?2026h[?25l[A[1Gpulling manifest [K
pulling 043a363c6ca3:  11% ▕█                 ▏ 2.3 GB/ 21 GB  3.3 MB/s   1h35m[K[?25h[?2026l[?2026h[?25l[A[1Gpulling manifest [K
pulling 043a363c6ca3:  11% ▕█                 ▏ 2.3 GB/ 21 GB  3.2 MB/s   1h38m[K[?25h[?2026l[?2026h[?25l[A[1Gpulling manifest [K
pulling 043a363c6ca3:  11% ▕█                 ▏ 2.3 GB/ 21 GB  5.7 MB/s  54m36s[K[?25h[?2026l[?2026h[?25l[A[1Gpulling manifest [K
pulling 043a363c6ca3:  11% ▕█                 ▏ 2.3 GB/ 21 GB  5.1 MB/s    1h1m[K[?25h[?2026l[?2026h[?25l[A[1Gpulling manifest [K
pulling 043a363c6ca3:  11% ▕█                 ▏ 2.3 GB/ 21 GB  5.1 MB/s    1h1m[K[?25h[?2026l[?2026h[?25l[A[1Gpulling manifest [K
pulling 043a363c6ca3:  11% ▕██                ▏ 2.4 GB/ 21 GB  5.1 MB/s    1h1m[K[?25h[?2026l[?2026h[?25l[A[1Gpulling manifest [K
pulling 043a363c6ca3:  11% ▕██                ▏ 2.4 GB/ 21 GB   10 MB/s  31m12s[K[?25h[?2026l[?2026h[?25l[A[1Gpulling manifest [K
pulling 043a363c6ca3:  11% ▕██                ▏ 2.4 GB/ 21 GB   10 MB/s  31m12s[K[?25h[?2026l[?2026h[?25l[A[1Gpulling manifest [K
pulling 043a363c6ca3:  11% ▕██                ▏ 2.4 GB/ 21 GB   10 MB/s  29m45s[K[?25h[?2026l[?2026h[?25l[A[1Gpulling manifest [K
pulling 043a363c6ca3:  11% ▕██                ▏ 2.4 GB/ 21 GB   10 MB/s  28m52s[K[?25h[?2026l[?2026h[?25l[A[1Gpulling manifest [K
pulling 043a363c6ca3:  11% ▕██                ▏ 2.4 GB/ 21 GB   10 MB/s  28m51s[K[?25h[?2026l[?2026h[?25l[A[1Gpulling manifest [K
pulling 043a363c6ca3:  11% ▕██                ▏ 2.4 GB/ 21 GB   10 MB/s  29m18s[K[?25h[?2026l[?2026h[?25l[A[1Gpulling manifest [K
pulling 043a363c6ca3:  11% ▕██                ▏ 2.4 GB/ 21 GB   10 MB/s  28m34s[K[?25h[?2026l[?2026h[?25l[A[1Gpulling manifest [K
pulling 043a363c6ca3:  11% ▕██                ▏ 2.4 GB/ 21 GB   10 MB/s  28m39s[K[?25h[?2026l[?2026h[?25l[A[1Gpulling manifest [K
pulling 043a363c6ca3:  11% ▕██                ▏ 2.4 GB/ 21 GB   10 MB/s  28m39s[K[?25h[?2026l[?2026h[?25l[A[1Gpulling manifest [K
pulling 043a363c6ca3:  11% ▕██                ▏ 2.4 GB/ 21 GB   10 MB/s  28m39s[K[?25h[?2026l[?2026h[?25l[A[1Gpulling manifest [K
pulling 043a363c6ca3:  11% ▕██                ▏ 2.4 GB/ 21 GB   10 MB/s   29m4s[K[?25h[?2026l[?2026h[?25l[A[1Gpulling manifest [K
pulling 043a363c6ca3:  11% ▕██                ▏ 2.4 GB/ 21 GB   10 MB/s   29m4s[K[?25h[?2026l[?2026h[?25l[A[1Gpulling manifest [K
pulling 043a363c6ca3:  11% ▕██                ▏ 2.4 GB/ 21 GB  7.9 MB/s  39m35s[K[?25h[?2026l[?2026h[?25l[A[1Gpulling manifest [K
pulling 043a363c6ca3:  11% ▕██                ▏ 2.4 GB/ 21 GB  7.9 MB/s  39m35s[K[?25h[?2026l[?2026h[?25l[A[1Gpulling manifest [K
pulling 043a363c6ca3:  11% ▕██                ▏ 2.4 GB/ 21 GB  7.9 MB/s  39m35s[K[?25h[?2026l[?2026h[?25l[A[1Gpulling manifest [K
pulling 043a363c6ca3:  11% ▕██                ▏ 2.4 GB/ 21 GB  8.0 MB/s  39m10s[K[?25h[?2026l[?2026h[?25l[A[1Gpulling manifest [K
pulling 043a363c6ca3:  11% ▕██                ▏ 2.4 GB/ 21 GB  8.0 MB/s  39m10s[K[?25h[?2026l[?2026h[?25l[A[1Gpulling manifest [K
pulling 043a363c6ca3:  11% ▕██                ▏ 2.4 GB/ 21 GB  3.4 MB/s   1h31m[K[?25h[?2026l[?2026h[?25l[A[1Gpulling manifest [K
pulling 043a363c6ca3:  11% ▕██                ▏ 2.4 GB/ 21 GB  3.4 MB/s   1h31m[K[?25h[?2026l[?2026h[?25l[A[1Gpulling manifest [K
pulling 043a363c6ca3:  11% ▕██                ▏ 2.4 GB/ 21 GB  3.4 MB/s   1h31m[K[?25h[?2026l[?2026h[?25l[A[1Gpulling manifest [K
pulling 043a363c6ca3:  11% ▕██                ▏ 2.4 GB/ 21 GB  2.6 MB/s    2h1m[K[?25h[?2026l[?2026h[?25l[A[1Gpulling manifest [K
pulling 043a363c6ca3:  11% ▕██                ▏ 2.4 GB/ 21 GB  2.6 MB/s    2h1m[K[?25h[?2026l[?2026h[?25l[A[1Gpulling manifest [K
pulling 043a363c6ca3:  11% ▕██                ▏ 2.4 GB/ 21 GB  2.6 MB/s    2h1m[K[?25h[?2026l[?2026h[?25l[A[1Gpulling manifest [K
pulling 043a363c6ca3:  11% ▕██                ▏ 2.4 GB/ 21 GB  2.0 MB/s   2h34m[K[?25h[?2026l[?2026h[?25l[A[1Gpulling manifest [K
pulling 043a363c6ca3:  11% ▕██                ▏ 2.4 GB/ 21 GB  2.0 MB/s   2h34m[K[?25h[?2026l[?2026h[?25l[A[1Gpulling manifest [K
pulling 043a363c6ca3:  11% ▕██                ▏ 2.4 GB/ 21 GB  798 KB/s   6h31m[K[?25h[?2026l[?2026h[?25l[A[1Gpulling manifest [K
pulling 043a363c6ca3:  11% ▕██                ▏ 2.4 GB/ 21 GB  798 KB/s   6h31m[K[?25h[?2026l[?2026h[?25l[A[1Gpulling manifest [K
pulling 043a363c6ca3:  11% ▕██                ▏ 2.4 GB/ 21 GB  798 KB/s   6h31m[K[?25h[?2026l[?2026h[?25l[A[1Gpulling manifest [K
pulling 043a363c6ca3:  11% ▕██                ▏ 2.4 GB/ 21 GB  798 KB/s   6h31m[K[?25h[?2026l[?2026h[?25l[A[1Gpulling manifest [K
pulling 043a363c6ca3:  11% ▕██                ▏ 2.4 GB/ 21 GB  798 KB/s   6h31m[K[?25h[?2026l[?2026h[?25l[A[1Gpulling manifest [K
pulling 043a363c6ca3:  11% ▕██                ▏ 2.4 GB/ 21 GB  798 KB/s   6h31m[K[?25h[?2026l[?2026h[?25l[A[1Gpulling manifest [K
pulling 043a363c6ca3:  11% ▕██                ▏ 2.4 GB/ 21 GB  254 KB/s  20h26m[K[?25h[?2026l[?2026h[?25l[A[1Gpulling manifest [K
pulling 043a363c6ca3:  11% ▕██                ▏ 2.4 GB/ 21 GB  254 KB/s  20h26m[K[?25h[?2026l[?2026h[?25l[A[1Gpulling manifest [K
pulling 043a363c6ca3:  11% ▕██                ▏ 2.4 GB/ 21 GB  254 KB/s  20h26m[K[?25h[?2026l[?2026h[?25l[A[1Gpulling manifest [K
pulling 043a363c6ca3:  11% ▕██                ▏ 2.4 GB/ 21 GB   56 KB/s  92h18m[K[?25h[?2026l[?2026h[?25l[A[1Gpulling manifest [K
pulling 043a363c6ca3:  11% ▕██                ▏ 2.4 GB/ 21 GB   56 KB/s  92h18m[K[?25h[?2026l[?2026h[?25l[A[1Gpulling manifest [K
pulling 043a363c6ca3:  11% ▕██                ▏ 2.4 GB/ 21 GB   56 KB/s  92h18m[K[?25h[?2026l[?2026h[?25l[A[1Gpulling manifest [K
pulling 043a363c6ca3:  11% ▕██                ▏ 2.4 GB/ 21 GB   56 KB/s  92h18m[K[?25h[?2026l[?2026h[?25l[A[1Gpulling manifest [K
pulling 043a363c6ca3:  11% ▕██                ▏ 2.4 GB/ 21 GB  5.5 KB/s    99h+[K[?25h[?2026l[?2026h[?25l[A[1Gpulling manifest [K
pulling 043a363c6ca3:  11% ▕██                ▏ 2.4 GB/ 21 GB  5.5 KB/s    99h+[K[?25h[?2026l[?2026h[?25l[A[1Gpulling manifest [K
pulling 043a363c6ca3:  11% ▕██                ▏ 2.4 GB/ 21 GB  5.5 KB/s    99h+[K[?25h[?2026l[?2026h[?25l[A[1Gpulling manifest [K
pulling 043a363c6ca3:  11% ▕██                ▏ 2.4 GB/ 21 GB  5.5 KB/s    99h+[K[?25h[?2026l[?2026h[?25l[A[1Gpulling manifest [K
pulling 043a363c6ca3:  11% ▕██                ▏ 2.4 GB/ 21 GB  5.5 KB/s    99h+[K[?25h[?2026l[?2026h[?25l[A[1Gpulling manifest [K
pulling 043a363c6ca3:  11% ▕██                ▏ 2.4 GB/ 21 GB  5.5 KB/s    99h+[K[?25h[?2026l[?2026h[?25l[A[1Gpulling manifest [K
pulling 043a363c6ca3:  11% ▕██                ▏ 2.4 GB/ 21 GB                  [K[?25h[?2026l[?2026h[?25l[A[1Gpulling manifest [K
pulling 043a363c6ca3:  11% ▕██                ▏ 2.4 GB/ 21 GB                  [K[?25h[?2026l[?2026h[?25l[A[1Gpulling manifest [K
pulling 043a363c6ca3:  11% ▕██                ▏ 2.4 GB/ 21 GB                  [K[?25h[?2026l[?2026h[?25l[A[1Gpulling manifest [K
pulling 043a363c6ca3:  11% ▕██                ▏ 2.4 GB/ 21 GB                  [K[?25h[?2026l[?2026h[?25l[A[1Gpulling manifest [K
pulling 043a363c6ca3:  11% ▕██                ▏ 2.4 GB/ 21 GB                  [K[?25h[?2026l[?2026h[?25l[A[1Gpulling manifest [K
pulling 043a363c6ca3:  11% ▕██                ▏ 2.4 GB/ 21 GB                  [K[?25h[?2026l[?2026h[?25l[A[1Gpulling manifest [K
pulling 043a363c6ca3:  11% ▕██                ▏ 2.4 GB/ 21 GB                  [K[?25h[?2026l[?2026h[?25l[A[1Gpulling manifest [K
pulling 043a363c6ca3:  11% ▕██                ▏ 2.4 GB/ 21 GB                  [K[?25h[?2026l[?2026h[?25l[A[1Gpulling manifest [K
pulling 043a363c6ca3:  11% ▕██                ▏ 2.4 GB/ 21 GB                  [K[?25h[?2026l[?2026h[?25l[A[1Gpulling manifest [K
pulling 043a363c6ca3:  11% ▕██                ▏ 2.4 GB/ 21 GB                  [K[?25h[?2026l[?2026h[?25l[A[1Gpulling manifest [K
pulling 043a363c6ca3:  11% ▕██                ▏ 2.4 GB/ 21 GB                  [K[?25h[?2026l[?2026h[?25l[A[1Gpulling manifest [K
pulling 043a363c6ca3:  11% ▕██                ▏ 2.4 GB/ 21 GB                  [K[?25h[?2026l[?2026h[?25l[A[1Gpulling manifest [K
pulling 043a363c6ca3:  11% ▕██                ▏ 2.4 GB/ 21 GB                  [K[?25h[?2026l[?2026h[?25l[A[1Gpulling manifest [K
pulling 043a363c6ca3:  11% ▕██                ▏ 2.4 GB/ 21 GB                  [K[?25h[?2026l[?2026h[?25l[A[1Gpulling manifest [K
pulling 043a363c6ca3:  11% ▕██                ▏ 2.4 GB/ 21 GB                  [K[?25h[?2026l[?2026h[?25l[A[1Gpulling manifest [K
pulling 043a363c6ca3:  11% ▕██                ▏ 2.4 GB/ 21 GB                  [K[?25h[?2026l[?2026h[?25l[A[1Gpulling manifest [K
pulling 043a363c6ca3:  11% ▕██                ▏ 2.4 GB/ 21 GB                  [K[?25h[?2026l[?2026h[?25l[A[1Gpulling manifest [K
pulling 043a363c6ca3:  11% ▕██                ▏ 2.4 GB/ 21 GB                  [K[?25h[?2026l[?2026h[?25l[A[1Gpulling manifest [K
pulling 043a363c6ca3:  11% ▕██                ▏ 2.4 GB/ 21 GB                  [K[?25h[?2026l[?2026h[?25l[A[1Gpulling manifest [K
pulling 043a363c6ca3:  11% ▕██                ▏ 2.4 GB/ 21 GB                  [K[?25h[?2026l[?2026h[?25l[A[1Gpulling manifest [K
pulling 043a363c6ca3:  11% ▕██                ▏ 2.4 GB/ 21 GB                  [K[?25h[?2026l[?2026h[?25l[A[1Gpulling manifest [K
pulling 043a363c6ca3:  11% ▕██                ▏ 2.4 GB/ 21 GB                  [K[?25h[?2026l[?2026h[?25l[A[1Gpulling manifest [K
pulling 043a363c6ca3:  11% ▕██                ▏ 2.4 GB/ 21 GB                  [K[?25h[?2026l[?2026h[?25l[A[1Gpulling manifest [K
pulling 043a363c6ca3:  11% ▕██                ▏ 2.4 GB/ 21 GB                  [K[?25h[?2026l[?2026h[?25l[A[1Gpulling manifest [K
pulling 043a363c6ca3:  11% ▕██                ▏ 2.4 GB/ 21 GB                  [K[?25h[?2026l[?2026h[?25l[A[1Gpulling manifest [K
pulling 043a363c6ca3:  11% ▕██                ▏ 2.4 GB/ 21 GB                  [K[?25h[?2026l[?2026h[?25l[A[1Gpulling manifest [K
pulling 043a363c6ca3:  11% ▕██                ▏ 2.4 GB/ 21 GB                  [K[?25h[?2026l[?2026h[?25l[A[1Gpulling manifest [K
pulling 043a363c6ca3:  11% ▕██                ▏ 2.4 GB/ 21 GB                  [K[?25h[?2026l[?2026h[?25l[A[1Gpulling manifest [K
pulling 043a363c6ca3:  11% ▕██                ▏ 2.4 GB/ 21 GB                  [K[?25h[?2026l[?2026h[?25l[A[1Gpulling manifest [K
pulling 043a363c6ca3:  11% ▕██                ▏ 2.4 GB/ 21 GB                  [K[?25h[?2026l[?2026h[?25l[A[1Gpulling manifest [K
pulling 043a363c6ca3:  11% ▕██                ▏ 2.4 GB/ 21 GB                  [K[?25h[?2026l[?2026h[?25l[A[1Gpulling manifest [K
pulling 043a363c6ca3:  11% ▕██                ▏ 2.4 GB/ 21 GB                  [K[?25h[?2026l[?2026h[?25l[A[1Gpulling manifest [K
pulling 043a363c6ca3:  11% ▕██                ▏ 2.4 GB/ 21 GB                  [K[?25h[?2026l[?2026h[?25l[A[1Gpulling manifest [K
pulling 043a363c6ca3:  11% ▕██                ▏ 2.4 GB/ 21 GB                  [K[?25h[?2026l[?2026h[?25l[A[1Gpulling manifest [K
pulling 043a363c6ca3:  11% ▕██                ▏ 2.4 GB/ 21 GB                  [K[?25h[?2026l[?2026h[?25l[A[1Gpulling manifest [K
pulling 043a363c6ca3:  11% ▕██                ▏ 2.4 GB/ 21 GB                  [K[?25h[?2026l[?2026h[?25l[A[1Gpulling manifest [K
pulling 043a363c6ca3:  11% ▕██                ▏ 2.4 GB/ 21 GB                  [K[?25h[?2026l[?2026h[?25l[A[1Gpulling manifest [K
pulling 043a363c6ca3:  11% ▕██                ▏ 2.4 GB/ 21 GB                  [K[?25h[?2026l[?2026h[?25l[A[1Gpulling manifest [K
pulling 043a363c6ca3:  11% ▕██                ▏ 2.4 GB/ 21 GB                  [K[?25h[?2026l[?2026h[?25l[A[1Gpulling manifest [K
pulling 043a363c6ca3:  11% ▕██                ▏ 2.4 GB/ 21 GB                  [K[?25h[?2026l[?2026h[?25l[A[1Gpulling manifest [K
pulling 043a363c6ca3:  11% ▕██                ▏ 2.4 GB/ 21 GB                  [K[?25h[?2026l[?2026h[?25l[A[1Gpulling manifest [K
pulling 043a363c6ca3:  11% ▕██                ▏ 2.4 GB/ 21 GB   49 KB/s    99h+[K[?25h[?2026l[?2026h[?25l[A[1Gpulling manifest [K
pulling 043a363c6ca3:  11% ▕██                ▏ 2.4 GB/ 21 GB   49 KB/s    99h+[K[?25h[?2026l[?2026h[?25l[A[1Gpulling manifest [K
pulling 043a363c6ca3:  11% ▕██                ▏ 2.4 GB/ 21 GB  342 KB/s  15h11m[K[?25h[?2026l[?2026h[?25l[A[1Gpulling manifest [K
pulling 043a363c6ca3:  11% ▕██                ▏ 2.4 GB/ 21 GB  1.5 MB/s   3h30m[K[?25h[?2026l[?2026h[?25l[A[1Gpulling manifest [K
pulling 043a363c6ca3:  11% ▕██                ▏ 2.4 GB/ 21 GB  1.5 MB/s   3h30m[K[?25h[?2026l[?2026h[?25l[A[1Gpulling manifest [K
pulling 043a363c6ca3:  11% ▕██                ▏ 2.4 GB/ 21 GB  2.2 MB/s   2h20m[K[?25h[?2026l[?2026h[?25l[A[1Gpulling manifest [K
pulling 043a363c6ca3:  11% ▕██                ▏ 2.4 GB/ 21 GB  2.2 MB/s   2h20m[K[?25h[?2026l[?2026h[?25l[A[1Gpulling manifest [K
pulling 043a363c6ca3:  11% ▕██                ▏ 2.4 GB/ 21 GB  2.2 MB/s   2h20m[K[?25h[?2026l[?2026h[?25l[A[1Gpulling manifest [K
pulling 043a363c6ca3:  11% ▕██                ▏ 2.4 GB/ 21 GB  2.2 MB/s   2h20m[K[?25h[?2026l[?2026h[?25l[A[1Gpulling manifest [K
pulling 043a363c6ca3:  11% ▕██                ▏ 2.4 GB/ 21 GB  2.2 MB/s   2h20m[K[?25h[?2026l[?2026h[?25l[A[1Gpulling manifest [K
pulling 043a363c6ca3:  11% ▕██                ▏ 2.4 GB/ 21 GB  2.2 MB/s   2h20m[K[?25h[?2026l[?2026h[?25l[A[1Gpulling manifest [K
pulling 043a363c6ca3:  11% ▕██                ▏ 2.4 GB/ 21 GB  2.2 MB/s   2h20m[K[?25h[?2026l[?2026h[?25l[A[1Gpulling manifest [K
pulling 043a363c6ca3:  11% ▕██                ▏ 2.4 GB/ 21 GB  2.2 MB/s   2h20m[K[?25h[?2026l[?2026h[?25l[A[1Gpulling manifest [K
pulling 043a363c6ca3:  11% ▕██                ▏ 2.4 GB/ 21 GB  2.3 MB/s   2h16m[K[?25h[?2026l[?2026h[?25l[A[1Gpulling manifest [K
pulling 043a363c6ca3:  11% ▕██                ▏ 2.4 GB/ 21 GB  2.3 MB/s   2h16m[K[?25h[?2026l[?2026h[?25l[A[1Gpulling manifest [K
pulling 043a363c6ca3:  11% ▕██                ▏ 2.4 GB/ 21 GB  2.3 MB/s   2h16m[K[?25h[?2026l[?2026h[?25l[A[1Gpulling manifest [K
pulling 043a363c6ca3:  11% ▕██                ▏ 2.4 GB/ 21 GB  2.6 MB/s   1h57m[K[?25h[?2026l[?2026h[?25l[A[1Gpulling manifest [K
pulling 043a363c6ca3:  11% ▕██                ▏ 2.4 GB/ 21 GB  2.6 MB/s   1h57m[K[?25h[?2026l[?2026h[?25l[A[1Gpulling manifest [K
pulling 043a363c6ca3:  12% ▕██                ▏ 2.4 GB/ 21 GB  3.1 MB/s   1h39m[K[?25h[?2026l[?2026h[?25l[A[1Gpulling manifest [K
pulling 043a363c6ca3:  12% ▕██                ▏ 2.4 GB/ 21 GB  3.5 MB/s   1h29m[K[?25h[?2026l[?2026h[?25l[A[1Gpulling manifest [K
pulling 043a363c6ca3:  12% ▕██                ▏ 2.4 GB/ 21 GB  2.6 MB/s    2h0m[K[?25h[?2026l[?2026h[?25l[A[1Gpulling manifest [K
pulling 043a363c6ca3:  12% ▕██                ▏ 2.4 GB/ 21 GB  2.2 MB/s   2h21m[K[?25h[?2026l[?2026h[?25l[A[1Gpulling manifest [K
pulling 043a363c6ca3:  12% ▕██                ▏ 2.5 GB/ 21 GB  2.6 MB/s    2h2m[K[?25h[?2026l[?2026h[?25l[A[1Gpulling manifest [K
pulling 043a363c6ca3:  12% ▕██                ▏ 2.5 GB/ 21 GB  2.6 MB/s   1h58m[K[?25h[?2026l[?2026h[?25l[A[1Gpulling manifest [K
pulling 043a363c6ca3:  12% ▕██                ▏ 2.5 GB/ 21 GB  2.6 MB/s   1h58m[K[?25h[?2026l[?2026h[?25l[A[1Gpulling manifest [K
pulling 043a363c6ca3:  12% ▕██                ▏ 2.5 GB/ 21 GB  2.6 MB/s   1h58m[K[?25h[?2026l[?2026h[?25l[A[1Gpulling manifest [K
pulling 043a363c6ca3:  12% ▕██                ▏ 2.5 GB/ 21 GB  7.2 MB/s   43m7s[K[?25h[?2026l[?2026h[?25l[A[1Gpulling manifest [K
pulling 043a363c6ca3:  12% ▕██                ▏ 2.5 GB/ 21 GB  7.3 MB/s  42m30s[K[?25h[?2026l[?2026h[?25l[A[1Gpulling manifest [K
pulling 043a363c6ca3:  12% ▕██                ▏ 2.5 GB/ 21 GB  7.0 MB/s  44m32s[K[?25h[?2026l[?2026h[?25l[A[1Gpulling manifest [K
pulling 043a363c6ca3:  12% ▕██                ▏ 2.5 GB/ 21 GB  6.4 MB/s  48m14s[K[?25h[?2026l[?2026h[?25l[A[1Gpulling manifest [K
pulling 043a363c6ca3:  12% ▕██                ▏ 2.5 GB/ 21 GB  6.4 MB/s  48m14s[K[?25h[?2026l[?2026h[?25l[A[1Gpulling manifest [K
pulling 043a363c6ca3:  12% ▕██                ▏ 2.5 GB/ 21 GB  5.9 MB/s  52m53s[K[?25h[?2026l[?2026h[?25l[A[1Gpulling manifest [K
pulling 043a363c6ca3:  12% ▕██                ▏ 2.5 GB/ 21 GB  5.9 MB/s  52m53s[K[?25h[?2026l[?2026h[?25l[A[1Gpulling manifest [K
pulling 043a363c6ca3:  12% ▕██                ▏ 2.5 GB/ 21 GB  5.6 MB/s   55m5s[K[?25h[?2026l[?2026h[?25l[A[1Gpulling manifest [K
pulling 043a363c6ca3:  12% ▕██                ▏ 2.5 GB/ 21 GB  5.6 MB/s   55m5s[K[?25h[?2026l[?2026h[?25l[A[1Gpulling manifest [K
pulling 043a363c6ca3:  12% ▕██                ▏ 2.5 GB/ 21 GB  5.5 MB/s  56m10s[K[?25h[?2026l[?2026h[?25l[A[1Gpulling manifest [K
pulling 043a363c6ca3:  12% ▕██                ▏ 2.5 GB/ 21 GB  5.5 MB/s   56m9s[K[?25h[?2026l[?2026h[?25l[A[1Gpulling manifest [K
pulling 043a363c6ca3:  12% ▕██                ▏ 2.5 GB/ 21 GB  5.4 MB/s   58m0s[K[?25h[?2026l[?2026h[?25l[A[1Gpulling manifest [K
pulling 043a363c6ca3:  12% ▕██                ▏ 2.5 GB/ 21 GB  5.5 MB/s  56m52s[K[?25h[?2026l[?2026h[?25l[A[1Gpulling manifest [K
pulling 043a363c6ca3:  12% ▕██                ▏ 2.5 GB/ 21 GB  745 KB/s   6h57m[K[?25h[?2026l[?2026h[?25l[A[1Gpulling manifest [K
pulling 043a363c6ca3:  12% ▕██                ▏ 2.5 GB/ 21 GB  1.6 MB/s   3h18m[K[?25h[?2026l[?2026h[?25l[A[1Gpulling manifest [K
pulling 043a363c6ca3:  12% ▕██                ▏ 2.5 GB/ 21 GB  2.1 MB/s   2h27m[K[?25h[?2026l[?2026h[?25l[A[1Gpulling manifest [K
pulling 043a363c6ca3:  12% ▕██                ▏ 2.5 GB/ 21 GB  2.7 MB/s   1h55m[K[?25h[?2026l[?2026h[?25l[A[1Gpulling manifest [K
pulling 043a363c6ca3:  12% ▕██                ▏ 2.5 GB/ 21 GB  2.9 MB/s   1h45m[K[?25h[?2026l[?2026h[?25l[A[1Gpulling manifest [K
pulling 043a363c6ca3:  12% ▕██                ▏ 2.5 GB/ 21 GB  3.4 MB/s   1h31m[K[?25h[?2026l[?2026h[?25l[A[1Gpulling manifest [K
pulling 043a363c6ca3:  12% ▕██                ▏ 2.5 GB/ 21 GB  3.2 MB/s   1h37m[K[?25h[?2026l[?2026h[?25l[A[1Gpulling manifest [K
pulling 043a363c6ca3:  12% ▕██                ▏ 2.5 GB/ 21 GB  3.2 MB/s   1h37m[K[?25h[?2026l[?2026h[?25l[A[1Gpulling manifest [K
pulling 043a363c6ca3:  12% ▕██                ▏ 2.5 GB/ 21 GB  3.0 MB/s   1h42m[K[?25h[?2026l[?2026h[?25l[A[1Gpulling manifest [K
pulling 043a363c6ca3:  12% ▕██                ▏ 2.5 GB/ 21 GB  2.9 MB/s   1h48m[K[?25h[?2026l[?2026h[?25l[A[1Gpulling manifest [K
pulling 043a363c6ca3:  12% ▕██                ▏ 2.5 GB/ 21 GB  2.9 MB/s   1h48m[K[?25h[?2026l[?2026h[?25l[A[1Gpulling manifest [K
pulling 043a363c6ca3:  12% ▕██                ▏ 2.5 GB/ 21 GB  2.8 MB/s   1h49m[K[?25h[?2026l[?2026h[?25l[A[1Gpulling manifest [K
pulling 043a363c6ca3:  12% ▕██                ▏ 2.5 GB/ 21 GB  2.8 MB/s   1h49m[K[?25h[?2026l[?2026h[?25l[A[1Gpulling manifest [K
pulling 043a363c6ca3:  12% ▕██                ▏ 2.5 GB/ 21 GB  1.9 MB/s   2h40m[K[?25h[?2026l[?2026h[?25l[A[1Gpulling manifest [K
pulling 043a363c6ca3:  12% ▕██                ▏ 2.5 GB/ 21 GB  1.6 MB/s   3h17m[K[?25h[?2026l[?2026h[?25l[A[1Gpulling manifest [K
pulling 043a363c6ca3:  12% ▕██                ▏ 2.5 GB/ 21 GB  1.6 MB/s   3h17m[K[?25h[?2026l[?2026h[?25l[A[1Gpulling manifest [K
pulling 043a363c6ca3:  12% ▕██                ▏ 2.5 GB/ 21 GB  1.6 MB/s   3h17m[K[?25h[?2026l[?2026h[?25l[A[1Gpulling manifest [K
pulling 043a363c6ca3:  12% ▕██                ▏ 2.5 GB/ 21 GB  1.1 MB/s   4h54m[K[?25h[?2026l[?2026h[?25l[A[1Gpulling manifest [K
pulling 043a363c6ca3:  12% ▕██                ▏ 2.5 GB/ 21 GB  1.1 MB/s   4h54m[K[?25h[?2026l[?2026h[?25l[A[1Gpulling manifest [K
pulling 043a363c6ca3:  12% ▕██                ▏ 2.5 GB/ 21 GB  452 KB/s  11h26m[K[?25h[?2026l[?2026h[?25l[A[1Gpulling manifest [K
pulling 043a363c6ca3:  12% ▕██                ▏ 2.5 GB/ 21 GB  452 KB/s  11h26m[K[?25h[?2026l[?2026h[?25l[A[1Gpulling manifest [K
pulling 043a363c6ca3:  12% ▕██                ▏ 2.5 GB/ 21 GB  6.6 KB/s    99h+[K[?25h[?2026l[?2026h[?25l[A[1Gpulling manifest [K
pulling 043a363c6ca3:  12% ▕██                ▏ 2.5 GB/ 21 GB  6.6 KB/s    99h+[K[?25h[?2026l[?2026h[?25l[A[1Gpulling manifest [K
pulling 043a363c6ca3:  12% ▕██                ▏ 2.5 GB/ 21 GB  6.6 KB/s    99h+[K[?25h[?2026l[?2026h[?25l[A[1Gpulling manifest [K
pulling 043a363c6ca3:  12% ▕██                ▏ 2.5 GB/ 21 GB  1.6 KB/s    99h+[K[?25h[?2026l[?2026h[?25l[A[1Gpulling manifest [K
pulling 043a363c6ca3:  12% ▕██                ▏ 2.5 GB/ 21 GB  1.6 KB/s    99h+[K[?25h[?2026l[?2026h[?25l[A[1Gpulling manifest [K
pulling 043a363c6ca3:  12% ▕██                ▏ 2.5 GB/ 21 GB   74 KB/s  69h20m[K[?25h[?2026l[?2026h[?25l[A[1Gpulling manifest [K
pulling 043a363c6ca3:  12% ▕██                ▏ 2.5 GB/ 21 GB  435 KB/s  11h53m[K[?25h[?2026l[?2026h[?25l[A[1Gpulling manifest [K
pulling 043a363c6ca3:  12% ▕██                ▏ 2.5 GB/ 21 GB  435 KB/s  11h53m[K[?25h[?2026l[?2026h[?25l[A[1Gpulling manifest [K
pulling 043a363c6ca3:  12% ▕██                ▏ 2.5 GB/ 21 GB  435 KB/s  11h53m[K[?25h[?2026l[?2026h[?25l[A[1Gpulling manifest [K
pulling 043a363c6ca3:  12% ▕██                ▏ 2.5 GB/ 21 GB  804 KB/s   6h25m[K[?25h[?2026l[?2026h[?25l[A[1Gpulling manifest [K
pulling 043a363c6ca3:  12% ▕██                ▏ 2.5 GB/ 21 GB  928 KB/s   5h34m[K[?25h[?2026l[?2026h[?25l[A[1Gpulling manifest [K
pulling 043a363c6ca3:  12% ▕██                ▏ 2.6 GB/ 21 GB  1.1 MB/s   4h54m[K[?25h[?2026l[?2026h[?25l[A[1Gpulling manifest [K
pulling 043a363c6ca3:  12% ▕██                ▏ 2.6 GB/ 21 GB  6.6 MB/s  46m49s[K[?25h[?2026l[?2026h[?25l[A[1Gpulling manifest [K
pulling 043a363c6ca3:  12% ▕██                ▏ 2.6 GB/ 21 GB  6.6 MB/s  46m49s[K[?25h[?2026l[?2026h[?25l[A[1Gpulling manifest [K
pulling 043a363c6ca3:  12% ▕██                ▏ 2.6 GB/ 21 GB  6.8 MB/s  45m41s[K[?25h[?2026l[?2026h[?25l[A[1Gpulling manifest [K
pulling 043a363c6ca3:  12% ▕██                ▏ 2.6 GB/ 21 GB  8.0 MB/s  38m49s[K[?25h[?2026l[?2026h[?25l[A[1Gpulling manifest [K
pulling 043a363c6ca3:  12% ▕██                ▏ 2.6 GB/ 21 GB  8.7 MB/s  35m30s[K[?25h[?2026l[?2026h[?25l[A[1Gpulling manifest [K
pulling 043a363c6ca3:  12% ▕██                ▏ 2.6 GB/ 21 GB  8.5 MB/s  36m14s[K[?25h[?2026l[?2026h[?25l[A[1Gpulling manifest [K
pulling 043a363c6ca3:  12% ▕██                ▏ 2.6 GB/ 21 GB  8.0 MB/s  38m47s[K[?25h[?2026l[?2026h[?25l[A[1Gpulling manifest [K
pulling 043a363c6ca3:  12% ▕██                ▏ 2.6 GB/ 21 GB  2.3 MB/s   2h14m[K[?25h[?2026l[?2026h[?25l[A[1Gpulling manifest [K
pulling 043a363c6ca3:  12% ▕██                ▏ 2.6 GB/ 21 GB  2.4 MB/s    2h9m[K[?25h[?2026l[?2026h[?25l[A[1Gpulling manifest [K
pulling 043a363c6ca3:  12% ▕██                ▏ 2.6 GB/ 21 GB  2.4 MB/s    2h9m[K[?25h[?2026l[?2026h[?25l[A[1Gpulling manifest [K
pulling 043a363c6ca3:  12% ▕██                ▏ 2.6 GB/ 21 GB  2.4 MB/s    2h9m[K[?25h[?2026l[?2026h[?25l[A[1Gpulling manifest [K
pulling 043a363c6ca3:  12% ▕██                ▏ 2.6 GB/ 21 GB  1.9 MB/s   2h45m[K[?25h[?2026l[?2026h[?25l[A[1Gpulling manifest [K
pulling 043a363c6ca3:  12% ▕██                ▏ 2.6 GB/ 21 GB  1.9 MB/s   2h45m[K[?25h[?2026l[?2026h[?25l[A[1Gpulling manifest [K
pulling 043a363c6ca3:  12% ▕██                ▏ 2.6 GB/ 21 GB  1.2 MB/s   4h23m[K[?25h[?2026l[?2026h[?25l[A[1Gpulling manifest [K
pulling 043a363c6ca3:  12% ▕██                ▏ 2.6 GB/ 21 GB  1.2 MB/s   4h23m[K[?25h[?2026l[?2026h[?25l[A[1Gpulling manifest [K
pulling 043a363c6ca3:  12% ▕██                ▏ 2.6 GB/ 21 GB  1.2 MB/s   4h23m[K[?25h[?2026l[?2026h[?25l[A[1Gpulling manifest [K
pulling 043a363c6ca3:  12% ▕██                ▏ 2.6 GB/ 21 GB  1.2 MB/s   4h23m[K[?25h[?2026l[?2026h[?25l[A[1Gpulling manifest [K
pulling 043a363c6ca3:  12% ▕██                ▏ 2.6 GB/ 21 GB  764 KB/s   6h44m[K[?25h[?2026l[?2026h[?25l[A[1Gpulling manifest [K
pulling 043a363c6ca3:  12% ▕██                ▏ 2.6 GB/ 21 GB  764 KB/s   6h44m[K[?25h[?2026l[?2026h[?25l[A[1Gpulling manifest [K
pulling 043a363c6ca3:  12% ▕██                ▏ 2.6 GB/ 21 GB  764 KB/s   6h44m[K[?25h[?2026l[?2026h[?25l[A[1Gpulling manifest [K
pulling 043a363c6ca3:  12% ▕██                ▏ 2.6 GB/ 21 GB  571 KB/s    9h1m[K[?25h[?2026l[?2026h[?25l[A[1Gpulling manifest [K
pulling 043a363c6ca3:  12% ▕██                ▏ 2.6 GB/ 21 GB  571 KB/s    9h1m[K[?25h[?2026l[?2026h[?25l[A[1Gpulling manifest [K
pulling 043a363c6ca3:  12% ▕██                ▏ 2.6 GB/ 21 GB                  [K[?25h[?2026l[?2026h[?25l[A[1Gpulling manifest [K
pulling 043a363c6ca3:  12% ▕██                ▏ 2.6 GB/ 21 GB                  [K[?25h[?2026l[?2026h[?25l[A[1Gpulling manifest [K
pulling 043a363c6ca3:  12% ▕██                ▏ 2.6 GB/ 21 GB                  [K[?25h[?2026l[?2026h[?25l[A[1Gpulling manifest [K
pulling 043a363c6ca3:  12% ▕██                ▏ 2.6 GB/ 21 GB                  [K[?25h[?2026l[?2026h[?25l[A[1Gpulling manifest [K
pulling 043a363c6ca3:  12% ▕██                ▏ 2.6 GB/ 21 GB                  [K[?25h[?2026l[?2026h[?25l[A[1Gpulling manifest [K
pulling 043a363c6ca3:  12% ▕██                ▏ 2.6 GB/ 21 GB                  [K[?25h[?2026l[?2026h[?25l[A[1Gpulling manifest [K
pulling 043a363c6ca3:  12% ▕██                ▏ 2.6 GB/ 21 GB                  [K[?25h[?2026l[?2026h[?25l[A[1Gpulling manifest [K
pulling 043a363c6ca3:  12% ▕██                ▏ 2.6 GB/ 21 GB                  [K[?25h[?2026l[?2026h[?25l[A[1Gpulling manifest [K
pulling 043a363c6ca3:  12% ▕██                ▏ 2.6 GB/ 21 GB                  [K[?25h[?2026l[?2026h[?25l[A[1Gpulling manifest [K
pulling 043a363c6ca3:  12% ▕██                ▏ 2.6 GB/ 21 GB                  [K[?25h[?2026l[?2026h[?25l[A[1Gpulling manifest [K
pulling 043a363c6ca3:  12% ▕██                ▏ 2.6 GB/ 21 GB                  [K[?25h[?2026l[?2026h[?25l[A[1Gpulling manifest [K
pulling 043a363c6ca3:  12% ▕██                ▏ 2.6 GB/ 21 GB                  [K[?25h[?2026l[?2026h[?25l[A[1Gpulling manifest [K
pulling 043a363c6ca3:  12% ▕██                ▏ 2.6 GB/ 21 GB                  [K[?25h[?2026l[?2026h[?25l[A[1Gpulling manifest [K
pulling 043a363c6ca3:  12% ▕██                ▏ 2.6 GB/ 21 GB                  [K[?25h[?2026l[?2026h[?25l[A[1Gpulling manifest [K
pulling 043a363c6ca3:  12% ▕██                ▏ 2.6 GB/ 21 GB                  [K[?25h[?2026l[?2026h[?25l[A[1Gpulling manifest [K
pulling 043a363c6ca3:  12% ▕██                ▏ 2.6 GB/ 21 GB                  [K[?25h[?2026l[?2026h[?25l[A[1Gpulling manifest [K
pulling 043a363c6ca3:  12% ▕██                ▏ 2.6 GB/ 21 GB                  [K[?25h[?2026l[?2026h[?25l[A[1Gpulling manifest [K
pulling 043a363c6ca3:  12% ▕██                ▏ 2.6 GB/ 21 GB                  [K[?25h[?2026l[?2026h[?25l[A[1Gpulling manifest [K
pulling 043a363c6ca3:  12% ▕██                ▏ 2.6 GB/ 21 GB                  [K[?25h[?2026l[?2026h[?25l[A[1Gpulling manifest [K
pulling 043a363c6ca3:  12% ▕██                ▏ 2.6 GB/ 21 GB                  [K[?25h[?2026l[?2026h[?25l[A[1Gpulling manifest [K
pulling 043a363c6ca3:  12% ▕██                ▏ 2.6 GB/ 21 GB                  [K[?25h[?2026l[?2026h[?25l[A[1Gpulling manifest [K
pulling 043a363c6ca3:  12% ▕██                ▏ 2.6 GB/ 21 GB                  [K[?25h[?2026l[?2026h[?25l[A[1Gpulling manifest [K
pulling 043a363c6ca3:  12% ▕██                ▏ 2.6 GB/ 21 GB                  [K[?25h[?2026l[?2026h[?25l[A[1Gpulling manifest [K
pulling 043a363c6ca3:  12% ▕██                ▏ 2.6 GB/ 21 GB                  [K[?25h[?2026l[?2026h[?25l[A[1Gpulling manifest [K
pulling 043a363c6ca3:  12% ▕██                ▏ 2.6 GB/ 21 GB                  [K[?25h[?2026l[?2026h[?25l[A[1Gpulling manifest [K
pulling 043a363c6ca3:  12% ▕██                ▏ 2.6 GB/ 21 GB                  [K[?25h[?2026l[?2026h[?25l[A[1Gpulling manifest [K
pulling 043a363c6ca3:  12% ▕██                ▏ 2.6 GB/ 21 GB                  [K[?25h[?2026l[?2026h[?25l[A[1Gpulling manifest [K
pulling 043a363c6ca3:  12% ▕██                ▏ 2.6 GB/ 21 GB                  [K[?25h[?2026l[?2026h[?25l[A[1Gpulling manifest [K
pulling 043a363c6ca3:  12% ▕██                ▏ 2.6 GB/ 21 GB                  [K[?25h[?2026l[?2026h[?25l[A[1Gpulling manifest [K
pulling 043a363c6ca3:  12% ▕██                ▏ 2.6 GB/ 21 GB                  [K[?25h[?2026l[?2026h[?25l[A[1Gpulling manifest [K
pulling 043a363c6ca3:  12% ▕██                ▏ 2.6 GB/ 21 GB                  [K[?25h[?2026l[?2026h[?25l[A[1Gpulling manifest [K
pulling 043a363c6ca3:  12% ▕██                ▏ 2.6 GB/ 21 GB                  [K[?25h[?2026l[?2026h[?25l[A[1Gpulling manifest [K
pulling 043a363c6ca3:  12% ▕██                ▏ 2.6 GB/ 21 GB                  [K[?25h[?2026l[?2026h[?25l[A[1Gpulling manifest [K
pulling 043a363c6ca3:  12% ▕██                ▏ 2.6 GB/ 21 GB                  [K[?25h[?2026l[?2026h[?25l[A[1Gpulling manifest [K
pulling 043a363c6ca3:  12% ▕██                ▏ 2.6 GB/ 21 GB                  [K[?25h[?2026l[?2026h[?25l[A[1Gpulling manifest [K
pulling 043a363c6ca3:  12% ▕██                ▏ 2.6 GB/ 21 GB                  [K[?25h[?2026l[?2026h[?25l[A[1Gpulling manifest [K
pulling 043a363c6ca3:  12% ▕██                ▏ 2.6 GB/ 21 GB                  [K[?25h[?2026l[?2026h[?25l[A[1Gpulling manifest [K
pulling 043a363c6ca3:  12% ▕██                ▏ 2.6 GB/ 21 GB  1.8 KB/s    99h+[K[?25h[?2026l[?2026h[?25l[A[1Gpulling manifest [K
pulling 043a363c6ca3:  12% ▕██                ▏ 2.6 GB/ 21 GB  156 KB/s  32h53m[K[?25h[?2026l[?2026h[?25l[A[1Gpulling manifest [K
pulling 043a363c6ca3:  12% ▕██                ▏ 2.6 GB/ 21 GB  475 KB/s  10h50m[K[?25h[?2026l[?2026h[?25l[A[1Gpulling manifest [K
pulling 043a363c6ca3:  12% ▕██                ▏ 2.6 GB/ 21 GB  475 KB/s  10h50m[K[?25h[?2026l[?2026h[?25l[A[1Gpulling manifest [K
pulling 043a363c6ca3:  13% ▕██                ▏ 2.7 GB/ 21 GB  475 KB/s  10h48m[K[?25h[?2026l[?2026h[?25l[A[1Gpulling manifest [K
pulling 043a363c6ca3:  13% ▕██                ▏ 2.7 GB/ 21 GB  5.9 MB/s   52m8s[K[?25h[?2026l[?2026h[?25l[A[1Gpulling manifest [K
pulling 043a363c6ca3:  13% ▕██                ▏ 2.7 GB/ 21 GB  5.9 MB/s   52m8s[K[?25h[?2026l[?2026h[?25l[A[1Gpulling manifest [K
pulling 043a363c6ca3:  13% ▕██                ▏ 2.7 GB/ 21 GB  7.4 MB/s  41m25s[K[?25h[?2026l[?2026h[?25l[A[1Gpulling manifest [K
pulling 043a363c6ca3:  13% ▕██                ▏ 2.7 GB/ 21 GB  7.4 MB/s  41m25s[K[?25h[?2026l[?2026h[?25l[A[1Gpulling manifest [K
pulling 043a363c6ca3:  13% ▕██                ▏ 2.7 GB/ 21 GB  7.6 MB/s  40m22s[K[?25h[?2026l[?2026h[?25l[A[1Gpulling manifest [K
pulling 043a363c6ca3:  13% ▕██                ▏ 2.7 GB/ 21 GB  7.7 MB/s  39m56s[K[?25h[?2026l[?2026h[?25l[A[1Gpulling manifest [K
pulling 043a363c6ca3:  13% ▕██                ▏ 2.7 GB/ 21 GB  7.7 MB/s  39m51s[K[?25h[?2026l[?2026h[?25l[A[1Gpulling manifest [K
pulling 043a363c6ca3:  13% ▕██                ▏ 2.7 GB/ 21 GB  7.9 MB/s  38m54s[K[?25h[?2026l[?2026h[?25l[A[1Gpulling manifest [K
pulling 043a363c6ca3:  13% ▕██                ▏ 2.7 GB/ 21 GB  7.9 MB/s  38m54s[K[?25h[?2026l[?2026h[?25l[A[1Gpulling manifest [K
pulling 043a363c6ca3:  13% ▕██                ▏ 2.7 GB/ 21 GB  7.9 MB/s  38m58s[K[?25h[?2026l[?2026h[?25l[A[1Gpulling manifest [K
pulling 043a363c6ca3:  13% ▕██                ▏ 2.7 GB/ 21 GB  7.6 MB/s  40m23s[K[?25h[?2026l[?2026h[?25l[A[1Gpulling manifest [K
pulling 043a363c6ca3:  13% ▕██                ▏ 2.7 GB/ 21 GB  7.6 MB/s  40m23s[K[?25h[?2026l[?2026h[?25l[A[1Gpulling manifest [K
pulling 043a363c6ca3:  13% ▕██                ▏ 2.7 GB/ 21 GB  2.5 MB/s    2h1m[K[?25h[?2026l[?2026h[?25l[A[1Gpulling manifest [K
pulling 043a363c6ca3:  13% ▕██                ▏ 2.7 GB/ 21 GB  2.5 MB/s    2h1m[K[?25h[?2026l[?2026h[?25l[A[1Gpulling manifest [K
pulling 043a363c6ca3:  13% ▕██                ▏ 2.7 GB/ 21 GB  882 KB/s   5h48m[K[?25h[?2026l[?2026h[?25l[A[1Gpulling manifest [K
pulling 043a363c6ca3:  13% ▕██                ▏ 2.7 GB/ 21 GB  882 KB/s   5h48m[K[?25h[?2026l[?2026h[?25l[A[1Gpulling manifest [K
pulling 043a363c6ca3:  13% ▕██                ▏ 2.7 GB/ 21 GB  894 KB/s   5h43m[K[?25h[?2026l[?2026h[?25l[A[1Gpulling manifest [K
pulling 043a363c6ca3:  13% ▕██                ▏ 2.7 GB/ 21 GB  894 KB/s   5h43m[K[?25h[?2026l[?2026h[?25l[A[1Gpulling manifest [K
pulling 043a363c6ca3:  13% ▕██                ▏ 2.7 GB/ 21 GB  894 KB/s   5h43m[K[?25h[?2026l[?2026h[?25l[A[1Gpulling manifest [K
pulling 043a363c6ca3:  13% ▕██                ▏ 2.7 GB/ 21 GB  805 KB/s   6h21m[K[?25h[?2026l[?2026h[?25l[A[1Gpulling manifest [K
pulling 043a363c6ca3:  13% ▕██                ▏ 2.7 GB/ 21 GB  805 KB/s   6h21m[K[?25h[?2026l[?2026h[?25l[A[1Gpulling manifest [K
pulling 043a363c6ca3:  13% ▕██                ▏ 2.7 GB/ 21 GB  789 KB/s   6h29m[K[?25h[?2026l[?2026h[?25l[A[1Gpulling manifest [K
pulling 043a363c6ca3:  13% ▕██                ▏ 2.7 GB/ 21 GB  789 KB/s   6h29m[K[?25h[?2026l[?2026h[?25l[A[1Gpulling manifest [K
pulling 043a363c6ca3:  13% ▕██                ▏ 2.7 GB/ 21 GB  600 KB/s   8h32m[K[?25h[?2026l[?2026h[?25l[A[1Gpulling manifest [K
pulling 043a363c6ca3:  13% ▕██                ▏ 2.7 GB/ 21 GB  600 KB/s   8h32m[K[?25h[?2026l[?2026h[?25l[A[1Gpulling manifest [K
pulling 043a363c6ca3:  13% ▕██                ▏ 2.7 GB/ 21 GB  600 KB/s   8h32m[K[?25h[?2026l[?2026h[?25l[A[1Gpulling manifest [K
pulling 043a363c6ca3:  13% ▕██                ▏ 2.7 GB/ 21 GB  463 KB/s   11h3m[K[?25h[?2026l[?2026h[?25l[A[1Gpulling manifest [K
pulling 043a363c6ca3:  13% ▕██                ▏ 2.7 GB/ 21 GB  463 KB/s   11h3m[K[?25h[?2026l[?2026h[?25l[A[1Gpulling manifest [K
pulling 043a363c6ca3:  13% ▕██                ▏ 2.7 GB/ 21 GB  454 KB/s  11h16m[K[?25h[?2026l[?2026h[?25l[A[1Gpulling manifest [K
pulling 043a363c6ca3:  13% ▕██                ▏ 2.7 GB/ 21 GB  454 KB/s  11h16m[K[?25h[?2026l[?2026h[?25l[A[1Gpulling manifest [K
pulling 043a363c6ca3:  13% ▕██                ▏ 2.7 GB/ 21 GB  454 KB/s  11h16m[K[?25h[?2026l[?2026h[?25l[A[1Gpulling manifest [K
pulling 043a363c6ca3:  13% ▕██                ▏ 2.7 GB/ 21 GB  454 KB/s  11h16m[K[?25h[?2026l[?2026h[?25l[A[1Gpulling manifest [K
pulling 043a363c6ca3:  13% ▕██                ▏ 2.7 GB/ 21 GB  297 KB/s  17h12m[K[?25h[?2026l[?2026h[?25l[A[1Gpulling manifest [K
pulling 043a363c6ca3:  13% ▕██                ▏ 2.7 GB/ 21 GB  297 KB/s  17h12m[K[?25h[?2026l[?2026h[?25l[A[1Gpulling manifest [K
pulling 043a363c6ca3:  13% ▕██                ▏ 2.7 GB/ 21 GB  297 KB/s  17h12m[K[?25h[?2026l[?2026h[?25l[A[1Gpulling manifest [K
pulling 043a363c6ca3:  13% ▕██                ▏ 2.7 GB/ 21 GB  296 KB/s  17h19m[K[?25h[?2026l[?2026h[?25l[A[1Gpulling manifest [K
pulling 043a363c6ca3:  13% ▕██                ▏ 2.7 GB/ 21 GB  296 KB/s  17h19m[K[?25h[?2026l[?2026h[?25l[A[1Gpulling manifest [K
pulling 043a363c6ca3:  13% ▕██                ▏ 2.7 GB/ 21 GB  296 KB/s  17h19m[K[?25h[?2026l[?2026h[?25l[A[1Gpulling manifest [K
pulling 043a363c6ca3:  13% ▕██                ▏ 2.7 GB/ 21 GB  254 KB/s  20h10m[K[?25h[?2026l[?2026h[?25l[A[1Gpulling manifest [K
pulling 043a363c6ca3:  13% ▕██                ▏ 2.7 GB/ 21 GB  254 KB/s  20h10m[K[?25h[?2026l[?2026h[?25l[A[1Gpulling manifest [K
pulling 043a363c6ca3:  13% ▕██                ▏ 2.7 GB/ 21 GB  254 KB/s  20h10m[K[?25h[?2026l[?2026h[?25l[A[1Gpulling manifest [K
pulling 043a363c6ca3:  13% ▕██                ▏ 2.7 GB/ 21 GB  254 KB/s  20h10m[K[?25h[?2026l[?2026h[?25l[A[1Gpulling manifest [K
pulling 043a363c6ca3:  13% ▕██                ▏ 2.7 GB/ 21 GB   29 KB/s    99h+[K[?25h[?2026l[?2026h[?25l[A[1Gpulling manifest [K
pulling 043a363c6ca3:  13% ▕██                ▏ 2.7 GB/ 21 GB   29 KB/s    99h+[K[?25h[?2026l[?2026h[?25l[A[1Gpulling manifest [K
pulling 043a363c6ca3:  13% ▕██                ▏ 2.7 GB/ 21 GB   29 KB/s    99h+[K[?25h[?2026l[?2026h[?25l[A[1Gpulling manifest [K
pulling 043a363c6ca3:  13% ▕██                ▏ 2.7 GB/ 21 GB   27 KB/s    99h+[K[?25h[?2026l[?2026h[?25l[A[1Gpulling manifest [K
pulling 043a363c6ca3:  13% ▕██                ▏ 2.7 GB/ 21 GB   27 KB/s    99h+[K[?25h[?2026l[?2026h[?25l[A[1Gpulling manifest [K
pulling 043a363c6ca3:  13% ▕██                ▏ 2.7 GB/ 21 GB   27 KB/s    99h+[K[?25h[?2026l[?2026h[?25l[A[1Gpulling manifest [K
pulling 043a363c6ca3:  13% ▕██                ▏ 2.7 GB/ 21 GB   27 KB/s    99h+[K[?25h[?2026l[?2026h[?25l[A[1Gpulling manifest [K
pulling 043a363c6ca3:  13% ▕██                ▏ 2.7 GB/ 21 GB   25 KB/s    99h+[K[?25h[?2026l[?2026h[?25l[A[1Gpulling manifest [K
pulling 043a363c6ca3:  13% ▕██                ▏ 2.7 GB/ 21 GB   25 KB/s    99h+[K[?25h[?2026l[?2026h[?25l[A[1Gpulling manifest [K
pulling 043a363c6ca3:  13% ▕██                ▏ 2.7 GB/ 21 GB  3.6 KB/s    99h+[K[?25h[?2026l[?2026h[?25l[A[1Gpulling manifest [K
pulling 043a363c6ca3:  13% ▕██                ▏ 2.7 GB/ 21 GB   52 KB/s   97h6m[K[?25h[?2026l[?2026h[?25l[A[1Gpulling manifest [K
pulling 043a363c6ca3:  13% ▕██                ▏ 2.7 GB/ 21 GB  165 KB/s  30h56m[K[?25h[?2026l[?2026h[?25l[A[1Gpulling manifest [K
pulling 043a363c6ca3:  13% ▕██                ▏ 2.7 GB/ 21 GB  280 KB/s  18h17m[K[?25h[?2026l[?2026h[?25l[A[1Gpulling manifest [K
pulling 043a363c6ca3:  13% ▕██                ▏ 2.8 GB/ 21 GB  922 KB/s   5h32m[K[?25h[?2026l[?2026h[?25l[A[1Gpulling manifest [K
pulling 043a363c6ca3:  13% ▕██                ▏ 2.8 GB/ 21 GB  5.6 MB/s  54m54s[K[?25h[?2026l[?2026h[?25l[A[1Gpulling manifest [K
pulling 043a363c6ca3:  13% ▕██                ▏ 2.8 GB/ 21 GB  6.5 MB/s  46m59s[K[?25h[?2026l[?2026h[?25l[A[1Gpulling manifest [K
pulling 043a363c6ca3:  13% ▕██                ▏ 2.8 GB/ 21 GB  6.9 MB/s  44m36s[K[?25h[?2026l[?2026h[?25l[A[1Gpulling manifest [K
pulling 043a363c6ca3:  13% ▕██                ▏ 2.8 GB/ 21 GB  6.9 MB/s  44m35s[K[?25h[?2026l[?2026h[?25l[A[1Gpulling manifest [K
pulling 043a363c6ca3:  13% ▕██                ▏ 2.8 GB/ 21 GB  7.8 MB/s   39m2s[K[?25h[?2026l[?2026h[?25l[A[1Gpulling manifest [K
pulling 043a363c6ca3:  13% ▕██                ▏ 2.8 GB/ 21 GB  7.8 MB/s   39m2s[K[?25h[?2026l[?2026h[?25l[A[1Gpulling manifest [K
pulling 043a363c6ca3:  13% ▕██                ▏ 2.8 GB/ 21 GB  7.8 MB/s   39m2s[K[?25h[?2026l[?2026h[?25l[A[1Gpulling manifest [K
pulling 043a363c6ca3:  13% ▕██                ▏ 2.8 GB/ 21 GB  8.3 MB/s  36m55s[K[?25h[?2026l[?2026h[?25l[A[1Gpulling manifest [K
pulling 043a363c6ca3:  13% ▕██                ▏ 2.8 GB/ 21 GB  8.8 MB/s  34m40s[K[?25h[?2026l[?2026h[?25l[A[1Gpulling manifest [K
pulling 043a363c6ca3:  13% ▕██                ▏ 2.8 GB/ 21 GB  8.8 MB/s  34m39s[K[?25h[?2026l[?2026h[?25l[A[1Gpulling manifest [K
pulling 043a363c6ca3:  13% ▕██                ▏ 2.8 GB/ 21 GB  9.3 MB/s  32m58s[K[?25h[?2026l[?2026h[?25l[A[1Gpulling manifest [K
pulling 043a363c6ca3:  13% ▕██                ▏ 2.8 GB/ 21 GB  8.6 MB/s  35m25s[K[?25h[?2026l[?2026h[?25l[A[1Gpulling manifest [K
pulling 043a363c6ca3:  13% ▕██                ▏ 2.8 GB/ 21 GB  3.6 MB/s   1h25m[K[?25h[?2026l[?2026h[?25l[A[1Gpulling manifest [K
pulling 043a363c6ca3:  13% ▕██                ▏ 2.8 GB/ 21 GB  3.6 MB/s   1h25m[K[?25h[?2026l[?2026h[?25l[A[1Gpulling manifest [K
pulling 043a363c6ca3:  13% ▕██                ▏ 2.8 GB/ 21 GB  2.7 MB/s   1h51m[K[?25h[?2026l[?2026h[?25l[A[1Gpulling manifest [K
pulling 043a363c6ca3:  13% ▕██                ▏ 2.8 GB/ 21 GB  2.7 MB/s   1h51m[K[?25h[?2026l[?2026h[?25l[A[1Gpulling manifest [K
pulling 043a363c6ca3:  13% ▕██                ▏ 2.8 GB/ 21 GB  2.7 MB/s   1h51m[K[?25h[?2026l[?2026h[?25l[A[1Gpulling manifest [K
pulling 043a363c6ca3:  13% ▕██                ▏ 2.8 GB/ 21 GB  2.7 MB/s   1h51m[K[?25h[?2026l[?2026h[?25l[A[1Gpulling manifest [K
pulling 043a363c6ca3:  13% ▕██                ▏ 2.8 GB/ 21 GB  2.7 MB/s   1h51m[K[?25h[?2026l[?2026h[?25l[A[1Gpulling manifest [K
pulling 043a363c6ca3:  13% ▕██                ▏ 2.8 GB/ 21 GB  2.7 MB/s   1h51m[K[?25h[?2026l[?2026h[?25l[A[1Gpulling manifest [K
pulling 043a363c6ca3:  13% ▕██                ▏ 2.8 GB/ 21 GB  2.7 MB/s   1h51m[K[?25h[?2026l[?2026h[?25l[A[1Gpulling manifest [K
pulling 043a363c6ca3:  13% ▕██                ▏ 2.8 GB/ 21 GB  2.7 MB/s   1h51m[K[?25h[?2026l[?2026h[?25l[A[1Gpulling manifest [K
pulling 043a363c6ca3:  13% ▕██                ▏ 2.8 GB/ 21 GB  2.7 MB/s   1h51m[K[?25h[?2026l[?2026h[?25l[A[1Gpulling manifest [K
pulling 043a363c6ca3:  13% ▕██                ▏ 2.8 GB/ 21 GB  2.7 MB/s   1h51m[K[?25h[?2026l[?2026h[?25l[A[1Gpulling manifest [K
pulling 043a363c6ca3:  13% ▕██                ▏ 2.8 GB/ 21 GB  2.7 MB/s   1h51m[K[?25h[?2026l[?2026h[?25l[A[1Gpulling manifest [K
pulling 043a363c6ca3:  13% ▕██                ▏ 2.8 GB/ 21 GB  2.4 MB/s    2h6m[K[?25h[?2026l[?2026h[?25l[A[1Gpulling manifest [K
pulling 043a363c6ca3:  13% ▕██                ▏ 2.8 GB/ 21 GB  2.4 MB/s    2h6m[K[?25h[?2026l[?2026h[?25l[A[1Gpulling manifest [K
pulling 043a363c6ca3:  13% ▕██                ▏ 2.8 GB/ 21 GB  2.4 MB/s    2h6m[K[?25h[?2026l[?2026h[?25l[A[1Gpulling manifest [K
pulling 043a363c6ca3:  13% ▕██                ▏ 2.8 GB/ 21 GB  2.4 MB/s    2h6m[K[?25h[?2026l[?2026h[?25l[A[1Gpulling manifest [K
pulling 043a363c6ca3:  13% ▕██                ▏ 2.8 GB/ 21 GB  2.4 MB/s    2h6m[K[?25h[?2026l[?2026h[?25l[A[1Gpulling manifest [K
pulling 043a363c6ca3:  13% ▕██                ▏ 2.8 GB/ 21 GB  2.4 MB/s    2h6m[K[?25h[?2026l[?2026h[?25l[A[1Gpulling manifest [K
pulling 043a363c6ca3:  13% ▕██                ▏ 2.8 GB/ 21 GB  1.5 MB/s   3h17m[K[?25h[?2026l[?2026h[?25l[A[1Gpulling manifest [K
pulling 043a363c6ca3:  13% ▕██                ▏ 2.8 GB/ 21 GB  1.5 MB/s   3h17m[K[?25h[?2026l[?2026h[?25l[A[1Gpulling manifest [K
pulling 043a363c6ca3:  13% ▕██                ▏ 2.8 GB/ 21 GB  1.5 MB/s   3h17m[K[?25h[?2026l[?2026h[?25l[A[1Gpulling manifest [K
pulling 043a363c6ca3:  13% ▕██                ▏ 2.8 GB/ 21 GB  1.5 MB/s   3h17m[K[?25h[?2026l[?2026h[?25l[A[1Gpulling manifest [K
pulling 043a363c6ca3:  13% ▕██                ▏ 2.8 GB/ 21 GB  1.5 MB/s   3h17m[K[?25h[?2026l[?2026h[?25l[A[1Gpulling manifest [K
pulling 043a363c6ca3:  13% ▕██                ▏ 2.8 GB/ 21 GB  1.5 MB/s   3h17m[K[?25h[?2026l[?2026h[?25l[A[1Gpulling manifest [K
pulling 043a363c6ca3:  13% ▕██                ▏ 2.8 GB/ 21 GB  1.3 MB/s    4h1m[K[?25h[?2026l[?2026h[?25l[A[1Gpulling manifest [K
pulling 043a363c6ca3:  13% ▕██                ▏ 2.8 GB/ 21 GB  1.3 MB/s    4h1m[K[?25h[?2026l[?2026h[?25l[A[1Gpulling manifest [K
pulling 043a363c6ca3:  13% ▕██                ▏ 2.8 GB/ 21 GB  1.2 MB/s    4h7m[K[?25h[?2026l[?2026h[?25l[A[1Gpulling manifest [K
pulling 043a363c6ca3:  13% ▕██                ▏ 2.8 GB/ 21 GB  1.2 MB/s    4h7m[K[?25h[?2026l[?2026h[?25l[A[1Gpulling manifest [K
pulling 043a363c6ca3:  13% ▕██                ▏ 2.8 GB/ 21 GB  1.2 MB/s    4h7m[K[?25h[?2026l[?2026h[?25l[A[1Gpulling manifest [K
pulling 043a363c6ca3:  13% ▕██                ▏ 2.8 GB/ 21 GB  1.2 MB/s    4h7m[K[?25h[?2026l[?2026h[?25l[A[1Gpulling manifest [K
pulling 043a363c6ca3:  13% ▕██                ▏ 2.8 GB/ 21 GB  1.2 MB/s    4h7m[K[?25h[?2026l[?2026h[?25l[A[1Gpulling manifest [K
pulling 043a363c6ca3:  13% ▕██                ▏ 2.8 GB/ 21 GB  567 KB/s   8h59m[K[?25h[?2026l[?2026h[?25l[A[1Gpulling manifest [K
pulling 043a363c6ca3:  13% ▕██                ▏ 2.8 GB/ 21 GB  567 KB/s   8h59m[K[?25h[?2026l[?2026h[?25l[A[1Gpulling manifest [K
pulling 043a363c6ca3:  13% ▕██                ▏ 2.8 GB/ 21 GB  567 KB/s   8h59m[K[?25h[?2026l[?2026h[?25l[A[1Gpulling manifest [K
pulling 043a363c6ca3:  13% ▕██                ▏ 2.8 GB/ 21 GB  567 KB/s   8h59m[K[?25h[?2026l[?2026h[?25l[A[1Gpulling manifest [K
pulling 043a363c6ca3:  13% ▕██                ▏ 2.8 GB/ 21 GB  1.8 KB/s    99h+[K[?25h[?2026l[?2026h[?25l[A[1Gpulling manifest [K
pulling 043a363c6ca3:  13% ▕██                ▏ 2.8 GB/ 21 GB  1.8 KB/s    99h+[K[?25h[?2026l[?2026h[?25l[A[1Gpulling manifest [K
pulling 043a363c6ca3:  13% ▕██                ▏ 2.8 GB/ 21 GB  1.8 KB/s    99h+[K[?25h[?2026l[?2026h[?25l[A[1Gpulling manifest [K
pulling 043a363c6ca3:  13% ▕██                ▏ 2.8 GB/ 21 GB  1.8 KB/s    99h+[K[?25h[?2026l[?2026h[?25l[A[1Gpulling manifest [K
pulling 043a363c6ca3:  13% ▕██                ▏ 2.8 GB/ 21 GB                  [K[?25h[?2026l[?2026h[?25l[A[1Gpulling manifest [K
pulling 043a363c6ca3:  13% ▕██                ▏ 2.8 GB/ 21 GB                  [K[?25h[?2026l[?2026h[?25l[A[1Gpulling manifest [K
pulling 043a363c6ca3:  13% ▕██                ▏ 2.8 GB/ 21 GB                  [K[?25h[?2026l[?2026h[?25l[A[1Gpulling manifest [K
pulling 043a363c6ca3:  13% ▕██                ▏ 2.8 GB/ 21 GB                  [K[?25h[?2026l[?2026h[?25l[A[1Gpulling manifest [K
pulling 043a363c6ca3:  13% ▕██                ▏ 2.8 GB/ 21 GB                  [K[?25h[?2026l[?2026h[?25l[A[1Gpulling manifest [K
pulling 043a363c6ca3:  13% ▕██                ▏ 2.8 GB/ 21 GB                  [K[?25h[?2026l[?2026h[?25l[A[1Gpulling manifest [K
pulling 043a363c6ca3:  13% ▕██                ▏ 2.8 GB/ 21 GB                  [K[?25h[?2026l[?2026h[?25l[A[1Gpulling manifest [K
pulling 043a363c6ca3:  13% ▕██                ▏ 2.8 GB/ 21 GB                  [K[?25h[?2026l[?2026h[?25l[A[1Gpulling manifest [K
pulling 043a363c6ca3:  13% ▕██                ▏ 2.8 GB/ 21 GB                  [K[?25h[?2026l[?2026h[?25l[A[1Gpulling manifest [K
pulling 043a363c6ca3:  13% ▕██                ▏ 2.8 GB/ 21 GB                  [K[?25h[?2026l[?2026h[?25l[A[1Gpulling manifest [K
pulling 043a363c6ca3:  13% ▕██                ▏ 2.8 GB/ 21 GB                  [K[?25h[?2026l[?2026h[?25l[A[1Gpulling manifest [K
pulling 043a363c6ca3:  13% ▕██                ▏ 2.8 GB/ 21 GB                  [K[?25h[?2026l[?2026h[?25l[A[1Gpulling manifest [K
pulling 043a363c6ca3:  13% ▕██                ▏ 2.8 GB/ 21 GB                  [K[?25h[?2026l[?2026h[?25l[A[1Gpulling manifest [K
pulling 043a363c6ca3:  13% ▕██                ▏ 2.8 GB/ 21 GB                  [K[?25h[?2026l[?2026h[?25l[A[1Gpulling manifest [K
pulling 043a363c6ca3:  13% ▕██                ▏ 2.8 GB/ 21 GB                  [K[?25h[?2026l[?2026h[?25l[A[1Gpulling manifest [K
pulling 043a363c6ca3:  13% ▕██                ▏ 2.8 GB/ 21 GB                  [K[?25h[?2026l[?2026h[?25l[A[1Gpulling manifest [K
pulling 043a363c6ca3:  13% ▕██                ▏ 2.8 GB/ 21 GB                  [K[?25h[?2026l[?2026h[?25l[A[1Gpulling manifest [K
pulling 043a363c6ca3:  13% ▕██                ▏ 2.8 GB/ 21 GB                  [K[?25h[?2026l[?2026h[?25l[A[1Gpulling manifest [K
pulling 043a363c6ca3:  13% ▕██                ▏ 2.8 GB/ 21 GB                  [K[?25h[?2026l[?2026h[?25l[A[1Gpulling manifest [K
pulling 043a363c6ca3:  13% ▕██                ▏ 2.8 GB/ 21 GB                  [K[?25h[?2026l[?2026h[?25l[A[1Gpulling manifest [K
pulling 043a363c6ca3:  13% ▕██                ▏ 2.8 GB/ 21 GB  262 KB/s  19h27m[K[?25h[?2026l[?2026h[?25l[A[1Gpulling manifest [K
pulling 043a363c6ca3:  13% ▕██                ▏ 2.8 GB/ 21 GB  262 KB/s  19h27m[K[?25h[?2026l[?2026h[?25l[A[1Gpulling manifest [K
pulling 043a363c6ca3:  13% ▕██                ▏ 2.8 GB/ 21 GB  1.0 MB/s   4h51m[K[?25h[?2026l[?2026h[?25l[A[1Gpulling manifest [K
pulling 043a363c6ca3:  13% ▕██                ▏ 2.8 GB/ 21 GB  1.0 MB/s   4h51m[K[?25h[?2026l[?2026h[?25l[A[1Gpulling manifest [K
pulling 043a363c6ca3:  13% ▕██                ▏ 2.8 GB/ 21 GB  1.6 MB/s   3h14m[K[?25h[?2026l[?2026h[?25l[A[1Gpulling manifest [K
pulling 043a363c6ca3:  13% ▕██                ▏ 2.8 GB/ 21 GB  1.6 MB/s   3h14m[K[?25h[?2026l[?2026h[?25l[A[1Gpulling manifest [K
pulling 043a363c6ca3:  13% ▕██                ▏ 2.8 GB/ 21 GB  1.6 MB/s   3h14m[K[?25h[?2026l[?2026h[?25l[A[1Gpulling manifest [K
pulling 043a363c6ca3:  13% ▕██                ▏ 2.8 GB/ 21 GB  1.6 MB/s   3h14m[K[?25h[?2026l[?2026h[?25l[A[1Gpulling manifest [K
pulling 043a363c6ca3:  13% ▕██                ▏ 2.8 GB/ 21 GB  1.6 MB/s   3h14m[K[?25h[?2026l[?2026h[?25l[A[1Gpulling manifest [K
pulling 043a363c6ca3:  13% ▕██                ▏ 2.8 GB/ 21 GB  1.6 MB/s   3h14m[K[?25h[?2026l[?2026h[?25l[A[1Gpulling manifest [K
pulling 043a363c6ca3:  13% ▕██                ▏ 2.8 GB/ 21 GB  1.6 MB/s   3h14m[K[?25h[?2026l[?2026h[?25l[A[1Gpulling manifest [K
pulling 043a363c6ca3:  13% ▕██                ▏ 2.8 GB/ 21 GB  1.6 MB/s   3h14m[K[?25h[?2026l[?2026h[?25l[A[1Gpulling manifest [K
pulling 043a363c6ca3:  13% ▕██                ▏ 2.8 GB/ 21 GB  1.5 MB/s   3h30m[K[?25h[?2026l[?2026h[?25l[A[1Gpulling manifest [K
pulling 043a363c6ca3:  13% ▕██                ▏ 2.8 GB/ 21 GB   58 KB/s  87h31m[K[?25h[?2026l[?2026h[?25l[A[1Gpulling manifest [K
pulling 043a363c6ca3:  13% ▕██                ▏ 2.8 GB/ 21 GB   58 KB/s  87h31m[K[?25h[?2026l[?2026h[?25l[A[1Gpulling manifest [K
pulling 043a363c6ca3:  13% ▕██                ▏ 2.8 GB/ 21 GB   58 KB/s  87h31m[K[?25h[?2026l[?2026h[?25l[A[1Gpulling manifest [K
pulling 043a363c6ca3:  13% ▕██                ▏ 2.8 GB/ 21 GB   58 KB/s  87h22m[K[?25h[?2026l[?2026h[?25l[A[1Gpulling manifest [K
pulling 043a363c6ca3:  13% ▕██                ▏ 2.8 GB/ 21 GB   58 KB/s  87h22m[K[?25h[?2026l[?2026h[?25l[A[1Gpulling manifest [K
pulling 043a363c6ca3:  14% ▕██                ▏ 2.9 GB/ 21 GB  6.2 MB/s  49m20s[K[?25h[?2026l[?2026h[?25l[A[1Gpulling manifest [K
pulling 043a363c6ca3:  14% ▕██                ▏ 2.9 GB/ 21 GB   10 MB/s   30m7s[K[?25h[?2026l[?2026h[?25l[A[1Gpulling manifest [K
pulling 043a363c6ca3:  14% ▕██                ▏ 2.9 GB/ 21 GB   11 MB/s  26m20s[K[?25h[?2026l[?2026h[?25l[A[1Gpulling manifest [K
pulling 043a363c6ca3:  14% ▕██                ▏ 2.9 GB/ 21 GB   11 MB/s  26m20s[K[?25h[?2026l[?2026h[?25l[A[1Gpulling manifest [K
pulling 043a363c6ca3:  14% ▕██                ▏ 2.9 GB/ 21 GB   11 MB/s  25m48s[K[?25h[?2026l[?2026h[?25l[A[1Gpulling manifest [K
pulling 043a363c6ca3:  14% ▕██                ▏ 2.9 GB/ 21 GB   11 MB/s  27m28s[K[?25h[?2026l[?2026h[?25l[A[1Gpulling manifest [K
pulling 043a363c6ca3:  14% ▕██                ▏ 2.9 GB/ 21 GB   11 MB/s  27m28s[K[?25h[?2026l[?2026h[?25l[A[1Gpulling manifest [K
pulling 043a363c6ca3:  14% ▕██                ▏ 2.9 GB/ 21 GB  6.5 MB/s  46m31s[K[?25h[?2026l[?2026h[?25l[A[1Gpulling manifest [K
pulling 043a363c6ca3:  14% ▕██                ▏ 2.9 GB/ 21 GB  6.5 MB/s  46m31s[K[?25h[?2026l[?2026h[?25l[A[1Gpulling manifest [K
pulling 043a363c6ca3:  14% ▕██                ▏ 2.9 GB/ 21 GB  6.5 MB/s  46m31s[K[?25h[?2026l[?2026h[?25l[A[1Gpulling manifest [K
pulling 043a363c6ca3:  14% ▕██                ▏ 2.9 GB/ 21 GB  6.1 MB/s  49m58s[K[?25h[?2026l[?2026h[?25l[A[1Gpulling manifest [K
pulling 043a363c6ca3:  14% ▕██                ▏ 2.9 GB/ 21 GB  6.1 MB/s  49m58s[K[?25h[?2026l[?2026h[?25l[A[1Gpulling manifest [K
pulling 043a363c6ca3:  14% ▕██                ▏ 2.9 GB/ 21 GB  6.1 MB/s  49m58s[K[?25h[?2026l[?2026h[?25l[A[1Gpulling manifest [K
pulling 043a363c6ca3:  14% ▕██                ▏ 2.9 GB/ 21 GB  4.9 MB/s    1h2m[K[?25h[?2026l[?2026h[?25l[A[1Gpulling manifest [K
pulling 043a363c6ca3:  14% ▕██                ▏ 2.9 GB/ 21 GB  4.9 MB/s    1h2m[K[?25h[?2026l[?2026h[?25l[A[1Gpulling manifest [K
pulling 043a363c6ca3:  14% ▕██                ▏ 2.9 GB/ 21 GB  3.7 MB/s   1h23m[K[?25h[?2026l[?2026h[?25l[A[1Gpulling manifest [K
pulling 043a363c6ca3:  14% ▕██                ▏ 2.9 GB/ 21 GB  2.7 MB/s   1h53m[K[?25h[?2026l[?2026h[?25l[A[1Gpulling manifest [K
pulling 043a363c6ca3:  14% ▕██                ▏ 2.9 GB/ 21 GB  2.7 MB/s   1h53m[K[?25h[?2026l[?2026h[?25l[A[1Gpulling manifest [K
pulling 043a363c6ca3:  14% ▕██                ▏ 2.9 GB/ 21 GB  1.5 MB/s   3h17m[K[?25h[?2026l[?2026h[?25l[A[1Gpulling manifest [K
pulling 043a363c6ca3:  14% ▕██                ▏ 2.9 GB/ 21 GB  1.5 MB/s   3h17m[K[?25h[?2026l[?2026h[?25l[A[1Gpulling manifest [K
pulling 043a363c6ca3:  14% ▕██                ▏ 2.9 GB/ 21 GB  1.2 MB/s    4h7m[K[?25h[?2026l[?2026h[?25l[A[1Gpulling manifest [K
pulling 043a363c6ca3:  14% ▕██                ▏ 2.9 GB/ 21 GB  1.2 MB/s    4h7m[K[?25h[?2026l[?2026h[?25l[A[1Gpulling manifest [K
pulling 043a363c6ca3:  14% ▕██                ▏ 2.9 GB/ 21 GB  805 KB/s   6h17m[K[?25h[?2026l[?2026h[?25l[A[1Gpulling manifest [K
pulling 043a363c6ca3:  14% ▕██                ▏ 2.9 GB/ 21 GB  439 KB/s  11h30m[K[?25h[?2026l[?2026h[?25l[A[1Gpulling manifest [K
pulling 043a363c6ca3:  14% ▕██                ▏ 2.9 GB/ 21 GB  439 KB/s  11h30m[K[?25h[?2026l[?2026h[?25l[A[1Gpulling manifest [K
pulling 043a363c6ca3:  14% ▕██                ▏ 2.9 GB/ 21 GB  331 KB/s  15h17m[K[?25h[?2026l[?2026h[?25l[A[1Gpulling manifest [K
pulling 043a363c6ca3:  14% ▕██                ▏ 2.9 GB/ 21 GB  331 KB/s  15h17m[K[?25h[?2026l[?2026h[?25l[A[1Gpulling manifest [K
pulling 043a363c6ca3:  14% ▕██                ▏ 2.9 GB/ 21 GB  265 KB/s   19h4m[K[?25h[?2026l[?2026h[?25l[A[1Gpulling manifest [K
pulling 043a363c6ca3:  14% ▕██                ▏ 2.9 GB/ 21 GB  265 KB/s   19h4m[K[?25h[?2026l[?2026h[?25l[A[1Gpulling manifest [K
pulling 043a363c6ca3:  14% ▕██                ▏ 2.9 GB/ 21 GB  229 KB/s   22h2m[K[?25h[?2026l[?2026h[?25l[A[1Gpulling manifest [K
pulling 043a363c6ca3:  14% ▕██                ▏ 2.9 GB/ 21 GB  223 KB/s  22h37m[K[?25h[?2026l[?2026h[?25l[A[1Gpulling manifest [K
pulling 043a363c6ca3:  14% ▕██                ▏ 2.9 GB/ 21 GB  217 KB/s  23h14m[K[?25h[?2026l[?2026h[?25l[A[1Gpulling manifest [K
pulling 043a363c6ca3:  14% ▕██                ▏ 2.9 GB/ 21 GB  217 KB/s  23h14m[K[?25h[?2026l[?2026h[?25l[A[1Gpulling manifest [K
pulling 043a363c6ca3:  14% ▕██                ▏ 2.9 GB/ 21 GB   23 KB/s    99h+[K[?25h[?2026l[?2026h[?25l[A[1Gpulling manifest [K
pulling 043a363c6ca3:  14% ▕██                ▏ 2.9 GB/ 21 GB   23 KB/s    99h+[K[?25h[?2026l[?2026h[?25l[A[1Gpulling manifest [K
pulling 043a363c6ca3:  14% ▕██                ▏ 2.9 GB/ 21 GB   23 KB/s    99h+[K[?25h[?2026l[?2026h[?25l[A[1Gpulling manifest [K
pulling 043a363c6ca3:  14% ▕██                ▏ 2.9 GB/ 21 GB   23 KB/s    99h+[K[?25h[?2026l[?2026h[?25l[A[1Gpulling manifest [K
pulling 043a363c6ca3:  14% ▕██                ▏ 2.9 GB/ 21 GB  4.9 KB/s    99h+[K[?25h[?2026l[?2026h[?25l[A[1Gpulling manifest [K
pulling 043a363c6ca3:  14% ▕██                ▏ 2.9 GB/ 21 GB  4.9 KB/s    99h+[K[?25h[?2026l[?2026h[?25l[A[1Gpulling manifest [K
pulling 043a363c6ca3:  14% ▕██                ▏ 2.9 GB/ 21 GB  4.9 KB/s    99h+[K[?25h[?2026l[?2026h[?25l[A[1Gpulling manifest [K
pulling 043a363c6ca3:  14% ▕██                ▏ 2.9 GB/ 21 GB  4.9 KB/s    99h+[K[?25h[?2026l[?2026h[?25l[A[1Gpulling manifest [K
pulling 043a363c6ca3:  14% ▕██                ▏ 2.9 GB/ 21 GB  4.9 KB/s    99h+[K[?25h[?2026l[?2026h[?25l[A[1Gpulling manifest [K
pulling 043a363c6ca3:  14% ▕██                ▏ 2.9 GB/ 21 GB  4.9 KB/s    99h+[K[?25h[?2026l[?2026h[?25l[A[1Gpulling manifest [K
pulling 043a363c6ca3:  14% ▕██                ▏ 2.9 GB/ 21 GB  4.9 KB/s    99h+[K[?25h[?2026l[?2026h[?25l[A[1Gpulling manifest [K
pulling 043a363c6ca3:  14% ▕██                ▏ 2.9 GB/ 21 GB  4.9 KB/s    99h+[K[?25h[?2026l[?2026h[?25l[A[1Gpulling manifest [K
pulling 043a363c6ca3:  14% ▕██                ▏ 2.9 GB/ 21 GB  4.9 KB/s    99h+[K[?25h[?2026l[?2026h[?25l[A[1Gpulling manifest [K
pulling 043a363c6ca3:  14% ▕██                ▏ 2.9 GB/ 21 GB  5.5 KB/s    99h+[K[?25h[?2026l[?2026h[?25l[A[1Gpulling manifest [K
pulling 043a363c6ca3:  14% ▕██                ▏ 2.9 GB/ 21 GB  5.5 KB/s    99h+[K[?25h[?2026l[?2026h[?25l[A[1Gpulling manifest [K
pulling 043a363c6ca3:  14% ▕██                ▏ 2.9 GB/ 21 GB  5.5 KB/s    99h+[K[?25h[?2026l[?2026h[?25l[A[1Gpulling manifest [K
pulling 043a363c6ca3:  14% ▕██                ▏ 2.9 GB/ 21 GB  1.8 KB/s    99h+[K[?25h[?2026l[?2026h[?25l[A[1Gpulling manifest [K
pulling 043a363c6ca3:  14% ▕██                ▏ 2.9 GB/ 21 GB  1.8 KB/s    99h+[K[?25h[?2026l[?2026h[?25l[A[1Gpulling manifest [K
pulling 043a363c6ca3:  14% ▕██                ▏ 2.9 GB/ 21 GB  1.8 KB/s    99h+[K[?25h[?2026l[?2026h[?25l[A[1Gpulling manifest [K
pulling 043a363c6ca3:  14% ▕██                ▏ 2.9 GB/ 21 GB  1.8 KB/s    99h+[K[?25h[?2026l[?2026h[?25l[A[1Gpulling manifest [K
pulling 043a363c6ca3:  14% ▕██                ▏ 2.9 GB/ 21 GB  1.8 KB/s    99h+[K[?25h[?2026l[?2026h[?25l[A[1Gpulling manifest [K
pulling 043a363c6ca3:  14% ▕██                ▏ 2.9 GB/ 21 GB  1.8 KB/s    99h+[K[?25h[?2026l[?2026h[?25l[A[1Gpulling manifest [K
pulling 043a363c6ca3:  14% ▕██                ▏ 2.9 GB/ 21 GB  1.8 KB/s    99h+[K[?25h[?2026l[?2026h[?25l[A[1Gpulling manifest [K
pulling 043a363c6ca3:  14% ▕██                ▏ 2.9 GB/ 21 GB  1.8 KB/s    99h+[K[?25h[?2026l[?2026h[?25l[A[1Gpulling manifest [K
pulling 043a363c6ca3:  14% ▕██                ▏ 2.9 GB/ 21 GB                  [K[?25h[?2026l[?2026h[?25l[A[1Gpulling manifest [K
pulling 043a363c6ca3:  14% ▕██                ▏ 2.9 GB/ 21 GB                  [K[?25h[?2026l[?2026h[?25l[A[1Gpulling manifest [K
pulling 043a363c6ca3:  14% ▕██                ▏ 2.9 GB/ 21 GB                  [K[?25h[?2026l[?2026h[?25l[A[1Gpulling manifest [K
pulling 043a363c6ca3:  14% ▕██                ▏ 2.9 GB/ 21 GB                  [K[?25h[?2026l[?2026h[?25l[A[1Gpulling manifest [K
pulling 043a363c6ca3:  14% ▕██                ▏ 2.9 GB/ 21 GB                  [K[?25h[?2026l[?2026h[?25l[A[1Gpulling manifest [K
pulling 043a363c6ca3:  14% ▕██                ▏ 2.9 GB/ 21 GB                  [K[?25h[?2026l[?2026h[?25l[A[1Gpulling manifest [K
pulling 043a363c6ca3:  14% ▕██                ▏ 2.9 GB/ 21 GB  102 KB/s  49h24m[K[?25h[?2026l[?2026h[?25l[A[1Gpulling manifest [K
pulling 043a363c6ca3:  14% ▕██                ▏ 2.9 GB/ 21 GB  102 KB/s  49h24m[K[?25h[?2026l[?2026h[?25l[A[1Gpulling manifest [K
pulling 043a363c6ca3:  14% ▕██                ▏ 2.9 GB/ 21 GB  102 KB/s  49h22m[K[?25h[?2026l[?2026h[?25l[A[1Gpulling manifest [K
pulling 043a363c6ca3:  14% ▕██                ▏ 3.0 GB/ 21 GB  1.5 MB/s   3h20m[K[?25h[?2026l[?2026h[?25l[A[1Gpulling manifest [K
pulling 043a363c6ca3:  14% ▕██                ▏ 3.0 GB/ 21 GB  5.5 MB/s   55m7s[K[?25h[?2026l[?2026h[?25l[A[1Gpulling manifest [K
pulling 043a363c6ca3:  14% ▕██                ▏ 3.0 GB/ 21 GB  5.5 MB/s   55m6s[K[?25h[?2026l[?2026h[?25l[A[1Gpulling manifest [K
pulling 043a363c6ca3:  14% ▕██                ▏ 3.0 GB/ 21 GB  6.2 MB/s  48m49s[K[?25h[?2026l[?2026h[?25l[A[1Gpulling manifest [K
pulling 043a363c6ca3:  14% ▕██                ▏ 3.0 GB/ 21 GB  6.2 MB/s  48m49s[K[?25h[?2026l[?2026h[?25l[A[1Gpulling manifest [K
pulling 043a363c6ca3:  14% ▕██                ▏ 3.0 GB/ 21 GB  6.2 MB/s  48m39s[K[?25h[?2026l[?2026h[?25l[A[1Gpulling manifest [K
pulling 043a363c6ca3:  14% ▕██                ▏ 3.0 GB/ 21 GB  6.5 MB/s  46m38s[K[?25h[?2026l[?2026h[?25l[A[1Gpulling manifest [K
pulling 043a363c6ca3:  14% ▕██                ▏ 3.0 GB/ 21 GB  6.1 MB/s  49m34s[K[?25h[?2026l[?2026h[?25l[A[1Gpulling manifest [K
pulling 043a363c6ca3:  14% ▕██                ▏ 3.0 GB/ 21 GB  6.1 MB/s  49m34s[K[?25h[?2026l[?2026h[?25l[A[1Gpulling manifest [K
pulling 043a363c6ca3:  14% ▕██                ▏ 3.0 GB/ 21 GB  6.1 MB/s  49m34s[K[?25h[?2026l[?2026h[?25l[A[1Gpulling manifest [K
pulling 043a363c6ca3:  14% ▕██                ▏ 3.0 GB/ 21 GB  6.1 MB/s  49m34s[K[?25h[?2026l[?2026h[?25l[A[1Gpulling manifest [K
pulling 043a363c6ca3:  14% ▕██                ▏ 3.0 GB/ 21 GB  6.1 MB/s  49m33s[K[?25h[?2026l[?2026h[?25l[A[1Gpulling manifest [K
pulling 043a363c6ca3:  14% ▕██                ▏ 3.0 GB/ 21 GB  5.4 MB/s  56m18s[K[?25h[?2026l[?2026h[?25l[A[1Gpulling manifest [K
pulling 043a363c6ca3:  14% ▕██                ▏ 3.0 GB/ 21 GB  5.4 MB/s  56m18s[K[?25h[?2026l[?2026h[?25l[A[1Gpulling manifest [K
pulling 043a363c6ca3:  14% ▕██                ▏ 3.0 GB/ 21 GB  1.4 MB/s   3h37m[K[?25h[?2026l[?2026h[?25l[A[1Gpulling manifest [K
pulling 043a363c6ca3:  14% ▕██                ▏ 3.0 GB/ 21 GB  1.4 MB/s   3h37m[K[?25h[?2026l[?2026h[?25l[A[1Gpulling manifest [K
pulling 043a363c6ca3:  14% ▕██                ▏ 3.0 GB/ 21 GB  1.4 MB/s   3h37m[K[?25h[?2026l[?2026h[?25l[A[1Gpulling manifest [K
pulling 043a363c6ca3:  14% ▕██                ▏ 3.0 GB/ 21 GB  1.4 MB/s   3h37m[K[?25h[?2026l[?2026h[?25l[A[1Gpulling manifest [K
pulling 043a363c6ca3:  14% ▕██                ▏ 3.0 GB/ 21 GB  688 KB/s   7h20m[K[?25h[?2026l[?2026h[?25l[A[1Gpulling manifest [K
pulling 043a363c6ca3:  14% ▕██                ▏ 3.0 GB/ 21 GB  688 KB/s   7h20m[K[?25h[?2026l[?2026h[?25l[A[1Gpulling manifest [K
pulling 043a363c6ca3:  14% ▕██                ▏ 3.0 GB/ 21 GB  666 KB/s   7h34m[K[?25h[?2026l[?2026h[?25l[A[1Gpulling manifest [K
pulling 043a363c6ca3:  14% ▕██                ▏ 3.0 GB/ 21 GB  666 KB/s   7h34m[K[?25h[?2026l[?2026h[?25l[A[1Gpulling manifest [K
pulling 043a363c6ca3:  14% ▕██                ▏ 3.0 GB/ 21 GB  666 KB/s   7h34m[K[?25h[?2026l[?2026h[?25l[A[1Gpulling manifest [K
pulling 043a363c6ca3:  14% ▕██                ▏ 3.0 GB/ 21 GB  165 KB/s  30h28m[K[?25h[?2026l[?2026h[?25l[A[1Gpulling manifest [K
pulling 043a363c6ca3:  14% ▕██                ▏ 3.0 GB/ 21 GB  165 KB/s  30h28m[K[?25h[?2026l[?2026h[?25l[A[1Gpulling manifest [K
pulling 043a363c6ca3:  14% ▕██                ▏ 3.0 GB/ 21 GB  1.8 KB/s    99h+[K[?25h[?2026l[?2026h[?25l[A[1Gpulling manifest [K
pulling 043a363c6ca3:  14% ▕██                ▏ 3.0 GB/ 21 GB  1.8 KB/s    99h+[K[?25h[?2026l[?2026h[?25l[A[1Gpulling manifest [K
pulling 043a363c6ca3:  14% ▕██                ▏ 3.0 GB/ 21 GB  1.8 KB/s    99h+[K[?25h[?2026l[?2026h[?25l[A[1Gpulling manifest [K
pulling 043a363c6ca3:  14% ▕██                ▏ 3.0 GB/ 21 GB  1.8 KB/s    99h+[K[?25h[?2026l[?2026h[?25l[A[1Gpulling manifest [K
pulling 043a363c6ca3:  14% ▕██                ▏ 3.0 GB/ 21 GB                  [K[?25h[?2026l[?2026h[?25l[A[1Gpulling manifest [K
pulling 043a363c6ca3:  14% ▕██                ▏ 3.0 GB/ 21 GB                  [K[?25h[?2026l[?2026h[?25l[A[1Gpulling manifest [K
pulling 043a363c6ca3:  14% ▕██                ▏ 3.0 GB/ 21 GB                  [K[?25h[?2026l[?2026h[?25l[A[1Gpulling manifest [K
pulling 043a363c6ca3:  14% ▕██                ▏ 3.0 GB/ 21 GB                  [K[?25h[?2026l[?2026h[?25l[A[1Gpulling manifest [K
pulling 043a363c6ca3:  14% ▕██                ▏ 3.0 GB/ 21 GB                  [K[?25h[?2026l[?2026h[?25l[A[1Gpulling manifest [K
pulling 043a363c6ca3:  14% ▕██                ▏ 3.0 GB/ 21 GB                  [K[?25h[?2026l[?2026h[?25l[A[1Gpulling manifest [K
pulling 043a363c6ca3:  14% ▕██                ▏ 3.0 GB/ 21 GB                  [K[?25h[?2026l[?2026h[?25l[A[1Gpulling manifest [K
pulling 043a363c6ca3:  14% ▕██                ▏ 3.0 GB/ 21 GB                  [K[?25h[?2026l[?2026h[?25l[A[1Gpulling manifest [K
pulling 043a363c6ca3:  14% ▕██                ▏ 3.0 GB/ 21 GB                  [K[?25h[?2026l[?2026h[?25l[A[1Gpulling manifest [K
pulling 043a363c6ca3:  14% ▕██                ▏ 3.0 GB/ 21 GB                  [K[?25h[?2026l[?2026h[?25l[A[1Gpulling manifest [K
pulling 043a363c6ca3:  14% ▕██                ▏ 3.0 GB/ 21 GB                  [K[?25h[?2026l[?2026h[?25l[A[1Gpulling manifest [K
pulling 043a363c6ca3:  14% ▕██                ▏ 3.0 GB/ 21 GB                  [K[?25h[?2026l[?2026h[?25l[A[1Gpulling manifest [K
pulling 043a363c6ca3:  14% ▕██                ▏ 3.0 GB/ 21 GB                  [K[?25h[?2026l[?2026h[?25l[A[1Gpulling manifest [K
pulling 043a363c6ca3:  14% ▕██                ▏ 3.0 GB/ 21 GB                  [K[?25h[?2026l[?2026h[?25l[A[1Gpulling manifest [K
pulling 043a363c6ca3:  14% ▕██                ▏ 3.0 GB/ 21 GB                  [K[?25h[?2026l[?2026h[?25l[A[1Gpulling manifest [K
pulling 043a363c6ca3:  14% ▕██                ▏ 3.0 GB/ 21 GB                  [K[?25h[?2026l[?2026h[?25l[A[1Gpulling manifest [K
pulling 043a363c6ca3:  14% ▕██                ▏ 3.0 GB/ 21 GB                  [K[?25h[?2026l[?2026h[?25l[A[1Gpulling manifest [K
pulling 043a363c6ca3:  14% ▕██                ▏ 3.0 GB/ 21 GB                  [K[?25h[?2026l[?2026h[?25l[A[1Gpulling manifest [K
pulling 043a363c6ca3:  14% ▕██                ▏ 3.0 GB/ 21 GB                  [K[?25h[?2026l[?2026h[?25l[A[1Gpulling manifest [K
pulling 043a363c6ca3:  14% ▕██                ▏ 3.0 GB/ 21 GB                  [K[?25h[?2026l[?2026h[?25l[A[1Gpulling manifest [K
pulling 043a363c6ca3:  14% ▕██                ▏ 3.0 GB/ 21 GB                  [K[?25h[?2026l[?2026h[?25l[A[1Gpulling manifest [K
pulling 043a363c6ca3:  14% ▕██                ▏ 3.0 GB/ 21 GB                  [K[?25h[?2026l[?2026h[?25l[A[1Gpulling manifest [K
pulling 043a363c6ca3:  14% ▕██                ▏ 3.0 GB/ 21 GB                  [K[?25h[?2026l[?2026h[?25l[A[1Gpulling manifest [K
pulling 043a363c6ca3:  14% ▕██                ▏ 3.0 GB/ 21 GB                  [K[?25h[?2026l[?2026h[?25l[A[1Gpulling manifest [K
pulling 043a363c6ca3:  14% ▕██                ▏ 3.0 GB/ 21 GB                  [K[?25h[?2026l[?2026h[?25l[A[1Gpulling manifest [K
pulling 043a363c6ca3:  14% ▕██                ▏ 3.0 GB/ 21 GB   47 KB/s    99h+[K[?25h[?2026l[?2026h[?25l[A[1Gpulling manifest [K
pulling 043a363c6ca3:  14% ▕██                ▏ 3.0 GB/ 21 GB  5.7 MB/s  52m33s[K[?25h[?2026l[?2026h[?25l[A[1Gpulling manifest [K
pulling 043a363c6ca3:  14% ▕██                ▏ 3.0 GB/ 21 GB  5.7 MB/s  52m33s[K[?25h[?2026l[?2026h[?25l[A[1Gpulling manifest [K
pulling 043a363c6ca3:  14% ▕██                ▏ 3.1 GB/ 21 GB  5.8 MB/s  52m27s[K[?25h[?2026l[?2026h[?25l[A[1Gpulling manifest [K
pulling 043a363c6ca3:  14% ▕██                ▏ 3.1 GB/ 21 GB  8.0 MB/s  37m55s[K[?25h[?2026l[?2026h[?25l[A[1Gpulling manifest [K
pulling 043a363c6ca3:  14% ▕██                ▏ 3.1 GB/ 21 GB  8.0 MB/s  37m55s[K[?25h[?2026l[?2026h[?25l[A[1Gpulling manifest [K
pulling 043a363c6ca3:  14% ▕██                ▏ 3.1 GB/ 21 GB  8.0 MB/s  37m55s[K[?25h[?2026l[?2026h[?25l[A[1Gpulling manifest [K
pulling 043a363c6ca3:  14% ▕██                ▏ 3.1 GB/ 21 GB  8.7 MB/s  34m29s[K[?25h[?2026l[?2026h[?25l[A[1Gpulling manifest [K
pulling 043a363c6ca3:  15% ▕██                ▏ 3.1 GB/ 21 GB  9.3 MB/s  32m22s[K[?25h[?2026l[?2026h[?25l[A[1Gpulling manifest [K
pulling 043a363c6ca3:  15% ▕██                ▏ 3.1 GB/ 21 GB  9.3 MB/s  32m17s[K[?25h[?2026l[?2026h[?25l[A[1Gpulling manifest [K
pulling 043a363c6ca3:  15% ▕██                ▏ 3.1 GB/ 21 GB  2.5 MB/s    2h0m[K[?25h[?2026l[?2026h[?25l[A[1Gpulling manifest [K
pulling 043a363c6ca3:  15% ▕██                ▏ 3.1 GB/ 21 GB  1.0 MB/s   4h51m[K[?25h[?2026l[?2026h[?25l[A[1Gpulling manifest [K
pulling 043a363c6ca3:  15% ▕██                ▏ 3.1 GB/ 21 GB  1.0 MB/s   4h56m[K[?25h[?2026l[?2026h[?25l[A[1Gpulling manifest [K
pulling 043a363c6ca3:  15% ▕██                ▏ 3.1 GB/ 21 GB  899 KB/s   5h35m[K[?25h[?2026l[?2026h[?25l[A[1Gpulling manifest [K
pulling 043a363c6ca3:  15% ▕██                ▏ 3.1 GB/ 21 GB  257 KB/s  19h29m[K[?25h[?2026l[?2026h[?25l[A[1Gpulling manifest [K
pulling 043a363c6ca3:  15% ▕██                ▏ 3.1 GB/ 21 GB  8.2 KB/s    99h+[K[?25h[?2026l[?2026h[?25l[A[1Gpulling manifest [K
pulling 043a363c6ca3:  15% ▕██                ▏ 3.1 GB/ 21 GB  1.8 KB/s    99h+[K[?25h[?2026l[?2026h[?25l[A[1Gpulling manifest [K
pulling 043a363c6ca3:  15% ▕██                ▏ 3.1 GB/ 21 GB                  [K[?25h[?2026l[?2026h[?25l[A[1Gpulling manifest [K
pulling 043a363c6ca3:  15% ▕██                ▏ 3.1 GB/ 21 GB                  [K[?25h[?2026l[?2026h[?25l[A[1Gpulling manifest [K
pulling 043a363c6ca3:  15% ▕██                ▏ 3.1 GB/ 21 GB                  [K[?25h[?2026l[?2026h[?25l[A[1Gpulling manifest [K
pulling 043a363c6ca3:  15% ▕██                ▏ 3.1 GB/ 21 GB                  [K[?25h[?2026l[?2026h[?25l[A[1Gpulling manifest [K
pulling 043a363c6ca3:  15% ▕██                ▏ 3.1 GB/ 21 GB                  [K[?25h[?2026l[?2026h[?25l[A[1Gpulling manifest [K
pulling 043a363c6ca3:  15% ▕██                ▏ 3.1 GB/ 21 GB                  [K[?25h[?2026l[?2026h[?25l[A[1Gpulling manifest [K
pulling 043a363c6ca3:  15% ▕██                ▏ 3.1 GB/ 21 GB                  [K[?25h[?2026l[?2026h[?25l[A[1Gpulling manifest [K
pulling 043a363c6ca3:  15% ▕██                ▏ 3.1 GB/ 21 GB                  [K[?25h[?2026l[?2026h[?25l[A[1Gpulling manifest [K
pulling 043a363c6ca3:  15% ▕██                ▏ 3.1 GB/ 21 GB                  [K[?25h[?2026l[?2026h[?25l[A[1Gpulling manifest [K
pulling 043a363c6ca3:  15% ▕██                ▏ 3.1 GB/ 21 GB                  [K[?25h[?2026l[?2026h[?25l[A[1Gpulling manifest [K
pulling 043a363c6ca3:  15% ▕██                ▏ 3.1 GB/ 21 GB                  [K[?25h[?2026l[?2026h[?25l[A[1Gpulling manifest [K
pulling 043a363c6ca3:  15% ▕██                ▏ 3.1 GB/ 21 GB                  [K[?25h[?2026l[?2026h[?25l[A[1Gpulling manifest [K
pulling 043a363c6ca3:  15% ▕██                ▏ 3.1 GB/ 21 GB                  [K[?25h[?2026l[?2026h[?25l[A[1Gpulling manifest [K
pulling 043a363c6ca3:  15% ▕██                ▏ 3.1 GB/ 21 GB                  [K[?25h[?2026l[?2026h[?25l[A[1Gpulling manifest [K
pulling 043a363c6ca3:  15% ▕██                ▏ 3.1 GB/ 21 GB                  [K[?25h[?2026l[?2026h[?25l[A[1Gpulling manifest [K
pulling 043a363c6ca3:  15% ▕██                ▏ 3.1 GB/ 21 GB                  [K[?25h[?2026l[?2026h[?25l[A[1Gpulling manifest [K
pulling 043a363c6ca3:  15% ▕██                ▏ 3.1 GB/ 21 GB                  [K[?25h[?2026l[?2026h[?25l[A[1Gpulling manifest [K
pulling 043a363c6ca3:  15% ▕██                ▏ 3.1 GB/ 21 GB                  [K[?25h[?2026l[?2026h[?25l[A[1Gpulling manifest [K
pulling 043a363c6ca3:  15% ▕██                ▏ 3.1 GB/ 21 GB                  [K[?25h[?2026l[?2026h[?25l[A[1Gpulling manifest [K
pulling 043a363c6ca3:  15% ▕██                ▏ 3.1 GB/ 21 GB                  [K[?25h[?2026l[?2026h[?25l[A[1Gpulling manifest [K
pulling 043a363c6ca3:  15% ▕██                ▏ 3.1 GB/ 21 GB                  [K[?25h[?2026l[?2026h[?25l[A[1Gpulling manifest [K
pulling 043a363c6ca3:  15% ▕██                ▏ 3.1 GB/ 21 GB                  [K[?25h[?2026l[?2026h[?25l[A[1Gpulling manifest [K
pulling 043a363c6ca3:  15% ▕██                ▏ 3.1 GB/ 21 GB                  [K[?25h[?2026l[?2026h[?25l[A[1Gpulling manifest [K
pulling 043a363c6ca3:  15% ▕██                ▏ 3.1 GB/ 21 GB                  [K[?25h[?2026l[?2026h[?25l[A[1Gpulling manifest [K
pulling 043a363c6ca3:  15% ▕██                ▏ 3.1 GB/ 21 GB                  [K[?25h[?2026l[?2026h[?25l[A[1Gpulling manifest [K
pulling 043a363c6ca3:  15% ▕██                ▏ 3.1 GB/ 21 GB                  [K[?25h[?2026l[?2026h[?25l[A[1Gpulling manifest [K
pulling 043a363c6ca3:  15% ▕██                ▏ 3.1 GB/ 21 GB                  [K[?25h[?2026l[?2026h[?25l[A[1Gpulling manifest [K
pulling 043a363c6ca3:  15% ▕██                ▏ 3.1 GB/ 21 GB                  [K[?25h[?2026l[?2026h[?25l[A[1Gpulling manifest [K
pulling 043a363c6ca3:  15% ▕██                ▏ 3.1 GB/ 21 GB                  [K[?25h[?2026l[?2026h[?25l[A[1Gpulling manifest [K
pulling 043a363c6ca3:  15% ▕██                ▏ 3.1 GB/ 21 GB                  [K[?25h[?2026l[?2026h[?25l[A[1Gpulling manifest [K
pulling 043a363c6ca3:  15% ▕██                ▏ 3.1 GB/ 21 GB                  [K[?25h[?2026l[?2026h[?25l[A[1Gpulling manifest [K
pulling 043a363c6ca3:  15% ▕██                ▏ 3.1 GB/ 21 GB                  [K[?25h[?2026l[?2026h[?25l[A[1Gpulling manifest [K
pulling 043a363c6ca3:  15% ▕██                ▏ 3.1 GB/ 21 GB                  [K[?25h[?2026l[?2026h[?25l[A[1Gpulling manifest [K
pulling 043a363c6ca3:  15% ▕██                ▏ 3.1 GB/ 21 GB                  [K[?25h[?2026l[?2026h[?25l[A[1Gpulling manifest [K
pulling 043a363c6ca3:  15% ▕██                ▏ 3.1 GB/ 21 GB                  [K[?25h[?2026l[?2026h[?25l[A[1Gpulling manifest [K
pulling 043a363c6ca3:  15% ▕██                ▏ 3.1 GB/ 21 GB                  [K[?25h[?2026l[?2026h[?25l[A[1Gpulling manifest [K
pulling 043a363c6ca3:  15% ▕██                ▏ 3.1 GB/ 21 GB                  [K[?25h[?2026l[?2026h[?25l[A[1Gpulling manifest [K
pulling 043a363c6ca3:  15% ▕██                ▏ 3.1 GB/ 21 GB                  [K[?25h[?2026l[?2026h[?25l[A[1Gpulling manifest [K
pulling 043a363c6ca3:  15% ▕██                ▏ 3.1 GB/ 21 GB                  [K[?25h[?2026l[?2026h[?25l[A[1Gpulling manifest [K
pulling 043a363c6ca3:  15% ▕██                ▏ 3.1 GB/ 21 GB                  [K[?25h[?2026l[?2026h[?25l[A[1Gpulling manifest [K
pulling 043a363c6ca3:  15% ▕██                ▏ 3.1 GB/ 21 GB                  [K[?25h[?2026l[?2026h[?25l[A[1Gpulling manifest [K
pulling 043a363c6ca3:  15% ▕██                ▏ 3.1 GB/ 21 GB                  [K[?25h[?2026l[?2026h[?25l[A[1Gpulling manifest [K
pulling 043a363c6ca3:  15% ▕██                ▏ 3.1 GB/ 21 GB                  [K[?25h[?2026l[?2026h[?25l[A[1Gpulling manifest [K
pulling 043a363c6ca3:  15% ▕██                ▏ 3.1 GB/ 21 GB                  [K[?25h[?2026l[?2026h[?25l[A[1Gpulling manifest [K
pulling 043a363c6ca3:  15% ▕██                ▏ 3.1 GB/ 21 GB                  [K[?25h[?2026l[?2026h[?25l[A[1Gpulling manifest [K
pulling 043a363c6ca3:  15% ▕██                ▏ 3.1 GB/ 21 GB                  [K[?25h[?2026l[?2026h[?25l[A[1Gpulling manifest [K
pulling 043a363c6ca3:  15% ▕██                ▏ 3.1 GB/ 21 GB                  [K[?25h[?2026l[?2026h[?25l[A[1Gpulling manifest [K
pulling 043a363c6ca3:  15% ▕██                ▏ 3.1 GB/ 21 GB                  [K[?25h[?2026l[?2026h[?25l[A[1Gpulling manifest [K
pulling 043a363c6ca3:  15% ▕██                ▏ 3.1 GB/ 21 GB                  [K[?25h[?2026l[?2026h[?25l[A[1Gpulling manifest [K
pulling 043a363c6ca3:  15% ▕██                ▏ 3.1 GB/ 21 GB                  [K[?25h[?2026l[?2026h[?25l[A[1Gpulling manifest [K
pulling 043a363c6ca3:  15% ▕██                ▏ 3.1 GB/ 21 GB                  [K[?25h[?2026l[?2026h[?25l[A[1Gpulling manifest [K
pulling 043a363c6ca3:  15% ▕██                ▏ 3.1 GB/ 21 GB                  [K[?25h[?2026l[?2026h[?25l[A[1Gpulling manifest [K
pulling 043a363c6ca3:  15% ▕██                ▏ 3.1 GB/ 21 GB                  [K[?25h[?2026l[?2026h[?25l[A[1Gpulling manifest [K
pulling 043a363c6ca3:  15% ▕██                ▏ 3.1 GB/ 21 GB                  [K[?25h[?2026l[?2026h[?25l[A[1Gpulling manifest [K
pulling 043a363c6ca3:  15% ▕██                ▏ 3.1 GB/ 21 GB                  [K[?25h[?2026l[?2026h[?25l[A[1Gpulling manifest [K
pulling 043a363c6ca3:  15% ▕██                ▏ 3.1 GB/ 21 GB                  [K[?25h[?2026l[?2026h[?25l[A[1Gpulling manifest [K
pulling 043a363c6ca3:  15% ▕██                ▏ 3.1 GB/ 21 GB                  [K[?25h[?2026l[?2026h[?25l[A[1Gpulling manifest [K
pulling 043a363c6ca3:  15% ▕██                ▏ 3.1 GB/ 21 GB                  [K[?25h[?2026l[?2026h[?25l[A[1Gpulling manifest [K
pulling 043a363c6ca3:  15% ▕██                ▏ 3.1 GB/ 21 GB                  [K[?25h[?2026l[?2026h[?25l[A[1Gpulling manifest [K
pulling 043a363c6ca3:   2% ▕                  ▏ 497 MB/ 21 GB                  [K[?25h[?2026l[?2026h[?25l[A[1Gpulling manifest [K
pulling 043a363c6ca3:   2% ▕                  ▏ 497 MB/ 21 GB                  [K[?25h[?2026l[?2026h[?25l[A[1Gpulling manifest [K
pulling 043a363c6ca3:   2% ▕                  ▏ 499 MB/ 21 GB                  [K[?25h[?2026l[?2026h[?25l[A[1Gpulling manifest [K
pulling 043a363c6ca3:   2% ▕                  ▏ 504 MB/ 21 GB                  [K[?25h[?2026l[?2026h[?25l[A[1Gpulling manifest [K
pulling 043a363c6ca3:   2% ▕                  ▏ 507 MB/ 21 GB                  [K[?25h[?2026l[?2026h[?25l[A[1Gpulling manifest [K
pulling 043a363c6ca3:   2% ▕                  ▏ 507 MB/ 21 GB                  [K[?25h[?2026l[?2026h[?25l[A[1Gpulling manifest [K
pulling 043a363c6ca3:   2% ▕                  ▏ 508 MB/ 21 GB                  [K[?25h[?2026l[?2026h[?25l[A[1Gpulling manifest [K
pulling 043a363c6ca3:   2% ▕                  ▏ 510 MB/ 21 GB                  [K[?25h[?2026l[?2026h[?25l[A[1Gpulling manifest [K
pulling 043a363c6ca3:   2% ▕                  ▏ 514 MB/ 21 GB                  [K[?25h[?2026l[?2026h[?25l[A[1Gpulling manifest [K
pulling 043a363c6ca3:   2% ▕                  ▏ 515 MB/ 21 GB                  [K[?25h[?2026l[?2026h[?25l[A[1Gpulling manifest [K
pulling 043a363c6ca3:   2% ▕                  ▏ 516 MB/ 21 GB                  [K[?25h[?2026l[?2026h[?25l[A[1Gpulling manifest [K
pulling 043a363c6ca3:   2% ▕                  ▏ 518 MB/ 21 GB                  [K[?25h[?2026l[?2026h[?25l[A[1Gpulling manifest [K
pulling 043a363c6ca3:   2% ▕                  ▏ 520 MB/ 21 GB                  [K[?25h[?2026l[?2026h[?25l[A[1Gpulling manifest [K
pulling 043a363c6ca3:   2% ▕                  ▏ 528 MB/ 21 GB                  [K[?25h[?2026l[?2026h[?25l[A[1Gpulling manifest [K
pulling 043a363c6ca3:   3% ▕                  ▏ 532 MB/ 21 GB  3.1 MB/s   1h50m[K[?25h[?2026l[?2026h[?25l[A[1Gpulling manifest [K
pulling 043a363c6ca3:   3% ▕                  ▏ 532 MB/ 21 GB  3.5 MB/s   1h38m[K[?25h[?2026l[?2026h[?25l[A[1Gpulling manifest [K
pulling 043a363c6ca3:   3% ▕                  ▏ 532 MB/ 21 GB  2.5 MB/s   2h16m[K[?25h[?2026l[?2026h[?25l[A[1Gpulling manifest [K
pulling 043a363c6ca3:   3% ▕                  ▏ 532 MB/ 21 GB  2.2 MB/s   2h36m[K[?25h[?2026l[?2026h[?25l[A[1Gpulling manifest [K
pulling 043a363c6ca3:   3% ▕                  ▏ 532 MB/ 21 GB  2.2 MB/s   2h36m[K[?25h[?2026l[?2026h[?25l[A[1Gpulling manifest [K
pulling 043a363c6ca3:   3% ▕                  ▏ 532 MB/ 21 GB  1.7 MB/s   3h18m[K[?25h[?2026l[?2026h[?25l[A[1Gpulling manifest [K
pulling 043a363c6ca3:   3% ▕                  ▏ 532 MB/ 21 GB  1.7 MB/s   3h18m[K[?25h[?2026l[?2026h[?25l[A[1Gpulling manifest [K
pulling 043a363c6ca3:   3% ▕                  ▏ 532 MB/ 21 GB  1.5 MB/s   3h42m[K[?25h[?2026l[?2026h[?25l[A[1Gpulling manifest [K
pulling 043a363c6ca3:   3% ▕                  ▏ 532 MB/ 21 GB  1.5 MB/s   3h42m[K[?25h[?2026l[?2026h[?25l[A[1Gpulling manifest [K
pulling 043a363c6ca3:   3% ▕                  ▏ 532 MB/ 21 GB  1.5 MB/s   3h42m[K[?25h[?2026l[?2026h[?25l[A[1Gpulling manifest [K
pulling 043a363c6ca3:   3% ▕                  ▏ 532 MB/ 21 GB  1.2 MB/s   4h50m[K[?25h[?2026l[?2026h[?25l[A[1Gpulling manifest [K
pulling 043a363c6ca3:   3% ▕                  ▏ 532 MB/ 21 GB  1.2 MB/s   4h50m[K[?25h[?2026l[?2026h[?25l[A[1Gpulling manifest [K
pulling 043a363c6ca3:   3% ▕                  ▏ 534 MB/ 21 GB  821 KB/s   6h58m[K[?25h[?2026l[?2026h[?25l[A[1Gpulling manifest [K
pulling 043a363c6ca3:   3% ▕                  ▏ 534 MB/ 21 GB  188 KB/s  30h22m[K[?25h[?2026l[?2026h[?25l[A[1Gpulling manifest [K
pulling 043a363c6ca3:   3% ▕                  ▏ 542 MB/ 21 GB  188 KB/s  30h21m[K[?25h[?2026l[?2026h[?25l[A[1Gpulling manifest [K
pulling 043a363c6ca3:   3% ▕                  ▏ 542 MB/ 21 GB  1.1 MB/s    5h3m[K[?25h[?2026l[?2026h[?25l[A[1Gpulling manifest [K
pulling 043a363c6ca3:   3% ▕                  ▏ 542 MB/ 21 GB  1.1 MB/s    5h3m[K[?25h[?2026l[?2026h[?25l[A[1Gpulling manifest [K
pulling 043a363c6ca3:   3% ▕                  ▏ 547 MB/ 21 GB  1.1 MB/s   5h25m[K[?25h[?2026l[?2026h[?25l[A[1Gpulling manifest [K
pulling 043a363c6ca3:   3% ▕                  ▏ 547 MB/ 21 GB  1.5 MB/s   3h45m[K[?25h[?2026l[?2026h[?25l[A[1Gpulling manifest [K
pulling 043a363c6ca3:   3% ▕                  ▏ 547 MB/ 21 GB  1.5 MB/s   3h45m[K[?25h[?2026l[?2026h[?25l[A[1Gpulling manifest [K
pulling 043a363c6ca3:   3% ▕                  ▏ 547 MB/ 21 GB  1.5 MB/s   3h45m[K[?25h[?2026l[?2026h[?25l[A[1Gpulling manifest [K
pulling 043a363c6ca3:   3% ▕                  ▏ 547 MB/ 21 GB  1.5 MB/s   3h44m[K[?25h[?2026l[?2026h[?25l[A[1Gpulling manifest [K
pulling 043a363c6ca3:   3% ▕                  ▏ 548 MB/ 21 GB  1.6 MB/s   3h37m[K[?25h[?2026l[?2026h[?25l[A[1Gpulling manifest [K
pulling 043a363c6ca3:   3% ▕                  ▏ 548 MB/ 21 GB  1.6 MB/s   3h37m[K[?25h[?2026l[?2026h[?25l[A[1Gpulling manifest [K
pulling 043a363c6ca3:   3% ▕                  ▏ 548 MB/ 21 GB  1.4 MB/s    4h3m[K[?25h[?2026l[?2026h[?25l[A[1Gpulling manifest [K
pulling 043a363c6ca3:   3% ▕                  ▏ 548 MB/ 21 GB  1.4 MB/s    4h3m[K[?25h[?2026l[?2026h[?25l[A[1Gpulling manifest [K
pulling 043a363c6ca3:   3% ▕                  ▏ 550 MB/ 21 GB  1.5 MB/s   3h52m[K[?25h[?2026l[?2026h[?25l[A[1Gpulling manifest [K
pulling 043a363c6ca3:   3% ▕                  ▏ 552 MB/ 21 GB   56 KB/s    99h+[K[?25h[?2026l[?2026h[?25l[A[1Gpulling manifest [K
pulling 043a363c6ca3:   3% ▕                  ▏ 552 MB/ 21 GB   56 KB/s    99h+[K[?25h[?2026l[?2026h[?25l[A[1Gpulling manifest [K
pulling 043a363c6ca3:   3% ▕                  ▏ 553 MB/ 21 GB   72 KB/s  78h25m[K[?25h[?2026l[?2026h[?25l[A[1Gpulling manifest [K
pulling 043a363c6ca3:   3% ▕                  ▏ 553 MB/ 21 GB   72 KB/s  78h25m[K[?25h[?2026l[?2026h[?25l[A[1Gpulling manifest [K
pulling 043a363c6ca3:   3% ▕                  ▏ 553 MB/ 21 GB   71 KB/s  80h26m[K[?25h[?2026l[?2026h[?25l[A[1Gpulling manifest [K
pulling 043a363c6ca3:   3% ▕                  ▏ 553 MB/ 21 GB   20 KB/s    99h+[K[?25h[?2026l[?2026h[?25l[A[1Gpulling manifest [K
pulling 043a363c6ca3:   3% ▕                  ▏ 553 MB/ 21 GB   20 KB/s    99h+[K[?25h[?2026l[?2026h[?25l[A[1Gpulling manifest [K
pulling 043a363c6ca3:   3% ▕                  ▏ 554 MB/ 21 GB  132 KB/s   43h7m[K[?25h[?2026l[?2026h[?25l[A[1Gpulling manifest [K
pulling 043a363c6ca3:   3% ▕                  ▏ 566 MB/ 21 GB  1.4 MB/s    4h9m[K[?25h[?2026l[?2026h[?25l[A[1Gpulling manifest [K
pulling 043a363c6ca3:   3% ▕                  ▏ 568 MB/ 21 GB  1.6 MB/s   3h29m[K[?25h[?2026l[?2026h[?25l[A[1Gpulling manifest [K
pulling 043a363c6ca3:   3% ▕                  ▏ 569 MB/ 21 GB  1.9 MB/s    3h4m[K[?25h[?2026l[?2026h[?25l[A[1Gpulling manifest [K
pulling 043a363c6ca3:   3% ▕                  ▏ 570 MB/ 21 GB  1.9 MB/s    3h4m[K[?25h[?2026l[?2026h[?25l[A[1Gpulling manifest [K
pulling 043a363c6ca3:   3% ▕                  ▏ 571 MB/ 21 GB  1.9 MB/s   2h57m[K[?25h[?2026l[?2026h[?25l[A[1Gpulling manifest [K
pulling 043a363c6ca3:   3% ▕                  ▏ 571 MB/ 21 GB  2.0 MB/s   2h50m[K[?25h[?2026l[?2026h[?25l[A[1Gpulling manifest [K
pulling 043a363c6ca3:   3% ▕                  ▏ 571 MB/ 21 GB  2.0 MB/s   2h50m[K[?25h[?2026l[?2026h[?25l[A[1Gpulling manifest [K
pulling 043a363c6ca3:   3% ▕                  ▏ 571 MB/ 21 GB  1.9 MB/s   2h57m[K[?25h[?2026l[?2026h[?25l[A[1Gpulling manifest [K
pulling 043a363c6ca3:   3% ▕                  ▏ 571 MB/ 21 GB  1.9 MB/s   2h57m[K[?25h[?2026l[?2026h[?25l[A[1Gpulling manifest [K
pulling 043a363c6ca3:   3% ▕                  ▏ 571 MB/ 21 GB  1.9 MB/s   2h59m[K[?25h[?2026l[?2026h[?25l[A[1Gpulling manifest [K
pulling 043a363c6ca3:   3% ▕                  ▏ 571 MB/ 21 GB  1.9 MB/s   2h59m[K[?25h[?2026l[?2026h[?25l[A[1Gpulling manifest [K
pulling 043a363c6ca3:   3% ▕                  ▏ 571 MB/ 21 GB  1.8 MB/s   3h15m[K[?25h[?2026l[?2026h[?25l[A[1Gpulling manifest [K
pulling 043a363c6ca3:   3% ▕                  ▏ 571 MB/ 21 GB  655 KB/s   8h43m[K[?25h[?2026l[?2026h[?25l[A[1Gpulling manifest [K
pulling 043a363c6ca3:   3% ▕                  ▏ 571 MB/ 21 GB  655 KB/s   8h43m[K[?25h[?2026l[?2026h[?25l[A[1Gpulling manifest [K
pulling 043a363c6ca3:   3% ▕                  ▏ 571 MB/ 21 GB  399 KB/s  14h18m[K[?25h[?2026l[?2026h[?25l[A[1Gpulling manifest [K
pulling 043a363c6ca3:   3% ▕                  ▏ 571 MB/ 21 GB  399 KB/s  14h18m[K[?25h[?2026l[?2026h[?25l[A[1Gpulling manifest [K
pulling 043a363c6ca3:   3% ▕                  ▏ 571 MB/ 21 GB  185 KB/s  30h47m[K[?25h[?2026l[?2026h[?25l[A[1Gpulling manifest [K
pulling 043a363c6ca3:   3% ▕                  ▏ 571 MB/ 21 GB  185 KB/s  30h47m[K[?25h[?2026l[?2026h[?25l[A[1Gpulling manifest [K
pulling 043a363c6ca3:   3% ▕                  ▏ 571 MB/ 21 GB  114 KB/s  49h51m[K[?25h[?2026l[?2026h[?25l[A[1Gpulling manifest [K
pulling 043a363c6ca3:   3% ▕                  ▏ 571 MB/ 21 GB  114 KB/s  49h51m[K[?25h[?2026l[?2026h[?25l[A[1Gpulling manifest [K
pulling 043a363c6ca3:   3% ▕                  ▏ 571 MB/ 21 GB   40 KB/s    99h+[K[?25h[?2026l[?2026h[?25l[A[1Gpulling manifest [K
pulling 043a363c6ca3:   3% ▕                  ▏ 571 MB/ 21 GB   29 KB/s    99h+[K[?25h[?2026l[?2026h[?25l[A[1Gpulling manifest [K
pulling 043a363c6ca3:   3% ▕                  ▏ 571 MB/ 21 GB   29 KB/s    99h+[K[?25h[?2026l[?2026h[?25l[A[1Gpulling manifest [K
pulling 043a363c6ca3:   3% ▕                  ▏ 571 MB/ 21 GB   29 KB/s    99h+[K[?25h[?2026l[?2026h[?25l[A[1Gpulling manifest [K
pulling 043a363c6ca3:   3% ▕                  ▏ 571 MB/ 21 GB   30 KB/s    99h+[K[?25h[?2026l[?2026h[?25l[A[1Gpulling manifest [K
pulling 043a363c6ca3:   3% ▕                  ▏ 571 MB/ 21 GB   25 KB/s    99h+[K[?25h[?2026l[?2026h[?25l[A[1Gpulling manifest [K
pulling 043a363c6ca3:   3% ▕                  ▏ 571 MB/ 21 GB   26 KB/s    99h+[K[?25h[?2026l[?2026h[?25l[A[1Gpulling manifest [K
pulling 043a363c6ca3:   3% ▕                  ▏ 571 MB/ 21 GB   26 KB/s    99h+[K[?25h[?2026l[?2026h[?25l[A[1Gpulling manifest [K
pulling 043a363c6ca3:   3% ▕                  ▏ 571 MB/ 21 GB   25 KB/s    99h+[K[?25h[?2026l[?2026h[?25l[A[1Gpulling manifest [K
pulling 043a363c6ca3:   3% ▕                  ▏ 571 MB/ 21 GB   27 KB/s    99h+[K[?25h[?2026l[?2026h[?25l[A[1Gpulling manifest [K
pulling 043a363c6ca3:   3% ▕                  ▏ 571 MB/ 21 GB   27 KB/s    99h+[K[?25h[?2026l[?2026h[?25l[A[1Gpulling manifest [K
pulling 043a363c6ca3:   3% ▕                  ▏ 571 MB/ 21 GB   29 KB/s    99h+[K[?25h[?2026l[?2026h[?25l[A[1Gpulling manifest [K
pulling 043a363c6ca3:   3% ▕                  ▏ 571 MB/ 21 GB   29 KB/s    99h+[K[?25h[?2026l[?2026h[?25l[A[1Gpulling manifest [K
pulling 043a363c6ca3:   3% ▕                  ▏ 571 MB/ 21 GB   25 KB/s    99h+[K[?25h[?2026l[?2026h[?25l[A[1Gpulling manifest [K
pulling 043a363c6ca3:   3% ▕                  ▏ 571 MB/ 21 GB   25 KB/s    99h+[K[?25h[?2026l[?2026h[?25l[A[1Gpulling manifest [K
pulling 043a363c6ca3:   3% ▕                  ▏ 571 MB/ 21 GB   27 KB/s    99h+[K[?25h[?2026l[?2026h[?25l[A[1Gpulling manifest [K
pulling 043a363c6ca3:   3% ▕                  ▏ 571 MB/ 21 GB   30 KB/s    99h+[K[?25h[?2026l[?2026h[?25l[A[1Gpulling manifest [K
pulling 043a363c6ca3:   3% ▕                  ▏ 571 MB/ 21 GB   29 KB/s    99h+[K[?25h[?2026l[?2026h[?25l[A[1Gpulling manifest [K
pulling 043a363c6ca3:   3% ▕                  ▏ 571 MB/ 21 GB   28 KB/s    99h+[K[?25h[?2026l[?2026h[?25l[A[1Gpulling manifest [K
pulling 043a363c6ca3:   3% ▕                  ▏ 574 MB/ 21 GB   28 KB/s    99h+[K[?25h[?2026l[?2026h[?25l[A[1Gpulling manifest [K
pulling 043a363c6ca3:   3% ▕                  ▏ 577 MB/ 21 GB  381 KB/s  14h58m[K[?25h[?2026l[?2026h[?25l[A[1Gpulling manifest [K
pulling 043a363c6ca3:   3% ▕                  ▏ 578 MB/ 21 GB  610 KB/s   9h22m[K[?25h[?2026l[?2026h[?25l[A[1Gpulling manifest [K
pulling 043a363c6ca3:   3% ▕                  ▏ 581 MB/ 21 GB  610 KB/s   9h22m[K[?25h[?2026l[?2026h[?25l[A[1Gpulling manifest [K
pulling 043a363c6ca3:   3% ▕                  ▏ 582 MB/ 21 GB  610 KB/s   9h21m[K[?25h[?2026l[?2026h[?25l[A[1Gpulling manifest [K
pulling 043a363c6ca3:   3% ▕                  ▏ 584 MB/ 21 GB  610 KB/s   9h21m[K[?25h[?2026l[?2026h[?25l[A[1Gpulling manifest [K
pulling 043a363c6ca3:   3% ▕                  ▏ 585 MB/ 21 GB  1.6 MB/s   3h38m[K[?25h[?2026l[?2026h[?25l[A[1Gpulling manifest [K
pulling 043a363c6ca3:   3% ▕                  ▏ 585 MB/ 21 GB  1.6 MB/s   3h38m[K[?25h[?2026l[?2026h[?25l[A[1Gpulling manifest [K
pulling 043a363c6ca3:   3% ▕                  ▏ 585 MB/ 21 GB  1.4 MB/s    4h1m[K[?25h[?2026l[?2026h[?25l[A[1Gpulling manifest [K
pulling 043a363c6ca3:   3% ▕                  ▏ 585 MB/ 21 GB  1.4 MB/s    4h1m[K[?25h[?2026l[?2026h[?25l[A[1Gpulling manifest [K
pulling 043a363c6ca3:   3% ▕                  ▏ 585 MB/ 21 GB  1.4 MB/s    4h1m[K[?25h[?2026l[?2026h[?25l[A[1Gpulling manifest [K
pulling 043a363c6ca3:   3% ▕                  ▏ 589 MB/ 21 GB  1.4 MB/s    4h1m[K[?25h[?2026l[?2026h[?25l[A[1Gpulling manifest [K
pulling 043a363c6ca3:   3% ▕                  ▏ 593 MB/ 21 GB  2.1 MB/s   2h41m[K[?25h[?2026l[?2026h[?25l[A[1Gpulling manifest [K
pulling 043a363c6ca3:   3% ▕                  ▏ 593 MB/ 21 GB  2.1 MB/s   2h41m[K[?25h[?2026l[?2026h[?25l[A[1Gpulling manifest [K
pulling 043a363c6ca3:   3% ▕                  ▏ 594 MB/ 21 GB  2.2 MB/s   2h34m[K[?25h[?2026l[?2026h[?25l[A[1Gpulling manifest [K
pulling 043a363c6ca3:   3% ▕                  ▏ 594 MB/ 21 GB  2.5 MB/s   2h15m[K[?25h[?2026l[?2026h[?25l[A[1Gpulling manifest [K
pulling 043a363c6ca3:   3% ▕                  ▏ 595 MB/ 21 GB  2.2 MB/s   2h38m[K[?25h[?2026l[?2026h[?25l[A[1Gpulling manifest [K
pulling 043a363c6ca3:   3% ▕                  ▏ 600 MB/ 21 GB  1.2 MB/s   4h37m[K[?25h[?2026l[?2026h[?25l[A[1Gpulling manifest [K
pulling 043a363c6ca3:   3% ▕                  ▏ 606 MB/ 21 GB  2.2 MB/s   2h36m[K[?25h[?2026l[?2026h[?25l[A[1Gpulling manifest [K
pulling 043a363c6ca3:   3% ▕                  ▏ 606 MB/ 21 GB  1.5 MB/s   3h45m[K[?25h[?2026l[?2026h[?25l[A[1Gpulling manifest [K
pulling 043a363c6ca3:   3% ▕                  ▏ 616 MB/ 21 GB  2.1 MB/s   2h39m[K[?25h[?2026l[?2026h[?25l[A[1Gpulling manifest [K
pulling 043a363c6ca3:   3% ▕                  ▏ 620 MB/ 21 GB  2.4 MB/s   2h21m[K[?25h[?2026l[?2026h[?25l[A[1Gpulling manifest [K
pulling 043a363c6ca3:   3% ▕                  ▏ 628 MB/ 21 GB  2.4 MB/s   2h22m[K[?25h[?2026l[?2026h[?25l[A[1Gpulling manifest [K
pulling 043a363c6ca3:   3% ▕                  ▏ 634 MB/ 21 GB  2.5 MB/s   2h17m[K[?25h[?2026l[?2026h[?25l[A[1Gpulling manifest [K
pulling 043a363c6ca3:   3% ▕                  ▏ 640 MB/ 21 GB  3.0 MB/s   1h52m[K[?25h[?2026l[?2026h[?25l[A[1Gpulling manifest [K
pulling 043a363c6ca3:   3% ▕                  ▏ 640 MB/ 21 GB  3.0 MB/s   1h52m[K[?25h[?2026l[?2026h[?25l[A[1Gpulling manifest [K
pulling 043a363c6ca3:   3% ▕                  ▏ 640 MB/ 21 GB  3.0 MB/s   1h52m[K[?25h[?2026l[?2026h[?25l[A[1Gpulling manifest [K
pulling 043a363c6ca3:   3% ▕                  ▏ 640 MB/ 21 GB  3.0 MB/s   1h52m[K[?25h[?2026l[?2026h[?25l[A[1Gpulling manifest [K
pulling 043a363c6ca3:   3% ▕                  ▏ 640 MB/ 21 GB  2.4 MB/s   2h22m[K[?25h[?2026l[?2026h[?25l[A[1Gpulling manifest [K
pulling 043a363c6ca3:   3% ▕                  ▏ 640 MB/ 21 GB  2.4 MB/s   2h22m[K[?25h[?2026l[?2026h[?25l[A[1Gpulling manifest [K
pulling 043a363c6ca3:   3% ▕                  ▏ 647 MB/ 21 GB  2.6 MB/s    2h9m[K[?25h[?2026l[?2026h[?25l[A[1Gpulling manifest [K
pulling 043a363c6ca3:   3% ▕                  ▏ 647 MB/ 21 GB  2.6 MB/s    2h9m[K[?25h[?2026l[?2026h[?25l[A[1Gpulling manifest [K
pulling 043a363c6ca3:   3% ▕                  ▏ 648 MB/ 21 GB  2.6 MB/s   2h11m[K[?25h[?2026l[?2026h[?25l[A[1Gpulling manifest [K
pulling 043a363c6ca3:   3% ▕                  ▏ 659 MB/ 21 GB  2.3 MB/s   2h29m[K[?25h[?2026l[?2026h[?25l[A[1Gpulling manifest [K
pulling 043a363c6ca3:   3% ▕                  ▏ 664 MB/ 21 GB  2.8 MB/s    2h4m[K[?25h[?2026l[?2026h[?25l[A[1Gpulling manifest [K
pulling 043a363c6ca3:   3% ▕                  ▏ 665 MB/ 21 GB  2.6 MB/s   2h10m[K[?25h[?2026l[?2026h[?25l[A[1Gpulling manifest [K
pulling 043a363c6ca3:   3% ▕                  ▏ 667 MB/ 21 GB  2.5 MB/s   2h15m[K[?25h[?2026l[?2026h[?25l[A[1Gpulling manifest [K
pulling 043a363c6ca3:   3% ▕                  ▏ 669 MB/ 21 GB  2.8 MB/s    2h0m[K[?25h[?2026l[?2026h[?25l[A[1Gpulling manifest [K
pulling 043a363c6ca3:   3% ▕                  ▏ 671 MB/ 21 GB  3.0 MB/s   1h52m[K[?25h[?2026l[?2026h[?25l[A[1Gpulling manifest [K
pulling 043a363c6ca3:   3% ▕                  ▏ 672 MB/ 21 GB  2.5 MB/s   2h15m[K[?25h[?2026l[?2026h[?25l[A[1Gpulling manifest [K
pulling 043a363c6ca3:   3% ▕                  ▏ 678 MB/ 21 GB  3.0 MB/s   1h52m[K[?25h[?2026l[?2026h[?25l[A[1Gpulling manifest [K
pulling 043a363c6ca3:   3% ▕                  ▏ 683 MB/ 21 GB  3.9 MB/s   1h26m[K[?25h[?2026l[?2026h[?25l[A[1Gpulling manifest [K
pulling 043a363c6ca3:   3% ▕                  ▏ 692 MB/ 21 GB  3.3 MB/s   1h43m[K[?25h[?2026l[?2026h[?25l[A[1Gpulling manifest [K
pulling 043a363c6ca3:   3% ▕                  ▏ 694 MB/ 21 GB  3.0 MB/s   1h53m[K[?25h[?2026l[?2026h[?25l[A[1Gpulling manifest [K
pulling 043a363c6ca3:   3% ▕                  ▏ 697 MB/ 21 GB  3.0 MB/s   1h53m[K[?25h[?2026l[?2026h[?25l[A[1Gpulling manifest [K
pulling 043a363c6ca3:   3% ▕                  ▏ 701 MB/ 21 GB  3.5 MB/s   1h37m[K[?25h[?2026l[?2026h[?25l[A[1Gpulling manifest [K
pulling 043a363c6ca3:   3% ▕                  ▏ 702 MB/ 21 GB  3.3 MB/s   1h42m[K[?25h[?2026l[?2026h[?25l[A[1Gpulling manifest [K
pulling 043a363c6ca3:   3% ▕                  ▏ 706 MB/ 21 GB  3.4 MB/s   1h40m[K[?25h[?2026l[?2026h[?25l[A[1Gpulling manifest [K
pulling 043a363c6ca3:   3% ▕                  ▏ 711 MB/ 21 GB  3.7 MB/s   1h32m[K[?25h[?2026l[?2026h[?25l[A[1Gpulling manifest [K
pulling 043a363c6ca3:   3% ▕                  ▏ 723 MB/ 21 GB  3.9 MB/s   1h26m[K[?25h[?2026l[?2026h[?25l[A[1Gpulling manifest [K
pulling 043a363c6ca3:   3% ▕                  ▏ 725 MB/ 21 GB  3.5 MB/s   1h37m[K[?25h[?2026l[?2026h[?25l[A[1Gpulling manifest [K
pulling 043a363c6ca3:   3% ▕                  ▏ 733 MB/ 21 GB  3.1 MB/s   1h50m[K[?25h[?2026l[?2026h[?25l[A[1Gpulling manifest [K
pulling 043a363c6ca3:   3% ▕                  ▏ 736 MB/ 21 GB  3.7 MB/s   1h31m[K[?25h[?2026l[?2026h[?25l[A[1Gpulling manifest [K
pulling 043a363c6ca3:   3% ▕                  ▏ 736 MB/ 21 GB  3.6 MB/s   1h35m[K[?25h[?2026l[?2026h[?25l[A[1Gpulling manifest [K
pulling 043a363c6ca3:   3% ▕                  ▏ 737 MB/ 21 GB  3.4 MB/s   1h39m[K[?25h[?2026l[?2026h[?25l[A[1Gpulling manifest [K
pulling 043a363c6ca3:   4% ▕                  ▏ 744 MB/ 21 GB  3.6 MB/s   1h34m[K[?25h[?2026l[?2026h[?25l[A[1Gpulling manifest [K
pulling 043a363c6ca3:   4% ▕                  ▏ 749 MB/ 21 GB                  [K[?25h[?2026l[?2026h[?25l[A[1Gpulling manifest [K
pulling 043a363c6ca3:   4% ▕                  ▏ 752 MB/ 21 GB  254 KB/s  22h14m[K[?25h[?2026l[?2026h[?25l[A[1Gpulling manifest [K
pulling 043a363c6ca3:   4% ▕                  ▏ 757 MB/ 21 GB  623 KB/s    9h5m[K[?25h[?2026l[?2026h[?25l[A[1Gpulling manifest [K
pulling 043a363c6ca3:   4% ▕                  ▏ 759 MB/ 21 GB  1.1 MB/s   5h12m[K[?25h[?2026l[?2026h[?25l[A[1Gpulling manifest [K
pulling 043a363c6ca3:   4% ▕                  ▏ 762 MB/ 21 GB  1.4 MB/s    4h5m[K[?25h[?2026l[?2026h[?25l[A[1Gpulling manifest [K
pulling 043a363c6ca3:   4% ▕                  ▏ 764 MB/ 21 GB  1.4 MB/s    4h5m[K[?25h[?2026l[?2026h[?25l[A[1Gpulling manifest [K
pulling 043a363c6ca3:   4% ▕                  ▏ 764 MB/ 21 GB  1.4 MB/s    4h5m[K[?25h[?2026l[?2026h[?25l[A[1Gpulling manifest [K
pulling 043a363c6ca3:   4% ▕                  ▏ 764 MB/ 21 GB  1.6 MB/s   3h30m[K[?25h[?2026l[?2026h[?25l[A[1Gpulling manifest [K
pulling 043a363c6ca3:   4% ▕                  ▏ 764 MB/ 21 GB  1.6 MB/s   3h30m[K[?25h[?2026l[?2026h[?25l[A[1Gpulling manifest [K
pulling 043a363c6ca3:   4% ▕                  ▏ 764 MB/ 21 GB  1.6 MB/s   3h30m[K[?25h[?2026l[?2026h[?25l[A[1Gpulling manifest [K
pulling 043a363c6ca3:   4% ▕                  ▏ 764 MB/ 21 GB  1.6 MB/s   3h30m[K[?25h[?2026l[?2026h[?25l[A[1Gpulling manifest [K
pulling 043a363c6ca3:   4% ▕                  ▏ 764 MB/ 21 GB  1.6 MB/s   3h30m[K[?25h[?2026l[?2026h[?25l[A[1Gpulling manifest [K
pulling 043a363c6ca3:   4% ▕                  ▏ 764 MB/ 21 GB  1.6 MB/s   3h29m[K[?25h[?2026l[?2026h[?25l[A[1Gpulling manifest [K
pulling 043a363c6ca3:   4% ▕                  ▏ 764 MB/ 21 GB  1.6 MB/s   3h28m[K[?25h[?2026l[?2026h[?25l[A[1Gpulling manifest [K
pulling 043a363c6ca3:   4% ▕                  ▏ 764 MB/ 21 GB  1.5 MB/s   3h51m[K[?25h[?2026l[?2026h[?25l[A[1Gpulling manifest [K
pulling 043a363c6ca3:   4% ▕                  ▏ 764 MB/ 21 GB  1.2 MB/s   4h34m[K[?25h[?2026l[?2026h[?25l[A[1Gpulling manifest [K
pulling 043a363c6ca3:   4% ▕                  ▏ 764 MB/ 21 GB  1.2 MB/s   4h34m[K[?25h[?2026l[?2026h[?25l[A[1Gpulling manifest [K
pulling 043a363c6ca3:   4% ▕                  ▏ 766 MB/ 21 GB  915 KB/s   6h11m[K[?25h[?2026l[?2026h[?25l[A[1Gpulling manifest [K
pulling 043a363c6ca3:   4% ▕                  ▏ 772 MB/ 21 GB  838 KB/s   6h45m[K[?25h[?2026l[?2026h[?25l[A[1Gpulling manifest [K
pulling 043a363c6ca3:   4% ▕                  ▏ 775 MB/ 21 GB  1.3 MB/s   4h26m[K[?25h[?2026l[?2026h[?25l[A[1Gpulling manifest [K
pulling 043a363c6ca3:   4% ▕                  ▏ 786 MB/ 21 GB  2.0 MB/s   2h52m[K[?25h[?2026l[?2026h[?25l[A[1Gpulling manifest [K
pulling 043a363c6ca3:   4% ▕                  ▏ 788 MB/ 21 GB  2.0 MB/s   2h52m[K[?25h[?2026l[?2026h[?25l[A[1Gpulling manifest [K
pulling 043a363c6ca3:   4% ▕                  ▏ 788 MB/ 21 GB  2.2 MB/s   2h36m[K[?25h[?2026l[?2026h[?25l[A[1Gpulling manifest [K
pulling 043a363c6ca3:   4% ▕                  ▏ 793 MB/ 21 GB  2.6 MB/s    2h9m[K[?25h[?2026l[?2026h[?25l[A[1Gpulling manifest [K
pulling 043a363c6ca3:   4% ▕                  ▏ 796 MB/ 21 GB  2.6 MB/s    2h9m[K[?25h[?2026l[?2026h[?25l[A[1Gpulling manifest [K
pulling 043a363c6ca3:   4% ▕                  ▏ 803 MB/ 21 GB  3.6 MB/s   1h33m[K[?25h[?2026l[?2026h[?25l[A[1Gpulling manifest [K
pulling 043a363c6ca3:   4% ▕                  ▏ 804 MB/ 21 GB  3.6 MB/s   1h33m[K[?25h[?2026l[?2026h[?25l[A[1Gpulling manifest [K
pulling 043a363c6ca3:   4% ▕                  ▏ 806 MB/ 21 GB  4.1 MB/s   1h21m[K[?25h[?2026l[?2026h[?25l[A[1Gpulling manifest [K
pulling 043a363c6ca3:   4% ▕                  ▏ 806 MB/ 21 GB  4.1 MB/s   1h21m[K[?25h[?2026l[?2026h[?25l[A[1Gpulling manifest [K
pulling 043a363c6ca3:   4% ▕                  ▏ 807 MB/ 21 GB  4.1 MB/s   1h21m[K[?25h[?2026l[?2026h[?25l[A[1Gpulling manifest [K
pulling 043a363c6ca3:   4% ▕                  ▏ 807 MB/ 21 GB  4.1 MB/s   1h21m[K[?25h[?2026l[?2026h[?25l[A[1Gpulling manifest [K
pulling 043a363c6ca3:   4% ▕                  ▏ 809 MB/ 21 GB  4.4 MB/s   1h17m[K[?25h[?2026l[?2026h[?25l[A[1Gpulling manifest [K
pulling 043a363c6ca3:   4% ▕                  ▏ 811 MB/ 21 GB  4.3 MB/s   1h19m[K[?25h[?2026l[?2026h[?25l[A[1Gpulling manifest [K
pulling 043a363c6ca3:   4% ▕                  ▏ 817 MB/ 21 GB  4.2 MB/s   1h20m[K[?25h[?2026l[?2026h[?25l[A[1Gpulling manifest [K
pulling 043a363c6ca3:   4% ▕                  ▏ 822 MB/ 21 GB  4.2 MB/s   1h20m[K[?25h[?2026l[?2026h[?25l[A[1Gpulling manifest [K
pulling 043a363c6ca3:   4% ▕                  ▏ 831 MB/ 21 GB  4.4 MB/s   1h17m[K[?25h[?2026l[?2026h[?25l[A[1Gpulling manifest [K
pulling 043a363c6ca3:   4% ▕                  ▏ 847 MB/ 21 GB  5.7 MB/s  58m53s[K[?25h[?2026l[?2026h[?25l[A[1Gpulling manifest [K
pulling 043a363c6ca3:   4% ▕                  ▏ 848 MB/ 21 GB  5.7 MB/s  58m53s[K[?25h[?2026l[?2026h[?25l[A[1Gpulling manifest [K
pulling 043a363c6ca3:   4% ▕                  ▏ 849 MB/ 21 GB  5.5 MB/s    1h1m[K[?25h[?2026l[?2026h[?25l[A[1Gpulling manifest [K
pulling 043a363c6ca3:   4% ▕                  ▏ 849 MB/ 21 GB  4.8 MB/s    1h9m[K[?25h[?2026l[?2026h[?25l[A[1Gpulling manifest [K
pulling 043a363c6ca3:   4% ▕                  ▏ 854 MB/ 21 GB  4.5 MB/s   1h15m[K[?25h[?2026l[?2026h[?25l[A[1Gpulling manifest [K
pulling 043a363c6ca3:   4% ▕                  ▏ 860 MB/ 21 GB  4.8 MB/s    1h9m[K[?25h[?2026l[?2026h[?25l[A[1Gpulling manifest [K
pulling 043a363c6ca3:   4% ▕                  ▏ 860 MB/ 21 GB  5.0 MB/s    1h8m[K[?25h[?2026l[?2026h[?25l[A[1Gpulling manifest [K
pulling 043a363c6ca3:   4% ▕                  ▏ 863 MB/ 21 GB  4.7 MB/s   1h12m[K[?25h[?2026l[?2026h[?25l[A[1Gpulling manifest [K
pulling 043a363c6ca3:   4% ▕                  ▏ 864 MB/ 21 GB  4.1 MB/s   1h21m[K[?25h[?2026l[?2026h[?25l[A[1Gpulling manifest [K
pulling 043a363c6ca3:   4% ▕                  ▏ 867 MB/ 21 GB  4.1 MB/s   1h21m[K[?25h[?2026l[?2026h[?25l[A[1Gpulling manifest [K
pulling 043a363c6ca3:   4% ▕                  ▏ 868 MB/ 21 GB  3.5 MB/s   1h35m[K[?25h[?2026l[?2026h[?25l[A[1Gpulling manifest [K
pulling 043a363c6ca3:   4% ▕                  ▏ 868 MB/ 21 GB  2.2 MB/s   2h32m[K[?25h[?2026l[?2026h[?25l[A[1Gpulling manifest [K
pulling 043a363c6ca3:   4% ▕                  ▏ 869 MB/ 21 GB  2.0 MB/s   2h45m[K[?25h[?2026l[?2026h[?25l[A[1Gpulling manifest [K
pulling 043a363c6ca3:   4% ▕                  ▏ 871 MB/ 21 GB  2.1 MB/s   2h37m[K[?25h[?2026l[?2026h[?25l[A[1Gpulling manifest [K
pulling 043a363c6ca3:   4% ▕                  ▏ 878 MB/ 21 GB  2.1 MB/s   2h37m[K[?25h[?2026l[?2026h[?25l[A[1Gpulling manifest [K
pulling 043a363c6ca3:   4% ▕                  ▏ 886 MB/ 21 GB  2.6 MB/s    2h8m[K[?25h[?2026l[?2026h[?25l[A[1Gpulling manifest [K
pulling 043a363c6ca3:   4% ▕                  ▏ 890 MB/ 21 GB  2.6 MB/s    2h8m[K[?25h[?2026l[?2026h[?25l[A[1Gpulling manifest [K
pulling 043a363c6ca3:   4% ▕                  ▏ 902 MB/ 21 GB  4.1 MB/s   1h22m[K[?25h[?2026l[?2026h[?25l[A[1Gpulling manifest [K
pulling 043a363c6ca3:   4% ▕                  ▏ 906 MB/ 21 GB  4.1 MB/s   1h22m[K[?25h[?2026l[?2026h[?25l[A[1Gpulling manifest [K
pulling 043a363c6ca3:   4% ▕                  ▏ 913 MB/ 21 GB  5.2 MB/s    1h4m[K[?25h[?2026l[?2026h[?25l[A[1Gpulling manifest [K
pulling 043a363c6ca3:   4% ▕                  ▏ 924 MB/ 21 GB  5.7 MB/s  58m54s[K[?25h[?2026l[?2026h[?25l[A[1Gpulling manifest [K
pulling 043a363c6ca3:   4% ▕                  ▏ 924 MB/ 21 GB  6.2 MB/s   54m2s[K[?25h[?2026l[?2026h[?25l[A[1Gpulling manifest [K
pulling 043a363c6ca3:   4% ▕                  ▏ 924 MB/ 21 GB  6.2 MB/s   54m2s[K[?25h[?2026l[?2026h[?25l[A[1Gpulling manifest [K
pulling 043a363c6ca3:   4% ▕                  ▏ 924 MB/ 21 GB  6.2 MB/s  54m35s[K[?25h[?2026l[?2026h[?25l[A[1Gpulling manifest [K
pulling 043a363c6ca3:   4% ▕                  ▏ 924 MB/ 21 GB  5.5 MB/s    1h1m[K[?25h[?2026l[?2026h[?25l[A[1Gpulling manifest [K
pulling 043a363c6ca3:   4% ▕                  ▏ 924 MB/ 21 GB  5.4 MB/s    1h2m[K[?25h[?2026l[?2026h[?25l[A[1Gpulling manifest [K
pulling 043a363c6ca3:   4% ▕                  ▏ 924 MB/ 21 GB  5.4 MB/s    1h2m[K[?25h[?2026l[?2026h[?25l[A[1Gpulling manifest [K
pulling 043a363c6ca3:   4% ▕                  ▏ 924 MB/ 21 GB  4.9 MB/s    1h9m[K[?25h[?2026l[?2026h[?25l[A[1Gpulling manifest [K
pulling 043a363c6ca3:   4% ▕                  ▏ 924 MB/ 21 GB  3.6 MB/s   1h33m[K[?25h[?2026l[?2026h[?25l[A[1Gpulling manifest [K
pulling 043a363c6ca3:   4% ▕                  ▏ 924 MB/ 21 GB  2.6 MB/s    2h7m[K[?25h[?2026l[?2026h[?25l[A[1Gpulling manifest [K
pulling 043a363c6ca3:   4% ▕                  ▏ 924 MB/ 21 GB  1.5 MB/s   3h41m[K[?25h[?2026l[?2026h[?25l[A[1Gpulling manifest [K
pulling 043a363c6ca3:   4% ▕                  ▏ 925 MB/ 21 GB  666 KB/s   8h26m[K[?25h[?2026l[?2026h[?25l[A[1Gpulling manifest [K
pulling 043a363c6ca3:   4% ▕                  ▏ 925 MB/ 21 GB  666 KB/s   8h26m[K[?25h[?2026l[?2026h[?25l[A[1Gpulling manifest [K
pulling 043a363c6ca3:   4% ▕                  ▏ 928 MB/ 21 GB  322 KB/s  17h25m[K[?25h[?2026l[?2026h[?25l[A[1Gpulling manifest [K
pulling 043a363c6ca3:   4% ▕                  ▏ 928 MB/ 21 GB  432 KB/s   13h0m[K[?25h[?2026l[?2026h[?25l[A[1Gpulling manifest [K
pulling 043a363c6ca3:   4% ▕                  ▏ 935 MB/ 21 GB  432 KB/s   13h0m[K[?25h[?2026l[?2026h[?25l[A[1Gpulling manifest [K
pulling 043a363c6ca3:   4% ▕                  ▏ 935 MB/ 21 GB  1.2 MB/s   4h43m[K[?25h[?2026l[?2026h[?25l[A[1Gpulling manifest [K
pulling 043a363c6ca3:   4% ▕                  ▏ 935 MB/ 21 GB  1.3 MB/s   4h26m[K[?25h[?2026l[?2026h[?25l[A[1Gpulling manifest [K
pulling 043a363c6ca3:   4% ▕                  ▏ 936 MB/ 21 GB  1.3 MB/s   4h25m[K[?25h[?2026l[?2026h[?25l[A[1Gpulling manifest [K
pulling 043a363c6ca3:   4% ▕                  ▏ 943 MB/ 21 GB  2.2 MB/s   2h36m[K[?25h[?2026l[?2026h[?25l[A[1Gpulling manifest [K
pulling 043a363c6ca3:   4% ▕                  ▏ 949 MB/ 21 GB  2.2 MB/s   2h36m[K[?25h[?2026l[?2026h[?25l[A[1Gpulling manifest [K
pulling 043a363c6ca3:   5% ▕                  ▏ 953 MB/ 21 GB  3.1 MB/s   1h49m[K[?25h[?2026l[?2026h[?25l[A[1Gpulling manifest [K
pulling 043a363c6ca3:   5% ▕                  ▏ 956 MB/ 21 GB  3.1 MB/s   1h49m[K[?25h[?2026l[?2026h[?25l[A[1Gpulling manifest [K
pulling 043a363c6ca3:   5% ▕                  ▏ 964 MB/ 21 GB  3.9 MB/s   1h26m[K[?25h[?2026l[?2026h[?25l[A[1Gpulling manifest [K
pulling 043a363c6ca3:   5% ▕                  ▏ 968 MB/ 21 GB  4.8 MB/s   1h10m[K[?25h[?2026l[?2026h[?25l[A[1Gpulling manifest [K
pulling 043a363c6ca3:   5% ▕                  ▏ 970 MB/ 21 GB  4.8 MB/s   1h10m[K[?25h[?2026l[?2026h[?25l[A[1Gpulling manifest [K
pulling 043a363c6ca3:   5% ▕                  ▏ 970 MB/ 21 GB  4.8 MB/s   1h10m[K[?25h[?2026l[?2026h[?25l[A[1Gpulling manifest [K
pulling 043a363c6ca3:   5% ▕                  ▏ 970 MB/ 21 GB  4.7 MB/s   1h11m[K[?25h[?2026l[?2026h[?25l[A[1Gpulling manifest [K
pulling 043a363c6ca3:   5% ▕                  ▏ 987 MB/ 21 GB  4.7 MB/s   1h11m[K[?25h[?2026l[?2026h[?25l[A[1Gpulling manifest [K
pulling 043a363c6ca3:   5% ▕                  ▏ 987 MB/ 21 GB  5.8 MB/s  57m39s[K[?25h[?2026l[?2026h[?25l[A[1Gpulling manifest [K
pulling 043a363c6ca3:   5% ▕                  ▏ 991 MB/ 21 GB  5.9 MB/s  57m17s[K[?25h[?2026l[?2026h[?25l[A[1Gpulling manifest [K
pulling 043a363c6ca3:   5% ▕                  ▏ 993 MB/ 21 GB  6.4 MB/s  52m53s[K[?25h[?2026l[?2026h[?25l[A[1Gpulling manifest [K
pulling 043a363c6ca3:   5% ▕                  ▏ 995 MB/ 21 GB  6.4 MB/s  52m53s[K[?25h[?2026l[?2026h[?25l[A[1Gpulling manifest [K
pulling 043a363c6ca3:   5% ▕                  ▏ 1.0 GB/ 21 GB  5.7 MB/s  58m47s[K[?25h[?2026l[?2026h[?25l[A[1Gpulling manifest [K
pulling 043a363c6ca3:   5% ▕                  ▏ 1.0 GB/ 21 GB  5.7 MB/s  58m47s[K[?25h[?2026l[?2026h[?25l[A[1Gpulling manifest [K
pulling 043a363c6ca3:   5% ▕                  ▏ 1.0 GB/ 21 GB  5.3 MB/s    1h3m[K[?25h[?2026l[?2026h[?25l[A[1Gpulling manifest [K
pulling 043a363c6ca3:   5% ▕                  ▏ 1.0 GB/ 21 GB  5.3 MB/s    1h3m[K[?25h[?2026l[?2026h[?25l[A[1Gpulling manifest [K
pulling 043a363c6ca3:   5% ▕                  ▏ 1.0 GB/ 21 GB  4.9 MB/s    1h9m[K[?25h[?2026l[?2026h[?25l[A[1Gpulling manifest [K
pulling 043a363c6ca3:   5% ▕                  ▏ 1.0 GB/ 21 GB  4.9 MB/s    1h9m[K[?25h[?2026l[?2026h[?25l[A[1Gpulling manifest [K
pulling 043a363c6ca3:   5% ▕                  ▏ 1.0 GB/ 21 GB  4.3 MB/s   1h17m[K[?25h[?2026l[?2026h[?25l[A[1Gpulling manifest [K
pulling 043a363c6ca3:   5% ▕                  ▏ 1.0 GB/ 21 GB  5.2 MB/s    1h4m[K[?25h[?2026l[?2026h[?25l[A[1Gpulling manifest [K
pulling 043a363c6ca3:   5% ▕                  ▏ 1.0 GB/ 21 GB  5.2 MB/s    1h4m[K[?25h[?2026l[?2026h[?25l[A[1Gpulling manifest [K
pulling 043a363c6ca3:   5% ▕                  ▏ 1.0 GB/ 21 GB  3.8 MB/s   1h28m[K[?25h[?2026l[?2026h[?25l[A[1Gpulling manifest [K
pulling 043a363c6ca3:   5% ▕                  ▏ 1.0 GB/ 21 GB  4.1 MB/s   1h21m[K[?25h[?2026l[?2026h[?25l[A[1Gpulling manifest [K
pulling 043a363c6ca3:   5% ▕                  ▏ 1.0 GB/ 21 GB  4.2 MB/s   1h20m[K[?25h[?2026l[?2026h[?25l[A[1Gpulling manifest [K
pulling 043a363c6ca3:   5% ▕                  ▏ 1.0 GB/ 21 GB  4.1 MB/s   1h20m[K[?25h[?2026l[?2026h[?25l[A[1Gpulling manifest [K
pulling 043a363c6ca3:   5% ▕                  ▏ 1.0 GB/ 21 GB  3.5 MB/s   1h35m[K[?25h[?2026l[?2026h[?25l[A[1Gpulling manifest [K
pulling 043a363c6ca3:   5% ▕                  ▏ 1.0 GB/ 21 GB  3.2 MB/s   1h44m[K[?25h[?2026l[?2026h[?25l[A[1Gpulling manifest [K
pulling 043a363c6ca3:   5% ▕                  ▏ 1.0 GB/ 21 GB  2.7 MB/s    2h2m[K[?25h[?2026l[?2026h[?25l[A[1Gpulling manifest [K
pulling 043a363c6ca3:   5% ▕                  ▏ 1.0 GB/ 21 GB  2.7 MB/s    2h2m[K[?25h[?2026l[?2026h[?25l[A[1Gpulling manifest [K
pulling 043a363c6ca3:   5% ▕                  ▏ 1.0 GB/ 21 GB  2.9 MB/s   1h56m[K[?25h[?2026l[?2026h[?25l[A[1Gpulling manifest [K
pulling 043a363c6ca3:   5% ▕                  ▏ 1.0 GB/ 21 GB  1.9 MB/s   2h54m[K[?25h[?2026l[?2026h[?25l[A[1Gpulling manifest [K
pulling 043a363c6ca3:   5% ▕                  ▏ 1.0 GB/ 21 GB  1.6 MB/s   3h34m[K[?25h[?2026l[?2026h[?25l[A[1Gpulling manifest [K
pulling 043a363c6ca3:   5% ▕                  ▏ 1.0 GB/ 21 GB  1.1 MB/s    5h6m[K[?25h[?2026l[?2026h[?25l[A[1Gpulling manifest [K
pulling 043a363c6ca3:   5% ▕                  ▏ 1.0 GB/ 21 GB  1.1 MB/s    5h6m[K[?25h[?2026l[?2026h[?25l[A[1Gpulling manifest [K
pulling 043a363c6ca3:   5% ▕                  ▏ 1.0 GB/ 21 GB  559 KB/s   9h59m[K[?25h[?2026l[?2026h[?25l[A[1Gpulling manifest [K
pulling 043a363c6ca3:   5% ▕                  ▏ 1.0 GB/ 21 GB  293 KB/s   19h2m[K[?25h[?2026l[?2026h[?25l[A[1Gpulling manifest [K
pulling 043a363c6ca3:   5% ▕                  ▏ 1.0 GB/ 21 GB  293 KB/s   19h2m[K[?25h[?2026l[?2026h[?25l[A[1Gpulling manifest [K
pulling 043a363c6ca3:   5% ▕                  ▏ 1.0 GB/ 21 GB  293 KB/s   19h2m[K[?25h[?2026l[?2026h[?25l[A[1Gpulling manifest [K
pulling 043a363c6ca3:   5% ▕                  ▏ 1.0 GB/ 21 GB  122 KB/s  45h39m[K[?25h[?2026l[?2026h[?25l[A[1Gpulling manifest [K
pulling 043a363c6ca3:   5% ▕                  ▏ 1.0 GB/ 21 GB  122 KB/s  45h39m[K[?25h[?2026l[?2026h[?25l[A[1Gpulling manifest [K
pulling 043a363c6ca3:   5% ▕                  ▏ 1.0 GB/ 21 GB  128 KB/s  43h19m[K[?25h[?2026l[?2026h[?25l[A[1Gpulling manifest [K
pulling 043a363c6ca3:   5% ▕                  ▏ 1.0 GB/ 21 GB  128 KB/s  43h19m[K[?25h[?2026l[?2026h[?25l[A[1Gpulling manifest [K
pulling 043a363c6ca3:   5% ▕                  ▏ 1.1 GB/ 21 GB  996 KB/s   5h36m[K[?25h[?2026l[?2026h[?25l[A[1Gpulling manifest [K
pulling 043a363c6ca3:   5% ▕                  ▏ 1.1 GB/ 21 GB  996 KB/s   5h36m[K[?25h[?2026l[?2026h[?25l[A[1Gpulling manifest [K
pulling 043a363c6ca3:   5% ▕                  ▏ 1.1 GB/ 21 GB  1.8 MB/s    3h6m[K[?25h[?2026l[?2026h[?25l[A[1Gpulling manifest [K
pulling 043a363c6ca3:   5% ▕                  ▏ 1.1 GB/ 21 GB  1.8 MB/s    3h6m[K[?25h[?2026l[?2026h[?25l[A[1Gpulling manifest [K
pulling 043a363c6ca3:   5% ▕                  ▏ 1.1 GB/ 21 GB  1.8 MB/s    3h6m[K[?25h[?2026l[?2026h[?25l[A[1Gpulling manifest [K
pulling 043a363c6ca3:   5% ▕                  ▏ 1.1 GB/ 21 GB  2.2 MB/s   2h31m[K[?25h[?2026l[?2026h[?25l[A[1Gpulling manifest [K
pulling 043a363c6ca3:   5% ▕                  ▏ 1.1 GB/ 21 GB  2.2 MB/s   2h31m[K[?25h[?2026l[?2026h[?25l[A[1Gpulling manifest [K
pulling 043a363c6ca3:   5% ▕                  ▏ 1.1 GB/ 21 GB  2.4 MB/s   2h20m[K[?25h[?2026l[?2026h[?25l[A[1Gpulling manifest [K
pulling 043a363c6ca3:   5% ▕                  ▏ 1.1 GB/ 21 GB  2.4 MB/s   2h20m[K[?25h[?2026l[?2026h[?25l[A[1Gpulling manifest [K
pulling 043a363c6ca3:   5% ▕                  ▏ 1.1 GB/ 21 GB  2.8 MB/s    2h1m[K[?25h[?2026l[?2026h[?25l[A[1Gpulling manifest [K
pulling 043a363c6ca3:   5% ▕                  ▏ 1.1 GB/ 21 GB  2.8 MB/s    2h1m[K[?25h[?2026l[?2026h[?25l[A[1Gpulling manifest [K
pulling 043a363c6ca3:   5% ▕                  ▏ 1.1 GB/ 21 GB  3.1 MB/s   1h47m[K[?25h[?2026l[?2026h[?25l[A[1Gpulling manifest [K
pulling 043a363c6ca3:   5% ▕                  ▏ 1.1 GB/ 21 GB  3.1 MB/s   1h47m[K[?25h[?2026l[?2026h[?25l[A[1Gpulling manifest [K
pulling 043a363c6ca3:   5% ▕                  ▏ 1.1 GB/ 21 GB  3.1 MB/s   1h47m[K[?25h[?2026l[?2026h[?25l[A[1Gpulling manifest [K
pulling 043a363c6ca3:   5% ▕                  ▏ 1.1 GB/ 21 GB  3.1 MB/s   1h47m[K[?25h[?2026l[?2026h[?25l[A[1Gpulling manifest [K
pulling 043a363c6ca3:   5% ▕                  ▏ 1.1 GB/ 21 GB  3.2 MB/s   1h45m[K[?25h[?2026l[?2026h[?25l[A[1Gpulling manifest [K
pulling 043a363c6ca3:   5% ▕                  ▏ 1.1 GB/ 21 GB  3.2 MB/s   1h45m[K[?25h[?2026l[?2026h[?25l[A[1Gpulling manifest [K
pulling 043a363c6ca3:   5% ▕                  ▏ 1.1 GB/ 21 GB  3.2 MB/s   1h45m[K[?25h[?2026l[?2026h[?25l[A[1Gpulling manifest [K
pulling 043a363c6ca3:   5% ▕                  ▏ 1.1 GB/ 21 GB  3.7 MB/s   1h30m[K[?25h[?2026l[?2026h[?25l[A[1Gpulling manifest [K
pulling 043a363c6ca3:   5% ▕                  ▏ 1.1 GB/ 21 GB  3.7 MB/s   1h30m[K[?25h[?2026l[?2026h[?25l[A[1Gpulling manifest [K
pulling 043a363c6ca3:   5% ▕                  ▏ 1.1 GB/ 21 GB  3.7 MB/s   1h30m[K[?25h[?2026l[?2026h[?25l[A[1Gpulling manifest [K
pulling 043a363c6ca3:   5% ▕                  ▏ 1.1 GB/ 21 GB  3.7 MB/s   1h30m[K[?25h[?2026l[?2026h[?25l[A[1Gpulling manifest [K
pulling 043a363c6ca3:   5% ▕                  ▏ 1.1 GB/ 21 GB  4.4 MB/s   1h15m[K[?25h[?2026l[?2026h[?25l[A[1Gpulling manifest [K
pulling 043a363c6ca3:   5% ▕                  ▏ 1.1 GB/ 21 GB  4.4 MB/s   1h15m[K[?25h[?2026l[?2026h[?25l[A[1Gpulling manifest [K
pulling 043a363c6ca3:   5% ▕                  ▏ 1.1 GB/ 21 GB  4.4 MB/s   1h15m[K[?25h[?2026l[?2026h[?25l[A[1Gpulling manifest [K
pulling 043a363c6ca3:   5% ▕                  ▏ 1.1 GB/ 21 GB  4.4 MB/s   1h15m[K[?25h[?2026l[?2026h[?25l[A[1Gpulling manifest [K
pulling 043a363c6ca3:   5% ▕                  ▏ 1.1 GB/ 21 GB  4.4 MB/s   1h15m[K[?25h[?2026l[?2026h[?25l[A[1Gpulling manifest [K
pulling 043a363c6ca3:   5% ▕                  ▏ 1.1 GB/ 21 GB  4.2 MB/s   1h19m[K[?25h[?2026l[?2026h[?25l[A[1Gpulling manifest [K
pulling 043a363c6ca3:   5% ▕                  ▏ 1.1 GB/ 21 GB  4.2 MB/s   1h19m[K[?25h[?2026l[?2026h[?25l[A[1Gpulling manifest [K
pulling 043a363c6ca3:   5% ▕                  ▏ 1.1 GB/ 21 GB  4.2 MB/s   1h19m[K[?25h[?2026l[?2026h[?25l[A[1Gpulling manifest [K
pulling 043a363c6ca3:   5% ▕                  ▏ 1.1 GB/ 21 GB  3.7 MB/s   1h29m[K[?25h[?2026l[?2026h[?25l[A[1Gpulling manifest [K
pulling 043a363c6ca3:   5% ▕                  ▏ 1.1 GB/ 21 GB  3.7 MB/s   1h29m[K[?25h[?2026l[?2026h[?25l[A[1Gpulling manifest [K
pulling 043a363c6ca3:   5% ▕                  ▏ 1.1 GB/ 21 GB  3.8 MB/s   1h29m[K[?25h[?2026l[?2026h[?25l[A[1Gpulling manifest [K
pulling 043a363c6ca3:   5% ▕                  ▏ 1.1 GB/ 21 GB  4.0 MB/s   1h22m[K[?25h[?2026l[?2026h[?25l[A[1Gpulling manifest [K
pulling 043a363c6ca3:   5% ▕                  ▏ 1.1 GB/ 21 GB  4.0 MB/s   1h22m[K[?25h[?2026l[?2026h[?25l[A[1Gpulling manifest [K
pulling 043a363c6ca3:   5% ▕                  ▏ 1.1 GB/ 21 GB  4.4 MB/s   1h15m[K[?25h[?2026l[?2026h[?25l[A[1Gpulling manifest [K
pulling 043a363c6ca3:   5% ▕                  ▏ 1.1 GB/ 21 GB  5.1 MB/s    1h5m[K[?25h[?2026l[?2026h[?25l[A[1Gpulling manifest [K
pulling 043a363c6ca3:   5% ▕                  ▏ 1.1 GB/ 21 GB  5.1 MB/s    1h5m[K[?25h[?2026l[?2026h[?25l[A[1Gpulling manifest [K
pulling 043a363c6ca3:   5% ▕                  ▏ 1.1 GB/ 21 GB  5.1 MB/s    1h5m[K[?25h[?2026l[?2026h[?25l[A[1Gpulling manifest [K
pulling 043a363c6ca3:   5% ▕                  ▏ 1.1 GB/ 21 GB  6.0 MB/s  55m31s[K[?25h[?2026l[?2026h[?25l[A[1Gpulling manifest [K
pulling 043a363c6ca3:   5% ▕                  ▏ 1.1 GB/ 21 GB  6.0 MB/s  55m31s[K[?25h[?2026l[?2026h[?25l[A[1Gpulling manifest [K
pulling 043a363c6ca3:   5% ▕                  ▏ 1.1 GB/ 21 GB  6.3 MB/s  52m45s[K[?25h[?2026l[?2026h[?25l[A[1Gpulling manifest [K
pulling 043a363c6ca3:   5% ▕                  ▏ 1.1 GB/ 21 GB  6.3 MB/s  52m45s[K[?25h[?2026l[?2026h[?25l[A[1Gpulling manifest [K
pulling 043a363c6ca3:   5% ▕                  ▏ 1.1 GB/ 21 GB  6.6 MB/s  50m20s[K[?25h[?2026l[?2026h[?25l[A[1Gpulling manifest [K
pulling 043a363c6ca3:   5% ▕                  ▏ 1.1 GB/ 21 GB  6.6 MB/s  50m20s[K[?25h[?2026l[?2026h[?25l[A[1Gpulling manifest [K
pulling 043a363c6ca3:   5% ▕                  ▏ 1.1 GB/ 21 GB  6.7 MB/s  49m36s[K[?25h[?2026l[?2026h[?25l[A[1Gpulling manifest [K
pulling 043a363c6ca3:   6% ▕                  ▏ 1.2 GB/ 21 GB  7.7 MB/s  43m30s[K[?25h[?2026l[?2026h[?25l[A[1Gpulling manifest [K
pulling 043a363c6ca3:   6% ▕█                 ▏ 1.2 GB/ 21 GB  8.4 MB/s  39m28s[K[?25h[?2026l[?2026h[?25l[A[1Gpulling manifest [K
pulling 043a363c6ca3:   6% ▕█                 ▏ 1.2 GB/ 21 GB  9.3 MB/s  35m49s[K[?25h[?2026l[?2026h[?25l[A[1Gpulling manifest [K
pulling 043a363c6ca3:   6% ▕█                 ▏ 1.2 GB/ 21 GB  8.1 MB/s  40m59s[K[?25h[?2026l[?2026h[?25l[A[1Gpulling manifest [K
pulling 043a363c6ca3:   6% ▕█                 ▏ 1.2 GB/ 21 GB  8.5 MB/s  39m12s[K[?25h[?2026l[?2026h[?25l[A[1Gpulling manifest [K
pulling 043a363c6ca3:   6% ▕█                 ▏ 1.2 GB/ 21 GB  8.5 MB/s  39m11s[K[?25h[?2026l[?2026h[?25l[A[1Gpulling manifest [K
pulling 043a363c6ca3:   6% ▕█                 ▏ 1.2 GB/ 21 GB  8.5 MB/s  38m56s[K[?25h[?2026l[?2026h[?25l[A[1Gpulling manifest [K
pulling 043a363c6ca3:   6% ▕█                 ▏ 1.2 GB/ 21 GB  8.6 MB/s  38m38s[K[?25h[?2026l[?2026h[?25l[A[1Gpulling manifest [K
pulling 043a363c6ca3:   6% ▕█                 ▏ 1.2 GB/ 21 GB  8.5 MB/s   39m5s[K[?25h[?2026l[?2026h[?25l[A[1Gpulling manifest [K
pulling 043a363c6ca3:   6% ▕█                 ▏ 1.2 GB/ 21 GB  8.6 MB/s  38m29s[K[?25h[?2026l[?2026h[?25l[A[1Gpulling manifest [K
pulling 043a363c6ca3:   6% ▕█                 ▏ 1.2 GB/ 21 GB  8.6 MB/s  38m28s[K[?25h[?2026l[?2026h[?25l[A[1Gpulling manifest [K
pulling 043a363c6ca3:   6% ▕█                 ▏ 1.2 GB/ 21 GB  8.3 MB/s  40m11s[K[?25h[?2026l[?2026h[?25l[A[1Gpulling manifest [K
pulling 043a363c6ca3:   6% ▕█                 ▏ 1.2 GB/ 21 GB  7.1 MB/s  46m26s[K[?25h[?2026l[?2026h[?25l[A[1Gpulling manifest [K
pulling 043a363c6ca3:   6% ▕█                 ▏ 1.2 GB/ 21 GB  7.1 MB/s  46m26s[K[?25h[?2026l[?2026h[?25l[A[1Gpulling manifest [K
pulling 043a363c6ca3:   6% ▕█                 ▏ 1.2 GB/ 21 GB  6.0 MB/s  55m47s[K[?25h[?2026l[?2026h[?25l[A[1Gpulling manifest [K
pulling 043a363c6ca3:   6% ▕█                 ▏ 1.3 GB/ 21 GB  8.1 MB/s  40m57s[K[?25h[?2026l[?2026h[?25l[A[1Gpulling manifest [K
pulling 043a363c6ca3:   6% ▕█                 ▏ 1.3 GB/ 21 GB  6.8 MB/s   49m6s[K[?25h[?2026l[?2026h[?25l[A[1Gpulling manifest [K
pulling 043a363c6ca3:   6% ▕█                 ▏ 1.3 GB/ 21 GB  6.8 MB/s   49m5s[K[?25h[?2026l[?2026h[?25l[A[1Gpulling manifest [K
pulling 043a363c6ca3:   6% ▕█                 ▏ 1.3 GB/ 21 GB  6.0 MB/s   55m3s[K[?25h[?2026l[?2026h[?25l[A[1Gpulling manifest [K
pulling 043a363c6ca3:   6% ▕█                 ▏ 1.3 GB/ 21 GB  5.2 MB/s    1h4m[K[?25h[?2026l[?2026h[?25l[A[1Gpulling manifest [K
pulling 043a363c6ca3:   6% ▕█                 ▏ 1.3 GB/ 21 GB  5.2 MB/s    1h4m[K[?25h[?2026l[?2026h[?25l[A[1Gpulling manifest [K
pulling 043a363c6ca3:   6% ▕█                 ▏ 1.3 GB/ 21 GB  4.7 MB/s   1h11m[K[?25h[?2026l[?2026h[?25l[A[1Gpulling manifest [K
pulling 043a363c6ca3:   6% ▕█                 ▏ 1.3 GB/ 21 GB  5.2 MB/s    1h3m[K[?25h[?2026l[?2026h[?25l[A[1Gpulling manifest [K
pulling 043a363c6ca3:   6% ▕█                 ▏ 1.3 GB/ 21 GB  5.2 MB/s    1h3m[K[?25h[?2026l[?2026h[?25l[A[1Gpulling manifest [K
pulling 043a363c6ca3:   6% ▕█                 ▏ 1.3 GB/ 21 GB  5.2 MB/s    1h3m[K[?25h[?2026l[?2026h[?25l[A[1Gpulling manifest [K
pulling 043a363c6ca3:   6% ▕█                 ▏ 1.3 GB/ 21 GB  5.0 MB/s    1h5m[K[?25h[?2026l[?2026h[?25l[A[1Gpulling manifest [K
pulling 043a363c6ca3:   6% ▕█                 ▏ 1.3 GB/ 21 GB  5.5 MB/s  59m42s[K[?25h[?2026l[?2026h[?25l[A[1Gpulling manifest [K
pulling 043a363c6ca3:   6% ▕█                 ▏ 1.3 GB/ 21 GB  3.8 MB/s   1h26m[K[?25h[?2026l[?2026h[?25l[A[1Gpulling manifest [K
pulling 043a363c6ca3:   6% ▕█                 ▏ 1.3 GB/ 21 GB  3.8 MB/s   1h26m[K[?25h[?2026l[?2026h[?25l[A[1Gpulling manifest [K
pulling 043a363c6ca3:   6% ▕█                 ▏ 1.3 GB/ 21 GB  3.8 MB/s   1h27m[K[?25h[?2026l[?2026h[?25l[A[1Gpulling manifest [K
pulling 043a363c6ca3:   6% ▕█                 ▏ 1.3 GB/ 21 GB  3.8 MB/s   1h27m[K[?25h[?2026l[?2026h[?25l[A[1Gpulling manifest [K
pulling 043a363c6ca3:   6% ▕█                 ▏ 1.3 GB/ 21 GB  3.8 MB/s   1h27m[K[?25h[?2026l[?2026h[?25l[A[1Gpulling manifest [K
pulling 043a363c6ca3:   6% ▕█                 ▏ 1.3 GB/ 21 GB  3.5 MB/s   1h35m[K[?25h[?2026l[?2026h[?25l[A[1Gpulling manifest [K
pulling 043a363c6ca3:   6% ▕█                 ▏ 1.3 GB/ 21 GB  3.5 MB/s   1h35m[K[?25h[?2026l[?2026h[?25l[A[1Gpulling manifest [K
pulling 043a363c6ca3:   6% ▕█                 ▏ 1.3 GB/ 21 GB  3.1 MB/s   1h46m[K[?25h[?2026l[?2026h[?25l[A[1Gpulling manifest [K
pulling 043a363c6ca3:   6% ▕█                 ▏ 1.3 GB/ 21 GB  3.1 MB/s   1h46m[K[?25h[?2026l[?2026h[?25l[A[1Gpulling manifest [K
pulling 043a363c6ca3:   6% ▕█                 ▏ 1.3 GB/ 21 GB  3.0 MB/s   1h49m[K[?25h[?2026l[?2026h[?25l[A[1Gpulling manifest [K
pulling 043a363c6ca3:   6% ▕█                 ▏ 1.3 GB/ 21 GB  2.5 MB/s   2h14m[K[?25h[?2026l[?2026h[?25l[A[1Gpulling manifest [K
pulling 043a363c6ca3:   6% ▕█                 ▏ 1.3 GB/ 21 GB  2.5 MB/s   2h14m[K[?25h[?2026l[?2026h[?25l[A[1Gpulling manifest [K
pulling 043a363c6ca3:   6% ▕█                 ▏ 1.3 GB/ 21 GB  1.5 MB/s   3h36m[K[?25h[?2026l[?2026h[?25l[A[1Gpulling manifest [K
pulling 043a363c6ca3:   6% ▕█                 ▏ 1.3 GB/ 21 GB  1.4 MB/s    4h4m[K[?25h[?2026l[?2026h[?25l[A[1Gpulling manifest [K
pulling 043a363c6ca3:   6% ▕█                 ▏ 1.3 GB/ 21 GB  1.4 MB/s    4h4m[K[?25h[?2026l[?2026h[?25l[A[1Gpulling manifest [K
pulling 043a363c6ca3:   6% ▕█                 ▏ 1.3 GB/ 21 GB  962 KB/s   5h43m[K[?25h[?2026l[?2026h[?25l[A[1Gpulling manifest [K
pulling 043a363c6ca3:   6% ▕█                 ▏ 1.3 GB/ 21 GB  962 KB/s   5h43m[K[?25h[?2026l[?2026h[?25l[A[1Gpulling manifest [K
pulling 043a363c6ca3:   6% ▕█                 ▏ 1.3 GB/ 21 GB  964 KB/s   5h43m[K[?25h[?2026l[?2026h[?25l[A[1Gpulling manifest [K
pulling 043a363c6ca3:   6% ▕█                 ▏ 1.3 GB/ 21 GB  964 KB/s   5h43m[K[?25h[?2026l[?2026h[?25l[A[1Gpulling manifest [K
pulling 043a363c6ca3:   6% ▕█                 ▏ 1.3 GB/ 21 GB  1.5 MB/s   3h40m[K[?25h[?2026l[?2026h[?25l[A[1Gpulling manifest [K
pulling 043a363c6ca3:   6% ▕█                 ▏ 1.3 GB/ 21 GB  1.5 MB/s   3h40m[K[?25h[?2026l[?2026h[?25l[A[1Gpulling manifest [K
pulling 043a363c6ca3:   6% ▕█                 ▏ 1.3 GB/ 21 GB  2.4 MB/s   2h17m[K[?25h[?2026l[?2026h[?25l[A[1Gpulling manifest [K
pulling 043a363c6ca3:   6% ▕█                 ▏ 1.3 GB/ 21 GB  2.4 MB/s   2h16m[K[?25h[?2026l[?2026h[?25l[A[1Gpulling manifest [K
pulling 043a363c6ca3:   6% ▕█                 ▏ 1.3 GB/ 21 GB  2.9 MB/s   1h52m[K[?25h[?2026l[?2026h[?25l[A[1Gpulling manifest [K
pulling 043a363c6ca3:   6% ▕█                 ▏ 1.3 GB/ 21 GB  2.9 MB/s   1h54m[K[?25h[?2026l[?2026h[?25l[A[1Gpulling manifest [K
pulling 043a363c6ca3:   6% ▕█                 ▏ 1.3 GB/ 21 GB  2.9 MB/s   1h54m[K[?25h[?2026l[?2026h[?25l[A[1Gpulling manifest [K
pulling 043a363c6ca3:   6% ▕█                 ▏ 1.3 GB/ 21 GB  2.9 MB/s   1h54m[K[?25h[?2026l[?2026h[?25l[A[1Gpulling manifest [K
pulling 043a363c6ca3:   6% ▕█                 ▏ 1.3 GB/ 21 GB  3.8 MB/s   1h25m[K[?25h[?2026l[?2026h[?25l[A[1Gpulling manifest [K
pulling 043a363c6ca3:   6% ▕█                 ▏ 1.3 GB/ 21 GB  4.3 MB/s   1h17m[K[?25h[?2026l[?2026h[?25l[A[1Gpulling manifest [K
pulling 043a363c6ca3:   6% ▕█                 ▏ 1.3 GB/ 21 GB  4.4 MB/s   1h15m[K[?25h[?2026l[?2026h[?25l[A[1Gpulling manifest [K
pulling 043a363c6ca3:   6% ▕█                 ▏ 1.3 GB/ 21 GB  4.4 MB/s   1h15m[K[?25h[?2026l[?2026h[?25l[A[1Gpulling manifest [K
pulling 043a363c6ca3:   6% ▕█                 ▏ 1.4 GB/ 21 GB  5.1 MB/s    1h5m[K[?25h[?2026l[?2026h[?25l[A[1Gpulling manifest [K
pulling 043a363c6ca3:   6% ▕█                 ▏ 1.4 GB/ 21 GB  5.1 MB/s    1h5m[K[?25h[?2026l[?2026h[?25l[A[1Gpulling manifest [K
pulling 043a363c6ca3:   6% ▕█                 ▏ 1.4 GB/ 21 GB  4.7 MB/s   1h10m[K[?25h[?2026l[?2026h[?25l[A[1Gpulling manifest [K
pulling 043a363c6ca3:   6% ▕█                 ▏ 1.4 GB/ 21 GB  4.7 MB/s   1h10m[K[?25h[?2026l[?2026h[?25l[A[1Gpulling manifest [K
pulling 043a363c6ca3:   6% ▕█                 ▏ 1.4 GB/ 21 GB  5.1 MB/s    1h4m[K[?25h[?2026l[?2026h[?25l[A[1Gpulling manifest [K
pulling 043a363c6ca3:   6% ▕█                 ▏ 1.4 GB/ 21 GB  5.3 MB/s    1h2m[K[?25h[?2026l[?2026h[?25l[A[1Gpulling manifest [K
pulling 043a363c6ca3:   7% ▕█                 ▏ 1.4 GB/ 21 GB  5.3 MB/s    1h2m[K[?25h[?2026l[?2026h[?25l[A[1Gpulling manifest [K
pulling 043a363c6ca3:   7% ▕█                 ▏ 1.4 GB/ 21 GB  5.0 MB/s    1h6m[K[?25h[?2026l[?2026h[?25l[A[1Gpulling manifest [K
pulling 043a363c6ca3:   7% ▕█                 ▏ 1.4 GB/ 21 GB  5.1 MB/s    1h4m[K[?25h[?2026l[?2026h[?25l[A[1Gpulling manifest [K
pulling 043a363c6ca3:   7% ▕█                 ▏ 1.4 GB/ 21 GB  5.0 MB/s    1h5m[K[?25h[?2026l[?2026h[?25l[A[1Gpulling manifest [K
pulling 043a363c6ca3:   7% ▕█                 ▏ 1.4 GB/ 21 GB  4.7 MB/s    1h9m[K[?25h[?2026l[?2026h[?25l[A[1Gpulling manifest [K
pulling 043a363c6ca3:   7% ▕█                 ▏ 1.4 GB/ 21 GB  4.7 MB/s    1h9m[K[?25h[?2026l[?2026h[?25l[A[1Gpulling manifest [K
pulling 043a363c6ca3:   7% ▕█                 ▏ 1.4 GB/ 21 GB  5.0 MB/s    1h5m[K[?25h[?2026l[?2026h[?25l[A[1Gpulling manifest [K
pulling 043a363c6ca3:   7% ▕█                 ▏ 1.4 GB/ 21 GB  4.9 MB/s    1h7m[K[?25h[?2026l[?2026h[?25l[A[1Gpulling manifest [K
pulling 043a363c6ca3:   7% ▕█                 ▏ 1.4 GB/ 21 GB  4.7 MB/s   1h10m[K[?25h[?2026l[?2026h[?25l[A[1Gpulling manifest [K
pulling 043a363c6ca3:   7% ▕█                 ▏ 1.4 GB/ 21 GB  4.2 MB/s   1h17m[K[?25h[?2026l[?2026h[?25l[A[1Gpulling manifest [K
pulling 043a363c6ca3:   7% ▕█                 ▏ 1.4 GB/ 21 GB  4.2 MB/s   1h17m[K[?25h[?2026l[?2026h[?25l[A[1Gpulling manifest [K
pulling 043a363c6ca3:   7% ▕█                 ▏ 1.4 GB/ 21 GB  4.1 MB/s   1h19m[K[?25h[?2026l[?2026h[?25l[A[1Gpulling manifest [K
pulling 043a363c6ca3:   7% ▕█                 ▏ 1.4 GB/ 21 GB  4.1 MB/s   1h19m[K[?25h[?2026l[?2026h[?25l[A[1Gpulling manifest [K
pulling 043a363c6ca3:   7% ▕█                 ▏ 1.4 GB/ 21 GB  4.7 MB/s   1h10m[K[?25h[?2026l[?2026h[?25l[A[1Gpulling manifest [K
pulling 043a363c6ca3:   7% ▕█                 ▏ 1.4 GB/ 21 GB  4.3 MB/s   1h15m[K[?25h[?2026l[?2026h[?25l[A[1Gpulling manifest [K
pulling 043a363c6ca3:   7% ▕█                 ▏ 1.4 GB/ 21 GB  4.3 MB/s   1h15m[K[?25h[?2026l[?2026h[?25l[A[1Gpulling manifest [K
pulling 043a363c6ca3:   7% ▕█                 ▏ 1.4 GB/ 21 GB  4.4 MB/s   1h14m[K[?25h[?2026l[?2026h[?25l[A[1Gpulling manifest [K
pulling 043a363c6ca3:   7% ▕█                 ▏ 1.4 GB/ 21 GB  4.4 MB/s   1h14m[K[?25h[?2026l[?2026h[?25l[A[1Gpulling manifest [K
pulling 043a363c6ca3:   7% ▕█                 ▏ 1.4 GB/ 21 GB  3.8 MB/s   1h26m[K[?25h[?2026l[?2026h[?25l[A[1Gpulling manifest [K
pulling 043a363c6ca3:   7% ▕█                 ▏ 1.4 GB/ 21 GB  3.1 MB/s   1h45m[K[?25h[?2026l[?2026h[?25l[A[1Gpulling manifest [K
pulling 043a363c6ca3:   7% ▕█                 ▏ 1.4 GB/ 21 GB  2.8 MB/s   1h58m[K[?25h[?2026l[?2026h[?25l[A[1Gpulling manifest [K
pulling 043a363c6ca3:   7% ▕█                 ▏ 1.4 GB/ 21 GB  2.8 MB/s   1h58m[K[?25h[?2026l[?2026h[?25l[A[1Gpulling manifest [K
pulling 043a363c6ca3:   7% ▕█                 ▏ 1.4 GB/ 21 GB  2.5 MB/s   2h13m[K[?25h[?2026l[?2026h[?25l[A[1Gpulling manifest [K
pulling 043a363c6ca3:   7% ▕█                 ▏ 1.4 GB/ 21 GB  2.5 MB/s   2h13m[K[?25h[?2026l[?2026h[?25l[A[1Gpulling manifest [K
pulling 043a363c6ca3:   7% ▕█                 ▏ 1.4 GB/ 21 GB  2.4 MB/s   2h17m[K[?25h[?2026l[?2026h[?25l[A[1Gpulling manifest [K
pulling 043a363c6ca3:   7% ▕█                 ▏ 1.4 GB/ 21 GB  2.4 MB/s   2h17m[K[?25h[?2026l[?2026h[?25l[A[1Gpulling manifest [K
pulling 043a363c6ca3:   7% ▕█                 ▏ 1.4 GB/ 21 GB  2.4 MB/s   2h17m[K[?25h[?2026l[?2026h[?25l[A[1Gpulling manifest [K
pulling 043a363c6ca3:   7% ▕█                 ▏ 1.4 GB/ 21 GB  2.4 MB/s   2h15m[K[?25h[?2026l[?2026h[?25l[A[1Gpulling manifest [K
pulling 043a363c6ca3:   7% ▕█                 ▏ 1.4 GB/ 21 GB  2.4 MB/s   2h15m[K[?25h[?2026l[?2026h[?25l[A[1Gpulling manifest [K
pulling 043a363c6ca3:   7% ▕█                 ▏ 1.4 GB/ 21 GB  1.4 MB/s   3h56m[K[?25h[?2026l[?2026h[?25l[A[1Gpulling manifest [K
pulling 043a363c6ca3:   7% ▕█                 ▏ 1.4 GB/ 21 GB  1.4 MB/s   3h56m[K[?25h[?2026l[?2026h[?25l[A[1Gpulling manifest [K
pulling 043a363c6ca3:   7% ▕█                 ▏ 1.4 GB/ 21 GB  1.4 MB/s   3h56m[K[?25h[?2026l[?2026h[?25l[A[1Gpulling manifest [K
pulling 043a363c6ca3:   7% ▕█                 ▏ 1.4 GB/ 21 GB  1.4 MB/s   3h51m[K[?25h[?2026l[?2026h[?25l[A[1Gpulling manifest [K
pulling 043a363c6ca3:   7% ▕█                 ▏ 1.4 GB/ 21 GB  1.4 MB/s   3h51m[K[?25h[?2026l[?2026h[?25l[A[1Gpulling manifest [K
pulling 043a363c6ca3:   7% ▕█                 ▏ 1.4 GB/ 21 GB  1.4 MB/s   3h51m[K[?25h[?2026l[?2026h[?25l[A[1Gpulling manifest [K
pulling 043a363c6ca3:   7% ▕█                 ▏ 1.4 GB/ 21 GB  1.7 MB/s   3h17m[K[?25h[?2026l[?2026h[?25l[A[1Gpulling manifest [K
pulling 043a363c6ca3:   7% ▕█                 ▏ 1.4 GB/ 21 GB  1.7 MB/s   3h17m[K[?25h[?2026l[?2026h[?25l[A[1Gpulling manifest [K
pulling 043a363c6ca3:   7% ▕█                 ▏ 1.4 GB/ 21 GB  1.6 MB/s   3h24m[K[?25h[?2026l[?2026h[?25l[A[1Gpulling manifest [K
pulling 043a363c6ca3:   7% ▕█                 ▏ 1.5 GB/ 21 GB  1.6 MB/s   3h24m[K[?25h[?2026l[?2026h[?25l[A[1Gpulling manifest [K
pulling 043a363c6ca3:   7% ▕█                 ▏ 1.5 GB/ 21 GB  2.3 MB/s   2h20m[K[?25h[?2026l[?2026h[?25l[A[1Gpulling manifest [K
pulling 043a363c6ca3:   7% ▕█                 ▏ 1.5 GB/ 21 GB  2.4 MB/s   2h18m[K[?25h[?2026l[?2026h[?25l[A[1Gpulling manifest [K
pulling 043a363c6ca3:   7% ▕█                 ▏ 1.5 GB/ 21 GB  2.4 MB/s   2h18m[K[?25h[?2026l[?2026h[?25l[A[1Gpulling manifest [K
pulling 043a363c6ca3:   7% ▕█                 ▏ 1.5 GB/ 21 GB  2.7 MB/s    2h1m[K[?25h[?2026l[?2026h[?25l[A[1Gpulling manifest [K
pulling 043a363c6ca3:   7% ▕█                 ▏ 1.5 GB/ 21 GB  3.5 MB/s   1h32m[K[?25h[?2026l[?2026h[?25l[A[1Gpulling manifest [K
pulling 043a363c6ca3:   7% ▕█                 ▏ 1.5 GB/ 21 GB  3.5 MB/s   1h32m[K[?25h[?2026l[?2026h[?25l[A[1Gpulling manifest [K
pulling 043a363c6ca3:   7% ▕█                 ▏ 1.5 GB/ 21 GB  3.5 MB/s   1h32m[K[?25h[?2026l[?2026h[?25l[A[1Gpulling manifest [K
pulling 043a363c6ca3:   7% ▕█                 ▏ 1.5 GB/ 21 GB  3.9 MB/s   1h23m[K[?25h[?2026l[?2026h[?25l[A[1Gpulling manifest [K
pulling 043a363c6ca3:   7% ▕█                 ▏ 1.5 GB/ 21 GB  3.9 MB/s   1h23m[K[?25h[?2026l[?2026h[?25l[A[1Gpulling manifest [K
pulling 043a363c6ca3:   7% ▕█                 ▏ 1.5 GB/ 21 GB  3.9 MB/s   1h23m[K[?25h[?2026l[?2026h[?25l[A[1Gpulling manifest [K
pulling 043a363c6ca3:   7% ▕█                 ▏ 1.5 GB/ 21 GB  4.5 MB/s   1h13m[K[?25h[?2026l[?2026h[?25l[A[1Gpulling manifest [K
pulling 043a363c6ca3:   7% ▕█                 ▏ 1.5 GB/ 21 GB  4.5 MB/s   1h13m[K[?25h[?2026l[?2026h[?25l[A[1Gpulling manifest [K
pulling 043a363c6ca3:   7% ▕█                 ▏ 1.5 GB/ 21 GB  4.7 MB/s    1h9m[K[?25h[?2026l[?2026h[?25l[A[1Gpulling manifest [K
pulling 043a363c6ca3:   7% ▕█                 ▏ 1.5 GB/ 21 GB  4.7 MB/s    1h9m[K[?25h[?2026l[?2026h[?25l[A[1Gpulling manifest [K
pulling 043a363c6ca3:   7% ▕█                 ▏ 1.5 GB/ 21 GB  4.7 MB/s    1h9m[K[?25h[?2026l[?2026h[?25l[A[1Gpulling manifest [K
pulling 043a363c6ca3:   7% ▕█                 ▏ 1.5 GB/ 21 GB  5.9 MB/s  55m49s[K[?25h[?2026l[?2026h[?25l[A[1Gpulling manifest [K
pulling 043a363c6ca3:   7% ▕█                 ▏ 1.5 GB/ 21 GB  5.9 MB/s  55m48s[K[?25h[?2026l[?2026h[?25l[A[1Gpulling manifest [K
pulling 043a363c6ca3:   7% ▕█                 ▏ 1.5 GB/ 21 GB  5.8 MB/s  56m19s[K[?25h[?2026l[?2026h[?25l[A[1Gpulling manifest [K
pulling 043a363c6ca3:   7% ▕█                 ▏ 1.5 GB/ 21 GB  5.8 MB/s  56m19s[K[?25h[?2026l[?2026h[?25l[A[1Gpulling manifest [K
pulling 043a363c6ca3:   7% ▕█                 ▏ 1.5 GB/ 21 GB  6.2 MB/s  52m59s[K[?25h[?2026l[?2026h[?25l[A[1Gpulling manifest [K
pulling 043a363c6ca3:   7% ▕█                 ▏ 1.5 GB/ 21 GB  6.2 MB/s  52m59s[K[?25h[?2026l[?2026h[?25l[A[1Gpulling manifest [K
pulling 043a363c6ca3:   7% ▕█                 ▏ 1.5 GB/ 21 GB  6.2 MB/s  52m58s[K[?25h[?2026l[?2026h[?25l[A[1Gpulling manifest [K
pulling 043a363c6ca3:   7% ▕█                 ▏ 1.5 GB/ 21 GB  6.8 MB/s  48m13s[K[?25h[?2026l[?2026h[?25l[A[1Gpulling manifest [K
pulling 043a363c6ca3:   7% ▕█                 ▏ 1.5 GB/ 21 GB  6.4 MB/s  51m21s[K[?25h[?2026l[?2026h[?25l[A[1Gpulling manifest [K
pulling 043a363c6ca3:   7% ▕█                 ▏ 1.5 GB/ 21 GB  6.4 MB/s  51m21s[K[?25h[?2026l[?2026h[?25l[A[1Gpulling manifest [K
pulling 043a363c6ca3:   7% ▕█                 ▏ 1.5 GB/ 21 GB  5.6 MB/s  58m15s[K[?25h[?2026l[?2026h[?25l[A[1Gpulling manifest [K
pulling 043a363c6ca3:   7% ▕█                 ▏ 1.5 GB/ 21 GB  5.6 MB/s  58m15s[K[?25h[?2026l[?2026h[?25l[A[1Gpulling manifest [K
pulling 043a363c6ca3:   7% ▕█                 ▏ 1.5 GB/ 21 GB  5.6 MB/s  58m15s[K[?25h[?2026l[?2026h[?25l[A[1Gpulling manifest [K
pulling 043a363c6ca3:   7% ▕█                 ▏ 1.5 GB/ 21 GB  5.6 MB/s  58m15s[K[?25h[?2026l[?2026h[?25l[A[1Gpulling manifest [K
pulling 043a363c6ca3:   7% ▕█                 ▏ 1.5 GB/ 21 GB  4.7 MB/s    1h8m[K[?25h[?2026l[?2026h[?25l[A[1Gpulling manifest [K
pulling 043a363c6ca3:   7% ▕█                 ▏ 1.5 GB/ 21 GB  4.7 MB/s    1h8m[K[?25h[?2026l[?2026h[?25l[A[1Gpulling manifest [K
pulling 043a363c6ca3:   7% ▕█                 ▏ 1.5 GB/ 21 GB  4.7 MB/s    1h8m[K[?25h[?2026l[?2026h[?25l[A[1Gpulling manifest [K
pulling 043a363c6ca3:   7% ▕█                 ▏ 1.5 GB/ 21 GB  4.5 MB/s   1h13m[K[?25h[?2026l[?2026h[?25l[A[1Gpulling manifest [K
pulling 043a363c6ca3:   7% ▕█                 ▏ 1.5 GB/ 21 GB  4.5 MB/s   1h13m[K[?25h[?2026l[?2026h[?25l[A[1Gpulling manifest [K
pulling 043a363c6ca3:   7% ▕█                 ▏ 1.5 GB/ 21 GB  4.2 MB/s   1h17m[K[?25h[?2026l[?2026h[?25l[A[1Gpulling manifest [K
pulling 043a363c6ca3:   7% ▕█                 ▏ 1.5 GB/ 21 GB  4.2 MB/s   1h17m[K[?25h[?2026l[?2026h[?25l[A[1Gpulling manifest [K
pulling 043a363c6ca3:   7% ▕█                 ▏ 1.5 GB/ 21 GB  3.5 MB/s   1h34m[K[?25h[?2026l[?2026h[?25l[A[1Gpulling manifest [K
pulling 043a363c6ca3:   7% ▕█                 ▏ 1.5 GB/ 21 GB  3.5 MB/s   1h34m[K[?25h[?2026l[?2026h[?25l[A[1Gpulling manifest [K
pulling 043a363c6ca3:   7% ▕█                 ▏ 1.5 GB/ 21 GB  2.7 MB/s   1h59m[K[?25h[?2026l[?2026h[?25l[A[1Gpulling manifest [K
pulling 043a363c6ca3:   7% ▕█                 ▏ 1.5 GB/ 21 GB  2.7 MB/s   1h59m[K[?25h[?2026l[?2026h[?25l[A[1Gpulling manifest [K
pulling 043a363c6ca3:   7% ▕█                 ▏ 1.5 GB/ 21 GB  1.8 MB/s    3h0m[K[?25h[?2026l[?2026h[?25l[A[1Gpulling manifest [K
pulling 043a363c6ca3:   7% ▕█                 ▏ 1.5 GB/ 21 GB  1.8 MB/s    3h0m[K[?25h[?2026l[?2026h[?25l[A[1Gpulling manifest [K
pulling 043a363c6ca3:   7% ▕█                 ▏ 1.6 GB/ 21 GB  1.2 MB/s   4h25m[K[?25h[?2026l[?2026h[?25l[A[1Gpulling manifest [K
pulling 043a363c6ca3:   7% ▕█                 ▏ 1.6 GB/ 21 GB  1.2 MB/s   4h25m[K[?25h[?2026l[?2026h[?25l[A[1Gpulling manifest [K
pulling 043a363c6ca3:   7% ▕█                 ▏ 1.6 GB/ 21 GB  3.2 MB/s   1h41m[K[?25h[?2026l[?2026h[?25l[A[1Gpulling manifest [K
pulling 043a363c6ca3:   7% ▕█                 ▏ 1.6 GB/ 21 GB  4.0 MB/s   1h20m[K[?25h[?2026l[?2026h[?25l[A[1Gpulling manifest [K
pulling 043a363c6ca3:   7% ▕█                 ▏ 1.6 GB/ 21 GB  4.6 MB/s   1h11m[K[?25h[?2026l[?2026h[?25l[A[1Gpulling manifest [K
pulling 043a363c6ca3:   7% ▕█                 ▏ 1.6 GB/ 21 GB  4.6 MB/s   1h11m[K[?25h[?2026l[?2026h[?25l[A[1Gpulling manifest [K
pulling 043a363c6ca3:   7% ▕█                 ▏ 1.6 GB/ 21 GB  4.6 MB/s   1h11m[K[?25h[?2026l[?2026h[?25l[A[1Gpulling manifest [K
pulling 043a363c6ca3:   7% ▕█                 ▏ 1.6 GB/ 21 GB  5.4 MB/s    1h0m[K[?25h[?2026l[?2026h[?25l[A[1Gpulling manifest [K
pulling 043a363c6ca3:   7% ▕█                 ▏ 1.6 GB/ 21 GB  5.4 MB/s    1h0m[K[?25h[?2026l[?2026h[?25l[A[1Gpulling manifest [K
pulling 043a363c6ca3:   8% ▕█                 ▏ 1.6 GB/ 21 GB  5.9 MB/s  55m28s[K[?25h[?2026l[?2026h[?25l[A[1Gpulling manifest [K
pulling 043a363c6ca3:   8% ▕█                 ▏ 1.6 GB/ 21 GB  5.9 MB/s  55m28s[K[?25h[?2026l[?2026h[?25l[A[1Gpulling manifest [K
pulling 043a363c6ca3:   8% ▕█                 ▏ 1.6 GB/ 21 GB  6.1 MB/s  53m52s[K[?25h[?2026l[?2026h[?25l[A[1Gpulling manifest [K
pulling 043a363c6ca3:   8% ▕█                 ▏ 1.6 GB/ 21 GB  6.1 MB/s  53m52s[K[?25h[?2026l[?2026h[?25l[A[1Gpulling manifest [K
pulling 043a363c6ca3:   8% ▕█                 ▏ 1.6 GB/ 21 GB  6.1 MB/s  53m52s[K[?25h[?2026l[?2026h[?25l[A[1Gpulling manifest [K
pulling 043a363c6ca3:   8% ▕█                 ▏ 1.6 GB/ 21 GB  6.1 MB/s  53m52s[K[?25h[?2026l[?2026h[?25l[A[1Gpulling manifest [K
pulling 043a363c6ca3:   8% ▕█                 ▏ 1.6 GB/ 21 GB  6.1 MB/s  53m52s[K[?25h[?2026l[?2026h[?25l[A[1Gpulling manifest [K
pulling 043a363c6ca3:   8% ▕█                 ▏ 1.6 GB/ 21 GB  5.8 MB/s   56m8s[K[?25h[?2026l[?2026h[?25l[A[1Gpulling manifest [K
pulling 043a363c6ca3:   8% ▕█                 ▏ 1.6 GB/ 21 GB  5.8 MB/s   56m8s[K[?25h[?2026l[?2026h[?25l[A[1Gpulling manifest [K
pulling 043a363c6ca3:   8% ▕█                 ▏ 1.6 GB/ 21 GB  3.9 MB/s   1h23m[K[?25h[?2026l[?2026h[?25l[A[1Gpulling manifest [K
pulling 043a363c6ca3:   8% ▕█                 ▏ 1.6 GB/ 21 GB  4.2 MB/s   1h18m[K[?25h[?2026l[?2026h[?25l[A[1Gpulling manifest [K
pulling 043a363c6ca3:   8% ▕█                 ▏ 1.6 GB/ 21 GB  4.2 MB/s   1h18m[K[?25h[?2026l[?2026h[?25l[A[1Gpulling manifest [K
pulling 043a363c6ca3:   8% ▕█                 ▏ 1.6 GB/ 21 GB  4.6 MB/s   1h10m[K[?25h[?2026l[?2026h[?25l[A[1Gpulling manifest [K
pulling 043a363c6ca3:   8% ▕█                 ▏ 1.6 GB/ 21 GB  5.2 MB/s    1h2m[K[?25h[?2026l[?2026h[?25l[A[1Gpulling manifest [K
pulling 043a363c6ca3:   8% ▕█                 ▏ 1.6 GB/ 21 GB  5.4 MB/s  59m50s[K[?25h[?2026l[?2026h[?25l[A[1Gpulling manifest [K
pulling 043a363c6ca3:   8% ▕█                 ▏ 1.6 GB/ 21 GB  5.4 MB/s  59m48s[K[?25h[?2026l[?2026h[?25l[A[1Gpulling manifest [K
pulling 043a363c6ca3:   8% ▕█                 ▏ 1.6 GB/ 21 GB  5.4 MB/s  59m48s[K[?25h[?2026l[?2026h[?25l[A[1Gpulling manifest [K
pulling 043a363c6ca3:   8% ▕█                 ▏ 1.6 GB/ 21 GB  5.4 MB/s    1h0m[K[?25h[?2026l[?2026h[?25l[A[1Gpulling manifest [K
pulling 043a363c6ca3:   8% ▕█                 ▏ 1.6 GB/ 21 GB  5.4 MB/s    1h0m[K[?25h[?2026l[?2026h[?25l[A[1Gpulling manifest [K
pulling 043a363c6ca3:   8% ▕█                 ▏ 1.6 GB/ 21 GB  4.6 MB/s   1h10m[K[?25h[?2026l[?2026h[?25l[A[1Gpulling manifest [K
pulling 043a363c6ca3:   8% ▕█                 ▏ 1.6 GB/ 21 GB  4.6 MB/s   1h10m[K[?25h[?2026l[?2026h[?25l[A[1Gpulling manifest [K
pulling 043a363c6ca3:   8% ▕█                 ▏ 1.6 GB/ 21 GB  3.5 MB/s   1h33m[K[?25h[?2026l[?2026h[?25l[A[1Gpulling manifest [K
pulling 043a363c6ca3:   8% ▕█                 ▏ 1.6 GB/ 21 GB  3.5 MB/s   1h33m[K[?25h[?2026l[?2026h[?25l[A[1Gpulling manifest [K
pulling 043a363c6ca3:   8% ▕█                 ▏ 1.6 GB/ 21 GB  2.5 MB/s    2h9m[K[?25h[?2026l[?2026h[?25l[A[1Gpulling manifest [K
pulling 043a363c6ca3:   8% ▕█                 ▏ 1.6 GB/ 21 GB  2.5 MB/s    2h9m[K[?25h[?2026l[?2026h[?25l[A[1Gpulling manifest [K
pulling 043a363c6ca3:   8% ▕█                 ▏ 1.6 GB/ 21 GB  1.2 MB/s   4h39m[K[?25h[?2026l[?2026h[?25l[A[1Gpulling manifest [K
pulling 043a363c6ca3:   8% ▕█                 ▏ 1.7 GB/ 21 GB  1.2 MB/s   4h39m[K[?25h[?2026l[?2026h[?25l[A[1Gpulling manifest [K
pulling 043a363c6ca3:   8% ▕█                 ▏ 1.7 GB/ 21 GB  3.4 MB/s   1h36m[K[?25h[?2026l[?2026h[?25l[A[1Gpulling manifest [K
pulling 043a363c6ca3:   8% ▕█                 ▏ 1.7 GB/ 21 GB  3.4 MB/s   1h36m[K[?25h[?2026l[?2026h[?25l[A[1Gpulling manifest [K
pulling 043a363c6ca3:   8% ▕█                 ▏ 1.7 GB/ 21 GB  4.1 MB/s   1h19m[K[?25h[?2026l[?2026h[?25l[A[1Gpulling manifest [K
pulling 043a363c6ca3:   8% ▕█                 ▏ 1.7 GB/ 21 GB  4.6 MB/s    1h9m[K[?25h[?2026l[?2026h[?25l[A[1Gpulling manifest [K
pulling 043a363c6ca3:   8% ▕█                 ▏ 1.7 GB/ 21 GB  4.6 MB/s    1h9m[K[?25h[?2026l[?2026h[?25l[A[1Gpulling manifest [K
pulling 043a363c6ca3:   8% ▕█                 ▏ 1.7 GB/ 21 GB  4.6 MB/s    1h9m[K[?25h[?2026l[?2026h[?25l[A[1Gpulling manifest [K
pulling 043a363c6ca3:   8% ▕█                 ▏ 1.7 GB/ 21 GB  4.7 MB/s    1h8m[K[?25h[?2026l[?2026h[?25l[A[1Gpulling manifest [K
pulling 043a363c6ca3:   8% ▕█                 ▏ 1.7 GB/ 21 GB  4.8 MB/s    1h8m[K[?25h[?2026l[?2026h[?25l[A[1Gpulling manifest [K
pulling 043a363c6ca3:   8% ▕█                 ▏ 1.7 GB/ 21 GB  4.3 MB/s   1h15m[K[?25h[?2026l[?2026h[?25l[A[1Gpulling manifest [K
pulling 043a363c6ca3:   8% ▕█                 ▏ 1.7 GB/ 21 GB  4.3 MB/s   1h15m[K[?25h[?2026l[?2026h[?25l[A[1Gpulling manifest [K
pulling 043a363c6ca3:   8% ▕█                 ▏ 1.7 GB/ 21 GB  4.5 MB/s   1h12m[K[?25h[?2026l[?2026h[?25l[A[1Gpulling manifest [K
pulling 043a363c6ca3:   8% ▕█                 ▏ 1.7 GB/ 21 GB  4.5 MB/s   1h12m[K[?25h[?2026l[?2026h[?25l[A[1Gpulling manifest [K
pulling 043a363c6ca3:   8% ▕█                 ▏ 1.7 GB/ 21 GB  4.5 MB/s   1h12m[K[?25h[?2026l[?2026h[?25l[A[1Gpulling manifest [K
pulling 043a363c6ca3:   8% ▕█                 ▏ 1.7 GB/ 21 GB  4.5 MB/s   1h12m[K[?25h[?2026l[?2026h[?25l[A[1Gpulling manifest [K
pulling 043a363c6ca3:   8% ▕█                 ▏ 1.7 GB/ 21 GB  4.4 MB/s   1h13m[K[?25h[?2026l[?2026h[?25l[A[1Gpulling manifest [K
pulling 043a363c6ca3:   8% ▕█                 ▏ 1.7 GB/ 21 GB  4.1 MB/s   1h18m[K[?25h[?2026l[?2026h[?25l[A[1Gpulling manifest [K
pulling 043a363c6ca3:   8% ▕█                 ▏ 1.7 GB/ 21 GB  4.1 MB/s   1h18m[K[?25h[?2026l[?2026h[?25l[A[1Gpulling manifest [K
pulling 043a363c6ca3:   8% ▕█                 ▏ 1.7 GB/ 21 GB  1.9 MB/s   2h52m[K[?25h[?2026l[?2026h[?25l[A[1Gpulling manifest [K
pulling 043a363c6ca3:   8% ▕█                 ▏ 1.7 GB/ 21 GB  1.9 MB/s   2h52m[K[?25h[?2026l[?2026h[?25l[A[1Gpulling manifest [K
pulling 043a363c6ca3:   8% ▕█                 ▏ 1.7 GB/ 21 GB  1.4 MB/s   3h53m[K[?25h[?2026l[?2026h[?25l[A[1Gpulling manifest [K
pulling 043a363c6ca3:   8% ▕█                 ▏ 1.7 GB/ 21 GB  1.1 MB/s   4h49m[K[?25h[?2026l[?2026h[?25l[A[1Gpulling manifest [K
pulling 043a363c6ca3:   8% ▕█                 ▏ 1.7 GB/ 21 GB  1.4 MB/s   3h48m[K[?25h[?2026l[?2026h[?25l[A[1Gpulling manifest [K
pulling 043a363c6ca3:   8% ▕█                 ▏ 1.7 GB/ 21 GB  1.4 MB/s   3h48m[K[?25h[?2026l[?2026h[?25l[A[1Gpulling manifest [K
pulling 043a363c6ca3:   8% ▕█                 ▏ 1.7 GB/ 21 GB  1.8 MB/s   2h56m[K[?25h[?2026l[?2026h[?25l[A[1Gpulling manifest [K
pulling 043a363c6ca3:   8% ▕█                 ▏ 1.7 GB/ 21 GB  1.8 MB/s   2h56m[K[?25h[?2026l[?2026h[?25l[A[1Gpulling manifest [K
pulling 043a363c6ca3:   8% ▕█                 ▏ 1.7 GB/ 21 GB  2.7 MB/s   1h59m[K[?25h[?2026l[?2026h[?25l[A[1Gpulling manifest [K
pulling 043a363c6ca3:   8% ▕█                 ▏ 1.7 GB/ 21 GB  2.7 MB/s   1h59m[K[?25h[?2026l[?2026h[?25l[A[1Gpulling manifest [K
pulling 043a363c6ca3:   8% ▕█                 ▏ 1.7 GB/ 21 GB  3.2 MB/s   1h40m[K[?25h[?2026l[?2026h[?25l[A[1Gpulling manifest [K
pulling 043a363c6ca3:   8% ▕█                 ▏ 1.7 GB/ 21 GB  3.6 MB/s   1h29m[K[?25h[?2026l[?2026h[?25l[A[1Gpulling manifest [K
pulling 043a363c6ca3:   8% ▕█                 ▏ 1.7 GB/ 21 GB  3.6 MB/s   1h29m[K[?25h[?2026l[?2026h[?25l[A[1Gpulling manifest [K
pulling 043a363c6ca3:   8% ▕█                 ▏ 1.7 GB/ 21 GB  4.4 MB/s   1h14m[K[?25h[?2026l[?2026h[?25l[A[1Gpulling manifest [K
pulling 043a363c6ca3:   8% ▕█                 ▏ 1.7 GB/ 21 GB  4.4 MB/s   1h14m[K[?25h[?2026l[?2026h[?25l[A[1Gpulling manifest [K
pulling 043a363c6ca3:   8% ▕█                 ▏ 1.7 GB/ 21 GB  4.6 MB/s   1h10m[K[?25h[?2026l[?2026h[?25l[A[1Gpulling manifest [K
pulling 043a363c6ca3:   8% ▕█                 ▏ 1.7 GB/ 21 GB  4.6 MB/s   1h10m[K[?25h[?2026l[?2026h[?25l[A[1Gpulling manifest [K
pulling 043a363c6ca3:   8% ▕█                 ▏ 1.7 GB/ 21 GB  4.4 MB/s   1h12m[K[?25h[?2026l[?2026h[?25l[A[1Gpulling manifest [K
pulling 043a363c6ca3:   8% ▕█                 ▏ 1.7 GB/ 21 GB  4.4 MB/s   1h12m[K[?25h[?2026l[?2026h[?25l[A[1Gpulling manifest [K
pulling 043a363c6ca3:   8% ▕█                 ▏ 1.7 GB/ 21 GB  4.5 MB/s   1h12m[K[?25h[?2026l[?2026h[?25l[A[1Gpulling manifest [K
pulling 043a363c6ca3:   8% ▕█                 ▏ 1.7 GB/ 21 GB  4.5 MB/s   1h12m[K[?25h[?2026l[?2026h[?25l[A[1Gpulling manifest [K
pulling 043a363c6ca3:   8% ▕█                 ▏ 1.7 GB/ 21 GB  4.0 MB/s   1h21m[K[?25h[?2026l[?2026h[?25l[A[1Gpulling manifest [K
pulling 043a363c6ca3:   8% ▕█                 ▏ 1.7 GB/ 21 GB  4.0 MB/s   1h21m[K[?25h[?2026l[?2026h[?25l[A[1Gpulling manifest [K
pulling 043a363c6ca3:   8% ▕█                 ▏ 1.7 GB/ 21 GB  3.3 MB/s   1h38m[K[?25h[?2026l[?2026h[?25l[A[1Gpulling manifest [K
pulling 043a363c6ca3:   8% ▕█                 ▏ 1.8 GB/ 21 GB  3.9 MB/s   1h22m[K[?25h[?2026l[?2026h[?25l[A[1Gpulling manifest [K
pulling 043a363c6ca3:   8% ▕█                 ▏ 1.8 GB/ 21 GB  4.6 MB/s   1h10m[K[?25h[?2026l[?2026h[?25l[A[1Gpulling manifest [K
pulling 043a363c6ca3:   8% ▕█                 ▏ 1.8 GB/ 21 GB  4.6 MB/s   1h10m[K[?25h[?2026l[?2026h[?25l[A[1Gpulling manifest [K
pulling 043a363c6ca3:   8% ▕█                 ▏ 1.8 GB/ 21 GB  4.6 MB/s   1h10m[K[?25h[?2026l[?2026h[?25l[A[1Gpulling manifest [K
pulling 043a363c6ca3:   8% ▕█                 ▏ 1.8 GB/ 21 GB  2.6 MB/s    2h6m[K[?25h[?2026l[?2026h[?25l[A[1Gpulling manifest [K
pulling 043a363c6ca3:   8% ▕█                 ▏ 1.8 GB/ 21 GB                  [K[?25h[?2026l[?2026h[?25l[A[1Gpulling manifest [K
pulling 043a363c6ca3:   8% ▕█                 ▏ 1.8 GB/ 21 GB                  [K[?25h[?2026l[?2026h[?25l[A[1Gpulling manifest [K
pulling 043a363c6ca3:   8% ▕█                 ▏ 1.8 GB/ 21 GB  308 KB/s  17h27m[K[?25h[?2026l[?2026h[?25l[A[1Gpulling manifest [K
pulling 043a363c6ca3:   8% ▕█                 ▏ 1.8 GB/ 21 GB  729 KB/s   7h22m[K[?25h[?2026l[?2026h[?25l[A[1Gpulling manifest [K
pulling 043a363c6ca3:   8% ▕█                 ▏ 1.8 GB/ 21 GB  1.7 MB/s   3h12m[K[?25h[?2026l[?2026h[?25l[A[1Gpulling manifest [K
pulling 043a363c6ca3:   8% ▕█                 ▏ 1.8 GB/ 21 GB  1.7 MB/s   3h12m[K[?25h[?2026l[?2026h[?25l[A[1Gpulling manifest [K
pulling 043a363c6ca3:   9% ▕█                 ▏ 1.8 GB/ 21 GB  1.9 MB/s   2h49m[K[?25h[?2026l[?2026h[?25l[A[1Gpulling manifest [K
pulling 043a363c6ca3:   9% ▕█                 ▏ 1.8 GB/ 21 GB  1.9 MB/s   2h49m[K[?25h[?2026l[?2026h[?25l[A[1Gpulling manifest [K
pulling 043a363c6ca3:   9% ▕█                 ▏ 1.8 GB/ 21 GB  3.9 MB/s   1h22m[K[?25h[?2026l[?2026h[?25l[A[1Gpulling manifest [K
pulling 043a363c6ca3:   9% ▕█                 ▏ 1.8 GB/ 21 GB  4.4 MB/s   1h12m[K[?25h[?2026l[?2026h[?25l[A[1Gpulling manifest [K
pulling 043a363c6ca3:   9% ▕█                 ▏ 1.8 GB/ 21 GB  5.2 MB/s    1h2m[K[?25h[?2026l[?2026h[?25l[A[1Gpulling manifest [K
pulling 043a363c6ca3:   9% ▕█                 ▏ 1.8 GB/ 21 GB  5.2 MB/s    1h2m[K[?25h[?2026l[?2026h[?25l[A[1Gpulling manifest [K
pulling 043a363c6ca3:   9% ▕█                 ▏ 1.8 GB/ 21 GB  5.9 MB/s  54m27s[K[?25h[?2026l[?2026h[?25l[A[1Gpulling manifest [K
pulling 043a363c6ca3:   9% ▕█                 ▏ 1.8 GB/ 21 GB  6.0 MB/s   54m3s[K[?25h[?2026l[?2026h[?25l[A[1Gpulling manifest [K
pulling 043a363c6ca3:   9% ▕█                 ▏ 1.8 GB/ 21 GB  6.0 MB/s   54m3s[K[?25h[?2026l[?2026h[?25l[A[1Gpulling manifest [K
pulling 043a363c6ca3:   9% ▕█                 ▏ 1.8 GB/ 21 GB  5.9 MB/s  54m11s[K[?25h[?2026l[?2026h[?25l[A[1Gpulling manifest [K
pulling 043a363c6ca3:   9% ▕█                 ▏ 1.8 GB/ 21 GB  5.4 MB/s  59m46s[K[?25h[?2026l[?2026h[?25l[A[1Gpulling manifest [K
pulling 043a363c6ca3:   9% ▕█                 ▏ 1.8 GB/ 21 GB  5.0 MB/s    1h4m[K[?25h[?2026l[?2026h[?25l[A[1Gpulling manifest [K
pulling 043a363c6ca3:   9% ▕█                 ▏ 1.8 GB/ 21 GB  5.0 MB/s    1h4m[K[?25h[?2026l[?2026h[?25l[A[1Gpulling manifest [K
pulling 043a363c6ca3:   9% ▕█                 ▏ 1.8 GB/ 21 GB  5.7 MB/s  56m14s[K[?25h[?2026l[?2026h[?25l[A[1Gpulling manifest [K
pulling 043a363c6ca3:   9% ▕█                 ▏ 1.9 GB/ 21 GB  5.7 MB/s  56m14s[K[?25h[?2026l[?2026h[?25l[A[1Gpulling manifest [K
pulling 043a363c6ca3:   9% ▕█                 ▏ 1.9 GB/ 21 GB  4.6 MB/s   1h10m[K[?25h[?2026l[?2026h[?25l[A[1Gpulling manifest [K
pulling 043a363c6ca3:   9% ▕█                 ▏ 1.9 GB/ 21 GB  4.6 MB/s   1h10m[K[?25h[?2026l[?2026h[?25l[A[1Gpulling manifest [K
pulling 043a363c6ca3:   9% ▕█                 ▏ 1.9 GB/ 21 GB  4.6 MB/s   1h10m[K[?25h[?2026l[?2026h[?25l[A[1Gpulling manifest [K
pulling 043a363c6ca3:   9% ▕█                 ▏ 1.9 GB/ 21 GB  4.8 MB/s    1h6m[K[?25h[?2026l[?2026h[?25l[A[1Gpulling manifest [K
pulling 043a363c6ca3:   9% ▕█                 ▏ 1.9 GB/ 21 GB  4.8 MB/s    1h6m[K[?25h[?2026l[?2026h[?25l[A[1Gpulling manifest [K
pulling 043a363c6ca3:   9% ▕█                 ▏ 1.9 GB/ 21 GB  4.2 MB/s   1h16m[K[?25h[?2026l[?2026h[?25l[A[1Gpulling manifest [K
pulling 043a363c6ca3:   9% ▕█                 ▏ 1.9 GB/ 21 GB  4.2 MB/s   1h16m[K[?25h[?2026l[?2026h[?25l[A[1Gpulling manifest [K
pulling 043a363c6ca3:   9% ▕█                 ▏ 1.9 GB/ 21 GB  3.7 MB/s   1h27m[K[?25h[?2026l[?2026h[?25l[A[1Gpulling manifest [K
pulling 043a363c6ca3:   9% ▕█                 ▏ 1.9 GB/ 21 GB  3.7 MB/s   1h27m[K[?25h[?2026l[?2026h[?25l[A[1Gpulling manifest [K
pulling 043a363c6ca3:   9% ▕█                 ▏ 1.9 GB/ 21 GB  3.7 MB/s   1h27m[K[?25h[?2026l[?2026h[?25l[A[1Gpulling manifest [K
pulling 043a363c6ca3:   9% ▕█                 ▏ 1.9 GB/ 21 GB  3.6 MB/s   1h29m[K[?25h[?2026l[?2026h[?25l[A[1Gpulling manifest [K
pulling 043a363c6ca3:   9% ▕█                 ▏ 1.9 GB/ 21 GB  3.6 MB/s   1h29m[K[?25h[?2026l[?2026h[?25l[A[1Gpulling manifest [K
pulling 043a363c6ca3:   9% ▕█                 ▏ 1.9 GB/ 21 GB  3.3 MB/s   1h37m[K[?25h[?2026l[?2026h[?25l[A[1Gpulling manifest [K
pulling 043a363c6ca3:   9% ▕█                 ▏ 1.9 GB/ 21 GB  3.3 MB/s   1h37m[K[?25h[?2026l[?2026h[?25l[A[1Gpulling manifest [K
pulling 043a363c6ca3:   9% ▕█                 ▏ 1.9 GB/ 21 GB  5.3 MB/s    1h0m[K[?25h[?2026l[?2026h[?25l[A[1Gpulling manifest [K
pulling 043a363c6ca3:   9% ▕█                 ▏ 1.9 GB/ 21 GB  4.4 MB/s   1h13m[K[?25h[?2026l[?2026h[?25l[A[1Gpulling manifest [K
pulling 043a363c6ca3:   9% ▕█                 ▏ 1.9 GB/ 21 GB  3.5 MB/s   1h30m[K[?25h[?2026l[?2026h[?25l[A[1Gpulling manifest [K
pulling 043a363c6ca3:   9% ▕█                 ▏ 1.9 GB/ 21 GB  3.5 MB/s   1h30m[K[?25h[?2026l[?2026h[?25l[A[1Gpulling manifest [K
pulling 043a363c6ca3:   9% ▕█                 ▏ 1.9 GB/ 21 GB  2.7 MB/s   1h56m[K[?25h[?2026l[?2026h[?25l[A[1Gpulling manifest [K
pulling 043a363c6ca3:   9% ▕█                 ▏ 1.9 GB/ 21 GB  2.7 MB/s   1h59m[K[?25h[?2026l[?2026h[?25l[A[1Gpulling manifest [K
pulling 043a363c6ca3:   9% ▕█                 ▏ 1.9 GB/ 21 GB  2.7 MB/s   1h59m[K[?25h[?2026l[?2026h[?25l[A[1Gpulling manifest [K
pulling 043a363c6ca3:   9% ▕█                 ▏ 1.9 GB/ 21 GB  2.8 MB/s   1h55m[K[?25h[?2026l[?2026h[?25l[A[1Gpulling manifest [K
pulling 043a363c6ca3:   9% ▕█                 ▏ 1.9 GB/ 21 GB  2.8 MB/s   1h56m[K[?25h[?2026l[?2026h[?25l[A[1Gpulling manifest [K
pulling 043a363c6ca3:   9% ▕█                 ▏ 1.9 GB/ 21 GB  2.8 MB/s   1h56m[K[?25h[?2026l[?2026h[?25l[A[1Gpulling manifest [K
pulling 043a363c6ca3:   9% ▕█                 ▏ 1.9 GB/ 21 GB  3.1 MB/s   1h44m[K[?25h[?2026l[?2026h[?25l[A[1Gpulling manifest [K
pulling 043a363c6ca3:   9% ▕█                 ▏ 1.9 GB/ 21 GB  3.5 MB/s   1h32m[K[?25h[?2026l[?2026h[?25l[A[1Gpulling manifest [K
pulling 043a363c6ca3:   9% ▕█                 ▏ 1.9 GB/ 21 GB  1.3 MB/s   4h12m[K[?25h[?2026l[?2026h[?25l[A[1Gpulling manifest [K
pulling 043a363c6ca3:   9% ▕█                 ▏ 1.9 GB/ 21 GB  1.3 MB/s   4h16m[K[?25h[?2026l[?2026h[?25l[A[1Gpulling manifest [K
pulling 043a363c6ca3:   9% ▕█                 ▏ 1.9 GB/ 21 GB  1.3 MB/s   4h16m[K[?25h[?2026l[?2026h[?25l[A[1Gpulling manifest [K
pulling 043a363c6ca3:   9% ▕█                 ▏ 1.9 GB/ 21 GB  2.1 MB/s   2h35m[K[?25h[?2026l[?2026h[?25l[A[1Gpulling manifest [K
pulling 043a363c6ca3:   9% ▕█                 ▏ 1.9 GB/ 21 GB  2.1 MB/s   2h35m[K[?25h[?2026l[?2026h[?25l[A[1Gpulling manifest [K
pulling 043a363c6ca3:   9% ▕█                 ▏ 1.9 GB/ 21 GB  2.1 MB/s   2h32m[K[?25h[?2026l[?2026h[?25l[A[1Gpulling manifest [K
pulling 043a363c6ca3:   9% ▕█                 ▏ 1.9 GB/ 21 GB  2.1 MB/s   2h36m[K[?25h[?2026l[?2026h[?25l[A[1Gpulling manifest [K
pulling 043a363c6ca3:   9% ▕█                 ▏ 1.9 GB/ 21 GB  2.1 MB/s   2h36m[K[?25h[?2026l[?2026h[?25l[A[1Gpulling manifest [K
pulling 043a363c6ca3:   9% ▕█                 ▏ 1.9 GB/ 21 GB  2.5 MB/s    2h7m[K[?25h[?2026l[?2026h[?25l[A[1Gpulling manifest [K
pulling 043a363c6ca3:   9% ▕█                 ▏ 1.9 GB/ 21 GB  2.5 MB/s    2h7m[K[?25h[?2026l[?2026h[?25l[A[1Gpulling manifest [K
pulling 043a363c6ca3:   9% ▕█                 ▏ 1.9 GB/ 21 GB  2.6 MB/s    2h4m[K[?25h[?2026l[?2026h[?25l[A[1Gpulling manifest [K
pulling 043a363c6ca3:   9% ▕█                 ▏ 1.9 GB/ 21 GB  2.6 MB/s    2h4m[K[?25h[?2026l[?2026h[?25l[A[1Gpulling manifest [K
pulling 043a363c6ca3:   9% ▕█                 ▏ 1.9 GB/ 21 GB  2.6 MB/s    2h4m[K[?25h[?2026l[?2026h[?25l[A[1Gpulling manifest [K
pulling 043a363c6ca3:   9% ▕█                 ▏ 1.9 GB/ 21 GB  2.2 MB/s   2h23m[K[?25h[?2026l[?2026h[?25l[A[1Gpulling manifest [K
pulling 043a363c6ca3:   9% ▕█                 ▏ 1.9 GB/ 21 GB  2.2 MB/s   2h26m[K[?25h[?2026l[?2026h[?25l[A[1Gpulling manifest [K
pulling 043a363c6ca3:   9% ▕█                 ▏ 1.9 GB/ 21 GB  2.2 MB/s   2h26m[K[?25h[?2026l[?2026h[?25l[A[1Gpulling manifest [K
pulling 043a363c6ca3:   9% ▕█                 ▏ 1.9 GB/ 21 GB  2.1 MB/s   2h33m[K[?25h[?2026l[?2026h[?25l[A[1Gpulling manifest [K
pulling 043a363c6ca3:   9% ▕█                 ▏ 1.9 GB/ 21 GB  2.1 MB/s   2h33m[K[?25h[?2026l[?2026h[?25l[A[1Gpulling manifest [K
pulling 043a363c6ca3:   9% ▕█                 ▏ 1.9 GB/ 21 GB  2.2 MB/s   2h28m[K[?25h[?2026l[?2026h[?25l[A[1Gpulling manifest [K
pulling 043a363c6ca3:   9% ▕█                 ▏ 1.9 GB/ 21 GB  2.2 MB/s   2h28m[K[?25h[?2026l[?2026h[?25l[A[1Gpulling manifest [K
pulling 043a363c6ca3:   9% ▕█                 ▏ 1.9 GB/ 21 GB  1.4 MB/s   3h56m[K[?25h[?2026l[?2026h[?25l[A[1Gpulling manifest [K
pulling 043a363c6ca3:   9% ▕█                 ▏ 1.9 GB/ 21 GB  1.4 MB/s   3h53m[K[?25h[?2026l[?2026h[?25l[A[1Gpulling manifest [K
pulling 043a363c6ca3:   9% ▕█                 ▏ 1.9 GB/ 21 GB  1.8 MB/s   2h54m[K[?25h[?2026l[?2026h[?25l[A[1Gpulling manifest [K
pulling 043a363c6ca3:   9% ▕█                 ▏ 1.9 GB/ 21 GB  1.8 MB/s   2h54m[K[?25h[?2026l[?2026h[?25l[A[1Gpulling manifest [K
pulling 043a363c6ca3:   9% ▕█                 ▏ 1.9 GB/ 21 GB  1.4 MB/s   3h53m[K[?25h[?2026l[?2026h[?25l[A[1Gpulling manifest [K
pulling 043a363c6ca3:   9% ▕█                 ▏ 1.9 GB/ 21 GB  1.4 MB/s   3h53m[K[?25h[?2026l[?2026h[?25l[A[1Gpulling manifest [K
pulling 043a363c6ca3:   9% ▕█                 ▏ 1.9 GB/ 21 GB  1.5 MB/s   3h33m[K[?25h[?2026l[?2026h[?25l[A[1Gpulling manifest [K
pulling 043a363c6ca3:   9% ▕█                 ▏ 1.9 GB/ 21 GB  1.5 MB/s   3h33m[K[?25h[?2026l[?2026h[?25l[A[1Gpulling manifest [K
pulling 043a363c6ca3:   9% ▕█                 ▏ 1.9 GB/ 21 GB  1.5 MB/s   3h33m[K[?25h[?2026l[?2026h[?25l[A[1Gpulling manifest [K
pulling 043a363c6ca3:   9% ▕█                 ▏ 1.9 GB/ 21 GB  2.5 MB/s    2h8m[K[?25h[?2026l[?2026h[?25l[A[1Gpulling manifest [K
pulling 043a363c6ca3:   9% ▕█                 ▏ 1.9 GB/ 21 GB  2.4 MB/s   2h10m[K[?25h[?2026l[?2026h[?25l[A[1Gpulling manifest [K
pulling 043a363c6ca3:   9% ▕█                 ▏ 1.9 GB/ 21 GB  2.4 MB/s   2h10m[K[?25h[?2026l[?2026h[?25l[A[1Gpulling manifest [K
pulling 043a363c6ca3:   9% ▕█                 ▏ 1.9 GB/ 21 GB  2.4 MB/s   2h10m[K[?25h[?2026l[?2026h[?25l[A[1Gpulling manifest [K
pulling 043a363c6ca3:   9% ▕█                 ▏ 1.9 GB/ 21 GB  2.4 MB/s   2h10m[K[?25h[?2026l[?2026h[?25l[A[1Gpulling manifest [K
pulling 043a363c6ca3:   9% ▕█                 ▏ 1.9 GB/ 21 GB  2.5 MB/s   2h10m[K[?25h[?2026l[?2026h[?25l[A[1Gpulling manifest [K
pulling 043a363c6ca3:   9% ▕█                 ▏ 1.9 GB/ 21 GB  2.5 MB/s    2h8m[K[?25h[?2026l[?2026h[?25l[A[1Gpulling manifest [K
pulling 043a363c6ca3:   9% ▕█                 ▏ 2.0 GB/ 21 GB  2.5 MB/s    2h8m[K[?25h[?2026l[?2026h[?25l[A[1Gpulling manifest [K
pulling 043a363c6ca3:   9% ▕█                 ▏ 2.0 GB/ 21 GB  2.5 MB/s    2h8m[K[?25h[?2026l[?2026h[?25l[A[1Gpulling manifest [K
pulling 043a363c6ca3:   9% ▕█                 ▏ 2.0 GB/ 21 GB  5.9 MB/s  54m25s[K[?25h[?2026l[?2026h[?25l[A[1Gpulling manifest [K
pulling 043a363c6ca3:   9% ▕█                 ▏ 2.0 GB/ 21 GB  5.8 MB/s  54m47s[K[?25h[?2026l[?2026h[?25l[A[1Gpulling manifest [K
pulling 043a363c6ca3:   9% ▕█                 ▏ 2.0 GB/ 21 GB  5.8 MB/s  54m46s[K[?25h[?2026l[?2026h[?25l[A[1Gpulling manifest [K
pulling 043a363c6ca3:   9% ▕█                 ▏ 2.0 GB/ 21 GB  5.8 MB/s  54m46s[K[?25h[?2026l[?2026h[?25l[A[1Gpulling manifest [K
pulling 043a363c6ca3:   9% ▕█                 ▏ 2.0 GB/ 21 GB  6.2 MB/s  51m30s[K[?25h[?2026l[?2026h[?25l[A[1Gpulling manifest [K
pulling 043a363c6ca3:   9% ▕█                 ▏ 2.0 GB/ 21 GB  6.4 MB/s  49m49s[K[?25h[?2026l[?2026h[?25l[A[1Gpulling manifest [K
pulling 043a363c6ca3:   9% ▕█                 ▏ 2.0 GB/ 21 GB  5.8 MB/s  54m40s[K[?25h[?2026l[?2026h[?25l[A[1Gpulling manifest [K
pulling 043a363c6ca3:   9% ▕█                 ▏ 2.0 GB/ 21 GB  6.9 MB/s  46m28s[K[?25h[?2026l[?2026h[?25l[A[1Gpulling manifest [K
pulling 043a363c6ca3:   9% ▕█                 ▏ 2.0 GB/ 21 GB  6.9 MB/s   46m2s[K[?25h[?2026l[?2026h[?25l[A[1Gpulling manifest [K
pulling 043a363c6ca3:   9% ▕█                 ▏ 2.0 GB/ 21 GB  6.9 MB/s   46m2s[K[?25h[?2026l[?2026h[?25l[A[1Gpulling manifest [K
pulling 043a363c6ca3:   9% ▕█                 ▏ 2.0 GB/ 21 GB  6.9 MB/s   46m1s[K[?25h[?2026l[?2026h[?25l[A[1Gpulling manifest [K
pulling 043a363c6ca3:  10% ▕█                 ▏ 2.0 GB/ 21 GB  7.1 MB/s  44m52s[K[?25h[?2026l[?2026h[?25l[A[1Gpulling manifest [K
pulling 043a363c6ca3:  10% ▕█                 ▏ 2.0 GB/ 21 GB  7.4 MB/s  43m19s[K[?25h[?2026l[?2026h[?25l[A[1Gpulling manifest [K
pulling 043a363c6ca3:  10% ▕█                 ▏ 2.0 GB/ 21 GB  3.9 MB/s   1h20m[K[?25h[?2026l[?2026h[?25l[A[1Gpulling manifest [K
pulling 043a363c6ca3:  10% ▕█                 ▏ 2.0 GB/ 21 GB  3.5 MB/s   1h31m[K[?25h[?2026l[?2026h[?25l[A[1Gpulling manifest [K
pulling 043a363c6ca3:  10% ▕█                 ▏ 2.0 GB/ 21 GB  3.5 MB/s   1h31m[K[?25h[?2026l[?2026h[?25l[A[1Gpulling manifest [K
pulling 043a363c6ca3:  10% ▕█                 ▏ 2.0 GB/ 21 GB  2.8 MB/s   1h52m[K[?25h[?2026l[?2026h[?25l[A[1Gpulling manifest [K
pulling 043a363c6ca3:  10% ▕█                 ▏ 2.0 GB/ 21 GB  2.7 MB/s   1h57m[K[?25h[?2026l[?2026h[?25l[A[1Gpulling manifest [K
pulling 043a363c6ca3:  10% ▕█                 ▏ 2.0 GB/ 21 GB  2.7 MB/s   1h57m[K[?25h[?2026l[?2026h[?25l[A[1Gpulling manifest [K
pulling 043a363c6ca3:  10% ▕█                 ▏ 2.0 GB/ 21 GB  2.3 MB/s   2h21m[K[?25h[?2026l[?2026h[?25l[A[1Gpulling manifest [K
pulling 043a363c6ca3:  10% ▕█                 ▏ 2.0 GB/ 21 GB  2.3 MB/s   2h21m[K[?25h[?2026l[?2026h[?25l[A[1Gpulling manifest [K
pulling 043a363c6ca3:  10% ▕█                 ▏ 2.0 GB/ 21 GB  1.2 MB/s   4h18m[K[?25h[?2026l[?2026h[?25l[A[1Gpulling manifest [K
pulling 043a363c6ca3:  10% ▕█                 ▏ 2.0 GB/ 21 GB  1.2 MB/s   4h18m[K[?25h[?2026l[?2026h[?25l[A[1Gpulling manifest [K
pulling 043a363c6ca3:  10% ▕█                 ▏ 2.0 GB/ 21 GB  1.2 MB/s   4h18m[K[?25h[?2026l[?2026h[?25l[A[1Gpulling manifest [K
pulling 043a363c6ca3:  10% ▕█                 ▏ 2.0 GB/ 21 GB  1.2 MB/s   4h32m[K[?25h[?2026l[?2026h[?25l[A[1Gpulling manifest [K
pulling 043a363c6ca3:  10% ▕█                 ▏ 2.0 GB/ 21 GB  916 KB/s   5h48m[K[?25h[?2026l[?2026h[?25l[A[1Gpulling manifest [K
pulling 043a363c6ca3:  10% ▕█                 ▏ 2.0 GB/ 21 GB  916 KB/s   5h48m[K[?25h[?2026l[?2026h[?25l[A[1Gpulling manifest [K
pulling 043a363c6ca3:  10% ▕█                 ▏ 2.0 GB/ 21 GB  942 KB/s   5h38m[K[?25h[?2026l[?2026h[?25l[A[1Gpulling manifest [K
pulling 043a363c6ca3:  10% ▕█                 ▏ 2.0 GB/ 21 GB  1.0 MB/s    5h6m[K[?25h[?2026l[?2026h[?25l[A[1Gpulling manifest [K
pulling 043a363c6ca3:  10% ▕█                 ▏ 2.0 GB/ 21 GB  1.0 MB/s    5h6m[K[?25h[?2026l[?2026h[?25l[A[1Gpulling manifest [K
pulling 043a363c6ca3:  10% ▕█                 ▏ 2.0 GB/ 21 GB  3.0 MB/s   1h45m[K[?25h[?2026l[?2026h[?25l[A[1Gpulling manifest [K
pulling 043a363c6ca3:  10% ▕█                 ▏ 2.0 GB/ 21 GB  3.6 MB/s   1h28m[K[?25h[?2026l[?2026h[?25l[A[1Gpulling manifest [K
pulling 043a363c6ca3:  10% ▕█                 ▏ 2.0 GB/ 21 GB  3.5 MB/s   1h30m[K[?25h[?2026l[?2026h[?25l[A[1Gpulling manifest [K
pulling 043a363c6ca3:  10% ▕█                 ▏ 2.1 GB/ 21 GB  3.5 MB/s   1h30m[K[?25h[?2026l[?2026h[?25l[A[1Gpulling manifest [K
pulling 043a363c6ca3:  10% ▕█                 ▏ 2.1 GB/ 21 GB  3.9 MB/s   1h22m[K[?25h[?2026l[?2026h[?25l[A[1Gpulling manifest [K
pulling 043a363c6ca3:  10% ▕█                 ▏ 2.1 GB/ 21 GB  3.9 MB/s   1h22m[K[?25h[?2026l[?2026h[?25l[A[1Gpulling manifest [K
pulling 043a363c6ca3:  10% ▕█                 ▏ 2.1 GB/ 21 GB  4.2 MB/s   1h16m[K[?25h[?2026l[?2026h[?25l[A[1Gpulling manifest [K
pulling 043a363c6ca3:  10% ▕█                 ▏ 2.1 GB/ 21 GB  4.2 MB/s   1h16m[K[?25h[?2026l[?2026h[?25l[A[1Gpulling manifest [K
pulling 043a363c6ca3:  10% ▕█                 ▏ 2.1 GB/ 21 GB  4.8 MB/s    1h6m[K[?25h[?2026l[?2026h[?25l[A[1Gpulling manifest [K
pulling 043a363c6ca3:  10% ▕█                 ▏ 2.1 GB/ 21 GB  5.0 MB/s    1h3m[K[?25h[?2026l[?2026h[?25l[A[1Gpulling manifest [K
pulling 043a363c6ca3:  10% ▕█                 ▏ 2.1 GB/ 21 GB  5.0 MB/s    1h3m[K[?25h[?2026l[?2026h[?25l[A[1Gpulling manifest [K
pulling 043a363c6ca3:  10% ▕█                 ▏ 2.1 GB/ 21 GB  5.0 MB/s    1h3m[K[?25h[?2026l[?2026h[?25l[A[1Gpulling manifest [K
pulling 043a363c6ca3:  10% ▕█                 ▏ 2.1 GB/ 21 GB  5.0 MB/s    1h3m[K[?25h[?2026l[?2026h[?25l[A[1Gpulling manifest [K
pulling 043a363c6ca3:  10% ▕█                 ▏ 2.1 GB/ 21 GB  5.4 MB/s  58m59s[K[?25h[?2026l[?2026h[?25l[A[1Gpulling manifest [K
pulling 043a363c6ca3:  10% ▕█                 ▏ 2.1 GB/ 21 GB  5.4 MB/s  58m59s[K[?25h[?2026l[?2026h[?25l[A[1Gpulling manifest [K
pulling 043a363c6ca3:  10% ▕█                 ▏ 2.1 GB/ 21 GB  4.2 MB/s   1h14m[K[?25h[?2026l[?2026h[?25l[A[1Gpulling manifest [K
pulling 043a363c6ca3:  10% ▕█                 ▏ 2.1 GB/ 21 GB  4.3 MB/s   1h13m[K[?25h[?2026l[?2026h[?25l[A[1Gpulling manifest [K
pulling 043a363c6ca3:  10% ▕█                 ▏ 2.1 GB/ 21 GB  4.4 MB/s   1h12m[K[?25h[?2026l[?2026h[?25l[A[1Gpulling manifest [K
pulling 043a363c6ca3:  10% ▕█                 ▏ 2.1 GB/ 21 GB  4.6 MB/s    1h9m[K[?25h[?2026l[?2026h[?25l[A[1Gpulling manifest [K
pulling 043a363c6ca3:  10% ▕█                 ▏ 2.1 GB/ 21 GB  4.6 MB/s    1h8m[K[?25h[?2026l[?2026h[?25l[A[1Gpulling manifest [K
pulling 043a363c6ca3:  10% ▕█                 ▏ 2.1 GB/ 21 GB  4.6 MB/s    1h8m[K[?25h[?2026l[?2026h[?25l[A[1Gpulling manifest [K
pulling 043a363c6ca3:  10% ▕█                 ▏ 2.1 GB/ 21 GB  4.5 MB/s   1h11m[K[?25h[?2026l[?2026h[?25l[A[1Gpulling manifest [K
pulling 043a363c6ca3:  10% ▕█                 ▏ 2.1 GB/ 21 GB  4.5 MB/s   1h10m[K[?25h[?2026l[?2026h[?25l[A[1Gpulling manifest [K
pulling 043a363c6ca3:  10% ▕█                 ▏ 2.1 GB/ 21 GB  4.6 MB/s    1h8m[K[?25h[?2026l[?2026h[?25l[A[1Gpulling manifest [K
pulling 043a363c6ca3:  10% ▕█                 ▏ 2.1 GB/ 21 GB  4.7 MB/s    1h7m[K[?25h[?2026l[?2026h[?25l[A[1Gpulling manifest [K
pulling 043a363c6ca3:  10% ▕█                 ▏ 2.1 GB/ 21 GB  4.7 MB/s    1h7m[K[?25h[?2026l[?2026h[?25l[A[1Gpulling manifest [K
pulling 043a363c6ca3:  10% ▕█                 ▏ 2.1 GB/ 21 GB  4.1 MB/s   1h17m[K[?25h[?2026l[?2026h[?25l[A[1Gpulling manifest [K
pulling 043a363c6ca3:  10% ▕█                 ▏ 2.1 GB/ 21 GB  3.5 MB/s   1h30m[K[?25h[?2026l[?2026h[?25l[A[1Gpulling manifest [K
pulling 043a363c6ca3:  10% ▕█                 ▏ 2.1 GB/ 21 GB  3.5 MB/s   1h30m[K[?25h[?2026l[?2026h[?25l[A[1Gpulling manifest [K
pulling 043a363c6ca3:  10% ▕█                 ▏ 2.1 GB/ 21 GB  3.1 MB/s   1h43m[K[?25h[?2026l[?2026h[?25l[A[1Gpulling manifest [K
pulling 043a363c6ca3:  10% ▕█                 ▏ 2.1 GB/ 21 GB  3.1 MB/s   1h43m[K[?25h[?2026l[?2026h[?25l[A[1Gpulling manifest [K
pulling 043a363c6ca3:  10% ▕█                 ▏ 2.1 GB/ 21 GB  3.0 MB/s   1h44m[K[?25h[?2026l[?2026h[?25l[A[1Gpulling manifest [K
pulling 043a363c6ca3:  10% ▕█                 ▏ 2.1 GB/ 21 GB  2.8 MB/s   1h52m[K[?25h[?2026l[?2026h[?25l[A[1Gpulling manifest [K
pulling 043a363c6ca3:  10% ▕█                 ▏ 2.1 GB/ 21 GB  2.8 MB/s   1h52m[K[?25h[?2026l[?2026h[?25l[A[1Gpulling manifest [K
pulling 043a363c6ca3:  10% ▕█                 ▏ 2.1 GB/ 21 GB  2.7 MB/s   1h56m[K[?25h[?2026l[?2026h[?25l[A[1Gpulling manifest [K
pulling 043a363c6ca3:  10% ▕█                 ▏ 2.1 GB/ 21 GB  2.5 MB/s    2h8m[K[?25h[?2026l[?2026h[?25l[A[1Gpulling manifest [K
pulling 043a363c6ca3:  10% ▕█                 ▏ 2.1 GB/ 21 GB  2.0 MB/s   2h36m[K[?25h[?2026l[?2026h[?25l[A[1Gpulling manifest [K
pulling 043a363c6ca3:  10% ▕█                 ▏ 2.1 GB/ 21 GB  1.6 MB/s   3h16m[K[?25h[?2026l[?2026h[?25l[A[1Gpulling manifest [K
pulling 043a363c6ca3:  10% ▕█                 ▏ 2.1 GB/ 21 GB  1.6 MB/s   3h16m[K[?25h[?2026l[?2026h[?25l[A[1Gpulling manifest [K
pulling 043a363c6ca3:  10% ▕█                 ▏ 2.1 GB/ 21 GB  1.5 MB/s   3h34m[K[?25h[?2026l[?2026h[?25l[A[1Gpulling manifest [K
pulling 043a363c6ca3:  10% ▕█                 ▏ 2.1 GB/ 21 GB  1.5 MB/s   3h34m[K[?25h[?2026l[?2026h[?25l[A[1Gpulling manifest [K
pulling 043a363c6ca3:  10% ▕█                 ▏ 2.1 GB/ 21 GB  1.4 MB/s   3h44m[K[?25h[?2026l[?2026h[?25l[A[1Gpulling manifest [K
pulling 043a363c6ca3:  10% ▕█                 ▏ 2.1 GB/ 21 GB  1.2 MB/s   4h27m[K[?25h[?2026l[?2026h[?25l[A[1Gpulling manifest [K
pulling 043a363c6ca3:  10% ▕█                 ▏ 2.2 GB/ 21 GB  2.1 MB/s   2h29m[K[?25h[?2026l[?2026h[?25l[A[1Gpulling manifest [K
pulling 043a363c6ca3:  10% ▕█                 ▏ 2.2 GB/ 21 GB  3.5 MB/s   1h29m[K[?25h[?2026l[?2026h[?25l[A[1Gpulling manifest [K
pulling 043a363c6ca3:  10% ▕█                 ▏ 2.2 GB/ 21 GB  2.4 MB/s   2h13m[K[?25h[?2026l[?2026h[?25l[A[1Gpulling manifest [K
pulling 043a363c6ca3:  10% ▕█                 ▏ 2.2 GB/ 21 GB  1.7 MB/s    3h6m[K[?25h[?2026l[?2026h[?25l[A[1Gpulling manifest [K
pulling 043a363c6ca3:  10% ▕█                 ▏ 2.2 GB/ 21 GB  921 KB/s   5h43m[K[?25h[?2026l[?2026h[?25l[A[1Gpulling manifest [K
pulling 043a363c6ca3:  10% ▕█                 ▏ 2.2 GB/ 21 GB  5.5 KB/s    99h+[K[?25h[?2026l[?2026h[?25l[A[1Gpulling manifest [K
pulling 043a363c6ca3:  10% ▕█                 ▏ 2.2 GB/ 21 GB  5.5 KB/s    99h+[K[?25h[?2026l[?2026h[?25l[A[1Gpulling manifest [K
pulling 043a363c6ca3:  10% ▕█                 ▏ 2.2 GB/ 21 GB   14 KB/s    99h+[K[?25h[?2026l[?2026h[?25l[A[1Gpulling manifest [K
pulling 043a363c6ca3:  10% ▕█                 ▏ 2.2 GB/ 21 GB   14 KB/s    99h+[K[?25h[?2026l[?2026h[?25l[A[1Gpulling manifest [K
pulling 043a363c6ca3:  10% ▕█                 ▏ 2.2 GB/ 21 GB  200 KB/s  26h17m[K[?25h[?2026l[?2026h[?25l[A[1Gpulling manifest [K
pulling 043a363c6ca3:  10% ▕█                 ▏ 2.2 GB/ 21 GB  200 KB/s  26h17m[K[?25h[?2026l[?2026h[?25l[A[1Gpulling manifest [K
pulling 043a363c6ca3:  10% ▕█                 ▏ 2.2 GB/ 21 GB  344 KB/s  15h18m[K[?25h[?2026l[?2026h[?25l[A[1Gpulling manifest [K
pulling 043a363c6ca3:  11% ▕█                 ▏ 2.2 GB/ 21 GB  344 KB/s  15h16m[K[?25h[?2026l[?2026h[?25l[A[1Gpulling manifest [K
pulling 043a363c6ca3:  11% ▕█                 ▏ 2.2 GB/ 21 GB  6.3 MB/s  49m50s[K[?25h[?2026l[?2026h[?25l[A[1Gpulling manifest [K
pulling 043a363c6ca3:  11% ▕█                 ▏ 2.2 GB/ 21 GB  7.7 MB/s  40m51s[K[?25h[?2026l[?2026h[?25l[A[1Gpulling manifest [K
pulling 043a363c6ca3:  11% ▕█                 ▏ 2.2 GB/ 21 GB  7.7 MB/s  40m51s[K[?25h[?2026l[?2026h[?25l[A[1Gpulling manifest [K
pulling 043a363c6ca3:  11% ▕█                 ▏ 2.2 GB/ 21 GB  8.6 MB/s  36m31s[K[?25h[?2026l[?2026h[?25l[A[1Gpulling manifest [K
pulling 043a363c6ca3:  11% ▕█                 ▏ 2.2 GB/ 21 GB  8.6 MB/s  36m31s[K[?25h[?2026l[?2026h[?25l[A[1Gpulling manifest [K
pulling 043a363c6ca3:  11% ▕█                 ▏ 2.2 GB/ 21 GB  8.9 MB/s  35m25s[K[?25h[?2026l[?2026h[?25l[A[1Gpulling manifest [K
pulling 043a363c6ca3:  11% ▕█                 ▏ 2.2 GB/ 21 GB  8.9 MB/s  35m25s[K[?25h[?2026l[?2026h[?25l[A[1Gpulling manifest [K
pulling 043a363c6ca3:  11% ▕█                 ▏ 2.2 GB/ 21 GB  8.9 MB/s  35m18s[K[?25h[?2026l[?2026h[?25l[A[1Gpulling manifest [K
pulling 043a363c6ca3:  11% ▕█                 ▏ 2.3 GB/ 21 GB  9.0 MB/s   35m5s[K[?25h[?2026l[?2026h[?25l[A[1Gpulling manifest [K
pulling 043a363c6ca3:  11% ▕█                 ▏ 2.3 GB/ 21 GB  9.0 MB/s   35m5s[K[?25h[?2026l[?2026h[?25l[A[1Gpulling manifest [K
pulling 043a363c6ca3:  11% ▕█                 ▏ 2.3 GB/ 21 GB  9.8 MB/s   32m8s[K[?25h[?2026l[?2026h[?25l[A[1Gpulling manifest [K
pulling 043a363c6ca3:  11% ▕█                 ▏ 2.3 GB/ 21 GB  9.8 MB/s   32m8s[K[?25h[?2026l[?2026h[?25l[A[1Gpulling manifest [K
pulling 043a363c6ca3:  11% ▕█                 ▏ 2.3 GB/ 21 GB   10 MB/s  31m17s[K[?25h[?2026l[?2026h[?25l[A[1Gpulling manifest [K
pulling 043a363c6ca3:  11% ▕█                 ▏ 2.3 GB/ 21 GB   10 MB/s  31m17s[K[?25h[?2026l[?2026h[?25l[A[1Gpulling manifest [K
pulling 043a363c6ca3:  11% ▕█                 ▏ 2.3 GB/ 21 GB  4.8 MB/s    1h5m[K[?25h[?2026l[?2026h[?25l[A[1Gpulling manifest [K
pulling 043a363c6ca3:  11% ▕█                 ▏ 2.3 GB/ 21 GB  4.8 MB/s    1h5m[K[?25h[?2026l[?2026h[?25l[A[1Gpulling manifest [K
pulling 043a363c6ca3:  11% ▕█                 ▏ 2.3 GB/ 21 GB  3.5 MB/s   1h30m[K[?25h[?2026l[?2026h[?25l[A[1Gpulling manifest [K
pulling 043a363c6ca3:  11% ▕█                 ▏ 2.3 GB/ 21 GB  3.1 MB/s   1h41m[K[?25h[?2026l[?2026h[?25l[A[1Gpulling manifest [K
pulling 043a363c6ca3:  11% ▕█                 ▏ 2.3 GB/ 21 GB  2.8 MB/s   1h52m[K[?25h[?2026l[?2026h[?25l[A[1Gpulling manifest [K
pulling 043a363c6ca3:  11% ▕█                 ▏ 2.3 GB/ 21 GB  2.8 MB/s   1h52m[K[?25h[?2026l[?2026h[?25l[A[1Gpulling manifest [K
pulling 043a363c6ca3:  11% ▕█                 ▏ 2.3 GB/ 21 GB  2.5 MB/s    2h6m[K[?25h[?2026l[?2026h[?25l[A[1Gpulling manifest [K
pulling 043a363c6ca3:  11% ▕█                 ▏ 2.3 GB/ 21 GB  2.5 MB/s    2h6m[K[?25h[?2026l[?2026h[?25l[A[1Gpulling manifest [K
pulling 043a363c6ca3:  11% ▕█                 ▏ 2.3 GB/ 21 GB  2.5 MB/s    2h6m[K[?25h[?2026l[?2026h[?25l[A[1Gpulling manifest [K
pulling 043a363c6ca3:  11% ▕█                 ▏ 2.3 GB/ 21 GB  2.4 MB/s    2h9m[K[?25h[?2026l[?2026h[?25l[A[1Gpulling manifest [K
pulling 043a363c6ca3:  11% ▕█                 ▏ 2.3 GB/ 21 GB  2.4 MB/s    2h9m[K[?25h[?2026l[?2026h[?25l[A[1Gpulling manifest [K
pulling 043a363c6ca3:  11% ▕█                 ▏ 2.3 GB/ 21 GB  2.4 MB/s    2h9m[K[?25h[?2026l[?2026h[?25l[A[1Gpulling manifest [K
pulling 043a363c6ca3:  11% ▕█                 ▏ 2.3 GB/ 21 GB  2.4 MB/s    2h9m[K[?25h[?2026l[?2026h[?25l[A[1Gpulling manifest [K
pulling 043a363c6ca3:  11% ▕█                 ▏ 2.3 GB/ 21 GB  2.4 MB/s    2h9m[K[?25h[?2026l[?2026h[?25l[A[1Gpulling manifest [K
pulling 043a363c6ca3:  11% ▕█                 ▏ 2.3 GB/ 21 GB  1.4 MB/s   3h39m[K[?25h[?2026l[?2026h[?25l[A[1Gpulling manifest [K
pulling 043a363c6ca3:  11% ▕█                 ▏ 2.3 GB/ 21 GB  1.4 MB/s   3h39m[K[?25h[?2026l[?2026h[?25l[A[1Gpulling manifest [K
pulling 043a363c6ca3:  11% ▕█                 ▏ 2.3 GB/ 21 GB  1.4 MB/s   3h39m[K[?25h[?2026l[?2026h[?25l[A[1Gpulling manifest [K
pulling 043a363c6ca3:  11% ▕█                 ▏ 2.3 GB/ 21 GB  1.3 MB/s   3h54m[K[?25h[?2026l[?2026h[?25l[A[1Gpulling manifest [K
pulling 043a363c6ca3:  11% ▕█                 ▏ 2.3 GB/ 21 GB  3.8 MB/s   1h23m[K[?25h[?2026l[?2026h[?25l[A[1Gpulling manifest [K
pulling 043a363c6ca3:  11% ▕█                 ▏ 2.3 GB/ 21 GB  3.8 MB/s   1h23m[K[?25h[?2026l[?2026h[?25l[A[1Gpulling manifest [K
pulling 043a363c6ca3:  11% ▕█                 ▏ 2.3 GB/ 21 GB  3.9 MB/s   1h21m[K[?25h[?2026l[?2026h[?25l[A[1Gpulling manifest [K
pulling 043a363c6ca3:  11% ▕█                 ▏ 2.3 GB/ 21 GB  3.9 MB/s   1h21m[K[?25h[?2026l[?2026h[?25l[A[1Gpulling manifest [K
pulling 043a363c6ca3:  11% ▕█                 ▏ 2.3 GB/ 21 GB  3.6 MB/s   1h27m[K[?25h[?2026l[?2026h[?25l[A[1Gpulling manifest [K
pulling 043a363c6ca3:  11% ▕█                 ▏ 2.3 GB/ 21 GB  3.6 MB/s   1h27m[K[?25h[?2026l[?2026h[?25l[A[1Gpulling manifest [K
pulling 043a363c6ca3:  11% ▕█                 ▏ 2.3 GB/ 21 GB  3.6 MB/s   1h27m[K[?25h[?2026l[?2026h[?25l[A[1Gpulling manifest [K
pulling 043a363c6ca3:  11% ▕█                 ▏ 2.3 GB/ 21 GB  3.6 MB/s   1h26m[K[?25h[?2026l[?2026h[?25l[A[1Gpulling manifest [K
pulling 043a363c6ca3:  11% ▕█                 ▏ 2.3 GB/ 21 GB  3.6 MB/s   1h26m[K[?25h[?2026l[?2026h[?25l[A[1Gpulling manifest [K
pulling 043a363c6ca3:  11% ▕█                 ▏ 2.3 GB/ 21 GB  4.3 MB/s   1h12m[K[?25h[?2026l[?2026h[?25l[A[1Gpulling manifest [K
pulling 043a363c6ca3:  11% ▕█                 ▏ 2.3 GB/ 21 GB  4.4 MB/s   1h10m[K[?25h[?2026l[?2026h[?25l[A[1Gpulling manifest [K
pulling 043a363c6ca3:  11% ▕█                 ▏ 2.3 GB/ 21 GB  4.4 MB/s   1h10m[K[?25h[?2026l[?2026h[?25l[A[1Gpulling manifest [K
pulling 043a363c6ca3:  11% ▕█                 ▏ 2.3 GB/ 21 GB  4.4 MB/s   1h10m[K[?25h[?2026l[?2026h[?25l[A[1Gpulling manifest [K
pulling 043a363c6ca3:  11% ▕█                 ▏ 2.3 GB/ 21 GB  4.5 MB/s   1h10m[K[?25h[?2026l[?2026h[?25l[A[1Gpulling manifest [K
pulling 043a363c6ca3:  11% ▕█                 ▏ 2.3 GB/ 21 GB  4.5 MB/s   1h10m[K[?25h[?2026l[?2026h[?25l[A[1Gpulling manifest [K
pulling 043a363c6ca3:  11% ▕█                 ▏ 2.3 GB/ 21 GB  5.1 MB/s    1h1m[K[?25h[?2026l[?2026h[?25l[A[1Gpulling manifest [K
pulling 043a363c6ca3:  11% ▕█                 ▏ 2.3 GB/ 21 GB  5.1 MB/s    1h1m[K[?25h[?2026l[?2026h[?25l[A[1Gpulling manifest [K
pulling 043a363c6ca3:  11% ▕█                 ▏ 2.3 GB/ 21 GB  2.4 MB/s   2h10m[K[?25h[?2026l[?2026h[?25l[A[1Gpulling manifest [K
pulling 043a363c6ca3:  11% ▕█                 ▏ 2.3 GB/ 21 GB  2.4 MB/s   2h10m[K[?25h[?2026l[?2026h[?25l[A[1Gpulling manifest [K
pulling 043a363c6ca3:  11% ▕█                 ▏ 2.3 GB/ 21 GB  2.2 MB/s   2h21m[K[?25h[?2026l[?2026h[?25l[A[1Gpulling manifest [K
pulling 043a363c6ca3:  11% ▕█                 ▏ 2.3 GB/ 21 GB  2.2 MB/s   2h21m[K[?25h[?2026l[?2026h[?25l[A[1Gpulling manifest [K
pulling 043a363c6ca3:  11% ▕█                 ▏ 2.3 GB/ 21 GB  2.1 MB/s   2h26m[K[?25h[?2026l[?2026h[?25l[A[1Gpulling manifest [K
pulling 043a363c6ca3:  11% ▕█                 ▏ 2.3 GB/ 21 GB  2.1 MB/s   2h26m[K[?25h[?2026l[?2026h[?25l[A[1Gpulling manifest [K
pulling 043a363c6ca3:  11% ▕█                 ▏ 2.3 GB/ 21 GB  1.9 MB/s   2h47m[K[?25h[?2026l[?2026h[?25l[A[1Gpulling manifest [K
pulling 043a363c6ca3:  11% ▕█                 ▏ 2.3 GB/ 21 GB  1.8 MB/s   2h57m[K[?25h[?2026l[?2026h[?25l[A[1Gpulling manifest [K
pulling 043a363c6ca3:  11% ▕█                 ▏ 2.3 GB/ 21 GB  1.4 MB/s   3h37m[K[?25h[?2026l[?2026h[?25l[A[1Gpulling manifest [K
pulling 043a363c6ca3:  11% ▕█                 ▏ 2.3 GB/ 21 GB  1.4 MB/s   3h37m[K[?25h[?2026l[?2026h[?25l[A[1Gpulling manifest [K
pulling 043a363c6ca3:  11% ▕█                 ▏ 2.3 GB/ 21 GB  735 KB/s    7h6m[K[?25h[?2026l[?2026h[?25l[A[1Gpulling manifest [K
pulling 043a363c6ca3:  11% ▕█                 ▏ 2.3 GB/ 21 GB  735 KB/s    7h6m[K[?25h[?2026l[?2026h[?25l[A[1Gpulling manifest [K
pulling 043a363c6ca3:  11% ▕█                 ▏ 2.3 GB/ 21 GB  464 KB/s  11h16m[K[?25h[?2026l[?2026h[?25l[A[1Gpulling manifest [K
pulling 043a363c6ca3:  11% ▕█                 ▏ 2.3 GB/ 21 GB  464 KB/s  11h16m[K[?25h[?2026l[?2026h[?25l[A[1Gpulling manifest [K
pulling 043a363c6ca3:  11% ▕█                 ▏ 2.3 GB/ 21 GB   12 KB/s    99h+[K[?25h[?2026l[?2026h[?25l[A[1Gpulling manifest [K
pulling 043a363c6ca3:  11% ▕█                 ▏ 2.3 GB/ 21 GB  8.2 KB/s    99h+[K[?25h[?2026l[?2026h[?25l[A[1Gpulling manifest [K
pulling 043a363c6ca3:  11% ▕█                 ▏ 2.3 GB/ 21 GB  8.2 KB/s    99h+[K[?25h[?2026l[?2026h[?25l[A[1Gpulling manifest [K
pulling 043a363c6ca3:  11% ▕█                 ▏ 2.3 GB/ 21 GB  8.2 KB/s    99h+[K[?25h[?2026l[?2026h[?25l[A[1Gpulling manifest [K
pulling 043a363c6ca3:  11% ▕█                 ▏ 2.3 GB/ 21 GB  8.2 KB/s    99h+[K[?25h[?2026l[?2026h[?25l[A[1Gpulling manifest [K
pulling 043a363c6ca3:  11% ▕█                 ▏ 2.3 GB/ 21 GB  8.2 KB/s    99h+[K[?25h[?2026l[?2026h[?25l[A[1Gpulling manifest [K
pulling 043a363c6ca3:  11% ▕█                 ▏ 2.3 GB/ 21 GB  8.2 KB/s    99h+[K[?25h[?2026l[?2026h[?25l[A[1Gpulling manifest [K
pulling 043a363c6ca3:  11% ▕█                 ▏ 2.3 GB/ 21 GB  8.2 KB/s    99h+[K[?25h[?2026l[?2026h[?25l[A[1Gpulling manifest [K
pulling 043a363c6ca3:  11% ▕█                 ▏ 2.3 GB/ 21 GB  3.3 KB/s    99h+[K[?25h[?2026l[?2026h[?25l[A[1Gpulling manifest [K
pulling 043a363c6ca3:  11% ▕█                 ▏ 2.3 GB/ 21 GB  3.3 KB/s    99h+[K[?25h[?2026l[?2026h[?25l[A[1Gpulling manifest [K
pulling 043a363c6ca3:  11% ▕█                 ▏ 2.3 GB/ 21 GB  3.3 KB/s    99h+[K[?25h[?2026l[?2026h[?25l[A[1Gpulling manifest [K
pulling 043a363c6ca3:  11% ▕█                 ▏ 2.3 GB/ 21 GB  3.3 KB/s    99h+[K[?25h[?2026l[?2026h[?25l[A[1Gpulling manifest [K
pulling 043a363c6ca3:  11% ▕█                 ▏ 2.3 GB/ 21 GB  3.3 KB/s    99h+[K[?25h[?2026l[?2026h[?25l[A[1Gpulling manifest [K
pulling 043a363c6ca3:  11% ▕█                 ▏ 2.3 GB/ 21 GB  3.3 KB/s    99h+[K[?25h[?2026l[?2026h[?25l[A[1Gpulling manifest [K
pulling 043a363c6ca3:  11% ▕█                 ▏ 2.3 GB/ 21 GB  3.3 KB/s    99h+[K[?25h[?2026l[?2026h[?25l[A[1Gpulling manifest [K
pulling 043a363c6ca3:  11% ▕█                 ▏ 2.3 GB/ 21 GB  3.3 KB/s    99h+[K[?25h[?2026l[?2026h[?25l[A[1Gpulling manifest [K
pulling 043a363c6ca3:  11% ▕█                 ▏ 2.3 GB/ 21 GB  3.3 KB/s    99h+[K[?25h[?2026l[?2026h[?25l[A[1Gpulling manifest [K
pulling 043a363c6ca3:  11% ▕█                 ▏ 2.3 GB/ 21 GB  1.6 KB/s    99h+[K[?25h[?2026l[?2026h[?25l[A[1Gpulling manifest [K
pulling 043a363c6ca3:  11% ▕█                 ▏ 2.3 GB/ 21 GB  348 KB/s   15h0m[K[?25h[?2026l[?2026h[?25l[A[1Gpulling manifest [K
pulling 043a363c6ca3:  11% ▕█                 ▏ 2.3 GB/ 21 GB  1.2 MB/s   4h20m[K[?25h[?2026l[?2026h[?25l[A[1Gpulling manifest [K
pulling 043a363c6ca3:  11% ▕█                 ▏ 2.3 GB/ 21 GB  1.2 MB/s   4h20m[K[?25h[?2026l[?2026h[?25l[A[1Gpulling manifest [K
pulling 043a363c6ca3:  11% ▕█                 ▏ 2.3 GB/ 21 GB  1.2 MB/s   4h20m[K[?25h[?2026l[?2026h[?25l[A[1Gpulling manifest [K
pulling 043a363c6ca3:  11% ▕█                 ▏ 2.3 GB/ 21 GB  1.2 MB/s   4h20m[K[?25h[?2026l[?2026h[?25l[A[1Gpulling manifest [K
pulling 043a363c6ca3:  11% ▕█                 ▏ 2.3 GB/ 21 GB  1.9 MB/s   2h48m[K[?25h[?2026l[?2026h[?25l[A[1Gpulling manifest [K
pulling 043a363c6ca3:  11% ▕█                 ▏ 2.3 GB/ 21 GB  1.9 MB/s   2h48m[K[?25h[?2026l[?2026h[?25l[A[1Gpulling manifest [K
pulling 043a363c6ca3:  11% ▕█                 ▏ 2.3 GB/ 21 GB  1.9 MB/s   2h48m[K[?25h[?2026l[?2026h[?25l[A[1Gpulling manifest [K
pulling 043a363c6ca3:  11% ▕██                ▏ 2.4 GB/ 21 GB  1.9 MB/s   2h48m[K[?25h[?2026l[?2026h[?25l[A[1Gpulling manifest [K
pulling 043a363c6ca3:  11% ▕██                ▏ 2.4 GB/ 21 GB  2.5 MB/s    2h3m[K[?25h[?2026l[?2026h[?25l[A[1Gpulling manifest [K
pulling 043a363c6ca3:  11% ▕██                ▏ 2.4 GB/ 21 GB  3.3 MB/s   1h34m[K[?25h[?2026l[?2026h[?25l[A[1Gpulling manifest [K
pulling 043a363c6ca3:  11% ▕██                ▏ 2.4 GB/ 21 GB  3.0 MB/s   1h44m[K[?25h[?2026l[?2026h[?25l[A[1Gpulling manifest [K
pulling 043a363c6ca3:  11% ▕██                ▏ 2.4 GB/ 21 GB  2.7 MB/s   1h53m[K[?25h[?2026l[?2026h[?25l[A[1Gpulling manifest [K
pulling 043a363c6ca3:  11% ▕██                ▏ 2.4 GB/ 21 GB  2.5 MB/s    2h3m[K[?25h[?2026l[?2026h[?25l[A[1Gpulling manifest [K
pulling 043a363c6ca3:  11% ▕██                ▏ 2.4 GB/ 21 GB  2.5 MB/s    2h3m[K[?25h[?2026l[?2026h[?25l[A[1Gpulling manifest [K
pulling 043a363c6ca3:  11% ▕██                ▏ 2.4 GB/ 21 GB  2.7 MB/s   1h54m[K[?25h[?2026l[?2026h[?25l[A[1Gpulling manifest [K
pulling 043a363c6ca3:  11% ▕██                ▏ 2.4 GB/ 21 GB  2.2 MB/s   2h25m[K[?25h[?2026l[?2026h[?25l[A[1Gpulling manifest [K
pulling 043a363c6ca3:  11% ▕██                ▏ 2.4 GB/ 21 GB  2.2 MB/s   2h24m[K[?25h[?2026l[?2026h[?25l[A[1Gpulling manifest [K
pulling 043a363c6ca3:  11% ▕██                ▏ 2.4 GB/ 21 GB  7.4 MB/s  41m56s[K[?25h[?2026l[?2026h[?25l[A[1Gpulling manifest [K
pulling 043a363c6ca3:  11% ▕██                ▏ 2.4 GB/ 21 GB  7.7 MB/s  40m34s[K[?25h[?2026l[?2026h[?25l[A[1Gpulling manifest [K
pulling 043a363c6ca3:  11% ▕██                ▏ 2.4 GB/ 21 GB  7.2 MB/s  43m33s[K[?25h[?2026l[?2026h[?25l[A[1Gpulling manifest [K
pulling 043a363c6ca3:  11% ▕██                ▏ 2.4 GB/ 21 GB  7.2 MB/s  43m33s[K[?25h[?2026l[?2026h[?25l[A[1Gpulling manifest [K
pulling 043a363c6ca3:  11% ▕██                ▏ 2.4 GB/ 21 GB  7.2 MB/s  43m32s[K[?25h[?2026l[?2026h[?25l[A[1Gpulling manifest [K
pulling 043a363c6ca3:  11% ▕██                ▏ 2.4 GB/ 21 GB  6.8 MB/s   46m7s[K[?25h[?2026l[?2026h[?25l[A[1Gpulling manifest [K
pulling 043a363c6ca3:  11% ▕██                ▏ 2.4 GB/ 21 GB  6.9 MB/s  45m14s[K[?25h[?2026l[?2026h[?25l[A[1Gpulling manifest [K
pulling 043a363c6ca3:  11% ▕██                ▏ 2.4 GB/ 21 GB  6.8 MB/s  45m36s[K[?25h[?2026l[?2026h[?25l[A[1Gpulling manifest [K
pulling 043a363c6ca3:  11% ▕██                ▏ 2.4 GB/ 21 GB  7.1 MB/s  43m47s[K[?25h[?2026l[?2026h[?25l[A[1Gpulling manifest [K
pulling 043a363c6ca3:  11% ▕██                ▏ 2.4 GB/ 21 GB  7.1 MB/s  43m47s[K[?25h[?2026l[?2026h[?25l[A[1Gpulling manifest [K
pulling 043a363c6ca3:  11% ▕██                ▏ 2.4 GB/ 21 GB  6.9 MB/s  45m30s[K[?25h[?2026l[?2026h[?25l[A[1Gpulling manifest [K
pulling 043a363c6ca3:  11% ▕██                ▏ 2.4 GB/ 21 GB  6.9 MB/s  45m30s[K[?25h[?2026l[?2026h[?25l[A[1Gpulling manifest [K
pulling 043a363c6ca3:  11% ▕██                ▏ 2.4 GB/ 21 GB  1.8 MB/s   2h57m[K[?25h[?2026l[?2026h[?25l[A[1Gpulling manifest [K
pulling 043a363c6ca3:  11% ▕██                ▏ 2.4 GB/ 21 GB  1.7 MB/s    3h4m[K[?25h[?2026l[?2026h[?25l[A[1Gpulling manifest [K
pulling 043a363c6ca3:  12% ▕██                ▏ 2.4 GB/ 21 GB  1.7 MB/s    3h2m[K[?25h[?2026l[?2026h[?25l[A[1Gpulling manifest [K
pulling 043a363c6ca3:  12% ▕██                ▏ 2.4 GB/ 21 GB  1.3 MB/s    4h0m[K[?25h[?2026l[?2026h[?25l[A[1Gpulling manifest [K
pulling 043a363c6ca3:  12% ▕██                ▏ 2.4 GB/ 21 GB  1.4 MB/s   3h43m[K[?25h[?2026l[?2026h[?25l[A[1Gpulling manifest [K
pulling 043a363c6ca3:  12% ▕██                ▏ 2.4 GB/ 21 GB  1.9 MB/s   2h42m[K[?25h[?2026l[?2026h[?25l[A[1Gpulling manifest [K
pulling 043a363c6ca3:  12% ▕██                ▏ 2.4 GB/ 21 GB  1.8 MB/s   2h56m[K[?25h[?2026l[?2026h[?25l[A[1Gpulling manifest [K
pulling 043a363c6ca3:  12% ▕██                ▏ 2.4 GB/ 21 GB  1.6 MB/s   3h13m[K[?25h[?2026l[?2026h[?25l[A[1Gpulling manifest [K
pulling 043a363c6ca3:  12% ▕██                ▏ 2.4 GB/ 21 GB  1.6 MB/s   3h13m[K[?25h[?2026l[?2026h[?25l[A[1Gpulling manifest [K
pulling 043a363c6ca3:  12% ▕██                ▏ 2.4 GB/ 21 GB  1.4 MB/s   3h39m[K[?25h[?2026l[?2026h[?25l[A[1Gpulling manifest [K
pulling 043a363c6ca3:  12% ▕██                ▏ 2.4 GB/ 21 GB  1.2 MB/s   4h11m[K[?25h[?2026l[?2026h[?25l[A[1Gpulling manifest [K
pulling 043a363c6ca3:  12% ▕██                ▏ 2.4 GB/ 21 GB  1.2 MB/s   4h11m[K[?25h[?2026l[?2026h[?25l[A[1Gpulling manifest [K
pulling 043a363c6ca3:  12% ▕██                ▏ 2.4 GB/ 21 GB  1.1 MB/s   4h52m[K[?25h[?2026l[?2026h[?25l[A[1Gpulling manifest [K
pulling 043a363c6ca3:  12% ▕██                ▏ 2.4 GB/ 21 GB  1.1 MB/s   4h52m[K[?25h[?2026l[?2026h[?25l[A[1Gpulling manifest [K
pulling 043a363c6ca3:  12% ▕██                ▏ 2.4 GB/ 21 GB  953 KB/s   5h27m[K[?25h[?2026l[?2026h[?25l[A[1Gpulling manifest [K
pulling 043a363c6ca3:  12% ▕██                ▏ 2.4 GB/ 21 GB  953 KB/s   5h27m[K[?25h[?2026l[?2026h[?25l[A[1Gpulling manifest [K
pulling 043a363c6ca3:  12% ▕██                ▏ 2.4 GB/ 21 GB  713 KB/s   7h17m[K[?25h[?2026l[?2026h[?25l[A[1Gpulling manifest [K
pulling 043a363c6ca3:  12% ▕██                ▏ 2.4 GB/ 21 GB  187 KB/s  27h43m[K[?25h[?2026l[?2026h[?25l[A[1Gpulling manifest [K
pulling 043a363c6ca3:  12% ▕██                ▏ 2.4 GB/ 21 GB  3.6 KB/s    99h+[K[?25h[?2026l[?2026h[?25l[A[1Gpulling manifest [K
pulling 043a363c6ca3:  12% ▕██                ▏ 2.4 GB/ 21 GB   96 KB/s  53h53m[K[?25h[?2026l[?2026h[?25l[A[1Gpulling manifest [K
pulling 043a363c6ca3:  12% ▕██                ▏ 2.4 GB/ 21 GB   96 KB/s  53h53m[K[?25h[?2026l[?2026h[?25l[A[1Gpulling manifest [K
pulling 043a363c6ca3:  12% ▕██                ▏ 2.4 GB/ 21 GB  278 KB/s  18h39m[K[?25h[?2026l[?2026h[?25l[A[1Gpulling manifest [K
pulling 043a363c6ca3:  12% ▕██                ▏ 2.4 GB/ 21 GB  278 KB/s  18h39m[K[?25h[?2026l[?2026h[?25l[A[1Gpulling manifest [K
pulling 043a363c6ca3:  12% ▕██                ▏ 2.4 GB/ 21 GB  278 KB/s  18h39m[K[?25h[?2026l[?2026h[?25l[A[1Gpulling manifest [K
pulling 043a363c6ca3:  12% ▕██                ▏ 2.4 GB/ 21 GB  395 KB/s   13h9m[K[?25h[?2026l[?2026h[?25l[A[1Gpulling manifest [K
pulling 043a363c6ca3:  12% ▕██                ▏ 2.5 GB/ 21 GB  847 KB/s    6h8m[K[?25h[?2026l[?2026h[?25l[A[1Gpulling manifest [K
pulling 043a363c6ca3:  12% ▕██                ▏ 2.5 GB/ 21 GB  921 KB/s   5h38m[K[?25h[?2026l[?2026h[?25l[A[1Gpulling manifest [K
pulling 043a363c6ca3:  12% ▕██                ▏ 2.5 GB/ 21 GB  1.0 MB/s    5h6m[K[?25h[?2026l[?2026h[?25l[A[1Gpulling manifest [K
pulling 043a363c6ca3:  12% ▕██                ▏ 2.5 GB/ 21 GB  1.0 MB/s    5h6m[K[?25h[?2026l[?2026h[?25l[A[1Gpulling manifest [K
pulling 043a363c6ca3:  12% ▕██                ▏ 2.5 GB/ 21 GB  1.3 MB/s    4h6m[K[?25h[?2026l[?2026h[?25l[A[1Gpulling manifest [K
pulling 043a363c6ca3:  12% ▕██                ▏ 2.5 GB/ 21 GB  1.3 MB/s    4h6m[K[?25h[?2026l[?2026h[?25l[A[1Gpulling manifest [K
pulling 043a363c6ca3:  12% ▕██                ▏ 2.5 GB/ 21 GB  1.5 MB/s   3h26m[K[?25h[?2026l[?2026h[?25l[A[1Gpulling manifest [K
pulling 043a363c6ca3:  12% ▕██                ▏ 2.5 GB/ 21 GB  1.6 MB/s   3h18m[K[?25h[?2026l[?2026h[?25l[A[1Gpulling manifest [K
pulling 043a363c6ca3:  12% ▕██                ▏ 2.5 GB/ 21 GB  1.8 MB/s   2h51m[K[?25h[?2026l[?2026h[?25l[A[1Gpulling manifest [K
pulling 043a363c6ca3:  12% ▕██                ▏ 2.5 GB/ 21 GB  1.4 MB/s   3h44m[K[?25h[?2026l[?2026h[?25l[A[1Gpulling manifest [K
pulling 043a363c6ca3:  12% ▕██                ▏ 2.5 GB/ 21 GB  1.3 MB/s   3h54m[K[?25h[?2026l[?2026h[?25l[A[1Gpulling manifest [K
pulling 043a363c6ca3:  12% ▕██                ▏ 2.5 GB/ 21 GB  1.2 MB/s    4h9m[K[?25h[?2026l[?2026h[?25l[A[1Gpulling manifest [K
pulling 043a363c6ca3:  12% ▕██                ▏ 2.5 GB/ 21 GB  1.8 MB/s   2h48m[K[?25h[?2026l[?2026h[?25l[A[1Gpulling manifest [K
pulling 043a363c6ca3:  12% ▕██                ▏ 2.5 GB/ 21 GB  1.8 MB/s   2h48m[K[?25h[?2026l[?2026h[?25l[A[1Gpulling manifest [K
pulling 043a363c6ca3:  12% ▕██                ▏ 2.5 GB/ 21 GB  1.6 MB/s   3h10m[K[?25h[?2026l[?2026h[?25l[A[1Gpulling manifest [K
pulling 043a363c6ca3:  12% ▕██                ▏ 2.5 GB/ 21 GB  1.6 MB/s   3h10m[K[?25h[?2026l[?2026h[?25l[A[1Gpulling manifest [K
pulling 043a363c6ca3:  12% ▕██                ▏ 2.5 GB/ 21 GB  1.6 MB/s   3h20m[K[?25h[?2026l[?2026h[?25l[A[1Gpulling manifest [K
pulling 043a363c6ca3:  12% ▕██                ▏ 2.5 GB/ 21 GB  1.3 MB/s    4h3m[K[?25h[?2026l[?2026h[?25l[A[1Gpulling manifest [K
pulling 043a363c6ca3:  12% ▕██                ▏ 2.5 GB/ 21 GB  1.3 MB/s    4h3m[K[?25h[?2026l[?2026h[?25l[A[1Gpulling manifest [K
pulling 043a363c6ca3:  12% ▕██                ▏ 2.5 GB/ 21 GB  1.4 MB/s   3h41m[K[?25h[?2026l[?2026h[?25l[A[1Gpulling manifest [K
pulling 043a363c6ca3:  12% ▕██                ▏ 2.5 GB/ 21 GB  1.5 MB/s   3h22m[K[?25h[?2026l[?2026h[?25l[A[1Gpulling manifest [K
pulling 043a363c6ca3:  12% ▕██                ▏ 2.5 GB/ 21 GB  1.6 MB/s   3h18m[K[?25h[?2026l[?2026h[?25l[A[1Gpulling manifest [K
pulling 043a363c6ca3:  12% ▕██                ▏ 2.5 GB/ 21 GB  1.6 MB/s   3h18m[K[?25h[?2026l[?2026h[?25l[A[1Gpulling manifest [K
pulling 043a363c6ca3:  12% ▕██                ▏ 2.5 GB/ 21 GB  1.4 MB/s   3h41m[K[?25h[?2026l[?2026h[?25l[A[1Gpulling manifest [K
pulling 043a363c6ca3:  12% ▕██                ▏ 2.5 GB/ 21 GB  1.5 MB/s   3h30m[K[?25h[?2026l[?2026h[?25l[A[1Gpulling manifest [K
pulling 043a363c6ca3:  12% ▕██                ▏ 2.5 GB/ 21 GB  1.5 MB/s   3h27m[K[?25h[?2026l[?2026h[?25l[A[1Gpulling manifest [K
pulling 043a363c6ca3:  12% ▕██                ▏ 2.5 GB/ 21 GB  1.4 MB/s   3h37m[K[?25h[?2026l[?2026h[?25l[A[1Gpulling manifest [K
pulling 043a363c6ca3:  12% ▕██                ▏ 2.5 GB/ 21 GB  1.3 MB/s   3h52m[K[?25h[?2026l[?2026h[?25l[A[1Gpulling manifest [K
pulling 043a363c6ca3:  12% ▕██                ▏ 2.5 GB/ 21 GB  1.2 MB/s   4h18m[K[?25h[?2026l[?2026h[?25l[A[1Gpulling manifest [K
pulling 043a363c6ca3:  12% ▕██                ▏ 2.5 GB/ 21 GB  1.2 MB/s   4h18m[K[?25h[?2026l[?2026h[?25l[A[1Gpulling manifest [K
pulling 043a363c6ca3:  12% ▕██                ▏ 2.5 GB/ 21 GB  1.3 MB/s   3h54m[K[?25h[?2026l[?2026h[?25l[A[1Gpulling manifest [K
pulling 043a363c6ca3:  12% ▕██                ▏ 2.5 GB/ 21 GB  1.3 MB/s   3h54m[K[?25h[?2026l[?2026h[?25l[A[1Gpulling manifest [K
pulling 043a363c6ca3:  12% ▕██                ▏ 2.5 GB/ 21 GB  754 KB/s   6h52m[K[?25h[?2026l[?2026h[?25l[A[1Gpulling manifest [K
pulling 043a363c6ca3:  12% ▕██                ▏ 2.5 GB/ 21 GB  1.1 MB/s   4h42m[K[?25h[?2026l[?2026h[?25l[A[1Gpulling manifest [K
pulling 043a363c6ca3:  12% ▕██                ▏ 2.5 GB/ 21 GB  1.1 MB/s   4h48m[K[?25h[?2026l[?2026h[?25l[A[1Gpulling manifest [K
pulling 043a363c6ca3:  12% ▕██                ▏ 2.5 GB/ 21 GB  2.5 MB/s    2h4m[K[?25h[?2026l[?2026h[?25l[A[1Gpulling manifest [K
pulling 043a363c6ca3:  12% ▕██                ▏ 2.5 GB/ 21 GB  2.5 MB/s    2h4m[K[?25h[?2026l[?2026h[?25l[A[1Gpulling manifest [K
pulling 043a363c6ca3:  12% ▕██                ▏ 2.5 GB/ 21 GB  2.5 MB/s    2h2m[K[?25h[?2026l[?2026h[?25l[A[1Gpulling manifest [K
pulling 043a363c6ca3:  12% ▕██                ▏ 2.5 GB/ 21 GB  2.7 MB/s   1h56m[K[?25h[?2026l[?2026h[?25l[A[1Gpulling manifest [K
pulling 043a363c6ca3:  12% ▕██                ▏ 2.5 GB/ 21 GB  2.7 MB/s   1h56m[K[?25h[?2026l[?2026h[?25l[A[1Gpulling manifest [K
pulling 043a363c6ca3:  12% ▕██                ▏ 2.5 GB/ 21 GB  2.6 MB/s   1h59m[K[?25h[?2026l[?2026h[?25l[A[1Gpulling manifest [K
pulling 043a363c6ca3:  12% ▕██                ▏ 2.5 GB/ 21 GB  2.6 MB/s   1h59m[K[?25h[?2026l[?2026h[?25l[A[1Gpulling manifest [K
pulling 043a363c6ca3:  12% ▕██                ▏ 2.5 GB/ 21 GB  2.4 MB/s   2h10m[K[?25h[?2026l[?2026h[?25l[A[1Gpulling manifest [K
pulling 043a363c6ca3:  12% ▕██                ▏ 2.5 GB/ 21 GB  2.2 MB/s   2h20m[K[?25h[?2026l[?2026h[?25l[A[1Gpulling manifest [K
pulling 043a363c6ca3:  12% ▕██                ▏ 2.5 GB/ 21 GB  2.5 MB/s    2h5m[K[?25h[?2026l[?2026h[?25l[A[1Gpulling manifest [K
pulling 043a363c6ca3:  12% ▕██                ▏ 2.5 GB/ 21 GB  898 KB/s   5h45m[K[?25h[?2026l[?2026h[?25l[A[1Gpulling manifest [K
pulling 043a363c6ca3:  12% ▕██                ▏ 2.5 GB/ 21 GB  898 KB/s   5h45m[K[?25h[?2026l[?2026h[?25l[A[1Gpulling manifest [K
pulling 043a363c6ca3:  12% ▕██                ▏ 2.5 GB/ 21 GB  853 KB/s    6h4m[K[?25h[?2026l[?2026h[?25l[A[1Gpulling manifest [K
pulling 043a363c6ca3:  12% ▕██                ▏ 2.5 GB/ 21 GB  853 KB/s    6h4m[K[?25h[?2026l[?2026h[?25l[A[1Gpulling manifest [K
pulling 043a363c6ca3:  12% ▕██                ▏ 2.5 GB/ 21 GB  853 KB/s    6h4m[K[?25h[?2026l[?2026h[?25l[A[1Gpulling manifest [K
pulling 043a363c6ca3:  12% ▕██                ▏ 2.5 GB/ 21 GB  853 KB/s    6h4m[K[?25h[?2026l[?2026h[?25l[A[1Gpulling manifest [K
pulling 043a363c6ca3:  12% ▕██                ▏ 2.5 GB/ 21 GB  942 KB/s   5h29m[K[?25h[?2026l[?2026h[?25l[A[1Gpulling manifest [K
pulling 043a363c6ca3:  12% ▕██                ▏ 2.5 GB/ 21 GB  942 KB/s   5h29m[K[?25h[?2026l[?2026h[?25l[A[1Gpulling manifest [K
pulling 043a363c6ca3:  12% ▕██                ▏ 2.5 GB/ 21 GB  922 KB/s   5h36m[K[?25h[?2026l[?2026h[?25l[A[1Gpulling manifest [K
pulling 043a363c6ca3:  12% ▕██                ▏ 2.5 GB/ 21 GB  775 KB/s   6h40m[K[?25h[?2026l[?2026h[?25l[A[1Gpulling manifest [K
pulling 043a363c6ca3:  12% ▕██                ▏ 2.5 GB/ 21 GB  775 KB/s   6h40m[K[?25h[?2026l[?2026h[?25l[A[1Gpulling manifest [K
pulling 043a363c6ca3:  12% ▕██                ▏ 2.5 GB/ 21 GB  785 KB/s   6h35m[K[?25h[?2026l[?2026h[?25l[A[1Gpulling manifest [K
pulling 043a363c6ca3:  12% ▕██                ▏ 2.5 GB/ 21 GB  785 KB/s   6h35m[K[?25h[?2026l[?2026h[?25l[A[1Gpulling manifest [K
pulling 043a363c6ca3:  12% ▕██                ▏ 2.5 GB/ 21 GB  700 KB/s   7h23m[K[?25h[?2026l[?2026h[?25l[A[1Gpulling manifest [K
pulling 043a363c6ca3:  12% ▕██                ▏ 2.5 GB/ 21 GB  700 KB/s   7h23m[K[?25h[?2026l[?2026h[?25l[A[1Gpulling manifest [K
pulling 043a363c6ca3:  12% ▕██                ▏ 2.5 GB/ 21 GB  700 KB/s   7h23m[K[?25h[?2026l[?2026h[?25l[A[1Gpulling manifest [K
pulling 043a363c6ca3:  12% ▕██                ▏ 2.5 GB/ 21 GB  700 KB/s   7h23m[K[?25h[?2026l[?2026h[?25l[A[1Gpulling manifest [K
pulling 043a363c6ca3:  12% ▕██                ▏ 2.5 GB/ 21 GB  731 KB/s    7h4m[K[?25h[?2026l[?2026h[?25l[A[1Gpulling manifest [K
pulling 043a363c6ca3:  12% ▕██                ▏ 2.5 GB/ 21 GB  731 KB/s    7h4m[K[?25h[?2026l[?2026h[?25l[A[1Gpulling manifest [K
pulling 043a363c6ca3:  12% ▕██                ▏ 2.5 GB/ 21 GB  731 KB/s    7h4m[K[?25h[?2026l[?2026h[?25l[A[1Gpulling manifest [K
pulling 043a363c6ca3:  12% ▕██                ▏ 2.5 GB/ 21 GB  731 KB/s    7h4m[K[?25h[?2026l[?2026h[?25l[A[1Gpulling manifest [K
pulling 043a363c6ca3:  12% ▕██                ▏ 2.5 GB/ 21 GB  808 KB/s   6h24m[K[?25h[?2026l[?2026h[?25l[A[1Gpulling manifest [K
pulling 043a363c6ca3:  12% ▕██                ▏ 2.5 GB/ 21 GB  808 KB/s   6h24m[K[?25h[?2026l[?2026h[?25l[A[1Gpulling manifest [K
pulling 043a363c6ca3:  12% ▕██                ▏ 2.5 GB/ 21 GB  911 KB/s   5h40m[K[?25h[?2026l[?2026h[?25l[A[1Gpulling manifest [K
pulling 043a363c6ca3:  12% ▕██                ▏ 2.5 GB/ 21 GB  911 KB/s   5h40m[K[?25h[?2026l[?2026h[?25l[A[1Gpulling manifest [K
pulling 043a363c6ca3:  12% ▕██                ▏ 2.5 GB/ 21 GB  911 KB/s   5h40m[K[?25h[?2026l[?2026h[?25l[A[1Gpulling manifest [K
pulling 043a363c6ca3:  12% ▕██                ▏ 2.5 GB/ 21 GB  911 KB/s   5h40m[K[?25h[?2026l[?2026h[?25l[A[1Gpulling manifest [K
pulling 043a363c6ca3:  12% ▕██                ▏ 2.5 GB/ 21 GB  650 KB/s   7h57m[K[?25h[?2026l[?2026h[?25l[A[1Gpulling manifest [K
pulling 043a363c6ca3:  12% ▕██                ▏ 2.5 GB/ 21 GB  650 KB/s   7h57m[K[?25h[?2026l[?2026h[?25l[A[1Gpulling manifest [K
pulling 043a363c6ca3:  12% ▕██                ▏ 2.5 GB/ 21 GB  650 KB/s   7h57m[K[?25h[?2026l[?2026h[?25l[A[1Gpulling manifest [K
pulling 043a363c6ca3:  12% ▕██                ▏ 2.5 GB/ 21 GB  650 KB/s   7h57m[K[?25h[?2026l[?2026h[?25l[A[1Gpulling manifest [K
pulling 043a363c6ca3:  12% ▕██                ▏ 2.5 GB/ 21 GB  968 KB/s   5h20m[K[?25h[?2026l[?2026h[?25l[A[1Gpulling manifest [K
pulling 043a363c6ca3:  12% ▕██                ▏ 2.5 GB/ 21 GB  968 KB/s   5h20m[K[?25h[?2026l[?2026h[?25l[A[1Gpulling manifest [K
pulling 043a363c6ca3:  12% ▕██                ▏ 2.5 GB/ 21 GB  968 KB/s   5h20m[K[?25h[?2026l[?2026h[?25l[A[1Gpulling manifest [K
pulling 043a363c6ca3:  12% ▕██                ▏ 2.5 GB/ 21 GB  968 KB/s   5h20m[K[?25h[?2026l[?2026h[?25l[A[1Gpulling manifest [K
pulling 043a363c6ca3:  12% ▕██                ▏ 2.5 GB/ 21 GB  1.1 MB/s   4h32m[K[?25h[?2026l[?2026h[?25l[A[1Gpulling manifest [K
pulling 043a363c6ca3:  12% ▕██                ▏ 2.5 GB/ 21 GB  1.1 MB/s   4h32m[K[?25h[?2026l[?2026h[?25l[A[1Gpulling manifest [K
pulling 043a363c6ca3:  12% ▕██                ▏ 2.5 GB/ 21 GB  1.1 MB/s   4h32m[K[?25h[?2026l[?2026h[?25l[A[1Gpulling manifest [K
pulling 043a363c6ca3:  12% ▕██                ▏ 2.5 GB/ 21 GB  1.1 MB/s   4h32m[K[?25h[?2026l[?2026h[?25l[A[1Gpulling manifest [K
pulling 043a363c6ca3:  12% ▕██                ▏ 2.5 GB/ 21 GB  1.2 MB/s   4h15m[K[?25h[?2026l[?2026h[?25l[A[1Gpulling manifest [K
pulling 043a363c6ca3:  12% ▕██                ▏ 2.5 GB/ 21 GB  1.2 MB/s   4h19m[K[?25h[?2026l[?2026h[?25l[A[1Gpulling manifest [K
pulling 043a363c6ca3:  12% ▕██                ▏ 2.5 GB/ 21 GB  1.2 MB/s   4h19m[K[?25h[?2026l[?2026h[?25l[A[1Gpulling manifest [K
pulling 043a363c6ca3:  12% ▕██                ▏ 2.5 GB/ 21 GB  1.2 MB/s   4h21m[K[?25h[?2026l[?2026h[?25l[A[1Gpulling manifest [K
pulling 043a363c6ca3:  12% ▕██                ▏ 2.5 GB/ 21 GB  1.2 MB/s   4h21m[K[?25h[?2026l[?2026h[?25l[A[1Gpulling manifest [K
pulling 043a363c6ca3:  12% ▕██                ▏ 2.5 GB/ 21 GB  1.2 MB/s   4h21m[K[?25h[?2026l[?2026h[?25l[A[1Gpulling manifest [K
pulling 043a363c6ca3:  12% ▕██                ▏ 2.5 GB/ 21 GB  1.6 MB/s   3h15m[K[?25h[?2026l[?2026h[?25l[A[1Gpulling manifest [K
pulling 043a363c6ca3:  12% ▕██                ▏ 2.5 GB/ 21 GB  1.5 MB/s   3h29m[K[?25h[?2026l[?2026h[?25l[A[1Gpulling manifest [K
pulling 043a363c6ca3:  12% ▕██                ▏ 2.5 GB/ 21 GB  1.6 MB/s   3h14m[K[?25h[?2026l[?2026h[?25l[A[1Gpulling manifest [K
pulling 043a363c6ca3:  12% ▕██                ▏ 2.5 GB/ 21 GB  1.1 MB/s   4h48m[K[?25h[?2026l[?2026h[?25l[A[1Gpulling manifest [K
pulling 043a363c6ca3:  12% ▕██                ▏ 2.5 GB/ 21 GB  1.1 MB/s   4h48m[K[?25h[?2026l[?2026h[?25l[A[1Gpulling manifest [K
pulling 043a363c6ca3:  12% ▕██                ▏ 2.5 GB/ 21 GB  877 KB/s   5h53m[K[?25h[?2026l[?2026h[?25l[A[1Gpulling manifest [K
pulling 043a363c6ca3:  12% ▕██                ▏ 2.5 GB/ 21 GB  877 KB/s   5h53m[K[?25h[?2026l[?2026h[?25l[A[1Gpulling manifest [K
pulling 043a363c6ca3:  12% ▕██                ▏ 2.5 GB/ 21 GB  877 KB/s   5h53m[K[?25h[?2026l[?2026h[?25l[A[1Gpulling manifest [K
pulling 043a363c6ca3:  12% ▕██                ▏ 2.5 GB/ 21 GB  812 KB/s   6h21m[K[?25h[?2026l[?2026h[?25l[A[1Gpulling manifest [K
pulling 043a363c6ca3:  12% ▕██                ▏ 2.5 GB/ 21 GB  815 KB/s   6h20m[K[?25h[?2026l[?2026h[?25l[A[1Gpulling manifest [K
pulling 043a363c6ca3:  12% ▕██                ▏ 2.5 GB/ 21 GB  743 KB/s   6h57m[K[?25h[?2026l[?2026h[?25l[A[1Gpulling manifest [K
pulling 043a363c6ca3:  12% ▕██                ▏ 2.5 GB/ 21 GB  743 KB/s   6h57m[K[?25h[?2026l[?2026h[?25l[A[1Gpulling manifest [K
pulling 043a363c6ca3:  12% ▕██                ▏ 2.5 GB/ 21 GB  307 KB/s  16h48m[K[?25h[?2026l[?2026h[?25l[A[1Gpulling manifest [K
pulling 043a363c6ca3:  12% ▕██                ▏ 2.5 GB/ 21 GB  156 KB/s   33h1m[K[?25h[?2026l[?2026h[?25l[A[1Gpulling manifest [K
pulling 043a363c6ca3:  12% ▕██                ▏ 2.5 GB/ 21 GB  156 KB/s   33h1m[K[?25h[?2026l[?2026h[?25l[A[1Gpulling manifest [K
pulling 043a363c6ca3:  12% ▕██                ▏ 2.5 GB/ 21 GB  162 KB/s  31h54m[K[?25h[?2026l[?2026h[?25l[A[1Gpulling manifest [K
pulling 043a363c6ca3:  12% ▕██                ▏ 2.5 GB/ 21 GB  162 KB/s  31h54m[K[?25h[?2026l[?2026h[?25l[A[1Gpulling manifest [K
pulling 043a363c6ca3:  12% ▕██                ▏ 2.5 GB/ 21 GB  174 KB/s  29h35m[K[?25h[?2026l[?2026h[?25l[A[1Gpulling manifest [K
pulling 043a363c6ca3:  12% ▕██                ▏ 2.6 GB/ 21 GB  174 KB/s  29h34m[K[?25h[?2026l[?2026h[?25l[A[1Gpulling manifest [K
pulling 043a363c6ca3:  12% ▕██                ▏ 2.6 GB/ 21 GB  1.4 MB/s   3h36m[K[?25h[?2026l[?2026h[?25l[A[1Gpulling manifest [K
pulling 043a363c6ca3:  12% ▕██                ▏ 2.6 GB/ 21 GB  1.4 MB/s   3h36m[K[?25h[?2026l[?2026h[?25l[A[1Gpulling manifest [K
pulling 043a363c6ca3:  12% ▕██                ▏ 2.6 GB/ 21 GB  1.4 MB/s   3h39m[K[?25h[?2026l[?2026h[?25l[A[1Gpulling manifest [K
pulling 043a363c6ca3:  12% ▕██                ▏ 2.6 GB/ 21 GB  1.4 MB/s   3h39m[K[?25h[?2026l[?2026h[?25l[A[1Gpulling manifest [K
pulling 043a363c6ca3:  12% ▕██                ▏ 2.6 GB/ 21 GB  1.4 MB/s   3h40m[K[?25h[?2026l[?2026h[?25l[A[1Gpulling manifest [K
pulling 043a363c6ca3:  12% ▕██                ▏ 2.6 GB/ 21 GB  1.4 MB/s   3h40m[K[?25h[?2026l[?2026h[?25l[A[1Gpulling manifest [K
pulling 043a363c6ca3:  12% ▕██                ▏ 2.6 GB/ 21 GB  1.5 MB/s   3h26m[K[?25h[?2026l[?2026h[?25l[A[1Gpulling manifest [K
pulling 043a363c6ca3:  12% ▕██                ▏ 2.6 GB/ 21 GB  1.5 MB/s   3h26m[K[?25h[?2026l[?2026h[?25l[A[1Gpulling manifest [K
pulling 043a363c6ca3:  12% ▕██                ▏ 2.6 GB/ 21 GB  1.5 MB/s   3h21m[K[?25h[?2026l[?2026h[?25l[A[1Gpulling manifest [K
pulling 043a363c6ca3:  12% ▕██                ▏ 2.6 GB/ 21 GB  1.5 MB/s   3h21m[K[?25h[?2026l[?2026h[?25l[A[1Gpulling manifest [K
pulling 043a363c6ca3:  12% ▕██                ▏ 2.6 GB/ 21 GB  1.5 MB/s   3h33m[K[?25h[?2026l[?2026h[?25l[A[1Gpulling manifest [K
pulling 043a363c6ca3:  12% ▕██                ▏ 2.6 GB/ 21 GB  1.5 MB/s   3h20m[K[?25h[?2026l[?2026h[?25l[A[1Gpulling manifest [K
pulling 043a363c6ca3:  12% ▕██                ▏ 2.6 GB/ 21 GB  1.5 MB/s   3h20m[K[?25h[?2026l[?2026h[?25l[A[1Gpulling manifest [K
pulling 043a363c6ca3:  12% ▕██                ▏ 2.6 GB/ 21 GB  1.5 MB/s   3h20m[K[?25h[?2026l[?2026h[?25l[A[1Gpulling manifest [K
pulling 043a363c6ca3:  12% ▕██                ▏ 2.6 GB/ 21 GB  1.5 MB/s   3h20m[K[?25h[?2026l[?2026h[?25l[A[1Gpulling manifest [K
pulling 043a363c6ca3:  12% ▕██                ▏ 2.6 GB/ 21 GB  1.6 MB/s   3h16m[K[?25h[?2026l[?2026h[?25l[A[1Gpulling manifest [K
pulling 043a363c6ca3:  12% ▕██                ▏ 2.6 GB/ 21 GB  1.6 MB/s   3h16m[K[?25h[?2026l[?2026h[?25l[A[1Gpulling manifest [K
pulling 043a363c6ca3:  12% ▕██                ▏ 2.6 GB/ 21 GB  1.6 MB/s   3h16m[K[?25h[?2026l[?2026h[?25l[A[1Gpulling manifest [K
pulling 043a363c6ca3:  12% ▕██                ▏ 2.6 GB/ 21 GB  1.6 MB/s    3h9m[K[?25h[?2026l[?2026h[?25l[A[1Gpulling manifest [K
pulling 043a363c6ca3:  12% ▕██                ▏ 2.6 GB/ 21 GB  507 KB/s  10h10m[K[?25h[?2026l[?2026h[?25l[A[1Gpulling manifest [K
pulling 043a363c6ca3:  12% ▕██                ▏ 2.6 GB/ 21 GB  507 KB/s  10h10m[K[?25h[?2026l[?2026h[?25l[A[1Gpulling manifest [K
pulling 043a363c6ca3:  12% ▕██                ▏ 2.6 GB/ 21 GB  507 KB/s  10h10m[K[?25h[?2026l[?2026h[?25l[A[1Gpulling manifest [K
pulling 043a363c6ca3:  12% ▕██                ▏ 2.6 GB/ 21 GB  666 KB/s   7h45m[K[?25h[?2026l[?2026h[?25l[A[1Gpulling manifest [K
pulling 043a363c6ca3:  12% ▕██                ▏ 2.6 GB/ 21 GB  666 KB/s   7h45m[K[?25h[?2026l[?2026h[?25l[A[1Gpulling manifest [K
pulling 043a363c6ca3:  12% ▕██                ▏ 2.6 GB/ 21 GB  858 KB/s    6h1m[K[?25h[?2026l[?2026h[?25l[A[1Gpulling manifest [K
pulling 043a363c6ca3:  12% ▕██                ▏ 2.6 GB/ 21 GB  858 KB/s    6h1m[K[?25h[?2026l[?2026h[?25l[A[1Gpulling manifest [K
pulling 043a363c6ca3:  12% ▕██                ▏ 2.6 GB/ 21 GB  1.0 MB/s   4h56m[K[?25h[?2026l[?2026h[?25l[A[1Gpulling manifest [K
pulling 043a363c6ca3:  12% ▕██                ▏ 2.6 GB/ 21 GB  987 KB/s   5h13m[K[?25h[?2026l[?2026h[?25l[A[1Gpulling manifest [K
pulling 043a363c6ca3:  12% ▕██                ▏ 2.6 GB/ 21 GB  987 KB/s   5h13m[K[?25h[?2026l[?2026h[?25l[A[1Gpulling manifest [K
pulling 043a363c6ca3:  12% ▕██                ▏ 2.6 GB/ 21 GB  1.0 MB/s    5h0m[K[?25h[?2026l[?2026h[?25l[A[1Gpulling manifest [K
pulling 043a363c6ca3:  12% ▕██                ▏ 2.6 GB/ 21 GB  1.0 MB/s    5h0m[K[?25h[?2026l[?2026h[?25l[A[1Gpulling manifest [K
pulling 043a363c6ca3:  12% ▕██                ▏ 2.6 GB/ 21 GB  1.0 MB/s   4h55m[K[?25h[?2026l[?2026h[?25l[A[1Gpulling manifest [K
pulling 043a363c6ca3:  12% ▕██                ▏ 2.6 GB/ 21 GB  1.0 MB/s   4h55m[K[?25h[?2026l[?2026h[?25l[A[1Gpulling manifest [K
pulling 043a363c6ca3:  12% ▕██                ▏ 2.6 GB/ 21 GB  1.0 MB/s   4h55m[K[?25h[?2026l[?2026h[?25l[A[1Gpulling manifest [K
pulling 043a363c6ca3:  12% ▕██                ▏ 2.6 GB/ 21 GB  1.1 MB/s   4h33m[K[?25h[?2026l[?2026h[?25l[A[1Gpulling manifest [K
pulling 043a363c6ca3:  12% ▕██                ▏ 2.6 GB/ 21 GB  1.1 MB/s   4h33m[K[?25h[?2026l[?2026h[?25l[A[1Gpulling manifest [K
pulling 043a363c6ca3:  12% ▕██                ▏ 2.6 GB/ 21 GB  1.2 MB/s   4h19m[K[?25h[?2026l[?2026h[?25l[A[1Gpulling manifest [K
pulling 043a363c6ca3:  12% ▕██                ▏ 2.6 GB/ 21 GB  1.2 MB/s   4h19m[K[?25h[?2026l[?2026h[?25l[A[1Gpulling manifest [K
pulling 043a363c6ca3:  12% ▕██                ▏ 2.6 GB/ 21 GB  1.5 MB/s   3h29m[K[?25h[?2026l[?2026h[?25l[A[1Gpulling manifest [K
pulling 043a363c6ca3:  12% ▕██                ▏ 2.6 GB/ 21 GB  1.4 MB/s   3h47m[K[?25h[?2026l[?2026h[?25l[A[1Gpulling manifest [K
pulling 043a363c6ca3:  12% ▕██                ▏ 2.6 GB/ 21 GB  1.4 MB/s   3h47m[K[?25h[?2026l[?2026h[?25l[A[1Gpulling manifest [K
pulling 043a363c6ca3:  12% ▕██                ▏ 2.6 GB/ 21 GB  1.1 MB/s   4h30m[K[?25h[?2026l[?2026h[?25l[A[1Gpulling manifest [K
pulling 043a363c6ca3:  12% ▕██                ▏ 2.6 GB/ 21 GB  1.1 MB/s   4h30m[K[?25h[?2026l[?2026h[?25l[A[1Gpulling manifest [K
pulling 043a363c6ca3:  12% ▕██                ▏ 2.6 GB/ 21 GB  875 KB/s   5h53m[K[?25h[?2026l[?2026h[?25l[A[1Gpulling manifest [K
pulling 043a363c6ca3:  12% ▕██                ▏ 2.6 GB/ 21 GB  1.1 MB/s   4h30m[K[?25h[?2026l[?2026h[?25l[A[1Gpulling manifest [K
pulling 043a363c6ca3:  12% ▕██                ▏ 2.6 GB/ 21 GB  1.1 MB/s   4h30m[K[?25h[?2026l[?2026h[?25l[A[1Gpulling manifest [K
pulling 043a363c6ca3:  12% ▕██                ▏ 2.6 GB/ 21 GB  983 KB/s   5h14m[K[?25h[?2026l[?2026h[?25l[A[1Gpulling manifest [K
pulling 043a363c6ca3:  12% ▕██                ▏ 2.6 GB/ 21 GB  1.1 MB/s   4h38m[K[?25h[?2026l[?2026h[?25l[A[1Gpulling manifest [K
pulling 043a363c6ca3:  12% ▕██                ▏ 2.6 GB/ 21 GB  1.1 MB/s   4h38m[K[?25h[?2026l[?2026h[?25l[A[1Gpulling manifest [K
pulling 043a363c6ca3:  12% ▕██                ▏ 2.6 GB/ 21 GB  996 KB/s   5h10m[K[?25h[?2026l[?2026h[?25l[A[1Gpulling manifest [K
pulling 043a363c6ca3:  12% ▕██                ▏ 2.6 GB/ 21 GB  1.1 MB/s   4h48m[K[?25h[?2026l[?2026h[?25l[A[1Gpulling manifest [K
pulling 043a363c6ca3:  12% ▕██                ▏ 2.6 GB/ 21 GB  1.1 MB/s   4h48m[K[?25h[?2026l[?2026h[?25l[A[1Gpulling manifest [K
pulling 043a363c6ca3:  12% ▕██                ▏ 2.6 GB/ 21 GB  966 KB/s   5h19m[K[?25h[?2026l[?2026h[?25l[A[1Gpulling manifest [K
pulling 043a363c6ca3:  12% ▕██                ▏ 2.6 GB/ 21 GB  2.8 MB/s   1h49m[K[?25h[?2026l[?2026h[?25l[A[1Gpulling manifest [K
pulling 043a363c6ca3:  12% ▕██                ▏ 2.6 GB/ 21 GB  2.8 MB/s   1h49m[K[?25h[?2026l[?2026h[?25l[A[1Gpulling manifest [K
pulling 043a363c6ca3:  12% ▕██                ▏ 2.6 GB/ 21 GB  2.8 MB/s   1h49m[K[?25h[?2026l[?2026h[?25l[A[1Gpulling manifest [K
pulling 043a363c6ca3:  12% ▕██                ▏ 2.6 GB/ 21 GB  2.6 MB/s   1h58m[K[?25h[?2026l[?2026h[?25l[A[1Gpulling manifest [K
pulling 043a363c6ca3:  12% ▕██                ▏ 2.6 GB/ 21 GB  2.7 MB/s   1h53m[K[?25h[?2026l[?2026h[?25l[A[1Gpulling manifest [K
pulling 043a363c6ca3:  12% ▕██                ▏ 2.6 GB/ 21 GB  2.5 MB/s    2h3m[K[?25h[?2026l[?2026h[?25l[A[1Gpulling manifest [K
pulling 043a363c6ca3:  12% ▕██                ▏ 2.6 GB/ 21 GB  2.7 MB/s   1h54m[K[?25h[?2026l[?2026h[?25l[A[1Gpulling manifest [K
pulling 043a363c6ca3:  12% ▕██                ▏ 2.6 GB/ 21 GB  2.8 MB/s   1h50m[K[?25h[?2026l[?2026h[?25l[A[1Gpulling manifest [K
pulling 043a363c6ca3:  12% ▕██                ▏ 2.6 GB/ 21 GB  2.8 MB/s   1h50m[K[?25h[?2026l[?2026h[?25l[A[1Gpulling manifest [K
pulling 043a363c6ca3:  12% ▕██                ▏ 2.6 GB/ 21 GB  2.8 MB/s   1h50m[K[?25h[?2026l[?2026h[?25l[A[1Gpulling manifest [K
pulling 043a363c6ca3:  12% ▕██                ▏ 2.6 GB/ 21 GB  2.6 MB/s   1h59m[K[?25h[?2026l[?2026h[?25l[A[1Gpulling manifest [K
pulling 043a363c6ca3:  12% ▕██                ▏ 2.6 GB/ 21 GB  706 KB/s   7h17m[K[?25h[?2026l[?2026h[?25l[A[1Gpulling manifest [K
pulling 043a363c6ca3:  12% ▕██                ▏ 2.6 GB/ 21 GB  650 KB/s   7h55m[K[?25h[?2026l[?2026h[?25l[A[1Gpulling manifest [K
pulling 043a363c6ca3:  12% ▕██                ▏ 2.6 GB/ 21 GB  478 KB/s  10h46m[K[?25h[?2026l[?2026h[?25l[A[1Gpulling manifest [K
pulling 043a363c6ca3:  12% ▕██                ▏ 2.6 GB/ 21 GB  825 KB/s   6h14m[K[?25h[?2026l[?2026h[?25l[A[1Gpulling manifest [K
pulling 043a363c6ca3:  12% ▕██                ▏ 2.6 GB/ 21 GB  557 KB/s   9h14m[K[?25h[?2026l[?2026h[?25l[A[1Gpulling manifest [K
pulling 043a363c6ca3:  12% ▕██                ▏ 2.6 GB/ 21 GB  717 KB/s   7h10m[K[?25h[?2026l[?2026h[?25l[A[1Gpulling manifest [K
pulling 043a363c6ca3:  12% ▕██                ▏ 2.6 GB/ 21 GB  655 KB/s   7h51m[K[?25h[?2026l[?2026h[?25l[A[1Gpulling manifest [K
pulling 043a363c6ca3:  12% ▕██                ▏ 2.6 GB/ 21 GB  588 KB/s   8h45m[K[?25h[?2026l[?2026h[?25l[A[1Gpulling manifest [K
pulling 043a363c6ca3:  12% ▕██                ▏ 2.6 GB/ 21 GB  577 KB/s   8h54m[K[?25h[?2026l[?2026h[?25l[A[1Gpulling manifest [K
pulling 043a363c6ca3:  12% ▕██                ▏ 2.6 GB/ 21 GB  577 KB/s   8h54m[K[?25h[?2026l[?2026h[?25l[A[1Gpulling manifest [K
pulling 043a363c6ca3:  12% ▕██                ▏ 2.6 GB/ 21 GB  650 KB/s   7h55m[K[?25h[?2026l[?2026h[?25l[A[1Gpulling manifest [K
pulling 043a363c6ca3:  12% ▕██                ▏ 2.6 GB/ 21 GB  683 KB/s   7h32m[K[?25h[?2026l[?2026h[?25l[A[1Gpulling manifest [K
pulling 043a363c6ca3:  12% ▕██                ▏ 2.6 GB/ 21 GB  339 KB/s  15h11m[K[?25h[?2026l[?2026h[?25l[A[1Gpulling manifest [K
pulling 043a363c6ca3:  12% ▕██                ▏ 2.6 GB/ 21 GB  329 KB/s  15h38m[K[?25h[?2026l[?2026h[?25l[A[1Gpulling manifest [K
pulling 043a363c6ca3:  12% ▕██                ▏ 2.6 GB/ 21 GB  422 KB/s  12h10m[K[?25h[?2026l[?2026h[?25l[A[1Gpulling manifest [K
pulling 043a363c6ca3:  12% ▕██                ▏ 2.6 GB/ 21 GB  429 KB/s  11h59m[K[?25h[?2026l[?2026h[?25l[A[1Gpulling manifest [K
pulling 043a363c6ca3:  12% ▕██                ▏ 2.6 GB/ 21 GB  429 KB/s  11h59m[K[?25h[?2026l[?2026h[?25l[A[1Gpulling manifest [K
pulling 043a363c6ca3:  12% ▕██                ▏ 2.6 GB/ 21 GB  406 KB/s  12h40m[K[?25h[?2026l[?2026h[?25l[A[1Gpulling manifest [K
pulling 043a363c6ca3:  12% ▕██                ▏ 2.6 GB/ 21 GB  406 KB/s  12h40m[K[?25h[?2026l[?2026h[?25l[A[1Gpulling manifest [K
pulling 043a363c6ca3:  12% ▕██                ▏ 2.6 GB/ 21 GB  591 KB/s   8h42m[K[?25h[?2026l[?2026h[?25l[A[1Gpulling manifest [K
pulling 043a363c6ca3:  12% ▕██                ▏ 2.6 GB/ 21 GB  591 KB/s   8h42m[K[?25h[?2026l[?2026h[?25l[A[1Gpulling manifest [K
pulling 043a363c6ca3:  12% ▕██                ▏ 2.6 GB/ 21 GB  1.3 MB/s    4h0m[K[?25h[?2026l[?2026h[?25l[A[1Gpulling manifest [K
pulling 043a363c6ca3:  12% ▕██                ▏ 2.6 GB/ 21 GB  1.3 MB/s    4h0m[K[?25h[?2026l[?2026h[?25l[A[1Gpulling manifest [K
pulling 043a363c6ca3:  12% ▕██                ▏ 2.6 GB/ 21 GB  1.3 MB/s   3h58m[K[?25h[?2026l[?2026h[?25l[A[1Gpulling manifest [K
pulling 043a363c6ca3:  12% ▕██                ▏ 2.6 GB/ 21 GB  1.3 MB/s   3h57m[K[?25h[?2026l[?2026h[?25l[A[1Gpulling manifest [K
pulling 043a363c6ca3:  12% ▕██                ▏ 2.6 GB/ 21 GB  1.3 MB/s   3h57m[K[?25h[?2026l[?2026h[?25l[A[1Gpulling manifest [K
pulling 043a363c6ca3:  12% ▕██                ▏ 2.6 GB/ 21 GB  1.3 MB/s   3h57m[K[?25h[?2026l[?2026h[?25l[A[1Gpulling manifest [K
pulling 043a363c6ca3:  12% ▕██                ▏ 2.6 GB/ 21 GB  1.5 MB/s   3h22m[K[?25h[?2026l[?2026h[?25l[A[1Gpulling manifest [K
pulling 043a363c6ca3:  12% ▕██                ▏ 2.6 GB/ 21 GB  1.5 MB/s   3h22m[K[?25h[?2026l[?2026h[?25l[A[1Gpulling manifest [K
pulling 043a363c6ca3:  12% ▕██                ▏ 2.6 GB/ 21 GB  1.5 MB/s   3h22m[K[?25h[?2026l[?2026h[?25l[A[1Gpulling manifest [K
pulling 043a363c6ca3:  12% ▕██                ▏ 2.6 GB/ 21 GB  1.6 MB/s   3h17m[K[?25h[?2026l[?2026h[?25l[A[1Gpulling manifest [K
pulling 043a363c6ca3:  12% ▕██                ▏ 2.6 GB/ 21 GB  1.6 MB/s   3h12m[K[?25h[?2026l[?2026h[?25l[A[1Gpulling manifest [K
pulling 043a363c6ca3:  13% ▕██                ▏ 2.6 GB/ 21 GB  1.6 MB/s   3h12m[K[?25h[?2026l[?2026h[?25l[A[1Gpulling manifest [K
pulling 043a363c6ca3:  13% ▕██                ▏ 2.6 GB/ 21 GB  1.9 MB/s   2h45m[K[?25h[?2026l[?2026h[?25l[A[1Gpulling manifest [K
pulling 043a363c6ca3:  13% ▕██                ▏ 2.6 GB/ 21 GB  1.6 MB/s   3h14m[K[?25h[?2026l[?2026h[?25l[A[1Gpulling manifest [K
pulling 043a363c6ca3:  13% ▕██                ▏ 2.6 GB/ 21 GB  1.6 MB/s   3h14m[K[?25h[?2026l[?2026h[?25l[A[1Gpulling manifest [K
pulling 043a363c6ca3:  13% ▕██                ▏ 2.7 GB/ 21 GB  2.0 MB/s   2h35m[K[?25h[?2026l[?2026h[?25l[A[1Gpulling manifest [K
pulling 043a363c6ca3:  13% ▕██                ▏ 2.7 GB/ 21 GB  1.8 MB/s   2h56m[K[?25h[?2026l[?2026h[?25l[A[1Gpulling manifest [K
pulling 043a363c6ca3:  13% ▕██                ▏ 2.7 GB/ 21 GB  1.6 MB/s    3h6m[K[?25h[?2026l[?2026h[?25l[A[1Gpulling manifest [K
pulling 043a363c6ca3:  13% ▕██                ▏ 2.7 GB/ 21 GB  1.6 MB/s   3h11m[K[?25h[?2026l[?2026h[?25l[A[1Gpulling manifest [K
pulling 043a363c6ca3:  13% ▕██                ▏ 2.7 GB/ 21 GB  1.7 MB/s    3h6m[K[?25h[?2026l[?2026h[?25l[A[1Gpulling manifest [K
pulling 043a363c6ca3:  13% ▕██                ▏ 2.7 GB/ 21 GB  1.7 MB/s    3h6m[K[?25h[?2026l[?2026h[?25l[A[1Gpulling manifest [K
pulling 043a363c6ca3:  13% ▕██                ▏ 2.7 GB/ 21 GB  1.4 MB/s   3h42m[K[?25h[?2026l[?2026h[?25l[A[1Gpulling manifest [K
pulling 043a363c6ca3:  13% ▕██                ▏ 2.7 GB/ 21 GB  1.4 MB/s   3h42m[K[?25h[?2026l[?2026h[?25l[A[1Gpulling manifest [K
pulling 043a363c6ca3:  13% ▕██                ▏ 2.7 GB/ 21 GB  821 KB/s   6h15m[K[?25h[?2026l[?2026h[?25l[A[1Gpulling manifest [K
pulling 043a363c6ca3:  13% ▕██                ▏ 2.7 GB/ 21 GB  843 KB/s    6h5m[K[?25h[?2026l[?2026h[?25l[A[1Gpulling manifest [K
pulling 043a363c6ca3:  13% ▕██                ▏ 2.7 GB/ 21 GB  843 KB/s    6h5m[K[?25h[?2026l[?2026h[?25l[A[1Gpulling manifest [K
pulling 043a363c6ca3:  13% ▕██                ▏ 2.7 GB/ 21 GB  622 KB/s   8h15m[K[?25h[?2026l[?2026h[?25l[A[1Gpulling manifest [K
pulling 043a363c6ca3:  13% ▕██                ▏ 2.7 GB/ 21 GB  604 KB/s   8h30m[K[?25h[?2026l[?2026h[?25l[A[1Gpulling manifest [K
pulling 043a363c6ca3:  13% ▕██                ▏ 2.7 GB/ 21 GB  584 KB/s   8h47m[K[?25h[?2026l[?2026h[?25l[A[1Gpulling manifest [K
pulling 043a363c6ca3:  13% ▕██                ▏ 2.7 GB/ 21 GB  584 KB/s   8h47m[K[?25h[?2026l[?2026h[?25l[A[1Gpulling manifest [K
pulling 043a363c6ca3:  13% ▕██                ▏ 2.7 GB/ 21 GB  473 KB/s  10h51m[K[?25h[?2026l[?2026h[?25l[A[1Gpulling manifest [K
pulling 043a363c6ca3:  13% ▕██                ▏ 2.7 GB/ 21 GB  473 KB/s  10h51m[K[?25h[?2026l[?2026h[?25l[A[1Gpulling manifest [K
pulling 043a363c6ca3:  13% ▕██                ▏ 2.7 GB/ 21 GB  444 KB/s  11h34m[K[?25h[?2026l[?2026h[?25l[A[1Gpulling manifest [K
pulling 043a363c6ca3:  13% ▕██                ▏ 2.7 GB/ 21 GB  488 KB/s  10h31m[K[?25h[?2026l[?2026h[?25l[A[1Gpulling manifest [K
pulling 043a363c6ca3:  13% ▕██                ▏ 2.7 GB/ 21 GB  446 KB/s  11h29m[K[?25h[?2026l[?2026h[?25l[A[1Gpulling manifest [K
pulling 043a363c6ca3:  13% ▕██                ▏ 2.7 GB/ 21 GB  876 KB/s   5h51m[K[?25h[?2026l[?2026h[?25l[A[1Gpulling manifest [K
pulling 043a363c6ca3:  13% ▕██                ▏ 2.7 GB/ 21 GB  937 KB/s   5h28m[K[?25h[?2026l[?2026h[?25l[A[1Gpulling manifest [K
pulling 043a363c6ca3:  13% ▕██                ▏ 2.7 GB/ 21 GB  800 KB/s   6h25m[K[?25h[?2026l[?2026h[?25l[A[1Gpulling manifest [K
pulling 043a363c6ca3:  13% ▕██                ▏ 2.7 GB/ 21 GB  705 KB/s   7h17m[K[?25h[?2026l[?2026h[?25l[A[1Gpulling manifest [K
pulling 043a363c6ca3:  13% ▕██                ▏ 2.7 GB/ 21 GB  705 KB/s   7h17m[K[?25h[?2026l[?2026h[?25l[A[1Gpulling manifest [K
pulling 043a363c6ca3:  13% ▕██                ▏ 2.7 GB/ 21 GB  667 KB/s   7h41m[K[?25h[?2026l[?2026h[?25l[A[1Gpulling manifest [K
pulling 043a363c6ca3:  13% ▕██                ▏ 2.7 GB/ 21 GB  667 KB/s   7h41m[K[?25h[?2026l[?2026h[?25l[A[1Gpulling manifest [K
pulling 043a363c6ca3:  13% ▕██                ▏ 2.7 GB/ 21 GB  739 KB/s   6h56m[K[?25h[?2026l[?2026h[?25l[A[1Gpulling manifest [K
pulling 043a363c6ca3:  13% ▕██                ▏ 2.7 GB/ 21 GB  764 KB/s   6h43m[K[?25h[?2026l[?2026h[?25l[A[1Gpulling manifest [K
pulling 043a363c6ca3:  13% ▕██                ▏ 2.7 GB/ 21 GB  706 KB/s   7h16m[K[?25h[?2026l[?2026h[?25l[A[1Gpulling manifest [K
pulling 043a363c6ca3:  13% ▕██                ▏ 2.7 GB/ 21 GB  742 KB/s   6h54m[K[?25h[?2026l[?2026h[?25l[A[1Gpulling manifest [K
pulling 043a363c6ca3:  13% ▕██                ▏ 2.7 GB/ 21 GB  314 KB/s  16h19m[K[?25h[?2026l[?2026h[?25l[A[1Gpulling manifest [K
pulling 043a363c6ca3:  13% ▕██                ▏ 2.7 GB/ 21 GB  240 KB/s  21h20m[K[?25h[?2026l[?2026h[?25l[A[1Gpulling manifest [K
pulling 043a363c6ca3:  13% ▕██                ▏ 2.7 GB/ 21 GB  240 KB/s  21h20m[K[?25h[?2026l[?2026h[?25l[A[1Gpulling manifest [K
pulling 043a363c6ca3:  13% ▕██                ▏ 2.7 GB/ 21 GB  233 KB/s  21h59m[K[?25h[?2026l[?2026h[?25l[A[1Gpulling manifest [K
pulling 043a363c6ca3:  13% ▕██                ▏ 2.7 GB/ 21 GB  255 KB/s   20h4m[K[?25h[?2026l[?2026h[?25l[A[1Gpulling manifest [K
pulling 043a363c6ca3:  13% ▕██                ▏ 2.7 GB/ 21 GB  254 KB/s  20h12m[K[?25h[?2026l[?2026h[?25l[A[1Gpulling manifest [K
pulling 043a363c6ca3:  13% ▕██                ▏ 2.7 GB/ 21 GB  239 KB/s  21h26m[K[?25h[?2026l[?2026h[?25l[A[1Gpulling manifest [K
pulling 043a363c6ca3:  13% ▕██                ▏ 2.7 GB/ 21 GB  229 KB/s  22h21m[K[?25h[?2026l[?2026h[?25l[A[1Gpulling manifest [K
pulling 043a363c6ca3:  13% ▕██                ▏ 2.7 GB/ 21 GB  228 KB/s  22h29m[K[?25h[?2026l[?2026h[?25l[A[1Gpulling manifest [K
pulling 043a363c6ca3:  13% ▕██                ▏ 2.7 GB/ 21 GB  173 KB/s  29h32m[K[?25h[?2026l[?2026h[?25l[A[1Gpulling manifest [K
pulling 043a363c6ca3:  13% ▕██                ▏ 2.7 GB/ 21 GB  1.1 MB/s   4h46m[K[?25h[?2026l[?2026h[?25l[A[1Gpulling manifest [K
pulling 043a363c6ca3:  13% ▕██                ▏ 2.7 GB/ 21 GB  1.1 MB/s   4h45m[K[?25h[?2026l[?2026h[?25l[A[1Gpulling manifest [K
pulling 043a363c6ca3:  13% ▕██                ▏ 2.7 GB/ 21 GB  1.1 MB/s   4h50m[K[?25h[?2026l[?2026h[?25l[A[1Gpulling manifest [K
pulling 043a363c6ca3:  13% ▕██                ▏ 2.7 GB/ 21 GB  1.1 MB/s   4h50m[K[?25h[?2026l[?2026h[?25l[A[1Gpulling manifest [K
pulling 043a363c6ca3:  13% ▕██                ▏ 2.7 GB/ 21 GB  1.1 MB/s   4h37m[K[?25h[?2026l[?2026h[?25l[A[1Gpulling manifest [K
pulling 043a363c6ca3:  13% ▕██                ▏ 2.7 GB/ 21 GB  1.1 MB/s   4h35m[K[?25h[?2026l[?2026h[?25l[A[1Gpulling manifest [K
pulling 043a363c6ca3:  13% ▕██                ▏ 2.7 GB/ 21 GB  1.1 MB/s   4h35m[K[?25h[?2026l[?2026h[?25l[A[1Gpulling manifest [K
pulling 043a363c6ca3:  13% ▕██                ▏ 2.7 GB/ 21 GB  1.2 MB/s   4h27m[K[?25h[?2026l[?2026h[?25l[A[1Gpulling manifest [K
pulling 043a363c6ca3:  13% ▕██                ▏ 2.7 GB/ 21 GB  1.2 MB/s   4h27m[K[?25h[?2026l[?2026h[?25l[A[1Gpulling manifest [K
pulling 043a363c6ca3:  13% ▕██                ▏ 2.7 GB/ 21 GB  1.2 MB/s   4h27m[K[?25h[?2026l[?2026h[?25l[A[1Gpulling manifest [K
pulling 043a363c6ca3:  13% ▕██                ▏ 2.7 GB/ 21 GB  1.1 MB/s   4h31m[K[?25h[?2026l[?2026h[?25l[A[1Gpulling manifest [K
pulling 043a363c6ca3:  13% ▕██                ▏ 2.7 GB/ 21 GB  1.1 MB/s   4h29m[K[?25h[?2026l[?2026h[?25l[A[1Gpulling manifest [K
pulling 043a363c6ca3:  13% ▕██                ▏ 2.7 GB/ 21 GB  1.1 MB/s   4h29m[K[?25h[?2026l[?2026h[?25l[A[1Gpulling manifest [K
pulling 043a363c6ca3:  13% ▕██                ▏ 2.7 GB/ 21 GB  213 KB/s   24h2m[K[?25h[?2026l[?2026h[?25l[A[1Gpulling manifest [K
pulling 043a363c6ca3:  13% ▕██                ▏ 2.7 GB/ 21 GB  213 KB/s   24h2m[K[?25h[?2026l[?2026h[?25l[A[1Gpulling manifest [K
pulling 043a363c6ca3:  13% ▕██                ▏ 2.7 GB/ 21 GB  252 KB/s  20h19m[K[?25h[?2026l[?2026h[?25l[A[1Gpulling manifest [K
pulling 043a363c6ca3:  13% ▕██                ▏ 2.7 GB/ 21 GB  252 KB/s  20h19m[K[?25h[?2026l[?2026h[?25l[A[1Gpulling manifest [K
pulling 043a363c6ca3:  13% ▕██                ▏ 2.7 GB/ 21 GB  257 KB/s  19h55m[K[?25h[?2026l[?2026h[?25l[A[1Gpulling manifest [K
pulling 043a363c6ca3:  13% ▕██                ▏ 2.7 GB/ 21 GB  220 KB/s  23h18m[K[?25h[?2026l[?2026h[?25l[A[1Gpulling manifest [K
pulling 043a363c6ca3:  13% ▕██                ▏ 2.7 GB/ 21 GB  232 KB/s   22h3m[K[?25h[?2026l[?2026h[?25l[A[1Gpulling manifest [K
pulling 043a363c6ca3:  13% ▕██                ▏ 2.7 GB/ 21 GB  201 KB/s  25h29m[K[?25h[?2026l[?2026h[?25l[A[1Gpulling manifest [K
pulling 043a363c6ca3:  13% ▕██                ▏ 2.7 GB/ 21 GB  201 KB/s  25h29m[K[?25h[?2026l[?2026h[?25l[A[1Gpulling manifest [K
pulling 043a363c6ca3:  13% ▕██                ▏ 2.7 GB/ 21 GB  187 KB/s  27h20m[K[?25h[?2026l[?2026h[?25l[A[1Gpulling manifest [K
pulling 043a363c6ca3:  13% ▕██                ▏ 2.7 GB/ 21 GB  214 KB/s  23h59m[K[?25h[?2026l[?2026h[?25l[A[1Gpulling manifest [K
pulling 043a363c6ca3:  13% ▕██                ▏ 2.7 GB/ 21 GB  280 KB/s  18h16m[K[?25h[?2026l[?2026h[?25l[A[1Gpulling manifest [K
pulling 043a363c6ca3:  13% ▕██                ▏ 2.7 GB/ 21 GB  280 KB/s  18h16m[K[?25h[?2026l[?2026h[?25l[A[1Gpulling manifest [K
pulling 043a363c6ca3:  13% ▕██                ▏ 2.7 GB/ 21 GB  328 KB/s  15h38m[K[?25h[?2026l[?2026h[?25l[A[1Gpulling manifest [K
pulling 043a363c6ca3:  13% ▕██                ▏ 2.7 GB/ 21 GB  328 KB/s  15h38m[K[?25h[?2026l[?2026h[?25l[A[1Gpulling manifest [K
pulling 043a363c6ca3:  13% ▕██                ▏ 2.7 GB/ 21 GB  315 KB/s  16h16m[K[?25h[?2026l[?2026h[?25l[A[1Gpulling manifest [K
pulling 043a363c6ca3:  13% ▕██                ▏ 2.7 GB/ 21 GB  335 KB/s  15h17m[K[?25h[?2026l[?2026h[?25l[A[1Gpulling manifest [K
pulling 043a363c6ca3:  13% ▕██                ▏ 2.7 GB/ 21 GB  335 KB/s  15h17m[K[?25h[?2026l[?2026h[?25l[A[1Gpulling manifest [K
pulling 043a363c6ca3:  13% ▕██                ▏ 2.7 GB/ 21 GB  353 KB/s  14h30m[K[?25h[?2026l[?2026h[?25l[A[1Gpulling manifest [K
pulling 043a363c6ca3:  13% ▕██                ▏ 2.7 GB/ 21 GB  373 KB/s  13h44m[K[?25h[?2026l[?2026h[?25l[A[1Gpulling manifest [K
pulling 043a363c6ca3:  13% ▕██                ▏ 2.7 GB/ 21 GB  373 KB/s  13h44m[K[?25h[?2026l[?2026h[?25l[A[1Gpulling manifest [K
pulling 043a363c6ca3:  13% ▕██                ▏ 2.7 GB/ 21 GB  384 KB/s  13h21m[K[?25h[?2026l[?2026h[?25l[A[1Gpulling manifest [K
pulling 043a363c6ca3:  13% ▕██                ▏ 2.7 GB/ 21 GB  384 KB/s  13h21m[K[?25h[?2026l[?2026h[?25l[A[1Gpulling manifest [K
pulling 043a363c6ca3:  13% ▕██                ▏ 2.7 GB/ 21 GB  398 KB/s  12h53m[K[?25h[?2026l[?2026h[?25l[A[1Gpulling manifest [K
pulling 043a363c6ca3:  13% ▕██                ▏ 2.7 GB/ 21 GB  398 KB/s  12h53m[K[?25h[?2026l[?2026h[?25l[A[1Gpulling manifest [K
pulling 043a363c6ca3:  13% ▕██                ▏ 2.7 GB/ 21 GB  276 KB/s  18h33m[K[?25h[?2026l[?2026h[?25l[A[1Gpulling manifest [K
pulling 043a363c6ca3:  13% ▕██                ▏ 2.7 GB/ 21 GB  261 KB/s  19h36m[K[?25h[?2026l[?2026h[?25l[A[1Gpulling manifest [K
pulling 043a363c6ca3:  13% ▕██                ▏ 2.7 GB/ 21 GB  414 KB/s  12h21m[K[?25h[?2026l[?2026h[?25l[A[1Gpulling manifest [K
pulling 043a363c6ca3:  13% ▕██                ▏ 2.7 GB/ 21 GB  386 KB/s  13h16m[K[?25h[?2026l[?2026h[?25l[A[1Gpulling manifest [K
pulling 043a363c6ca3:  13% ▕██                ▏ 2.7 GB/ 21 GB  381 KB/s  13h26m[K[?25h[?2026l[?2026h[?25l[A[1Gpulling manifest [K
pulling 043a363c6ca3:  12% ▕██                ▏ 2.5 GB/ 21 GB                  [K[?25h[?2026l[?2026h[?25l[A[1Gpulling manifest [K
pulling 043a363c6ca3:  12% ▕██                ▏ 2.5 GB/ 21 GB                  [K[?25h[?2026l[?2026h[?25l[A[1Gpulling manifest [K
pulling 043a363c6ca3:  12% ▕██                ▏ 2.5 GB/ 21 GB                  [K[?25h[?2026l[?2026h[?25l[A[1Gpulling manifest [K
pulling 043a363c6ca3:  12% ▕██                ▏ 2.5 GB/ 21 GB                  [K[?25h[?2026l[?2026h[?25l[A[1Gpulling manifest [K
pulling 043a363c6ca3:  12% ▕██                ▏ 2.5 GB/ 21 GB                  [K[?25h[?2026l[?2026h[?25l[A[1Gpulling manifest [K
pulling 043a363c6ca3:  12% ▕██                ▏ 2.5 GB/ 21 GB                  [K[?25h[?2026l[?2026h[?25l[A[1Gpulling manifest [K
pulling 043a363c6ca3:  12% ▕██                ▏ 2.5 GB/ 21 GB                  [K[?25h[?2026l[?2026h[?25l[A[1Gpulling manifest [K
pulling 043a363c6ca3:  12% ▕██                ▏ 2.5 GB/ 21 GB                  [K[?25h[?2026l[?2026h[?25l[A[1Gpulling manifest [K
pulling 043a363c6ca3:  12% ▕██                ▏ 2.5 GB/ 21 GB                  [K[?25h[?2026l[?2026h[?25l[A[1Gpulling manifest [K
pulling 043a363c6ca3:  12% ▕██                ▏ 2.5 GB/ 21 GB  271 KB/s   19h3m[K[?25h[?2026l[?2026h[?25l[A[1Gpulling manifest [K
pulling 043a363c6ca3:  12% ▕██                ▏ 2.5 GB/ 21 GB  640 KB/s    8h4m[K[?25h[?2026l[?2026h[?25l[A[1Gpulling manifest [K
pulling 043a363c6ca3:  12% ▕██                ▏ 2.5 GB/ 21 GB  640 KB/s    8h4m[K[?25h[?2026l[?2026h[?25l[A[1Gpulling manifest [K
pulling 043a363c6ca3:  12% ▕██                ▏ 2.5 GB/ 21 GB  633 KB/s    8h9m[K[?25h[?2026l[?2026h[?25l[A[1Gpulling manifest [K
pulling 043a363c6ca3:  12% ▕██                ▏ 2.5 GB/ 21 GB  635 KB/s    8h8m[K[?25h[?2026l[?2026h[?25l[A[1Gpulling manifest [K
pulling 043a363c6ca3:  12% ▕██                ▏ 2.5 GB/ 21 GB  647 KB/s   7h59m[K[?25h[?2026l[?2026h[?25l[A[1Gpulling manifest [K
pulling 043a363c6ca3:  12% ▕██                ▏ 2.5 GB/ 21 GB  680 KB/s   7h35m[K[?25h[?2026l[?2026h[?25l[A[1Gpulling manifest [K
pulling 043a363c6ca3:  12% ▕██                ▏ 2.5 GB/ 21 GB  680 KB/s   7h35m[K[?25h[?2026l[?2026h[?25l[A[1Gpulling manifest [K
pulling 043a363c6ca3:  12% ▕██                ▏ 2.5 GB/ 21 GB  677 KB/s   7h38m[K[?25h[?2026l[?2026h[?25l[A[1Gpulling manifest [K
pulling 043a363c6ca3:  12% ▕██                ▏ 2.5 GB/ 21 GB  261 KB/s  19h45m[K[?25h[?2026l[?2026h[?25l[A[1Gpulling manifest [K
pulling 043a363c6ca3:  12% ▕██                ▏ 2.5 GB/ 21 GB  230 KB/s  22h24m[K[?25h[?2026l[?2026h[?25l[A[1Gpulling manifest [K
pulling 043a363c6ca3:  12% ▕██                ▏ 2.5 GB/ 21 GB  221 KB/s  23h21m[K[?25h[?2026l[?2026h[?25l[A[1Gpulling manifest [K
pulling 043a363c6ca3:  12% ▕██                ▏ 2.5 GB/ 21 GB  226 KB/s  22h47m[K[?25h[?2026l[?2026h[?25l[A[1Gpulling manifest [K
pulling 043a363c6ca3:  12% ▕██                ▏ 2.5 GB/ 21 GB  235 KB/s  21h55m[K[?25h[?2026l[?2026h[?25l[A[1Gpulling manifest [K
pulling 043a363c6ca3:  12% ▕██                ▏ 2.5 GB/ 21 GB  186 KB/s  27h40m[K[?25h[?2026l[?2026h[?25l[A[1Gpulling manifest [K
pulling 043a363c6ca3:  12% ▕██                ▏ 2.5 GB/ 21 GB  113 KB/s  45h22m[K[?25h[?2026l[?2026h[?25l[A[1Gpulling manifest [K
pulling 043a363c6ca3:  12% ▕██                ▏ 2.5 GB/ 21 GB  110 KB/s  46h50m[K[?25h[?2026l[?2026h[?25l[A[1Gpulling manifest [K
pulling 043a363c6ca3:  12% ▕██                ▏ 2.5 GB/ 21 GB  177 KB/s   29h3m[K[?25h[?2026l[?2026h[?25l[A[1Gpulling manifest [K
pulling 043a363c6ca3:  12% ▕██                ▏ 2.5 GB/ 21 GB  174 KB/s  29h36m[K[?25h[?2026l[?2026h[?25l[A[1Gpulling manifest [K
pulling 043a363c6ca3:  12% ▕██                ▏ 2.5 GB/ 21 GB  210 KB/s  24h31m[K[?25h[?2026l[?2026h[?25l[A[1Gpulling manifest [K
pulling 043a363c6ca3:  12% ▕██                ▏ 2.5 GB/ 21 GB  203 KB/s  25h23m[K[?25h[?2026l[?2026h[?25l[A[1Gpulling manifest [K
pulling 043a363c6ca3:  12% ▕██                ▏ 2.5 GB/ 21 GB  244 KB/s   21h8m[K[?25h[?2026l[?2026h[?25l[A[1Gpulling manifest [K
pulling 043a363c6ca3:  12% ▕██                ▏ 2.5 GB/ 21 GB  417 KB/s  12h22m[K[?25h[?2026l[?2026h[?25l[A[1Gpulling manifest [K
pulling 043a363c6ca3:  12% ▕██                ▏ 2.5 GB/ 21 GB  417 KB/s  12h22m[K[?25h[?2026l[?2026h[?25l[A[1Gpulling manifest [K
pulling 043a363c6ca3:  12% ▕██                ▏ 2.5 GB/ 21 GB  471 KB/s  10h58m[K[?25h[?2026l[?2026h[?25l[A[1Gpulling manifest [K
pulling 043a363c6ca3:  12% ▕██                ▏ 2.5 GB/ 21 GB  484 KB/s  10h39m[K[?25h[?2026l[?2026h[?25l[A[1Gpulling manifest [K
pulling 043a363c6ca3:  12% ▕██                ▏ 2.5 GB/ 21 GB  476 KB/s  10h50m[K[?25h[?2026l[?2026h[?25l[A[1Gpulling manifest [K
pulling 043a363c6ca3:  12% ▕██                ▏ 2.5 GB/ 21 GB  522 KB/s   9h53m[K[?25h[?2026l[?2026h[?25l[A[1Gpulling manifest [K
pulling 043a363c6ca3:  12% ▕██                ▏ 2.5 GB/ 21 GB  522 KB/s   9h53m[K[?25h[?2026l[?2026h[?25l[A[1Gpulling manifest [K
pulling 043a363c6ca3:  12% ▕██                ▏ 2.5 GB/ 21 GB  467 KB/s   11h3m[K[?25h[?2026l[?2026h[?25l[A[1Gpulling manifest [K
pulling 043a363c6ca3:  12% ▕██                ▏ 2.5 GB/ 21 GB  418 KB/s  12h21m[K[?25h[?2026l[?2026h[?25l[A[1Gpulling manifest [K
pulling 043a363c6ca3:  12% ▕██                ▏ 2.5 GB/ 21 GB  418 KB/s  12h21m[K[?25h[?2026l[?2026h[?25l[A[1Gpulling manifest [K
pulling 043a363c6ca3:  12% ▕██                ▏ 2.5 GB/ 21 GB  249 KB/s  20h43m[K[?25h[?2026l[?2026h[?25l[A[1Gpulling manifest [K
pulling 043a363c6ca3:  12% ▕██                ▏ 2.5 GB/ 21 GB  174 KB/s  29h35m[K[?25h[?2026l[?2026h[?25l[A[1Gpulling manifest [K
pulling 043a363c6ca3:  12% ▕██                ▏ 2.5 GB/ 21 GB  129 KB/s  39h49m[K[?25h[?2026l[?2026h[?25l[A[1Gpulling manifest [K
pulling 043a363c6ca3:  12% ▕██                ▏ 2.5 GB/ 21 GB  141 KB/s  36h35m[K[?25h[?2026l[?2026h[?25l[A[1Gpulling manifest [K
pulling 043a363c6ca3:  12% ▕██                ▏ 2.5 GB/ 21 GB  119 KB/s  43h11m[K[?25h[?2026l[?2026h[?25l[A[1Gpulling manifest [K
pulling 043a363c6ca3:  12% ▕██                ▏ 2.5 GB/ 21 GB  132 KB/s  38h55m[K[?25h[?2026l[?2026h[?25l[A[1Gpulling manifest [K
pulling 043a363c6ca3:  12% ▕██                ▏ 2.6 GB/ 21 GB  233 KB/s   22h7m[K[?25h[?2026l[?2026h[?25l[A[1Gpulling manifest [K
pulling 043a363c6ca3:  12% ▕██                ▏ 2.6 GB/ 21 GB  251 KB/s  20h31m[K[?25h[?2026l[?2026h[?25l[A[1Gpulling manifest [K
pulling 043a363c6ca3:  12% ▕██                ▏ 2.6 GB/ 21 GB  246 KB/s  20h57m[K[?25h[?2026l[?2026h[?25l[A[1Gpulling manifest [K
pulling 043a363c6ca3:  12% ▕██                ▏ 2.6 GB/ 21 GB  215 KB/s  23h59m[K[?25h[?2026l[?2026h[?25l[A[1Gpulling manifest [K
pulling 043a363c6ca3:  12% ▕██                ▏ 2.6 GB/ 21 GB  284 KB/s  18h11m[K[?25h[?2026l[?2026h[?25l[A[1Gpulling manifest [K
pulling 043a363c6ca3:  12% ▕██                ▏ 2.6 GB/ 21 GB  272 KB/s  18h58m[K[?25h[?2026l[?2026h[?25l[A[1Gpulling manifest [K
pulling 043a363c6ca3:  12% ▕██                ▏ 2.6 GB/ 21 GB  244 KB/s   21h9m[K[?25h[?2026l[?2026h[?25l[A[1Gpulling manifest [K
pulling 043a363c6ca3:  12% ▕██                ▏ 2.6 GB/ 21 GB  218 KB/s  23h39m[K[?25h[?2026l[?2026h[?25l[A[1Gpulling manifest [K
pulling 043a363c6ca3:  12% ▕██                ▏ 2.6 GB/ 21 GB  252 KB/s  20h29m[K[?25h[?2026l[?2026h[?25l[A[1Gpulling manifest [K
pulling 043a363c6ca3:  12% ▕██                ▏ 2.6 GB/ 21 GB  246 KB/s  20h57m[K[?25h[?2026l[?2026h[?25l[A[1Gpulling manifest [K
pulling 043a363c6ca3:  12% ▕██                ▏ 2.6 GB/ 21 GB  207 KB/s  24h57m[K[?25h[?2026l[?2026h[?25l[A[1Gpulling manifest [K
pulling 043a363c6ca3:  12% ▕██                ▏ 2.6 GB/ 21 GB  191 KB/s  26h58m[K[?25h[?2026l[?2026h[?25l[A[1Gpulling manifest [K
pulling 043a363c6ca3:  12% ▕██                ▏ 2.6 GB/ 21 GB  197 KB/s   26h6m[K[?25h[?2026l[?2026h[?25l[A[1Gpulling manifest [K
pulling 043a363c6ca3:  12% ▕██                ▏ 2.6 GB/ 21 GB  210 KB/s  24h33m[K[?25h[?2026l[?2026h[?25l[A[1Gpulling manifest [K
pulling 043a363c6ca3:  12% ▕██                ▏ 2.6 GB/ 21 GB  182 KB/s  28h17m[K[?25h[?2026l[?2026h[?25l[A[1Gpulling manifest [K
pulling 043a363c6ca3:  12% ▕██                ▏ 2.6 GB/ 21 GB  182 KB/s  28h17m[K[?25h[?2026l[?2026h[?25l[A[1Gpulling manifest [K
pulling 043a363c6ca3:  12% ▕██                ▏ 2.6 GB/ 21 GB  311 KB/s  16h34m[K[?25h[?2026l[?2026h[?25l[A[1Gpulling manifest [K
pulling 043a363c6ca3:  12% ▕██                ▏ 2.6 GB/ 21 GB  285 KB/s   18h6m[K[?25h[?2026l[?2026h[?25l[A[1Gpulling manifest [K
pulling 043a363c6ca3:  12% ▕██                ▏ 2.6 GB/ 21 GB  328 KB/s  15h42m[K[?25h[?2026l[?2026h[?25l[A[1Gpulling manifest [K
pulling 043a363c6ca3:  12% ▕██                ▏ 2.6 GB/ 21 GB  348 KB/s  14h48m[K[?25h[?2026l[?2026h[?25l[A[1Gpulling manifest [K
pulling 043a363c6ca3:  12% ▕██                ▏ 2.6 GB/ 21 GB  382 KB/s  13h30m[K[?25h[?2026l[?2026h[?25l[A[1Gpulling manifest [K
pulling 043a363c6ca3:  12% ▕██                ▏ 2.6 GB/ 21 GB  372 KB/s  13h52m[K[?25h[?2026l[?2026h[?25l[A[1Gpulling manifest [K
pulling 043a363c6ca3:  12% ▕██                ▏ 2.6 GB/ 21 GB  364 KB/s   14h9m[K[?25h[?2026l[?2026h[?25l[A[1Gpulling manifest [K
pulling 043a363c6ca3:  11% ▕█                 ▏ 2.3 GB/ 21 GB                  [K[?25h[?2026l[?2026h[?25l[A[1Gpulling manifest [K
pulling 043a363c6ca3:  11% ▕█                 ▏ 2.3 GB/ 21 GB                  [K[?25h[?2026l[?2026h[?25l[A[1Gpulling manifest [K
pulling 043a363c6ca3:  11% ▕█                 ▏ 2.3 GB/ 21 GB                  [K[?25h[?2026l[?2026h[?25l[A[1Gpulling manifest [K
pulling 043a363c6ca3:  11% ▕█                 ▏ 2.3 GB/ 21 GB                  [K[?25h[?2026l[?2026h[?25l[A[1Gpulling manifest [K
pulling 043a363c6ca3:  11% ▕█                 ▏ 2.3 GB/ 21 GB                  [K[?25h[?2026l[?2026h[?25l[A[1Gpulling manifest [K
pulling 043a363c6ca3:  11% ▕█                 ▏ 2.3 GB/ 21 GB                  [K[?25h[?2026l[?2026h[?25l[A[1Gpulling manifest [K
pulling 043a363c6ca3:  11% ▕█                 ▏ 2.3 GB/ 21 GB                  [K[?25h[?2026l[?2026h[?25l[A[1Gpulling manifest [K
pulling 043a363c6ca3:  11% ▕█                 ▏ 2.3 GB/ 21 GB                  [K[?25h[?2026l[?2026h[?25l[A[1Gpulling manifest [K
pulling 043a363c6ca3:  11% ▕█                 ▏ 2.3 GB/ 21 GB  257 KB/s  20h21m[K[?25h[?2026l[?2026h[?25l[A[1Gpulling manifest [K
pulling 043a363c6ca3:  11% ▕█                 ▏ 2.3 GB/ 21 GB  226 KB/s   23h7m[K[?25h[?2026l[?2026h[?25l[A[1Gpulling manifest [K
pulling 043a363c6ca3:  11% ▕█                 ▏ 2.3 GB/ 21 GB  255 KB/s  20h29m[K[?25h[?2026l[?2026h[?25l[A[1Gpulling manifest [K
pulling 043a363c6ca3:  11% ▕█                 ▏ 2.3 GB/ 21 GB  257 KB/s  20h20m[K[?25h[?2026l[?2026h[?25l[A[1Gpulling manifest [K
pulling 043a363c6ca3:  11% ▕█                 ▏ 2.3 GB/ 21 GB  268 KB/s  19h28m[K[?25h[?2026l[?2026h[?25l[A[1Gpulling manifest [K
pulling 043a363c6ca3:  11% ▕█                 ▏ 2.3 GB/ 21 GB  262 KB/s  19h59m[K[?25h[?2026l[?2026h[?25l[A[1Gpulling manifest [K
pulling 043a363c6ca3:  11% ▕█                 ▏ 2.3 GB/ 21 GB  262 KB/s  19h59m[K[?25h[?2026l[?2026h[?25l[A[1Gpulling manifest [K
pulling 043a363c6ca3:  11% ▕█                 ▏ 2.3 GB/ 21 GB  298 KB/s  17h32m[K[?25h[?2026l[?2026h[?25l[A[1Gpulling manifest [K
pulling 043a363c6ca3:  11% ▕█                 ▏ 2.3 GB/ 21 GB  298 KB/s  17h32m[K[?25h[?2026l[?2026h[?25l[A[1Gpulling manifest [K
pulling 043a363c6ca3:  11% ▕█                 ▏ 2.3 GB/ 21 GB  311 KB/s  16h49m[K[?25h[?2026l[?2026h[?25l[A[1Gpulling manifest [K
pulling 043a363c6ca3:  11% ▕█                 ▏ 2.3 GB/ 21 GB  311 KB/s  16h49m[K[?25h[?2026l[?2026h[?25l[A[1Gpulling manifest [K
pulling 043a363c6ca3:  11% ▕█                 ▏ 2.3 GB/ 21 GB  336 KB/s  15h32m[K[?25h[?2026l[?2026h[?25l[A[1Gpulling manifest [K
pulling 043a363c6ca3:  11% ▕█                 ▏ 2.3 GB/ 21 GB  336 KB/s  15h32m[K[?25h[?2026l[?2026h[?25l[A[1Gpulling manifest [K
pulling 043a363c6ca3:  11% ▕█                 ▏ 2.3 GB/ 21 GB  309 KB/s  16h55m[K[?25h[?2026l[?2026h[?25l[A[1Gpulling manifest [K
pulling 043a363c6ca3:  11% ▕█                 ▏ 2.3 GB/ 21 GB  309 KB/s  16h55m[K[?25h[?2026l[?2026h[?25l[A[1Gpulling manifest [K
pulling 043a363c6ca3:  11% ▕█                 ▏ 2.3 GB/ 21 GB  318 KB/s  16h27m[K[?25h[?2026l[?2026h[?25l[A[1Gpulling manifest [K
pulling 043a363c6ca3:  11% ▕█                 ▏ 2.3 GB/ 21 GB  299 KB/s  17h28m[K[?25h[?2026l[?2026h[?25l[A[1Gpulling manifest [K
pulling 043a363c6ca3:  11% ▕█                 ▏ 2.3 GB/ 21 GB  290 KB/s   18h3m[K[?25h[?2026l[?2026h[?25l[A[1Gpulling manifest [K
pulling 043a363c6ca3:  11% ▕█                 ▏ 2.3 GB/ 21 GB  273 KB/s   19h8m[K[?25h[?2026l[?2026h[?25l[A[1Gpulling manifest [K
pulling 043a363c6ca3:  11% ▕█                 ▏ 2.3 GB/ 21 GB  220 KB/s  23h44m[K[?25h[?2026l[?2026h[?25l[A[1Gpulling manifest [K
pulling 043a363c6ca3:  11% ▕█                 ▏ 2.3 GB/ 21 GB  258 KB/s  20h14m[K[?25h[?2026l[?2026h[?25l[A[1Gpulling manifest [K
pulling 043a363c6ca3:  11% ▕█                 ▏ 2.3 GB/ 21 GB  258 KB/s  20h13m[K[?25h[?2026l[?2026h[?25l[A[1Gpulling manifest [K
pulling 043a363c6ca3:  11% ▕█                 ▏ 2.3 GB/ 21 GB  329 KB/s  15h52m[K[?25h[?2026l[?2026h[?25l[A[1Gpulling manifest [K
pulling 043a363c6ca3:  11% ▕█                 ▏ 2.3 GB/ 21 GB  438 KB/s  11h55m[K[?25h[?2026l[?2026h[?25l[A[1Gpulling manifest [K
pulling 043a363c6ca3:  11% ▕█                 ▏ 2.3 GB/ 21 GB  421 KB/s  12h26m[K[?25h[?2026l[?2026h[?25l[A[1Gpulling manifest [K
pulling 043a363c6ca3:  10% ▕█                 ▏ 2.1 GB/ 21 GB                  [K[?25h[?2026l[?2026h[?25l[A[1Gpulling manifest [K
pulling 043a363c6ca3:  10% ▕█                 ▏ 2.1 GB/ 21 GB                  [K[?25h[?2026l[?2026h[?25l[A[1Gpulling manifest [K
pulling 043a363c6ca3:  10% ▕█                 ▏ 2.1 GB/ 21 GB                  [K[?25h[?2026l[?2026h[?25l[A[1Gpulling manifest [K
pulling 043a363c6ca3:  10% ▕█                 ▏ 2.1 GB/ 21 GB                  [K[?25h[?2026l[?2026h[?25l[A[1Gpulling manifest [K
pulling 043a363c6ca3:  10% ▕█                 ▏ 2.1 GB/ 21 GB                  [K[?25h[?2026l[?2026h[?25l[A[1Gpulling manifest [K
pulling 043a363c6ca3:  10% ▕█                 ▏ 2.1 GB/ 21 GB                  [K[?25h[?2026l[?2026h[?25l[A[1Gpulling manifest [K
pulling 043a363c6ca3:  10% ▕█                 ▏ 2.1 GB/ 21 GB                  [K[?25h[?2026l[?2026h[?25l[A[1Gpulling manifest [K
pulling 043a363c6ca3:  10% ▕█                 ▏ 2.1 GB/ 21 GB                  [K[?25h[?2026l[?2026h[?25l[A[1Gpulling manifest [K
pulling 043a363c6ca3:  10% ▕█                 ▏ 2.1 GB/ 21 GB                  [K[?25h[?2026l[?2026h[?25l[A[1Gpulling manifest [K
pulling 043a363c6ca3:  10% ▕█                 ▏ 2.1 GB/ 21 GB                  [K[?25h[?2026l[?2026h[?25l[A[1Gpulling manifest [K
pulling 043a363c6ca3:  10% ▕█                 ▏ 2.1 GB/ 21 GB                  [K[?25h[?2026l[?2026h[?25l[A[1Gpulling manifest [K
pulling 043a363c6ca3:  10% ▕█                 ▏ 2.1 GB/ 21 GB                  [K[?25h[?2026l[?2026h[?25l[A[1Gpulling manifest [K
pulling 043a363c6ca3:  10% ▕█                 ▏ 2.1 GB/ 21 GB                  [K[?25h[?2026l[?2026h[?25l[A[1Gpulling manifest [K
pulling 043a363c6ca3:  10% ▕█                 ▏ 2.1 GB/ 21 GB  705 KB/s   7h29m[K[?25h[?2026l[?2026h[?25l[A[1Gpulling manifest [K
pulling 043a363c6ca3:  10% ▕█                 ▏ 2.1 GB/ 21 GB  705 KB/s   7h29m[K[?25h[?2026l[?2026h[?25l[A[1Gpulling manifest [K
pulling 043a363c6ca3:  10% ▕█                 ▏ 2.1 GB/ 21 GB  665 KB/s   7h56m[K[?25h[?2026l[?2026h[?25l[A[1Gpulling manifest [K
pulling 043a363c6ca3:  10% ▕█                 ▏ 2.1 GB/ 21 GB  665 KB/s   7h56m[K[?25h[?2026l[?2026h[?25l[A[1Gpulling manifest [K
pulling 043a363c6ca3:  10% ▕█                 ▏ 2.1 GB/ 21 GB  604 KB/s   8h44m[K[?25h[?2026l[?2026h[?25l[A[1Gpulling manifest [K
pulling 043a363c6ca3:  10% ▕█                 ▏ 2.1 GB/ 21 GB  542 KB/s   9h44m[K[?25h[?2026l[?2026h[?25l[A[1Gpulling manifest [K
pulling 043a363c6ca3:  10% ▕█                 ▏ 2.1 GB/ 21 GB  575 KB/s   9h11m[K[?25h[?2026l[?2026h[?25l[A[1Gpulling manifest [K
pulling 043a363c6ca3:  10% ▕█                 ▏ 2.1 GB/ 21 GB  575 KB/s   9h11m[K[?25h[?2026l[?2026h[?25l[A[1Gpulling manifest [K
pulling 043a363c6ca3:  10% ▕█                 ▏ 2.1 GB/ 21 GB  575 KB/s   9h11m[K[?25h[?2026l[?2026h[?25l[A[1Gpulling manifest [K
pulling 043a363c6ca3:  10% ▕█                 ▏ 2.1 GB/ 21 GB  425 KB/s  12h26m[K[?25h[?2026l[?2026h[?25l[A[1Gpulling manifest [K
pulling 043a363c6ca3:  10% ▕█                 ▏ 2.1 GB/ 21 GB  421 KB/s  12h32m[K[?25h[?2026l[?2026h[?25l[A[1Gpulling manifest [K
pulling 043a363c6ca3:  10% ▕█                 ▏ 2.1 GB/ 21 GB  420 KB/s  12h34m[K[?25h[?2026l[?2026h[?25l[A[1Gpulling manifest [K
pulling 043a363c6ca3:  10% ▕█                 ▏ 2.1 GB/ 21 GB  356 KB/s  14h49m[K[?25h[?2026l[?2026h[?25l[A[1Gpulling manifest [K
pulling 043a363c6ca3:  10% ▕█                 ▏ 2.1 GB/ 21 GB  356 KB/s  14h49m[K[?25h[?2026l[?2026h[?25l[A[1Gpulling manifest [K
pulling 043a363c6ca3:  10% ▕█                 ▏ 2.1 GB/ 21 GB  459 KB/s  11h29m[K[?25h[?2026l[?2026h[?25l[A[1Gpulling manifest [K
pulling 043a363c6ca3:  10% ▕█                 ▏ 2.1 GB/ 21 GB  418 KB/s  12h38m[K[?25h[?2026l[?2026h[?25l[A[1Gpulling manifest [K
pulling 043a363c6ca3:  10% ▕█                 ▏ 2.1 GB/ 21 GB  418 KB/s  12h38m[K[?25h[?2026l[?2026h[?25l[A[1Gpulling manifest [K
pulling 043a363c6ca3:  10% ▕█                 ▏ 2.1 GB/ 21 GB  403 KB/s   13h6m[K[?25h[?2026l[?2026h[?25l[A[1Gpulling manifest [K
pulling 043a363c6ca3:  10% ▕█                 ▏ 2.1 GB/ 21 GB  348 KB/s  15h11m[K[?25h[?2026l[?2026h[?25l[A[1Gpulling manifest [K
pulling 043a363c6ca3:  10% ▕█                 ▏ 2.1 GB/ 21 GB  278 KB/s  18h59m[K[?25h[?2026l[?2026h[?25l[A[1Gpulling manifest [K
pulling 043a363c6ca3:  10% ▕█                 ▏ 2.1 GB/ 21 GB  289 KB/s  18h16m[K[?25h[?2026l[?2026h[?25l[A[1Gpulling manifest [K
pulling 043a363c6ca3:  10% ▕█                 ▏ 2.1 GB/ 21 GB  448 KB/s  11h47m[K[?25h[?2026l[?2026h[?25l[A[1Gpulling manifest [K
pulling 043a363c6ca3:  10% ▕█                 ▏ 2.1 GB/ 21 GB  448 KB/s  11h47m[K[?25h[?2026l[?2026h[?25l[A[1Gpulling manifest [K
pulling 043a363c6ca3:  10% ▕█                 ▏ 2.1 GB/ 21 GB  488 KB/s  10h50m[K[?25h[?2026l[?2026h[?25l[A[1Gpulling manifest [K
pulling 043a363c6ca3:  10% ▕█                 ▏ 2.1 GB/ 21 GB  459 KB/s  11h30m[K[?25h[?2026l[?2026h[?25l[A[1Gpulling manifest [K
pulling 043a363c6ca3:  10% ▕█                 ▏ 2.1 GB/ 21 GB  415 KB/s  12h43m[K[?25h[?2026l[?2026h[?25l[A[1Gpulling manifest [K
pulling 043a363c6ca3:  10% ▕█                 ▏ 2.1 GB/ 21 GB  483 KB/s  10h55m[K[?25h[?2026l[?2026h[?25l[A[1Gpulling manifest [K
pulling 043a363c6ca3:  10% ▕█                 ▏ 2.1 GB/ 21 GB  483 KB/s  10h55m[K[?25h[?2026l[?2026h[?25l[A[1Gpulling manifest [K
pulling 043a363c6ca3:  10% ▕█                 ▏ 2.1 GB/ 21 GB  620 KB/s   8h31m[K[?25h[?2026l[?2026h[?25l[A[1Gpulling manifest [K
pulling 043a363c6ca3:  10% ▕█                 ▏ 2.1 GB/ 21 GB  698 KB/s   7h33m[K[?25h[?2026l[?2026h[?25l[A[1Gpulling manifest [K
pulling 043a363c6ca3:  10% ▕█                 ▏ 2.1 GB/ 21 GB  698 KB/s   7h33m[K[?25h[?2026l[?2026h[?25l[A[1Gpulling manifest [K
pulling 043a363c6ca3:  10% ▕█                 ▏ 2.1 GB/ 21 GB  698 KB/s   7h33m[K[?25h[?2026l[?2026h[?25l[A[1Gpulling manifest [K
pulling 043a363c6ca3:  10% ▕█                 ▏ 2.1 GB/ 21 GB  772 KB/s   6h50m[K[?25h[?2026l[?2026h[?25l[A[1Gpulling manifest [K
pulling 043a363c6ca3:  10% ▕█                 ▏ 2.1 GB/ 21 GB  772 KB/s   6h50m[K[?25h[?2026l[?2026h[?25l[A[1Gpulling manifest [K
pulling 043a363c6ca3:  10% ▕█                 ▏ 2.1 GB/ 21 GB  870 KB/s    6h4m[K[?25h[?2026l[?2026h[?25l[A[1Gpulling manifest [K
pulling 043a363c6ca3:  10% ▕█                 ▏ 2.1 GB/ 21 GB  870 KB/s    6h4m[K[?25h[?2026l[?2026h[?25l[A[1Gpulling manifest [K
pulling 043a363c6ca3:  10% ▕█                 ▏ 2.1 GB/ 21 GB  815 KB/s   6h28m[K[?25h[?2026l[?2026h[?25l[A[1Gpulling manifest [K
pulling 043a363c6ca3:  10% ▕█                 ▏ 2.1 GB/ 21 GB  781 KB/s   6h45m[K[?25h[?2026l[?2026h[?25l[A[1Gpulling manifest [K
pulling 043a363c6ca3:  10% ▕█                 ▏ 2.1 GB/ 21 GB  781 KB/s   6h45m[K[?25h[?2026l[?2026h[?25l[A[1Gpulling manifest [K
pulling 043a363c6ca3:  10% ▕█                 ▏ 2.1 GB/ 21 GB  828 KB/s   6h22m[K[?25h[?2026l[?2026h[?25l[A[1Gpulling manifest [K
pulling 043a363c6ca3:  10% ▕█                 ▏ 2.1 GB/ 21 GB  828 KB/s   6h22m[K[?25h[?2026l[?2026h[?25l[A[1Gpulling manifest [K
pulling 043a363c6ca3:  10% ▕█                 ▏ 2.1 GB/ 21 GB  792 KB/s   6h40m[K[?25h[?2026l[?2026h[?25l[A[1Gpulling manifest [K
pulling 043a363c6ca3:   9% ▕█                 ▏ 1.9 GB/ 21 GB                  [K[?25h[?2026l[?2026h[?25l[A[1Gpulling manifest [K
pulling 043a363c6ca3:   9% ▕█                 ▏ 1.9 GB/ 21 GB                  [K[?25h[?2026l[?2026h[?25l[A[1Gpulling manifest [K
pulling 043a363c6ca3:   9% ▕█                 ▏ 1.9 GB/ 21 GB                  [K[?25h[?2026l[?2026h[?25l[A[1Gpulling manifest [K
pulling 043a363c6ca3:   9% ▕█                 ▏ 1.9 GB/ 21 GB                  [K[?25h[?2026l[?2026h[?25l[A[1Gpulling manifest [K
pulling 043a363c6ca3:   9% ▕█                 ▏ 1.9 GB/ 21 GB                  [K[?25h[?2026l[?2026h[?25l[A[1Gpulling manifest [K
pulling 043a363c6ca3:   9% ▕█                 ▏ 1.9 GB/ 21 GB                  [K[?25h[?2026l[?2026h[?25l[A[1Gpulling manifest [K
pulling 043a363c6ca3:   9% ▕█                 ▏ 1.9 GB/ 21 GB                  [K[?25h[?2026l[?2026h[?25l[A[1Gpulling manifest [K
pulling 043a363c6ca3:   9% ▕█                 ▏ 1.9 GB/ 21 GB                  [K[?25h[?2026l[?2026h[?25l[A[1Gpulling manifest [K
pulling 043a363c6ca3:   9% ▕█                 ▏ 1.9 GB/ 21 GB                  [K[?25h[?2026l[?2026h[?25l[A[1Gpulling manifest [K
pulling 043a363c6ca3:   9% ▕█                 ▏ 1.9 GB/ 21 GB                  [K[?25h[?2026l[?2026h[?25l[A[1Gpulling manifest [K
pulling 043a363c6ca3:   9% ▕█                 ▏ 1.9 GB/ 21 GB                  [K[?25h[?2026l[?2026h[?25l[A[1Gpulling manifest [K
pulling 043a363c6ca3:   9% ▕█                 ▏ 1.9 GB/ 21 GB                  [K[?25h[?2026l[?2026h[?25l[A[1Gpulling manifest [K
pulling 043a363c6ca3:   9% ▕█                 ▏ 1.9 GB/ 21 GB                  [K[?25h[?2026l[?2026h[?25l[A[1Gpulling manifest [K
pulling 043a363c6ca3:   9% ▕█                 ▏ 1.9 GB/ 21 GB                  [K[?25h[?2026l[?2026h[?25l[A[1Gpulling manifest [K
pulling 043a363c6ca3:   9% ▕█                 ▏ 1.9 GB/ 21 GB                  [K[?25h[?2026l[?2026h[?25l[A[1Gpulling manifest [K
pulling 043a363c6ca3:   9% ▕█                 ▏ 1.9 GB/ 21 GB                  [K[?25h[?2026l[?2026h[?25l[A[1Gpulling manifest [K
pulling 043a363c6ca3:   9% ▕█                 ▏ 1.9 GB/ 21 GB  730 KB/s   7h20m[K[?25h[?2026l[?2026h[?25l[A[1Gpulling manifest [K
pulling 043a363c6ca3:   9% ▕█                 ▏ 1.9 GB/ 21 GB  583 KB/s   9h11m[K[?25h[?2026l[?2026h[?25l[A[1Gpulling manifest [K
pulling 043a363c6ca3:   9% ▕█                 ▏ 1.9 GB/ 21 GB  583 KB/s   9h11m[K[?25h[?2026l[?2026h[?25l[A[1Gpulling manifest [K
pulling 043a363c6ca3:   9% ▕█                 ▏ 1.9 GB/ 21 GB  534 KB/s   10h2m[K[?25h[?2026l[?2026h[?25l[A[1Gpulling manifest [K
pulling 043a363c6ca3:   9% ▕█                 ▏ 1.9 GB/ 21 GB  523 KB/s  10h14m[K[?25h[?2026l[?2026h[?25l[A[1Gpulling manifest [K
pulling 043a363c6ca3:   9% ▕█                 ▏ 1.9 GB/ 21 GB  523 KB/s  10h14m[K[?25h[?2026l[?2026h[?25l[A[1Gpulling manifest [K
pulling 043a363c6ca3:   9% ▕█                 ▏ 1.9 GB/ 21 GB  546 KB/s   9h48m[K[?25h[?2026l[?2026h[?25l[A[1Gpulling manifest [K
pulling 043a363c6ca3:   9% ▕█                 ▏ 1.9 GB/ 21 GB  475 KB/s  11h16m[K[?25h[?2026l[?2026h[?25l[A[1Gpulling manifest [K
pulling 043a363c6ca3:   9% ▕█                 ▏ 1.9 GB/ 21 GB  475 KB/s  11h16m[K[?25h[?2026l[?2026h[?25l[A[1Gpulling manifest [K
pulling 043a363c6ca3:   9% ▕█                 ▏ 1.9 GB/ 21 GB  493 KB/s  10h52m[K[?25h[?2026l[?2026h[?25l[A[1Gpulling manifest [K
pulling 043a363c6ca3:   9% ▕█                 ▏ 1.9 GB/ 21 GB  505 KB/s  10h36m[K[?25h[?2026l[?2026h[?25l[A[1Gpulling manifest [K
pulling 043a363c6ca3:   9% ▕█                 ▏ 1.9 GB/ 21 GB  505 KB/s  10h36m[K[?25h[?2026l[?2026h[?25l[A[1Gpulling manifest [K
pulling 043a363c6ca3:   9% ▕█                 ▏ 1.9 GB/ 21 GB  518 KB/s  10h20m[K[?25h[?2026l[?2026h[?25l[A[1Gpulling manifest [K
pulling 043a363c6ca3:   9% ▕█                 ▏ 1.9 GB/ 21 GB  518 KB/s  10h20m[K[?25h[?2026l[?2026h[?25l[A[1Gpulling manifest [K
pulling 043a363c6ca3:   9% ▕█                 ▏ 1.9 GB/ 21 GB  474 KB/s  11h18m[K[?25h[?2026l[?2026h[?25l[A[1Gpulling manifest [K
pulling 043a363c6ca3:   9% ▕█                 ▏ 1.9 GB/ 21 GB  469 KB/s  11h25m[K[?25h[?2026l[?2026h[?25l[A[1Gpulling manifest [K
pulling 043a363c6ca3:   9% ▕█                 ▏ 1.9 GB/ 21 GB  469 KB/s  11h25m[K[?25h[?2026l[?2026h[?25l[A[1Gpulling manifest [K
pulling 043a363c6ca3:   9% ▕█                 ▏ 1.9 GB/ 21 GB  463 KB/s  11h33m[K[?25h[?2026l[?2026h[?25l[A[1Gpulling manifest [K
pulling 043a363c6ca3:   9% ▕█                 ▏ 1.9 GB/ 21 GB  483 KB/s   11h5m[K[?25h[?2026l[?2026h[?25l[A[1Gpulling manifest [K
pulling 043a363c6ca3:   9% ▕█                 ▏ 1.9 GB/ 21 GB  483 KB/s   11h5m[K[?25h[?2026l[?2026h[?25l[A[1Gpulling manifest [K
pulling 043a363c6ca3:   9% ▕█                 ▏ 1.9 GB/ 21 GB  484 KB/s   11h3m[K[?25h[?2026l[?2026h[?25l[A[1Gpulling manifest [K
pulling 043a363c6ca3:   9% ▕█                 ▏ 1.9 GB/ 21 GB  462 KB/s  11h35m[K[?25h[?2026l[?2026h[?25l[A[1Gpulling manifest [K
pulling 043a363c6ca3:   9% ▕█                 ▏ 1.9 GB/ 21 GB  462 KB/s  11h34m[K[?25h[?2026l[?2026h[?25l[A[1Gpulling manifest [K
pulling 043a363c6ca3:   9% ▕█                 ▏ 1.9 GB/ 21 GB  468 KB/s  11h25m[K[?25h[?2026l[?2026h[?25l[A[1Gpulling manifest [K
pulling 043a363c6ca3:   9% ▕█                 ▏ 1.9 GB/ 21 GB  468 KB/s  11h25m[K[?25h[?2026l[?2026h[?25l[A[1Gpulling manifest [K
pulling 043a363c6ca3:   9% ▕█                 ▏ 1.9 GB/ 21 GB  519 KB/s  10h19m[K[?25h[?2026l[?2026h[?25l[A[1Gpulling manifest [K
pulling 043a363c6ca3:   9% ▕█                 ▏ 1.9 GB/ 21 GB  519 KB/s  10h19m[K[?25h[?2026l[?2026h[?25l[A[1Gpulling manifest [K
pulling 043a363c6ca3:   9% ▕█                 ▏ 1.9 GB/ 21 GB  527 KB/s   10h9m[K[?25h[?2026l[?2026h[?25l[A[1Gpulling manifest [K
pulling 043a363c6ca3:   9% ▕█                 ▏ 1.9 GB/ 21 GB  527 KB/s   10h9m[K[?25h[?2026l[?2026h[?25l[A[1Gpulling manifest [K
pulling 043a363c6ca3:   9% ▕█                 ▏ 1.9 GB/ 21 GB  567 KB/s   9h26m[K[?25h[?2026l[?2026h[?25l[A[1Gpulling manifest [K
pulling 043a363c6ca3:   9% ▕█                 ▏ 1.9 GB/ 21 GB  567 KB/s   9h26m[K[?25h[?2026l[?2026h[?25l[A[1Gpulling manifest [K
pulling 043a363c6ca3:   9% ▕█                 ▏ 1.9 GB/ 21 GB  558 KB/s   9h36m[K[?25h[?2026l[?2026h[?25l[A[1Gpulling manifest [K
pulling 043a363c6ca3:   9% ▕█                 ▏ 1.9 GB/ 21 GB  558 KB/s   9h36m[K[?25h[?2026l[?2026h[?25l[A[1Gpulling manifest [K
pulling 043a363c6ca3:   9% ▕█                 ▏ 1.9 GB/ 21 GB  558 KB/s   9h36m[K[?25h[?2026l[?2026h[?25l[A[1Gpulling manifest [K
pulling 043a363c6ca3:   9% ▕█                 ▏ 1.9 GB/ 21 GB  602 KB/s   8h53m[K[?25h[?2026l[?2026h[?25l[A[1Gpulling manifest [K
pulling 043a363c6ca3:   9% ▕█                 ▏ 1.9 GB/ 21 GB  602 KB/s   8h53m[K[?25h[?2026l[?2026h[?25l[A[1Gpulling manifest [K
pulling 043a363c6ca3:   9% ▕█                 ▏ 1.9 GB/ 21 GB  602 KB/s   8h53m[K[?25h[?2026l[?2026h[?25l[A[1Gpulling manifest [K
pulling 043a363c6ca3:   9% ▕█                 ▏ 1.9 GB/ 21 GB  602 KB/s   8h53m[K[?25h[?2026l[?2026h[?25l[A[1Gpulling manifest [K
pulling 043a363c6ca3:   9% ▕█                 ▏ 1.9 GB/ 21 GB  979 KB/s   5h28m[K[?25h[?2026l[?2026h[?25l[A[1Gpulling manifest [K
pulling 043a363c6ca3:   9% ▕█                 ▏ 1.9 GB/ 21 GB  979 KB/s   5h28m[K[?25h[?2026l[?2026h[?25l[A[1Gpulling manifest [K
pulling 043a363c6ca3:   9% ▕█                 ▏ 1.9 GB/ 21 GB  979 KB/s   5h28m[K[?25h[?2026l[?2026h[?25l[A[1Gpulling manifest [K
pulling 043a363c6ca3:   9% ▕█                 ▏ 1.9 GB/ 21 GB  979 KB/s   5h28m[K[?25h[?2026l[?2026h[?25l[A[1Gpulling manifest [K
pulling 043a363c6ca3:   9% ▕█                 ▏ 1.9 GB/ 21 GB  979 KB/s   5h28m[K[?25h[?2026l[?2026h[?25l[A[1Gpulling manifest [K
pulling 043a363c6ca3:   9% ▕█                 ▏ 1.9 GB/ 21 GB  1.1 MB/s   4h55m[K[?25h[?2026l[?2026h[?25l[A[1Gpulling manifest [K
pulling 043a363c6ca3:   9% ▕█                 ▏ 1.9 GB/ 21 GB  1.1 MB/s   4h55m[K[?25h[?2026l[?2026h[?25l[A[1Gpulling manifest [K
pulling 043a363c6ca3:   9% ▕█                 ▏ 1.9 GB/ 21 GB  1.1 MB/s   4h55m[K[?25h[?2026l[?2026h[?25l[A[1Gpulling manifest [K
pulling 043a363c6ca3:   9% ▕█                 ▏ 1.9 GB/ 21 GB  1.1 MB/s   4h55m[K[?25h[?2026l[?2026h[?25l[A[1Gpulling manifest [K
pulling 043a363c6ca3:   9% ▕█                 ▏ 1.9 GB/ 21 GB  1.1 MB/s   4h55m[K[?25h[?2026l[?2026h[?25l[A[1Gpulling manifest [K
pulling 043a363c6ca3:   9% ▕█                 ▏ 1.9 GB/ 21 GB  1.5 MB/s   3h32m[K[?25h[?2026l[?2026h[?25l[A[1Gpulling manifest [K
pulling 043a363c6ca3:   9% ▕█                 ▏ 1.9 GB/ 21 GB  1.5 MB/s   3h32m[K[?25h[?2026l[?2026h[?25l[A[1Gpulling manifest [K
pulling 043a363c6ca3:   9% ▕█                 ▏ 1.9 GB/ 21 GB  1.8 MB/s   2h59m[K[?25h[?2026l[?2026h[?25l[A[1Gpulling manifest [K
pulling 043a363c6ca3:   9% ▕█                 ▏ 1.9 GB/ 21 GB  1.6 MB/s   3h17m[K[?25h[?2026l[?2026h[?25l[A[1Gpulling manifest [K
pulling 043a363c6ca3:   9% ▕█                 ▏ 1.9 GB/ 21 GB  692 KB/s   7h44m[K[?25h[?2026l[?2026h[?25l[A[1Gpulling manifest [K
pulling 043a363c6ca3:   9% ▕█                 ▏ 1.9 GB/ 21 GB  445 KB/s   12h0m[K[?25h[?2026l[?2026h[?25l[A[1Gpulling manifest [K
pulling 043a363c6ca3:   9% ▕█                 ▏ 1.9 GB/ 21 GB  479 KB/s   11h9m[K[?25h[?2026l[?2026h[?25l[A[1Gpulling manifest [K
pulling 043a363c6ca3:   9% ▕█                 ▏ 1.9 GB/ 21 GB  479 KB/s   11h9m[K[?25h[?2026l[?2026h[?25l[A[1Gpulling manifest [K
pulling 043a363c6ca3:   9% ▕█                 ▏ 1.9 GB/ 21 GB  521 KB/s  10h15m[K[?25h[?2026l[?2026h[?25l[A[1Gpulling manifest [K
pulling 043a363c6ca3:   9% ▕█                 ▏ 1.9 GB/ 21 GB  654 KB/s   8h10m[K[?25h[?2026l[?2026h[?25l[A[1Gpulling manifest [K
pulling 043a363c6ca3:   9% ▕█                 ▏ 1.9 GB/ 21 GB  654 KB/s   8h10m[K[?25h[?2026l[?2026h[?25l[A[1Gpulling manifest [K
pulling 043a363c6ca3:   9% ▕█                 ▏ 1.9 GB/ 21 GB  647 KB/s   8h15m[K[?25h[?2026l[?2026h[?25l[A[1Gpulling manifest [K
pulling 043a363c6ca3:   9% ▕█                 ▏ 1.9 GB/ 21 GB  656 KB/s    8h9m[K[?25h[?2026l[?2026h[?25l[A[1Gpulling manifest [K
pulling 043a363c6ca3:   9% ▕█                 ▏ 1.9 GB/ 21 GB  727 KB/s   7h21m[K[?25h[?2026l[?2026h[?25l[A[1Gpulling manifest [K
pulling 043a363c6ca3:   9% ▕█                 ▏ 1.9 GB/ 21 GB  727 KB/s   7h21m[K[?25h[?2026l[?2026h[?25l[A[1Gpulling manifest [K
pulling 043a363c6ca3:   9% ▕█                 ▏ 1.9 GB/ 21 GB  718 KB/s   7h26m[K[?25h[?2026l[?2026h[?25l[A[1Gpulling manifest [K
pulling 043a363c6ca3:   9% ▕█                 ▏ 1.9 GB/ 21 GB  718 KB/s   7h26m[K[?25h[?2026l[?2026h[?25l[A[1Gpulling manifest [K
pulling 043a363c6ca3:   9% ▕█                 ▏ 1.9 GB/ 21 GB  718 KB/s   7h26m[K[?25h[?2026l[?2026h[?25l[A[1Gpulling manifest [K
pulling 043a363c6ca3:   9% ▕█                 ▏ 1.9 GB/ 21 GB  718 KB/s   7h26m[K[?25h[?2026l[?2026h[?25l[A[1Gpulling manifest [K
pulling 043a363c6ca3:   9% ▕█                 ▏ 1.9 GB/ 21 GB  770 KB/s   6h57m[K[?25h[?2026l[?2026h[?25l[A[1Gpulling manifest [K
pulling 043a363c6ca3:   9% ▕█                 ▏ 1.9 GB/ 21 GB  770 KB/s   6h56m[K[?25h[?2026l[?2026h[?25l[A[1Gpulling manifest [K
pulling 043a363c6ca3:   9% ▕█                 ▏ 1.9 GB/ 21 GB  770 KB/s   6h56m[K[?25h[?2026l[?2026h[?25l[A[1Gpulling manifest [K
pulling 043a363c6ca3:   9% ▕█                 ▏ 1.9 GB/ 21 GB  770 KB/s   6h56m[K[?25h[?2026l[?2026h[?25l[A[1Gpulling manifest [K
pulling 043a363c6ca3:   9% ▕█                 ▏ 1.9 GB/ 21 GB  770 KB/s   6h56m[K[?25h[?2026l[?2026h[?25l[A[1Gpulling manifest [K
pulling 043a363c6ca3:   9% ▕█                 ▏ 1.9 GB/ 21 GB  894 KB/s   5h58m[K[?25h[?2026l[?2026h[?25l[A[1Gpulling manifest [K
pulling 043a363c6ca3:   9% ▕█                 ▏ 1.9 GB/ 21 GB  894 KB/s   5h58m[K[?25h[?2026l[?2026h[?25l[A[1Gpulling manifest [K
pulling 043a363c6ca3:   9% ▕█                 ▏ 1.9 GB/ 21 GB  894 KB/s   5h58m[K[?25h[?2026l[?2026h[?25l[A[1Gpulling manifest [K
pulling 043a363c6ca3:   9% ▕█                 ▏ 1.9 GB/ 21 GB  894 KB/s   5h58m[K[?25h[?2026l[?2026h[?25l[A[1Gpulling manifest [K
pulling 043a363c6ca3:   9% ▕█                 ▏ 1.9 GB/ 21 GB  894 KB/s   5h58m[K[?25h[?2026l[?2026h[?25l[A[1Gpulling manifest [K
pulling 043a363c6ca3:   9% ▕█                 ▏ 1.9 GB/ 21 GB  894 KB/s   5h58m[K[?25h[?2026l[?2026h[?25l[A[1Gpulling manifest [K
pulling 043a363c6ca3:   9% ▕█                 ▏ 1.9 GB/ 21 GB  894 KB/s   5h58m[K[?25h[?2026l[?2026h[?25l[A[1Gpulling manifest [K
pulling 043a363c6ca3:   9% ▕█                 ▏ 1.9 GB/ 21 GB  894 KB/s   5h58m[K[?25h[?2026l[?2026h[?25l[A[1Gpulling manifest [K
pulling 043a363c6ca3:   9% ▕█                 ▏ 1.9 GB/ 21 GB  900 KB/s   5h56m[K[?25h[?2026l[?2026h[?25l[A[1Gpulling manifest [K
pulling 043a363c6ca3:   9% ▕█                 ▏ 1.9 GB/ 21 GB  900 KB/s   5h56m[K[?25h[?2026l[?2026h[?25l[A[1Gpulling manifest [K
pulling 043a363c6ca3:   9% ▕█                 ▏ 1.9 GB/ 21 GB  900 KB/s   5h56m[K[?25h[?2026l[?2026h[?25l[A[1Gpulling manifest [K
pulling 043a363c6ca3:   9% ▕█                 ▏ 1.9 GB/ 21 GB  1.0 MB/s   5h16m[K[?25h[?2026l[?2026h[?25l[A[1Gpulling manifest [K
pulling 043a363c6ca3:   9% ▕█                 ▏ 1.9 GB/ 21 GB  1.0 MB/s   5h16m[K[?25h[?2026l[?2026h[?25l[A[1Gpulling manifest [K
pulling 043a363c6ca3:   9% ▕█                 ▏ 1.9 GB/ 21 GB  992 KB/s   5h23m[K[?25h[?2026l[?2026h[?25l[A[1Gpulling manifest [K
pulling 043a363c6ca3:   9% ▕█                 ▏ 1.9 GB/ 21 GB  992 KB/s   5h23m[K[?25h[?2026l[?2026h[?25l[A[1Gpulling manifest [K
pulling 043a363c6ca3:   9% ▕█                 ▏ 1.9 GB/ 21 GB  992 KB/s   5h23m[K[?25h[?2026l[?2026h[?25l[A[1Gpulling manifest [K
pulling 043a363c6ca3:   9% ▕█                 ▏ 1.9 GB/ 21 GB  1.0 MB/s   5h17m[K[?25h[?2026l[?2026h[?25l[A[1Gpulling manifest [K
pulling 043a363c6ca3:   9% ▕█                 ▏ 1.9 GB/ 21 GB  1.0 MB/s   5h17m[K[?25h[?2026l[?2026h[?25l[A[1Gpulling manifest [K
pulling 043a363c6ca3:   9% ▕█                 ▏ 1.9 GB/ 21 GB  1.0 MB/s   5h17m[K[?25h[?2026l[?2026h[?25l[A[1Gpulling manifest [K
pulling 043a363c6ca3:   9% ▕█                 ▏ 1.9 GB/ 21 GB  1.0 MB/s   5h17m[K[?25h[?2026l[?2026h[?25l[A[1Gpulling manifest [K
pulling 043a363c6ca3:   9% ▕█                 ▏ 1.9 GB/ 21 GB  939 KB/s   5h41m[K[?25h[?2026l[?2026h[?25l[A[1Gpulling manifest [K
pulling 043a363c6ca3:   9% ▕█                 ▏ 1.9 GB/ 21 GB  939 KB/s   5h41m[K[?25h[?2026l[?2026h[?25l[A[1Gpulling manifest [K
pulling 043a363c6ca3:   9% ▕█                 ▏ 1.9 GB/ 21 GB  939 KB/s   5h41m[K[?25h[?2026l[?2026h[?25l[A[1Gpulling manifest [K
pulling 043a363c6ca3:   9% ▕█                 ▏ 1.9 GB/ 21 GB  1.2 MB/s   4h19m[K[?25h[?2026l[?2026h[?25l[A[1Gpulling manifest [K
pulling 043a363c6ca3:   9% ▕█                 ▏ 1.9 GB/ 21 GB  1.2 MB/s   4h19m[K[?25h[?2026l[?2026h[?25l[A[1Gpulling manifest [K
pulling 043a363c6ca3:   9% ▕█                 ▏ 1.9 GB/ 21 GB  1.2 MB/s   4h19m[K[?25h[?2026l[?2026h[?25l[A[1Gpulling manifest [K
pulling 043a363c6ca3:   9% ▕█                 ▏ 1.9 GB/ 21 GB  1.6 MB/s   3h15m[K[?25h[?2026l[?2026h[?25l[A[1Gpulling manifest [K
pulling 043a363c6ca3:   9% ▕█                 ▏ 1.9 GB/ 21 GB  1.6 MB/s   3h15m[K[?25h[?2026l[?2026h[?25l[A[1Gpulling manifest [K
pulling 043a363c6ca3:   9% ▕█                 ▏ 1.9 GB/ 21 GB  1.7 MB/s   3h11m[K[?25h[?2026l[?2026h[?25l[A[1Gpulling manifest [K
pulling 043a363c6ca3:   9% ▕█                 ▏ 1.9 GB/ 21 GB  1.7 MB/s   3h11m[K[?25h[?2026l[?2026h[?25l[A[1Gpulling manifest [K
pulling 043a363c6ca3:   9% ▕█                 ▏ 1.9 GB/ 21 GB  1.7 MB/s   3h11m[K[?25h[?2026l[?2026h[?25l[A[1Gpulling manifest [K
pulling 043a363c6ca3:   9% ▕█                 ▏ 1.9 GB/ 21 GB  1.7 MB/s    3h5m[K[?25h[?2026l[?2026h[?25l[A[1Gpulling manifest [K
pulling 043a363c6ca3:   9% ▕█                 ▏ 1.9 GB/ 21 GB  1.7 MB/s    3h5m[K[?25h[?2026l[?2026h[?25l[A[1Gpulling manifest [K
pulling 043a363c6ca3:   9% ▕█                 ▏ 1.9 GB/ 21 GB  1.8 MB/s    3h2m[K[?25h[?2026l[?2026h[?25l[A[1Gpulling manifest [K
pulling 043a363c6ca3:   9% ▕█                 ▏ 1.9 GB/ 21 GB  1.8 MB/s    3h2m[K[?25h[?2026l[?2026h[?25l[A[1Gpulling manifest [K
pulling 043a363c6ca3:   9% ▕█                 ▏ 1.9 GB/ 21 GB  1.8 MB/s    3h2m[K[?25h[?2026l[?2026h[?25l[A[1Gpulling manifest [K
pulling 043a363c6ca3:   9% ▕█                 ▏ 1.9 GB/ 21 GB  1.6 MB/s   3h15m[K[?25h[?2026l[?2026h[?25l[A[1Gpulling manifest [K
pulling 043a363c6ca3:   9% ▕█                 ▏ 1.9 GB/ 21 GB  1.6 MB/s   3h15m[K[?25h[?2026l[?2026h[?25l[A[1Gpulling manifest [K
pulling 043a363c6ca3:   9% ▕█                 ▏ 1.9 GB/ 21 GB  1.6 MB/s   3h17m[K[?25h[?2026l[?2026h[?25l[A[1Gpulling manifest [K
pulling 043a363c6ca3:   9% ▕█                 ▏ 1.9 GB/ 21 GB  1.6 MB/s   3h17m[K[?25h[?2026l[?2026h[?25l[A[1Gpulling manifest [K
pulling 043a363c6ca3:   9% ▕█                 ▏ 1.9 GB/ 21 GB  1.6 MB/s   3h22m[K[?25h[?2026l[?2026h[?25l[A[1Gpulling manifest [K
pulling 043a363c6ca3:   9% ▕█                 ▏ 1.9 GB/ 21 GB  1.6 MB/s   3h22m[K[?25h[?2026l[?2026h[?25l[A[1Gpulling manifest [K
pulling 043a363c6ca3:   9% ▕█                 ▏ 1.9 GB/ 21 GB  1.6 MB/s   3h22m[K[?25h[?2026l[?2026h[?25l[A[1Gpulling manifest [K
pulling 043a363c6ca3:   9% ▕█                 ▏ 1.9 GB/ 21 GB  1.6 MB/s   3h22m[K[?25h[?2026l[?2026h[?25l[A[1Gpulling manifest [K
pulling 043a363c6ca3:   9% ▕█                 ▏ 1.9 GB/ 21 GB  1.6 MB/s   3h19m[K[?25h[?2026l[?2026h[?25l[A[1Gpulling manifest [K
pulling 043a363c6ca3:   9% ▕█                 ▏ 1.9 GB/ 21 GB  1.6 MB/s   3h19m[K[?25h[?2026l[?2026h[?25l[A[1Gpulling manifest [K
pulling 043a363c6ca3:   9% ▕█                 ▏ 1.9 GB/ 21 GB  1.6 MB/s   3h19m[K[?25h[?2026l[?2026h[?25l[A[1Gpulling manifest [K
pulling 043a363c6ca3:   9% ▕█                 ▏ 1.9 GB/ 21 GB  1.4 MB/s   3h45m[K[?25h[?2026l[?2026h[?25l[A[1Gpulling manifest [K
pulling 043a363c6ca3:   9% ▕█                 ▏ 1.9 GB/ 21 GB  1.4 MB/s   3h45m[K[?25h[?2026l[?2026h[?25l[A[1Gpulling manifest [K
pulling 043a363c6ca3:   9% ▕█                 ▏ 1.9 GB/ 21 GB  938 KB/s   5h41m[K[?25h[?2026l[?2026h[?25l[A[1Gpulling manifest [K
pulling 043a363c6ca3:   9% ▕█                 ▏ 1.9 GB/ 21 GB  938 KB/s   5h41m[K[?25h[?2026l[?2026h[?25l[A[1Gpulling manifest [K
pulling 043a363c6ca3:   9% ▕█                 ▏ 1.9 GB/ 21 GB  938 KB/s   5h41m[K[?25h[?2026l[?2026h[?25l[A[1Gpulling manifest [K
pulling 043a363c6ca3:   9% ▕█                 ▏ 1.9 GB/ 21 GB  938 KB/s   5h41m[K[?25h[?2026l[?2026h[?25l[A[1Gpulling manifest [K
pulling 043a363c6ca3:   9% ▕█                 ▏ 1.9 GB/ 21 GB  769 KB/s   6h56m[K[?25h[?2026l[?2026h[?25l[A[1Gpulling manifest [K
pulling 043a363c6ca3:   9% ▕█                 ▏ 1.9 GB/ 21 GB  769 KB/s   6h56m[K[?25h[?2026l[?2026h[?25l[A[1Gpulling manifest [K
pulling 043a363c6ca3:   9% ▕█                 ▏ 1.9 GB/ 21 GB  839 KB/s   6h22m[K[?25h[?2026l[?2026h[?25l[A[1Gpulling manifest [K
pulling 043a363c6ca3:   9% ▕█                 ▏ 1.9 GB/ 21 GB  839 KB/s   6h22m[K[?25h[?2026l[?2026h[?25l[A[1Gpulling manifest [K
pulling 043a363c6ca3:   9% ▕█                 ▏ 1.9 GB/ 21 GB  839 KB/s   6h22m[K[?25h[?2026l[?2026h[?25l[A[1Gpulling manifest [K
pulling 043a363c6ca3:   9% ▕█                 ▏ 1.9 GB/ 21 GB  854 KB/s   6h15m[K[?25h[?2026l[?2026h[?25l[A[1Gpulling manifest [K
pulling 043a363c6ca3:   9% ▕█                 ▏ 1.9 GB/ 21 GB  854 KB/s   6h15m[K[?25h[?2026l[?2026h[?25l[A[1Gpulling manifest [K
pulling 043a363c6ca3:   9% ▕█                 ▏ 1.9 GB/ 21 GB  821 KB/s   6h30m[K[?25h[?2026l[?2026h[?25l[A[1Gpulling manifest [K
pulling 043a363c6ca3:   9% ▕█                 ▏ 1.9 GB/ 21 GB  821 KB/s   6h30m[K[?25h[?2026l[?2026h[?25l[A[1Gpulling manifest [K
pulling 043a363c6ca3:   9% ▕█                 ▏ 1.9 GB/ 21 GB  821 KB/s   6h30m[K[?25h[?2026l[?2026h[?25l[A[1Gpulling manifest [K
pulling 043a363c6ca3:   9% ▕█                 ▏ 1.9 GB/ 21 GB  925 KB/s   5h46m[K[?25h[?2026l[?2026h[?25l[A[1Gpulling manifest [K
pulling 043a363c6ca3:   9% ▕█                 ▏ 1.9 GB/ 21 GB  925 KB/s   5h46m[K[?25h[?2026l[?2026h[?25l[A[1Gpulling manifest [K
pulling 043a363c6ca3:   9% ▕█                 ▏ 1.9 GB/ 21 GB  925 KB/s   5h46m[K[?25h[?2026l[?2026h[?25l[A[1Gpulling manifest [K
pulling 043a363c6ca3:   9% ▕█                 ▏ 1.9 GB/ 21 GB  925 KB/s   5h46m[K[?25h[?2026l[?2026h[?25l[A[1Gpulling manifest [K
pulling 043a363c6ca3:   9% ▕█                 ▏ 1.9 GB/ 21 GB  972 KB/s   5h29m[K[?25h[?2026l[?2026h[?25l[A[1Gpulling manifest [K
pulling 043a363c6ca3:   9% ▕█                 ▏ 1.9 GB/ 21 GB  972 KB/s   5h29m[K[?25h[?2026l[?2026h[?25l[A[1Gpulling manifest [K
pulling 043a363c6ca3:   9% ▕█                 ▏ 1.9 GB/ 21 GB  972 KB/s   5h29m[K[?25h[?2026l[?2026h[?25l[A[1Gpulling manifest [K
pulling 043a363c6ca3:   9% ▕█                 ▏ 1.9 GB/ 21 GB  972 KB/s   5h29m[K[?25h[?2026l[?2026h[?25l[A[1Gpulling manifest [K
pulling 043a363c6ca3:   9% ▕█                 ▏ 1.9 GB/ 21 GB  972 KB/s   5h29m[K[?25h[?2026l[?2026h[?25l[A[1Gpulling manifest [K
pulling 043a363c6ca3:   9% ▕█                 ▏ 1.9 GB/ 21 GB  965 KB/s   5h31m[K[?25h[?2026l[?2026h[?25l[A[1Gpulling manifest [K
pulling 043a363c6ca3:   9% ▕█                 ▏ 1.9 GB/ 21 GB  965 KB/s   5h31m[K[?25h[?2026l[?2026h[?25l[A[1Gpulling manifest [K
pulling 043a363c6ca3:   9% ▕█                 ▏ 1.9 GB/ 21 GB  965 KB/s   5h31m[K[?25h[?2026l[?2026h[?25l[A[1Gpulling manifest [K
pulling 043a363c6ca3:   9% ▕█                 ▏ 1.9 GB/ 21 GB  965 KB/s   5h31m[K[?25h[?2026l[?2026h[?25l[A[1Gpulling manifest [K
pulling 043a363c6ca3:   9% ▕█                 ▏ 1.9 GB/ 21 GB  856 KB/s   6h14m[K[?25h[?2026l[?2026h[?25l[A[1Gpulling manifest [K
pulling 043a363c6ca3:   9% ▕█                 ▏ 1.9 GB/ 21 GB  856 KB/s   6h14m[K[?25h[?2026l[?2026h[?25l[A[1Gpulling manifest [K
pulling 043a363c6ca3:   9% ▕█                 ▏ 1.9 GB/ 21 GB  856 KB/s   6h14m[K[?25h[?2026l[?2026h[?25l[A[1Gpulling manifest [K
pulling 043a363c6ca3:   9% ▕█                 ▏ 1.9 GB/ 21 GB  871 KB/s    6h7m[K[?25h[?2026l[?2026h[?25l[A[1Gpulling manifest [K
pulling 043a363c6ca3:   9% ▕█                 ▏ 1.9 GB/ 21 GB  871 KB/s    6h7m[K[?25h[?2026l[?2026h[?25l[A[1Gpulling manifest [K
pulling 043a363c6ca3:   9% ▕█                 ▏ 1.9 GB/ 21 GB  836 KB/s   6h23m[K[?25h[?2026l[?2026h[?25l[A[1Gpulling manifest [K
pulling 043a363c6ca3:   9% ▕█                 ▏ 1.9 GB/ 21 GB  836 KB/s   6h23m[K[?25h[?2026l[?2026h[?25l[A[1Gpulling manifest [K
pulling 043a363c6ca3:   9% ▕█                 ▏ 1.9 GB/ 21 GB  836 KB/s   6h23m[K[?25h[?2026l[?2026h[?25l[A[1Gpulling manifest [K
pulling 043a363c6ca3:   9% ▕█                 ▏ 1.9 GB/ 21 GB  708 KB/s   7h32m[K[?25h[?2026l[?2026h[?25l[A[1Gpulling manifest [K
pulling 043a363c6ca3:   9% ▕█                 ▏ 1.9 GB/ 21 GB  708 KB/s   7h32m[K[?25h[?2026l[?2026h[?25l[A[1Gpulling manifest [K
pulling 043a363c6ca3:   9% ▕█                 ▏ 1.9 GB/ 21 GB  708 KB/s   7h32m[K[?25h[?2026l[?2026h[?25l[A[1Gpulling manifest [K
pulling 043a363c6ca3:   9% ▕█                 ▏ 1.9 GB/ 21 GB  708 KB/s   7h32m[K[?25h[?2026l[?2026h[?25l[A[1Gpulling manifest [K
pulling 043a363c6ca3:   9% ▕█                 ▏ 1.9 GB/ 21 GB  732 KB/s   7h17m[K[?25h[?2026l[?2026h[?25l[A[1Gpulling manifest [K
pulling 043a363c6ca3:   9% ▕█                 ▏ 1.9 GB/ 21 GB  732 KB/s   7h17m[K[?25h[?2026l[?2026h[?25l[A[1Gpulling manifest [K
pulling 043a363c6ca3:   9% ▕█                 ▏ 1.9 GB/ 21 GB  732 KB/s   7h17m[K[?25h[?2026l[?2026h[?25l[A[1Gpulling manifest [K
pulling 043a363c6ca3:   9% ▕█                 ▏ 1.9 GB/ 21 GB  799 KB/s   6h40m[K[?25h[?2026l[?2026h[?25l[A[1Gpulling manifest [K
pulling 043a363c6ca3:   9% ▕█                 ▏ 1.9 GB/ 21 GB  799 KB/s   6h40m[K[?25h[?2026l[?2026h[?25l[A[1Gpulling manifest [K
pulling 043a363c6ca3:   9% ▕█                 ▏ 1.9 GB/ 21 GB  799 KB/s   6h40m[K[?25h[?2026l[?2026h[?25l[A[1Gpulling manifest [K
pulling 043a363c6ca3:   9% ▕█                 ▏ 1.9 GB/ 21 GB  799 KB/s   6h40m[K[?25h[?2026l[?2026h[?25l[A[1Gpulling manifest [K
pulling 043a363c6ca3:   9% ▕█                 ▏ 1.9 GB/ 21 GB  745 KB/s   7h10m[K[?25h[?2026l[?2026h[?25l[A[1Gpulling manifest [K
pulling 043a363c6ca3:   9% ▕█                 ▏ 1.9 GB/ 21 GB  745 KB/s   7h10m[K[?25h[?2026l[?2026h[?25l[A[1Gpulling manifest [K
pulling 043a363c6ca3:   9% ▕█                 ▏ 1.9 GB/ 21 GB  745 KB/s   7h10m[K[?25h[?2026l[?2026h[?25l[A[1Gpulling manifest [K
pulling 043a363c6ca3:   9% ▕█                 ▏ 1.9 GB/ 21 GB  745 KB/s   7h10m[K[?25h[?2026l[?2026h[?25l[A[1Gpulling manifest [K
pulling 043a363c6ca3:   9% ▕█                 ▏ 1.9 GB/ 21 GB  745 KB/s   7h10m[K[?25h[?2026l[?2026h[?25l[A[1Gpulling manifest [K
pulling 043a363c6ca3:   9% ▕█                 ▏ 1.9 GB/ 21 GB  1.0 MB/s   5h16m[K[?25h[?2026l[?2026h[?25l[A[1Gpulling manifest [K
pulling 043a363c6ca3:   9% ▕█                 ▏ 1.9 GB/ 21 GB  1.0 MB/s   5h15m[K[?25h[?2026l[?2026h[?25l[A[1Gpulling manifest [K
pulling 043a363c6ca3:   9% ▕█                 ▏ 1.9 GB/ 21 GB  1.0 MB/s   5h15m[K[?25h[?2026l[?2026h[?25l[A[1Gpulling manifest [K
pulling 043a363c6ca3:   9% ▕█                 ▏ 1.9 GB/ 21 GB  1.4 MB/s   3h55m[K[?25h[?2026l[?2026h[?25l[A[1Gpulling manifest [K
pulling 043a363c6ca3:   9% ▕█                 ▏ 1.9 GB/ 21 GB  1.4 MB/s   3h55m[K[?25h[?2026l[?2026h[?25l[A[1Gpulling manifest [K
pulling 043a363c6ca3:   9% ▕█                 ▏ 1.9 GB/ 21 GB  1.4 MB/s   3h55m[K[?25h[?2026l[?2026h[?25l[A[1Gpulling manifest [K
pulling 043a363c6ca3:   9% ▕█                 ▏ 1.9 GB/ 21 GB  1.3 MB/s    4h5m[K[?25h[?2026l[?2026h[?25l[A[1Gpulling manifest [K
pulling 043a363c6ca3:   9% ▕█                 ▏ 1.9 GB/ 21 GB  1.3 MB/s    4h5m[K[?25h[?2026l[?2026h[?25l[A[1Gpulling manifest [K
pulling 043a363c6ca3:   9% ▕█                 ▏ 1.9 GB/ 21 GB  1.3 MB/s    4h5m[K[?25h[?2026l[?2026h[?25l[A[1Gpulling manifest [K
pulling 043a363c6ca3:   9% ▕█                 ▏ 1.9 GB/ 21 GB  1.3 MB/s    4h8m[K[?25h[?2026l[?2026h[?25l[A[1Gpulling manifest [K
pulling 043a363c6ca3:   9% ▕█                 ▏ 1.9 GB/ 21 GB  1.3 MB/s    4h3m[K[?25h[?2026l[?2026h[?25l[A[1Gpulling manifest [K
pulling 043a363c6ca3:   9% ▕█                 ▏ 1.9 GB/ 21 GB  1.2 MB/s   4h36m[K[?25h[?2026l[?2026h[?25l[A[1Gpulling manifest [K
pulling 043a363c6ca3:   9% ▕█                 ▏ 1.9 GB/ 21 GB  1.1 MB/s    5h2m[K[?25h[?2026l[?2026h[?25l[A[1Gpulling manifest [K
pulling 043a363c6ca3:   9% ▕█                 ▏ 1.9 GB/ 21 GB  1.1 MB/s    5h2m[K[?25h[?2026l[?2026h[?25l[A[1Gpulling manifest [K
pulling 043a363c6ca3:   9% ▕█                 ▏ 1.9 GB/ 21 GB  1.0 MB/s   5h17m[K[?25h[?2026l[?2026h[?25l[A[1Gpulling manifest [K
pulling 043a363c6ca3:   9% ▕█                 ▏ 1.9 GB/ 21 GB  1.0 MB/s   5h17m[K[?25h[?2026l[?2026h[?25l[A[1Gpulling manifest [K
pulling 043a363c6ca3:   8% ▕█                 ▏ 1.7 GB/ 21 GB  1.0 MB/s   5h20m[K[?25h[?2026l[?2026h[?25l[A[1Gpulling manifest [K
pulling 043a363c6ca3:   8% ▕█                 ▏ 1.7 GB/ 21 GB                  [K[?25h[?2026l[?2026h[?25l[A[1Gpulling manifest [K
pulling 043a363c6ca3:   8% ▕█                 ▏ 1.7 GB/ 21 GB                  [K[?25h[?2026l[?2026h[?25l[A[1Gpulling manifest [K
pulling 043a363c6ca3:   8% ▕█                 ▏ 1.7 GB/ 21 GB                  [K[?25h[?2026l[?2026h[?25l[A[1Gpulling manifest [K
pulling 043a363c6ca3:   8% ▕█                 ▏ 1.7 GB/ 21 GB                  [K[?25h[?2026l[?2026h[?25l[A[1Gpulling manifest [K
pulling 043a363c6ca3:   8% ▕█                 ▏ 1.7 GB/ 21 GB                  [K[?25h[?2026l[?2026h[?25l[A[1Gpulling manifest [K
pulling 043a363c6ca3:   8% ▕█                 ▏ 1.7 GB/ 21 GB                  [K[?25h[?2026l[?2026h[?25l[A[1Gpulling manifest [K
pulling 043a363c6ca3:   8% ▕█                 ▏ 1.7 GB/ 21 GB                  [K[?25h[?2026l[?2026h[?25l[A[1Gpulling manifest [K
pulling 043a363c6ca3:   8% ▕█                 ▏ 1.7 GB/ 21 GB                  [K[?25h[?2026l[?2026h[?25l[A[1Gpulling manifest [K
pulling 043a363c6ca3:   8% ▕█                 ▏ 1.7 GB/ 21 GB                  [K[?25h[?2026l[?2026h[?25l[A[1Gpulling manifest [K
pulling 043a363c6ca3:   8% ▕█                 ▏ 1.7 GB/ 21 GB                  [K[?25h[?2026l[?2026h[?25l[A[1Gpulling manifest [K
pulling 043a363c6ca3:   8% ▕█                 ▏ 1.7 GB/ 21 GB                  [K[?25h[?2026l[?2026h[?25l[A[1Gpulling manifest [K
pulling 043a363c6ca3:   8% ▕█                 ▏ 1.7 GB/ 21 GB                  [K[?25h[?2026l[?2026h[?25l[A[1Gpulling manifest [K
pulling 043a363c6ca3:   8% ▕█                 ▏ 1.7 GB/ 21 GB                  [K[?25h[?2026l[?2026h[?25l[A[1Gpulling manifest [K
pulling 043a363c6ca3:   8% ▕█                 ▏ 1.7 GB/ 21 GB                  [K[?25h[?2026l[?2026h[?25l[A[1Gpulling manifest [K
pulling 043a363c6ca3:   8% ▕█                 ▏ 1.7 GB/ 21 GB                  [K[?25h[?2026l[?2026h[?25l[A[1Gpulling manifest [K
pulling 043a363c6ca3:   8% ▕█                 ▏ 1.7 GB/ 21 GB                  [K[?25h[?2026l[?2026h[?25l[A[1Gpulling manifest [K
pulling 043a363c6ca3:   8% ▕█                 ▏ 1.7 GB/ 21 GB                  [K[?25h[?2026l[?2026h[?25l[A[1Gpulling manifest [K
pulling 043a363c6ca3:   8% ▕█                 ▏ 1.7 GB/ 21 GB                  [K[?25h[?2026l[?2026h[?25l[A[1Gpulling manifest [K
pulling 043a363c6ca3:   8% ▕█                 ▏ 1.7 GB/ 21 GB                  [K[?25h[?2026l[?2026h[?25l[A[1Gpulling manifest [K
pulling 043a363c6ca3:   8% ▕█                 ▏ 1.7 GB/ 21 GB  1.0 MB/s   5h19m[K[?25h[?2026l[?2026h[?25l[A[1Gpulling manifest [K
pulling 043a363c6ca3:   8% ▕█                 ▏ 1.7 GB/ 21 GB  1.0 MB/s   5h19m[K[?25h[?2026l[?2026h[?25l[A[1Gpulling manifest [K
pulling 043a363c6ca3:   8% ▕█                 ▏ 1.7 GB/ 21 GB  1.0 MB/s   5h18m[K[?25h[?2026l[?2026h[?25l[A[1Gpulling manifest [K
pulling 043a363c6ca3:   8% ▕█                 ▏ 1.7 GB/ 21 GB  819 KB/s   6h34m[K[?25h[?2026l[?2026h[?25l[A[1Gpulling manifest [K
pulling 043a363c6ca3:   8% ▕█                 ▏ 1.7 GB/ 21 GB  743 KB/s   7h15m[K[?25h[?2026l[?2026h[?25l[A[1Gpulling manifest [K
pulling 043a363c6ca3:   8% ▕█                 ▏ 1.7 GB/ 21 GB  743 KB/s   7h15m[K[?25h[?2026l[?2026h[?25l[A[1Gpulling manifest [K
pulling 043a363c6ca3:   8% ▕█                 ▏ 1.7 GB/ 21 GB  743 KB/s   7h15m[K[?25h[?2026l[?2026h[?25l[A[1Gpulling manifest [K
pulling 043a363c6ca3:   8% ▕█                 ▏ 1.7 GB/ 21 GB  717 KB/s   7h31m[K[?25h[?2026l[?2026h[?25l[A[1Gpulling manifest [K
pulling 043a363c6ca3:   8% ▕█                 ▏ 1.7 GB/ 21 GB  717 KB/s   7h31m[K[?25h[?2026l[?2026h[?25l[A[1Gpulling manifest [K
pulling 043a363c6ca3:   8% ▕█                 ▏ 1.7 GB/ 21 GB  761 KB/s    7h5m[K[?25h[?2026l[?2026h[?25l[A[1Gpulling manifest [K
pulling 043a363c6ca3:   8% ▕█                 ▏ 1.7 GB/ 21 GB  761 KB/s    7h5m[K[?25h[?2026l[?2026h[?25l[A[1Gpulling manifest [K
pulling 043a363c6ca3:   8% ▕█                 ▏ 1.7 GB/ 21 GB  1.1 MB/s    5h4m[K[?25h[?2026l[?2026h[?25l[A[1Gpulling manifest [K
pulling 043a363c6ca3:   8% ▕█                 ▏ 1.7 GB/ 21 GB  1.1 MB/s    5h4m[K[?25h[?2026l[?2026h[?25l[A[1Gpulling manifest [K
pulling 043a363c6ca3:   8% ▕█                 ▏ 1.7 GB/ 21 GB  1.1 MB/s    5h4m[K[?25h[?2026l[?2026h[?25l[A[1Gpulling manifest [K
pulling 043a363c6ca3:   8% ▕█                 ▏ 1.7 GB/ 21 GB  1.1 MB/s   4h56m[K[?25h[?2026l[?2026h[?25l[A[1Gpulling manifest [K
pulling 043a363c6ca3:   8% ▕█                 ▏ 1.7 GB/ 21 GB  1.1 MB/s   4h56m[K[?25h[?2026l[?2026h[?25l[A[1Gpulling manifest [K
pulling 043a363c6ca3:   8% ▕█                 ▏ 1.7 GB/ 21 GB  1.3 MB/s    4h6m[K[?25h[?2026l[?2026h[?25l[A[1Gpulling manifest [K
pulling 043a363c6ca3:   8% ▕█                 ▏ 1.7 GB/ 21 GB  1.3 MB/s    4h6m[K[?25h[?2026l[?2026h[?25l[A[1Gpulling manifest [K
pulling 043a363c6ca3:   8% ▕█                 ▏ 1.7 GB/ 21 GB  1.0 MB/s   5h17m[K[?25h[?2026l[?2026h[?25l[A[1Gpulling manifest [K
pulling 043a363c6ca3:   8% ▕█                 ▏ 1.7 GB/ 21 GB  1.0 MB/s   5h17m[K[?25h[?2026l[?2026h[?25l[A[1Gpulling manifest [K
pulling 043a363c6ca3:   8% ▕█                 ▏ 1.7 GB/ 21 GB  1.0 MB/s   5h17m[K[?25h[?2026l[?2026h[?25l[A[1Gpulling manifest [K
pulling 043a363c6ca3:   8% ▕█                 ▏ 1.7 GB/ 21 GB  1.1 MB/s   4h49m[K[?25h[?2026l[?2026h[?25l[A[1Gpulling manifest [K
pulling 043a363c6ca3:   8% ▕█                 ▏ 1.7 GB/ 21 GB  1.1 MB/s   4h49m[K[?25h[?2026l[?2026h[?25l[A[1Gpulling manifest [K
pulling 043a363c6ca3:   8% ▕█                 ▏ 1.7 GB/ 21 GB  1.2 MB/s   4h20m[K[?25h[?2026l[?2026h[?25l[A[1Gpulling manifest [K
pulling 043a363c6ca3:   8% ▕█                 ▏ 1.7 GB/ 21 GB  1.2 MB/s   4h20m[K[?25h[?2026l[?2026h[?25l[A[1Gpulling manifest [K
pulling 043a363c6ca3:   8% ▕█                 ▏ 1.8 GB/ 21 GB  1.4 MB/s   3h54m[K[?25h[?2026l[?2026h[?25l[A[1Gpulling manifest [K
pulling 043a363c6ca3:   8% ▕█                 ▏ 1.8 GB/ 21 GB  1.4 MB/s   3h46m[K[?25h[?2026l[?2026h[?25l[A[1Gpulling manifest [K
pulling 043a363c6ca3:   8% ▕█                 ▏ 1.8 GB/ 21 GB  1.4 MB/s   3h46m[K[?25h[?2026l[?2026h[?25l[A[1Gpulling manifest [K
pulling 043a363c6ca3:   8% ▕█                 ▏ 1.8 GB/ 21 GB  1.4 MB/s   3h46m[K[?25h[?2026l[?2026h[?25l[A[1Gpulling manifest [K
pulling 043a363c6ca3:   8% ▕█                 ▏ 1.8 GB/ 21 GB  1.4 MB/s   3h52m[K[?25h[?2026l[?2026h[?25l[A[1Gpulling manifest [K
pulling 043a363c6ca3:   8% ▕█                 ▏ 1.8 GB/ 21 GB  1.4 MB/s   3h52m[K[?25h[?2026l[?2026h[?25l[A[1Gpulling manifest [K
pulling 043a363c6ca3:   8% ▕█                 ▏ 1.8 GB/ 21 GB  1.3 MB/s   4h12m[K[?25h[?2026l[?2026h[?25l[A[1Gpulling manifest [K
pulling 043a363c6ca3:   8% ▕█                 ▏ 1.8 GB/ 21 GB  1.3 MB/s   4h12m[K[?25h[?2026l[?2026h[?25l[A[1Gpulling manifest [K
pulling 043a363c6ca3:   8% ▕█                 ▏ 1.8 GB/ 21 GB  1.3 MB/s    4h5m[K[?25h[?2026l[?2026h[?25l[A[1Gpulling manifest [K
pulling 043a363c6ca3:   8% ▕█                 ▏ 1.8 GB/ 21 GB  1.3 MB/s    4h5m[K[?25h[?2026l[?2026h[?25l[A[1Gpulling manifest [K
pulling 043a363c6ca3:   8% ▕█                 ▏ 1.8 GB/ 21 GB  1.3 MB/s   4h16m[K[?25h[?2026l[?2026h[?25l[A[1Gpulling manifest [K
pulling 043a363c6ca3:   8% ▕█                 ▏ 1.8 GB/ 21 GB  1.3 MB/s   4h16m[K[?25h[?2026l[?2026h[?25l[A[1Gpulling manifest [K
pulling 043a363c6ca3:   8% ▕█                 ▏ 1.8 GB/ 21 GB  1.2 MB/s   4h33m[K[?25h[?2026l[?2026h[?25l[A[1Gpulling manifest [K
pulling 043a363c6ca3:   8% ▕█                 ▏ 1.8 GB/ 21 GB  1.2 MB/s   4h33m[K[?25h[?2026l[?2026h[?25l[A[1Gpulling manifest [K
pulling 043a363c6ca3:   8% ▕█                 ▏ 1.8 GB/ 21 GB  1.2 MB/s   4h33m[K[?25h[?2026l[?2026h[?25l[A[1Gpulling manifest [K
pulling 043a363c6ca3:   8% ▕█                 ▏ 1.8 GB/ 21 GB  1.2 MB/s   4h36m[K[?25h[?2026l[?2026h[?25l[A[1Gpulling manifest [K
pulling 043a363c6ca3:   8% ▕█                 ▏ 1.8 GB/ 21 GB  1.2 MB/s   4h36m[K[?25h[?2026l[?2026h[?25l[A[1Gpulling manifest [K
pulling 043a363c6ca3:   8% ▕█                 ▏ 1.8 GB/ 21 GB  1.2 MB/s   4h36m[K[?25h[?2026l[?2026h[?25l[A[1Gpulling manifest [K
pulling 043a363c6ca3:   8% ▕█                 ▏ 1.8 GB/ 21 GB  1.1 MB/s   4h51m[K[?25h[?2026l[?2026h[?25l[A[1Gpulling manifest [K
pulling 043a363c6ca3:   8% ▕█                 ▏ 1.8 GB/ 21 GB  1.1 MB/s   4h51m[K[?25h[?2026l[?2026h[?25l[A[1Gpulling manifest [K
pulling 043a363c6ca3:   8% ▕█                 ▏ 1.8 GB/ 21 GB  1.1 MB/s   4h51m[K[?25h[?2026l[?2026h[?25l[A[1Gpulling manifest [K
pulling 043a363c6ca3:   8% ▕█                 ▏ 1.8 GB/ 21 GB  964 KB/s   5h35m[K[?25h[?2026l[?2026h[?25l[A[1Gpulling manifest [K
pulling 043a363c6ca3:   8% ▕█                 ▏ 1.8 GB/ 21 GB  964 KB/s   5h35m[K[?25h[?2026l[?2026h[?25l[A[1Gpulling manifest [K
pulling 043a363c6ca3:   8% ▕█                 ▏ 1.8 GB/ 21 GB  949 KB/s   5h40m[K[?25h[?2026l[?2026h[?25l[A[1Gpulling manifest [K
pulling 043a363c6ca3:   8% ▕█                 ▏ 1.8 GB/ 21 GB  910 KB/s   5h55m[K[?25h[?2026l[?2026h[?25l[A[1Gpulling manifest [K
pulling 043a363c6ca3:   8% ▕█                 ▏ 1.8 GB/ 21 GB  910 KB/s   5h55m[K[?25h[?2026l[?2026h[?25l[A[1Gpulling manifest [K
pulling 043a363c6ca3:   8% ▕█                 ▏ 1.8 GB/ 21 GB  1.3 MB/s    4h3m[K[?25h[?2026l[?2026h[?25l[A[1Gpulling manifest [K
pulling 043a363c6ca3:   8% ▕█                 ▏ 1.8 GB/ 21 GB  1.4 MB/s   3h47m[K[?25h[?2026l[?2026h[?25l[A[1Gpulling manifest [K
pulling 043a363c6ca3:   8% ▕█                 ▏ 1.8 GB/ 21 GB  1.4 MB/s   3h47m[K[?25h[?2026l[?2026h[?25l[A[1Gpulling manifest [K
pulling 043a363c6ca3:   8% ▕█                 ▏ 1.8 GB/ 21 GB  1.3 MB/s    4h1m[K[?25h[?2026l[?2026h[?25l[A[1Gpulling manifest [K
pulling 043a363c6ca3:   8% ▕█                 ▏ 1.8 GB/ 21 GB  1.2 MB/s   4h32m[K[?25h[?2026l[?2026h[?25l[A[1Gpulling manifest [K
pulling 043a363c6ca3:   8% ▕█                 ▏ 1.8 GB/ 21 GB  1.1 MB/s   4h49m[K[?25h[?2026l[?2026h[?25l[A[1Gpulling manifest [K
pulling 043a363c6ca3:   8% ▕█                 ▏ 1.8 GB/ 21 GB  1.1 MB/s   4h50m[K[?25h[?2026l[?2026h[?25l[A[1Gpulling manifest [K
pulling 043a363c6ca3:   8% ▕█                 ▏ 1.8 GB/ 21 GB  1.1 MB/s   4h50m[K[?25h[?2026l[?2026h[?25l[A[1Gpulling manifest [K
pulling 043a363c6ca3:   8% ▕█                 ▏ 1.8 GB/ 21 GB  1.3 MB/s   4h17m[K[?25h[?2026l[?2026h[?25l[A[1Gpulling manifest [K
pulling 043a363c6ca3:   8% ▕█                 ▏ 1.8 GB/ 21 GB  1.3 MB/s    4h9m[K[?25h[?2026l[?2026h[?25l[A[1Gpulling manifest [K
pulling 043a363c6ca3:   8% ▕█                 ▏ 1.8 GB/ 21 GB  1.3 MB/s    4h9m[K[?25h[?2026l[?2026h[?25l[A[1Gpulling manifest [K
pulling 043a363c6ca3:   8% ▕█                 ▏ 1.8 GB/ 21 GB  1.3 MB/s    4h9m[K[?25h[?2026l[?2026h[?25l[A[1Gpulling manifest [K
pulling 043a363c6ca3:   8% ▕█                 ▏ 1.8 GB/ 21 GB  1.3 MB/s   4h11m[K[?25h[?2026l[?2026h[?25l[A[1Gpulling manifest [K
pulling 043a363c6ca3:   8% ▕█                 ▏ 1.8 GB/ 21 GB  460 KB/s  11h41m[K[?25h[?2026l[?2026h[?25l[A[1Gpulling manifest [K
pulling 043a363c6ca3:   8% ▕█                 ▏ 1.8 GB/ 21 GB  460 KB/s  11h41m[K[?25h[?2026l[?2026h[?25l[A[1Gpulling manifest [K
pulling 043a363c6ca3:   8% ▕█                 ▏ 1.8 GB/ 21 GB  339 KB/s  15h50m[K[?25h[?2026l[?2026h[?25l[A[1Gpulling manifest [K
pulling 043a363c6ca3:   8% ▕█                 ▏ 1.8 GB/ 21 GB  339 KB/s  15h50m[K[?25h[?2026l[?2026h[?25l[A[1Gpulling manifest [K
pulling 043a363c6ca3:   8% ▕█                 ▏ 1.8 GB/ 21 GB  339 KB/s  15h50m[K[?25h[?2026l[?2026h[?25l[A[1Gpulling manifest [K
pulling 043a363c6ca3:   8% ▕█                 ▏ 1.8 GB/ 21 GB  359 KB/s  14h59m[K[?25h[?2026l[?2026h[?25l[A[1Gpulling manifest [K
pulling 043a363c6ca3:   8% ▕█                 ▏ 1.8 GB/ 21 GB  363 KB/s  14h49m[K[?25h[?2026l[?2026h[?25l[A[1Gpulling manifest [K
pulling 043a363c6ca3:   8% ▕█                 ▏ 1.8 GB/ 21 GB  348 KB/s  15h27m[K[?25h[?2026l[?2026h[?25l[A[1Gpulling manifest [K
pulling 043a363c6ca3:   8% ▕█                 ▏ 1.8 GB/ 21 GB  348 KB/s  15h27m[K[?25h[?2026l[?2026h[?25l[A[1Gpulling manifest [K
pulling 043a363c6ca3:   8% ▕█                 ▏ 1.8 GB/ 21 GB  382 KB/s   14h5m[K[?25h[?2026l[?2026h[?25l[A[1Gpulling manifest [K
pulling 043a363c6ca3:   8% ▕█                 ▏ 1.8 GB/ 21 GB  326 KB/s  16h31m[K[?25h[?2026l[?2026h[?25l[A[1Gpulling manifest [K
pulling 043a363c6ca3:   8% ▕█                 ▏ 1.8 GB/ 21 GB  326 KB/s  16h30m[K[?25h[?2026l[?2026h[?25l[A[1Gpulling manifest [K
pulling 043a363c6ca3:   8% ▕█                 ▏ 1.8 GB/ 21 GB  375 KB/s  14h20m[K[?25h[?2026l[?2026h[?25l[A[1Gpulling manifest [K
pulling 043a363c6ca3:   8% ▕█                 ▏ 1.8 GB/ 21 GB  375 KB/s  14h20m[K[?25h[?2026l[?2026h[?25l[A[1Gpulling manifest [K
pulling 043a363c6ca3:   8% ▕█                 ▏ 1.8 GB/ 21 GB  457 KB/s  11h46m[K[?25h[?2026l[?2026h[?25l[A[1Gpulling manifest [K
pulling 043a363c6ca3:   8% ▕█                 ▏ 1.8 GB/ 21 GB  457 KB/s  11h46m[K[?25h[?2026l[?2026h[?25l[A[1Gpulling manifest [K
pulling 043a363c6ca3:   8% ▕█                 ▏ 1.8 GB/ 21 GB  501 KB/s  10h43m[K[?25h[?2026l[?2026h[?25l[A[1Gpulling manifest [K
pulling 043a363c6ca3:   8% ▕█                 ▏ 1.8 GB/ 21 GB  501 KB/s  10h43m[K[?25h[?2026l[?2026h[?25l[A[1Gpulling manifest [K
pulling 043a363c6ca3:   8% ▕█                 ▏ 1.8 GB/ 21 GB  489 KB/s  10h59m[K[?25h[?2026l[?2026h[?25l[A[1Gpulling manifest [K
pulling 043a363c6ca3:   8% ▕█                 ▏ 1.8 GB/ 21 GB  489 KB/s  10h59m[K[?25h[?2026l[?2026h[?25l[A[1Gpulling manifest [K
pulling 043a363c6ca3:   8% ▕█                 ▏ 1.8 GB/ 21 GB  510 KB/s  10h32m[K[?25h[?2026l[?2026h[?25l[A[1Gpulling manifest [K
pulling 043a363c6ca3:   8% ▕█                 ▏ 1.8 GB/ 21 GB  510 KB/s  10h32m[K[?25h[?2026l[?2026h[?25l[A[1Gpulling manifest [K
pulling 043a363c6ca3:   8% ▕█                 ▏ 1.8 GB/ 21 GB  534 KB/s   10h4m[K[?25h[?2026l[?2026h[?25l[A[1Gpulling manifest [K
pulling 043a363c6ca3:   8% ▕█                 ▏ 1.8 GB/ 21 GB  491 KB/s  10h57m[K[?25h[?2026l[?2026h[?25l[A[1Gpulling manifest [K
pulling 043a363c6ca3:   8% ▕█                 ▏ 1.8 GB/ 21 GB  528 KB/s  10h11m[K[?25h[?2026l[?2026h[?25l[A[1Gpulling manifest [K
pulling 043a363c6ca3:   8% ▕█                 ▏ 1.8 GB/ 21 GB  488 KB/s   11h1m[K[?25h[?2026l[?2026h[?25l[A[1Gpulling manifest [K
pulling 043a363c6ca3:   8% ▕█                 ▏ 1.8 GB/ 21 GB  406 KB/s  13h13m[K[?25h[?2026l[?2026h[?25l[A[1Gpulling manifest [K
pulling 043a363c6ca3:   8% ▕█                 ▏ 1.8 GB/ 21 GB  391 KB/s  13h44m[K[?25h[?2026l[?2026h[?25l[A[1Gpulling manifest [K
pulling 043a363c6ca3:   8% ▕█                 ▏ 1.8 GB/ 21 GB  375 KB/s  14h20m[K[?25h[?2026l[?2026h[?25l[A[1Gpulling manifest [K
pulling 043a363c6ca3:   8% ▕█                 ▏ 1.8 GB/ 21 GB  329 KB/s  16h21m[K[?25h[?2026l[?2026h[?25l[A[1Gpulling manifest [K
pulling 043a363c6ca3:   8% ▕█                 ▏ 1.8 GB/ 21 GB  379 KB/s  14h11m[K[?25h[?2026l[?2026h[?25l[A[1Gpulling manifest [K
pulling 043a363c6ca3:   8% ▕█                 ▏ 1.8 GB/ 21 GB  285 KB/s  18h51m[K[?25h[?2026l[?2026h[?25l[A[1Gpulling manifest [K
pulling 043a363c6ca3:   8% ▕█                 ▏ 1.8 GB/ 21 GB  248 KB/s  21h38m[K[?25h[?2026l[?2026h[?25l[A[1Gpulling manifest [K
pulling 043a363c6ca3:   8% ▕█                 ▏ 1.8 GB/ 21 GB  292 KB/s  18h25m[K[?25h[?2026l[?2026h[?25l[A[1Gpulling manifest [K
pulling 043a363c6ca3:   8% ▕█                 ▏ 1.8 GB/ 21 GB  292 KB/s  18h25m[K[?25h[?2026l[?2026h[?25l[A[1Gpulling manifest [K
pulling 043a363c6ca3:   8% ▕█                 ▏ 1.8 GB/ 21 GB  292 KB/s  18h25m[K[?25h[?2026l[?2026h[?25l[A[1Gpulling manifest [K
pulling 043a363c6ca3:   8% ▕█                 ▏ 1.8 GB/ 21 GB  292 KB/s  18h25m[K[?25h[?2026l[?2026h[?25l[A[1Gpulling manifest [K
pulling 043a363c6ca3:   8% ▕█                 ▏ 1.8 GB/ 21 GB  309 KB/s  17h24m[K[?25h[?2026l[?2026h[?25l[A[1Gpulling manifest [K
pulling 043a363c6ca3:   8% ▕█                 ▏ 1.8 GB/ 21 GB  309 KB/s  17h24m[K[?25h[?2026l[?2026h[?25l[A[1Gpulling manifest [K
pulling 043a363c6ca3:   8% ▕█                 ▏ 1.8 GB/ 21 GB  323 KB/s  16h37m[K[?25h[?2026l[?2026h[?25l[A[1Gpulling manifest [K
pulling 043a363c6ca3:   8% ▕█                 ▏ 1.8 GB/ 21 GB  323 KB/s  16h37m[K[?25h[?2026l[?2026h[?25l[A[1Gpulling manifest [K
pulling 043a363c6ca3:   8% ▕█                 ▏ 1.8 GB/ 21 GB  394 KB/s  13h37m[K[?25h[?2026l[?2026h[?25l[A[1Gpulling manifest [K
pulling 043a363c6ca3:   8% ▕█                 ▏ 1.8 GB/ 21 GB  458 KB/s  11h44m[K[?25h[?2026l[?2026h[?25l[A[1Gpulling manifest [K
pulling 043a363c6ca3:   8% ▕█                 ▏ 1.8 GB/ 21 GB  458 KB/s  11h44m[K[?25h[?2026l[?2026h[?25l[A[1Gpulling manifest [K
pulling 043a363c6ca3:   8% ▕█                 ▏ 1.8 GB/ 21 GB  504 KB/s  10h39m[K[?25h[?2026l[?2026h[?25l[A[1Gpulling manifest [K
pulling 043a363c6ca3:   8% ▕█                 ▏ 1.8 GB/ 21 GB  542 KB/s   9h55m[K[?25h[?2026l[?2026h[?25l[A[1Gpulling manifest [K
pulling 043a363c6ca3:   8% ▕█                 ▏ 1.8 GB/ 21 GB  542 KB/s   9h55m[K[?25h[?2026l[?2026h[?25l[A[1Gpulling manifest [K
pulling 043a363c6ca3:   8% ▕█                 ▏ 1.8 GB/ 21 GB  587 KB/s    9h9m[K[?25h[?2026l[?2026h[?25l[A[1Gpulling manifest [K
pulling 043a363c6ca3:   8% ▕█                 ▏ 1.8 GB/ 21 GB  579 KB/s   9h16m[K[?25h[?2026l[?2026h[?25l[A[1Gpulling manifest [K
pulling 043a363c6ca3:   8% ▕█                 ▏ 1.8 GB/ 21 GB  594 KB/s    9h3m[K[?25h[?2026l[?2026h[?25l[A[1Gpulling manifest [K
pulling 043a363c6ca3:   8% ▕█                 ▏ 1.8 GB/ 21 GB  594 KB/s    9h2m[K[?25h[?2026l[?2026h[?25l[A[1Gpulling manifest [K
pulling 043a363c6ca3:   8% ▕█                 ▏ 1.8 GB/ 21 GB  674 KB/s   7h58m[K[?25h[?2026l[?2026h[?25l[A[1Gpulling manifest [K
pulling 043a363c6ca3:   8% ▕█                 ▏ 1.8 GB/ 21 GB  681 KB/s   7h53m[K[?25h[?2026l[?2026h[?25l[A[1Gpulling manifest [K
pulling 043a363c6ca3:   8% ▕█                 ▏ 1.8 GB/ 21 GB  681 KB/s   7h53m[K[?25h[?2026l[?2026h[?25l[A[1Gpulling manifest [K
pulling 043a363c6ca3:   8% ▕█                 ▏ 1.8 GB/ 21 GB  681 KB/s   7h53m[K[?25h[?2026l[?2026h[?25l[A[1Gpulling manifest [K
pulling 043a363c6ca3:   8% ▕█                 ▏ 1.8 GB/ 21 GB  720 KB/s   7h28m[K[?25h[?2026l[?2026h[?25l[A[1Gpulling manifest [K
pulling 043a363c6ca3:   8% ▕█                 ▏ 1.8 GB/ 21 GB  675 KB/s   7h57m[K[?25h[?2026l[?2026h[?25l[A[1Gpulling manifest [K
pulling 043a363c6ca3:   8% ▕█                 ▏ 1.8 GB/ 21 GB  746 KB/s   7h12m[K[?25h[?2026l[?2026h[?25l[A[1Gpulling manifest [K
pulling 043a363c6ca3:   8% ▕█                 ▏ 1.8 GB/ 21 GB  746 KB/s   7h12m[K[?25h[?2026l[?2026h[?25l[A[1Gpulling manifest [K
pulling 043a363c6ca3:   8% ▕█                 ▏ 1.8 GB/ 21 GB  731 KB/s   7h20m[K[?25h[?2026l[?2026h[?25l[A[1Gpulling manifest [K
pulling 043a363c6ca3:   8% ▕█                 ▏ 1.8 GB/ 21 GB  731 KB/s   7h20m[K[?25h[?2026l[?2026h[?25l[A[1Gpulling manifest [K
pulling 043a363c6ca3:   8% ▕█                 ▏ 1.8 GB/ 21 GB  660 KB/s    8h8m[K[?25h[?2026l[?2026h[?25l[A[1Gpulling manifest [K
pulling 043a363c6ca3:   8% ▕█                 ▏ 1.8 GB/ 21 GB  660 KB/s    8h8m[K[?25h[?2026l[?2026h[?25l[A[1Gpulling manifest [K
pulling 043a363c6ca3:   8% ▕█                 ▏ 1.8 GB/ 21 GB  640 KB/s   8h23m[K[?25h[?2026l[?2026h[?25l[A[1Gpulling manifest [K
pulling 043a363c6ca3:   8% ▕█                 ▏ 1.8 GB/ 21 GB  640 KB/s   8h23m[K[?25h[?2026l[?2026h[?25l[A[1Gpulling manifest [K
pulling 043a363c6ca3:   8% ▕█                 ▏ 1.8 GB/ 21 GB  640 KB/s   8h23m[K[?25h[?2026l[?2026h[?25l[A[1Gpulling manifest [K
pulling 043a363c6ca3:   8% ▕█                 ▏ 1.8 GB/ 21 GB  533 KB/s   10h4m[K[?25h[?2026l[?2026h[?25l[A[1Gpulling manifest [K
pulling 043a363c6ca3:   8% ▕█                 ▏ 1.8 GB/ 21 GB  533 KB/s   10h4m[K[?25h[?2026l[?2026h[?25l[A[1Gpulling manifest [K
pulling 043a363c6ca3:   8% ▕█                 ▏ 1.8 GB/ 21 GB  577 KB/s   9h19m[K[?25h[?2026l[?2026h[?25l[A[1Gpulling manifest [K
pulling 043a363c6ca3:   8% ▕█                 ▏ 1.8 GB/ 21 GB  666 KB/s    8h4m[K[?25h[?2026l[?2026h[?25l[A[1Gpulling manifest [K
pulling 043a363c6ca3:   9% ▕█                 ▏ 1.8 GB/ 21 GB  666 KB/s    8h4m[K[?25h[?2026l[?2026h[?25l[A[1Gpulling manifest [K
pulling 043a363c6ca3:   9% ▕█                 ▏ 1.8 GB/ 21 GB  608 KB/s   8h50m[K[?25h[?2026l[?2026h[?25l[A[1Gpulling manifest [K
pulling 043a363c6ca3:   9% ▕█                 ▏ 1.8 GB/ 21 GB  557 KB/s   9h39m[K[?25h[?2026l[?2026h[?25l[A[1Gpulling manifest [K
pulling 043a363c6ca3:   9% ▕█                 ▏ 1.8 GB/ 21 GB  557 KB/s   9h39m[K[?25h[?2026l[?2026h[?25l[A[1Gpulling manifest [K
pulling 043a363c6ca3:   9% ▕█                 ▏ 1.8 GB/ 21 GB  507 KB/s  10h35m[K[?25h[?2026l[?2026h[?25l[A[1Gpulling manifest [K
pulling 043a363c6ca3:   9% ▕█                 ▏ 1.8 GB/ 21 GB  491 KB/s  10h56m[K[?25h[?2026l[?2026h[?25l[A[1Gpulling manifest [K
pulling 043a363c6ca3:   9% ▕█                 ▏ 1.8 GB/ 21 GB  480 KB/s  11h11m[K[?25h[?2026l[?2026h[?25l[A[1Gpulling manifest [K
pulling 043a363c6ca3:   9% ▕█                 ▏ 1.8 GB/ 21 GB  420 KB/s  12h47m[K[?25h[?2026l[?2026h[?25l[A[1Gpulling manifest [K
pulling 043a363c6ca3:   9% ▕█                 ▏ 1.8 GB/ 21 GB  450 KB/s  11h56m[K[?25h[?2026l[?2026h[?25l[A[1Gpulling manifest [K
pulling 043a363c6ca3:   9% ▕█                 ▏ 1.8 GB/ 21 GB  450 KB/s  11h56m[K[?25h[?2026l[?2026h[?25l[A[1Gpulling manifest [K
pulling 043a363c6ca3:   9% ▕█                 ▏ 1.8 GB/ 21 GB  424 KB/s  12h39m[K[?25h[?2026l[?2026h[?25l[A[1Gpulling manifest [K
pulling 043a363c6ca3:   9% ▕█                 ▏ 1.8 GB/ 21 GB  395 KB/s  13h35m[K[?25h[?2026l[?2026h[?25l[A[1Gpulling manifest [K
pulling 043a363c6ca3:   9% ▕█                 ▏ 1.8 GB/ 21 GB  353 KB/s  15h12m[K[?25h[?2026l[?2026h[?25l[A[1Gpulling manifest [K
pulling 043a363c6ca3:   9% ▕█                 ▏ 1.8 GB/ 21 GB  461 KB/s  11h39m[K[?25h[?2026l[?2026h[?25l[A[1Gpulling manifest [K
pulling 043a363c6ca3:   9% ▕█                 ▏ 1.8 GB/ 21 GB  486 KB/s   11h3m[K[?25h[?2026l[?2026h[?25l[A[1Gpulling manifest [K
pulling 043a363c6ca3:   9% ▕█                 ▏ 1.8 GB/ 21 GB  646 KB/s   8h18m[K[?25h[?2026l[?2026h[?25l[A[1Gpulling manifest [K
pulling 043a363c6ca3:   8% ▕█                 ▏ 1.7 GB/ 21 GB                  [K[?25h[?2026l[?2026h[?25l[A[1Gpulling manifest [K
pulling 043a363c6ca3:   8% ▕█                 ▏ 1.7 GB/ 21 GB                  [K[?25h[?2026l[?2026h[?25l[A[1Gpulling manifest [K
pulling 043a363c6ca3:   8% ▕█                 ▏ 1.7 GB/ 21 GB                  [K[?25h[?2026l[?2026h[?25l[A[1Gpulling manifest [K
pulling 043a363c6ca3:   8% ▕█                 ▏ 1.7 GB/ 21 GB                  [K[?25h[?2026l[?2026h[?25l[A[1Gpulling manifest [K
pulling 043a363c6ca3:   8% ▕█                 ▏ 1.7 GB/ 21 GB                  [K[?25h[?2026l[?2026h[?25l[A[1Gpulling manifest [K
pulling 043a363c6ca3:   8% ▕█                 ▏ 1.7 GB/ 21 GB                  [K[?25h[?2026l[?2026h[?25l[A[1Gpulling manifest [K
pulling 043a363c6ca3:   8% ▕█                 ▏ 1.7 GB/ 21 GB                  [K[?25h[?2026l[?2026h[?25l[A[1Gpulling manifest [K
pulling 043a363c6ca3:   8% ▕█                 ▏ 1.7 GB/ 21 GB                  [K[?25h[?2026l[?2026h[?25l[A[1Gpulling manifest [K
pulling 043a363c6ca3:   8% ▕█                 ▏ 1.7 GB/ 21 GB                  [K[?25h[?2026l[?2026h[?25l[A[1Gpulling manifest [K
pulling 043a363c6ca3:   8% ▕█                 ▏ 1.7 GB/ 21 GB                  [K[?25h[?2026l[?2026h[?25l[A[1Gpulling manifest [K
pulling 043a363c6ca3:   8% ▕█                 ▏ 1.7 GB/ 21 GB                  [K[?25h[?2026l[?2026h[?25l[A[1Gpulling manifest [K
pulling 043a363c6ca3:   8% ▕█                 ▏ 1.7 GB/ 21 GB                  [K[?25h[?2026l[?2026h[?25l[A[1Gpulling manifest [K
pulling 043a363c6ca3:   8% ▕█                 ▏ 1.7 GB/ 21 GB                  [K[?25h[?2026l[?2026h[?25l[A[1Gpulling manifest [K
pulling 043a363c6ca3:   8% ▕█                 ▏ 1.7 GB/ 21 GB  880 KB/s    6h7m[K[?25h[?2026l[?2026h[?25l[A[1Gpulling manifest [K
pulling 043a363c6ca3:   8% ▕█                 ▏ 1.7 GB/ 21 GB  880 KB/s    6h7m[K[?25h[?2026l[?2026h[?25l[A[1Gpulling manifest [K
pulling 043a363c6ca3:   8% ▕█                 ▏ 1.7 GB/ 21 GB  623 KB/s   8h39m[K[?25h[?2026l[?2026h[?25l[A[1Gpulling manifest [K
pulling 043a363c6ca3:   8% ▕█                 ▏ 1.7 GB/ 21 GB  623 KB/s   8h39m[K[?25h[?2026l[?2026h[?25l[A[1Gpulling manifest [K
pulling 043a363c6ca3:   8% ▕█                 ▏ 1.7 GB/ 21 GB  623 KB/s   8h39m[K[?25h[?2026l[?2026h[?25l[A[1Gpulling manifest [K
pulling 043a363c6ca3:   8% ▕█                 ▏ 1.7 GB/ 21 GB  677 KB/s   7h57m[K[?25h[?2026l[?2026h[?25l[A[1Gpulling manifest [K
pulling 043a363c6ca3:   8% ▕█                 ▏ 1.7 GB/ 21 GB  661 KB/s    8h9m[K[?25h[?2026l[?2026h[?25l[A[1Gpulling manifest [K
pulling 043a363c6ca3:   8% ▕█                 ▏ 1.7 GB/ 21 GB  661 KB/s    8h9m[K[?25h[?2026l[?2026h[?25l[A[1Gpulling manifest [K
pulling 043a363c6ca3:   8% ▕█                 ▏ 1.7 GB/ 21 GB  701 KB/s   7h41m[K[?25h[?2026l[?2026h[?25l[A[1Gpulling manifest [K
pulling 043a363c6ca3:   8% ▕█                 ▏ 1.7 GB/ 21 GB  727 KB/s   7h24m[K[?25h[?2026l[?2026h[?25l[A[1Gpulling manifest [K
pulling 043a363c6ca3:   8% ▕█                 ▏ 1.7 GB/ 21 GB  727 KB/s   7h24m[K[?25h[?2026l[?2026h[?25l[A[1Gpulling manifest [K
pulling 043a363c6ca3:   8% ▕█                 ▏ 1.7 GB/ 21 GB  727 KB/s   7h24m[K[?25h[?2026l[?2026h[?25l[A[1Gpulling manifest [K
pulling 043a363c6ca3:   8% ▕█                 ▏ 1.7 GB/ 21 GB  721 KB/s   7h28m[K[?25h[?2026l[?2026h[?25l[A[1Gpulling manifest [K
pulling 043a363c6ca3:   8% ▕█                 ▏ 1.7 GB/ 21 GB  721 KB/s   7h28m[K[?25h[?2026l[?2026h[?25l[A[1Gpulling manifest [K
pulling 043a363c6ca3:   8% ▕█                 ▏ 1.7 GB/ 21 GB  827 KB/s   6h31m[K[?25h[?2026l[?2026h[?25l[A[1Gpulling manifest [K
pulling 043a363c6ca3:   8% ▕█                 ▏ 1.7 GB/ 21 GB  827 KB/s   6h31m[K[?25h[?2026l[?2026h[?25l[A[1Gpulling manifest [K
pulling 043a363c6ca3:   8% ▕█                 ▏ 1.7 GB/ 21 GB  869 KB/s   6h12m[K[?25h[?2026l[?2026h[?25l[A[1Gpulling manifest [K
pulling 043a363c6ca3:   8% ▕█                 ▏ 1.7 GB/ 21 GB  869 KB/s   6h12m[K[?25h[?2026l[?2026h[?25l[A[1Gpulling manifest [K
pulling 043a363c6ca3:   8% ▕█                 ▏ 1.7 GB/ 21 GB  770 KB/s   6h59m[K[?25h[?2026l[?2026h[?25l[A[1Gpulling manifest [K
pulling 043a363c6ca3:   8% ▕█                 ▏ 1.7 GB/ 21 GB  770 KB/s   6h59m[K[?25h[?2026l[?2026h[?25l[A[1Gpulling manifest [K
pulling 043a363c6ca3:   8% ▕█                 ▏ 1.7 GB/ 21 GB  796 KB/s   6h46m[K[?25h[?2026l[?2026h[?25l[A[1Gpulling manifest [K
pulling 043a363c6ca3:   8% ▕█                 ▏ 1.7 GB/ 21 GB  796 KB/s   6h46m[K[?25h[?2026l[?2026h[?25l[A[1Gpulling manifest [K
pulling 043a363c6ca3:   8% ▕█                 ▏ 1.7 GB/ 21 GB  726 KB/s   7h25m[K[?25h[?2026l[?2026h[?25l[A[1Gpulling manifest [K
pulling 043a363c6ca3:   8% ▕█                 ▏ 1.7 GB/ 21 GB  828 KB/s   6h30m[K[?25h[?2026l[?2026h[?25l[A[1Gpulling manifest [K
pulling 043a363c6ca3:   8% ▕█                 ▏ 1.7 GB/ 21 GB  812 KB/s   6h38m[K[?25h[?2026l[?2026h[?25l[A[1Gpulling manifest [K
pulling 043a363c6ca3:   8% ▕█                 ▏ 1.7 GB/ 21 GB  812 KB/s   6h38m[K[?25h[?2026l[?2026h[?25l[A[1Gpulling manifest [K
pulling 043a363c6ca3:   8% ▕█                 ▏ 1.7 GB/ 21 GB  787 KB/s   6h51m[K[?25h[?2026l[?2026h[?25l[A[1Gpulling manifest [K
pulling 043a363c6ca3:   8% ▕█                 ▏ 1.7 GB/ 21 GB  835 KB/s   6h27m[K[?25h[?2026l[?2026h[?25l[A[1Gpulling manifest [K
pulling 043a363c6ca3:   8% ▕█                 ▏ 1.7 GB/ 21 GB  835 KB/s   6h27m[K[?25h[?2026l[?2026h[?25l[A[1Gpulling manifest [K
pulling 043a363c6ca3:   8% ▕█                 ▏ 1.7 GB/ 21 GB  811 KB/s   6h38m[K[?25h[?2026l[?2026h[?25l[A[1Gpulling manifest [K
pulling 043a363c6ca3:   8% ▕█                 ▏ 1.7 GB/ 21 GB  781 KB/s   6h54m[K[?25h[?2026l[?2026h[?25l[A[1Gpulling manifest [K
pulling 043a363c6ca3:   8% ▕█                 ▏ 1.7 GB/ 21 GB  733 KB/s   7h21m[K[?25h[?2026l[?2026h[?25l[A[1Gpulling manifest [K
pulling 043a363c6ca3:   8% ▕█                 ▏ 1.7 GB/ 21 GB  693 KB/s   7h46m[K[?25h[?2026l[?2026h[?25l[A[1Gpulling manifest [K
pulling 043a363c6ca3:   8% ▕█                 ▏ 1.7 GB/ 21 GB  693 KB/s   7h46m[K[?25h[?2026l[?2026h[?25l[A[1Gpulling manifest [K
pulling 043a363c6ca3:   8% ▕█                 ▏ 1.7 GB/ 21 GB  610 KB/s   8h49m[K[?25h[?2026l[?2026h[?25l[A[1Gpulling manifest [K
pulling 043a363c6ca3:   8% ▕█                 ▏ 1.7 GB/ 21 GB  494 KB/s  10h53m[K[?25h[?2026l[?2026h[?25l[A[1Gpulling manifest [K
pulling 043a363c6ca3:   8% ▕█                 ▏ 1.7 GB/ 21 GB  500 KB/s  10h46m[K[?25h[?2026l[?2026h[?25l[A[1Gpulling manifest [K
pulling 043a363c6ca3:   8% ▕█                 ▏ 1.7 GB/ 21 GB  499 KB/s  10h47m[K[?25h[?2026l[?2026h[?25l[A[1Gpulling manifest [K
pulling 043a363c6ca3:   8% ▕█                 ▏ 1.7 GB/ 21 GB  488 KB/s   11h2m[K[?25h[?2026l[?2026h[?25l[A[1Gpulling manifest [K
pulling 043a363c6ca3:   8% ▕█                 ▏ 1.7 GB/ 21 GB  788 KB/s   6h50m[K[?25h[?2026l[?2026h[?25l[A[1Gpulling manifest [K
pulling 043a363c6ca3:   8% ▕█                 ▏ 1.7 GB/ 21 GB  788 KB/s   6h50m[K[?25h[?2026l[?2026h[?25l[A[1Gpulling manifest [K
pulling 043a363c6ca3:   8% ▕█                 ▏ 1.7 GB/ 21 GB  850 KB/s   6h20m[K[?25h[?2026l[?2026h[?25l[A[1Gpulling manifest [K
pulling 043a363c6ca3:   8% ▕█                 ▏ 1.8 GB/ 21 GB  734 KB/s   7h20m[K[?25h[?2026l[?2026h[?25l[A[1Gpulling manifest [K
pulling 043a363c6ca3:   8% ▕█                 ▏ 1.8 GB/ 21 GB  734 KB/s   7h20m[K[?25h[?2026l[?2026h[?25l[A[1Gpulling manifest [K
pulling 043a363c6ca3:   8% ▕█                 ▏ 1.8 GB/ 21 GB  754 KB/s    7h8m[K[?25h[?2026l[?2026h[?25l[A[1Gpulling manifest [K
pulling 043a363c6ca3:   8% ▕█                 ▏ 1.8 GB/ 21 GB  754 KB/s    7h8m[K[?25h[?2026l[?2026h[?25l[A[1Gpulling manifest [K
pulling 043a363c6ca3:   8% ▕█                 ▏ 1.8 GB/ 21 GB  725 KB/s   7h25m[K[?25h[?2026l[?2026h[?25l[A[1Gpulling manifest [K
pulling 043a363c6ca3:   8% ▕█                 ▏ 1.8 GB/ 21 GB  831 KB/s   6h28m[K[?25h[?2026l[?2026h[?25l[A[1Gpulling manifest [K
pulling 043a363c6ca3:   8% ▕█                 ▏ 1.8 GB/ 21 GB  853 KB/s   6h18m[K[?25h[?2026l[?2026h[?25l[A[1Gpulling manifest [K
pulling 043a363c6ca3:   8% ▕█                 ▏ 1.8 GB/ 21 GB  560 KB/s   9h36m[K[?25h[?2026l[?2026h[?25l[A[1Gpulling manifest [K
pulling 043a363c6ca3:   8% ▕█                 ▏ 1.8 GB/ 21 GB  489 KB/s   11h0m[K[?25h[?2026l[?2026h[?25l[A[1Gpulling manifest [K
pulling 043a363c6ca3:   8% ▕█                 ▏ 1.8 GB/ 21 GB  413 KB/s   13h2m[K[?25h[?2026l[?2026h[?25l[A[1Gpulling manifest [K
pulling 043a363c6ca3:   8% ▕█                 ▏ 1.8 GB/ 21 GB  387 KB/s  13h54m[K[?25h[?2026l[?2026h[?25l[A[1Gpulling manifest [K
pulling 043a363c6ca3:   8% ▕█                 ▏ 1.8 GB/ 21 GB  338 KB/s  15h55m[K[?25h[?2026l[?2026h[?25l[A[1Gpulling manifest [K
pulling 043a363c6ca3:   8% ▕█                 ▏ 1.8 GB/ 21 GB  444 KB/s   12h6m[K[?25h[?2026l[?2026h[?25l[A[1Gpulling manifest [K
pulling 043a363c6ca3:   8% ▕█                 ▏ 1.8 GB/ 21 GB  523 KB/s  10h17m[K[?25h[?2026l[?2026h[?25l[A[1Gpulling manifest [K
pulling 043a363c6ca3:   8% ▕█                 ▏ 1.8 GB/ 21 GB  530 KB/s   10h9m[K[?25h[?2026l[?2026h[?25l[A[1Gpulling manifest [K
pulling 043a363c6ca3:   8% ▕█                 ▏ 1.8 GB/ 21 GB  533 KB/s   10h5m[K[?25h[?2026l[?2026h[?25l[A[1Gpulling manifest [K
pulling 043a363c6ca3:   8% ▕█                 ▏ 1.8 GB/ 21 GB  618 KB/s   8h42m[K[?25h[?2026l[?2026h[?25l[A[1Gpulling manifest [K
pulling 043a363c6ca3:   8% ▕█                 ▏ 1.8 GB/ 21 GB  618 KB/s   8h42m[K[?25h[?2026l[?2026h[?25l[A[1Gpulling manifest [K
pulling 043a363c6ca3:   8% ▕█                 ▏ 1.8 GB/ 21 GB  618 KB/s   8h42m[K[?25h[?2026l[?2026h[?25l[A[1Gpulling manifest [K
pulling 043a363c6ca3:   8% ▕█                 ▏ 1.8 GB/ 21 GB  618 KB/s   8h42m[K[?25h[?2026l[?2026h[?25l[A[1Gpulling manifest [K
pulling 043a363c6ca3:   8% ▕█                 ▏ 1.8 GB/ 21 GB  549 KB/s   9h48m[K[?25h[?2026l[?2026h[?25l[A[1Gpulling manifest [K
pulling 043a363c6ca3:   8% ▕█                 ▏ 1.8 GB/ 21 GB  543 KB/s   9h54m[K[?25h[?2026l[?2026h[?25l[A[1Gpulling manifest [K
pulling 043a363c6ca3:   8% ▕█                 ▏ 1.8 GB/ 21 GB  545 KB/s   9h52m[K[?25h[?2026l[?2026h[?25l[A[1Gpulling manifest [K
pulling 043a363c6ca3:   8% ▕█                 ▏ 1.8 GB/ 21 GB  545 KB/s   9h52m[K[?25h[?2026l[?2026h[?25l[A[1Gpulling manifest [K
pulling 043a363c6ca3:   8% ▕█                 ▏ 1.8 GB/ 21 GB  545 KB/s   9h52m[K[?25h[?2026l[?2026h[?25l[A[1Gpulling manifest [K
pulling 043a363c6ca3:   8% ▕█                 ▏ 1.8 GB/ 21 GB  384 KB/s   14h0m[K[?25h[?2026l[?2026h[?25l[A[1Gpulling manifest [K
pulling 043a363c6ca3:   8% ▕█                 ▏ 1.8 GB/ 21 GB  212 KB/s  25h17m[K[?25h[?2026l[?2026h[?25l[A[1Gpulling manifest [K
pulling 043a363c6ca3:   8% ▕█                 ▏ 1.8 GB/ 21 GB  182 KB/s  29h35m[K[?25h[?2026l[?2026h[?25l[A[1Gpulling manifest [K
pulling 043a363c6ca3:   8% ▕█                 ▏ 1.8 GB/ 21 GB  118 KB/s  45h31m[K[?25h[?2026l[?2026h[?25l[A[1Gpulling manifest [K
pulling 043a363c6ca3:   8% ▕█                 ▏ 1.8 GB/ 21 GB  132 KB/s  40h32m[K[?25h[?2026l[?2026h[?25l[A[1Gpulling manifest [K
pulling 043a363c6ca3:   8% ▕█                 ▏ 1.8 GB/ 21 GB  136 KB/s  39h27m[K[?25h[?2026l[?2026h[?25l[A[1Gpulling manifest [K
pulling 043a363c6ca3:   8% ▕█                 ▏ 1.8 GB/ 21 GB  225 KB/s  23h54m[K[?25h[?2026l[?2026h[?25l[A[1Gpulling manifest [K
pulling 043a363c6ca3:   8% ▕█                 ▏ 1.8 GB/ 21 GB  245 KB/s  21h57m[K[?25h[?2026l[?2026h[?25l[A[1Gpulling manifest [K
pulling 043a363c6ca3:   8% ▕█                 ▏ 1.8 GB/ 21 GB  245 KB/s  21h57m[K[?25h[?2026l[?2026h[?25l[A[1Gpulling manifest [K
pulling 043a363c6ca3:   8% ▕█                 ▏ 1.8 GB/ 21 GB  245 KB/s  21h57m[K[?25h[?2026l[?2026h[?25l[A[1Gpulling manifest [K
pulling 043a363c6ca3:   8% ▕█                 ▏ 1.8 GB/ 21 GB  357 KB/s   15h4m[K[?25h[?2026l[?2026h[?25l[A[1Gpulling manifest [K
pulling 043a363c6ca3:   8% ▕█                 ▏ 1.8 GB/ 21 GB  362 KB/s  14h51m[K[?25h[?2026l[?2026h[?25l[A[1Gpulling manifest [K
pulling 043a363c6ca3:   8% ▕█                 ▏ 1.8 GB/ 21 GB  480 KB/s  11h12m[K[?25h[?2026l[?2026h[?25l[A[1Gpulling manifest [K
pulling 043a363c6ca3:   8% ▕█                 ▏ 1.8 GB/ 21 GB  480 KB/s  11h12m[K[?25h[?2026l[?2026h[?25l[A[1Gpulling manifest [K
pulling 043a363c6ca3:   8% ▕█                 ▏ 1.8 GB/ 21 GB  506 KB/s  10h37m[K[?25h[?2026l[?2026h[?25l[A[1Gpulling manifest [K
pulling 043a363c6ca3:   8% ▕█                 ▏ 1.8 GB/ 21 GB  661 KB/s    8h8m[K[?25h[?2026l[?2026h[?25l[A[1Gpulling manifest [K
pulling 043a363c6ca3:   8% ▕█                 ▏ 1.8 GB/ 21 GB  680 KB/s   7h54m[K[?25h[?2026l[?2026h[?25l[A[1Gpulling manifest [K
pulling 043a363c6ca3:   8% ▕█                 ▏ 1.8 GB/ 21 GB  546 KB/s   9h51m[K[?25h[?2026l[?2026h[?25l[A[1Gpulling manifest [K
pulling 043a363c6ca3:   8% ▕█                 ▏ 1.8 GB/ 21 GB  546 KB/s   9h51m[K[?25h[?2026l[?2026h[?25l[A[1Gpulling manifest [K
pulling 043a363c6ca3:   8% ▕█                 ▏ 1.8 GB/ 21 GB  637 KB/s   8h26m[K[?25h[?2026l[?2026h[?25l[A[1Gpulling manifest [K
pulling 043a363c6ca3:   8% ▕█                 ▏ 1.8 GB/ 21 GB  637 KB/s   8h26m[K[?25h[?2026l[?2026h[?25l[A[1Gpulling manifest [K
pulling 043a363c6ca3:   8% ▕█                 ▏ 1.8 GB/ 21 GB  637 KB/s   8h26m[K[?25h[?2026l[?2026h[?25l[A[1Gpulling manifest [K
pulling 043a363c6ca3:   8% ▕█                 ▏ 1.8 GB/ 21 GB  636 KB/s   8h27m[K[?25h[?2026l[?2026h[?25l[A[1Gpulling manifest [K
pulling 043a363c6ca3:   8% ▕█                 ▏ 1.8 GB/ 21 GB  636 KB/s   8h27m[K[?25h[?2026l[?2026h[?25l[A[1Gpulling manifest [K
pulling 043a363c6ca3:   8% ▕█                 ▏ 1.8 GB/ 21 GB  1.2 MB/s   4h26m[K[?25h[?2026l[?2026h[?25l[A[1Gpulling manifest [K
pulling 043a363c6ca3:   8% ▕█                 ▏ 1.8 GB/ 21 GB  1.2 MB/s   4h26m[K[?25h[?2026l[?2026h[?25l[A[1Gpulling manifest [K
pulling 043a363c6ca3:   8% ▕█                 ▏ 1.8 GB/ 21 GB  1.3 MB/s    4h1m[K[?25h[?2026l[?2026h[?25l[A[1Gpulling manifest [K
pulling 043a363c6ca3:   8% ▕█                 ▏ 1.8 GB/ 21 GB  1.3 MB/s    4h1m[K[?25h[?2026l[?2026h[?25l[A[1Gpulling manifest [K
pulling 043a363c6ca3:   8% ▕█                 ▏ 1.8 GB/ 21 GB  1.3 MB/s    4h1m[K[?25h[?2026l[?2026h[?25l[A[1Gpulling manifest [K
pulling 043a363c6ca3:   8% ▕█                 ▏ 1.8 GB/ 21 GB  1.3 MB/s    4h1m[K[?25h[?2026l[?2026h[?25l[A[1Gpulling manifest [K
pulling 043a363c6ca3:   8% ▕█                 ▏ 1.8 GB/ 21 GB  1.5 MB/s   3h38m[K[?25h[?2026l[?2026h[?25l[A[1Gpulling manifest [K
pulling 043a363c6ca3:   8% ▕█                 ▏ 1.8 GB/ 21 GB  1.5 MB/s   3h38m[K[?25h[?2026l[?2026h[?25l[A[1Gpulling manifest [K
pulling 043a363c6ca3:   8% ▕█                 ▏ 1.8 GB/ 21 GB  1.5 MB/s   3h33m[K[?25h[?2026l[?2026h[?25l[A[1Gpulling manifest [K
pulling 043a363c6ca3:   8% ▕█                 ▏ 1.8 GB/ 21 GB  1.5 MB/s   3h35m[K[?25h[?2026l[?2026h[?25l[A[1Gpulling manifest [K
pulling 043a363c6ca3:   8% ▕█                 ▏ 1.8 GB/ 21 GB  1.5 MB/s   3h35m[K[?25h[?2026l[?2026h[?25l[A[1Gpulling manifest [K
pulling 043a363c6ca3:   8% ▕█                 ▏ 1.8 GB/ 21 GB  1.5 MB/s   3h35m[K[?25h[?2026l[?2026h[?25l[A[1Gpulling manifest [K
pulling 043a363c6ca3:   8% ▕█                 ▏ 1.8 GB/ 21 GB  1.5 MB/s   3h35m[K[?25h[?2026l[?2026h[?25l[A[1Gpulling manifest [K
pulling 043a363c6ca3:   8% ▕█                 ▏ 1.8 GB/ 21 GB  1.5 MB/s   3h39m[K[?25h[?2026l[?2026h[?25l[A[1Gpulling manifest [K
pulling 043a363c6ca3:   8% ▕█                 ▏ 1.8 GB/ 21 GB  1.5 MB/s   3h39m[K[?25h[?2026l[?2026h[?25l[A[1Gpulling manifest [K
pulling 043a363c6ca3:   8% ▕█                 ▏ 1.8 GB/ 21 GB  1.5 MB/s   3h39m[K[?25h[?2026l[?2026h[?25l[A[1Gpulling manifest [K
pulling 043a363c6ca3:   8% ▕█                 ▏ 1.8 GB/ 21 GB  1.5 MB/s   3h34m[K[?25h[?2026l[?2026h[?25l[A[1Gpulling manifest [K
pulling 043a363c6ca3:   8% ▕█                 ▏ 1.8 GB/ 21 GB  1.5 MB/s   3h34m[K[?25h[?2026l[?2026h[?25l[A[1Gpulling manifest [K
pulling 043a363c6ca3:   8% ▕█                 ▏ 1.8 GB/ 21 GB  1.5 MB/s   3h34m[K[?25h[?2026l[?2026h[?25l[A[1Gpulling manifest [K
pulling 043a363c6ca3:   8% ▕█                 ▏ 1.8 GB/ 21 GB  1.5 MB/s   3h34m[K[?25h[?2026l[?2026h[?25l[A[1Gpulling manifest [K
pulling 043a363c6ca3:   8% ▕█                 ▏ 1.8 GB/ 21 GB  1.6 MB/s   3h20m[K[?25h[?2026l[?2026h[?25l[A[1Gpulling manifest [K
pulling 043a363c6ca3:   8% ▕█                 ▏ 1.8 GB/ 21 GB  1.6 MB/s   3h20m[K[?25h[?2026l[?2026h[?25l[A[1Gpulling manifest [K
pulling 043a363c6ca3:   8% ▕█                 ▏ 1.8 GB/ 21 GB  1.2 MB/s   4h25m[K[?25h[?2026l[?2026h[?25l[A[1Gpulling manifest [K
pulling 043a363c6ca3:   8% ▕█                 ▏ 1.8 GB/ 21 GB  1.2 MB/s   4h39m[K[?25h[?2026l[?2026h[?25l[A[1Gpulling manifest [K
pulling 043a363c6ca3:   8% ▕█                 ▏ 1.8 GB/ 21 GB  1.0 MB/s   5h22m[K[?25h[?2026l[?2026h[?25l[A[1Gpulling manifest [K
pulling 043a363c6ca3:   9% ▕█                 ▏ 1.8 GB/ 21 GB  1.0 MB/s   5h22m[K[?25h[?2026l[?2026h[?25l[A[1Gpulling manifest [K
pulling 043a363c6ca3:   9% ▕█                 ▏ 1.8 GB/ 21 GB  1.1 MB/s   4h54m[K[?25h[?2026l[?2026h[?25l[A[1Gpulling manifest [K
pulling 043a363c6ca3:   9% ▕█                 ▏ 1.8 GB/ 21 GB  1.1 MB/s   4h54m[K[?25h[?2026l[?2026h[?25l[A[1Gpulling manifest [K
pulling 043a363c6ca3:   9% ▕█                 ▏ 1.8 GB/ 21 GB  1.1 MB/s   4h54m[K[?25h[?2026l[?2026h[?25l[A[1Gpulling manifest [K
pulling 043a363c6ca3:   9% ▕█                 ▏ 1.8 GB/ 21 GB  1.2 MB/s   4h35m[K[?25h[?2026l[?2026h[?25l[A[1Gpulling manifest [K
pulling 043a363c6ca3:   9% ▕█                 ▏ 1.8 GB/ 21 GB  1.2 MB/s   4h35m[K[?25h[?2026l[?2026h[?25l[A[1Gpulling manifest [K
pulling 043a363c6ca3:   9% ▕█                 ▏ 1.8 GB/ 21 GB  1.2 MB/s   4h35m[K[?25h[?2026l[?2026h[?25l[A[1Gpulling manifest [K
pulling 043a363c6ca3:   9% ▕█                 ▏ 1.8 GB/ 21 GB  1.2 MB/s   4h35m[K[?25h[?2026l[?2026h[?25l[A[1Gpulling manifest [K
pulling 043a363c6ca3:   9% ▕█                 ▏ 1.8 GB/ 21 GB  1.2 MB/s   4h22m[K[?25h[?2026l[?2026h[?25l[A[1Gpulling manifest [K
pulling 043a363c6ca3:   9% ▕█                 ▏ 1.8 GB/ 21 GB  1.2 MB/s   4h32m[K[?25h[?2026l[?2026h[?25l[A[1Gpulling manifest [K
pulling 043a363c6ca3:   9% ▕█                 ▏ 1.8 GB/ 21 GB  1.2 MB/s   4h32m[K[?25h[?2026l[?2026h[?25l[A[1Gpulling manifest [K
pulling 043a363c6ca3:   9% ▕█                 ▏ 1.8 GB/ 21 GB  1.2 MB/s   4h32m[K[?25h[?2026l[?2026h[?25l[A[1Gpulling manifest [K
pulling 043a363c6ca3:   9% ▕█                 ▏ 1.8 GB/ 21 GB  1.2 MB/s   4h35m[K[?25h[?2026l[?2026h[?25l[A[1Gpulling manifest [K
pulling 043a363c6ca3:   9% ▕█                 ▏ 1.8 GB/ 21 GB  1.2 MB/s   4h35m[K[?25h[?2026l[?2026h[?25l[A[1Gpulling manifest [K
pulling 043a363c6ca3:   9% ▕█                 ▏ 1.8 GB/ 21 GB  1.2 MB/s   4h35m[K[?25h[?2026l[?2026h[?25l[A[1Gpulling manifest [K
pulling 043a363c6ca3:   9% ▕█                 ▏ 1.8 GB/ 21 GB  1.2 MB/s   4h35m[K[?25h[?2026l[?2026h[?25l[A[1Gpulling manifest [K
pulling 043a363c6ca3:   9% ▕█                 ▏ 1.8 GB/ 21 GB  1.2 MB/s   4h36m[K[?25h[?2026l[?2026h[?25l[A[1Gpulling manifest [K
pulling 043a363c6ca3:   9% ▕█                 ▏ 1.8 GB/ 21 GB  1.2 MB/s   4h36m[K[?25h[?2026l[?2026h[?25l[A[1Gpulling manifest [K
pulling 043a363c6ca3:   9% ▕█                 ▏ 1.8 GB/ 21 GB  1.2 MB/s   4h36m[K[?25h[?2026l[?2026h[?25l[A[1Gpulling manifest [K
pulling 043a363c6ca3:   9% ▕█                 ▏ 1.8 GB/ 21 GB  1.1 MB/s   4h47m[K[?25h[?2026l[?2026h[?25l[A[1Gpulling manifest [K
pulling 043a363c6ca3:   9% ▕█                 ▏ 1.8 GB/ 21 GB  1.1 MB/s   4h47m[K[?25h[?2026l[?2026h[?25l[A[1Gpulling manifest [K
pulling 043a363c6ca3:   9% ▕█                 ▏ 1.8 GB/ 21 GB  1.3 MB/s   4h14m[K[?25h[?2026l[?2026h[?25l[A[1Gpulling manifest [K
pulling 043a363c6ca3:   9% ▕█                 ▏ 1.8 GB/ 21 GB  1.3 MB/s   4h14m[K[?25h[?2026l[?2026h[?25l[A[1Gpulling manifest [K
pulling 043a363c6ca3:   9% ▕█                 ▏ 1.8 GB/ 21 GB  1.4 MB/s   3h58m[K[?25h[?2026l[?2026h[?25l[A[1Gpulling manifest [K
pulling 043a363c6ca3:   9% ▕█                 ▏ 1.8 GB/ 21 GB  1.4 MB/s   3h58m[K[?25h[?2026l[?2026h[?25l[A[1Gpulling manifest [K
pulling 043a363c6ca3:   9% ▕█                 ▏ 1.8 GB/ 21 GB  1.4 MB/s   3h58m[K[?25h[?2026l[?2026h[?25l[A[1Gpulling manifest [K
pulling 043a363c6ca3:   9% ▕█                 ▏ 1.8 GB/ 21 GB  1.4 MB/s   3h58m[K[?25h[?2026l[?2026h[?25l[A[1Gpulling manifest [K
pulling 043a363c6ca3:   9% ▕█                 ▏ 1.8 GB/ 21 GB  1.3 MB/s   4h16m[K[?25h[?2026l[?2026h[?25l[A[1Gpulling manifest [K
pulling 043a363c6ca3:   9% ▕█                 ▏ 1.8 GB/ 21 GB  1.3 MB/s   4h16m[K[?25h[?2026l[?2026h[?25l[A[1Gpulling manifest [K
pulling 043a363c6ca3:   9% ▕█                 ▏ 1.8 GB/ 21 GB  1.2 MB/s   4h21m[K[?25h[?2026l[?2026h[?25l[A[1Gpulling manifest [K
pulling 043a363c6ca3:   9% ▕█                 ▏ 1.8 GB/ 21 GB  1.2 MB/s   4h21m[K[?25h[?2026l[?2026h[?25l[A[1Gpulling manifest [K
pulling 043a363c6ca3:   9% ▕█                 ▏ 1.8 GB/ 21 GB  1.2 MB/s   4h35m[K[?25h[?2026l[?2026h[?25l[A[1Gpulling manifest [K
pulling 043a363c6ca3:   9% ▕█                 ▏ 1.8 GB/ 21 GB  1.2 MB/s   4h35m[K[?25h[?2026l[?2026h[?25l[A[1Gpulling manifest [K
pulling 043a363c6ca3:   9% ▕█                 ▏ 1.8 GB/ 21 GB  1.2 MB/s   4h35m[K[?25h[?2026l[?2026h[?25l[A[1Gpulling manifest [K
pulling 043a363c6ca3:   9% ▕█                 ▏ 1.8 GB/ 21 GB  1.3 MB/s   4h17m[K[?25h[?2026l[?2026h[?25l[A[1Gpulling manifest [K
pulling 043a363c6ca3:   9% ▕█                 ▏ 1.8 GB/ 21 GB  1.3 MB/s   4h17m[K[?25h[?2026l[?2026h[?25l[A[1Gpulling manifest [K
pulling 043a363c6ca3:   9% ▕█                 ▏ 1.8 GB/ 21 GB  1.2 MB/s   4h39m[K[?25h[?2026l[?2026h[?25l[A[1Gpulling manifest [K
pulling 043a363c6ca3:   9% ▕█                 ▏ 1.8 GB/ 21 GB  1.2 MB/s   4h39m[K[?25h[?2026l[?2026h[?25l[A[1Gpulling manifest [K
pulling 043a363c6ca3:   9% ▕█                 ▏ 1.8 GB/ 21 GB  1.6 MB/s   3h20m[K[?25h[?2026l[?2026h[?25l[A[1Gpulling manifest [K
pulling 043a363c6ca3:   9% ▕█                 ▏ 1.8 GB/ 21 GB  1.6 MB/s   3h26m[K[?25h[?2026l[?2026h[?25l[A[1Gpulling manifest [K
pulling 043a363c6ca3:   9% ▕█                 ▏ 1.8 GB/ 21 GB  1.5 MB/s   3h29m[K[?25h[?2026l[?2026h[?25l[A[1Gpulling manifest [K
pulling 043a363c6ca3:   9% ▕█                 ▏ 1.8 GB/ 21 GB  1.5 MB/s   3h29m[K[?25h[?2026l[?2026h[?25l[A[1Gpulling manifest [K
pulling 043a363c6ca3:   9% ▕█                 ▏ 1.8 GB/ 21 GB  1.5 MB/s   3h40m[K[?25h[?2026l[?2026h[?25l[A[1Gpulling manifest [K
pulling 043a363c6ca3:   9% ▕█                 ▏ 1.8 GB/ 21 GB  1.5 MB/s   3h40m[K[?25h[?2026l[?2026h[?25l[A[1Gpulling manifest [K
pulling 043a363c6ca3:   9% ▕█                 ▏ 1.8 GB/ 21 GB  1.5 MB/s   3h29m[K[?25h[?2026l[?2026h[?25l[A[1Gpulling manifest [K
pulling 043a363c6ca3:   9% ▕█                 ▏ 1.8 GB/ 21 GB  1.5 MB/s   3h29m[K[?25h[?2026l[?2026h[?25l[A[1Gpulling manifest [K
pulling 043a363c6ca3:   9% ▕█                 ▏ 1.8 GB/ 21 GB  1.5 MB/s   3h29m[K[?25h[?2026l[?2026h[?25l[A[1Gpulling manifest [K
pulling 043a363c6ca3:   9% ▕█                 ▏ 1.8 GB/ 21 GB  1.7 MB/s    3h4m[K[?25h[?2026l[?2026h[?25l[A[1Gpulling manifest [K
pulling 043a363c6ca3:   9% ▕█                 ▏ 1.8 GB/ 21 GB  1.7 MB/s    3h4m[K[?25h[?2026l[?2026h[?25l[A[1Gpulling manifest [K
pulling 043a363c6ca3:   9% ▕█                 ▏ 1.8 GB/ 21 GB  1.7 MB/s    3h8m[K[?25h[?2026l[?2026h[?25l[A[1Gpulling manifest [K
pulling 043a363c6ca3:   9% ▕█                 ▏ 1.8 GB/ 21 GB  1.7 MB/s    3h8m[K[?25h[?2026l[?2026h[?25l[A[1Gpulling manifest [K
pulling 043a363c6ca3:   9% ▕█                 ▏ 1.8 GB/ 21 GB  1.7 MB/s    3h8m[K[?25h[?2026l[?2026h[?25l[A[1Gpulling manifest [K
pulling 043a363c6ca3:   9% ▕█                 ▏ 1.8 GB/ 21 GB  1.6 MB/s   3h22m[K[?25h[?2026l[?2026h[?25l[A[1Gpulling manifest [K
pulling 043a363c6ca3:   9% ▕█                 ▏ 1.8 GB/ 21 GB  1.6 MB/s   3h22m[K[?25h[?2026l[?2026h[?25l[A[1Gpulling manifest [K
pulling 043a363c6ca3:   9% ▕█                 ▏ 1.8 GB/ 21 GB  1.5 MB/s   3h29m[K[?25h[?2026l[?2026h[?25l[A[1Gpulling manifest [K
pulling 043a363c6ca3:   9% ▕█                 ▏ 1.8 GB/ 21 GB  1.5 MB/s   3h29m[K[?25h[?2026l[?2026h[?25l[A[1Gpulling manifest [K
pulling 043a363c6ca3:   9% ▕█                 ▏ 1.8 GB/ 21 GB  1.3 MB/s   4h12m[K[?25h[?2026l[?2026h[?25l[A[1Gpulling manifest [K
pulling 043a363c6ca3:   9% ▕█                 ▏ 1.8 GB/ 21 GB  1.3 MB/s   4h12m[K[?25h[?2026l[?2026h[?25l[A[1Gpulling manifest [K
pulling 043a363c6ca3:   9% ▕█                 ▏ 1.8 GB/ 21 GB  1.4 MB/s   3h54m[K[?25h[?2026l[?2026h[?25l[A[1Gpulling manifest [K
pulling 043a363c6ca3:   9% ▕█                 ▏ 1.8 GB/ 21 GB  1.3 MB/s    4h8m[K[?25h[?2026l[?2026h[?25l[A[1Gpulling manifest [K
pulling 043a363c6ca3:   9% ▕█                 ▏ 1.8 GB/ 21 GB  1.3 MB/s    4h8m[K[?25h[?2026l[?2026h[?25l[A[1Gpulling manifest [K
pulling 043a363c6ca3:   9% ▕█                 ▏ 1.8 GB/ 21 GB  1.5 MB/s   3h28m[K[?25h[?2026l[?2026h[?25l[A[1Gpulling manifest [K
pulling 043a363c6ca3:   9% ▕█                 ▏ 1.8 GB/ 21 GB  1.5 MB/s   3h28m[K[?25h[?2026l[?2026h[?25l[A[1Gpulling manifest [K
pulling 043a363c6ca3:   9% ▕█                 ▏ 1.8 GB/ 21 GB  1.5 MB/s   3h28m[K[?25h[?2026l[?2026h[?25l[A[1Gpulling manifest [K
pulling 043a363c6ca3:   9% ▕█                 ▏ 1.8 GB/ 21 GB  1.0 MB/s    5h8m[K[?25h[?2026l[?2026h[?25l[A[1Gpulling manifest [K
pulling 043a363c6ca3:   9% ▕█                 ▏ 1.8 GB/ 21 GB  1.0 MB/s    5h8m[K[?25h[?2026l[?2026h[?25l[A[1Gpulling manifest [K
pulling 043a363c6ca3:   9% ▕█                 ▏ 1.8 GB/ 21 GB  1.1 MB/s    5h0m[K[?25h[?2026l[?2026h[?25l[A[1Gpulling manifest [K
pulling 043a363c6ca3:   9% ▕█                 ▏ 1.8 GB/ 21 GB  1.4 MB/s   3h49m[K[?25h[?2026l[?2026h[?25l[A[1Gpulling manifest [K
pulling 043a363c6ca3:   9% ▕█                 ▏ 1.8 GB/ 21 GB  1.5 MB/s   3h27m[K[?25h[?2026l[?2026h[?25l[A[1Gpulling manifest [K
pulling 043a363c6ca3:   9% ▕█                 ▏ 1.8 GB/ 21 GB  1.5 MB/s   3h27m[K[?25h[?2026l[?2026h[?25l[A[1Gpulling manifest [K
pulling 043a363c6ca3:   9% ▕█                 ▏ 1.9 GB/ 21 GB  2.0 MB/s   2h40m[K[?25h[?2026l[?2026h[?25l[A[1Gpulling manifest [K
pulling 043a363c6ca3:   9% ▕█                 ▏ 1.9 GB/ 21 GB  2.0 MB/s   2h40m[K[?25h[?2026l[?2026h[?25l[A[1Gpulling manifest [K
pulling 043a363c6ca3:   9% ▕█                 ▏ 1.9 GB/ 21 GB  2.0 MB/s   2h39m[K[?25h[?2026l[?2026h[?25l[A[1Gpulling manifest [K
pulling 043a363c6ca3:   9% ▕█                 ▏ 1.9 GB/ 21 GB  2.1 MB/s   2h36m[K[?25h[?2026l[?2026h[?25l[A[1Gpulling manifest [K
pulling 043a363c6ca3:   9% ▕█                 ▏ 1.9 GB/ 21 GB  1.9 MB/s   2h52m[K[?25h[?2026l[?2026h[?25l[A[1Gpulling manifest [K
pulling 043a363c6ca3:   9% ▕█                 ▏ 1.9 GB/ 21 GB  1.9 MB/s   2h49m[K[?25h[?2026l[?2026h[?25l[A[1Gpulling manifest [K
pulling 043a363c6ca3:   9% ▕█                 ▏ 1.9 GB/ 21 GB  2.2 MB/s   2h28m[K[?25h[?2026l[?2026h[?25l[A[1Gpulling manifest [K
pulling 043a363c6ca3:   9% ▕█                 ▏ 1.9 GB/ 21 GB  2.1 MB/s   2h30m[K[?25h[?2026l[?2026h[?25l[A[1Gpulling manifest [K
pulling 043a363c6ca3:   9% ▕█                 ▏ 1.9 GB/ 21 GB  2.1 MB/s   2h30m[K[?25h[?2026l[?2026h[?25l[A[1Gpulling manifest [K
pulling 043a363c6ca3:   9% ▕█                 ▏ 1.9 GB/ 21 GB  1.8 MB/s   2h57m[K[?25h[?2026l[?2026h[?25l[A[1Gpulling manifest [K
pulling 043a363c6ca3:   9% ▕█                 ▏ 1.9 GB/ 21 GB  1.8 MB/s   2h57m[K[?25h[?2026l[?2026h[?25l[A[1Gpulling manifest [K
pulling 043a363c6ca3:   9% ▕█                 ▏ 1.9 GB/ 21 GB  996 KB/s   5h22m[K[?25h[?2026l[?2026h[?25l[A[1Gpulling manifest [K
pulling 043a363c6ca3:   9% ▕█                 ▏ 1.9 GB/ 21 GB  996 KB/s   5h22m[K[?25h[?2026l[?2026h[?25l[A[1Gpulling manifest [K
pulling 043a363c6ca3:   9% ▕█                 ▏ 1.9 GB/ 21 GB  843 KB/s   6h21m[K[?25h[?2026l[?2026h[?25l[A[1Gpulling manifest [K
pulling 043a363c6ca3:   9% ▕█                 ▏ 1.9 GB/ 21 GB  792 KB/s   6h45m[K[?25h[?2026l[?2026h[?25l[A[1Gpulling manifest [K
pulling 043a363c6ca3:   9% ▕█                 ▏ 1.9 GB/ 21 GB  784 KB/s   6h50m[K[?25h[?2026l[?2026h[?25l[A[1Gpulling manifest [K
pulling 043a363c6ca3:   9% ▕█                 ▏ 1.9 GB/ 21 GB  784 KB/s   6h50m[K[?25h[?2026l[?2026h[?25l[A[1Gpulling manifest [K
pulling 043a363c6ca3:   9% ▕█                 ▏ 1.9 GB/ 21 GB  1.5 MB/s   3h32m[K[?25h[?2026l[?2026h[?25l[A[1Gpulling manifest [K
pulling 043a363c6ca3:   9% ▕█                 ▏ 1.9 GB/ 21 GB  1.7 MB/s   3h11m[K[?25h[?2026l[?2026h[?25l[A[1Gpulling manifest [K
pulling 043a363c6ca3:   9% ▕█                 ▏ 1.9 GB/ 21 GB  1.7 MB/s   3h11m[K[?25h[?2026l[?2026h[?25l[A[1Gpulling manifest [K
pulling 043a363c6ca3:   9% ▕█                 ▏ 1.9 GB/ 21 GB  1.9 MB/s   2h47m[K[?25h[?2026l[?2026h[?25l[A[1Gpulling manifest [K
pulling 043a363c6ca3:   9% ▕█                 ▏ 1.9 GB/ 21 GB  2.1 MB/s   2h35m[K[?25h[?2026l[?2026h[?25l[A[1Gpulling manifest [K
pulling 043a363c6ca3:   9% ▕█                 ▏ 1.9 GB/ 21 GB  2.0 MB/s   2h38m[K[?25h[?2026l[?2026h[?25l[A[1Gpulling manifest [K
pulling 043a363c6ca3:   9% ▕█                 ▏ 1.9 GB/ 21 GB  2.0 MB/s   2h38m[K[?25h[?2026l[?2026h[?25l[A[1Gpulling manifest [K
pulling 043a363c6ca3:   9% ▕█                 ▏ 1.9 GB/ 21 GB  2.0 MB/s   2h36m[K[?25h[?2026l[?2026h[?25l[A[1Gpulling manifest [K
pulling 043a363c6ca3:   9% ▕█                 ▏ 1.9 GB/ 21 GB  1.8 MB/s    3h1m[K[?25h[?2026l[?2026h[?25l[A[1Gpulling manifest [K
pulling 043a363c6ca3:   9% ▕█                 ▏ 1.9 GB/ 21 GB  1.6 MB/s   3h17m[K[?25h[?2026l[?2026h[?25l[A[1Gpulling manifest [K
pulling 043a363c6ca3:   9% ▕█                 ▏ 1.9 GB/ 21 GB  930 KB/s   5h45m[K[?25h[?2026l[?2026h[?25l[A[1Gpulling manifest [K
pulling 043a363c6ca3:   9% ▕█                 ▏ 1.9 GB/ 21 GB  393 KB/s  13h36m[K[?25h[?2026l[?2026h[?25l[A[1Gpulling manifest [K
pulling 043a363c6ca3:   9% ▕█                 ▏ 1.9 GB/ 21 GB  214 KB/s  24h56m[K[?25h[?2026l[?2026h[?25l[A[1Gpulling manifest [K
pulling 043a363c6ca3:   9% ▕█                 ▏ 1.9 GB/ 21 GB  168 KB/s  31h42m[K[?25h[?2026l[?2026h[?25l[A[1Gpulling manifest [K
pulling 043a363c6ca3:   9% ▕█                 ▏ 1.9 GB/ 21 GB  168 KB/s  31h42m[K[?25h[?2026l[?2026h[?25l[A[1Gpulling manifest [K
pulling 043a363c6ca3:   9% ▕█                 ▏ 1.9 GB/ 21 GB  168 KB/s  31h42m[K[?25h[?2026l[?2026h[?25l[A[1Gpulling manifest [K
pulling 043a363c6ca3:   9% ▕█                 ▏ 1.9 GB/ 21 GB  168 KB/s  31h42m[K[?25h[?2026l[?2026h[?25l[A[1Gpulling manifest [K
pulling 043a363c6ca3:   9% ▕█                 ▏ 1.9 GB/ 21 GB  187 KB/s  28h35m[K[?25h[?2026l[?2026h[?25l[A[1Gpulling manifest [K
pulling 043a363c6ca3:   9% ▕█                 ▏ 1.9 GB/ 21 GB  253 KB/s   21h9m[K[?25h[?2026l[?2026h[?25l[A[1Gpulling manifest [K
pulling 043a363c6ca3:   9% ▕█                 ▏ 1.9 GB/ 21 GB  254 KB/s   21h1m[K[?25h[?2026l[?2026h[?25l[A[1Gpulling manifest [K
pulling 043a363c6ca3:   9% ▕█                 ▏ 1.9 GB/ 21 GB  249 KB/s  21h26m[K[?25h[?2026l[?2026h[?25l[A[1Gpulling manifest [K
pulling 043a363c6ca3:   9% ▕█                 ▏ 1.9 GB/ 21 GB  249 KB/s  21h26m[K[?25h[?2026l[?2026h[?25l[A[1Gpulling manifest [K
pulling 043a363c6ca3:   9% ▕█                 ▏ 1.9 GB/ 21 GB  294 KB/s  18h12m[K[?25h[?2026l[?2026h[?25l[A[1Gpulling manifest [K
pulling 043a363c6ca3:   9% ▕█                 ▏ 1.9 GB/ 21 GB  292 KB/s  18h18m[K[?25h[?2026l[?2026h[?25l[A[1Gpulling manifest [K
pulling 043a363c6ca3:   9% ▕█                 ▏ 1.9 GB/ 21 GB  295 KB/s   18h6m[K[?25h[?2026l[?2026h[?25l[A[1Gpulling manifest [K
pulling 043a363c6ca3:   9% ▕█                 ▏ 1.9 GB/ 21 GB  482 KB/s   11h5m[K[?25h[?2026l[?2026h[?25l[A[1Gpulling manifest [K
pulling 043a363c6ca3:   9% ▕█                 ▏ 1.9 GB/ 21 GB  453 KB/s  11h48m[K[?25h[?2026l[?2026h[?25l[A[1Gpulling manifest [K
pulling 043a363c6ca3:   9% ▕█                 ▏ 1.9 GB/ 21 GB  392 KB/s  13h38m[K[?25h[?2026l[?2026h[?25l[A[1Gpulling manifest [K
pulling 043a363c6ca3:   9% ▕█                 ▏ 1.9 GB/ 21 GB  442 KB/s   12h5m[K[?25h[?2026l[?2026h[?25l[A[1Gpulling manifest [K
pulling 043a363c6ca3:   9% ▕█                 ▏ 1.9 GB/ 21 GB  442 KB/s   12h5m[K[?25h[?2026l[?2026h[?25l[A[1Gpulling manifest [K
pulling 043a363c6ca3:   9% ▕█                 ▏ 1.9 GB/ 21 GB  511 KB/s  10h27m[K[?25h[?2026l[?2026h[?25l[A[1Gpulling manifest [K
pulling 043a363c6ca3:   9% ▕█                 ▏ 1.9 GB/ 21 GB  668 KB/s    8h0m[K[?25h[?2026l[?2026h[?25l[A[1Gpulling manifest [K
pulling 043a363c6ca3:   9% ▕█                 ▏ 1.9 GB/ 21 GB  637 KB/s   8h23m[K[?25h[?2026l[?2026h[?25l[A[1Gpulling manifest [K
pulling 043a363c6ca3:   9% ▕█                 ▏ 1.9 GB/ 21 GB  634 KB/s   8h26m[K[?25h[?2026l[?2026h[?25l[A[1Gpulling manifest [K
pulling 043a363c6ca3:   9% ▕█                 ▏ 1.9 GB/ 21 GB  681 KB/s   7h51m[K[?25h[?2026l[?2026h[?25l[A[1Gpulling manifest [K
pulling 043a363c6ca3:   9% ▕█                 ▏ 1.9 GB/ 21 GB  681 KB/s   7h51m[K[?25h[?2026l[?2026h[?25l[A[1Gpulling manifest [K
pulling 043a363c6ca3:   9% ▕█                 ▏ 1.9 GB/ 21 GB  744 KB/s   7h11m[K[?25h[?2026l[?2026h[?25l[A[1Gpulling manifest [K
pulling 043a363c6ca3:   9% ▕█                 ▏ 1.9 GB/ 21 GB  744 KB/s   7h11m[K[?25h[?2026l[?2026h[?25l[A[1Gpulling manifest [K
pulling 043a363c6ca3:   9% ▕█                 ▏ 1.9 GB/ 21 GB  655 KB/s    8h9m[K[?25h[?2026l[?2026h[?25l[A[1Gpulling manifest [K
pulling 043a363c6ca3:   9% ▕█                 ▏ 1.9 GB/ 21 GB  930 KB/s   5h45m[K[?25h[?2026l[?2026h[?25l[A[1Gpulling manifest [K
pulling 043a363c6ca3:   9% ▕█                 ▏ 1.9 GB/ 21 GB  830 KB/s   6h26m[K[?25h[?2026l[?2026h[?25l[A[1Gpulling manifest [K
pulling 043a363c6ca3:   9% ▕█                 ▏ 1.9 GB/ 21 GB  1.0 MB/s   5h19m[K[?25h[?2026l[?2026h[?25l[A[1Gpulling manifest [K
pulling 043a363c6ca3:   9% ▕█                 ▏ 1.9 GB/ 21 GB  1.0 MB/s   5h19m[K[?25h[?2026l[?2026h[?25l[A[1Gpulling manifest [K
pulling 043a363c6ca3:   9% ▕█                 ▏ 1.9 GB/ 21 GB  1.0 MB/s   5h19m[K[?25h[?2026l[?2026h[?25l[A[1Gpulling manifest [K
pulling 043a363c6ca3:   9% ▕█                 ▏ 1.9 GB/ 21 GB  1.0 MB/s   5h19m[K[?25h[?2026l[?2026h[?25l[A[1Gpulling manifest [K
pulling 043a363c6ca3:   9% ▕█                 ▏ 1.9 GB/ 21 GB  932 KB/s   5h44m[K[?25h[?2026l[?2026h[?25l[A[1Gpulling manifest [K
pulling 043a363c6ca3:   9% ▕█                 ▏ 1.9 GB/ 21 GB  660 KB/s    8h6m[K[?25h[?2026l[?2026h[?25l[A[1Gpulling manifest [K
pulling 043a363c6ca3:   9% ▕█                 ▏ 1.9 GB/ 21 GB  660 KB/s    8h6m[K[?25h[?2026l[?2026h[?25l[A[1Gpulling manifest [K
pulling 043a363c6ca3:   9% ▕█                 ▏ 1.9 GB/ 21 GB  708 KB/s   7h33m[K[?25h[?2026l[?2026h[?25l[A[1Gpulling manifest [K
pulling 043a363c6ca3:   9% ▕█                 ▏ 1.9 GB/ 21 GB  371 KB/s  14h24m[K[?25h[?2026l[?2026h[?25l[A[1Gpulling manifest [K
pulling 043a363c6ca3:   9% ▕█                 ▏ 1.9 GB/ 21 GB  371 KB/s  14h24m[K[?25h[?2026l[?2026h[?25l[A[1Gpulling manifest [K
pulling 043a363c6ca3:   9% ▕█                 ▏ 1.9 GB/ 21 GB  569 KB/s   9h23m[K[?25h[?2026l[?2026h[?25l[A[1Gpulling manifest [K
pulling 043a363c6ca3:   9% ▕█                 ▏ 1.9 GB/ 21 GB  345 KB/s  15h28m[K[?25h[?2026l[?2026h[?25l[A[1Gpulling manifest [K
pulling 043a363c6ca3:   9% ▕█                 ▏ 1.9 GB/ 21 GB  345 KB/s  15h28m[K[?25h[?2026l[?2026h[?25l[A[1Gpulling manifest [K
pulling 043a363c6ca3:   9% ▕█                 ▏ 1.9 GB/ 21 GB  418 KB/s  12h46m[K[?25h[?2026l[?2026h[?25l[A[1Gpulling manifest [K
pulling 043a363c6ca3:   9% ▕█                 ▏ 1.9 GB/ 21 GB  418 KB/s  12h46m[K[?25h[?2026l[?2026h[?25l[A[1Gpulling manifest [K
pulling 043a363c6ca3:   9% ▕█                 ▏ 1.9 GB/ 21 GB  422 KB/s  12h40m[K[?25h[?2026l[?2026h[?25l[A[1Gpulling manifest [K
pulling 043a363c6ca3:   9% ▕█                 ▏ 1.9 GB/ 21 GB  422 KB/s  12h40m[K[?25h[?2026l[?2026h[?25l[A[1Gpulling manifest [K
pulling 043a363c6ca3:   9% ▕█                 ▏ 1.9 GB/ 21 GB  513 KB/s  10h24m[K[?25h[?2026l[?2026h[?25l[A[1Gpulling manifest [K
pulling 043a363c6ca3:   9% ▕█                 ▏ 1.9 GB/ 21 GB  659 KB/s    8h6m[K[?25h[?2026l[?2026h[?25l[A[1Gpulling manifest [K
pulling 043a363c6ca3:   9% ▕█                 ▏ 1.9 GB/ 21 GB  732 KB/s   7h18m[K[?25h[?2026l[?2026h[?25l[A[1Gpulling manifest [K
pulling 043a363c6ca3:   9% ▕█                 ▏ 1.9 GB/ 21 GB  732 KB/s   7h18m[K[?25h[?2026l[?2026h[?25l[A[1Gpulling manifest [K
pulling 043a363c6ca3:   9% ▕█                 ▏ 1.9 GB/ 21 GB  510 KB/s  10h28m[K[?25h[?2026l[?2026h[?25l[A[1Gpulling manifest [K
pulling 043a363c6ca3:   9% ▕█                 ▏ 1.9 GB/ 21 GB  510 KB/s  10h28m[K[?25h[?2026l[?2026h[?25l[A[1Gpulling manifest [K
pulling 043a363c6ca3:   9% ▕█                 ▏ 1.9 GB/ 21 GB  541 KB/s   9h52m[K[?25h[?2026l[?2026h[?25l[A[1Gpulling manifest [K
pulling 043a363c6ca3:   9% ▕█                 ▏ 1.9 GB/ 21 GB  468 KB/s  11h25m[K[?25h[?2026l[?2026h[?25l[A[1Gpulling manifest [K
pulling 043a363c6ca3:   9% ▕█                 ▏ 1.9 GB/ 21 GB  479 KB/s   11h8m[K[?25h[?2026l[?2026h[?25l[A[1Gpulling manifest [K
pulling 043a363c6ca3:   9% ▕█                 ▏ 1.9 GB/ 21 GB  479 KB/s   11h8m[K[?25h[?2026l[?2026h[?25l[A[1Gpulling manifest [K
pulling 043a363c6ca3:   9% ▕█                 ▏ 1.9 GB/ 21 GB  435 KB/s  12h16m[K[?25h[?2026l[?2026h[?25l[A[1Gpulling manifest [K
pulling 043a363c6ca3:   9% ▕█                 ▏ 1.9 GB/ 21 GB  435 KB/s  12h16m[K[?25h[?2026l[?2026h[?25l[A[1Gpulling manifest [K
pulling 043a363c6ca3:   9% ▕█                 ▏ 1.9 GB/ 21 GB  435 KB/s  12h16m[K[?25h[?2026l[?2026h[?25l[A[1Gpulling manifest [K
pulling 043a363c6ca3:   9% ▕█                 ▏ 1.9 GB/ 21 GB  268 KB/s  19h54m[K[?25h[?2026l[?2026h[?25l[A[1Gpulling manifest [K
pulling 043a363c6ca3:   9% ▕█                 ▏ 1.9 GB/ 21 GB  630 KB/s   8h28m[K[?25h[?2026l[?2026h[?25l[A[1Gpulling manifest [K
pulling 043a363c6ca3:   9% ▕█                 ▏ 1.9 GB/ 21 GB  630 KB/s   8h28m[K[?25h[?2026l[?2026h[?25l[A[1Gpulling manifest [K
pulling 043a363c6ca3:   9% ▕█                 ▏ 1.9 GB/ 21 GB  647 KB/s   8h15m[K[?25h[?2026l[?2026h[?25l[A[1Gpulling manifest [K
pulling 043a363c6ca3:   9% ▕█                 ▏ 1.9 GB/ 21 GB  647 KB/s   8h15m[K[?25h[?2026l[?2026h[?25l[A[1Gpulling manifest [K
pulling 043a363c6ca3:   9% ▕█                 ▏ 1.9 GB/ 21 GB  625 KB/s   8h32m[K[?25h[?2026l[?2026h[?25l[A[1Gpulling manifest [K
pulling 043a363c6ca3:   9% ▕█                 ▏ 1.9 GB/ 21 GB  609 KB/s   8h46m[K[?25h[?2026l[?2026h[?25l[A[1Gpulling manifest [K
pulling 043a363c6ca3:   9% ▕█                 ▏ 1.9 GB/ 21 GB  609 KB/s   8h46m[K[?25h[?2026l[?2026h[?25l[A[1Gpulling manifest [K
pulling 043a363c6ca3:   9% ▕█                 ▏ 1.9 GB/ 21 GB  525 KB/s   10h9m[K[?25h[?2026l[?2026h[?25l[A[1Gpulling manifest [K
pulling 043a363c6ca3:   9% ▕█                 ▏ 1.9 GB/ 21 GB  525 KB/s   10h9m[K[?25h[?2026l[?2026h[?25l[A[1Gpulling manifest [K
pulling 043a363c6ca3:   9% ▕█                 ▏ 1.9 GB/ 21 GB  519 KB/s  10h17m[K[?25h[?2026l[?2026h[?25l[A[1Gpulling manifest [K
pulling 043a363c6ca3:   9% ▕█                 ▏ 1.9 GB/ 21 GB  514 KB/s  10h23m[K[?25h[?2026l[?2026h[?25l[A[1Gpulling manifest [K
pulling 043a363c6ca3:   9% ▕█                 ▏ 1.9 GB/ 21 GB  501 KB/s  10h39m[K[?25h[?2026l[?2026h[?25l[A[1Gpulling manifest [K
pulling 043a363c6ca3:   9% ▕█                 ▏ 1.9 GB/ 21 GB  501 KB/s  10h39m[K[?25h[?2026l[?2026h[?25l[A[1Gpulling manifest [K
pulling 043a363c6ca3:   9% ▕█                 ▏ 1.9 GB/ 21 GB  501 KB/s  10h39m[K[?25h[?2026l[?2026h[?25l[A[1Gpulling manifest [K
pulling 043a363c6ca3:   9% ▕█                 ▏ 1.9 GB/ 21 GB  501 KB/s  10h39m[K[?25h[?2026l[?2026h[?25l[A[1Gpulling manifest [K
pulling 043a363c6ca3:   9% ▕█                 ▏ 1.9 GB/ 21 GB  643 KB/s   8h18m[K[?25h[?2026l[?2026h[?25l[A[1Gpulling manifest [K
pulling 043a363c6ca3:   9% ▕█                 ▏ 1.9 GB/ 21 GB  643 KB/s   8h18m[K[?25h[?2026l[?2026h[?25l[A[1Gpulling manifest [K
pulling 043a363c6ca3:   9% ▕█                 ▏ 1.9 GB/ 21 GB  643 KB/s   8h18m[K[?25h[?2026l[?2026h[?25l[A[1Gpulling manifest [K
pulling 043a363c6ca3:   9% ▕█                 ▏ 1.9 GB/ 21 GB  643 KB/s   8h18m[K[?25h[?2026l[?2026h[?25l[A[1Gpulling manifest [K
pulling 043a363c6ca3:   9% ▕█                 ▏ 1.9 GB/ 21 GB  761 KB/s    7h1m[K[?25h[?2026l[?2026h[?25l[A[1Gpulling manifest [K
pulling 043a363c6ca3:   9% ▕█                 ▏ 1.9 GB/ 21 GB  761 KB/s    7h1m[K[?25h[?2026l[?2026h[?25l[A[1Gpulling manifest [K
pulling 043a363c6ca3:   9% ▕█                 ▏ 1.9 GB/ 21 GB  854 KB/s   6h15m[K[?25h[?2026l[?2026h[?25l[A[1Gpulling manifest [K
pulling 043a363c6ca3:   9% ▕█                 ▏ 1.9 GB/ 21 GB  918 KB/s   5h49m[K[?25h[?2026l[?2026h[?25l[A[1Gpulling manifest [K
pulling 043a363c6ca3:   9% ▕█                 ▏ 1.9 GB/ 21 GB  942 KB/s   5h39m[K[?25h[?2026l[?2026h[?25l[A[1Gpulling manifest [K
pulling 043a363c6ca3:   9% ▕█                 ▏ 1.9 GB/ 21 GB  653 KB/s   8h10m[K[?25h[?2026l[?2026h[?25l[A[1Gpulling manifest [K
pulling 043a363c6ca3:   9% ▕█                 ▏ 1.9 GB/ 21 GB  1.2 MB/s   4h16m[K[?25h[?2026l[?2026h[?25l[A[1Gpulling manifest [K
pulling 043a363c6ca3:   9% ▕█                 ▏ 1.9 GB/ 21 GB  1.3 MB/s   4h15m[K[?25h[?2026l[?2026h[?25l[A[1Gpulling manifest [K
pulling 043a363c6ca3:   9% ▕█                 ▏ 1.9 GB/ 21 GB  1.3 MB/s   4h15m[K[?25h[?2026l[?2026h[?25l[A[1Gpulling manifest [K
pulling 043a363c6ca3:   9% ▕█                 ▏ 1.9 GB/ 21 GB  1.3 MB/s    4h4m[K[?25h[?2026l[?2026h[?25l[A[1Gpulling manifest [K
pulling 043a363c6ca3:   9% ▕█                 ▏ 1.9 GB/ 21 GB  1.3 MB/s    4h4m[K[?25h[?2026l[?2026h[?25l[A[1Gpulling manifest [K
pulling 043a363c6ca3:   9% ▕█                 ▏ 1.9 GB/ 21 GB  1.3 MB/s    4h4m[K[?25h[?2026l[?2026h[?25l[A[1Gpulling manifest [K
pulling 043a363c6ca3:   9% ▕█                 ▏ 1.9 GB/ 21 GB  1.3 MB/s    4h4m[K[?25h[?2026l[?2026h[?25l[A[1Gpulling manifest [K
pulling 043a363c6ca3:   9% ▕█                 ▏ 1.9 GB/ 21 GB  1.3 MB/s    4h4m[K[?25h[?2026l[?2026h[?25l[A[1Gpulling manifest [K
pulling 043a363c6ca3:   9% ▕█                 ▏ 1.9 GB/ 21 GB  1.3 MB/s    4h4m[K[?25h[?2026l[?2026h[?25l[A[1Gpulling manifest [K
pulling 043a363c6ca3:   9% ▕█                 ▏ 1.9 GB/ 21 GB  1.3 MB/s    4h4m[K[?25h[?2026l[?2026h[?25l[A[1Gpulling manifest [K
pulling 043a363c6ca3:   9% ▕█                 ▏ 1.9 GB/ 21 GB  1.3 MB/s    4h4m[K[?25h[?2026l[?2026h[?25l[A[1Gpulling manifest [K
pulling 043a363c6ca3:   9% ▕█                 ▏ 1.9 GB/ 21 GB  1.3 MB/s    4h4m[K[?25h[?2026l[?2026h[?25l[A[1Gpulling manifest [K
pulling 043a363c6ca3:   9% ▕█                 ▏ 1.9 GB/ 21 GB  1.3 MB/s    4h4m[K[?25h[?2026l[?2026h[?25l[A[1Gpulling manifest [K
pulling 043a363c6ca3:   9% ▕█                 ▏ 1.9 GB/ 21 GB  1.3 MB/s    4h4m[K[?25h[?2026l[?2026h[?25l[A[1Gpulling manifest [K
pulling 043a363c6ca3:   9% ▕█                 ▏ 1.9 GB/ 21 GB  1.3 MB/s    4h4m[K[?25h[?2026l[?2026h[?25l[A[1Gpulling manifest [K
pulling 043a363c6ca3:   9% ▕█                 ▏ 1.9 GB/ 21 GB  1.3 MB/s    4h4m[K[?25h[?2026l[?2026h[?25l[A[1Gpulling manifest [K
pulling 043a363c6ca3:   9% ▕█                 ▏ 1.9 GB/ 21 GB  1.3 MB/s    4h4m[K[?25h[?2026l[?2026h[?25l[A[1Gpulling manifest [K
pulling 043a363c6ca3:   9% ▕█                 ▏ 1.9 GB/ 21 GB  1.3 MB/s    4h4m[K[?25h[?2026l[?2026h[?25l[A[1Gpulling manifest [K
pulling 043a363c6ca3:   9% ▕█                 ▏ 1.9 GB/ 21 GB  1.3 MB/s    4h4m[K[?25h[?2026l[?2026h[?25l[A[1Gpulling manifest [K
pulling 043a363c6ca3:   9% ▕█                 ▏ 1.9 GB/ 21 GB  1.4 MB/s   3h48m[K[?25h[?2026l[?2026h[?25l[A[1Gpulling manifest [K
pulling 043a363c6ca3:   9% ▕█                 ▏ 1.9 GB/ 21 GB  1.4 MB/s   3h48m[K[?25h[?2026l[?2026h[?25l[A[1Gpulling manifest [K
pulling 043a363c6ca3:   9% ▕█                 ▏ 1.9 GB/ 21 GB  1.4 MB/s   3h48m[K[?25h[?2026l[?2026h[?25l[A[1Gpulling manifest [K
pulling 043a363c6ca3:   9% ▕█                 ▏ 1.9 GB/ 21 GB  1.4 MB/s   3h48m[K[?25h[?2026l[?2026h[?25l[A[1Gpulling manifest [K
pulling 043a363c6ca3:   9% ▕█                 ▏ 1.9 GB/ 21 GB  1.4 MB/s   3h48m[K[?25h[?2026l[?2026h[?25l[A[1Gpulling manifest [K
pulling 043a363c6ca3:   9% ▕█                 ▏ 1.9 GB/ 21 GB  1.4 MB/s   3h48m[K[?25h[?2026l[?2026h[?25l[A[1Gpulling manifest [K
pulling 043a363c6ca3:   9% ▕█                 ▏ 1.9 GB/ 21 GB  1.4 MB/s   3h48m[K[?25h[?2026l[?2026h[?25l[A[1Gpulling manifest [K
pulling 043a363c6ca3:   9% ▕█                 ▏ 1.9 GB/ 21 GB  1.4 MB/s   3h48m[K[?25h[?2026l[?2026h[?25l[A[1Gpulling manifest [K
pulling 043a363c6ca3:   9% ▕█                 ▏ 1.9 GB/ 21 GB  1.5 MB/s   3h32m[K[?25h[?2026l[?2026h[?25l[A[1Gpulling manifest [K
pulling 043a363c6ca3:   9% ▕█                 ▏ 1.9 GB/ 21 GB  1.5 MB/s   3h32m[K[?25h[?2026l[?2026h[?25l[A[1Gpulling manifest [K
pulling 043a363c6ca3:   9% ▕█                 ▏ 1.9 GB/ 21 GB  1.5 MB/s   3h32m[K[?25h[?2026l[?2026h[?25l[A[1Gpulling manifest [K
pulling 043a363c6ca3:   9% ▕█                 ▏ 1.9 GB/ 21 GB  1.5 MB/s   3h32m[K[?25h[?2026l[?2026h[?25l[A[1Gpulling manifest [K
pulling 043a363c6ca3:   9% ▕█                 ▏ 1.9 GB/ 21 GB  1.5 MB/s   3h32m[K[?25h[?2026l[?2026h[?25l[A[1Gpulling manifest [K
pulling 043a363c6ca3:   9% ▕█                 ▏ 1.9 GB/ 21 GB  1.5 MB/s   3h32m[K[?25h[?2026l[?2026h[?25l[A[1Gpulling manifest [K
pulling 043a363c6ca3:   9% ▕█                 ▏ 1.9 GB/ 21 GB  1.5 MB/s   3h32m[K[?25h[?2026l[?2026h[?25l[A[1Gpulling manifest [K
pulling 043a363c6ca3:   9% ▕█                 ▏ 1.9 GB/ 21 GB  1.5 MB/s   3h32m[K[?25h[?2026l[?2026h[?25l[A[1Gpulling manifest [K
pulling 043a363c6ca3:   9% ▕█                 ▏ 1.9 GB/ 21 GB  1.5 MB/s   3h32m[K[?25h[?2026l[?2026h[?25l[A[1Gpulling manifest [K
pulling 043a363c6ca3:   9% ▕█                 ▏ 1.9 GB/ 21 GB  1.5 MB/s   3h32m[K[?25h[?2026l[?2026h[?25l[A[1Gpulling manifest [K
pulling 043a363c6ca3:   9% ▕█                 ▏ 1.9 GB/ 21 GB  1.8 MB/s    3h1m[K[?25h[?2026l[?2026h[?25l[A[1Gpulling manifest [K
pulling 043a363c6ca3:   9% ▕█                 ▏ 1.9 GB/ 21 GB  1.8 MB/s    3h1m[K[?25h[?2026l[?2026h[?25l[A[1Gpulling manifest [K
pulling 043a363c6ca3:   9% ▕█                 ▏ 1.9 GB/ 21 GB  1.8 MB/s    3h1m[K[?25h[?2026l[?2026h[?25l[A[1Gpulling manifest [K
pulling 043a363c6ca3:   9% ▕█                 ▏ 1.9 GB/ 21 GB  1.8 MB/s    3h1m[K[?25h[?2026l[?2026h[?25l[A[1Gpulling manifest [K
pulling 043a363c6ca3:   9% ▕█                 ▏ 1.9 GB/ 21 GB  1.8 MB/s    3h1m[K[?25h[?2026l[?2026h[?25l[A[1Gpulling manifest [K
pulling 043a363c6ca3:   9% ▕█                 ▏ 1.9 GB/ 21 GB  1.8 MB/s    3h1m[K[?25h[?2026l[?2026h[?25l[A[1Gpulling manifest [K
pulling 043a363c6ca3:   9% ▕█                 ▏ 1.9 GB/ 21 GB  1.8 MB/s    3h1m[K[?25h[?2026l[?2026h[?25l[A[1Gpulling manifest [K
pulling 043a363c6ca3:   9% ▕█                 ▏ 1.9 GB/ 21 GB  1.8 MB/s    3h1m[K[?25h[?2026l[?2026h[?25l[A[1Gpulling manifest [K
pulling 043a363c6ca3:   9% ▕█                 ▏ 1.9 GB/ 21 GB  1.8 MB/s    3h1m[K[?25h[?2026l[?2026h[?25l[A[1Gpulling manifest [K
pulling 043a363c6ca3:   9% ▕█                 ▏ 1.9 GB/ 21 GB  1.8 MB/s    3h1m[K[?25h[?2026l[?2026h[?25l[A[1Gpulling manifest [K
pulling 043a363c6ca3:   9% ▕█                 ▏ 1.9 GB/ 21 GB  2.2 MB/s   2h23m[K[?25h[?2026l[?2026h[?25l[A[1Gpulling manifest [K
pulling 043a363c6ca3:   9% ▕█                 ▏ 1.9 GB/ 21 GB  2.2 MB/s   2h23m[K[?25h[?2026l[?2026h[?25l[A[1Gpulling manifest [K
pulling 043a363c6ca3:   9% ▕█                 ▏ 1.9 GB/ 21 GB  2.2 MB/s   2h23m[K[?25h[?2026l[?2026h[?25l[A[1Gpulling manifest [K
pulling 043a363c6ca3:   9% ▕█                 ▏ 2.0 GB/ 21 GB  2.2 MB/s   2h23m[K[?25h[?2026l[?2026h[?25l[A[1Gpulling manifest [K
pulling 043a363c6ca3:   9% ▕█                 ▏ 2.0 GB/ 21 GB  2.2 MB/s   2h23m[K[?25h[?2026l[?2026h[?25l[A[1Gpulling manifest [K
pulling 043a363c6ca3:   9% ▕█                 ▏ 2.0 GB/ 21 GB  2.2 MB/s   2h23m[K[?25h[?2026l[?2026h[?25l[A[1Gpulling manifest [K
pulling 043a363c6ca3:   9% ▕█                 ▏ 2.0 GB/ 21 GB  2.2 MB/s   2h23m[K[?25h[?2026l[?2026h[?25l[A[1Gpulling manifest [K
pulling 043a363c6ca3:   9% ▕█                 ▏ 2.0 GB/ 21 GB  2.2 MB/s   2h23m[K[?25h[?2026l[?2026h[?25l[A[1Gpulling manifest [K
pulling 043a363c6ca3:   9% ▕█                 ▏ 2.0 GB/ 21 GB  2.2 MB/s   2h23m[K[?25h[?2026l[?2026h[?25l[A[1Gpulling manifest [K
pulling 043a363c6ca3:   9% ▕█                 ▏ 2.0 GB/ 21 GB  3.3 MB/s   1h38m[K[?25h[?2026l[?2026h[?25l[A[1Gpulling manifest [K
pulling 043a363c6ca3:   9% ▕█                 ▏ 2.0 GB/ 21 GB  3.3 MB/s   1h38m[K[?25h[?2026l[?2026h[?25l[A[1Gpulling manifest [K
pulling 043a363c6ca3:   9% ▕█                 ▏ 2.0 GB/ 21 GB  3.3 MB/s   1h36m[K[?25h[?2026l[?2026h[?25l[A[1Gpulling manifest [K
pulling 043a363c6ca3:   9% ▕█                 ▏ 2.0 GB/ 21 GB  3.3 MB/s   1h36m[K[?25h[?2026l[?2026h[?25l[A[1Gpulling manifest [K
pulling 043a363c6ca3:   9% ▕█                 ▏ 2.0 GB/ 21 GB  3.2 MB/s   1h39m[K[?25h[?2026l[?2026h[?25l[A[1Gpulling manifest [K
pulling 043a363c6ca3:   9% ▕█                 ▏ 2.0 GB/ 21 GB  2.9 MB/s   1h49m[K[?25h[?2026l[?2026h[?25l[A[1Gpulling manifest [K
pulling 043a363c6ca3:   9% ▕█                 ▏ 2.0 GB/ 21 GB  2.5 MB/s    2h8m[K[?25h[?2026l[?2026h[?25l[A[1Gpulling manifest [K
pulling 043a363c6ca3:   9% ▕█                 ▏ 2.0 GB/ 21 GB  2.5 MB/s    2h8m[K[?25h[?2026l[?2026h[?25l[A[1Gpulling manifest [K
pulling 043a363c6ca3:   9% ▕█                 ▏ 2.0 GB/ 21 GB  995 KB/s   5h21m[K[?25h[?2026l[?2026h[?25l[A[1Gpulling manifest [K
pulling 043a363c6ca3:   9% ▕█                 ▏ 2.0 GB/ 21 GB  916 KB/s   5h48m[K[?25h[?2026l[?2026h[?25l[A[1Gpulling manifest [K
pulling 043a363c6ca3:   9% ▕█                 ▏ 2.0 GB/ 21 GB  935 KB/s   5h41m[K[?25h[?2026l[?2026h[?25l[A[1Gpulling manifest [K
pulling 043a363c6ca3:   9% ▕█                 ▏ 2.0 GB/ 21 GB  935 KB/s   5h41m[K[?25h[?2026l[?2026h[?25l[A[1Gpulling manifest [K
pulling 043a363c6ca3:   9% ▕█                 ▏ 2.0 GB/ 21 GB  713 KB/s   7h28m[K[?25h[?2026l[?2026h[?25l[A[1Gpulling manifest [K
pulling 043a363c6ca3:   9% ▕█                 ▏ 2.0 GB/ 21 GB  713 KB/s   7h28m[K[?25h[?2026l[?2026h[?25l[A[1Gpulling manifest [K
pulling 043a363c6ca3:   9% ▕█                 ▏ 2.0 GB/ 21 GB  739 KB/s   7h12m[K[?25h[?2026l[?2026h[?25l[A[1Gpulling manifest [K
pulling 043a363c6ca3:   9% ▕█                 ▏ 2.0 GB/ 21 GB  739 KB/s   7h12m[K[?25h[?2026l[?2026h[?25l[A[1Gpulling manifest [K
pulling 043a363c6ca3:   9% ▕█                 ▏ 2.0 GB/ 21 GB  554 KB/s   9h36m[K[?25h[?2026l[?2026h[?25l[A[1Gpulling manifest [K
pulling 043a363c6ca3:   9% ▕█                 ▏ 2.0 GB/ 21 GB  322 KB/s  16h30m[K[?25h[?2026l[?2026h[?25l[A[1Gpulling manifest [K
pulling 043a363c6ca3:   9% ▕█                 ▏ 2.0 GB/ 21 GB  448 KB/s  11h52m[K[?25h[?2026l[?2026h[?25l[A[1Gpulling manifest [K
pulling 043a363c6ca3:   9% ▕█                 ▏ 2.0 GB/ 21 GB  644 KB/s   8h16m[K[?25h[?2026l[?2026h[?25l[A[1Gpulling manifest [K
pulling 043a363c6ca3:   9% ▕█                 ▏ 2.0 GB/ 21 GB  644 KB/s   8h16m[K[?25h[?2026l[?2026h[?25l[A[1Gpulling manifest [K
pulling 043a363c6ca3:   9% ▕█                 ▏ 2.0 GB/ 21 GB  804 KB/s   6h37m[K[?25h[?2026l[?2026h[?25l[A[1Gpulling manifest [K
pulling 043a363c6ca3:   9% ▕█                 ▏ 2.0 GB/ 21 GB  855 KB/s   6h13m[K[?25h[?2026l[?2026h[?25l[A[1Gpulling manifest [K
pulling 043a363c6ca3:   9% ▕█                 ▏ 2.0 GB/ 21 GB  855 KB/s   6h13m[K[?25h[?2026l[?2026h[?25l[A[1Gpulling manifest [K
pulling 043a363c6ca3:   9% ▕█                 ▏ 2.0 GB/ 21 GB  999 KB/s   5h19m[K[?25h[?2026l[?2026h[?25l[A[1Gpulling manifest [K
pulling 043a363c6ca3:   9% ▕█                 ▏ 2.0 GB/ 21 GB  979 KB/s   5h26m[K[?25h[?2026l[?2026h[?25l[A[1Gpulling manifest [K
pulling 043a363c6ca3:   9% ▕█                 ▏ 2.0 GB/ 21 GB  1.1 MB/s   4h47m[K[?25h[?2026l[?2026h[?25l[A[1Gpulling manifest [K
pulling 043a363c6ca3:   9% ▕█                 ▏ 2.0 GB/ 21 GB  1.0 MB/s    5h7m[K[?25h[?2026l[?2026h[?25l[A[1Gpulling manifest [K
pulling 043a363c6ca3:   9% ▕█                 ▏ 2.0 GB/ 21 GB  1.0 MB/s    5h7m[K[?25h[?2026l[?2026h[?25l[A[1Gpulling manifest [K
pulling 043a363c6ca3:   9% ▕█                 ▏ 2.0 GB/ 21 GB  807 KB/s   6h35m[K[?25h[?2026l[?2026h[?25l[A[1Gpulling manifest [K
pulling 043a363c6ca3:   9% ▕█                 ▏ 2.0 GB/ 21 GB  1.1 MB/s   4h40m[K[?25h[?2026l[?2026h[?25l[A[1Gpulling manifest [K
pulling 043a363c6ca3:   9% ▕█                 ▏ 2.0 GB/ 21 GB  1.0 MB/s   5h10m[K[?25h[?2026l[?2026h[?25l[A[1Gpulling manifest [K
pulling 043a363c6ca3:   9% ▕█                 ▏ 2.0 GB/ 21 GB  1.2 MB/s   4h22m[K[?25h[?2026l[?2026h[?25l[A[1Gpulling manifest [K
pulling 043a363c6ca3:   9% ▕█                 ▏ 2.0 GB/ 21 GB  1.2 MB/s   4h22m[K[?25h[?2026l[?2026h[?25l[A[1Gpulling manifest [K
pulling 043a363c6ca3:   9% ▕█                 ▏ 2.0 GB/ 21 GB  1.2 MB/s   4h29m[K[?25h[?2026l[?2026h[?25l[A[1Gpulling manifest [K
pulling 043a363c6ca3:   9% ▕█                 ▏ 2.0 GB/ 21 GB  1.2 MB/s   4h29m[K[?25h[?2026l[?2026h[?25l[A[1Gpulling manifest [K
pulling 043a363c6ca3:   9% ▕█                 ▏ 2.0 GB/ 21 GB  1.2 MB/s   4h23m[K[?25h[?2026l[?2026h[?25l[A[1Gpulling manifest [K
pulling 043a363c6ca3:   9% ▕█                 ▏ 2.0 GB/ 21 GB  1.0 MB/s   5h18m[K[?25h[?2026l[?2026h[?25l[A[1Gpulling manifest [K
pulling 043a363c6ca3:   9% ▕█                 ▏ 2.0 GB/ 21 GB  941 KB/s   5h39m[K[?25h[?2026l[?2026h[?25l[A[1Gpulling manifest [K
pulling 043a363c6ca3:   9% ▕█                 ▏ 2.0 GB/ 21 GB  941 KB/s   5h39m[K[?25h[?2026l[?2026h[?25l[A[1Gpulling manifest [K
pulling 043a363c6ca3:   9% ▕█                 ▏ 2.0 GB/ 21 GB  1.1 MB/s    5h0m[K[?25h[?2026l[?2026h[?25l[A[1Gpulling manifest [K
pulling 043a363c6ca3:   9% ▕█                 ▏ 2.0 GB/ 21 GB  928 KB/s   5h43m[K[?25h[?2026l[?2026h[?25l[A[1Gpulling manifest [K
pulling 043a363c6ca3:   9% ▕█                 ▏ 2.0 GB/ 21 GB  730 KB/s   7h17m[K[?25h[?2026l[?2026h[?25l[A[1Gpulling manifest [K
pulling 043a363c6ca3:   9% ▕█                 ▏ 2.0 GB/ 21 GB  645 KB/s   8h14m[K[?25h[?2026l[?2026h[?25l[A[1Gpulling manifest [K
pulling 043a363c6ca3:   9% ▕█                 ▏ 2.0 GB/ 21 GB  645 KB/s   8h14m[K[?25h[?2026l[?2026h[?25l[A[1Gpulling manifest [K
pulling 043a363c6ca3:   9% ▕█                 ▏ 2.0 GB/ 21 GB  367 KB/s  14h28m[K[?25h[?2026l[?2026h[?25l[A[1Gpulling manifest [K
pulling 043a363c6ca3:   9% ▕█                 ▏ 2.0 GB/ 21 GB  343 KB/s  15h30m[K[?25h[?2026l[?2026h[?25l[A[1Gpulling manifest [K
pulling 043a363c6ca3:   9% ▕█                 ▏ 2.0 GB/ 21 GB  305 KB/s  17h24m[K[?25h[?2026l[?2026h[?25l[A[1Gpulling manifest [K
pulling 043a363c6ca3:   9% ▕█                 ▏ 2.0 GB/ 21 GB  246 KB/s  21h34m[K[?25h[?2026l[?2026h[?25l[A[1Gpulling manifest [K
pulling 043a363c6ca3:   9% ▕█                 ▏ 2.0 GB/ 21 GB  326 KB/s  16h19m[K[?25h[?2026l[?2026h[?25l[A[1Gpulling manifest [K
pulling 043a363c6ca3:   9% ▕█                 ▏ 2.0 GB/ 21 GB  263 KB/s  20h11m[K[?25h[?2026l[?2026h[?25l[A[1Gpulling manifest [K
pulling 043a363c6ca3:   9% ▕█                 ▏ 2.0 GB/ 21 GB  263 KB/s  20h11m[K[?25h[?2026l[?2026h[?25l[A[1Gpulling manifest [K
pulling 043a363c6ca3:   9% ▕█                 ▏ 2.0 GB/ 21 GB  263 KB/s  20h12m[K[?25h[?2026l[?2026h[?25l[A[1Gpulling manifest [K
pulling 043a363c6ca3:   9% ▕█                 ▏ 2.0 GB/ 21 GB  270 KB/s  19h39m[K[?25h[?2026l[?2026h[?25l[A[1Gpulling manifest [K
pulling 043a363c6ca3:   9% ▕█                 ▏ 2.0 GB/ 21 GB  257 KB/s  20h38m[K[?25h[?2026l[?2026h[?25l[A[1Gpulling manifest [K
pulling 043a363c6ca3:   9% ▕█                 ▏ 2.0 GB/ 21 GB  425 KB/s  12h30m[K[?25h[?2026l[?2026h[?25l[A[1Gpulling manifest [K
pulling 043a363c6ca3:   9% ▕█                 ▏ 2.0 GB/ 21 GB  425 KB/s  12h30m[K[?25h[?2026l[?2026h[?25l[A[1Gpulling manifest [K
pulling 043a363c6ca3:   9% ▕█                 ▏ 2.0 GB/ 21 GB  503 KB/s  10h34m[K[?25h[?2026l[?2026h[?25l[A[1Gpulling manifest [K
pulling 043a363c6ca3:   9% ▕█                 ▏ 2.0 GB/ 21 GB  503 KB/s  10h34m[K[?25h[?2026l[?2026h[?25l[A[1Gpulling manifest [K
pulling 043a363c6ca3:   9% ▕█                 ▏ 2.0 GB/ 21 GB  503 KB/s  10h34m[K[?25h[?2026l[?2026h[?25l[A[1Gpulling manifest [K
pulling 043a363c6ca3:   9% ▕█                 ▏ 2.0 GB/ 21 GB  503 KB/s  10h34m[K[?25h[?2026l[?2026h[?25l[A[1Gpulling manifest [K
pulling 043a363c6ca3:   9% ▕█                 ▏ 2.0 GB/ 21 GB  503 KB/s  10h34m[K[?25h[?2026l[?2026h[?25l[A[1Gpulling manifest [K
pulling 043a363c6ca3:   9% ▕█                 ▏ 2.0 GB/ 21 GB  706 KB/s   7h31m[K[?25h[?2026l[?2026h[?25l[A[1Gpulling manifest [K
pulling 043a363c6ca3:   9% ▕█                 ▏ 2.0 GB/ 21 GB  731 KB/s   7h16m[K[?25h[?2026l[?2026h[?25l[A[1Gpulling manifest [K
pulling 043a363c6ca3:   9% ▕█                 ▏ 2.0 GB/ 21 GB  733 KB/s   7h15m[K[?25h[?2026l[?2026h[?25l[A[1Gpulling manifest [K
pulling 043a363c6ca3:   9% ▕█                 ▏ 2.0 GB/ 21 GB  733 KB/s   7h15m[K[?25h[?2026l[?2026h[?25l[A[1Gpulling manifest [K
pulling 043a363c6ca3:   9% ▕█                 ▏ 2.0 GB/ 21 GB  855 KB/s   6h13m[K[?25h[?2026l[?2026h[?25l[A[1Gpulling manifest [K
pulling 043a363c6ca3:   9% ▕█                 ▏ 2.0 GB/ 21 GB  855 KB/s   6h13m[K[?25h[?2026l[?2026h[?25l[A[1Gpulling manifest [K
pulling 043a363c6ca3:   9% ▕█                 ▏ 2.0 GB/ 21 GB  855 KB/s   6h13m[K[?25h[?2026l[?2026h[?25l[A[1Gpulling manifest [K
pulling 043a363c6ca3:   9% ▕█                 ▏ 2.0 GB/ 21 GB  866 KB/s    6h8m[K[?25h[?2026l[?2026h[?25l[A[1Gpulling manifest [K
pulling 043a363c6ca3:   9% ▕█                 ▏ 2.0 GB/ 21 GB  697 KB/s   7h37m[K[?25h[?2026l[?2026h[?25l[A[1Gpulling manifest [K
pulling 043a363c6ca3:   9% ▕█                 ▏ 2.0 GB/ 21 GB  706 KB/s   7h32m[K[?25h[?2026l[?2026h[?25l[A[1Gpulling manifest [K
pulling 043a363c6ca3:   9% ▕█                 ▏ 2.0 GB/ 21 GB  560 KB/s   9h30m[K[?25h[?2026l[?2026h[?25l[A[1Gpulling manifest [K
pulling 043a363c6ca3:   9% ▕█                 ▏ 2.0 GB/ 21 GB  549 KB/s   9h40m[K[?25h[?2026l[?2026h[?25l[A[1Gpulling manifest [K
pulling 043a363c6ca3:   9% ▕█                 ▏ 2.0 GB/ 21 GB  534 KB/s   9h56m[K[?25h[?2026l[?2026h[?25l[A[1Gpulling manifest [K
pulling 043a363c6ca3:   9% ▕█                 ▏ 2.0 GB/ 21 GB  523 KB/s   10h9m[K[?25h[?2026l[?2026h[?25l[A[1Gpulling manifest [K
pulling 043a363c6ca3:   9% ▕█                 ▏ 2.0 GB/ 21 GB  411 KB/s  12h56m[K[?25h[?2026l[?2026h[?25l[A[1Gpulling manifest [K
pulling 043a363c6ca3:   9% ▕█                 ▏ 2.0 GB/ 21 GB  283 KB/s  18h44m[K[?25h[?2026l[?2026h[?25l[A[1Gpulling manifest [K
pulling 043a363c6ca3:   9% ▕█                 ▏ 2.0 GB/ 21 GB  100 KB/s   53h7m[K[?25h[?2026l[?2026h[?25l[A[1Gpulling manifest [K
pulling 043a363c6ca3:   9% ▕█                 ▏ 2.0 GB/ 21 GB  269 KB/s  19h44m[K[?25h[?2026l[?2026h[?25l[A[1Gpulling manifest [K
pulling 043a363c6ca3:  10% ▕█                 ▏ 2.0 GB/ 21 GB  487 KB/s  10h54m[K[?25h[?2026l[?2026h[?25l[A[1Gpulling manifest [K
pulling 043a363c6ca3:  10% ▕█                 ▏ 2.0 GB/ 21 GB  464 KB/s  11h27m[K[?25h[?2026l[?2026h[?25l[A[1Gpulling manifest [K
pulling 043a363c6ca3:  10% ▕█                 ▏ 2.0 GB/ 21 GB  464 KB/s  11h27m[K[?25h[?2026l[?2026h[?25l[A[1Gpulling manifest [K
pulling 043a363c6ca3:  10% ▕█                 ▏ 2.0 GB/ 21 GB  633 KB/s   8h23m[K[?25h[?2026l[?2026h[?25l[A[1Gpulling manifest [K
pulling 043a363c6ca3:  10% ▕█                 ▏ 2.0 GB/ 21 GB  629 KB/s   8h26m[K[?25h[?2026l[?2026h[?25l[A[1Gpulling manifest [K
pulling 043a363c6ca3:  10% ▕█                 ▏ 2.0 GB/ 21 GB  629 KB/s   8h26m[K[?25h[?2026l[?2026h[?25l[A[1Gpulling manifest [K
pulling 043a363c6ca3:  10% ▕█                 ▏ 2.0 GB/ 21 GB  611 KB/s   8h41m[K[?25h[?2026l[?2026h[?25l[A[1Gpulling manifest [K
pulling 043a363c6ca3:  10% ▕█                 ▏ 2.0 GB/ 21 GB  611 KB/s   8h41m[K[?25h[?2026l[?2026h[?25l[A[1Gpulling manifest [K
pulling 043a363c6ca3:  10% ▕█                 ▏ 2.0 GB/ 21 GB  668 KB/s   7h57m[K[?25h[?2026l[?2026h[?25l[A[1Gpulling manifest [K
pulling 043a363c6ca3:  10% ▕█                 ▏ 2.0 GB/ 21 GB  668 KB/s   7h57m[K[?25h[?2026l[?2026h[?25l[A[1Gpulling manifest [K
pulling 043a363c6ca3:  10% ▕█                 ▏ 2.0 GB/ 21 GB  668 KB/s   7h57m[K[?25h[?2026l[?2026h[?25l[A[1Gpulling manifest [K
pulling 043a363c6ca3:  10% ▕█                 ▏ 2.0 GB/ 21 GB  720 KB/s   7h22m[K[?25h[?2026l[?2026h[?25l[A[1Gpulling manifest [K
pulling 043a363c6ca3:  10% ▕█                 ▏ 2.0 GB/ 21 GB  720 KB/s   7h22m[K[?25h[?2026l[?2026h[?25l[A[1Gpulling manifest [K
pulling 043a363c6ca3:  10% ▕█                 ▏ 2.0 GB/ 21 GB  809 KB/s   6h34m[K[?25h[?2026l[?2026h[?25l[A[1Gpulling manifest [K
pulling 043a363c6ca3:  10% ▕█                 ▏ 2.0 GB/ 21 GB  797 KB/s   6h40m[K[?25h[?2026l[?2026h[?25l[A[1Gpulling manifest [K
pulling 043a363c6ca3:  10% ▕█                 ▏ 2.0 GB/ 21 GB  723 KB/s   7h20m[K[?25h[?2026l[?2026h[?25l[A[1Gpulling manifest [K
pulling 043a363c6ca3:  10% ▕█                 ▏ 2.0 GB/ 21 GB  754 KB/s    7h2m[K[?25h[?2026l[?2026h[?25l[A[1Gpulling manifest [K
pulling 043a363c6ca3:  10% ▕█                 ▏ 2.0 GB/ 21 GB  706 KB/s   7h31m[K[?25h[?2026l[?2026h[?25l[A[1Gpulling manifest [K
pulling 043a363c6ca3:  10% ▕█                 ▏ 2.0 GB/ 21 GB  660 KB/s    8h2m[K[?25h[?2026l[?2026h[?25l[A[1Gpulling manifest [K
pulling 043a363c6ca3:  10% ▕█                 ▏ 2.0 GB/ 21 GB  660 KB/s    8h2m[K[?25h[?2026l[?2026h[?25l[A[1Gpulling manifest [K
pulling 043a363c6ca3:  10% ▕█                 ▏ 2.0 GB/ 21 GB  660 KB/s    8h2m[K[?25h[?2026l[?2026h[?25l[A[1Gpulling manifest [K
pulling 043a363c6ca3:  10% ▕█                 ▏ 2.0 GB/ 21 GB  660 KB/s    8h2m[K[?25h[?2026l[?2026h[?25l[A[1Gpulling manifest [K
pulling 043a363c6ca3:  10% ▕█                 ▏ 2.0 GB/ 21 GB  660 KB/s    8h2m[K[?25h[?2026l[?2026h[?25l[A[1Gpulling manifest [K
pulling 043a363c6ca3:  10% ▕█                 ▏ 2.0 GB/ 21 GB  723 KB/s   7h21m[K[?25h[?2026l[?2026h[?25l[A[1Gpulling manifest [K
pulling 043a363c6ca3:  10% ▕█                 ▏ 2.0 GB/ 21 GB  723 KB/s   7h21m[K[?25h[?2026l[?2026h[?25l[A[1Gpulling manifest [K
pulling 043a363c6ca3:  10% ▕█                 ▏ 2.0 GB/ 21 GB  723 KB/s   7h21m[K[?25h[?2026l[?2026h[?25l[A[1Gpulling manifest [K
pulling 043a363c6ca3:  10% ▕█                 ▏ 2.0 GB/ 21 GB  723 KB/s   7h21m[K[?25h[?2026l[?2026h[?25l[A[1Gpulling manifest [K
pulling 043a363c6ca3:  10% ▕█                 ▏ 2.0 GB/ 21 GB  752 KB/s    7h3m[K[?25h[?2026l[?2026h[?25l[A[1Gpulling manifest [K
pulling 043a363c6ca3:  10% ▕█                 ▏ 2.0 GB/ 21 GB  752 KB/s    7h3m[K[?25h[?2026l[?2026h[?25l[A[1Gpulling manifest [K
pulling 043a363c6ca3:  10% ▕█                 ▏ 2.0 GB/ 21 GB  717 KB/s   7h24m[K[?25h[?2026l[?2026h[?25l[A[1Gpulling manifest [K
pulling 043a363c6ca3:  10% ▕█                 ▏ 2.0 GB/ 21 GB  666 KB/s   7h58m[K[?25h[?2026l[?2026h[?25l[A[1Gpulling manifest [K
pulling 043a363c6ca3:  10% ▕█                 ▏ 2.0 GB/ 21 GB  666 KB/s   7h58m[K[?25h[?2026l[?2026h[?25l[A[1Gpulling manifest [K
pulling 043a363c6ca3:  10% ▕█                 ▏ 2.0 GB/ 21 GB  690 KB/s   7h41m[K[?25h[?2026l[?2026h[?25l[A[1Gpulling manifest [K
pulling 043a363c6ca3:  10% ▕█                 ▏ 2.0 GB/ 21 GB  690 KB/s   7h41m[K[?25h[?2026l[?2026h[?25l[A[1Gpulling manifest [K
pulling 043a363c6ca3:  10% ▕█                 ▏ 2.0 GB/ 21 GB  739 KB/s   7h11m[K[?25h[?2026l[?2026h[?25l[A[1Gpulling manifest [K
pulling 043a363c6ca3:  10% ▕█                 ▏ 2.0 GB/ 21 GB  674 KB/s   7h53m[K[?25h[?2026l[?2026h[?25l[A[1Gpulling manifest [K
pulling 043a363c6ca3:  10% ▕█                 ▏ 2.0 GB/ 21 GB  674 KB/s   7h53m[K[?25h[?2026l[?2026h[?25l[A[1Gpulling manifest [K
pulling 043a363c6ca3:  10% ▕█                 ▏ 2.0 GB/ 21 GB  704 KB/s   7h32m[K[?25h[?2026l[?2026h[?25l[A[1Gpulling manifest [K
pulling 043a363c6ca3:  10% ▕█                 ▏ 2.0 GB/ 21 GB  704 KB/s   7h32m[K[?25h[?2026l[?2026h[?25l[A[1Gpulling manifest [K
pulling 043a363c6ca3:  10% ▕█                 ▏ 2.0 GB/ 21 GB  704 KB/s   7h32m[K[?25h[?2026l[?2026h[?25l[A[1Gpulling manifest [K
pulling 043a363c6ca3:  10% ▕█                 ▏ 2.0 GB/ 21 GB  786 KB/s   6h45m[K[?25h[?2026l[?2026h[?25l[A[1Gpulling manifest [K
pulling 043a363c6ca3:  10% ▕█                 ▏ 2.0 GB/ 21 GB  662 KB/s    8h1m[K[?25h[?2026l[?2026h[?25l[A[1Gpulling manifest [K
pulling 043a363c6ca3:  10% ▕█                 ▏ 2.0 GB/ 21 GB  647 KB/s   8h12m[K[?25h[?2026l[?2026h[?25l[A[1Gpulling manifest [K
pulling 043a363c6ca3:  10% ▕█                 ▏ 2.0 GB/ 21 GB  647 KB/s   8h12m[K[?25h[?2026l[?2026h[?25l[A[1Gpulling manifest [K
pulling 043a363c6ca3:  10% ▕█                 ▏ 2.0 GB/ 21 GB  650 KB/s    8h9m[K[?25h[?2026l[?2026h[?25l[A[1Gpulling manifest [K
pulling 043a363c6ca3:  10% ▕█                 ▏ 2.0 GB/ 21 GB  650 KB/s    8h9m[K[?25h[?2026l[?2026h[?25l[A[1Gpulling manifest [K
pulling 043a363c6ca3:  10% ▕█                 ▏ 2.0 GB/ 21 GB  650 KB/s    8h9m[K[?25h[?2026l[?2026h[?25l[A[1Gpulling manifest [K
pulling 043a363c6ca3:  10% ▕█                 ▏ 2.0 GB/ 21 GB  668 KB/s   7h57m[K[?25h[?2026l[?2026h[?25l[A[1Gpulling manifest [K
pulling 043a363c6ca3:  10% ▕█                 ▏ 2.0 GB/ 21 GB  668 KB/s   7h57m[K[?25h[?2026l[?2026h[?25l[A[1Gpulling manifest [K
pulling 043a363c6ca3:  10% ▕█                 ▏ 2.0 GB/ 21 GB  658 KB/s    8h4m[K[?25h[?2026l[?2026h[?25l[A[1Gpulling manifest [K
pulling 043a363c6ca3:  10% ▕█                 ▏ 2.0 GB/ 21 GB  668 KB/s   7h56m[K[?25h[?2026l[?2026h[?25l[A[1Gpulling manifest [K
pulling 043a363c6ca3:  10% ▕█                 ▏ 2.0 GB/ 21 GB  668 KB/s   7h56m[K[?25h[?2026l[?2026h[?25l[A[1Gpulling manifest [K
pulling 043a363c6ca3:  10% ▕█                 ▏ 2.0 GB/ 21 GB  623 KB/s   8h31m[K[?25h[?2026l[?2026h[?25l[A[1Gpulling manifest [K
pulling 043a363c6ca3:  10% ▕█                 ▏ 2.0 GB/ 21 GB  591 KB/s   8h59m[K[?25h[?2026l[?2026h[?25l[A[1Gpulling manifest [K
pulling 043a363c6ca3:  10% ▕█                 ▏ 2.0 GB/ 21 GB  591 KB/s   8h59m[K[?25h[?2026l[?2026h[?25l[A[1Gpulling manifest [K
pulling 043a363c6ca3:  10% ▕█                 ▏ 2.0 GB/ 21 GB  578 KB/s   9h11m[K[?25h[?2026l[?2026h[?25l[A[1Gpulling manifest [K
pulling 043a363c6ca3:  10% ▕█                 ▏ 2.0 GB/ 21 GB  602 KB/s   8h49m[K[?25h[?2026l[?2026h[?25l[A[1Gpulling manifest [K
pulling 043a363c6ca3:  10% ▕█                 ▏ 2.0 GB/ 21 GB  602 KB/s   8h49m[K[?25h[?2026l[?2026h[?25l[A[1Gpulling manifest [K
pulling 043a363c6ca3:  10% ▕█                 ▏ 2.0 GB/ 21 GB  602 KB/s   8h49m[K[?25h[?2026l[?2026h[?25l[A[1Gpulling manifest [K
pulling 043a363c6ca3:  10% ▕█                 ▏ 2.0 GB/ 21 GB  518 KB/s  10h14m[K[?25h[?2026l[?2026h[?25l[A[1Gpulling manifest [K
pulling 043a363c6ca3:  10% ▕█                 ▏ 2.0 GB/ 21 GB  518 KB/s  10h14m[K[?25h[?2026l[?2026h[?25l[A[1Gpulling manifest [K
pulling 043a363c6ca3:  10% ▕█                 ▏ 2.0 GB/ 21 GB  517 KB/s  10h15m[K[?25h[?2026l[?2026h[?25l[A[1Gpulling manifest [K
pulling 043a363c6ca3:  10% ▕█                 ▏ 2.0 GB/ 21 GB  517 KB/s  10h15m[K[?25h[?2026l[?2026h[?25l[A[1Gpulling manifest [K
pulling 043a363c6ca3:  10% ▕█                 ▏ 2.0 GB/ 21 GB  497 KB/s  10h40m[K[?25h[?2026l[?2026h[?25l[A[1Gpulling manifest [K
pulling 043a363c6ca3:  10% ▕█                 ▏ 2.0 GB/ 21 GB  481 KB/s   11h2m[K[?25h[?2026l[?2026h[?25l[A[1Gpulling manifest [K
pulling 043a363c6ca3:  10% ▕█                 ▏ 2.0 GB/ 21 GB  481 KB/s   11h2m[K[?25h[?2026l[?2026h[?25l[A[1Gpulling manifest [K
pulling 043a363c6ca3:  10% ▕█                 ▏ 2.0 GB/ 21 GB  414 KB/s  12h49m[K[?25h[?2026l[?2026h[?25l[A[1Gpulling manifest [K
pulling 043a363c6ca3:  10% ▕█                 ▏ 2.0 GB/ 21 GB  279 KB/s   19h1m[K[?25h[?2026l[?2026h[?25l[A[1Gpulling manifest [K
pulling 043a363c6ca3:  10% ▕█                 ▏ 2.0 GB/ 21 GB  264 KB/s   20h6m[K[?25h[?2026l[?2026h[?25l[A[1Gpulling manifest [K
pulling 043a363c6ca3:  10% ▕█                 ▏ 2.0 GB/ 21 GB  251 KB/s   21h6m[K[?25h[?2026l[?2026h[?25l[A[1Gpulling manifest [K
pulling 043a363c6ca3:  10% ▕█                 ▏ 2.0 GB/ 21 GB  255 KB/s  20h47m[K[?25h[?2026l[?2026h[?25l[A[1Gpulling manifest [K
pulling 043a363c6ca3:  10% ▕█                 ▏ 2.0 GB/ 21 GB  255 KB/s  20h47m[K[?25h[?2026l[?2026h[?25l[A[1Gpulling manifest [K
pulling 043a363c6ca3:  10% ▕█                 ▏ 2.0 GB/ 21 GB  227 KB/s  23h23m[K[?25h[?2026l[?2026h[?25l[A[1Gpulling manifest [K
pulling 043a363c6ca3:  10% ▕█                 ▏ 2.0 GB/ 21 GB  224 KB/s  23h40m[K[?25h[?2026l[?2026h[?25l[A[1Gpulling manifest [K
pulling 043a363c6ca3:  10% ▕█                 ▏ 2.0 GB/ 21 GB  363 KB/s  14h36m[K[?25h[?2026l[?2026h[?25l[A[1Gpulling manifest [K
pulling 043a363c6ca3:  10% ▕█                 ▏ 2.0 GB/ 21 GB  405 KB/s   13h6m[K[?25h[?2026l[?2026h[?25l[A[1Gpulling manifest [K
pulling 043a363c6ca3:  10% ▕█                 ▏ 2.0 GB/ 21 GB  391 KB/s  13h32m[K[?25h[?2026l[?2026h[?25l[A[1Gpulling manifest [K
pulling 043a363c6ca3:  10% ▕█                 ▏ 2.0 GB/ 21 GB  608 KB/s   8h43m[K[?25h[?2026l[?2026h[?25l[A[1Gpulling manifest [K
pulling 043a363c6ca3:  10% ▕█                 ▏ 2.0 GB/ 21 GB  608 KB/s   8h43m[K[?25h[?2026l[?2026h[?25l[A[1Gpulling manifest [K
pulling 043a363c6ca3:  10% ▕█                 ▏ 2.0 GB/ 21 GB  598 KB/s   8h52m[K[?25h[?2026l[?2026h[?25l[A[1Gpulling manifest [K
pulling 043a363c6ca3:  10% ▕█                 ▏ 2.0 GB/ 21 GB  598 KB/s   8h52m[K[?25h[?2026l[?2026h[?25l[A[1Gpulling manifest [K
pulling 043a363c6ca3:  10% ▕█                 ▏ 2.0 GB/ 21 GB  598 KB/s   8h52m[K[?25h[?2026l[?2026h[?25l[A[1Gpulling manifest [K
pulling 043a363c6ca3:  10% ▕█                 ▏ 2.0 GB/ 21 GB  598 KB/s   8h52m[K[?25h[?2026l[?2026h[?25l[A[1Gpulling manifest [K
pulling 043a363c6ca3:  10% ▕█                 ▏ 2.0 GB/ 21 GB  598 KB/s   8h52m[K[?25h[?2026l[?2026h[?25l[A[1Gpulling manifest [K
pulling 043a363c6ca3:  10% ▕█                 ▏ 2.0 GB/ 21 GB  598 KB/s   8h52m[K[?25h[?2026l[?2026h[?25l[A[1Gpulling manifest [K
pulling 043a363c6ca3:  10% ▕█                 ▏ 2.0 GB/ 21 GB  598 KB/s   8h52m[K[?25h[?2026l[?2026h[?25l[A[1Gpulling manifest [K
pulling 043a363c6ca3:  10% ▕█                 ▏ 2.0 GB/ 21 GB  598 KB/s   8h52m[K[?25h[?2026l[?2026h[?25l[A[1Gpulling manifest [K
pulling 043a363c6ca3:  10% ▕█                 ▏ 2.0 GB/ 21 GB  598 KB/s   8h52m[K[?25h[?2026l[?2026h[?25l[A[1Gpulling manifest [K
pulling 043a363c6ca3:  10% ▕█                 ▏ 2.0 GB/ 21 GB  781 KB/s   6h47m[K[?25h[?2026l[?2026h[?25l[A[1Gpulling manifest [K
pulling 043a363c6ca3:  10% ▕█                 ▏ 2.0 GB/ 21 GB  781 KB/s   6h47m[K[?25h[?2026l[?2026h[?25l[A[1Gpulling manifest [K
pulling 043a363c6ca3:  10% ▕█                 ▏ 2.0 GB/ 21 GB  781 KB/s   6h47m[K[?25h[?2026l[?2026h[?25l[A[1Gpulling manifest [K
pulling 043a363c6ca3:  10% ▕█                 ▏ 2.1 GB/ 21 GB  781 KB/s   6h47m[K[?25h[?2026l[?2026h[?25l[A[1Gpulling manifest [K
pulling 043a363c6ca3:  10% ▕█                 ▏ 2.1 GB/ 21 GB  781 KB/s   6h47m[K[?25h[?2026l[?2026h[?25l[A[1Gpulling manifest [K
pulling 043a363c6ca3:  10% ▕█                 ▏ 2.1 GB/ 21 GB  781 KB/s   6h47m[K[?25h[?2026l[?2026h[?25l[A[1Gpulling manifest [K
pulling 043a363c6ca3:  10% ▕█                 ▏ 2.1 GB/ 21 GB  781 KB/s   6h47m[K[?25h[?2026l[?2026h[?25l[A[1Gpulling manifest [K
pulling 043a363c6ca3:  10% ▕█                 ▏ 2.1 GB/ 21 GB  781 KB/s   6h47m[K[?25h[?2026l[?2026h[?25l[A[1Gpulling manifest [K
pulling 043a363c6ca3:  10% ▕█                 ▏ 2.1 GB/ 21 GB  781 KB/s   6h47m[K[?25h[?2026l[?2026h[?25l[A[1Gpulling manifest [K
pulling 043a363c6ca3:  10% ▕█                 ▏ 2.1 GB/ 21 GB  781 KB/s   6h47m[K[?25h[?2026l[?2026h[?25l[A[1Gpulling manifest [K
pulling 043a363c6ca3:  10% ▕█                 ▏ 2.1 GB/ 21 GB  3.0 MB/s   1h44m[K[?25h[?2026l[?2026h[?25l[A[1Gpulling manifest [K
pulling 043a363c6ca3:  10% ▕█                 ▏ 2.1 GB/ 21 GB  3.0 MB/s   1h44m[K[?25h[?2026l[?2026h[?25l[A[1Gpulling manifest [K
pulling 043a363c6ca3:  10% ▕█                 ▏ 2.1 GB/ 21 GB  3.0 MB/s   1h44m[K[?25h[?2026l[?2026h[?25l[A[1Gpulling manifest [K
pulling 043a363c6ca3:  10% ▕█                 ▏ 2.1 GB/ 21 GB  3.0 MB/s   1h44m[K[?25h[?2026l[?2026h[?25l[A[1Gpulling manifest [K
pulling 043a363c6ca3:  10% ▕█                 ▏ 2.1 GB/ 21 GB  3.0 MB/s   1h44m[K[?25h[?2026l[?2026h[?25l[A[1Gpulling manifest [K
pulling 043a363c6ca3:  10% ▕█                 ▏ 2.1 GB/ 21 GB  3.5 MB/s   1h31m[K[?25h[?2026l[?2026h[?25l[A[1Gpulling manifest [K
pulling 043a363c6ca3:  10% ▕█                 ▏ 2.1 GB/ 21 GB  3.4 MB/s   1h33m[K[?25h[?2026l[?2026h[?25l[A[1Gpulling manifest [K
pulling 043a363c6ca3:  10% ▕█                 ▏ 2.1 GB/ 21 GB  3.3 MB/s   1h36m[K[?25h[?2026l[?2026h[?25l[A[1Gpulling manifest [K
pulling 043a363c6ca3:  10% ▕█                 ▏ 2.1 GB/ 21 GB  3.3 MB/s   1h36m[K[?25h[?2026l[?2026h[?25l[A[1Gpulling manifest [K
pulling 043a363c6ca3:  10% ▕█                 ▏ 2.1 GB/ 21 GB  3.2 MB/s   1h38m[K[?25h[?2026l[?2026h[?25l[A[1Gpulling manifest [K
pulling 043a363c6ca3:  10% ▕█                 ▏ 2.1 GB/ 21 GB  3.2 MB/s   1h38m[K[?25h[?2026l[?2026h[?25l[A[1Gpulling manifest [K
pulling 043a363c6ca3:  10% ▕█                 ▏ 2.1 GB/ 21 GB  1.0 MB/s    5h9m[K[?25h[?2026l[?2026h[?25l[A[1Gpulling manifest [K
pulling 043a363c6ca3:  10% ▕█                 ▏ 2.1 GB/ 21 GB  625 KB/s   8h28m[K[?25h[?2026l[?2026h[?25l[A[1Gpulling manifest [K
pulling 043a363c6ca3:  10% ▕█                 ▏ 2.1 GB/ 21 GB  630 KB/s   8h24m[K[?25h[?2026l[?2026h[?25l[A[1Gpulling manifest [K
pulling 043a363c6ca3:  10% ▕█                 ▏ 2.1 GB/ 21 GB  630 KB/s   8h24m[K[?25h[?2026l[?2026h[?25l[A[1Gpulling manifest [K
pulling 043a363c6ca3:  10% ▕█                 ▏ 2.1 GB/ 21 GB  630 KB/s   8h24m[K[?25h[?2026l[?2026h[?25l[A[1Gpulling manifest [K
pulling 043a363c6ca3:  10% ▕█                 ▏ 2.1 GB/ 21 GB  630 KB/s   8h24m[K[?25h[?2026l[?2026h[?25l[A[1Gpulling manifest [K
pulling 043a363c6ca3:  10% ▕█                 ▏ 2.1 GB/ 21 GB  698 KB/s   7h34m[K[?25h[?2026l[?2026h[?25l[A[1Gpulling manifest [K
pulling 043a363c6ca3:  10% ▕█                 ▏ 2.1 GB/ 21 GB  640 KB/s   8h16m[K[?25h[?2026l[?2026h[?25l[A[1Gpulling manifest [K
pulling 043a363c6ca3:  10% ▕█                 ▏ 2.1 GB/ 21 GB  464 KB/s  11h24m[K[?25h[?2026l[?2026h[?25l[A[1Gpulling manifest [K
pulling 043a363c6ca3:  10% ▕█                 ▏ 2.1 GB/ 21 GB  461 KB/s  11h29m[K[?25h[?2026l[?2026h[?25l[A[1Gpulling manifest [K
pulling 043a363c6ca3:  10% ▕█                 ▏ 2.1 GB/ 21 GB  466 KB/s  11h21m[K[?25h[?2026l[?2026h[?25l[A[1Gpulling manifest [K
pulling 043a363c6ca3:  10% ▕█                 ▏ 2.1 GB/ 21 GB  371 KB/s  14h14m[K[?25h[?2026l[?2026h[?25l[A[1Gpulling manifest [K
pulling 043a363c6ca3:  10% ▕█                 ▏ 2.1 GB/ 21 GB  316 KB/s  16h44m[K[?25h[?2026l[?2026h[?25l[A[1Gpulling manifest [K
pulling 043a363c6ca3:  10% ▕█                 ▏ 2.1 GB/ 21 GB  316 KB/s  16h44m[K[?25h[?2026l[?2026h[?25l[A[1Gpulling manifest [K
pulling 043a363c6ca3:  10% ▕█                 ▏ 2.1 GB/ 21 GB  412 KB/s  12h50m[K[?25h[?2026l[?2026h[?25l[A[1Gpulling manifest [K
pulling 043a363c6ca3:  10% ▕█                 ▏ 2.1 GB/ 21 GB  376 KB/s   14h5m[K[?25h[?2026l[?2026h[?25l[A[1Gpulling manifest [K
pulling 043a363c6ca3:  10% ▕█                 ▏ 2.1 GB/ 21 GB  376 KB/s   14h5m[K[?25h[?2026l[?2026h[?25l[A[1Gpulling manifest [K
pulling 043a363c6ca3:  10% ▕█                 ▏ 2.1 GB/ 21 GB  376 KB/s   14h5m[K[?25h[?2026l[?2026h[?25l[A[1Gpulling manifest [K
pulling 043a363c6ca3:  10% ▕█                 ▏ 2.1 GB/ 21 GB  405 KB/s   13h4m[K[?25h[?2026l[?2026h[?25l[A[1Gpulling manifest [K
pulling 043a363c6ca3:  10% ▕█                 ▏ 2.1 GB/ 21 GB  405 KB/s   13h4m[K[?25h[?2026l[?2026h[?25l[A[1Gpulling manifest [K
pulling 043a363c6ca3:  10% ▕█                 ▏ 2.1 GB/ 21 GB  405 KB/s   13h4m[K[?25h[?2026l[?2026h[?25l[A[1Gpulling manifest [K
pulling 043a363c6ca3:  10% ▕█                 ▏ 2.1 GB/ 21 GB  405 KB/s   13h4m[K[?25h[?2026l[?2026h[?25l[A[1Gpulling manifest [K
pulling 043a363c6ca3:  10% ▕█                 ▏ 2.1 GB/ 21 GB  750 KB/s    7h3m[K[?25h[?2026l[?2026h[?25l[A[1Gpulling manifest [K
pulling 043a363c6ca3:  10% ▕█                 ▏ 2.1 GB/ 21 GB  750 KB/s    7h3m[K[?25h[?2026l[?2026h[?25l[A[1Gpulling manifest [K
pulling 043a363c6ca3:  10% ▕█                 ▏ 2.1 GB/ 21 GB  862 KB/s    6h8m[K[?25h[?2026l[?2026h[?25l[A[1Gpulling manifest [K
pulling 043a363c6ca3:  10% ▕█                 ▏ 2.1 GB/ 21 GB  862 KB/s    6h8m[K[?25h[?2026l[?2026h[?25l[A[1Gpulling manifest [K
pulling 043a363c6ca3:  10% ▕█                 ▏ 2.1 GB/ 21 GB  862 KB/s    6h8m[K[?25h[?2026l[?2026h[?25l[A[1Gpulling manifest [K
pulling 043a363c6ca3:  10% ▕█                 ▏ 2.1 GB/ 21 GB  1.0 MB/s    5h7m[K[?25h[?2026l[?2026h[?25l[A[1Gpulling manifest [K
pulling 043a363c6ca3:  10% ▕█                 ▏ 2.1 GB/ 21 GB  1.0 MB/s    5h5m[K[?25h[?2026l[?2026h[?25l[A[1Gpulling manifest [K
pulling 043a363c6ca3:  10% ▕█                 ▏ 2.1 GB/ 21 GB  1.0 MB/s    5h5m[K[?25h[?2026l[?2026h[?25l[A[1Gpulling manifest [K
pulling 043a363c6ca3:  10% ▕█                 ▏ 2.1 GB/ 21 GB  1.2 MB/s   4h24m[K[?25h[?2026l[?2026h[?25l[A[1Gpulling manifest [K
pulling 043a363c6ca3:  10% ▕█                 ▏ 2.1 GB/ 21 GB  1.2 MB/s   4h24m[K[?25h[?2026l[?2026h[?25l[A[1Gpulling manifest [K
pulling 043a363c6ca3:  10% ▕█                 ▏ 2.1 GB/ 21 GB  1.5 MB/s   3h35m[K[?25h[?2026l[?2026h[?25l[A[1Gpulling manifest [K
pulling 043a363c6ca3:  10% ▕█                 ▏ 2.1 GB/ 21 GB  1.4 MB/s   3h50m[K[?25h[?2026l[?2026h[?25l[A[1Gpulling manifest [K
pulling 043a363c6ca3:  10% ▕█                 ▏ 2.1 GB/ 21 GB  1.4 MB/s   3h47m[K[?25h[?2026l[?2026h[?25l[A[1Gpulling manifest [K
pulling 043a363c6ca3:  10% ▕█                 ▏ 2.1 GB/ 21 GB  1.4 MB/s   3h53m[K[?25h[?2026l[?2026h[?25l[A[1Gpulling manifest [K
pulling 043a363c6ca3:  10% ▕█                 ▏ 2.1 GB/ 21 GB  1.4 MB/s   3h53m[K[?25h[?2026l[?2026h[?25l[A[1Gpulling manifest [K
pulling 043a363c6ca3:  10% ▕█                 ▏ 2.1 GB/ 21 GB  1.4 MB/s   3h53m[K[?25h[?2026l[?2026h[?25l[A[1Gpulling manifest [K
pulling 043a363c6ca3:  10% ▕█                 ▏ 2.1 GB/ 21 GB  1.1 MB/s   4h43m[K[?25h[?2026l[?2026h[?25l[A[1Gpulling manifest [K
pulling 043a363c6ca3:  10% ▕█                 ▏ 2.1 GB/ 21 GB  1.1 MB/s   4h43m[K[?25h[?2026l[?2026h[?25l[A[1Gpulling manifest [K
pulling 043a363c6ca3:  10% ▕█                 ▏ 2.1 GB/ 21 GB  797 KB/s   6h38m[K[?25h[?2026l[?2026h[?25l[A[1Gpulling manifest [K
pulling 043a363c6ca3:  10% ▕█                 ▏ 2.1 GB/ 21 GB  797 KB/s   6h38m[K[?25h[?2026l[?2026h[?25l[A[1Gpulling manifest [K
pulling 043a363c6ca3:  10% ▕█                 ▏ 2.1 GB/ 21 GB  1.1 MB/s   4h56m[K[?25h[?2026l[?2026h[?25l[A[1Gpulling manifest [K
pulling 043a363c6ca3:  10% ▕█                 ▏ 2.1 GB/ 21 GB  1.1 MB/s   4h56m[K[?25h[?2026l[?2026h[?25l[A[1Gpulling manifest [K
pulling 043a363c6ca3:  10% ▕█                 ▏ 2.1 GB/ 21 GB  1.1 MB/s   4h44m[K[?25h[?2026l[?2026h[?25l[A[1Gpulling manifest [K
pulling 043a363c6ca3:  10% ▕█                 ▏ 2.1 GB/ 21 GB  1.1 MB/s   4h44m[K[?25h[?2026l[?2026h[?25l[A[1Gpulling manifest [K
pulling 043a363c6ca3:  10% ▕█                 ▏ 2.1 GB/ 21 GB  1.1 MB/s   4h44m[K[?25h[?2026l[?2026h[?25l[A[1Gpulling manifest [K
pulling 043a363c6ca3:  10% ▕█                 ▏ 2.1 GB/ 21 GB  1.4 MB/s   3h39m[K[?25h[?2026l[?2026h[?25l[A[1Gpulling manifest [K
pulling 043a363c6ca3:  10% ▕█                 ▏ 2.1 GB/ 21 GB  1.4 MB/s   3h39m[K[?25h[?2026l[?2026h[?25l[A[1Gpulling manifest [K
pulling 043a363c6ca3:  10% ▕█                 ▏ 2.1 GB/ 21 GB  1.4 MB/s   3h39m[K[?25h[?2026l[?2026h[?25l[A[1Gpulling manifest [K
pulling 043a363c6ca3:  10% ▕█                 ▏ 2.1 GB/ 21 GB  1.5 MB/s   3h27m[K[?25h[?2026l[?2026h[?25l[A[1Gpulling manifest [K
pulling 043a363c6ca3:  10% ▕█                 ▏ 2.1 GB/ 21 GB  1.5 MB/s   3h27m[K[?25h[?2026l[?2026h[?25l[A[1Gpulling manifest [K
pulling 043a363c6ca3:  10% ▕█                 ▏ 2.1 GB/ 21 GB  1.5 MB/s   3h27m[K[?25h[?2026l[?2026h[?25l[A[1Gpulling manifest [K
pulling 043a363c6ca3:  10% ▕█                 ▏ 2.1 GB/ 21 GB  1.5 MB/s   3h24m[K[?25h[?2026l[?2026h[?25l[A[1Gpulling manifest [K
pulling 043a363c6ca3:  10% ▕█                 ▏ 2.1 GB/ 21 GB  1.5 MB/s   3h24m[K[?25h[?2026l[?2026h[?25l[A[1Gpulling manifest [K
pulling 043a363c6ca3:  10% ▕█                 ▏ 2.1 GB/ 21 GB  1.5 MB/s   3h24m[K[?25h[?2026l[?2026h[?25l[A[1Gpulling manifest [K
pulling 043a363c6ca3:  10% ▕█                 ▏ 2.1 GB/ 21 GB  1.6 MB/s   3h13m[K[?25h[?2026l[?2026h[?25l[A[1Gpulling manifest [K
pulling 043a363c6ca3:  10% ▕█                 ▏ 2.1 GB/ 21 GB  1.6 MB/s   3h21m[K[?25h[?2026l[?2026h[?25l[A[1Gpulling manifest [K
pulling 043a363c6ca3:  10% ▕█                 ▏ 2.1 GB/ 21 GB  1.6 MB/s   3h21m[K[?25h[?2026l[?2026h[?25l[A[1Gpulling manifest [K
pulling 043a363c6ca3:  10% ▕█                 ▏ 2.1 GB/ 21 GB  1.6 MB/s   3h17m[K[?25h[?2026l[?2026h[?25l[A[1Gpulling manifest [K
pulling 043a363c6ca3:  10% ▕█                 ▏ 2.1 GB/ 21 GB  1.6 MB/s   3h17m[K[?25h[?2026l[?2026h[?25l[A[1Gpulling manifest [K
pulling 043a363c6ca3:  10% ▕█                 ▏ 2.1 GB/ 21 GB  1.6 MB/s   3h18m[K[?25h[?2026l[?2026h[?25l[A[1Gpulling manifest [K
pulling 043a363c6ca3:  10% ▕█                 ▏ 2.1 GB/ 21 GB  1.6 MB/s   3h18m[K[?25h[?2026l[?2026h[?25l[A[1Gpulling manifest [K
pulling 043a363c6ca3:  10% ▕█                 ▏ 2.1 GB/ 21 GB  1.3 MB/s   3h58m[K[?25h[?2026l[?2026h[?25l[A[1Gpulling manifest [K
pulling 043a363c6ca3:  10% ▕█                 ▏ 2.1 GB/ 21 GB  1.3 MB/s   3h58m[K[?25h[?2026l[?2026h[?25l[A[1Gpulling manifest [K
pulling 043a363c6ca3:  10% ▕█                 ▏ 2.1 GB/ 21 GB  1.6 MB/s   3h13m[K[?25h[?2026l[?2026h[?25l[A[1Gpulling manifest [K
pulling 043a363c6ca3:  10% ▕█                 ▏ 2.1 GB/ 21 GB  1.6 MB/s   3h13m[K[?25h[?2026l[?2026h[?25l[A[1Gpulling manifest [K
pulling 043a363c6ca3:  10% ▕█                 ▏ 2.1 GB/ 21 GB  1.6 MB/s   3h13m[K[?25h[?2026l[?2026h[?25l[A[1Gpulling manifest [K
pulling 043a363c6ca3:  10% ▕█                 ▏ 2.1 GB/ 21 GB  1.1 MB/s    5h1m[K[?25h[?2026l[?2026h[?25l[A[1Gpulling manifest [K
pulling 043a363c6ca3:  10% ▕█                 ▏ 2.1 GB/ 21 GB  1.1 MB/s    5h1m[K[?25h[?2026l[?2026h[?25l[A[1Gpulling manifest [K
pulling 043a363c6ca3:  10% ▕█                 ▏ 2.1 GB/ 21 GB  1.1 MB/s    5h1m[K[?25h[?2026l[?2026h[?25l[A[1Gpulling manifest [K
pulling 043a363c6ca3:  10% ▕█                 ▏ 2.1 GB/ 21 GB  1.0 MB/s   5h14m[K[?25h[?2026l[?2026h[?25l[A[1Gpulling manifest [K
pulling 043a363c6ca3:  10% ▕█                 ▏ 2.1 GB/ 21 GB  940 KB/s   5h37m[K[?25h[?2026l[?2026h[?25l[A[1Gpulling manifest [K
pulling 043a363c6ca3:  10% ▕█                 ▏ 2.1 GB/ 21 GB  940 KB/s   5h37m[K[?25h[?2026l[?2026h[?25l[A[1Gpulling manifest [K
pulling 043a363c6ca3:  10% ▕█                 ▏ 2.1 GB/ 21 GB  849 KB/s   6h13m[K[?25h[?2026l[?2026h[?25l[A[1Gpulling manifest [K
pulling 043a363c6ca3:  10% ▕█                 ▏ 2.1 GB/ 21 GB  849 KB/s   6h13m[K[?25h[?2026l[?2026h[?25l[A[1Gpulling manifest [K
pulling 043a363c6ca3:  10% ▕█                 ▏ 2.1 GB/ 21 GB  800 KB/s   6h36m[K[?25h[?2026l[?2026h[?25l[A[1Gpulling manifest [K
pulling 043a363c6ca3:  10% ▕█                 ▏ 2.1 GB/ 21 GB  800 KB/s   6h36m[K[?25h[?2026l[?2026h[?25l[A[1Gpulling manifest [K
pulling 043a363c6ca3:  10% ▕█                 ▏ 2.1 GB/ 21 GB  763 KB/s   6h55m[K[?25h[?2026l[?2026h[?25l[A[1Gpulling manifest [K
pulling 043a363c6ca3:  10% ▕█                 ▏ 2.1 GB/ 21 GB  710 KB/s   7h26m[K[?25h[?2026l[?2026h[?25l[A[1Gpulling manifest [K
pulling 043a363c6ca3:  10% ▕█                 ▏ 2.1 GB/ 21 GB  692 KB/s   7h38m[K[?25h[?2026l[?2026h[?25l[A[1Gpulling manifest [K
pulling 043a363c6ca3:  10% ▕█                 ▏ 2.1 GB/ 21 GB  234 KB/s  22h34m[K[?25h[?2026l[?2026h[?25l[A[1Gpulling manifest [K
pulling 043a363c6ca3:  10% ▕█                 ▏ 2.1 GB/ 21 GB  188 KB/s   28h4m[K[?25h[?2026l[?2026h[?25l[A[1Gpulling manifest [K
pulling 043a363c6ca3:  10% ▕█                 ▏ 2.1 GB/ 21 GB  142 KB/s   37h6m[K[?25h[?2026l[?2026h[?25l[A[1Gpulling manifest [K
pulling 043a363c6ca3:  10% ▕█                 ▏ 2.1 GB/ 21 GB  142 KB/s   37h6m[K[?25h[?2026l[?2026h[?25l[A[1Gpulling manifest [K
pulling 043a363c6ca3:  10% ▕█                 ▏ 2.1 GB/ 21 GB  157 KB/s  33h37m[K[?25h[?2026l[?2026h[?25l[A[1Gpulling manifest [K
pulling 043a363c6ca3:  10% ▕█                 ▏ 2.1 GB/ 21 GB  157 KB/s  33h37m[K[?25h[?2026l[?2026h[?25l[A[1Gpulling manifest [K
pulling 043a363c6ca3:  10% ▕█                 ▏ 2.1 GB/ 21 GB  417 KB/s  12h39m[K[?25h[?2026l[?2026h[?25l[A[1Gpulling manifest [K
pulling 043a363c6ca3:  10% ▕█                 ▏ 2.1 GB/ 21 GB  417 KB/s  12h39m[K[?25h[?2026l[?2026h[?25l[A[1Gpulling manifest [K
pulling 043a363c6ca3:  10% ▕█                 ▏ 2.1 GB/ 21 GB  478 KB/s   11h3m[K[?25h[?2026l[?2026h[?25l[A[1Gpulling manifest [K
pulling 043a363c6ca3:  10% ▕█                 ▏ 2.1 GB/ 21 GB  478 KB/s   11h3m[K[?25h[?2026l[?2026h[?25l[A[1Gpulling manifest [K
pulling 043a363c6ca3:  10% ▕█                 ▏ 2.1 GB/ 21 GB  506 KB/s  10h26m[K[?25h[?2026l[?2026h[?25l[A[1Gpulling manifest [K
pulling 043a363c6ca3:  10% ▕█                 ▏ 2.1 GB/ 21 GB  506 KB/s  10h26m[K[?25h[?2026l[?2026h[?25l[A[1Gpulling manifest [K
pulling 043a363c6ca3:  10% ▕█                 ▏ 2.1 GB/ 21 GB  560 KB/s   9h26m[K[?25h[?2026l[?2026h[?25l[A[1Gpulling manifest [K
pulling 043a363c6ca3:  10% ▕█                 ▏ 2.1 GB/ 21 GB  560 KB/s   9h26m[K[?25h[?2026l[?2026h[?25l[A[1Gpulling manifest [K
pulling 043a363c6ca3:  10% ▕█                 ▏ 2.1 GB/ 21 GB  560 KB/s   9h26m[K[?25h[?2026l[?2026h[?25l[A[1Gpulling manifest [K
pulling 043a363c6ca3:  10% ▕█                 ▏ 2.1 GB/ 21 GB  673 KB/s   7h50m[K[?25h[?2026l[?2026h[?25l[A[1Gpulling manifest [K
pulling 043a363c6ca3:  10% ▕█                 ▏ 2.1 GB/ 21 GB  673 KB/s   7h50m[K[?25h[?2026l[?2026h[?25l[A[1Gpulling manifest [K
pulling 043a363c6ca3:  10% ▕█                 ▏ 2.1 GB/ 21 GB  715 KB/s   7h23m[K[?25h[?2026l[?2026h[?25l[A[1Gpulling manifest [K
pulling 043a363c6ca3:  10% ▕█                 ▏ 2.1 GB/ 21 GB  715 KB/s   7h23m[K[?25h[?2026l[?2026h[?25l[A[1Gpulling manifest [K
pulling 043a363c6ca3:  10% ▕█                 ▏ 2.1 GB/ 21 GB  729 KB/s   7h14m[K[?25h[?2026l[?2026h[?25l[A[1Gpulling manifest [K
pulling 043a363c6ca3:  10% ▕█                 ▏ 2.1 GB/ 21 GB  729 KB/s   7h14m[K[?25h[?2026l[?2026h[?25l[A[1Gpulling manifest [K
pulling 043a363c6ca3:  10% ▕█                 ▏ 2.1 GB/ 21 GB  762 KB/s   6h55m[K[?25h[?2026l[?2026h[?25l[A[1Gpulling manifest [K
pulling 043a363c6ca3:  10% ▕█                 ▏ 2.1 GB/ 21 GB  495 KB/s  10h40m[K[?25h[?2026l[?2026h[?25l[A[1Gpulling manifest [K
pulling 043a363c6ca3:  10% ▕█                 ▏ 2.1 GB/ 21 GB  495 KB/s  10h40m[K[?25h[?2026l[?2026h[?25l[A[1Gpulling manifest [K
pulling 043a363c6ca3:  10% ▕█                 ▏ 2.1 GB/ 21 GB  537 KB/s   9h50m[K[?25h[?2026l[?2026h[?25l[A[1Gpulling manifest [K
pulling 043a363c6ca3:  10% ▕█                 ▏ 2.1 GB/ 21 GB  566 KB/s   9h20m[K[?25h[?2026l[?2026h[?25l[A[1Gpulling manifest [K
pulling 043a363c6ca3:  10% ▕█                 ▏ 2.1 GB/ 21 GB  500 KB/s  10h33m[K[?25h[?2026l[?2026h[?25l[A[1Gpulling manifest [K
pulling 043a363c6ca3:  10% ▕█                 ▏ 2.1 GB/ 21 GB  500 KB/s  10h33m[K[?25h[?2026l[?2026h[?25l[A[1Gpulling manifest [K
pulling 043a363c6ca3:  10% ▕█                 ▏ 2.1 GB/ 21 GB  427 KB/s  12h21m[K[?25h[?2026l[?2026h[?25l[A[1Gpulling manifest [K
pulling 043a363c6ca3:  10% ▕█                 ▏ 2.1 GB/ 21 GB  362 KB/s  14h35m[K[?25h[?2026l[?2026h[?25l[A[1Gpulling manifest [K
pulling 043a363c6ca3:  10% ▕█                 ▏ 2.1 GB/ 21 GB  362 KB/s  14h35m[K[?25h[?2026l[?2026h[?25l[A[1Gpulling manifest [K
pulling 043a363c6ca3:  10% ▕█                 ▏ 2.1 GB/ 21 GB  362 KB/s  14h35m[K[?25h[?2026l[?2026h[?25l[A[1Gpulling manifest [K
pulling 043a363c6ca3:  10% ▕█                 ▏ 2.1 GB/ 21 GB  362 KB/s  14h35m[K[?25h[?2026l[?2026h[?25l[A[1Gpulling manifest [K
pulling 043a363c6ca3:  10% ▕█                 ▏ 2.1 GB/ 21 GB  309 KB/s   17h4m[K[?25h[?2026l[?2026h[?25l[A[1Gpulling manifest [K
pulling 043a363c6ca3:  10% ▕█                 ▏ 2.1 GB/ 21 GB  276 KB/s   19h6m[K[?25h[?2026l[?2026h[?25l[A[1Gpulling manifest [K
pulling 043a363c6ca3:  10% ▕█                 ▏ 2.1 GB/ 21 GB  276 KB/s   19h6m[K[?25h[?2026l[?2026h[?25l[A[1Gpulling manifest [K
pulling 043a363c6ca3:  10% ▕█                 ▏ 2.1 GB/ 21 GB  214 KB/s  24h36m[K[?25h[?2026l[?2026h[?25l[A[1Gpulling manifest [K
pulling 043a363c6ca3:  10% ▕█                 ▏ 2.1 GB/ 21 GB  163 KB/s  32h15m[K[?25h[?2026l[?2026h[?25l[A[1Gpulling manifest [K
pulling 043a363c6ca3:  10% ▕█                 ▏ 2.1 GB/ 21 GB  163 KB/s  32h15m[K[?25h[?2026l[?2026h[?25l[A[1Gpulling manifest [K
pulling 043a363c6ca3:  10% ▕█                 ▏ 2.1 GB/ 21 GB  163 KB/s  32h15m[K[?25h[?2026l[?2026h[?25l[A[1Gpulling manifest [K
pulling 043a363c6ca3:  10% ▕█                 ▏ 2.1 GB/ 21 GB  107 KB/s  49h13m[K[?25h[?2026l[?2026h[?25l[A[1Gpulling manifest [K
pulling 043a363c6ca3:  10% ▕█                 ▏ 2.1 GB/ 21 GB  107 KB/s  49h13m[K[?25h[?2026l[?2026h[?25l[A[1Gpulling manifest [K
pulling 043a363c6ca3:  10% ▕█                 ▏ 2.1 GB/ 21 GB  107 KB/s  49h13m[K[?25h[?2026l[?2026h[?25l[A[1Gpulling manifest [K
pulling 043a363c6ca3:  10% ▕█                 ▏ 2.1 GB/ 21 GB  107 KB/s  49h12m[K[?25h[?2026l[?2026h[?25l[A[1Gpulling manifest [K
pulling 043a363c6ca3:  10% ▕█                 ▏ 2.1 GB/ 21 GB  107 KB/s  49h12m[K[?25h[?2026l[?2026h[?25l[A[1Gpulling manifest [K
pulling 043a363c6ca3:  10% ▕█                 ▏ 2.1 GB/ 21 GB  826 KB/s   6h23m[K[?25h[?2026l[?2026h[?25l[A[1Gpulling manifest [K
pulling 043a363c6ca3:  10% ▕█                 ▏ 2.1 GB/ 21 GB  826 KB/s   6h23m[K[?25h[?2026l[?2026h[?25l[A[1Gpulling manifest [K
pulling 043a363c6ca3:  10% ▕█                 ▏ 2.1 GB/ 21 GB  826 KB/s   6h23m[K[?25h[?2026l[?2026h[?25l[A[1Gpulling manifest [K
pulling 043a363c6ca3:  10% ▕█                 ▏ 2.1 GB/ 21 GB  826 KB/s   6h23m[K[?25h[?2026l[?2026h[?25l[A[1Gpulling manifest [K
pulling 043a363c6ca3:  10% ▕█                 ▏ 2.2 GB/ 21 GB  826 KB/s   6h23m[K[?25h[?2026l[?2026h[?25l[A[1Gpulling manifest [K
pulling 043a363c6ca3:  10% ▕█                 ▏ 2.2 GB/ 21 GB  826 KB/s   6h23m[K[?25h[?2026l[?2026h[?25l[A[1Gpulling manifest [K
pulling 043a363c6ca3:  10% ▕█                 ▏ 2.2 GB/ 21 GB  3.0 MB/s   1h44m[K[?25h[?2026l[?2026h[?25l[A[1Gpulling manifest [K
pulling 043a363c6ca3:  10% ▕█                 ▏ 2.2 GB/ 21 GB  3.1 MB/s   1h43m[K[?25h[?2026l[?2026h[?25l[A[1Gpulling manifest [K
pulling 043a363c6ca3:  10% ▕█                 ▏ 2.2 GB/ 21 GB  3.1 MB/s   1h41m[K[?25h[?2026l[?2026h[?25l[A[1Gpulling manifest [K
pulling 043a363c6ca3:  10% ▕█                 ▏ 2.2 GB/ 21 GB  3.1 MB/s   1h41m[K[?25h[?2026l[?2026h[?25l[A[1Gpulling manifest [K
pulling 043a363c6ca3:  10% ▕█                 ▏ 2.2 GB/ 21 GB  3.2 MB/s   1h39m[K[?25h[?2026l[?2026h[?25l[A[1Gpulling manifest [K
pulling 043a363c6ca3:  10% ▕█                 ▏ 2.2 GB/ 21 GB  3.2 MB/s   1h38m[K[?25h[?2026l[?2026h[?25l[A[1Gpulling manifest [K
pulling 043a363c6ca3:  10% ▕█                 ▏ 2.2 GB/ 21 GB  2.4 MB/s   2h10m[K[?25h[?2026l[?2026h[?25l[A[1Gpulling manifest [K
pulling 043a363c6ca3:  10% ▕█                 ▏ 2.2 GB/ 21 GB  2.4 MB/s   2h10m[K[?25h[?2026l[?2026h[?25l[A[1Gpulling manifest [K
pulling 043a363c6ca3:  10% ▕█                 ▏ 2.2 GB/ 21 GB  407 KB/s  12h56m[K[?25h[?2026l[?2026h[?25l[A[1Gpulling manifest [K
pulling 043a363c6ca3:  10% ▕█                 ▏ 2.2 GB/ 21 GB  404 KB/s   13h3m[K[?25h[?2026l[?2026h[?25l[A[1Gpulling manifest [K
pulling 043a363c6ca3:  10% ▕█                 ▏ 2.2 GB/ 21 GB  569 KB/s   9h15m[K[?25h[?2026l[?2026h[?25l[A[1Gpulling manifest [K
pulling 043a363c6ca3:  10% ▕█                 ▏ 2.2 GB/ 21 GB  569 KB/s   9h15m[K[?25h[?2026l[?2026h[?25l[A[1Gpulling manifest [K
pulling 043a363c6ca3:  10% ▕█                 ▏ 2.2 GB/ 21 GB  539 KB/s   9h47m[K[?25h[?2026l[?2026h[?25l[A[1Gpulling manifest [K
pulling 043a363c6ca3:  10% ▕█                 ▏ 2.2 GB/ 21 GB  548 KB/s   9h37m[K[?25h[?2026l[?2026h[?25l[A[1Gpulling manifest [K
pulling 043a363c6ca3:  10% ▕█                 ▏ 2.2 GB/ 21 GB  573 KB/s   9h11m[K[?25h[?2026l[?2026h[?25l[A[1Gpulling manifest [K
pulling 043a363c6ca3:  10% ▕█                 ▏ 2.2 GB/ 21 GB  519 KB/s   10h9m[K[?25h[?2026l[?2026h[?25l[A[1Gpulling manifest [K
pulling 043a363c6ca3:  10% ▕█                 ▏ 2.2 GB/ 21 GB  380 KB/s  13h51m[K[?25h[?2026l[?2026h[?25l[A[1Gpulling manifest [K
pulling 043a363c6ca3:  10% ▕█                 ▏ 2.2 GB/ 21 GB  380 KB/s  13h51m[K[?25h[?2026l[?2026h[?25l[A[1Gpulling manifest [K
pulling 043a363c6ca3:  10% ▕█                 ▏ 2.2 GB/ 21 GB  224 KB/s  23h31m[K[?25h[?2026l[?2026h[?25l[A[1Gpulling manifest [K
pulling 043a363c6ca3:  10% ▕█                 ▏ 2.2 GB/ 21 GB  211 KB/s  24h59m[K[?25h[?2026l[?2026h[?25l[A[1Gpulling manifest [K
pulling 043a363c6ca3:  10% ▕█                 ▏ 2.2 GB/ 21 GB  216 KB/s  24h21m[K[?25h[?2026l[?2026h[?25l[A[1Gpulling manifest [K
pulling 043a363c6ca3:  10% ▕█                 ▏ 2.2 GB/ 21 GB  140 KB/s  37h40m[K[?25h[?2026l[?2026h[?25l[A[1Gpulling manifest [K
pulling 043a363c6ca3:  10% ▕█                 ▏ 2.2 GB/ 21 GB  137 KB/s  38h26m[K[?25h[?2026l[?2026h[?25l[A[1Gpulling manifest [K
pulling 043a363c6ca3:  10% ▕█                 ▏ 2.2 GB/ 21 GB  171 KB/s  30h49m[K[?25h[?2026l[?2026h[?25l[A[1Gpulling manifest [K
pulling 043a363c6ca3:  10% ▕█                 ▏ 2.2 GB/ 21 GB  171 KB/s  30h49m[K[?25h[?2026l[?2026h[?25l[A[1Gpulling manifest [K
pulling 043a363c6ca3:  10% ▕█                 ▏ 2.2 GB/ 21 GB  166 KB/s  31h39m[K[?25h[?2026l[?2026h[?25l[A[1Gpulling manifest [K
pulling 043a363c6ca3:  10% ▕█                 ▏ 2.2 GB/ 21 GB  146 KB/s  35h54m[K[?25h[?2026l[?2026h[?25l[A[1Gpulling manifest [K
pulling 043a363c6ca3:  10% ▕█                 ▏ 2.2 GB/ 21 GB  207 KB/s  25h25m[K[?25h[?2026l[?2026h[?25l[A[1Gpulling manifest [K
pulling 043a363c6ca3:  10% ▕█                 ▏ 2.2 GB/ 21 GB  243 KB/s  21h39m[K[?25h[?2026l[?2026h[?25l[A[1Gpulling manifest [K
pulling 043a363c6ca3:  10% ▕█                 ▏ 2.2 GB/ 21 GB  225 KB/s  23h23m[K[?25h[?2026l[?2026h[?25l[A[1Gpulling manifest [K
pulling 043a363c6ca3:  10% ▕█                 ▏ 2.2 GB/ 21 GB  230 KB/s  22h53m[K[?25h[?2026l[?2026h[?25l[A[1Gpulling manifest [K
pulling 043a363c6ca3:  10% ▕█                 ▏ 2.2 GB/ 21 GB  212 KB/s  24h49m[K[?25h[?2026l[?2026h[?25l[A[1Gpulling manifest [K
pulling 043a363c6ca3:  10% ▕█                 ▏ 2.2 GB/ 21 GB  201 KB/s   26h7m[K[?25h[?2026l[?2026h[?25l[A[1Gpulling manifest [K
pulling 043a363c6ca3:  10% ▕█                 ▏ 2.2 GB/ 21 GB  201 KB/s   26h7m[K[?25h[?2026l[?2026h[?25l[A[1Gpulling manifest [K
pulling 043a363c6ca3:  10% ▕█                 ▏ 2.2 GB/ 21 GB  277 KB/s  18h59m[K[?25h[?2026l[?2026h[?25l[A[1Gpulling manifest [K
pulling 043a363c6ca3:  10% ▕█                 ▏ 2.2 GB/ 21 GB  285 KB/s  18h27m[K[?25h[?2026l[?2026h[?25l[A[1Gpulling manifest [K
pulling 043a363c6ca3:  10% ▕█                 ▏ 2.2 GB/ 21 GB  285 KB/s  18h26m[K[?25h[?2026l[?2026h[?25l[A[1Gpulling manifest [K
pulling 043a363c6ca3:  10% ▕█                 ▏ 2.2 GB/ 21 GB  358 KB/s  14h44m[K[?25h[?2026l[?2026h[?25l[A[1Gpulling manifest [K
pulling 043a363c6ca3:  10% ▕█                 ▏ 2.2 GB/ 21 GB  323 KB/s  16h18m[K[?25h[?2026l[?2026h[?25l[A[1Gpulling manifest [K
pulling 043a363c6ca3:  10% ▕█                 ▏ 2.2 GB/ 21 GB  323 KB/s  16h18m[K[?25h[?2026l[?2026h[?25l[A[1Gpulling manifest [K
pulling 043a363c6ca3:  10% ▕█                 ▏ 2.2 GB/ 21 GB  358 KB/s  14h43m[K[?25h[?2026l[?2026h[?25l[A[1Gpulling manifest [K
pulling 043a363c6ca3:  10% ▕█                 ▏ 2.2 GB/ 21 GB  358 KB/s  14h43m[K[?25h[?2026l[?2026h[?25l[A[1Gpulling manifest [K
pulling 043a363c6ca3:  10% ▕█                 ▏ 2.2 GB/ 21 GB  418 KB/s  12h36m[K[?25h[?2026l[?2026h[?25l[A[1Gpulling manifest [K
pulling 043a363c6ca3:  10% ▕█                 ▏ 2.2 GB/ 21 GB  445 KB/s  11h50m[K[?25h[?2026l[?2026h[?25l[A[1Gpulling manifest [K
pulling 043a363c6ca3:  10% ▕█                 ▏ 2.2 GB/ 21 GB  445 KB/s  11h50m[K[?25h[?2026l[?2026h[?25l[A[1Gpulling manifest [K
pulling 043a363c6ca3:  10% ▕█                 ▏ 2.2 GB/ 21 GB  429 KB/s  12h17m[K[?25h[?2026l[?2026h[?25l[A[1Gpulling manifest [K
pulling 043a363c6ca3:  10% ▕█                 ▏ 2.2 GB/ 21 GB  434 KB/s   12h8m[K[?25h[?2026l[?2026h[?25l[A[1Gpulling manifest [K
pulling 043a363c6ca3:  10% ▕█                 ▏ 2.2 GB/ 21 GB  350 KB/s   15h2m[K[?25h[?2026l[?2026h[?25l[A[1Gpulling manifest [K
pulling 043a363c6ca3:  10% ▕█                 ▏ 2.2 GB/ 21 GB  350 KB/s   15h2m[K[?25h[?2026l[?2026h[?25l[A[1Gpulling manifest [K
pulling 043a363c6ca3:  10% ▕█                 ▏ 2.2 GB/ 21 GB  201 KB/s  26h12m[K[?25h[?2026l[?2026h[?25l[A[1Gpulling manifest [K
pulling 043a363c6ca3:  10% ▕█                 ▏ 2.2 GB/ 21 GB  195 KB/s  26h56m[K[?25h[?2026l[?2026h[?25l[A[1Gpulling manifest [K
pulling 043a363c6ca3:  10% ▕█                 ▏ 2.2 GB/ 21 GB  146 KB/s  35h59m[K[?25h[?2026l[?2026h[?25l[A[1Gpulling manifest [K
pulling 043a363c6ca3:  10% ▕█                 ▏ 2.2 GB/ 21 GB  230 KB/s  22h54m[K[?25h[?2026l[?2026h[?25l[A[1Gpulling manifest [K
pulling 043a363c6ca3:  10% ▕█                 ▏ 2.2 GB/ 21 GB  270 KB/s  19h30m[K[?25h[?2026l[?2026h[?25l[A[1Gpulling manifest [K
pulling 043a363c6ca3:  10% ▕█                 ▏ 2.2 GB/ 21 GB  272 KB/s  19h22m[K[?25h[?2026l[?2026h[?25l[A[1Gpulling manifest [K
pulling 043a363c6ca3:  10% ▕█                 ▏ 2.2 GB/ 21 GB  279 KB/s  18h52m[K[?25h[?2026l[?2026h[?25l[A[1Gpulling manifest [K
pulling 043a363c6ca3:  10% ▕█                 ▏ 2.2 GB/ 21 GB  279 KB/s  18h52m[K[?25h[?2026l[?2026h[?25l[A[1Gpulling manifest [K
pulling 043a363c6ca3:  10% ▕█                 ▏ 2.2 GB/ 21 GB  337 KB/s  15h36m[K[?25h[?2026l[?2026h[?25l[A[1Gpulling manifest [K
pulling 043a363c6ca3:  10% ▕█                 ▏ 2.2 GB/ 21 GB  348 KB/s   15h7m[K[?25h[?2026l[?2026h[?25l[A[1Gpulling manifest [K
pulling 043a363c6ca3:  10% ▕█                 ▏ 2.2 GB/ 21 GB  348 KB/s   15h7m[K[?25h[?2026l[?2026h[?25l[A[1Gpulling manifest [K
pulling 043a363c6ca3:  10% ▕█                 ▏ 2.2 GB/ 21 GB  345 KB/s  15h17m[K[?25h[?2026l[?2026h[?25l[A[1Gpulling manifest [K
pulling 043a363c6ca3:  10% ▕█                 ▏ 2.2 GB/ 21 GB  345 KB/s  15h17m[K[?25h[?2026l[?2026h[?25l[A[1Gpulling manifest [K
pulling 043a363c6ca3:  10% ▕█                 ▏ 2.2 GB/ 21 GB  345 KB/s  15h17m[K[?25h[?2026l[?2026h[?25l[A[1Gpulling manifest [K
pulling 043a363c6ca3:  10% ▕█                 ▏ 2.2 GB/ 21 GB  345 KB/s  15h17m[K[?25h[?2026l[?2026h[?25l[A[1Gpulling manifest [K
pulling 043a363c6ca3:  10% ▕█                 ▏ 2.2 GB/ 21 GB  368 KB/s  14h19m[K[?25h[?2026l[?2026h[?25l[A[1Gpulling manifest [K
pulling 043a363c6ca3:  10% ▕█                 ▏ 2.2 GB/ 21 GB  277 KB/s   19h1m[K[?25h[?2026l[?2026h[?25l[A[1Gpulling manifest [K
pulling 043a363c6ca3:  10% ▕█                 ▏ 2.2 GB/ 21 GB  248 KB/s  21h12m[K[?25h[?2026l[?2026h[?25l[A[1Gpulling manifest [K
pulling 043a363c6ca3:  10% ▕█                 ▏ 2.2 GB/ 21 GB  254 KB/s  20h44m[K[?25h[?2026l[?2026h[?25l[A[1Gpulling manifest [K
pulling 043a363c6ca3:  10% ▕█                 ▏ 2.2 GB/ 21 GB  222 KB/s  23h44m[K[?25h[?2026l[?2026h[?25l[A[1Gpulling manifest [K
pulling 043a363c6ca3:  10% ▕█                 ▏ 2.2 GB/ 21 GB  222 KB/s  23h44m[K[?25h[?2026l[?2026h[?25l[A[1Gpulling manifest [K
pulling 043a363c6ca3:  10% ▕█                 ▏ 2.2 GB/ 21 GB  179 KB/s  29h21m[K[?25h[?2026l[?2026h[?25l[A[1Gpulling manifest [K
pulling 043a363c6ca3:  10% ▕█                 ▏ 2.2 GB/ 21 GB  191 KB/s  27h36m[K[?25h[?2026l[?2026h[?25l[A[1Gpulling manifest [K
pulling 043a363c6ca3:  10% ▕█                 ▏ 2.2 GB/ 21 GB  191 KB/s  27h36m[K[?25h[?2026l[?2026h[?25l[A[1Gpulling manifest [K
pulling 043a363c6ca3:  10% ▕█                 ▏ 2.2 GB/ 21 GB  181 KB/s   29h5m[K[?25h[?2026l[?2026h[?25l[A[1Gpulling manifest [K
pulling 043a363c6ca3:  10% ▕█                 ▏ 2.2 GB/ 21 GB  177 KB/s  29h37m[K[?25h[?2026l[?2026h[?25l[A[1Gpulling manifest [K
pulling 043a363c6ca3:  10% ▕█                 ▏ 2.2 GB/ 21 GB  177 KB/s  29h37m[K[?25h[?2026l[?2026h[?25l[A[1Gpulling manifest [K
pulling 043a363c6ca3:  10% ▕█                 ▏ 2.2 GB/ 21 GB  222 KB/s  23h38m[K[?25h[?2026l[?2026h[?25l[A[1Gpulling manifest [K
pulling 043a363c6ca3:  10% ▕█                 ▏ 2.2 GB/ 21 GB  229 KB/s  22h58m[K[?25h[?2026l[?2026h[?25l[A[1Gpulling manifest [K
pulling 043a363c6ca3:  10% ▕█                 ▏ 2.2 GB/ 21 GB  229 KB/s  22h58m[K[?25h[?2026l[?2026h[?25l[A[1Gpulling manifest [K
pulling 043a363c6ca3:  10% ▕█                 ▏ 2.2 GB/ 21 GB  244 KB/s  21h33m[K[?25h[?2026l[?2026h[?25l[A[1Gpulling manifest [K
pulling 043a363c6ca3:  10% ▕█                 ▏ 2.2 GB/ 21 GB  251 KB/s  20h59m[K[?25h[?2026l[?2026h[?25l[A[1Gpulling manifest [K
pulling 043a363c6ca3:  10% ▕█                 ▏ 2.2 GB/ 21 GB  251 KB/s  20h59m[K[?25h[?2026l[?2026h[?25l[A[1Gpulling manifest [K
pulling 043a363c6ca3:  10% ▕█                 ▏ 2.2 GB/ 21 GB  271 KB/s  19h25m[K[?25h[?2026l[?2026h[?25l[A[1Gpulling manifest [K
pulling 043a363c6ca3:  10% ▕█                 ▏ 2.2 GB/ 21 GB  271 KB/s  19h25m[K[?25h[?2026l[?2026h[?25l[A[1Gpulling manifest [K
pulling 043a363c6ca3:  10% ▕█                 ▏ 2.2 GB/ 21 GB  251 KB/s  20h56m[K[?25h[?2026l[?2026h[?25l[A[1Gpulling manifest [K
pulling 043a363c6ca3:  10% ▕█                 ▏ 2.2 GB/ 21 GB  251 KB/s  20h56m[K[?25h[?2026l[?2026h[?25l[A[1Gpulling manifest [K
pulling 043a363c6ca3:  10% ▕█                 ▏ 2.2 GB/ 21 GB  268 KB/s  19h36m[K[?25h[?2026l[?2026h[?25l[A[1Gpulling manifest [K
pulling 043a363c6ca3:  10% ▕█                 ▏ 2.2 GB/ 21 GB  307 KB/s   17h7m[K[?25h[?2026l[?2026h[?25l[A[1Gpulling manifest [K
pulling 043a363c6ca3:  10% ▕█                 ▏ 2.2 GB/ 21 GB  307 KB/s   17h7m[K[?25h[?2026l[?2026h[?25l[A[1Gpulling manifest [K
pulling 043a363c6ca3:  10% ▕█                 ▏ 2.2 GB/ 21 GB  236 KB/s  22h16m[K[?25h[?2026l[?2026h[?25l[A[1Gpulling manifest [K
pulling 043a363c6ca3:  10% ▕█                 ▏ 2.2 GB/ 21 GB  236 KB/s  22h16m[K[?25h[?2026l[?2026h[?25l[A[1Gpulling manifest [K
pulling 043a363c6ca3:  10% ▕█                 ▏ 2.2 GB/ 21 GB  279 KB/s  18h49m[K[?25h[?2026l[?2026h[?25l[A[1Gpulling manifest [K
pulling 043a363c6ca3:  10% ▕█                 ▏ 2.2 GB/ 21 GB  279 KB/s  18h49m[K[?25h[?2026l[?2026h[?25l[A[1Gpulling manifest [K
pulling 043a363c6ca3:  10% ▕█                 ▏ 2.2 GB/ 21 GB  633 KB/s   8h19m[K[?25h[?2026l[?2026h[?25l[A[1Gpulling manifest [K
pulling 043a363c6ca3:  10% ▕█                 ▏ 2.2 GB/ 21 GB  633 KB/s   8h19m[K[?25h[?2026l[?2026h[?25l[A[1Gpulling manifest [K
pulling 043a363c6ca3:  10% ▕█                 ▏ 2.2 GB/ 21 GB  601 KB/s   8h45m[K[?25h[?2026l[?2026h[?25l[A[1Gpulling manifest [K
pulling 043a363c6ca3:  10% ▕█                 ▏ 2.2 GB/ 21 GB  638 KB/s   8h15m[K[?25h[?2026l[?2026h[?25l[A[1Gpulling manifest [K
pulling 043a363c6ca3:  10% ▕█                 ▏ 2.2 GB/ 21 GB  595 KB/s   8h50m[K[?25h[?2026l[?2026h[?25l[A[1Gpulling manifest [K
pulling 043a363c6ca3:  10% ▕█                 ▏ 2.2 GB/ 21 GB  595 KB/s   8h50m[K[?25h[?2026l[?2026h[?25l[A[1Gpulling manifest [K
pulling 043a363c6ca3:  10% ▕█                 ▏ 2.2 GB/ 21 GB  603 KB/s   8h44m[K[?25h[?2026l[?2026h[?25l[A[1Gpulling manifest [K
pulling 043a363c6ca3:  10% ▕█                 ▏ 2.2 GB/ 21 GB  571 KB/s   9h13m[K[?25h[?2026l[?2026h[?25l[A[1Gpulling manifest [K
pulling 043a363c6ca3:  10% ▕█                 ▏ 2.2 GB/ 21 GB  571 KB/s   9h13m[K[?25h[?2026l[?2026h[?25l[A[1Gpulling manifest [K
pulling 043a363c6ca3:  10% ▕█                 ▏ 2.2 GB/ 21 GB  562 KB/s   9h21m[K[?25h[?2026l[?2026h[?25l[A[1Gpulling manifest [K
pulling 043a363c6ca3:  10% ▕█                 ▏ 2.2 GB/ 21 GB  562 KB/s   9h21m[K[?25h[?2026l[?2026h[?25l[A[1Gpulling manifest [K
pulling 043a363c6ca3:  10% ▕█                 ▏ 2.2 GB/ 21 GB  562 KB/s   9h21m[K[?25h[?2026l[?2026h[?25l[A[1Gpulling manifest [K
pulling 043a363c6ca3:  10% ▕█                 ▏ 2.2 GB/ 21 GB  525 KB/s   10h1m[K[?25h[?2026l[?2026h[?25l[A[1Gpulling manifest [K
pulling 043a363c6ca3:  10% ▕█                 ▏ 2.2 GB/ 21 GB  525 KB/s   10h1m[K[?25h[?2026l[?2026h[?25l[A[1Gpulling manifest [K
pulling 043a363c6ca3:  10% ▕█                 ▏ 2.2 GB/ 21 GB  185 KB/s  28h28m[K[?25h[?2026l[?2026h[?25l[A[1Gpulling manifest [K
pulling 043a363c6ca3:  10% ▕█                 ▏ 2.2 GB/ 21 GB  185 KB/s  28h28m[K[?25h[?2026l[?2026h[?25l[A[1Gpulling manifest [K
pulling 043a363c6ca3:  10% ▕█                 ▏ 2.2 GB/ 21 GB  197 KB/s  26h38m[K[?25h[?2026l[?2026h[?25l[A[1Gpulling manifest [K
pulling 043a363c6ca3:  10% ▕█                 ▏ 2.2 GB/ 21 GB  174 KB/s  30h14m[K[?25h[?2026l[?2026h[?25l[A[1Gpulling manifest [K
pulling 043a363c6ca3:  10% ▕█                 ▏ 2.2 GB/ 21 GB  174 KB/s  30h14m[K[?25h[?2026l[?2026h[?25l[A[1Gpulling manifest [K
pulling 043a363c6ca3:  10% ▕█                 ▏ 2.2 GB/ 21 GB  174 KB/s  30h14m[K[?25h[?2026l[?2026h[?25l[A[1Gpulling manifest [K
pulling 043a363c6ca3:  10% ▕█                 ▏ 2.2 GB/ 21 GB  177 KB/s  29h37m[K[?25h[?2026l[?2026h[?25l[A[1Gpulling manifest [K
pulling 043a363c6ca3:  10% ▕█                 ▏ 2.2 GB/ 21 GB  148 KB/s  35h27m[K[?25h[?2026l[?2026h[?25l[A[1Gpulling manifest [K
pulling 043a363c6ca3:  10% ▕█                 ▏ 2.2 GB/ 21 GB  148 KB/s  35h27m[K[?25h[?2026l[?2026h[?25l[A[1Gpulling manifest [K
pulling 043a363c6ca3:  10% ▕█                 ▏ 2.2 GB/ 21 GB  168 KB/s  31h19m[K[?25h[?2026l[?2026h[?25l[A[1Gpulling manifest [K
pulling 043a363c6ca3:  10% ▕█                 ▏ 2.2 GB/ 21 GB  169 KB/s   31h0m[K[?25h[?2026l[?2026h[?25l[A[1Gpulling manifest [K
pulling 043a363c6ca3:  10% ▕█                 ▏ 2.2 GB/ 21 GB  169 KB/s   31h0m[K[?25h[?2026l[?2026h[?25l[A[1Gpulling manifest [K
pulling 043a363c6ca3:  10% ▕█                 ▏ 2.2 GB/ 21 GB  169 KB/s   31h0m[K[?25h[?2026l[?2026h[?25l[A[1Gpulling manifest [K
pulling 043a363c6ca3:  10% ▕█                 ▏ 2.2 GB/ 21 GB  195 KB/s  26h55m[K[?25h[?2026l[?2026h[?25l[A[1Gpulling manifest [K
pulling 043a363c6ca3:  10% ▕█                 ▏ 2.2 GB/ 21 GB  195 KB/s  26h55m[K[?25h[?2026l[?2026h[?25l[A[1Gpulling manifest [K
pulling 043a363c6ca3:  10% ▕█                 ▏ 2.2 GB/ 21 GB  184 KB/s  28h31m[K[?25h[?2026l[?2026h[?25l[A[1Gpulling manifest [K
pulling 043a363c6ca3:  10% ▕█                 ▏ 2.2 GB/ 21 GB  184 KB/s  28h31m[K[?25h[?2026l[?2026h[?25l[A[1Gpulling manifest [K
pulling 043a363c6ca3:  10% ▕█                 ▏ 2.2 GB/ 21 GB  189 KB/s  27h45m[K[?25h[?2026l[?2026h[?25l[A[1Gpulling manifest [K
pulling 043a363c6ca3:  10% ▕█                 ▏ 2.2 GB/ 21 GB  189 KB/s  27h45m[K[?25h[?2026l[?2026h[?25l[A[1Gpulling manifest [K
pulling 043a363c6ca3:  10% ▕█                 ▏ 2.2 GB/ 21 GB  189 KB/s  27h45m[K[?25h[?2026l[?2026h[?25l[A[1Gpulling manifest [K
pulling 043a363c6ca3:  10% ▕█                 ▏ 2.2 GB/ 21 GB  198 KB/s  26h30m[K[?25h[?2026l[?2026h[?25l[A[1Gpulling manifest [K
pulling 043a363c6ca3:  10% ▕█                 ▏ 2.2 GB/ 21 GB  198 KB/s  26h30m[K[?25h[?2026l[?2026h[?25l[A[1Gpulling manifest [K
pulling 043a363c6ca3:  10% ▕█                 ▏ 2.2 GB/ 21 GB  198 KB/s  26h30m[K[?25h[?2026l[?2026h[?25l[A[1Gpulling manifest [K
pulling 043a363c6ca3:  10% ▕█                 ▏ 2.2 GB/ 21 GB  208 KB/s  25h14m[K[?25h[?2026l[?2026h[?25l[A[1Gpulling manifest [K
pulling 043a363c6ca3:  10% ▕█                 ▏ 2.2 GB/ 21 GB  243 KB/s  21h39m[K[?25h[?2026l[?2026h[?25l[A[1Gpulling manifest [K
pulling 043a363c6ca3:  10% ▕█                 ▏ 2.2 GB/ 21 GB  247 KB/s  21h19m[K[?25h[?2026l[?2026h[?25l[A[1Gpulling manifest [K
pulling 043a363c6ca3:  10% ▕█                 ▏ 2.2 GB/ 21 GB  229 KB/s  22h55m[K[?25h[?2026l[?2026h[?25l[A[1Gpulling manifest [K
pulling 043a363c6ca3:  10% ▕█                 ▏ 2.2 GB/ 21 GB  239 KB/s   22h2m[K[?25h[?2026l[?2026h[?25l[A[1Gpulling manifest [K
pulling 043a363c6ca3:  10% ▕█                 ▏ 2.2 GB/ 21 GB  239 KB/s   22h2m[K[?25h[?2026l[?2026h[?25l[A[1Gpulling manifest [K
pulling 043a363c6ca3:  10% ▕█                 ▏ 2.2 GB/ 21 GB  239 KB/s   22h0m[K[?25h[?2026l[?2026h[?25l[A[1Gpulling manifest [K
pulling 043a363c6ca3:  10% ▕█                 ▏ 2.2 GB/ 21 GB  217 KB/s  24h12m[K[?25h[?2026l[?2026h[?25l[A[1Gpulling manifest [K
pulling 043a363c6ca3:  10% ▕█                 ▏ 2.2 GB/ 21 GB  177 KB/s  29h45m[K[?25h[?2026l[?2026h[?25l[A[1Gpulling manifest [K
pulling 043a363c6ca3:  10% ▕█                 ▏ 2.2 GB/ 21 GB  291 KB/s   18h3m[K[?25h[?2026l[?2026h[?25l[A[1Gpulling manifest [K
pulling 043a363c6ca3:  10% ▕█                 ▏ 2.2 GB/ 21 GB  285 KB/s  18h28m[K[?25h[?2026l[?2026h[?25l[A[1Gpulling manifest [K
pulling 043a363c6ca3:  10% ▕█                 ▏ 2.2 GB/ 21 GB  285 KB/s  18h28m[K[?25h[?2026l[?2026h[?25l[A[1Gpulling manifest [K
pulling 043a363c6ca3:  10% ▕█                 ▏ 2.2 GB/ 21 GB  291 KB/s   18h3m[K[?25h[?2026l[?2026h[?25l[A[1Gpulling manifest [K
pulling 043a363c6ca3:  10% ▕█                 ▏ 2.2 GB/ 21 GB  268 KB/s  19h35m[K[?25h[?2026l[?2026h[?25l[A[1Gpulling manifest [K
pulling 043a363c6ca3:  10% ▕█                 ▏ 2.2 GB/ 21 GB  262 KB/s   20h5m[K[?25h[?2026l[?2026h[?25l[A[1Gpulling manifest [K
pulling 043a363c6ca3:  10% ▕█                 ▏ 2.2 GB/ 21 GB  262 KB/s   20h5m[K[?25h[?2026l[?2026h[?25l[A[1Gpulling manifest [K
pulling 043a363c6ca3:  10% ▕█                 ▏ 2.2 GB/ 21 GB  267 KB/s  19h43m[K[?25h[?2026l[?2026h[?25l[A[1Gpulling manifest [K
pulling 043a363c6ca3:  10% ▕█                 ▏ 2.2 GB/ 21 GB  267 KB/s  19h43m[K[?25h[?2026l[?2026h[?25l[A[1Gpulling manifest [K
pulling 043a363c6ca3:  10% ▕█                 ▏ 2.2 GB/ 21 GB  320 KB/s  16h27m[K[?25h[?2026l[?2026h[?25l[A[1Gpulling manifest [K
pulling 043a363c6ca3:  10% ▕█                 ▏ 2.2 GB/ 21 GB  334 KB/s  15h44m[K[?25h[?2026l[?2026h[?25l[A[1Gpulling manifest [K
pulling 043a363c6ca3:  10% ▕█                 ▏ 2.2 GB/ 21 GB  334 KB/s  15h44m[K[?25h[?2026l[?2026h[?25l[A[1Gpulling manifest [K
pulling 043a363c6ca3:  10% ▕█                 ▏ 2.2 GB/ 21 GB  197 KB/s  26h42m[K[?25h[?2026l[?2026h[?25l[A[1Gpulling manifest [K
pulling 043a363c6ca3:  10% ▕█                 ▏ 2.2 GB/ 21 GB  197 KB/s  26h42m[K[?25h[?2026l[?2026h[?25l[A[1Gpulling manifest [K
pulling 043a363c6ca3:  10% ▕█                 ▏ 2.2 GB/ 21 GB  193 KB/s  27h11m[K[?25h[?2026l[?2026h[?25l[A[1Gpulling manifest [K
pulling 043a363c6ca3:  10% ▕█                 ▏ 2.2 GB/ 21 GB  193 KB/s  27h11m[K[?25h[?2026l[?2026h[?25l[A[1Gpulling manifest [K
pulling 043a363c6ca3:  10% ▕█                 ▏ 2.2 GB/ 21 GB  215 KB/s  24h28m[K[?25h[?2026l[?2026h[?25l[A[1Gpulling manifest [K
pulling 043a363c6ca3:  10% ▕█                 ▏ 2.2 GB/ 21 GB  215 KB/s  24h28m[K[?25h[?2026l[?2026h[?25l[A[1Gpulling manifest [K
pulling 043a363c6ca3:  10% ▕█                 ▏ 2.2 GB/ 21 GB  231 KB/s  22h44m[K[?25h[?2026l[?2026h[?25l[A[1Gpulling manifest [K
pulling 043a363c6ca3:  10% ▕█                 ▏ 2.2 GB/ 21 GB  251 KB/s  20h55m[K[?25h[?2026l[?2026h[?25l[A[1Gpulling manifest [K
pulling 043a363c6ca3:  10% ▕█                 ▏ 2.2 GB/ 21 GB  382 KB/s  13h45m[K[?25h[?2026l[?2026h[?25l[A[1Gpulling manifest [K
pulling 043a363c6ca3:  10% ▕█                 ▏ 2.2 GB/ 21 GB  382 KB/s  13h45m[K[?25h[?2026l[?2026h[?25l[A[1Gpulling manifest [K
pulling 043a363c6ca3:  10% ▕█                 ▏ 2.2 GB/ 21 GB  382 KB/s  13h45m[K[?25h[?2026l[?2026h[?25l[A[1Gpulling manifest [K
pulling 043a363c6ca3:  10% ▕█                 ▏ 2.2 GB/ 21 GB  384 KB/s  13h41m[K[?25h[?2026l[?2026h[?25l[A[1Gpulling manifest [K
pulling 043a363c6ca3:  10% ▕█                 ▏ 2.2 GB/ 21 GB  325 KB/s   16h9m[K[?25h[?2026l[?2026h[?25l[A[1Gpulling manifest [K
pulling 043a363c6ca3:  10% ▕█                 ▏ 2.2 GB/ 21 GB  327 KB/s   16h4m[K[?25h[?2026l[?2026h[?25l[A[1Gpulling manifest [K
pulling 043a363c6ca3:  10% ▕█                 ▏ 2.2 GB/ 21 GB  327 KB/s   16h4m[K[?25h[?2026l[?2026h[?25l[A[1Gpulling manifest [K
pulling 043a363c6ca3:  10% ▕█                 ▏ 2.2 GB/ 21 GB  327 KB/s   16h4m[K[?25h[?2026l[?2026h[?25l[A[1Gpulling manifest [K
pulling 043a363c6ca3:  10% ▕█                 ▏ 2.2 GB/ 21 GB  389 KB/s  13h31m[K[?25h[?2026l[?2026h[?25l[A[1Gpulling manifest [K
pulling 043a363c6ca3:  10% ▕█                 ▏ 2.2 GB/ 21 GB  389 KB/s  13h31m[K[?25h[?2026l[?2026h[?25l[A[1Gpulling manifest [K
pulling 043a363c6ca3:  10% ▕█                 ▏ 2.2 GB/ 21 GB  402 KB/s   13h5m[K[?25h[?2026l[?2026h[?25l[A[1Gpulling manifest [K
pulling 043a363c6ca3:  10% ▕█                 ▏ 2.2 GB/ 21 GB  455 KB/s  11h34m[K[?25h[?2026l[?2026h[?25l[A[1Gpulling manifest [K
pulling 043a363c6ca3:  10% ▕█                 ▏ 2.2 GB/ 21 GB  455 KB/s  11h34m[K[?25h[?2026l[?2026h[?25l[A[1Gpulling manifest [K
pulling 043a363c6ca3:  10% ▕█                 ▏ 2.2 GB/ 21 GB  455 KB/s  11h34m[K[?25h[?2026l[?2026h[?25l[A[1Gpulling manifest [K
pulling 043a363c6ca3:  10% ▕█                 ▏ 2.2 GB/ 21 GB  473 KB/s   11h7m[K[?25h[?2026l[?2026h[?25l[A[1Gpulling manifest [K
pulling 043a363c6ca3:  10% ▕█                 ▏ 2.2 GB/ 21 GB  447 KB/s  11h45m[K[?25h[?2026l[?2026h[?25l[A[1Gpulling manifest [K
pulling 043a363c6ca3:  10% ▕█                 ▏ 2.2 GB/ 21 GB  447 KB/s  11h45m[K[?25h[?2026l[?2026h[?25l[A[1Gpulling manifest [K
pulling 043a363c6ca3:  10% ▕█                 ▏ 2.2 GB/ 21 GB  314 KB/s  16h43m[K[?25h[?2026l[?2026h[?25l[A[1Gpulling manifest [K
pulling 043a363c6ca3:  10% ▕█                 ▏ 2.2 GB/ 21 GB  296 KB/s  17h45m[K[?25h[?2026l[?2026h[?25l[A[1Gpulling manifest [K
pulling 043a363c6ca3:  10% ▕█                 ▏ 2.2 GB/ 21 GB  296 KB/s  17h45m[K[?25h[?2026l[?2026h[?25l[A[1Gpulling manifest [K
pulling 043a363c6ca3:  10% ▕█                 ▏ 2.2 GB/ 21 GB  316 KB/s  16h37m[K[?25h[?2026l[?2026h[?25l[A[1Gpulling manifest [K
pulling 043a363c6ca3:  10% ▕█                 ▏ 2.2 GB/ 21 GB  316 KB/s  16h37m[K[?25h[?2026l[?2026h[?25l[A[1Gpulling manifest [K
pulling 043a363c6ca3:  10% ▕█                 ▏ 2.2 GB/ 21 GB  316 KB/s  16h37m[K[?25h[?2026l[?2026h[?25l[A[1Gpulling manifest [K
pulling 043a363c6ca3:  10% ▕█                 ▏ 2.2 GB/ 21 GB  267 KB/s  19h43m[K[?25h[?2026l[?2026h[?25l[A[1Gpulling manifest [K
pulling 043a363c6ca3:  10% ▕█                 ▏ 2.2 GB/ 21 GB  267 KB/s  19h43m[K[?25h[?2026l[?2026h[?25l[A[1Gpulling manifest [K
pulling 043a363c6ca3:  10% ▕█                 ▏ 2.2 GB/ 21 GB  307 KB/s   17h8m[K[?25h[?2026l[?2026h[?25l[A[1Gpulling manifest [K
pulling 043a363c6ca3:  10% ▕█                 ▏ 2.2 GB/ 21 GB  307 KB/s   17h8m[K[?25h[?2026l[?2026h[?25l[A[1Gpulling manifest [K
pulling 043a363c6ca3:  10% ▕█                 ▏ 2.2 GB/ 21 GB  276 KB/s   19h3m[K[?25h[?2026l[?2026h[?25l[A[1Gpulling manifest [K
pulling 043a363c6ca3:  10% ▕█                 ▏ 2.2 GB/ 21 GB  276 KB/s   19h3m[K[?25h[?2026l[?2026h[?25l[A[1Gpulling manifest [K
pulling 043a363c6ca3:  10% ▕█                 ▏ 2.2 GB/ 21 GB  260 KB/s  20h15m[K[?25h[?2026l[?2026h[?25l[A[1Gpulling manifest [K
pulling 043a363c6ca3:  10% ▕█                 ▏ 2.2 GB/ 21 GB  260 KB/s  20h15m[K[?25h[?2026l[?2026h[?25l[A[1Gpulling manifest [K
pulling 043a363c6ca3:  10% ▕█                 ▏ 2.2 GB/ 21 GB  260 KB/s  20h15m[K[?25h[?2026l[?2026h[?25l[A[1Gpulling manifest [K
pulling 043a363c6ca3:  10% ▕█                 ▏ 2.2 GB/ 21 GB  260 KB/s  20h14m[K[?25h[?2026l[?2026h[?25l[A[1Gpulling manifest [K
pulling 043a363c6ca3:  10% ▕█                 ▏ 2.2 GB/ 21 GB  275 KB/s   19h8m[K[?25h[?2026l[?2026h[?25l[A[1Gpulling manifest [K
pulling 043a363c6ca3:  10% ▕█                 ▏ 2.2 GB/ 21 GB  275 KB/s   19h8m[K[?25h[?2026l[?2026h[?25l[A[1Gpulling manifest [K
pulling 043a363c6ca3:  10% ▕█                 ▏ 2.2 GB/ 21 GB  312 KB/s  16h51m[K[?25h[?2026l[?2026h[?25l[A[1Gpulling manifest [K
pulling 043a363c6ca3:  10% ▕█                 ▏ 2.2 GB/ 21 GB  312 KB/s  16h51m[K[?25h[?2026l[?2026h[?25l[A[1Gpulling manifest [K
pulling 043a363c6ca3:  10% ▕█                 ▏ 2.2 GB/ 21 GB  305 KB/s  17h15m[K[?25h[?2026l[?2026h[?25l[A[1Gpulling manifest [K
pulling 043a363c6ca3:  10% ▕█                 ▏ 2.2 GB/ 21 GB  305 KB/s  17h15m[K[?25h[?2026l[?2026h[?25l[A[1Gpulling manifest [K
pulling 043a363c6ca3:  10% ▕█                 ▏ 2.2 GB/ 21 GB  317 KB/s  16h33m[K[?25h[?2026l[?2026h[?25l[A[1Gpulling manifest [K
pulling 043a363c6ca3:  10% ▕█                 ▏ 2.2 GB/ 21 GB  317 KB/s  16h33m[K[?25h[?2026l[?2026h[?25l[A[1Gpulling manifest [K
pulling 043a363c6ca3:  10% ▕█                 ▏ 2.2 GB/ 21 GB  340 KB/s  15h28m[K[?25h[?2026l[?2026h[?25l[A[1Gpulling manifest [K
pulling 043a363c6ca3:  10% ▕█                 ▏ 2.2 GB/ 21 GB  340 KB/s  15h28m[K[?25h[?2026l[?2026h[?25l[A[1Gpulling manifest [K
pulling 043a363c6ca3:  10% ▕█                 ▏ 2.2 GB/ 21 GB  302 KB/s  17h25m[K[?25h[?2026l[?2026h[?25l[A[1Gpulling manifest [K
pulling 043a363c6ca3:  10% ▕█                 ▏ 2.2 GB/ 21 GB  276 KB/s   19h2m[K[?25h[?2026l[?2026h[?25l[A[1Gpulling manifest [K
pulling 043a363c6ca3:  10% ▕█                 ▏ 2.2 GB/ 21 GB  249 KB/s   21h8m[K[?25h[?2026l[?2026h[?25l[A[1Gpulling manifest [K
pulling 043a363c6ca3:  10% ▕█                 ▏ 2.2 GB/ 21 GB  249 KB/s   21h8m[K[?25h[?2026l[?2026h[?25l[A[1Gpulling manifest [K
pulling 043a363c6ca3:  10% ▕█                 ▏ 2.2 GB/ 21 GB  234 KB/s  22h27m[K[?25h[?2026l[?2026h[?25l[A[1Gpulling manifest [K
pulling 043a363c6ca3:  10% ▕█                 ▏ 2.2 GB/ 21 GB  234 KB/s  22h27m[K[?25h[?2026l[?2026h[?25l[A[1Gpulling manifest [K
pulling 043a363c6ca3:  10% ▕█                 ▏ 2.2 GB/ 21 GB  203 KB/s  25h56m[K[?25h[?2026l[?2026h[?25l[A[1Gpulling manifest [K
pulling 043a363c6ca3:  10% ▕█                 ▏ 2.2 GB/ 21 GB  203 KB/s  25h56m[K[?25h[?2026l[?2026h[?25l[A[1Gpulling manifest [K
pulling 043a363c6ca3:  10% ▕█                 ▏ 2.2 GB/ 21 GB  203 KB/s  25h56m[K[?25h[?2026l[?2026h[?25l[A[1Gpulling manifest [K
pulling 043a363c6ca3:  10% ▕█                 ▏ 2.2 GB/ 21 GB  160 KB/s  32h50m[K[?25h[?2026l[?2026h[?25l[A[1Gpulling manifest [K
pulling 043a363c6ca3:  10% ▕█                 ▏ 2.2 GB/ 21 GB  160 KB/s  32h50m[K[?25h[?2026l[?2026h[?25l[A[1Gpulling manifest [K
pulling 043a363c6ca3:  10% ▕█                 ▏ 2.2 GB/ 21 GB  145 KB/s   36h7m[K[?25h[?2026l[?2026h[?25l[A[1Gpulling manifest [K
pulling 043a363c6ca3:  10% ▕█                 ▏ 2.2 GB/ 21 GB  125 KB/s  41h52m[K[?25h[?2026l[?2026h[?25l[A[1Gpulling manifest [K
pulling 043a363c6ca3:  10% ▕█                 ▏ 2.2 GB/ 21 GB  125 KB/s  41h52m[K[?25h[?2026l[?2026h[?25l[A[1Gpulling manifest [K
pulling 043a363c6ca3:  10% ▕█                 ▏ 2.2 GB/ 21 GB  125 KB/s  41h52m[K[?25h[?2026l[?2026h[?25l[A[1Gpulling manifest [K
pulling 043a363c6ca3:  10% ▕█                 ▏ 2.2 GB/ 21 GB  102 KB/s  51h11m[K[?25h[?2026l[?2026h[?25l[A[1Gpulling manifest [K
pulling 043a363c6ca3:  10% ▕█                 ▏ 2.2 GB/ 21 GB  102 KB/s  51h11m[K[?25h[?2026l[?2026h[?25l[A[1Gpulling manifest [K
pulling 043a363c6ca3:  10% ▕█                 ▏ 2.2 GB/ 21 GB   79 KB/s  66h29m[K[?25h[?2026l[?2026h[?25l[A[1Gpulling manifest [K
pulling 043a363c6ca3:  10% ▕█                 ▏ 2.2 GB/ 21 GB   79 KB/s  66h29m[K[?25h[?2026l[?2026h[?25l[A[1Gpulling manifest [K
pulling 043a363c6ca3:  10% ▕█                 ▏ 2.2 GB/ 21 GB   79 KB/s  66h29m[K[?25h[?2026l[?2026h[?25l[A[1Gpulling manifest [K
pulling 043a363c6ca3:  10% ▕█                 ▏ 2.2 GB/ 21 GB   79 KB/s  66h29m[K[?25h[?2026l[?2026h[?25l[A[1Gpulling manifest [K
pulling 043a363c6ca3:  10% ▕█                 ▏ 2.2 GB/ 21 GB  133 KB/s  39h29m[K[?25h[?2026l[?2026h[?25l[A[1Gpulling manifest [K
pulling 043a363c6ca3:  10% ▕█                 ▏ 2.2 GB/ 21 GB  133 KB/s  39h29m[K[?25h[?2026l[?2026h[?25l[A[1Gpulling manifest [K
pulling 043a363c6ca3:  10% ▕█                 ▏ 2.2 GB/ 21 GB  133 KB/s  39h28m[K[?25h[?2026l[?2026h[?25l[A[1Gpulling manifest [K
pulling 043a363c6ca3:  10% ▕█                 ▏ 2.2 GB/ 21 GB  133 KB/s  39h28m[K[?25h[?2026l[?2026h[?25l[A[1Gpulling manifest [K
pulling 043a363c6ca3:  10% ▕█                 ▏ 2.2 GB/ 21 GB  133 KB/s  39h28m[K[?25h[?2026l[?2026h[?25l[A[1Gpulling manifest [K
pulling 043a363c6ca3:  10% ▕█                 ▏ 2.2 GB/ 21 GB  133 KB/s  39h28m[K[?25h[?2026l[?2026h[?25l[A[1Gpulling manifest [K
pulling 043a363c6ca3:  10% ▕█                 ▏ 2.2 GB/ 21 GB  133 KB/s  39h28m[K[?25h[?2026l[?2026h[?25l[A[1Gpulling manifest [K
pulling 043a363c6ca3:  10% ▕█                 ▏ 2.2 GB/ 21 GB  133 KB/s  39h28m[K[?25h[?2026l[?2026h[?25l[A[1Gpulling manifest [K
pulling 043a363c6ca3:  10% ▕█                 ▏ 2.2 GB/ 21 GB  1.1 MB/s   4h59m[K[?25h[?2026l[?2026h[?25l[A[1Gpulling manifest [K
pulling 043a363c6ca3:  10% ▕█                 ▏ 2.2 GB/ 21 GB  1.1 MB/s   4h59m[K[?25h[?2026l[?2026h[?25l[A[1Gpulling manifest [K
pulling 043a363c6ca3:  10% ▕█                 ▏ 2.2 GB/ 21 GB  1.1 MB/s   4h59m[K[?25h[?2026l[?2026h[?25l[A[1Gpulling manifest [K
pulling 043a363c6ca3:  10% ▕█                 ▏ 2.2 GB/ 21 GB  1.1 MB/s   4h49m[K[?25h[?2026l[?2026h[?25l[A[1Gpulling manifest [K
pulling 043a363c6ca3:  10% ▕█                 ▏ 2.2 GB/ 21 GB  1.1 MB/s   4h47m[K[?25h[?2026l[?2026h[?25l[A[1Gpulling manifest [K
pulling 043a363c6ca3:  10% ▕█                 ▏ 2.2 GB/ 21 GB  1.1 MB/s   4h47m[K[?25h[?2026l[?2026h[?25l[A[1Gpulling manifest [K
pulling 043a363c6ca3:  10% ▕█                 ▏ 2.2 GB/ 21 GB  1.3 MB/s    4h1m[K[?25h[?2026l[?2026h[?25l[A[1Gpulling manifest [K
pulling 043a363c6ca3:  10% ▕█                 ▏ 2.2 GB/ 21 GB  1.3 MB/s    4h0m[K[?25h[?2026l[?2026h[?25l[A[1Gpulling manifest [K
pulling 043a363c6ca3:  10% ▕█                 ▏ 2.2 GB/ 21 GB  1.3 MB/s   3h58m[K[?25h[?2026l[?2026h[?25l[A[1Gpulling manifest [K
pulling 043a363c6ca3:  10% ▕█                 ▏ 2.2 GB/ 21 GB  1.3 MB/s   3h58m[K[?25h[?2026l[?2026h[?25l[A[1Gpulling manifest [K
pulling 043a363c6ca3:  10% ▕█                 ▏ 2.2 GB/ 21 GB  1.2 MB/s   4h16m[K[?25h[?2026l[?2026h[?25l[A[1Gpulling manifest [K
pulling 043a363c6ca3:  10% ▕█                 ▏ 2.2 GB/ 21 GB  420 KB/s  12h31m[K[?25h[?2026l[?2026h[?25l[A[1Gpulling manifest [K
pulling 043a363c6ca3:  10% ▕█                 ▏ 2.2 GB/ 21 GB  420 KB/s  12h31m[K[?25h[?2026l[?2026h[?25l[A[1Gpulling manifest [K
pulling 043a363c6ca3:  10% ▕█                 ▏ 2.2 GB/ 21 GB  466 KB/s  11h16m[K[?25h[?2026l[?2026h[?25l[A[1Gpulling manifest [K
pulling 043a363c6ca3:  10% ▕█                 ▏ 2.2 GB/ 21 GB  466 KB/s  11h16m[K[?25h[?2026l[?2026h[?25l[A[1Gpulling manifest [K
pulling 043a363c6ca3:  10% ▕█                 ▏ 2.2 GB/ 21 GB  461 KB/s  11h24m[K[?25h[?2026l[?2026h[?25l[A[1Gpulling manifest [K
pulling 043a363c6ca3:  10% ▕█                 ▏ 2.2 GB/ 21 GB  282 KB/s  18h36m[K[?25h[?2026l[?2026h[?25l[A[1Gpulling manifest [K
pulling 043a363c6ca3:  10% ▕█                 ▏ 2.2 GB/ 21 GB  282 KB/s  18h36m[K[?25h[?2026l[?2026h[?25l[A[1Gpulling manifest [K
pulling 043a363c6ca3:  10% ▕█                 ▏ 2.2 GB/ 21 GB  286 KB/s  18h23m[K[?25h[?2026l[?2026h[?25l[A[1Gpulling manifest [K
pulling 043a363c6ca3:  10% ▕█                 ▏ 2.2 GB/ 21 GB  198 KB/s  26h32m[K[?25h[?2026l[?2026h[?25l[A[1Gpulling manifest [K
pulling 043a363c6ca3:  10% ▕█                 ▏ 2.2 GB/ 21 GB  198 KB/s  26h32m[K[?25h[?2026l[?2026h[?25l[A[1Gpulling manifest [K
pulling 043a363c6ca3:  10% ▕█                 ▏ 2.2 GB/ 21 GB  198 KB/s  26h32m[K[?25h[?2026l[?2026h[?25l[A[1Gpulling manifest [K
pulling 043a363c6ca3:  10% ▕█                 ▏ 2.2 GB/ 21 GB  220 KB/s  23h51m[K[?25h[?2026l[?2026h[?25l[A[1Gpulling manifest [K
pulling 043a363c6ca3:  10% ▕█                 ▏ 2.2 GB/ 21 GB  220 KB/s  23h51m[K[?25h[?2026l[?2026h[?25l[A[1Gpulling manifest [K
pulling 043a363c6ca3:  10% ▕█                 ▏ 2.2 GB/ 21 GB  220 KB/s  23h51m[K[?25h[?2026l[?2026h[?25l[A[1Gpulling manifest [K
pulling 043a363c6ca3:  10% ▕█                 ▏ 2.2 GB/ 21 GB  220 KB/s  23h51m[K[?25h[?2026l[?2026h[?25l[A[1Gpulling manifest [K
pulling 043a363c6ca3:  10% ▕█                 ▏ 2.2 GB/ 21 GB  256 KB/s  20h30m[K[?25h[?2026l[?2026h[?25l[A[1Gpulling manifest [K
pulling 043a363c6ca3:  10% ▕█                 ▏ 2.2 GB/ 21 GB  256 KB/s  20h30m[K[?25h[?2026l[?2026h[?25l[A[1Gpulling manifest [K
pulling 043a363c6ca3:  10% ▕█                 ▏ 2.2 GB/ 21 GB  227 KB/s  23h10m[K[?25h[?2026l[?2026h[?25l[A[1Gpulling manifest [K
pulling 043a363c6ca3:  10% ▕█                 ▏ 2.2 GB/ 21 GB  302 KB/s  17h23m[K[?25h[?2026l[?2026h[?25l[A[1Gpulling manifest [K
pulling 043a363c6ca3:  10% ▕█                 ▏ 2.2 GB/ 21 GB  325 KB/s  16h10m[K[?25h[?2026l[?2026h[?25l[A[1Gpulling manifest [K
pulling 043a363c6ca3:  10% ▕█                 ▏ 2.2 GB/ 21 GB  354 KB/s  14h49m[K[?25h[?2026l[?2026h[?25l[A[1Gpulling manifest [K
pulling 043a363c6ca3:  10% ▕█                 ▏ 2.2 GB/ 21 GB  372 KB/s   14h7m[K[?25h[?2026l[?2026h[?25l[A[1Gpulling manifest [K
pulling 043a363c6ca3:  10% ▕█                 ▏ 2.2 GB/ 21 GB  372 KB/s   14h7m[K[?25h[?2026l[?2026h[?25l[A[1Gpulling manifest [K
pulling 043a363c6ca3:  10% ▕█                 ▏ 2.2 GB/ 21 GB  372 KB/s   14h7m[K[?25h[?2026l[?2026h[?25l[A[1Gpulling manifest [K
pulling 043a363c6ca3:  10% ▕█                 ▏ 2.2 GB/ 21 GB  308 KB/s   17h4m[K[?25h[?2026l[?2026h[?25l[A[1Gpulling manifest [K
pulling 043a363c6ca3:  10% ▕█                 ▏ 2.2 GB/ 21 GB  273 KB/s  19h13m[K[?25h[?2026l[?2026h[?25l[A[1Gpulling manifest [K
pulling 043a363c6ca3:  10% ▕█                 ▏ 2.2 GB/ 21 GB  262 KB/s   20h4m[K[?25h[?2026l[?2026h[?25l[A[1Gpulling manifest [K
pulling 043a363c6ca3:  10% ▕█                 ▏ 2.2 GB/ 21 GB  262 KB/s   20h4m[K[?25h[?2026l[?2026h[?25l[A[1Gpulling manifest [K
pulling 043a363c6ca3:  10% ▕█                 ▏ 2.2 GB/ 21 GB  262 KB/s   20h4m[K[?25h[?2026l[?2026h[?25l[A[1Gpulling manifest [K
pulling 043a363c6ca3:  10% ▕█                 ▏ 2.2 GB/ 21 GB  262 KB/s   20h4m[K[?25h[?2026l[?2026h[?25l[A[1Gpulling manifest [K
pulling 043a363c6ca3:  10% ▕█                 ▏ 2.2 GB/ 21 GB  221 KB/s  23h47m[K[?25h[?2026l[?2026h[?25l[A[1Gpulling manifest [K
pulling 043a363c6ca3:  10% ▕█                 ▏ 2.2 GB/ 21 GB  221 KB/s  23h47m[K[?25h[?2026l[?2026h[?25l[A[1Gpulling manifest [K
pulling 043a363c6ca3:  10% ▕█                 ▏ 2.2 GB/ 21 GB  221 KB/s  23h46m[K[?25h[?2026l[?2026h[?25l[A[1Gpulling manifest [K
pulling 043a363c6ca3:  11% ▕█                 ▏ 2.2 GB/ 21 GB  221 KB/s  23h46m[K[?25h[?2026l[?2026h[?25l[A[1Gpulling manifest [K
pulling 043a363c6ca3:  11% ▕█                 ▏ 2.2 GB/ 21 GB  221 KB/s  23h46m[K[?25h[?2026l[?2026h[?25l[A[1Gpulling manifest [K
pulling 043a363c6ca3:  11% ▕█                 ▏ 2.2 GB/ 21 GB  323 KB/s  16h15m[K[?25h[?2026l[?2026h[?25l[A[1Gpulling manifest [K
pulling 043a363c6ca3:  11% ▕█                 ▏ 2.2 GB/ 21 GB  323 KB/s  16h15m[K[?25h[?2026l[?2026h[?25l[A[1Gpulling manifest [K
pulling 043a363c6ca3:  11% ▕█                 ▏ 2.2 GB/ 21 GB  323 KB/s  16h15m[K[?25h[?2026l[?2026h[?25l[A[1Gpulling manifest [K
pulling 043a363c6ca3:  11% ▕█                 ▏ 2.2 GB/ 21 GB  343 KB/s  15h17m[K[?25h[?2026l[?2026h[?25l[A[1Gpulling manifest [K
pulling 043a363c6ca3:  11% ▕█                 ▏ 2.2 GB/ 21 GB  343 KB/s  15h17m[K[?25h[?2026l[?2026h[?25l[A[1Gpulling manifest [K
pulling 043a363c6ca3:  11% ▕█                 ▏ 2.2 GB/ 21 GB  311 KB/s  16h54m[K[?25h[?2026l[?2026h[?25l[A[1Gpulling manifest [K
pulling 043a363c6ca3:  11% ▕█                 ▏ 2.2 GB/ 21 GB  311 KB/s  16h54m[K[?25h[?2026l[?2026h[?25l[A[1Gpulling manifest [K
pulling 043a363c6ca3:  11% ▕█                 ▏ 2.2 GB/ 21 GB  311 KB/s  16h54m[K[?25h[?2026l[?2026h[?25l[A[1Gpulling manifest [K
pulling 043a363c6ca3:  11% ▕█                 ▏ 2.2 GB/ 21 GB  349 KB/s   15h2m[K[?25h[?2026l[?2026h[?25l[A[1Gpulling manifest [K
pulling 043a363c6ca3:  11% ▕█                 ▏ 2.2 GB/ 21 GB  314 KB/s  16h43m[K[?25h[?2026l[?2026h[?25l[A[1Gpulling manifest [K
pulling 043a363c6ca3:  11% ▕█                 ▏ 2.2 GB/ 21 GB  314 KB/s  16h43m[K[?25h[?2026l[?2026h[?25l[A[1Gpulling manifest [K
pulling 043a363c6ca3:  11% ▕█                 ▏ 2.2 GB/ 21 GB  314 KB/s  16h43m[K[?25h[?2026l[?2026h[?25l[A[1Gpulling manifest [K
pulling 043a363c6ca3:  11% ▕█                 ▏ 2.2 GB/ 21 GB  314 KB/s  16h43m[K[?25h[?2026l[?2026h[?25l[A[1Gpulling manifest [K
pulling 043a363c6ca3:  11% ▕█                 ▏ 2.2 GB/ 21 GB  379 KB/s  13h51m[K[?25h[?2026l[?2026h[?25l[A[1Gpulling manifest [K
pulling 043a363c6ca3:  11% ▕█                 ▏ 2.2 GB/ 21 GB  379 KB/s  13h51m[K[?25h[?2026l[?2026h[?25l[A[1Gpulling manifest [K
pulling 043a363c6ca3:  11% ▕█                 ▏ 2.2 GB/ 21 GB  379 KB/s  13h51m[K[?25h[?2026l[?2026h[?25l[A[1Gpulling manifest [K
pulling 043a363c6ca3:  11% ▕█                 ▏ 2.2 GB/ 21 GB  379 KB/s  13h51m[K[?25h[?2026l[?2026h[?25l[A[1Gpulling manifest [K
pulling 043a363c6ca3:  11% ▕█                 ▏ 2.2 GB/ 21 GB  403 KB/s   13h1m[K[?25h[?2026l[?2026h[?25l[A[1Gpulling manifest [K
pulling 043a363c6ca3:  11% ▕█                 ▏ 2.2 GB/ 21 GB  403 KB/s   13h1m[K[?25h[?2026l[?2026h[?25l[A[1Gpulling manifest [K
pulling 043a363c6ca3:  11% ▕█                 ▏ 2.2 GB/ 21 GB  403 KB/s   13h1m[K[?25h[?2026l[?2026h[?25l[A[1Gpulling manifest [K
pulling 043a363c6ca3:  11% ▕█                 ▏ 2.2 GB/ 21 GB  407 KB/s  12h54m[K[?25h[?2026l[?2026h[?25l[A[1Gpulling manifest [K
pulling 043a363c6ca3:  11% ▕█                 ▏ 2.2 GB/ 21 GB  328 KB/s   16h0m[K[?25h[?2026l[?2026h[?25l[A[1Gpulling manifest [K
pulling 043a363c6ca3:  11% ▕█                 ▏ 2.2 GB/ 21 GB  328 KB/s   16h0m[K[?25h[?2026l[?2026h[?25l[A[1Gpulling manifest [K
pulling 043a363c6ca3:  11% ▕█                 ▏ 2.2 GB/ 21 GB  269 KB/s  19h30m[K[?25h[?2026l[?2026h[?25l[A[1Gpulling manifest [K
pulling 043a363c6ca3:  11% ▕█                 ▏ 2.2 GB/ 21 GB  269 KB/s  19h30m[K[?25h[?2026l[?2026h[?25l[A[1Gpulling manifest [K
pulling 043a363c6ca3:  11% ▕█                 ▏ 2.2 GB/ 21 GB  269 KB/s  19h30m[K[?25h[?2026l[?2026h[?25l[A[1Gpulling manifest [K
pulling 043a363c6ca3:  11% ▕█                 ▏ 2.2 GB/ 21 GB  254 KB/s  20h40m[K[?25h[?2026l[?2026h[?25l[A[1Gpulling manifest [K
pulling 043a363c6ca3:  11% ▕█                 ▏ 2.2 GB/ 21 GB  254 KB/s  20h40m[K[?25h[?2026l[?2026h[?25l[A[1Gpulling manifest [K
pulling 043a363c6ca3:  11% ▕█                 ▏ 2.2 GB/ 21 GB  254 KB/s  20h40m[K[?25h[?2026l[?2026h[?25l[A[1Gpulling manifest [K
pulling 043a363c6ca3:  11% ▕█                 ▏ 2.2 GB/ 21 GB  282 KB/s  18h36m[K[?25h[?2026l[?2026h[?25l[A[1Gpulling manifest [K
pulling 043a363c6ca3:  11% ▕█                 ▏ 2.2 GB/ 21 GB  282 KB/s  18h36m[K[?25h[?2026l[?2026h[?25l[A[1Gpulling manifest [K
pulling 043a363c6ca3:  11% ▕█                 ▏ 2.2 GB/ 21 GB  282 KB/s  18h36m[K[?25h[?2026l[?2026h[?25l[A[1Gpulling manifest [K
pulling 043a363c6ca3:  11% ▕█                 ▏ 2.2 GB/ 21 GB  282 KB/s  18h36m[K[?25h[?2026l[?2026h[?25l[A[1Gpulling manifest [K
pulling 043a363c6ca3:  11% ▕█                 ▏ 2.2 GB/ 21 GB  274 KB/s   19h7m[K[?25h[?2026l[?2026h[?25l[A[1Gpulling manifest [K
pulling 043a363c6ca3:  11% ▕█                 ▏ 2.2 GB/ 21 GB  274 KB/s   19h7m[K[?25h[?2026l[?2026h[?25l[A[1Gpulling manifest [K
pulling 043a363c6ca3:  11% ▕█                 ▏ 2.2 GB/ 21 GB  286 KB/s  18h19m[K[?25h[?2026l[?2026h[?25l[A[1Gpulling manifest [K
pulling 043a363c6ca3:  11% ▕█                 ▏ 2.2 GB/ 21 GB  286 KB/s  18h19m[K[?25h[?2026l[?2026h[?25l[A[1Gpulling manifest [K
pulling 043a363c6ca3:  11% ▕█                 ▏ 2.2 GB/ 21 GB  286 KB/s  18h19m[K[?25h[?2026l[?2026h[?25l[A[1Gpulling manifest [K
pulling 043a363c6ca3:  11% ▕█                 ▏ 2.2 GB/ 21 GB  230 KB/s  22h47m[K[?25h[?2026l[?2026h[?25l[A[1Gpulling manifest [K
pulling 043a363c6ca3:  11% ▕█                 ▏ 2.2 GB/ 21 GB  230 KB/s  22h47m[K[?25h[?2026l[?2026h[?25l[A[1Gpulling manifest [K
pulling 043a363c6ca3:  11% ▕█                 ▏ 2.2 GB/ 21 GB  230 KB/s  22h46m[K[?25h[?2026l[?2026h[?25l[A[1Gpulling manifest [K
pulling 043a363c6ca3:  11% ▕█                 ▏ 2.2 GB/ 21 GB  252 KB/s  20h51m[K[?25h[?2026l[?2026h[?25l[A[1Gpulling manifest [K
pulling 043a363c6ca3:  11% ▕█                 ▏ 2.2 GB/ 21 GB  252 KB/s  20h51m[K[?25h[?2026l[?2026h[?25l[A[1Gpulling manifest [K
pulling 043a363c6ca3:  11% ▕█                 ▏ 2.2 GB/ 21 GB  312 KB/s  16h48m[K[?25h[?2026l[?2026h[?25l[A[1Gpulling manifest [K
pulling 043a363c6ca3:  11% ▕█                 ▏ 2.2 GB/ 21 GB  312 KB/s  16h48m[K[?25h[?2026l[?2026h[?25l[A[1Gpulling manifest [K
pulling 043a363c6ca3:  11% ▕█                 ▏ 2.2 GB/ 21 GB  312 KB/s  16h48m[K[?25h[?2026l[?2026h[?25l[A[1Gpulling manifest [K
pulling 043a363c6ca3:  11% ▕█                 ▏ 2.2 GB/ 21 GB  318 KB/s  16h31m[K[?25h[?2026l[?2026h[?25l[A[1Gpulling manifest [K
pulling 043a363c6ca3:  11% ▕█                 ▏ 2.2 GB/ 21 GB  318 KB/s  16h30m[K[?25h[?2026l[?2026h[?25l[A[1Gpulling manifest [K
pulling 043a363c6ca3:  11% ▕█                 ▏ 2.2 GB/ 21 GB  460 KB/s  11h25m[K[?25h[?2026l[?2026h[?25l[A[1Gpulling manifest [K
pulling 043a363c6ca3:  11% ▕█                 ▏ 2.2 GB/ 21 GB  460 KB/s  11h25m[K[?25h[?2026l[?2026h[?25l[A[1Gpulling manifest [K
pulling 043a363c6ca3:  11% ▕█                 ▏ 2.2 GB/ 21 GB  460 KB/s  11h25m[K[?25h[?2026l[?2026h[?25l[A[1Gpulling manifest [K
pulling 043a363c6ca3:  11% ▕█                 ▏ 2.2 GB/ 21 GB  425 KB/s  12h20m[K[?25h[?2026l[?2026h[?25l[A[1Gpulling manifest [K
pulling 043a363c6ca3:  11% ▕█                 ▏ 2.2 GB/ 21 GB  425 KB/s  12h20m[K[?25h[?2026l[?2026h[?25l[A[1Gpulling manifest [K
pulling 043a363c6ca3:  11% ▕█                 ▏ 2.2 GB/ 21 GB  425 KB/s  12h20m[K[?25h[?2026l[?2026h[?25l[A[1Gpulling manifest [K
pulling 043a363c6ca3:  11% ▕█                 ▏ 2.2 GB/ 21 GB  580 KB/s    9h3m[K[?25h[?2026l[?2026h[?25l[A[1Gpulling manifest [K
pulling 043a363c6ca3:  11% ▕█                 ▏ 2.2 GB/ 21 GB  578 KB/s    9h4m[K[?25h[?2026l[?2026h[?25l[A[1Gpulling manifest [K
pulling 043a363c6ca3:  11% ▕█                 ▏ 2.2 GB/ 21 GB  578 KB/s    9h4m[K[?25h[?2026l[?2026h[?25l[A[1Gpulling manifest [K
pulling 043a363c6ca3:  11% ▕█                 ▏ 2.2 GB/ 21 GB  687 KB/s   7h38m[K[?25h[?2026l[?2026h[?25l[A[1Gpulling manifest [K
pulling 043a363c6ca3:  11% ▕█                 ▏ 2.2 GB/ 21 GB  660 KB/s   7h57m[K[?25h[?2026l[?2026h[?25l[A[1Gpulling manifest [K
pulling 043a363c6ca3:  11% ▕█                 ▏ 2.2 GB/ 21 GB  660 KB/s   7h57m[K[?25h[?2026l[?2026h[?25l[A[1Gpulling manifest [K
pulling 043a363c6ca3:  11% ▕█                 ▏ 2.2 GB/ 21 GB  636 KB/s   8h15m[K[?25h[?2026l[?2026h[?25l[A[1Gpulling manifest [K
pulling 043a363c6ca3:  11% ▕█                 ▏ 2.2 GB/ 21 GB  615 KB/s   8h32m[K[?25h[?2026l[?2026h[?25l[A[1Gpulling manifest [K
pulling 043a363c6ca3:  11% ▕█                 ▏ 2.2 GB/ 21 GB  615 KB/s   8h32m[K[?25h[?2026l[?2026h[?25l[A[1Gpulling manifest [K
pulling 043a363c6ca3:  11% ▕█                 ▏ 2.2 GB/ 21 GB  467 KB/s  11h14m[K[?25h[?2026l[?2026h[?25l[A[1Gpulling manifest [K
pulling 043a363c6ca3:  11% ▕█                 ▏ 2.2 GB/ 21 GB  467 KB/s  11h14m[K[?25h[?2026l[?2026h[?25l[A[1Gpulling manifest [K
pulling 043a363c6ca3:  11% ▕█                 ▏ 2.2 GB/ 21 GB  482 KB/s  10h54m[K[?25h[?2026l[?2026h[?25l[A[1Gpulling manifest [K
pulling 043a363c6ca3:  11% ▕█                 ▏ 2.2 GB/ 21 GB  310 KB/s  16h55m[K[?25h[?2026l[?2026h[?25l[A[1Gpulling manifest [K
pulling 043a363c6ca3:  11% ▕█                 ▏ 2.2 GB/ 21 GB  196 KB/s  26h46m[K[?25h[?2026l[?2026h[?25l[A[1Gpulling manifest [K
pulling 043a363c6ca3:  11% ▕█                 ▏ 2.2 GB/ 21 GB  199 KB/s  26h17m[K[?25h[?2026l[?2026h[?25l[A[1Gpulling manifest [K
pulling 043a363c6ca3:  11% ▕█                 ▏ 2.2 GB/ 21 GB  218 KB/s   24h5m[K[?25h[?2026l[?2026h[?25l[A[1Gpulling manifest [K
pulling 043a363c6ca3:  11% ▕█                 ▏ 2.2 GB/ 21 GB  212 KB/s  24h42m[K[?25h[?2026l[?2026h[?25l[A[1Gpulling manifest [K
pulling 043a363c6ca3:  11% ▕█                 ▏ 2.2 GB/ 21 GB  216 KB/s  24h17m[K[?25h[?2026l[?2026h[?25l[A[1Gpulling manifest [K
pulling 043a363c6ca3:  11% ▕█                 ▏ 2.2 GB/ 21 GB  212 KB/s  24h42m[K[?25h[?2026l[?2026h[?25l[A[1Gpulling manifest [K
pulling 043a363c6ca3:  11% ▕█                 ▏ 2.2 GB/ 21 GB  183 KB/s  28h37m[K[?25h[?2026l[?2026h[?25l[A[1Gpulling manifest [K
pulling 043a363c6ca3:  11% ▕█                 ▏ 2.2 GB/ 21 GB  169 KB/s   31h2m[K[?25h[?2026l[?2026h[?25l[A[1Gpulling manifest [K
pulling 043a363c6ca3:  11% ▕█                 ▏ 2.2 GB/ 21 GB  169 KB/s   31h2m[K[?25h[?2026l[?2026h[?25l[A[1Gpulling manifest [K
pulling 043a363c6ca3:  11% ▕█                 ▏ 2.2 GB/ 21 GB  189 KB/s  27h45m[K[?25h[?2026l[?2026h[?25l[A[1Gpulling manifest [K
pulling 043a363c6ca3:  11% ▕█                 ▏ 2.2 GB/ 21 GB  189 KB/s  27h45m[K[?25h[?2026l[?2026h[?25l[A[1Gpulling manifest [K
pulling 043a363c6ca3:  11% ▕█                 ▏ 2.2 GB/ 21 GB  209 KB/s   25h6m[K[?25h[?2026l[?2026h[?25l[A[1Gpulling manifest [K
pulling 043a363c6ca3:  11% ▕█                 ▏ 2.2 GB/ 21 GB  200 KB/s  26h14m[K[?25h[?2026l[?2026h[?25l[A[1Gpulling manifest [K
pulling 043a363c6ca3:  11% ▕█                 ▏ 2.2 GB/ 21 GB  172 KB/s  30h23m[K[?25h[?2026l[?2026h[?25l[A[1Gpulling manifest [K
pulling 043a363c6ca3:  11% ▕█                 ▏ 2.2 GB/ 21 GB  169 KB/s   31h2m[K[?25h[?2026l[?2026h[?25l[A[1Gpulling manifest [K
pulling 043a363c6ca3:  11% ▕█                 ▏ 2.2 GB/ 21 GB  163 KB/s   32h4m[K[?25h[?2026l[?2026h[?25l[A[1Gpulling manifest [K
pulling 043a363c6ca3:  11% ▕█                 ▏ 2.2 GB/ 21 GB  160 KB/s  32h48m[K[?25h[?2026l[?2026h[?25l[A[1Gpulling manifest [K
pulling 043a363c6ca3:  11% ▕█                 ▏ 2.2 GB/ 21 GB  216 KB/s  24h17m[K[?25h[?2026l[?2026h[?25l[A[1Gpulling manifest [K
pulling 043a363c6ca3:  11% ▕█                 ▏ 2.2 GB/ 21 GB  216 KB/s  24h18m[K[?25h[?2026l[?2026h[?25l[A[1Gpulling manifest [K
pulling 043a363c6ca3:  11% ▕█                 ▏ 2.2 GB/ 21 GB  204 KB/s  25h39m[K[?25h[?2026l[?2026h[?25l[A[1Gpulling manifest [K
pulling 043a363c6ca3:  11% ▕█                 ▏ 2.2 GB/ 21 GB  254 KB/s  20h37m[K[?25h[?2026l[?2026h[?25l[A[1Gpulling manifest [K
pulling 043a363c6ca3:  11% ▕█                 ▏ 2.2 GB/ 21 GB  254 KB/s  20h37m[K[?25h[?2026l[?2026h[?25l[A[1Gpulling manifest [K
pulling 043a363c6ca3:  11% ▕█                 ▏ 2.2 GB/ 21 GB  252 KB/s  20h47m[K[?25h[?2026l[?2026h[?25l[A[1Gpulling manifest [K
pulling 043a363c6ca3:  11% ▕█                 ▏ 2.2 GB/ 21 GB  281 KB/s  18h38m[K[?25h[?2026l[?2026h[?25l[A[1Gpulling manifest [K
pulling 043a363c6ca3:  11% ▕█                 ▏ 2.2 GB/ 21 GB  289 KB/s  18h10m[K[?25h[?2026l[?2026h[?25l[A[1Gpulling manifest [K
pulling 043a363c6ca3:  11% ▕█                 ▏ 2.2 GB/ 21 GB  289 KB/s  18h10m[K[?25h[?2026l[?2026h[?25l[A[1Gpulling manifest [K
pulling 043a363c6ca3:  11% ▕█                 ▏ 2.2 GB/ 21 GB  265 KB/s  19h47m[K[?25h[?2026l[?2026h[?25l[A[1Gpulling manifest [K
pulling 043a363c6ca3:  11% ▕█                 ▏ 2.2 GB/ 21 GB  265 KB/s  19h47m[K[?25h[?2026l[?2026h[?25l[A[1Gpulling manifest [K
pulling 043a363c6ca3:  11% ▕█                 ▏ 2.2 GB/ 21 GB  251 KB/s  20h55m[K[?25h[?2026l[?2026h[?25l[A[1Gpulling manifest [K
pulling 043a363c6ca3:  11% ▕█                 ▏ 2.2 GB/ 21 GB  221 KB/s  23h41m[K[?25h[?2026l[?2026h[?25l[A[1Gpulling manifest [K
pulling 043a363c6ca3:  11% ▕█                 ▏ 2.2 GB/ 21 GB  249 KB/s   21h5m[K[?25h[?2026l[?2026h[?25l[A[1Gpulling manifest [K
pulling 043a363c6ca3:  11% ▕█                 ▏ 2.2 GB/ 21 GB  223 KB/s  23h29m[K[?25h[?2026l[?2026h[?25l[A[1Gpulling manifest [K
pulling 043a363c6ca3:  11% ▕█                 ▏ 2.2 GB/ 21 GB  223 KB/s  23h28m[K[?25h[?2026l[?2026h[?25l[A[1Gpulling manifest [K
pulling 043a363c6ca3:  11% ▕█                 ▏ 2.2 GB/ 21 GB  291 KB/s   18h2m[K[?25h[?2026l[?2026h[?25l[A[1Gpulling manifest [K
pulling 043a363c6ca3:  11% ▕█                 ▏ 2.2 GB/ 21 GB  293 KB/s  17h55m[K[?25h[?2026l[?2026h[?25l[A[1Gpulling manifest [K
pulling 043a363c6ca3:  11% ▕█                 ▏ 2.2 GB/ 21 GB  282 KB/s  18h37m[K[?25h[?2026l[?2026h[?25l[A[1Gpulling manifest [K
pulling 043a363c6ca3:  11% ▕█                 ▏ 2.2 GB/ 21 GB  300 KB/s  17h29m[K[?25h[?2026l[?2026h[?25l[A[1Gpulling manifest [K
pulling 043a363c6ca3:  11% ▕█                 ▏ 2.2 GB/ 21 GB  298 KB/s  17h36m[K[?25h[?2026l[?2026h[?25l[A[1Gpulling manifest [K
pulling 043a363c6ca3:  11% ▕█                 ▏ 2.2 GB/ 21 GB  298 KB/s  17h35m[K[?25h[?2026l[?2026h[?25l[A[1Gpulling manifest [K
pulling 043a363c6ca3:  11% ▕█                 ▏ 2.2 GB/ 21 GB  360 KB/s  14h34m[K[?25h[?2026l[?2026h[?25l[A[1Gpulling manifest [K
pulling 043a363c6ca3:  11% ▕█                 ▏ 2.2 GB/ 21 GB  316 KB/s  16h35m[K[?25h[?2026l[?2026h[?25l[A[1Gpulling manifest [K
pulling 043a363c6ca3:  11% ▕█                 ▏ 2.2 GB/ 21 GB  344 KB/s  15h16m[K[?25h[?2026l[?2026h[?25l[A[1Gpulling manifest [K
pulling 043a363c6ca3:  11% ▕█                 ▏ 2.2 GB/ 21 GB  358 KB/s  14h39m[K[?25h[?2026l[?2026h[?25l[A[1Gpulling manifest [K
pulling 043a363c6ca3:  11% ▕█                 ▏ 2.2 GB/ 21 GB  263 KB/s  19h54m[K[?25h[?2026l[?2026h[?25l[A[1Gpulling manifest [K
pulling 043a363c6ca3:  11% ▕█                 ▏ 2.2 GB/ 21 GB  263 KB/s  19h54m[K[?25h[?2026l[?2026h[?25l[A[1Gpulling manifest [K
pulling 043a363c6ca3:  11% ▕█                 ▏ 2.2 GB/ 21 GB  280 KB/s  18h44m[K[?25h[?2026l[?2026h[?25l[A[1Gpulling manifest [K
pulling 043a363c6ca3:  11% ▕█                 ▏ 2.2 GB/ 21 GB  722 KB/s   7h15m[K[?25h[?2026l[?2026h[?25l[A[1Gpulling manifest [K
pulling 043a363c6ca3:  11% ▕█                 ▏ 2.3 GB/ 21 GB  734 KB/s    7h9m[K[?25h[?2026l[?2026h[?25l[A[1Gpulling manifest [K
pulling 043a363c6ca3:  11% ▕█                 ▏ 2.3 GB/ 21 GB  723 KB/s   7h15m[K[?25h[?2026l[?2026h[?25l[A[1Gpulling manifest [K
pulling 043a363c6ca3:  11% ▕█                 ▏ 2.3 GB/ 21 GB  708 KB/s   7h24m[K[?25h[?2026l[?2026h[?25l[A[1Gpulling manifest [K
pulling 043a363c6ca3:  11% ▕█                 ▏ 2.3 GB/ 21 GB  708 KB/s   7h24m[K[?25h[?2026l[?2026h[?25l[A[1Gpulling manifest [K
pulling 043a363c6ca3:  11% ▕█                 ▏ 2.3 GB/ 21 GB  741 KB/s    7h5m[K[?25h[?2026l[?2026h[?25l[A[1Gpulling manifest [K
pulling 043a363c6ca3:  11% ▕█                 ▏ 2.3 GB/ 21 GB  741 KB/s    7h5m[K[?25h[?2026l[?2026h[?25l[A[1Gpulling manifest [K
pulling 043a363c6ca3:  11% ▕█                 ▏ 2.3 GB/ 21 GB  746 KB/s    7h2m[K[?25h[?2026l[?2026h[?25l[A[1Gpulling manifest [K
pulling 043a363c6ca3:  11% ▕█                 ▏ 2.3 GB/ 21 GB  302 KB/s  17h23m[K[?25h[?2026l[?2026h[?25l[A[1Gpulling manifest [K
pulling 043a363c6ca3:  11% ▕█                 ▏ 2.3 GB/ 21 GB  212 KB/s  24h40m[K[?25h[?2026l[?2026h[?25l[A[1Gpulling manifest [K
pulling 043a363c6ca3:  11% ▕█                 ▏ 2.3 GB/ 21 GB  190 KB/s  27h34m[K[?25h[?2026l[?2026h[?25l[A[1Gpulling manifest [K
pulling 043a363c6ca3:  11% ▕█                 ▏ 2.3 GB/ 21 GB  199 KB/s  26h18m[K[?25h[?2026l[?2026h[?25l[A[1Gpulling manifest [K
pulling 043a363c6ca3:  11% ▕█                 ▏ 2.3 GB/ 21 GB  177 KB/s  29h31m[K[?25h[?2026l[?2026h[?25l[A[1Gpulling manifest [K
pulling 043a363c6ca3:  11% ▕█                 ▏ 2.3 GB/ 21 GB  177 KB/s  29h31m[K[?25h[?2026l[?2026h[?25l[A[1Gpulling manifest [K
pulling 043a363c6ca3:  11% ▕█                 ▏ 2.3 GB/ 21 GB  166 KB/s  31h27m[K[?25h[?2026l[?2026h[?25l[A[1Gpulling manifest [K
pulling 043a363c6ca3:  11% ▕█                 ▏ 2.3 GB/ 21 GB  141 KB/s   37h3m[K[?25h[?2026l[?2026h[?25l[A[1Gpulling manifest [K
pulling 043a363c6ca3:  11% ▕█                 ▏ 2.3 GB/ 21 GB  141 KB/s   37h3m[K[?25h[?2026l[?2026h[?25l[A[1Gpulling manifest [K
pulling 043a363c6ca3:  11% ▕█                 ▏ 2.3 GB/ 21 GB  143 KB/s  36h39m[K[?25h[?2026l[?2026h[?25l[A[1Gpulling manifest [K
pulling 043a363c6ca3:  11% ▕█                 ▏ 2.3 GB/ 21 GB  152 KB/s  34h20m[K[?25h[?2026l[?2026h[?25l[A[1Gpulling manifest [K
pulling 043a363c6ca3:  11% ▕█                 ▏ 2.3 GB/ 21 GB  180 KB/s   29h8m[K[?25h[?2026l[?2026h[?25l[A[1Gpulling manifest [K
pulling 043a363c6ca3:  11% ▕█                 ▏ 2.3 GB/ 21 GB  158 KB/s   33h9m[K[?25h[?2026l[?2026h[?25l[A[1Gpulling manifest [K
pulling 043a363c6ca3:  11% ▕█                 ▏ 2.3 GB/ 21 GB  296 KB/s  17h44m[K[?25h[?2026l[?2026h[?25l[A[1Gpulling manifest [K
pulling 043a363c6ca3:  11% ▕█                 ▏ 2.3 GB/ 21 GB  341 KB/s  15h22m[K[?25h[?2026l[?2026h[?25l[A[1Gpulling manifest [K
pulling 043a363c6ca3:  11% ▕█                 ▏ 2.3 GB/ 21 GB  336 KB/s  15h37m[K[?25h[?2026l[?2026h[?25l[A[1Gpulling manifest [K
pulling 043a363c6ca3:  11% ▕█                 ▏ 2.3 GB/ 21 GB  336 KB/s  15h37m[K[?25h[?2026l[?2026h[?25l[A[1Gpulling manifest [K
pulling 043a363c6ca3:  11% ▕█                 ▏ 2.3 GB/ 21 GB  3.6 KB/s    99h+[K[?25h[?2026l[?2026h[?25l[A[1Gpulling manifest [K
pulling 043a363c6ca3:  10% ▕█                 ▏ 2.2 GB/ 21 GB                  [K[?25h[?2026l[?2026h[?25l[A[1Gpulling manifest [K
pulling 043a363c6ca3:  10% ▕█                 ▏ 2.2 GB/ 21 GB                  [K[?25h[?2026l[?2026h[?25l[A[1Gpulling manifest [K
pulling 043a363c6ca3:  10% ▕█                 ▏ 2.2 GB/ 21 GB                  [K[?25h[?2026l[?2026h[?25l[A[1Gpulling manifest [K
pulling 043a363c6ca3:  10% ▕█                 ▏ 2.2 GB/ 21 GB                  [K[?25h[?2026l[?2026h[?25l[A[1Gpulling manifest [K
pulling 043a363c6ca3:  10% ▕█                 ▏ 2.2 GB/ 21 GB                  [K[?25h[?2026l[?2026h[?25l[A[1Gpulling manifest [K
pulling 043a363c6ca3:  10% ▕█                 ▏ 2.2 GB/ 21 GB  270 KB/s  19h28m[K[?25h[?2026l[?2026h[?25l[A[1Gpulling manifest [K
pulling 043a363c6ca3:  10% ▕█                 ▏ 2.2 GB/ 21 GB  265 KB/s  19h49m[K[?25h[?2026l[?2026h[?25l[A[1Gpulling manifest [K
pulling 043a363c6ca3:  10% ▕█                 ▏ 2.2 GB/ 21 GB  265 KB/s  19h49m[K[?25h[?2026l[?2026h[?25l[A[1Gpulling manifest [K
pulling 043a363c6ca3:  10% ▕█                 ▏ 2.2 GB/ 21 GB  288 KB/s  18h15m[K[?25h[?2026l[?2026h[?25l[A[1Gpulling manifest [K
pulling 043a363c6ca3:  10% ▕█                 ▏ 2.2 GB/ 21 GB  314 KB/s  16h42m[K[?25h[?2026l[?2026h[?25l[A[1Gpulling manifest [K
pulling 043a363c6ca3:  10% ▕█                 ▏ 2.2 GB/ 21 GB  314 KB/s  16h42m[K[?25h[?2026l[?2026h[?25l[A[1Gpulling manifest [K
pulling 043a363c6ca3:  10% ▕█                 ▏ 2.2 GB/ 21 GB  278 KB/s  18h53m[K[?25h[?2026l[?2026h[?25l[A[1Gpulling manifest [K
pulling 043a363c6ca3:  10% ▕█                 ▏ 2.2 GB/ 21 GB  273 KB/s  19h16m[K[?25h[?2026l[?2026h[?25l[A[1Gpulling manifest [K
pulling 043a363c6ca3:  10% ▕█                 ▏ 2.2 GB/ 21 GB  176 KB/s  29h48m[K[?25h[?2026l[?2026h[?25l[A[1Gpulling manifest [K
pulling 043a363c6ca3:  10% ▕█                 ▏ 2.2 GB/ 21 GB  174 KB/s   30h7m[K[?25h[?2026l[?2026h[?25l[A[1Gpulling manifest [K
pulling 043a363c6ca3:  10% ▕█                 ▏ 2.2 GB/ 21 GB  209 KB/s   25h8m[K[?25h[?2026l[?2026h[?25l[A[1Gpulling manifest [K
pulling 043a363c6ca3:  10% ▕█                 ▏ 2.2 GB/ 21 GB  222 KB/s  23h41m[K[?25h[?2026l[?2026h[?25l[A[1Gpulling manifest [K
pulling 043a363c6ca3:  10% ▕█                 ▏ 2.2 GB/ 21 GB  209 KB/s   25h8m[K[?25h[?2026l[?2026h[?25l[A[1Gpulling manifest [K
pulling 043a363c6ca3:  10% ▕█                 ▏ 2.2 GB/ 21 GB  203 KB/s  25h48m[K[?25h[?2026l[?2026h[?25l[A[1Gpulling manifest [K
pulling 043a363c6ca3:  10% ▕█                 ▏ 2.2 GB/ 21 GB  194 KB/s   27h1m[K[?25h[?2026l[?2026h[?25l[A[1Gpulling manifest [K
pulling 043a363c6ca3:  10% ▕█                 ▏ 2.2 GB/ 21 GB  180 KB/s  29h12m[K[?25h[?2026l[?2026h[?25l[A[1Gpulling manifest [K
pulling 043a363c6ca3:  10% ▕█                 ▏ 2.2 GB/ 21 GB  183 KB/s  28h37m[K[?25h[?2026l[?2026h[?25l[A[1Gpulling manifest [K
pulling 043a363c6ca3:  10% ▕█                 ▏ 2.2 GB/ 21 GB  182 KB/s  28h54m[K[?25h[?2026l[?2026h[?25l[A[1Gpulling manifest [K
pulling 043a363c6ca3:  10% ▕█                 ▏ 2.2 GB/ 21 GB  114 KB/s  45h53m[K[?25h[?2026l[?2026h[?25l[A[1Gpulling manifest [K
pulling 043a363c6ca3:  10% ▕█                 ▏ 2.2 GB/ 21 GB  108 KB/s  48h40m[K[?25h[?2026l[?2026h[?25l[A[1Gpulling manifest [K
pulling 043a363c6ca3:  10% ▕█                 ▏ 2.1 GB/ 21 GB                  [K[?25h[?2026l[?2026h[?25l[A[1Gpulling manifest [K
pulling 043a363c6ca3:   9% ▕█                 ▏ 1.9 GB/ 21 GB                  [K[?25h[?2026l[?2026h[?25l[A[1Gpulling manifest [K
pulling 043a363c6ca3:   9% ▕█                 ▏ 1.9 GB/ 21 GB                  [K[?25h[?2026l[?2026h[?25l[A[1Gpulling manifest [K
pulling 043a363c6ca3:   9% ▕█                 ▏ 1.9 GB/ 21 GB                  [K[?25h[?2026l[?2026h[?25l[A[1Gpulling manifest [K
pulling 043a363c6ca3:   9% ▕█                 ▏ 1.9 GB/ 21 GB                  [K[?25h[?2026l
Error: max retries exceeded: read tcp 192.168.68.63:52840->172.64.66.2:443: wsarecv: An existing connection was forcibly closed by the remote host.
