src/algorithms/CriticalPathSchedulingFormula.ts(233,13): error TS7022: 'succs' implicitly has type 'any' because it does not have a type annotation and is referenced directly or indirectly in its own initializer.
src/algorithms/CriticalPathSchedulingFormula.ts(234,28): error TS7006: Parameter 'a' implicitly has an 'any' type.
src/algorithms/CriticalPathSchedulingFormula.ts(234,31): error TS7006: Parameter 'b' implicitly has an 'any' type.
src/algorithms/KienzleForceModel.ts(222,23): error TS7053: Element implicitly has an 'any' type because expression of type 'string' can't be used to index type 'Record<ISOGroup, { kc1_1: number; mc: number; }>'.
  No index signature with a parameter of type 'string' was found on type 'Record<ISOGroup, { kc1_1: number; mc: number; }>'.
src/data/academy/course-17-tooling-codes.ts(117,23): error TS2322: Type 'string' is not assignable to type 'number'.
src/data/academy/course-17-tooling-codes.ts(262,23): error TS2322: Type 'string' is not assignable to type 'number'.
src/data/academy/course-17-tooling-codes.ts(262,57): error TS2322: Type 'string' is not assignable to type 'number'.
src/data/academy/course-19-hypermill-nx-solidcam-entry.ts(95,5): error TS2739: Type '{ id: string; type: string; prompt: string; options: string[]; correctIndex: number; explanation: string; topicTags: string[]; }[]' is missing the following properties from type 'Quiz': id, moduleId, questions, passingScore
src/data/academy/course-19-hypermill-nx-solidcam-entry.ts(182,5): error TS2739: Type '{ id: string; type: string; prompt: string; options: string[]; correctIndex: number; explanation: string; topicTags: string[]; }[]' is missing the following properties from type 'Quiz': id, moduleId, questions, passingScore
src/data/academy/course-19-hypermill-nx-solidcam-entry.ts(268,5): error TS2739: Type '{ id: string; type: string; prompt: string; options: string[]; correctIndex: number; explanation: string; topicTags: string[]; }[]' is missing the following properties from type 'Quiz': id, moduleId, questions, passingScore
src/data/academy/course-19-hypermill-nx-solidcam-entry.ts(353,5): error TS2739: Type '{ id: string; type: string; prompt: string; options: string[]; correctIndex: number; explanation: string; topicTags: string[]; }[]' is missing the following properties from type 'Quiz': id, moduleId, questions, passingScore
src/data/academy/course-20-esprit-powermill-inventor-catia-entry.ts(68,5): error TS2739: Type '{ id: string; type: string; prompt: string; options: string[]; correctIndex: number; explanation: string; topicTags: string[]; }[]' is missing the following properties from type 'Quiz': id, moduleId, questions, passingScore
src/data/academy/course-20-esprit-powermill-inventor-catia-entry.ts(131,5): error TS2739: Type '{ id: string; type: string; prompt: string; options: string[]; correctIndex: number; explanation: string; topicTags: string[]; }[]' is missing the following properties from type 'Quiz': id, moduleId, questions, passingScore
src/data/academy/course-20-esprit-powermill-inventor-catia-entry.ts(190,5): error TS2739: Type '{ id: string; type: string; prompt: string; options: string[]; correctIndex: number; explanation: string; topicTags: string[]; }[]' is missing the following properties from type 'Quiz': id, moduleId, questions, passingScore
src/data/academy/course-20-esprit-powermill-inventor-catia-entry.ts(257,5): error TS2739: Type '{ id: string; type: string; prompt: string; options: string[]; correctIndex: number; explanation: string; topicTags: string[]; }[]' is missing the following properties from type 'Quiz': id, moduleId, questions, passingScore
src/data/academy/course-21-business-management.ts(123,5): error TS2739: Type '{ id: string; type: string; prompt: string; options: string[]; correctIndex: number; explanation: string; topicTags: string[]; }[]' is missing the following properties from type 'Quiz': id, moduleId, questions, passingScore
src/data/academy/course-21-business-management.ts(235,5): error TS2739: Type '{ id: string; type: string; prompt: string; options: string[]; correctIndex: number; explanation: string; topicTags: string[]; }[]' is missing the following properties from type 'Quiz': id, moduleId, questions, passingScore
src/data/academy/course-21-business-management.ts(322,5): error TS2739: Type '{ id: string; type: string; prompt: string; options: string[]; correctIndex: number; explanation: string; topicTags: string[]; }[]' is missing the following properties from type 'Quiz': id, moduleId, questions, passingScore
src/data/academy/course-21-business-management.ts(420,5): error TS2739: Type '{ id: string; type: string; prompt: string; options: string[]; correctIndex: number; explanation: string; topicTags: string[]; }[]' is missing the following properties from type 'Quiz': id, moduleId, questions, passingScore
src/data/academy/course-21-business-management.ts(518,5): error TS2739: Type '{ id: string; type: string; prompt: string; options: string[]; correctIndex: number; explanation: string; topicTags: string[]; }[]' is missing the following properties from type 'Quiz': id, moduleId, questions, passingScore
src/data/academy/course-22-alarm-troubleshooting-deep.ts(90,5): error TS2739: Type '{ id: string; type: string; prompt: string; options: string[]; correctIndex: number; explanation: string; topicTags: string[]; }[]' is missing the following properties from type 'Quiz': id, moduleId, questions, passingScore
src/data/academy/course-22-alarm-troubleshooting-deep.ts(187,5): error TS2739: Type '{ id: string; type: string; prompt: string; options: string[]; correctIndex: number; explanation: string; topicTags: string[]; }[]' is missing the following properties from type 'Quiz': id, moduleId, questions, passingScore
src/data/academy/course-22-alarm-troubleshooting-deep.ts(286,5): error TS2739: Type '{ id: string; type: string; prompt: string; options: string[]; correctIndex: number; explanation: string; topicTags: string[]; }[]' is missing the following properties from type 'Quiz': id, moduleId, questions, passingScore
src/data/academy/course-22-alarm-troubleshooting-deep.ts(374,5): error TS2739: Type '{ id: string; type: string; prompt: string; options: string[]; correctIndex: number; explanation: string; topicTags: string[]; }[]' is missing the following properties from type 'Quiz': id, moduleId, questions, passingScore
src/data/academy/course-22-alarm-troubleshooting-deep.ts(491,5): error TS2739: Type '{ id: string; type: string; prompt: string; options: string[]; correctIndex: number; explanation: string; topicTags: string[]; }[]' is missing the following properties from type 'Quiz': id, moduleId, questions, passingScore
src/data/academy/course-23-prism-database-mastery.ts(131,5): error TS2739: Type '{ id: string; type: string; prompt: string; options: string[]; correctIndex: number; explanation: string; topicTags: string[]; }[]' is missing the following properties from type 'Quiz': id, moduleId, questions, passingScore
src/data/academy/course-23-prism-database-mastery.ts(261,5): error TS2739: Type '{ id: string; type: string; prompt: string; options: string[]; correctIndex: number; explanation: string; topicTags: string[]; }[]' is missing the following properties from type 'Quiz': id, moduleId, questions, passingScore
src/data/academy/course-23-prism-database-mastery.ts(394,5): error TS2739: Type '{ id: string; type: string; prompt: string; options: string[]; correctIndex: number; explanation: string; topicTags: string[]; }[]' is missing the following properties from type 'Quiz': id, moduleId, questions, passingScore
src/data/academy/course-23-prism-database-mastery.ts(548,5): error TS2739: Type '{ id: string; type: string; prompt: string; options: string[]; correctIndex: number; explanation: string; topicTags: string[]; }[]' is missing the following properties from type 'Quiz': id, moduleId, questions, passingScore
src/data/academy/course-24-accuracy-improvement.ts(104,5): error TS2739: Type '{ id: string; type: string; prompt: string; options: string[]; correctIndex: number; explanation: string; topicTags: string[]; }[]' is missing the following properties from type 'Quiz': id, moduleId, questions, passingScore
src/data/academy/course-24-accuracy-improvement.ts(203,5): error TS2739: Type '{ id: string; type: string; prompt: string; options: string[]; correctIndex: number; explanation: string; topicTags: string[]; }[]' is missing the following properties from type 'Quiz': id, moduleId, questions, passingScore
src/data/academy/course-24-accuracy-improvement.ts(325,5): error TS2739: Type '{ id: string; type: string; prompt: string; options: string[]; correctIndex: number; explanation: string; topicTags: string[]; }[]' is missing the following properties from type 'Quiz': id, moduleId, questions, passingScore
src/data/academy/course-24-accuracy-improvement.ts(445,5): error TS2739: Type '{ id: string; type: string; prompt: string; options: string[]; correctIndex: number; explanation: string; topicTags: string[]; }[]' is missing the following properties from type 'Quiz': id, moduleId, questions, passingScore
src/data/academy/course-25-creo-worknc-gibbscam-edgecam-entry.ts(66,5): error TS2739: Type '{ id: string; type: string; prompt: string; options: string[]; correctIndex: number; explanation: string; topicTags: string[]; }[]' is missing the following properties from type 'Quiz': id, moduleId, questions, passingScore
src/data/academy/course-25-creo-worknc-gibbscam-edgecam-entry.ts(130,5): error TS2739: Type '{ id: string; type: string; prompt: string; options: string[]; correctIndex: number; explanation: string; topicTags: string[]; }[]' is missing the following properties from type 'Quiz': id, moduleId, questions, passingScore
src/data/academy/course-25-creo-worknc-gibbscam-edgecam-entry.ts(187,5): error TS2739: Type '{ id: string; type: string; prompt: string; options: string[]; correctIndex: number; explanation: string; topicTags: string[]; }[]' is missing the following properties from type 'Quiz': id, moduleId, questions, passingScore
src/data/academy/course-25-creo-worknc-gibbscam-edgecam-entry.ts(257,5): error TS2739: Type '{ id: string; type: string; prompt: string; options: string[]; correctIndex: number; explanation: string; topicTags: string[]; }[]' is missing the following properties from type 'Quiz': id, moduleId, questions, passingScore
src/data/academy/course-26-hexagon-trio-camworks-entry.ts(54,5): error TS2739: Type '{ id: string; type: string; prompt: string; options: string[]; correctIndex: number; explanation: string; topicTags: string[]; }[]' is missing the following properties from type 'Quiz': id, moduleId, questions, passingScore
src/data/academy/course-26-hexagon-trio-camworks-entry.ts(109,5): error TS2739: Type '{ id: string; type: string; prompt: string; options: string[]; correctIndex: number; explanation: string; topicTags: string[]; }[]' is missing the following properties from type 'Quiz': id, moduleId, questions, passingScore
src/data/academy/course-26-hexagon-trio-camworks-entry.ts(167,5): error TS2739: Type '{ id: string; type: string; prompt: string; options: string[]; correctIndex: number; explanation: string; topicTags: string[]; }[]' is missing the following properties from type 'Quiz': id, moduleId, questions, passingScore
src/data/academy/course-26-hexagon-trio-camworks-entry.ts(251,5): error TS2739: Type '{ id: string; type: string; prompt: string; options: string[]; correctIndex: number; explanation: string; topicTags: string[]; }[]' is missing the following properties from type 'Quiz': id, moduleId, questions, passingScore
src/data/academy/course-27-final-six-cam-entry.ts(52,5): error TS2739: Type '{ id: string; type: string; prompt: string; options: string[]; correctIndex: number; explanation: string; topicTags: string[]; }[]' is missing the following properties from type 'Quiz': id, moduleId, questions, passingScore
src/data/academy/course-27-final-six-cam-entry.ts(99,5): error TS2739: Type '{ id: string; type: string; prompt: string; options: string[]; correctIndex: number; explanation: string; topicTags: string[]; }[]' is missing the following properties from type 'Quiz': id, moduleId, questions, passingScore
src/data/academy/course-27-final-six-cam-entry.ts(154,5): error TS2739: Type '{ id: string; type: string; prompt: string; options: string[]; correctIndex: number; explanation: string; topicTags: string[]; }[]' is missing the following properties from type 'Quiz': id, moduleId, questions, passingScore
src/data/academy/course-27-final-six-cam-entry.ts(208,5): error TS2739: Type '{ id: string; type: string; prompt: string; options: string[]; correctIndex: number; explanation: string; topicTags: string[]; }[]' is missing the following properties from type 'Quiz': id, moduleId, questions, passingScore
src/data/academy/course-27-final-six-cam-entry.ts(264,5): error TS2739: Type '{ id: string; type: string; prompt: string; options: string[]; correctIndex: number; explanation: string; topicTags: string[]; }[]' is missing the following properties from type 'Quiz': id, moduleId, questions, passingScore
src/data/academy/course-27-final-six-cam-entry.ts(355,5): error TS2739: Type '{ id: string; type: string; prompt: string; options: string[]; correctIndex: number; explanation: string; topicTags: string[]; }[]' is missing the following properties from type 'Quiz': id, moduleId, questions, passingScore
src/data/academy/course-28-function-index-reference.ts(112,5): error TS2739: Type '{ id: string; type: string; prompt: string; options: string[]; correctIndex: number; explanation: string; topicTags: string[]; }[]' is missing the following properties from type 'Quiz': id, moduleId, questions, passingScore
src/data/academy/course-29-toolpath-reasoning-dual-level.ts(21,36): error TS2305: Module '"../../engines/CurriculumEngine.js"' has no exported member 'LessonAnnotation'.
src/data/academy/course-29-toolpath-reasoning-dual-level.ts(111,5): error TS2739: Type '{ id: string; type: string; prompt: string; options: string[]; correctIndex: number; explanation: string; topicTags: string[]; }[]' is missing the following properties from type 'Quiz': id, moduleId, questions, passingScore
src/data/academy/course-29-toolpath-reasoning-dual-level.ts(268,5): error TS2739: Type '{ id: string; type: string; prompt: string; options: string[]; correctIndex: number; explanation: string; topicTags: string[]; }[]' is missing the following properties from type 'Quiz': id, moduleId, questions, passingScore
src/data/academy/course-29-toolpath-reasoning-dual-level.ts(400,5): error TS2739: Type '{ id: string; type: string; prompt: string; options: string[]; correctIndex: number; explanation: string; topicTags: string[]; }[]' is missing the following properties from type 'Quiz': id, moduleId, questions, passingScore
src/data/academy/course-29-toolpath-reasoning-dual-level.ts(537,5): error TS2739: Type '{ id: string; type: string; prompt: string; options: string[]; correctIndex: number; explanation: string; topicTags: string[]; }[]' is missing the following properties from type 'Quiz': id, moduleId, questions, passingScore
src/data/academy/course-29-toolpath-reasoning-dual-level.ts(658,5): error TS2739: Type '{ id: string; type: string; prompt: string; options: string[]; correctIndex: number; explanation: string; topicTags: string[]; }[]' is missing the following properties from type 'Quiz': id, moduleId, questions, passingScore
src/data/academy/course-29-toolpath-reasoning-dual-level.ts(785,5): error TS2739: Type '{ id: string; type: string; prompt: string; options: string[]; correctIndex: number; explanation: string; topicTags: string[]; }[]' is missing the following properties from type 'Quiz': id, moduleId, questions, passingScore
src/data/academy/course-30-toolpath-catalog-programming-paradigms.ts(121,5): error TS2739: Type '{ id: string; type: string; prompt: string; options: string[]; correctIndex: number; explanation: string; topicTags: string[]; }[]' is missing the following properties from type 'Quiz': id, moduleId, questions, passingScore
src/data/academy/course-30-toolpath-catalog-programming-paradigms.ts(253,5): error TS2739: Type '{ id: string; type: string; prompt: string; options: string[]; correctIndex: number; explanation: string; topicTags: string[]; }[]' is missing the following properties from type 'Quiz': id, moduleId, questions, passingScore
src/data/academy/course-30-toolpath-catalog-programming-paradigms.ts(385,5): error TS2739: Type '{ id: string; type: string; prompt: string; options: string[]; correctIndex: number; explanation: string; topicTags: string[]; }[]' is missing the following properties from type 'Quiz': id, moduleId, questions, passingScore
src/data/academy/course-30-toolpath-catalog-programming-paradigms.ts(548,5): error TS2739: Type '{ id: string; type: string; prompt: string; options: string[]; correctIndex: number; explanation: string; topicTags: string[]; }[]' is missing the following properties from type 'Quiz': id, moduleId, questions, passingScore
src/data/academy/course-30-toolpath-catalog-programming-paradigms.ts(646,5): error TS2739: Type '{ id: string; type: string; prompt: string; options: string[]; correctIndex: number; explanation: string; topicTags: string[]; }[]' is missing the following properties from type 'Quiz': id, moduleId, questions, passingScore
src/data/academy/course-31-cadcam-operations-atlas.ts(105,5): error TS2739: Type '{ id: string; type: string; prompt: string; options: string[]; correctIndex: number; explanation: string; topicTags: string[]; }[]' is missing the following properties from type 'Quiz': id, moduleId, questions, passingScore
src/data/academy/course-31-cadcam-operations-atlas.ts(212,5): error TS2739: Type '{ id: string; type: string; prompt: string; options: string[]; correctIndex: number; explanation: string; topicTags: string[]; }[]' is missing the following properties from type 'Quiz': id, moduleId, questions, passingScore
src/data/academy/course-31-cadcam-operations-atlas.ts(322,5): error TS2739: Type '{ id: string; type: string; prompt: string; options: string[]; correctIndex: number; explanation: string; topicTags: string[]; }[]' is missing the following properties from type 'Quiz': id, moduleId, questions, passingScore
src/data/academy/course-31-cadcam-operations-atlas.ts(430,5): error TS2739: Type '{ id: string; type: string; prompt: string; options: string[]; correctIndex: number; explanation: string; topicTags: string[]; }[]' is missing the following properties from type 'Quiz': id, moduleId, questions, passingScore
src/data/academy/course-31-cadcam-operations-atlas.ts(541,5): error TS2739: Type '{ id: string; type: string; prompt: string; options: string[]; correctIndex: number; explanation: string; topicTags: string[]; }[]' is missing the following properties from type 'Quiz': id, moduleId, questions, passingScore
src/data/academy/course-31-cadcam-operations-atlas.ts(656,5): error TS2739: Type '{ id: string; type: string; prompt: string; options: string[]; correctIndex: number; explanation: string; topicTags: string[]; }[]' is missing the following properties from type 'Quiz': id, moduleId, questions, passingScore
src/data/academy/course-31-cadcam-operations-atlas.ts(790,5): error TS2739: Type '{ id: string; type: string; prompt: string; options: string[]; correctIndex: number; explanation: string; topicTags: string[]; }[]' is missing the following properties from type 'Quiz': id, moduleId, questions, passingScore
src/data/academy/course-32-machining-math-science-deep-dive.ts(140,5): error TS2739: Type '{ id: string; type: string; prompt: string; options: string[]; correctIndex: number; explanation: string; topicTags: string[]; }[]' is missing the following properties from type 'Quiz': id, moduleId, questions, passingScore
src/data/academy/course-32-machining-math-science-deep-dive.ts(270,5): error TS2739: Type '{ id: string; type: string; prompt: string; options: string[]; correctIndex: number; explanation: string; topicTags: string[]; }[]' is missing the following properties from type 'Quiz': id, moduleId, questions, passingScore
src/data/academy/course-32-machining-math-science-deep-dive.ts(416,5): error TS2739: Type '{ id: string; type: string; prompt: string; options: string[]; correctIndex: number; explanation: string; topicTags: string[]; }[]' is missing the following properties from type 'Quiz': id, moduleId, questions, passingScore
src/data/academy/course-32-machining-math-science-deep-dive.ts(558,5): error TS2739: Type '{ id: string; type: string; prompt: string; options: string[]; correctIndex: number; explanation: string; topicTags: string[]; }[]' is missing the following properties from type 'Quiz': id, moduleId, questions, passingScore
src/data/academy/course-32-machining-math-science-deep-dive.ts(735,5): error TS2739: Type '{ id: string; type: string; prompt: string; options: string[]; correctIndex: number; explanation: string; topicTags: string[]; }[]' is missing the following properties from type 'Quiz': id, moduleId, questions, passingScore
src/data/academy/course-33-material-machining-atlas.ts(173,5): error TS2739: Type '{ id: string; type: string; prompt: string; options: string[]; correctIndex: number; explanation: string; topicTags: string[]; }[]' is missing the following properties from type 'Quiz': id, moduleId, questions, passingScore
src/data/academy/course-33-material-machining-atlas.ts(292,5): error TS2739: Type '{ id: string; type: string; prompt: string; options: string[]; correctIndex: number; explanation: string; topicTags: string[]; }[]' is missing the following properties from type 'Quiz': id, moduleId, questions, passingScore
src/data/academy/course-33-material-machining-atlas.ts(406,5): error TS2739: Type '{ id: string; type: string; prompt: string; options: string[]; correctIndex: number; explanation: string; topicTags: string[]; }[]' is missing the following properties from type 'Quiz': id, moduleId, questions, passingScore
src/data/academy/course-33-material-machining-atlas.ts(522,5): error TS2739: Type '{ id: string; type: string; prompt: string; options: string[]; correctIndex: number; explanation: string; topicTags: string[]; }[]' is missing the following properties from type 'Quiz': id, moduleId, questions, passingScore
src/data/academy/course-33-material-machining-atlas.ts(623,5): error TS2739: Type '{ id: string; type: string; prompt: string; options: string[]; correctIndex: number; explanation: string; topicTags: string[]; }[]' is missing the following properties from type 'Quiz': id, moduleId, questions, passingScore
src/data/academy/course-33-material-machining-atlas.ts(785,5): error TS2739: Type '{ id: string; type: string; prompt: string; options: string[]; correctIndex: number; explanation: string; topicTags: string[]; }[]' is missing the following properties from type 'Quiz': id, moduleId, questions, passingScore
src/data/academy/course-34-per-machine-type-operations.ts(89,5): error TS2739: Type '{ id: string; type: string; prompt: string; options: string[]; correctIndex: number; explanation: string; topicTags: string[]; }[]' is missing the following properties from type 'Quiz': id, moduleId, questions, passingScore
src/data/academy/course-34-per-machine-type-operations.ts(151,5): error TS2739: Type '{ id: string; type: string; prompt: string; options: string[]; correctIndex: number; explanation: string; topicTags: string[]; }[]' is missing the following properties from type 'Quiz': id, moduleId, questions, passingScore
src/data/academy/course-34-per-machine-type-operations.ts(222,5): error TS2739: Type '{ id: string; type: string; prompt: string; options: string[]; correctIndex: number; explanation: string; topicTags: string[]; }[]' is missing the following properties from type 'Quiz': id, moduleId, questions, passingScore
src/data/academy/course-34-per-machine-type-operations.ts(293,5): error TS2739: Type '{ id: string; type: string; prompt: string; options: string[]; correctIndex: number; explanation: string; topicTags: string[]; }[]' is missing the following properties from type 'Quiz': id, moduleId, questions, passingScore
src/data/academy/course-34-per-machine-type-operations.ts(378,5): error TS2739: Type '{ id: string; type: string; prompt: string; options: string[]; correctIndex: number; explanation: string; topicTags: string[]; }[]' is missing the following properties from type 'Quiz': id, moduleId, questions, passingScore
src/data/academy/course-34-per-machine-type-operations.ts(447,5): error TS2739: Type '{ id: string; type: string; prompt: string; options: string[]; correctIndex: number; explanation: string; topicTags: string[]; }[]' is missing the following properties from type 'Quiz': id, moduleId, questions, passingScore
src/data/academy/course-34-per-machine-type-operations.ts(542,5): error TS2739: Type '{ id: string; type: string; prompt: string; options: string[]; correctIndex: number; explanation: string; topicTags: string[]; }[]' is missing the following properties from type 'Quiz': id, moduleId, questions, passingScore
src/data/cad-validation-corpus.ts(34,11): error TS2353: Object literal may only specify known properties, and 'kind' does not exist in type 'ToleranceCallout'.
src/data/cad-validation-corpus.ts(35,11): error TS2353: Object literal may only specify known properties, and 'kind' does not exist in type 'ToleranceCallout'.
src/data/cad-validation-corpus.ts(36,11): error TS2353: Object literal may only specify known properties, and 'kind' does not exist in type 'ToleranceCallout'.
src/data/cad-validation-corpus.ts(54,20): error TS2353: Object literal may only specify known properties, and 'kind' does not exist in type 'ToleranceCallout'.
src/data/cad-validation-corpus.ts(64,11): error TS2353: Object literal may only specify known properties, and 'kind' does not exist in type 'ToleranceCallout'.
src/data/cad-validation-corpus.ts(65,11): error TS2353: Object literal may only specify known properties, and 'kind' does not exist in type 'ToleranceCallout'.
src/data/cad-validation-corpus.ts(81,11): error TS2353: Object literal may only specify known properties, and 'kind' does not exist in type 'ToleranceCallout'.
src/data/cad-validation-corpus.ts(82,11): error TS2353: Object literal may only specify known properties, and 'kind' does not exist in type 'ToleranceCallout'.
src/data/cad-validation-corpus.ts(101,11): error TS2353: Object literal may only specify known properties, and 'kind' does not exist in type 'ToleranceCallout'.
src/data/cad-validation-corpus.ts(102,11): error TS2353: Object literal may only specify known properties, and 'kind' does not exist in type 'ToleranceCallout'.
src/data/cad-validation-corpus.ts(126,11): error TS2353: Object literal may only specify known properties, and 'kind' does not exist in type 'ToleranceCallout'.
src/data/cad-validation-corpus.ts(127,11): error TS2353: Object literal may only specify known properties, and 'kind' does not exist in type 'ToleranceCallout'.
src/data/cad-validation-corpus.ts(138,11): error TS2353: Object literal may only specify known properties, and 'kind' does not exist in type 'ToleranceCallout'.
src/data/cad-validation-corpus.ts(139,11): error TS2353: Object literal may only specify known properties, and 'kind' does not exist in type 'ToleranceCallout'.
src/data/cad-validation-corpus.ts(158,11): error TS2353: Object literal may only specify known properties, and 'kind' does not exist in type 'ToleranceCallout'.
src/data/cad-validation-corpus.ts(159,11): error TS2353: Object literal may only specify known properties, and 'kind' does not exist in type 'ToleranceCallout'.
src/data/calculatorProgrammingCatalog.ts(1,74): error TS2823: Import attributes are only supported when the '--module' option is set to 'esnext', 'node18', 'node20', 'nodenext', or 'preserve'.
src/engines/AdaptiveSystemIntegrationEngine.ts(274,44): error TS2554: Expected 8 arguments, but got 5.
src/engines/AdaptiveSystemIntegrationEngine.ts(281,44): error TS2554: Expected 9 arguments, but got 5.
src/engines/AgenticLoopEngine.ts(469,7): error TS2322: Type 'string' is not assignable to type 'ManufacturingDomain'.
src/engines/AgenticLoopEngine.ts(480,39): error TS2339: Property 'confidence' does not exist on type 'ManufacturingReasoningChain'.
src/engines/AgentWorkflowEngine.ts(679,55): error TS18047: 'iterResult.improvement' is possibly 'null'.
src/engines/AgentWorkflowEngine.ts(679,55): error TS2365: Operator '<' cannot be applied to types '{}' and 'number'.
src/engines/AutomatedResourceHarvestingPipeline.ts(482,15): error TS2339: Property 'callDocumentAction' does not exist on type 'typeof import("H:/PRISM/mcp-server/src/tools/dispatchers/documentLearningDispatcher")'.
src/engines/BusinessIntelligenceEngine.ts(374,7): error TS2741: Property 'break_even_volume' is missing in type '{ pros: string[]; cons: string[]; total_cost: number; cost_per_unit: number; cost_breakdown: CostCategory[]; }' but required in type '{ total_cost: number; cost_per_unit: number; break_even_volume: number; cost_breakdown: CostCategory[]; pros: string[]; cons: string[]; }'.
src/engines/CADAccuracyValidatorEngine.ts(93,7): error TS2720: Class 'CADAccuracyValidatorEngine' incorrectly implements class 'BaseEngine'. Did you mean to extend 'BaseEngine' and inherit its members as a subclass?
  Type 'CADAccuracyValidatorEngine' is missing the following properties from type 'BaseEngine': getInfo, executeImpl, execute, healthCheck
src/engines/CADAccuracyValidatorEngine.ts(558,35): error TS2362: The left-hand side of an arithmetic operation must be of type 'any', 'number', 'bigint' or an enum type.
src/engines/CADAccuracyValidatorEngine.ts(669,47): error TS2322: Type 'number | undefined' is not assignable to type 'string | number'.
  Type 'undefined' is not assignable to type 'string | number'.
src/engines/CADAdapterRegistry.ts(97,20): error TS2339: Property 'mastercamCADGeneratorAdapter' does not exist on type 'typeof import("H:/PRISM/mcp-server/src/engines/MastercamCodeGeneratorEngine")'.
src/engines/CADArchiveJoinAugmenterEngine.ts(337,16): error TS2339: Property 'has' does not exist on type 'readonly (".stl" | ".step" | ".dxf" | ".stp" | ".iges" | ".igs" | ".sldprt" | ".sldasm" | ".slddrw" | ".ipt" | ".iam" | ".idw" | ".FCStd" | ".f3d" | ".f3z" | ".mcx-8" | ".MCX" | ".mcam" | ... 6 more ... | ".prt")[] | ReadonlySet<...>'.
  Property 'has' does not exist on type 'readonly (".stl" | ".step" | ".dxf" | ".stp" | ".iges" | ".igs" | ".sldprt" | ".sldasm" | ".slddrw" | ".ipt" | ".iam" | ".idw" | ".FCStd" | ".f3d" | ".f3z" | ".mcx-8" | ".MCX" | ".mcam" | ".hmc" | ... 5 more ... | ".prt")[]'.
src/engines/CADFeatureClassifierEngine.ts(99,7): error TS2739: Type '{ through_hole: { family: "rotational"; baseComplexity: number; baseRisk: { volume: number; bbox: number; featureCount: number; topology: number; }; }; blind_hole: { family: "rotational"; baseComplexity: number; baseRisk: { ...; }; }; ... 18 more ...; contour_3d: { ...; }; }' is missing the following properties from type 'Record<FeatureType, FeatureProfile>': thread_internal, pocket_complex, slot_dovetail, slot_t_shaped
src/engines/CADFileClassifierEngine.ts(60,7): error TS2739: Type '{ ".sldprt": { category: "part"; testStrategy: "open_part"; handler: string; }; ".sldasm": { category: "assembly"; testStrategy: "open_assembly"; handler: string; }; ".slddrw": { category: "drawing"; testStrategy: "open_drawing"; handler: string; }; ... 16 more ...; ".x_b": { ...; }; }' is missing the following properties from type 'Record<".stl" | ".step" | ".dxf" | ".stp" | ".iges" | ".igs" | ".sldprt" | ".sldasm" | ".slddrw" | ".ipt" | ".iam" | ".idw" | ".FCStd" | ".f3d" | ".f3z" | ".mcx-8" | ".MCX" | ".mcam" | ... 6 more ... | ".prt", FormatProfile>': ".dxf", ".dwg", ".3dm", ".sat", ".prt"
src/engines/CADGeometricAugmentationEngine.ts(254,5): error TS2349: This expression is not callable.
  Type '{ info: (msg: string, context?: unknown) => void; warn: (msg: string, context?: unknown) => void; error: (msg: string, context?: unknown) => void; debug: (msg: string, context?: unknown) => void; }' has no call signatures.
src/engines/CADGeometryComparisonEngine.ts(225,7): error TS2720: Class 'CADGeometryComparisonEngine' incorrectly implements class 'BaseEngine'. Did you mean to extend 'BaseEngine' and inherit its members as a subclass?
  Type 'CADGeometryComparisonEngine' is missing the following properties from type 'BaseEngine': getInfo, executeImpl, execute, healthCheck
src/engines/CADLiveBlueprintOcrAdapter.ts(96,20): error TS2339: Property 'label' does not exist on type 'ExtractedDimension'.
src/engines/CADLiveBlueprintOcrAdapter.ts(101,14): error TS2551: Property 'units' does not exist on type 'ExtractedDimension'. Did you mean 'unit'?
src/engines/CADLiveBlueprintOcrAdapter.ts(143,30): error TS2339: Property 'gdt_callouts' does not exist on type 'BlueprintVisionResult'.
src/engines/CADLiveBlueprintOcrAdapter.ts(144,34): error TS2339: Property 'gdt_callouts' does not exist on type 'BlueprintVisionResult'.
src/engines/CADLiveBlueprintOcrAdapter.ts(145,26): error TS2339: Property 'gdt_callouts' does not exist on type 'BlueprintVisionResult'.
src/engines/CADLiveBlueprintOcrAdapter.ts(158,29): error TS2339: Property 'overall_confidence' does not exist on type 'BlueprintVisionResult'.
src/engines/CADParameterPredictorEngine.ts(140,7): error TS2739: Type '{ through_hole: ("hole_depth_mm" | "hole_diameter_mm")[]; blind_hole: ("hole_depth_mm" | "hole_diameter_mm")[]; counterbore: ("hole_depth_mm" | "counterbore_diameter_mm" | "counterbore_depth_mm" | "hole_diameter_mm")[]; ... 17 more ...; contour_3d: ("extrusion_depth_mm" | "fillet_radius_mm")[]; }' is missing the following properties from type 'Record<FeatureType, PredictableParam[]>': thread_internal, pocket_complex, slot_dovetail, slot_t_shaped
src/engines/CADPartArchetypeRegistryEngine.ts(37,11): error TS2554: Expected 2-3 arguments, but got 1.
src/engines/CadPartLibraryEngine.ts(345,7): error TS2322: Type 'Dirent<string>[]' is not assignable to type 'Dirent<NonSharedBuffer>[]'.
  Type 'Dirent<string>' is not assignable to type 'Dirent<NonSharedBuffer>'.
    Type 'string' is not assignable to type 'NonSharedBuffer'.
src/engines/CadQueryCodeGeneratorEngine.ts(326,47): error TS2339: Property 'generateCadQueryCode' does not exist on type 'CADOperationTaxonomyEngine'.
src/engines/CadQueryCodeGeneratorEngine.ts(379,47): error TS2339: Property 'generateCadQueryCode' does not exist on type 'CADOperationTaxonomyEngine'.
src/engines/CADReasoningChainEngine.ts(118,7): error TS2720: Class 'CADReasoningChainEngine' incorrectly implements class 'BaseEngine'. Did you mean to extend 'BaseEngine' and inherit its members as a subclass?
  Type 'CADReasoningChainEngine' is missing the following properties from type 'BaseEngine': getInfo, executeImpl, execute, healthCheck
src/engines/CADReasoningChainEngine.ts(631,36): error TS2365: Operator '<' cannot be applied to types 'string | number' and 'number'.
src/engines/CADReasoningChainEngine.ts(646,48): error TS2365: Operator '<' cannot be applied to types 'string | number' and 'number'.
src/engines/CADRegenerationTestEngine.ts(318,15): error TS2339: Property 'neuralCadGenerationEngine' does not exist on type 'typeof import("H:/PRISM/mcp-server/src/engines/NeuralCADGenerationEngine")'.
src/engines/CADTokenRepresentationEngine.ts(164,14): error TS2515: Non-abstract class 'CADTokenRepresentationEngine' does not implement inherited abstract member validate from class 'BaseEngine'.
src/engines/CADTokenRepresentationEngine.ts(628,13): error TS2416: Property 'executeImpl' in type 'CADTokenRepresentationEngine' is not assignable to the same property in base type 'BaseEngine'.
  Type '(input: unknown) => TokenSequence' is not assignable to type '(input: unknown) => Promise<unknown>'.
    Type 'TokenSequence' is missing the following properties from type 'Promise<unknown>': then, catch, finally, [Symbol.toStringTag]
src/engines/CADTrialErrorLearningEngine.ts(402,19): error TS7053: Element implicitly has an 'any' type because expression of type 'string' can't be used to index type 'Partial<Record<FailureCategory, { failures: number; successes: number; rate: number; }>> | Record<string, { failures: number; successes: number; rate: number; }>'.
  No index signature with a parameter of type 'string' was found on type 'Partial<Record<FailureCategory, { failures: number; successes: number; rate: number; }>> | Record<string, { failures: number; successes: number; rate: number; }>'.
src/engines/CADTrialErrorLearningEngine.ts(537,37): error TS2345: Argument of type 'string' is not assignable to parameter of type 'never'.
src/engines/CADValidationRubricEngine.ts(209,3): error TS2578: Unused '@ts-expect-error' directive.
src/engines/CAMAGIMasterOrchestratorEngine.ts(711,9): error TS2322: Type 'string' is not assignable to type 'GeometryType'.
src/engines/CAMAGIMasterOrchestratorEngine.ts(878,29): error TS2339: Property 'operations' does not exist on type 'TribalTip'.
src/engines/CAMAGIMasterOrchestratorEngine.ts(1224,7): error TS2353: Object literal may only specify known properties, and 'type' does not exist in type 'MillOrchestrationRequest'.
src/engines/CAMDeepLearningEngine.ts(1305,9): error TS2322: Type 'string | number | boolean' is not assignable to type 'string | number'.
  Type 'boolean' is not assignable to type 'string | number'.
src/engines/CAMLoRAAdapterTrainerEngine.ts(331,44): error TS2339: Property 'cam_system' does not exist on type 'OutcomeRequestSummary'.
src/engines/CAMLoRAAdapterTrainerEngine.ts(368,7): error TS2322: Type 'OutcomeRequestSummary' is not assignable to type 'Record<string, unknown>'.
  Index signature for type 'string' is missing in type 'OutcomeRequestSummary'.
src/engines/CAMLoRAAdapterTrainerEngine.ts(369,7): error TS2322: Type 'OutcomeResponseSummary' is not assignable to type 'Record<string, unknown>'.
  Index signature for type 'string' is missing in type 'OutcomeResponseSummary'.
src/engines/CAMRecommendEngine.ts(326,11): error TS2741: Property 'quantity' is missing in type '{ material: string; xSize: number; ySize: number; zSize: number; features: never[]; }' but required in type '{ material: string; xSize: number; ySize: number; zSize: number; features: ("fillet" | "chamfer" | "hole" | "pocket" | "thin_wall" | "slot" | "deep_cavity" | "boss")[]; quantity: number; hardness?: number | undefined; tolerance?: number | undefined; surfaceFinish?: number | undefined; }'.
src/engines/CATIAMachiningAIOrchestrationEngine.ts(223,52): error TS2339: Property 'selectStrategy' does not exist on type 'CATIAStrategyEngine'.
src/engines/ChatterNeuralClassifierEngine.ts(283,72): error TS2551: Property 'kc11' does not exist on type '{ kc1_1: number; mc: number; }'. Did you mean 'kc1_1'?
src/engines/ChatterStabilityLobeEngine.ts(341,26): error TS2351: This expression is not constructable.
  Type 'StabilityLobeDiagramImpl' has no construct signatures.
src/engines/ChatterStabilityLobeEngine.ts(778,26): error TS2351: This expression is not constructable.
  Type 'StabilityLobeDiagramImpl' has no construct signatures.
src/engines/ConnectionMaterializerEngine.ts(203,43): error TS2339: Property 'message' does not exist on type '{}'.
src/engines/ConnectionMaterializerEngine.ts(245,88): error TS2339: Property 'message' does not exist on type '{}'.
src/engines/ContentBriefEngine.ts(376,47): error TS2339: Property 'message' does not exist on type '{}'.
src/engines/ContentIngestionPipelineEngine.ts(346,15): error TS18047: 'storedTip' is possibly 'null'.
src/engines/ContentIngestionPipelineEngine.ts(347,14): error TS18047: 'storedTip' is possibly 'null'.
src/engines/ContentIngestionPipelineEngine.ts(348,13): error TS18047: 'storedTip' is possibly 'null'.
src/engines/ContentIngestionPipelineEngine.ts(352,19): error TS18047: 'storedTip' is possibly 'null'.
src/engines/ControllerKnowledgeEngine.ts(489,7): error TS2353: Object literal may only specify known properties, and 'threadingCycle' does not exist in type 'GCodeDialect'.
src/engines/ControllerKnowledgeEngine.ts(998,7): error TS2561: Object literal may only specify known properties, but 'toolLengthCompTCPC' does not exist in type 'GCodeDialect'. Did you mean to write 'toolLengthComp'?
src/engines/ControllerKnowledgeEngine.ts(1361,7): error TS2561: Object literal may only specify known properties, but 'nanoSmoothingCode' does not exist in type 'GCodeDialect'. Did you mean to write 'smoothingCode'?
src/engines/ControllerKnowledgeEngine.ts(2365,7): error TS2561: Object literal may only specify known properties, but 'toolLengthCompFixed' does not exist in type 'GCodeDialect'. Did you mean to write 'toolLengthComp'?
src/engines/CrossProcessAIBridge.ts(402,9): error TS2352: Conversion of type 'Record<string, unknown>' to type 'MillOrchestrationRequest' may be a mistake because neither type sufficiently overlaps with the other. If this was intentional, convert the expression to 'unknown' first.
  Property 'request_type' is missing in type 'Record<string, unknown>' but required in type 'MillOrchestrationRequest'.
src/engines/CrossProcessAIBridge.ts(424,9): error TS2352: Conversion of type 'Record<string, unknown>' to type 'LatheOrchRequest' may be a mistake because neither type sufficiently overlaps with the other. If this was intentional, convert the expression to 'unknown' first.
  Property 'type' is missing in type 'Record<string, unknown>' but required in type 'LatheOrchRequest'.
src/engines/CrossProcessAIBridge.ts(446,7): error TS2352: Conversion of type 'Record<string, unknown>' to type 'WEDMOrchestrationInput' may be a mistake because neither type sufficiently overlaps with the other. If this was intentional, convert the expression to 'unknown' first.
  Type 'Record<string, unknown>' is missing the following properties from type 'WEDMOrchestrationInput': material, thickness_mm, target_ra_um
src/engines/CrossProcessCounterfactualPredictorEngine.ts(129,17): error TS2352: Conversion of type '{ [x: string]: unknown; }' to type 'CausalDAG' may be a mistake because neither type sufficiently overlaps with the other. If this was intentional, convert the expression to 'unknown' first.
  Type '{ [x: string]: unknown; }' is missing the following properties from type 'CausalDAG': nodes, edges, separating_sets, ci_decisions, and 3 more.
src/engines/CrossProcessDoCalculusEngine.ts(201,17): error TS2352: Conversion of type '{ [x: string]: unknown; nodes: string[]; edges: { [x: string]: unknown; from: string; to: string; orientation: "directed" | "undirected"; evidence: string; }[]; }' to type 'CausalDAG' may be a mistake because neither type sufficiently overlaps with the other. If this was intentional, convert the expression to 'unknown' first.
  Type '{ [x: string]: unknown; nodes: string[]; edges: { [x: string]: unknown; from: string; to: string; orientation: "directed" | "undirected"; evidence: string; }[]; }' is missing the following properties from type 'CausalDAG': separating_sets, ci_decisions, n_samples, alpha, warnings
src/engines/CrossProcessMediationAnalyzerEngine.ts(156,17): error TS2352: Conversion of type '{ [x: string]: unknown; }' to type 'CausalDAG' may be a mistake because neither type sufficiently overlaps with the other. If this was intentional, convert the expression to 'unknown' first.
  Type '{ [x: string]: unknown; }' is missing the following properties from type 'CausalDAG': nodes, edges, separating_sets, ci_decisions, and 3 more.
src/engines/CrossProcessMediationAnalyzerEngine.ts(232,17): error TS2352: Conversion of type '{ [x: string]: unknown; }' to type 'CausalDAG' may be a mistake because neither type sufficiently overlaps with the other. If this was intentional, convert the expression to 'unknown' first.
  Type '{ [x: string]: unknown; }' is missing the following properties from type 'CausalDAG': nodes, edges, separating_sets, ci_decisions, and 3 more.
src/engines/CrossProcessOutcomeStore.ts(238,29): error TS2345: Argument of type 'OutcomeRequestSummary | undefined' is not assignable to parameter of type 'Record<string, unknown> | undefined'.
  Type 'OutcomeRequestSummary' is not assignable to type 'Record<string, unknown>'.
    Index signature for type 'string' is missing in type 'OutcomeRequestSummary'.
src/engines/CrossProcessOutcomeStore.ts(392,29): error TS2345: Argument of type 'OutcomeCategoricalFeatures & OutcomeNumericFeatures & { process?: "lathe" | "mill" | "wedm" | undefined; bridge?: "post" | ... 4 more ... | undefined; }' is not assignable to parameter of type 'Record<string, unknown> | undefined'.
  Type 'OutcomeCategoricalFeatures & OutcomeNumericFeatures & { process?: "lathe" | "mill" | "wedm" | undefined; bridge?: "post" | ... 4 more ... | undefined; }' is not assignable to type 'Record<string, unknown>'.
    Index signature for type 'string' is missing in type 'OutcomeCategoricalFeatures & OutcomeNumericFeatures & { process?: "lathe" | "mill" | "wedm" | undefined; bridge?: "post" | ... 4 more ... | undefined; }'.
src/engines/CSVStructureEngine.ts(69,23): error TS7006: Parameter 'cell' implicitly has an 'any' type.
src/engines/cycleSchedulingBridge.ts(247,7): error TS2322: Type 'EstimateCalculatedPayload' is not assignable to type 'Record<string, unknown>'.
  Index signature for type 'string' is missing in type 'EstimateCalculatedPayload'.
src/engines/cycleSchedulingBridge.ts(303,7): error TS2322: Type 'CapacityUpdatedPayload' is not assignable to type 'Record<string, unknown>'.
  Index signature for type 'string' is missing in type 'CapacityUpdatedPayload'.
src/engines/cycleSchedulingBridge.ts(322,36): error TS2339: Property 'getSlots' does not exist on type 'SchedulingEngine'.
src/engines/cycleSchedulingBridge.ts(341,7): error TS2322: Type 'ScheduleUpdatedPayload' is not assignable to type 'Record<string, unknown>'.
  Index signature for type 'string' is missing in type 'ScheduleUpdatedPayload'.
src/engines/cycleSchedulingBridge.ts(381,7): error TS2322: Type 'ActualDurationPayload' is not assignable to type 'Record<string, unknown>'.
  Index signature for type 'string' is missing in type 'ActualDurationPayload'.
src/engines/DecisionReasoningEngine.ts(1211,5): error TS2322: Type '{ id: string; name: string; category: "machine"; properties: { type: "lathe" | "mill" | "grinder" | "5axis" | "mill_turn" | "edm_sinker" | "edm_wire"; work_envelope: { x_travel: number; y_travel: number; z_travel: number; max_diameter?: number | undefined; max_length?: number | undefined; }; spindle: { ...; }; capab...' is not assignable to type 'DecisionCandidate[]'.
  Type '{ id: string; name: string; category: "machine"; properties: { type: "lathe" | "mill" | "grinder" | "5axis" | "mill_turn" | "edm_sinker" | "edm_wire"; work_envelope: { x_travel: number; y_travel: number; z_travel: number; max_diameter?: number; max_length?: number; }; spindle: { ...; }; capabilities: string[]; }; sc...' is not assignable to type 'DecisionCandidate'.
    Types of property 'properties' are incompatible.
      Type '{ type: "lathe" | "mill" | "grinder" | "5axis" | "mill_turn" | "edm_sinker" | "edm_wire"; work_envelope: { x_travel: number; y_travel: number; z_travel: number; max_diameter?: number; max_length?: number; }; spindle: { ...; }; capabilities: string[]; }' is not assignable to type 'Record<string, string | number | boolean>'.
        Property 'work_envelope' is incompatible with index signature.
          Type '{ x_travel: number; y_travel: number; z_travel: number; max_diameter?: number | undefined; max_length?: number | undefined; }' is not assignable to type 'string | number | boolean'.
src/engines/DFMAwareGenerationEngine.ts(152,7): error TS2720: Class 'DFMAwareGenerationEngine' incorrectly implements class 'BaseEngine'. Did you mean to extend 'BaseEngine' and inherit its members as a subclass?
  Type 'DFMAwareGenerationEngine' is missing the following properties from type 'BaseEngine': getInfo, executeImpl, execute, healthCheck
src/engines/E2ShopConnectorEngine.ts(242,45): error TS18048: 'resolved' is possibly 'undefined'.
src/engines/ElectrodeAdvancedAIEngine.ts(462,9): error TS2322: Type '{ discharge_energy_mJ: { from: number; to: number; }; num_skim_passes?: undefined; electrode_grain_size_um?: undefined; duty_cycle?: undefined; spark_gap_mm?: undefined; } | { num_skim_passes: { ...; }; discharge_energy_mJ?: undefined; electrode_grain_size_um?: undefined; duty_cycle?: undefined; spark_gap_mm?: undef...' is not assignable to type 'Record<string, { from: number; to: number; }>'.
  Type '{ discharge_energy_mJ: { from: number; to: number; }; num_skim_passes?: undefined; electrode_grain_size_um?: undefined; duty_cycle?: undefined; spark_gap_mm?: undefined; }' is not assignable to type 'Record<string, { from: number; to: number; }>'.
    Property 'num_skim_passes' is incompatible with index signature.
      Type 'undefined' is not assignable to type '{ from: number; to: number; }'.
src/engines/ElectrodeAdvancedAIEngine.ts(955,9): error TS2345: Argument of type 'number | "graphite"' is not assignable to parameter of type 'string'.
  Type 'number' is not assignable to type 'string'.
src/engines/ElectrodeAdvancedAIEngine.ts(1156,9): error TS2322: Type 'string' is not assignable to type 'number'.
src/engines/ElectrodeAIReasoningEngine.ts(539,41): error TS2339: Property 'sinker_spark_gap' does not exist on type '{ readonly spark_erosion: { readonly C_d: 2.1; readonly current_exp_d: 0.43; readonly ton_exp_d: 0.44; readonly C_p: 0.54; readonly current_exp_p: 0.38; readonly ton_exp_p: 0.38; readonly C_mrr: 0.0085; ... 5 more ...; readonly source: "DiBitonto et al. ASME J. Eng. Ind. 111(2) 1989; Sato et al. JSME Int. J. 33(4) 1...'.
src/engines/ElectrodeAIReasoningEngine.ts(540,40): error TS2339: Property 'sinker_spark_gap' does not exist on type '{ readonly spark_erosion: { readonly C_d: 2.1; readonly current_exp_d: 0.43; readonly ton_exp_d: 0.44; readonly C_p: 0.54; readonly current_exp_p: 0.38; readonly ton_exp_p: 0.38; readonly C_mrr: 0.0085; ... 5 more ...; readonly source: "DiBitonto et al. ASME J. Eng. Ind. 111(2) 1989; Sato et al. JSME Int. J. 33(4) 1...'.
src/engines/ElectrodeAIReasoningEngine.ts(541,42): error TS2339: Property 'sinker_spark_gap' does not exist on type '{ readonly spark_erosion: { readonly C_d: 2.1; readonly current_exp_d: 0.43; readonly ton_exp_d: 0.44; readonly C_p: 0.54; readonly current_exp_p: 0.38; readonly ton_exp_p: 0.38; readonly C_mrr: 0.0085; ... 5 more ...; readonly source: "DiBitonto et al. ASME J. Eng. Ind. 111(2) 1989; Sato et al. JSME Int. J. 33(4) 1...'.
src/engines/ElectrodeAIReasoningEngine.ts(542,39): error TS2339: Property 'sinker_duty_cycle' does not exist on type '{ readonly spark_erosion: { readonly C_d: 2.1; readonly current_exp_d: 0.43; readonly ton_exp_d: 0.44; readonly C_p: 0.54; readonly current_exp_p: 0.38; readonly ton_exp_p: 0.38; readonly C_mrr: 0.0085; ... 5 more ...; readonly source: "DiBitonto et al. ASME J. Eng. Ind. 111(2) 1989; Sato et al. JSME Int. J. 33(4) 1...'.
src/engines/ERPIntegrationEngine.ts(112,27): error TS18048: 'mat' is possibly 'undefined'.
src/engines/ERPIntegrationEngine.ts(112,48): error TS18048: 'mat' is possibly 'undefined'.
src/engines/FiveAxisDeepLearningEngine.ts(313,5): error TS2739: Type '{ name: string; iso_group: "H"; kc11_mpa: number; mc: number; hardness_hrc: number; thermal_conductivity_w_mk: number; }' is missing the following properties from type 'MaterialProps': density_kg_m3, specific_heat_j_kgk
src/engines/FiveAxisDeepLearningEngine.ts(397,5): error TS2739: Type '{ name: string; iso_group: "H"; kc11_mpa: number; mc: number; hardness_hrc: number; thermal_conductivity_w_mk: number; }' is missing the following properties from type 'MaterialProps': density_kg_m3, specific_heat_j_kgk
src/engines/FiveAxisDeepLearningEngine.ts(481,5): error TS2739: Type '{ name: string; iso_group: "N"; kc11_mpa: number; mc: number; hardness_hrc: number; thermal_conductivity_w_mk: number; }' is missing the following properties from type 'MaterialProps': density_kg_m3, specific_heat_j_kgk
src/engines/FiveAxisToolpathSynthesisEngine.ts(1211,40): error TS2353: Object literal may only specify known properties, and 'k' does not exist in type 'Vec3'.
src/engines/FormulaValidationEngine.ts(400,9): error TS2554: Expected 4 arguments, but got 5.
src/engines/FormulaValidationEngine.ts(423,9): error TS2554: Expected 3 arguments, but got 4.
src/engines/Fusion360CodeGeneratorEngine.ts(113,5): error TS2353: Object literal may only specify known properties, and 'notes' does not exist in type 'CADCapabilityMatrix'.
src/engines/Fusion360CodeGeneratorEngine.ts(1704,9): error TS2561: Object literal may only specify known properties, but 'output' does not exist in type 'CADExecutionResult'. Did you mean to write 'outputs'?
src/engines/Fusion360StrategyEngine.ts(334,34): error TS2339: Property 'kc1_1' does not exist on type 'Record<ISOGroup, { kc1_1: number; mc: number; }>'.
src/engines/FusionAIOrchestrationEngine.ts(258,54): error TS2339: Property 'getPhysicsProfile' does not exist on type 'FusionMaterialBridgeEngine'.
src/engines/FusionAIOrchestrationEngine.ts(279,9): error TS2322: Type '"slot" | "steep_wall" | "flat_area" | "deep_cavity" | "freeform_surface" | "open_pocket" | "closed_pocket"' is not assignable to type 'FusionFeatureType'.
  Type '"slot"' is not assignable to type 'FusionFeatureType'.
src/engines/FusionAIOrchestrationEngine.ts(281,9): error TS2322: Type '"mill_turn" | "3axis_mill" | "4axis_mill" | "5axis_mill" | "5axis_table_head"' is not assignable to type 'FusionMachineType'.
  Type '"4axis_mill"' is not assignable to type 'FusionMachineType'. Did you mean '"3axis_mill"'?
src/engines/GraphQLSchemaEngine.ts(52,7): error TS7053: Element implicitly has an 'any' type because expression of type 'any' can't be used to index type 'Partial<Record<"query" | "input" | "type" | "union" | "enum" | "interface" | "scalar" | "subscription" | "mutation", number>>'.
src/engines/GraphQLSchemaEngine.ts(52,26): error TS7053: Element implicitly has an 'any' type because expression of type 'any' can't be used to index type 'Partial<Record<"query" | "input" | "type" | "union" | "enum" | "interface" | "scalar" | "subscription" | "mutation", number>>'.
src/engines/HookCreationGuardEngine.ts(250,14): error TS2515: Non-abstract class 'HookCreationGuardEngine' does not implement inherited abstract member validate from class 'BaseEngine'.
src/engines/HookDAGValidatorEngine.ts(139,3): error TS2416: Property 'validate' in type 'HookDAGValidatorEngine' is not assignable to the same property in base type 'BaseEngine'.
  Type '(opts: HookDAGValidatorOptions) => { schemaVersion: 1; generatedAt: string; manifestGeneratedAt: string; manifestRepoRoot: string; ok: boolean; events: { event: string; ... 4 more ...; conflicts: { ...; }[]; }[]; summary: { ...; }; }' is not assignable to type '(input: unknown) => string | null'.
    Type '{ schemaVersion: 1; generatedAt: string; manifestGeneratedAt: string; manifestRepoRoot: string; ok: boolean; events: { event: string; nodes: string[]; edges: { from: string; to: string; reason: "same-source-order" | "cross-source"; source?: string | undefined; }[]; order: string[] | null; cycles: { ...; }[]; conflic...' is not assignable to type 'string'.
src/engines/HyperCADSCodeGeneratorEngine.ts(65,12): error TS2820: Type '"hypercads"' is not assignable to type '"freecad" | "fusion360" | "cadquery" | "inventor" | "inventor_hsm" | "solidworks" | "mastercam" | "hypermill" | "hypercad_s" | "catia_v5" | "creo" | "nx" | "onshape" | "rhino" | "esprit"'. Did you mean '"hypercad_s"'?
src/engines/HyperCADSCodeGeneratorEngine.ts(68,5): error TS2820: Type '"hypercads"' is not assignable to type '"freecad" | "fusion360" | "cadquery" | "inventor" | "inventor_hsm" | "solidworks" | "mastercam" | "hypermill" | "hypercad_s" | "catia_v5" | "creo" | "nx" | "onshape" | "rhino" | "esprit"'. Did you mean '"hypercad_s"'?
src/engines/HyperCADSCodeGeneratorEngine.ts(203,17): error TS2352: Conversion of type 'string | number | boolean | readonly string[] | readonly number[] | null | undefined' to type 'number[][]' may be a mistake because neither type sufficiently overlaps with the other. If this was intentional, convert the expression to 'unknown' first.
  The type 'readonly number[]' is 'readonly' and cannot be assigned to the mutable type 'number[][]'.
src/engines/HyperCADSLiveBridgeEngine.ts(174,7): error TS2322: Type 'string' is not assignable to type '"2024" | "2023" | "2025" | undefined'.
src/engines/HyperCADSLiveBridgeEngine.ts(191,7): error TS2322: Type 'readonly CADBuildWarning[]' is not assignable to type 'readonly string[]'.
  Type 'CADBuildWarning' is not assignable to type 'string'.
src/engines/HyperCADSLiveBridgeEngine.ts(280,7): error TS2322: Type 'string' is not assignable to type '"2024" | "2023" | "2025" | undefined'.
src/engines/HyperCADSLiveBridgeEngine.ts(293,7): error TS2322: Type 'readonly CADBuildWarning[]' is not assignable to type 'readonly string[]'.
  Type 'CADBuildWarning' is not assignable to type 'string'.
src/engines/HyperCADSLiveBridgeEngine.ts(319,51): error TS2345: Argument of type '{ body: string; cadSystem: "hypercads"; filename: string; parameters: Map<string, unknown>; lineage: Array<{ opIndex: number; opId?: string; opKind: string; lineRange: [number, number]; }>; warnings: string[]; imports: string[]; }' is not assignable to parameter of type 'CADScript<string>'.
  Types of property 'cadSystem' are incompatible.
    Type '"hypercads"' is not assignable to type '"freecad" | "fusion360" | "cadquery" | "inventor" | "inventor_hsm" | "solidworks" | "mastercam" | "hypermill" | "hypercad_s" | "catia_v5" | "creo" | "nx" | "onshape" | "rhino" | "esprit"'. Did you mean '"hypercad_s"'?
src/engines/hypermill/STEPFeatureExtractorEngine.ts(74,7): error TS2739: Type '{ face: number; step: number; pocket_rectangular: number; pocket_circular: number; pocket_freeform: number; contour_2d: number; contour_3d: number; slot_through: number; slot_blind: number; ... 11 more ...; thread_external: number; }' is missing the following properties from type 'Record<FeatureType, number>': thread_internal, pocket_complex, slot_dovetail, slot_t_shaped
src/engines/hypermill/STEPFeatureExtractorEngine.ts(106,7): error TS2739: Type '{ face: { type: "face_mill"; diamFactor: number; }; step: { type: "endmill_flat"; diamFactor: number; }; pocket_rectangular: { type: "endmill_flat"; diamFactor: number; }; pocket_circular: { type: "endmill_flat"; diamFactor: number; }; ... 16 more ...; thread_external: { ...; }; }' is missing the following properties from type 'Record<FeatureType, { type: "drill" | "tap" | "face_mill" | "thread_mill" | "reamer" | "probe" | "other" | "chamfer_mill" | "boring_bar" | "endmill_flat" | "endmill_ball" | "endmill_torus" | "insert"; diamFactor: number; }>': thread_internal, pocket_complex, slot_dovetail, slot_t_shaped
src/engines/hypermill/STEPFeatureExtractorEngine.ts(131,7): error TS2739: Type '{ face: string; step: string; pocket_rectangular: string; pocket_circular: string; pocket_freeform: string; contour_2d: string; contour_3d: string; slot_through: string; slot_blind: string; ... 11 more ...; thread_external: string; }' is missing the following properties from type 'Record<FeatureType, string>': thread_internal, pocket_complex, slot_dovetail, slot_t_shaped
src/engines/HyperMillAIOrchestrationEngine.ts(260,57): error TS2339: Property 'getPhysicsProfile' does not exist on type 'HyperMillMaterialBridgeEngine'.
src/engines/HyperMillAIOrchestrationEngine.ts(295,37): error TS2339: Property 'cutting_parameters' does not exist on type 'StrategySelectionResult'.
src/engines/HyperMillAIOrchestrationEngine.ts(296,39): error TS2339: Property 'cutting_parameters' does not exist on type 'StrategySelectionResult'.
src/engines/HyperMillResourceIndexEngine.ts(179,7): error TS2322: Type 'Dirent<string>[]' is not assignable to type 'Dirent<NonSharedBuffer>[]'.
  Type 'Dirent<string>' is not assignable to type 'Dirent<NonSharedBuffer>'.
    Type 'string' is not assignable to type 'NonSharedBuffer'.
src/engines/HyperMillSurfaceIntegrityBridge.ts(467,19): error TS2339: Property 'maxSafeVc_m_min' does not exist on type 'WhiteLayerThreshold'.
src/engines/HyperMillSurfaceIntegrityBridge.ts(471,63): error TS2339: Property 'description' does not exist on type 'WhiteLayerThreshold'.
src/engines/ImageOCRPipelineEngine.ts(98,9): error TS2554: Expected 1-2 arguments, but got 0.
src/engines/ImageOCRPipelineEngine.ts(133,9): error TS2554: Expected 1-2 arguments, but got 0.
src/engines/ImpellerCADEngine.ts(370,7): error TS2322: Type 'number[][]' is not assignable to type 'string | number | boolean | readonly string[] | readonly number[] | null | undefined'.
  Type 'number[][]' is not assignable to type 'readonly number[]'.
    Type 'number[]' is not assignable to type 'number'.
src/engines/ImpellerCADEngine.ts(433,7): error TS2322: Type 'number[][]' is not assignable to type 'string | number | boolean | readonly string[] | readonly number[] | null | undefined'.
  Type 'number[][]' is not assignable to type 'readonly number[]'.
    Type 'number[]' is not assignable to type 'number'.
src/engines/ImpellerCADEngine.ts(568,7): error TS2322: Type '[number, number, number][]' is not assignable to type 'string | number | boolean | readonly string[] | readonly number[] | null | undefined'.
  Type '[number, number, number][]' is not assignable to type 'readonly number[]'.
    Type '[number, number, number]' is not assignable to type 'number'.
src/engines/ImpellerCADEngine.ts(614,9): error TS2322: Type 'number[][]' is not assignable to type 'string | number | boolean | readonly string[] | readonly number[] | null | undefined'.
  Type 'number[][]' is not assignable to type 'readonly number[]'.
    Type 'number[]' is not assignable to type 'number'.
src/engines/ImpellerCADEngine.ts(629,9): error TS2322: Type 'number[][]' is not assignable to type 'string | number | boolean | readonly string[] | readonly number[] | null | undefined'.
  Type 'number[][]' is not assignable to type 'readonly number[]'.
    Type 'number[]' is not assignable to type 'number'.
src/engines/InfiniteConditionCombinatorEngine.ts(131,51): error TS2352: Conversion of type 'ConditionVector' to type 'Record<string, string>' may be a mistake because neither type sufficiently overlaps with the other. If this was intentional, convert the expression to 'unknown' first.
  Index signature for type 'string' is missing in type 'ConditionVector'.
src/engines/InfiniteConditionCombinatorEngine.ts(267,51): error TS2352: Conversion of type 'ConditionVector' to type 'Record<string, string>' may be a mistake because neither type sufficiently overlaps with the other. If this was intentional, convert the expression to 'unknown' first.
  Index signature for type 'string' is missing in type 'ConditionVector'.
src/engines/IntelligentSequencingAdapter.ts(50,8): error TS2724: '"./IntelligentSequencingEngine.js"' has no exported member named 'SequenceResult'. Did you mean 'SequencingResult'?
src/engines/InventorCADCodeGeneratorEngine.ts(139,3): error TS2322: Type 'Set<string>' is not assignable to type 'ReadonlySet<"export_step" | "sketch_create" | "sketch_close" | "sketch_line" | "sketch_arc" | "sketch_circle" | "sketch_rectangle" | "sketch_polygon" | "sketch_spline" | "sketch_ellipse" | ... 89 more ... | "custom">'.
  Types of property 'forEach' are incompatible.
    Type '(callbackfn: (value: string, value2: string, set: Set<string>) => void, thisArg?: any) => void' is not assignable to type '(callbackfn: (value: "export_step" | "sketch_create" | "sketch_close" | "sketch_line" | "sketch_arc" | "sketch_circle" | "sketch_rectangle" | "sketch_polygon" | "sketch_spline" | "sketch_ellipse" | ... 89 more ... | "custom", value2: "export_step" | ... 98 more ... | "custom", set: ReadonlySet<...>) => void, thisArg...'.
      Types of parameters 'callbackfn' and 'callbackfn' are incompatible.
        Types of parameters 'value' and 'value' are incompatible.
          Type 'string' is not assignable to type '"export_step" | "sketch_create" | "sketch_close" | "sketch_line" | "sketch_arc" | "sketch_circle" | "sketch_rectangle" | "sketch_polygon" | "sketch_spline" | "sketch_ellipse" | ... 89 more ... | "custom"'.
src/engines/InventorCADCodeGeneratorEngine.ts(528,11): error TS2416: Property 'requireArg' in type 'InventorCADCodeGeneratorEngine' is not assignable to the same property in base type 'UnifiedCADCodeGeneratorBase<InventorCADContext>'.
  Type '<T>(op: CADOperation, key: string, expectedType: "string" | "number" | "boolean" | "object") => T' is not assignable to type '<T>(op: CADOperation, name: string, kind: "string" | "number" | "boolean" | "array") => T'.
    Types of parameters 'expectedType' and 'kind' are incompatible.
      Type '"string" | "number" | "boolean" | "array"' is not assignable to type '"string" | "number" | "boolean" | "object"'.
        Type '"array"' is not assignable to type '"string" | "number" | "boolean" | "object"'.
src/engines/InventorCADCodeGeneratorEngine.ts(730,20): error TS2352: Conversion of type 'string | number | boolean | readonly string[] | readonly number[] | null | undefined' to type '[number, number][]' may be a mistake because neither type sufficiently overlaps with the other. If this was intentional, convert the expression to 'unknown' first.
  The type 'readonly number[]' is 'readonly' and cannot be assigned to the mutable type '[number, number][]'.
src/engines/InventorCADCodeGeneratorEngine.ts(2077,9): error TS2353: Object literal may only specify known properties, and 'warningCount' does not exist in type '{ volumeMm3?: number | undefined; boundingBoxMm?: [number, number, number] | undefined; centerMm?: [number, number, number] | undefined; faceCount?: number | undefined; edgeCount?: number | undefined; ... 4 more ...; operationCount?: number | undefined; }'.
src/engines/JMDieLatheProgramUpgraderV2Engine.ts(259,52): error TS2345: Argument of type '{ operation: "drilling" | "threading" | "grooving" | "boring" | "milling" | "turning" | "tapping" | "reaming" | "facing"; cut_type: "semi_finishing"; iso_group: ISOGroup; ... 5 more ...; optimize_for: "balanced" | ... 2 more ... | "productivity"; }' is not assignable to parameter of type 'UltimateSpeedFeedInput'.
  Types of property 'operation' are incompatible.
    Type '"drilling" | "threading" | "grooving" | "boring" | "milling" | "turning" | "tapping" | "reaming" | "facing"' is not assignable to type 'Operation | undefined'.
      Type '"threading"' is not assignable to type 'Operation | undefined'.
src/engines/JMDieLatheProgramUpgraderV2Engine.ts(271,30): error TS2551: Property 'cutting_speed_mpm' does not exist on type 'UltimateSpeedFeedResult'. Did you mean 'cutting_speed'?
src/engines/JMDieLatheProgramUpgraderV2Engine.ts(271,75): error TS2551: Property 'cutting_speed_mpm' does not exist on type 'UltimateSpeedFeedResult'. Did you mean 'cutting_speed'?
src/engines/JMDieLatheProgramUpgraderV2Engine.ts(272,34): error TS2551: Property 'feed_per_rev_mm' does not exist on type 'UltimateSpeedFeedResult'. Did you mean 'feed_per_rev'?
src/engines/JMDieLatheProgramUpgraderV2Engine.ts(273,32): error TS2339: Property 'feed_rate_mmmin' does not exist on type 'UltimateSpeedFeedResult'.
src/engines/JMDieLatheProgramUpgraderV2Engine.ts(274,38): error TS2339: Property 'feed_rate_mmmin' does not exist on type 'UltimateSpeedFeedResult'.
src/engines/JMDieLatheProgramUpgraderV2Engine.ts(275,27): error TS2551: Property 'axial_depth_mm' does not exist on type 'UltimateSpeedFeedResult'. Did you mean 'axial_depth'?
src/engines/JMDieProgramAnalyzerEngine.ts(435,36): error TS2339: Property 'max_rpm' does not exist on type 'never'.
src/engines/KnowledgeGraphNeuralBridgeEngine.ts(308,7): error TS2322: Type 'string | null | undefined' is not assignable to type 'string | null'.
  Type 'undefined' is not assignable to type 'string | null'.
src/engines/KnowledgeGraphNeuralBridgeEngine.ts(471,7): error TS2322: Type 'string | undefined' is not assignable to type 'string | null'.
  Type 'undefined' is not assignable to type 'string | null'.
src/engines/LatheActiveLearningEngine.ts(1547,52): error TS2769: No overload matches this call.
  Overload 1 of 3, '(callbackfn: (previousValue: QualityClass, currentValue: QualityClass, currentIndex: number, array: QualityClass[]) => QualityClass, initialValue: QualityClass): QualityClass', gave the following error.
    Type 'number' is not assignable to type 'QualityClass'.
  Overload 2 of 3, '(callbackfn: (previousValue: QualityClass, currentValue: QualityClass, currentIndex: number, array: QualityClass[]) => QualityClass, initialValue: QualityClass): QualityClass', gave the following error.
    Type 'number' is not assignable to type 'QualityClass'.
src/engines/LatheActiveLearningEngine.ts(1549,7): error TS2769: No overload matches this call.
  Overload 1 of 3, '(callbackfn: (previousValue: QualityClass, currentValue: QualityClass, currentIndex: number, array: QualityClass[]) => QualityClass, initialValue: QualityClass): QualityClass', gave the following error.
    Type 'number' is not assignable to type 'QualityClass'.
  Overload 2 of 3, '(callbackfn: (previousValue: QualityClass, currentValue: QualityClass, currentIndex: number, array: QualityClass[]) => QualityClass, initialValue: QualityClass): QualityClass', gave the following error.
    Type 'number' is not assignable to type 'QualityClass'.
src/engines/LatheActiveLearningEngine.ts(1568,41): error TS18048: 'point.quality_class' is possibly 'undefined'.
src/engines/LatheAdvancedOperationsEngine.ts(827,7): error TS2353: Object literal may only specify known properties, and 'y_axis' does not exist in type 'Record<"offset_tailstock" | "four_jaw" | "eccentric_chuck", string[]>'.
src/engines/LatheAdvancedOperationsEngine.ts(847,29): error TS2367: This comparison appears to be unintentional because the types '"offset_tailstock" | "four_jaw" | "eccentric_chuck"' and '"y_axis"' have no overlap.
src/engines/LatheAIFeatureRegistration.ts(503,11): error TS2561: Object literal may only specify known properties, but 'domain' does not exist in type 'Partial<AIFeature>'. Did you mean to write 'domains'?
src/engines/LatheAIUltraEngine.ts(1968,37): error TS2352: Conversion of type 'Record<string, unknown>' to type 'LLMQueryContext' may be a mistake because neither type sufficiently overlaps with the other. If this was intentional, convert the expression to 'unknown' first.
  Type 'Record<string, unknown>' is missing the following properties from type 'LLMQueryContext': query, controller, programmingMode
src/engines/LatheCAMIntelligenceEngine.ts(558,19): error TS7053: Element implicitly has an 'any' type because expression of type '"moderate" | "none" | "minor" | "severe"' can't be used to index type '{ minor: number; moderate: number; severe: number; }'.
  Property 'none' does not exist on type '{ minor: number; moderate: number; severe: number; }'.
src/engines/LatheCAMIntelligenceEngine.ts(911,21): error TS2304: Cannot find name 'DecisionCriterion'.
src/engines/LatheCAMIntelligenceEngine.ts(1344,39): error TS2367: This comparison appears to be unintentional because the types 'LatheCADFeature' and '"bore"' have no overlap.
src/engines/LatheChipMechanicsEngine.ts(1308,7): error TS2322: Type 'boolean | undefined' is not assignable to type 'boolean'.
  Type 'undefined' is not assignable to type 'boolean'.
src/engines/LatheCuttingChemistryEngine.ts(1901,26): error TS2367: This comparison appears to be unintentional because the types '"semi_synthetic" | "full_synthetic" | "vegetable_ester" | "water_soluble_oil" | "mql_oil"' and '"straight_oil"' have no overlap.
src/engines/LatheCuttingChemistryEngine.ts(2110,45): error TS2367: This comparison appears to be unintentional because the types '"high" | "low" | "moderate"' and '"extreme"' have no overlap.
src/engines/LatheDeepAIHardeningEngine.ts(825,85): error TS2339: Property 'custom' does not exist on type 'Record<LathePartFamily, LatheOperationType[]>'.
src/engines/LatheIntelligenceEngine.ts(533,15): error TS2367: This comparison appears to be unintentional because the types '"high" | "medium" | "critical"' and '"none"' have no overlap.
src/engines/LatheIntelligenceEngine.ts(716,7): error TS2322: Type 'number | boolean | undefined' is not assignable to type 'boolean'.
  Type 'undefined' is not assignable to type 'boolean'.
src/engines/LatheJobProfitabilityAnalyticsEngine.ts(199,13): error TS2739: Type '{}' is missing the following properties from type '{ by: "part_number" | "customer"; top_n: number; since_iso?: string | undefined; until_iso?: string | undefined; }': by, top_n
src/engines/LatheLoRADatasetBuilderEngine.ts(560,44): error TS2339: Property 'query' does not exist on type 'TribalKnowledgeEngine'.
src/engines/LatheLoRAExperimentTrackerEngine.ts(252,62): error TS2345: Argument of type 'string | undefined' is not assignable to parameter of type 'string'.
  Type 'undefined' is not assignable to type 'string'.
src/engines/LatheMasterOrchestratorFacadeEngine.ts(242,53): error TS2339: Property 'activate' does not exist on type 'TribalKnowledgeActivationEngine'.
src/engines/LatheMasterOrchestratorFacadeEngine.ts(261,15): error TS2353: Object literal may only specify known properties, and 'operation' does not exist in type '{ program?: string | undefined; material?: string | undefined; part_geometry?: Record<string, unknown> | undefined; symptoms?: string[] | undefined; constraints?: Record<string, unknown> | undefined; programs?: string[] | undefined; }'.
src/engines/LatheMasterOrchestratorFacadeEngine.ts(451,46): error TS2339: Property 'collision' does not exist on type 'CollisionResult'.
src/engines/LatheMasterOrchestratorFacadeEngine.ts(454,45): error TS2339: Property 'collision' does not exist on type 'CollisionResult'.
src/engines/LatheMasterOrchestratorFacadeEngine.ts(475,69): error TS2554: Expected 9 arguments, but got 5.
src/engines/LatheMasterOrchestratorFacadeEngine.ts(485,17): error TS2554: Expected 1 arguments, but got 4.
src/engines/LatheMasterOrchestratorFacadeEngine.ts(488,44): error TS2345: Argument of type 'string' is not assignable to parameter of type 'number'.
src/engines/LatheMasterOrchestratorFacadeEngine.ts(514,37): error TS2339: Property 'power_kW' does not exist on type 'TurningForces'.
src/engines/LatheMasterOrchestratorFacadeEngine.ts(544,68): error TS2339: Property 'activate' does not exist on type 'TribalKnowledgeActivationEngine'.
src/engines/LatheMasterOrchestratorFacadeEngine.ts(679,16): error TS2339: Property 'emit' does not exist on type 'EventBus'.
src/engines/LatheMasterPostSelfAwarenessEngine.ts(519,28): error TS2345: Argument of type '{ id: string; name: string; dialect: "generic"; }' is not assignable to parameter of type '{ id: string; name: string; dialect: "fanuc" | "mitsubishi" | "haas" | "okuma" | "mazak" | "generic" | "citizen"; version: string; machineIds: string[]; features?: { cssSupport: boolean; cannedCycles: string[]; ... 6 more ...; partCatcher: boolean; } | undefined; }'.
  Type '{ id: string; name: string; dialect: "generic"; }' is missing the following properties from type '{ id: string; name: string; dialect: "fanuc" | "mitsubishi" | "haas" | "okuma" | "mazak" | "generic" | "citizen"; version: string; machineIds: string[]; features?: { cssSupport: boolean; cannedCycles: string[]; ... 6 more ...; partCatcher: boolean; } | undefined; }': version, machineIds
src/engines/LathePostGeneratorActiveLearningEngine.ts(253,45): error TS2367: This comparison appears to be unintentional because the types '"unknown" | "syntax_error" | "cycle_error" | "tool_error" | "coolant_error" | "coordinate_error" | "compatibility_error"' and '"cosmetic"' have no overlap.
src/engines/LathePostGeneratorDialectEngine.ts(421,26): error TS2345: Argument of type '{ controller_id: string; cycle_code: string; parameters: { depth_of_cut: number; finish_allowance_x: number; finish_allowance_z: number; profile_start_block: number; profile_end_block: number; feed_rate: number; }; include_comments: true; use_line_numbers: false; }' is not assignable to parameter of type '{ controller_id: string; cycle_code: string; parameters: { depth_of_cut?: number | undefined; finish_allowance_x?: number | undefined; finish_allowance_z?: number | undefined; profile_start_block?: number | undefined; ... 17 more ...; spindle_speed?: number | undefined; }; line_number_start: number; line_number_incr...'.
  Type '{ controller_id: string; cycle_code: string; parameters: { depth_of_cut: number; finish_allowance_x: number; finish_allowance_z: number; profile_start_block: number; profile_end_block: number; feed_rate: number; }; include_comments: true; use_line_numbers: false; }' is missing the following properties from type '{ controller_id: string; cycle_code: string; parameters: { depth_of_cut?: number | undefined; finish_allowance_x?: number | undefined; finish_allowance_z?: number | undefined; profile_start_block?: number | undefined; ... 17 more ...; spindle_speed?: number | undefined; }; line_number_start: number; line_number_incr...': line_number_start, line_number_increment
src/engines/LathePostGeneratorDialectEngine.ts(449,26): error TS2345: Argument of type '{ controller_id: string; cycle_code: string; parameters: { thread_pitch: number; thread_depth: number; thread_angle: number; first_cut_depth: number; thread_end_x: number; thread_end_z: number; }; include_comments: true; use_line_numbers: false; }' is not assignable to parameter of type '{ controller_id: string; cycle_code: string; parameters: { depth_of_cut?: number | undefined; finish_allowance_x?: number | undefined; finish_allowance_z?: number | undefined; profile_start_block?: number | undefined; ... 17 more ...; spindle_speed?: number | undefined; }; line_number_start: number; line_number_incr...'.
  Type '{ controller_id: string; cycle_code: string; parameters: { thread_pitch: number; thread_depth: number; thread_angle: number; first_cut_depth: number; thread_end_x: number; thread_end_z: number; }; include_comments: true; use_line_numbers: false; }' is missing the following properties from type '{ controller_id: string; cycle_code: string; parameters: { depth_of_cut?: number | undefined; finish_allowance_x?: number | undefined; finish_allowance_z?: number | undefined; profile_start_block?: number | undefined; ... 17 more ...; spindle_speed?: number | undefined; }; line_number_start: number; line_number_incr...': line_number_start, line_number_increment
src/engines/LathePostGeneratorDialectEngine.ts(475,26): error TS2345: Argument of type '{ controller_id: string; cycle_code: string; parameters: { hole_depth: number; peck_depth: number; retract_plane: number; feed_rate: number; }; include_comments: true; use_line_numbers: false; }' is not assignable to parameter of type '{ controller_id: string; cycle_code: string; parameters: { depth_of_cut?: number | undefined; finish_allowance_x?: number | undefined; finish_allowance_z?: number | undefined; profile_start_block?: number | undefined; ... 17 more ...; spindle_speed?: number | undefined; }; line_number_start: number; line_number_incr...'.
  Type '{ controller_id: string; cycle_code: string; parameters: { hole_depth: number; peck_depth: number; retract_plane: number; feed_rate: number; }; include_comments: true; use_line_numbers: false; }' is missing the following properties from type '{ controller_id: string; cycle_code: string; parameters: { depth_of_cut?: number | undefined; finish_allowance_x?: number | undefined; finish_allowance_z?: number | undefined; profile_start_block?: number | undefined; ... 17 more ...; spindle_speed?: number | undefined; }; line_number_start: number; line_number_incr...': line_number_start, line_number_increment
src/engines/LathePostGeneratorDialectEngine.ts(564,35): error TS2345: Argument of type '{ controller_id: string; cycle_code: string; parameters: { depth_of_cut?: number | undefined; finish_allowance_x?: number | undefined; finish_allowance_z?: number | undefined; profile_start_block?: number | undefined; ... 17 more ...; spindle_speed?: number | undefined; }; include_comments: false; use_line_numbers: ...' is not assignable to parameter of type '{ controller_id: string; cycle_code: string; parameters: { depth_of_cut?: number | undefined; finish_allowance_x?: number | undefined; finish_allowance_z?: number | undefined; profile_start_block?: number | undefined; ... 17 more ...; spindle_speed?: number | undefined; }; line_number_start: number; line_number_incr...'.
  Type '{ controller_id: string; cycle_code: string; parameters: { depth_of_cut?: number | undefined; finish_allowance_x?: number | undefined; finish_allowance_z?: number | undefined; profile_start_block?: number | undefined; ... 17 more ...; spindle_speed?: number | undefined; }; include_comments: false; use_line_numbers: ...' is missing the following properties from type '{ controller_id: string; cycle_code: string; parameters: { depth_of_cut?: number | undefined; finish_allowance_x?: number | undefined; finish_allowance_z?: number | undefined; profile_start_block?: number | undefined; ... 17 more ...; spindle_speed?: number | undefined; }; line_number_start: number; line_number_incr...': line_number_start, line_number_increment
src/engines/LathePostProcessorAIEngine.ts(983,13): error TS2322: Type '"sequence"' is not assignable to type '"safety" | "compatibility" | "efficiency" | "best_practice"'.
src/engines/LathePostProcessorAIEngine.ts(1010,15): error TS2322: Type '"syntax"' is not assignable to type '"safety" | "compatibility" | "efficiency" | "best_practice"'.
src/engines/LathePostProcessorAIEngine.ts(2091,37): error TS2352: Conversion of type 'Record<string, unknown>' to type 'LLMPostQuery' may be a mistake because neither type sufficiently overlaps with the other. If this was intentional, convert the expression to 'unknown' first.
  Type 'Record<string, unknown>' is missing the following properties from type 'LLMPostQuery': query, controller
src/engines/LathePostRegressionTestGeneratorEngine.ts(447,40): error TS2345: Argument of type '{ gcode: string[]; controller: string; test_name: string; }' is not assignable to parameter of type '{ gcode: string[]; controller: string; include_coordinates: boolean; include_comments: boolean; source_file?: string | undefined; test_name?: string | undefined; }'.
  Type '{ gcode: string[]; controller: string; test_name: string; }' is missing the following properties from type '{ gcode: string[]; controller: string; include_coordinates: boolean; include_comments: boolean; source_file?: string | undefined; test_name?: string | undefined; }': include_coordinates, include_comments
src/engines/LathePrintSetupSelectionEngine.ts(175,26): error TS7053: Element implicitly has an 'any' type because expression of type '"roughing" | "finishing" | "drilling" | "threading" | "parting" | "default"' can't be used to index type '{ readonly roughing: 2.5; readonly finishing: 2; readonly parting: 3; readonly threading: 2.5; readonly default: 2; }'.
  Property 'drilling' does not exist on type '{ readonly roughing: 2.5; readonly finishing: 2; readonly parting: 3; readonly threading: 2.5; readonly default: 2; }'.
src/engines/LathePrintToleranceStackEngine.ts(775,35): error TS2339: Property 'errors' does not exist on type 'ZodError<{ recognition_id: string; datum_chains: { id: string; datums: { id: string; featureId: string; label: string; priority: number; featureType: string; surfaceType: "planar" | "cylindrical" | "conical" | "spherical"; diameter_mm?: number | undefined; z_position_mm?: number | undefined; }[]; totalBudget_mm: num...'.
src/engines/LatheProofCarryingEmitEngine.ts(266,9): error TS2322: Type '"BLOCKED" | "SAFE" | "UNVERIFIED"' is not assignable to type '"BLOCKED" | "WARNING" | "SAFE" | "SKIPPED"'.
  Type '"UNVERIFIED"' is not assignable to type '"BLOCKED" | "WARNING" | "SAFE" | "SKIPPED"'.
src/engines/LatheQualityGateEngine.ts(712,13): error TS2353: Object literal may only specify known properties, and 'type' does not exist in type 'OperationInput'.
src/engines/LatheQualityGateEngine.ts(722,27): error TS2339: Property 'material' does not exist on type 'ValidationContext'.
src/engines/LatheQualityGateEngine.ts(723,32): error TS2339: Property 'material' does not exist on type 'ValidationContext'.
src/engines/LatheQualityGateEngine.ts(724,35): error TS2339: Property 'material' does not exist on type 'ValidationContext'.
src/engines/LatheQualityGateEngine.ts(730,43): error TS2339: Property 'max_power_kw' does not exist on type 'QualityGateMachine'.
src/engines/LatheQualityGateEngine.ts(1421,41): error TS2550: Property 'findLastIndex' does not exist on type 'QualityGateOperation[]'. Do you need to change your target library? Try changing the 'lib' compiler option to 'es2023' or later.
src/engines/LatheQualityGateEngine.ts(1421,55): error TS7006: Parameter 'op' implicitly has an 'any' type.
src/engines/LatheShopAwareOptimizationEngine.ts(527,61): error TS2339: Property 'raw_gcode' does not exist on type 'ParsedToolBlock'.
src/engines/LatheShopAwareOptimizationEngine.ts(641,63): error TS2345: Argument of type 'string | number' is not assignable to parameter of type 'string'.
  Type 'number' is not assignable to type 'string'.
src/engines/LatheShopAwareOptimizationEngine.ts(643,24): error TS2345: Argument of type 'string | number' is not assignable to parameter of type 'string'.
  Type 'number' is not assignable to type 'string'.
src/engines/LatheSpeedFeedReasoningBridgeEngine.ts(282,9): error TS2322: Type 'string' is not assignable to type '"roughing" | "finishing" | "semi_finishing" | "drilling" | "threading" | "grooving" | "parting" | "boring"'.
src/engines/LatheSpeedFeedReasoningBridgeEngine.ts(297,9): error TS2322: Type 'string' is not assignable to type '"balanced" | "aggressive" | "conservative" | "maximum_mrr" | undefined'.
src/engines/LatheSpeedFeedReasoningBridgeEngine.ts(302,9): error TS2322: Type 'string' is not assignable to type '"flood" | "mist" | "high_pressure" | "dry" | "cryogenic" | undefined'.
src/engines/LatheSpeedFeedReasoningBridgeEngine.ts(517,11): error TS2739: Type '{ vc_min: number; vc_max: number; feed_min: number; feed_max: number; }' is missing the following properties from type 'SpeedFeedBand': doc_min, doc_max
src/engines/LatheThermodynamicsEngine.ts(2062,9): error TS2322: Type 'number | boolean | undefined' is not assignable to type 'boolean'.
  Type 'undefined' is not assignable to type 'boolean'.
src/engines/LatheTransformerEngine.ts(2342,9): error TS2322: Type '"critical" | "warning" | "suggestion"' is not assignable to type '"critical" | "info" | "warning"'.
  Type '"suggestion"' is not assignable to type '"critical" | "info" | "warning"'.
src/engines/LatheTribalIntegrationEngine.ts(1006,7): error TS2322: Type '("constraint" | "positive" | "negative" | LatheMaterialIso | LatheOperationType | undefined)[]' is not assignable to type 'string[]'.
  Type 'string | undefined' is not assignable to type 'string'.
    Type 'undefined' is not assignable to type 'string'.
src/engines/LatheTribalIntegrationEngine.ts(1007,19): error TS2677: A type predicate's type must be assignable to its parameter's type.
  Type 'string' is not assignable to type '"constraint" | "positive" | "negative" | LatheMaterialIso | LatheOperationType | undefined'.
src/engines/LatheTurningFeatureRecognizerEngine.ts(267,7): error TS2322: Type 'boolean | undefined' is not assignable to type 'boolean'.
  Type 'undefined' is not assignable to type 'boolean'.
src/engines/LatheTurningFeatureRecognizerEngine.ts(320,7): error TS2322: Type 'boolean | undefined' is not assignable to type 'boolean'.
  Type 'undefined' is not assignable to type 'boolean'.
src/engines/LectureNoteExtractionEngine.ts(142,14): error TS2654: Non-abstract class 'LectureNoteExtractionEngine' is missing implementations for the following members of 'BaseEngine': 'getCapabilities', 'validate', 'executeImpl'.
src/engines/LectureNoteExtractionEngine.ts(150,5): error TS2554: Expected 1 arguments, but got 0.
src/engines/LegalGateEngine.ts(129,7): error TS2322: Type 'null' is not assignable to type 'string | undefined'.
src/engines/LegalGateEngine.ts(513,7): error TS2322: Type 'Record<string, CustomerConsent> | null' is not assignable to type 'Record<string, CustomerConsent>'.
  Type 'null' is not assignable to type 'Record<string, CustomerConsent>'.
src/engines/LegalGateEngine.ts(526,7): error TS2322: Type 'Record<string, StandardLicense> | null' is not assignable to type 'Record<string, StandardLicense>'.
  Type 'null' is not assignable to type 'Record<string, StandardLicense>'.
src/engines/LocalLearningEngine.ts(288,20): error TS18046: 'data' is of type 'unknown'.
src/engines/LoRACompositionEngine.ts(161,51): error TS2345: Argument of type '{ domain: "lathe" | "mill" | "sinker_edm" | "grinder" | "quality" | "post_processor" | "speed_feed" | "schedule" | "cad" | "cam" | "mill_turn" | "shop_floor" | "quote" | "laser" | ... 5 more ... | "erp"; material: string | undefined; machine: string | undefined; operation: string | undefined; top_k: number; }' is not assignable to parameter of type '{ domain: "lathe" | "mill" | "sinker_edm" | "grinder" | "quality" | "post_processor" | "speed_feed" | "schedule" | "cad" | "cam" | "mill_turn" | "shop_floor" | "quote" | "laser" | ... 5 more ... | "erp"; ... 5 more ...; quality_weights?: number[] | undefined; }'.
  Property 'temperature' is missing in type '{ domain: "lathe" | "mill" | "sinker_edm" | "grinder" | "quality" | "post_processor" | "speed_feed" | "schedule" | "cad" | "cam" | "mill_turn" | "shop_floor" | "quote" | "laser" | ... 5 more ... | "erp"; material: string | undefined; machine: string | undefined; operation: string | undefined; top_k: number; }' but required in type '{ domain: "lathe" | "mill" | "sinker_edm" | "grinder" | "quality" | "post_processor" | "speed_feed" | "schedule" | "cad" | "cam" | "mill_turn" | "shop_floor" | "quote" | "laser" | ... 5 more ... | "erp"; ... 5 more ...; quality_weights?: number[] | undefined; }'.
src/engines/MachineAwareSpeedFeedEngine.ts(417,47): error TS2339: Property 'executeById' does not exist on type 'HookExecutorEngine'.
src/engines/MacroFillOrchestratorEngine.ts(243,7): error TS2322: Type 'Record<string, { formula: string; result: number; }>' is not assignable to type 'Record<string, { formula: string; result: number; description: string; }>'.
  'string' index signatures are incompatible.
    Property 'description' is missing in type '{ formula: string; result: number; }' but required in type '{ formula: string; result: number; description: string; }'.
src/engines/MacroFillOrchestratorEngine.ts(405,7): error TS2739: Type 'PrintIDUndercut' is missing the following properties from type 'TopHatIDUndercut': length, depthBeyondFinish
src/engines/ManufacturerCatalogAIEngine.ts(1318,7): error TS2322: Type '"observation"' is not assignable to type '"synthesis" | "scoring" | "type_filter" | "constraint_check" | "jmdie_fit"'.
src/engines/ManufacturerCatalogAIEngine.ts(1494,7): error TS2322: Type '"observation"' is not assignable to type '"synthesis" | "scoring" | "type_filter" | "constraint_check" | "jmdie_fit"'.
src/engines/ManufacturerCatalogAIEngine.ts(1652,7): error TS2322: Type '"observation"' is not assignable to type '"synthesis" | "scoring" | "type_filter" | "constraint_check" | "jmdie_fit"'.
src/engines/MastercamAIOrchestrationEngine.ts(247,9): error TS2322: Type '"slot" | "steep_wall" | "flat_area" | "deep_cavity" | "freeform_surface" | "open_pocket" | "closed_pocket"' is not assignable to type 'MastercamFeatureType'.
  Type '"slot"' is not assignable to type 'MastercamFeatureType'.
src/engines/MastercamAIOrchestrationEngine.ts(249,9): error TS2322: Type '"mill_turn" | "3axis_mill" | "4axis_mill" | "5axis_mill" | "5axis_table_head"' is not assignable to type 'MastercamMachineType'.
  Type '"4axis_mill"' is not assignable to type 'MastercamMachineType'. Did you mean '"3axis_mill"'?
src/engines/MastercamCodeGeneratorEngine.ts(167,5): error TS2353: Object literal may only specify known properties, and 'notes' does not exist in type 'CADCapabilityMatrix'.
src/engines/MastercamCodeGeneratorEngine.ts(501,20): error TS2352: Conversion of type 'string | number | boolean | readonly string[] | readonly number[] | null | undefined' to type 'number[][]' may be a mistake because neither type sufficiently overlaps with the other. If this was intentional, convert the expression to 'unknown' first.
  The type 'readonly number[]' is 'readonly' and cannot be assigned to the mutable type 'number[][]'.
src/engines/MastercamEDMBridge.ts(102,12): error TS2678: Type '"micro_hole"' is not comparable to type '"open_contour" | "closed_contour_no_core" | "tapered_contour" | "uv_xy_pair" | "blind_cavity" | "through_pocket" | "rib_burn"'.
src/engines/MastercamProbingBridge.ts(277,29): error TS2339: Property 'boss' does not exist on type '{ single_point_z: string; bore: string; tool_length: string; tool_breakage: string; }'.
src/engines/MastercamProbingBridge.ts(281,29): error TS2339: Property 'web' does not exist on type '{ single_point_z: string; bore: string; tool_length: string; tool_breakage: string; }'.
src/engines/MastercamProbingBridge.ts(372,5): error TS2322: Type '{ feature_id: string; nominal: number; measured: number; deviation: number; in_tolerance: boolean; action_taken: "none" | "skip" | "alarm" | "update_wcs" | "update_tool" | "alarmed"; timestamp: string; }[]' is not assignable to type 'ProbeVerificationResult[]'.
  Type '{ feature_id: string; nominal: number; measured: number; deviation: number; in_tolerance: boolean; action_taken: "none" | "skip" | "alarm" | "update_wcs" | "update_tool" | "alarmed"; timestamp: string; }' is not assignable to type 'ProbeVerificationResult'.
    Types of property 'action_taken' are incompatible.
      Type '"none" | "skip" | "alarm" | "update_wcs" | "update_tool" | "alarmed"' is not assignable to type '"skipped" | "none" | "compensated" | "alarmed"'.
        Type '"skip"' is not assignable to type '"skipped" | "none" | "compensated" | "alarmed"'.
src/engines/MeasureSummaryEngine.ts(32,15): error TS2554: Expected 2-3 arguments, but got 1.
src/engines/MillingDeepAIHardeningEngine.ts(1412,11): error TS2741: Property 'steep_wall' is missing in type '{ closed_pocket: "2d_milling"; open_pocket: "2d_milling"; slot_through: "2d_milling"; slot_blind: "2d_milling"; hole_through: "drilling"; hole_blind: "drilling"; threaded_hole: "thread_milling"; ... 13 more ...; ruled_surface: "5axis_simultaneous"; }' but required in type 'Record<HyperMillFeatureType, HyperMillStrategyCategory>'.
src/engines/MillingPhysicsKernelEngine.ts(924,53): error TS2345: Argument of type '{ tool_diameter_mm: number; tool_overhang_mm: number; cutting_force_N: number; force_direction?: "radial" | "tangential" | "axial" | undefined; tool_material?: "carbide" | "hss" | "cermet" | "ceramic" | "cbn" | "pcd" | undefined; ... 4 more ...; tolerance_target_mm?: number | undefined; }' is not assignable to parameter of type 'ToolDeflectionInput'.
  Types of property 'force_direction' are incompatible.
    Type '"radial" | "tangential" | "axial" | undefined' is not assignable to type 'CutDirection | undefined'.
      Type '"tangential"' is not assignable to type 'CutDirection | undefined'.
src/engines/MillingPhysicsKernelEngine.ts(997,49): error TS2345: Argument of type '{ segments: { fz: number; stepover_mm: number; cusp_angle_deg?: number | undefined; surface_speed_mpm?: number | undefined; inclination_deg?: number | undefined; }[]; tool: { corner_radius_mm: number; ball_radius_mm?: number | undefined; edge_radius_um?: number | undefined; flute_count?: number | undefined; }; algor...' is not assignable to parameter of type 'SurfaceFinishInput'.
  Types of property 'segments' are incompatible.
    Type '{ fz: number; stepover_mm: number; cusp_angle_deg?: number | undefined; surface_speed_mpm?: number | undefined; inclination_deg?: number | undefined; }[]' is not assignable to type 'SegmentPoint[]'.
      Type '{ fz: number; stepover_mm: number; cusp_angle_deg?: number | undefined; surface_speed_mpm?: number | undefined; inclination_deg?: number | undefined; }' is missing the following properties from type 'SegmentPoint': x, y, z, ae_mm, and 3 more.
src/engines/MillingPhysicsKernelEngine.ts(1091,62): error TS2339: Property 'fosmTaylor' does not exist on type 'StochasticToolWearEngine'.
src/engines/MillingPhysicsKernelEngine.ts(1144,62): error TS2554: Expected 3 arguments, but got 1.
src/engines/MillingPhysicsKernelEngine.ts(1145,62): error TS2554: Expected 3 arguments, but got 1.
src/engines/MillingPhysicsKernelEngine.ts(1146,62): error TS2554: Expected 2 arguments, but got 1.
src/engines/MillingPhysicsKernelEngine.ts(1227,74): error TS2554: Expected 3 arguments, but got 5.
src/engines/MillingPhysicsKernelEngine.ts(1229,61): error TS2554: Expected 2 arguments, but got 4.
src/engines/MillingPhysicsKernelEngine.ts(1351,67): error TS2554: Expected 2 arguments, but got 6.
src/engines/MillingPhysicsKernelEngine.ts(1492,61): error TS2554: Expected 3-7 arguments, but got 1.
src/engines/MillingUltimateAIEngine.ts(1171,72): error TS18048: 'context.max_cycle_time_min' is possibly 'undefined'.
src/engines/MillingUltimateAIEngine.ts(1176,78): error TS18048: 'context.surface_finish_ra' is possibly 'undefined'.
src/engines/MillProgramLearningEngine.ts(266,37): error TS2345: Argument of type '{ category: "hsm"; material: string; title: string; body: string; confidence: number; source: string; } | { category: "hardened_material"; material: string; title: string; body: string; confidence: number; source: string; } | { ...; } | { ...; }' is not assignable to parameter of type 'TribalTip'.
  Type '{ category: "hsm"; material: string; title: string; body: string; confidence: number; source: string; }' is missing the following properties from type 'TribalTip': id, rule, rationale
src/engines/MillTribalIntegrationEngine.ts(436,13): error TS18048: 'signal.adjustment.rpm_factor' is possibly 'undefined'.
src/engines/MillTribalIntegrationEngine.ts(437,14): error TS18048: 'signal.adjustment.feed_factor' is possibly 'undefined'.
src/engines/MillTribalIntegrationEngine.ts(438,13): error TS18048: 'signal.adjustment.doc_factor' is possibly 'undefined'.
src/engines/MINBatchExtractorEngine.ts(453,52): error TS2345: Argument of type '{ source_path: string; text: string; }' is not assignable to parameter of type '{ source_path: string; text: string; max_lines: number; }'.
  Property 'max_lines' is missing in type '{ source_path: string; text: string; }' but required in type '{ source_path: string; text: string; max_lines: number; }'.
src/engines/MITCourseKnowledgeEngine.ts(445,38): error TS7006: Parameter 'e' implicitly has an 'any' type.
src/engines/MITCourseKnowledgeEngine.ts(521,37): error TS7006: Parameter 'e' implicitly has an 'any' type.
src/engines/MITCourseRegistryEngine.ts(129,14): error TS2654: Non-abstract class 'MITCourseRegistryEngine' is missing implementations for the following members of 'BaseEngine': 'getCapabilities', 'validate', 'executeImpl'.
src/engines/MITCourseRegistryEngine.ts(140,5): error TS2554: Expected 1 arguments, but got 0.
src/engines/MotionControllerInjectionEngine.ts(1126,23): error TS2345: Argument of type '{ line_number: number; code_inserted: string; explanation: string; tier_required: 3; }' is not assignable to parameter of type 'Injection'.
  Property 'type' is missing in type '{ line_number: number; code_inserted: string; explanation: string; tier_required: 3; }' but required in type 'Injection'.
src/engines/MultiERPConnectorEngine.ts(267,45): error TS18048: 'resolved' is possibly 'undefined'.
src/engines/MultiPathReasoningEngine.ts(110,18): error TS2430: Interface 'MultiPathProblem' incorrectly extends interface 'ManufacturingProblem'.
  Types of property 'strategy' are incompatible.
    Type 'GenerationStrategy | undefined' is not assignable to type 'ReasoningStrategy | undefined'.
      Type '"monte_carlo"' is not assignable to type 'ReasoningStrategy | undefined'.
src/engines/MultiPathReasoningEngine.ts(382,11): error TS2322: Type '{ problem: string; known_facts: string[]; maxPaths?: number; maxDepth?: number; beamWidth?: number; pruneThreshold?: number; strategy?: GenerationStrategy; scoreWeights?: Partial<ScoreWeights>; ... 13 more ...; confidence_threshold?: number; }' is not assignable to type 'ManufacturingProblem'.
  Types of property 'strategy' are incompatible.
    Type 'GenerationStrategy | undefined' is not assignable to type 'ReasoningStrategy | undefined'.
      Type '"monte_carlo"' is not assignable to type 'ReasoningStrategy | undefined'.
src/engines/MultiPathReasoningEngine.ts(579,11): error TS2322: Type '{ approaches: string[]; maxPaths: number; domain: ManufacturingDomain; material?: MaterialContext; machine_id?: string; operation?: string; budget?: number; ... 9 more ...; confidence_threshold?: number; }' is not assignable to type 'MultiPathProblem'.
  Types of property 'strategy' are incompatible.
    Type 'ReasoningStrategy | undefined' is not assignable to type 'GenerationStrategy | undefined'.
      Type '"analogical"' is not assignable to type 'GenerationStrategy | undefined'.
src/engines/MultiTurretSyncEngine.ts(353,11): error TS2322: Type '"parallel"' is not assignable to type '"balanced" | "sequential" | "staggered"'.
src/engines/NeuralCADGenerationEngine.ts(469,67): error TS2345: Argument of type 'TokenSeq' is not assignable to parameter of type 'TokenSequence'.
  Type 'number[]' is missing the following properties from type 'TokenSequence': tokens, opsEncoded, unknownOps, vocabVersion
src/engines/NeuralCADGenerationEngine.ts(470,23): error TS2339: Property 'ops' does not exist on type 'CADProgram'.
src/engines/NeuralCADGenerationEngine.ts(470,42): error TS2339: Property 'ops' does not exist on type 'CADProgram'.
src/engines/NeuralCADGenerationEngine.ts(471,47): error TS2339: Property 'ops' does not exist on type 'CADProgram'.
src/engines/NLHookEngine.ts(941,7): error TS2353: Object literal may only specify known properties, and 'condition' does not exist in type 'HookDefinition'.
src/engines/NXCAMAIOrchestrationEngine.ts(223,52): error TS2339: Property 'selectStrategy' does not exist on type 'NXCAMStrategyEngine'.
src/engines/NXCodeGeneratorEngine.ts(128,5): error TS2353: Object literal may only specify known properties, and 'supportsParametric' does not exist in type 'CADCapabilityMatrix'.
src/engines/OfflineRLOrchestratorEngine.ts(69,7): error TS2322: Type '"lathe" | "mill" | "grinder" | "general" | "wedm" | "sinker" | "welder"' is not assignable to type '"lathe" | "mill" | "sinker_edm" | "grinder" | "quality" | "post_processor" | "speed_feed" | "schedule" | "cad" | "cam" | "mill_turn" | "shop_floor" | "quote" | "laser" | "waterjet" | ... 5 more ... | undefined'.
  Type '"general"' is not assignable to type '"lathe" | "mill" | "sinker_edm" | "grinder" | "quality" | "post_processor" | "speed_feed" | "schedule" | "cad" | "cam" | "mill_turn" | "shop_floor" | "quote" | "laser" | "waterjet" | ... 5 more ... | undefined'.
src/engines/OutcomeFeedbackOverrideStoreEngine.ts(185,5): error TS2741: Property 'unsubscribe' is missing in type 'SubscriptionHandle' but required in type '{ unsubscribe: () => void; }'.
src/engines/PDFHandbookBatchProcessorEngine.ts(28,8): error TS2459: Module '"./PDFTableExtractionEngine.js"' declares 'ExtractedTable' locally, but it is not exported.
src/engines/PDFHandbookBatchProcessorEngine.ts(206,41): error TS2339: Property 'name' does not exist on type 'PDFSource'.
src/engines/PDFHandbookBatchProcessorEngine.ts(307,26): error TS2339: Property 'name' does not exist on type 'PDFSource'.
src/engines/PeerCommitAuditorEngine.ts(38,56): error TS7016: Could not find a declaration file for module '../../../.claude/helpers/git-log-tail.mjs'. 'H:/PRISM/.claude/helpers/git-log-tail.mjs' implicitly has an 'any' type.
src/engines/PostProcessorAISelfAwarenessIntegrationEngine.ts(869,69): error TS2345: Argument of type 'JMDieMachineProfile | undefined' is not assignable to parameter of type 'JMDieMachineProfile | null'.
  Type 'undefined' is not assignable to type 'JMDieMachineProfile | null'.
src/engines/PostProcessorAISelfAwarenessIntegrationEngine.ts(1074,7): error TS2353: Object literal may only specify known properties, and 'dependencies' does not exist in type 'ReasoningStep'.
src/engines/PostProcessorAISelfAwarenessIntegrationEngine.ts(1087,7): error TS2353: Object literal may only specify known properties, and 'dependencies' does not exist in type 'ReasoningStep'.
src/engines/PostProcessorAISelfAwarenessIntegrationEngine.ts(1101,7): error TS2353: Object literal may only specify known properties, and 'dependencies' does not exist in type 'ReasoningStep'.
src/engines/PostProcessorDeepAIHardeningEngine.ts(1132,74): error TS2322: Type '"fanuc_31i"' is not assignable to type 'ControllerFamily'.
src/engines/PostProcessorDeepAIHardeningEngine.ts(1132,118): error TS2322: Type '"siemens_840d"' is not assignable to type 'ControllerFamily'.
src/engines/PostProcessorKnowledgeEngine.ts(1743,5): error TS2322: Type 'boolean' is not assignable to type 'string | number'.
src/engines/PostProcessorKnowledgeEngine.ts(1754,5): error TS2322: Type 'boolean' is not assignable to type 'string | number'.
src/engines/PostProcessorMetaLearningEngine.ts(915,44): error TS2345: Argument of type 'OptimizedPost' is not assignable to parameter of type 'PostOutput'.
  Property 'confidence' is missing in type 'OptimizedPost' but required in type 'PostOutput'.
src/engines/PostProcessorPhysicsAwareGeneratorEngine.ts(571,21): error TS7053: Element implicitly has an 'any' type because expression of type '"flood" | "tsc" | "mist" | "cryogenic"' can't be used to index type '{ flood: string; mist: string; tsc: string; off: string; }'.
  Property 'cryogenic' does not exist on type '{ flood: string; mist: string; tsc: string; off: string; }'.
src/engines/PowerMillAIOrchestrationEngine.ts(233,56): error TS2339: Property 'selectStrategy' does not exist on type 'PowerMillStrategyEngine'.
src/engines/PPAGIReportGeneratorEngine.ts(388,31): error TS2339: Property 'scenario' does not exist on type 'JobAdvice'.
src/engines/PPAGIReportGeneratorEngine.ts(388,80): error TS2339: Property 'scenario' does not exist on type 'JobAdvice'.
src/engines/PPAGIReportGeneratorEngine.ts(388,126): error TS2339: Property 'scenario' does not exist on type 'JobAdvice'.
src/engines/PPEndToEndPostGeneratorEngine.ts(147,9): error TS2322: Type '"roughing" | "finishing" | "drilling" | "5axis" | "tapping"' is not assignable to type '"roughing" | "finishing" | "semi_finishing" | "drilling" | "5axis"'.
  Type '"tapping"' is not assignable to type '"roughing" | "finishing" | "semi_finishing" | "drilling" | "5axis"'.
src/engines/PPGDialectRankerEngine.ts(231,11): error TS2353: Object literal may only specify known properties, and 'controller_family' does not exist in type '{ controller: string; top_k_programs: number; top_k_tips: number; min_score: number; machine_type?: "lathe" | "mill" | "wire_edm" | "sinker_edm" | "grinder" | "unknown" | "5axis" | "mill_turn" | "swiss" | undefined; machine_id?: string | undefined; material?: string | undefined; operation?: string | undefined; custo...'.
src/engines/PPInlineCornerBreakValidatorEngine.ts(207,15): error TS7022: 'newX' implicitly has type 'any' because it does not have a type annotation and is referenced directly or indirectly in its own initializer.
src/engines/PPInlineCornerBreakValidatorEngine.ts(208,15): error TS7022: 'newY' implicitly has type 'any' because it does not have a type annotation and is referenced directly or indirectly in its own initializer.
src/engines/PPInlineCornerBreakValidatorEngine.ts(209,15): error TS7022: 'newZ' implicitly has type 'any' because it does not have a type annotation and is referenced directly or indirectly in its own initializer.
src/engines/PPSinkerEDMPostEngine.ts(332,36): error TS2561: Object literal may only specify known properties, but 'orbit_radius' does not exist in type 'SinkerOperation'. Did you mean to write 'orbit_radius_mm'?
src/engines/PPSinkerEDMPostEngine.ts(339,36): error TS2561: Object literal may only specify known properties, but 'orbit_radius' does not exist in type 'SinkerOperation'. Did you mean to write 'orbit_radius_mm'?
src/engines/PPSinkerEDMPostEngine.ts(345,36): error TS2561: Object literal may only specify known properties, but 'orbit_radius' does not exist in type 'SinkerOperation'. Did you mean to write 'orbit_radius_mm'?
src/engines/PPValidatorAGIWiringEngine.ts(438,40): error TS2339: Property 'kc1_1' does not exist on type 'Record<ISOGroup, { kc1_1: number; mc: number; }>'.
src/engines/ProcessIntelligenceRouterEngine.ts(40,66): error TS2307: Cannot find module './CrossProcessSpeedFeedBridge.js' or its corresponding type declarations.
src/engines/ProcessIntelligenceRouterEngine.ts(44,8): error TS2307: Cannot find module './CrossProcessPostBridge.js' or its corresponding type declarations.
src/engines/ProcessIntelligenceRouterEngine.ts(45,62): error TS2307: Cannot find module './CrossProcessFeatureBridge.js' or its corresponding type declarations.
src/engines/ProcessIntelligenceRouterEngine.ts(301,62): error TS2307: Cannot find module './CrossProcessFeatureBridge.js' or its corresponding type declarations.
src/engines/ProcessIntelligenceRouterEngine.ts(322,13): error TS2307: Cannot find module './CrossProcessSpeedFeedBridge.js' or its corresponding type declarations.
src/engines/ProcessIntelligenceRouterEngine.ts(343,59): error TS2307: Cannot find module './CrossProcessPostBridge.js' or its corresponding type declarations.
src/engines/ProgramEquivalentIndexEngine.ts(46,3): error TS2724: '"./ProgramPrintLinkIndexEngine.js"' has no exported member named 'ProgramToPrintLink'. Did you mean 'ProgramPrintLinkIndex'?
src/engines/ReasoningChainSharingEngine.ts(360,53): error TS18048: 'query.min_confidence' is possibly 'undefined'.
src/engines/ReasoningChainSharingEngine.ts(492,50): error TS2339: Property 'captureKnowledge' does not exist on type 'TribalKnowledgeEngine'.
src/engines/ReasoningChainSharingEngine.ts(655,32): error TS2345: Argument of type 'string' is not assignable to parameter of type 'EventHandler<unknown>'.
src/engines/ReinforcementLearningCAMFeedbackEngine.ts(302,40): error TS2554: Expected 5 arguments, but got 4.
src/engines/ReinforcementLearningCAMFeedbackEngine.ts(373,42): error TS2554: Expected 5 arguments, but got 4.
src/engines/RoadmapIntelligenceEngine.ts(381,11): error TS2322: Type '{ id: string; name: string; category: "milestone"; properties: { phase: string; complexity: "simple" | "moderate" | "complex" | "very_complex" | "trivial"; units: number; }; scores: { value: number; effort: number; risk: number; dependencies: number; urgency: number; }; normalized_scores: {}; }[]' is not assignable to type 'DecisionCandidate[]'.
  Type '{ id: string; name: string; category: "milestone"; properties: { phase: string; complexity: "simple" | "moderate" | "complex" | "very_complex" | "trivial"; units: number; }; scores: { value: number; effort: number; risk: number; dependencies: number; urgency: number; }; normalized_scores: {}; }' is not assignable to type 'DecisionCandidate'.
    Types of property 'category' are incompatible.
      Type '"milestone"' is not assignable to type 'DecisionCategory'.
src/engines/RollbackPlannerEngine.ts(234,25): error TS2339: Property 'description' does not exist on type 'AtomicStep'.
src/engines/RunbookEngine.ts(211,62): error TS2345: Argument of type 'string | undefined' is not assignable to parameter of type 'string'.
  Type 'undefined' is not assignable to type 'string'.
src/engines/SafetyExplanationEngine.ts(380,26): error TS2352: Conversion of type 'VetoParams' to type 'Record<string, unknown>' may be a mistake because neither type sufficiently overlaps with the other. If this was intentional, convert the expression to 'unknown' first.
  Index signature for type 'string' is missing in type 'VetoParams'.
src/engines/SafetyExplanationEngine.ts(562,26): error TS2352: Conversion of type 'VetoParams' to type 'Record<string, unknown>' may be a mistake because neither type sufficiently overlaps with the other. If this was intentional, convert the expression to 'unknown' first.
  Index signature for type 'string' is missing in type 'VetoParams'.
src/engines/SessionStabilityEngine.ts(276,11): error TS7034: Variable 'diffs' implicitly has type 'any[]' in some locations where its type cannot be determined.
src/engines/SessionStabilityEngine.ts(282,61): error TS7005: Variable 'diffs' implicitly has an 'any[]' type.
src/engines/ShopMachineOverlayEngine.ts(396,9): error TS2322: Type '{ canonical_id: string; manufacturer: string; model: string; type: any; controller: { family: string; model: string | undefined; }; spindle: { max_rpm: number; power: number; torque: number; } | {}; ... 10 more ...; updated_at: string; } | null' is not assignable to type 'CanonicalMachinePackage | null'.
  Object literal may only specify known properties, and 'type' does not exist in type 'CanonicalMachinePackage'.
src/engines/ShopMachineOverlayEngine.ts(515,22): error TS2339: Property 'spindle_taper' does not exist on type 'ShopMachine'.
src/engines/ShopMachineOverlayEngine.ts(530,41): error TS2339: Property 'y_mm' does not exist on type '{ x_mm: number; z_mm: number; }'.
src/engines/ShopMachineOverlayEngine.ts(530,70): error TS2339: Property 'y_mm' does not exist on type '{ x_mm: number; z_mm: number; }'.
src/engines/SkillExecutor.ts(851,30): error TS2339: Property 'metadata' does not exist on type 'SkillLoadResult'.
src/engines/SolidCAMAIOrchestrationEngine.ts(260,55): error TS2339: Property 'selectStrategy' does not exist on type 'SolidCAMStrategyEngine'.
src/engines/SolidCAMAIOrchestrationEngine.ts(296,64): error TS2339: Property 'calculateOptimalLevel' does not exist on type '{ compute: (feature: EngagementMillingFeature, material: EngagementMillingMaterial, tool: EngagementMillingTool, machine: EngagementMillingMachine, level?: number | undefined) => EngagementMillingResult; ... 5 more ...; variableStepover: (curvature_profile: { ...; }[], tool_diameter: number, base_ae: number) => { .....'.
src/engines/SolidWorksAutomationBridge.ts(160,7): error TS2322: Type 'number' is not assignable to type 'undefined'.
src/engines/SolidWorksAutomationBridge.ts(174,7): error TS2322: Type 'number' is not assignable to type 'undefined'.
src/engines/SolidWorksAutomationBridge.ts(189,7): error TS2322: Type 'number' is not assignable to type 'undefined'.
src/engines/SolidWorksAutomationBridge.ts(204,7): error TS2322: Type 'number' is not assignable to type 'undefined'.
src/engines/SolidWorksAutomationBridge.ts(218,7): error TS2322: Type 'number' is not assignable to type 'undefined'.
src/engines/SolidWorksAutomationBridge.ts(235,7): error TS2322: Type 'number' is not assignable to type 'undefined'.
src/engines/SolidWorksCodeGeneratorEngine.ts(223,12): error TS2741: Property 'cadSystem' is missing in type '{ supportedOps: Set<"export_step" | "sketch_create" | "sketch_close" | "sketch_line" | "sketch_arc" | "sketch_circle" | "sketch_rectangle" | "sketch_polygon" | "sketch_spline" | ... 90 more ... | "custom">; ... 4 more ...; limits: { ...; }; }' but required in type 'CADCapabilityMatrix'.
src/engines/SolidWorksCodeGeneratorEngine.ts(539,28): error TS2881: This expression is never nullish.
src/engines/SolidWorksCodeGeneratorEngine.ts(1127,19): error TS2416: Property 'runScriptBody' in type 'SolidWorksCodeGeneratorEngine' is not assignable to the same property in base type 'UnifiedCADCodeGeneratorBase<SolidWorksGenerationContext>'.
  Type '(script: string, context?: SolidWorksGenerationContext | undefined) => Promise<CADExecutionResult>' is not assignable to type '(script: CADScript<string>) => Promise<CADExecutionResult>'.
    Types of parameters 'script' and 'script' are incompatible.
      Type 'CADScript<string>' is not assignable to type 'string'.
src/engines/SolidWorksCodeGeneratorEngine.ts(1133,9): error TS2353: Object literal may only specify known properties, and 'success' does not exist in type 'CADExecutionResult'.
src/engines/SolidWorksCodeGeneratorEngine.ts(1142,55): error TS2339: Property 'executeVBA' does not exist on type 'SolidWorksAutomationBridge'.
src/engines/SolidWorksCodeGeneratorEngine.ts(1144,9): error TS2353: Object literal may only specify known properties, and 'success' does not exist in type 'CADExecutionResult'.
src/engines/SolidWorksCodeGeneratorEngine.ts(1153,9): error TS2353: Object literal may only specify known properties, and 'success' does not exist in type 'CADExecutionResult'.
src/engines/SpecificCuttingEnergyEngine.ts(151,19): error TS18048: 'Fc' is possibly 'undefined'.
src/engines/SpecificCuttingEnergyEngine.ts(151,24): error TS18048: 'Vc' is possibly 'undefined'.
src/engines/SpecificCuttingEnergyEngine.ts(152,23): error TS18048: 'mrrInput' is possibly 'undefined'.
src/engines/SpeedFeedAdvancedAIEngine.ts(330,19): error TS7053: Element implicitly has an 'any' type because expression of type 'string' can't be used to index type 'Record<ISOGroup, { kc1_1: number; mc: number; }>'.
  No index signature with a parameter of type 'string' was found on type 'Record<ISOGroup, { kc1_1: number; mc: number; }>'.
src/engines/SpeedFeedAdvancedAIEngine.ts(331,18): error TS7053: Element implicitly has an 'any' type because expression of type 'string' can't be used to index type 'Record<ISOGroup, { C: number; n: number; }>'.
  No index signature with a parameter of type 'string' was found on type 'Record<ISOGroup, { C: number; n: number; }>'.
src/engines/SpeedFeedUltimateAIEngine.ts(1168,18): error TS7053: Element implicitly has an 'any' type because expression of type 'string' can't be used to index type 'Record<ISOGroup, { C: number; n: number; }>'.
  No index signature with a parameter of type 'string' was found on type 'Record<ISOGroup, { C: number; n: number; }>'.
src/engines/SprutCAMBridgeEngine.ts(1106,9): error TS2783: 'number' is specified more than once, so this usage will be overwritten.
src/engines/SprutCAMBridgeEngine.ts(1107,9): error TS2783: 'type' is specified more than once, so this usage will be overwritten.
src/engines/SprutCAMBridgeEngine.ts(1108,9): error TS2783: 'diameterMm' is specified more than once, so this usage will be overwritten.
src/engines/StockSizeOptimizerEngine.ts(80,9): error TS18048: 'mat' is possibly 'undefined'.
src/engines/StockSizeOptimizerEngine.ts(80,50): error TS18048: 'mat' is possibly 'undefined'.
src/engines/SyncCodeVerificationEngine.ts(128,21): error TS18047: 'signalMatch' is possibly 'null'.
src/engines/SyncCodeVerificationEngine.ts(129,23): error TS18047: 'signalMatch' is possibly 'null'.
src/engines/TextToCADGenerationEngine.ts(473,7): error TS2352: Conversion of type 'Record<string, unknown>' to type 'TextToCADInput' may be a mistake because neither type sufficiently overlaps with the other. If this was intentional, convert the expression to 'unknown' first.
  Property 'text' is missing in type 'Record<string, unknown>' but required in type 'TextToCADInput'.
src/engines/ToleranceAwareGenerationEngine.ts(195,7): error TS2720: Class 'ToleranceAwareGenerationEngine' incorrectly implements class 'BaseEngine'. Did you mean to extend 'BaseEngine' and inherit its members as a subclass?
  Type 'ToleranceAwareGenerationEngine' is missing the following properties from type 'BaseEngine': getInfo, executeImpl, execute, healthCheck
src/engines/ToleranceAwareGenerationEngine.ts(449,48): error TS2362: The left-hand side of an arithmetic operation must be of type 'any', 'number', 'bigint' or an enum type.
src/engines/ToolCatalogAdaptiveEngine.ts(452,39): error TS2538: Type '{}' cannot be used as an index type.
src/engines/ToolCatalogAdaptiveEngine.ts(457,38): error TS2365: Operator '<=' cannot be applied to types '{}' and 'number'.
src/engines/ToolCatalogAdaptiveEngine.ts(458,38): error TS2365: Operator '>=' cannot be applied to types '{}' and 'number'.
src/engines/ToolCatalogAdaptiveEngine.ts(463,11): error TS2365: Operator '>=' cannot be applied to types '{}' and 'number'.
src/engines/ToolCatalogAdaptiveEngine.ts(463,41): error TS2365: Operator '<=' cannot be applied to types '{}' and 'number'.
src/engines/TribalCorpusOrchestratorEngine.ts(137,62): error TS2352: Conversion of type 'Record<string, unknown>' to type 'SinkerCorpusInput' may be a mistake because neither type sufficiently overlaps with the other. If this was intentional, convert the expression to 'unknown' first.
  Type 'Record<string, unknown>' is missing the following properties from type 'SinkerCorpusInput': operation, electrode_material, workpiece_material, dielectric, operator_skill_level
src/engines/TribalCorpusOrchestratorEngine.ts(143,65): error TS2352: Conversion of type 'Record<string, unknown>' to type 'LaserCorpusInput' may be a mistake because neither type sufficiently overlaps with the other. If this was intentional, convert the expression to 'unknown' first.
  Type 'Record<string, unknown>' is missing the following properties from type 'LaserCorpusInput': operation, laser_source, material, assist_gas, and 2 more.
src/engines/TribalCorpusOrchestratorEngine.ts(149,68): error TS2352: Conversion of type 'Record<string, unknown>' to type 'WaterjetCorpusInput' may be a mistake because neither type sufficiently overlaps with the other. If this was intentional, convert the expression to 'unknown' first.
  Type 'Record<string, unknown>' is missing the following properties from type 'WaterjetCorpusInput': operation, material, abrasive, pressure_class, and 2 more.
src/engines/TribalCorpusOrchestratorEngine.ts(155,61): error TS2352: Conversion of type 'Record<string, unknown>' to type 'GrindCorpusInput' may be a mistake because neither type sufficiently overlaps with the other. If this was intentional, convert the expression to 'unknown' first.
  Type 'Record<string, unknown>' is missing the following properties from type 'GrindCorpusInput': operation, wheel, workpiece, coolant, operator_skill_level
src/engines/TribalCorpusOrchestratorEngine.ts(161,60): error TS2352: Conversion of type 'Record<string, unknown>' to type 'WeldCorpusInput' may be a mistake because neither type sufficiently overlaps with the other. If this was intentional, convert the expression to 'unknown' first.
  Type 'Record<string, unknown>' is missing the following properties from type 'WeldCorpusInput': process, base_metal, shield_gas, base_thickness_mm, operator_skill_level
src/engines/TribalCorpusOrchestratorEngine.ts(167,74): error TS2352: Conversion of type 'Record<string, unknown>' to type 'AMCorpusInput' may be a mistake because neither type sufficiently overlaps with the other. If this was intentional, convert the expression to 'unknown' first.
  Type 'Record<string, unknown>' is missing the following properties from type 'AMCorpusInput': process, material, layer_height, build_height_mm, operator_skill_level
src/engines/TribalCorpusOrchestratorEngine.ts(174,59): error TS2352: Conversion of type 'Record<string, unknown>' to type 'OperatorCoachingInput' may be a mistake because neither type sufficiently overlaps with the other. If this was intentional, convert the expression to 'unknown' first.
  Type 'Record<string, unknown>' is missing the following properties from type 'OperatorCoachingInput': machine_type, operation, material, operator_skill_level
src/engines/TribalKnowledgeActivationEngine.ts(546,21): error TS2367: This comparison appears to be unintentional because the types '"domain" | "partial"' and '"exact"' have no overlap.
src/engines/TribalKnowledgeAdvisorEngine.ts(426,21): error TS2339: Property 'tips' does not exist on type 'KnowledgeTip[]'.
src/engines/TrilobeElectrodeGeometryEngine.ts(525,19): error TS2339: Property 'sinker_spark_gap' does not exist on type '{ readonly spark_erosion: { readonly C_d: 2.1; readonly current_exp_d: 0.43; readonly ton_exp_d: 0.44; readonly C_p: 0.54; readonly current_exp_p: 0.38; readonly ton_exp_p: 0.38; readonly C_mrr: 0.0085; ... 5 more ...; readonly source: "DiBitonto et al. ASME J. Eng. Ind. 111(2) 1989; Sato et al. JSME Int. J. 33(4) 1...'.
src/engines/TrilobeElectrodeGeometryEngine.ts(527,21): error TS2339: Property 'sinker_spark_gap' does not exist on type '{ readonly spark_erosion: { readonly C_d: 2.1; readonly current_exp_d: 0.43; readonly ton_exp_d: 0.44; readonly C_p: 0.54; readonly current_exp_p: 0.38; readonly ton_exp_p: 0.38; readonly C_mrr: 0.0085; ... 5 more ...; readonly source: "DiBitonto et al. ASME J. Eng. Ind. 111(2) 1989; Sato et al. JSME Int. J. 33(4) 1...'.
src/engines/TrilobeElectrodeGeometryEngine.ts(528,21): error TS2339: Property 'sinker_spark_gap' does not exist on type '{ readonly spark_erosion: { readonly C_d: 2.1; readonly current_exp_d: 0.43; readonly ton_exp_d: 0.44; readonly C_p: 0.54; readonly current_exp_p: 0.38; readonly ton_exp_p: 0.38; readonly C_mrr: 0.0085; ... 5 more ...; readonly source: "DiBitonto et al. ASME J. Eng. Ind. 111(2) 1989; Sato et al. JSME Int. J. 33(4) 1...'.
src/engines/TurningInsertLifeEngine.ts(248,69): error TS2554: Expected 3 arguments, but got 4.
src/engines/TurningInsertLifeEngine.ts(437,75): error TS2554: Expected 3 arguments, but got 4.
src/engines/TurningInsertLifeEngine.ts(451,65): error TS2554: Expected 3 arguments, but got 4.
src/engines/TurningInsertLifeEngine.ts(465,72): error TS2554: Expected 3 arguments, but got 4.
src/engines/TurningStochasticPlanEngine.ts(92,45): error TS2339: Property 'insertChangeSchedule' does not exist on type 'TurningInsertLifeEngine'.
src/engines/TurningStochasticPlanEngine.ts(97,48): error TS2339: Property 'wearAccumulation' does not exist on type 'TurningInsertLifeEngine'.
src/engines/TurretLayoutEngine.ts(943,40): error TS2352: Conversion of type 'Record<string, unknown>' to type 'TurretOptimizationInput' may be a mistake because neither type sufficiently overlaps with the other. If this was intentional, convert the expression to 'unknown' first.
  Type 'Record<string, unknown>' is missing the following properties from type 'TurretOptimizationInput': operations, availableTools, config, priorities
src/engines/UnifiedProgramParserEngine.ts(1206,9): error TS2322: Type '{ type: { value: OperationType; source: "filename"; confidence: number; }; sequence: number; tool: null; speed_rpm: null; feed_ipm: null; doc_in: null; woc_in: null; coolant: { value: "unknown"; source: "inferred"; confidence: number; }; estimated_time_sec: null; g_code: string | ... 1 more ... | undefined; line_num...' is not assignable to type 'ParsedOperation[]'.
  Object literal may only specify known properties, and 'tool' does not exist in type 'ParsedOperation'.
src/engines/UnifiedProgramParserEngine.ts(1226,20): error TS2367: This comparison appears to be unintentional because the types 'OperationType | null' and '"probe"' have no overlap.
src/engines/UnifiedProgramParserEngine.ts(1240,39): error TS2322: Type '"probe"' is not assignable to type 'OperationType | null'.
src/engines/VendorTurningCatalogExtractorEngine.ts(395,13): error TS2367: This comparison appears to be unintentional because the types '"medium" | "roughing" | "finishing"' and '"universal"' have no overlap.
src/engines/WaterjetProgramAssemblerEngine.ts(1122,27): error TS2339: Property 'part_name' does not exist on type 'PureWJProfile'.
src/engines/WaterjetProgramAssemblerEngine.ts(1122,46): error TS2339: Property 'part_number' does not exist on type 'PureWJProfile'.
src/engines/WaterjetProgramAssemblerEngine.ts(1449,27): error TS2339: Property 'part_name' does not exist on type 'ControlledDepthProfile'.
src/engines/WaterjetProgramAssemblerEngine.ts(1449,46): error TS2339: Property 'part_number' does not exist on type 'ControlledDepthProfile'.
src/engines/WEDMArchiveBackfillEngine.ts(115,25): error TS2345: Argument of type 'string | undefined' is not assignable to parameter of type 'PathLike'.
  Type 'undefined' is not assignable to type 'PathLike'.
src/engines/WEDMArchiveBackfillEngine.ts(116,37): error TS2769: No overload matches this call.
  Overload 1 of 3, '(path: PathOrFileDescriptor, options?: { encoding?: null | undefined; flag?: string | undefined; } | null | undefined): NonSharedBuffer', gave the following error.
    Argument of type 'string | undefined' is not assignable to parameter of type 'PathOrFileDescriptor'.
      Type 'undefined' is not assignable to type 'PathOrFileDescriptor'.
  Overload 2 of 3, '(path: PathOrFileDescriptor, options: { encoding: BufferEncoding; flag?: string | undefined; } | BufferEncoding): string', gave the following error.
    Argument of type 'string | undefined' is not assignable to parameter of type 'PathOrFileDescriptor'.
      Type 'undefined' is not assignable to type 'PathOrFileDescriptor'.
  Overload 3 of 3, '(path: PathOrFileDescriptor, options?: BufferEncoding | (ObjectEncodingOptions & { flag?: string | undefined; }) | null | undefined): string | NonSharedBuffer', gave the following error.
    Argument of type 'string | undefined' is not assignable to parameter of type 'PathOrFileDescriptor'.
      Type 'undefined' is not assignable to type 'PathOrFileDescriptor'.
src/engines/WEDMArchiveBackfillEngine.ts(263,13): error TS2322: Type '{ filePath: string; customer: string; fileName: string; }' is not assignable to type 'string'.
src/engines/WEDMArchiveBackfillEngine.ts(268,13): error TS2322: Type '{ qualityScore: number | undefined; passCount: number | undefined; feedRates: number[] | undefined; }' is not assignable to type 'string'.
src/engines/WEDMCalculatorAIEngine.ts(550,7): error TS2322: Type '"wedm_calculator"' is not assignable to type 'AIReasoningDomain'.
src/engines/WEDMFeedbackIngestionEngine.ts(168,15): error TS2353: Object literal may only specify known properties, and 'predicted' does not exist in type 'PostOptions'.
src/engines/WEDMFeedbackIngestionEngine.ts(169,63): error TS2363: The right-hand side of an arithmetic operation must be of type 'any', 'number', 'bigint' or an enum type.
src/engines/WEDMFeedbackIngestionEngine.ts(169,79): error TS2363: The right-hand side of an arithmetic operation must be of type 'any', 'number', 'bigint' or an enum type.
src/engines/WEDMGapVoltageControlEngine.ts(324,9): error TS2322: Type 'number' is not assignable to type '80'.
src/engines/WEDMGapVoltageControlEngine.ts(326,9): error TS2322: Type 'number' is not assignable to type '10'.
src/engines/WEDMJobCreatorEngine.ts(135,28): error TS2339: Property 'type' does not exist on type 'PassDetail'.
src/engines/WEDMJobCreatorEngine.ts(145,77): error TS2339: Property 'e_pack_code' does not exist on type 'PassDetail'.
src/engines/WEDMJobCreatorEngine.ts(145,108): error TS2551: Property 'predicted_ra_um' does not exist on type 'PassDetail'. Did you mean 'expected_ra_um'?
src/engines/WEDMJobCreatorEngine.ts(207,26): error TS18048: 'program.estimated_time_min' is possibly 'undefined'.
src/engines/WEDMJobCreatorEngine.ts(207,86): error TS2339: Property 'wire_consumption_m' does not exist on type 'WEDMGenerateResult'.
src/engines/WEDMJobCreatorEngine.ts(207,125): error TS18048: 'program.predicted_ra_um' is possibly 'undefined'.
src/engines/WEDMJobCreatorEngine.ts(231,9): error TS2322: Type 'string | undefined' is not assignable to type 'string'.
  Type 'undefined' is not assignable to type 'string'.
src/engines/WEDMJobCreatorEngine.ts(232,9): error TS2322: Type 'number | undefined' is not assignable to type 'number'.
  Type 'undefined' is not assignable to type 'number'.
src/engines/WEDMJobCreatorEngine.ts(233,9): error TS2322: Type 'number | undefined' is not assignable to type 'number'.
  Type 'undefined' is not assignable to type 'number'.
src/engines/WEDMJobCreatorEngine.ts(234,9): error TS2322: Type 'number | undefined' is not assignable to type 'number'.
  Type 'undefined' is not assignable to type 'number'.
src/engines/WEDMJobCreatorEngine.ts(235,9): error TS2322: Type 'number | undefined' is not assignable to type 'number'.
  Type 'undefined' is not assignable to type 'number'.
src/engines/WEDMJobCreatorEngine.ts(236,9): error TS2322: Type 'number | undefined' is not assignable to type 'number'.
  Type 'undefined' is not assignable to type 'number'.
src/engines/WEDMJobCreatorEngine.ts(237,37): error TS2339: Property 'wire_consumption_m' does not exist on type 'WEDMGenerateResult'.
src/engines/WEDMMultiAgentDispatchEngine.ts(108,7): error TS2322: Type 'string[] | null' is not assignable to type 'string | null'.
  Type 'string[]' is not assignable to type 'string'.
src/engines/WEDMNeuralTrainingEngine.ts(570,29): error TS2367: This comparison appears to be unintentional because the types '0.2' and '0' have no overlap.
src/engines/WEDMNeuralTrainingEngine.ts(1934,15): error TS2339: Property 'body' does not exist on type '{ readonly id: "wedm-kb-005"; readonly title: "Coated wire reduces breaks in carbide and PCD"; readonly body: "When cutting tungsten carbide (WC) or PCD (polycrystalline diamond), use zinc-coated brass wire instead of plain brass. The zinc coating acts as a sacrificial layer, vaporizing during discharge and improvin...'.
  Property 'body' does not exist on type '{ readonly id: "wedm-web-003"; readonly title: "Wire diameter range 0.05-0.25mm — brass most common, zinc-coated for corrosion resistance"; readonly description: "Wire electrode diameters range from 0.05 to 0.25mm. Brass wire provides good electrical conductivity and durability. Zinc-coated wires add corrosion resis...'.
src/engines/WEDMNeuralTrainingEngine.ts(1934,42): error TS2339: Property 'body' does not exist on type '{ readonly id: "wedm-kb-005"; readonly title: "Coated wire reduces breaks in carbide and PCD"; readonly body: "When cutting tungsten carbide (WC) or PCD (polycrystalline diamond), use zinc-coated brass wire instead of plain brass. The zinc coating acts as a sacrificial layer, vaporizing during discharge and improvin...'.
  Property 'body' does not exist on type '{ readonly id: "wedm-web-003"; readonly title: "Wire diameter range 0.05-0.25mm — brass most common, zinc-coated for corrosion resistance"; readonly description: "Wire electrode diameters range from 0.05 to 0.25mm. Brass wire provides good electrical conductivity and durability. Zinc-coated wires add corrosion resis...'.
src/engines/WEDMNeuralTrainingEngine.ts(1945,30): error TS2339: Property 'body' does not exist on type '{ readonly id: "wedm-kb-005"; readonly title: "Coated wire reduces breaks in carbide and PCD"; readonly body: "When cutting tungsten carbide (WC) or PCD (polycrystalline diamond), use zinc-coated brass wire instead of plain brass. The zinc coating acts as a sacrificial layer, vaporizing during discharge and improvin...'.
  Property 'body' does not exist on type '{ readonly id: "wedm-web-003"; readonly title: "Wire diameter range 0.05-0.25mm — brass most common, zinc-coated for corrosion resistance"; readonly description: "Wire electrode diameters range from 0.05 to 0.25mm. Brass wire provides good electrical conductivity and durability. Zinc-coated wires add corrosion resis...'.
src/engines/WEDMNeuralTrainingEngine.ts(2351,7): error TS2322: Type '"wedm_neural_optimization"' is not assignable to type 'AIReasoningDomain'.
src/engines/WEDMPrintToProgramEngine.ts(1000,29): error TS18048: 'result.confidence_score' is possibly 'undefined'.
src/engines/WEDMProductionReadinessEngine.ts(424,7): error TS2322: Type '"wedm_calibration"' is not assignable to type 'AIReasoningDomain'.
src/engines/WEDMProductionReadinessEngine.ts(475,7): error TS2322: Type '"wedm_calibration"' is not assignable to type 'AIReasoningDomain'.
src/engines/WEDMProductionReadinessEngine.ts(507,7): error TS2322: Type '"wedm_calibration"' is not assignable to type 'AIReasoningDomain'.
src/engines/WedmProgramIndexEngine.ts(276,7): error TS2322: Type 'Dirent<string>[]' is not assignable to type 'Dirent<NonSharedBuffer>[]'.
  Type 'Dirent<string>' is not assignable to type 'Dirent<NonSharedBuffer>'.
    Type 'string' is not assignable to type 'NonSharedBuffer'.
src/engines/WedmProgramIndexEngine.ts(285,44): error TS2345: Argument of type 'NonSharedBuffer' is not assignable to parameter of type 'string'.
src/engines/WedmProgramIndexEngine.ts(291,11): error TS2345: Argument of type 'NonSharedBuffer' is not assignable to parameter of type 'string'.
src/engines/WedmProgramIndexEngine.ts(301,11): error TS2345: Argument of type 'NonSharedBuffer' is not assignable to parameter of type 'string'.
src/engines/WedmProgramIndexEngine.ts(333,7): error TS2322: Type 'Dirent<string>[]' is not assignable to type 'Dirent<NonSharedBuffer>[]'.
  Type 'Dirent<string>' is not assignable to type 'Dirent<NonSharedBuffer>'.
    Type 'string' is not assignable to type 'NonSharedBuffer'.
src/engines/WedmProgramIndexEngine.ts(339,43): error TS2345: Argument of type 'NonSharedBuffer' is not assignable to parameter of type 'string'.
src/engines/WedmProgramIndexEngine.ts(353,11): error TS2345: Argument of type 'NonSharedBuffer' is not assignable to parameter of type 'string'.
src/engines/WEDMProgramOptimizerEngine.ts(551,81): error TS2345: Argument of type 'number' is not assignable to parameter of type 'never'.
src/engines/WEDMProgramSafetyGateEngine.ts(292,7): error TS2353: Object literal may only specify known properties, and 'threshold' does not exist in type 'SafetyGateResult'.
src/engines/WEDMProgramSafetyGateEngine.ts(376,29): error TS2339: Property 'toUpperCase' does not exist on type 'never'.
src/engines/WEDMSafetyEnvelopeEngine.ts(62,3): error TS2740: Type '{ wire_tension_gf: { min: number; max: number; soft_band: number; }; gap_V: { min: number; max: number; soft_band: number; }; resistivity_Mohm_cm: { min: number; max: number; soft_band: number; }; tank_level_pct: { ...; }; wire_breaks_in_window: { ...; }; }' is missing the following properties from type 'Record<keyof EnvelopeReading, EnvelopeLimit>': X_mm, Y_mm, Z_upper_mm, Z_lower_mm, and 2 more.
src/engines/WEDMSetupSheetEngine.ts(221,37): error TS18048: 'passes' is possibly 'undefined'.
src/engines/WEDMSetupSheetEngine.ts(234,22): error TS18048: 'cycleTime' is possibly 'undefined'.
src/engines/WEDMSetupSheetEngine.ts(234,32): error TS2339: Property 'cutting_time_min' does not exist on type 'CycleTimeBreakdown'.
src/engines/WEDMSetupSheetEngine.ts(235,25): error TS18048: 'cycleTime' is possibly 'undefined'.
src/engines/WEDMSetupSheetEngine.ts(236,19): error TS18048: 'cycleTime' is possibly 'undefined'.
src/engines/WEDMSetupSheetEngine.ts(236,29): error TS2339: Property 'per_pass' does not exist on type 'CycleTimeBreakdown'.
src/engines/WEDMSetupSheetEngine.ts(243,19): error TS18048: 'sheet' is possibly 'undefined'.
src/engines/WEDMSetupSheetEngine.ts(244,24): error TS2339: Property 'wire_consumption_m' does not exist on type 'WEDMGenerateResult'.
src/engines/WEDMSetupSheetEngine.ts(251,7): error TS18048: 'sheet' is possibly 'undefined'.
src/engines/WEDMSetupSheetEngine.ts(251,7): error TS18048: 'sheet.thickness_mm' is possibly 'undefined'.
src/engines/WEDMSetupSheetEngine.ts(252,40): error TS18048: 'sheet' is possibly 'undefined'.
src/engines/WEDMSetupSheetEngine.ts(252,121): error TS18048: 'sheet' is possibly 'undefined'.
src/engines/WEDMSetupSheetEngine.ts(254,7): error TS18048: 'sheet' is possibly 'undefined'.
src/engines/WEDMSetupSheetEngine.ts(257,7): error TS18048: 'sheet' is possibly 'undefined'.
src/engines/WEDMSetupSheetEngine.ts(257,7): error TS18048: 'sheet.material' is possibly 'undefined'.
src/engines/WEDMSetupSheetEngine.ts(265,33): error TS18048: 'sheet' is possibly 'undefined'.
src/engines/WEDMSetupSheetEngine.ts(265,33): error TS2345: Argument of type 'number | undefined' is not assignable to parameter of type 'number'.
  Type 'undefined' is not assignable to type 'number'.
src/engines/WEDMSetupSheetEngine.ts(265,53): error TS18048: 'sheet' is possibly 'undefined'.
src/engines/WEDMSetupSheetEngine.ts(265,79): error TS18048: 'sheet' is possibly 'undefined'.
src/engines/WEDMSetupSheetEngine.ts(265,85): error TS2339: Property 'num_passes' does not exist on type 'SetupSheet'.
src/engines/WEDMSetupSheetEngine.ts(271,7): error TS2322: Type 'string | undefined' is not assignable to type 'string'.
  Type 'undefined' is not assignable to type 'string'.
src/engines/WEDMSetupSheetEngine.ts(271,18): error TS18048: 'sheet' is possibly 'undefined'.
src/engines/WEDMSetupSheetEngine.ts(272,7): error TS2322: Type 'string | undefined' is not assignable to type 'string'.
  Type 'undefined' is not assignable to type 'string'.
src/engines/WEDMSetupSheetEngine.ts(272,20): error TS18048: 'sheet' is possibly 'undefined'.
src/engines/WEDMSetupSheetEngine.ts(273,7): error TS2322: Type 'string | undefined' is not assignable to type 'string'.
  Type 'undefined' is not assignable to type 'string'.
src/engines/WEDMSetupSheetEngine.ts(273,17): error TS18048: 'sheet' is possibly 'undefined'.
src/engines/WEDMSetupSheetEngine.ts(275,7): error TS2322: Type 'number | undefined' is not assignable to type 'number'.
  Type 'undefined' is not assignable to type 'number'.
src/engines/WEDMSetupSheetEngine.ts(275,21): error TS18048: 'sheet' is possibly 'undefined'.
src/engines/WEDMSetupSheetEngine.ts(276,18): error TS18048: 'sheet' is possibly 'undefined'.
src/engines/WEDMSetupSheetEngine.ts(278,19): error TS18048: 'sheet' is possibly 'undefined'.
src/engines/WEDMSetupSheetEngine.ts(278,25): error TS2339: Property 'controller' does not exist on type 'SetupSheet'.
src/engines/WEDMSetupSheetEngine.ts(279,23): error TS18048: 'sheet' is possibly 'undefined'.
src/engines/WEDMSetupSheetEngine.ts(279,29): error TS2339: Property 'program_number' does not exist on type 'SetupSheet'.
src/engines/WEDMSetupSheetEngine.ts(283,27): error TS18048: 'sheet' is possibly 'undefined'.
src/engines/WEDMSetupSheetEngine.ts(284,18): error TS18048: 'sheet' is possibly 'undefined'.
src/engines/WEDMSetupSheetEngine.ts(284,24): error TS2339: Property 'submerged' does not exist on type 'SetupSheet'.
src/engines/WEDMSetupSheetEngine.ts(285,21): error TS18048: 'sheet' is possibly 'undefined'.
src/engines/WEDMSetupSheetEngine.ts(285,27): error TS2339: Property 'num_profiles' does not exist on type 'SetupSheet'.
src/engines/WEDMSetupSheetEngine.ts(286,19): error TS18048: 'sheet' is possibly 'undefined'.
src/engines/WEDMSetupSheetEngine.ts(286,25): error TS2339: Property 'num_passes' does not exist on type 'SetupSheet'.
src/engines/WEDMSetupSheetEngine.ts(289,19): error TS18048: 'sheet' is possibly 'undefined'.
src/engines/WEDMSetupSheetEngine.ts(289,25): error TS2339: Property 'submerged' does not exist on type 'SetupSheet'.
src/engines/WEDMSetupSheetEngine.ts(290,29): error TS18048: 'sheet' is possibly 'undefined'.
src/engines/WEDMSetupSheetEngine.ts(290,29): error TS18048: 'sheet.thickness_mm' is possibly 'undefined'.
src/engines/WEDMSetupSheetEngine.ts(295,25): error TS18048: 'cycleTime' is possibly 'undefined'.
src/engines/WEDMSetupSheetEngine.ts(310,16): error TS18048: 'confidence' is possibly 'undefined'.
src/engines/WEDMSetupSheetEngine.ts(311,16): error TS18048: 'confidence' is possibly 'undefined'.
src/engines/WEDMSetupSheetEngine.ts(311,27): error TS2339: Property 'summary' does not exist on type 'ConfidenceScore'.
src/engines/WireBreakAutoRethreadEngine.ts(137,57): error TS2454: Variable 'operatorSkill' is used before being assigned.
src/engines/WireEDMDeepAIHardeningEngine.ts(1597,31): error TS2339: Property 'on' does not exist on type 'ECodePass'.
src/engines/WireEDMDeepAIHardeningEngine.ts(1598,27): error TS2339: Property 'on' does not exist on type 'ECodePass'.
src/engines/WireEDMDeepAIHardeningEngine.ts(1599,28): error TS2339: Property 'off' does not exist on type 'ECodePass'.
src/engines/WireEDMMachineTechDataEngine.ts(377,7): error TS2741: Property 'method' is missing in type '{ found: false; exact_match: false; machine: WEDMMachineModel; wire_diameter_mm: number; material: TechMaterial; thickness_mm: number; passes: never[]; source: string; }' but required in type 'TechLookupResult'.
src/engines/WireEDMMachineTechDataEngine.ts(396,7): error TS2741: Property 'method' is missing in type '{ found: false; exact_match: false; machine: WEDMMachineModel; wire_diameter_mm: number; material: TechMaterial; thickness_mm: number; passes: never[]; source: string; }' but required in type 'TechLookupResult'.
src/engines/WireEDMMachineTechDataEngine.ts(841,20): error TS2339: Property 'toLowerCase' does not exist on type 'never'.
src/engines/WireEDMNeuralOrchestrationEngine.ts(793,7): error TS2322: Type '"brass"' is not assignable to type 'WireType'.
src/engines/WireEDMNeuralOrchestrationEngine.ts(794,7): error TS2322: Type 'string' is not assignable to type 'WireDiameter'.
src/engines/WorkSurfaceScaffoldEngine.ts(137,26): error TS7053: Element implicitly has an 'any' type because expression of type 'any' can't be used to index type 'Record<"programmer" | "admin" | "supervisor" | "machinist" | "estimator", { path: string; page_id: string; title: string; requires_role: string[]; control_plane_gate: boolean; panels: ("custom" | ... 10 more ... | "citation-footer")[]; }[]>'.
src/engines/XProcNeuralAutoFireEngine.ts(284,28): error TS2345: Argument of type '"conformal_monitor_bridge"' is not assignable to parameter of type 'AutoFireComponentKey'.
src/engines/XProcNeuralAutoFireEngine.ts(344,8): error TS2322: Type '"conformal_monitor_bridge"' is not assignable to type 'AutoFireComponentKey'.
src/hooks/CADRegressionSafetyHooks.ts(254,3): error TS2322: Type '"quality"' is not assignable to type 'HookCategory'.
src/hooks/CADRegressionSafetyHooks.ts(286,3): error TS2322: Type '"quality"' is not assignable to type 'HookCategory'.
src/hooks/ControllerHooks.ts(232,3): error TS2353: Object literal may only specify known properties, and 'condition' does not exist in type 'HookDefinition'.
src/hooks/ControllerHooks.ts(318,3): error TS2353: Object literal may only specify known properties, and 'condition' does not exist in type 'HookDefinition'.
src/hooks/ControllerHooks.ts(385,3): error TS2353: Object literal may only specify known properties, and 'condition' does not exist in type 'HookDefinition'.
src/hooks/HyperMillTurningHooks.ts(176,3): error TS2322: Type '"quality"' is not assignable to type 'HookCategory'.
src/hooks/index.ts(102,1): error TS2308: Module "./CrossReferenceHooks.js" has already exported a member named 'preMachineControllerCompatibility'. Consider explicitly re-exporting to resolve the ambiguity.
src/hooks/KnowledgeHooks.ts(234,3): error TS2322: Type '"knowledge"' is not assignable to type 'HookCategory'.
src/hooks/KnowledgeHooks.ts(333,3): error TS2322: Type '"knowledge"' is not assignable to type 'HookCategory'.
src/hooks/LatheSafetyHooks.ts(199,3): error TS2322: Type '"quality"' is not assignable to type 'HookCategory'.
src/hooks/LatheSafetyHooks.ts(234,3): error TS2322: Type '"quality"' is not assignable to type 'HookCategory'.
src/hooks/LatheSafetyHooks.ts(269,3): error TS2322: Type '"quality"' is not assignable to type 'HookCategory'.
src/hooks/LatheSafetyHooks.ts(271,3): error TS2322: Type '"medium"' is not assignable to type 'HookPriority'.
src/hooks/ManufacturingHooks.ts(190,3): error TS2353: Object literal may only specify known properties, and 'condition' does not exist in type 'HookDefinition'.
src/hooks/ManufacturingHooks.ts(484,3): error TS2353: Object literal may only specify known properties, and 'condition' does not exist in type 'HookDefinition'.
src/hooks/ManufacturingHooks.ts(545,3): error TS2353: Object literal may only specify known properties, and 'condition' does not exist in type 'HookDefinition'.
src/hooks/ManufacturingHooks.ts(672,3): error TS2353: Object literal may only specify known properties, and 'condition' does not exist in type 'HookDefinition'.
src/hooks/ManufacturingHooks.ts(732,3): error TS2353: Object literal may only specify known properties, and 'condition' does not exist in type 'HookDefinition'.
src/hooks/ManufacturingHooks.ts(934,3): error TS2322: Type '"quality"' is not assignable to type 'HookCategory'.
src/hooks/ManufacturingHooks.ts(972,3): error TS2322: Type '"quality"' is not assignable to type 'HookCategory'.
src/hooks/RecoveryHooks.ts(284,3): error TS2353: Object literal may only specify known properties, and 'condition' does not exist in type 'HookDefinition'.
src/hooks/RecoveryHooks.ts(393,3): error TS2353: Object literal may only specify known properties, and 'condition' does not exist in type 'HookDefinition'.
src/hooks/RecoveryHooks.ts(551,3): error TS2353: Object literal may only specify known properties, and 'condition' does not exist in type 'HookDefinition'.
src/hooks/resourceIntegrityHook.ts(30,3): error TS2322: Type '"data-quality"' is not assignable to type 'HookCategory'.
src/hooks/SafetyQualityHooks.ts(1100,3): error TS2322: Type '"quality"' is not assignable to type 'HookCategory'.
src/hooks/SafetyQualityHooks.ts(1145,3): error TS2322: Type '"quality"' is not assignable to type 'HookCategory'.
src/hooks/SafetyQualityHooks.ts(1201,3): error TS2353: Object literal may only specify known properties, and 'condition' does not exist in type 'HookDefinition'.
src/hooks/SchemaHooks.ts(550,3): error TS2353: Object literal may only specify known properties, and 'condition' does not exist in type 'HookDefinition'.
src/hooks/WEDMGnnHooks.ts(47,3): error TS2322: Type '"quality"' is not assignable to type 'HookCategory'.
src/hooks/WEDMLearningHooks.ts(79,3): error TS2322: Type '"medium"' is not assignable to type 'HookPriority'.
src/hooks/WEDMLearningHooks.ts(175,3): error TS2322: Type '"quality"' is not assignable to type 'HookCategory'.
src/hooks/WEDMPerceptionHooks.ts(77,3): error TS2322: Type '"quality"' is not assignable to type 'HookCategory'.
src/hooks/WEDMSVIHooks.ts(61,3): error TS2322: Type '"awareness"' is not assignable to type 'HookCategory'.
src/hooks/WEDMSVIHooks.ts(63,3): error TS2322: Type '"medium"' is not assignable to type 'HookPriority'.
src/index.ts(761,23): error TS2345: Argument of type 'McpServer' is not assignable to parameter of type 'Server<{ method: string; params?: { [x: string]: unknown; _meta?: { [x: string]: unknown; progressToken?: string | number | undefined; "io.modelcontextprotocol/related-task"?: { taskId: string; } | undefined; } | undefined; } | undefined; }, { ...; }, { ...; }>'.
  Type 'McpServer' is missing the following properties from type 'Server<{ method: string; params?: { [x: string]: unknown; _meta?: { [x: string]: unknown; progressToken?: string | number | undefined; "io.modelcontextprotocol/related-task"?: { taskId: string; } | undefined; } | undefined; } | undefined; }, { ...; }, { ...; }>': _serverInfo, _capabilities, _jsonSchemaValidator, _loggingLevels, and 56 more.
src/index.ts(762,21): error TS2345: Argument of type 'McpServer' is not assignable to parameter of type 'Server<{ method: string; params?: { [x: string]: unknown; _meta?: { [x: string]: unknown; progressToken?: string | number | undefined; "io.modelcontextprotocol/related-task"?: { taskId: string; } | undefined; } | undefined; } | undefined; }, { ...; }, { ...; }>'.
  Type 'McpServer' is missing the following properties from type 'Server<{ method: string; params?: { [x: string]: unknown; _meta?: { [x: string]: unknown; progressToken?: string | number | undefined; "io.modelcontextprotocol/related-task"?: { taskId: string; } | undefined; } | undefined; } | undefined; }, { ...; }, { ...; }>': _serverInfo, _capabilities, _jsonSchemaValidator, _loggingLevels, and 56 more.
src/index.ts(763,23): error TS2345: Argument of type 'McpServer' is not assignable to parameter of type 'Server<{ method: string; params?: { [x: string]: unknown; _meta?: { [x: string]: unknown; progressToken?: string | number | undefined; "io.modelcontextprotocol/related-task"?: { taskId: string; } | undefined; } | undefined; } | undefined; }, { ...; }, { ...; }>'.
  Type 'McpServer' is missing the following properties from type 'Server<{ method: string; params?: { [x: string]: unknown; _meta?: { [x: string]: unknown; progressToken?: string | number | undefined; "io.modelcontextprotocol/related-task"?: { taskId: string; } | undefined; } | undefined; } | undefined; }, { ...; }, { ...; }>': _serverInfo, _capabilities, _jsonSchemaValidator, _loggingLevels, and 56 more.
src/index.ts(764,20): error TS2554: Expected 0 arguments, but got 1.
src/index.ts(962,49): error TS2554: Expected 0 arguments, but got 1.
src/mcp/authHttp.ts(18,38): error TS2339: Property 'authorizationUrl' does not exist on type 'OAuthConfig'.
src/mcp/authHttp.ts(19,30): error TS2339: Property 'tokenUrl' does not exist on type 'OAuthConfig'.
src/mcp/authHttp.ts(20,22): error TS2339: Property 'scopes' does not exist on type 'OAuthConfig'.
src/registries/BaseRegistry.ts(8,10): error TS2724: '"../utils/Logger.js"' has no exported member named 'Logger'. Did you mean 'logger'?
src/routes/operating-system.ts(623,43): error TS2339: Property 'recordTaskEvent' does not exist on type 'typeof ShopFloorCheckInEngine'.
src/routes/python-api.ts(232,23): error TS2339: Property 'length' does not exist on type 'Promise<{ formulas: Formula[]; total: number; }>'.
src/routes/python-api.ts(261,50): error TS2339: Property 'search' does not exist on type 'TribalKnowledgeAdvisorEngine'.
src/routes/python-api.ts(368,22): error TS2339: Property 'length' does not exist on type '{ tools: CuttingTool[]; total: number; hasMore?: boolean | undefined; }'.
src/routes/python-api.ts(369,22): error TS2339: Property 'slice' does not exist on type '{ tools: CuttingTool[]; total: number; hasMore?: boolean | undefined; }'.
src/schemas/camFunctionIndexSchema.ts(242,14): error TS7022: 'CAMMenuSchema' implicitly has type 'any' because it does not have a type annotation and is referenced directly or indirectly in its own initializer.
src/schemas/camFunctionIndexSchema.ts(251,29): error TS7024: Function implicitly has return type 'any' because it does not have a return type annotation and is referenced directly or indirectly in one of its return expressions.
src/schemas/camUIElementSchema.ts(386,3): error TS2739: Type '{ shortcut?: { key: string; modifiers: ("shift" | "meta" | "alt" | "ctrl")[]; customizable: boolean; display?: string | undefined; } | undefined; action?: { action_type: "command" | "toggle" | ... 7 more ... | "external_link"; ... 4 more ...; prism_action?: { ...; } | undefined; } | undefined; ... 4 more ...; region...' is missing the following properties from type '{ id: string; name: string; type: "toolbar" | "viewport" | "dialog" | "panel" | "slider" | "checkbox" | "dropdown" | "tooltip" | "ribbon_tab" | "context_menu" | "menu_bar" | "menu_item" | ... 26 more ... | "quickinfo"; ... 20 more ...; prism_category?: string | undefined; }': visible, enabled
src/schemas/camUIElementSchema.ts(406,3): error TS2739: Type '{ icon?: { name: string; } | undefined; shortcut?: { key: string; modifiers: ("shift" | "meta" | "alt" | "ctrl")[]; customizable: boolean; display?: string | undefined; } | undefined; action?: { ...; } | undefined; tooltip?: string | undefined; id: string; name: string; type: "toolbar_button"; }' is missing the following properties from type '{ id: string; name: string; type: "toolbar" | "viewport" | "dialog" | "panel" | "slider" | "checkbox" | "dropdown" | "tooltip" | "ribbon_tab" | "context_menu" | "menu_bar" | "menu_item" | ... 26 more ... | "quickinfo"; ... 20 more ...; prism_category?: string | undefined; }': visible, enabled
src/schemas/camUIElementSchema.ts(424,3): error TS2739: Type '{ icon?: { name: string; } | undefined; action?: { action_type: "command" | "toggle" | "navigate" | "open_dialog" | "open_panel" | "open_submenu" | "set_value" | "execute_macro" | "invoke_api" | "external_link"; ... 4 more ...; prism_action?: { ...; } | undefined; } | undefined; id: string; name: string; type: "ribb...' is missing the following properties from type '{ id: string; name: string; type: "toolbar" | "viewport" | "dialog" | "panel" | "slider" | "checkbox" | "dropdown" | "tooltip" | "ribbon_tab" | "context_menu" | "menu_bar" | "menu_item" | ... 26 more ... | "quickinfo"; ... 20 more ...; prism_category?: string | undefined; }': visible, enabled
src/schemas/camUIElementSchema.ts(447,3): error TS2322: Type '{ description?: string; min?: number; max?: number; unit?: string; prism_relevant?: boolean; id: string; name: string; type: "string" | "number" | "boolean" | "enum"; default_value: string | number | boolean; }' is not assignable to type '{ id: string; name: string; type: "string" | "number" | "boolean" | "enum" | "path" | "color" | "font" | "shortcut"; prism_relevant: boolean; default_value?: string | number | boolean | undefined; ... 5 more ...; options?: { ...; }[] | undefined; }'.
  Types of property 'prism_relevant' are incompatible.
    Type 'boolean | undefined' is not assignable to type 'boolean'.
      Type 'undefined' is not assignable to type 'boolean'.
src/schemas/devActionSchemas.ts(131,28): error TS2554: Expected 2-3 arguments, but got 1.
src/schemas/precompactDossierSchema.ts(182,26): error TS2339: Property 'errors' does not exist on type 'ZodError<{ schemaVersion: 1; sessionId: string; capturedAt: string; tokenEstimate: number; mentalModel: { currentObjective: string; approachTaken: string; keyDecisions: string[]; openQuestions: string[]; blockers: string[]; nextSteps: string[]; lessonsLearned?: string[] | undefined; }; ... 8 more ...; sviTrajectory?...'.
src/schemas/precompactDossierSchema.ts(182,38): error TS7006: Parameter 'e' implicitly has an 'any' type.
src/tools/dispatchers/algorithmDispatcher.ts(138,10): error TS2339: Property 'tool' does not exist on type 'Server<{ method: string; params?: { [x: string]: unknown; _meta?: { [x: string]: unknown; progressToken?: string | number | undefined; "io.modelcontextprotocol/related-task"?: { taskId: string; } | undefined; } | undefined; } | undefined; }, { ...; }, { ...; }>'.
src/tools/dispatchers/algorithmDispatcher.ts(150,17): error TS2339: Property 'algorithmGatewayEngine' does not exist on type 'typeof import("H:/PRISM/mcp-server/src/engines/AlgorithmGatewayEngine")'.
src/tools/dispatchers/algorithmDispatcher.ts(746,40): error TS2339: Property 'split' does not exist on type 'never'.
src/tools/dispatchers/cadDispatcher.ts(3234,90): error TS2344: Type '((confidenceTier: "operator_verified" | "ensemble_consensus" | "single_backend") => Promise<LoRATrainingPair[]>) | undefined' does not satisfy the constraint '(...args: any) => any'.
  Type 'undefined' is not assignable to type '(...args: any) => any'.
src/tools/dispatchers/cadDispatcher.ts(4058,88): error TS2339: Property 'axis_errors' does not exist on type 'CapabilityAccuracyOptions | undefined'.
src/tools/dispatchers/cadDispatcher.ts(4059,62): error TS2339: Property 'squareness' does not exist on type 'CapabilityAccuracyOptions | undefined'.
src/tools/dispatchers/cadDispatcher.ts(4060,60): error TS2339: Property 'workspace' does not exist on type 'CapabilityAccuracyOptions | undefined'.
src/tools/dispatchers/cadDispatcher.ts(4062,91): error TS2339: Property 'abbe_queries' does not exist on type 'CapabilityAccuracyOptions | undefined'.
src/tools/dispatchers/cadDispatcher.ts(4063,79): error TS2339: Property 'ball_bar' does not exist on type 'CapabilityAccuracyOptions | undefined'.
src/tools/dispatchers/cadDispatcher.ts(4680,96): error TS2345: Argument of type 'Record<string, any>' is not assignable to parameter of type 'DrawAnyPartInput'.
  Property 'intent' is missing in type 'Record<string, any>' but required in type 'DrawAnyPartInput'.
src/tools/dispatchers/calcDispatcher.ts(1263,145): error TS2554: Expected 1 arguments, but got 2.
src/tools/dispatchers/calcDispatcher.ts(1267,90): error TS2554: Expected 1 arguments, but got 2.
src/tools/dispatchers/calcDispatcher.ts(8050,105): error TS2352: Conversion of type 'Record<string, unknown>' to type 'SafetyAssessment' may be a mistake because neither type sufficiently overlaps with the other. If this was intentional, convert the expression to 'unknown' first.
  Type 'Record<string, unknown>' is missing the following properties from type 'SafetyAssessment': risk_level, dimensions, vetoed, escalation_actions, and 2 more.
src/tools/dispatchers/calcDispatcher.ts(9788,119): error TS2554: Expected 1 arguments, but got 2.
src/tools/dispatchers/calcDispatcher.ts(9803,79): error TS2554: Expected 1 arguments, but got 2.
src/tools/dispatchers/camDispatcher.ts(3687,72): error TS2345: Argument of type '{ controller_id: string; cycle_code: string; parameters: {}; }' is not assignable to parameter of type '{ controller_id: string; cycle_code: string; parameters: { depth_of_cut?: number | undefined; finish_allowance_x?: number | undefined; finish_allowance_z?: number | undefined; profile_start_block?: number | undefined; ... 17 more ...; spindle_speed?: number | undefined; }; line_number_start: number; line_number_incr...'.
  Type '{ controller_id: string; cycle_code: string; parameters: {}; }' is missing the following properties from type '{ controller_id: string; cycle_code: string; parameters: { depth_of_cut?: number | undefined; finish_allowance_x?: number | undefined; finish_allowance_z?: number | undefined; profile_start_block?: number | undefined; ... 17 more ...; spindle_speed?: number | undefined; }; line_number_start: number; line_number_incr...': line_number_start, line_number_increment, include_comments, use_line_numbers
src/tools/dispatchers/dataDispatcher.ts(2453,85): error TS2345: Argument of type '{ tensile_strength_MPa: number | undefined; hardness_HRC: number | undefined; } | undefined' is not assignable to parameter of type 'Partial<MaterialProperties> | undefined'.
  Type '{ tensile_strength_MPa: number | undefined; hardness_HRC: number | undefined; }' has no properties in common with type 'Partial<MaterialProperties>'.
src/tools/dispatchers/devDispatcher.ts(4058,15): error TS2352: Conversion of type '{ [x: string]: unknown; }' to type 'WEDMParams' may be a mistake because neither type sufficiently overlaps with the other. If this was intentional, convert the expression to 'unknown' first.
  Type '{ [x: string]: unknown; }' is missing the following properties from type 'WEDMParams': e_code, pass_number, pass_type
src/tools/dispatchers/guardDispatcher.ts(368,7): error TS2353: Object literal may only specify known properties, and 'phase' does not exist in type 'Partial<HookContext>'.
src/tools/dispatchers/infraDispatcher.ts(273,15): error TS2353: Object literal may only specify known properties, and 'correlation_id' does not exist in type 'EventBusEvent'.
src/tools/dispatchers/knowledgeDispatcher.ts(1043,19): error TS2345: Argument of type 'string' is not assignable to parameter of type 'keyof MachiningParameters'.
src/tools/dispatchers/knowledgeDispatcher.ts(1223,19): error TS2345: Argument of type 'number | undefined' is not assignable to parameter of type '{ operation_id: string; operation?: string | undefined; material_iso_group?: string | undefined; machine_id?: string | undefined; workholding?: string | undefined; tool_diameter_mm?: number | undefined; query?: string | undefined; limit?: number | undefined; }'.
  Type 'undefined' is not assignable to type '{ operation_id: string; operation?: string | undefined; material_iso_group?: string | undefined; machine_id?: string | undefined; workholding?: string | undefined; tool_diameter_mm?: number | undefined; query?: string | undefined; limit?: number | undefined; }'.
src/tools/dispatchers/knowledgeDispatcher.ts(2790,21): error TS2322: Type '(e: string) => Promise<number[]>' is not assignable to type '(text: string) => Promise<{ ok: true; vector: number[]; } | { ok: false; reason: string; }>'.
  Type 'Promise<number[]>' is not assignable to type 'Promise<{ ok: true; vector: number[]; } | { ok: false; reason: string; }>'.
    Type 'number[]' is not assignable to type '{ ok: true; vector: number[]; } | { ok: false; reason: string; }'.
src/tools/dispatchers/multiDispatcher.ts(778,13): error TS2554: Expected 2 arguments, but got 3.
src/tools/dispatchers/multiDispatcher.ts(809,49): error TS2339: Property 'executeAction' does not exist on type 'MultiCamStrategyEngine'.
src/tools/dispatchers/safetyDispatcher.ts(780,35): error TS2352: Conversion of type 'Record<string, unknown>' to type 'ApprovalGateInput' may be a mistake because neither type sufficiently overlaps with the other. If this was intentional, convert the expression to 'unknown' first.
  Type 'Record<string, unknown>' is missing the following properties from type 'ApprovalGateInput': part_number, revision, assigned_operators, checklist
src/tools/dispatchers/sessionDispatcher.ts(2719,65): error TS2345: Argument of type '(t: never) => never' is not assignable to parameter of type 'SwarmRunner<never>'.
  Types of parameters 't' and 'task' are incompatible.
    Type '{ id: string; payload: unknown; }' is not assignable to type 'never'.
src/tools/dispatchers/sessionDispatcher.ts(3995,27): error TS2783: 'success' is specified more than once, so this usage will be overwritten.
src/tools/dispatchers/shopDispatcher.ts(1346,78): error TS2352: Conversion of type 'Record<string, unknown>' to type 'SpecificCuttingForceInput' may be a mistake because neither type sufficiently overlaps with the other. If this was intentional, convert the expression to 'unknown' first.
  Type 'Record<string, unknown>' is missing the following properties from type 'SpecificCuttingForceInput': kc1_1, mc, feed_mm, depth_of_cut_mm
src/tools/dispatchers/shopDispatcher.ts(1353,73): error TS2352: Conversion of type 'Record<string, unknown>' to type 'ForceComponentsInput' may be a mistake because neither type sufficiently overlaps with the other. If this was intentional, convert the expression to 'unknown' first.
  Type 'Record<string, unknown>' is missing the following properties from type 'ForceComponentsInput': operation, kc1_1, mc, feed_mm, depth_of_cut_mm
src/tools/dispatchers/shopDispatcher.ts(1360,71): error TS2352: Conversion of type 'Record<string, unknown>' to type 'MillingForceInput' may be a mistake because neither type sufficiently overlaps with the other. If this was intentional, convert the expression to 'unknown' first.
  Type 'Record<string, unknown>' is missing the following properties from type 'MillingForceInput': kc1_1, mc, feed_per_tooth_mm, axial_depth_mm, and 4 more.
src/tools/dispatchers/shopDispatcher.ts(1367,59): error TS2352: Conversion of type 'Record<string, unknown>' to type 'CostInput' may be a mistake because neither type sufficiently overlaps with the other. If this was intentional, convert the expression to 'unknown' first.
  Type 'Record<string, unknown>' is missing the following properties from type 'CostInput': material_name, material_iso_group, stock_volume_cm3, part_volume_cm3, and 5 more.
src/tools/dispatchers/shopDispatcher.ts(1385,59): error TS2352: Conversion of type 'Record<string, unknown>' to type 'IngestInput' may be a mistake because neither type sufficiently overlaps with the other. If this was intentional, convert the expression to 'unknown' first.
  Property 'filename' is missing in type 'Record<string, unknown>' but required in type 'IngestInput'.
src/tools/dispatchers/shopDispatcher.ts(1416,80): error TS2694: Namespace '"H:/PRISM/mcp-server/src/engines/BlueprintToQuoteBridgeEngine"' has no exported member 'QuoteEstimateInput'.
src/tools/dispatchers/shopDispatcher.ts(1418,62): error TS2345: Argument of type 'import("H:/PRISM/mcp-server/src/engines/BlueprintOCREngine").BlueprintAnalysis' is not assignable to parameter of type 'import("H:/PRISM/mcp-server/src/engines/BlueprintToQuoteBridgeEngine").BlueprintAnalysis'.
  Types of property 'dimensions' are incompatible.
    Type 'ExtractedDimension[]' is not assignable to type '{ type: string; value: number; unit: string; tolerance?: { upper: number; lower: number; } | undefined; text: string; }[]'.
      Type 'ExtractedDimension' is missing the following properties from type '{ type: string; value: number; unit: string; tolerance?: { upper: number; lower: number; } | undefined; text: string; }': value, text
src/tools/dispatchers/shopDispatcher.ts(1425,81): error TS2352: Conversion of type 'Record<string, unknown>' to type 'AutoPipelineInput' may be a mistake because neither type sufficiently overlaps with the other. If this was intentional, convert the expression to 'unknown' first.
  Type 'Record<string, unknown>' is missing the following properties from type 'AutoPipelineInput': content, format
src/tools/dispatchers/shopDispatcher.ts(1437,60): error TS2352: Conversion of type 'Record<string, unknown>' to type 'DNCTransferRequest' may be a mistake because neither type sufficiently overlaps with the other. If this was intentional, convert the expression to 'unknown' first.
  Type 'Record<string, unknown>' is missing the following properties from type 'DNCTransferRequest': program, protocol, controller, program_number
src/tools/dispatchers/shopDispatcher.ts(1528,41): error TS2576: Property 'getLaborByDepartment' does not exist on type 'ShopFloorCostEngine'. Did you mean to access the static member 'ShopFloorCostEngine.getLaborByDepartment' instead?
src/tools/dispatchers/shopDispatcher.ts(1529,41): error TS2576: Property 'getLaborByDepartment' does not exist on type 'ShopFloorCostEngine'. Did you mean to access the static member 'ShopFloorCostEngine.getLaborByDepartment' instead?
