stockpile,category,type,dup_status,dispatcher,lines,size_bytes,match_confidence,matched_engine,path
extracted,algorithms,algorithm,WIRE_CANDIDATE,prism_calc,2214,75824,0.333,AlgorithmEngine,algorithms/ALGORITHM_LIBRARY.js
extracted,algorithms,algorithm,WIRE_CANDIDATE,prism_calc,2214,75866,0.2,,algorithms/COMPLETE_TOOLPATH_ALGORITHM_LIBRARY.js
extracted,algorithms,misc,PARTIAL_OVERLAP,prism_dev,5384,201570,0.667,AcoSequencerEngine,algorithms/PRISM_ACO_SEQUENCER.js
extracted,algorithms,misc,WIRE_CANDIDATE,prism_dev,177,6883,0.333,AdvancedCalculations,algorithms/PRISM_ADVANCED_INTERPOLATION.js
extracted,algorithms,algorithm,WIRE_CANDIDATE,prism_calc,183,6536,0.333,AlgorithmEngine,algorithms/PRISM_ALGORITHM_ENSEMBLER.js
extracted,algorithms,algorithm,PARTIAL_OVERLAP,prism_calc,226,9464,0.667,AlgorithmOrchestratorEngine,algorithms/PRISM_ALGORITHM_ORCHESTRATOR.js
extracted,algorithms,algorithm,DATABASE,prism_data,3568,154414,0.333,AlgorithmEngine,algorithms/PRISM_ALGORITHM_REGISTRY.js
extracted,algorithms,algorithm,WIRE_CANDIDATE,prism_calc,258,10552,0.333,AlgorithmEngine,algorithms/PRISM_ALGORITHM_STRATEGIES.js
extracted,algorithms,misc,WIRE_CANDIDATE,prism_dev,112,3466,0.2,,algorithms/PRISM_BEZIER_MIT.js
extracted,algorithms,misc,WIRE_CANDIDATE,prism_dev,118,3976,0.2,,algorithms/PRISM_CONTROL_SYSTEMS_MIT.js
extracted,algorithms,algorithm,WIRE_CANDIDATE,prism_calc,617,21100,0.25,,algorithms/PRISM_CORE_ALGORITHMS.js
extracted,algorithms,algorithm,WIRE_CANDIDATE,prism_calc,189,9309,0.25,,algorithms/PRISM_CRITICAL_ALGORITHM_INTEGRATION.js
extracted,algorithms,misc,WIRE_CANDIDATE,prism_dev,77,2731,0.2,,algorithms/PRISM_DFM_MIT.js
extracted,algorithms,misc,WIRE_CANDIDATE,prism_dev,102,3319,0.2,,algorithms/PRISM_DIGITAL_CONTROL_MIT.js
extracted,algorithms,misc,WIRE_CANDIDATE,prism_dev,103,3452,0.25,,algorithms/PRISM_DS_SEARCH.js
extracted,algorithms,physics,WIRE_CANDIDATE,prism_calc,331,12118,0.2,,algorithms/PRISM_FFT_PREDICTIVE_CHATTER.js
extracted,algorithms,misc,WIRE_CANDIDATE,prism_dev,286,9443,0.333,CADAssemblyGraphEngine,algorithms/PRISM_GRAPH.js
extracted,algorithms,misc,WIRE_CANDIDATE,prism_dev,661,21823,0,,algorithms/PRISM_GRAPHICS.js
extracted,algorithms,misc,WIRE_CANDIDATE,prism_dev,172,6329,0.2,,algorithms/PRISM_GRAPHICS_KERNEL_PASS.js
extracted,algorithms,misc,WIRE_CANDIDATE,prism_dev,277,10308,0.2,,algorithms/PRISM_GRAPHICS_MIT.js
extracted,algorithms,algorithm,PARTIAL_OVERLAP,prism_calc,316,10492,0.667,GraphAlgorithmsEngine,algorithms/PRISM_GRAPH_ALGORITHMS.js
extracted,algorithms,cam,WIRE_CANDIDATE,prism_cam,181,6145,0.333,ToolpathCalculations,algorithms/PRISM_GRAPH_TOOLPATH.js
extracted,algorithms,engine,WIRE_CANDIDATE,prism_dev,239,9180,0.333,A2AProtocolEngine,algorithms/PRISM_JACOBIAN_ENGINE.js
extracted,algorithms,database,DATABASE,prism_data,159,8046,0.5,JohnsonCookEngine,algorithms/PRISM_JOHNSON_COOK_DATABASE.js
extracted,algorithms,misc,WIRE_CANDIDATE,prism_dev,113,5762,0,,algorithms/PRISM_KDTREE.js
extracted,algorithms,system,WIRE_CANDIDATE,prism_session,120,5294,0.4,AIDeepKnowledgeIntegrationEngine,algorithms/PRISM_KNOWLEDGE_INTEGRATION_TESTS.js
extracted,algorithms,misc,WIRE_CANDIDATE,prism_dev,156,4634,0.2,,algorithms/PRISM_LINALG_MIT.js
extracted,algorithms,misc,PARTIAL_OVERLAP,prism_dev,386,13435,0.667,LocalSearchEngine,algorithms/PRISM_LOCAL_SEARCH.js
extracted,algorithms,misc,WIRE_CANDIDATE,prism_dev,132,4367,0,,algorithms/PRISM_LP_SOLVERS.js
extracted,algorithms,algorithm,WIRE_CANDIDATE,prism_calc,102,3783,0.333,ManufacturingCalculations,algorithms/PRISM_MANUFACTURING_ALGORITHMS.js
extracted,algorithms,misc,WIRE_CANDIDATE,prism_dev,142,5557,0.333,ManufacturingCalculations,algorithms/PRISM_MANUFACTURING_SEARCH.js
extracted,algorithms,engine,WIRE_CANDIDATE,prism_dev,149,5429,0.5,DistributorSearchEngine,algorithms/PRISM_MANUFACTURING_SEARCH_ENGINE.js
extracted,algorithms,misc,WIRE_CANDIDATE,prism_dev,1731,68494,0.2,,algorithms/PRISM_MATH_FOUNDATIONS.js
extracted,algorithms,misc,WIRE_CANDIDATE,prism_dev,161,5321,0.2,,algorithms/PRISM_MEMORY_EFFICIENT_SEARCH.js
extracted,algorithms,misc,WIRE_CANDIDATE,prism_dev,186,5775,0.333,NumericalIntegrationEngine,algorithms/PRISM_NUMERICAL.js
extracted,algorithms,misc,WIRE_CANDIDATE,prism_dev,168,5142,0.5,NumericalMethodsEngine,algorithms/PRISM_NUMERICAL_METHODS_MIT.js
extracted,algorithms,misc,WIRE_CANDIDATE,prism_dev,591,20982,0.2,,algorithms/PRISM_NURBS_MIT.js
extracted,algorithms,misc,WIRE_CANDIDATE,prism_dev,112,6116,0,,algorithms/PRISM_OCTREE.js
extracted,algorithms,misc,WIRE_CANDIDATE,prism_dev,6387,240814,0.167,,algorithms/PRISM_ODE_SOLVERS_MIT.js
extracted,algorithms,algorithm,WIRE_CANDIDATE,prism_calc,196,7769,0.333,OptimizationEngine,algorithms/PRISM_OPTIMIZATION_ALGORITHMS.js
extracted,algorithms,ai_ml,WIRE_CANDIDATE,prism_ai,425,14219,0.333,KnowledgeGraphNeuralBridgeEngine,algorithms/PRISM_PHASE3_GRAPH_NEURAL.js
extracted,algorithms,misc,WIRE_CANDIDATE,prism_dev,2397,108478,0.25,,algorithms/PRISM_PHASE7_KNOWLEDGE.js
extracted,algorithms,engine,PARTIAL_OVERLAP,prism_dev,114,4024,0.6,CrossProcessPolicyGradientEngine,algorithms/PRISM_POLICY_GRADIENT_ENGINE.js
extracted,algorithms,algorithm,WIRE_CANDIDATE,prism_calc,359,13604,0.25,,algorithms/PRISM_RL_ALGORITHMS.js
extracted,algorithms,misc,WIRE_CANDIDATE,prism_dev,1962,80336,0.25,,algorithms/PRISM_SEARCH_ENHANCED.js
extracted,algorithms,algorithm,WIRE_CANDIDATE,prism_calc,376,10898,0.25,,algorithms/PRISM_SIGNAL_ALGORITHMS.js
extracted,algorithms,misc,WIRE_CANDIDATE,prism_dev,123,4076,0,,algorithms/PRISM_SORTING.js
extracted,algorithms,geometry,WIRE_CANDIDATE,prism_cad,186,6761,0.5,SpectralGraphEngine,algorithms/PRISM_SPECTRAL_GRAPH_CAD.js
extracted,algorithms,geometry,WIRE_CANDIDATE,prism_cad,174,6280,0.25,,algorithms/PRISM_SURFACE_GEOMETRY_MIT.js
extracted,algorithms,misc,WIRE_CANDIDATE,prism_dev,52,2290,0.333,AdvancedCalculations,algorithms/PRISM_TAYLOR_ADVANCED.js
extracted,algorithms,database,DATABASE,prism_data,46,1723,0.25,,algorithms/PRISM_TAYLOR_LOOKUP.js
extracted,algorithms,tool,WIRE_CANDIDATE,prism_data,99,5575,0.4,BayesianToolLifeEngine,algorithms/PRISM_TAYLOR_TOOL_LIFE.js
extracted,business,ai_ml,WIRE_CANDIDATE,prism_ai,212,8263,0.2,,business/PRISM_BUSINESS_AI_SYSTEM.js
extracted,business,database,DATABASE,prism_data,1027,295136,0.25,,business/PRISM_COST_DATABASE.js
extracted,business,misc,PARTIAL_OVERLAP,prism_dev,214,6575,0.667,CostEstimationEngine,business/PRISM_COST_ESTIMATION.js
extracted,business,engine,DUP_KEEP_EXISTING,prism_dev,176,5944,0.99,SchedulingEngine,business/PRISM_SCHEDULING_ENGINE.js
extracted,business,engine,WIRE_CANDIDATE,prism_dev,184,7406,0.5,QuoteAnalyticsEngine,business/PRISM_SHOP_ANALYTICS_ENGINE.js
extracted,business,engine,WIRE_CANDIDATE,prism_dev,151,8623,0.5,AIResourceLearningEngine,business/PRISM_SHOP_LEARNING_ENGINE.js
extracted,business,algorithm,WIRE_CANDIDATE,prism_calc,229,11596,0.25,,business/PRISM_SHOP_OPTIMIZER.js
extracted,catalogs,misc,DATABASE,prism_data,912,58479,0.25,,catalogs/PRISM_CATALOG_FINAL.js
extracted,catalogs,system,DATABASE,prism_data,425,21883,0.2,,catalogs/PRISM_FINAL_CATALOG_GATEWAY.js
extracted,catalogs,misc,DATABASE,prism_data,1941,74817,0.2,,catalogs/PRISM_MAJOR_MANUFACTURERS_CATALOG.js
extracted,catalogs,misc,DATABASE,prism_data,1010,57093,0.5,ManufacturerCatalogAIEngine,catalogs/PRISM_MANUFACTURER_CATALOG_CONSOLIDATED.js
extracted,catalogs,database,DATABASE,prism_data,179,5974,0.5,ManufacturerCatalogAIEngine,catalogs/PRISM_MANUFACTURER_CATALOG_DB.js
extracted,catalogs,misc,DATABASE,prism_data,1002,36544,0.2,,catalogs/PRISM_ZENI_COMPLETE_CATALOG.js
extracted,constants,misc,STUB,,16,911,0,,constants/PRISM_CONSTANTS_ENHANCED.js
extracted,controllers,misc,WIRE_CANDIDATE,prism_dev,783,26425,0.125,,controllers/add_fix_procedures_all_families.py
extracted,controllers,misc,WIRE_CANDIDATE,prism_dev,80,18207,0,,controllers/alarms/archive/BROTHER_ALARMS.json
extracted,controllers,misc,WIRE_CANDIDATE,prism_dev,5224,136161,0.2,,controllers/alarms/archive/BROTHER_ALARMS_COMPLETE.json
extracted,controllers,misc,WIRE_CANDIDATE,prism_dev,4002,104811,0.167,,controllers/alarms/archive/DMG_MORI_ALARMS_COMPLETE.json
extracted,controllers,misc,WIRE_CANDIDATE,prism_dev,4223,110153,0.2,,controllers/alarms/archive/DOOSAN_ALARMS_COMPLETE.json
extracted,controllers,misc,WIRE_CANDIDATE,prism_dev,5601,144599,0.2,,controllers/alarms/archive/FAGOR_ALARMS_COMPLETE.json
extracted,controllers,misc,WIRE_CANDIDATE,prism_dev,102,41479,0.25,,controllers/alarms/archive/FANUC_ALARMS.json
extracted,controllers,misc,WIRE_CANDIDATE,prism_dev,19756,551752,0.2,,controllers/alarms/archive/FANUC_ALARMS_COMPLETE.json
extracted,controllers,misc,WIRE_CANDIDATE,prism_dev,134,33443,0.2,,controllers/alarms/archive/FANUC_ALARMS_EXPANDED.json
extracted,controllers,misc,WIRE_CANDIDATE,prism_dev,65,23015,0.25,,controllers/alarms/archive/HAAS_ALARMS.json
extracted,controllers,misc,WIRE_CANDIDATE,prism_dev,14897,391603,0.2,,controllers/alarms/archive/HAAS_ALARMS_COMPLETE.json
extracted,controllers,misc,WIRE_CANDIDATE,prism_dev,92,21714,0.2,,controllers/alarms/archive/HAAS_ALARMS_EXPANDED.json
extracted,controllers,ai_ml,WIRE_CANDIDATE,prism_ai,46,14091,0,,controllers/alarms/archive/HEIDENHAIN_ALARMS.json
extracted,controllers,ai_ml,WIRE_CANDIDATE,prism_ai,10905,281669,0.2,,controllers/alarms/archive/HEIDENHAIN_ALARMS_COMPLETE.json
extracted,controllers,ai_ml,WIRE_CANDIDATE,prism_ai,108,26042,0,,controllers/alarms/archive/HEIDENHAIN_ALARMS_EXPANDED.json
extracted,controllers,misc,WIRE_CANDIDATE,prism_dev,5770,151332,0.2,,controllers/alarms/archive/HURCO_ALARMS_COMPLETE.json
extracted,controllers,misc,WIRE_CANDIDATE,prism_dev,41,11293,0,,controllers/alarms/archive/MAZAK_ALARMS.json
extracted,controllers,misc,WIRE_CANDIDATE,prism_dev,13144,340117,0.2,,controllers/alarms/archive/MAZAK_ALARMS_COMPLETE.json
extracted,controllers,misc,WIRE_CANDIDATE,prism_dev,92,20884,0,,controllers/alarms/archive/MAZAK_ALARMS_EXPANDED.json
extracted,controllers,misc,WIRE_CANDIDATE,prism_dev,79,18997,0.25,,controllers/alarms/archive/MITSUBISHI_ALARMS.json
extracted,controllers,misc,WIRE_CANDIDATE,prism_dev,10593,276046,0.2,,controllers/alarms/archive/MITSUBISHI_ALARMS_COMPLETE.json
extracted,controllers,misc,WIRE_CANDIDATE,prism_dev,41,10939,0.25,,controllers/alarms/archive/OKUMA_ALARMS.json
extracted,controllers,misc,WIRE_CANDIDATE,prism_dev,11168,285001,0.2,,controllers/alarms/archive/OKUMA_ALARMS_COMPLETE.json
extracted,controllers,misc,WIRE_CANDIDATE,prism_dev,90,20373,0.2,,controllers/alarms/archive/OKUMA_ALARMS_EXPANDED.json
extracted,controllers,misc,WIRE_CANDIDATE,prism_dev,51,16795,0.2,,controllers/alarms/archive/SIEMENS_ALARMS.json
extracted,controllers,misc,WIRE_CANDIDATE,prism_dev,17337,474073,0.2,,controllers/alarms/archive/SIEMENS_ALARMS_COMPLETE.json
extracted,controllers,misc,WIRE_CANDIDATE,prism_dev,77,17186,0.167,,controllers/alarms/archive/SIEMENS_ALARMS_EXPANDED.json
extracted,controllers,misc,WIRE_CANDIDATE,prism_dev,80,18207,0,,controllers/alarms/BROTHER_ALARMS.json
extracted,controllers,misc,WIRE_CANDIDATE,prism_dev,5224,136161,0.2,,controllers/alarms/BROTHER_ALARMS_COMPLETE.json
extracted,controllers,misc,WIRE_CANDIDATE,prism_dev,15122,415383,0.2,,controllers/alarms/BROTHER_ALARMS_MASTER.json
extracted,controllers,misc,WIRE_CANDIDATE,prism_dev,4002,104811,0.167,,controllers/alarms/DMG_MORI_ALARMS_COMPLETE.json
extracted,controllers,misc,WIRE_CANDIDATE,prism_dev,9818,269442,0.167,,controllers/alarms/DMG_MORI_ALARMS_MASTER.json
extracted,controllers,misc,WIRE_CANDIDATE,prism_dev,4223,110153,0.2,,controllers/alarms/DOOSAN_ALARMS_COMPLETE.json
extracted,controllers,misc,WIRE_CANDIDATE,prism_dev,10427,287232,0.2,,controllers/alarms/DOOSAN_ALARMS_MASTER.json
extracted,controllers,misc,WIRE_CANDIDATE,prism_dev,5601,144599,0.2,,controllers/alarms/FAGOR_ALARMS_COMPLETE.json
extracted,controllers,misc,WIRE_CANDIDATE,prism_dev,13401,368078,0.2,,controllers/alarms/FAGOR_ALARMS_MASTER.json
extracted,controllers,misc,WIRE_CANDIDATE,prism_dev,102,41479,0.25,,controllers/alarms/FANUC_ALARMS.json
extracted,controllers,misc,WIRE_CANDIDATE,prism_dev,19756,551752,0.2,,controllers/alarms/FANUC_ALARMS_COMPLETE.json
extracted,controllers,misc,WIRE_CANDIDATE,prism_dev,134,33443,0.2,,controllers/alarms/FANUC_ALARMS_EXPANDED.json
extracted,controllers,misc,WIRE_CANDIDATE,prism_dev,57503,1617871,0.2,,controllers/alarms/FANUC_ALARMS_MASTER.json
extracted,controllers,misc,WIRE_CANDIDATE,prism_dev,65,23015,0.25,,controllers/alarms/HAAS_ALARMS.json
extracted,controllers,misc,WIRE_CANDIDATE,prism_dev,14897,391603,0.2,,controllers/alarms/HAAS_ALARMS_COMPLETE.json
extracted,controllers,misc,WIRE_CANDIDATE,prism_dev,92,21714,0.2,,controllers/alarms/HAAS_ALARMS_EXPANDED.json
extracted,controllers,misc,WIRE_CANDIDATE,prism_dev,40623,1112288,0.2,,controllers/alarms/HAAS_ALARMS_MASTER.json
extracted,controllers,ai_ml,WIRE_CANDIDATE,prism_ai,46,14091,0,,controllers/alarms/HEIDENHAIN_ALARMS.json
extracted,controllers,ai_ml,WIRE_CANDIDATE,prism_ai,10905,281669,0.2,,controllers/alarms/HEIDENHAIN_ALARMS_COMPLETE.json
extracted,controllers,ai_ml,WIRE_CANDIDATE,prism_ai,108,26042,0,,controllers/alarms/HEIDENHAIN_ALARMS_EXPANDED.json
extracted,controllers,ai_ml,WIRE_CANDIDATE,prism_ai,28573,754036,0.2,,controllers/alarms/HEIDENHAIN_ALARMS_MASTER.json
extracted,controllers,misc,WIRE_CANDIDATE,prism_dev,5770,151332,0.2,,controllers/alarms/HURCO_ALARMS_COMPLETE.json
extracted,controllers,misc,WIRE_CANDIDATE,prism_dev,14045,379330,0.333,HurcoV11MillMasterPostEngine,controllers/alarms/HURCO_ALARMS_MASTER.json
extracted,controllers,database,DATABASE,prism_data,43567,1389006,0.2,,controllers/alarms/MASTER_ALARM_DATABASE.json
extracted,controllers,database,DATABASE,prism_data,18907,549938,0.167,,controllers/alarms/MASTER_ALARM_DATABASE_ACCURATE.json
extracted,controllers,misc,WIRE_CANDIDATE,prism_dev,41,11293,0,,controllers/alarms/MAZAK_ALARMS.json
extracted,controllers,misc,WIRE_CANDIDATE,prism_dev,13144,340117,0.2,,controllers/alarms/MAZAK_ALARMS_COMPLETE.json
extracted,controllers,misc,WIRE_CANDIDATE,prism_dev,92,20884,0,,controllers/alarms/MAZAK_ALARMS_EXPANDED.json
extracted,controllers,misc,WIRE_CANDIDATE,prism_dev,37752,1031900,0.2,,controllers/alarms/MAZAK_ALARMS_MASTER.json
extracted,controllers,misc,WIRE_CANDIDATE,prism_dev,79,18997,0.25,,controllers/alarms/MITSUBISHI_ALARMS.json
extracted,controllers,misc,WIRE_CANDIDATE,prism_dev,10593,276046,0.2,,controllers/alarms/MITSUBISHI_ALARMS_COMPLETE.json
extracted,controllers,misc,WIRE_CANDIDATE,prism_dev,29118,811527,0.2,,controllers/alarms/MITSUBISHI_ALARMS_MASTER.json
extracted,controllers,misc,WIRE_CANDIDATE,prism_dev,41,10939,0.25,,controllers/alarms/OKUMA_ALARMS.json
extracted,controllers,misc,WIRE_CANDIDATE,prism_dev,11168,285001,0.2,,controllers/alarms/OKUMA_ALARMS_COMPLETE.json
extracted,controllers,misc,WIRE_CANDIDATE,prism_dev,90,20373,0.2,,controllers/alarms/OKUMA_ALARMS_EXPANDED.json
extracted,controllers,misc,WIRE_CANDIDATE,prism_dev,27959,735600,0.333,OkumaB250LatheMasterPostEngine,controllers/alarms/OKUMA_ALARMS_MASTER.json
extracted,controllers,misc,WIRE_CANDIDATE,prism_dev,51,16795,0.2,,controllers/alarms/SIEMENS_ALARMS.json
extracted,controllers,misc,WIRE_CANDIDATE,prism_dev,17337,474073,0.2,,controllers/alarms/SIEMENS_ALARMS_COMPLETE.json
extracted,controllers,misc,WIRE_CANDIDATE,prism_dev,77,17186,0.167,,controllers/alarms/SIEMENS_ALARMS_EXPANDED.json
extracted,controllers,misc,WIRE_CANDIDATE,prism_dev,42444,1159025,0.2,,controllers/alarms/SIEMENS_ALARMS_MASTER.json
extracted,controllers,misc,WIRE_CANDIDATE,prism_dev,1107,31292,0,,controllers/alarms_accurate/BROTHER_ALARMS_FINAL.json
extracted,controllers,misc,WIRE_CANDIDATE,prism_dev,1497,43015,0,,controllers/alarms_accurate/DMG_MORI_ALARMS_FINAL.json
extracted,controllers,misc,WIRE_CANDIDATE,prism_dev,1752,50097,0,,controllers/alarms_accurate/DOOSAN_ALARMS_FINAL.json
extracted,controllers,misc,WIRE_CANDIDATE,prism_dev,1542,43367,0,,controllers/alarms_accurate/FAGOR_ALARMS_FINAL.json
extracted,controllers,misc,WIRE_CANDIDATE,prism_dev,1106,36391,0.2,,controllers/alarms_accurate/FANUC_ALARMS_ACCURATE.json
extracted,controllers,misc,WIRE_CANDIDATE,prism_dev,1105,36330,0.2,,controllers/alarms_accurate/FANUC_ALARMS_FINAL.json
extracted,controllers,misc,WIRE_CANDIDATE,prism_dev,1063,33782,0.2,,controllers/alarms_accurate/HAAS_ALARMS_ACCURATE.json
extracted,controllers,misc,WIRE_CANDIDATE,prism_dev,1062,33718,0.2,,controllers/alarms_accurate/HAAS_ALARMS_FINAL.json
extracted,controllers,ai_ml,WIRE_CANDIDATE,prism_ai,2397,68030,0,,controllers/alarms_accurate/HEIDENHAIN_ALARMS_FINAL.json
extracted,controllers,misc,WIRE_CANDIDATE,prism_dev,1422,40466,0.2,,controllers/alarms_accurate/HURCO_ALARMS_FINAL.json
extracted,controllers,misc,WIRE_CANDIDATE,prism_dev,1962,56279,0,,controllers/alarms_accurate/MAZAK_ALARMS_FINAL.json
extracted,controllers,misc,WIRE_CANDIDATE,prism_dev,1752,50065,0.2,,controllers/alarms_accurate/MITSUBISHI_ALARMS_FINAL.json
extracted,controllers,misc,WIRE_CANDIDATE,prism_dev,2682,76941,0.2,,controllers/alarms_accurate/OKUMA_ALARMS_FINAL.json
extracted,controllers,misc,WIRE_CANDIDATE,prism_dev,726,23081,0.167,,controllers/alarms_accurate/SIEMENS_ALARMS_ACCURATE.json
extracted,controllers,misc,WIRE_CANDIDATE,prism_dev,725,23003,0.167,,controllers/alarms_accurate/SIEMENS_ALARMS_FINAL.json
extracted,controllers,misc,WIRE_CANDIDATE,prism_dev,1107,31221,0,,controllers/alarms_verified/BROTHER_ALARMS_VERIFIED.json
extracted,controllers,misc,WIRE_CANDIDATE,prism_dev,1497,42944,0,,controllers/alarms_verified/DMG_MORI_ALARMS_VERIFIED.json
extracted,controllers,misc,WIRE_CANDIDATE,prism_dev,1752,50026,0,,controllers/alarms_verified/DOOSAN_ALARMS_VERIFIED.json
extracted,controllers,misc,WIRE_CANDIDATE,prism_dev,1542,43296,0,,controllers/alarms_verified/FAGOR_ALARMS_VERIFIED.json
extracted,controllers,misc,WIRE_CANDIDATE,prism_dev,5547,169714,0.2,,controllers/alarms_verified/FANUC_ALARMS_VERIFIED.json
extracted,controllers,misc,WIRE_CANDIDATE,prism_dev,3306,96740,0.2,,controllers/alarms_verified/HAAS_ALARMS_VERIFIED.json
extracted,controllers,ai_ml,WIRE_CANDIDATE,prism_ai,2397,67959,0,,controllers/alarms_verified/HEIDENHAIN_ALARMS_VERIFIED.json
extracted,controllers,misc,WIRE_CANDIDATE,prism_dev,1422,40395,0.2,,controllers/alarms_verified/HURCO_ALARMS_VERIFIED.json
extracted,controllers,misc,WIRE_CANDIDATE,prism_dev,1962,56208,0,,controllers/alarms_verified/MAZAK_ALARMS_VERIFIED.json
extracted,controllers,misc,WIRE_CANDIDATE,prism_dev,1752,49994,0.2,,controllers/alarms_verified/MITSUBISHI_ALARMS_VERIFIED.json
extracted,controllers,misc,WIRE_CANDIDATE,prism_dev,2682,76870,0.2,,controllers/alarms_verified/OKUMA_ALARMS_VERIFIED.json
extracted,controllers,misc,WIRE_CANDIDATE,prism_dev,3252,94423,0.167,,controllers/alarms_verified/SIEMENS_ALARMS_VERIFIED.json
extracted,controllers,database,META,,400,12178,0,,controllers/ALARM_DB_ROADMAP_v1.md
extracted,controllers,misc,WIRE_CANDIDATE,prism_dev,181,5684,0.2,,controllers/ALARM_FIX_PROCEDURES.json
extracted,controllers,misc,WIRE_CANDIDATE,prism_dev,333,11850,0.4,LatheQualityGateEngine,controllers/alarm_quality_gate.py
extracted,controllers,misc,WIRE_CANDIDATE,prism_dev,118,3611,0.25,,controllers/ALARM_SCHEMA.json
extracted,controllers,misc,WIRE_CANDIDATE,prism_dev,615,34773,0.25,,controllers/alarm_swarm_generator.py
extracted,controllers,misc,WIRE_CANDIDATE,prism_dev,142,4231,0.333,AuditEngine,controllers/audit_alarms.py
extracted,controllers,misc,WIRE_CANDIDATE,prism_dev,105,3450,0.25,,controllers/autonomous_extraction.py
extracted,controllers,util,WIRE_CANDIDATE,n/a,120,22437,0.2,,controllers/build_fanuc_accurate.py
extracted,controllers,util,WIRE_CANDIDATE,n/a,137,35480,0.2,,controllers/build_fanuc_complete.py
extracted,controllers,util,WIRE_CANDIDATE,n/a,111,19967,0.2,,controllers/build_haas_accurate.py
extracted,controllers,util,WIRE_CANDIDATE,n/a,95,19777,0.2,,controllers/build_haas_complete.py
extracted,controllers,util,WIRE_CANDIDATE,n/a,71,15689,0.2,,controllers/build_mazak_complete.py
extracted,controllers,ai_ml,WIRE_CANDIDATE,prism_ai,682,42725,0.2,,controllers/build_remaining_controllers.py
extracted,controllers,util,WIRE_CANDIDATE,n/a,91,14021,0.2,,controllers/build_siemens_accurate.py
extracted,controllers,util,WIRE_CANDIDATE,n/a,65,12398,0.2,,controllers/build_siemens_complete.py
extracted,controllers,misc,WIRE_CANDIDATE,prism_dev,153,5256,0,,controllers/consolidate_accurate.py
extracted,controllers,misc,WIRE_CANDIDATE,prism_dev,170,5246,0,,controllers/consolidate_v2.py
extracted,controllers,database,DATABASE,prism_data,351,9560,0.25,,controllers/CONTROLLER_DATABASE.json
extracted,controllers,misc,WIRE_CANDIDATE,prism_dev,182,7450,0.25,,controllers/CONTROLLER_SCHEMA.json
extracted,controllers,misc,WIRE_CANDIDATE,prism_dev,803,30243,0,,controllers/expand_phase10_doosan_more.py
extracted,controllers,misc,WIRE_CANDIDATE,prism_dev,690,27232,0.125,,controllers/expand_phase11_siemens_sinamics_mazak.py
extracted,controllers,ai_ml,WIRE_CANDIDATE,prism_ai,659,25041,0.143,,controllers/expand_phase12_mitsubishi_heidenhain_brother.py
extracted,controllers,misc,WIRE_CANDIDATE,prism_dev,280,17319,0,,controllers/expand_phase13_final.py
extracted,controllers,misc,WIRE_CANDIDATE,prism_dev,129,8238,0.143,,controllers/expand_phase14_final_target.py
extracted,controllers,misc,WIRE_CANDIDATE,prism_dev,328,20862,0.143,,controllers/expand_phase15_fagor_hurco_brother.py
extracted,controllers,misc,WIRE_CANDIDATE,prism_dev,293,18198,0.125,,controllers/expand_phase16_dmg_doosan_siemens.py
extracted,controllers,ai_ml,WIRE_CANDIDATE,prism_ai,277,17288,0.143,,controllers/expand_phase17_fanuc_okuma_heidenhain.py
extracted,controllers,misc,WIRE_CANDIDATE,prism_dev,301,19377,0.143,,controllers/expand_phase18_mazak_haas_mitsubishi.py
extracted,controllers,misc,WIRE_CANDIDATE,prism_dev,159,9294,0,,controllers/expand_phase19_final_2500.py
extracted,controllers,misc,WIRE_CANDIDATE,prism_dev,1265,55836,0,,controllers/expand_phase3.py
extracted,controllers,misc,WIRE_CANDIDATE,prism_dev,1079,46943,0,,controllers/expand_phase4.py
extracted,controllers,misc,WIRE_CANDIDATE,prism_dev,734,30413,0,,controllers/expand_phase5.py
extracted,controllers,misc,WIRE_CANDIDATE,prism_dev,705,27995,0.2,,controllers/expand_phase6_haas.py
extracted,controllers,misc,WIRE_CANDIDATE,prism_dev,503,20138,0.167,,controllers/expand_phase7_fanuc_okuma.py
extracted,controllers,misc,WIRE_CANDIDATE,prism_dev,856,34956,0.143,,controllers/expand_phase8_siemens_mazak.py
extracted,controllers,ai_ml,WIRE_CANDIDATE,prism_ai,753,29310,0.167,,controllers/expand_phase9_heidenhain_mitsubishi.py
extracted,controllers,misc,WIRE_CANDIDATE,prism_dev,57,1881,0.2,,controllers/fix_families.py
extracted,controllers,misc,WIRE_CANDIDATE,prism_dev,91,2776,0.2,,controllers/fix_families_v2.py
extracted,controllers,misc,WIRE_CANDIDATE,prism_dev,107,3090,0.2,,controllers/FIX_PROCEDURE_SCHEMA.json
extracted,controllers,database,DATABASE,prism_data,66,15642,0.2,,controllers/GCODE_MCODE_DATABASE.json
extracted,controllers,database,DATABASE,prism_data,4768,148844,0.2,,controllers/MASTER_ALARM_DATABASE.json
extracted,controllers,database,DATABASE,prism_data,18907,549938,0.167,,controllers/MASTER_ALARM_DATABASE_ACCURATE.json
extracted,controllers,database,DATABASE,prism_data,21357,651934,0.2,,controllers/MASTER_ALARM_DATABASE_v2.json
extracted,controllers,database,DATABASE,prism_data,43567,1389006,0.2,,controllers/MASTER_ALARM_DATABASE_v3.json
extracted,controllers,misc,WIRE_CANDIDATE,prism_dev,89,4803,0.25,,controllers/ORCHESTRATION_STATE.json
extracted,controllers,misc,META,,205,5228,0,,controllers/PROJECT_ROADMAP_FOR_CLAUDE.md
extracted,controllers,util,WIRE_CANDIDATE,n/a,126,3840,0,,controllers/rebuild_accurate.py
extracted,controllers,misc,WIRE_CANDIDATE,prism_dev,101,3612,0.143,,controllers/remove_generic_fix_procedures.py
extracted,controllers,misc,WIRE_CANDIDATE,prism_dev,444,17029,0.143,,controllers/scripts/add_fix_procedures_phase1_fanuc.py
extracted,controllers,misc,WIRE_CANDIDATE,prism_dev,181,10504,0.125,,controllers/scripts/add_fix_procedures_phase2_all.py
extracted,controllers,misc,WIRE_CANDIDATE,prism_dev,140,4168,0,,controllers/strip_generic.py
extracted,controllers,misc,WIRE_CANDIDATE,prism_dev,4253,170560,0.167,,controllers/VERIFIED_FIX_PROCEDURES.json
extracted,core,misc,DATABASE,prism_data,195,6586,0.333,CADAdapterRegistry,core/PRISM_CAPABILITY_REGISTRY.js
extracted,core,misc,WIRE_CANDIDATE,prism_dev,2462,111848,0.2,,core/PRISM_CONSTANTS.js
extracted,core,misc,WIRE_CANDIDATE,prism_dev,356,21736,0.333,LatheMasterOrchestratorFacadeEngine,core/PRISM_ENHANCED_MASTER_ORCHESTRATOR.js
extracted,core,misc,WIRE_CANDIDATE,prism_dev,61,2275,0,,core/PRISM_ENHANCEMENTS.js
extracted,core,misc,WIRE_CANDIDATE,prism_dev,216,8792,0.333,MasterIndexEngine,core/PRISM_MASTER.js
extracted,core,database,DATABASE,prism_data,132,5105,0.25,,core/PRISM_MASTER_DB.js
extracted,core,misc,WIRE_CANDIDATE,prism_dev,697,24665,0.4,LatheMasterOrchestratorFacadeEngine,core/PRISM_MASTER_ORCHESTRATOR.js
extracted,core,cam,DATABASE,prism_data,613,32092,0.25,,core/PRISM_MASTER_TOOLPATH_REGISTRY.js
extracted,core,engine,STUB,,11,628,0,,core/PRISM_PARAM_ENGINE.js
extracted,core,misc,WIRE_CANDIDATE,prism_dev,146,7090,0.25,,core/PRISM_UNIFIED_WORKFLOW.js
extracted,core,misc,WIRE_CANDIDATE,prism_dev,224,8641,0.333,FormulaOrchestrator,core/PRISM_WORKFLOW_ORCHESTRATOR_V2.js
extracted,engines,ai_ml,WIRE_CANDIDATE,prism_ai,207,7411,0.4,ActiveLearningStrategyEngine,engines/ai_complete/PRISM_ACTIVE_LEARNING_COMPLETE.js
extracted,engines,misc,WIRE_CANDIDATE,prism_dev,301,13444,0.25,,engines/ai_complete/PRISM_ATTENTION_COMPLETE.js
extracted,engines,misc,WIRE_CANDIDATE,prism_dev,606,25618,0.333,ClusteringEngine,engines/ai_complete/PRISM_CLUSTERING_COMPLETE.js
extracted,engines,misc,WIRE_CANDIDATE,prism_dev,436,18567,0.25,,engines/ai_complete/PRISM_GNN_COMPLETE.js
extracted,engines,misc,WIRE_CANDIDATE,prism_dev,328,12096,0.25,,engines/ai_complete/PRISM_HYPEROPT_COMPLETE.js
extracted,engines,misc,WIRE_CANDIDATE,prism_dev,212,7124,0.2,,engines/ai_complete/PRISM_LR_SCHEDULER_COMPLETE.js
extracted,engines,misc,WIRE_CANDIDATE,prism_dev,65,3344,0.25,,engines/ai_complete/PRISM_NORMALIZATION_COMPLETE.js
extracted,engines,ai_ml,WIRE_CANDIDATE,prism_ai,461,20094,0.333,MillingOnlineLearningTrackerEngine,engines/ai_complete/PRISM_ONLINE_LEARNING_COMPLETE.js
extracted,engines,algorithm,WIRE_CANDIDATE,prism_calc,200,8071,0.333,OptimizationEngine,engines/ai_complete/PRISM_OPTIMIZATION_COMPLETE.js
extracted,engines,misc,WIRE_CANDIDATE,prism_dev,720,30524,0.25,,engines/ai_complete/PRISM_RL_COMPLETE.js
extracted,engines,misc,WIRE_CANDIDATE,prism_dev,781,30058,0.5,TimeSeriesARIMAEngine,engines/ai_complete/PRISM_TIME_SERIES_COMPLETE.js
extracted,engines,ai_ml,WIRE_CANDIDATE,prism_ai,223,7353,0.25,,engines/ai_complete/PRISM_UNCERTAINTY_COMPLETE.js
extracted,engines,ai_ml,WIRE_CANDIDATE,prism_ai,393,17362,0.25,,engines/ai_complete/PRISM_XAI_COMPLETE.js
extracted,engines,ai_ml,WIRE_CANDIDATE,prism_ai,353,9550,0.2,,engines/ai_ml/AI_ML_EXTRACTION_REPORT.json
extracted,engines,misc,WIRE_CANDIDATE,prism_dev,188,5295,0.25,,engines/ai_ml/EXTRACTION_MANIFEST.json
extracted,engines,engine,WIRE_CANDIDATE,prism_dev,164,4706,0.333,A2AProtocolEngine,engines/ai_ml/PRISM_ACTIVATIONS_ENGINE.js
extracted,engines,misc,WIRE_CANDIDATE,prism_dev,726,26124,0.333,AdvancedCalculations,engines/ai_ml/PRISM_ADVANCED_DQN.js
extracted,engines,engine,WIRE_CANDIDATE,prism_dev,5229,315581,0.25,,engines/ai_ml/PRISM_AIRCUT_ELIMINATION_ENGINE.js
extracted,engines,engine,STUB,,16,460,0,,engines/ai_ml/PRISM_AI_100_ENGINE_WRAPPER.js
extracted,engines,ai_ml,WIRE_CANDIDATE,prism_ai,3677,167813,0.286,,engines/ai_ml/PRISM_AI_100_PHYSICS_GENERATOR.js
extracted,engines,ai_ml,WIRE_CANDIDATE,prism_ai,561,22311,0.2,,engines/ai_ml/PRISM_AI_AUTO_CAM.js
extracted,engines,ai_ml,WIRE_CANDIDATE,prism_ai,377,15487,0.2,,engines/ai_ml/PRISM_AI_COMPLETE_SYSTEM.js
extracted,engines,ai_ml,WIRE_CANDIDATE,prism_ai,383,17147,0.2,,engines/ai_ml/PRISM_AI_INTEGRATED_SYSTEM.js
extracted,engines,engine,WIRE_CANDIDATE,prism_dev,606,21683,0.5,LatheOrchestrationEngine,engines/ai_ml/PRISM_AI_ORCHESTRATION_ENGINE.js
extracted,engines,engine,WIRE_CANDIDATE,prism_dev,357,12568,0.5,PhysicsMLHybridEngine,engines/ai_ml/PRISM_AI_PHYSICS_ENGINE.js
extracted,engines,ai_ml,WIRE_CANDIDATE,prism_ai,201,13164,0.2,,engines/ai_ml/PRISM_AI_TRAINING_DATA.js
extracted,engines,misc,STUB,,9,335,0,,engines/ai_ml/PRISM_ATTENTION_COMPLETE.js
extracted,engines,engine,PARTIAL_OVERLAP,prism_dev,282,9546,0.667,WEDMGraphAttentionEngine,engines/ai_ml/PRISM_ATTENTION_ENGINE.js
extracted,engines,misc,WIRE_CANDIDATE,prism_dev,147,8050,0,,engines/ai_ml/PRISM_AUTOENCODER.js
extracted,engines,engine,WIRE_CANDIDATE,prism_dev,368,12833,0.5,FiveAxisDeepLearningEngine,engines/ai_ml/PRISM_AXIS_BEHAVIOR_LEARNING_ENGINE.js
extracted,engines,ai_ml,WIRE_CANDIDATE,prism_ai,283,10381,0.25,,engines/ai_ml/PRISM_BAYESIAN_LEARNING.js
extracted,engines,misc,WIRE_CANDIDATE,prism_dev,236,8547,0.25,,engines/ai_ml/PRISM_BAYESIAN_SYSTEM.js
extracted,engines,tool,PARTIAL_OVERLAP,prism_data,370,13609,0.75,BayesianToolLifeEngine,engines/ai_ml/PRISM_BAYESIAN_TOOL_LIFE.js
extracted,engines,engine,WIRE_CANDIDATE,prism_dev,216,9198,0.5,CalculatorPRISMModeEngine,engines/ai_ml/PRISM_CALCULATOR_CONSTRAINT_ENGINE.js
extracted,engines,engine,WIRE_CANDIDATE,prism_dev,282,13227,0.5,AIResourceLearningEngine,engines/ai_ml/PRISM_CALCULATOR_LEARNING_ENGINE.js
extracted,engines,engine,WIRE_CANDIDATE,prism_dev,156,9003,0.5,AcquisitionRecommendationEngine,engines/ai_ml/PRISM_CALCULATOR_RECOMMENDATION_ENGINE.js
extracted,engines,engine,WIRE_CANDIDATE,prism_dev,333,12141,0.5,AIResourceLearningEngine,engines/ai_ml/PRISM_CAM_LEARNING_ENGINE.js
extracted,engines,engine,DUP_KEEP_EXISTING,prism_dev,472,15657,0.99,ClusteringEngine,engines/ai_ml/PRISM_CLUSTERING_ENGINE.js
extracted,engines,engine,STUB,,7,285,0,,engines/ai_ml/PRISM_CNN_ENGINE.js
extracted,engines,engine,WIRE_CANDIDATE,prism_dev,327,10281,0.4,AIResourceLearningEngine,engines/ai_ml/PRISM_COMPLEX_CAD_LEARNING_ENGINE.js
extracted,engines,engine,WIRE_CANDIDATE,prism_dev,449,14201,0.5,ConstraintSatisfactionEngine,engines/ai_ml/PRISM_CONTACT_CONSTRAINT_ENGINE.js
extracted,engines,engine,WIRE_CANDIDATE,prism_dev,498,15820,0.4,AIResourceLearningEngine,engines/ai_ml/PRISM_CONTACT_CONSTRAINT_LEARNING_ENGINE.js
extracted,engines,engine,WIRE_CANDIDATE,prism_dev,362,16266,0.4,PrismEnhancedRecommenderEngine,engines/ai_ml/PRISM_CSP_ENHANCED_ENGINE.js
extracted,engines,engine,DUP_KEEP_EXISTING,prism_dev,3173,125968,0.99,DecisionTreeEngine,engines/ai_ml/PRISM_DECISION_TREE_ENGINE.js
extracted,engines,ai_ml,STUB,,20,720,0,,engines/ai_ml/PRISM_DEEP_LEARNING.js
extracted,engines,misc,PARTIAL_OVERLAP,prism_dev,602,22501,0.667,DifferentialEvolutionEngine,engines/ai_ml/PRISM_DIFFERENTIAL_EVOLUTION.js
extracted,engines,misc,WIRE_CANDIDATE,prism_dev,601,20087,0,,engines/ai_ml/PRISM_DL.js
extracted,engines,engine,WIRE_CANDIDATE,prism_dev,137,5117,0.333,A2AProtocolEngine,engines/ai_ml/PRISM_DQN_ENGINE.js
extracted,engines,engine,WIRE_CANDIDATE,prism_dev,261,9073,0.5,EnsembleModelSelectorEngine,engines/ai_ml/PRISM_ENSEMBLE_ENGINE.js
extracted,engines,ai_ml,WIRE_CANDIDATE,prism_ai,171,5045,0.25,,engines/ai_ml/PRISM_FAILSAFE_GENERATOR.js
extracted,engines,engine,PARTIAL_OVERLAP,prism_dev,387,14970,0.75,SketchConstraintEngine,engines/ai_ml/PRISM_FUSION_SKETCH_CONSTRAINT_ENGINE.js
extracted,engines,engine,WIRE_CANDIDATE,prism_dev,632,24396,0.333,A2AProtocolEngine,engines/ai_ml/PRISM_GA_ENGINE.js
extracted,engines,misc,WIRE_CANDIDATE,prism_dev,206,10337,0.25,,engines/ai_ml/PRISM_GRADIENT_BOOSTING.js
extracted,engines,engine,DUP_KEEP_EXISTING,prism_dev,442,17064,0.99,GraphAlgorithmsEngine,engines/ai_ml/PRISM_GRAPH_ALGORITHMS_ENGINE.js
extracted,engines,engine,WIRE_CANDIDATE,prism_dev,1613,60140,0.5,DecisionReasoningEngine,engines/ai_ml/PRISM_INTELLIGENT_DECISION_ENGINE.js
extracted,engines,ai_ml,PARTIAL_OVERLAP,prism_ai,1472,68196,0.6,KaizenLeanSigmaEngine,engines/ai_ml/PRISM_LEAN_SIX_SIGMA_KAIZEN.js
extracted,engines,engine,WIRE_CANDIDATE,prism_dev,146,4450,0.25,,engines/ai_ml/PRISM_LOSS_FUNCTIONS_ENGINE.js
extracted,engines,engine,WIRE_CANDIDATE,prism_dev,70,3241,0.333,A2AProtocolEngine,engines/ai_ml/PRISM_LSTM_ENGINE.js
extracted,engines,engine,PARTIAL_OVERLAP,prism_dev,383,20181,0.6,MachineLearningFeedbackEngine,engines/ai_ml/PRISM_MACHINE_3D_LEARNING_ENGINE.js
extracted,engines,engine,PARTIAL_OVERLAP,prism_dev,568,21821,0.667,MeshEngine,engines/ai_ml/PRISM_MESH_REPAIR_ENGINE.js
extracted,engines,ai_ml,WIRE_CANDIDATE,prism_ai,949,37020,0,,engines/ai_ml/PRISM_ML.js
extracted,engines,algorithm,WIRE_CANDIDATE,prism_calc,748,28070,0.25,,engines/ai_ml/PRISM_ML_ALGORITHMS.js
extracted,engines,ai_ml,WIRE_CANDIDATE,prism_ai,287,10276,0.5,FeatureRecognitionEngine,engines/ai_ml/PRISM_ML_FEATURE_RECOGNITION.js
extracted,engines,engine,WIRE_CANDIDATE,prism_dev,286,10847,0.5,CADWorldModelEngine,engines/ai_ml/PRISM_MODEL_COMPRESSION_ENGINE.js
extracted,engines,engine,DUP_KEEP_EXISTING,prism_dev,350,12704,0.99,MonteCarloEngine,engines/ai_ml/PRISM_MONTE_CARLO_ENGINE.js
extracted,engines,engine,WIRE_CANDIDATE,prism_dev,332,13938,0.5,NeuralCADGenerationEngine,engines/ai_ml/PRISM_NEURAL_ENGINE_ENHANCED.js
extracted,engines,ai_ml,WIRE_CANDIDATE,prism_ai,107,4670,0.5,MillNeuralNetworkEngine,engines/ai_ml/PRISM_NEURAL_NETWORK.js
extracted,engines,engine,WIRE_CANDIDATE,prism_dev,182,6040,0.333,A2AProtocolEngine,engines/ai_ml/PRISM_NLP_ENGINE.js
extracted,engines,engine,WIRE_CANDIDATE,prism_dev,278,8126,0.333,A2AProtocolEngine,engines/ai_ml/PRISM_OCR_ENGINE.js
extracted,engines,engine,WIRE_CANDIDATE,prism_dev,315,13650,0.333,A2AProtocolEngine,engines/ai_ml/PRISM_OPTIMIZERS_ENGINE.js
extracted,engines,algorithm,WIRE_CANDIDATE,prism_calc,175,9529,0.333,AdvancedCalculations,engines/ai_ml/PRISM_OPTIMIZER_ADVANCED.js
extracted,engines,ai_ml,WIRE_CANDIDATE,prism_ai,637,20040,0.2,,engines/ai_ml/PRISM_PARAMETRIC_CONSTRAINT_SOLVER.js
extracted,engines,misc,WIRE_CANDIDATE,prism_dev,839,30059,0.25,,engines/ai_ml/PRISM_PHASE3_ADVANCED_RL.js
extracted,engines,ai_ml,WIRE_CANDIDATE,prism_ai,660,24564,0.4,CNCControllerDeepLearningEngine,engines/ai_ml/PRISM_PHASE3_DEEP_LEARNING.js
extracted,engines,ai_ml,WIRE_CANDIDATE,prism_ai,316,13196,0,,engines/ai_ml/PRISM_PHASE6_DEEPLEARNING.js
extracted,engines,engine,WIRE_CANDIDATE,prism_dev,861,30995,0.5,AdaptiveChatterEngine,engines/ai_ml/PRISM_PIML_CHATTER_ENGINE.js
extracted,engines,engine,WIRE_CANDIDATE,prism_dev,420,17328,0.5,CausalReasoningEngine,engines/ai_ml/PRISM_PROBABILISTIC_REASONING_ENGINE.js
extracted,engines,algorithm,WIRE_CANDIDATE,prism_calc,863,34194,0.25,,engines/ai_ml/PRISM_PSO_OPTIMIZER.js
extracted,engines,engine,WIRE_CANDIDATE,prism_dev,12614,519277,0.333,A2AProtocolEngine,engines/ai_ml/PRISM_REGULARIZATION_ENGINE.js
extracted,engines,engine,PARTIAL_OVERLAP,prism_dev,720,26345,0.667,QLearningEngine,engines/ai_ml/PRISM_RL_QLEARNING_ENGINE.js
extracted,engines,engine,WIRE_CANDIDATE,prism_dev,85,3077,0.25,,engines/ai_ml/PRISM_RL_SARSA_ENGINE.js
extracted,engines,engine,WIRE_CANDIDATE,prism_dev,304,13705,0.5,DistributorSearchEngine,engines/ai_ml/PRISM_SEARCH_ENHANCED_ENGINE.js
extracted,engines,engine,WIRE_CANDIDATE,prism_dev,199,7705,0.5,CADWorldModelEngine,engines/ai_ml/PRISM_SEQUENCE_MODEL_ENGINE.js
extracted,engines,misc,PARTIAL_OVERLAP,prism_dev,570,21471,0.667,SimulatedAnnealingEngine,engines/ai_ml/PRISM_SIMULATED_ANNEALING.js
extracted,engines,engine,DUP_KEEP_EXISTING,prism_dev,268,12447,0.99,TransformerEngine,engines/ai_ml/PRISM_TRANSFORMER_ENGINE.js
extracted,engines,ai_ml,WIRE_CANDIDATE,prism_ai,289,11819,0.2,,engines/ai_ml/PRISM_TRUE_AI_SYSTEM.js
extracted,engines,ai_ml,WIRE_CANDIDATE,prism_ai,5390,197587,0.2,,engines/ai_ml/PRISM_UNIFIED_CAD_LEARNING_SYSTEM.js
extracted,engines,engine,WIRE_CANDIDATE,prism_dev,194,7586,0.5,AIResourceLearningEngine,engines/ai_ml/PRISM_UNIFIED_LEARNING_ENGINE.js
extracted,engines,engine,DUP_KEEP_EXISTING,prism_dev,335,11909,0.99,XAIEngine,engines/ai_ml/PRISM_XAI_ENGINE.js
extracted,engines,engine,PARTIAL_OVERLAP,prism_dev,184,6704,0.667,FinancialAnalysisEngine,engines/business/PRISM_FINANCIAL_ENGINE.js
extracted,engines,engine,PARTIAL_OVERLAP,prism_dev,160,5786,0.667,ContextInventoryEngine,engines/business/PRISM_INVENTORY_ENGINE.js
extracted,engines,engine,DUP_KEEP_EXISTING,prism_dev,380,13956,0.99,JobCostingEngine,engines/business/PRISM_JOB_COSTING_ENGINE.js
extracted,engines,engine,DUP_KEEP_EXISTING,prism_dev,927,39695,0.99,JobShopSchedulingEngine,engines/business/PRISM_JOB_SHOP_SCHEDULING_ENGINE.js
extracted,engines,engine,WIRE_CANDIDATE,prism_dev,247,8155,0.5,CertificationTrackingEngine,engines/business/PRISM_JOB_TRACKING_ENGINE.js
extracted,engines,misc,PARTIAL_OVERLAP,prism_dev,331,13090,0.667,OrderManagerEngine,engines/business/PRISM_ORDER_MANAGER.js
extracted,engines,misc,WIRE_CANDIDATE,prism_dev,343,18007,0.25,,engines/business/PRISM_PURCHASING_SYSTEM.js
extracted,engines,engine,DUP_KEEP_EXISTING,prism_dev,216,8064,0.99,QuotingEngine,engines/business/PRISM_QUOTING_ENGINE.js
extracted,engines,engine,DUP_KEEP_EXISTING,prism_dev,413,17922,0.99,ReportingEngine,engines/business/PRISM_REPORTING_ENGINE.js
extracted,engines,engine,DUP_KEEP_EXISTING,prism_dev,183,6024,0.99,SchedulingEngine,engines/business/PRISM_SCHEDULING_ENGINE.js
extracted,engines,misc,WIRE_CANDIDATE,prism_dev,271,10523,0.25,,engines/business/PRISM_SUBSCRIPTION_SYSTEM.js
extracted,engines,engine,DUP_KEEP_EXISTING,prism_dev,438,17304,0.99,AdaptiveClearingEngine,engines/cad_cam/PRISM_ADAPTIVE_CLEARING_ENGINE.js
extracted,engines,engine,DUP_KEEP_EXISTING,prism_dev,219,7128,1,AdaptiveTessellationEngine,engines/cad_cam/PRISM_ADAPTIVE_TESSELLATION_ENGINE_V2.js
extracted,engines,engine,WIRE_CANDIDATE,prism_dev,485,17616,0.4,AdvancedCNCConfigEngine,engines/cad_cam/PRISM_ADVANCED_BLADE_SURFACE_ENGINE.js
extracted,engines,engine,WIRE_CANDIDATE,prism_dev,512,15789,0.4,AdvancedCNCConfigEngine,engines/cad_cam/PRISM_ADVANCED_SWEEP_LOFT_ENGINE.js
extracted,engines,geometry,WIRE_CANDIDATE,prism_cad,1294,44927,0.333,CadQueryCodeGeneratorEngine,engines/cad_cam/PRISM_BREP_CAD_GENERATOR_V2.js
extracted,engines,misc,PARTIAL_OVERLAP,prism_dev,725,22877,0.667,BRepTessellatorEngine,engines/cad_cam/PRISM_BREP_TESSELLATOR.js
extracted,engines,engine,DUP_KEEP_EXISTING,prism_dev,208,7812,0.99,BSplineEngine,engines/cad_cam/PRISM_BSPLINE_ENGINE.js
extracted,engines,engine,DUP_KEEP_EXISTING,prism_dev,6563,254644,0.99,BVHEngine,engines/cad_cam/PRISM_BVH_ENGINE.js
extracted,engines,geometry,WIRE_CANDIDATE,prism_cad,568,27670,0.333,CadCamHandoffEngine,engines/cad_cam/PRISM_CAD_CAM_INTEGRATION_HUB.js
extracted,engines,engine,WIRE_CANDIDATE,prism_dev,200,6654,0.5,AnchoredConfidenceEngine,engines/cad_cam/PRISM_CAD_CONFIDENCE_ENGINE.js
extracted,engines,geometry,WIRE_CANDIDATE,prism_cad,287,11351,0.25,,engines/cad_cam/PRISM_CAD_KERNEL_MIT.js
extracted,engines,geometry,WIRE_CANDIDATE,prism_cad,158,7949,0.333,CadBridge,engines/cad_cam/PRISM_CAD_MATH.js
extracted,engines,engine,WIRE_CANDIDATE,prism_dev,336,9993,0.4,DataQualityEngine,engines/cad_cam/PRISM_CAD_QUALITY_ASSURANCE_ENGINE.js
extracted,engines,cam,WIRE_CANDIDATE,prism_cam,1238,41769,0.2,,engines/cad_cam/PRISM_CAM_KERNEL_COMPLETE.js
extracted,engines,cam,WIRE_CANDIDATE,prism_cam,177,6535,0.2,,engines/cad_cam/PRISM_CAM_KERNEL_MIT.js
extracted,engines,engine,WIRE_CANDIDATE,prism_dev,163,5976,0.4,CamDesignEngine,engines/cad_cam/PRISM_CAM_TOOLPATH_PARAMETERS_ENGINE.js
extracted,engines,engine,WIRE_CANDIDATE,prism_dev,1318,49419,0.333,A2AProtocolEngine,engines/cad_cam/PRISM_CLIPPER2_ENGINE.js
extracted,engines,engine,DUP_KEEP_EXISTING,prism_dev,462,13575,0.99,ConstructionGeometryEngine,engines/cad_cam/PRISM_CONSTRUCTION_GEOMETRY_ENGINE.js
extracted,engines,engine,DUP_KEEP_EXISTING,prism_dev,320,11401,0.99,CurvatureAnalysisEngine,engines/cad_cam/PRISM_CURVATURE_ANALYSIS_ENGINE.js
extracted,engines,engine,WIRE_CANDIDATE,prism_dev,437,14579,0.5,MillTurnOrchestrationEngine,engines/cad_cam/PRISM_ENHANCED_MILL_TURN_CAM_ENGINE.js
extracted,engines,cam,WIRE_CANDIDATE,prism_cam,391,13561,0.333,LathePrintToolpathGeneratorEngine,engines/cad_cam/PRISM_ENHANCED_TOOLPATH_GENERATOR.js
extracted,engines,misc,WIRE_CANDIDATE,prism_dev,493,15228,0.2,,engines/cad_cam/PRISM_FEATURE_HISTORY_MANAGER.js
extracted,engines,engine,DUP_KEEP_EXISTING,prism_dev,880,33541,0.99,FeatureInteractionEngine,engines/cad_cam/PRISM_FEATURE_INTERACTION_ENGINE.js
extracted,engines,misc,WIRE_CANDIDATE,prism_dev,305,10751,0.5,FeatureRecognitionEngine,engines/cad_cam/PRISM_FEATURE_RECOGNITION_ENHANCED.js
extracted,engines,engine,DUP_KEEP_EXISTING,prism_dev,409,12820,0.99,FilletingEngine,engines/cad_cam/PRISM_FILLETING_ENGINE.js
extracted,engines,engine,PARTIAL_OVERLAP,prism_dev,386,14952,0.75,SketchConstraintEngine,engines/cad_cam/PRISM_FUSION_SKETCH_CONSTRAINT_ENGINE.js
extracted,engines,engine,DUP_KEEP_EXISTING,prism_dev,4051,165046,0.99,GeodesicDistanceEngine,engines/cad_cam/PRISM_GEODESIC_DISTANCE_ENGINE.js
extracted,engines,algorithm,PARTIAL_OVERLAP,prism_calc,387,14416,0.667,GeometryAlgorithmsEngine,engines/cad_cam/PRISM_GEOMETRY_ALGORITHMS.js
extracted,engines,misc,WIRE_CANDIDATE,prism_dev,154,5190,0.25,,engines/cad_cam/PRISM_INTELLIGENT_COLLISION_SYSTEM.js
extracted,engines,engine,DUP_KEEP_EXISTING,prism_dev,228,9907,0.99,IsosurfaceEngine,engines/cad_cam/PRISM_ISOSURFACE_ENGINE.js
extracted,engines,engine,PARTIAL_OVERLAP,prism_dev,556,14327,0.6,LathePrintToolpathGeneratorEngine,engines/cad_cam/PRISM_LATHE_TOOLPATH_ENGINE.js
extracted,engines,engine,DUP_KEEP_EXISTING,prism_dev,467,15144,0.99,MeshDecimationEngine,engines/cad_cam/PRISM_MESH_DECIMATION_ENGINE.js
extracted,engines,engine,WIRE_CANDIDATE,prism_dev,345,14639,0.4,CapacityPlanningEngine,engines/cad_cam/PRISM_MOTION_PLANNING_ENHANCED_ENGINE.js
extracted,engines,engine,DUP_KEEP_EXISTING,prism_dev,669,26950,0.99,MultiaxisToolpathEngine,engines/cad_cam/PRISM_MULTIAXIS_TOOLPATH_ENGINE.js
extracted,engines,engine,WIRE_CANDIDATE,prism_dev,140,5903,0.5,AdvancedCNCConfigEngine,engines/cad_cam/PRISM_NURBS_ADVANCED_ENGINE.js
extracted,engines,misc,WIRE_CANDIDATE,prism_dev,238,9939,0.25,,engines/cad_cam/PRISM_NURBS_LIBRARY.js
extracted,engines,engine,DUP_KEEP_EXISTING,prism_dev,122,5421,0.99,OffsetSurfaceEngine,engines/cad_cam/PRISM_OFFSET_SURFACE_ENGINE.js
extracted,engines,engine,WIRE_CANDIDATE,prism_dev,267,8481,0.4,ParametricSurfaceEngine,engines/cad_cam/PRISM_PARAMETRIC_CAD_ENHANCEMENT_ENGINE.js
extracted,engines,geometry,WIRE_CANDIDATE,prism_cad,81,3105,0.2,,engines/cad_cam/PRISM_REAL_CAD_PRIORITY_SYSTEM.js
extracted,engines,engine,STUB,,15,671,0,,engines/cad_cam/PRISM_REAL_TOOLPATH_ENGINE.js
extracted,engines,engine,DUP_KEEP_EXISTING,prism_dev,622,24969,0.99,RestMachiningEngine,engines/cad_cam/PRISM_REST_MACHINING_ENGINE.js
extracted,engines,engine,WIRE_CANDIDATE,prism_dev,296,10010,0.4,CamDesignEngine,engines/cad_cam/PRISM_SIEMENS_5AXIS_CAM_ENGINE.js
extracted,engines,engine,DUP_KEEP_EXISTING,prism_dev,249,9280,0.99,SilhouetteEngine,engines/cad_cam/PRISM_SILHOUETTE_ENGINE.js
extracted,engines,engine,DUP_KEEP_EXISTING,prism_dev,682,20460,0.99,SketchEngine,engines/cad_cam/PRISM_SKETCH_ENGINE.js
extracted,engines,engine,DUP_KEEP_EXISTING,prism_dev,551,16457,0.99,SolidEditingEngine,engines/cad_cam/PRISM_SOLID_EDITING_ENGINE.js
extracted,engines,engine,DUP_KEEP_EXISTING,prism_dev,127,5660,0.99,SurfaceIntersectionEngine,engines/cad_cam/PRISM_SURFACE_INTERSECTION_ENGINE.js
extracted,engines,engine,DUP_KEEP_EXISTING,prism_dev,589,20252,0.99,SurfaceReconstructionEngine,engines/cad_cam/PRISM_SURFACE_RECONSTRUCTION_ENGINE.js
extracted,engines,algorithm,WIRE_CANDIDATE,prism_calc,215,8340,0.333,OptimizationEngine,engines/cad_cam/PRISM_TOOLPATH_OPTIMIZATION.js
extracted,engines,cam,WIRE_CANDIDATE,prism_cam,1049,23622,0.25,,engines/cad_cam/PRISM_TOOLPATH_STRATEGIES_COMPLETE.js
extracted,engines,engine,DUP_KEEP_EXISTING,prism_dev,912,33838,0.99,TopologyEngine,engines/cad_cam/PRISM_TOPOLOGY_ENGINE.js
extracted,engines,engine,WIRE_CANDIDATE,prism_dev,936,31540,0.4,UnifiedCAMPipelineEngine,engines/cad_cam/PRISM_UNIFIED_3D_VIEWPORT_ENGINE.js
extracted,engines,engine,WIRE_CANDIDATE,prism_dev,348,12661,0.4,DecisionReasoningEngine,engines/cad_cam/PRISM_UNIFIED_TOOLPATH_DECISION_ENGINE.js
extracted,engines,geometry,WIRE_CANDIDATE,prism_cad,67,2719,0.333,CadBridge,engines/cad_cam/PRISM_V858_CAD_SYSTEM.js
extracted,engines,engine,DUP_KEEP_EXISTING,prism_dev,120,4042,0.99,VoronoiEngine,engines/cad_cam/PRISM_VORONOI_ENGINE.js
extracted,engines,engine,DUP_KEEP_EXISTING,prism_dev,496,15906,0.99,VoxelStockEngine,engines/cad_cam/PRISM_VOXEL_STOCK_ENGINE.js
extracted,engines,engine,PARTIAL_OVERLAP,prism_dev,309,12930,0.6,CadCamHandoffEngine,engines/cad_complete/PRISM_COMPLETE_CAD_CAM_ENGINE.js
extracted,engines,engine,WIRE_CANDIDATE,prism_dev,2915,101029,0.4,CompleteMachiningEngine,engines/cad_complete/PRISM_COMPLETE_CAD_GENERATION_ENGINE.js
extracted,engines,engine,WIRE_CANDIDATE,prism_dev,497,16356,0.5,CompleteMachiningEngine,engines/cad_complete/PRISM_COMPLETE_FEATURE_ENGINE.js
extracted,engines,misc,WIRE_CANDIDATE,prism_dev,1459,33028,0.333,FeatureStrategyKnowledgeBaseEngine,engines/cad_complete/PRISM_FEATURE_STRATEGY_COMPLETE.js
extracted,engines,engine,WIRE_CANDIDATE,prism_dev,453,16219,0.5,LatheOrchestrationEngine,engines/core/PRISM_ENHANCED_ORCHESTRATION_ENGINE.js
extracted,engines,ai_ml,WIRE_CANDIDATE,prism_ai,170,5027,0.25,,engines/core/PRISM_FAILSAFE_GENERATOR.js
extracted,engines,engine,WIRE_CANDIDATE,prism_dev,848,27446,0.5,IntervalArithmeticPredicateEngine,engines/core/PRISM_INTERVAL_ENGINE.js
extracted,engines,engine,STUB,,20,1056,0,,engines/core/PRISM_NUMERICAL_ENGINE.js
extracted,engines,engine,WIRE_CANDIDATE,prism_dev,196,7867,0.5,LatheMasterPostUnifiedOutputEngine,engines/core/PRISM_UNIFIED_OUTPUT_ENGINE.js
extracted,engines,database,DATABASE,prism_data,259,10715,0.25,,engines/infrastructure/PRISM_DB_MANAGER.js
extracted,engines,misc,WIRE_CANDIDATE,prism_dev,107,2937,0.333,EventBus,engines/infrastructure/PRISM_EVENT_MANAGER.js
extracted,engines,machine,WIRE_CANDIDATE,prism_data,403,13446,0.167,,engines/machines/PRISM_HIGH_FIDELITY_MACHINE_GENERATOR.js
extracted,engines,machine,WIRE_CANDIDATE,prism_data,546,18196,0.2,,engines/machines/PRISM_MACHINE_3D_SYSTEM.js
extracted,engines,machine,WIRE_CANDIDATE,prism_data,95,2946,0.2,,engines/machines/PRISM_MACHINE_RIGIDITY_SYSTEM.js
extracted,engines,engine,PARTIAL_OVERLAP,prism_dev,254,8970,0.667,SimulationEngine,engines/machines/PRISM_MACHINE_SIMULATION_ENGINE.js
extracted,engines,engine,PARTIAL_OVERLAP,prism_dev,233,9912,0.667,SimulationEngine,engines/materials/PRISM_MATERIAL_SIMULATION_ENGINE.js
extracted,engines,engine,WIRE_CANDIDATE,prism_dev,235,7189,0.5,MaterialDatabaseEngine,engines/materials/PRISM_REST_MATERIAL_ENGINE.js
extracted,engines,misc,PARTIAL_OVERLAP,prism_dev,759,28037,0.667,AcoSequencerEngine,engines/optimization/PRISM_ACO_SEQUENCER.js
extracted,engines,algorithm,WIRE_CANDIDATE,prism_calc,67,2116,0.4,SpeedFeedAdvancedAIEngine,engines/optimization/PRISM_ADVANCED_FEED_OPTIMIZER.js
extracted,engines,engine,PARTIAL_OVERLAP,prism_dev,1019,33962,0.667,OptimizationEngine,engines/optimization/PRISM_ADVANCED_OPTIMIZATION_ENGINE.js
extracted,engines,algorithm,WIRE_CANDIDATE,prism_calc,1826,70444,0.25,,engines/optimization/PRISM_ADVANCED_UNCONSTRAINED_OPTIMIZER.js
extracted,engines,algorithm,WIRE_CANDIDATE,prism_calc,148,8677,0.25,,engines/optimization/PRISM_CALCULATOR_OPTIMIZER.js
extracted,engines,algorithm,WIRE_CANDIDATE,prism_calc,3939,165649,0.25,,engines/optimization/PRISM_COMBINATORIAL_OPTIMIZER.js
extracted,engines,algorithm,WIRE_CANDIDATE,prism_calc,485,18423,0.25,,engines/optimization/PRISM_CONSTRAINED_OPTIMIZER.js
extracted,engines,engine,DUP_KEEP_EXISTING,prism_dev,374,13439,0.99,InteriorPointEngine,engines/optimization/PRISM_INTERIOR_POINT_ENGINE.js
extracted,engines,algorithm,WIRE_CANDIDATE,prism_calc,187,6566,0.333,OptimizationEngine,engines/optimization/PRISM_MFG_OPTIMIZATION.js
extracted,engines,algorithm,WIRE_CANDIDATE,prism_calc,199,7217,0.25,,engines/optimization/PRISM_MFG_OPTIMIZATION_ADVANCED_B.js
extracted,engines,engine,WIRE_CANDIDATE,prism_dev,426,18389,0.333,A2AProtocolEngine,engines/optimization/PRISM_MOEAD_ENGINE.js
extracted,engines,engine,DUP_KEEP_EXISTING,prism_dev,349,12686,0.99,MonteCarloEngine,engines/optimization/PRISM_MONTE_CARLO_ENGINE.js
extracted,engines,engine,DUP_KEEP_EXISTING,prism_dev,378,16056,0.99,MultiObjectiveEngine,engines/optimization/PRISM_MULTI_OBJECTIVE_ENGINE.js
extracted,engines,algorithm,WIRE_CANDIDATE,prism_calc,301,10284,0.5,MultiObjectiveEngine,engines/optimization/PRISM_MULTI_OBJECTIVE_OPTIMIZER.js
extracted,engines,algorithm,WIRE_CANDIDATE,prism_calc,809,30434,0,,engines/optimization/PRISM_PHASE1_OPTIMIZERS.js
extracted,engines,algorithm,WIRE_CANDIDATE,prism_calc,123,6659,0.4,PostProcessorFeedOptimizerEngine,engines/optimization/PRISM_POST_OPTIMIZER.js
extracted,engines,algorithm,WIRE_CANDIDATE,prism_calc,133,4106,0.25,,engines/optimization/PRISM_RAPIDS_OPTIMIZER.js
extracted,engines,algorithm,WIRE_CANDIDATE,prism_calc,326,11694,0.2,,engines/optimization/PRISM_RAPID_PATH_OPTIMIZER.js
extracted,engines,algorithm,WIRE_CANDIDATE,prism_calc,257,8957,0.333,OptimizationEngine,engines/optimization/PRISM_ROBUST_OPTIMIZATION.js
extracted,engines,engine,PARTIAL_OVERLAP,prism_dev,898,36402,0.75,InteriorPointEngine,engines/optimization/PRISM_SQP_INTERIOR_POINT_ENGINE.js
extracted,engines,algorithm,PARTIAL_OVERLAP,prism_calc,311,12533,0.667,SwarmAlgorithmsEngine,engines/optimization/PRISM_SWARM_ALGORITHMS.js
extracted,engines,ai_ml,PARTIAL_OVERLAP,prism_ai,194,7095,0.75,SwarmNeuralHybridEngine,engines/optimization/PRISM_SWARM_NEURAL_HYBRID.js
extracted,engines,cam,WIRE_CANDIDATE,prism_cam,238,8659,0.333,SwarmExecutor,engines/optimization/PRISM_SWARM_TOOLPATH.js
extracted,engines,algorithm,WIRE_CANDIDATE,prism_calc,375,13114,0.5,TrustRegionEngine,engines/optimization/PRISM_TRUST_REGION_OPTIMIZER.js
extracted,engines,algorithm,WIRE_CANDIDATE,prism_calc,529,18929,0.333,OptimizationEngine,engines/optimization/PRISM_UNCONSTRAINED_OPTIMIZATION.js
extracted,engines,ai_ml,WIRE_CANDIDATE,prism_ai,3676,167795,0.286,,engines/physics/PRISM_AI_100_PHYSICS_GENERATOR.js
extracted,engines,engine,WIRE_CANDIDATE,prism_dev,351,14112,0.5,CalculatorPRISMModeEngine,engines/physics/PRISM_CALCULATOR_PHYSICS_ENGINE.js
extracted,engines,engine,WIRE_CANDIDATE,prism_dev,448,14183,0.5,ConstraintSatisfactionEngine,engines/physics/PRISM_CONTACT_CONSTRAINT_ENGINE.js
extracted,engines,machine,PARTIAL_OVERLAP,prism_data,357,13694,0.75,InverseKinematicsSolverEngine,engines/physics/PRISM_INVERSE_KINEMATICS_SOLVER.js
extracted,engines,engine,WIRE_CANDIDATE,prism_dev,237,9138,0.333,A2AProtocolEngine,engines/physics/PRISM_JACOBIAN_ENGINE.js
extracted,engines,misc,WIRE_CANDIDATE,prism_dev,550,16975,0.25,,engines/physics/PRISM_KINEMATIC_SOLVER.js
extracted,engines,engine,WIRE_CANDIDATE,prism_dev,651,30301,0.5,LatheAIOrchestrationEngine,engines/physics/PRISM_LATHE_PARAM_ENGINE.js
extracted,engines,engine,PARTIAL_OVERLAP,prism_dev,2975,102992,0.667,PhysicsMLHybridEngine,engines/physics/PRISM_PHYSICS_ENGINE.js
extracted,engines,engine,WIRE_CANDIDATE,prism_dev,335,12418,0.5,CryogenicCuttingEngine,engines/physics/PRISM_UNIFIED_CUTTING_ENGINE.js
extracted,engines,cam,WIRE_CANDIDATE,prism_cam,1205,41452,0.5,PostProcessorAPIEngine,engines/post_processor/POST_PROCESSOR_100_PERCENT.js
extracted,engines,engine,DUP_KEEP_EXISTING,prism_dev,296,11226,1,PostProcessorEngine,engines/post_processor/POST_PROCESSOR_ENGINE_V2.js
extracted,engines,engine,PARTIAL_OVERLAP,prism_dev,863,28222,0.667,BackplotEngine,engines/post_processor/PRISM_GCODE_BACKPLOT_ENGINE.js
extracted,engines,engine,WIRE_CANDIDATE,prism_dev,128,7139,0.5,DynamicProgrammingEngine,engines/post_processor/PRISM_GCODE_PROGRAMMING_ENGINE.js
extracted,engines,cam,WIRE_CANDIDATE,prism_cam,308,17152,0.5,PostProcessorAPIEngine,engines/post_processor/PRISM_GUARANTEED_POST_PROCESSOR.js
extracted,engines,engine,WIRE_CANDIDATE,prism_dev,931,47118,0.5,PostDownloadEngine,engines/post_processor/PRISM_INTERNAL_POST_ENGINE.js
extracted,engines,cam,WIRE_CANDIDATE,prism_cam,677,22191,0.333,PostProcessorAGIWiringIntegrationEngine,engines/post_processor/PRISM_POST_INTEGRATION_MODULE.js
extracted,engines,algorithm,WIRE_CANDIDATE,prism_calc,122,6641,0.4,PostProcessorFeedOptimizerEngine,engines/post_processor/PRISM_POST_OPTIMIZER.js
extracted,engines,database,DATABASE,prism_data,2718,107812,0.5,PostProcessorAPIEngine,engines/post_processor/PRISM_POST_PROCESSOR_DATABASE_V2.js
extracted,engines,engine,DUP_KEEP_EXISTING,prism_dev,139,4512,0.99,PostProcessorEngine,engines/post_processor/PRISM_POST_PROCESSOR_ENGINE.js
extracted,engines,cam,PARTIAL_OVERLAP,prism_cam,337,10501,0.75,PostProcessorGeneratorEngine,engines/post_processor/PRISM_POST_PROCESSOR_GENERATOR.js
extracted,engines,cam,WIRE_CANDIDATE,prism_cam,173,5566,0.5,PostProcessorAPIEngine,engines/post_processor/PRISM_RL_POST_PROCESSOR.js
extracted,engines,engine,PARTIAL_OVERLAP,prism_dev,610,23380,0.667,KinematicsEngine,engines/PRISM_ADVANCED_KINEMATICS_ENGINE.js
extracted,engines,engine,DUP_KEEP_EXISTING,prism_dev,398,16729,0.99,ChatterPredictionEngine,engines/PRISM_CHATTER_PREDICTION_ENGINE.js
extracted,engines,engine,DUP_KEEP_EXISTING,prism_dev,278,11192,0.99,CuttingMechanicsEngine,engines/PRISM_CUTTING_MECHANICS_ENGINE.js
extracted,engines,physics,WIRE_CANDIDATE,prism_calc,215,8121,0.5,AdvancedCuttingPhysicsEngine,engines/PRISM_CUTTING_PHYSICS.js
extracted,engines,engine,DUP_KEEP_EXISTING,prism_dev,2756,112746,0.99,CuttingThermalEngine,engines/PRISM_CUTTING_THERMAL_ENGINE.js
extracted,engines,engine,DUP_KEEP_EXISTING,prism_dev,472,18853,0.99,HeatTransferEngine,engines/PRISM_HEAT_TRANSFER_ENGINE.js
extracted,engines,engine,WIRE_CANDIDATE,prism_dev,706,30175,0.4,CryogenicCuttingEngine,engines/PRISM_INTELLIGENT_CUTTING_PARAM_ENGINE.js
extracted,engines,database,DATABASE,prism_data,151,7951,0.5,JohnsonCookEngine,engines/PRISM_JOHNSON_COOK_DATABASE.js
extracted,engines,misc,WIRE_CANDIDATE,prism_dev,238,8715,0.5,AutoSpeedFeedCalculatorEngine,engines/PRISM_PHASE1_SPEED_FEED_CALCULATOR.js
extracted,engines,misc,WIRE_CANDIDATE,prism_dev,442,15218,0.25,,engines/PRISM_PHASE3_ADVANCED_SIGNAL.js
extracted,engines,physics,WIRE_CANDIDATE,prism_calc,153,5587,0.4,AdditiveManufacturingPhysicsEngine,engines/PRISM_PHASE3_MANUFACTURING_PHYSICS.js
extracted,engines,engine,STUB,,15,621,0,,engines/PRISM_RIGID_BODY_DYNAMICS_ENGINE.js
extracted,engines,engine,DUP_KEEP_EXISTING,prism_dev,300,11242,0.99,SurfaceFinishEngine,engines/PRISM_SURFACE_FINISH_ENGINE.js
extracted,engines,engine,DUP_KEEP_EXISTING,prism_dev,1564,67394,0.99,ThermalExpansionEngine,engines/PRISM_THERMAL_EXPANSION_ENGINE.js
extracted,engines,physics,PARTIAL_OVERLAP,prism_calc,193,6720,0.667,ThermalModelingEngine,engines/PRISM_THERMAL_MODELING.js
extracted,engines,engine,PARTIAL_OVERLAP,prism_dev,193,8247,0.75,BayesianToolLifeEngine,engines/PRISM_TOOL_LIFE_ENGINE.js
extracted,engines,engine,DUP_KEEP_EXISTING,prism_dev,400,15943,0.99,VibrationAnalysisEngine,engines/PRISM_VIBRATION_ANALYSIS_ENGINE.js
extracted,engines,engine,PARTIAL_OVERLAP,prism_dev,207,5828,0.667,InspectionReportEngine,engines/quality/PRISM_INSPECTION_ENGINE.js
extracted,engines,misc,WIRE_CANDIDATE,prism_dev,405,13749,0.2,,engines/quality/PRISM_PHASE2_QUALITY_SYSTEM.js
extracted,engines,misc,WIRE_CANDIDATE,prism_dev,379,14854,0.25,,engines/quality/PRISM_QUALITY_MANAGER.js
extracted,engines,engine,PARTIAL_OVERLAP,prism_dev,103,4700,0.75,ToolpathStrategyEngine,engines/simulation/PRISM_3D_TOOLPATH_STRATEGY_ENGINE.js
extracted,engines,engine,PARTIAL_OVERLAP,prism_dev,236,8792,0.667,VisualizationEngine,engines/simulation/PRISM_3D_VISUALIZATION_ENGINE.js
extracted,engines,algorithm,WIRE_CANDIDATE,prism_calc,285,10712,0.333,CollisionEngine,engines/simulation/PRISM_COLLISION_ALGORITHMS.js
extracted,engines,misc,PARTIAL_OVERLAP,prism_dev,417,13767,0.667,CollisionDetectionEngine,engines/simulation/PRISM_COLLISION_DETECTION_V2.js
extracted,engines,engine,DUP_KEEP_EXISTING,prism_dev,305,10111,0.99,CollisionEngine,engines/simulation/PRISM_COLLISION_ENGINE.js
extracted,engines,misc,WIRE_CANDIDATE,prism_dev,1296,50100,0.333,CollisionEngine,engines/simulation/PRISM_COLLISION_MOTION.js
extracted,engines,database,DATABASE,prism_data,40,2367,0.2,,engines/simulation/PRISM_STOCK_POSITIONS_DATABASE.js
extracted,engines,util,WIRE_CANDIDATE,n/a,895,39776,0.4,AutoSpeedFeedEngine,engines/SPEED_FEED_UI.js
extracted,engines,engine,PARTIAL_OVERLAP,prism_dev,636,17950,0.667,LatheLiveToolingPlannerEngine,engines/tools/PRISM_ENHANCED_LATHE_LIVE_TOOLING_ENGINE.js
extracted,engines,engine,WIRE_CANDIDATE,prism_dev,650,30283,0.5,LatheAIOrchestrationEngine,engines/tools/PRISM_LATHE_PARAM_ENGINE.js
extracted,engines,tool,WIRE_CANDIDATE,prism_data,87,2908,0.333,BayesianToolLifeEngine,engines/tools/PRISM_PHASE1_TOOL_LIFE_MANAGER.js
extracted,engines,tool,WIRE_CANDIDATE,prism_data,441,12294,0.25,,engines/tools/PRISM_TOOL_3D_GENERATOR.js
extracted,engines,tool,WIRE_CANDIDATE,prism_data,198,5727,0.333,ToolROIEngine,engines/tools/PRISM_TOOL_GENERATOR.js
extracted,engines,tool,WIRE_CANDIDATE,prism_data,559,18374,0.333,ToolHolderCatalogEngine,engines/tools/PRISM_TOOL_HOLDER_3D_GENERATOR.js
extracted,engines,tool,WIRE_CANDIDATE,prism_data,170,5930,0.4,FusionToolLibraryEngine,engines/tools/PRISM_TOOL_LIBRARY_MANAGER.js
extracted,engines,engine,DUP_KEEP_EXISTING,prism_dev,82,3113,0.99,ToolNoseRadiusCompensationEngine,engines/tools/PRISM_TOOL_NOSE_RADIUS_COMPENSATION_ENGINE.js
extracted,engines,engine,WIRE_CANDIDATE,prism_dev,1237,45367,0.5,PerformanceBudgetEngine,engines/tools/PRISM_TOOL_PERFORMANCE_ENGINE.js
extracted,engines,engine,WIRE_CANDIDATE,prism_dev,134,6995,0.5,AdaptiveChatterEngine,engines/vibration/PRISM_CALCULATOR_CHATTER_ENGINE.js
extracted,engines,physics,WIRE_CANDIDATE,prism_calc,43,1295,0.2,,engines/vibration/PRISM_PHASE1_CHATTER_SYSTEM.js
extracted,EXTRACTION_REGISTRY.json,misc,META,,84,5767,0,,EXTRACTION_REGISTRY.json
extracted,formulas,database,DATABASE,prism_data,52,2001,0.25,,formulas/PRISM_FORCE_LOOKUP.js
extracted,formulas,physics,WIRE_CANDIDATE,prism_calc,55,2087,0.5,FusionMaterialPhysicsBridge,formulas/PRISM_MATERIAL_PHYSICS.js
extracted,formulas,physics,WIRE_CANDIDATE,prism_calc,198,6992,0.25,,formulas/PRISM_MFG_PHYSICS.js
extracted,formulas,misc,WIRE_CANDIDATE,prism_dev,305,11411,0.2,,formulas/PRISM_STANDALONE_CALCULATOR_API.js
extracted,formulas,misc,WIRE_CANDIDATE,prism_dev,139,4453,0.333,KeywayStressEngine,formulas/PRISM_STRESS.js
extracted,formulas,misc,WIRE_CANDIDATE,prism_dev,255,8650,0.5,WEDMWireStressAnalysisEngine,formulas/PRISM_STRESS_ANALYSIS.js
extracted,formulas,physics,WIRE_CANDIDATE,prism_calc,206,7174,0.5,InverseThermalCompensationEngine,formulas/PRISM_THERMAL_COMPENSATION.js
extracted,formulas,database,DATABASE,prism_data,42,1753,0.25,,formulas/PRISM_THERMAL_LOOKUP.js
extracted,formulas,physics,WIRE_CANDIDATE,prism_calc,113,5639,0.25,,formulas/PRISM_THERMAL_PROPERTIES.js
extracted,formulas,tool,WIRE_CANDIDATE,prism_data,134,5064,0.4,BayesianToolLifeEngine,formulas/PRISM_TOOL_LIFE_ESTIMATOR.js
extracted,formulas,tool,WIRE_CANDIDATE,prism_data,553,21665,0.4,StochasticToolWearEngine,formulas/PRISM_TOOL_WEAR_MODELS.js
extracted,formulas,database,DATABASE,prism_data,72,3076,0.25,,formulas/PRISM_WEAR_LOOKUP.js
extracted,infrastructure,misc,WIRE_CANDIDATE,prism_dev,2199,106956,0.333,ProgramCompareEngine,infrastructure/PRISM_COMPARE.js
extracted,infrastructure,misc,DUP_KEEP_EXISTING,prism_dev,155,5494,0.99,EventBus,infrastructure/PRISM_EVENT_BUS.js
extracted,infrastructure,system,WIRE_CANDIDATE,prism_session,112,6422,0.333,AlgorithmGatewayEngine,infrastructure/PRISM_GATEWAY.js
extracted,infrastructure,misc,WIRE_CANDIDATE,prism_dev,222,7641,0.333,WEDMGovernanceStore,infrastructure/PRISM_STATE_STORE.js
extracted,infrastructure,misc,WIRE_CANDIDATE,prism_dev,3370,141576,0.333,CADAccuracyValidatorEngine,infrastructure/PRISM_VALIDATOR.js
extracted,integration,system,WIRE_CANDIDATE,prism_session,188,8877,0.25,,integration/PRISM_100_PERCENT_INTEGRATION.js
extracted,integration,ai_ml,WIRE_CANDIDATE,prism_ai,166,8843,0.25,,integration/PRISM_AI_100_INTEGRATION.js
extracted,integration,ai_ml,WIRE_CANDIDATE,prism_ai,121,7237,0.4,AIDeepKnowledgeIntegrationEngine,integration/PRISM_AI_KNOWLEDGE_INTEGRATION.js
extracted,integration,misc,WIRE_CANDIDATE,prism_dev,280,12755,0.5,CadBridge,integration/PRISM_BRIDGE.js
extracted,integration,ai_ml,PARTIAL_OVERLAP,prism_ai,305,10739,0.667,CadBridge,integration/PRISM_CAD_LEARNING_BRIDGE.js
extracted,integration,misc,WIRE_CANDIDATE,prism_dev,84,4366,0.25,,integration/PRISM_CALCULATOR_ENHANCEMENT_BRIDGE.js
extracted,integration,database,DATABASE,prism_data,78,2918,0.25,,integration/PRISM_DATABASE_HUB.js
extracted,integration,system,WIRE_CANDIDATE,prism_session,477,17018,0.25,,integration/PRISM_ENHANCED_INTEGRATION.js
extracted,integration,misc,PARTIAL_OVERLAP,prism_dev,75,3225,0.667,RealtimeEventBridge,integration/PRISM_EVENT_BRIDGE.js
extracted,integration,system,WIRE_CANDIDATE,prism_session,137,6384,0.25,,integration/PRISM_FINAL_INTEGRATION.js
extracted,integration,system,WIRE_CANDIDATE,prism_session,60,2723,0.2,,integration/PRISM_HIGH_PRIORITY_INTEGRATION_BRIDGE.js
extracted,integration,system,WIRE_CANDIDATE,prism_session,102,4529,0.25,,integration/PRISM_KERNEL_INTEGRATION.js
extracted,integration,system,WIRE_CANDIDATE,prism_session,206,8506,0.25,,integration/PRISM_PRODUCTION_INTEGRATION.js
extracted,integration,system,WIRE_CANDIDATE,prism_session,403,13037,0.4,SimulationVisualizationBridgeEngine,integration/PRISM_SIMULATION_INTEGRATION_BRIDGE.js
extracted,knowledge_bases,misc,WIRE_CANDIDATE,prism_dev,322,14550,0.25,,knowledge_bases/PRISM_220_COURSES_MASTER.js
extracted,knowledge_bases,misc,WIRE_CANDIDATE,prism_dev,48,12381,0.2,,knowledge_bases/PRISM_DATA_STRUCTURES_KB.js
extracted,knowledge_bases,ai_ml,WIRE_CANDIDATE,prism_ai,102,4245,0.2,,knowledge_bases/PRISM_KNOWLEDGE_AI_CONNECTOR.js
extracted,knowledge_bases,misc,WIRE_CANDIDATE,prism_dev,621,28729,0.5,MachiningKnowledgeBaseEngine,knowledge_bases/PRISM_KNOWLEDGE_BASE.js
extracted,knowledge_bases,misc,WIRE_CANDIDATE,prism_dev,144,5784,0.5,FusionStrategyKnowledgeEngine,knowledge_bases/PRISM_KNOWLEDGE_FUSION.js
extracted,knowledge_bases,misc,PARTIAL_OVERLAP,prism_dev,269,10611,0.667,KnowledgeGraphEngine,knowledge_bases/PRISM_KNOWLEDGE_GRAPH.js
extracted,knowledge_bases,system,WIRE_CANDIDATE,prism_session,139,8291,0.4,AIDeepKnowledgeIntegrationEngine,knowledge_bases/PRISM_KNOWLEDGE_INTEGRATION_ROUTES.js
extracted,knowledge_bases,misc,STUB,,22,4998,0,,knowledge_bases/PRISM_MFG_STRUCTURES_KB.js
extracted,knowledge_bases,misc,STUB,,27,5926,0,,knowledge_bases/PRISM_SYSTEMS_KB.js
extracted,knowledge_bases,algorithm,WIRE_CANDIDATE,prism_calc,4936,206009,0.25,,knowledge_bases/PRISM_UNIVERSITY_ALGORITHMS.js
extracted,learning,engine,PARTIAL_OVERLAP,prism_dev,73,2278,0.667,AIResourceLearningEngine,learning/PRISM_LEARNING_ENGINE.js
extracted,learning,engine,PARTIAL_OVERLAP,prism_dev,400,13466,0.75,MachineLearningFeedbackEngine,learning/PRISM_LEARNING_ENGINE_FEEDBACK.js
extracted,learning,ai_ml,WIRE_CANDIDATE,prism_ai,252,8408,0.4,MachineLearningFeedbackEngine,learning/PRISM_LEARNING_FEEDBACK_CONNECTOR.js
extracted,learning,ai_ml,WIRE_CANDIDATE,prism_ai,256,10946,0.4,TransferLearningBridgeEngine,learning/PRISM_LEARNING_INTEGRATION_BRIDGE.js
extracted,learning,engine,WIRE_CANDIDATE,prism_dev,136,4308,0.5,AIResourceLearningEngine,learning/PRISM_LEARNING_PERSISTENCE_ENGINE.js
extracted,learning,engine,WIRE_CANDIDATE,prism_dev,170,5726,0.4,AIResourceLearningEngine,learning/PRISM_LEARNING_RATE_SCHEDULER_ENGINE.js
extracted,machines,machine,WIRE_CANDIDATE,prism_data,179167,3999427,0.167,,machines/CONSOLIDATED/ALL_MACHINES.json
extracted,machines,machine,WIRE_CANDIDATE,prism_data,95,3355,0.333,index,machines/CORE/machines_core_index.js
extracted,machines,database,DATABASE,prism_data,303,15716,0.4,LatheMachineIntelligenceEngine,machines/CORE/PRISM_LATHE_MACHINE_DB.js
extracted,machines,database,DATABASE,prism_data,1224,26354,0.4,LatheMachineIntelligenceEngine,machines/CORE/PRISM_LATHE_MACHINE_DB.json
extracted,machines,database,DATABASE,prism_data,302,15614,0.4,LatheMachineIntelligenceEngine,machines/CORE/PRISM_LATHE_V2_MACHINE_DATABASE_V2.js
extracted,machines,database,DATABASE,prism_data,63,43913,0.4,MachineConfigDatabaseEngine,machines/CORE/PRISM_MACHINE_3D_DATABASE.js
extracted,machines,database,DATABASE,prism_data,109,15838,0.333,MachineConfigDatabaseEngine,machines/CORE/PRISM_MACHINE_3D_MODEL_DATABASE_V2.js
extracted,machines,database,DATABASE,prism_data,8855,191846,0.333,MachineConfigDatabaseEngine,machines/CORE/PRISM_MACHINE_3D_MODEL_DATABASE_V2.json
extracted,machines,database,DATABASE,prism_data,2310,71111,0.333,MachineConfigDatabaseEngine,machines/CORE/PRISM_MACHINE_3D_MODEL_DATABASE_V3.js
extracted,machines,database,DATABASE,prism_data,276,13807,0.333,MachineConfigDatabaseEngine,machines/CORE/PRISM_OKUMA_MACHINE_CAD_DATABASE.js
extracted,machines,database,DATABASE,prism_data,637,55304,0.4,MachineConfigDatabaseEngine,machines/CORE/PRISM_POST_MACHINE_DATABASE.js
extracted,machines,misc,WIRE_CANDIDATE,prism_dev,2894,70073,0.2,,machines/ENHANCED/BATCH10_MAZAK_DEEP.json
extracted,machines,misc,WIRE_CANDIDATE,prism_dev,3634,87652,0.2,,machines/ENHANCED/BATCH11_MULTI_DEEP.json
extracted,machines,misc,WIRE_CANDIDATE,prism_dev,3176,76197,0,,machines/ENHANCED/BATCH12_FINAL_GAPS.json
extracted,machines,misc,WIRE_CANDIDATE,prism_dev,6897,164374,0.2,,machines/ENHANCED/BATCH3_MULTI_MFR.json
extracted,machines,ai_ml,WIRE_CANDIDATE,prism_ai,4726,112443,0,,machines/ENHANCED/BATCH4_REMAINING.json
extracted,machines,misc,WIRE_CANDIDATE,prism_dev,2272,54336,0,,machines/ENHANCED/BATCH5_MAZAK_EXPAND.json
extracted,machines,misc,WIRE_CANDIDATE,prism_dev,3550,84833,0,,machines/ENHANCED/BATCH6_DN_SOLUTIONS.json
extracted,machines,misc,WIRE_CANDIDATE,prism_dev,2783,65536,0.25,,machines/ENHANCED/BATCH7_MAKINO.json
extracted,machines,misc,WIRE_CANDIDATE,prism_dev,6429,152908,0.25,,machines/ENHANCED/BATCH8_MULTI.json
extracted,machines,misc,WIRE_CANDIDATE,prism_dev,4401,106817,0.2,,machines/ENHANCED/BATCH9_DMG_DEEP.json
extracted,machines,misc,DUP_KEEP_EXISTING,prism_dev,35,1063,0.99,index,machines/ENHANCED/BY_COUNTRY/GERMANY/INDEX.js
extracted,machines,misc,STUB,,26,717,0,,machines/ENHANCED/BY_COUNTRY/ITALY/INDEX.js
extracted,machines,misc,DUP_KEEP_EXISTING,prism_dev,53,1802,0.99,index,machines/ENHANCED/BY_COUNTRY/JAPAN/INDEX.js
extracted,machines,misc,STUB,,26,735,0,,machines/ENHANCED/BY_COUNTRY/SPAIN/INDEX.js
extracted,machines,misc,STUB,,26,772,0,,machines/ENHANCED/BY_COUNTRY/TAIWAN/INDEX.js
extracted,machines,misc,DUP_KEEP_EXISTING,prism_dev,35,1119,0.99,index,machines/ENHANCED/BY_COUNTRY/USA/INDEX.js
extracted,machines,misc,WIRE_CANDIDATE,prism_dev,6344,152082,0,,machines/ENHANCED/DMG_MORI_EXPANDED.json
extracted,machines,misc,WIRE_CANDIDATE,prism_dev,2245,53991,0.2,,machines/ENHANCED/MAZAK_TURNING_INTEGREX.json
extracted,machines,misc,WIRE_CANDIDATE,prism_dev,6877,163146,0.167,,machines/ENHANCED/NEW_MANUFACTURERS_BATCH1.json
extracted,machines,database,DATABASE,prism_data,203,6606,0.333,MachineConfigDatabaseEngine,machines/ENHANCED/PRISM_AWEA_MACHINE_DATABASE_ENHANCED_v2.js
extracted,machines,database,DATABASE,prism_data,218,4892,0.333,MachineConfigDatabaseEngine,machines/ENHANCED/PRISM_AWEA_MACHINE_DATABASE_ENHANCED_v2.json
extracted,machines,database,DATABASE,prism_data,209,19714,0.333,MachineConfigDatabaseEngine,machines/ENHANCED/PRISM_BROTHER_MACHINE_DATABASE_ENHANCED_v2.js
extracted,machines,database,DATABASE,prism_data,2846,62363,0.333,MachineConfigDatabaseEngine,machines/ENHANCED/PRISM_BROTHER_MACHINE_DATABASE_ENHANCED_v2.json
extracted,machines,database,DATABASE,prism_data,54,3459,0.333,MachineConfigDatabaseEngine,machines/ENHANCED/PRISM_CHIRON_MACHINE_DATABASE_ENHANCED_v2.js
extracted,machines,database,DATABASE,prism_data,592,13208,0.333,MachineConfigDatabaseEngine,machines/ENHANCED/PRISM_CHIRON_MACHINE_DATABASE_ENHANCED_v2.json
extracted,machines,database,DATABASE,prism_data,167,6968,0.333,MachineConfigDatabaseEngine,machines/ENHANCED/PRISM_CINCINNATI_MACHINE_DATABASE_ENHANCED_v2.js
extracted,machines,database,DATABASE,prism_data,1474,32274,0.333,MachineConfigDatabaseEngine,machines/ENHANCED/PRISM_CINCINNATI_MACHINE_DATABASE_ENHANCED_v2.json
extracted,machines,database,DATABASE,prism_data,1446,53485,0.286,,machines/ENHANCED/PRISM_DMG_MORI_MACHINE_DATABASE_ENHANCED_v2.js
extracted,machines,database,DATABASE,prism_data,2564,58850,0.286,,machines/ENHANCED/PRISM_DMG_MORI_MACHINE_DATABASE_ENHANCED_v2.json
extracted,machines,database,DATABASE,prism_data,289,28756,0.333,MachineConfigDatabaseEngine,machines/ENHANCED/PRISM_DOOSAN_MACHINE_DATABASE_ENHANCED_v2.js
extracted,machines,database,DATABASE,prism_data,3567,78641,0.333,MachineConfigDatabaseEngine,machines/ENHANCED/PRISM_DOOSAN_MACHINE_DATABASE_ENHANCED_v2.json
extracted,machines,database,DATABASE,prism_data,169,16398,0.333,MachineConfigDatabaseEngine,machines/ENHANCED/PRISM_FANUC_MACHINE_DATABASE_ENHANCED_v2.js
extracted,machines,database,DATABASE,prism_data,1957,43291,0.333,MachineConfigDatabaseEngine,machines/ENHANCED/PRISM_FANUC_MACHINE_DATABASE_ENHANCED_v2.json
extracted,machines,database,DATABASE,prism_data,1271,41738,0.333,MachineConfigDatabaseEngine,machines/ENHANCED/PRISM_FEELER_MACHINE_DATABASE_ENHANCED_v2.js
extracted,machines,database,DATABASE,prism_data,2200,51743,0.333,MachineConfigDatabaseEngine,machines/ENHANCED/PRISM_FEELER_MACHINE_DATABASE_ENHANCED_v2.json
extracted,machines,database,DATABASE,prism_data,190,8389,0.333,MachineConfigDatabaseEngine,machines/ENHANCED/PRISM_FIDIA_MACHINE_DATABASE_ENHANCED_v2.js
extracted,machines,database,DATABASE,prism_data,1409,30769,0.333,MachineConfigDatabaseEngine,machines/ENHANCED/PRISM_FIDIA_MACHINE_DATABASE_ENHANCED_v2.json
extracted,machines,database,DATABASE,prism_data,196,8127,0.333,MachineConfigDatabaseEngine,machines/ENHANCED/PRISM_GIDDINGS_MACHINE_DATABASE_ENHANCED_v2.js
extracted,machines,database,DATABASE,prism_data,1311,27710,0.333,MachineConfigDatabaseEngine,machines/ENHANCED/PRISM_GIDDINGS_MACHINE_DATABASE_ENHANCED_v2.json
extracted,machines,database,DATABASE,prism_data,174,15336,0.333,MachineConfigDatabaseEngine,machines/ENHANCED/PRISM_GROB_MACHINE_DATABASE_ENHANCED_v2.js
extracted,machines,database,DATABASE,prism_data,1711,38423,0.333,MachineConfigDatabaseEngine,machines/ENHANCED/PRISM_GROB_MACHINE_DATABASE_ENHANCED_v2.json
extracted,machines,database,DATABASE,prism_data,1036,40851,0.333,MachineConfigDatabaseEngine,machines/ENHANCED/PRISM_HAAS_MACHINE_DATABASE_ENHANCED_v2.js
extracted,machines,database,DATABASE,prism_data,3089,67912,0.333,MachineConfigDatabaseEngine,machines/ENHANCED/PRISM_HAAS_MACHINE_DATABASE_ENHANCED_v2.json
extracted,machines,database,DATABASE,prism_data,1730,102678,0.333,MachineConfigDatabaseEngine,machines/ENHANCED/PRISM_HAAS_MACHINE_DATABASE_ENHANCED_v3.js
extracted,machines,database,DATABASE,prism_data,12584,278078,0.333,MachineConfigDatabaseEngine,machines/ENHANCED/PRISM_HAAS_MACHINE_DATABASE_ENHANCED_v3.json
extracted,machines,database,DATABASE,prism_data,189,17751,0.333,MachineConfigDatabaseEngine,machines/ENHANCED/PRISM_HARDINGE_MACHINE_DATABASE_ENHANCED_v2.js
extracted,machines,database,DATABASE,prism_data,1718,37791,0.333,MachineConfigDatabaseEngine,machines/ENHANCED/PRISM_HARDINGE_MACHINE_DATABASE_ENHANCED_v2.json
extracted,machines,database,DATABASE,prism_data,502,35775,0.333,MachineConfigDatabaseEngine,machines/ENHANCED/PRISM_HERMLE_MACHINE_DATABASE_ENHANCED_v2.js
extracted,machines,database,DATABASE,prism_data,3063,67876,0.333,MachineConfigDatabaseEngine,machines/ENHANCED/PRISM_HERMLE_MACHINE_DATABASE_ENHANCED_v2.json
extracted,machines,database,DATABASE,prism_data,228,21963,0.333,MachineConfigDatabaseEngine,machines/ENHANCED/PRISM_HURCO_MACHINE_DATABASE_ENHANCED_v2.js
extracted,machines,database,DATABASE,prism_data,2983,64911,0.333,MachineConfigDatabaseEngine,machines/ENHANCED/PRISM_HURCO_MACHINE_DATABASE_ENHANCED_v2.json
extracted,machines,database,DATABASE,prism_data,219,21569,0.286,,machines/ENHANCED/PRISM_HYUNDAI_WIA_MACHINE_DATABASE_ENHANCED_v2.js
extracted,machines,database,DATABASE,prism_data,2475,54350,0.286,,machines/ENHANCED/PRISM_HYUNDAI_WIA_MACHINE_DATABASE_ENHANCED_v2.json
extracted,machines,database,DATABASE,prism_data,160,14185,0.333,MachineConfigDatabaseEngine,machines/ENHANCED/PRISM_KERN_MACHINE_DATABASE_ENHANCED_v2.js
extracted,machines,database,DATABASE,prism_data,1512,33768,0.333,MachineConfigDatabaseEngine,machines/ENHANCED/PRISM_KERN_MACHINE_DATABASE_ENHANCED_v2.json
extracted,machines,database,DATABASE,prism_data,188,18656,0.333,MachineConfigDatabaseEngine,machines/ENHANCED/PRISM_KITAMURA_MACHINE_DATABASE_ENHANCED_v2.js
extracted,machines,database,DATABASE,prism_data,2192,48399,0.333,MachineConfigDatabaseEngine,machines/ENHANCED/PRISM_KITAMURA_MACHINE_DATABASE_ENHANCED_v2.json
extracted,machines,database,DATABASE,prism_data,173,16376,0.333,MachineConfigDatabaseEngine,machines/ENHANCED/PRISM_LEADWELL_MACHINE_DATABASE_ENHANCED_v2.js
extracted,machines,database,DATABASE,prism_data,1868,40912,0.333,MachineConfigDatabaseEngine,machines/ENHANCED/PRISM_LEADWELL_MACHINE_DATABASE_ENHANCED_v2.json
extracted,machines,machine,META,,165,5231,0,,machines/ENHANCED/PRISM_MACHINES_MANIFEST.md
extracted,machines,machine,WIRE_CANDIDATE,prism_data,277,11714,0.5,MasterIndexEngine,machines/ENHANCED/PRISM_MACHINES_MASTER_INDEX.js
extracted,machines,database,DATABASE,prism_data,812,33245,0.333,MachineConfigDatabaseEngine,machines/ENHANCED/PRISM_MAKINO_MACHINE_DATABASE_ENHANCED_v2.js
extracted,machines,database,DATABASE,prism_data,2601,56414,0.333,MachineConfigDatabaseEngine,machines/ENHANCED/PRISM_MAKINO_MACHINE_DATABASE_ENHANCED_v2.json
extracted,machines,database,DATABASE,prism_data,191,17770,0.333,MachineConfigDatabaseEngine,machines/ENHANCED/PRISM_MATSUURA_MACHINE_DATABASE_ENHANCED_v2.js
extracted,machines,database,DATABASE,prism_data,1986,43894,0.333,MachineConfigDatabaseEngine,machines/ENHANCED/PRISM_MATSUURA_MACHINE_DATABASE_ENHANCED_v2.json
extracted,machines,database,DATABASE,prism_data,263,31570,0.333,MachineConfigDatabaseEngine,machines/ENHANCED/PRISM_MAZAK_MACHINE_DATABASE_ENHANCED_v2.js
extracted,machines,database,DATABASE,prism_data,3267,72567,0.333,MachineConfigDatabaseEngine,machines/ENHANCED/PRISM_MAZAK_MACHINE_DATABASE_ENHANCED_v2.json
extracted,machines,database,DATABASE,prism_data,281,10374,0.333,MachineConfigDatabaseEngine,machines/ENHANCED/PRISM_MHI_MACHINE_DATABASE_ENHANCED_v2.js
extracted,machines,database,DATABASE,prism_data,1873,41128,0.333,MachineConfigDatabaseEngine,machines/ENHANCED/PRISM_MHI_MACHINE_DATABASE_ENHANCED_v2.json
extracted,machines,database,DATABASE,prism_data,198,17990,0.333,MachineConfigDatabaseEngine,machines/ENHANCED/PRISM_MIKRON_MACHINE_DATABASE_ENHANCED_v2.js
extracted,machines,database,DATABASE,prism_data,2028,45003,0.333,MachineConfigDatabaseEngine,machines/ENHANCED/PRISM_MIKRON_MACHINE_DATABASE_ENHANCED_v2.json
extracted,machines,database,DATABASE,prism_data,173,15768,0.333,MachineConfigDatabaseEngine,machines/ENHANCED/PRISM_OKK_MACHINE_DATABASE_ENHANCED_v2.js
extracted,machines,database,DATABASE,prism_data,1912,41882,0.333,MachineConfigDatabaseEngine,machines/ENHANCED/PRISM_OKK_MACHINE_DATABASE_ENHANCED_v2.json
extracted,machines,database,DATABASE,prism_data,256,26760,0.333,MachineConfigDatabaseEngine,machines/ENHANCED/PRISM_OKUMA_MACHINE_DATABASE_ENHANCED_v2.js
extracted,machines,database,DATABASE,prism_data,2815,61820,0.333,MachineConfigDatabaseEngine,machines/ENHANCED/PRISM_OKUMA_MACHINE_DATABASE_ENHANCED_v2.json
extracted,machines,database,DATABASE,prism_data,996,33740,0.333,MachineConfigDatabaseEngine,machines/ENHANCED/PRISM_ROKU_ROKU_MACHINE_DATABASE_ENHANCED_v2.js
extracted,machines,database,DATABASE,prism_data,1827,43373,0.333,MachineConfigDatabaseEngine,machines/ENHANCED/PRISM_ROKU_ROKU_MACHINE_DATABASE_ENHANCED_v2.json
extracted,machines,database,DATABASE,prism_data,137,12654,0.333,MachineConfigDatabaseEngine,machines/ENHANCED/PRISM_SODICK_MACHINE_DATABASE_ENHANCED_v2.js
extracted,machines,database,DATABASE,prism_data,1430,31484,0.333,MachineConfigDatabaseEngine,machines/ENHANCED/PRISM_SODICK_MACHINE_DATABASE_ENHANCED_v2.json
extracted,machines,database,DATABASE,prism_data,220,10412,0.333,MachineConfigDatabaseEngine,machines/ENHANCED/PRISM_SORALUCE_MACHINE_DATABASE_ENHANCED_v2.js
extracted,machines,database,DATABASE,prism_data,1480,30608,0.333,MachineConfigDatabaseEngine,machines/ENHANCED/PRISM_SORALUCE_MACHINE_DATABASE_ENHANCED_v2.json
extracted,machines,database,DATABASE,prism_data,171,16025,0.333,MachineConfigDatabaseEngine,machines/ENHANCED/PRISM_SPINNER_MACHINE_DATABASE_ENHANCED_v2.js
extracted,machines,database,DATABASE,prism_data,1895,41553,0.333,MachineConfigDatabaseEngine,machines/ENHANCED/PRISM_SPINNER_MACHINE_DATABASE_ENHANCED_v2.json
extracted,machines,database,DATABASE,prism_data,940,31489,0.333,MachineConfigDatabaseEngine,machines/ENHANCED/PRISM_TAKUMI_MACHINE_DATABASE_ENHANCED_v2.js
extracted,machines,database,DATABASE,prism_data,1766,41479,0.333,MachineConfigDatabaseEngine,machines/ENHANCED/PRISM_TAKUMI_MACHINE_DATABASE_ENHANCED_v2.json
extracted,machines,database,DATABASE,prism_data,171,15815,0.333,MachineConfigDatabaseEngine,machines/ENHANCED/PRISM_TOYODA_MACHINE_DATABASE_ENHANCED_v2.js
extracted,machines,database,DATABASE,prism_data,1881,41439,0.333,MachineConfigDatabaseEngine,machines/ENHANCED/PRISM_TOYODA_MACHINE_DATABASE_ENHANCED_v2.json
extracted,machines,database,DATABASE,prism_data,151,13816,0.333,MachineConfigDatabaseEngine,machines/ENHANCED/PRISM_YASDA_MACHINE_DATABASE_ENHANCED_v2.js
extracted,machines,database,DATABASE,prism_data,1457,32442,0.333,MachineConfigDatabaseEngine,machines/ENHANCED/PRISM_YASDA_MACHINE_DATABASE_ENHANCED_v2.json
extracted,machines,misc,WIRE_CANDIDATE,prism_dev,33629,800362,0,,machines/ENHANCED/V3_3D_MODELS_CONVERTED.json
extracted,machines,geometry,WIRE_CANDIDATE,prism_cad,147,14196,0.25,,machines/LEVEL5/PRISM_HAAS_CAD_MAPPING.js
extracted,machines,misc,WIRE_CANDIDATE,prism_dev,968,74964,0.2,,machines/LEVEL5/PRISM_HAAS_LEVEL5_COMPLETE.js
extracted,machines,misc,WIRE_CANDIDATE,prism_dev,12610,267994,0.2,,machines/LEVEL5/PRISM_HAAS_LEVEL5_COMPLETE.json
extracted,machines,machine,WIRE_CANDIDATE,prism_data,1021,55995,0.167,,machines/LEVEL5/PRISM_HAAS_NEW_MACHINES_LEVEL5.js
extracted,machines,machine,WIRE_CANDIDATE,prism_data,9642,207468,0.167,,machines/LEVEL5/PRISM_HAAS_NEW_MACHINES_LEVEL5.json
extracted,machines,machine,WIRE_CANDIDATE,prism_data,141,5138,0.2,,machines/PRISM_MACHINE_3D_MODELS.js
extracted,machines,database,DATABASE,prism_data,2296,72941,0.333,MachineConfigDatabaseEngine,machines/PRISM_MACHINE_3D_MODEL_DATABASE_V3.js
extracted,machines,engine,DUP_KEEP_EXISTING,prism_dev,381,13917,0.99,MachineKinematicsEngine,machines/PRISM_MACHINE_KINEMATICS_ENGINE.js
extracted,machines,machine,WIRE_CANDIDATE,prism_data,125,4986,0.2,,machines/PRISM_MACHINE_SPEC_STANDARD.js
extracted,MASTER_EXTRACTION_INDEX.json,misc,META,,614,17627,0,,MASTER_EXTRACTION_INDEX.json
extracted,materials,database,DATABASE,prism_data,561,21667,0.2,,materials/EXOTIC_MATERIALS_DATABASE.js
extracted,materials,misc,WIRE_CANDIDATE,prism_dev,1637,60753,0,,materials/K_CAST_IRON/ductile_cast_irons_016_035.js
extracted,materials,misc,WIRE_CANDIDATE,prism_dev,2931,118314,0,,materials/K_CAST_IRON/gray_cast_irons_001_015.js
extracted,materials,misc,WIRE_CANDIDATE,prism_dev,4875,184248,0,,materials/K_CAST_IRON/special_cast_irons_036_060.js
extracted,materials,material,WIRE_CANDIDATE,prism_data,1624,37535,0.25,,materials/MATERIALS_MASTER.json
extracted,materials,ai_ml,WIRE_CANDIDATE,prism_ai,11198,403686,0,,materials/M_STAINLESS/stainless_conditions_generated.js
extracted,materials,ai_ml,WIRE_CANDIDATE,prism_ai,17797,672600,0,,materials/M_STAINLESS/stainless_steels_001_050.js
extracted,materials,ai_ml,WIRE_CANDIDATE,prism_ai,18243,686003,0,,materials/M_STAINLESS/stainless_steels_051_100.js
extracted,materials,misc,WIRE_CANDIDATE,prism_dev,1849,69149,0,,materials/N_NONFERROUS/aluminum_2xxx_011_030.js
extracted,materials,misc,WIRE_CANDIDATE,prism_dev,1220,61942,0,,materials/N_NONFERROUS/aluminum_2xxx_021_030.js
extracted,materials,misc,WIRE_CANDIDATE,prism_dev,650,33096,0,,materials/N_NONFERROUS/aluminum_6xxx_031_050.js
extracted,materials,misc,WIRE_CANDIDATE,prism_dev,376,21654,0,,materials/N_NONFERROUS/aluminum_6xxx_045_050.js
extracted,materials,misc,WIRE_CANDIDATE,prism_dev,2244,68062,0,,materials/N_NONFERROUS/aluminum_6xxx_generated.js
extracted,materials,misc,WIRE_CANDIDATE,prism_dev,2391,122162,0,,materials/N_NONFERROUS/aluminum_7xxx_051_070.js
extracted,materials,misc,WIRE_CANDIDATE,prism_dev,4261,129184,0,,materials/N_NONFERROUS/aluminum_7xxx_generated.js
extracted,materials,misc,WIRE_CANDIDATE,prism_dev,2165,106835,0,,materials/N_NONFERROUS/aluminum_alloys_001_010.js
extracted,materials,misc,WIRE_CANDIDATE,prism_dev,2429,123744,0,,materials/N_NONFERROUS/aluminum_cast_071_090.js
extracted,materials,misc,WIRE_CANDIDATE,prism_dev,1120,36029,0,,materials/N_NONFERROUS/aluminum_cast_generated.js
extracted,materials,misc,WIRE_CANDIDATE,prism_dev,15596,593502,0,,materials/N_NONFERROUS/aluminum_temper_conditions.js
extracted,materials,misc,WIRE_CANDIDATE,prism_dev,1853,70273,0,,materials/N_NONFERROUS/aluminum_wrought_011_050.js
extracted,materials,misc,WIRE_CANDIDATE,prism_dev,2278,74053,0,,materials/N_NONFERROUS/aluminum_wrought_generated.js
extracted,materials,misc,WIRE_CANDIDATE,prism_dev,2934,94144,0,,materials/N_NONFERROUS/copper_alloys_generated.js
extracted,materials,misc,WIRE_CANDIDATE,prism_dev,8586,331460,0,,materials/N_NONFERROUS/copper_temper_conditions.js
extracted,materials,misc,WIRE_CANDIDATE,prism_dev,1448,46188,0.2,,materials/N_NONFERROUS/magnesium_alloys_generated.js
extracted,materials,misc,WIRE_CANDIDATE,prism_dev,1715,54934,0,,materials/N_NONFERROUS/titanium_alloys_generated.js
extracted,materials,misc,WIRE_CANDIDATE,prism_dev,1147,36596,0,,materials/N_NONFERROUS/zinc_alloys_generated.js
extracted,materials,database,DATABASE,prism_data,253,9514,0.5,MaterialDatabaseEngine,materials/PRISM_ENHANCED_MATERIAL_DATABASE.js
extracted,materials,material,WIRE_CANDIDATE,prism_data,1294,27002,0.25,,materials/PRISM_MATERIALS_COMPLETE.js
extracted,materials,misc,WIRE_CANDIDATE,prism_dev,13127,495970,0,,materials/P_STEELS/alloy_steels_065_100.js
extracted,materials,misc,WIRE_CANDIDATE,prism_dev,29942,1088845,0.167,,materials/P_STEELS/carbon_alloy_steel_conditions.js
extracted,materials,misc,WIRE_CANDIDATE,prism_dev,1441,68656,0.25,,materials/P_STEELS/carbon_steels_001_010.js
extracted,materials,misc,WIRE_CANDIDATE,prism_dev,2239,87125,0.25,,materials/P_STEELS/carbon_steels_011_020.js
extracted,materials,misc,WIRE_CANDIDATE,prism_dev,2012,85427,0.25,,materials/P_STEELS/carbon_steels_021_030.js
extracted,materials,misc,WIRE_CANDIDATE,prism_dev,1265,78826,0.25,,materials/P_STEELS/carbon_steels_031_040.js
extracted,materials,misc,WIRE_CANDIDATE,prism_dev,798,74558,0.25,,materials/P_STEELS/carbon_steels_041_050.js
extracted,materials,misc,WIRE_CANDIDATE,prism_dev,5211,201911,0.2,,materials/P_STEELS/free_machining_steels_051_064.js
extracted,materials,misc,WIRE_CANDIDATE,prism_dev,15912,587346,0,,materials/P_STEELS/steels_151_200.js
extracted,materials,misc,WIRE_CANDIDATE,prism_dev,8961,322475,0,,materials/P_STEELS/steels_201_250.js
extracted,materials,misc,WIRE_CANDIDATE,prism_dev,7962,289655,0,,materials/P_STEELS/steels_251_300.js
extracted,materials,misc,WIRE_CANDIDATE,prism_dev,6468,246037,0,,materials/P_STEELS/steels_301_350.js
extracted,materials,misc,WIRE_CANDIDATE,prism_dev,6776,253773,0,,materials/P_STEELS/steels_351_400.js
extracted,materials,tool,WIRE_CANDIDATE,prism_data,17498,664857,0.333,ToolROIEngine,materials/P_STEELS/tool_steels_101_150.js
extracted,materials,tool,WIRE_CANDIDATE,prism_data,31049,1101831,0.2,,materials/P_STEELS/tool_steels_hardness_conditions.js
extracted,materials,misc,WIRE_CANDIDATE,prism_dev,418,17570,0.25,,materials/SCHEMA_127_PARAMETERS.js
extracted,materials,misc,WIRE_CANDIDATE,prism_dev,1189,37985,0,,materials/S_SUPERALLOYS/cobalt_superalloys_generated.js
extracted,materials,misc,WIRE_CANDIDATE,prism_dev,1569,97205,0,,materials/S_SUPERALLOYS/nickel_superalloys_011_020.js
extracted,materials,misc,WIRE_CANDIDATE,prism_dev,1474,46937,0,,materials/S_SUPERALLOYS/nickel_superalloys_generated.js
extracted,materials,material,META,,1016,42343,0,,materials/ULTIMATE_MATERIALS_MASTER_PLAN.md
extracted,materials_complete,ai_ml,WIRE_CANDIDATE,prism_ai,61970,2161664,0.25,,materials_complete/M_STAINLESS/M_STAINLESS_complete.js
extracted,materials_complete,misc,WIRE_CANDIDATE,prism_dev,156759,5234769,0.25,,materials_complete/P_STEELS/P_STEELS_complete.js
extracted,materials_enhanced,ai_ml,WIRE_CANDIDATE,prism_ai,15616,549826,0.2,,materials_enhanced/M_STAINLESS/stainless_steels_001_050_enhanced.js
extracted,materials_enhanced,ai_ml,WIRE_CANDIDATE,prism_ai,18595,649864,0.2,,materials_enhanced/M_STAINLESS/stainless_steels_051_100_enhanced.js
extracted,materials_enhanced,misc,WIRE_CANDIDATE,prism_dev,11550,406719,0.2,,materials_enhanced/P_STEELS/alloy_steels_065_100_enhanced.js
extracted,materials_enhanced,misc,WIRE_CANDIDATE,prism_dev,3149,110036,0.2,,materials_enhanced/P_STEELS/carbon_steels_011_020_enhanced.js
extracted,materials_enhanced,misc,WIRE_CANDIDATE,prism_dev,3150,110174,0.2,,materials_enhanced/P_STEELS/carbon_steels_021_030_enhanced.js
extracted,materials_enhanced,misc,WIRE_CANDIDATE,prism_dev,3145,109893,0.2,,materials_enhanced/P_STEELS/carbon_steels_031_040_enhanced.js
extracted,materials_enhanced,misc,WIRE_CANDIDATE,prism_dev,3150,110173,0.2,,materials_enhanced/P_STEELS/carbon_steels_041_050_enhanced.js
extracted,materials_enhanced,misc,WIRE_CANDIDATE,prism_dev,4581,162327,0.167,,materials_enhanced/P_STEELS/free_machining_steels_051_064_enhanced.js
extracted,materials_enhanced,misc,WIRE_CANDIDATE,prism_dev,19736,669013,0.25,,materials_enhanced/P_STEELS/steels_151_200_enhanced.js
extracted,materials_enhanced,misc,WIRE_CANDIDATE,prism_dev,11802,356583,0.25,,materials_enhanced/P_STEELS/steels_201_250_enhanced.js
extracted,materials_enhanced,misc,WIRE_CANDIDATE,prism_dev,9655,287288,0.25,,materials_enhanced/P_STEELS/steels_251_300_enhanced.js
extracted,materials_enhanced,misc,WIRE_CANDIDATE,prism_dev,4466,133459,0.25,,materials_enhanced/P_STEELS/steels_301_350_enhanced.js
extracted,materials_enhanced,misc,WIRE_CANDIDATE,prism_dev,4766,141044,0.25,,materials_enhanced/P_STEELS/steels_351_400_enhanced.js
extracted,materials_enhanced,tool,WIRE_CANDIDATE,prism_data,15316,541663,0.25,,materials_enhanced/P_STEELS/tool_steels_101_150_enhanced.js
extracted,materials_v9_complete,misc,WIRE_CANDIDATE,prism_dev,994,27015,0.333,BatchCAMEngine,materials_v9_complete/S_SUPERALLOYS/s_superalloys_batch_20260125_010013.js
extracted,materials_v9_complete,misc,WIRE_CANDIDATE,prism_dev,1009,27349,0.333,BatchCAMEngine,materials_v9_complete/S_SUPERALLOYS/s_superalloys_batch_20260125_010133.js
extracted,materials_v9_complete,misc,WIRE_CANDIDATE,prism_dev,989,26871,0.333,BatchCAMEngine,materials_v9_complete/S_SUPERALLOYS/s_superalloys_batch_20260125_010249.js
extracted,materials_v9_complete,misc,WIRE_CANDIDATE,prism_dev,1020,27664,0.333,BatchCAMEngine,materials_v9_complete/S_SUPERALLOYS/s_superalloys_batch_20260125_010411.js
extracted,materials_v9_complete,misc,WIRE_CANDIDATE,prism_dev,984,26673,0.333,BatchCAMEngine,materials_v9_complete/S_SUPERALLOYS/s_superalloys_batch_20260125_010524.js
extracted,materials_v9_complete,misc,WIRE_CANDIDATE,prism_dev,1004,27370,0.333,BatchCAMEngine,materials_v9_complete/S_SUPERALLOYS/s_superalloys_batch_20260125_010641.js
extracted,materials_v9_complete,misc,WIRE_CANDIDATE,prism_dev,979,26593,0.333,BatchCAMEngine,materials_v9_complete/S_SUPERALLOYS/s_superalloys_batch_20260125_010755.js
extracted,materials_v9_complete,misc,WIRE_CANDIDATE,prism_dev,979,26649,0.333,BatchCAMEngine,materials_v9_complete/S_SUPERALLOYS/s_superalloys_batch_20260125_010910.js
extracted,materials_v9_complete,misc,WIRE_CANDIDATE,prism_dev,1004,27257,0.333,BatchCAMEngine,materials_v9_complete/S_SUPERALLOYS/s_superalloys_batch_20260125_011032.js
extracted,materials_v9_complete,misc,WIRE_CANDIDATE,prism_dev,994,26935,0.333,BatchCAMEngine,materials_v9_complete/S_SUPERALLOYS/s_superalloys_batch_20260125_011147.js
extracted,materials_v9_complete,misc,WIRE_CANDIDATE,prism_dev,989,26801,0.333,BatchCAMEngine,materials_v9_complete/S_SUPERALLOYS/s_superalloys_batch_20260125_011312.js
extracted,materials_v9_complete,misc,WIRE_CANDIDATE,prism_dev,999,27117,0.333,BatchCAMEngine,materials_v9_complete/S_SUPERALLOYS/s_superalloys_batch_20260125_011429.js
extracted,materials_v9_complete,misc,WIRE_CANDIDATE,prism_dev,985,26803,0.333,BatchCAMEngine,materials_v9_complete/S_SUPERALLOYS/s_superalloys_batch_20260125_011545.js
extracted,materials_v9_complete,misc,WIRE_CANDIDATE,prism_dev,1000,27268,0.333,BatchCAMEngine,materials_v9_complete/S_SUPERALLOYS/s_superalloys_batch_20260125_011706.js
extracted,materials_v9_complete,misc,WIRE_CANDIDATE,prism_dev,1009,27444,0.333,BatchCAMEngine,materials_v9_complete/S_SUPERALLOYS/s_superalloys_batch_20260125_011827.js
extracted,materials_v9_complete,misc,WIRE_CANDIDATE,prism_dev,944,25578,0.333,BatchCAMEngine,materials_v9_complete/S_SUPERALLOYS/s_superalloys_batch_20260125_011941.js
extracted,materials_v9_complete,misc,WIRE_CANDIDATE,prism_dev,372,9979,0.333,BatchCAMEngine,materials_v9_complete/S_SUPERALLOYS/s_superalloys_batch_20260125_012013.js
extracted,mit,geometry,WIRE_CANDIDATE,prism_cad,295,11450,0.25,,mit/PRISM_CAD_KERNEL_MIT.js
extracted,mit,cam,WIRE_CANDIDATE,prism_cam,185,6633,0.2,,mit/PRISM_CAM_KERNEL_MIT.js
extracted,mit,system,WIRE_CANDIDATE,prism_session,77,2885,0.2,,mit/PRISM_COURSE_GATEWAY_GENERATOR.js
extracted,mit,geometry,WIRE_CANDIDATE,prism_cad,174,6275,0.25,,mit/PRISM_SURFACE_GEOMETRY_MIT.js
extracted,mit,algorithm,WIRE_CANDIDATE,prism_calc,4937,206032,0.25,,mit/PRISM_UNIVERSITY_ALGORITHMS.js
extracted,systems,misc,WIRE_CANDIDATE,prism_dev,155,5257,0.25,,systems/PRISM_ERROR_BOUNDARY.js
extracted,systems,misc,WIRE_CANDIDATE,prism_dev,64,1682,0.25,,systems/PRISM_ERROR_HANDLER.js
extracted,systems,database,DATABASE,prism_data,90,5489,0.25,,systems/PRISM_ERROR_LOOKUP.js
extracted,systems,util,WIRE_CANDIDATE,n/a,263,11066,0.333,Fusion360CADGeneratorAdapter,systems/PRISM_UI_ADAPTER.js
extracted,systems,util,WIRE_CANDIDATE,n/a,294,11490,0.2,,systems/PRISM_UI_BACKEND_INTEGRATOR.js
extracted,systems,engine,WIRE_CANDIDATE,prism_dev,209,5875,0.5,CollisionIntegrationEngine,systems/PRISM_UI_INTEGRATION_ENGINE.js
extracted,systems,util,WIRE_CANDIDATE,n/a,348,12241,0.25,,systems/PRISM_UI_SYSTEM.js
extracted,tools,database,DATABASE,prism_data,1041,55736,0.4,ToolDatabaseBridgeEngine,tools/PRISM_CUTTING_TOOL_DATABASE_V2.js
extracted,tools,tool,WIRE_CANDIDATE,prism_data,358,6490,0.25,,tools/PRISM_TOOL_TYPES_COMPLETE.js
extracted,units,misc,WIRE_CANDIDATE,prism_dev,154,7314,0,,units/PRISM_UNITS.js
extracted,units,misc,WIRE_CANDIDATE,prism_dev,1190,60886,0.25,,units/PRISM_UNITS_ENHANCED.js
extracted,units,misc,STUB,,9,272,0,,units/PRISM_UNIT_SYSTEM.js
extracted,workholding,database,DATABASE,prism_data,326,13158,0.25,,workholding/PRISM_FIXTURE_DATABASE.js
extracted,workholding,database,DATABASE,prism_data,260,9023,0.333,WorkholdingEngine,workholding/PRISM_WORKHOLDING_DATABASE.js
extracted,workholding,engine,DUP_KEEP_EXISTING,prism_dev,120,4126,0.99,WorkholdingEngine,workholding/PRISM_WORKHOLDING_ENGINE.js
extracted_modules,AI_ML_DETAILED_EXTRACTION.json,ai_ml,WIRE_CANDIDATE,prism_ai,663,43712,0.167,,AI_ML_DETAILED_EXTRACTION.json
extracted_modules,ai_ml_engines,misc,META,,229,5690,0,,ai_ml_engines/EXTRACTION_SUMMARY.json
extracted_modules,ai_ml_engines,engine,WIRE_CANDIDATE,prism_dev,157,4556,0.333,A2AProtocolEngine,ai_ml_engines/PRISM_ACTIVATIONS_ENGINE.js
extracted_modules,ai_ml_engines,misc,WIRE_CANDIDATE,prism_dev,190,9861,0.333,AdvancedCalculations,ai_ml_engines/PRISM_ADVANCED_DQN.js
extracted_modules,ai_ml_engines,misc,WIRE_CANDIDATE,prism_dev,289,10042,0.333,AdvancedCalculations,ai_ml_engines/PRISM_ATTENTION_ADVANCED.js
extracted_modules,ai_ml_engines,engine,WIRE_CANDIDATE,prism_dev,274,13058,0.5,AIResourceLearningEngine,ai_ml_engines/PRISM_CALCULATOR_LEARNING_ENGINE.js
extracted_modules,ai_ml_engines,misc,WIRE_CANDIDATE,prism_dev,335,11744,0.333,ClusteringEngine,ai_ml_engines/PRISM_CLUSTERING_ENHANCED.js
extracted_modules,ai_ml_engines,misc,WIRE_CANDIDATE,prism_dev,322,10432,0,,ai_ml_engines/PRISM_COMBINATORIAL.js
extracted_modules,ai_ml_engines,ai_ml,WIRE_CANDIDATE,prism_ai,169,6996,0.4,CNCControllerDeepLearningEngine,ai_ml_engines/PRISM_DEEP_LEARNING_PARAMS.js
extracted_modules,ai_ml_engines,misc,PARTIAL_OVERLAP,prism_dev,209,7262,0.667,FeatureInteractionEngine,ai_ml_engines/PRISM_FEATURE_INTERACTION.js
extracted_modules,ai_ml_engines,misc,WIRE_CANDIDATE,prism_dev,327,12009,0.25,,ai_ml_engines/PRISM_HYPEROPT_COMPLETE.js
extracted_modules,ai_ml_engines,misc,PARTIAL_OVERLAP,prism_dev,229,9454,0.667,IntentClassifierEngine,ai_ml_engines/PRISM_INTENT_CLASSIFIER.js
extracted_modules,ai_ml_engines,engine,DUP_KEEP_EXISTING,prism_dev,367,13286,0.99,InteriorPointEngine,ai_ml_engines/PRISM_INTERIOR_POINT_ENGINE.js
extracted_modules,ai_ml_engines,ai_ml,WIRE_CANDIDATE,prism_ai,251,8301,0.4,MachineLearningFeedbackEngine,ai_ml_engines/PRISM_LEARNING_FEEDBACK_CONNECTOR.js
extracted_modules,ai_ml_engines,ai_ml,WIRE_CANDIDATE,prism_ai,255,10839,0.4,TransferLearningBridgeEngine,ai_ml_engines/PRISM_LEARNING_INTEGRATION_BRIDGE.js
extracted_modules,ai_ml_engines,engine,WIRE_CANDIDATE,prism_dev,169,5620,0.4,AIResourceLearningEngine,ai_ml_engines/PRISM_LEARNING_RATE_SCHEDULER_ENGINE.js
extracted_modules,ai_ml_engines,misc,WIRE_CANDIDATE,prism_dev,185,6617,0.25,,ai_ml_engines/PRISM_LR_SCHEDULER.js
extracted_modules,ai_ml_engines,algorithm,WIRE_CANDIDATE,prism_calc,184,6791,0.25,,ai_ml_engines/PRISM_MFG_OPTIMIZATION_ADVANCED.js
extracted_modules,ai_ml_engines,misc,PARTIAL_OVERLAP,prism_dev,149,6045,0.667,MonteCarloEngine,ai_ml_engines/PRISM_MONTE_CARLO.js
extracted_modules,ai_ml_engines,misc,WIRE_CANDIDATE,prism_dev,179,6660,0.25,,ai_ml_engines/PRISM_PARTICLE_FILTER.js
extracted_modules,ai_ml_engines,physics,WIRE_CANDIDATE,prism_calc,34,1199,0.25,,ai_ml_engines/PRISM_PINN_CUTTING.js
extracted_modules,ai_ml_engines,misc,WIRE_CANDIDATE,prism_dev,163,6093,0.333,CollisionEngine,ai_ml_engines/PRISM_PROBABILISTIC_COLLISION.js
extracted_modules,ai_ml_engines,misc,WIRE_CANDIDATE,prism_dev,285,11597,0.333,AdvancedCalculations,ai_ml_engines/PRISM_RNN_ADVANCED.js
extracted_modules,ai_ml_engines,engine,WIRE_CANDIDATE,prism_dev,192,7552,0.5,CADWorldModelEngine,ai_ml_engines/PRISM_SEQUENCE_MODEL_ENGINE.js
extracted_modules,ai_ml_engines,algorithm,PARTIAL_OVERLAP,prism_calc,310,12446,0.667,SwarmAlgorithmsEngine,ai_ml_engines/PRISM_SWARM_ALGORITHMS.js
extracted_modules,ai_ml_engines,engine,DUP_KEEP_EXISTING,prism_dev,182,6221,0.99,TransformerEngine,ai_ml_engines/PRISM_TRANSFORMER_ENGINE.js
extracted_modules,ai_ml_engines,ai_ml,WIRE_CANDIDATE,prism_ai,234,8595,0.333,AdvancedUncertaintyEngine,ai_ml_engines/PRISM_UNCERTAINTY.js
extracted_modules,ai_ml_engines,algorithm,WIRE_CANDIDATE,prism_calc,520,18735,0.333,OptimizationEngine,ai_ml_engines/PRISM_UNCONSTRAINED_OPTIMIZATION.js
extracted_modules,ai_ml_engines,engine,WIRE_CANDIDATE,prism_dev,186,7413,0.5,AIResourceLearningEngine,ai_ml_engines/PRISM_UNIFIED_LEARNING_ENGINE.js
extracted_modules,AI_ML_FORMULA_EXTRACTION.json,ai_ml,WIRE_CANDIDATE,prism_ai,203,7409,0.2,,AI_ML_FORMULA_EXTRACTION.json
extracted_modules,BRAINSTORM_MERGE_PLAN.md,ai_ml,META,,337,11188,0,,BRAINSTORM_MERGE_PLAN.md
extracted_modules,COMPLETE,algorithm,WIRE_CANDIDATE,prism_calc,1817,70243,0.25,,COMPLETE/PRISM_ADVANCED_UNCONSTRAINED_OPTIMIZER.js
extracted_modules,COMPLETE,engine,WIRE_CANDIDATE,prism_dev,5221,315412,0.25,,COMPLETE/PRISM_AIRCUT_ELIMINATION_ENGINE.js
extracted_modules,COMPLETE,engine,WIRE_CANDIDATE,prism_dev,46,1501,0.5,PhysicsMLHybridEngine,COMPLETE/PRISM_AI_PHYSICS_ENGINE.js
extracted_modules,COMPLETE,ai_ml,WIRE_CANDIDATE,prism_ai,8641,368502,0.25,,COMPLETE/PRISM_BAYESIAN_LEARNING.js
extracted_modules,COMPLETE,misc,WIRE_CANDIDATE,prism_dev,980,32764,0.25,,COMPLETE/PRISM_BOUNDARY_VALIDATOR.js
extracted_modules,COMPLETE,ai_ml,WIRE_CANDIDATE,prism_ai,3407,153726,0.2,,COMPLETE/PRISM_BUSINESS_AI_SYSTEM.js
extracted_modules,COMPLETE,engine,DUP_KEEP_EXISTING,prism_dev,6555,254490,0.99,BVHEngine,COMPLETE/PRISM_BVH_ENGINE.js
extracted_modules,COMPLETE,cam,WIRE_CANDIDATE,prism_cam,248,9331,0.2,,COMPLETE/PRISM_CAM_KERNEL_PASS2.js
extracted_modules,COMPLETE,engine,WIRE_CANDIDATE,prism_dev,1310,49264,0.333,A2AProtocolEngine,COMPLETE/PRISM_CLIPPER2_ENGINE.js
extracted_modules,COMPLETE,engine,DUP_KEEP_EXISTING,prism_dev,154,4914,0.99,CollisionEngine,COMPLETE/PRISM_COLLISION_ENGINE.js
extracted_modules,COMPLETE,algorithm,WIRE_CANDIDATE,prism_calc,3931,165475,0.25,,COMPLETE/PRISM_COMBINATORIAL_OPTIMIZER.js
extracted_modules,COMPLETE,engine,WIRE_CANDIDATE,prism_dev,11645,434259,0.5,CompleteMachiningEngine,COMPLETE/PRISM_COMPLETE_FEATURE_ENGINE.js
extracted_modules,COMPLETE,database,DATABASE,prism_data,1922,337890,0.25,,COMPLETE/PRISM_COST_DATABASE.js
extracted_modules,COMPLETE,physics,WIRE_CANDIDATE,prism_calc,63,2186,0.5,AdvancedCuttingPhysicsEngine,COMPLETE/PRISM_CUTTING_PHYSICS.js
extracted_modules,COMPLETE,engine,PARTIAL_OVERLAP,prism_dev,11501,469476,0.75,CycleTimeEngine,COMPLETE/PRISM_CYCLE_TIME_PREDICTION_ENGINE.js
extracted_modules,COMPLETE,misc,WIRE_CANDIDATE,prism_dev,7643,314955,0.2,,COMPLETE/PRISM_ENHANCED_DIMENSION_EXTRACTION.js
extracted_modules,COMPLETE,misc,WIRE_CANDIDATE,prism_dev,10847,396092,0.25,,COMPLETE/PRISM_ERROR_HANDLER.js
extracted_modules,COMPLETE,system,WIRE_CANDIDATE,prism_session,12002,423330,0.2,,COMPLETE/PRISM_EXAMPLE_PARTS_INTEGRATION.js
extracted_modules,COMPLETE,misc,WIRE_CANDIDATE,prism_dev,5896,203193,0.333,FatigueLifeEngine,COMPLETE/PRISM_FATIGUE.js
extracted_modules,COMPLETE,engine,DUP_KEEP_EXISTING,prism_dev,873,33383,0.99,FeatureInteractionEngine,COMPLETE/PRISM_FEATURE_INTERACTION_ENGINE.js
extracted_modules,COMPLETE,system,WIRE_CANDIDATE,prism_session,6407,302112,0.2,,COMPLETE/PRISM_GATEWAY_100_PERCENT_ROUTES.js
extracted_modules,COMPLETE,ai_ml,WIRE_CANDIDATE,prism_ai,4427,214950,0.2,,COMPLETE/PRISM_GATEWAY_REMAINING_ROUTES.js
extracted_modules,COMPLETE,misc,PARTIAL_OVERLAP,prism_dev,4251,174836,0.667,GeodesicDistanceEngine,COMPLETE/PRISM_GEODESIC_DISTANCE.js
extracted_modules,COMPLETE,misc,WIRE_CANDIDATE,prism_dev,9048,338274,0,,COMPLETE/PRISM_HUMAN_FACTORS.js
extracted_modules,COMPLETE,misc,WIRE_CANDIDATE,prism_dev,5993,217157,0.25,,COMPLETE/PRISM_INIT_SEQUENCER.js
extracted_modules,COMPLETE,misc,WIRE_CANDIDATE,prism_dev,2823,90883,0.2,,COMPLETE/PRISM_INTELLIGENT_MACHINING_MODE.js
extracted_modules,COMPLETE,misc,WIRE_CANDIDATE,prism_dev,860,33974,0.5,RestMachiningEngine,COMPLETE/PRISM_INTELLIGENT_REST_MACHINING.js
extracted_modules,COMPLETE,misc,PARTIAL_OVERLAP,prism_dev,79,2590,0.667,InteriorPointEngine,COMPLETE/PRISM_INTERIOR_POINT.js
extracted_modules,COMPLETE,database,DATABASE,prism_data,3388,129218,0.25,,COMPLETE/PRISM_JERGENS_DATABASE.js
extracted_modules,COMPLETE,engine,DUP_KEEP_EXISTING,prism_dev,920,39537,0.99,JobShopSchedulingEngine,COMPLETE/PRISM_JOB_SHOP_SCHEDULING_ENGINE.js
extracted_modules,COMPLETE,misc,WIRE_CANDIDATE,prism_dev,7492,312850,0.25,,COMPLETE/PRISM_LAYER3_PLUS.js
extracted_modules,COMPLETE,misc,WIRE_CANDIDATE,prism_dev,123,4188,0,,COMPLETE/PRISM_LP_SOLVERS.js
extracted_modules,COMPLETE,machine,WIRE_CANDIDATE,prism_data,132,4953,0.2,,COMPLETE/PRISM_MACHINE_3D_MODELS.js
extracted_modules,COMPLETE,misc,WIRE_CANDIDATE,prism_dev,6271,285016,0,,COMPLETE/PRISM_MAJOR_ENHANCEMENTS.js
extracted_modules,COMPLETE,algorithm,WIRE_CANDIDATE,prism_calc,93,3590,0.333,ManufacturingCalculations,COMPLETE/PRISM_MANUFACTURING_ALGORITHMS.js
extracted_modules,COMPLETE,database,STUB,,1,312721,0,,COMPLETE/PRISM_MASTER_CAD_CAM_DATABASE.js
extracted_modules,COMPLETE,misc,WIRE_CANDIDATE,prism_dev,95,3504,0.25,,COMPLETE/PRISM_MECHANISM_ANALYSIS.js
extracted_modules,COMPLETE,engine,PARTIAL_OVERLAP,prism_dev,560,21660,0.667,MeshEngine,COMPLETE/PRISM_MESH_REPAIR_ENGINE.js
extracted_modules,COMPLETE,engine,DUP_KEEP_EXISTING,prism_dev,342,12536,0.99,MonteCarloEngine,COMPLETE/PRISM_MONTE_CARLO_ENGINE.js
extracted_modules,COMPLETE,misc,WIRE_CANDIDATE,prism_dev,6378,240633,0.167,,COMPLETE/PRISM_ODE_SOLVERS_MIT.js
extracted_modules,COMPLETE,tool,WIRE_CANDIDATE,prism_data,7187,282091,0.4,SmartToolSelectorEngine,COMPLETE/PRISM_OPTIMIZED_TOOL_SELECTOR.js
extracted_modules,COMPLETE,misc,WIRE_CANDIDATE,prism_dev,751,28218,0.25,,COMPLETE/PRISM_PERSISTENT_HOMOLOGY.js
extracted_modules,COMPLETE,database,DATABASE,prism_data,2666,111645,0.25,,COMPLETE/PRISM_PHASE2_DATABASE.js
extracted_modules,COMPLETE,misc,WIRE_CANDIDATE,prism_dev,831,29902,0.25,,COMPLETE/PRISM_PHASE3_ADVANCED_RL.js
extracted_modules,COMPLETE,algorithm,WIRE_CANDIDATE,prism_calc,629,28464,0.333,OptimizationEngine,COMPLETE/PRISM_PHASE3_OPTIMIZATION.js
extracted_modules,COMPLETE,misc,WIRE_CANDIDATE,prism_dev,4973,226560,0,,COMPLETE/PRISM_PHASE8_EXPERTS.js
extracted_modules,COMPLETE,engine,PARTIAL_OVERLAP,prism_dev,2967,102834,0.667,PhysicsMLHybridEngine,COMPLETE/PRISM_PHYSICS_ENGINE.js
extracted_modules,COMPLETE,database,DATABASE,prism_data,5932,215923,0.5,PostProcessorAPIEngine,COMPLETE/PRISM_POST_PROCESSOR_DATABASE_V2.js
extracted_modules,COMPLETE,engine,WIRE_CANDIDATE,prism_dev,12607,519122,0.333,A2AProtocolEngine,COMPLETE/PRISM_REGULARIZATION_ENGINE.js
extracted_modules,COMPLETE,misc,WIRE_CANDIDATE,prism_dev,117,4830,0.25,,COMPLETE/PRISM_RL_COMPLETE.js
extracted_modules,COMPLETE,misc,WIRE_CANDIDATE,prism_dev,1953,80150,0.25,,COMPLETE/PRISM_SEARCH_ENHANCED.js
extracted_modules,COMPLETE,engine,PARTIAL_OVERLAP,prism_dev,891,36245,0.75,InteriorPointEngine,COMPLETE/PRISM_SQP_INTERIOR_POINT_ENGINE.js
extracted_modules,COMPLETE,geometry,WIRE_CANDIDATE,prism_cad,285,9182,0.2,,COMPLETE/PRISM_STEP_ENTITY_PARSER.js
extracted_modules,COMPLETE,misc,WIRE_CANDIDATE,prism_dev,9073,360472,0,,COMPLETE/PRISM_SUBDIVISION_SURFACES.js
extracted_modules,COMPLETE,engine,DUP_KEEP_EXISTING,prism_dev,1555,67200,0.99,ThermalExpansionEngine,COMPLETE/PRISM_THERMAL_EXPANSION_ENGINE.js
extracted_modules,COMPLETE,database,STUB,,1,280124,0,,COMPLETE/PRISM_TOOL_HOLDER_3D_DATABASE.js
extracted_modules,COMPLETE,misc,WIRE_CANDIDATE,prism_dev,2441,97652,0.25,,COMPLETE/PRISM_TOPOLOGICAL_ANALYSIS.js
extracted_modules,COMPLETE,misc,PARTIAL_OVERLAP,prism_dev,6162,270216,0.667,TrustRegionEngine,COMPLETE/PRISM_TRUST_REGION.js
extracted_modules,COMPLETE,ai_ml,WIRE_CANDIDATE,prism_ai,5382,197416,0.2,,COMPLETE/PRISM_UNIFIED_CAD_LEARNING_SYSTEM.js
extracted_modules,COMPLETE,algorithm,WIRE_CANDIDATE,prism_calc,4928,205848,0.25,,COMPLETE/PRISM_UNIVERSITY_ALGORITHMS.js
extracted_modules,COMPLETE,misc,WIRE_CANDIDATE,prism_dev,7223,266396,0,,COMPLETE/PRISM_V857_ENHANCEMENTS.js
extracted_modules,COMPLETE,misc,WIRE_CANDIDATE,prism_dev,2810,382223,0.25,,COMPLETE/PRISM_WORKFLOW_BACKEND_BRIDGE.js
extracted_modules,COMPLETE,database,DATABASE,prism_data,10169,414300,0.333,WorkholdingEngine,COMPLETE/PRISM_WORKHOLDING_DATABASE.js
extracted_modules,COMPLETE,misc,META,,6,117,0,,COMPLETE/SUMMARY.json
extracted_modules,complete_extraction,misc,META,,1131,26467,0,,complete_extraction/EXTRACTION_SUMMARY.json
extracted_modules,complete_extraction,misc,WIRE_CANDIDATE,prism_dev,353,15352,0.2,,complete_extraction/PRISM_100_PERCENT_COMPLETENESS.js
extracted_modules,complete_extraction,misc,WIRE_CANDIDATE,prism_dev,282,11441,0.25,,complete_extraction/PRISM_100_PERCENT_CONFIDENCE.js
extracted_modules,complete_extraction,system,WIRE_CANDIDATE,prism_session,187,8787,0.25,,complete_extraction/PRISM_100_PERCENT_INTEGRATION.js
extracted_modules,complete_extraction,misc,WIRE_CANDIDATE,prism_dev,50,1783,0.2,,complete_extraction/PRISM_220_COURSES_CUMULATIVE.js
extracted_modules,complete_extraction,misc,WIRE_CANDIDATE,prism_dev,321,14464,0.25,,complete_extraction/PRISM_220_COURSES_MASTER.js
extracted_modules,complete_extraction,test,WIRE_CANDIDATE,n/a,59,2288,0.2,,complete_extraction/PRISM_220_COURSES_SELF_TEST.js
extracted_modules,complete_extraction,misc,DATABASE,prism_data,325,36350,0.25,,complete_extraction/PRISM_220_COURSE_CATALOG.js
extracted_modules,complete_extraction,engine,WIRE_CANDIDATE,prism_dev,977,36361,0.5,MultiaxisToolpathEngine,complete_extraction/PRISM_2D_TOOLPATH_ENGINE.js
extracted_modules,complete_extraction,engine,PARTIAL_OVERLAP,prism_dev,235,8700,0.667,VisualizationEngine,complete_extraction/PRISM_3D_VISUALIZATION_ENGINE.js
extracted_modules,complete_extraction,misc,WIRE_CANDIDATE,prism_dev,86,6589,0.25,,complete_extraction/PRISM_3D_VISUALIZATION_PIPELINE.js
extracted_modules,complete_extraction,engine,WIRE_CANDIDATE,prism_dev,452,14622,0.4,VisualLabEngine,complete_extraction/PRISM_3D_VISUAL_ENHANCEMENT_ENGINE.js
extracted_modules,complete_extraction,engine,WIRE_CANDIDATE,prism_dev,665,22003,0.4,CamDesignEngine,complete_extraction/PRISM_5AXIS_BLISK_CAM_ENGINE.js
extracted_modules,complete_extraction,engine,WIRE_CANDIDATE,prism_dev,217,8490,0.5,ToolpathLinkingEngine,complete_extraction/PRISM_5AXIS_LINKING_ENGINE.js
extracted_modules,complete_extraction,misc,WIRE_CANDIDATE,prism_dev,131,5332,0,,complete_extraction/PRISM_A11Y.js
extracted_modules,complete_extraction,test,WIRE_CANDIDATE,n/a,152,5586,0.25,,complete_extraction/PRISM_AB_TESTING.js
extracted_modules,complete_extraction,misc,WIRE_CANDIDATE,prism_dev,124,4592,0.5,CycleTimeEngine,complete_extraction/PRISM_ACCURATE_CYCLE_TIME.js
extracted_modules,complete_extraction,misc,PARTIAL_OVERLAP,prism_dev,5375,201382,0.667,AcoSequencerEngine,complete_extraction/PRISM_ACO_SEQUENCER.js
extracted_modules,complete_extraction,ai_ml,WIRE_CANDIDATE,prism_ai,234,8631,0.5,ActiveLearningStrategyEngine,complete_extraction/PRISM_ACTIVE_LEARNING.js
extracted_modules,complete_extraction,ai_ml,WIRE_CANDIDATE,prism_ai,206,7310,0.4,ActiveLearningStrategyEngine,complete_extraction/PRISM_ACTIVE_LEARNING_COMPLETE.js
extracted_modules,complete_extraction,misc,WIRE_CANDIDATE,prism_dev,292,11505,0.2,,complete_extraction/PRISM_ACTIVITY_BASED_COSTING.js
extracted_modules,complete_extraction,engine,WIRE_CANDIDATE,prism_dev,144,5365,0.25,,complete_extraction/PRISM_ACTOR_CRITIC_ENGINE.js
extracted_modules,complete_extraction,engine,DUP_KEEP_EXISTING,prism_dev,430,17137,0.99,AdaptiveClearingEngine,complete_extraction/PRISM_ADAPTIVE_CLEARING_ENGINE.js
extracted_modules,complete_extraction,geometry,WIRE_CANDIDATE,prism_cad,92,3182,0.333,MeshEngine,complete_extraction/PRISM_ADAPTIVE_MESH.js
extracted_modules,complete_extraction,misc,WIRE_CANDIDATE,prism_dev,227,7905,0.25,,complete_extraction/PRISM_ADAPTIVE_SPC.js
extracted_modules,complete_extraction,engine,DUP_KEEP_EXISTING,prism_dev,212,6965,1,AdaptiveTessellationEngine,complete_extraction/PRISM_ADAPTIVE_TESSELLATION_ENGINE_V2.js
extracted_modules,complete_extraction,misc,WIRE_CANDIDATE,prism_dev,418,18415,0.25,,complete_extraction/PRISM_ADAPTIVE_TESSELLATOR.js
extracted_modules,complete_extraction,misc,WIRE_CANDIDATE,prism_dev,400,14924,0.4,AdvancedMillingStrategiesEngine,complete_extraction/PRISM_ADVANCED_5AXIS_STRATEGIES.js
extracted_modules,complete_extraction,engine,WIRE_CANDIDATE,prism_dev,477,17437,0.4,AdvancedCNCConfigEngine,complete_extraction/PRISM_ADVANCED_BLADE_SURFACE_ENGINE.js
extracted_modules,complete_extraction,engine,PARTIAL_OVERLAP,prism_dev,214,9766,0.667,CollisionEngine,complete_extraction/PRISM_ADVANCED_COLLISION_ENGINE.js
extracted_modules,complete_extraction,algorithm,WIRE_CANDIDATE,prism_calc,59,1944,0.4,SpeedFeedAdvancedAIEngine,complete_extraction/PRISM_ADVANCED_FEED_OPTIMIZER.js
extracted_modules,complete_extraction,misc,WIRE_CANDIDATE,prism_dev,168,6691,0.333,AdvancedCalculations,complete_extraction/PRISM_ADVANCED_INTERPOLATION.js
extracted_modules,complete_extraction,engine,PARTIAL_OVERLAP,prism_dev,601,23185,0.667,KinematicsEngine,complete_extraction/PRISM_ADVANCED_KINEMATICS_ENGINE.js
extracted_modules,complete_extraction,misc,WIRE_CANDIDATE,prism_dev,509,19405,0.333,AdvancedCalculations,complete_extraction/PRISM_ADVANCED_METAHEURISTICS.js
extracted_modules,complete_extraction,engine,PARTIAL_OVERLAP,prism_dev,1011,33794,0.667,OptimizationEngine,complete_extraction/PRISM_ADVANCED_OPTIMIZATION_ENGINE.js
extracted_modules,complete_extraction,misc,WIRE_CANDIDATE,prism_dev,368,15614,0.5,RestMachiningEngine,complete_extraction/PRISM_ADVANCED_REST_MACHINING.js
extracted_modules,complete_extraction,misc,WIRE_CANDIDATE,prism_dev,182,7675,0.333,AdvancedCalculations,complete_extraction/PRISM_ADVANCED_ROUGHING.js
extracted_modules,complete_extraction,misc,WIRE_CANDIDATE,prism_dev,182,7712,0.333,AdvancedCalculations,complete_extraction/PRISM_ADVANCED_ROUGHING_V2.js
extracted_modules,complete_extraction,engine,WIRE_CANDIDATE,prism_dev,505,15631,0.4,AdvancedCNCConfigEngine,complete_extraction/PRISM_ADVANCED_SWEEP_LOFT_ENGINE.js
extracted_modules,complete_extraction,algorithm,WIRE_CANDIDATE,prism_calc,484,17340,0.25,,complete_extraction/PRISM_ADVANCED_UNCONSTRAINED_OPTIMIZER.js
extracted_modules,complete_extraction,engine,WIRE_CANDIDATE,prism_dev,400,15387,0.25,,complete_extraction/PRISM_AIRCUT_ELIMINATION_ENGINE.js
extracted_modules,complete_extraction,ai_ml,WIRE_CANDIDATE,prism_ai,187,7718,0.2,,complete_extraction/PRISM_AI_100_CROSSDOMAIN_GENERATOR.js
extracted_modules,complete_extraction,database,DATABASE,prism_data,371,14268,0.25,,complete_extraction/PRISM_AI_100_DATABASE_REGISTRY.js
extracted_modules,complete_extraction,ai_ml,WIRE_CANDIDATE,prism_ai,282,11731,0.2,,complete_extraction/PRISM_AI_100_DATA_COLLECTOR.js
extracted_modules,complete_extraction,engine,WIRE_CANDIDATE,prism_dev,113,4010,0.5,StochasticWrapperEngine,complete_extraction/PRISM_AI_100_ENGINE_WRAPPER.js
extracted_modules,complete_extraction,ai_ml,WIRE_CANDIDATE,prism_ai,165,8753,0.25,,complete_extraction/PRISM_AI_100_INTEGRATION.js
extracted_modules,complete_extraction,ai_ml,WIRE_CANDIDATE,prism_ai,129,4997,0.2,,complete_extraction/PRISM_AI_100_KB_CONNECTOR.js
extracted_modules,complete_extraction,ai_ml,WIRE_CANDIDATE,prism_ai,3669,167638,0.286,,complete_extraction/PRISM_AI_100_PHYSICS_GENERATOR.js
extracted_modules,complete_extraction,ai_ml,WIRE_CANDIDATE,prism_ai,65,3263,0,,complete_extraction/PRISM_AI_100_TESTS.js
extracted_modules,complete_extraction,ai_ml,WIRE_CANDIDATE,prism_ai,187,7079,0.25,,complete_extraction/PRISM_AI_BACKGROUND_ORCHESTRATOR.js
extracted_modules,complete_extraction,ai_ml,WIRE_CANDIDATE,prism_ai,74,2482,0.2,,complete_extraction/PRISM_AI_CHAT_INTERFACE.js
extracted_modules,complete_extraction,ai_ml,WIRE_CANDIDATE,prism_ai,376,15395,0.2,,complete_extraction/PRISM_AI_COMPLETE_SYSTEM.js
extracted_modules,complete_extraction,database,DATABASE,prism_data,132,5168,0.2,,complete_extraction/PRISM_AI_DATABASE_CONNECTOR.js
extracted_modules,complete_extraction,database,DATABASE,prism_data,136,6199,0.167,,complete_extraction/PRISM_AI_DATABASE_INTEGRATION_TESTS.js
extracted_modules,complete_extraction,ai_ml,WIRE_CANDIDATE,prism_ai,38,1927,0.167,,complete_extraction/PRISM_AI_ENHANCEMENT_GATEWAY_ROUTES.js
extracted_modules,complete_extraction,ai_ml,WIRE_CANDIDATE,prism_ai,175,6889,0.167,,complete_extraction/PRISM_AI_ENHANCEMENT_TESTS.js
extracted_modules,complete_extraction,ai_ml,WIRE_CANDIDATE,prism_ai,344,15401,0.2,,complete_extraction/PRISM_AI_EXPERT_INTEGRATION.js
extracted_modules,complete_extraction,ai_ml,WIRE_CANDIDATE,prism_ai,302,11034,0.167,,complete_extraction/PRISM_AI_GUIDANCE_FOUNDATION.js
extracted_modules,complete_extraction,ai_ml,WIRE_CANDIDATE,prism_ai,382,17056,0.2,,complete_extraction/PRISM_AI_INTEGRATED_SYSTEM.js
extracted_modules,complete_extraction,ai_ml,WIRE_CANDIDATE,prism_ai,120,7136,0.4,AIDeepKnowledgeIntegrationEngine,complete_extraction/PRISM_AI_KNOWLEDGE_INTEGRATION.js
extracted_modules,complete_extraction,ai_ml,WIRE_CANDIDATE,prism_ai,475,26150,0.2,,complete_extraction/PRISM_AI_MATERIAL_MODIFIERS.js
extracted_modules,complete_extraction,engine,WIRE_CANDIDATE,prism_dev,598,21517,0.5,LatheOrchestrationEngine,complete_extraction/PRISM_AI_ORCHESTRATION_ENGINE.js
extracted_modules,complete_extraction,ai_ml,WIRE_CANDIDATE,prism_ai,74,2945,0,,complete_extraction/PRISM_AI_PARAMS.js
extracted_modules,complete_extraction,engine,WIRE_CANDIDATE,prism_dev,356,12476,0.5,PhysicsMLHybridEngine,complete_extraction/PRISM_AI_PHYSICS_ENGINE.js
extracted_modules,complete_extraction,database,DATABASE,prism_data,1243,54396,0.25,,complete_extraction/PRISM_AI_TOOLPATH_DATABASE.js
extracted_modules,complete_extraction,ai_ml,WIRE_CANDIDATE,prism_ai,200,13079,0.2,,complete_extraction/PRISM_AI_TRAINING_DATA.js
extracted_modules,complete_extraction,ai_ml,WIRE_CANDIDATE,prism_ai,202,9223,0.167,,complete_extraction/PRISM_AI_UNIFIED_DATA_CONNECTOR.js
extracted_modules,complete_extraction,algorithm,WIRE_CANDIDATE,prism_calc,40,9650,0.25,,complete_extraction/PRISM_ALGORITHMS_KB.js
extracted_modules,complete_extraction,algorithm,WIRE_CANDIDATE,prism_calc,174,6355,0.333,AlgorithmEngine,complete_extraction/PRISM_ALGORITHM_ENSEMBLER.js
extracted_modules,complete_extraction,algorithm,PARTIAL_OVERLAP,prism_calc,217,9281,0.667,AlgorithmOrchestratorEngine,complete_extraction/PRISM_ALGORITHM_ORCHESTRATOR.js
extracted_modules,complete_extraction,algorithm,DATABASE,prism_data,3559,154234,0.333,AlgorithmEngine,complete_extraction/PRISM_ALGORITHM_REGISTRY.js
extracted_modules,complete_extraction,algorithm,WIRE_CANDIDATE,prism_calc,365,15364,0.333,AlgorithmEngine,complete_extraction/PRISM_ALGORITHM_STRATEGIES.js
extracted_modules,complete_extraction,misc,WIRE_CANDIDATE,prism_dev,198,6982,0,,complete_extraction/PRISM_ALPHA_SHAPES.js
extracted_modules,complete_extraction,misc,WIRE_CANDIDATE,prism_dev,83,3879,0,,complete_extraction/PRISM_ANIMATION.js
extracted_modules,complete_extraction,engine,DUP_KEEP_EXISTING,prism_dev,145,6532,0.99,ArcFittingEngine,complete_extraction/PRISM_ARC_FITTING_ENGINE.js
extracted_modules,complete_extraction,misc,WIRE_CANDIDATE,prism_dev,300,13355,0.25,,complete_extraction/PRISM_ATTENTION_COMPLETE.js
extracted_modules,complete_extraction,engine,PARTIAL_OVERLAP,prism_dev,275,9398,0.667,WEDMGraphAttentionEngine,complete_extraction/PRISM_ATTENTION_ENGINE.js
extracted_modules,complete_extraction,tool,WIRE_CANDIDATE,prism_data,37,1550,0.333,ToolROIEngine,complete_extraction/PRISM_ATTENTION_TOOL.js
extracted_modules,complete_extraction,misc,WIRE_CANDIDATE,prism_dev,78,3493,0.25,,complete_extraction/PRISM_ATTENTION_VARIANTS.js
extracted_modules,complete_extraction,engine,WIRE_CANDIDATE,prism_dev,320,19844,0.5,AutomationChainEngine,complete_extraction/PRISM_AUTOMATION_CENTER_ENGINE.js
extracted_modules,complete_extraction,database,DATABASE,prism_data,32,1240,0.2,,complete_extraction/PRISM_AUTOMATION_VARIANTS_DATABASE.js
extracted_modules,complete_extraction,misc,WIRE_CANDIDATE,prism_dev,165,4991,0,,complete_extraction/PRISM_AUTOSAVE.js
extracted_modules,complete_extraction,engine,WIRE_CANDIDATE,prism_dev,360,12654,0.5,FiveAxisDeepLearningEngine,complete_extraction/PRISM_AXIS_BEHAVIOR_LEARNING_ENGINE.js
extracted_modules,complete_extraction,misc,WIRE_CANDIDATE,prism_dev,87,2498,0.333,BatchCAMEngine,complete_extraction/PRISM_BATCH_LOADER.js
extracted_modules,complete_extraction,engine,PARTIAL_OVERLAP,prism_dev,451,14184,0.75,StepImportEngine,complete_extraction/PRISM_BATCH_STEP_IMPORT_ENGINE.js
extracted_modules,complete_extraction,ai_ml,WIRE_CANDIDATE,prism_ai,282,10288,0.25,,complete_extraction/PRISM_BAYESIAN_LEARNING.js
extracted_modules,complete_extraction,misc,WIRE_CANDIDATE,prism_dev,235,8461,0.25,,complete_extraction/PRISM_BAYESIAN_SYSTEM.js
extracted_modules,complete_extraction,tool,PARTIAL_OVERLAP,prism_data,369,13520,0.75,BayesianToolLifeEngine,complete_extraction/PRISM_BAYESIAN_TOOL_LIFE.js
extracted_modules,complete_extraction,database,DATABASE,prism_data,143,5675,0.333,ToolHolderDatabaseEngine,complete_extraction/PRISM_BIG_DAISHOWA_HOLDER_DATABASE.js
extracted_modules,complete_extraction,engine,WIRE_CANDIDATE,prism_dev,345,12350,0.5,AnomalyDetectionEngine,complete_extraction/PRISM_BOSS_DETECTION_ENGINE.js
extracted_modules,complete_extraction,misc,WIRE_CANDIDATE,prism_dev,163,5651,0.25,,complete_extraction/PRISM_BOUNDARY_VALIDATOR.js
extracted_modules,complete_extraction,geometry,WIRE_CANDIDATE,prism_cad,1285,44737,0.333,CadQueryCodeGeneratorEngine,complete_extraction/PRISM_BREP_CAD_GENERATOR_V2.js
extracted_modules,complete_extraction,misc,PARTIAL_OVERLAP,prism_dev,716,22693,0.667,BRepTessellatorEngine,complete_extraction/PRISM_BREP_TESSELLATOR.js
extracted_modules,complete_extraction,misc,WIRE_CANDIDATE,prism_dev,296,9638,0.2,,complete_extraction/PRISM_BREP_VALIDATION_EXTENSION.js
extracted_modules,complete_extraction,misc,WIRE_CANDIDATE,prism_dev,279,12685,0.5,CadBridge,complete_extraction/PRISM_BRIDGE.js
extracted_modules,complete_extraction,ai_ml,WIRE_CANDIDATE,prism_ai,125,5265,0.2,,complete_extraction/PRISM_BUSINESS_AI_MODELS.js
extracted_modules,complete_extraction,ai_ml,WIRE_CANDIDATE,prism_ai,211,8181,0.2,,complete_extraction/PRISM_BUSINESS_AI_SYSTEM.js
extracted_modules,complete_extraction,engine,DUP_KEEP_EXISTING,prism_dev,437,15428,0.99,BVHEngine,complete_extraction/PRISM_BVH_ENGINE.js
extracted_modules,complete_extraction,misc,WIRE_CANDIDATE,prism_dev,324,9925,0.333,CacheEngine,complete_extraction/PRISM_CACHE_SYSTEM.js
extracted_modules,complete_extraction,geometry,WIRE_CANDIDATE,prism_cad,567,27575,0.333,CadCamHandoffEngine,complete_extraction/PRISM_CAD_CAM_INTEGRATION_HUB.js
extracted_modules,complete_extraction,engine,WIRE_CANDIDATE,prism_dev,192,6483,0.5,AnchoredConfidenceEngine,complete_extraction/PRISM_CAD_CONFIDENCE_ENGINE.js
extracted_modules,complete_extraction,geometry,WIRE_CANDIDATE,prism_cad,248,8351,0.5,FileStorageEngine,complete_extraction/PRISM_CAD_FILE_STORAGE.js
extracted_modules,complete_extraction,geometry,WIRE_CANDIDATE,prism_cad,286,11274,0.25,,complete_extraction/PRISM_CAD_KERNEL_MIT.js
extracted_modules,complete_extraction,geometry,WIRE_CANDIDATE,prism_cad,5041,186649,0.25,,complete_extraction/PRISM_CAD_KERNEL_PASS2.js
extracted_modules,complete_extraction,ai_ml,PARTIAL_OVERLAP,prism_ai,304,10648,0.667,CadBridge,complete_extraction/PRISM_CAD_LEARNING_BRIDGE.js
extracted_modules,complete_extraction,geometry,WIRE_CANDIDATE,prism_cad,157,7869,0.333,CadBridge,complete_extraction/PRISM_CAD_MATH.js
extracted_modules,complete_extraction,geometry,WIRE_CANDIDATE,prism_cad,150,5981,0.25,,complete_extraction/PRISM_CAD_UPLOAD_UI.js
extracted_modules,complete_extraction,engine,WIRE_CANDIDATE,prism_dev,126,6827,0.5,AdaptiveChatterEngine,complete_extraction/PRISM_CALCULATOR_CHATTER_ENGINE.js
extracted_modules,complete_extraction,engine,WIRE_CANDIDATE,prism_dev,208,9020,0.5,CalculatorPRISMModeEngine,complete_extraction/PRISM_CALCULATOR_CONSTRAINT_ENGINE.js
extracted_modules,complete_extraction,misc,WIRE_CANDIDATE,prism_dev,83,4263,0.25,,complete_extraction/PRISM_CALCULATOR_ENHANCEMENT_BRIDGE.js
extracted_modules,complete_extraction,test,WIRE_CANDIDATE,n/a,84,4089,0.2,,complete_extraction/PRISM_CALCULATOR_ENHANCEMENT_TESTS.js
extracted_modules,complete_extraction,algorithm,WIRE_CANDIDATE,prism_calc,140,8514,0.25,,complete_extraction/PRISM_CALCULATOR_OPTIMIZER.js
extracted_modules,complete_extraction,engine,WIRE_CANDIDATE,prism_dev,343,13937,0.5,CalculatorPRISMModeEngine,complete_extraction/PRISM_CALCULATOR_PHYSICS_ENGINE.js
extracted_modules,complete_extraction,engine,WIRE_CANDIDATE,prism_dev,149,8839,0.5,AcquisitionRecommendationEngine,complete_extraction/PRISM_CALCULATOR_RECOMMENDATION_ENGINE.js
extracted_modules,complete_extraction,cam,WIRE_CANDIDATE,prism_cam,97,5083,0.2,,complete_extraction/PRISM_CAM_100_PERCENT_ENHANCEMENT.js
extracted_modules,complete_extraction,cam,WIRE_CANDIDATE,prism_cam,176,6458,0.2,,complete_extraction/PRISM_CAM_KERNEL_MIT.js
extracted_modules,complete_extraction,cam,WIRE_CANDIDATE,prism_cam,434,16607,0.2,,complete_extraction/PRISM_CAM_KERNEL_PASS2.js
extracted_modules,complete_extraction,engine,WIRE_CANDIDATE,prism_dev,325,11979,0.5,AIResourceLearningEngine,complete_extraction/PRISM_CAM_LEARNING_ENGINE.js
extracted_modules,complete_extraction,engine,WIRE_CANDIDATE,prism_dev,55,2040,0.4,AIResourceLearningEngine,complete_extraction/PRISM_CAM_LEARNING_ENGINE_ENHANCED.js
extracted_modules,complete_extraction,engine,WIRE_CANDIDATE,prism_dev,155,5797,0.4,CamDesignEngine,complete_extraction/PRISM_CAM_TOOLPATH_PARAMETERS_ENGINE.js
extracted_modules,complete_extraction,cam,WIRE_CANDIDATE,prism_cam,78,2916,0.25,,complete_extraction/PRISM_CAM_WORKFLOW.js
extracted_modules,complete_extraction,database,DATABASE,prism_data,92,2966,0.25,,complete_extraction/PRISM_CAPABILITY_ASSESSMENT_DATABASE.js
extracted_modules,complete_extraction,misc,DATABASE,prism_data,186,6399,0.333,CADAdapterRegistry,complete_extraction/PRISM_CAPABILITY_REGISTRY.js
extracted_modules,complete_extraction,ai_ml,DATABASE,prism_data,86,3452,0.2,,complete_extraction/PRISM_CATALOG_AI_CONNECTOR.js
extracted_modules,complete_extraction,misc,DATABASE,prism_data,777,43812,0.25,,complete_extraction/PRISM_CATALOG_BATCH7.js
extracted_modules,complete_extraction,system,DATABASE,prism_data,55,2684,0.2,,complete_extraction/PRISM_CATALOG_BATCH7_ROUTES.js
extracted_modules,complete_extraction,misc,DATABASE,prism_data,520,34816,0.25,,complete_extraction/PRISM_CATALOG_BATCH8.js
extracted_modules,complete_extraction,system,DATABASE,prism_data,32,1415,0.2,,complete_extraction/PRISM_CATALOG_BATCH8_ROUTES.js
extracted_modules,complete_extraction,system,DATABASE,prism_data,54,3173,0.2,,complete_extraction/PRISM_CATALOG_CONSOLIDATED_ROUTES.js
extracted_modules,complete_extraction,misc,DATABASE,prism_data,903,58299,0.25,,complete_extraction/PRISM_CATALOG_FINAL.js
extracted_modules,complete_extraction,misc,WIRE_CANDIDATE,prism_dev,166,7380,0,,complete_extraction/PRISM_CHARTS.js
extracted_modules,complete_extraction,misc,WIRE_CANDIDATE,prism_dev,354,13255,0.25,,complete_extraction/PRISM_CHATBOT_ENHANCED.js
extracted_modules,complete_extraction,database,DATABASE,prism_data,80,4008,0.25,,complete_extraction/PRISM_CHUCK_DATABASE_V2.js
extracted_modules,complete_extraction,misc,WIRE_CANDIDATE,prism_dev,175,3880,0.2,,complete_extraction/PRISM_CLAMPING_MECHANISMS_COMPLETE.js
extracted_modules,complete_extraction,misc,WIRE_CANDIDATE,prism_dev,328,15794,0,,complete_extraction/PRISM_CLAUDE_API.js
extracted_modules,complete_extraction,misc,WIRE_CANDIDATE,prism_dev,370,13313,0.25,,complete_extraction/PRISM_CLAUDE_COMPLEX_ORCHESTRATOR.js
extracted_modules,complete_extraction,machine,WIRE_CANDIDATE,prism_data,409,13412,0.333,MachineTypeClassifierEngine,complete_extraction/PRISM_CLAUDE_MACHINE_TYPE_ORCHESTRATOR.js
extracted_modules,complete_extraction,misc,WIRE_CANDIDATE,prism_dev,345,12068,0.333,FormulaOrchestrator,complete_extraction/PRISM_CLAUDE_ORCHESTRATOR.js
extracted_modules,complete_extraction,misc,WIRE_CANDIDATE,prism_dev,68,2329,0,,complete_extraction/PRISM_CLIPBOARD.js
extracted_modules,complete_extraction,misc,WIRE_CANDIDATE,prism_dev,387,16446,0.333,ClusteringEngine,complete_extraction/PRISM_CLUSTERING_COMPLETE.js
extracted_modules,complete_extraction,engine,DUP_KEEP_EXISTING,prism_dev,464,15491,0.99,ClusteringEngine,complete_extraction/PRISM_CLUSTERING_ENGINE.js
extracted_modules,complete_extraction,system,WIRE_CANDIDATE,prism_session,58,2419,0.25,,complete_extraction/PRISM_CNCCOOKBOOK_INTEGRATION.js
extracted_modules,complete_extraction,system,WIRE_CANDIDATE,prism_session,48,2175,0.2,,complete_extraction/PRISM_CNC_FUNDAMENTALS_INTEGRATION.js
extracted_modules,complete_extraction,engine,WIRE_CANDIDATE,prism_dev,115,5243,0.4,AIResourceLearningEngine,complete_extraction/PRISM_CNC_FUNDAMENTALS_LEARNING_ENGINE.js
extracted_modules,complete_extraction,database,DATABASE,prism_data,68,2333,0.2,,complete_extraction/PRISM_CNC_SAFETY_DATABASE.js
extracted_modules,complete_extraction,misc,WIRE_CANDIDATE,prism_dev,452,9822,0.25,,complete_extraction/PRISM_COATINGS_COMPLETE.js
extracted_modules,complete_extraction,database,DATABASE,prism_data,38,1408,0.25,,complete_extraction/PRISM_COATING_LOOKUP.js
extracted_modules,complete_extraction,algorithm,WIRE_CANDIDATE,prism_calc,284,10619,0.333,CollisionEngine,complete_extraction/PRISM_COLLISION_ALGORITHMS.js
extracted_modules,complete_extraction,misc,PARTIAL_OVERLAP,prism_dev,416,13664,0.667,CollisionDetectionEngine,complete_extraction/PRISM_COLLISION_DETECTION_V2.js
extracted_modules,complete_extraction,engine,DUP_KEEP_EXISTING,prism_dev,304,10020,0.99,CollisionEngine,complete_extraction/PRISM_COLLISION_ENGINE.js
extracted_modules,complete_extraction,misc,WIRE_CANDIDATE,prism_dev,752,30522,0.333,CollisionEngine,complete_extraction/PRISM_COLLISION_MOTION.js
extracted_modules,complete_extraction,algorithm,WIRE_CANDIDATE,prism_calc,385,15686,0.25,,complete_extraction/PRISM_COMBINATORIAL_OPTIMIZER.js
extracted_modules,complete_extraction,misc,WIRE_CANDIDATE,prism_dev,273,10157,0.2,,complete_extraction/PRISM_COMMAND_PALETTE.js
extracted_modules,complete_extraction,misc,WIRE_CANDIDATE,prism_dev,370,17463,0.333,ProgramCompareEngine,complete_extraction/PRISM_COMPARE.js
extracted_modules,complete_extraction,engine,WIRE_CANDIDATE,prism_dev,245,10351,0.5,CompleteMachiningEngine,complete_extraction/PRISM_COMPLETE_2D_ENGINE.js
extracted_modules,complete_extraction,engine,WIRE_CANDIDATE,prism_dev,452,15453,0.4,CompleteMachiningEngine,complete_extraction/PRISM_COMPLETE_CAD_GENERATION_ENGINE.js
extracted_modules,complete_extraction,engine,WIRE_CANDIDATE,prism_dev,475,15493,0.5,CompleteMachiningEngine,complete_extraction/PRISM_COMPLETE_FEATURE_ENGINE.js
extracted_modules,complete_extraction,engine,WIRE_CANDIDATE,prism_dev,319,10111,0.4,AIResourceLearningEngine,complete_extraction/PRISM_COMPLEX_CAD_LEARNING_ENGINE.js
extracted_modules,complete_extraction,database,DATABASE,prism_data,36,2590,0.167,,complete_extraction/PRISM_COMPOUND_JOB_PROPERTIES_DATABASE.js
extracted_modules,complete_extraction,misc,WIRE_CANDIDATE,prism_dev,281,10940,0.167,,complete_extraction/PRISM_COMPREHENSIVE_SPECIAL_OPERATIONS.js
extracted_modules,complete_extraction,engine,WIRE_CANDIDATE,prism_dev,361,12009,0.333,A2AProtocolEngine,complete_extraction/PRISM_COMPUTATION_ENGINE.js
extracted_modules,complete_extraction,misc,STUB,,29,1080,0,,complete_extraction/PRISM_CONFIDENCE_CHECK.js
extracted_modules,complete_extraction,misc,WIRE_CANDIDATE,prism_dev,121,3909,0.25,,complete_extraction/PRISM_CONFIDENCE_MAXIMIZER.js
extracted_modules,complete_extraction,misc,WIRE_CANDIDATE,prism_dev,324,10411,0.25,,complete_extraction/PRISM_CONFIDENCE_METRICS_SYSTEM.js
extracted_modules,complete_extraction,misc,STUB,,28,783,0,,complete_extraction/PRISM_CONSOLIDATION_REGISTRY.js
extracted_modules,complete_extraction,test,WIRE_CANDIDATE,n/a,321,16864,0.25,,complete_extraction/PRISM_CONSTANTS_TEST.js
extracted_modules,complete_extraction,algorithm,WIRE_CANDIDATE,prism_calc,255,8877,0.5,ChanceConstrainedOptimizationEngine,complete_extraction/PRISM_CONSTRAINED_OPTIMIZATION.js
extracted_modules,complete_extraction,algorithm,WIRE_CANDIDATE,prism_calc,477,18252,0.25,,complete_extraction/PRISM_CONSTRAINED_OPTIMIZER.js
extracted_modules,complete_extraction,engine,WIRE_CANDIDATE,prism_dev,441,14026,0.5,ConstraintSatisfactionEngine,complete_extraction/PRISM_CONTACT_CONSTRAINT_ENGINE.js
extracted_modules,complete_extraction,engine,WIRE_CANDIDATE,prism_dev,490,15636,0.4,AIResourceLearningEngine,complete_extraction/PRISM_CONTACT_CONSTRAINT_LEARNING_ENGINE.js
extracted_modules,complete_extraction,ai_ml,WIRE_CANDIDATE,prism_ai,318,12762,0.25,,complete_extraction/PRISM_CONTINUAL_LEARNING.js
extracted_modules,complete_extraction,misc,WIRE_CANDIDATE,prism_dev,541,17642,0.333,AdaptiveControlEngine,complete_extraction/PRISM_CONTROL.js
extracted_modules,complete_extraction,misc,WIRE_CANDIDATE,prism_dev,179,6096,0.25,,complete_extraction/PRISM_CONTROLLER_OUTPUT.js
extracted_modules,complete_extraction,misc,WIRE_CANDIDATE,prism_dev,109,3787,0.2,,complete_extraction/PRISM_CONTROL_SYSTEMS_MIT.js
extracted_modules,complete_extraction,misc,WIRE_CANDIDATE,prism_dev,204,9674,0.2,,complete_extraction/PRISM_CONVEX_HULL_3D.js
extracted_modules,complete_extraction,database,STUB,,26,877,0,,complete_extraction/PRISM_COOLANT_LOOKUP.js
extracted_modules,complete_extraction,algorithm,WIRE_CANDIDATE,prism_calc,452,15451,0.25,,complete_extraction/PRISM_CORE_ALGORITHMS.js
extracted_modules,complete_extraction,database,DATABASE,prism_data,313,14847,0.25,,complete_extraction/PRISM_COST_DATABASE.js
extracted_modules,complete_extraction,misc,PARTIAL_OVERLAP,prism_dev,213,6494,0.667,CostEstimationEngine,complete_extraction/PRISM_COST_ESTIMATION.js
extracted_modules,complete_extraction,cam,WIRE_CANDIDATE,prism_cam,555,21050,0.2,,complete_extraction/PRISM_CROSSCAM_STRATEGY_MAP.js
extracted_modules,complete_extraction,ai_ml,WIRE_CANDIDATE,prism_ai,1142,40516,0.5,CrossDomainOrchestratorEngine,complete_extraction/PRISM_CROSS_DOMAIN.js
extracted_modules,complete_extraction,misc,WIRE_CANDIDATE,prism_dev,751,32451,0.25,,complete_extraction/PRISM_CROSS_REFERENCE.js
extracted_modules,complete_extraction,engine,WIRE_CANDIDATE,prism_dev,62,2631,0.5,CrossCAMPostEngine,complete_extraction/PRISM_CROSS_REFERENCE_ENGINE.js
extracted_modules,complete_extraction,engine,WIRE_CANDIDATE,prism_dev,294,13172,0.333,A2AProtocolEngine,complete_extraction/PRISM_CSG_ENGINE.js
extracted_modules,complete_extraction,misc,WIRE_CANDIDATE,prism_dev,332,10804,0.2,,complete_extraction/PRISM_CSG_OPERATIONS.js
extracted_modules,complete_extraction,misc,WIRE_CANDIDATE,prism_dev,139,4762,0,,complete_extraction/PRISM_CSP.js
extracted_modules,complete_extraction,misc,WIRE_CANDIDATE,prism_dev,204,8808,0.25,,complete_extraction/PRISM_CSP_ENHANCED.js
extracted_modules,complete_extraction,engine,WIRE_CANDIDATE,prism_dev,355,16115,0.4,PrismEnhancedRecommenderEngine,complete_extraction/PRISM_CSP_ENHANCED_ENGINE.js
extracted_modules,complete_extraction,misc,WIRE_CANDIDATE,prism_dev,56,1630,0,,complete_extraction/PRISM_CSS.js
extracted_modules,complete_extraction,engine,DUP_KEEP_EXISTING,prism_dev,313,11244,0.99,CurvatureAnalysisEngine,complete_extraction/PRISM_CURVATURE_ANALYSIS_ENGINE.js
extracted_modules,complete_extraction,misc,WIRE_CANDIDATE,prism_dev,220,7912,0.25,,complete_extraction/PRISM_CURVE_SURFACE.js
extracted_modules,complete_extraction,misc,WIRE_CANDIDATE,prism_dev,261,11325,0.25,,complete_extraction/PRISM_CUSTOMER_MANAGER.js
extracted_modules,complete_extraction,physics,PARTIAL_OVERLAP,prism_calc,210,7413,0.667,CuttingMechanicsEngine,complete_extraction/PRISM_CUTTING_MECHANICS.js
extracted_modules,complete_extraction,physics,WIRE_CANDIDATE,prism_calc,214,8038,0.5,AdvancedCuttingPhysicsEngine,complete_extraction/PRISM_CUTTING_PHYSICS.js
extracted_modules,complete_extraction,physics,WIRE_CANDIDATE,prism_calc,416,15406,0.25,,complete_extraction/PRISM_CUTTING_TOOL_EXPANSION_V3.js
extracted_modules,complete_extraction,engine,PARTIAL_OVERLAP,prism_dev,169,4913,0.75,CycleTimeEngine,complete_extraction/PRISM_CYCLE_TIME_PREDICTION_ENGINE.js
extracted_modules,complete_extraction,database,DATABASE,prism_data,77,2842,0.25,,complete_extraction/PRISM_DATABASE_HUB.js
extracted_modules,complete_extraction,database,DATABASE,prism_data,45,2854,0.25,,complete_extraction/PRISM_DATABASE_RETROFIT.js
extracted_modules,complete_extraction,database,DATABASE,prism_data,135,3982,0.25,,complete_extraction/PRISM_DATABASE_STATE.js
extracted_modules,complete_extraction,database,STUB,,10,243,0,,complete_extraction/PRISM_DATABASE_SUMMARY.js
extracted_modules,complete_extraction,misc,WIRE_CANDIDATE,prism_dev,47,12286,0.2,,complete_extraction/PRISM_DATA_STRUCTURES_KB.js
extracted_modules,complete_extraction,misc,WIRE_CANDIDATE,prism_dev,135,3717,0,,complete_extraction/PRISM_DEBOUNCE.js
extracted_modules,complete_extraction,engine,DUP_KEEP_EXISTING,prism_dev,3166,125815,0.99,DecisionTreeEngine,complete_extraction/PRISM_DECISION_TREE_ENGINE.js
extracted_modules,complete_extraction,engine,PARTIAL_OVERLAP,prism_dev,216,8800,0.8,DeepHoleDrillingPhysicsEngine,complete_extraction/PRISM_DEEP_HOLE_DRILLING_ENGINE.js
extracted_modules,complete_extraction,machine,WIRE_CANDIDATE,prism_data,209,7439,0.4,MillingDeepIntegrationEngine,complete_extraction/PRISM_DEEP_MACHINE_INTEGRATION.js
extracted_modules,complete_extraction,test,WIRE_CANDIDATE,n/a,89,5532,0,,complete_extraction/PRISM_DEFENSIVE_TESTS.js
extracted_modules,complete_extraction,engine,WIRE_CANDIDATE,prism_dev,228,8088,0.25,,complete_extraction/PRISM_DELAUNAY_3D_ENGINE.js
extracted_modules,complete_extraction,misc,STUB,,23,800,0,,complete_extraction/PRISM_DEPRECATED.js
extracted_modules,complete_extraction,misc,WIRE_CANDIDATE,prism_dev,170,5590,0.333,BroachDesignEngine,complete_extraction/PRISM_DESIGN.js
extracted_modules,complete_extraction,misc,WIRE_CANDIDATE,prism_dev,76,3246,0.25,,complete_extraction/PRISM_DESIGN_TOKENS.js
extracted_modules,complete_extraction,system,WIRE_CANDIDATE,prism_session,53,2422,0.167,,complete_extraction/PRISM_DEV_ENHANCEMENT_GATEWAY_ROUTES.js
extracted_modules,complete_extraction,test,WIRE_CANDIDATE,n/a,61,2748,0.167,,complete_extraction/PRISM_DEV_ENHANCEMENT_TESTS.js
extracted_modules,complete_extraction,misc,WIRE_CANDIDATE,prism_dev,170,6820,0,,complete_extraction/PRISM_DFM.js
extracted_modules,complete_extraction,misc,WIRE_CANDIDATE,prism_dev,68,2549,0.2,,complete_extraction/PRISM_DFM_MIT.js
extracted_modules,complete_extraction,machine,WIRE_CANDIDATE,prism_data,153,6180,0.333,KinematicsEngine,complete_extraction/PRISM_DH_KINEMATICS.js
extracted_modules,complete_extraction,misc,WIRE_CANDIDATE,prism_dev,93,3131,0.2,,complete_extraction/PRISM_DIGITAL_CONTROL_MIT.js
extracted_modules,complete_extraction,engine,WIRE_CANDIDATE,prism_dev,331,11649,0.333,A2AProtocolEngine,complete_extraction/PRISM_DIMENSIONALITY_ENGINE.js
extracted_modules,complete_extraction,misc,WIRE_CANDIDATE,prism_dev,593,19946,0,,complete_extraction/PRISM_DL.js
extracted_modules,complete_extraction,misc,WIRE_CANDIDATE,prism_dev,170,6194,0,,complete_extraction/PRISM_DND.js
extracted_modules,complete_extraction,misc,WIRE_CANDIDATE,prism_dev,277,9177,0,,complete_extraction/PRISM_DP.js
extracted_modules,complete_extraction,engine,WIRE_CANDIDATE,prism_dev,130,4975,0.333,A2AProtocolEngine,complete_extraction/PRISM_DQN_ENGINE.js
extracted_modules,complete_extraction,database,DATABASE,prism_data,38,1564,0.25,,complete_extraction/PRISM_DRILLING_LOOKUP.js
extracted_modules,complete_extraction,misc,STUB,,5,236,0,,complete_extraction/PRISM_DROPDOWN_SYSTEM.js
extracted_modules,complete_extraction,misc,WIRE_CANDIDATE,prism_dev,94,3272,0.25,,complete_extraction/PRISM_DS_SEARCH.js
extracted_modules,complete_extraction,misc,WIRE_CANDIDATE,prism_dev,580,18477,0.333,CoolantDynamicsEngine,complete_extraction/PRISM_DYNAMICS.js
extracted_modules,complete_extraction,misc,WIRE_CANDIDATE,prism_dev,112,3817,0,,complete_extraction/PRISM_EKF.js
extracted_modules,complete_extraction,engine,WIRE_CANDIDATE,prism_dev,338,12361,0.333,A2AProtocolEngine,complete_extraction/PRISM_EKF_ENGINE.js
extracted_modules,complete_extraction,engine,PARTIAL_OVERLAP,prism_dev,54,2171,0.667,E2ShopConnectorEngine,complete_extraction/PRISM_ENGINE_CONNECTOR.js
extracted_modules,complete_extraction,engine,WIRE_CANDIDATE,prism_dev,223,6894,0.333,A2AProtocolEngine,complete_extraction/PRISM_ENGINE_CORE.js
extracted_modules,complete_extraction,geometry,WIRE_CANDIDATE,prism_cad,716,24736,0.25,,complete_extraction/PRISM_ENHANCED_CAD_KERNEL.js
extracted_modules,complete_extraction,misc,WIRE_CANDIDATE,prism_dev,233,8243,0.2,,complete_extraction/PRISM_ENHANCED_DIMENSION_EXTRACTION.js
extracted_modules,complete_extraction,engine,WIRE_CANDIDATE,prism_dev,196,9716,0.4,PrismEnhancedRecommenderEngine,complete_extraction/PRISM_ENHANCED_GDT_ENGINE.js
extracted_modules,complete_extraction,system,WIRE_CANDIDATE,prism_session,476,16921,0.25,,complete_extraction/PRISM_ENHANCED_INTEGRATION.js
extracted_modules,complete_extraction,engine,PARTIAL_OVERLAP,prism_dev,628,17766,0.667,LatheLiveToolingPlannerEngine,complete_extraction/PRISM_ENHANCED_LATHE_LIVE_TOOLING_ENGINE.js
extracted_modules,complete_extraction,engine,PARTIAL_OVERLAP,prism_dev,156,6327,0.6,LatheAdvancedOperationsEngine,complete_extraction/PRISM_ENHANCED_LATHE_OPERATIONS_ENGINE.js
extracted_modules,complete_extraction,misc,WIRE_CANDIDATE,prism_dev,76,3166,0.2,,complete_extraction/PRISM_ENHANCED_MASTER_INITIALIZER.js
extracted_modules,complete_extraction,misc,WIRE_CANDIDATE,prism_dev,355,21627,0.333,LatheMasterOrchestratorFacadeEngine,complete_extraction/PRISM_ENHANCED_MASTER_ORCHESTRATOR.js
extracted_modules,complete_extraction,database,DATABASE,prism_data,252,9417,0.5,MaterialDatabaseEngine,complete_extraction/PRISM_ENHANCED_MATERIAL_DATABASE.js
extracted_modules,complete_extraction,engine,WIRE_CANDIDATE,prism_dev,429,14400,0.5,MillTurnOrchestrationEngine,complete_extraction/PRISM_ENHANCED_MILL_TURN_CAM_ENGINE.js
extracted_modules,complete_extraction,engine,WIRE_CANDIDATE,prism_dev,446,16058,0.5,LatheOrchestrationEngine,complete_extraction/PRISM_ENHANCED_ORCHESTRATION_ENGINE.js
extracted_modules,complete_extraction,database,DATABASE,prism_data,90,3027,0.2,,complete_extraction/PRISM_ENHANCED_POST_DATABASE_V2.js
extracted_modules,complete_extraction,cam,WIRE_CANDIDATE,prism_cam,383,13385,0.333,LathePrintToolpathGeneratorEngine,complete_extraction/PRISM_ENHANCED_TOOLPATH_GENERATOR.js
extracted_modules,complete_extraction,util,WIRE_CANDIDATE,n/a,204,8752,0.25,,complete_extraction/PRISM_ENHANCED_UI.js
extracted_modules,complete_extraction,misc,WIRE_CANDIDATE,prism_dev,404,15402,0,,complete_extraction/PRISM_ENHANCEMENTS.js
extracted_modules,complete_extraction,engine,WIRE_CANDIDATE,prism_dev,253,8909,0.5,EnsembleModelSelectorEngine,complete_extraction/PRISM_ENSEMBLE_ENGINE.js
extracted_modules,complete_extraction,misc,WIRE_CANDIDATE,prism_dev,99,5105,0.333,EnsembleMLEngine,complete_extraction/PRISM_ENSEMBLE_METHODS.js
extracted_modules,complete_extraction,misc,WIRE_CANDIDATE,prism_dev,39,1454,0.333,EnsembleMLEngine,complete_extraction/PRISM_ENSEMBLE_SURFACE.js
extracted_modules,complete_extraction,misc,WIRE_CANDIDATE,prism_dev,166,6481,0.4,EntryExitStrategyAdapter,complete_extraction/PRISM_ENTRY_EXIT_STRATEGIES.js
extracted_modules,complete_extraction,misc,WIRE_CANDIDATE,prism_dev,154,5178,0.25,,complete_extraction/PRISM_ERROR_BOUNDARY.js
extracted_modules,complete_extraction,misc,WIRE_CANDIDATE,prism_dev,63,1605,0.25,,complete_extraction/PRISM_ERROR_HANDLER.js
extracted_modules,complete_extraction,database,DATABASE,prism_data,89,5410,0.25,,complete_extraction/PRISM_ERROR_LOOKUP.js
extracted_modules,complete_extraction,misc,WIRE_CANDIDATE,prism_dev,47,2251,0.25,,complete_extraction/PRISM_ERROR_WRAPPERS.js
extracted_modules,complete_extraction,misc,PARTIAL_OVERLAP,prism_dev,74,3149,0.667,RealtimeEventBridge,complete_extraction/PRISM_EVENT_BRIDGE.js
extracted_modules,complete_extraction,misc,WIRE_CANDIDATE,prism_dev,99,2782,0.333,EventBus,complete_extraction/PRISM_EVENT_MANAGER.js
extracted_modules,complete_extraction,misc,WIRE_CANDIDATE,prism_dev,337,12493,0.333,EventBus,complete_extraction/PRISM_EVENT_SYSTEM.js
extracted_modules,complete_extraction,misc,WIRE_CANDIDATE,prism_dev,165,6489,0.25,,complete_extraction/PRISM_EVOLUTIONARY_ENHANCED.js
extracted_modules,complete_extraction,engine,WIRE_CANDIDATE,prism_dev,521,19575,0.4,PrismEnhancedRecommenderEngine,complete_extraction/PRISM_EVOLUTIONARY_ENHANCED_ENGINE.js
extracted_modules,complete_extraction,system,WIRE_CANDIDATE,prism_session,307,10383,0.2,,complete_extraction/PRISM_EXAMPLE_PARTS_INTEGRATION.js
extracted_modules,complete_extraction,geometry,WIRE_CANDIDATE,prism_cad,569,16044,0.333,CadCamHandoffEngine,complete_extraction/PRISM_EXPANDED_CAD_CAM_LIBRARY.js
extracted_modules,complete_extraction,ai_ml,WIRE_CANDIDATE,prism_ai,273,10426,0,,complete_extraction/PRISM_EXPLAINABLE_AI.js
extracted_modules,complete_extraction,database,DATABASE,prism_data,198,15794,0.167,,complete_extraction/PRISM_EXTENDED_MATERIAL_CUTTING_DB.js
extracted_modules,complete_extraction,ai_ml,WIRE_CANDIDATE,prism_ai,163,4877,0.25,,complete_extraction/PRISM_FAILSAFE_GENERATOR.js
extracted_modules,complete_extraction,misc,WIRE_CANDIDATE,prism_dev,101,3385,0.333,FatigueLifeEngine,complete_extraction/PRISM_FATIGUE.js
extracted_modules,complete_extraction,engine,WIRE_CANDIDATE,prism_dev,106,4601,0.5,FeatureClusteringEngine,complete_extraction/PRISM_FEATURE_CURVES_ENGINE.js
extracted_modules,complete_extraction,misc,WIRE_CANDIDATE,prism_dev,485,15055,0.2,,complete_extraction/PRISM_FEATURE_HISTORY_MANAGER.js
extracted_modules,complete_extraction,engine,DUP_KEEP_EXISTING,prism_dev,428,16700,0.99,FeatureInteractionEngine,complete_extraction/PRISM_FEATURE_INTERACTION_ENGINE.js
extracted_modules,complete_extraction,misc,WIRE_CANDIDATE,prism_dev,304,10651,0.5,FeatureRecognitionEngine,complete_extraction/PRISM_FEATURE_RECOGNITION_ENHANCED.js
extracted_modules,complete_extraction,misc,WIRE_CANDIDATE,prism_dev,1458,32924,0.333,FeatureStrategyKnowledgeBaseEngine,complete_extraction/PRISM_FEATURE_STRATEGY_COMPLETE.js
extracted_modules,complete_extraction,misc,WIRE_CANDIDATE,prism_dev,168,14223,0.333,FeatureStrategyKnowledgeBaseEngine,complete_extraction/PRISM_FEATURE_STRATEGY_MAP.js
extracted_modules,complete_extraction,system,WIRE_CANDIDATE,prism_session,357,14263,0.4,SpeedFeedResourceIntegrationEngine,complete_extraction/PRISM_FEED_INTEGRATION.js
extracted_modules,complete_extraction,physics,WIRE_CANDIDATE,prism_calc,322,11929,0.2,,complete_extraction/PRISM_FFT_PREDICTIVE_CHATTER.js
extracted_modules,complete_extraction,system,WIRE_CANDIDATE,prism_session,86,5720,0.25,,complete_extraction/PRISM_FILE_UPLOAD_INTEGRATION.js
extracted_modules,complete_extraction,misc,WIRE_CANDIDATE,prism_dev,65,2317,0.333,FileIOEngine,complete_extraction/PRISM_FILE_VALIDATION.js
extracted_modules,complete_extraction,misc,WIRE_CANDIDATE,prism_dev,1061,48594,0,,complete_extraction/PRISM_FINAL_100_PERCENT.js
extracted_modules,complete_extraction,ai_ml,DATABASE,prism_data,190,7842,0.167,,complete_extraction/PRISM_FINAL_CATALOG_AI_CONNECTOR.js
extracted_modules,complete_extraction,system,DATABASE,prism_data,416,21695,0.2,,complete_extraction/PRISM_FINAL_CATALOG_GATEWAY.js
extracted_modules,complete_extraction,system,WIRE_CANDIDATE,prism_session,136,6299,0.25,,complete_extraction/PRISM_FINAL_INTEGRATION.js
extracted_modules,complete_extraction,misc,WIRE_CANDIDATE,prism_dev,96,3168,0,,complete_extraction/PRISM_FINANCE.js
extracted_modules,complete_extraction,engine,PARTIAL_OVERLAP,prism_dev,177,6556,0.667,FinancialAnalysisEngine,complete_extraction/PRISM_FINANCIAL_ENGINE.js
extracted_modules,complete_extraction,database,DATABASE,prism_data,325,13073,0.25,,complete_extraction/PRISM_FIXTURE_DATABASE.js
extracted_modules,complete_extraction,database,DATABASE,prism_data,43,1829,0.25,,complete_extraction/PRISM_FORCE_LOOKUP.js
extracted_modules,complete_extraction,misc,WIRE_CANDIDATE,prism_dev,123,4967,0,,complete_extraction/PRISM_FORMS.js
extracted_modules,complete_extraction,misc,WIRE_CANDIDATE,prism_dev,146,5173,0.333,FractureToughnessEngine,complete_extraction/PRISM_FRACTURE.js
extracted_modules,complete_extraction,misc,WIRE_CANDIDATE,prism_dev,275,9834,0,,complete_extraction/PRISM_FRUSTUM_CULLING.js
extracted_modules,complete_extraction,engine,PARTIAL_OVERLAP,prism_dev,379,14789,0.75,SketchConstraintEngine,complete_extraction/PRISM_FUSION_SKETCH_CONSTRAINT_ENGINE.js
extracted_modules,complete_extraction,system,WIRE_CANDIDATE,prism_session,103,5733,0.333,AlgorithmGatewayEngine,complete_extraction/PRISM_GATEWAY.js
extracted_modules,complete_extraction,system,WIRE_CANDIDATE,prism_session,1091,52324,0.2,,complete_extraction/PRISM_GATEWAY_BULK_ROUTES.js
extracted_modules,complete_extraction,system,WIRE_CANDIDATE,prism_session,1085,68304,0.25,,complete_extraction/PRISM_GATEWAY_ENHANCED.js
extracted_modules,complete_extraction,ai_ml,WIRE_CANDIDATE,prism_ai,308,15175,0.2,,complete_extraction/PRISM_GATEWAY_REMAINING_ROUTES.js
extracted_modules,complete_extraction,engine,PARTIAL_OVERLAP,prism_dev,862,28133,0.667,BackplotEngine,complete_extraction/PRISM_GCODE_BACKPLOT_ENGINE.js
extracted_modules,complete_extraction,engine,WIRE_CANDIDATE,prism_dev,127,7044,0.5,DynamicProgrammingEngine,complete_extraction/PRISM_GCODE_PROGRAMMING_ENGINE.js
extracted_modules,complete_extraction,misc,WIRE_CANDIDATE,prism_dev,149,6582,0.2,,complete_extraction/PRISM_GDT_FCF_PARSER.js
extracted_modules,complete_extraction,misc,WIRE_CANDIDATE,prism_dev,157,5967,0.25,,complete_extraction/PRISM_GEAR_DESIGN.js
extracted_modules,complete_extraction,misc,PARTIAL_OVERLAP,prism_dev,366,13053,0.667,GeodesicDistanceEngine,complete_extraction/PRISM_GEODESIC_DISTANCE.js
extracted_modules,complete_extraction,algorithm,PARTIAL_OVERLAP,prism_calc,386,14325,0.667,GeometryAlgorithmsEngine,complete_extraction/PRISM_GEOMETRY_ALGORITHMS.js
extracted_modules,complete_extraction,misc,WIRE_CANDIDATE,prism_dev,356,14037,0.25,,complete_extraction/PRISM_GNN.js
extracted_modules,complete_extraction,misc,WIRE_CANDIDATE,prism_dev,435,18473,0.25,,complete_extraction/PRISM_GNN_COMPLETE.js
extracted_modules,complete_extraction,misc,WIRE_CANDIDATE,prism_dev,277,9269,0.333,CADAssemblyGraphEngine,complete_extraction/PRISM_GRAPH.js
extracted_modules,complete_extraction,misc,WIRE_CANDIDATE,prism_dev,652,21643,0,,complete_extraction/PRISM_GRAPHICS.js
extracted_modules,complete_extraction,misc,WIRE_CANDIDATE,prism_dev,268,10124,0.2,,complete_extraction/PRISM_GRAPHICS_MIT.js
extracted_modules,complete_extraction,algorithm,PARTIAL_OVERLAP,prism_calc,391,13073,0.667,GraphAlgorithmsEngine,complete_extraction/PRISM_GRAPH_ALGORITHMS.js
extracted_modules,complete_extraction,engine,DUP_KEEP_EXISTING,prism_dev,435,16909,0.99,GraphAlgorithmsEngine,complete_extraction/PRISM_GRAPH_ALGORITHMS_ENGINE.js
extracted_modules,complete_extraction,cam,WIRE_CANDIDATE,prism_cam,172,5965,0.333,ToolpathCalculations,complete_extraction/PRISM_GRAPH_TOOLPATH.js
extracted_modules,complete_extraction,cam,WIRE_CANDIDATE,prism_cam,300,16984,0.5,PostProcessorAPIEngine,complete_extraction/PRISM_GUARANTEED_POST_PROCESSOR.js
extracted_modules,complete_extraction,engine,WIRE_CANDIDATE,prism_dev,135,5783,0.5,HarmonicAnalysisEngine,complete_extraction/PRISM_HARMONIC_MAPS_ENGINE.js
extracted_modules,complete_extraction,engine,WIRE_CANDIDATE,prism_dev,184,6807,0.5,GunDrillingEngine,complete_extraction/PRISM_HELICAL_DRILLING_ENGINE.js
extracted_modules,complete_extraction,machine,WIRE_CANDIDATE,prism_data,395,13265,0.167,,complete_extraction/PRISM_HIGH_FIDELITY_MACHINE_GENERATOR.js
extracted_modules,complete_extraction,system,WIRE_CANDIDATE,prism_session,59,2619,0.2,,complete_extraction/PRISM_HIGH_PRIORITY_INTEGRATION_BRIDGE.js
extracted_modules,complete_extraction,misc,WIRE_CANDIDATE,prism_dev,142,4195,0.25,,complete_extraction/PRISM_HISTORY.js
extracted_modules,complete_extraction,misc,WIRE_CANDIDATE,prism_dev,255,8277,0.2,,complete_extraction/PRISM_HOLDER_CLEARANCE_VALIDATOR.js
extracted_modules,complete_extraction,misc,WIRE_CANDIDATE,prism_dev,557,19731,0,,complete_extraction/PRISM_HUMAN_FACTORS.js
extracted_modules,complete_extraction,misc,WIRE_CANDIDATE,prism_dev,239,8780,0.333,SchedulingEngine,complete_extraction/PRISM_HYBRID_SCHEDULING.js
extracted_modules,complete_extraction,engine,WIRE_CANDIDATE,prism_dev,135,9803,0.5,AutomationChainEngine,complete_extraction/PRISM_HYPERMILL_AUTOMATION_ENGINE.js
extracted_modules,complete_extraction,engine,WIRE_CANDIDATE,prism_dev,75,3282,0.2,,complete_extraction/PRISM_HYPERMILL_PYTHON_API_ENGINE.js
extracted_modules,complete_extraction,engine,PARTIAL_OVERLAP,prism_dev,48,1749,0.667,SimulationEngine,complete_extraction/PRISM_HYPERMILL_SIMULATION_ENGINE.js
extracted_modules,complete_extraction,misc,WIRE_CANDIDATE,prism_dev,267,10385,0,,complete_extraction/PRISM_HYPEROPT.js
extracted_modules,complete_extraction,misc,WIRE_CANDIDATE,prism_dev,102,3531,0.25,,complete_extraction/PRISM_HYPERVIEW_SIMULATION_CENTER.js
extracted_modules,complete_extraction,engine,WIRE_CANDIDATE,prism_dev,467,16526,0.25,,complete_extraction/PRISM_ICP_REGISTRATION_ENGINE.js
extracted_modules,complete_extraction,misc,WIRE_CANDIDATE,prism_dev,162,4950,0.333,FormulaOrchestrator,complete_extraction/PRISM_INIT_ORCHESTRATOR.js
extracted_modules,complete_extraction,misc,STUB,,22,630,0,,complete_extraction/PRISM_INIT_SEQUENCER.js
extracted_modules,complete_extraction,misc,DATABASE,prism_data,460,21118,0.333,CADAdapterRegistry,complete_extraction/PRISM_INNOVATION_REGISTRY.js
extracted_modules,complete_extraction,engine,PARTIAL_OVERLAP,prism_dev,200,5679,0.667,InspectionReportEngine,complete_extraction/PRISM_INSPECTION_ENGINE.js
extracted_modules,complete_extraction,misc,WIRE_CANDIDATE,prism_dev,147,5030,0.25,,complete_extraction/PRISM_INTELLIGENT_COLLISION_SYSTEM.js
extracted_modules,complete_extraction,engine,WIRE_CANDIDATE,prism_dev,698,30004,0.4,CryogenicCuttingEngine,complete_extraction/PRISM_INTELLIGENT_CUTTING_PARAM_ENGINE.js
extracted_modules,complete_extraction,engine,WIRE_CANDIDATE,prism_dev,1605,59969,0.5,DecisionReasoningEngine,complete_extraction/PRISM_INTELLIGENT_DECISION_ENGINE.js
extracted_modules,complete_extraction,misc,WIRE_CANDIDATE,prism_dev,465,15464,0.2,,complete_extraction/PRISM_INTELLIGENT_MACHINING_MODE.js
extracted_modules,complete_extraction,misc,WIRE_CANDIDATE,prism_dev,152,6084,0.5,RestMachiningEngine,complete_extraction/PRISM_INTELLIGENT_REST_MACHINING.js
extracted_modules,complete_extraction,misc,WIRE_CANDIDATE,prism_dev,192,7459,0.333,StrategyWorstCaseSelectorEngine,complete_extraction/PRISM_INTELLIGENT_STRATEGY_SELECTOR.js
extracted_modules,complete_extraction,misc,PARTIAL_OVERLAP,prism_dev,89,3000,0.667,InteriorPointEngine,complete_extraction/PRISM_INTERIOR_POINT.js
extracted_modules,complete_extraction,engine,WIRE_CANDIDATE,prism_dev,923,46955,0.5,PostDownloadEngine,complete_extraction/PRISM_INTERNAL_POST_ENGINE.js
extracted_modules,complete_extraction,engine,PARTIAL_OVERLAP,prism_dev,153,5638,0.667,ContextInventoryEngine,complete_extraction/PRISM_INVENTORY_ENGINE.js
extracted_modules,complete_extraction,machine,PARTIAL_OVERLAP,prism_data,350,13537,0.75,InverseKinematicsSolverEngine,complete_extraction/PRISM_INVERSE_KINEMATICS_SOLVER.js
extracted_modules,complete_extraction,engine,DUP_KEEP_EXISTING,prism_dev,220,9740,0.99,IsosurfaceEngine,complete_extraction/PRISM_ISOSURFACE_ENGINE.js
extracted_modules,complete_extraction,geometry,WIRE_CANDIDATE,prism_cad,372,14456,0,,complete_extraction/PRISM_ISOTROPIC_REMESHING.js
extracted_modules,complete_extraction,engine,WIRE_CANDIDATE,prism_dev,230,8991,0.333,A2AProtocolEngine,complete_extraction/PRISM_JACOBIAN_ENGINE.js
extracted_modules,complete_extraction,database,DATABASE,prism_data,487,15491,0.25,,complete_extraction/PRISM_JERGENS_DATABASE.js
extracted_modules,complete_extraction,engine,DUP_KEEP_EXISTING,prism_dev,373,13806,0.99,JobCostingEngine,complete_extraction/PRISM_JOB_COSTING_ENGINE.js
extracted_modules,complete_extraction,engine,DUP_KEEP_EXISTING,prism_dev,242,10676,0.99,JobShopSchedulingEngine,complete_extraction/PRISM_JOB_SHOP_SCHEDULING_ENGINE.js
extracted_modules,complete_extraction,engine,WIRE_CANDIDATE,prism_dev,240,8004,0.5,CertificationTrackingEngine,complete_extraction/PRISM_JOB_TRACKING_ENGINE.js
extracted_modules,complete_extraction,misc,WIRE_CANDIDATE,prism_dev,822,28669,0.25,,complete_extraction/PRISM_KALMAN_CONTROLLER.js
extracted_modules,complete_extraction,misc,PARTIAL_OVERLAP,prism_dev,145,4346,0.667,KalmanFilterEngine,complete_extraction/PRISM_KALMAN_FILTER.js
extracted_modules,complete_extraction,misc,WIRE_CANDIDATE,prism_dev,104,5585,0,,complete_extraction/PRISM_KDTREE_3D.js
extracted_modules,complete_extraction,system,WIRE_CANDIDATE,prism_session,101,4440,0.25,,complete_extraction/PRISM_KERNEL_INTEGRATION.js
extracted_modules,complete_extraction,misc,WIRE_CANDIDATE,prism_dev,542,16816,0.25,,complete_extraction/PRISM_KINEMATIC_SOLVER.js
extracted_modules,complete_extraction,misc,WIRE_CANDIDATE,prism_dev,180,6303,0,,complete_extraction/PRISM_KINETICS.js
extracted_modules,complete_extraction,ai_ml,WIRE_CANDIDATE,prism_ai,101,4148,0.2,,complete_extraction/PRISM_KNOWLEDGE_AI_CONNECTOR.js
extracted_modules,complete_extraction,misc,WIRE_CANDIDATE,prism_dev,620,28643,0.5,MachiningKnowledgeBaseEngine,complete_extraction/PRISM_KNOWLEDGE_BASE.js
extracted_modules,complete_extraction,misc,WIRE_CANDIDATE,prism_dev,143,5692,0.5,FusionStrategyKnowledgeEngine,complete_extraction/PRISM_KNOWLEDGE_FUSION.js
extracted_modules,complete_extraction,system,WIRE_CANDIDATE,prism_session,138,8182,0.4,AIDeepKnowledgeIntegrationEngine,complete_extraction/PRISM_KNOWLEDGE_INTEGRATION_ROUTES.js
extracted_modules,complete_extraction,system,WIRE_CANDIDATE,prism_session,111,5098,0.4,AIDeepKnowledgeIntegrationEngine,complete_extraction/PRISM_KNOWLEDGE_INTEGRATION_TESTS.js
extracted_modules,complete_extraction,misc,WIRE_CANDIDATE,prism_dev,2484,94885,0,,complete_extraction/PRISM_KRIGING_SURFACES.js
extracted_modules,complete_extraction,database,DATABASE,prism_data,534,18459,0.2,,complete_extraction/PRISM_KURT_VISE_DATABASE.js
extracted_modules,complete_extraction,database,DATABASE,prism_data,511,17006,0.25,,complete_extraction/PRISM_LANG_DATABASE.js
extracted_modules,complete_extraction,engine,WIRE_CANDIDATE,prism_dev,229,8909,0.5,ExponentialSmoothingEngine,complete_extraction/PRISM_LAPLACIAN_SMOOTHING_ENGINE.js
extracted_modules,complete_extraction,engine,WIRE_CANDIDATE,prism_dev,150,5458,0.5,CycleTimeEngine,complete_extraction/PRISM_LAP_CYCLE_ENGINE.js
extracted_modules,complete_extraction,misc,WIRE_CANDIDATE,prism_dev,43,1386,0.333,LatheAIFeatureRegistration,complete_extraction/PRISM_LATHE.js
extracted_modules,complete_extraction,engine,WIRE_CANDIDATE,prism_dev,87,2936,0.5,LatheAIOrchestrationEngine,complete_extraction/PRISM_LATHE_GRAPHICS_ENGINE.js
extracted_modules,complete_extraction,database,DATABASE,prism_data,295,15791,0.4,LatheMachineIntelligenceEngine,complete_extraction/PRISM_LATHE_MACHINE_DB.js
extracted_modules,complete_extraction,misc,WIRE_CANDIDATE,prism_dev,119,5703,0.2,,complete_extraction/PRISM_LATHE_MANUFACTURER_DATA.js
extracted_modules,complete_extraction,engine,WIRE_CANDIDATE,prism_dev,643,30133,0.5,LatheAIOrchestrationEngine,complete_extraction/PRISM_LATHE_PARAM_ENGINE.js
extracted_modules,complete_extraction,engine,PARTIAL_OVERLAP,prism_dev,548,14163,0.6,LathePrintToolpathGeneratorEngine,complete_extraction/PRISM_LATHE_TOOLPATH_ENGINE.js
extracted_modules,complete_extraction,misc,WIRE_CANDIDATE,prism_dev,36,1129,0.333,LatheAIFeatureRegistration,complete_extraction/PRISM_LATHE_V2.js
extracted_modules,complete_extraction,database,DATABASE,prism_data,295,15803,0.4,LatheMachineIntelligenceEngine,complete_extraction/PRISM_LATHE_V2_MACHINE_DATABASE_V2.js
extracted_modules,complete_extraction,misc,WIRE_CANDIDATE,prism_dev,195,9190,0.2,,complete_extraction/PRISM_LAYER1_CAPABILITIES.js
extracted_modules,complete_extraction,misc,WIRE_CANDIDATE,prism_dev,178,8518,0.2,,complete_extraction/PRISM_LAYER2_CAPABILITIES.js
extracted_modules,complete_extraction,misc,WIRE_CANDIDATE,prism_dev,165,8156,0.25,,complete_extraction/PRISM_LAYER2_VERIFICATION.js
extracted_modules,complete_extraction,misc,WIRE_CANDIDATE,prism_dev,236,10680,0.2,,complete_extraction/PRISM_LAYER3_CAPABILITIES.js
extracted_modules,complete_extraction,misc,STUB,,7,228,0,,complete_extraction/PRISM_LAYER3_ENHANCED.js
extracted_modules,complete_extraction,misc,WIRE_CANDIDATE,prism_dev,376,15304,0.25,,complete_extraction/PRISM_LAYER3_PLUS.js
extracted_modules,complete_extraction,misc,WIRE_CANDIDATE,prism_dev,166,7478,0.2,,complete_extraction/PRISM_LAYER4_CAPABILITIES.js
extracted_modules,complete_extraction,misc,WIRE_CANDIDATE,prism_dev,154,6479,0.2,,complete_extraction/PRISM_LAYER5_CAPABILITIES.js
extracted_modules,complete_extraction,test,WIRE_CANDIDATE,n/a,93,3686,0,,complete_extraction/PRISM_LAYER5_TESTS.js
extracted_modules,complete_extraction,misc,WIRE_CANDIDATE,prism_dev,43,2005,0.333,PRISMIntelligenceLayer,complete_extraction/PRISM_LAYER_1_2_SCORING.js
extracted_modules,complete_extraction,system,STUB,,11,542,0,,complete_extraction/PRISM_LAYER_INTEGRATION.js
extracted_modules,complete_extraction,misc,WIRE_CANDIDATE,prism_dev,45,2739,0.333,PRISMIntelligenceLayer,complete_extraction/PRISM_LAYER_SCORING.js
extracted_modules,complete_extraction,misc,WIRE_CANDIDATE,prism_dev,101,3279,0.25,,complete_extraction/PRISM_LAZY_LOADER.js
extracted_modules,complete_extraction,ai_ml,PARTIAL_OVERLAP,prism_ai,1463,68006,0.6,KaizenLeanSigmaEngine,complete_extraction/PRISM_LEAN_SIX_SIGMA_KAIZEN.js
extracted_modules,complete_extraction,machine,WIRE_CANDIDATE,prism_data,444,16270,0.25,,complete_extraction/PRISM_LEARNED_KINEMATICS_BRIDGE.js
extracted_modules,complete_extraction,engine,PARTIAL_OVERLAP,prism_dev,72,2191,0.667,AIResourceLearningEngine,complete_extraction/PRISM_LEARNING_ENGINE.js
extracted_modules,complete_extraction,engine,PARTIAL_OVERLAP,prism_dev,399,13365,0.75,MachineLearningFeedbackEngine,complete_extraction/PRISM_LEARNING_ENGINE_FEEDBACK.js
extracted_modules,complete_extraction,engine,WIRE_CANDIDATE,prism_dev,135,4208,0.5,AIResourceLearningEngine,complete_extraction/PRISM_LEARNING_PERSISTENCE_ENGINE.js
extracted_modules,complete_extraction,misc,WIRE_CANDIDATE,prism_dev,160,7097,0.25,,complete_extraction/PRISM_LEGAL_NOTICE.js
extracted_modules,complete_extraction,misc,WIRE_CANDIDATE,prism_dev,60,3582,0.2,,complete_extraction/PRISM_LIMITS_CHECKER.js
extracted_modules,complete_extraction,misc,WIRE_CANDIDATE,prism_dev,147,4457,0.2,,complete_extraction/PRISM_LINALG_MIT.js
extracted_modules,complete_extraction,misc,PARTIAL_OVERLAP,prism_dev,377,13254,0.667,LocalSearchEngine,complete_extraction/PRISM_LOCAL_SEARCH.js
extracted_modules,complete_extraction,misc,WIRE_CANDIDATE,prism_dev,366,13633,0.25,,complete_extraction/PRISM_LOD_MANAGER.js
extracted_modules,complete_extraction,misc,WIRE_CANDIDATE,prism_dev,133,4229,0,,complete_extraction/PRISM_LOGGER.js
extracted_modules,complete_extraction,engine,WIRE_CANDIDATE,prism_dev,139,4297,0.25,,complete_extraction/PRISM_LOSS_FUNCTIONS_ENGINE.js
extracted_modules,complete_extraction,misc,WIRE_CANDIDATE,prism_dev,457,15457,0,,complete_extraction/PRISM_LP_SOLVERS.js
extracted_modules,complete_extraction,misc,WIRE_CANDIDATE,prism_dev,211,7029,0.2,,complete_extraction/PRISM_LR_SCHEDULER_COMPLETE.js
extracted_modules,complete_extraction,database,STUB,,1,41980,0,,complete_extraction/PRISM_MACHINE_3D_DATABASE.js
extracted_modules,complete_extraction,engine,PARTIAL_OVERLAP,prism_dev,375,20012,0.6,MachineLearningFeedbackEngine,complete_extraction/PRISM_MACHINE_3D_LEARNING_ENGINE.js
extracted_modules,complete_extraction,machine,WIRE_CANDIDATE,prism_data,367,12931,0.2,,complete_extraction/PRISM_MACHINE_3D_MODELS.js
extracted_modules,complete_extraction,database,DATABASE,prism_data,589,19035,0.333,MachineConfigDatabaseEngine,complete_extraction/PRISM_MACHINE_3D_MODEL_DATABASE_V2.js
extracted_modules,complete_extraction,database,DATABASE,prism_data,2295,72844,0.333,MachineConfigDatabaseEngine,complete_extraction/PRISM_MACHINE_3D_MODEL_DATABASE_V3.js
extracted_modules,complete_extraction,machine,WIRE_CANDIDATE,prism_data,538,18029,0.2,,complete_extraction/PRISM_MACHINE_3D_SYSTEM.js
extracted_modules,complete_extraction,ai_ml,WIRE_CANDIDATE,prism_ai,343,10608,0.333,MachineStrategyConstraintEngine,complete_extraction/PRISM_MACHINE_CAD_CONSTRAINT_LEARNER.js
extracted_modules,complete_extraction,machine,WIRE_CANDIDATE,prism_data,87,2774,0.2,,complete_extraction/PRISM_MACHINE_RIGIDITY_SYSTEM.js
extracted_modules,complete_extraction,cam,WIRE_CANDIDATE,prism_cam,292,8676,0.333,PPMachineSpecificPostEngine,complete_extraction/PRISM_MACHINE_SPECIFIC_POST_TEMPLATES.js
extracted_modules,complete_extraction,machine,WIRE_CANDIDATE,prism_data,124,4899,0.2,,complete_extraction/PRISM_MACHINE_SPEC_STANDARD.js
extracted_modules,complete_extraction,misc,WIRE_CANDIDATE,prism_dev,619,24999,0,,complete_extraction/PRISM_MAJOR_ENHANCEMENTS.js
extracted_modules,complete_extraction,misc,DATABASE,prism_data,1932,74622,0.2,,complete_extraction/PRISM_MAJOR_MANUFACTURERS_CATALOG.js
extracted_modules,complete_extraction,misc,DATABASE,prism_data,1208,50318,0.2,,complete_extraction/PRISM_MANUFACTURERS_CATALOG_BATCH2.js
extracted_modules,complete_extraction,misc,DATABASE,prism_data,1001,56892,0.5,ManufacturerCatalogAIEngine,complete_extraction/PRISM_MANUFACTURER_CATALOG_CONSOLIDATED.js
extracted_modules,complete_extraction,misc,WIRE_CANDIDATE,prism_dev,320,11390,0.25,,complete_extraction/PRISM_MANUFACTURER_CONNECTOR.js
extracted_modules,complete_extraction,database,STUB,,24,1104,0,,complete_extraction/PRISM_MANUFACTURER_LOOKUP.js
extracted_modules,complete_extraction,algorithm,WIRE_CANDIDATE,prism_calc,460,16393,0.333,ManufacturingCalculations,complete_extraction/PRISM_MANUFACTURING_ALGORITHMS.js
extracted_modules,complete_extraction,misc,WIRE_CANDIDATE,prism_dev,78,3226,0.333,ManufacturingCalculations,complete_extraction/PRISM_MANUFACTURING_NUMERICS.js
extracted_modules,complete_extraction,misc,WIRE_CANDIDATE,prism_dev,133,5361,0.333,ManufacturingCalculations,complete_extraction/PRISM_MANUFACTURING_SEARCH.js
extracted_modules,complete_extraction,engine,WIRE_CANDIDATE,prism_dev,541,21050,0.5,DistributorSearchEngine,complete_extraction/PRISM_MANUFACTURING_SEARCH_ENGINE.js
extracted_modules,complete_extraction,misc,WIRE_CANDIDATE,prism_dev,36,1422,0.25,,complete_extraction/PRISM_MASTER_INITIALIZER.js
extracted_modules,complete_extraction,misc,WIRE_CANDIDATE,prism_dev,696,24576,0.4,LatheMasterOrchestratorFacadeEngine,complete_extraction/PRISM_MASTER_ORCHESTRATOR.js
extracted_modules,complete_extraction,cam,DATABASE,prism_data,612,31993,0.25,,complete_extraction/PRISM_MASTER_TOOLPATH_REGISTRY.js
extracted_modules,complete_extraction,material,WIRE_CANDIDATE,prism_data,1293,26909,0.25,,complete_extraction/PRISM_MATERIALS_COMPLETE.js
extracted_modules,complete_extraction,material,WIRE_CANDIDATE,prism_data,56,6069,0,,complete_extraction/PRISM_MATERIALS_FACTORY.js
extracted_modules,complete_extraction,material,STUB,,14,792,0,,complete_extraction/PRISM_MATERIALS_MASTER.js
extracted_modules,complete_extraction,database,DATABASE,prism_data,75,2790,0.5,MaterialDatabaseEngine,complete_extraction/PRISM_MATERIAL_KC_DATABASE.js
extracted_modules,complete_extraction,physics,WIRE_CANDIDATE,prism_calc,46,1910,0.5,FusionMaterialPhysicsBridge,complete_extraction/PRISM_MATERIAL_PHYSICS.js
extracted_modules,complete_extraction,material,WIRE_CANDIDATE,prism_data,84,2550,0.25,,complete_extraction/PRISM_MATERIAL_PROPERTIES.js
extracted_modules,complete_extraction,material,STUB,,19,1405,0,,complete_extraction/PRISM_MATERIAL_STRATEGY_INTEGRATION.js
extracted_modules,complete_extraction,misc,WIRE_CANDIDATE,prism_dev,1722,68316,0.2,,complete_extraction/PRISM_MATH_FOUNDATIONS.js
extracted_modules,complete_extraction,misc,WIRE_CANDIDATE,prism_dev,282,10615,0.2,,complete_extraction/PRISM_MECHANICAL_BEHAVIOR.js
extracted_modules,complete_extraction,misc,WIRE_CANDIDATE,prism_dev,145,5072,0,,complete_extraction/PRISM_MECHANISMS.js
extracted_modules,complete_extraction,misc,WIRE_CANDIDATE,prism_dev,123,4528,0.25,,complete_extraction/PRISM_MECHANISM_ANALYSIS.js
extracted_modules,complete_extraction,engine,PARTIAL_OVERLAP,prism_dev,97,4330,0.6,VoronoiMedialAxisPocketEngine,complete_extraction/PRISM_MEDIAL_AXIS_ENGINE.js
extracted_modules,complete_extraction,misc,WIRE_CANDIDATE,prism_dev,152,5129,0.2,,complete_extraction/PRISM_MEMORY_EFFICIENT_SEARCH.js
extracted_modules,complete_extraction,geometry,WIRE_CANDIDATE,prism_cad,459,15241,0.5,MeshEngine,complete_extraction/PRISM_MESH_100.js
extracted_modules,complete_extraction,engine,PARTIAL_OVERLAP,prism_dev,503,18526,0.667,MeshEngine,complete_extraction/PRISM_MESH_DEFORMATION_ENGINE.js
extracted_modules,complete_extraction,geometry,WIRE_CANDIDATE,prism_cad,455,15849,0.333,MeshEngine,complete_extraction/PRISM_MESH_OPERATIONS.js
extracted_modules,complete_extraction,geometry,WIRE_CANDIDATE,prism_cad,224,8012,0.333,MeshEngine,complete_extraction/PRISM_MESH_PARAMETERIZATION.js
extracted_modules,complete_extraction,engine,PARTIAL_OVERLAP,prism_dev,488,17978,0.667,MeshEngine,complete_extraction/PRISM_MESH_REPAIR_ENGINE.js
extracted_modules,complete_extraction,engine,PARTIAL_OVERLAP,prism_dev,676,24205,0.667,MeshEngine,complete_extraction/PRISM_MESH_SEGMENTATION_ENGINE.js
extracted_modules,complete_extraction,geometry,WIRE_CANDIDATE,prism_cad,344,13047,0.333,MeshEngine,complete_extraction/PRISM_MESH_SMOOTHING.js
extracted_modules,complete_extraction,algorithm,PARTIAL_OVERLAP,prism_calc,102,3769,0.667,MetaheuristicOptimizationEngine,complete_extraction/PRISM_METAHEURISTIC_OPTIMIZATION.js
extracted_modules,complete_extraction,misc,WIRE_CANDIDATE,prism_dev,405,22695,0,,complete_extraction/PRISM_MFG_ENHANCEMENTS.js
extracted_modules,complete_extraction,algorithm,WIRE_CANDIDATE,prism_calc,179,6400,0.333,OptimizationEngine,complete_extraction/PRISM_MFG_OPTIMIZATION.js
extracted_modules,complete_extraction,algorithm,WIRE_CANDIDATE,prism_calc,191,7040,0.25,,complete_extraction/PRISM_MFG_OPTIMIZATION_ADVANCED_B.js
extracted_modules,complete_extraction,misc,WIRE_CANDIDATE,prism_dev,77,2787,0.333,MicroEDMEngine,complete_extraction/PRISM_MICRO_DESIGN.js
extracted_modules,complete_extraction,test,WIRE_CANDIDATE,n/a,85,3022,0.25,,complete_extraction/PRISM_MIT_BATCH_13_TESTS.js
extracted_modules,complete_extraction,test,WIRE_CANDIDATE,n/a,104,3774,0.25,,complete_extraction/PRISM_MIT_BATCH_14_TESTS.js
extracted_modules,complete_extraction,test,WIRE_CANDIDATE,n/a,123,4598,0.25,,complete_extraction/PRISM_MIT_BATCH_15_TESTS.js
extracted_modules,complete_extraction,test,WIRE_CANDIDATE,n/a,2448,91033,0.25,,complete_extraction/PRISM_MIT_BATCH_16_TESTS.js
extracted_modules,complete_extraction,test,WIRE_CANDIDATE,n/a,177,6236,0.25,,complete_extraction/PRISM_MIT_BATCH_17_TESTS.js
extracted_modules,complete_extraction,test,WIRE_CANDIDATE,n/a,170,6314,0.25,,complete_extraction/PRISM_MIT_BATCH_19_TESTS.js
extracted_modules,complete_extraction,test,WIRE_CANDIDATE,n/a,181,6539,0.25,,complete_extraction/PRISM_MIT_BATCH_20_TESTS.js
extracted_modules,complete_extraction,misc,STUB,,21,648,0,,complete_extraction/PRISM_MIT_EXTRACTION_STATS.js
extracted_modules,complete_extraction,ai_ml,WIRE_CANDIDATE,prism_ai,379,15330,0,,complete_extraction/PRISM_ML.js
extracted_modules,complete_extraction,algorithm,WIRE_CANDIDATE,prism_calc,747,27991,0.25,,complete_extraction/PRISM_ML_ALGORITHMS.js
extracted_modules,complete_extraction,ai_ml,WIRE_CANDIDATE,prism_ai,286,10179,0.5,FeatureRecognitionEngine,complete_extraction/PRISM_ML_FEATURE_RECOGNITION.js
extracted_modules,complete_extraction,database,DATABASE,prism_data,400,12303,0.167,,complete_extraction/PRISM_ML_TRAINING_PATTERNS_DATABASE.js
extracted_modules,complete_extraction,misc,STUB,,5,154,0,,complete_extraction/PRISM_MODAL_MANAGER.js
extracted_modules,complete_extraction,misc,WIRE_CANDIDATE,prism_dev,264,10475,0.25,,complete_extraction/PRISM_MODEL_COMPRESSION.js
extracted_modules,complete_extraction,engine,WIRE_CANDIDATE,prism_dev,279,10691,0.5,CADWorldModelEngine,complete_extraction/PRISM_MODEL_COMPRESSION_ENGINE.js
extracted_modules,complete_extraction,engine,WIRE_CANDIDATE,prism_dev,251,8754,0.5,CADWorldModelEngine,complete_extraction/PRISM_MODEL_ORCHESTRATION_ENGINE.js
extracted_modules,complete_extraction,misc,WIRE_CANDIDATE,prism_dev,179,6854,0.25,,complete_extraction/PRISM_MODEL_SERIALIZATION.js
extracted_modules,complete_extraction,misc,DATABASE,prism_data,147,7567,0.333,CADAdapterRegistry,complete_extraction/PRISM_MODULE_REGISTRY.js
extracted_modules,complete_extraction,engine,WIRE_CANDIDATE,prism_dev,419,18245,0.333,A2AProtocolEngine,complete_extraction/PRISM_MOEAD_ENGINE.js
extracted_modules,complete_extraction,engine,DUP_KEEP_EXISTING,prism_dev,410,15441,0.99,MonteCarloEngine,complete_extraction/PRISM_MONTE_CARLO_ENGINE.js
extracted_modules,complete_extraction,misc,WIRE_CANDIDATE,prism_dev,184,7625,0.2,,complete_extraction/PRISM_MOTION_PLANNING_ENHANCED.js
extracted_modules,complete_extraction,engine,WIRE_CANDIDATE,prism_dev,338,14476,0.4,CapacityPlanningEngine,complete_extraction/PRISM_MOTION_PLANNING_ENHANCED_ENGINE.js
extracted_modules,complete_extraction,engine,DUP_KEEP_EXISTING,prism_dev,660,26757,0.99,MultiaxisToolpathEngine,complete_extraction/PRISM_MULTIAXIS_TOOLPATH_ENGINE.js
extracted_modules,complete_extraction,misc,WIRE_CANDIDATE,prism_dev,184,6405,0.4,MultiAgentAIInterfaceEngine,complete_extraction/PRISM_MULTI_AGENT_SETUP.js
extracted_modules,complete_extraction,misc,PARTIAL_OVERLAP,prism_dev,532,19027,0.667,MultiObjectiveEngine,complete_extraction/PRISM_MULTI_OBJECTIVE.js
extracted_modules,complete_extraction,engine,DUP_KEEP_EXISTING,prism_dev,371,15902,0.99,MultiObjectiveEngine,complete_extraction/PRISM_MULTI_OBJECTIVE_ENGINE.js
extracted_modules,complete_extraction,algorithm,WIRE_CANDIDATE,prism_calc,442,15593,0.5,MultiObjectiveEngine,complete_extraction/PRISM_MULTI_OBJECTIVE_OPTIMIZER.js
extracted_modules,complete_extraction,misc,WIRE_CANDIDATE,prism_dev,385,13522,0.5,MultiObjectiveEngine,complete_extraction/PRISM_MULTI_OBJECTIVE_SCALARIZATION.js
extracted_modules,complete_extraction,engine,WIRE_CANDIDATE,prism_dev,234,8426,0.4,EmpiricalCorrelationEngine,complete_extraction/PRISM_MULTI_VIEW_CORRELATION_ENGINE.js
extracted_modules,complete_extraction,engine,WIRE_CANDIDATE,prism_dev,331,13840,0.5,NeuralCADGenerationEngine,complete_extraction/PRISM_NEURAL_ENGINE_ENHANCED.js
extracted_modules,complete_extraction,ai_ml,WIRE_CANDIDATE,prism_ai,106,4578,0.5,MillNeuralNetworkEngine,complete_extraction/PRISM_NEURAL_NETWORK.js
extracted_modules,complete_extraction,engine,WIRE_CANDIDATE,prism_dev,174,5880,0.333,A2AProtocolEngine,complete_extraction/PRISM_NLP_ENGINE.js
extracted_modules,complete_extraction,engine,WIRE_CANDIDATE,prism_dev,286,9901,0.5,AdvancedCNCConfigEngine,complete_extraction/PRISM_NLP_ENGINE_ADVANCED.js
extracted_modules,complete_extraction,misc,WIRE_CANDIDATE,prism_dev,288,13218,0.25,,complete_extraction/PRISM_NN_ENHANCED.js
extracted_modules,complete_extraction,misc,WIRE_CANDIDATE,prism_dev,147,5877,0,,complete_extraction/PRISM_NN_LAYERS.js
extracted_modules,complete_extraction,misc,WIRE_CANDIDATE,prism_dev,764,32128,0.25,,complete_extraction/PRISM_NN_LAYERS_ADVANCED.js
extracted_modules,complete_extraction,misc,WIRE_CANDIDATE,prism_dev,64,3248,0.25,,complete_extraction/PRISM_NORMALIZATION_COMPLETE.js
extracted_modules,complete_extraction,engine,WIRE_CANDIDATE,prism_dev,146,5136,0.333,A2AProtocolEngine,complete_extraction/PRISM_NORMALIZATION_ENGINE.js
extracted_modules,complete_extraction,misc,WIRE_CANDIDATE,prism_dev,177,5593,0.333,NumericalIntegrationEngine,complete_extraction/PRISM_NUMERICAL.js
extracted_modules,complete_extraction,engine,PARTIAL_OVERLAP,prism_dev,481,16832,0.667,NumericalIntegrationEngine,complete_extraction/PRISM_NUMERICAL_ENGINE.js
extracted_modules,complete_extraction,misc,WIRE_CANDIDATE,prism_dev,159,4956,0.5,NumericalMethodsEngine,complete_extraction/PRISM_NUMERICAL_METHODS_MIT.js
extracted_modules,complete_extraction,misc,WIRE_CANDIDATE,prism_dev,491,15516,0,,complete_extraction/PRISM_NURBS_100.js
extracted_modules,complete_extraction,misc,WIRE_CANDIDATE,prism_dev,1927,72775,0.333,AdvancedCalculations,complete_extraction/PRISM_NURBS_ADVANCED.js
extracted_modules,complete_extraction,engine,WIRE_CANDIDATE,prism_dev,132,5732,0.5,AdvancedCNCConfigEngine,complete_extraction/PRISM_NURBS_ADVANCED_ENGINE.js
extracted_modules,complete_extraction,misc,WIRE_CANDIDATE,prism_dev,479,15952,0.25,,complete_extraction/PRISM_NURBS_ENHANCED.js
extracted_modules,complete_extraction,misc,WIRE_CANDIDATE,prism_dev,333,11545,0.167,,complete_extraction/PRISM_NURBS_EVALUATOR.js
extracted_modules,complete_extraction,misc,WIRE_CANDIDATE,prism_dev,229,9758,0.25,,complete_extraction/PRISM_NURBS_LIBRARY.js
extracted_modules,complete_extraction,misc,WIRE_CANDIDATE,prism_dev,582,20806,0.2,,complete_extraction/PRISM_NURBS_MIT.js
extracted_modules,complete_extraction,misc,WIRE_CANDIDATE,prism_dev,149,5771,0.25,,complete_extraction/PRISM_OCCT_KERNEL.js
extracted_modules,complete_extraction,engine,WIRE_CANDIDATE,prism_dev,271,7984,0.333,A2AProtocolEngine,complete_extraction/PRISM_OCR_ENGINE.js
extracted_modules,complete_extraction,misc,WIRE_CANDIDATE,prism_dev,119,3875,0.167,,complete_extraction/PRISM_ODE_SOLVERS_MIT.js
extracted_modules,complete_extraction,misc,PARTIAL_OVERLAP,prism_dev,308,11697,0.667,OffsetSurfaceEngine,complete_extraction/PRISM_OFFSET_SURFACE.js
extracted_modules,complete_extraction,engine,DUP_KEEP_EXISTING,prism_dev,114,5250,0.99,OffsetSurfaceEngine,complete_extraction/PRISM_OFFSET_SURFACE_ENGINE.js
extracted_modules,complete_extraction,database,DATABASE,prism_data,169,8332,0.167,,complete_extraction/PRISM_OKUMA_LATHE_GCODE_DATABASE.js
extracted_modules,complete_extraction,system,WIRE_CANDIDATE,prism_session,86,3082,0.4,LatheTribalIntegrationEngine,complete_extraction/PRISM_OKUMA_LATHE_INTEGRATION.js
extracted_modules,complete_extraction,database,DATABASE,prism_data,82,4014,0.167,,complete_extraction/PRISM_OKUMA_LATHE_MCODE_DATABASE.js
extracted_modules,complete_extraction,database,DATABASE,prism_data,267,13747,0.333,MachineConfigDatabaseEngine,complete_extraction/PRISM_OKUMA_MACHINE_CAD_DATABASE.js
extracted_modules,complete_extraction,engine,WIRE_CANDIDATE,prism_dev,205,8742,0.4,AdaptiveControlEngine,complete_extraction/PRISM_OKUMA_OSP_CONTROL_ENGINE.js
extracted_modules,complete_extraction,engine,WIRE_CANDIDATE,prism_dev,94,3873,0.5,OkumaOSPParserEngine,complete_extraction/PRISM_OKUMA_THREADING_ENGINE.js
extracted_modules,complete_extraction,ai_ml,WIRE_CANDIDATE,prism_ai,130,5180,0.4,MillingOnlineLearningTrackerEngine,complete_extraction/PRISM_ONLINE_LEARNING.js
extracted_modules,complete_extraction,ai_ml,WIRE_CANDIDATE,prism_ai,460,19993,0.333,MillingOnlineLearningTrackerEngine,complete_extraction/PRISM_ONLINE_LEARNING_COMPLETE.js
extracted_modules,complete_extraction,misc,WIRE_CANDIDATE,prism_dev,58,2637,0.25,,complete_extraction/PRISM_OPERATION_PARAMS.js
extracted_modules,complete_extraction,database,DATABASE,prism_data,87,4582,0.2,,complete_extraction/PRISM_OPERATION_PARAM_DATABASE.js
extracted_modules,complete_extraction,algorithm,WIRE_CANDIDATE,prism_calc,541,18609,0.5,OptimizationEngine,complete_extraction/PRISM_OPTIMIZATION.js
extracted_modules,complete_extraction,algorithm,WIRE_CANDIDATE,prism_calc,411,16035,0.333,OptimizationEngine,complete_extraction/PRISM_OPTIMIZATION_ALGORITHMS.js
extracted_modules,complete_extraction,algorithm,WIRE_CANDIDATE,prism_calc,199,7976,0.333,OptimizationEngine,complete_extraction/PRISM_OPTIMIZATION_COMPLETE.js
extracted_modules,complete_extraction,misc,WIRE_CANDIDATE,prism_dev,244,11144,0.25,,complete_extraction/PRISM_OPTIMIZED_MODE.js
extracted_modules,complete_extraction,cam,WIRE_CANDIDATE,prism_cam,1007,38517,0,,complete_extraction/PRISM_OPTIMIZED_POSTS_V2.js
extracted_modules,complete_extraction,tool,WIRE_CANDIDATE,prism_data,407,15628,0.4,SmartToolSelectorEngine,complete_extraction/PRISM_OPTIMIZED_TOOL_SELECTOR.js
extracted_modules,complete_extraction,engine,WIRE_CANDIDATE,prism_dev,314,13561,0.333,A2AProtocolEngine,complete_extraction/PRISM_OPTIMIZERS_ENGINE.js
extracted_modules,complete_extraction,algorithm,WIRE_CANDIDATE,prism_calc,174,9430,0.333,AdvancedCalculations,complete_extraction/PRISM_OPTIMIZER_ADVANCED.js
extracted_modules,complete_extraction,engine,PARTIAL_OVERLAP,prism_dev,1435,49648,0.667,LatheOrchestrationEngine,complete_extraction/PRISM_ORCHESTRATION_ENGINE_V2.js
extracted_modules,complete_extraction,misc,PARTIAL_OVERLAP,prism_dev,323,12934,0.667,OrderManagerEngine,complete_extraction/PRISM_ORDER_MANAGER.js
extracted_modules,complete_extraction,engine,WIRE_CANDIDATE,prism_dev,259,8298,0.4,ParametricSurfaceEngine,complete_extraction/PRISM_PARAMETRIC_CAD_ENHANCEMENT_ENGINE.js
extracted_modules,complete_extraction,ai_ml,WIRE_CANDIDATE,prism_ai,629,19869,0.2,,complete_extraction/PRISM_PARAMETRIC_CONSTRAINT_SOLVER.js
extracted_modules,complete_extraction,test,WIRE_CANDIDATE,n/a,54,2090,0.2,,complete_extraction/PRISM_PART3_SELF_TEST.js
extracted_modules,complete_extraction,misc,WIRE_CANDIDATE,prism_dev,102,3600,0.25,,complete_extraction/PRISM_PARTS_LOADER.js
extracted_modules,complete_extraction,test,WIRE_CANDIDATE,n/a,102,5359,0,,complete_extraction/PRISM_PASS2_TESTS.js
extracted_modules,complete_extraction,engine,PARTIAL_OVERLAP,prism_dev,342,11835,0.667,CADCorpusPatternEngine,complete_extraction/PRISM_PATTERN_ENGINE.js
extracted_modules,complete_extraction,test,WIRE_CANDIDATE,n/a,124,3985,0,,complete_extraction/PRISM_PERF_TESTS.js
extracted_modules,complete_extraction,misc,WIRE_CANDIDATE,prism_dev,145,5911,0.25,,complete_extraction/PRISM_PERSISTENT_HOMOLOGY.js
extracted_modules,complete_extraction,physics,WIRE_CANDIDATE,prism_calc,35,1126,0.2,,complete_extraction/PRISM_PHASE1_CHATTER_SYSTEM.js
extracted_modules,complete_extraction,misc,WIRE_CANDIDATE,prism_dev,103,4251,0.25,,complete_extraction/PRISM_PHASE1_COORDINATOR.js
extracted_modules,complete_extraction,misc,WIRE_CANDIDATE,prism_dev,246,7977,0.333,ManufacturingCalculations,complete_extraction/PRISM_PHASE1_MANUFACTURING.js
extracted_modules,complete_extraction,misc,WIRE_CANDIDATE,prism_dev,823,37258,0.167,,complete_extraction/PRISM_PHASE1_MIT_REVOLUTION.js
extracted_modules,complete_extraction,ai_ml,WIRE_CANDIDATE,prism_ai,408,14456,0,,complete_extraction/PRISM_PHASE1_ML.js
extracted_modules,complete_extraction,algorithm,WIRE_CANDIDATE,prism_calc,391,15394,0,,complete_extraction/PRISM_PHASE1_OPTIMIZERS.js
extracted_modules,complete_extraction,test,WIRE_CANDIDATE,n/a,227,9260,0.2,,complete_extraction/PRISM_PHASE1_SELF_TEST.js
extracted_modules,complete_extraction,misc,WIRE_CANDIDATE,prism_dev,305,10817,0.25,,complete_extraction/PRISM_PHASE1_SIGNAL.js
extracted_modules,complete_extraction,misc,WIRE_CANDIDATE,prism_dev,237,8619,0.5,AutoSpeedFeedCalculatorEngine,complete_extraction/PRISM_PHASE1_SPEED_FEED_CALCULATOR.js
extracted_modules,complete_extraction,tool,WIRE_CANDIDATE,prism_data,79,2736,0.333,BayesianToolLifeEngine,complete_extraction/PRISM_PHASE1_TOOL_LIFE_MANAGER.js
extracted_modules,complete_extraction,ai_ml,WIRE_CANDIDATE,prism_ai,769,26820,0.25,,complete_extraction/PRISM_PHASE2_ADVANCED_ML.js
extracted_modules,complete_extraction,misc,WIRE_CANDIDATE,prism_dev,318,9813,0.25,,complete_extraction/PRISM_PHASE2_ADVANCED_SIGNAL.js
extracted_modules,complete_extraction,ai_ml,WIRE_CANDIDATE,prism_ai,338,11364,0.2,,complete_extraction/PRISM_PHASE2_CONSTRAINED.js
extracted_modules,complete_extraction,misc,WIRE_CANDIDATE,prism_dev,91,3577,0.25,,complete_extraction/PRISM_PHASE2_COORDINATOR.js
extracted_modules,complete_extraction,database,DATABASE,prism_data,399,16117,0.25,,complete_extraction/PRISM_PHASE2_DATABASE.js
extracted_modules,complete_extraction,misc,WIRE_CANDIDATE,prism_dev,90,3719,0.25,,complete_extraction/PRISM_PHASE2_INTEGRATED.js
extracted_modules,complete_extraction,misc,WIRE_CANDIDATE,prism_dev,210,6780,0,,complete_extraction/PRISM_PHASE2_METAHEURISTICS.js
extracted_modules,complete_extraction,misc,WIRE_CANDIDATE,prism_dev,401,14375,0.5,MultiObjectiveEngine,complete_extraction/PRISM_PHASE2_MULTI_OBJECTIVE.js
extracted_modules,complete_extraction,misc,WIRE_CANDIDATE,prism_dev,397,13578,0.2,,complete_extraction/PRISM_PHASE2_QUALITY_SYSTEM.js
extracted_modules,complete_extraction,ai_ml,WIRE_CANDIDATE,prism_ai,503,17440,0.4,LatheReinforcementLearningEngine,complete_extraction/PRISM_PHASE2_REINFORCEMENT_LEARNING.js
extracted_modules,complete_extraction,test,WIRE_CANDIDATE,n/a,243,10839,0.2,,complete_extraction/PRISM_PHASE2_SELF_TEST.js
extracted_modules,complete_extraction,misc,WIRE_CANDIDATE,prism_dev,464,15463,0.25,,complete_extraction/PRISM_PHASE3_ADVANCED_RL.js
extracted_modules,complete_extraction,misc,WIRE_CANDIDATE,prism_dev,434,15430,0.25,,complete_extraction/PRISM_PHASE3_ADVANCED_SIGNAL.js
extracted_modules,complete_extraction,misc,WIRE_CANDIDATE,prism_dev,62,2897,0.25,,complete_extraction/PRISM_PHASE3_COORDINATOR.js
extracted_modules,complete_extraction,ai_ml,WIRE_CANDIDATE,prism_ai,651,24376,0.4,CNCControllerDeepLearningEngine,complete_extraction/PRISM_PHASE3_DEEP_LEARNING.js
extracted_modules,complete_extraction,ai_ml,WIRE_CANDIDATE,prism_ai,416,14026,0.333,KnowledgeGraphNeuralBridgeEngine,complete_extraction/PRISM_PHASE3_GRAPH_NEURAL.js
extracted_modules,complete_extraction,misc,WIRE_CANDIDATE,prism_dev,155,5312,0.25,,complete_extraction/PRISM_PHASE3_INTEGRATED.js
extracted_modules,complete_extraction,misc,WIRE_CANDIDATE,prism_dev,70,2811,0,,complete_extraction/PRISM_PHASE3_INTEGRATOR.js
extracted_modules,complete_extraction,physics,WIRE_CANDIDATE,prism_calc,482,15916,0.4,AdditiveManufacturingPhysicsEngine,complete_extraction/PRISM_PHASE3_MANUFACTURING_PHYSICS.js
extracted_modules,complete_extraction,system,WIRE_CANDIDATE,prism_session,121,8177,0,,complete_extraction/PRISM_PHASE3_ROUTES.js
extracted_modules,complete_extraction,misc,WIRE_CANDIDATE,prism_dev,456,15264,0.333,SchedulingEngine,complete_extraction/PRISM_PHASE3_SCHEDULING.js
extracted_modules,complete_extraction,test,WIRE_CANDIDATE,n/a,265,12665,0.2,,complete_extraction/PRISM_PHASE3_SELF_TEST.js
extracted_modules,complete_extraction,misc,WIRE_CANDIDATE,prism_dev,37,1425,0.2,,complete_extraction/PRISM_PHASE3_STATUS.js
extracted_modules,complete_extraction,misc,WIRE_CANDIDATE,prism_dev,445,14920,0.5,TimeSeriesARIMAEngine,complete_extraction/PRISM_PHASE3_TIME_SERIES.js
extracted_modules,complete_extraction,misc,WIRE_CANDIDATE,prism_dev,59,3188,0.25,,complete_extraction/PRISM_PHASE4_COORDINATOR.js
extracted_modules,complete_extraction,system,WIRE_CANDIDATE,prism_session,91,4627,0.25,,complete_extraction/PRISM_PHASE4_GATEWAY.js
extracted_modules,complete_extraction,misc,WIRE_CANDIDATE,prism_dev,1013,46215,0,,complete_extraction/PRISM_PHASE4_PRECISION.js
extracted_modules,complete_extraction,test,WIRE_CANDIDATE,n/a,183,10219,0.2,,complete_extraction/PRISM_PHASE4_SELF_TEST.js
extracted_modules,complete_extraction,misc,WIRE_CANDIDATE,prism_dev,1436,65431,0.25,,complete_extraction/PRISM_PHASE5_CONTROL.js
extracted_modules,complete_extraction,ai_ml,WIRE_CANDIDATE,prism_ai,352,15352,0,,complete_extraction/PRISM_PHASE6_DEEPLEARNING.js
extracted_modules,complete_extraction,misc,WIRE_CANDIDATE,prism_dev,2388,108291,0.25,,complete_extraction/PRISM_PHASE7_KNOWLEDGE.js
extracted_modules,complete_extraction,misc,WIRE_CANDIDATE,prism_dev,347,15340,0,,complete_extraction/PRISM_PHASE8_EXPERTS.js
extracted_modules,complete_extraction,physics,WIRE_CANDIDATE,prism_calc,40,1612,0.4,NoInlinePhysicsConstantsEngine,complete_extraction/PRISM_PHYSICS_CONSTANTS_V2.js
extracted_modules,complete_extraction,engine,WIRE_CANDIDATE,prism_dev,853,30833,0.5,AdaptiveChatterEngine,complete_extraction/PRISM_PIML_CHATTER_ENGINE.js
extracted_modules,complete_extraction,misc,WIRE_CANDIDATE,prism_dev,259,9007,0.333,CNCSimulationPipelineEngine,complete_extraction/PRISM_PIPELINE.js
extracted_modules,complete_extraction,misc,STUB,,12,657,0,,complete_extraction/PRISM_PLACEHOLDER_CLEARANCE.js
extracted_modules,complete_extraction,misc,WIRE_CANDIDATE,prism_dev,191,6099,0.333,PluginEngine,complete_extraction/PRISM_PLUGIN_MANAGER.js
extracted_modules,complete_extraction,engine,PARTIAL_OVERLAP,prism_dev,105,3830,0.6,CrossProcessPolicyGradientEngine,complete_extraction/PRISM_POLICY_GRADIENT_ENGINE.js
extracted_modules,complete_extraction,engine,WIRE_CANDIDATE,prism_dev,75,2624,0.4,PluginSandboxPolicyEngine,complete_extraction/PRISM_POLICY_ITERATION_ENGINE.js
extracted_modules,complete_extraction,ai_ml,WIRE_CANDIDATE,prism_ai,151,8084,0.4,PostProcessorAnalysisEngine,complete_extraction/PRISM_POST_ANALYSIS_AI.js
extracted_modules,complete_extraction,cam,WIRE_CANDIDATE,prism_cam,670,22036,0.333,PostProcessorAGIWiringIntegrationEngine,complete_extraction/PRISM_POST_INTEGRATION_MODULE.js
extracted_modules,complete_extraction,database,DATABASE,prism_data,626,55505,0.4,MachineConfigDatabaseEngine,complete_extraction/PRISM_POST_MACHINE_DATABASE.js
extracted_modules,complete_extraction,algorithm,WIRE_CANDIDATE,prism_calc,115,6495,0.4,PostProcessorFeedOptimizerEngine,complete_extraction/PRISM_POST_OPTIMIZER.js
extracted_modules,complete_extraction,engine,PARTIAL_OVERLAP,prism_dev,220,9048,0.75,PostProcessorEngine,complete_extraction/PRISM_POST_PROCESSOR_DEVELOPMENT_ENGINE.js
extracted_modules,complete_extraction,cam,PARTIAL_OVERLAP,prism_cam,477,15476,0.75,PostProcessorGeneratorEngine,complete_extraction/PRISM_POST_PROCESSOR_GENERATOR.js
extracted_modules,complete_extraction,cam,WIRE_CANDIDATE,prism_cam,532,17738,0.5,PostProcessorAPIEngine,complete_extraction/PRISM_POST_PROCESSOR_UI.js
extracted_modules,complete_extraction,misc,WIRE_CANDIDATE,prism_dev,239,9886,0.25,,complete_extraction/PRISM_POTENTIAL_FIELDS.js
extracted_modules,complete_extraction,misc,WIRE_CANDIDATE,prism_dev,228,8754,0.25,,complete_extraction/PRISM_PRECISION_DESIGN.js
extracted_modules,complete_extraction,misc,WIRE_CANDIDATE,prism_dev,182,6486,0.333,OperatorPreferencesEngine,complete_extraction/PRISM_PREFERENCES.js
extracted_modules,complete_extraction,ai_ml,WIRE_CANDIDATE,prism_ai,158,6155,0,,complete_extraction/PRISM_PRETRAINED_MODELS.js
extracted_modules,complete_extraction,misc,WIRE_CANDIDATE,prism_dev,102,3624,0.333,PrintMatchStallDetectorEngine,complete_extraction/PRISM_PRINT_VIEW_DETECTOR.js
extracted_modules,complete_extraction,engine,WIRE_CANDIDATE,prism_dev,413,17166,0.5,CausalReasoningEngine,complete_extraction/PRISM_PROBABILISTIC_REASONING_ENGINE.js
extracted_modules,complete_extraction,misc,WIRE_CANDIDATE,prism_dev,847,28563,0.25,,complete_extraction/PRISM_PROCESS_PLANNING.js
extracted_modules,complete_extraction,system,WIRE_CANDIDATE,prism_session,205,8411,0.25,,complete_extraction/PRISM_PRODUCTION_INTEGRATION.js
extracted_modules,complete_extraction,misc,WIRE_CANDIDATE,prism_dev,180,6054,0.25,,complete_extraction/PRISM_PRODUCTION_SCHEDULER.js
extracted_modules,complete_extraction,misc,WIRE_CANDIDATE,prism_dev,93,5137,0.333,ProductEngine,complete_extraction/PRISM_PRODUCT_MODULES.js
extracted_modules,complete_extraction,misc,WIRE_CANDIDATE,prism_dev,164,5822,0,,complete_extraction/PRISM_PROGRESS.js
extracted_modules,complete_extraction,misc,WIRE_CANDIDATE,prism_dev,336,17858,0.25,,complete_extraction/PRISM_PURCHASING_SYSTEM.js
extracted_modules,complete_extraction,engine,WIRE_CANDIDATE,prism_dev,400,14118,0.25,,complete_extraction/PRISM_QEM_SIMPLIFICATION_ENGINE.js
extracted_modules,complete_extraction,misc,WIRE_CANDIDATE,prism_dev,371,14696,0.25,,complete_extraction/PRISM_QUALITY_MANAGER.js
extracted_modules,complete_extraction,engine,DUP_KEEP_EXISTING,prism_dev,209,7918,0.99,QuotingEngine,complete_extraction/PRISM_QUOTING_ENGINE.js
extracted_modules,complete_extraction,ai_ml,WIRE_CANDIDATE,prism_ai,535,25102,0.333,QuotingEngine,complete_extraction/PRISM_QUOTING_LEARNING.js
extracted_modules,complete_extraction,algorithm,WIRE_CANDIDATE,prism_calc,125,3940,0.25,,complete_extraction/PRISM_RAPIDS_OPTIMIZER.js
extracted_modules,complete_extraction,algorithm,WIRE_CANDIDATE,prism_calc,318,11524,0.2,,complete_extraction/PRISM_RAPID_PATH_OPTIMIZER.js
extracted_modules,complete_extraction,misc,WIRE_CANDIDATE,prism_dev,402,15336,0.2,,complete_extraction/PRISM_RAY_TRACER.js
extracted_modules,complete_extraction,misc,WIRE_CANDIDATE,prism_dev,189,5565,0.2,,complete_extraction/PRISM_REALTIME_PREVIEW_SYSTEM.js
extracted_modules,complete_extraction,geometry,WIRE_CANDIDATE,prism_cad,73,2933,0.2,,complete_extraction/PRISM_REAL_CAD_PRIORITY_SYSTEM.js
extracted_modules,complete_extraction,engine,WIRE_CANDIDATE,prism_dev,541,15540,0.5,MultiaxisToolpathEngine,complete_extraction/PRISM_REAL_TOOLPATH_ENGINE.js
extracted_modules,complete_extraction,misc,WIRE_CANDIDATE,prism_dev,172,5793,0,,complete_extraction/PRISM_RECENT_FILES.js
extracted_modules,complete_extraction,engine,PARTIAL_OVERLAP,prism_dev,262,9088,0.667,AcquisitionRecommendationEngine,complete_extraction/PRISM_RECOMMENDATION_ENGINE.js
extracted_modules,complete_extraction,engine,WIRE_CANDIDATE,prism_dev,170,5696,0.333,A2AProtocolEngine,complete_extraction/PRISM_REGULARIZATION_ENGINE.js
extracted_modules,complete_extraction,misc,WIRE_CANDIDATE,prism_dev,500,15838,0.25,,complete_extraction/PRISM_RENDER_100.js
extracted_modules,complete_extraction,engine,DUP_KEEP_EXISTING,prism_dev,405,17756,0.99,ReportingEngine,complete_extraction/PRISM_REPORTING_ENGINE.js
extracted_modules,complete_extraction,engine,PARTIAL_OVERLAP,prism_dev,722,37835,0.667,ReportEngine,complete_extraction/PRISM_REPORT_GENERATION_ENGINE.js
extracted_modules,complete_extraction,database,DATABASE,prism_data,58,2400,0.25,,complete_extraction/PRISM_REPORT_TEMPLATES_DATABASE.js
extracted_modules,complete_extraction,misc,WIRE_CANDIDATE,prism_dev,2170,75653,0.25,,complete_extraction/PRISM_RESOURCE_MANAGER.js
extracted_modules,complete_extraction,util,STUB,,10,378,0,,complete_extraction/PRISM_RESPONSIVE_UTILS.js
extracted_modules,complete_extraction,engine,DUP_KEEP_EXISTING,prism_dev,614,24805,0.99,RestMachiningEngine,complete_extraction/PRISM_REST_MACHINING_ENGINE.js
extracted_modules,complete_extraction,engine,WIRE_CANDIDATE,prism_dev,227,7019,0.5,MaterialDatabaseEngine,complete_extraction/PRISM_REST_MATERIAL_ENGINE.js
extracted_modules,complete_extraction,test,WIRE_CANDIDATE,n/a,64,3579,0.2,,complete_extraction/PRISM_RETROFIT_TESTS.js
extracted_modules,complete_extraction,engine,DUP_KEEP_EXISTING,prism_dev,602,24597,0.99,RigidBodyDynamicsEngine,complete_extraction/PRISM_RIGID_BODY_DYNAMICS_ENGINE.js
extracted_modules,complete_extraction,misc,WIRE_CANDIDATE,prism_dev,281,9867,0.4,AdaptiveMachiningIntegrationEngine,complete_extraction/PRISM_RL_ADAPTIVE_MACHINING.js
extracted_modules,complete_extraction,algorithm,WIRE_CANDIDATE,prism_calc,350,13429,0.25,,complete_extraction/PRISM_RL_ALGORITHMS.js
extracted_modules,complete_extraction,misc,WIRE_CANDIDATE,prism_dev,407,16881,0.25,,complete_extraction/PRISM_RL_COMPLETE.js
extracted_modules,complete_extraction,misc,WIRE_CANDIDATE,prism_dev,495,20835,0.25,,complete_extraction/PRISM_RL_ENHANCED.js
extracted_modules,complete_extraction,cam,WIRE_CANDIDATE,prism_cam,165,5400,0.5,PostProcessorAPIEngine,complete_extraction/PRISM_RL_POST_PROCESSOR.js
extracted_modules,complete_extraction,engine,PARTIAL_OVERLAP,prism_dev,71,2759,0.667,QLearningEngine,complete_extraction/PRISM_RL_QLEARNING_ENGINE.js
extracted_modules,complete_extraction,engine,WIRE_CANDIDATE,prism_dev,78,2931,0.25,,complete_extraction/PRISM_RL_SARSA_ENGINE.js
extracted_modules,complete_extraction,algorithm,WIRE_CANDIDATE,prism_calc,249,8788,0.333,OptimizationEngine,complete_extraction/PRISM_ROBUST_OPTIMIZATION.js
extracted_modules,complete_extraction,misc,WIRE_CANDIDATE,prism_dev,388,15428,0.25,,complete_extraction/PRISM_ROUGHING_LOGIC.js
extracted_modules,complete_extraction,misc,WIRE_CANDIDATE,prism_dev,668,24672,0.25,,complete_extraction/PRISM_ROUGHING_LOGIC_V2.js
extracted_modules,complete_extraction,machine,WIRE_CANDIDATE,prism_data,227,7196,0.2,,complete_extraction/PRISM_ROUGHING_MACHINE_CONFIGS.js
extracted_modules,complete_extraction,engine,WIRE_CANDIDATE,prism_dev,2239,78361,0.333,A2AProtocolEngine,complete_extraction/PRISM_RTCP_ENGINE.js
extracted_modules,complete_extraction,engine,WIRE_CANDIDATE,prism_dev,313,11651,0.5,HookRuleMatcherEngine,complete_extraction/PRISM_RULE_ENGINE.js
extracted_modules,complete_extraction,misc,WIRE_CANDIDATE,prism_dev,349,13004,0.333,BayesianSafetyEngine,complete_extraction/PRISM_SAFETY.js
extracted_modules,complete_extraction,database,DATABASE,prism_data,54,2568,0.25,,complete_extraction/PRISM_SAFETY_LOOKUP.js
extracted_modules,complete_extraction,misc,WIRE_CANDIDATE,prism_dev,143,4292,0.25,,complete_extraction/PRISM_SANITIZER.js
extracted_modules,complete_extraction,engine,DUP_KEEP_EXISTING,prism_dev,175,5857,0.99,SchedulingEngine,complete_extraction/PRISM_SCHEDULING_ENGINE.js
extracted_modules,complete_extraction,database,DATABASE,prism_data,535,18006,0.25,,complete_extraction/PRISM_SCHUNK_DATABASE.js
extracted_modules,complete_extraction,database,DATABASE,prism_data,370,16165,0.2,,complete_extraction/PRISM_SCHUNK_TOOLHOLDER_DATABASE.js
extracted_modules,complete_extraction,tool,WIRE_CANDIDATE,prism_data,475,19926,0,,complete_extraction/PRISM_SCHUNK_TOOLHOLDING.js
extracted_modules,complete_extraction,misc,WIRE_CANDIDATE,prism_dev,150,5639,0.333,DistributorSearchEngine,complete_extraction/PRISM_SEARCH.js
extracted_modules,complete_extraction,misc,WIRE_CANDIDATE,prism_dev,314,12065,0.25,,complete_extraction/PRISM_SEARCH_ENHANCED.js
extracted_modules,complete_extraction,engine,WIRE_CANDIDATE,prism_dev,374,17213,0.5,DistributorSearchEngine,complete_extraction/PRISM_SEARCH_ENHANCED_ENGINE.js
extracted_modules,complete_extraction,misc,WIRE_CANDIDATE,prism_dev,228,8468,0.25,,complete_extraction/PRISM_SELF_SUPERVISED.js
extracted_modules,complete_extraction,misc,STUB,,28,973,0,,complete_extraction/PRISM_SELF_TUNING_PID.js
extracted_modules,complete_extraction,misc,WIRE_CANDIDATE,prism_dev,126,7162,0.25,,complete_extraction/PRISM_SEQUENCE_MODELS.js
extracted_modules,complete_extraction,misc,WIRE_CANDIDATE,prism_dev,126,4356,0.2,,complete_extraction/PRISM_SERVICE_WORKER.js
extracted_modules,complete_extraction,system,WIRE_CANDIDATE,prism_session,63,3872,0.2,,complete_extraction/PRISM_SESSION1B_GATEWAY_ROUTES.js
extracted_modules,complete_extraction,test,WIRE_CANDIDATE,n/a,190,8653,0,,complete_extraction/PRISM_SESSION1B_TESTS.js
extracted_modules,complete_extraction,system,WIRE_CANDIDATE,prism_session,87,4413,0.2,,complete_extraction/PRISM_SESSION1_GATEWAY_ROUTES.js
extracted_modules,complete_extraction,test,WIRE_CANDIDATE,n/a,164,8271,0,,complete_extraction/PRISM_SESSION1_TESTS.js
extracted_modules,complete_extraction,system,STUB,,28,1396,0,,complete_extraction/PRISM_SESSION2B_GATEWAY_ROUTES.js
extracted_modules,complete_extraction,test,WIRE_CANDIDATE,n/a,213,9481,0,,complete_extraction/PRISM_SESSION2B_TESTS.js
extracted_modules,complete_extraction,system,STUB,,16,1004,0,,complete_extraction/PRISM_SESSION2_GATEWAY_ROUTES.js
extracted_modules,complete_extraction,test,WIRE_CANDIDATE,n/a,116,6280,0,,complete_extraction/PRISM_SESSION2_TESTS.js
extracted_modules,complete_extraction,system,STUB,,22,1254,0,,complete_extraction/PRISM_SESSION3B_GATEWAY_ROUTES.js
extracted_modules,complete_extraction,test,WIRE_CANDIDATE,n/a,204,9435,0,,complete_extraction/PRISM_SESSION3B_TESTS.js
extracted_modules,complete_extraction,system,STUB,,25,1338,0,,complete_extraction/PRISM_SESSION3_GATEWAY_ROUTES.js
extracted_modules,complete_extraction,test,WIRE_CANDIDATE,n/a,162,7318,0,,complete_extraction/PRISM_SESSION3_TESTS.js
extracted_modules,complete_extraction,system,WIRE_CANDIDATE,prism_session,41,2139,0.2,,complete_extraction/PRISM_SESSION4_GATEWAY_ROUTES.js
extracted_modules,complete_extraction,test,WIRE_CANDIDATE,n/a,192,8844,0,,complete_extraction/PRISM_SESSION4_TESTS.js
extracted_modules,complete_extraction,system,STUB,,25,1290,0,,complete_extraction/PRISM_SESSION5_ENHANCED_ROUTES.js
extracted_modules,complete_extraction,test,WIRE_CANDIDATE,n/a,185,6647,0.2,,complete_extraction/PRISM_SESSION5_ENHANCED_TESTS.js
extracted_modules,complete_extraction,test,WIRE_CANDIDATE,n/a,241,8924,0.167,,complete_extraction/PRISM_SESSION5_EXTENDED_V3_TESTS.js
extracted_modules,complete_extraction,system,WIRE_CANDIDATE,prism_session,32,1736,0.2,,complete_extraction/PRISM_SESSION5_GATEWAY_ROUTES.js
extracted_modules,complete_extraction,test,WIRE_CANDIDATE,n/a,149,7276,0,,complete_extraction/PRISM_SESSION5_TESTS.js
extracted_modules,complete_extraction,misc,WIRE_CANDIDATE,prism_dev,288,10226,0.167,,complete_extraction/PRISM_SHAPE_DIAMETER_FUNCTION.js
extracted_modules,complete_extraction,engine,WIRE_CANDIDATE,prism_dev,183,7318,0.5,QuoteAnalyticsEngine,complete_extraction/PRISM_SHOP_ANALYTICS_ENGINE.js
extracted_modules,complete_extraction,engine,WIRE_CANDIDATE,prism_dev,150,8537,0.5,AIResourceLearningEngine,complete_extraction/PRISM_SHOP_LEARNING_ENGINE.js
extracted_modules,complete_extraction,algorithm,WIRE_CANDIDATE,prism_calc,228,11515,0.25,,complete_extraction/PRISM_SHOP_OPTIMIZER.js
extracted_modules,complete_extraction,misc,WIRE_CANDIDATE,prism_dev,143,5611,0,,complete_extraction/PRISM_SHORTCUTS.js
extracted_modules,complete_extraction,engine,WIRE_CANDIDATE,prism_dev,288,9836,0.4,CamDesignEngine,complete_extraction/PRISM_SIEMENS_5AXIS_CAM_ENGINE.js
extracted_modules,complete_extraction,misc,WIRE_CANDIDATE,prism_dev,616,18829,0.333,SignalProcessingEngine,complete_extraction/PRISM_SIGNAL.js
extracted_modules,complete_extraction,misc,WIRE_CANDIDATE,prism_dev,179,6147,0,,complete_extraction/PRISM_SIGNALS.js
extracted_modules,complete_extraction,algorithm,WIRE_CANDIDATE,prism_calc,367,10718,0.25,,complete_extraction/PRISM_SIGNAL_ALGORITHMS.js
extracted_modules,complete_extraction,misc,WIRE_CANDIDATE,prism_dev,90,2931,0.25,,complete_extraction/PRISM_SIGNAL_ENHANCED.js
extracted_modules,complete_extraction,misc,PARTIAL_OVERLAP,prism_dev,160,5397,0.667,SignalProcessingEngine,complete_extraction/PRISM_SIGNAL_PROCESSING.js
extracted_modules,complete_extraction,misc,WIRE_CANDIDATE,prism_dev,129,8343,0.2,,complete_extraction/PRISM_SIGNED_DISTANCE_FIELD.js
extracted_modules,complete_extraction,engine,DUP_KEEP_EXISTING,prism_dev,242,9131,0.99,SilhouetteEngine,complete_extraction/PRISM_SILHOUETTE_ENGINE.js
extracted_modules,complete_extraction,system,WIRE_CANDIDATE,prism_session,402,12933,0.4,SimulationVisualizationBridgeEngine,complete_extraction/PRISM_SIMULATION_INTEGRATION_BRIDGE.js
extracted_modules,complete_extraction,misc,PARTIAL_OVERLAP,prism_dev,167,6183,0.667,SingularityAvoidanceEngine,complete_extraction/PRISM_SINGULARITY_AVOIDANCE.js
extracted_modules,complete_extraction,engine,DUP_KEEP_EXISTING,prism_dev,674,20297,0.99,SketchEngine,complete_extraction/PRISM_SKETCH_ENGINE.js
extracted_modules,complete_extraction,misc,STUB,,5,155,0,,complete_extraction/PRISM_SLIDER_SYSTEM.js
extracted_modules,complete_extraction,tool,PARTIAL_OVERLAP,prism_data,172,6612,0.75,SmartToolSelectorEngine,complete_extraction/PRISM_SMART_TOOL_SELECTOR.js
extracted_modules,complete_extraction,misc,WIRE_CANDIDATE,prism_dev,663,22668,0,,complete_extraction/PRISM_SOFTWARE.js
extracted_modules,complete_extraction,engine,DUP_KEEP_EXISTING,prism_dev,544,16305,0.99,SolidEditingEngine,complete_extraction/PRISM_SOLID_EDITING_ENGINE.js
extracted_modules,complete_extraction,misc,WIRE_CANDIDATE,prism_dev,114,3897,0,,complete_extraction/PRISM_SORTING.js
extracted_modules,complete_extraction,misc,WIRE_CANDIDATE,prism_dev,151,5364,0,,complete_extraction/PRISM_SPC.js
extracted_modules,complete_extraction,misc,WIRE_CANDIDATE,prism_dev,129,5217,0.2,,complete_extraction/PRISM_SPECIAL_OPERATIONS_ENHANCED.js
extracted_modules,complete_extraction,geometry,WIRE_CANDIDATE,prism_cad,177,6581,0.5,SpectralGraphEngine,complete_extraction/PRISM_SPECTRAL_GRAPH_CAD.js
extracted_modules,complete_extraction,engine,PARTIAL_OVERLAP,prism_dev,432,16969,0.75,InteriorPointEngine,complete_extraction/PRISM_SQP_INTERIOR_POINT_ENGINE.js
extracted_modules,complete_extraction,database,DATABASE,prism_data,61,2803,0.25,,complete_extraction/PRISM_STABILITY_LOOKUP.js
extracted_modules,complete_extraction,misc,WIRE_CANDIDATE,prism_dev,296,11222,0.2,,complete_extraction/PRISM_STANDALONE_CALCULATOR_API.js
extracted_modules,complete_extraction,misc,WIRE_CANDIDATE,prism_dev,139,3594,0.333,ShopStateEngine,complete_extraction/PRISM_STATE.js
extracted_modules,complete_extraction,misc,WIRE_CANDIDATE,prism_dev,296,11339,0.25,,complete_extraction/PRISM_STATE_ESTIMATION.js
extracted_modules,complete_extraction,misc,WIRE_CANDIDATE,prism_dev,213,6951,0.333,WEDMGovernanceStore,complete_extraction/PRISM_STATE_STORE.js
extracted_modules,complete_extraction,misc,WIRE_CANDIDATE,prism_dev,158,5371,0.25,,complete_extraction/PRISM_STATUS_BAR.js
extracted_modules,complete_extraction,geometry,WIRE_CANDIDATE,prism_cad,178,6294,0.25,,complete_extraction/PRISM_STEP_ASSEMBLY_PARSER.js
extracted_modules,complete_extraction,geometry,WIRE_CANDIDATE,prism_cad,285,9182,0.2,,complete_extraction/PRISM_STEP_ENTITY_PARSER.js
extracted_modules,complete_extraction,geometry,WIRE_CANDIDATE,prism_cad,627,20183,0.25,,complete_extraction/PRISM_STEP_PARSER_100.js
extracted_modules,complete_extraction,geometry,WIRE_CANDIDATE,prism_cad,126,3826,0.333,ReportRenderer,complete_extraction/PRISM_STEP_RENDERER.js
extracted_modules,complete_extraction,geometry,WIRE_CANDIDATE,prism_cad,928,32174,0.2,,complete_extraction/PRISM_STEP_TO_MESH_KERNEL.js
extracted_modules,complete_extraction,misc,WIRE_CANDIDATE,prism_dev,210,8234,0.4,StrategyWorstCaseSelectorEngine,complete_extraction/PRISM_STRATEGY_SELECTOR.js
extracted_modules,complete_extraction,misc,WIRE_CANDIDATE,prism_dev,130,4283,0.333,KeywayStressEngine,complete_extraction/PRISM_STRESS.js
extracted_modules,complete_extraction,misc,WIRE_CANDIDATE,prism_dev,229,8878,0.25,,complete_extraction/PRISM_STRUCTURAL_MECHANICS.js
extracted_modules,complete_extraction,misc,WIRE_CANDIDATE,prism_dev,245,8885,0,,complete_extraction/PRISM_STRUCTURES.js
extracted_modules,complete_extraction,misc,WIRE_CANDIDATE,prism_dev,343,18357,0.25,,complete_extraction/PRISM_STRUCTURE_CHANGELOG.js
extracted_modules,complete_extraction,misc,WIRE_CANDIDATE,prism_dev,391,15388,0,,complete_extraction/PRISM_SUBDIVISION_SURFACES.js
extracted_modules,complete_extraction,misc,WIRE_CANDIDATE,prism_dev,396,15477,0.25,,complete_extraction/PRISM_SUBSCRIPTION_SYSTEM.js
extracted_modules,complete_extraction,misc,WIRE_CANDIDATE,prism_dev,455,16915,0.2,,complete_extraction/PRISM_SURFACE_CURVATURE_UNIFIED.js
extracted_modules,complete_extraction,engine,DUP_KEEP_EXISTING,prism_dev,291,11052,0.99,SurfaceFinishEngine,complete_extraction/PRISM_SURFACE_FINISH_ENGINE.js
extracted_modules,complete_extraction,geometry,WIRE_CANDIDATE,prism_cad,165,6094,0.25,,complete_extraction/PRISM_SURFACE_GEOMETRY_MIT.js
extracted_modules,complete_extraction,engine,DUP_KEEP_EXISTING,prism_dev,119,5484,0.99,SurfaceIntersectionEngine,complete_extraction/PRISM_SURFACE_INTERSECTION_ENGINE.js
extracted_modules,complete_extraction,engine,DUP_KEEP_EXISTING,prism_dev,581,20074,0.99,SurfaceReconstructionEngine,complete_extraction/PRISM_SURFACE_RECONSTRUCTION_ENGINE.js
extracted_modules,complete_extraction,engine,DUP_KEEP_EXISTING,prism_dev,220,7519,0.99,SVDEngine,complete_extraction/PRISM_SVD_ENGINE.js
extracted_modules,complete_extraction,ai_ml,PARTIAL_OVERLAP,prism_ai,193,7004,0.75,SwarmNeuralHybridEngine,complete_extraction/PRISM_SWARM_NEURAL_HYBRID.js
extracted_modules,complete_extraction,cam,WIRE_CANDIDATE,prism_cam,237,8578,0.333,SwarmExecutor,complete_extraction/PRISM_SWARM_TOOLPATH.js
extracted_modules,complete_extraction,misc,WIRE_CANDIDATE,prism_dev,267,9511,0.25,,complete_extraction/PRISM_SYMMETRY_DETECTION.js
extracted_modules,complete_extraction,misc,STUB,,26,5847,0,,complete_extraction/PRISM_SYSTEMS_KB.js
extracted_modules,complete_extraction,database,DATABASE,prism_data,37,1537,0.25,,complete_extraction/PRISM_TAYLOR_LOOKUP.js
extracted_modules,complete_extraction,tool,WIRE_CANDIDATE,prism_data,90,5385,0.4,BayesianToolLifeEngine,complete_extraction/PRISM_TAYLOR_TOOL_LIFE.js
extracted_modules,complete_extraction,database,DATABASE,prism_data,65,3360,0.333,ToolDatabaseBridgeEngine,complete_extraction/PRISM_TDM_TOOL_MANAGEMENT_DATABASE.js
extracted_modules,complete_extraction,misc,WIRE_CANDIDATE,prism_dev,59,2020,0.333,TensorAlgebraEngine,complete_extraction/PRISM_TENSOR.js
extracted_modules,complete_extraction,misc,WIRE_CANDIDATE,prism_dev,284,11197,0.25,,complete_extraction/PRISM_TENSOR_ENHANCED.js
extracted_modules,complete_extraction,test,WIRE_CANDIDATE,n/a,215,7147,0.25,,complete_extraction/PRISM_TEST_FRAMEWORK.js
extracted_modules,complete_extraction,misc,STUB,,18,851,0,,complete_extraction/PRISM_THEME_COLORS.js
extracted_modules,complete_extraction,misc,STUB,,27,1107,0,,complete_extraction/PRISM_THEME_CSS.js
extracted_modules,complete_extraction,misc,WIRE_CANDIDATE,prism_dev,107,3097,0.25,,complete_extraction/PRISM_THEME_MANAGER.js
extracted_modules,complete_extraction,misc,STUB,,12,321,0,,complete_extraction/PRISM_THEME_PRESETS.js
extracted_modules,complete_extraction,engine,DUP_KEEP_EXISTING,prism_dev,172,6934,0.99,ThermalExpansionEngine,complete_extraction/PRISM_THERMAL_EXPANSION_ENGINE.js
extracted_modules,complete_extraction,database,DATABASE,prism_data,33,1578,0.25,,complete_extraction/PRISM_THERMAL_LOOKUP.js
extracted_modules,complete_extraction,physics,PARTIAL_OVERLAP,prism_calc,192,6635,0.667,ThermalModelingEngine,complete_extraction/PRISM_THERMAL_MODELING.js
extracted_modules,complete_extraction,physics,WIRE_CANDIDATE,prism_calc,104,5459,0.25,,complete_extraction/PRISM_THERMAL_PROPERTIES.js
extracted_modules,complete_extraction,engine,PARTIAL_OVERLAP,prism_dev,259,9798,0.667,IntelligenceEngine,complete_extraction/PRISM_THREAD_INTELLIGENCE_ENGINE.js
extracted_modules,complete_extraction,engine,DUP_KEEP_EXISTING,prism_dev,129,5225,0.99,ThreadMillingEngine,complete_extraction/PRISM_THREAD_MILLING_ENGINE.js
extracted_modules,complete_extraction,database,DATABASE,prism_data,250,14002,0.333,HyperMillThreadStandardEngine,complete_extraction/PRISM_THREAD_STANDARD_DATABASE.js
extracted_modules,complete_extraction,database,DATABASE,prism_data,67,3119,0.25,,complete_extraction/PRISM_TIME_LOOKUP.js
extracted_modules,complete_extraction,ai_ml,WIRE_CANDIDATE,prism_ai,275,10092,0.5,TimeSeriesARIMAEngine,complete_extraction/PRISM_TIME_SERIES_AI.js
extracted_modules,complete_extraction,misc,WIRE_CANDIDATE,prism_dev,417,16297,0.5,TimeSeriesARIMAEngine,complete_extraction/PRISM_TIME_SERIES_COMPLETE.js
extracted_modules,complete_extraction,misc,WIRE_CANDIDATE,prism_dev,145,4888,0,,complete_extraction/PRISM_TOAST.js
extracted_modules,complete_extraction,misc,WIRE_CANDIDATE,prism_dev,54,1886,0.25,,complete_extraction/PRISM_TOAST_SYSTEM.js
extracted_modules,complete_extraction,misc,WIRE_CANDIDATE,prism_dev,59,2864,0.333,ToleranceEngine,complete_extraction/PRISM_TOLERANCE_CHECKER.js
extracted_modules,complete_extraction,engine,DUP_KEEP_EXISTING,prism_dev,134,5295,0.99,ToleranceStackUpEngine,complete_extraction/PRISM_TOLERANCE_STACKUP_ENGINE.js
extracted_modules,complete_extraction,cam,WIRE_CANDIDATE,prism_cam,121,5330,0.25,,complete_extraction/PRISM_TOOLPATH_GCODE_BRIDGE.js
extracted_modules,complete_extraction,algorithm,WIRE_CANDIDATE,prism_calc,214,8245,0.333,OptimizationEngine,complete_extraction/PRISM_TOOLPATH_OPTIMIZATION.js
extracted_modules,complete_extraction,cam,WIRE_CANDIDATE,prism_cam,1048,23521,0.25,,complete_extraction/PRISM_TOOLPATH_STRATEGIES_COMPLETE.js
extracted_modules,complete_extraction,tool,WIRE_CANDIDATE,prism_data,50,1624,0,,complete_extraction/PRISM_TOOLS.js
extracted_modules,complete_extraction,tool,WIRE_CANDIDATE,prism_data,433,12134,0.25,,complete_extraction/PRISM_TOOL_3D_GENERATOR.js
extracted_modules,complete_extraction,tool,WIRE_CANDIDATE,prism_data,501,16014,0.2,,complete_extraction/PRISM_TOOL_3D_GENERATOR_EXTENSION.js
extracted_modules,complete_extraction,database,DATABASE,prism_data,564,26407,0.5,ToolDatabaseBridgeEngine,complete_extraction/PRISM_TOOL_DATABASE_V7.js
extracted_modules,complete_extraction,database,DATABASE,prism_data,52,2503,0.4,ToolGeometrySelectionEngine,complete_extraction/PRISM_TOOL_GEOMETRY_LOOKUP.js
extracted_modules,complete_extraction,database,STUB,,1,15002,0,,complete_extraction/PRISM_TOOL_HOLDER_3D_DATABASE.js
extracted_modules,complete_extraction,tool,WIRE_CANDIDATE,prism_data,551,18200,0.333,ToolHolderCatalogEngine,complete_extraction/PRISM_TOOL_HOLDER_3D_GENERATOR.js
extracted_modules,complete_extraction,tool,WIRE_CANDIDATE,prism_data,162,5760,0.4,FusionToolLibraryEngine,complete_extraction/PRISM_TOOL_LIBRARY_MANAGER.js
extracted_modules,complete_extraction,engine,PARTIAL_OVERLAP,prism_dev,192,8153,0.75,BayesianToolLifeEngine,complete_extraction/PRISM_TOOL_LIFE_ENGINE.js
extracted_modules,complete_extraction,tool,WIRE_CANDIDATE,prism_data,125,4881,0.4,BayesianToolLifeEngine,complete_extraction/PRISM_TOOL_LIFE_ESTIMATOR.js
extracted_modules,complete_extraction,engine,DUP_KEEP_EXISTING,prism_dev,74,2929,0.99,ToolNoseRadiusCompensationEngine,complete_extraction/PRISM_TOOL_NOSE_RADIUS_COMPENSATION_ENGINE.js
extracted_modules,complete_extraction,engine,WIRE_CANDIDATE,prism_dev,1229,45193,0.5,PerformanceBudgetEngine,complete_extraction/PRISM_TOOL_PERFORMANCE_ENGINE.js
extracted_modules,complete_extraction,database,DATABASE,prism_data,51,4172,0.4,ToolDatabaseBridgeEngine,complete_extraction/PRISM_TOOL_PROPERTIES_DATABASE.js
extracted_modules,complete_extraction,tool,WIRE_CANDIDATE,prism_data,357,6399,0.25,,complete_extraction/PRISM_TOOL_TYPES_COMPLETE.js
extracted_modules,complete_extraction,tool,WIRE_CANDIDATE,prism_data,177,6595,0.4,StochasticToolWearEngine,complete_extraction/PRISM_TOOL_WEAR_MODELS.js
extracted_modules,complete_extraction,misc,WIRE_CANDIDATE,prism_dev,492,20266,0.25,,complete_extraction/PRISM_TOPOLOGICAL_ANALYSIS.js
extracted_modules,complete_extraction,engine,DUP_KEEP_EXISTING,prism_dev,905,33691,0.99,TopologyEngine,complete_extraction/PRISM_TOPOLOGY_ENGINE.js
extracted_modules,complete_extraction,misc,WIRE_CANDIDATE,prism_dev,120,6257,0.333,TransformerEngine,complete_extraction/PRISM_TRANSFORMER_DECODER.js
extracted_modules,complete_extraction,misc,WIRE_CANDIDATE,prism_dev,62,1937,0.25,,complete_extraction/PRISM_TRIMMED_SURFACE.js
extracted_modules,complete_extraction,misc,WIRE_CANDIDATE,prism_dev,967,38351,0.5,TroubleshootingEngine,complete_extraction/PRISM_TROUBLESHOOTING.js
extracted_modules,complete_extraction,ai_ml,WIRE_CANDIDATE,prism_ai,280,11637,0.2,,complete_extraction/PRISM_TRUE_AI_SYSTEM.js
extracted_modules,complete_extraction,misc,PARTIAL_OVERLAP,prism_dev,274,10750,0.667,TrustRegionEngine,complete_extraction/PRISM_TRUST_REGION.js
extracted_modules,complete_extraction,algorithm,WIRE_CANDIDATE,prism_calc,367,12942,0.5,TrustRegionEngine,complete_extraction/PRISM_TRUST_REGION_OPTIMIZER.js
extracted_modules,complete_extraction,util,WIRE_CANDIDATE,n/a,262,10995,0.333,Fusion360CADGeneratorAdapter,complete_extraction/PRISM_UI_ADAPTER.js
extracted_modules,complete_extraction,util,WIRE_CANDIDATE,n/a,709,26580,0.2,,complete_extraction/PRISM_UI_BACKEND_INTEGRATOR.js
extracted_modules,complete_extraction,util,WIRE_CANDIDATE,n/a,347,12170,0.25,,complete_extraction/PRISM_UI_SYSTEM.js
extracted_modules,complete_extraction,util,WIRE_CANDIDATE,n/a,107,5295,0.2,,complete_extraction/PRISM_UI_SYSTEM_COMPLETE.js
extracted_modules,complete_extraction,misc,WIRE_CANDIDATE,prism_dev,96,4763,0,,complete_extraction/PRISM_UMAP.js
extracted_modules,complete_extraction,ai_ml,WIRE_CANDIDATE,prism_ai,222,7260,0.25,,complete_extraction/PRISM_UNCERTAINTY_COMPLETE.js
extracted_modules,complete_extraction,ai_ml,WIRE_CANDIDATE,prism_ai,177,6294,0.25,,complete_extraction/PRISM_UNCERTAINTY_FEED.js
extracted_modules,complete_extraction,engine,WIRE_CANDIDATE,prism_dev,929,31382,0.4,UnifiedCAMPipelineEngine,complete_extraction/PRISM_UNIFIED_3D_VIEWPORT_ENGINE.js
extracted_modules,complete_extraction,misc,WIRE_CANDIDATE,prism_dev,197,14121,0.2,,complete_extraction/PRISM_UNIFIED_ALARM_SYSTEM.js
extracted_modules,complete_extraction,geometry,WIRE_CANDIDATE,prism_cad,140,4412,0.25,,complete_extraction/PRISM_UNIFIED_CAD_GENERATION.js
extracted_modules,complete_extraction,ai_ml,WIRE_CANDIDATE,prism_ai,354,15353,0.2,,complete_extraction/PRISM_UNIFIED_CAD_LEARNING_SYSTEM.js
extracted_modules,complete_extraction,engine,WIRE_CANDIDATE,prism_dev,327,12253,0.5,CryogenicCuttingEngine,complete_extraction/PRISM_UNIFIED_CUTTING_ENGINE.js
extracted_modules,complete_extraction,misc,WIRE_CANDIDATE,prism_dev,233,7340,0.25,,complete_extraction/PRISM_UNIFIED_DATA.js
extracted_modules,complete_extraction,misc,WIRE_CANDIDATE,prism_dev,151,4928,0.25,,complete_extraction/PRISM_UNIFIED_IMPORT_100.js
extracted_modules,complete_extraction,misc,WIRE_CANDIDATE,prism_dev,988,35536,0.5,UnifiedAwarenessOrchestrator,complete_extraction/PRISM_UNIFIED_INTELLIGENT_ORCHESTRATOR.js
extracted_modules,complete_extraction,machine,WIRE_CANDIDATE,prism_data,661,24755,0.2,,complete_extraction/PRISM_UNIFIED_MACHINE_SELECTOR.js
extracted_modules,complete_extraction,database,DATABASE,prism_data,304,11340,0.2,,complete_extraction/PRISM_UNIFIED_MANUFACTURER_DATABASE.js
extracted_modules,complete_extraction,engine,PARTIAL_OVERLAP,prism_dev,279,11304,0.6,LatheUnifiedPhysicsOrchestrationEngine,complete_extraction/PRISM_UNIFIED_ORCHESTRATION_ENGINE.js
extracted_modules,complete_extraction,engine,WIRE_CANDIDATE,prism_dev,189,7714,0.5,LatheMasterPostUnifiedOutputEngine,complete_extraction/PRISM_UNIFIED_OUTPUT_ENGINE.js
extracted_modules,complete_extraction,geometry,WIRE_CANDIDATE,prism_cad,159,4833,0.5,StepImportEngine,complete_extraction/PRISM_UNIFIED_STEP_IMPORT.js
extracted_modules,complete_extraction,engine,WIRE_CANDIDATE,prism_dev,340,12486,0.4,DecisionReasoningEngine,complete_extraction/PRISM_UNIFIED_TOOLPATH_DECISION_ENGINE.js
extracted_modules,complete_extraction,misc,WIRE_CANDIDATE,prism_dev,145,7007,0.25,,complete_extraction/PRISM_UNIFIED_WORKFLOW.js
extracted_modules,complete_extraction,misc,WIRE_CANDIDATE,prism_dev,145,6630,0,,complete_extraction/PRISM_UNITS.js
extracted_modules,complete_extraction,misc,WIRE_CANDIDATE,prism_dev,321,18057,0.25,,complete_extraction/PRISM_UNITS_ENHANCED.js
extracted_modules,complete_extraction,misc,WIRE_CANDIDATE,prism_dev,311,10708,0.4,CADClassFeatureLibraryEngine,complete_extraction/PRISM_UNIVERSAL_FEATURE_LIBRARY.js
extracted_modules,complete_extraction,cam,WIRE_CANDIDATE,prism_cam,1122,40721,0.4,MasterPostGeneratorEngine,complete_extraction/PRISM_UNIVERSAL_POST_GENERATOR_V2.js
extracted_modules,complete_extraction,misc,WIRE_CANDIDATE,prism_dev,143,4699,0.25,,complete_extraction/PRISM_UNIVERSAL_VALIDATOR.js
extracted_modules,complete_extraction,algorithm,WIRE_CANDIDATE,prism_calc,346,15345,0.25,,complete_extraction/PRISM_UNIVERSITY_ALGORITHMS.js
extracted_modules,complete_extraction,misc,WIRE_CANDIDATE,prism_dev,153,4585,0.2,,complete_extraction/PRISM_USER_OVERRIDE_SYSTEM.js
extracted_modules,complete_extraction,util,WIRE_CANDIDATE,n/a,114,3833,0.25,,complete_extraction/PRISM_UTILIZATION_TRACKER.js
extracted_modules,complete_extraction,misc,WIRE_CANDIDATE,prism_dev,135,5131,0.333,ReportEngine,complete_extraction/PRISM_V204_CONFIDENCE_REPORT.js
extracted_modules,complete_extraction,misc,WIRE_CANDIDATE,prism_dev,2823,124351,0,,complete_extraction/PRISM_V856_ENHANCEMENTS.js
extracted_modules,complete_extraction,misc,WIRE_CANDIDATE,prism_dev,307,15316,0,,complete_extraction/PRISM_V857_ENHANCEMENTS.js
extracted_modules,complete_extraction,geometry,WIRE_CANDIDATE,prism_cad,59,2556,0.333,CadBridge,complete_extraction/PRISM_V858_CAD_SYSTEM.js
extracted_modules,complete_extraction,geometry,WIRE_CANDIDATE,prism_cad,34,1386,0.25,,complete_extraction/PRISM_V859_STEP_SYSTEM.js
extracted_modules,complete_extraction,util,WIRE_CANDIDATE,n/a,63,2536,0.25,,complete_extraction/PRISM_V8_55_BUILD_INFO.js
extracted_modules,complete_extraction,misc,WIRE_CANDIDATE,prism_dev,3361,140880,0.333,CADAccuracyValidatorEngine,complete_extraction/PRISM_VALIDATOR.js
extracted_modules,complete_extraction,engine,WIRE_CANDIDATE,prism_dev,69,2422,0.4,FairMarketValueEngine,complete_extraction/PRISM_VALUE_ITERATION_ENGINE.js
extracted_modules,complete_extraction,engine,WIRE_CANDIDATE,prism_dev,93,3002,0.5,DynamicProgrammingEngine,complete_extraction/PRISM_VARIABLE_PROGRAMMING_ENGINE.js
extracted_modules,complete_extraction,engine,WIRE_CANDIDATE,prism_dev,268,9025,0.333,ChangeImpactRadiusEngine,complete_extraction/PRISM_VARIABLE_RADIUS_FILLET_ENGINE.js
extracted_modules,complete_extraction,misc,WIRE_CANDIDATE,prism_dev,337,14692,0.25,,complete_extraction/PRISM_VERICUT_STYLE_SIMULATION.js
extracted_modules,complete_extraction,misc,WIRE_CANDIDATE,prism_dev,300,10107,0.25,,complete_extraction/PRISM_VERIFICATION_CENTER.js
extracted_modules,complete_extraction,database,DATABASE,prism_data,450,15442,0.2,,complete_extraction/PRISM_VERIFIED_POST_DATABASE_V2.js
extracted_modules,complete_extraction,misc,WIRE_CANDIDATE,prism_dev,42,1291,0.25,,complete_extraction/PRISM_VERSION_8_9_154_SUMMARY.js
extracted_modules,complete_extraction,misc,PARTIAL_OVERLAP,prism_dev,257,9752,0.667,VibrationAnalysisEngine,complete_extraction/PRISM_VIBRATION_ANALYSIS.js
extracted_modules,complete_extraction,engine,DUP_KEEP_EXISTING,prism_dev,391,15749,0.99,VibrationAnalysisEngine,complete_extraction/PRISM_VIBRATION_ANALYSIS_ENGINE.js
extracted_modules,complete_extraction,misc,WIRE_CANDIDATE,prism_dev,192,7455,0,,complete_extraction/PRISM_VIEWPORT.js
extracted_modules,complete_extraction,misc,WIRE_CANDIDATE,prism_dev,321,10362,0.25,,complete_extraction/PRISM_VISUAL_PREVIEW.js
extracted_modules,complete_extraction,misc,WIRE_CANDIDATE,prism_dev,107,3611,0.5,VoronoiEngine,complete_extraction/PRISM_VORONOI.js
extracted_modules,complete_extraction,engine,PARTIAL_OVERLAP,prism_dev,146,4811,0.667,VoronoiEngine,complete_extraction/PRISM_VORONOI_3D_ENGINE.js
extracted_modules,complete_extraction,engine,DUP_KEEP_EXISTING,prism_dev,487,15943,0.99,VoronoiEngine,complete_extraction/PRISM_VORONOI_ENGINE.js
extracted_modules,complete_extraction,engine,DUP_KEEP_EXISTING,prism_dev,489,15756,0.99,VoxelStockEngine,complete_extraction/PRISM_VOXEL_STOCK_ENGINE.js
extracted_modules,complete_extraction,database,DATABASE,prism_data,63,2903,0.25,,complete_extraction/PRISM_WEAR_LOOKUP.js
extracted_modules,complete_extraction,misc,WIRE_CANDIDATE,prism_dev,195,7300,0.25,,complete_extraction/PRISM_WORKER_POOL.js
extracted_modules,complete_extraction,misc,WIRE_CANDIDATE,prism_dev,404,14664,0.25,,complete_extraction/PRISM_WORKFLOW_BACKEND_BRIDGE.js
extracted_modules,complete_extraction,misc,WIRE_CANDIDATE,prism_dev,223,8540,0.333,FormulaOrchestrator,complete_extraction/PRISM_WORKFLOW_ORCHESTRATOR_V2.js
extracted_modules,complete_extraction,test,WIRE_CANDIDATE,n/a,112,3935,0.286,,complete_extraction/PRISM_WORKFLOW_TEST_HARNESS.js
extracted_modules,complete_extraction,misc,WIRE_CANDIDATE,prism_dev,86,2853,0.333,WorkholdingEngine,complete_extraction/PRISM_WORKHOLDING_BATCH2.js
extracted_modules,complete_extraction,database,DATABASE,prism_data,259,8930,0.333,WorkholdingEngine,complete_extraction/PRISM_WORKHOLDING_DATABASE.js
extracted_modules,complete_extraction,engine,DUP_KEEP_EXISTING,prism_dev,119,4034,0.99,WorkholdingEngine,complete_extraction/PRISM_WORKHOLDING_ENGINE.js
extracted_modules,complete_extraction,geometry,WIRE_CANDIDATE,prism_cad,1185,46300,0.333,GeometryEngine,complete_extraction/PRISM_WORKHOLDING_GEOMETRY.js
extracted_modules,complete_extraction,geometry,WIRE_CANDIDATE,prism_cad,1546,56929,0.25,,complete_extraction/PRISM_WORKHOLDING_GEOMETRY_EXTENDED.js
extracted_modules,complete_extraction,misc,WIRE_CANDIDATE,prism_dev,380,15401,0.5,MasterIndexEngine,complete_extraction/PRISM_WORKHOLDING_MASTER_INDEX.js
extracted_modules,complete_extraction,database,DATABASE,prism_data,33,1354,0.2,,complete_extraction/PRISM_WORK_HOLDING_LOOKUP.js
extracted_modules,complete_extraction,ai_ml,WIRE_CANDIDATE,prism_ai,392,17274,0.25,,complete_extraction/PRISM_XAI_COMPLETE.js
extracted_modules,complete_extraction,engine,DUP_KEEP_EXISTING,prism_dev,327,11749,0.99,XAIEngine,complete_extraction/PRISM_XAI_ENGINE.js
extracted_modules,complete_extraction,ai_ml,WIRE_CANDIDATE,prism_ai,148,5060,0.25,,complete_extraction/PRISM_XAI_ENHANCED.js
extracted_modules,complete_extraction,misc,DATABASE,prism_data,993,36356,0.2,,complete_extraction/PRISM_ZENI_COMPLETE_CATALOG.js
extracted_modules,complete_extraction,misc,WIRE_CANDIDATE,prism_dev,339,11197,0.2,,complete_extraction/wave_001_results.json
extracted_modules,complete_extraction,misc,WIRE_CANDIDATE,prism_dev,338,11195,0.2,,complete_extraction/wave_002_results.json
extracted_modules,complete_extraction,misc,WIRE_CANDIDATE,prism_dev,46,1370,0.2,,complete_extraction/wave_003_results.json
extracted_modules,databases,misc,META,,188,4434,0,,databases/EXTRACTION_SUMMARY.json
extracted_modules,databases,database,DATABASE,prism_data,165,8207,0.4,FusionPostSyncEngine,databases/PRISM_FUSION_POST_DATABASE.js
extracted_modules,databases,database,DATABASE,prism_data,77,3522,0.2,,databases/PRISM_HYPERMILL_FIXTURE_DATABASE.js
extracted_modules,databases,database,DATABASE,prism_data,99,4483,0.2,,databases/PRISM_MACRO_DATABASE_SCHEMA.js
extracted_modules,databases,database,DATABASE,prism_data,123,4927,0.25,,databases/PRISM_MASTER_DB.js
extracted_modules,databases,machine,WIRE_CANDIDATE,prism_data,227,7199,0.2,,databases/PRISM_ROUGHING_MACHINE_CONFIGS_V2.js
extracted_modules,databases,database,DATABASE,prism_data,39,2278,0.2,,databases/PRISM_STOCK_POSITIONS_DATABASE.js
extracted_modules,databases,database,PARTIAL_OVERLAP,prism_data,140,5716,0.75,SurfaceFinishDatabaseEngine,databases/PRISM_SURFACE_FINISH_DATABASE.js
extracted_modules,databases,tool,WIRE_CANDIDATE,prism_data,332,9193,0.2,,databases/PRISM_TOOL_3D_GENERATOR_EXTENSION_V2.js
extracted_modules,databases,tool,WIRE_CANDIDATE,prism_data,190,5570,0.333,ToolROIEngine,databases/PRISM_TOOL_GENERATOR.js
extracted_modules,databases,tool,WIRE_CANDIDATE,prism_data,947,20593,0.333,ToolHolderCatalogEngine,databases/PRISM_TOOL_HOLDER_INTERFACES_COMPLETE.js
extracted_modules,EXTRACTION_PRIORITY_LIST.json,misc,META,,905,31861,0,,EXTRACTION_PRIORITY_LIST.json
extracted_modules,FINAL_EXTRACTION_SUMMARY.json,misc,META,,3833,86444,0,,FINAL_EXTRACTION_SUMMARY.json
extracted_modules,geometry_engines,misc,META,,228,5620,0,,geometry_engines/EXTRACTION_SUMMARY.json
extracted_modules,geometry_engines,engine,WIRE_CANDIDATE,prism_dev,107,4118,0.5,SurfaceIntersectionEngine,geometry_engines/PRISM_BEZIER_INTERSECTION_ENGINE.js
extracted_modules,geometry_engines,misc,WIRE_CANDIDATE,prism_dev,103,3289,0.2,,geometry_engines/PRISM_BEZIER_MIT.js
extracted_modules,geometry_engines,geometry,WIRE_CANDIDATE,prism_cad,300,11214,0.25,,geometry_engines/PRISM_BILATERAL_MESH_FILTER.js
extracted_modules,geometry_engines,engine,DUP_KEEP_EXISTING,prism_dev,200,7648,0.99,BSplineEngine,geometry_engines/PRISM_BSPLINE_ENGINE.js
extracted_modules,geometry_engines,ai_ml,WIRE_CANDIDATE,prism_ai,106,4189,0.25,,geometry_engines/PRISM_CAD_KERNEL_MAIN.js
extracted_modules,geometry_engines,engine,WIRE_CANDIDATE,prism_dev,328,9815,0.4,DataQualityEngine,geometry_engines/PRISM_CAD_QUALITY_ASSURANCE_ENGINE.js
extracted_modules,geometry_engines,engine,WIRE_CANDIDATE,prism_dev,211,9225,0.5,CompleteMachiningEngine,geometry_engines/PRISM_COMPLETE_3D_ENGINE.js
extracted_modules,geometry_engines,engine,PARTIAL_OVERLAP,prism_dev,308,12840,0.6,CadCamHandoffEngine,geometry_engines/PRISM_COMPLETE_CAD_CAM_ENGINE.js
extracted_modules,geometry_engines,geometry,WIRE_CANDIDATE,prism_cad,2971,113963,0.333,GeometryEngine,geometry_engines/PRISM_COMPUTATIONAL_GEOMETRY.js
extracted_modules,geometry_engines,engine,DUP_KEEP_EXISTING,prism_dev,454,13397,0.99,ConstructionGeometryEngine,geometry_engines/PRISM_CONSTRUCTION_GEOMETRY_ENGINE.js
extracted_modules,geometry_engines,engine,WIRE_CANDIDATE,prism_dev,84,3133,0.5,SystemIdentificationEngine,geometry_engines/PRISM_COORDINATE_SYSTEM_ENGINE.js
extracted_modules,geometry_engines,engine,WIRE_CANDIDATE,prism_dev,179,8196,0.5,BooleanKernelEngine,geometry_engines/PRISM_CSG_BOOLEAN_ENGINE.js
extracted_modules,geometry_engines,geometry,WIRE_CANDIDATE,prism_cad,215,6445,0.25,,geometry_engines/PRISM_EMBEDDED_MACHINE_GEOMETRY.js
extracted_modules,geometry_engines,engine,PARTIAL_OVERLAP,prism_dev,333,14396,0.667,CollisionEngine,geometry_engines/PRISM_ENHANCED_COLLISION_ENGINE.js
extracted_modules,geometry_engines,engine,DUP_KEEP_EXISTING,prism_dev,402,12672,0.99,FilletingEngine,geometry_engines/PRISM_FILLETING_ENGINE.js
extracted_modules,geometry_engines,engine,DUP_KEEP_EXISTING,prism_dev,4044,164889,0.99,GeodesicDistanceEngine,geometry_engines/PRISM_GEODESIC_DISTANCE_ENGINE.js
extracted_modules,geometry_engines,misc,WIRE_CANDIDATE,prism_dev,531,19817,0.2,,geometry_engines/PRISM_GRAPHICS_KERNEL_PASS2.js
extracted_modules,geometry_engines,engine,WIRE_CANDIDATE,prism_dev,841,27299,0.5,IntervalArithmeticPredicateEngine,geometry_engines/PRISM_INTERVAL_ENGINE.js
extracted_modules,geometry_engines,engine,PARTIAL_OVERLAP,prism_dev,246,8796,0.667,SimulationEngine,geometry_engines/PRISM_MACHINE_SIMULATION_ENGINE.js
extracted_modules,geometry_engines,engine,WIRE_CANDIDATE,prism_dev,198,8246,0.5,MeshEngine,geometry_engines/PRISM_MESH_BOOLEAN_ADVANCED_ENGINE.js
extracted_modules,geometry_engines,engine,DUP_KEEP_EXISTING,prism_dev,460,14990,0.99,MeshDecimationEngine,geometry_engines/PRISM_MESH_DECIMATION_ENGINE.js
extracted_modules,geometry_engines,misc,WIRE_CANDIDATE,prism_dev,103,5939,0,,geometry_engines/PRISM_OCTREE_3D.js
extracted_modules,geometry_engines,misc,WIRE_CANDIDATE,prism_dev,383,14439,0.2,,geometry_engines/PRISM_POINT_CLOUD_PROCESSING.js
extracted_modules,geometry_engines,engine,WIRE_CANDIDATE,prism_dev,413,14797,0.333,A2AProtocolEngine,geometry_engines/PRISM_SDF_ENGINE.js
extracted_modules,geometry_engines,engine,WIRE_CANDIDATE,prism_dev,99,3873,0.25,,geometry_engines/PRISM_SHAPE_DESCRIPTOR_ENGINE.js
extracted_modules,geometry_engines,geometry,WIRE_CANDIDATE,prism_cad,998,41167,0.2,,geometry_engines/PRISM_STEP_PARSER_ENHANCED.js
extracted_modules,GIANT,ai_ml,WIRE_CANDIDATE,prism_ai,186368,7239115,0.2,,GIANT/PRISM_AI_100_KB_CONNECTOR.js
extracted_modules,GIANT,ai_ml,WIRE_CANDIDATE,prism_ai,204004,6691429,0.2,,GIANT/PRISM_AI_EXPERT_INTEGRATION.js
extracted_modules,GIANT,misc,WIRE_CANDIDATE,prism_dev,17713,5352371,0.333,ProgramCompareEngine,GIANT/PRISM_COMPARE.js
extracted_modules,GIANT,cam,PARTIAL_OVERLAP,prism_cam,60640,6538820,0.75,PostProcessorGeneratorEngine,GIANT/PRISM_POST_PROCESSOR_GENERATOR.js
extracted_modules,GIANT,misc,WIRE_CANDIDATE,prism_dev,141869,5462304,0,,GIANT/PRISM_PRECISION.js
extracted_modules,GIANT,algorithm,WIRE_CANDIDATE,prism_calc,214580,8373064,0.25,,GIANT/PRISM_PSO_OPTIMIZER.js
extracted_modules,GIANT,misc,WIRE_CANDIDATE,prism_dev,181781,7035961,0.25,,GIANT/PRISM_SIGNAL_ENHANCED.js
extracted_modules,GIANT,misc,WIRE_CANDIDATE,prism_dev,168511,8656489,0.25,,GIANT/PRISM_SUBSCRIPTION_SYSTEM.js
extracted_modules,GIANT,misc,WIRE_CANDIDATE,prism_dev,22940,5512692,0.25,,GIANT/PRISM_UNITS_ENHANCED.js
extracted_modules,GIANT,database,DATABASE,prism_data,113932,5661562,0.2,,GIANT/PRISM_VERIFIED_POST_DATABASE_V2.js
extracted_modules,MASTER_EXTRACTION_SUMMARY.json,misc,META,,582,13452,0,,MASTER_EXTRACTION_SUMMARY.json
extracted_modules,MEGA,geometry,WIRE_CANDIDATE,prism_cad,22121,859212,0.333,AdvancedCalculations,MEGA/PRISM_ADVANCED_GEOMETRY.js
extracted_modules,MEGA,engine,WIRE_CANDIDATE,prism_dev,24419,935205,0.5,StochasticWrapperEngine,MEGA/PRISM_AI_100_ENGINE_WRAPPER.js
extracted_modules,MEGA,algorithm,WIRE_CANDIDATE,prism_calc,17078,806140,0.333,AlgorithmEngine,MEGA/PRISM_ALGORITHM_STRATEGIES.js
extracted_modules,MEGA,misc,WIRE_CANDIDATE,prism_dev,53520,2097903,0.333,CollisionEngine,MEGA/PRISM_COLLISION_MOTION.js
extracted_modules,MEGA,algorithm,WIRE_CANDIDATE,prism_calc,27213,1072393,0.4,ChanceConstrainedOptimizationEngine,MEGA/PRISM_CONSTRAINED_OPTIMIZATION_ENHANCED.js
extracted_modules,MEGA,algorithm,WIRE_CANDIDATE,prism_calc,13583,663272,0.25,,MEGA/PRISM_CORE_ALGORITHMS.js
extracted_modules,MEGA,engine,WIRE_CANDIDATE,prism_dev,22062,901564,0.5,ExponentialSmoothingEngine,MEGA/PRISM_LAPLACIAN_SMOOTHING_ENGINE.js
extracted_modules,MEGA,ai_ml,WIRE_CANDIDATE,prism_ai,52070,2041771,0,,MEGA/PRISM_ML.js
extracted_modules,MEGA,engine,WIRE_CANDIDATE,prism_dev,24350,1188864,0.5,MultiaxisToolpathEngine,MEGA/PRISM_REAL_TOOLPATH_ENGINE.js
extracted_modules,MEGA,misc,WIRE_CANDIDATE,prism_dev,37272,1497719,0.25,,MEGA/PRISM_STRUCTURAL_MECHANICS.js
extracted_modules,MEGA,misc,WIRE_CANDIDATE,prism_dev,16934,674325,0.5,MasterIndexEngine,MEGA/PRISM_WORKHOLDING_MASTER_INDEX.js
extracted_modules,MEGA,ai_ml,WIRE_CANDIDATE,prism_ai,20278,748744,0.25,,MEGA/PRISM_XAI_ENHANCED.js
extracted_modules,MODULES_BY_CATEGORY.json,misc,WIRE_CANDIDATE,prism_dev,1022,33709,0.167,,MODULES_BY_CATEGORY.json
extracted_modules,MONOLITH_MODULE_INVENTORY.json,misc,META,,2937,98611,0,,MONOLITH_MODULE_INVENTORY.json
extracted_modules,physics_engines,misc,META,,164,3886,0,,physics_engines/EXTRACTION_SUMMARY.json
extracted_modules,physics_engines,physics,WIRE_CANDIDATE,prism_calc,308,10859,0.333,CamBridgeKitEngine,physics_engines/PRISM_CAM_CUTTING_PARAM_BRIDGE.js
extracted_modules,physics_engines,engine,DUP_KEEP_EXISTING,prism_dev,2747,112554,0.99,CuttingThermalEngine,physics_engines/PRISM_CUTTING_THERMAL_ENGINE.js
extracted_modules,physics_engines,engine,DUP_KEEP_EXISTING,prism_dev,463,18664,0.99,HeatTransferEngine,physics_engines/PRISM_HEAT_TRANSFER_ENGINE.js
extracted_modules,physics_engines,material,STUB,,23,556,0,,physics_engines/PRISM_MATERIAL_ALIASES.js
extracted_modules,physics_engines,engine,PARTIAL_OVERLAP,prism_dev,225,9736,0.667,SimulationEngine,physics_engines/PRISM_MATERIAL_SIMULATION_ENGINE.js
extracted_modules,physics_engines,physics,WIRE_CANDIDATE,prism_calc,189,6820,0.25,,physics_engines/PRISM_MFG_PHYSICS.js
extracted_modules,physics_engines,misc,WIRE_CANDIDATE,prism_dev,246,8471,0.5,WEDMWireStressAnalysisEngine,physics_engines/PRISM_STRESS_ANALYSIS.js
extracted_modules,physics_engines,misc,WIRE_CANDIDATE,prism_dev,43,2102,0.333,AdvancedCalculations,physics_engines/PRISM_TAYLOR_ADVANCED.js
extracted_modules,physics_engines,material,WIRE_CANDIDATE,prism_data,273,12109,0.2,,physics_engines/PRISM_UNIFIED_MATERIAL_ACCESS.js
extracted_modules,physics_engines,physics,STUB,,26,1141,0,,physics_engines/PRISM_WAVELET_CHATTER.js
extracted_modules,priority_extraction,misc,META,,26,962,0,,priority_extraction/EXTRACTION_SUMMARY.json
extracted_modules,priority_extraction,engine,PARTIAL_OVERLAP,prism_dev,102,4598,0.75,ToolpathStrategyEngine,priority_extraction/PRISM_3D_TOOLPATH_STRATEGY_ENGINE.js
extracted_modules,priority_extraction,engine,WIRE_CANDIDATE,prism_dev,176,7061,0.5,AdaptiveCalibrationEngine,priority_extraction/PRISM_ADAPTIVE_HSM_ENGINE.js
extracted_modules,priority_extraction,engine,DUP_KEEP_EXISTING,prism_dev,397,16626,0.99,ChatterPredictionEngine,priority_extraction/PRISM_CHATTER_PREDICTION_ENGINE.js
extracted_modules,priority_extraction,cam,WIRE_CANDIDATE,prism_cam,283,11661,0.2,,priority_extraction/PRISM_COMPREHENSIVE_CAM_STRATEGIES.js
extracted_modules,priority_extraction,material,WIRE_CANDIDATE,prism_data,53,1797,0,,priority_extraction/PRISM_CONSOLIDATED_MATERIALS.js
extracted_modules,priority_extraction,database,DATABASE,prism_data,508,20033,0.25,,priority_extraction/PRISM_CONTROLLER_DATABASE.js
extracted_modules,priority_extraction,engine,WIRE_CANDIDATE,prism_dev,225,6794,0.5,WorkCoordinateEngine,priority_extraction/PRISM_COORDINATE_TRANSFORM_ENGINE.js
extracted_modules,priority_extraction,engine,DUP_KEEP_EXISTING,prism_dev,865,35132,0.99,CuttingMechanicsEngine,priority_extraction/PRISM_CUTTING_MECHANICS_ENGINE.js
extracted_modules,priority_extraction,database,DATABASE,prism_data,1040,55645,0.4,ToolDatabaseBridgeEngine,priority_extraction/PRISM_CUTTING_TOOL_DATABASE_V2.js
extracted_modules,priority_extraction,cam,WIRE_CANDIDATE,prism_cam,202,7739,0.2,,priority_extraction/PRISM_EXPANDED_POST_PROCESSORS.js
extracted_modules,priority_extraction,cam,WIRE_CANDIDATE,prism_cam,1446,63720,0.4,MillingHybridStrategySynthesizer,priority_extraction/PRISM_HYBRID_TOOLPATH_SYNTHESIZER.js
extracted_modules,priority_extraction,database,DATABASE,prism_data,150,7850,0.5,JohnsonCookEngine,priority_extraction/PRISM_JOHNSON_COOK_DATABASE.js
extracted_modules,priority_extraction,engine,DUP_KEEP_EXISTING,prism_dev,380,13829,0.99,MachineKinematicsEngine,priority_extraction/PRISM_MACHINE_KINEMATICS_ENGINE.js
extracted_modules,priority_extraction,database,DATABASE,prism_data,71,2678,0.2,,priority_extraction/PRISM_MACHINING_PROCESS_DATABASE.js
extracted_modules,priority_extraction,database,DATABASE,prism_data,429,33583,0.143,,priority_extraction/PRISM_STEEL_ENDMILL_DB_V2.js
extracted_modules,priority_extraction,database,DATABASE,prism_data,56,2754,0.5,SurfaceFinishEngine,priority_extraction/PRISM_SURFACE_FINISH_LOOKUP.js
extracted_modules,priority_extraction,physics,WIRE_CANDIDATE,prism_calc,197,6992,0.5,InverseThermalCompensationEngine,priority_extraction/PRISM_THERMAL_COMPENSATION.js
extracted_modules,priority_extraction,database,DATABASE,prism_data,38,1885,0.25,,priority_extraction/PRISM_THREADING_LOOKUP.js
extracted_modules,priority_extraction,misc,WIRE_CANDIDATE,prism_dev,156,6211,0.25,,priority_extraction/PRISM_TOLERANCE_ANALYSIS_ENHANCED.js
extracted_modules,SKILL_CONVERSION_PLAN.md,misc,META,,220,6489,0,,SKILL_CONVERSION_PLAN.md
extracted_modules,stubs,ai_ml,STUB,,18,398,0,,stubs/PRISM_AI_BACKGROUND_COORDINATOR.js
extracted_modules,stubs,misc,STUB,,18,370,0,,stubs/PRISM_DATA_TABLE.js
extracted_modules,stubs,misc,STUB,,18,410,0,,stubs/PRISM_MASTER_SYSTEM_ORCHESTRATOR_V823.js
extracted_modules,stubs,ai_ml,STUB,,18,462,0,,stubs/PRISM_MASTER_SYSTEM_ORCHESTRATOR_V823_AI.js
extracted_modules,stubs,misc,STUB,,18,376,0,,stubs/PRISM_NUMERIC_INPUT.js
extracted_modules,stubs,misc,STUB,,18,378,0,,stubs/PRISM_PROPERTY_PANEL.js
extracted_modules,stubs,misc,STUB,,18,368,0,,stubs/PRISM_TREE_VIEW.js
extracted_modules,stubs,util,STUB,,18,391,0,,stubs/PRISM_UTILIZATION_ROADMAP.js
extracted_modules,stubs,misc,STUB,,18,374,0,,stubs/PRISM_VIRTUAL_LIST.js
extracted_modules,ULTRA,engine,PARTIAL_OVERLAP,prism_dev,62047,2435114,0.75,StepImportEngine,ULTRA/PRISM_BATCH_STEP_IMPORT_ENGINE.js
extracted_modules,ULTRA,cam,WIRE_CANDIDATE,prism_cam,61602,2258708,0.25,,ULTRA/PRISM_CAM_WORKFLOW.js
extracted_modules,ULTRA,misc,WIRE_CANDIDATE,prism_dev,91769,3262565,0.25,,ULTRA/PRISM_CUSTOMER_MANAGER.js
extracted_modules,ULTRA,physics,WIRE_CANDIDATE,prism_calc,59132,2703395,0.25,,ULTRA/PRISM_CUTTING_TOOL_EXPANSION_V3.js
extracted_modules,ULTRA,misc,WIRE_CANDIDATE,prism_dev,115880,3148788,0,,ULTRA/PRISM_EKF.js
extracted_modules,ULTRA,engine,WIRE_CANDIDATE,prism_dev,101926,2522442,0.333,A2AProtocolEngine,ULTRA/PRISM_EKF_ENGINE.js
extracted_modules,ULTRA,database,DATABASE,prism_data,321,4204027,0.2,,ULTRA/PRISM_EMBEDDED_PARTS_DATABASE.js
extracted_modules,ULTRA,geometry,WIRE_CANDIDATE,prism_cad,66508,2566504,0.25,,ULTRA/PRISM_ENHANCED_CAD_KERNEL.js
extracted_modules,ULTRA,geometry,WIRE_CANDIDATE,prism_cad,1157,4343123,0.333,CadCamHandoffEngine,ULTRA/PRISM_EXPANDED_CAD_CAM_LIBRARY.js
extracted_modules,ULTRA,database,DATABASE,prism_data,62732,2489415,0.25,,ULTRA/PRISM_FIXTURE_DATABASE.js
extracted_modules,ULTRA,database,DATABASE,prism_data,73154,2425312,0.5,ManufacturerCatalogAIEngine,ULTRA/PRISM_MANUFACTURER_CATALOG_DB.js
extracted_modules,ULTRA,misc,WIRE_CANDIDATE,prism_dev,105609,2664912,0,,ULTRA/PRISM_NURBS_100.js
extracted_modules,ULTRA,engine,WIRE_CANDIDATE,prism_dev,54424,2348866,0.5,EDMCuttingParamFlushEngine,ULTRA/PRISM_PARAM_ENGINE.js
extracted_modules,ULTRA,engine,PARTIAL_OVERLAP,prism_dev,55662,2210098,0.667,CADCorpusPatternEngine,ULTRA/PRISM_PATTERN_ENGINE.js
extracted_modules,ULTRA,ai_ml,WIRE_CANDIDATE,prism_ai,146622,4489070,0,,ULTRA/PRISM_PHASE6_DEEPLEARNING.js
extracted_modules,ULTRA,misc,WIRE_CANDIDATE,prism_dev,73971,2943840,0.25,,ULTRA/PRISM_ROUGHING_LOGIC.js
extracted_modules,ULTRA,misc,WIRE_CANDIDATE,prism_dev,91269,2130058,0.25,,ULTRA/PRISM_TAYLOR_COMPLETE.js