{
  "category": "X_SPECIALTY",
  "subcategory": "aluminum",
  "material_count": 2,
  "generated": "2026-01-26T10:23:20.889050",
  "materials": [
    {
      "iso_group": "X",
      "material_type": "aluminum",
      "iso_p_equivalent": "N",
      "physical": {
        "density": 2811.0744822984,
        "melting_point": 887.5714307953,
        "boiling_point": 1538.4571539358,
        "liquidus_temperature": 905.3228676351,
        "solidus_temperature": 843.1928684794,
        "latent_heat_fusion": 348.3516585755,
        "specific_heat": 542.857154081,
        "thermal_conductivity": 238.4737606976,
        "thermal_expansion": 11.1233343472,
        "electrical_resistivity": 4.9965832105,
        "magnetic_permeability": 1.0000152239,
        "poisson_ratio": 0.3973056012,
        "elastic_modulus": 318.4249256488,
        "shear_modulus": 74.0659522898,
        "bulk_modulus": 248.2417774657
      },
      "mechanical": {
        "hardness": {
          "brinell": 512.0879153118,
          "vickers": 537.6923313013,
          "rockwell_c": 41.2088127551,
          "rockwell_b": null
        },
        "tensile_strength": {
          "typical": 1258.0219822459,
          "min": 1132.2198072452,
          "max": 1383.8242046944
        },
        "yield_strength": {
          "typical": 669.6547834656,
          "min": 602.6893303429,
          "max": 736.6202880361
        },
        "elongation": 7.2637424876,
        "reduction_of_area": 9.4428924578,
        "impact_strength": 39.2063774302,
        "fatigue_strength": 503.2088221223,
        "fracture_toughness": 51.6972219211,
        "compressive_strength": 1383.8242116944,
        "true_fracture_stress": 2012.8352038173,
        "true_fracture_strain": 0.0944618762,
        "strain_rate_sensitivity": 0.0119511958
      },
      "kienzle": {
        "kc1_1": 1211.8288880006,
        "mc": 0.2335527074,
        "kc1_1_milling": 1036.5560152506,
        "mc_milling": 0.2458404217,
        "kc1_1_drilling": 885.5182189323,
        "mc_drilling": 0.1876006635
      },
      "johnson_cook": {
        "A": 669.6548246895,
        "B": 1470.9180391747,
        "n": 0.3333765572,
        "C": 0.0257694986,
        "m": 0.6905214144,
        "T_melt": 887.5714770192,
        "T_ref": 298.7118909357,
        "epsilon_dot_ref": 0.0010380896
      },
      "taylor": {
        "C": 877.5751509952,
        "n": 0.1660453399,
        "C_carbide": 1997.3176352162,
        "n_carbide": 0.3679496598,
        "C_ceramic": 1687.9828752151,
        "n_ceramic": 0.4182959821,
        "C_cbn": null,
        "n_cbn": null
      },
      "chip_formation": {
        "chip_type": "segmented",
        "chip_breaking": "moderate",
        "shear_angle": 24.3583027165,
        "chip_compression_ratio": 2.3242340545,
        "built_up_edge_tendency": "high",
        "segmentation_frequency": 6916.9719761958,
        "min_chip_thickness": 0.019167672,
        "edge_radius_sensitivity": 0.801160125
      },
      "tribology": {
        "friction_coefficient": 0.5385237624,
        "friction_coefficient_dry": 0.585179219,
        "friction_coefficient_flood": 0.173141147,
        "friction_coefficient_mql": 0.2376476415,
        "wear_coefficient": 4.0829722319,
        "adhesion_tendency": "high",
        "abrasiveness": "moderate",
        "galling_tendency": "low",
        "crater_wear_coefficient": 6.7223900347253e-05,
        "flank_wear_coefficient": 6.8223902190476e-05
      },
      "thermal_machining": {
        "thermal_diffusivity": 86.6777249016,
        "heat_partition_coefficient": 0.3225366464,
        "critical_temperature": 355.028643542,
        "recrystallization_temperature": 310.6500730023,
        "phase_transformation_temperature": null,
        "maximum_cutting_temperature": 576.9215042408,
        "emissivity": 0.499135053,
        "heat_transfer_coefficient": 4599.5116757355
      },
      "surface_integrity": {
        "residual_stress_tendency": "compressive",
        "work_hardening_depth": 0.1027146488,
        "white_layer_risk": "low",
        "surface_roughness_achievable": 0.2953571926,
        "burr_formation_tendency": "low",
        "microstructure_sensitivity": "moderate",
        "minimum_uncut_chip_thickness": 0.0103985157,
        "ploughing_force_coefficient": 0.3185051323
      },
      "machinability": {
        "aisi_rating": 151.2232562375,
        "relative_to_1212": 1.7575929424,
        "machinability_index": 2.9292677548,
        "power_constant": 1.0242600545,
        "unit_power": 0.0171548211
      },
      "cutting_recommendations": {
        "turning": {
          "speed_roughing": 248.2418444657,
          "speed_finishing": 138.4127856366,
          "feed_roughing": 0.2268769907,
          "feed_finishing": 0.0558401397,
          "doc_roughing": 5.0269522508,
          "doc_finishing": 0.534157158
        },
        "milling": {
          "speed_roughing": 348.4616306854,
          "speed_finishing": 393.8950871189,
          "feed_per_tooth_roughing": 0.0685557624,
          "feed_per_tooth_finishing": 0.0301172019,
          "doc_roughing": 1.9000962239,
          "doc_finishing": 0.3473499712,
          "woc_roughing": 0.7762887001,
          "woc_finishing": 0.2214545353
        },
        "drilling": {
          "speed": 78.9866692105,
          "feed_per_rev": 0.1996982935,
          "peck_depth_ratio": 0.2512865951
        },
        "tool_material": {
          "recommended_grade": "CBN",
          "coating_recommendation": "DLC",
          "geometry_recommendation": "Positive rake"
        },
        "coolant": {
          "type": "Flood emulsion",
          "pressure": 98.2833755072,
          "flow_rate": 38.553217777
        }
      },
      "process_specific": {
        "grinding_ratio": 15.2418635301,
        "edm_machinability": 55.2308754547,
        "laser_absorptivity": 0.5965907404,
        "weldability_rating": "excellent"
      },
      "_gen_v5": {
        "complete": true,
        "params": 127,
        "uid": 2239
      },
      "name": "PM Aluminum 201AB",
      "category": "PM"
    },
    {
      "iso_group": "X",
      "material_type": "aluminum",
      "iso_p_equivalent": "N",
      "physical": {
        "density": 2679.1575103815,
        "melting_point": 904.2571450811,
        "boiling_point": 1557.2213471781,
        "liquidus_temperature": 922.3422962067,
        "solidus_temperature": 859.044297051,
        "latent_heat_fusion": 462.7838930079,
        "specific_heat": 523.95605518,
        "thermal_conductivity": 63.3333455573,
        "thermal_expansion": 17.7045309285,
        "electrical_resistivity": 9.0380972521,
        "magnetic_permeability": 1.000015224,
        "poisson_ratio": 0.3985876526,
        "elastic_modulus": 150.0244372484,
        "shear_modulus": 110.9523991764,
        "bulk_modulus": 154.0293232533
      },
      "mechanical": {
        "hardness": {
          "brinell": 393.4065966306,
          "vickers": 413.0769466861,
          "rockwell_c": 29.3406808871,
          "rockwell_b": null
        },
        "tensile_strength": {
          "typical": 1673.4065976306,
          "min": 1506.0659610915,
          "max": 1840.7472816177
        },
        "yield_strength": {
          "typical": 1244.4710142824,
          "min": 1120.0239380782,
          "max": 1368.9181419346
        },
        "elongation": 38.2405434645,
        "reduction_of_area": 49.7127337279,
        "impact_strength": 187.3382455622,
        "fatigue_strength": 669.3626682762,
        "fracture_toughness": 44.4444746684,
        "compressive_strength": 1840.7472886177,
        "true_fracture_stress": 2677.450588433,
        "true_fracture_strain": 0.497160289,
        "strain_rate_sensitivity": 0.019081843
      },
      "kienzle": {
        "kc1_1": 619.5938091701,
        "mc": 0.2763365903,
        "kc1_1_milling": 702.9441318629,
        "mc_milling": 0.2873788833,
        "kc1_1_drilling": 1012.9043398138,