{
  "category": "X_SPECIALTY",
  "subcategory": "austenitic",
  "material_count": 4,
  "generated": "2026-01-26T10:23:20.890459",
  "materials": [
    {
      "iso_group": "X",
      "material_type": "stainless",
      "iso_p_equivalent": "M",
      "physical": {
        "density": 7839.8779011057,
        "melting_point": 1691.5348007626,
        "boiling_point": 2742.5995944472,
        "liquidus_temperature": 1725.3655050057,
        "solidus_temperature": 1606.9580699523,
        "latent_heat_fusion": 464.9084351362,
        "specific_heat": 448.9377401655,
        "thermal_conductivity": 396.813199041,
        "thermal_expansion": 26.1843844122,
        "electrical_resistivity": 0.8964611142,
        "magnetic_permeability": 360.2185744464,
        "poisson_ratio": 0.3176719055,
        "elastic_modulus": 199.7436069714,
        "shear_modulus": 56.2271244549,
        "bulk_modulus": 257.5458067736
      },
      "mechanical": {
        "hardness": {
          "brinell": 263.2478664757,
          "vickers": 276.4102800273,
          "rockwell_c": 16.3248078754,
          "rockwell_b": null
        },
        "tensile_strength": {
          "typical": 1070.3296745575,
          "min": 963.2967303296,
          "max": 1177.3626662411
        },
        "yield_strength": {
          "typical": 701.8435319975,
          "min": 631.6592040256,
          "max": 772.0279114251
        },
        "elongation": 7.4591026869,
        "reduction_of_area": 9.6968607208,
        "impact_strength": 157.7900160178,
        "fatigue_strength": 428.1318990508,
        "fracture_toughness": 114.6764649042,
        "compressive_strength": 1177.3626732411,
        "true_fracture_stress": 1712.5275115198,
        "true_fracture_strain": 0.0970015627,
        "strain_rate_sensitivity": 0.0571648749
      },
      "kienzle": {
        "kc1_1": 1317.2904305164,
        "mc": 0.1871058249,
        "kc1_1_milling": 1105.0785809846,
        "mc_milling": 0.2270711948,
        "kc1_1_drilling": 1609.231997012,
        "mc_drilling": 0.1884602522
      },
      "johnson_cook": {
        "A": 701.8435732253,
        "B": 921.2153986278,
        "n": 0.2214107492,
        "C": 0.045195632,
        "m": 0.5652955331,
        "T_melt": 1691.5348469904,
        "T_ref": 302.6703768981,
        "epsilon_dot_ref": 0.0022429775
      },
      "taylor": {
        "C": 120.7486562816,
        "n": 0.3296595074,
        "C_carbide": 302.8859473284,
        "n_carbide": 0.2848727406,
        "C_ceramic": 345.2393810911,
        "n_ceramic": 0.4276000153,
        "C_cbn": null,
        "n_cbn": null
      },
      "chip_formation": {
        "chip_type": "segmented",
        "chip_breaking": "moderate",
        "shear_angle": 24.4755188399,
        "chip_compression_ratio": 1.8265539608,
        "built_up_edge_tendency": "high",
        "segmentation_frequency": 52130.6471898749,
        "min_chip_thickness": 0.0100541228,
        "edge_radius_sensitivity": 0.5224788102
      },
      "tribology": {
        "friction_coefficient": 0.3643357321,
        "friction_coefficient_dry": 0.5434698212,
        "friction_coefficient_flood": 0.261297439,
        "friction_coefficient_mql": 0.2388198066,
        "wear_coefficient": 1.1650575964,
        "adhesion_tendency": "high",
        "abrasiveness": "low",
        "galling_tendency": "high",
        "crater_wear_coefficient": 6.7227800541514e-05,
        "flank_wear_coefficient": 6.8227801407814e-05
      },
      "thermal_machining": {
        "thermal_diffusivity": 146.0550142827,
        "heat_partition_coefficient": 0.6237576515,
        "critical_temperature": 676.6139915328,
        "recrystallization_temperature": 592.0372524947,
        "phase_transformation_temperature": 845.7674736091,
        "maximum_cutting_temperature": 1099.4976947235,
        "emissivity": 0.2121265099,
        "heat_transfer_coefficient": 20960.9280371558
      },
      "surface_integrity": {
        "residual_stress_tendency": "neutral",
        "work_hardening_depth": 0.1046682547,
        "white_layer_risk": "low",
        "surface_roughness_achievable": 0.479948353,
        "burr_formation_tendency": "low",
        "microstructure_sensitivity": "moderate",
        "minimum_uncut_chip_thickness": 0.0050896063,
        "ploughing_force_coefficient": 0.1998238175
      },
      "machinability": {
        "aisi_rating": 38.0267505203,
        "relative_to_1212": 0.5129068968,
        "machinability_index": 0.8547910095,
        "power_constant": 1.4479474934,
        "unit_power": 0.0242162822
      },
      "cutting_recommendations": {
        "turning": {
          "speed_roughing": 257.5458737736,
          "speed_finishing": 375.5800628078,
          "feed_roughing": 0.4787939665,
          "feed_finishing": 0.1914811692,
          "doc_roughing": 2.7485639763,
          "doc_finishing": 0.3483696161
        },
        "milling": {
          "speed_roughing": 174.2735965013,
          "speed_finishing": 341.758334986,
          "feed_per_tooth_roughing": 0.1390807968,
          "feed_per_tooth_finishing": 0.0304297821,
          "doc_roughing": 1.228301356,
          "doc_finishing": 0.5416112693,
          "woc_roughing": 0.4632239909,
          "woc_finishing": 0.3402091179
        },
        "drilling": {
          "speed": 199.4750697028,
          "feed_per_rev": 0.0766946344,
          "peck_depth_ratio": 0.7748519225
        },
        "tool_material": {
          "recommended_grade": "Coated carbide",
          "coating_recommendation": "TiAlN",
          "geometry_recommendation": "Neutral"
        },
        "coolant": {
          "type": "Flood emulsion",
          "pressure": 47.8486990764,
          "flow_rate": 23.7180529457
        }
      },
      "process_specific": {
        "grinding_ratio": 10.2650625573,
        "edm_machinability": 46.9060891338,
        "laser_absorptivity": 0.6151988029,
        "weldability_rating": "good"
      },
      "_gen_v5": {
        "complete": true,
        "params": 127,
        "uid": 2278
      },
      "name": "PM SS 316L",
      "category": "PM"
    },
    {
      "iso_group": "X",
      "material_type": "stainless",
      "iso_p_equivalent": "M",
      "physical": {
        "density": 7801.9780232059,
        "melting_point": 1767.481076709,
        "boiling_point": 3528.0562516771,
        "liquidus_temperature": 1802.8307064711,
        "solidus_temperature": 1679.1070321014,
        "latent_heat_fusion": 365.5677757957,
        "specific_heat": 921.6117328396,
        "thermal_conductivity": 62.5519047798,
        "thermal_expansion": 18.7606969886,
        "electrical_resistivity": 0.3689885869,
        "magnetic_permeability": 439.3394535673,
        "poisson_ratio": 0.3159136638,
        "elastic_modulus": 169.0720562999,
        "shear_modulus": 148.2417764697,
        "bulk_modulus": 193.0769423048
      },
      "mechanical": {
        "hardness": {
          "brinell": 364.2246674526,
          "vickers": 382.4359210531,
          "rockwell_c": 26.4224879732,
          "rockwell_b": null
        },
        "tensile_strength": {
          "typical": 1457.5824218103,
          "min": 1311.8242028572,
          "max": 1603.3406882192
        },
        "yield_strength": {
          "typical": 981.3142562193,
          "min": 883.1828558253,
          "max": 1079.4457080691
        },
        "elongation": 9.1929244208,
        "reduction_of_area": 11.9508289749,
        "impact_strength": 31.5873298152,
        "fatigue_strength": 583.032997952,
        "fracture_toughness": 117.2649874929,
        "compressive_strength": 1603.3406952192,
        "true_fracture_stress": 2332.1319071244,
        "true_fracture_strain": 0.1195412454,
        "strain_rate_sensitivity": 0.0419389898
      },
      "kienzle": {
        "kc1_1": 1708.6940218454,
        "mc": 0.3389983769,
        "kc1_1_milling": 1731.2457123515,
        "mc_milling": 0.2657964697,
        "kc1_1_drilling": 2296.7011751809,